tradeDate,ACCA_HS300,ACD20_HS300,ACD6_HS300,AD20_HS300,AD6_HS300,ADTM_HS300,ADXR_HS300,ADX_HS300,AD_HS300,Alpha120_HS300,Alpha20_HS300,Alpha60_HS300,APBMA_HS300,ARBR_HS300,ARC_HS300,AroonDown_HS300,AroonUp_HS300,Aroon_HS300,AR_HS300,ASI_HS300,ASSI_HS300,ATR14_HS300,ATR6_HS300,BackwardADJ_HS300,BBIC_HS300,BBI_HS300,BearPower_HS300,Beta120_HS300,Beta20_HS300,Beta252_HS300,Beta60_HS300,BIAS10_HS300,BIAS20_HS300,BIAS5_HS300,BIAS60_HS300,BollDown_HS300,BollUp_HS300,BondsPayableToAsset_HS300,BR_HS300,CapitalSurplusFundPS_HS300,CashEquivalentPS_HS300,CashFlowPS_HS300,CashRateOfSalesLatest_HS300,CashRateOfSales_HS300,CCI10_HS300,CCI20_HS300,CCI5_HS300,CCI88_HS300,CETOP_HS300,CFO2EV_HS300,ChaikinOscillator_HS300,ChaikinVolatility_HS300,ChandeSD_HS300,ChandeSU_HS300,CMO_HS300,CmraCNE5_HS300,CoppockCurve_HS300,CostTTM_HS300,CR20_HS300,CTOP_HS300,DASTD_HS300,DAVOL10_HS300,DAVOL20_HS300,DAVOL5_HS300,DBCD_HS300,DDI_HS300,DDNBT_HS300,DDNCR_HS300,DDNSR_HS300,DEA_HS300,DebtEquityRatio_HS300,DebtsAssetRatio_HS300,DEGM_HS300,DHILO_HS300,DIFF_HS300,DIF_HS300,DIZ_HS300,DownRVI_HS300,EARNMOM_HS300,EGRO_HS300,Elder_HS300,EMA10_HS300,EMA120_HS300,EMA12_HS300,EMA20_HS300,EMA26_HS300,EMA5_HS300,EMA60_HS300,EMV14_HS300,EMV6_HS300,EPSTTM_HS300,EPS_HS300,EquityFixedAssetRatio_HS300,EquityToAsset_HS300,EquityTRate_HS300,ETOP_HS300,FiftyTwoWeekHigh_HS300,FinancingCashGrowRate_HS300,FixAssetRatio_HS300,FixedAssetsTRate_HS300,ForwardPE_HS300,GainLossVarianceRatio120_HS300,GainLossVarianceRatio20_HS300,GainLossVarianceRatio60_HS300,GainVariance120_HS300,GainVariance20_HS300,GainVariance60_HS300,GREV_HS300,GrossIncomeRatio_HS300,HBETA_HS300,HsigmaCNE5_HS300,HSIGMA_HS300,Hurst_HS300,ILLIQUIDITY_HS300,InformationRatio120_HS300,InformationRatio20_HS300,InformationRatio60_HS300,InvestCashGrowRate_HS300,JDQS20_HS300,KDJ_D_HS300,KDJ_J_HS300,KDJ_K_HS300,KlingerOscillator_HS300,Kurtosis120_HS300,Kurtosis20_HS300,Kurtosis60_HS300,LCAP_HS300,LFLO_HS300,LongDebtToAsset_HS300,LossVariance120_HS300,LossVariance20_HS300,LossVariance60_HS300,MA10Close_HS300,MA10_HS300,MA120_HS300,MA20_HS300,MA5_HS300,MA60_HS300,MACD_HS300,MassIndex_HS300,MAWVAD_HS300,minusDI_HS300,MktValue_HS300,MoneyFlow20_HS300,MTMMA_HS300,MTM_HS300,NetAssetGrowRate_HS300,NetAssetPS_HS300,NetCashFlowGrowRate_HS300,NetFinanceCFTTM_HS300,NetInvestCFTTM_HS300,NetNonOIToTPLatest_HS300,NetOperateCFTTM_HS300,NetProfitAPTTM_HS300,NetProfitCashCover_HS300,NetProfitGrowRate_HS300,NetProfitRatio_HS300,NIAPCut_HS300,NIAP_HS300,NLSIZE_HS300,NOCFToOperatingNILatest_HS300,NOCFToOperatingNI_HS300,NOCFToTLiability_HS300,NonOperatingNPTTM_HS300,NPCutToNP_HS300,NPFromOperatingTTM_HS300,NPParentCompanyCutYOY_HS300,NPParentCompanyGrowRate_HS300,NPToTOR_HS300,NRProfitLoss_HS300,NVI_HS300,OBV20_HS300,OBV6_HS300,OBV_HS300,OperateNetIncome_HS300,OperateProfitTTM_HS300,OperatingNIToTPLatest_HS300,OperatingProfitGrowRate_HS300,OperatingProfitPSLatest_HS300,OperatingProfitPS_HS300,OperatingProfitRatio_HS300,OperatingProfitToTOR_HS300,OperatingRevenueGrowRate_HS300,OperatingRevenuePSLatest_HS300,OperatingRevenuePS_HS300,OperCashFlowPS_HS300,OperCashGrowRate_HS300,OperCashInToAsset_HS300,PB_HS300,PCF_HS300,PEHist120_HS300,PEHist20_HS300,PEHist250_HS300,PEHist60_HS300,PE_HS300,plusDI_HS300,Price1M_HS300,Price1Y_HS300,Price3M_HS300,PSIndu_HS300,PSY_HS300,PS_HS300,PVI_HS300,PVT12_HS300,PVT6_HS300,PVT_HS300,Rank1M_HS300,RC12_HS300,RC24_HS300,RealizedVolatility_HS300,RetainedEarningsPS_HS300,RetainedEarnings_HS300,RevenueTTM_HS300,REVS10_HS300,REVS20Indu1_HS300,REVS20_HS300,REVS5Indu1_HS300,REVS5m20_HS300,REVS5m60_HS300,REVS5_HS300,REVS60_HS300,ROA_HS300,ROC20_HS300,ROC6_HS300,ROEAvg_HS300,ROEDiluted_HS300,ROE_HS300,ROIC_HS300,RSI_HS300,RSTR12_HS300,RSTR24_HS300,RSTR504_HS300,RVI_HS300,SalesCostRatio_HS300,SaleServiceCashToOR_HS300,SaleServiceRenderCashTTM_HS300,SalesServiceCashToORLatest_HS300,SBM_HS300,SGRO_HS300,SharpeRatio120_HS300,SharpeRatio20_HS300,SharpeRatio60_HS300,Skewness_HS300,SRMI_HS300,StaticPE_HS300,STM_HS300,STOA_HS300,STOM_HS300,STOQ_HS300,SUE_HS300,SUOI_HS300,TA2EV_HS300,TaxRatio_HS300,TCostTTM_HS300,TEAP_HS300,TEMA10_HS300,TEMA5_HS300,TORPSLatest_HS300,TORPS_HS300,TotalAssetGrowRate_HS300,TotalAssetsTRate_HS300,TotalAssets_HS300,TotalProfitCostRatio_HS300,TotalProfitGrowRate_HS300,TProfitTTM_HS300,TRevenueTTM_HS300,TreynorRatio120_HS300,TreynorRatio20_HS300,TreynorRatio60_HS300,TRIX10_HS300,TRIX5_HS300,TVMA20_HS300,TVMA6_HS300,TVSTD20_HS300,TVSTD6_HS300,Ulcer10_HS300,Ulcer5_HS300,UndividedProfitPS_HS300,UOS_HS300,UpRVI_HS300,Variance120_HS300,Variance20_HS300,Variance60_HS300,VDEA_HS300,VDIFF_HS300,VEMA10_HS300,VEMA12_HS300,VEMA26_HS300,VEMA5_HS300,VMACD_HS300,VOL10_HS300,VOL120_HS300,VOL20_HS300,VOL240_HS300,VOL5_HS300,VOL60_HS300,Volatility_HS300,Volumn1M_HS300,Volumn3M_HS300,VOSC_HS300,VROC12_HS300,VROC6_HS300,VR_HS300,VSTD10_HS300,VSTD20_HS300,WVAD_HS300,close,open,high,low,volume,amount
2022-10-10,,,,,,,,,,,,,,,,,,,,,,,,,,,,,,,,,,,,,,,,,,,,,,,,,,,,,,,,,,,,,,,,,,,,,,,,,,,,,,,,,,,,,,,,,,,,,,,,,,,,,,,,,,,,,,,,,,,,,,,,,,,,,,,,,,,,,,,,,,,,,,,,,,,,,,,,,,,,,,,,,,,,,,,,,,,,,,,,,,,,,,,,,,,,,,,,,,,,,,,,,,,,,,,,,,,,,,,,,,,,,,,,,,,,,,,,,,,,,,,,,,,,,,,,,,,,,,,,,,,,,,,,,,,,,,,,,,,,,,,,,,,,,,,,,,,,,,,,,,,,,,,,,,,8.957,9.234,9.264,8.907,3551690.0,32416184.1
2022-10-11,,,,,,,,,,,,,,,,,,,,,,,,,,,,,,,,,,,,,,,,,,,,,,,,,,,,,,,,,,,,,,,,,,,,,,,,,,,,,,,,,,,,,,,,,,,,,,,,,,,,,,,,,,,,,,,,,,,,,,,,,,,,,,,,,,,,,,,,,,,,,,,,,,,,,,,,,,,,,,,,,,,,,,,,,,,,,,,,,,,,,,,,,,,,,,,,,,,,,,,,,,,,,,,,,,,,,,,,,,,,,,,,,,,,,,,,,,,,,,,,,,,,,,,,,,,,,,,,,,,,,,,,,,,,,,,,,,,,,,,,,,,,,,,,,,,,,,,,,,,,,,,,,,,9.046,8.947,9.085,8.847,2978400.0,26984059.0
2022-10-12,,,,,,,,,,,,,,,,,,,,,,,,,,,,,,,,,,,,,,,,,,,,,,,,,,,,,,,,,,,,,,,,,,,,,,,,,,,,,,,,,,,,,,,,,,,,,,,,,,,,,,,,,,,,,,,,,,,,,,,,,,,,,,,,,,,,,,,,,,,,,,,,,,,,,,,,,,,,,,,,,,,,,,,,,,,,,,,,,,,,,,,,,,,,,,,,,,,,,,,,,,,,,,,,,,,,,,,,,,,,,,,,,,,,,,,,,,,,,,,,,,,,,,,,,,,,,,,,,,,,,,,,,,,,,,,,,,,,,,,,,,,,,,,,,,,,,,,,,,,,,,,,,,,9.333,9.056,9.343,8.937,3811400.0,35045960.0
2022-10-13,,,,,,,,,,,,,,,,,,,,,,,,,,,,,,,,,,,,,,,,,,,,,,,,,,,,,,,,,,,,,,,,,,,,,,,,,,,,,,,,,,,,,,,,,,,,,,,,,,,,,,,,,,,,,,,,,,,,,,,,,,,,,,,,,,,,,,,,,,,,,,,,,,,,,,,,,,,,,,,,,,,,,,,,,,,,,,,,,,,,,,,,,,,,,,,,,,,,,,,,,,,,,,,,,,,,,,,,,,,,,,,,,,,,,,,,,,,,,,,,,,,,,,,,,,,,,,,,,,,,,,,,,,,,,,,,,,,,,,,,,,,,,,,,,,,,,,,,,,,,,,,,,,,9.452,9.264,9.571,9.244,4011660.0,38148246.2
2022-10-14,,,,,,,,,,,,,,,,,,,,,,,,,,,,,,,,,,,,,,,,,,,,,,,,,,,,,,,,,,,,,,,,,,,,,,,,,,,,,,,,,,,,,,,,,,,,,,,,,,,,,,,,,,,,,,,,,,,,,,,,,,,,,,,,,,,,,,,,,,,,,,,,,,,,,,,,,,,,,,,,,,,,,,,,,,,,,,,,,,,,,,,,,,,,,,,,,,,,,,,,,,,,,,,,,,,,,,,,,,,,,,,,,,,,,,,,,,,,,,,,,,,,,,,,,,,,,,,,,,,,,,,,,,,,,,,,,,,,,,,,,,,,,,,,,,,,,,,,,,,,,,,,,,,9.631,9.482,9.681,9.462,3367050.0,32663015.9
2022-10-17,,,,,,,,,,,,,,,,,,,,,,,,,,,,,,,,,,,,,,,,,,,,,,,,,,,,,,,,,,,,,,,,,,,,,,,,,,,,,,,,,,,,,,,,,,,,,,,,,,,,,,,,,,,,,,,,,,,,,,,,,,,,,,,,,,,,,,,,,,,,,,,,,,,,,,,,,,,,,,,,,,,,,,,,,,,,,,,,,,,,,,,,,,,,,,,,,,,,,,,,,,,,,,,,,,,,,,,,,,,,,,,,,,,,,,,,,,,,,,,,,,,,,,,,,,,,,,,,,,,,,,,,,,,,,,,,,,,,,,,,,,,,,,,,,,,,,,,,,,,,,,,,,,,9.978,9.691,9.988,9.601,5452500.0,54264538.0
2022-10-18,,,,,,,,,,,,,,,,,,,,,,,,,,,,,,,,,,,,,,,,,,,,,,,,,,,,,,,,,,,,,,,,,,,,,,,,,,,,,,,,,,,,,,,,,,,,,,,,,,,,,,,,,,,,,,,,,,,,,,,,,,,,,,,,,,,,,,,,,,,,,,,,,,,,,,,,,,,,,,,,,,,,,,,,,,,,,,,,,,,,,,,,,,,,,,,,,,,,,,,,,,,,,,,,,,,,,,,,,,,,,,,,,,,,,,,,,,,,,,,,,,,,,,,,,,,,,,,,,,,,,,,,,,,,,,,,,,,,,,,,,,,,,,,,,,,,,,,,,,,,,,,,,,,9.929,9.988,10.008,9.8,3954460.0,39511504.6
2022-10-19,,,,,,,,,,,,,,,,,,,,,,,,,,,,,,,,,,,,,,,,,,,,,,,,,,,,,,,,,,,,,,,,,,,,,,,,,,,,,,,,,,,,,,,,,,,,,,,,,,,,,,,,,,,,,,,,,,,,,,,,,,,,,,,,,,,,,,,,,,,,,,,,,,,,,,,,,,,,,,,,,,,,,,,,,,,,,,,,,,,,,,,,,,,,,,,,,,,,,,,,,,,,,,,,,,,,,,,,,,,,,,,,,,,,,,,,,,,,,,,,,,,,,,,,,,,,,,,,,,,,,,,,,,,,,,,,,,,,,,,,,,,,,,,,,,,,,,,,,,,,,,,,,,,9.839,9.929,9.948,9.829,2899200.0,28857277.0
2022-10-20,,,,,,,,,,,,,,,,,,,,,,,,,,,,,,,,,,,,,,,,,,,,,,,,,,,,,,,,,,,,,,,,,,,,,,,,,,,,,,,,,,,,,,,,,,,,,,,,,,,,,,,,,,,,,,,,,,,,,,,,,,,,,,,,,,,,,,,,,,,,,,,,,,,,,,,,,,,,,,,,,,,,,,,,,,,,,,,,,,,,,,,,,,,,,,,,,,,,,,,,,,,,,,,,,,,,,,,,,,,,,,,,,,,,,,,,,,,,,,,,,,,,,,,,,,,,,,,,,,,,,,,,,,,,,,,,,,,,,,,,,,,,,,,,,,,,,,,,,,,,,,,,,,,9.869,9.829,9.968,9.691,3375350.0,33460859.0
2022-10-21,,,,,,,,,,,,,,,,,,,,,,,,,,,,,,,,,,,,,,,,,,,,,,,,,,,,,,,,,,,,,,,,,,,,,,,,,,,,,,,,,,,,,,,,,,,,,,,,,,,,,,,,,,,,,,,,,,,,,,,,,,,,,,,,,,,,,,,,,,,,,,,,,,,,,,,,,,,,,,,,,,,,,,,,,,,,,,,,,,,,,,,,,,,,,,,,,,,,,,,,,,,,,,,,,,,,,,,,,,,,,,,,,,,,,,,,,,,,,,,,,,,,,,,,,,,,,,,,,,,,,,,,,,,,,,,,,,,,,,,,,,,,,,,,,,,,,,,,,,,,,,,,,,,9.869,9.899,9.978,9.8,2781250.0,27719227.5
2022-10-24,,,,,,,,,,,,,,,,,,,,,,,,,,,,,,,,,,,,,,,,,,,,,,,,,,,,,,,,,,,,,,,,,,,,,,,,,,,,,,,,,,,,,,,,,,,,,,,,,,,,,,,,,,,,,,,,,,,,,,,,,,,,,,,,,,,,,,,,,,,,,,,,,,,,,,,,,,,,,,,,,,,,,,,,,,,,,,,,,,,,,,,,,,,,,,,,,,,,,,,,,,,,,,,,,,,,,,,,,,,,,,,,,,,,,,,,,,,,,,,,,,,,,,,,,,,,,,,,,,,,,,,,,,,,,,,,,,,,,,,,,,,,,,,,,,,,,,,,,,,,,,,,,,,9.998,9.968,10.305,9.909,7429900.0,75903985.5
2022-10-25,,,,,,,,,,,,,,,,,,,,,,,,,,,,,,,,,,,,,,,,,,,,,,,,,,,,,,,,,,,,,,,,,,,,,,,,,,,,,,,,,,,,,,,,,,,,,,,,,,,,,,,,,,,,,,,,,,,,,,,,,,,,,,,,,,,,,,,,,,,,,,,,,,,,,,,,,,,,,,,,,,,,,,,,,,,,,,,,,,,,,,,,,,,,,,,,,,,,,,,,,,,,,,,,,,,,,,,,,,,,,,,,,,,,,,,,,,,,,,,,,,,,,,,,,,,,,,,,,,,,,,,,,,,,,,,,,,,,,,,,,,,,,,,,,,,,,,,,,,,,,,,,,,,10.137,9.968,10.206,9.899,5966788.0,60699296.6
2022-10-26,,,,,,,,,,,,,,,,,,,,,,,,,,,,,,,,,,,,,,,,,,,,,,,,,,,,,,,,,,,,,,,,,,,,,,,,,,,,,,,,,,,,,,,,,,,,,,,,,,,,,,,,,,,,,,,,,,,,,,,,,,,,,,,,,,,,,,,,,,,,,,,,,,,,,,,,,,,,,,,,,,,,,,,,,,,,,,,,,,,,,,,,,,,,,,,,,,,,,,,,,,,,,,,,,,,,,,,,,,,,,,,,,,,,,,,,,,,,,,,,,,,,,,,,,,,,,,,,,,,,,,,,,,,,,,,,,,,,,,,,,,,,,,,,,,,,,,,,,,,,,,,,,,,10.454,10.137,10.583,9.988,8562638.0,89713596.54
2022-10-27,,,,,,,,,,,,,,,,,,,,,,,,,,,,,,,,,,,,,,,,,,,,,,,,,,,,,,,,,,,,,,,,,,,,,,,,,,,,,,,,,,,,,,,,,,,,,,,,,,,,,,,,,,,,,,,,,,,,,,,,,,,,,,,,,,,,,,,,,,,,,,,,,,,,,,,,,,,,,,,,,,,,,,,,,,,,,,,,,,,,,,,,,,,,,,,,,,,,,,,,,,,,,,,,,,,,,,,,,,,,,,,,,,,,,,,,,,,,,,,,,,,,,,,,,,,,,,,,,,,,,,,,,,,,,,,,,,,,,,,,,,,,,,,,,,,,,,,,,,,,,,,,,,,10.395,10.454,10.544,10.315,4609700.0,48513950.0
2022-10-28,,,,,,,,,,,,,,,,,,,,,,,,,,,,,,,,,,,,,,,,,,,,,,,,,,,,,,,,,,,,,,,,,,,,,,,,,,,,,,,,,,,,,,,,,,,,,,,,,,,,,,,,,,,,,,,,,,,,,,,,,,,,,,,,,,,,,,,,,,,,,,,,,,,,,,,,,,,,,,,,,,,,,,,,,,,,,,,,,,,,,,,,,,,,,,,,,,,,,,,,,,,,,,,,,,,,,,,,,,,,,,,,,,,,,,,,,,,,,,,,,,,,,,,,,,,,,,,,,,,,,,,,,,,,,,,,,,,,,,,,,,,,,,,,,,,,,,,,,,,,,,,,,,,10.196,10.345,10.534,10.157,6435050.0,67357649.5
2022-10-31,,,,,,,,,,,,,,,,,,,,,,,,,,,,,,,,,,,,,,,,,,,,,,,,,,,,,,,,,,,,,,,,,,,,,,,,,,,,,,,,,,,,,,,,,,,,,,,,,,,,,,,,,,,,,,,,,,,,,,,,,,,,,,,,,,,,,,,,,,,,,,,,,,,,,,,,,,,,,,,,,,,,,,,,,,,,,,,,,,,,,,,,,,,,,,,,,,,,,,,,,,,,,,,,,,,,,,,,,,,,,,,,,,,,,,,,,,,,,,,,,,,,,,,,,,,,,,,,,,,,,,,,,,,,,,,,,,,,,,,,,,,,,,,,,,,,,,,,,,,,,,,,,,,10.504,10.177,10.603,10.167,5699200.0,60100856.0
2022-11-01,,,,,,,,,,,,,,,,,,,,,,,,,,,,,,,,,,,,,,,,,,,,,,,,,,,,,,,,,,,,,,,,,,,,,,,,,,,,,,,,,,,,,,,,,,,,,,,,,,,,,,,,,,,,,,,,,,,,,,,,,,,,,,,,,,,,,,,,,,,,,,,,,,,,,,,,,,,,,,,,,,,,,,,,,,,,,,,,,,,,,,,,,,,,,,,,,,,,,,,,,,,,,,,,,,,,,,,,,,,,,,,,,,,,,,,,,,,,,,,,,,,,,,,,,,,,,,,,,,,,,,,,,,,,,,,,,,,,,,,,,,,,,,,,,,,,,,,,,,,,,,,,,,,10.563,10.593,10.603,10.424,5528000.0,58607576.0
2022-11-02,,,,,,,,,,,,,,,,,,,,,,,,,,,,,,,,,,,,,,,,,,,,,,,,,,,,,,,,,,,,,,,,,,,,,,,,,,,,,,,,,,,,,,,,,,,,,,,,,,,,,,,,,,,,,,,,,,,,,,,,,,,,,,,,,,,,,,,,,,,,,,,,,,,,,,,,,,,,,,,,,,,,,,,,,,,,,,,,,,,,,,,,,,,,,,,,,,,,,,,,,,,,,,,,,,,,,,,,,,,,,,,,,,,,,,,,,,,,,,,,,,,,,,,,,,,,,,,,,,,,,,,,,,,,,,,,,,,,,,,,,,,,,,,,,,,,,,,,,,,,,,,,,,,10.593,10.563,10.722,10.484,6934800.0,74121340.5
2022-11-03,,,,,,,,,,,,,,,,,,,,,,,,,,,,,,,,,,,,,,,,,,,,,,,,,,,,,,,,,,,,,,,,,,,,,,,,,,,,,,,,,,,,,,,,,,,,,,,,,,,,,,,,,,,,,,,,,,,,,,,,,,,,,,,,,,,,,,,,,,,,,,,,,,,,,,,,,,,,,,,,,,,,,,,,,,,,,,,,,,,,,,,,,,,,,,,,,,,,,,,,,,,,,,,,,,,,,,,,,,,,,,,,,,,,,,,,,,,,,,,,,,,,,,,,,,,,,,,,,,,,,,,,,,,,,,,,,,,,,,,,,,,,,,,,,,,,,,,,,,,,,,,,,,,10.613,10.484,10.643,10.444,4061600.0,43259062.0
2022-11-04,,,,,,,,,,,,,,,,,,,,,,,,,,,,,,,,,,,,,,,,,,,,,,,,,,,,,,,,,,,,,,,,,,,,,,,,,,,,,,,,,,,,,,,,,,,,,,,,,,,,,,,,,,,,,,,,,,,,,,,,,,,,,,,,,,,,,,,,,,,,,,,,,,,,,,,,,,,,,,,,,,,,,,,,,,,,,,,,,,,,,,,,,,,,,,,,,,,,,,,,,,,,,,,,,,,,,,,,,,,,,,,,,,,,,,,,,,,,,,,,,,,,,,,,,,,,,,,,,,,,,,,,,,,,,,,,,,,,,,,,,,,,,,,,,,,,,,,,,,,,,,,,,,,10.712,10.653,10.752,10.563,5441300.0,58538522.0
2022-11-07,,,,,,,,,,,,,,,,,,,,,,,,,,,,,,,,,,,,,,,,,,,,,,,,,,,,,,,,,,,,,,,,,,,,,,,,,,,,,,,,,,,,,,,,,,,,,,,,,,,,,,,,,,,,,,,,,,,,,,,,,,,,,,,,,,,,,,,,,,,,,,,,,,,,,,,,,,,,,,,,,,,,,,,,,,,,,,,,,,,,,,,,,,,,,,,,,,,,,,,,,,,,,,,,,,,,,,,,,,,,,,,,,,,,,,,,,,,,,,,,,,,,,,,,,,,,,,,,,,,,,,,,,,,,,,,,,,,,,,,,,,,,,,,,,,,,,,,,,,,,,,,,,,,10.613,10.712,10.762,10.563,5774428.0,62104683.28
2022-11-08,,,,,,,,,,,,,,,,,,,,,,,,,,,,,,,,,,,,,,,,,,,,,,,,,,,,,,,,,,,,,,,,,,,,,,,,,,,,,,,,,,,,,,,,,,,,,,,,,,,,,,,,,,,,,,,,,,,,,,,,,,,,,,,,,,,,,,,,,,,,,,,,,,,,,,,,,,,,,,,,,,,,,,,,,,,,,,,,,,,,,,,,,,,,,,,,,,,,,,,,,,,,,,,,,,,,,,,,,,,,,,,,,,,,,,,,,,,,,,,,,,,,,,,,,,,,,,,,,,,,,,,,,,,,,,,,,,,,,,,,,,,,,,,,,,,,,,,,,,,,,,,,,,,10.712,10.573,10.732,10.553,4240800.0,45608787.5
2022-11-09,,,,,,,,,,,,,,,,,,,,,,,,,,,,,,,,,,,,,,,,,,,,,,,,,,,,,,,,,,,,,,,,,,,,,,,,,,,,,,,,,,,,,,,,,,,,,,,,,,,,,,,,,,,,,,,,,,,,,,,,,,,,,,,,,,,,,,,,,,,,,,,,,,,,,,,,,,,,,,,,,,,,,,,,,,,,,,,,,,,,,,,,,,,,,,,,,,,,,,,,,,,,,,,,,,,,,,,,,,,,,,,,,,,,,,,,,,,,,,,,,,,,,,,,,,,,,,,,,,,,,,,,,,,,,,,,,,,,,,,,,,,,,,,,,,,,,,,,,,,,,,,,,,,10.583,10.712,10.762,10.563,3986238.0,42714463.18
2022-11-10,,,,,,,,,,,,,,,,,,,,,,,,,,,,,,,,,,,,,,,,,,,,,,,,,,,,,,,,,,,,,,,,,,,,,,,,,,,,,,,,,,,,,,,,,,,,,,,,,,,,,,,,,,,,,,,,,,,,,,,,,,,,,,,,,,,,,,,,,,,,,,,,,,,,,,,,,,,,,,,,,,,,,,,,,,,,,,,,,,,,,,,,,,,,,,,,,,,,,,,,,,,,,,,,,,,,,,,,,,,,,,,,,,,,,,,,,,,,,,,,,,,,,,,,,,,,,,,,,,,,,,,,,,,,,,,,,,,,,,,,,,,,,,,,,,,,,,,,,,,,,,,,,,,10.395,10.494,10.583,10.365,4576918.0,48169570.68
2022-11-11,,,,,,,,,,,,,,,,,,,,,,,,,,,,,,,,,,,,,,,,,,,,,,,,,,,,,,,,,,,,,,,,,,,,,,,,,,,,,,,,,,,,,,,,,,,,,,,,,,,,,,,,,,,,,,,,,,,,,,,,,,,,,,,,,,,,,,,,,,,,,,,,,,,,,,,,,,,,,,,,,,,,,,,,,,,,,,,,,,,,,,,,,,,,,,,,,,,,,,,,,,,,,,,,,,,,,,,,,,,,,,,,,,,,,,,,,,,,,,,,,,,,,,,,,,,,,,,,,,,,,,,,,,,,,,,,,,,,,,,,,,,,,,,,,,,,,,,,,,,,,,,,,,,10.434,10.553,10.653,10.405,4344709.0,45993227.72
2022-11-14,,,,,,,,,,,,,,,,,,,,,,,,,,,,,,,,,,,,,,,,,,,,,,,,,,,,,,,,,,,,,,,,,,,,,,,,,,,,,,,,,,,,,,,,,,,,,,,,,,,,,,,,,,,,,,,,,,,,,,,,,,,,,,,,,,,,,,,,,,,,,,,,,,,,,,,,,,,,,,,,,,,,,,,,,,,,,,,,,,,,,,,,,,,,,,,,,,,,,,,,,,,,,,,,,,,,,,,,,,,,,,,,,,,,,,,,,,,,,,,,,,,,,,,,,,,,,,,,,,,,,,,,,,,,,,,,,,,,,,,,,,,,,,,,,,,,,,,,,,,,,,,,,,,10.424,10.474,10.603,10.355,3749187.0,39651334.61
2022-11-15,,,,,,,,,,,,,,,,,,,,,,,,,,,,,,,,,,,,,,,,,,,,,,,,,,,,,,,,,,,,,,,,,,,,,,,,,,,,,,,,,,,,,,,,,,,,,,,,,,,,,,,,,,,,,,,,,,,,,,,,,,,,,,,,,,,,,,,,,,,,,,,,,,,,,,,,,,,,,,,,,,,,,,,,,,,,,,,,,,,,,,,,,,,,,,,,,,,,,,,,,,,,,,,,,,,,,,,,,,,,,,,,,,,,,,,,,,,,,,,,,,,,,,,,,,,,,,,,,,,,,,,,,,,,,,,,,,,,,,,,,,,,,,,,,,,,,,,,,,,,,,,,,,,10.623,10.375,10.623,10.305,5106265.0,54283509.93
2022-11-16,,,,,,,,,,,,,,,,,,,,,,,,,,,,,,,,,,,,,,,,,,,,,,,,,,,,,,,,,,,,,,,,,,,,,,,,,,,,,,,,,,,,,,,,,,,,,,,,,,,,,,,,,,,,,,,,,,,,,,,,,,,,,,,,,,,,,,,,,,,,,,,,,,,,,,,,,,,,,,,,,,,,,,,,,,,,,,,,,,,,,,,,,,,,,,,,,,,,,,,,,,,,,,,,,,,,,,,,,,,,,,,,,,,,,,,,,,,,,,,,,,,,,,,,,,,,,,,,,,,,,,,,,,,,,,,,,,,,,,,,,,,,,,,,,,,,,,,,,,,,,,,,,,,10.722,10.613,10.861,10.563,5586650.0,60496373.0
2022-11-17,,,,,,,,,,,,,,,,,,,,,,,,,,,,,,,,,,,,,,,,,,,,,,,,,,,,,,,,,,,,,,,,,,,,,,,,,,,,,,,,,,,,,,,,,,,,,,,,,,,,,,,,,,,,,,,,,,,,,,,,,,,,,,,,,,,,,,,,,,,,,,,,,,,,,,,,,,,,,,,,,,,,,,,,,,,,,,,,,,,,,,,,,,,,,,,,,,,,,,,,,,,,,,,,,,,,,,,,,,,,,,,,,,,,,,,,,,,,,,,,,,,,,,,,,,,,,,,,,,,,,,,,,,,,,,,,,,,,,,,,,,,,,,,,,,,,,,,,,,,,,,,,,,,10.772,10.633,10.791,10.593,4479121.0,48440508.28
2022-11-18,,,,,,,,,,,,,,,,,,,,,,,,,,,,,,,,,,,,,,,,,,,,,,,,,,,,,,,,,,,,,,,,,,,,,,,,,,,,,,,,,,,,,,,,,,,,,,,,,,,,,,,,,,,,,,,,,,,,,,,,,,,,,,,,,,,,,,,,,,,,,,,,,,,,,,,,,,,,,,,,,,,,,,,,,,,,,,,,,,,,,,,,,,,,,,,,,,,,,,,,,,,,,,,,,,,,,,,,,,,,,,,,,,,,,,,,,,,,,,,,,,,,,,,,,,,,,,,,,,,,,,,,,,,,,,,,,,,,,,,,,,,,,,,,,,,,,,,,,,,,,,,,,,,11.0,10.782,11.397,10.762,13466952.0,150993351.92
2022-11-21,,,,,,,,,,,,,,,,,,,,,,,,,,,,,,,,,,,,,,,,,,,,,,,,,,,,,,,,,,,,,,,,,,,,,,,,,,,,,,,,,,,,,,,,,,,,,,,,,,,,,,,,,,,,,,,,,,,,,,,,,,,,,,,,,,,,,,,,,,,,,,,,,,,,,,,,,,,,,,,,,,,,,,,,,,,,,,,,,,,,,,,,,,,,,,,,,,,,,,,,,,,,,,,,,,,,,,,,,,,,,,,,,,,,,,,,,,,,,,,,,,,,,,,,,,,,,,,,,,,,,,,,,,,,,,,,,,,,,,,,,,,,,,,,,,,,,,,,,,,,,,,,,,,11.079,10.92,11.158,10.811,7480496.0,83168999.58
2022-11-22,,,,,,,,,,,,,,,,,,,,,,,,,,,,,,,,,,,,,,,,,,,,,,,,,,,,,,,,,,,,,,,,,,,,,,,,,,,,,,,,,,,,,,,,,,,,,,,,,,,,,,,,,,,,,,,,,,,,,,,,,,,,,,,,,,,,,,,,,,,,,,,,,,,,,,,,,,,,,,,,,,,,,,,,,,,,,,,,,,,,,,,,,,,,,,,,,,,,,,,,,,,,,,,,,,,,,,,,,,,,,,,,,,,,,,,,,,,,,,,,,,,,,,,,,,,,,,,,,,,,,,,,,,,,,,,,,,,,,,,,,,,,,,,,,,,,,,,,,,,,,,,,,,,11.0,11.0,11.327,10.91,7875685.0,88453311.26
2022-11-23,,,,,,,,,,,,,,,,,,,,,,,,,,,,,,,,,,,,,,,,,,,,,,,,,,,,,,,,,,,,,,,,,,,,,,,,,,,,,,,,,,,,,,,,,,,,,,,,,,,,,,,,,,,,,,,,,,,,,,,,,,,,,,,,,,,,,,,,,,,,,,,,,,,,,,,,,,,,,,,,,,,,,,,,,,,,,,,,,,,,,,,,,,,,,,,,,,,,,,,,,,,,,,,,,,,,,,,,,,,,,,,,,,,,,,,,,,,,,,,,,,,,,,,,,,,,,,,,,,,,,,,,,,,,,,,,,,,,,,,,,,,,,,,,,,,,,,,,,,,,,,,,,,,11.188,10.97,11.268,10.91,9552914.0,107454028.5
2022-11-24,,,,,,,,,,,,,,,,,,,,,,,,,,,,,,,,,,,,,,,,,,,,,,,,,,,,,,,,,,,,,,,,,,,,,,,,,,,,,,,,,,,,,,,,,,,,,,,,,,,,,,,,,,,,,,,,,,,,,,,,,,,,,,,,,,,,,,,,,,,,,,,,,,,,,,,,,,,,,,,,,,,,,,,,,,,,,,,,,,,,,,,,,,,,,,,,,,,,,,,,,,,,,,,,,,,,,,,,,,,,,,,,,,,,,,,,,,,,,,,,,,,,,,,,,,,,,,,,,,,,,,,,,,,,,,,,,,,,,,,,,,,,,,,,,,,,,,,,,,,,,,,,,,,10.593,11.208,11.228,10.553,13532057.0,146958657.07
2022-11-25,,,,,,,,,,,,,,,,,,,,,,,,,,,,,,,,,,,,,,,,,,,,,,,,,,,,,,,,,,,,,,,,,,,,,,,,,,,,,,,,,,,,,,,,,,,,,,,,,,,,,,,,,,,,,,,,,,,,,,,,,,,,,,,,,,,,,,,,,,,,,,,,,,,,,,,,,,,,,,,,,,,,,,,,,,,,,,,,,,,,,,,,,,,,,,,,,,,,,,,,,,,,,,,,,,,,,,,,,,,,,,,,,,,,,,,,,,,,,,,,,,,,,,,,,,,,,,,,,,,,,,,,,,,,,,,,,,,,,,,,,,,,,,,,,,,,,,,,,,,,,,,,,,,10.385,10.653,10.682,10.355,6158342.0,65090465.44
2022-11-28,,,,,,,,,,,,,,,,,,,,,,,,,,,,,,,,,,,,,,,,,,,,,,,,,,,,,,,,,,,,,,,,,,,,,,,,,,,,,,,,,,,,,,,,,,,,,,,,,,,,,,,,,,,,,,,,,,,,,,,,,,,,,,,,,,,,,,,,,,,,,,,,,,,,,,,,,,,,,,,,,,,,,,,,,,,,,,,,,,,,,,,,,,,,,,,,,,,,,,,,,,,,,,,,,,,,,,,,,,,,,,,,,,,,,,,,,,,,,,,,,,,,,,,,,,,,,,,,,,,,,,,,,,,,,,,,,,,,,,,,,,,,,,,,,,,,,,,,,,,,,,,,,,,10.236,10.315,10.345,10.157,5264027.0,54374209.64
2022-11-29,,,,,,,,,,,,,,,,,,,,,,,,,,,,,,,,,,,,,,,,,,,,,,,,,,,,,,,,,,,,,,,,,,,,,,,,,,,,,,,,,,,,,,,,,,,,,,,,,,,,,,,,,,,,,,,,,,,,,,,,,,,,,,,,,,,,,,,,,,,,,,,,,,,,,,,,,,,,,,,,,,,,,,,,,,,,,,,,,,,,,,,,,,,,,,,,,,,,,,,,,,,,,,,,,,,,,,,,,,,,,,,,,,,,,,,,,,,,,,,,,,,,,,,,,,,,,,,,,,,,,,,,,,,,,,,,,,,,,,,,,,,,,,,,,,,,,,,,,,,,,,,,,,,10.484,10.236,10.583,10.236,6136161.0,64812438.87
2022-11-30,,,,,,,,,,,,,,,,,,,,,,,,,,,,,,,,,,,,,,,,,,,,,,,,,,,,,,,,,,,,,,,,,,,,,,,,,,,,,,,,,,,,,,,,,,,,,,,,,,,,,,,,,,,,,,,,,,,,,,,,,,,,,,,,,,,,,,,,,,,,,,,,,,,,,,,,,,,,,,,,,,,,,,,,,,,,,,,,,,,,,,,,,,,,,,,,,,,,,,,,,,,,,,,,,,,,,,,,,,,,,,,,,,,,,,,,,,,,,,,,,,,,,,,,,,,,,,,,,,,,,,,,,,,,,,,,,,,,,,,,,,,,,,,,,,,,,,,,,,,,,,,,,,,10.672,10.494,10.692,10.434,5338348.0,56983170.08
2022-12-01,,,,,,,,,,,,,,,,,,,,,,,,,,,,,,,,,,,,,,,,,,,,,,,,,,,,,,,,,,,,,,,,,,,,,,,,,,,,,,,,,,,,,,,,,,,,,,,,,,,,,,,,,,,,,,,,,,,,,,,,,,,,,,,,,,,,,,,,,,,,,,,,,,,,,,,,,,,,,,,,,,,,,,,,,,,,,,,,,,,,,,,,,,,,,,,,,,,,,,,,,,,,,,,,,,,,,,,,,,,,,,,,,,,,,,,,,,,,,,,,,,,,,,,,,,,,,,,,,,,,,,,,,,,,,,,,,,,,,,,,,,,,,,,,,,,,,,,,,,,,,,,,,,,10.861,10.702,10.91,10.672,6377623.0,69547314.23
2022-12-02,,,,,,,,,,,,,,,,,,,,,,,,,,,,,,,,,,,,,,,,,,,,,,,,,,,,,,,,,,,,,,,,,,,,,,,,,,,,,,,,,,,,,,,,,,,,,,,,,,,,,,,,,,,,,,,,,,,,,,,,,,,,,,,,,,,,,,,,,,,,,,,,,,,,,,,,,,,,,,,,,,,,,,,,,,,,,,,,,,,,,,,,,,,,,,,,,,,,,,,,,,,,,,,,,,,,,,,,,,,,,,,,,,,,,,,,,,,,,,,,,,,,,,,,,,,,,,,,,,,,,,,,,,,,,,,,,,,,,,,,,,,,,,,,,,,,,,,,,,,,,,,,,,,10.762,10.831,10.94,10.742,4275312.0,46646975.54
2022-12-05,,,,,,,,,,,,,,,,,,,,,,,,,,,,,,,,,,,,,,,,,,,,,,,,,,,,,,,,,,,,,,,,,,,,,,,,,,,,,,,,,,,,,,,,,,,,,,,,,,,,,,,,,,,,,,,,,,,,,,,,,,,,,,,,,,,,,,,,,,,,,,,,,,,,,,,,,,,,,,,,,,,,,,,,,,,,,,,,,,,,,,,,,,,,,,,,,,,,,,,,,,,,,,,,,,,,,,,,,,,,,,,,,,,,,,,,,,,,,,,,,,,,,,,,,,,,,,,,,,,,,,,,,,,,,,,,,,,,,,,,,,,,,,,,,,,,,,,,,,,,,,,,,,,11.049,10.791,11.109,10.782,6641127.0,73546580.7
2022-12-06,,,,,,,,,,,,,,,,,,,,,,,,,,,,,,,,,,,,,,,,,,,,,,,,,,,,,,,,,,,,,,,,,,,,,,,,,,,,,,,,,,,,,,,,,,,,,,,,,,,,,,,,,,,,,,,,,,,,,,,,,,,,,,,,,,,,,,,,,,,,,,,,,,,,,,,,,,,,,,,,,,,,,,,,,,,,,,,,,,,,,,,,,,,,,,,,,,,,,,,,,,,,,,,,,,,,,,,,,,,,,,,,,,,,,,,,,,,,,,,,,,,,,,,,,,,,,,,,,,,,,,,,,,,,,,,,,,,,,,,,,,,,,,,,,,,,,,,,,,,,,,,,,,,11.039,10.97,11.089,10.92,4728052.0,52426631.66
2022-12-07,,,,,,,,,,,,,,,,,,,,,,,,,,,,,,,,,,,,,,,,,,,,,,,,,,,,,,,,,,,,,,,,,,,,,,,,,,,,,,,,,,,,,,,,,,,,,,,,,,,,,,,,,,,,,,,,,,,,,,,,,,,,,,,,,,,,,,,,,,,,,,,,,,,,,,,,,,,,,,,,,,,,,,,,,,,,,,,,,,,,,,,,,,,,,,,,,,,,,,,,,,,,,,,,,,,,,,,,,,,,,,,,,,,,,,,,,,,,,,,,,,,,,,,,,,,,,,,,,,,,,,,,,,,,,,,,,,,,,,,,,,,,,,,,,,,,,,,,,,,,,,,,,,,11.059,10.95,11.109,10.811,6987110.0,77320094.71
2022-12-08,,,,,,,,,,,,,,,,,,,,,,,,,,,,,,,,,,,,,,,,,,,,,,,,,,,,,,,,,,,,,,,,,,,,,,,,,,,,,,,,,,,,,,,,,,,,,,,,,,,,,,,,,,,,,,,,,,,,,,,,,,,,,,,,,,,,,,,,,,,,,,,,,,,,,,,,,,,,,,,,,,,,,,,,,,,,,,,,,,,,,,,,,,,,,,,,,,,,,,,,,,,,,,,,,,,,,,,,,,,,,,,,,,,,,,,,,,,,,,,,,,,,,,,,,,,,,,,,,,,,,,,,,,,,,,,,,,,,,,,,,,,,,,,,,,,,,,,,,,,,,,,,,,,10.841,11.01,11.069,10.821,3952944.0,43451509.44
2022-12-09,,,,,,,,,,,,,,,,,,,,,,,,,,,,,,,,,,,,,,,,,,,,,,,,,,,,,,,,,,,,,,,,,,,,,,,,,,,,,,,,,,,,,,,,,,,,,,,,,,,,,,,,,,,,,,,,,,,,,,,,,,,,,,,,,,,,,,,,,,,,,,,,,,,,,,,,,,,,,,,,,,,,,,,,,,,,,,,,,,,,,,,,,,,,,,,,,,,,,,,,,,,,,,,,,,,,,,,,,,,,,,,,,,,,,,,,,,,,,,,,,,,,,,,,,,,,,,,,,,,,,,,,,,,,,,,,,,,,,,,,,,,,,,,,,,,,,,,,,,,,,,,,,,,11.079,10.871,11.109,10.851,7156920.0,79510800.53
2022-12-12,,,,,,,,,,,,,,,,,,,,,,,,,,,,,,,,,,,,,,,,,,,,,,,,,,,,,,,,,,,,,,,,,,,,,,,,,,,,,,,,,,,,,,,,,,,,,,,,,,,,,,,,,,,,,,,,,,,,,,,,,,,,,,,,,,,,,,,,,,,,,,,,,,,,,,,,,,,,,,,,,,,,,,,,,,,,,,,,,,,,,,,,,,,,,,,,,,,,,,,,,,,,,,,,,,,,,,,,,,,,,,,,,,,,,,,,,,,,,,,,,,,,,,,,,,,,,,,,,,,,,,,,,,,,,,,,,,,,,,,,,,,,,,,,,,,,,,,,,,,,,,,,,,,10.98,11.069,11.069,10.811,4490965.0,49434571.94
2022-12-13,,,,,,,,,,,,,,,,,,,,,,,,,,,,,,,,,,,,,,,,,,,,,,,,,,,,,,,,,,,,,,,,,,,,,,,,,,,,,,,,,,,,,,,,,,,,,,,,,,,,,,,,,,,,,,,,,,,,,,,,,,,,,,,,,,,,,,,,,,,,,,,,,,,,,,,,,,,,,,,,,,,,,,,,,,,,,,,,,,,,,,,,,,,,,,,,,,,,,,,,,,,,,,,,,,,,,,,,,,,,,,,,,,,,,,,,,,,,,,,,,,,,,,,,,,,,,,,,,,,,,,,,,,,,,,,,,,,,,,,,,,,,,,,,,,,,,,,,,,,,,,,,,,,10.732,10.95,10.95,10.722,4169237.0,45425222.23
2022-12-14,,,,,,,,,,,,,,,,,,,,,,,,,,,,,,,,,,,,,,,,,,,,,,,,,,,,,,,,,,,,,,,,,,,,,,,,,,,,,,,,,,,,,,,,,,,,,,,,,,,,,,,,,,,,,,,,,,,,,,,,,,,,,,,,,,,,,,,,,,,,,,,,,,,,,,,,,,,,,,,,,,,,,,,,,,,,,,,,,,,,,,,,,,,,,,,,,,,,,,,,,,,,,,,,,,,,,,,,,,,,,,,,,,,,,,,,,,,,,,,,,,,,,,,,,,,,,,,,,,,,,,,,,,,,,,,,,,,,,,,,,,,,,,,,,,,,,,,,,,,,,,,,,,,10.573,10.762,10.851,10.553,4316600.0,46418106.0
2022-12-15,,,,,,,,,,,,,,,,,,,,,,,,,,,,,,,,,,,,,,,,,,,,,,,,,,,,,,,,,,,,,,,,,,,,,,,,,,,,,,,,,,,,,,,,,,,,,,,,,,,,,,,,,,,,,,,,,,,,,,,,,,,,,,,,,,,,,,,,,,,,,,,,,,,,,,,,,,,,,,,,,,,,,,,,,,,,,,,,,,,,,,,,,,,,,,,,,,,,,,,,,,,,,,,,,,,,,,,,,,,,,,,,,,,,,,,,,,,,,,,,,,,,,,,,,,,,,,,,,,,,,,,,,,,,,,,,,,,,,,,,,,,,,,,,,,,,,,,,,,,,,,,,,,,10.692,10.672,10.782,10.534,3221818.0,34807690.22
2022-12-16,,,,,,,,,,,,,,,,,,,,,,,,,,,,,,,,,,,,,,,,,,,,,,,,,,,,,,,,,,,,,,,,,,,,,,,,,,,,,,,,,,,,,,,,,,,,,,,,,,,,,,,,,,,,,,,,,,,,,,,,,,,,,,,,,,,,,,,,,,,,,,,,,,,,,,,,,,,,,,,,,,,,,,,,,,,,,,,,,,,,,,,,,,,,,,,,,,,,,,,,,,,,,,,,,,,,,,,,,,,,,,,,,,,,,,,,,,,,,,,,,,,,,,,,,,,,,,,,,,,,,,,,,,,,,,,,,,,,,,,,,,,,,,,,,,,,,,,,,,,,,,,,,,,10.454,10.653,10.732,10.405,3440300.0,36394214.0
2022-12-19,,,,,,,,,,,,,,,,,,,,,,,,,,,,,,,,,,,,,,,,,,,,,,,,,,,,,,,,,,,,,,,,,,,,,,,,,,,,,,,,,,,,,,,,,,,,,,,,,,,,,,,,,,,,,,,,,,,,,,,,,,,,,,,,,,,,,,,,,,,,,,,,,,,,,,,,,,,,,,,,,,,,,,,,,,,,,,,,,,,,,,,,,,,,,,,,,,,,,,,,,,,,,,,,,,,,,,,,,,,,,,,,,,,,,,,,,,,,,,,,,,,,,,,,,,,,,,,,,,,,,,,,,,,,,,,,,,,,,,,,,,,,,,,,,,,,,,,,,,,,,,,,,,,10.296,10.474,10.583,10.236,3084902.0,32323902.38
2022-12-20,,,,,,,,,,,,,,,,,,,,,,,,,,,,,,,,,,,,,,,,,,,,,,,,,,,,,,,,,,,,,,,,,,,,,,,,,,,,,,,,,,,,,,,,,,,,,,,,,,,,,,,,,,,,,,,,,,,,,,,,,,,,,,,,,,,,,,,,,,,,,,,,,,,,,,,,,,,,,,,,,,,,,,,,,,,,,,,,,,,,,,,,,,,,,,,,,,,,,,,,,,,,,,,,,,,,,,,,,,,,,,,,,,,,,,,,,,,,,,,,,,,,,,,,,,,,,,,,,,,,,,,,,,,,,,,,,,,,,,,,,,,,,,,,,,,,,,,,,,,,,,,,,,,10.335,10.266,10.474,10.266,2168035.0,22670561.94
2022-12-21,,,,,,,,,,,,,,,,,,,,,,,,,,,,,,,,,,,,,,,,,,,,,,,,,,,,,,,,,,,,,,,,,,,,,,,,,,,,,,,,,,,,,,,,,,,,,,,,,,,,,,,,,,,,,,,,,,,,,,,,,,,,,,,,,,,,,,,,,,,,,,,,,,,,,,,,,,,,,,,,,,,,,,,,,,,,,,,,,,,,,,,,,,,,,,,,,,,,,,,,,,,,,,,,,,,,,,,,,,,,,,,,,,,,,,,,,,,,,,,,,,,,,,,,,,,,,,,,,,,,,,,,,,,,,,,,,,,,,,,,,,,,,,,,,,,,,,,,,,,,,,,,,,,10.038,10.355,10.355,9.958,3586592.0,36606132.2
2022-12-22,,,,,,,,,,,,,,,,,,,,,,,,,,,,,,,,,,,,,,,,,,,,,,,,,,,,,,,,,,,,,,,,,,,,,,,,,,,,,,,,,,,,,,,,,,,,,,,,,,,,,,,,,,,,,,,,,,,,,,,,,,,,,,,,,,,,,,,,,,,,,,,,,,,,,,,,,,,,,,,,,,,,,,,,,,,,,,,,,,,,,,,,,,,,,,,,,,,,,,,,,,,,,,,,,,,,,,,,,,,,,,,,,,,,,,,,,,,,,,,,,,,,,,,,,,,,,,,,,,,,,,,,,,,,,,,,,,,,,,,,,,,,,,,,,,,,,,,,,,,,,,,,,,,9.968,10.038,10.186,9.919,2295209.0,23225405.32
2022-12-23,,,,,,,,,,,,,,,,,,,,,,,,,,,,,,,,,,,,,,,,,,,,,,,,,,,,,,,,,,,,,,,,,,,,,,,,,,,,,,,,,,,,,,,,,,,,,,,,,,,,,,,,,,,,,,,,,,,,,,,,,,,,,,,,,,,,,,,,,,,,,,,,,,,,,,,,,,,,,,,,,,,,,,,,,,,,,,,,,,,,,,,,,,,,,,,,,,,,,,,,,,,,,,,,,,,,,,,,,,,,,,,,,,,,,,,,,,,,,,,,,,,,,,,,,,,,,,,,,,,,,,,,,,,,,,,,,,,,,,,,,,,,,,,,,,,,,,,,,,,,,,,,,,,9.889,9.879,9.988,9.78,2217517.0,22107232.49
2022-12-26,,,,,,,,,,,,,,,,,,,,,,,,,,,,,,,,,,,,,,,,,,,,,,,,,,,,,,,,,,,,,,,,,,,,,,,,,,,,,,,,,,,,,,,,,,,,,,,,,,,,,,,,,,,,,,,,,,,,,,,,,,,,,,,,,,,,,,,,,,,,,,,,,,,,,,,,,,,,,,,,,,,,,,,,,,,,,,,,,,,,,,,,,,,,,,,,,,,,,,,,,,,,,,,,,,,,,,,,,,,,,,,,,,,,,,,,,,,,,,,,,,,,,,,,,,,,,,,,,,,,,,,,,,,,,,,,,,,,,,,,,,,,,,,,,,,,,,,,,,,,,,,,,,,10.236,9.889,10.236,9.869,3008579.0,30731790.91
2022-12-27,,,,,,,,,,,,,,,,,,,,,,,,,,,,,,,,,,,,,,,,,,,,,,,,,,,,,,,,,,,,,,,,,,,,,,,,,,,,,,,,,,,,,,,,,,,,,,,,,,,,,,,,,,,,,,,,,,,,,,,,,,,,,,,,,,,,,,,,,,,,,,,,,,,,,,,,,,,,,,,,,,,,,,,,,,,,,,,,,,,,,,,,,,,,,,,,,,,,,,,,,,,,,,,,,,,,,,,,,,,,,,,,,,,,,,,,,,,,,,,,,,,,,,,,,,,,,,,,,,,,,,,,,,,,,,,,,,,,,,,,,,,,,,,,,,,,,,,,,,,,,,,,,,,10.236,10.266,10.286,10.117,2279971.0,23464572.33
2022-12-28,,,,,,,,,,,,,,,,,,,,,,,,,,,,,,,,,,,,,,,,,,,,,,,,,,,,,,,,,,,,,,,,,,,,,,,,,,,,,,,,,,,,,,,,,,,,,,,,,,,,,,,,,,,,,,,,,,,,,,,,,,,,,,,,,,,,,,,,,,,,,,,,,,,,,,,,,,,,,,,,,,,,,,,,,,,,,,,,,,,,,,,,,,,,,,,,,,,,,,,,,,,,,,,,,,,,,,,,,,,,,,,,,,,,,,,,,,,,,,,,,,,,,,,,,,,,,,,,,,,,,,,,,,,,,,,,,,,,,,,,,,,,,,,,,,,,,,,,,,,,,,,,,,,10.147,10.216,10.246,10.077,2147186.0,21996488.3
2022-12-29,,,,,,,,,,,,,,,,,,,,,,,,,,,,,,,,,,,,,,,,,,,,,,,,,,,,,,,,,,,,,,,,,,,,,,,,,,,,,,,,,,,,,,,,,,,,,,,,,,,,,,,,,,,,,,,,,,,,,,,,,,,,,,,,,,,,,,,,,,,,,,,,,,,,,,,,,,,,,,,,,,,,,,,,,,,,,,,,,,,,,,,,,,,,,,,,,,,,,,,,,,,,,,,,,,,,,,,,,,,,,,,,,,,,,,,,,,,,,,,,,,,,,,,,,,,,,,,,,,,,,,,,,,,,,,,,,,,,,,,,,,,,,,,,,,,,,,,,,,,,,,,,,,,10.236,10.167,10.315,10.077,2369536.0,24424610.21
2022-12-30,,,,,,,,,,,,,,,,,,,,,,,,,,,,,,,,,,,,,,,,,,,,,,,,,,,,,,,,,,,,,,,,,,,,,,,,,,,,,,,,,,,,,,,,,,,,,,,,,,,,,,,,,,,,,,,,,,,,,,,,,,,,,,,,,,,,,,,,,,,,,,,,,,,,,,,,,,,,,,,,,,,,,,,,,,,,,,,,,,,,,,,,,,,,,,,,,,,,,,,,,,,,,,,,,,,,,,,,,,,,,,,,,,,,,,,,,,,,,,,,,,,,,,,,,,,,,,,,,,,,,,,,,,,,,,,,,,,,,,,,,,,,,,,,,,,,,,,,,,,,,,,,,,,10.177,10.266,10.355,10.097,4212800.0,43396640.0
2023-01-03,,,,,,,,,,,,,,,,,,,,,,,,,,,,,,,,,,,,,,,,,,,,,,,,,,,,,,,,,,,,,,,,,,,,,,,,,,,,,,,,,,,,,,,,,,,,,,,,,,,,,,,,,,,,,,,,,,,,,,,,,,,,,,,,,,,,,,,,,,,,,,,,,,,,,,,,,,,,,,,,,,,,,,,,,,,,,,,,,,,,,,,,,,,,,,,,,,,,,,,,,,,,,,,,,,,,,,,,,,,,,,,,,,,,,,,,,,,,,,,,,,,,,,,,,,,,,,,,,,,,,,,,,,,,,,,,,,,,,,,,,,,,,,,,,,,,,,,,,,,,,,,,,,,10.474,10.177,10.534,10.167,4518920.0,47366645.4
2023-01-04,,,,,,,,,,,,,,,,,,,,,,,,,,,,,,,,,,,,,,,,,,,,,,,,,,,,,,,,,,,,,,,,,,,,,,,,,,,,,,,,,,,,,,,,,,,,,,,,,,,,,,,,,,,,,,,,,,,,,,,,,,,,,,,,,,,,,,,,,,,,,,,,,,,,,,,,,,,,,,,,,,,,,,,,,,,,,,,,,,,,,,,,,,,,,,,,,,,,,,,,,,,,,,,,,,,,,,,,,,,,,,,,,,,,,,,,,,,,,,,,,,,,,,,,,,,,,,,,,,,,,,,,,,,,,,,,,,,,,,,,,,,,,,,,,,,,,,,,,,,,,,,,,,,10.534,10.444,10.633,10.424,3701073.0,39247483.74
2023-01-05,,,,,,,,,,,,,,,,,,,,,,,,,,,,,,,,,,,,,,,,,,,,,,,,,,,,,,,,,,,,,,,,,,,,,,,,,,,,,,,,,,,,,,,,,,,,,,,,,,,,,,,,,,,,,,,,,,,,,,,,,,,,,,,,,,,,,,,,,,,,,,,,,,,,,,,,,,,,,,,,,,,,,,,,,,,,,,,,,,,,,,,,,,,,,,,,,,,,,,,,,,,,,,,,,,,,,,,,,,,,,,,,,,,,,,,,,,,,,,,,,,,,,,,,,,,,,,,,,,,,,,,,,,,,,,,,,,,,,,,,,,,,,,,,,,,,,,,,,,,,,,,,,,,10.613,10.494,10.633,10.454,3861576.0,41186686.16
2023-01-06,,,,,,,,,,,,,,,,,,,,,,,,,,,,,,,,,,,,,,,,,,,,,,,,,,,,,,,,,,,,,,,,,,,,,,,,,,,,,,,,,,,,,,,,,,,,,,,,,,,,,,,,,,,,,,,,,,,,,,,,,,,,,,,,,,,,,,,,,,,,,,,,,,,,,,,,,,,,,,,,,,,,,,,,,,,,,,,,,,,,,,,,,,,,,,,,,,,,,,,,,,,,,,,,,,,,,,,,,,,,,,,,,,,,,,,,,,,,,,,,,,,,,,,,,,,,,,,,,,,,,,,,,,,,,,,,,,,,,,,,,,,,,,,,,,,,,,,,,,,,,,,,,,,10.563,10.603,10.712,10.534,2888684.0,30971745.44
2023-01-09,,,,,,,,,,,,,,,,,,,,,,,,,,,,,,,,,,,,,,,,,,,,,,,,,,,,,,,,,,,,,,,,,,,,,,,,,,,,,,,,,,,,,,,,,,,,,,,,,,,,,,,,,,,,,,,,,,,,,,,,,,,,,,,,,,,,,,,,,,,,,,,,,,,,,,,,,,,,,,,,,,,,,,,,,,,,,,,,,,,,,,,,,,,,,,,,,,,,,,,,,,,,,,,,,,,,,,,,,,,,,,,,,,,,,,,,,,,,,,,,,,,,,,,,,,,,,,,,,,,,,,,,,,,,,,,,,,,,,,,,,,,,,,,,,,,,,,,,,,,,,,,,,,,10.454,10.553,10.633,10.434,2935900.0,31151557.0
2023-01-10,,,,,,,,,,,,,,,,,,,,,,,,,,,,,,,,,,,,,,,,,,,,,,,,,,,,,,,,,,,,,,,,,,,,,,,,,,,,,,,,,,,,,,,,,,,,,,,,,,,,,,,,,,,,,,,,,,,,,,,,,,,,,,,,,,,,,,,,,,,,,,,,,,,,,,,,,,,,,,,,,,,,,,,,,,,,,,,,,,,,,,,,,,,,,,,,,,,,,,,,,,,,,,,,,,,,,,,,,,,,,,,,,,,,,,,,,,,,,,,,,,,,,,,,,,,,,,,,,,,,,,,,,,,,,,,,,,,,,,,,,,,,,,,,,,,,,,,,,,,,,,,,,,,10.444,10.544,10.563,10.385,2831750.0,29842568.16
2023-01-11,,,,,,,,,,,,,,,,,,,,,,,,,,,,,,,,,,,,,,,,,,,,,,,,,,,,,,,,,,,,,,,,,,,,,,,,,,,,,,,,,,,,,,,,,,,,,,,,,,,,,,,,,,,,,,,,,,,,,,,,,,,,,,,,,,,,,,,,,,,,,,,,,,,,,,,,,,,,,,,,,,,,,,,,,,,,,,,,,,,,,,,,,,,,,,,,,,,,,,,,,,,,,,,,,,,,,,,,,,,,,,,,,,,,,,,,,,,,,,,,,,,,,,,,,,,,,,,,,,,,,,,,,,,,,,,,,,,,,,,,,,,,,,,,,,,,,,,,,,,,,,,,,,,10.494,10.424,10.672,10.405,5112700.0,54196525.27
2023-01-12,,,,,,,,,,,,,,,,,,,,,,,,,,,,,,,,,,,,,,,,,,,,,,,,,,,,,,,,,,,,,,,,,,,,,,,,,,,,,,,,,,,,,,,,,,,,,,,,,,,,,,,,,,,,,,,,,,,,,,,,,,,,,,,,,,,,,,,,,,,,,,,,,,,,,,,,,,,,,,,,,,,,,,,,,,,,,,,,,,,,,,,,,,,,,,,,,,,,,,,,,,,,,,,,,,,,,,,,,,,,,,,,,,,,,,,,,,,,,,,,,,,,,,,,,,,,,,,,,,,,,,,,,,,,,,,,,,,,,,,,,,,,,,,,,,,,,,,,,,,,,,,,,,,10.494,0.0,0.0,0.0,0.0,0.0
2023-01-13,,,,,,,,,,,,,,,,,,,,,,,,,,,,,,,,,,,,,,,,,,,,,,,,,,,,,,,,,,,,,,,,,,,,,,,,,,,,,,,,,,,,,,,,,,,,,,,,,,,,,,,,,,,,,,,,,,,,,,,,,,,,,,,,,,,,,,,,,,,,,,,,,,,,,,,,,,,,,,,,,,,,,,,,,,,,,,,,,,,,,,,,,,,,,,,,,,,,,,,,,,,,,,,,,,,,,,,,,,,,,,,,,,,,,,,,,,,,,,,,,,,,,,,,,,,,,,,,,,,,,,,,,,,,,,,,,,,,,,,,,,,,,,,,,,,,,,,,,,,,,,,,,,,10.494,0.0,0.0,0.0,0.0,0.0
2023-01-16,,,,,,,,,,,,,,,,,,,,,,,,,,,,,,,,,,,,,,,,,,,,,,,,,,,,,,,,,,,,,,,,,,,,,,,,,,,,,,,,,,,,,,,,,,,,,,,,,,,,,,,,,,,,,,,,,,,,,,,,,,,,,,,,,,,,,,,,,,,,,,,,,,,,,,,,,,,,,,,,,,,,,,,,,,,,,,,,,,,,,,,,,,,,,,,,,,,,,,,,,,,,,,,,,,,,,,,,,,,,,,,,,,,,,,,,,,,,,,,,,,,,,,,,,,,,,,,,,,,,,,,,,,,,,,,,,,,,,,,,,,,,,,,,,,,,,,,,,,,,,,,,,,,10.494,0.0,0.0,0.0,0.0,0.0
2023-01-17,,,,,,,,,,,,,,,,,,,,,,,,,,,,,,,,,,,,,,,,,,,,,,,,,,,,,,,,,,,,,,,,,,,,,,,,,,,,,,,,,,,,,,,,,,,,,,,,,,,,,,,,,,,,,,,,,,,,,,,,,,,,,,,,,,,,,,,,,,,,,,,,,,,,,,,,,,,,,,,,,,,,,,,,,,,,,,,,,,,,,,,,,,,,,,,,,,,,,,,,,,,,,,,,,,,,,,,,,,,,,,,,,,,,,,,,,,,,,,,,,,,,,,,,,,,,,,,,,,,,,,,,,,,,,,,,,,,,,,,,,,,,,,,,,,,,,,,,,,,,,,,,,,,10.494,0.0,0.0,0.0,0.0,0.0
2023-01-18,,,,,,,,,,,,,,,,,,,,,,,,,,,,,,,,,,,,,,,,,,,,,,,,,,,,,,,,,,,,,,,,,,,,,,,,,,,,,,,,,,,,,,,,,,,,,,,,,,,,,,,,,,,,,,,,,,,,,,,,,,,,,,,,,,,,,,,,,,,,,,,,,,,,,,,,,,,,,,,,,,,,,,,,,,,,,,,,,,,,,,,,,,,,,,,,,,,,,,,,,,,,,,,,,,,,,,,,,,,,,,,,,,,,,,,,,,,,,,,,,,,,,,,,,,,,,,,,,,,,,,,,,,,,,,,,,,,,,,,,,,,,,,,,,,,,,,,,,,,,,,,,,,,10.494,0.0,0.0,0.0,0.0,0.0
2023-01-19,,,,,,,,,,,,,,,,,,,,,,,,,,,,,,,,,,,,,,,,,,,,,,,,,,,,,,,,,,,,,,,,,,,,,,,,,,,,,,,,,,,,,,,,,,,,,,,,,,,,,,,,,,,,,,,,,,,,,,,,,,,,,,,,,,,,,,,,,,,,,,,,,,,,,,,,,,,,,,,,,,,,,,,,,,,,,,,,,,,,,,,,,,,,,,,,,,,,,,,,,,,,,,,,,,,,,,,,,,,,,,,,,,,,,,,,,,,,,,,,,,,,,,,,,,,,,,,,,,,,,,,,,,,,,,,,,,,,,,,,,,,,,,,,,,,,,,,,,,,,,,,,,,,10.494,0.0,0.0,0.0,0.0,0.0
2023-01-20,,,,,,,,,,,,,,,,,,,,,,,,,,,,,,,,,,,,,,,,,,,,,,,,,,,,,,,,,,,,,,,,,,,,,,,,,,,,,,,,,,,,,,,,,,,,,,,,,,,,,,,,,,,,,,,,,,,,,,,,,,,,,,,,,,,,,,,,,,,,,,,,,,,,,,,,,,,,,,,,,,,,,,,,,,,,,,,,,,,,,,,,,,,,,,,,,,,,,,,,,,,,,,,,,,,,,,,,,,,,,,,,,,,,,,,,,,,,,,,,,,,,,,,,,,,,,,,,,,,,,,,,,,,,,,,,,,,,,,,,,,,,,,,,,,,,,,,,,,,,,,,,,,,10.494,0.0,0.0,0.0,0.0,0.0
2023-01-30,,,,,,,,,,,,,,,,,,,,,,,,,,,,,,,,,,,,,,,,,,,,,,,,,,,,,,,,,,,,,,,,,,,,,,,,,,,,,,,,,,,,,,,,,,,,,,,,,,,,,,,,,,,,,,,,,,,,,,,,,,,,,,,,,,,,,,,,,,,,,,,,,,,,,,,,,,,,,,,,,,,,,,,,,,,,,,,,,,,,,,,,,,,,,,,,,,,,,,,,,,,,,,,,,,,,,,,,,,,,,,,,,,,,,,,,,,,,,,,,,,,,,,,,,,,,,,,,,,,,,,,,,,,,,,,,,,,,,,,,,,,,,,,,,,,,,,,,,,,,,,,,,,,10.494,0.0,0.0,0.0,0.0,0.0
2023-01-31,,,,,,,,,,,,,,,,,,,,,,,,,,,,,,,,,,,,,,,,,,,,,,,,,,,,,,,,,,,,,,,,,,,,,,,,,,,,,,,,,,,,,,,,,,,,,,,,,,,,,,,,,,,,,,,,,,,,,,,,,,,,,,,,,,,,,,,,,,,,,,,,,,,,,,,,,,,,,,,,,,,,,,,,,,,,,,,,,,,,,,,,,,,,,,,,,,,,,,,,,,,,,,,,,,,,,,,,,,,,,,,,,,,,,,,,,,,,,,,,,,,,,,,,,,,,,,,,,,,,,,,,,,,,,,,,,,,,,,,,,,,,,,,,,,,,,,,,,,,,,,,,,,,10.494,0.0,0.0,0.0,0.0,0.0
2023-02-01,,,,,,,,,,,,,,,,,,,,,,,,,,,,,,,,,,,,,,,,,,,,,,,,,,,,,,,,,,,,,,,,,,,,,,,,,,,,,,,,,,,,,,,,,,,,,,,,,,,,,,,,,,,,,,,,,,,,,,,,,,,,,,,,,,,,,,,,,,,,,,,,,,,,,,,,,,,,,,,,,,,,,,,,,,,,,,,,,,,,,,,,,,,,,,,,,,,,,,,,,,,,,,,,,,,,,,,,,,,,,,,,,,,,,,,,,,,,,,,,,,,,,,,,,,,,,,,,,,,,,,,,,,,,,,,,,,,,,,,,,,,,,,,,,,,,,,,,,,,,,,,,,,,10.494,0.0,0.0,0.0,0.0,0.0
2023-02-02,,,,,,,,,,,,,,,,,,,,,,,,,,,,,,,,,,,,,,,,,,,,,,,,,,,,,,,,,,,,,,,,,,,,,,,,,,,,,,,,,,,,,,,,,,,,,,,,,,,,,,,,,,,,,,,,,,,,,,,,,,,,,,,,,,,,,,,,,,,,,,,,,,,,,,,,,,,,,,,,,,,,,,,,,,,,,,,,,,,,,,,,,,,,,,,,,,,,,,,,,,,,,,,,,,,,,,,,,,,,,,,,,,,,,,,,,,,,,,,,,,,,,,,,,,,,,,,,,,,,,,,,,,,,,,,,,,,,,,,,,,,,,,,,,,,,,,,,,,,,,,,,,,,12.597,12.597,12.597,12.597,1326049.0,16840822.3
2023-02-03,,,,,,,,,,,,,,,,,,,,,,,,,,,,,,,,,,,,,,,,,,,,,,,,,,,,,,,,,,,,,,,,,,,,,,,,,,,,,,,,,,,,,,,,,,,,,,,,,,,,,,,,,,,,,,,,,,,,,,,,,,,,,,,,,,,,,,,,,,,,,,,,,,,,,,,,,,,,,,,,,,,,,,,,,,,,,,,,,,,,,,,,,,,,,,,,,,,,,,,,,,,,,,,,,,,,,,,,,,,,,,,,,,,,,,,,,,,,,,,,,,,,,,,,,,,,,,,,,,,,,,,,,,,,,,,,,,,,,,,,,,,,,,,,,,,,,,,,,,,,,,,,,,,15.116,15.116,15.116,15.116,1042225.0,15883509.0
2023-02-06,,,,,,,,,,,,,,,,,,,,,,,,,,,,,,,,,,,,,,,,,,,,,,,,,,,,,,,,,,,,,,,,,,,,,,,,,,,,,,,,,,,,,,,,,,,,,,,,,,,,,,,,,,,,,,,,,,,,,,,,,,,,,,,,,,,,,,,,,,,,,,,,,,,,,,,,,,,,,,,,,,,,,,,,,,,,,,,,,,,,,,,,,,,,,,,,,,,,,,,,,,,,,,,,,,,,,,,,,,,,,,,,,,,,,,,,,,,,,,,,,,,,,,,,,,,,,,,,,,,,,,,,,,,,,,,,,,,,,,,,,,,,,,,,,,,,,,,,,,,,,,,,,,,18.141,18.141,18.141,18.141,987893.0,18068562.97
2023-02-07,,,,,,,,,,,,,,,,,,,,,,,,,,,,,,,,,,,,,,,,,,,,,,,,,,,,,,,,,,,,,,,,,,,,,,,,,,,,,,,,,,,,,,,,,,,,,,,,,,,,,,,,,,,,,,,,,,,,,,,,,,,,,,,,,,,,,,,,,,,,,,,,,,,,,,,,,,,,,,,,,,,,,,,,,,,,,,,,,,,,,,,,,,,,,,,,,,,,,,,,,,,,,,,,,,,,,,,,,,,,,,,,,,,,,,,,,,,,,,,,,,,,,,,,,,,,,,,,,,,,,,,,,,,,,,,,,,,,,,,,,,,,,,,,,,,,,,,,,,,,,,,,,,,21.771,21.771,21.771,21.771,1605730.0,35245773.5
2023-02-08,,,,,,,,,,,,,,,,,,,,,,,,,,,,,,,,,,,,,,,,,,,,,,,,,,,,,,,,,,,,,,,,,,,,,,,,,,,,,,,,,,,,,,,,,,,,,,,,,,,,,,,,,,,,,,,,,,,,,,,,,,,,,,,,,,,,,,,,,,,,,,,,,,,,,,,,,,,,,,,,,,,,,,,,,,,,,,,,,,,,,,,,,,,,,,,,,,,,,,,,,,,,,,,,,,,,,,,,,,,,,,,,,,,,,,,,,,,,,,,,,,,,,,,,,,,,,,,,,,,,,,,,,,,,,,,,,,,,,,,,,,,,,,,,,,,,,,,,,,,,,,,,,,,26.126,26.126,26.126,26.126,2005341.0,52820681.94
2023-02-09,,,,,,,,,,,,,,,,,,,,,,,,,,,,,,,,,,,,,,,,,,,,,,,,,,,,,,,,,,,,,,,,,,,,,,,,,,,,,,,,,,,,,,,,,,,,,,,,,,,,,,,,,,,,,,,,,,,,,,,,,,,,,,,,,,,,,,,,,,,,,,,,,,,,,,,,,,,,,,,,,,,,,,,,,,,,,,,,,,,,,,,,,,,,,,,,,,,,,,,,,,,,,,,,,,,,,,,,,,,,,,,,,,,,,,,,,,,,,,,,,,,,,,,,,,,,,,,,,,,,,,,,,,,,,,,,,,,,,,,,,,,,,,,,,,,,,,,,,,,,,,,,,,,31.353,31.353,31.353,31.353,2447233.0,77357035.13
2023-02-10,,,,,,,,,,,,,,,,,,,,,,,,,,,,,,,,,,,,,,,,,,,,,,,,,,,,,,,,,,,,,,,,,,,,,,,,,,,,,,,,,,,,,,,,,,,,,,,,,,,,,,,,,,,,,,,,,,,,,,,,,,,,,,,,,,,,,,,,,,,,,,,,,,,,,,,,,,,,,,,,,,,,,,,,,,,,,,,,,,,,,,,,,,,,,,,,,,,,,,,,,,,,,,,,,,,,,,,,,,,,,,,,,,,,,,,,,,,,,,,,,,,,,,,,,,,,,,,,,,,,,,,,,,,,,,,,,,,,,,,,,,,,,,,,,,,,,,,,,,,,,,,,,,,37.621,37.621,37.621,37.621,9631948.0,365339787.64
2023-02-13,,,,,,,,,,,,,,,,,,,,,,,,,,,,,,,,,,,,,,,,,,,,,,,,,,,,,,,,,,,,,,,,,,,,,,,,,,,,,,,,,,,,,,,,,,,,,,,,,,,,,,,,,,,,,,,,,,,,,,,,,,,,,,,,,,,,,,,,,,,,,,,,,,,,,,,,,,,,,,,,,,,,,,,,,,,,,,,,,,,,,,,,,,,,,,,,,,,,,,,,,,,,,,,,,,,,,,,,,,,,,,,,,,,,,,,,,,,,,,,,,,,,,,,,,,,,,,,,,,,,,,,,,,,,,,,,,,,,,,,,,,,,,,,,,,,,,,,,,,,,,,,,,,,45.15,45.15,45.15,45.15,56026627.0,2550332061.04
2023-02-14,,,,,,,,,,,,,,,,,,,,,,,,,,,,,,,,,,,,,,,,,,,,,,,,,,,,,,,,,,,,,,,,,,,,,,,,,,,,,,,,,,,,,,,,,,,,,,,,,,,,,,,,,,,,,,,,,,,,,,,,,,,,,,,,,,,,,,,,,,,,,,,,,,,,,,,,,,,,,,,,,,,,,,,,,,,,,,,,,,,,,,,,,,,,,,,,,,,,,,,,,,,,,,,,,,,,,,,,,,,,,,,,,,,,,,,,,,,,,,,,,,,,,,,,,,,,,,,,,,,,,,,,,,,,,,,,,,,,,,,,,,,,,,,,,,,,,,,,,,,,,,,,,,,51.379,47.609,53.551,45.685,162547913.0,8159974260.35
2023-02-15,,,,,,,,,,,,,,,,,,,,,,,,,,,,,,,,,,,,,,,,,,,,,,,,,,,,,,,,,,,,,,,,,,,,,,,,,,,,,,,,,,,,,,,,,,,,,,,,,,,,,,,,,,,,,,,,,,,,,,,,,,,,,,,,,,,,,,,,,,,,,,,,,,,,,,,,,,,,,,,,,,,,,,,,,,,,,,,,,,,,,,,,,,,,,,,,,,,,,,,,,,,,,,,,,,,,,,,,,,,,,,,,,,,,,,,,,,,,,,,,,,,,,,,,,,,,,,,,,,,,,,,,,,,,,,,,,,,,,,,,,,,,,,,,,,,,,,,,,,,,,,,,,,,53.739,49.196,55.425,48.443,90259060.0,4687060496.1
2023-02-16,,,,,,,,,,,,,,,,,,,,,,,,,,,,,,,,,,,,,,,,,,,,,,,,,,,,,,,,,,,,,,,,,,,,,,,,,,,,,,,,,,,,,,,,,,,,,,,,,,,,,,,,,,,,,,,,,,,,,,,,,,,,,,,,,,,,,,,,,,,,,,,,,,,,,,,,,,,,,,,,,,,,,,,,,,,,,,,,,,,,,,,,,,,,,,,,,,,,,,,,,,,,,,,,,,,,,,,,,,,,,,,,,,,,,,,,,,,,,,,,,,,,,,,,,,,,,,,,,,,,,,,,,,,,,,,,,,,,,,,,,,,,,,,,,,,,,,,,,,,,,,,,,,,52.509,53.461,56.387,51.468,65930491.0,3556042908.69
2023-02-17,,,,,,,,,,,,,,,,,,,,,,,,,,,,,,,,,,,,,,,,,,,,,,,,,,,,,,,,,,,,,,,,,,,,,,,,,,,,,,,,,,,,,,,,,,,,,,,,,,,,,,,,,,,,,,,,,,,,,,,,,,,,,,,,,,,,,,,,,,,,,,,,,,,,,,,,,,,,,,,,,,,,,,,,,,,,,,,,,,,,,,,,,,,,,,,,,,,,,,,,,,,,,,,,,,,,,,,,,,,,,,,,,,,,,,,,,,,,,,,,,,,,,,,,,,,,,,,,,,,,,,,,,,,,,,,,,,,,,,,,,,,,,,,,,,,,,,,,,,,,,,,,,,,52.47,53.164,53.878,52.053,48947416.0,2615270643.68
2023-02-20,,,,,,,,,,,,,,,,,,,,,,,,,,,,,,,,,,,,,,,,,,,,,,,,,,,,,,,,,,,,,,,,,,,,,,,,,,,,,,,,,,,,,,,,,,,,,,,,,,,,,,,,,,,,,,,,,,,,,,,,,,,,,,,,,,,,,,,,,,,,,,,,,,,,,,,,,,,,,,,,,,,,,,,,,,,,,,,,,,,,,,,,,,,,,,,,,,,,,,,,,,,,,,,,,,,,,,,,,,,,,,,,,,,,,,,,,,,,,,,,,,,,,,,,,,,,,,,,,,,,,,,,,,,,,,,,,,,,,,,,,,,,,,,,,,,,,,,,,,,,,,,,,,,51.081,52.36,52.36,48.978,46997429.0,2400578072.9
2023-02-21,,,,,,,,,,,,,,,,,,,,,,,,,,,,,,,,,,,,,,,,,,,,,,,,,,,,,,,,,,,,,,,,,,,,,,,,,,,,,,,,,,,,,,,,,,,,,,,,,,,,,,,,,,,,,,,,,,,,,,,,,,,,,,,,,,,,,,,,,,,,,,,,,,,,,,,,,,,,,,,,,,,,,,,,,,,,,,,,,,,,,,,,,,,,,,,,,,,,,,,,,,,,,,,,,,,,,,,,,,,,,,,,,,,,,,,,,,,,,,,,,,,,,,,,,,,,,,,,,,,,,,,,,,,,,,,,,,,,,,,,,,,,,,,,,,,,,,,,,,,,,,,,,,,54.523,50.516,55.048,50.099,60351280.0,3243569345.38
2023-02-22,,,,,,,,,,,,,,,,,,,,,,,,,,,,,,,,,,,,,,,,,,,,,,,,,,,,,,,,,,,,,,,,,,,,,,,,,,,,,,,,,,,,,,,,,,,,,,,,,,,,,,,,,,,,,,,,,,,,,,,,,,,,,,,,,,,,,,,,,,,,,,,,,,,,,,,,,,,,,,,,,,,,,,,,,,,,,,,,,,,,,,,,,,,,,,,,,,,,,,,,,,,,,,,,,,,,,,,,,,,,,,,,,,,,,,,,,,,,,,,,,,,,,,,,,,,,,,,,,,,,,,,,,,,,,,,,,,,,,,,,,,,,,,,,,,,,,,,,,,,,,,,,,,,53.957,53.64,55.326,52.916,38450627.0,2090030916.86
2023-02-23,,,,,,,,,,,,,,,,,,,,,,,,,,,,,,,,,,,,,,,,,,,,,,,,,,,,,,,,,,,,,,,,,,,,,,,,,,,,,,,,,,,,,,,,,,,,,,,,,,,,,,,,,,,,,,,,,,,,,,,,,,,,,,,,,,,,,,,,,,,,,,,,,,,,,,,,,,,,,,,,,,,,,,,,,,,,,,,,,,,,,,,,,,,,,,,,,,,,,,,,,,,,,,,,,,,,,,,,,,,,,,,,,,,,,,,,,,,,,,,,,,,,,,,,,,,,,,,,,,,,,,,,,,,,,,,,,,,,,,,,,,,,,,,,,,,,,,,,,,,,,,,,,,,50.446,53.957,54.84,50.357,52292676.0,2736002570.0
2023-02-24,,,,,,,,,,,,,,,,,,,,,,,,,,,,,,,,,,,,,,,,,,,,,,,,,,,,,,,,,,,,,,,,,,,,,,,,,,,,,,,,,,,,,,,,,,,,,,,,,,,,,,,,,,,,,,,,,,,,,,,,,,,,,,,,,,,,,,,,,,,,,,,,,,,,,,,,,,,,,,,,,,,,,,,,,,,,,,,,,,,,,,,,,,,,,,,,,,,,,,,,,,,,,,,,,,,,,,,,,,,,,,,,,,,,,,,,,,,,,,,,,,,,,,,,,,,,,,,,,,,,,,,,,,,,,,,,,,,,,,,,,,,,,,,,,,,,,,,,,,,,,,,,,,,51.2,50.585,52.985,50.585,39656169.0,2069206164.68
2023-02-27,,,,,,,,,,,,,,,,,,,,,,,,,,,,,,,,,,,,,,,,,,,,,,,,,,,,,,,,,,,,,,,,,,,,,,,,,,,,,,,,,,,,,,,,,,,,,,,,,,,,,,,,,,,,,,,,,,,,,,,,,,,,,,,,,,,,,,,,,,,,,,,,,,,,,,,,,,,,,,,,,,,,,,,,,,,,,,,,,,,,,,,,,,,,,,,,,,,,,,,,,,,,,,,,,,,,,,,,,,,,,,,,,,,,,,,,,,,,,,,,,,,,,,,,,,,,,,,,,,,,,,,,,,,,,,,,,,,,,,,,,,,,,,,,,,,,,,,,,,,,,,,,,,,49.702,50.585,52.073,49.276,33985824.0,1733127766.47
2023-02-28,,,,,,,,,,,,,,,,,,,,,,,,,,,,,,,,,,,,,,,,,,,,,,,,,,,,,,,,,,,,,,,,,,,,,,,,,,,,,,,,,,,,,,,,,,,,,,,,,,,,,,,,,,,,,,,,,,,,,,,,,,,,,,,,,,,,,,,,,,,,,,,,,,,,,,,,,,,,,,,,,,,,,,,,,,,,,,,,,,,,,,,,,,,,,,,,,,,,,,,,,,,,,,,,,,,,,,,,,,,,,,,,,,,,,,,,,,,,,,,,,,,,,,,,,,,,,,,,,,,,,,,,,,,,,,,,,,,,,,,,,,,,,,,,,,,,,,,,,,,,,,,,,,,51.954,49.494,52.757,49.405,44148860.0,2294745404.87
2023-03-01,,,,,,,,,,,,,,,,,,,,,,,,,,,,,,,,,,,,,,,,,,,,,,,,,,,,,,,,,,,,,,,,,,,,,,,,,,,,,,,,,,,,,,,,,,,,,,,,,,,,,,,,,,,,,,,,,,,,,,,,,,,,,,,,,,,,,,,,,,,,,,,,,,,,,,,,,,,,,,,,,,,,,,,,,,,,,,,,,,,,,,,,,,,,,,,,,,,,,,,,,,,,,,,,,,,,,,,,,,,,,,,,,,,,,,,,,,,,,,,,,,,,,,,,,,,,,,,,,,,,,,,,,,,,,,,,,,,,,,,,,,,,,,,,,,,,,,,,,,,,,,,,,,,51.954,51.458,54.543,51.16,50126274.0,2671044478.53
2023-03-02,,,,,,,,,,,,,,,,,,,,,,,,,,,,,,,,,,,,,,,,,,,,,,,,,,,,,,,,,,,,,,,,,,,,,,,,,,,,,,,,,,,,,,,,,,,,,,,,,,,,,,,,,,,,,,,,,,,,,,,,,,,,,,,,,,,,,,,,,,,,,,,,,,,,,,,,,,,,,,,,,,,,,,,,,,,,,,,,,,,,,,,,,,,,,,,,,,,,,,,,,,,,,,,,,,,,,,,,,,,,,,,,,,,,,,,,,,,,,,,,,,,,,,,,,,,,,,,,,,,,,,,,,,,,,,,,,,,,,,,,,,,,,,,,,,,,,,,,,,,,,,,,,,,53.878,51.478,54.156,50.664,54270385.0,2897810708.1
2023-03-03,,,,,,,,,,,,,,,,,,,,,,,,,,,,,,,,,,,,,,,,,,,,,,,,,,,,,,,,,,,,,,,,,,,,,,,,,,,,,,,,,,,,,,,,,,,,,,,,,,,,,,,,,,,,,,,,,,,,,,,,,,,,,,,,,,,,,,,,,,,,,,,,,,,,,,,,,,,,,,,,,,,,,,,,,,,,,,,,,,,,,,,,,,,,,,,,,,,,,,,,,,,,,,,,,,,,,,,,,,,,,,,,,,,,,,,,,,,,,,,,,,,,,,,,,,,,,,,,,,,,,,,,,,,,,,,,,,,,,,,,,,,,,,,,,,,,,,,,,,,,,,,,,,,52.708,54.354,54.672,52.271,41087804.0,2209928660.02
2023-03-06,,,,,,,,,,,,,,,,,,,,,,,,,,,,,,,,,,,,,,,,,,,,,,,,,,,,,,,,,,,,,,,,,,,,,,,,,,,,,,,,,,,,,,,,,,,,,,,,,,,,,,,,,,,,,,,,,,,,,,,,,,,,,,,,,,,,,,,,,,,,,,,,,,,,,,,,,,,,,,,,,,,,,,,,,,,,,,,,,,,,,,,,,,,,,,,,,,,,,,,,,,,,,,,,,,,,,,,,,,,,,,,,,,,,,,,,,,,,,,,,,,,,,,,,,,,,,,,,,,,,,,,,,,,,,,,,,,,,,,,,,,,,,,,,,,,,,,,,,,,,,,,,,,,60.018,54.106,62.071,52.698,78162050.0,4417774709.34
2023-03-07,,,,,,,,,,,,,,,,,,,,,,,,,,,,,,,,,,,,,,,,,,,,,,,,,,,,,,,,,,,,,,,,,,,,,,,,,,,,,,,,,,,,,,,,,,,,,,,,,,,,,,,,,,,,,,,,,,,,,,,,,,,,,,,,,,,,,,,,,,,,,,,,,,,,,,,,,,,,,,,,,,,,,,,,,,,,,,,,,,,,,,,,,,,,,,,,,,,,,,,,,,,,,,,,,,,,,,,,,,,,,,,,,,,,,,,,,,,,,,,,,,,,,,,,,,,,,,,,,,,,,,,,,,,,,,,,,,,,,,,,,,,,,,,,,,,,,,,,,,,,,,,,,,,59.214,58.817,61.872,58.054,55933217.0,3370067989.44
2023-03-08,,,,,,,,,,,,,,,,,,,,,,,,,,,,,,,,,,,,,,,,,,,,,,,,,,,,,,,,,,,,,,,,,,,,,,,,,,,,,,,,,,,,,,,,,,,,,,,,,,,,,,,,,,,,,,,,,,,,,,,,,,,,,,,,,,,,,,,,,,,,,,,,,,,,,,,,,,,,,,,,,,,,,,,,,,,,,,,,,,,,,,,,,,,,,,,,,,,,,,,,,,,,,,,,,,,,,,,,,,,,,,,,,,,,,,,,,,,,,,,,,,,,,,,,,,,,,,,,,,,,,,,,,,,,,,,,,,,,,,,,,,,,,,,,,,,,,,,,,,,,,,,,,,,62.983,59.016,64.134,58.242,61105349.0,3790400451.37
2023-03-09,,,,,,,,,,,,,,,,,,,,,,,,,,,,,,,,,,,,,,,,,,,,,,,,,,,,,,,,,,,,,,,,,,,,,,,,,,,,,,,,,,,,,,,,,,,,,,,,,,,,,,,,,,,,,,,,,,,,,,,,,,,,,,,,,,,,,,,,,,,,,,,,,,,,,,,,,,,,,,,,,,,,,,,,,,,,,,,,,,,,,,,,,,,,,,,,,,,,,,,,,,,,,,,,,,,,,,,,,,,,,,,,,,,,,,,,,,,,,,,,,,,,,,,,,,,,,,,,,,,,,,,,,,,,,,,,,,,,,,,,,,,,,,,,,,,,,,,,,,,,,,,,,,,61.853,62.438,63.36,61.0,39516137.0,2467810836.81
2023-03-10,,,,,,,,,,,,,,,,,,,,,,,,,,,,,,,,,,,,,,,,,,,,,,,,,,,,,,,,,,,,,,,,,,,,,,,,,,,,,,,,,,,,,,,,,,,,,,,,,,,,,,,,,,,,,,,,,,,,,,,,,,,,,,,,,,,,,,,,,,,,,,,,,,,,,,,,,,,,,,,,,,,,,,,,,,,,,,,,,,,,,,,,,,,,,,,,,,,,,,,,,,,,,,,,,,,,,,,,,,,,,,,,,,,,,,,,,,,,,,,,,,,,,,,,,,,,,,,,,,,,,,,,,,,,,,,,,,,,,,,,,,,,,,,,,,,,,,,,,,,,,,,,,,,52.767,61.218,64.352,52.162,92552740.0,5364775503.13
2023-03-13,,,,,,,,,,,,,,,,,,,,,,,,,,,,,,,,,,,,,,,,,,,,,,,,,,,,,,,,,,,,,,,,,,,,,,,,,,,,,,,,,,,,,,,,,,,,,,,,,,,,,,,,,,,,,,,,,,,,,,,,,,,,,,,,,,,,,,,,,,,,,,,,,,,,,,,,,,,,,,,,,,,,,,,,,,,,,,,,,,,,,,,,,,,,,,,,,,,,,,,,,,,,,,,,,,,,,,,,,,,,,,,,,,,,,,,,,,,,,,,,,,,,,,,,,,,,,,,,,,,,,,,,,,,,,,,,,,,,,,,,,,,,,,,,,,,,,,,,,,,,,,,,,,,52.549,51.081,54.513,51.081,51230745.0,2724103751.6
2023-03-14,,,,,,,,,,,,,,,,,,,,,,,,,,,,,,,,,,,,,,,,,,,,,,,,,,,,,,,,,,,,,,,,,,,,,,,,,,,,,,,,,,,,,,,,,,,,,,,,,,,,,,,,,,,,,,,,,,,,,,,,,,,,,,,,,,,,,,,,,,,,,,,,,,,,,,,,,,,,,,,,,,,,,,,,,,,,,,,,,,,,,,,,,,,,,,,,,,,,,,,,,,,,,,,,,,,,,,,,,,,,,,,,,,,,,,,,,,,,,,,,,,,,,,,,,,,,,,,,,,,,,,,,,,,,,,,,,,,,,,,,,,,,,,,,,,,,,,,,,,,,,,,,,,,50.783,52.569,52.866,50.287,40587832.0,2100028819.07
2023-03-15,,,,,,,,,,,,,,,,,,,,,,,,,,,,,,,,,,,,,,,,,,,,,,,,,,,,,,,,,,,,,,,,,,,,,,,,,,,,,,,,,,,,,,,,,,,,,,,,,,,,,,,,,,,,,,,,,,,,,,,,,,,,,,,,,,,,,,,,,,,,,,,,,,,,,,,,,,,,,,,,,,,,,,,,,,,,,,,,,,,,,,,,,,,,,,,,,,,,,,,,,,,,,,,,,,,,,,,,,,,,,,,,,,,,,,,,,,,,,,,,,,,,,,,,,,,,,,,,,,,,,,,,,,,,,,,,,,,,,,,,,,,,,,,,,,,,,,,,,,,,,,,,,,,51.22,50.912,51.577,49.633,29250372.0,1496353636.16
2023-03-16,,,,,,,,,,,,,,,,,,,,,,,,,,,,,,,,,,,,,,,,,,,,,,,,,,,,,,,,,,,,,,,,,,,,,,,,,,,,,,,,,,,,,,,,,,,,,,,,,,,,,,,,,,,,,,,,,,,,,,,,,,,,,,,,,,,,,,,,,,,,,,,,,,,,,,,,,,,,,,,,,,,,,,,,,,,,,,,,,,,,,,,,,,,,,,,,,,,,,,,,,,,,,,,,,,,,,,,,,,,,,,,,,,,,,,,,,,,,,,,,,,,,,,,,,,,,,,,,,,,,,,,,,,,,,,,,,,,,,,,,,,,,,,,,,,,,,,,,,,,,,,,,,,,48.036,50.585,50.734,47.609,52838712.0,2610377417.46
2023-03-17,,,,,,,,,,,,,,,,,,,,,,,,,,,,,,,,,,,,,,,,,,,,,,,,,,,,,,,,,,,,,,,,,,,,,,,,,,,,,,,,,,,,,,,,,,,,,,,,,,,,,,,,,,,,,,,,,,,,,,,,,,,,,,,,,,,,,,,,,,,,,,,,,,,,,,,,,,,,,,,,,,,,,,,,,,,,,,,,,,,,,,,,,,,,,,,,,,,,,,,,,,,,,,,,,,,,,,,,,,,,,,,,,,,,,,,,,,,,,,,,,,,,,,,,,,,,,,,,,,,,,,,,,,,,,,,,,,,,,,,,,,,,,,,,,,,,,,,,,,,,,,,,,,,47.828,48.324,48.839,47.213,34101433.0,1652840525.14
2023-03-20,,,,,,,,,,,,,,,,,,,,,,,,,,,,,,,,,,,,,,,,,,,,,,,,,,,,,,,,,,,,,,,,,,,,,,,,,,,,,,,,,,,,,,,,,,,,,,,,,,,,,,,,,,,,,,,,,,,,,,,,,,,,,,,,,,,,,,,,,,,,,,,,,,,,,,,,,,,,,,,,,,,,,,,,,,,,,,,,,,,,,,,,,,,,,,,,,,,,,,,,,,,,,,,,,,,,,,,,,,,,,,,,,,,,,,,,,,,,,,,,,,,,,,,,,,,,,,,,,,,,,,,,,,,,,,,,,,,,,,,,,,,,,,,,,,,,,,,,,,,,,,,,,,,48.502,47.421,49.097,46.895,29593730.0,1430187764.37
2023-03-21,,,,,,,,,,,,,,,,,,,,,,,,,,,,,,,,,,,,,,,,,,,,,,,,,,,,,,,,,,,,,,,,,,,,,,,,,,,,,,,,,,,,,,,,,,,,,,,,,,,,,,,,,,,,,,,,,,,,,,,,,,,,,,,,,,,,,,,,,,,,,,,,,,,,,,,,,,,,,,,,,,,,,,,,,,,,,,,,,,,,,,,,,,,,,,,,,,,,,,,,,,,,,,,,,,,,,,,,,,,,,,,,,,,,,,,,,,,,,,,,,,,,,,,,,,,,,,,,,,,,,,,,,,,,,,,,,,,,,,,,,,,,,,,,,,,,,,,,,,,,,,,,,,,49.97,49.276,51.775,48.988,52643827.0,2677121690.61
2023-03-22,,,,,,,,,,,,,,,,,,,,,,,,,,,,,,,,,,,,,,,,,,,,,,,,,,,,,,,,,,,,,,,,,,,,,,,,,,,,,,,,,,,,,,,,,,,,,,,,,,,,,,,,,,,,,,,,,,,,,,,,,,,,,,,,,,,,,,,,,,,,,,,,,,,,,,,,,,,,,,,,,,,,,,,,,,,,,,,,,,,,,,,,,,,,,,,,,,,,,,,,,,,,,,,,,,,,,,,,,,,,,,,,,,,,,,,,,,,,,,,,,,,,,,,,,,,,,,,,,,,,,,,,,,,,,,,,,,,,,,,,,,,,,,,,,,,,,,,,,,,,,,,,,,,48.304,49.841,50.139,47.49,43071491.0,2108723117.58
2023-03-23,,,,,,,,,,,,,,,,,,,,,,,,,,,,,,,,,,,,,,,,,,,,,,,,,,,,,,,,,,,,,,,,,,,,,,,,,,,,,,,,,,,,,,,,,,,,,,,,,,,,,,,,,,,,,,,,,,,,,,,,,,,,,,,,,,,,,,,,,,,,,,,,,,,,,,,,,,,,,,,,,,,,,,,,,,,,,,,,,,,,,,,,,,,,,,,,,,,,,,,,,,,,,,,,,,,,,,,,,,,,,,,,,,,,,,,,,,,,,,,,,,,,,,,,,,,,,,,,,,,,,,,,,,,,,,,,,,,,,,,,,,,,,,,,,,,,,,,,,,,,,,,,,,,51.19,47.818,51.874,47.411,47150625.0,2352428548.12
2023-03-24,,,,,,,,,,,,,,,,,,,,,,,,,,,,,,,,,,,,,,,,,,,,,,,,,,,,,,,,,,,,,,,,,,,,,,,,,,,,,,,,,,,,,,,,,,,,,,,,,,,,,,,,,,,,,,,,,,,,,,,,,,,,,,,,,,,,,,,,,,,,,,,,,,,,,,,,,,,,,,,,,,,,,,,,,,,,,,,,,,,,,,,,,,,,,,,,,,,,,,,,,,,,,,,,,,,,,,,,,,,,,,,,,,,,,,,,,,,,,,,,,,,,,,,,,,,,,,,,,,,,,,,,,,,,,,,,,,,,,,,,,,,,,,,,,,,,,,,,,,,,,,,,,,,53.709,50.615,53.997,50.605,51090339.0,2686698429.58
2023-03-27,,,,,,,,,,,,,,,,,,,,,,,,,,,,,,,,,,,,,,,,,,,,,,,,,,,,,,,,,,,,,,,,,,,,,,,,,,,,,,,,,,,,,,,,,,,,,,,,,,,,,,,,,,,,,,,,,,,,,,,,,,,,,,,,,,,,,,,,,,,,,,,,,,,,,,,,,,,,,,,,,,,,,,,,,,,,,,,,,,,,,,,,,,,,,,,,,,,,,,,,,,,,,,,,,,,,,,,,,,,,,,,,,,,,,,,,,,,,,,,,,,,,,,,,,,,,,,,,,,,,,,,,,,,,,,,,,,,,,,,,,,,,,,,,,,,,,,,,,,,,,,,,,,,55.088,54.156,55.792,51.636,54270941.0,2970186959.27
2023-03-28,,,,,,,,,,,,,,,,,,,,,,,,,,,,,,,,,,,,,,,,,,,,,,,,,,,,,,,,,,,,,,,,,,,,,,,,,,,,,,,,,,,,,,,,,,,,,,,,,,,,,,,,,,,,,,,,,,,,,,,,,,,,,,,,,,,,,,,,,,,,,,,,,,,,,,,,,,,,,,,,,,,,,,,,,,,,,,,,,,,,,,,,,,,,,,,,,,,,,,,,,,,,,,,,,,,,,,,,,,,,,,,,,,,,,,,,,,,,,,,,,,,,,,,,,,,,,,,,,,,,,,,,,,,,,,,,,,,,,,,,,,,,,,,,,,,,,,,,,,,,,,,,,,,52.46,54.622,56.417,52.341,44438631.0,2439527541.96
2023-03-29,,,,,,,,,,,,,,,,,,,,,,,,,,,,,,,,,,,,,,,,,,,,,,,,,,,,,,,,,,,,,,,,,,,,,,,,,,,,,,,,,,,,,,,,,,,,,,,,,,,,,,,,,,,,,,,,,,,,,,,,,,,,,,,,,,,,,,,,,,,,,,,,,,,,,,,,,,,,,,,,,,,,,,,,,,,,,,,,,,,,,,,,,,,,,,,,,,,,,,,,,,,,,,,,,,,,,,,,,,,,,,,,,,,,,,,,,,,,,,,,,,,,,,,,,,,,,,,,,,,,,,,,,,,,,,,,,,,,,,,,,,,,,,,,,,,,,,,,,,,,,,,,,,,50.496,51.428,51.656,49.623,38261993.0,1957282003.62
2023-03-30,,,,,,,,,,,,,,,,,,,,,,,,,,,,,,,,,,,,,,,,,,,,,,,,,,,,,,,,,,,,,,,,,,,,,,,,,,,,,,,,,,,,,,,,,,,,,,,,,,,,,,,,,,,,,,,,,,,,,,,,,,,,,,,,,,,,,,,,,,,,,,,,,,,,,,,,,,,,,,,,,,,,,,,,,,,,,,,,,,,,,,,,,,,,,,,,,,,,,,,,,,,,,,,,,,,,,,,,,,,,,,,,,,,,,,,,,,,,,,,,,,,,,,,,,,,,,,,,,,,,,,,,,,,,,,,,,,,,,,,,,,,,,,,,,,,,,,,,,,,,,,,,,,,49.296,51.031,51.418,49.296,26825283.0,1363920160.52
2023-03-31,,,,,,,,,,,,,,,,,,,,,,,,,,,,,,,,,,,,,,,,,,,,,,,,,,,,,,,,,,,,,,,,,,,,,,,,,,,,,,,,,,,,,,,,,,,,,,,,,,,,,,,,,,,,,,,,,,,,,,,,,,,,,,,,,,,,,,,,,,,,,,,,,,,,,,,,,,,,,,,,,,,,,,,,,,,,,,,,,,,,,,,,,,,,,,,,,,,,,,,,,,,,,,,,,,,,,,,,,,,,,,,,,,,,,,,,,,,,,,,,,,,,,,,,,,,,,,,,,,,,,,,,,,,,,,,,,,,,,,,,,,,,,,,,,,,,,,,,,,,,,,,,,,,49.563,49.256,49.92,48.869,21770758.0,1084220492.06
2023-04-03,,,,,,,,,,,,,,,,,,,,,,,,,,,,,,,,,,,,,,,,,,,,,,,,,,,,,,,,,,,,,,,,,,,,,,,,,,,,,,,,,,,,,,,,,,,,,,,,,,,,,,,,,,,,,,,,,,,,,,,,,,,,,,,,,,,,,,,,,,,,,,,,,,,,,,,,,,,,,,,,,,,,,,,,,,,,,,,,,,,,,,,,,,,,,,,,,,,,,,,,,,,,,,,,,,,,,,,,,,,,,,,,,,,,,,,,,,,,,,,,,,,,,,,,,,,,,,,,,,,,,,,,,,,,,,,,,,,,,,,,,,,,,,,,,,,,,,,,,,,,,,,,,,,49.296,49.107,49.742,48.78,26773032.0,1328911974.89
2023-04-04,,,,,,,,,,,,,,,,,,,,,,,,,,,,,,,,,,,,,,,,,,,,,,,,,,,,,,,,,,,,,,,,,,,,,,,,,,,,,,,,,,,,,,,,,,,,,,,,,,,,,,,,,,,,,,,,,,,,,,,,,,,,,,,,,,,,,,,,,,,,,,,,,,,,,,,,,,,,,,,,,,,,,,,,,,,,,,,,,,,,,,,,,,,,,,,,,,,,,,,,,,,,,,,,,,,,,,,,,,,,,,,,,,,,,,,,,,,,,,,,,,,,,,,,,,,,,,,,,,,,,,,,,,,,,,,,,,,,,,,,,,,,,,,,,,,,,,,,,,,,,,,,,,,52.509,49.097,52.757,48.105,50816875.0,2594685234.33
2023-04-06,,,,,,,,,,,,,,,,,,,,,,,,,,,,,,,,,,,,,,,,,,,,,,,,,,,,,,,,,,,,,,,,,,,,,,,,,,,,,,,,,,,,,,,,,,,,,,,,,,,,,,,,,,,,,,,,,,,,,,,,,,,,,,,,,,,,,,,,,,,,,,,,,,,,,,,,,,,,,,,,,,,,,,,,,,,,,,,,,,,,,,,,,,,,,,,,,,,,,,,,,,,,,,,,,,,,,,,,,,,,,,,,,,,,,,,,,,,,,,,,,,,,,,,,,,,,,,,,,,,,,,,,,,,,,,,,,,,,,,,,,,,,,,,,,,,,,,,,,,,,,,,,,,,52.45,51.775,53.719,50.893,37291310.0,1958526190.28
2023-04-07,,,,,,,,,,,,,,,,,,,,,,,,,,,,,,,,,,,,,,,,,,,,,,,,,,,,,,,,,,,,,,,,,,,,,,,,,,,,,,,,,,,,,,,,,,,,,,,,,,,,,,,,,,,,,,,,,,,,,,,,,,,,,,,,,,,,,,,,,,,,,,,,,,,,,,,,,,,,,,,,,,,,,,,,,,,,,,,,,,,,,,,,,,,,,,,,,,,,,,,,,,,,,,,,,,,,,,,,,,,,,,,,,,,,,,,,,,,,,,,,,,,,,,,,,,,,,,,,,,,,,,,,,,,,,,,,,,,,,,,,,,,,,,,,,,,,,,,,,,,,,,,,,,,50.159,52.45,52.698,50.109,29717185.0,1529131733.41
2023-04-10,,,,,,,,,,,,,,,,,,,,,,,,,,,,,,,,,,,,,,,,,,,,,,,,,,,,,,,,,,,,,,,,,,,,,,,,,,,,,,,,,,,,,,,,,,,,,,,,,,,,,,,,,,,,,,,,,,,,,,,,,,,,,,,,,,,,,,,,,,,,,,,,,,,,,,,,,,,,,,,,,,,,,,,,,,,,,,,,,,,,,,,,,,,,,,,,,,,,,,,,,,,,,,,,,,,,,,,,,,,,,,,,,,,,,,,,,,,,,,,,,,,,,,,,,,,,,,,,,,,,,,,,,,,,,,,,,,,,,,,,,,,,,,,,,,,,,,,,,,,,,,,,,,,49.891,50.168,51.716,49.593,25066066.0,1273836633.28
2023-04-11,,,,,,,,,,,,,,,,,,,,,,,,,,,,,,,,,,,,,,,,,,,,,,,,,,,,,,,,,,,,,,,,,,,,,,,,,,,,,,,,,,,,,,,,,,,,,,,,,,,,,,,,,,,,,,,,,,,,,,,,,,,,,,,,,,,,,,,,,,,,,,,,,,,,,,,,,,,,,,,,,,,,,,,,,,,,,,,,,,,,,,,,,,,,,,,,,,,,,,,,,,,,,,,,,,,,,,,,,,,,,,,,,,,,,,,,,,,,,,,,,,,,,,,,,,,,,,,,,,,,,,,,,,,,,,,,,,,,,,,,,,,,,,,,,,,,,,,,,,,,,,,,,,,49.097,49.643,49.772,48.373,20386341.0,1009013570.08
2023-04-12,,,,,,,,,,,,,,,,,,,,,,,,,,,,,,,,,,,,,,,,,,,,,,,,,,,,,,,,,,,,,,,,,,,,,,,,,,,,,,,,,,,,,,,,,,,,,,,,,,,,,,,,,,,,,,,,,,,,,,,,,,,,,,,,,,,,,,,,,,,,,,,,,,,,,,,,,,,,,,,,,,,,,,,,,,,,,,,,,,,,,,,,,,,,,,,,,,,,,,,,,,,,,,,,,,,,,,,,,,,,,,,,,,,,,,,,,,,,,,,,,,,,,,,,,,,,,,,,,,,,,,,,,,,,,,,,,,,,,,,,,,,,,,,,,,,,,,,,,,,,,,,,,,,49.286,49.444,49.782,48.75,16015187.0,795849382.44
2023-04-13,,,,,,,,,,,,,,,,,,,,,,,,,,,,,,,,,,,,,,,,,,,,,,,,,,,,,,,,,,,,,,,,,,,,,,,,,,,,,,,,,,,,,,,,,,,,,,,,,,,,,,,,,,,,,,,,,,,,,,,,,,,,,,,,,,,,,,,,,,,,,,,,,,,,,,,,,,,,,,,,,,,,,,,,,,,,,,,,,,,,,,,,,,,,,,,,,,,,,,,,,,,,,,,,,,,,,,,,,,,,,,,,,,,,,,,,,,,,,,,,,,,,,,,,,,,,,,,,,,,,,,,,,,,,,,,,,,,,,,,,,,,,,,,,,,,,,,,,,,,,,,,,,,,48.8,48.899,50.466,48.8,18870948.0,942230041.74
2023-04-14,,,,,,,,,,,,,,,,,,,,,,,,,,,,,,,,,,,,,,,,,,,,,,,,,,,,,,,,,,,,,,,,,,,,,,,,,,,,,,,,,,,,,,,,,,,,,,,,,,,,,,,,,,,,,,,,,,,,,,,,,,,,,,,,,,,,,,,,,,,,,,,,,,,,,,,,,,,,,,,,,,,,,,,,,,,,,,,,,,,,,,,,,,,,,,,,,,,,,,,,,,,,,,,,,,,,,,,,,,,,,,,,,,,,,,,,,,,,,,,,,,,,,,,,,,,,,,,,,,,,,,,,,,,,,,,,,,,,,,,,,,,,,,,,,,,,,,,,,,,,,,,,,,,49.058,48.611,49.553,48.353,16062330.0,793050118.91
2023-04-17,,,,,,,,,,,,,,,,,,,,,,,,,,,,,,,,,,,,,,,,,,,,,,,,,,,,,,,,,,,,,,,,,,,,,,,,,,,,,,,,,,,,,,,,,,,,,,,,,,,,,,,,,,,,,,,,,,,,,,,,,,,,,,,,,,,,,,,,,,,,,,,,,,,,,,,,,,,,,,,,,,,,,,,,,,,,,,,,,,,,,,,,,,,,,,,,,,,,,,,,,,,,,,,,,,,,,,,,,,,,,,,,,,,,,,,,,,,,,,,,,,,,,,,,,,,,,,,,,,,,,,,,,,,,,,,,,,,,,,,,,,,,,,,,,,,,,,,,,,,,,,,,,,,48.948,48.631,50.049,47.897,19141925.0,944770339.96
2023-04-18,,,,,,,,,,,,,,,,,,,,,,,,,,,,,,,,,,,,,,,,,,,,,,,,,,,,,,,,,,,,,,,,,,,,,,,,,,,,,,,,,,,,,,,,,,,,,,,,,,,,,,,,,,,,,,,,,,,,,,,,,,,,,,,,,,,,,,,,,,,,,,,,,,,,,,,,,,,,,,,,,,,,,,,,,,,,,,,,,,,,,,,,,,,,,,,,,,,,,,,,,,,,,,,,,,,,,,,,,,,,,,,,,,,,,,,,,,,,,,,,,,,,,,,,,,,,,,,,,,,,,,,,,,,,,,,,,,,,,,,,,,,,,,,,,,,,,,,,,,,,,,,,,,,49.841,48.929,50.089,48.601,18760184.0,937466617.68
2023-04-19,,,,,,,,,,,,,,,,,,,,,,,,,,,,,,,,,,,,,,,,,,,,,,,,,,,,,,,,,,,,,,,,,,,,,,,,,,,,,,,,,,,,,,,,,,,,,,,,,,,,,,,,,,,,,,,,,,,,,,,,,,,,,,,,,,,,,,,,,,,,,,,,,,,,,,,,,,,,,,,,,,,,,,,,,,,,,,,,,,,,,,,,,,,,,,,,,,,,,,,,,,,,,,,,,,,,,,,,,,,,,,,,,,,,,,,,,,,,,,,,,,,,,,,,,,,,,,,,,,,,,,,,,,,,,,,,,,,,,,,,,,,,,,,,,,,,,,,,,,,,,,,,,,,49.365,49.99,50.416,48.79,20216344.0,1007025992.53
2023-04-20,,,,,,,,,,,,,,,,,,,,,,,,,,,,,,,,,,,,,,,,,,,,,,,,,,,,,,,,,,,,,,,,,,,,,,,,,,,,,,,,,,,,,,,,,,,,,,,,,,,,,,,,,,,,,,,,,,,,,,,,,,,,,,,,,,,,,,,,,,,,,,,,,,,,,,,,,,,,,,,,,,,,,,,,,,,,,,,,,,,,,,,,,,,,,,,,,,,,,,,,,,,,,,,,,,,,,,,,,,,,,,,,,,,,,,,,,,,,,,,,,,,,,,,,,,,,,,,,,,,,,,,,,,,,,,,,,,,,,,,,,,,,,,,,,,,,,,,,,,,,,,,,,,,47.6,48.919,49.434,47.53,24045950.0,1171025373.14
2023-04-21,,,,,,,,,,,,,,,,,,,,,,,,,,,,,,,,,,,,,,,,,,,,,,,,,,,,,,,,,,,,,,,,,,,,,,,,,,,,,,,,,,,,,,,,,,,,,,,,,,,,,,,,,,,,,,,,,,,,,,,,,,,,,,,,,,,,,,,,,,,,,,,,,,,,,,,,,,,,,,,,,,,,,,,,,,,,,,,,,,,,,,,,,,,,,,,,,,,,,,,,,,,,,,,,,,,,,,,,,,,,,,,,,,,,,,,,,,,,,,,,,,,,,,,,,,,,,,,,,,,,,,,,,,,,,,,,,,,,,,,,,,,,,,,,,,,,,,,,,,,,,,,,,,,48.403,47.361,49.99,47.322,29456861.0,1454582917.78
2023-04-24,,,,,,,,,,,,,,,,,,,,,,,,,,,,,,,,,,,,,,,,,,,,,,,,,,,,,,,,,,,,,,,,,,,,,,,,,,,,,,,,,,,,,,,,,,,,,,,,,,,,,,,,,,,,,,,,,,,,,,,,,,,,,,,,,,,,,,,,,,,,,,,,,,,,,,,,,,,,,,,,,,,,,,,,,,,,,,,,,,,,,,,,,,,,,,,,,,,,,,,,,,,,,,,,,,,,,,,,,,,,,,,,,,,,,,,,,,,,,,,,,,,,,,,,,,,,,,,,,,,,,,,,,,,,,,,,,,,,,,,,,,,,,,,,,,,,,,,,,,,,,,,,,,,46.687,47.619,47.986,46.3,22189982.0,1050120487.98
2023-04-25,,,,,,,,,,,,,,,,,,,,,,,,,,,,,,,,,,,,,,,,,,,,,,,,,,,,,,,,,,,,,,,,,,,,,,,,,,,,,,,,,,,,,,,,,,,,,,,,,,,,,,,,,,,,,,,,,,,,,,,,,,,,,,,,,,,,,,,,,,,,,,,,,,,,,,,,,,,,,,,,,,,,,,,,,,,,,,,,,,,,,,,,,,,,,,,,,,,,,,,,,,,,,,,,,,,,,,,,,,,,,,,,,,,,,,,,,,,,,,,,,,,,,,,,,,,,,,,,,,,,,,,,,,,,,,,,,,,,,,,,,,,,,,,,,,,,,,,,,,,,,,,,,,,46.469,46.687,47.114,45.14,16592679.0,774191548.94
2023-04-26,,,,,,,,,,,,,,,,,,,,,,,,,,,,,,,,,,,,,,,,,,,,,,,,,,,,,,,,,,,,,,,,,,,,,,,,,,,,,,,,,,,,,,,,,,,,,,,,,,,,,,,,,,,,,,,,,,,,,,,,,,,,,,,,,,,,,,,,,,,,,,,,,,,,,,,,,,,,,,,,,,,,,,,,,,,,,,,,,,,,,,,,,,,,,,,,,,,,,,,,,,,,,,,,,,,,,,,,,,,,,,,,,,,,,,,,,,,,,,,,,,,,,,,,,,,,,,,,,,,,,,,,,,,,,,,,,,,,,,,,,,,,,,,,,,,,,,,,,,,,,,,,,,,50.615,45.983,51.319,45.973,35267273.0,1746615223.77
2023-04-27,,,,,,,,,,,,,,,,,,,,,,,,,,,,,,,,,,,,,,,,,,,,,,,,,,,,,,,,,,,,,,,,,,,,,,,,,,,,,,,,,,,,,,,,,,,,,,,,,,,,,,,,,,,,,,,,,,,,,,,,,,,,,,,,,,,,,,,,,,,,,,,,,,,,,,,,,,,,,,,,,,,,,,,,,,,,,,,,,,,,,,,,,,,,,,,,,,,,,,,,,,,,,,,,,,,,,,,,,,,,,,,,,,,,,,,,,,,,,,,,,,,,,,,,,,,,,,,,,,,,,,,,,,,,,,,,,,,,,,,,,,,,,,,,,,,,,,,,,,,,,,,,,,,48.502,50.198,50.833,48.115,25685314.0,1287884983.52
2023-04-28,,,,,,,,,,,,,,,,,,,,,,,,,,,,,,,,,,,,,,,,,,,,,,,,,,,,,,,,,,,,,,,,,,,,,,,,,,,,,,,,,,,,,,,,,,,,,,,,,,,,,,,,,,,,,,,,,,,,,,,,,,,,,,,,,,,,,,,,,,,,,,,,,,,,,,,,,,,,,,,,,,,,,,,,,,,,,,,,,,,,,,,,,,,,,,,,,,,,,,,,,,,,,,,,,,,,,,,,,,,,,,,,,,,,,,,,,,,,,,,,,,,,,,,,,,,,,,,,,,,,,,,,,,,,,,,,,,,,,,,,,,,,,,,,,,,,,,,,,,,,,,,,,,,50.962,48.353,51.894,48.205,30710122.0,1560222328.43
2023-05-04,,,,,,,,,,,,,,,,,,,,,,,,,,,,,,,,,,,,,,,,,,,,,,,,,,,,,,,,,,,,,,,,,,,,,,,,,,,,,,,,,,,,,,,,,,,,,,,,,,,,,,,,,,,,,,,,,,,,,,,,,,,,,,,,,,,,,,,,,,,,,,,,,,,,,,,,,,,,,,,,,,,,,,,,,,,,,,,,,,,,,,,,,,,,,,,,,,,,,,,,,,,,,,,,,,,,,,,,,,,,,,,,,,,,,,,,,,,,,,,,,,,,,,,,,,,,,,,,,,,,,,,,,,,,,,,,,,,,,,,,,,,,,,,,,,,,,,,,,,,,,,,,,,,48.512,49.881,50.238,47.986,25078533.0,1236558769.44
2023-05-05,,,,,,,,,,,,,,,,,,,,,,,,,,,,,,,,,,,,,,,,,,,,,,,,,,,,,,,,,,,,,,,,,,,,,,,,,,,,,,,,,,,,,,,,,,,,,,,,,,,,,,,,,,,,,,,,,,,,,,,,,,,,,,,,,,,,,,,,,,,,,,,,,,,,,,,,,,,,,,,,,,,,,,,,,,,,,,,,,,,,,,,,,,,,,,,,,,,,,,,,,,,,,,,,,,,,,,,,,,,,,,,,,,,,,,,,,,,,,,,,,,,,,,,,,,,,,,,,,,,,,,,,,,,,,,,,,,,,,,,,,,,,,,,,,,,,,,,,,,,,,,,,,,,50.109,48.532,51.874,47.312,34338154.0,1732622586.34
2023-05-08,,,,,,,,,,,,,,,,,,,,,,,,,,,,,,,,,,,,,,,,,,,,,,,,,,,,,,,,,,,,,,,,,,,,,,,,,,,,,,,,,,,,,,,,,,,,,,,,,,,,,,,,,,,,,,,,,,,,,,,,,,,,,,,,,,,,,,,,,,,,,,,,,,,,,,,,,,,,,,,,,,,,,,,,,,,,,,,,,,,,,,,,,,,,,,,,,,,,,,,,,,,,,,,,,,,,,,,,,,,,,,,,,,,,,,,,,,,,,,,,,,,,,,,,,,,,,,,,,,,,,,,,,,,,,,,,,,,,,,,,,,,,,,,,,,,,,,,,,,,,,,,,,,,51.22,50.089,52.757,50.0,34666609.0,1804304536.47
2023-05-09,,,,,,,,,,,,,,,,,,,,,,,,,,,,,,,,,,,,,,,,,,,,,,,,,,,,,,,,,,,,,,,,,,,,,,,,,,,,,,,,,,,,,,,,,,,,,,,,,,,,,,,,,,,,,,,,,,,,,,,,,,,,,,,,,,,,,,,,,,,,,,,,,,,,,,,,,,,,,,,,,,,,,,,,,,,,,,,,,,,,,,,,,,,,,,,,,,,,,,,,,,,,,,,,,,,,,,,,,,,,,,,,,,,,,,,,,,,,,,,,,,,,,,,,,,,,,,,,,,,,,,,,,,,,,,,,,,,,,,,,,,,,,,,,,,,,,,,,,,,,,,,,,,,51.726,50.883,54.86,50.397,48349149.0,2568825959.0
2023-05-10,,,,,,,,,,,,,,,,,,,,,,,,,,,,,,,,,,,,,,,,,,,,,,,,,,,,,,,,,,,,,,,,,,,,,,,,,,,,,,,,,,,,,,,,,,,,,,,,,,,,,,,,,,,,,,,,,,,,,,,,,,,,,,,,,,,,,,,,,,,,,,,,,,,,,,,,,,,,,,,,,,,,,,,,,,,,,,,,,,,,,,,,,,,,,,,,,,,,,,,,,,,,,,,,,,,,,,,,,,,,,,,,,,,,,,,,,,,,,,,,,,,,,,,,,,,,,,,,,,,,,,,,,,,,,,,,,,,,,,,,,,,,,,,,,,,,,,,,,,,,,,,,,,,49.375,50.585,50.833,49.137,28029461.0,1404599612.41
2023-05-11,,,,,,,,,,,,,,,,,,,,,,,,,,,,,,,,,,,,,,,,,,,,,,,,,,,,,,,,,,,,,,,,,,,,,,,,,,,,,,,,,,,,,,,,,,,,,,,,,,,,,,,,,,,,,,,,,,,,,,,,,,,,,,,,,,,,,,,,,,,,,,,,,,,,,,,,,,,,,,,,,,,,,,,,,,,,,,,,,,,,,,,,,,,,,,,,,,,,,,,,,,,,,,,,,,,,,,,,,,,,,,,,,,,,,,,,,,,,,,,,,,,,,,,,,,,,,,,,,,,,,,,,,,,,,,,,,,,,,,,,,,,,,,,,,,,,,,,,,,,,,,,,,,,49.296,49.196,50.248,48.482,16586043.0,827205893.74
2023-05-12,,,,,,,,,,,,,,,,,,,,,,,,,,,,,,,,,,,,,,,,,,,,,,,,,,,,,,,,,,,,,,,,,,,,,,,,,,,,,,,,,,,,,,,,,,,,,,,,,,,,,,,,,,,,,,,,,,,,,,,,,,,,,,,,,,,,,,,,,,,,,,,,,,,,,,,,,,,,,,,,,,,,,,,,,,,,,,,,,,,,,,,,,,,,,,,,,,,,,,,,,,,,,,,,,,,,,,,,,,,,,,,,,,,,,,,,,,,,,,,,,,,,,,,,,,,,,,,,,,,,,,,,,,,,,,,,,,,,,,,,,,,,,,,,,,,,,,,,,,,,,,,,,,,47.808,48.909,49.712,47.778,17494829.0,857339620.05
2023-05-15,,,,,,,,,,,,,,,,,,,,,,,,,,,,,,,,,,,,,,,,,,,,,,,,,,,,,,,,,,,,,,,,,,,,,,,,,,,,,,,,,,,,,,,,,,,,,,,,,,,,,,,,,,,,,,,,,,,,,,,,,,,,,,,,,,,,,,,,,,,,,,,,,,,,,,,,,,,,,,,,,,,,,,,,,,,,,,,,,,,,,,,,,,,,,,,,,,,,,,,,,,,,,,,,,,,,,,,,,,,,,,,,,,,,,,,,,,,,,,,,,,,,,,,,,,,,,,,,,,,,,,,,,,,,,,,,,,,,,,,,,,,,,,,,,,,,,,,,,,,,,,,,,,,48.641,47.609,49.077,47.461,13781823.0,669338330.65
2023-05-16,,,,,,,,,,,,,,,,,,,,,,,,,,,,,,,,,,,,,,,,,,,,,,,,,,,,,,,,,,,,,,,,,,,,,,,,,,,,,,,,,,,,,,,,,,,,,,,,,,,,,,,,,,,,,,,,,,,,,,,,,,,,,,,,,,,,,,,,,,,,,,,,,,,,,,,,,,,,,,,,,,,,,,,,,,,,,,,,,,,,,,,,,,,,,,,,,,,,,,,,,,,,,,,,,,,,,,,,,,,,,,,,,,,,,,,,,,,,,,,,,,,,,,,,,,,,,,,,,,,,,,,,,,,,,,,,,,,,,,,,,,,,,,,,,,,,,,,,,,,,,,,,,,,48.026,48.403,48.879,47.818,11603571.0,563388781.88
2023-05-17,,,,,,,,,,,,,,,,,,,,,,,,,,,,,,,,,,,,,,,,,,,,,,,,,,,,,,,,,,,,,,,,,,,,,,,,,,,,,,,,,,,,,,,,,,,,,,,,,,,,,,,,,,,,,,,,,,,,,,,,,,,,,,,,,,,,,,,,,,,,,,,,,,,,,,,,,,,,,,,,,,,,,,,,,,,,,,,,,,,,,,,,,,,,,,,,,,,,,,,,,,,,,,,,,,,,,,,,,,,,,,,,,,,,,,,,,,,,,,,,,,,,,,,,,,,,,,,,,,,,,,,,,,,,,,,,,,,,,,,,,,,,,,,,,,,,,,,,,,,,,,,,,,,48.601,48.175,49.345,47.719,14364235.0,704177420.2
2023-05-18,,,,,,,,,,,,,,,,,,,,,,,,,,,,,,,,,,,,,,,,,,,,,,,,,,,,,,,,,,,,,,,,,,,,,,,,,,,,,,,,,,,,,,,,,,,,,,,,,,,,,,,,,,,,,,,,,,,,,,,,,,,,,,,,,,,,,,,,,,,,,,,,,,,,,,,,,,,,,,,,,,,,,,,,,,,,,,,,,,,,,,,,,,,,,,,,,,,,,,,,,,,,,,,,,,,,,,,,,,,,,,,,,,,,,,,,,,,,,,,,,,,,,,,,,,,,,,,,,,,,,,,,,,,,,,,,,,,,,,,,,,,,,,,,,,,,,,,,,,,,,,,,,,,48.79,48.135,49.365,48.076,14397041.0,706893717.12
2023-05-19,,,,,,,,,,,,,,,,,,,,,,,,,,,,,,,,,,,,,,,,,,,,,,,,,,,,,,,,,,,,,,,,,,,,,,,,,,,,,,,,,,,,,,,,,,,,,,,,,,,,,,,,,,,,,,,,,,,,,,,,,,,,,,,,,,,,,,,,,,,,,,,,,,,,,,,,,,,,,,,,,,,,,,,,,,,,,,,,,,,,,,,,,,,,,,,,,,,,,,,,,,,,,,,,,,,,,,,,,,,,,,,,,,,,,,,,,,,,,,,,,,,,,,,,,,,,,,,,,,,,,,,,,,,,,,,,,,,,,,,,,,,,,,,,,,,,,,,,,,,,,,,,,,,48.482,48.423,49.246,48.393,11352524.0,558268798.34
2023-05-22,,,,,,,,,,,,,,,,,,,,,,,,,,,,,,,,,,,,,,,,,,,,,,,,,,,,,,,,,,,,,,,,,,,,,,,,,,,,,,,,,,,,,,,,,,,,,,,,,,,,,,,,,,,,,,,,,,,,,,,,,,,,,,,,,,,,,,,,,,,,,,,,,,,,,,,,,,,,,,,,,,,,,,,,,,,,,,,,,,,,,,,,,,,,,,,,,,,,,,,,,,,,,,,,,,,,,,,,,,,,,,,,,,,,,,,,,,,,,,,,,,,,,,,,,,,,,,,,,,,,,,,,,,,,,,,,,,,,,,,,,,,,,,,,,,,,,,,,,,,,,,,,,,,47.788,48.195,48.581,47.51,10657617.0,514022019.11
2023-05-23,,,,,,,,,,,,,,,,,,,,,,,,,,,,,,,,,,,,,,,,,,,,,,,,,,,,,,,,,,,,,,,,,,,,,,,,,,,,,,,,,,,,,,,,,,,,,,,,,,,,,,,,,,,,,,,,,,,,,,,,,,,,,,,,,,,,,,,,,,,,,,,,,,,,,,,,,,,,,,,,,,,,,,,,,,,,,,,,,,,,,,,,,,,,,,,,,,,,,,,,,,,,,,,,,,,,,,,,,,,,,,,,,,,,,,,,,,,,,,,,,,,,,,,,,,,,,,,,,,,,,,,,,,,,,,,,,,,,,,,,,,,,,,,,,,,,,,,,,,,,,,,,,,,47.887,48.016,48.681,47.51,9361358.0,454270625.42
2023-05-24,,,,,,,,,,,,,,,,,,,,,,,,,,,,,,,,,,,,,,,,,,,,,,,,,,,,,,,,,,,,,,,,,,,,,,,,,,,,,,,,,,,,,,,,,,,,,,,,,,,,,,,,,,,,,,,,,,,,,,,,,,,,,,,,,,,,,,,,,,,,,,,,,,,,,,,,,,,,,,,,,,,,,,,,,,,,,,,,,,,,,,,,,,,,,,,,,,,,,,,,,,,,,,,,,,,,,,,,,,,,,,,,,,,,,,,,,,,,,,,,,,,,,,,,,,,,,,,,,,,,,,,,,,,,,,,,,,,,,,,,,,,,,,,,,,,,,,,,,,,,,,,,,,,47.728,47.887,48.205,47.56,7025132.0,338766624.98
2023-05-25,,,,,,,,,,,,,,,,,,,,,,,,,,,,,,,,,,,,,,,,,,,,,,,,,,,,,,,,,,,,,,,,,,,,,,,,,,,,,,,,,,,,,,,,,,,,,,,,,,,,,,,,,,,,,,,,,,,,,,,,,,,,,,,,,,,,,,,,,,,,,,,,,,,,,,,,,,,,,,,,,,,,,,,,,,,,,,,,,,,,,,,,,,,,,,,,,,,,,,,,,,,,,,,,,,,,,,,,,,,,,,,,,,,,,,,,,,,,,,,,,,,,,,,,,,,,,,,,,,,,,,,,,,,,,,,,,,,,,,,,,,,,,,,,,,,,,,,,,,,,,,,,,,,47.609,47.262,48.105,47.114,8999206.0,431488975.83
2023-05-26,,,,,,,,,,,,,,,,,,,,,,,,,,,,,,,,,,,,,,,,,,,,,,,,,,,,,,,,,,,,,,,,,,,,,,,,,,,,,,,,,,,,,,,,,,,,,,,,,,,,,,,,,,,,,,,,,,,,,,,,,,,,,,,,,,,,,,,,,,,,,,,,,,,,,,,,,,,,,,,,,,,,,,,,,,,,,,,,,,,,,,,,,,,,,,,,,,,,,,,,,,,,,,,,,,,,,,,,,,,,,,,,,,,,,,,,,,,,,,,,,,,,,,,,,,,,,,,,,,,,,,,,,,,,,,,,,,,,,,,,,,,,,,,,,,,,,,,,,,,,,,,,,,,48.413,47.609,48.899,47.332,13582706.0,662618541.19
2023-05-29,,,,,,,,,,,,,,,,,,,,,,,,,,,,,,,,,,,,,,,,,,,,,,,,,,,,,,,,,,,,,,,,,,,,,,,,,,,,,,,,,,,,,,,,,,,,,,,,,,,,,,,,,,,,,,,,,,,,,,,,,,,,,,,,,,,,,,,,,,,,,,,,,,,,,,,,,,,,,,,,,,,,,,,,,,,,,,,,,,,,,,,,,,,,,,,,,,,,,,,,,,,,,,,,,,,,,,,,,,,,,,,,,,,,,,,,,,,,,,,,,,,,,,,,,,,,,,,,,,,,,,,,,,,,,,,,,,,,,,,,,,,,,,,,,,,,,,,,,,,,,,,,,,,47.52,48.383,48.601,47.401,12202832.0,587490711.55
2023-05-30,,,,,,,,,,,,,,,,,,,,,,,,,,,,,,,,,,,,,,,,,,,,,,,,,,,,,,,,,,,,,,,,,,,,,,,,,,,,,,,,,,,,,,,,,,,,,,,,,,,,,,,,,,,,,,,,,,,,,,,,,,,,,,,,,,,,,,,,,,,,,,,,,,,,,,,,,,,,,,,,,,,,,,,,,,,,,,,,,,,,,,,,,,,,,,,,,,,,,,,,,,,,,,,,,,,,,,,,,,,,,,,,,,,,,,,,,,,,,,,,,,,,,,,,,,,,,,,,,,,,,,,,,,,,,,,,,,,,,,,,,,,,,,,,,,,,,,,,,,,,,,,,,,,47.163,47.133,47.53,46.33,13064044.0,617552535.08
2023-05-31,,,,,,,,,,,,,,,,,,,,,,,,,,,,,,,,,,,,,,,,,,,,,,,,,,,,,,,,,,,,,,,,,,,,,,,,,,,,,,,,,,,,,,,,,,,,,,,,,,,,,,,,,,,,,,,,,,,,,,,,,,,,,,,,,,,,,,,,,,,,,,,,,,,,,,,,,,,,,,,,,,,,,,,,,,,,,,,,,,,,,,,,,,,,,,,,,,,,,,,,,,,,,,,,,,,,,,,,,,,,,,,,,,,,,,,,,,,,,,,,,,,,,,,,,,,,,,,,,,,,,,,,,,,,,,,,,,,,,,,,,,,,,,,,,,,,,,,,,,,,,,,,,,,47.133,47.401,47.58,46.945,9246482.0,440225618.47
2023-06-01,,,,,,,,,,,,,,,,,,,,,,,,,,,,,,,,,,,,,,,,,,,,,,,,,,,,,,,,,,,,,,,,,,,,,,,,,,,,,,,,,,,,,,,,,,,,,,,,,,,,,,,,,,,,,,,,,,,,,,,,,,,,,,,,,,,,,,,,,,,,,,,,,,,,,,,,,,,,,,,,,,,,,,,,,,,,,,,,,,,,,,,,,,,,,,,,,,,,,,,,,,,,,,,,,,,,,,,,,,,,,,,,,,,,,,,,,,,,,,,,,,,,,,,,,,,,,,,,,,,,,,,,,,,,,,,,,,,,,,,,,,,,,,,,,,,,,,,,,,,,,,,,,,,46.518,46.756,47.471,46.28,12271407.0,578797760.32
2023-06-02,,,,,,,,,,,,,,,,,,,,,,,,,,,,,,,,,,,,,,,,,,,,,,,,,,,,,,,,,,,,,,,,,,,,,,,,,,,,,,,,,,,,,,,,,,,,,,,,,,,,,,,,,,,,,,,,,,,,,,,,,,,,,,,,,,,,,,,,,,,,,,,,,,,,,,,,,,,,,,,,,,,,,,,,,,,,,,,,,,,,,,,,,,,,,,,,,,,,,,,,,,,,,,,,,,,,,,,,,,,,,,,,,,,,,,,,,,,,,,,,,,,,,,,,,,,,,,,,,,,,,,,,,,,,,,,,,,,,,,,,,,,,,,,,,,,,,,,,,,,,,,,,,,,46.885,46.518,47.242,46.439,8721277.0,411764874.16
2023-06-05,,,,,,,,,,,,,,,,,,,,,,,,,,,,,,,,,,,,,,,,,,,,,,,,,,,,,,,,,,,,,,,,,,,,,,,,,,,,,,,,,,,,,,,,,,,,,,,,,,,,,,,,,,,,,,,,,,,,,,,,,,,,,,,,,,,,,,,,,,,,,,,,,,,,,,,,,,,,,,,,,,,,,,,,,,,,,,,,,,,,,,,,,,,,,,,,,,,,,,,,,,,,,,,,,,,,,,,,,,,,,,,,,,,,,,,,,,,,,,,,,,,,,,,,,,,,,,,,,,,,,,,,,,,,,,,,,,,,,,,,,,,,,,,,,,,,,,,,,,,,,,,,,,,46.816,47.004,47.292,46.707,7089431.0,335810233.07
2023-06-06,,,,,,,,,,,,,,,,,,,,,,,,,,,,,,,,,,,,,,,,,,,,,,,,,,,,,,,,,,,,,,,,,,,,,,,,,,,,,,,,,,,,,,,,,,,,,,,,,,,,,,,,,,,,,,,,,,,,,,,,,,,,,,,,,,,,,,,,,,,,,,,,,,,,,,,,,,,,,,,,,,,,,,,,,,,,,,,,,,,,,,,,,,,,,,,,,,,,,,,,,,,,,,,,,,,,,,,,,,,,,,,,,,,,,,,,,,,,,,,,,,,,,,,,,,,,,,,,,,,,,,,,,,,,,,,,,,,,,,,,,,,,,,,,,,,,,,,,,,,,,,,,,,,46.399,46.578,47.044,45.943,11174094.0,523549825.71
2023-06-07,,,,,,,,,,,,,,,,,,,,,,,,,,,,,,,,,,,,,,,,,,,,,,,,,,,,,,,,,,,,,,,,,,,,,,,,,,,,,,,,,,,,,,,,,,,,,,,,,,,,,,,,,,,,,,,,,,,,,,,,,,,,,,,,,,,,,,,,,,,,,,,,,,,,,,,,,,,,,,,,,,,,,,,,,,,,,,,,,,,,,,,,,,,,,,,,,,,,,,,,,,,,,,,,,,,,,,,,,,,,,,,,,,,,,,,,,,,,,,,,,,,,,,,,,,,,,,,,,,,,,,,,,,,,,,,,,,,,,,,,,,,,,,,,,,,,,,,,,,,,,,,,,,,46.379,46.399,46.885,46.211,6552322.0,306800689.7
2023-06-08,,,,,,,,,,,,,,,,,,,,,,,,,,,,,,,,,,,,,,,,,,,,,,,,,,,,,,,,,,,,,,,,,,,,,,,,,,,,,,,,,,,,,,,,,,,,,,,,,,,,,,,,,,,,,,,,,,,,,,,,,,,,,,,,,,,,,,,,,,,,,,,,,,,,,,,,,,,,,,,,,,,,,,,,,,,,,,,,,,,,,,,,,,,,,,,,,,,,,,,,,,,,,,,,,,,,,,,,,,,,,,,,,,,,,,,,,,,,,,,,,,,,,,,,,,,,,,,,,,,,,,,,,,,,,,,,,,,,,,,,,,,,,,,,,,,,,,,,,,,,,,,,,,,46.479,45.655,47.024,45.655,7669838.0,359544284.27
2023-06-09,,,,,,,,,,,,,,,,,,,,,,,,,,,,,,,,,,,,,,,,,,,,,,,,,,,,,,,,,,,,,,,,,,,,,,,,,,,,,,,,,,,,,,,,,,,,,,,,,,,,,,,,,,,,,,,,,,,,,,,,,,,,,,,,,,,,,,,,,,,,,,,,,,,,,,,,,,,,,,,,,,,,,,,,,,,,,,,,,,,,,,,,,,,,,,,,,,,,,,,,,,,,,,,,,,,,,,,,,,,,,,,,,,,,,,,,,,,,,,,,,,,,,,,,,,,,,,,,,,,,,,,,,,,,,,,,,,,,,,,,,,,,,,,,,,,,,,,,,,,,,,,,,,,46.727,46.349,46.945,46.27,7639957.0,358946772.83
2023-06-12,,,,,,,,,,,,,,,,,,,,,,,,,,,,,,,,,,,,,,,,,,,,,,,,,,,,,,,,,,,,,,,,,,,,,,,,,,,,,,,,,,,,,,,,,,,,,,,,,,,,,,,,,,,,,,,,,,,,,,,,,,,,,,,,,,,,,,,,,,,,,,,,,,,,,,,,,,,,,,,,,,,,,,,,,,,,,,,,,,,,,,,,,,,,,,,,,,,,,,,,,,,,,,,,,,,,,,,,,,,,,,,,,,,,,,,,,,,,,,,,,,,,,,,,,,,,,,,,,,,,,,,,,,,,,,,,,,,,,,,,,,,,,,,,,,,,,,,,,,,,,,,,,,,46.459,46.687,46.945,46.25,7279663.0,341658383.46
2023-06-13,,,,,,,,,,,,,,,,,,,,,,,,,,,,,,,,,,,,,,,,,,,,,,,,,,,,,,,,,,,,,,,,,,,,,,,,,,,,,,,,,,,,,,,,,,,,,,,,,,,,,,,,,,,,,,,,,,,,,,,,,,,,,,,,,,,,,,,,,,,,,,,,,,,,,,,,,,,,,,,,,,,,,,,,,,,,,,,,,,,,,,,,,,,,,,,,,,,,,,,,,,,,,,,,,,,,,,,,,,,,,,,,,,,,,,,,,,,,,,,,,,,,,,,,,,,,,,,,,,,,,,,,,,,,,,,,,,,,,,,,,,,,,,,,,,,,,,,,,,,,,,,,,,,46.856,46.608,47.392,46.072,9332463.0,439209246.72
2023-06-14,,,,,,,,,,,,,,,,,,,,,,,,,,,,,,,,,,,,,,,,,,,,,,,,,,,,,,,,,,,,,,,,,,,,,,,,,,,,,,,,,,,,,,,,,,,,,,,,,,,,,,,,,,,,,,,,,,,,,,,,,,,,,,,,,,,,,,,,,,,,,,,,,,,,,,,,,,,,,,,,,,,,,,,,,,,,,,,,,,,,,,,,,,,,,,,,,,,,,,,,,,,,,,,,,,,,,,,,,,,,,,,,,,,,,,,,,,,,,,,,,,,,,,,,,,,,,,,,,,,,,,,,,,,,,,,,,,,,,,,,,,,,,,,,,,,,,,,,,,,,,,,,,,,46.31,46.707,47.014,46.28,7390134.0,347642627.12
2023-06-15,,,,,,,,,,,,,,,,,,,,,,,,,,,,,,,,,,,,,,,,,,,,,,,,,,,,,,,,,,,,,,,,,,,,,,,,,,,,,,,,,,,,,,,,,,,,,,,,,,,,,,,,,,,,,,,,,,,,,,,,,,,,,,,,,,,,,,,,,,,,,,,,,,,,,,,,,,,,,,,,,,,,,,,,,,,,,,,,,,,,,,,,,,,,,,,,,,,,,,,,,,,,,,,,,,,,,,,,,,,,,,,,,,,,,,,,,,,,,,,,,,,,,,,,,,,,,,,,,,,,,,,,,,,,,,,,,,,,,,,,,,,,,,,,,,,,,,,,,,,,,,,,,,,46.3,46.31,46.558,46.151,7575442.0,353718812.92
2023-06-16,,,,,,,,,,,,,,,,,,,,,,,,,,,,,,,,,,,,,,,,,,,,,,,,,,,,,,,,,,,,,,,,,,,,,,,,,,,,,,,,,,,,,,,,,,,,,,,,,,,,,,,,,,,,,,,,,,,,,,,,,,,,,,,,,,,,,,,,,,,,,,,,,,,,,,,,,,,,,,,,,,,,,,,,,,,,,,,,,,,,,,,,,,,,,,,,,,,,,,,,,,,,,,,,,,,,,,,,,,,,,,,,,,,,,,,,,,,,,,,,,,,,,,,,,,,,,,,,,,,,,,,,,,,,,,,,,,,,,,,,,,,,,,,,,,,,,,,,,,,,,,,,,,,48.325,46.945,49.803,46.945,28130423.0,1377270015.19
2023-06-19,,,,,,,,,,,,,,,,,,,,,,,,,,,,,,,,,,,,,,,,,,,,,,,,,,,,,,,,,,,,,,,,,,,,,,,,,,,,,,,,,,,,,,,,,,,,,,,,,,,,,,,,,,,,,,,,,,,,,,,,,,,,,,,,,,,,,,,,,,,,,,,,,,,,,,,,,,,,,,,,,,,,,,,,,,,,,,,,,,,,,,,,,,,,,,,,,,,,,,,,,,,,,,,,,,,,,,,,,,,,,,,,,,,,,,,,,,,,,,,,,,,,,,,,,,,,,,,,,,,,,,,,,,,,,,,,,,,,,,,,,,,,,,,,,,,,,,,,,,,,,,,,,,,47.441,47.66,48.325,47.302,14411920.0,690897923.6
2023-06-20,,,,,,,,,,,,,,,,,,,,,,,,,,,,,,,,,,,,,,,,,,,,,,,,,,,,,,,,,,,,,,,,,,,,,,,,,,,,,,,,,,,,,,,,,,,,,,,,,,,,,,,,,,,,,,,,,,,,,,,,,,,,,,,,,,,,,,,,,,,,,,,,,,,,,,,,,,,,,,,,,,,,,,,,,,,,,,,,,,,,,,,,,,,,,,,,,,,,,,,,,,,,,,,,,,,,,,,,,,,,,,,,,,,,,,,,,,,,,,,,,,,,,,,,,,,,,,,,,,,,,,,,,,,,,,,,,,,,,,,,,,,,,,,,,,,,,,,,,,,,,,,,,,,48.404,47.64,49.069,47.024,16954092.0,821186605.75
2023-06-21,,,,,,,,,,,,,,,,,,,,,,,,,,,,,,,,,,,,,,,,,,,,,,,,,,,,,,,,,,,,,,,,,,,,,,,,,,,,,,,,,,,,,,,,,,,,,,,,,,,,,,,,,,,,,,,,,,,,,,,,,,,,,,,,,,,,,,,,,,,,,,,,,,,,,,,,,,,,,,,,,,,,,,,,,,,,,,,,,,,,,,,,,,,,,,,,,,,,,,,,,,,,,,,,,,,,,,,,,,,,,,,,,,,,,,,,,,,,,,,,,,,,,,,,,,,,,,,,,,,,,,,,,,,,,,,,,,,,,,,,,,,,,,,,,,,,,,,,,,,,,,,,,,,47.501,48.334,48.831,47.143,12196044.0,590124513.14
2023-06-26,,,,,,,,,,,,,,,,,,,,,,,,,,,,,,,,,,,,,,,,,,,,,,,,,,,,,,,,,,,,,,,,,,,,,,,,,,,,,,,,,,,,,,,,,,,,,,,,,,,,,,,,,,,,,,,,,,,,,,,,,,,,,,,,,,,,,,,,,,,,,,,,,,,,,,,,,,,,,,,,,,,,,,,,,,,,,,,,,,,,,,,,,,,,,,,,,,,,,,,,,,,,,,,,,,,,,,,,,,,,,,,,,,,,,,,,,,,,,,,,,,,,,,,,,,,,,,,,,,,,,,,,,,,,,,,,,,,,,,,,,,,,,,,,,,,,,,,,,,,,,,,,,,,47.392,47.193,48.88,46.995,14600810.0,704682670.58
2023-06-27,,,,,,,,,,,,,,,,,,,,,,,,,,,,,,,,,,,,,,,,,,,,,,,,,,,,,,,,,,,,,,,,,,,,,,,,,,,,,,,,,,,,,,,,,,,,,,,,,,,,,,,,,,,,,,,,,,,,,,,,,,,,,,,,,,,,,,,,,,,,,,,,,,,,,,,,,,,,,,,,,,,,,,,,,,,,,,,,,,,,,,,,,,,,,,,,,,,,,,,,,,,,,,,,,,,,,,,,,,,,,,,,,,,,,,,,,,,,,,,,,,,,,,,,,,,,,,,,,,,,,,,,,,,,,,,,,,,,,,,,,,,,,,,,,,,,,,,,,,,,,,,,,,,46.796,47.243,48.126,46.756,11549329.0,550710499.29
2023-06-28,,,,,,,,,,,,,,,,,,,,,,,,,,,,,,,,,,,,,,,,,,,,,,,,,,,,,,,,,,,,,,,,,,,,,,,,,,,,,,,,,,,,,,,,,,,,,,,,,,,,,,,,,,,,,,,,,,,,,,,,,,,,,,,,,,,,,,,,,,,,,,,,,,,,,,,,,,,,,,,,,,,,,,,,,,,,,,,,,,,,,,,,,,,,,,,,,,,,,,,,,,,,,,,,,,,,,,,,,,,,,,,,,,,,,,,,,,,,,,,,,,,,,,,,,,,,,,,,,,,,,,,,,,,,,,,,,,,,,,,,,,,,,,,,,,,,,,,,,,,,,,,,,,,46.349,46.806,47.193,45.565,13992822.0,651666132.87
2023-06-29,,,,,,,,,,,,,,,,,,,,,,,,,,,,,,,,,,,,,,,,,,,,,,,,,,,,,,,,,,,,,,,,,,,,,,,,,,,,,,,,,,,,,,,,,,,,,,,,,,,,,,,,,,,,,,,,,,,,,,,,,,,,,,,,,,,,,,,,,,,,,,,,,,,,,,,,,,,,,,,,,,,,,,,,,,,,,,,,,,,,,,,,,,,,,,,,,,,,,,,,,,,,,,,,,,,,,,,,,,,,,,,,,,,,,,,,,,,,,,,,,,,,,,,,,,,,,,,,,,,,,,,,,,,,,,,,,,,,,,,,,,,,,,,,,,,,,,,,,,,,,,,,,,,48.831,46.349,49.784,46.032,30657042.0,1490403369.53
2023-06-30,,,,,,,,,,,,,,,,,,,,,,,,,,,,,,,,,,,,,,,,,,,,,,,,,,,,,,,,,,,,,,,,,,,,,,,,,,,,,,,,,,,,,,,,,,,,,,,,,,,,,,,,,,,,,,,,,,,,,,,,,,,,,,,,,,,,,,,,,,,,,,,,,,,,,,,,,,,,,,,,,,,,,,,,,,,,,,,,,,,,,,,,,,,,,,,,,,,,,,,,,,,,,,,,,,,,,,,,,,,,,,,,,,,,,,,,,,,,,,,,,,,,,,,,,,,,,,,,,,,,,,,,,,,,,,,,,,,,,,,,,,,,,,,,,,,,,,,,,,,,,,,,,,,48.781,48.583,50.806,48.215,28695838.0,1433149424.76
2023-07-03,,,,,,,,,,,,,,,,,,,,,,,,,,,,,,,,,,,,,,,,,,,,,,,,,,,,,,,,,,,,,,,,,,,,,,,,,,,,,,,,,,,,,,,,,,,,,,,,,,,,,,,,,,,,,,,,,,,,,,,,,,,,,,,,,,,,,,,,,,,,,,,,,,,,,,,,,,,,,,,,,,,,,,,,,,,,,,,,,,,,,,,,,,,,,,,,,,,,,,,,,,,,,,,,,,,,,,,,,,,,,,,,,,,,,,,,,,,,,,,,,,,,,,,,,,,,,,,,,,,,,,,,,,,,,,,,,,,,,,,,,,,,,,,,,,,,,,,,,,,,,,,,,,,49.396,49.178,50.409,48.722,19759483.0,986148155.27
2023-07-04,,,,,,,,,,,,,,,,,,,,,,,,,,,,,,,,,,,,,,,,,,,,,,,,,,,,,,,,,,,,,,,,,,,,,,,,,,,,,,,,,,,,,,,,,,,,,,,,,,,,,,,,,,,,,,,,,,,,,,,,,,,,,,,,,,,,,,,,,,,,,,,,,,,,,,,,,,,,,,,,,,,,,,,,,,,,,,,,,,,,,,,,,,,,,,,,,,,,,,,,,,,,,,,,,,,,,,,,,,,,,,,,,,,,,,,,,,,,,,,,,,,,,,,,,,,,,,,,,,,,,,,,,,,,,,,,,,,,,,,,,,,,,,,,,,,,,,,,,,,,,,,,,,,49.426,49.406,49.645,48.751,12413073.0,614960242.49
2023-07-05,,,,,,,,,,,,,,,,,,,,,,,,,,,,,,,,,,,,,,,,,,,,,,,,,,,,,,,,,,,,,,,,,,,,,,,,,,,,,,,,,,,,,,,,,,,,,,,,,,,,,,,,,,,,,,,,,,,,,,,,,,,,,,,,,,,,,,,,,,,,,,,,,,,,,,,,,,,,,,,,,,,,,,,,,,,,,,,,,,,,,,,,,,,,,,,,,,,,,,,,,,,,,,,,,,,,,,,,,,,,,,,,,,,,,,,,,,,,,,,,,,,,,,,,,,,,,,,,,,,,,,,,,,,,,,,,,,,,,,,,,,,,,,,,,,,,,,,,,,,,,,,,,,,49.099,49.317,50.002,48.95,12798351.0,637327666.92
2023-07-06,,,,,,,,,,,,,,,,,,,,,,,,,,,,,,,,,,,,,,,,,,,,,,,,,,,,,,,,,,,,,,,,,,,,,,,,,,,,,,,,,,,,,,,,,,,,,,,,,,,,,,,,,,,,,,,,,,,,,,,,,,,,,,,,,,,,,,,,,,,,,,,,,,,,,,,,,,,,,,,,,,,,,,,,,,,,,,,,,,,,,,,,,,,,,,,,,,,,,,,,,,,,,,,,,,,,,,,,,,,,,,,,,,,,,,,,,,,,,,,,,,,,,,,,,,,,,,,,,,,,,,,,,,,,,,,,,,,,,,,,,,,,,,,,,,,,,,,,,,,,,,,,,,,48.712,49.615,50.022,48.553,12761373.0,632631361.22
2023-07-07,,,,,,,,,,,,,,,,,,,,,,,,,,,,,,,,,,,,,,,,,,,,,,,,,,,,,,,,,,,,,,,,,,,,,,,,,,,,,,,,,,,,,,,,,,,,,,,,,,,,,,,,,,,,,,,,,,,,,,,,,,,,,,,,,,,,,,,,,,,,,,,,,,,,,,,,,,,,,,,,,,,,,,,,,,,,,,,,,,,,,,,,,,,,,,,,,,,,,,,,,,,,,,,,,,,,,,,,,,,,,,,,,,,,,,,,,,,,,,,,,,,,,,,,,,,,,,,,,,,,,,,,,,,,,,,,,,,,,,,,,,,,,,,,,,,,,,,,,,,,,,,,,,,47.808,48.434,48.672,47.531,9617624.0,464971930.44
2023-07-10,,,,,,,,,,,,,,,,,,,,,,,,,,,,,,,,,,,,,,,,,,,,,,,,,,,,,,,,,,,,,,,,,,,,,,,,,,,,,,,,,,,,,,,,,,,,,,,,,,,,,,,,,,,,,,,,,,,,,,,,,,,,,,,,,,,,,,,,,,,,,,,,,,,,,,,,,,,,,,,,,,,,,,,,,,,,,,,,,,,,,,,,,,,,,,,,,,,,,,,,,,,,,,,,,,,,,,,,,,,,,,,,,,,,,,,,,,,,,,,,,,,,,,,,,,,,,,,,,,,,,,,,,,,,,,,,,,,,,,,,,,,,,,,,,,,,,,,,,,,,,,,,,,,46.905,47.491,47.739,46.459,11266320.0,533604069.9
2023-07-11,,,,,,,,,,,,,,,,,,,,,,,,,,,,,,,,,,,,,,,,,,,,,,,,,,,,,,,,,,,,,,,,,,,,,,,,,,,,,,,,,,,,,,,,,,,,,,,,,,,,,,,,,,,,,,,,,,,,,,,,,,,,,,,,,,,,,,,,,,,,,,,,,,,,,,,,,,,,,,,,,,,,,,,,,,,,,,,,,,,,,,,,,,,,,,,,,,,,,,,,,,,,,,,,,,,,,,,,,,,,,,,,,,,,,,,,,,,,,,,,,,,,,,,,,,,,,,,,,,,,,,,,,,,,,,,,,,,,,,,,,,,,,,,,,,,,,,,,,,,,,,,,,,,47.441,46.796,47.441,46.647,6096858.0,289259586.05
2023-07-12,,,,,,,,,,,,,,,,,,,,,,,,,,,,,,,,,,,,,,,,,,,,,,,,,,,,,,,,,,,,,,,,,,,,,,,,,,,,,,,,,,,,,,,,,,,,,,,,,,,,,,,,,,,,,,,,,,,,,,,,,,,,,,,,,,,,,,,,,,,,,,,,,,,,,,,,,,,,,,,,,,,,,,,,,,,,,,,,,,,,,,,,,,,,,,,,,,,,,,,,,,,,,,,,,,,,,,,,,,,,,,,,,,,,,,,,,,,,,,,,,,,,,,,,,,,,,,,,,,,,,,,,,,,,,,,,,,,,,,,,,,,,,,,,,,,,,,,,,,,,,,,,,,,46.657,47.143,47.441,46.637,6383978.0,301470022.4
2023-07-13,,,,,,,,,,,,,,,,,,,,,,,,,,,,,,,,,,,,,,,,,,,,,,,,,,,,,,,,,,,,,,,,,,,,,,,,,,,,,,,,,,,,,,,,,,,,,,,,,,,,,,,,,,,,,,,,,,,,,,,,,,,,,,,,,,,,,,,,,,,,,,,,,,,,,,,,,,,,,,,,,,,,,,,,,,,,,,,,,,,,,,,,,,,,,,,,,,,,,,,,,,,,,,,,,,,,,,,,,,,,,,,,,,,,,,,,,,,,,,,,,,,,,,,,,,,,,,,,,,,,,,,,,,,,,,,,,,,,,,,,,,,,,,,,,,,,,,,,,,,,,,,,,,,46.875,46.548,47.044,46.449,5301919.0,249991813.86
2023-07-14,,,,,,,,,,,,,,,,,,,,,,,,,,,,,,,,,,,,,,,,,,,,,,,,,,,,,,,,,,,,,,,,,,,,,,,,,,,,,,,,,,,,,,,,,,,,,,,,,,,,,,,,,,,,,,,,,,,,,,,,,,,,,,,,,,,,,,,,,,,,,,,,,,,,,,,,,,,,,,,,,,,,,,,,,,,,,,,,,,,,,,,,,,,,,,,,,,,,,,,,,,,,,,,,,,,,,,,,,,,,,,,,,,,,,,,,,,,,,,,,,,,,,,,,,,,,,,,,,,,,,,,,,,,,,,,,,,,,,,,,,,,,,,,,,,,,,,,,,,,,,,,,,,,49.228,46.836,50.012,46.647,21518818.0,1052529017.75
2023-07-17,,,,,,,,,,,,,,,,,,,,,,,,,,,,,,,,,,,,,,,,,,,,,,,,,,,,,,,,,,,,,,,,,,,,,,,,,,,,,,,,,,,,,,,,,,,,,,,,,,,,,,,,,,,,,,,,,,,,,,,,,,,,,,,,,,,,,,,,,,,,,,,,,,,,,,,,,,,,,,,,,,,,,,,,,,,,,,,,,,,,,,,,,,,,,,,,,,,,,,,,,,,,,,,,,,,,,,,,,,,,,,,,,,,,,,,,,,,,,,,,,,,,,,,,,,,,,,,,,,,,,,,,,,,,,,,,,,,,,,,,,,,,,,,,,,,,,,,,,,,,,,,,,,,47.878,48.235,48.622,47.749,11648591.0,564206480.46
2023-07-18,,,,,,,,,,,,,,,,,,,,,,,,,,,,,,,,,,,,,,,,,,,,,,,,,,,,,,,,,,,,,,,,,,,,,,,,,,,,,,,,,,,,,,,,,,,,,,,,,,,,,,,,,,,,,,,,,,,,,,,,,,,,,,,,,,,,,,,,,,,,,,,,,,,,,,,,,,,,,,,,,,,,,,,,,,,,,,,,,,,,,,,,,,,,,,,,,,,,,,,,,,,,,,,,,,,,,,,,,,,,,,,,,,,,,,,,,,,,,,,,,,,,,,,,,,,,,,,,,,,,,,,,,,,,,,,,,,,,,,,,,,,,,,,,,,,,,,,,,,,,,,,,,,,48.87,47.838,49.883,47.531,17627293.0,867269541.24
2023-07-19,,,,,,,,,,,,,,,,,,,,,,,,,,,,,,,,,,,,,,,,,,,,,,,,,,,,,,,,,,,,,,,,,,,,,,,,,,,,,,,,,,,,,,,,,,,,,,,,,,,,,,,,,,,,,,,,,,,,,,,,,,,,,,,,,,,,,,,,,,,,,,,,,,,,,,,,,,,,,,,,,,,,,,,,,,,,,,,,,,,,,,,,,,,,,,,,,,,,,,,,,,,,,,,,,,,,,,,,,,,,,,,,,,,,,,,,,,,,,,,,,,,,,,,,,,,,,,,,,,,,,,,,,,,,,,,,,,,,,,,,,,,,,,,,,,,,,,,,,,,,,,,,,,,48.781,48.88,49.416,48.265,9088240.0,446317368.55
2023-07-20,,,,,,,,,,,,,,,,,,,,,,,,,,,,,,,,,,,,,,,,,,,,,,,,,,,,,,,,,,,,,,,,,,,,,,,,,,,,,,,,,,,,,,,,,,,,,,,,,,,,,,,,,,,,,,,,,,,,,,,,,,,,,,,,,,,,,,,,,,,,,,,,,,,,,,,,,,,,,,,,,,,,,,,,,,,,,,,,,,,,,,,,,,,,,,,,,,,,,,,,,,,,,,,,,,,,,,,,,,,,,,,,,,,,,,,,,,,,,,,,,,,,,,,,,,,,,,,,,,,,,,,,,,,,,,,,,,,,,,,,,,,,,,,,,,,,,,,,,,,,,,,,,,,47.838,48.781,49.069,47.61,8911173.0,433128992.14
2023-07-21,,,,,,,,,,,,,,,,,,,,,,,,,,,,,,,,,,,,,,,,,,,,,,,,,,,,,,,,,,,,,,,,,,,,,,,,,,,,,,,,,,,,,,,,,,,,,,,,,,,,,,,,,,,,,,,,,,,,,,,,,,,,,,,,,,,,,,,,,,,,,,,,,,,,,,,,,,,,,,,,,,,,,,,,,,,,,,,,,,,,,,,,,,,,,,,,,,,,,,,,,,,,,,,,,,,,,,,,,,,,,,,,,,,,,,,,,,,,,,,,,,,,,,,,,,,,,,,,,,,,,,,,,,,,,,,,,,,,,,,,,,,,,,,,,,,,,,,,,,,,,,,,,,,47.818,46.866,49.069,46.846,11177414.0,537777995.7
2023-07-24,,,,,,,,,,,,,,,,,,,,,,,,,,,,,,,,,,,,,,,,,,,,,,,,,,,,,,,,,,,,,,,,,,,,,,,,,,,,,,,,,,,,,,,,,,,,,,,,,,,,,,,,,,,,,,,,,,,,,,,,,,,,,,,,,,,,,,,,,,,,,,,,,,,,,,,,,,,,,,,,,,,,,,,,,,,,,,,,,,,,,,,,,,,,,,,,,,,,,,,,,,,,,,,,,,,,,,,,,,,,,,,,,,,,,,,,,,,,,,,,,,,,,,,,,,,,,,,,,,,,,,,,,,,,,,,,,,,,,,,,,,,,,,,,,,,,,,,,,,,,,,,,,,,47.223,47.392,48.116,47.143,6683297.0,319965662.09
2023-07-25,,,,,,,,,,,,,,,,,,,,,,,,,,,,,,,,,,,,,,,,,,,,,,,,,,,,,,,,,,,,,,,,,,,,,,,,,,,,,,,,,,,,,,,,,,,,,,,,,,,,,,,,,,,,,,,,,,,,,,,,,,,,,,,,,,,,,,,,,,,,,,,,,,,,,,,,,,,,,,,,,,,,,,,,,,,,,,,,,,,,,,,,,,,,,,,,,,,,,,,,,,,,,,,,,,,,,,,,,,,,,,,,,,,,,,,,,,,,,,,,,,,,,,,,,,,,,,,,,,,,,,,,,,,,,,,,,,,,,,,,,,,,,,,,,,,,,,,,,,,,,,,,,,,47.61,47.451,48.513,47.352,8835300.0,425835794.15
2023-07-26,,,,,,,,,,,,,,,,,,,,,,,,,,,,,,,,,,,,,,,,,,,,,,,,,,,,,,,,,,,,,,,,,,,,,,,,,,,,,,,,,,,,,,,,,,,,,,,,,,,,,,,,,,,,,,,,,,,,,,,,,,,,,,,,,,,,,,,,,,,,,,,,,,,,,,,,,,,,,,,,,,,,,,,,,,,,,,,,,,,,,,,,,,,,,,,,,,,,,,,,,,,,,,,,,,,,,,,,,,,,,,,,,,,,,,,,,,,,,,,,,,,,,,,,,,,,,,,,,,,,,,,,,,,,,,,,,,,,,,,,,,,,,,,,,,,,,,,,,,,,,,,,,,,47.898,47.451,48.503,47.173,10367948.0,499204267.8
2023-07-27,,,,,,,,,,,,,,,,,,,,,,,,,,,,,,,,,,,,,,,,,,,,,,,,,,,,,,,,,,,,,,,,,,,,,,,,,,,,,,,,,,,,,,,,,,,,,,,,,,,,,,,,,,,,,,,,,,,,,,,,,,,,,,,,,,,,,,,,,,,,,,,,,,,,,,,,,,,,,,,,,,,,,,,,,,,,,,,,,,,,,,,,,,,,,,,,,,,,,,,,,,,,,,,,,,,,,,,,,,,,,,,,,,,,,,,,,,,,,,,,,,,,,,,,,,,,,,,,,,,,,,,,,,,,,,,,,,,,,,,,,,,,,,,,,,,,,,,,,,,,,,,,,,,57.475,55.58,57.475,54.19,68179024.0,3912810537.63
2023-07-28,,,,,,,,,,,,,,,,,,,,,,,,,,,,,,,,,,,,,,,,,,,,,,,,,,,,,,,,,,,,,,,,,,,,,,,,,,,,,,,,,,,,,,,,,,,,,,,,,,,,,,,,,,,,,,,,,,,,,,,,,,,,,,,,,,,,,,,,,,,,,,,,,,,,,,,,,,,,,,,,,,,,,,,,,,,,,,,,,,,,,,,,,,,,,,,,,,,,,,,,,,,,,,,,,,,,,,,,,,,,,,,,,,,,,,,,,,,,,,,,,,,,,,,,,,,,,,,,,,,,,,,,,,,,,,,,,,,,,,,,,,,,,,,,,,,,,,,,,,,,,,,,,,,55.083,57.247,60.592,54.885,80400603.0,4694409678.55
2023-07-31,,,,,,,,,,,,,,,,,,,,,,,,,,,,,,,,,,,,,,,,,,,,,,,,,,,,,,,,,,,,,,,,,,,,,,,,,,,,,,,,,,,,,,,,,,,,,,,,,,,,,,,,,,,,,,,,,,,,,,,,,,,,,,,,,,,,,,,,,,,,,,,,,,,,,,,,,,,,,,,,,,,,,,,,,,,,,,,,,,,,,,,,,,,,,,,,,,,,,,,,,,,,,,,,,,,,,,,,,,,,,,,,,,,,,,,,,,,,,,,,,,,,,,,,,,,,,,,,,,,,,,,,,,,,,,,,,,,,,,,,,,,,,,,,,,,,,,,,,,,,,,,,,,,55.461,55.083,57.267,52.285,60239457.0,3300535314.03
2023-08-01,,,,,,,,,,,,,,,,,,,,,,,,,,,,,,,,,,,,,,,,,,,,,,,,,,,,,,,,,,,,,,,,,,,,,,,,,,,,,,,,,,,,,,,,,,,,,,,,,,,,,,,,,,,,,,,,,,,,,,,,,,,,,,,,,,,,,,,,,,,,,,,,,,,,,,,,,,,,,,,,,,,,,,,,,,,,,,,,,,,,,,,,,,,,,,,,,,,,,,,,,,,,,,,,,,,,,,,,,,,,,,,,,,,,,,,,,,,,,,,,,,,,,,,,,,,,,,,,,,,,,,,,,,,,,,,,,,,,,,,,,,,,,,,,,,,,,,,,,,,,,,,,,,,52.046,54.577,55.074,51.907,45381771.0,2432902556.33
2023-08-02,,,,,,,,,,,,,,,,,,,,,,,,,,,,,,,,,,,,,,,,,,,,,,,,,,,,,,,,,,,,,,,,,,,,,,,,,,,,,,,,,,,,,,,,,,,,,,,,,,,,,,,,,,,,,,,,,,,,,,,,,,,,,,,,,,,,,,,,,,,,,,,,,,,,,,,,,,,,,,,,,,,,,,,,,,,,,,,,,,,,,,,,,,,,,,,,,,,,,,,,,,,,,,,,,,,,,,,,,,,,,,,,,,,,,,,,,,,,,,,,,,,,,,,,,,,,,,,,,,,,,,,,,,,,,,,,,,,,,,,,,,,,,,,,,,,,,,,,,,,,,,,,,,,50.578,52.046,52.334,49.922,37253560.0,1912653385.56
2023-08-03,,,,,,,,,,,,,,,,,,,,,,,,,,,,,,,,,,,,,,,,,,,,,,,,,,,,,,,,,,,,,,,,,,,,,,,,,,,,,,,,,,,,,,,,,,,,,,,,,,,,,,,,,,,,,,,,,,,,,,,,,,,,,,,,,,,,,,,,,,,,,,,,,,,,,,,,,,,,,,,,,,,,,,,,,,,,,,,,,,,,,,,,,,,,,,,,,,,,,,,,,,,,,,,,,,,,,,,,,,,,,,,,,,,,,,,,,,,,,,,,,,,,,,,,,,,,,,,,,,,,,,,,,,,,,,,,,,,,,,,,,,,,,,,,,,,,,,,,,,,,,,,,,,,49.347,49.932,50.568,49.317,23942587.0,1201504242.44
2023-08-04,,,,,,,,,,,,,,,,,,,,,,,,,,,,,,,,,,,,,,,,,,,,,,,,,,,,,,,,,,,,,,,,,,,,,,,,,,,,,,,,,,,,,,,,,,,,,,,,,,,,,,,,,,,,,,,,,,,,,,,,,,,,,,,,,,,,,,,,,,,,,,,,,,,,,,,,,,,,,,,,,,,,,,,,,,,,,,,,,,,,,,,,,,,,,,,,,,,,,,,,,,,,,,,,,,,,,,,,,,,,,,,,,,,,,,,,,,,,,,,,,,,,,,,,,,,,,,,,,,,,,,,,,,,,,,,,,,,,,,,,,,,,,,,,,,,,,,,,,,,,,,,,,,,48.86,48.821,49.565,48.503,24448100.0,1208529389.32
2023-08-07,,,,,,,,,,,,,,,,,,,,,,,,,,,,,,,,,,,,,,,,,,,,,,,,,,,,,,,,,,,,,,,,,,,,,,,,,,,,,,,,,,,,,,,,,,,,,,,,,,,,,,,,,,,,,,,,,,,,,,,,,,,,,,,,,,,,,,,,,,,,,,,,,,,,,,,,,,,,,,,,,,,,,,,,,,,,,,,,,,,,,,,,,,,,,,,,,,,,,,,,,,,,,,,,,,,,,,,,,,,,,,,,,,,,,,,,,,,,,,,,,,,,,,,,,,,,,,,,,,,,,,,,,,,,,,,,,,,,,,,,,,,,,,,,,,,,,,,,,,,,,,,,,,,48.315,48.513,49.059,47.858,19394415.0,944643808.33
2023-08-08,,,,,,,,,,,,,,,,,,,,,,,,,,,,,,,,,,,,,,,,,,,,,,,,,,,,,,,,,,,,,,,,,,,,,,,,,,,,,,,,,,,,,,,,,,,,,,,,,,,,,,,,,,,,,,,,,,,,,,,,,,,,,,,,,,,,,,,,,,,,,,,,,,,,,,,,,,,,,,,,,,,,,,,,,,,,,,,,,,,,,,,,,,,,,,,,,,,,,,,,,,,,,,,,,,,,,,,,,,,,,,,,,,,,,,,,,,,,,,,,,,,,,,,,,,,,,,,,,,,,,,,,,,,,,,,,,,,,,,,,,,,,,,,,,,,,,,,,,,,,,,,,,,,47.739,48.196,48.473,47.65,13127629.0,633654731.49
2023-08-09,,,,,,,,,,,,,,,,,,,,,,,,,,,,,,,,,,,,,,,,,,,,,,,,,,,,,,,,,,,,,,,,,,,,,,,,,,,,,,,,,,,,,,,,,,,,,,,,,,,,,,,,,,,,,,,,,,,,,,,,,,,,,,,,,,,,,,,,,,,,,,,,,,,,,,,,,,,,,,,,,,,,,,,,,,,,,,,,,,,,,,,,,,,,,,,,,,,,,,,,,,,,,,,,,,,,,,,,,,,,,,,,,,,,,,,,,,,,,,,,,,,,,,,,,,,,,,,,,,,,,,,,,,,,,,,,,,,,,,,,,,,,,,,,,,,,,,,,,,,,,,,,,,,48.394,47.679,48.751,47.55,17763461.0,863757265.68
2023-08-10,,,,,,,,,,,,,,,,,,,,,,,,,,,,,,,,,,,,,,,,,,,,,,,,,,,,,,,,,,,,,,,,,,,,,,,,,,,,,,,,,,,,,,,,,,,,,,,,,,,,,,,,,,,,,,,,,,,,,,,,,,,,,,,,,,,,,,,,,,,,,,,,,,,,,,,,,,,,,,,,,,,,,,,,,,,,,,,,,,,,,,,,,,,,,,,,,,,,,,,,,,,,,,,,,,,,,,,,,,,,,,,,,,,,,,,,,,,,,,,,,,,,,,,,,,,,,,,,,,,,,,,,,,,,,,,,,,,,,,,,,,,,,,,,,,,,,,,,,,,,,,,,,,,47.471,48.136,48.384,47.402,14710564.0,708001476.73
2023-08-11,,,,,,,,,,,,,,,,,,,,,,,,,,,,,,,,,,,,,,,,,,,,,,,,,,,,,,,,,,,,,,,,,,,,,,,,,,,,,,,,,,,,,,,,,,,,,,,,,,,,,,,,,,,,,,,,,,,,,,,,,,,,,,,,,,,,,,,,,,,,,,,,,,,,,,,,,,,,,,,,,,,,,,,,,,,,,,,,,,,,,,,,,,,,,,,,,,,,,,,,,,,,,,,,,,,,,,,,,,,,,,,,,,,,,,,,,,,,,,,,,,,,,,,,,,,,,,,,,,,,,,,,,,,,,,,,,,,,,,,,,,,,,,,,,,,,,,,,,,,,,,,,,,,47.153,47.332,47.739,47.143,9559165.0,455935497.76
2023-08-14,,,,,,,,,,,,,,,,,,,,,,,,,,,,,,,,,,,,,,,,,,,,,,,,,,,,,,,,,,,,,,,,,,,,,,,,,,,,,,,,,,,,,,,,,,,,,,,,,,,,,,,,,,,,,,,,,,,,,,,,,,,,,,,,,,,,,,,,,,,,,,,,,,,,,,,,,,,,,,,,,,,,,,,,,,,,,,,,,,,,,,,,,,,,,,,,,,,,,,,,,,,,,,,,,,,,,,,,,,,,,,,,,,,,,,,,,,,,,,,,,,,,,,,,,,,,,,,,,,,,,,,,,,,,,,,,,,,,,,,,,,,,,,,,,,,,,,,,,,,,,,,,,,,47.947,47.044,48.285,46.915,11893766.0,570573595.26
2023-08-15,,,,,,,,,,,,,,,,,,,,,,,,,,,,,,,,,,,,,,,,,,,,,,,,,,,,,,,,,,,,,,,,,,,,,,,,,,,,,,,,,,,,,,,,,,,,,,,,,,,,,,,,,,,,,,,,,,,,,,,,,,,,,,,,,,,,,,,,,,,,,,,,,,,,,,,,,,,,,,,,,,,,,,,,,,,,,,,,,,,,,,,,,,,,,,,,,,,,,,,,,,,,,,,,,,,,,,,,,,,,,,,,,,,,,,,,,,,,,,,,,,,,,,,,,,,,,,,,,,,,,,,,,,,,,,,,,,,,,,,,,,,,,,,,,,,,,,,,,,,,,,,,,,,47.838,47.64,48.017,47.362,9144493.0,438794946.5
2023-08-16,,,,,,,,,,,,,,,,,,,,,,,,,,,,,,,,,,,,,,,,,,,,,,,,,,,,,,,,,,,,,,,,,,,,,,,,,,,,,,,,,,,,,,,,,,,,,,,,,,,,,,,,,,,,,,,,,,,,,,,,,,,,,,,,,,,,,,,,,,,,,,,,,,,,,,,,,,,,,,,,,,,,,,,,,,,,,,,,,,,,,,,,,,,,,,,,,,,,,,,,,,,,,,,,,,,,,,,,,,,,,,,,,,,,,,,,,,,,,,,,,,,,,,,,,,,,,,,,,,,,,,,,,,,,,,,,,,,,,,,,,,,,,,,,,,,,,,,,,,,,,,,,,,,46.33,47.838,47.838,46.33,15223490.0,719201330.72
2023-08-17,,,,,,,,,,,,,,,,,,,,,,,,,,,,,,,,,,,,,,,,,,,,,,,,,,,,,,,,,,,,,,,,,,,,,,,,,,,,,,,,,,,,,,,,,,,,,,,,,,,,,,,,,,,,,,,,,,,,,,,,,,,,,,,,,,,,,,,,,,,,,,,,,,,,,,,,,,,,,,,,,,,,,,,,,,,,,,,,,,,,,,,,,,,,,,,,,,,,,,,,,,,,,,,,,,,,,,,,,,,,,,,,,,,,,,,,,,,,,,,,,,,,,,,,,,,,,,,,,,,,,,,,,,,,,,,,,,,,,,,,,,,,,,,,,,,,,,,,,,,,,,,,,,,47.997,46.34,48.424,46.34,18258032.0,875826767.61
2023-08-18,,,,,,,,,,,,,,,,,,,,,,,,,,,,,,,,,,,,,,,,,,,,,,,,,,,,,,,,,,,,,,,,,,,,,,,,,,,,,,,,,,,,,,,,,,,,,,,,,,,,,,,,,,,,,,,,,,,,,,,,,,,,,,,,,,,,,,,,,,,,,,,,,,,,,,,,,,,,,,,,,,,,,,,,,,,,,,,,,,,,,,,,,,,,,,,,,,,,,,,,,,,,,,,,,,,,,,,,,,,,,,,,,,,,,,,,,,,,,,,,,,,,,,,,,,,,,,,,,,,,,,,,,,,,,,,,,,,,,,,,,,,,,,,,,,,,,,,,,,,,,,,,,,,47.382,47.818,48.354,47.312,11456852.0,551761283.61
2023-08-21,,,,,,,,,,,,,,,,,,,,,,,,,,,,,,,,,,,,,,,,,,,,,,,,,,,,,,,,,,,,,,,,,,,,,,,,,,,,,,,,,,,,,,,,,,,,,,,,,,,,,,,,,,,,,,,,,,,,,,,,,,,,,,,,,,,,,,,,,,,,,,,,,,,,,,,,,,,,,,,,,,,,,,,,,,,,,,,,,,,,,,,,,,,,,,,,,,,,,,,,,,,,,,,,,,,,,,,,,,,,,,,,,,,,,,,,,,,,,,,,,,,,,,,,,,,,,,,,,,,,,,,,,,,,,,,,,,,,,,,,,,,,,,,,,,,,,,,,,,,,,,,,,,,46.816,47.302,47.967,46.746,7981255.0,380466929.9
2023-08-22,,,,,,,,,,,,,,,,,,,,,,,,,,,,,,,,,,,,,,,,,,,,,,,,,,,,,,,,,,,,,,,,,,,,,,,,,,,,,,,,,,,,,,,,,,,,,,,,,,,,,,,,,,,,,,,,,,,,,,,,,,,,,,,,,,,,,,,,,,,,,,,,,,,,,,,,,,,,,,,,,,,,,,,,,,,,,,,,,,,,,,,,,,,,,,,,,,,,,,,,,,,,,,,,,,,,,,,,,,,,,,,,,,,,,,,,,,,,,,,,,,,,,,,,,,,,,,,,,,,,,,,,,,,,,,,,,,,,,,,,,,,,,,,,,,,,,,,,,,,,,,,,,,,47.243,46.687,47.481,46.449,8626696.0,408417315.03
2023-08-23,,,,,,,,,,,,,,,,,,,,,,,,,,,,,,,,,,,,,,,,,,,,,,,,,,,,,,,,,,,,,,,,,,,,,,,,,,,,,,,,,,,,,,,,,,,,,,,,,,,,,,,,,,,,,,,,,,,,,,,,,,,,,,,,,,,,,,,,,,,,,,,,,,,,,,,,,,,,,,,,,,,,,,,,,,,,,,,,,,,,,,,,,,,,,,,,,,,,,,,,,,,,,,,,,,,,,,,,,,,,,,,,,,,,,,,,,,,,,,,,,,,,,,,,,,,,,,,,,,,,,,,,,,,,,,,,,,,,,,,,,,,,,,,,,,,,,,,,,,,,,,,,,,,43.63,47.64,48.017,43.273,27264106.0,1235949729.92
2023-08-24,,,,,,,,,,,,,,,,,,,,,,,,,,,,,,,,,,,,,,,,,,,,,,,,,,,,,,,,,,,,,,,,,,,,,,,,,,,,,,,,,,,,,,,,,,,,,,,,,,,,,,,,,,,,,,,,,,,,,,,,,,,,,,,,,,,,,,,,,,,,,,,,,,,,,,,,,,,,,,,,,,,,,,,,,,,,,,,,,,,,,,,,,,,,,,,,,,,,,,,,,,,,,,,,,,,,,,,,,,,,,,,,,,,,,,,,,,,,,,,,,,,,,,,,,,,,,,,,,,,,,,,,,,,,,,,,,,,,,,,,,,,,,,,,,,,,,,,,,,,,,,,,,,,42.985,43.62,43.829,42.151,17873182.0,773002541.7
2023-08-25,,,,,,,,,,,,,,,,,,,,,,,,,,,,,,,,,,,,,,,,,,,,,,,,,,,,,,,,,,,,,,,,,,,,,,,,,,,,,,,,,,,,,,,,,,,,,,,,,,,,,,,,,,,,,,,,,,,,,,,,,,,,,,,,,,,,,,,,,,,,,,,,,,,,,,,,,,,,,,,,,,,,,,,,,,,,,,,,,,,,,,,,,,,,,,,,,,,,,,,,,,,,,,,,,,,,,,,,,,,,,,,,,,,,,,,,,,,,,,,,,,,,,,,,,,,,,,,,,,,,,,,,,,,,,,,,,,,,,,,,,,,,,,,,,,,,,,,,,,,,,,,,,,,41.387,42.638,42.856,41.189,13060405.0,550583249.98
2023-08-28,,,,,,,,,,,,,,,,,,,,,,,,,,,,,,,,,,,,,,,,,,,,,,,,,,,,,,,,,,,,,,,,,,,,,,,,,,,,,,,,,,,,,,,,,,,,,,,,,,,,,,,,,,,,,,,,,,,,,,,,,,,,,,,,,,,,,,,,,,,,,,,,,,,,,,,,,,,,,,,,,,,,,,,,,,,,,,,,,,,,,,,,,,,,,,,,,,,,,,,,,,,,,,,,,,,,,,,,,,,,,,,,,,,,,,,,,,,,,,,,,,,,,,,,,,,,,,,,,,,,,,,,,,,,,,,,,,,,,,,,,,,,,,,,,,,,,,,,,,,,,,,,,,,40.901,44.573,44.613,40.871,14111342.0,600067123.81
2023-08-29,,,,,,,,,,,,,,,,,,,,,,,,,,,,,,,,,,,,,,,,,,,,,,,,,,,,,,,,,,,,,,,,,,,,,,,,,,,,,,,,,,,,,,,,,,,,,,,,,,,,,,,,,,,,,,,,,,,,,,,,,,,,,,,,,,,,,,,,,,,,,,,,,,,,,,,,,,,,,,,,,,,,,,,,,,,,,,,,,,,,,,,,,,,,,,,,,,,,,,,,,,,,,,,,,,,,,,,,,,,,,,,,,,,,,,,,,,,,,,,,,,,,,,,,,,,,,,,,,,,,,,,,,,,,,,,,,,,,,,,,,,,,,,,,,,,,,,,,,,,,,,,,,,,43.372,40.662,44.206,40.563,22032832.0,953448429.1
2023-08-30,,,,,,,,,,,,,,,,,,,,,,,,,,,,,,,,,,,,,,,,,,,,,,,,,,,,,,,,,,,,,,,,,,,,,,,,,,,,,,,,,,,,,,,,,,,,,,,,,,,,,,,,,,,,,,,,,,,,,,,,,,,,,,,,,,,,,,,,,,,,,,,,,,,,,,,,,,,,,,,,,,,,,,,,,,,,,,,,,,,,,,,,,,,,,,,,,,,,,,,,,,,,,,,,,,,,,,,,,,,,,,,,,,,,,,,,,,,,,,,,,,,,,,,,,,,,,,,,,,,,,,,,,,,,,,,,,,,,,,,,,,,,,,,,,,,,,,,,,,,,,,,,,,,43.501,43.372,43.65,42.955,9680479.0,422318684.15
2023-08-31,,,,,,,,,,,,,,,,,,,,,,,,,,,,,,,,,,,,,,,,,,,,,,,,,,,,,,,,,,,,,,,,,,,,,,,,,,,,,,,,,,,,,,,,,,,,,,,,,,,,,,,,,,,,,,,,,,,,,,,,,,,,,,,,,,,,,,,,,,,,,,,,,,,,,,,,,,,,,,,,,,,,,,,,,,,,,,,,,,,,,,,,,,,,,,,,,,,,,,,,,,,,,,,,,,,,,,,,,,,,,,,,,,,,,,,,,,,,,,,,,,,,,,,,,,,,,,,,,,,,,,,,,,,,,,,,,,,,,,,,,,,,,,,,,,,,,,,,,,,,,,,,,,,42.975,43.471,43.471,42.489,8208048.0,354810333.83
2023-09-01,,,,,,,,,,,,,,,,,,,,,,,,,,,,,,,,,,,,,,,,,,,,,,,,,,,,,,,,,,,,,,,,,,,,,,,,,,,,,,,,,,,,,,,,,,,,,,,,,,,,,,,,,,,,,,,,,,,,,,,,,,,,,,,,,,,,,,,,,,,,,,,,,,,,,,,,,,,,,,,,,,,,,,,,,,,,,,,,,,,,,,,,,,,,,,,,,,,,,,,,,,,,,,,,,,,,,,,,,,,,,,,,,,,,,,,,,,,,,,,,,,,,,,,,,,,,,,,,,,,,,,,,,,,,,,,,,,,,,,,,,,,,,,,,,,,,,,,,,,,,,,,,,,,43.749,43.124,44.047,42.608,11116472.0,485953126.39
2023-09-04,,,,,,,,,,,,,,,,,,,,,,,,,,,,,,,,,,,,,,,,,,,,,,,,,,,,,,,,,,,,,,,,,,,,,,,,,,,,,,,,,,,,,,,,,,,,,,,,,,,,,,,,,,,,,,,,,,,,,,,,,,,,,,,,,,,,,,,,,,,,,,,,,,,,,,,,,,,,,,,,,,,,,,,,,,,,,,,,,,,,,,,,,,,,,,,,,,,,,,,,,,,,,,,,,,,,,,,,,,,,,,,,,,,,,,,,,,,,,,,,,,,,,,,,,,,,,,,,,,,,,,,,,,,,,,,,,,,,,,,,,,,,,,,,,,,,,,,,,,,,,,,,,,,43.838,43.382,43.838,43.054,8569626.0,375509670.82
2023-09-05,,,,,,,,,,,,,,,,,,,,,,,,,,,,,,,,,,,,,,,,,,,,,,,,,,,,,,,,,,,,,,,,,,,,,,,,,,,,,,,,,,,,,,,,,,,,,,,,,,,,,,,,,,,,,,,,,,,,,,,,,,,,,,,,,,,,,,,,,,,,,,,,,,,,,,,,,,,,,,,,,,,,,,,,,,,,,,,,,,,,,,,,,,,,,,,,,,,,,,,,,,,,,,,,,,,,,,,,,,,,,,,,,,,,,,,,,,,,,,,,,,,,,,,,,,,,,,,,,,,,,,,,,,,,,,,,,,,,,,,,,,,,,,,,,,,,,,,,,,,,,,,,,,,43.6,43.67,44.166,43.382,6777160.0,297987483.88
2023-09-06,,,,,,,,,,,,,,,,,,,,,,,,,,,,,,,,,,,,,,,,,,,,,,,,,,,,,,,,,,,,,,,,,,,,,,,,,,,,,,,,,,,,,,,,,,,,,,,,,,,,,,,,,,,,,,,,,,,,,,,,,,,,,,,,,,,,,,,,,,,,,,,,,,,,,,,,,,,,,,,,,,,,,,,,,,,,,,,,,,,,,,,,,,,,,,,,,,,,,,,,,,,,,,,,,,,,,,,,,,,,,,,,,,,,,,,,,,,,,,,,,,,,,,,,,,,,,,,,,,,,,,,,,,,,,,,,,,,,,,,,,,,,,,,,,,,,,,,,,,,,,,,,,,,44.245,43.362,44.315,43.094,9137185.0,404159652.65
2023-09-07,,,,,,,,,,,,,,,,,,,,,,,,,,,,,,,,,,,,,,,,,,,,,,,,,,,,,,,,,,,,,,,,,,,,,,,,,,,,,,,,,,,,,,,,,,,,,,,,,,,,,,,,,,,,,,,,,,,,,,,,,,,,,,,,,,,,,,,,,,,,,,,,,,,,,,,,,,,,,,,,,,,,,,,,,,,,,,,,,,,,,,,,,,,,,,,,,,,,,,,,,,,,,,,,,,,,,,,,,,,,,,,,,,,,,,,,,,,,,,,,,,,,,,,,,,,,,,,,,,,,,,,,,,,,,,,,,,,,,,,,,,,,,,,,,,,,,,,,,,,,,,,,,,,43.68,44.077,44.761,43.382,8925893.0,395096465.45
2023-09-08,,,,,,,,,,,,,,,,,,,,,,,,,,,,,,,,,,,,,,,,,,,,,,,,,,,,,,,,,,,,,,,,,,,,,,,,,,,,,,,,,,,,,,,,,,,,,,,,,,,,,,,,,,,,,,,,,,,,,,,,,,,,,,,,,,,,,,,,,,,,,,,,,,,,,,,,,,,,,,,,,,,,,,,,,,,,,,,,,,,,,,,,,,,,,,,,,,,,,,,,,,,,,,,,,,,,,,,,,,,,,,,,,,,,,,,,,,,,,,,,,,,,,,,,,,,,,,,,,,,,,,,,,,,,,,,,,,,,,,,,,,,,,,,,,,,,,,,,,,,,,,,,,,,44.047,43.451,44.474,43.382,8901995.0,394363413.41
2023-09-11,,,,,,,,,,,,,,,,,,,,,,,,,,,,,,,,,,,,,,,,,,,,,,,,,,,,,,,,,,,,,,,,,,,,,,,,,,,,,,,,,,,,,,,,,,,,,,,,,,,,,,,,,,,,,,,,,,,,,,,,,,,,,,,,,,,,,,,,,,,,,,,,,,,,,,,,,,,,,,,,,,,,,,,,,,,,,,,,,,,,,,,,,,,,,,,,,,,,,,,,,,,,,,,,,,,,,,,,,,,,,,,,,,,,,,,,,,,,,,,,,,,,,,,,,,,,,,,,,,,,,,,,,,,,,,,,,,,,,,,,,,,,,,,,,,,,,,,,,,,,,,,,,,,44.007,43.868,44.245,43.382,8407895.0,370418967.39
2023-09-12,,,,,,,,,,,,,,,,,,,,,,,,,,,,,,,,,,,,,,,,,,,,,,,,,,,,,,,,,,,,,,,,,,,,,,,,,,,,,,,,,,,,,,,,,,,,,,,,,,,,,,,,,,,,,,,,,,,,,,,,,,,,,,,,,,,,,,,,,,,,,,,,,,,,,,,,,,,,,,,,,,,,,,,,,,,,,,,,,,,,,,,,,,,,,,,,,,,,,,,,,,,,,,,,,,,,,,,,,,,,,,,,,,,,,,,,,,,,,,,,,,,,,,,,,,,,,,,,,,,,,,,,,,,,,,,,,,,,,,,,,,,,,,,,,,,,,,,,,,,,,,,,,,,44.087,43.809,44.543,43.61,6618922.0,293694292.8
2023-09-13,,,,,,,,,,,,,,,,,,,,,,,,,,,,,,,,,,,,,,,,,,,,,,,,,,,,,,,,,,,,,,,,,,,,,,,,,,,,,,,,,,,,,,,,,,,,,,,,,,,,,,,,,,,,,,,,,,,,,,,,,,,,,,,,,,,,,,,,,,,,,,,,,,,,,,,,,,,,,,,,,,,,,,,,,,,,,,,,,,,,,,,,,,,,,,,,,,,,,,,,,,,,,,,,,,,,,,,,,,,,,,,,,,,,,,,,,,,,,,,,,,,,,,,,,,,,,,,,,,,,,,,,,,,,,,,,,,,,,,,,,,,,,,,,,,,,,,,,,,,,,,,,,,,43.243,43.809,43.868,42.985,7119815.0,311540246.48
2023-09-14,,,,,,,,,,,,,,,,,,,,,,,,,,,,,,,,,,,,,,,,,,,,,,,,,,,,,,,,,,,,,,,,,,,,,,,,,,,,,,,,,,,,,,,,,,,,,,,,,,,,,,,,,,,,,,,,,,,,,,,,,,,,,,,,,,,,,,,,,,,,,,,,,,,,,,,,,,,,,,,,,,,,,,,,,,,,,,,,,,,,,,,,,,,,,,,,,,,,,,,,,,,,,,,,,,,,,,,,,,,,,,,,,,,,,,,,,,,,,,,,,,,,,,,,,,,,,,,,,,,,,,,,,,,,,,,,,,,,,,,,,,,,,,,,,,,,,,,,,,,,,,,,,,,43.451,43.243,43.551,42.826,5532446.0,240944111.14
2023-09-15,,,,,,,,,,,,,,,,,,,,,,,,,,,,,,,,,,,,,,,,,,,,,,,,,,,,,,,,,,,,,,,,,,,,,,,,,,,,,,,,,,,,,,,,,,,,,,,,,,,,,,,,,,,,,,,,,,,,,,,,,,,,,,,,,,,,,,,,,,,,,,,,,,,,,,,,,,,,,,,,,,,,,,,,,,,,,,,,,,,,,,,,,,,,,,,,,,,,,,,,,,,,,,,,,,,,,,,,,,,,,,,,,,,,,,,,,,,,,,,,,,,,,,,,,,,,,,,,,,,,,,,,,,,,,,,,,,,,,,,,,,,,,,,,,,,,,,,,,,,,,,,,,,,43.422,43.451,43.65,43.173,4585822.0,200400523.59
2023-09-18,,,,,,,,,,,,,,,,,,,,,,,,,,,,,,,,,,,,,,,,,,,,,,,,,,,,,,,,,,,,,,,,,,,,,,,,,,,,,,,,,,,,,,,,,,,,,,,,,,,,,,,,,,,,,,,,,,,,,,,,,,,,,,,,,,,,,,,,,,,,,,,,,,,,,,,,,,,,,,,,,,,,,,,,,,,,,,,,,,,,,,,,,,,,,,,,,,,,,,,,,,,,,,,,,,,,,,,,,,,,,,,,,,,,,,,,,,,,,,,,,,,,,,,,,,,,,,,,,,,,,,,,,,,,,,,,,,,,,,,,,,,,,,,,,,,,,,,,,,,,,,,,,,,43.372,43.164,43.541,42.985,4150964.0,181215047.49
2023-09-19,,,,,,,,,,,,,,,,,,,,,,,,,,,,,,,,,,,,,,,,,,,,,,,,,,,,,,,,,,,,,,,,,,,,,,,,,,,,,,,,,,,,,,,,,,,,,,,,,,,,,,,,,,,,,,,,,,,,,,,,,,,,,,,,,,,,,,,,,,,,,,,,,,,,,,,,,,,,,,,,,,,,,,,,,,,,,,,,,,,,,,,,,,,,,,,,,,,,,,,,,,,,,,,,,,,,,,,,,,,,,,,,,,,,,,,,,,,,,,,,,,,,,,,,,,,,,,,,,,,,,,,,,,,,,,,,,,,,,,,,,,,,,,,,,,,,,,,,,,,,,,,,,,,42.528,43.412,43.521,42.28,6625801.0,285519170.48
2023-09-20,,,,,,,,,,,,,,,,,,,,,,,,,,,,,,,,,,,,,,,,,,,,,,,,,,,,,,,,,,,,,,,,,,,,,,,,,,,,,,,,,,,,,,,,,,,,,,,,,,,,,,,,,,,,,,,,,,,,,,,,,,,,,,,,,,,,,,,,,,,,,,,,,,,,,,,,,,,,,,,,,,,,,,,,,,,,,,,,,,,,,,,,,,,,,,,,,,,,,,,,,,,,,,,,,,,,,,,,,,,,,,,,,,,,,,,,,,,,,,,,,,,,,,,,,,,,,,,,,,,,,,,,,,,,,,,,,,,,,,,,,,,,,,,,,,,,,,,,,,,,,,,,,,,42.161,42.231,42.727,42.092,3555034.0,151889552.83
2023-09-21,,,,,,,,,,,,,,,,,,,,,,,,,,,,,,,,,,,,,,,,,,,,,,,,,,,,,,,,,,,,,,,,,,,,,,,,,,,,,,,,,,,,,,,,,,,,,,,,,,,,,,,,,,,,,,,,,,,,,,,,,,,,,,,,,,,,,,,,,,,,,,,,,,,,,,,,,,,,,,,,,,,,,,,,,,,,,,,,,,,,,,,,,,,,,,,,,,,,,,,,,,,,,,,,,,,,,,,,,,,,,,,,,,,,,,,,,,,,,,,,,,,,,,,,,,,,,,,,,,,,,,,,,,,,,,,,,,,,,,,,,,,,,,,,,,,,,,,,,,,,,,,,,,,42.3,42.38,42.598,41.893,3919244.0,166888636.28
2023-09-22,,,,,,,,,,,,,,,,,,,,,,,,,,,,,,,,,,,,,,,,,,,,,,,,,,,,,,,,,,,,,,,,,,,,,,,,,,,,,,,,,,,,,,,,,,,,,,,,,,,,,,,,,,,,,,,,,,,,,,,,,,,,,,,,,,,,,,,,,,,,,,,,,,,,,,,,,,,,,,,,,,,,,,,,,,,,,,,,,,,,,,,,,,,,,,,,,,,,,,,,,,,,,,,,,,,,,,,,,,,,,,,,,,,,,,,,,,,,,,,,,,,,,,,,,,,,,,,,,,,,,,,,,,,,,,,,,,,,,,,,,,,,,,,,,,,,,,,,,,,,,,,,,,,42.955,42.171,43.104,41.913,6036170.0,258805434.56
2023-09-25,,,,,,,,,,,,,,,,,,,,,,,,,,,,,,,,,,,,,,,,,,,,,,,,,,,,,,,,,,,,,,,,,,,,,,,,,,,,,,,,,,,,,,,,,,,,,,,,,,,,,,,,,,,,,,,,,,,,,,,,,,,,,,,,,,,,,,,,,,,,,,,,,,,,,,,,,,,,,,,,,,,,,,,,,,,,,,,,,,,,,,,,,,,,,,,,,,,,,,,,,,,,,,,,,,,,,,,,,,,,,,,,,,,,,,,,,,,,,,,,,,,,,,,,,,,,,,,,,,,,,,,,,,,,,,,,,,,,,,,,,,,,,,,,,,,,,,,,,,,,,,,,,,,42.102,42.707,42.965,42.012,5548808.0,237040906.15
2023-09-26,,,,,,,,,,,,,,,,,,,,,,,,,,,,,,,,,,,,,,,,,,,,,,,,,,,,,,,,,,,,,,,,,,,,,,,,,,,,,,,,,,,,,,,,,,,,,,,,,,,,,,,,,,,,,,,,,,,,,,,,,,,,,,,,,,,,,,,,,,,,,,,,,,,,,,,,,,,,,,,,,,,,,,,,,,,,,,,,,,,,,,,,,,,,,,,,,,,,,,,,,,,,,,,,,,,,,,,,,,,,,,,,,,,,,,,,,,,,,,,,,,,,,,,,,,,,,,,,,,,,,,,,,,,,,,,,,,,,,,,,,,,,,,,,,,,,,,,,,,,,,,,,,,,42.3,42.102,42.955,41.903,6433512.0,274728920.19
2023-09-27,,,,,,,,,,,,,,,,,,,,,,,,,,,,,,,,,,,,,,,,,,,,,,,,,,,,,,,,,,,,,,,,,,,,,,,,,,,,,,,,,,,,,,,,,,,,,,,,,,,,,,,,,,,,,,,,,,,,,,,,,,,,,,,,,,,,,,,,,,,,,,,,,,,,,,,,,,,,,,,,,,,,,,,,,,,,,,,,,,,,,,,,,,,,,,,,,,,,,,,,,,,,,,,,,,,,,,,,,,,,,,,,,,,,,,,,,,,,,,,,,,,,,,,,,,,,,,,,,,,,,,,,,,,,,,,,,,,,,,,,,,,,,,,,,,,,,,,,,,,,,,,,,,,42.35,42.191,42.598,42.112,5564126.0,237351829.87
2023-09-28,,,,,,,,,,,,,,,,,,,,,,,,,,,,,,,,,,,,,,,,,,,,,,,,,,,,,,,,,,,,,,,,,,,,,,,,,,,,,,,,,,,,,,,,,,,,,,,,,,,,,,,,,,,,,,,,,,,,,,,,,,,,,,,,,,,,,,,,,,,,,,,,,,,,,,,,,,,,,,,,,,,,,,,,,,,,,,,,,,,,,,,,,,,,,,,,,,,,,,,,,,,,,,,,,,,,,,,,,,,,,,,,,,,,,,,,,,,,,,,,,,,,,,,,,,,,,,,,,,,,,,,,,,,,,,,,,,,,,,,,,,,,,,,,,,,,,,,,,,,,,,,,,,,42.826,42.38,42.826,42.29,5771158.0,247704957.1
2023-10-09,,,,,,,,,,,,,,,,,,,,,,,,,,,,,,,,,,,,,,,,,,,,,,,,,,,,,,,,,,,,,,,,,,,,,,,,,,,,,,,,,,,,,,,,,,,,,,,,,,,,,,,,,,,,,,,,,,,,,,,,,,,,,,,,,,,,,,,,,,,,,,,,,,,,,,,,,,,,,,,,,,,,,,,,,,,,,,,,,,,,,,,,,,,,,,,,,,,,,,,,,,,,,,,,,,,,,,,,,,,,,,,,,,,,,,,,,,,,,,,,,,,,,,,,,,,,,,,,,,,,,,,,,,,,,,,,,,,,,,,,,,,,,,,,,,,,,,,,,,,,,,,,,,,42.499,42.677,43.005,42.191,6888557.0,295658042.69
2023-10-10,,,,,,,,,,,,,,,,,,,,,,,,,,,,,,,,,,,,,,,,,,,,,,,,,,,,,,,,,,,,,,,,,,,,,,,,,,,,,,,,,,,,,,,,,,,,,,,,,,,,,,,,,,,,,,,,,,,,,,,,,,,,,,,,,,,,,,,,,,,,,,,,,,,,,,,,,,,,,,,,,,,,,,,,,,,,,,,,,,,,,,,,,,,,,,,,,,,,,,,,,,,,,,,,,,,,,,,,,,,,,,,,,,,,,,,,,,,,,,,,,,,,,,,,,,,,,,,,,,,,,,,,,,,,,,,,,,,,,,,,,,,,,,,,,,,,,,,,,,,,,,,,,,,44.861,42.677,45.555,42.399,17385908.0,771959523.44
2023-10-11,,,,,,,,,,,,,,,,,,,,,,,,,,,,,,,,,,,,,,,,,,,,,,,,,,,,,,,,,,,,,,,,,,,,,,,,,,,,,,,,,,,,,,,,,,,,,,,,,,,,,,,,,,,,,,,,,,,,,,,,,,,,,,,,,,,,,,,,,,,,,,,,,,,,,,,,,,,,,,,,,,,,,,,,,,,,,,,,,,,,,,,,,,,,,,,,,,,,,,,,,,,,,,,,,,,,,,,,,,,,,,,,,,,,,,,,,,,,,,,,,,,,,,,,,,,,,,,,,,,,,,,,,,,,,,,,,,,,,,,,,,,,,,,,,,,,,,,,,,,,,,,,,,,45.496,44.265,46.23,44.077,18238358.0,828276115.54
2023-10-12,,,,,,,,,,,,,,,,,,,,,,,,,,,,,,,,,,,,,,,,,,,,,,,,,,,,,,,,,,,,,,,,,,,,,,,,,,,,,,,,,,,,,,,,,,,,,,,,,,,,,,,,,,,,,,,,,,,,,,,,,,,,,,,,,,,,,,,,,,,,,,,,,,,,,,,,,,,,,,,,,,,,,,,,,,,,,,,,,,,,,,,,,,,,,,,,,,,,,,,,,,,,,,,,,,,,,,,,,,,,,,,,,,,,,,,,,,,,,,,,,,,,,,,,,,,,,,,,,,,,,,,,,,,,,,,,,,,,,,,,,,,,,,,,,,,,,,,,,,,,,,,,,,,47.719,49.605,49.625,46.945,29151814.0,1422021933.47
2023-10-13,,,,,,,,,,,,,,,,,,,,,,,,,,,,,,,,,,,,,,,,,,,,,,,,,,,,,,,,,,,,,,,,,,,,,,,,,,,,,,,,,,,,,,,,,,,,,,,,,,,,,,,,,,,,,,,,,,,,,,,,,,,,,,,,,,,,,,,,,,,,,,,,,,,,,,,,,,,,,,,,,,,,,,,,,,,,,,,,,,,,,,,,,,,,,,,,,,,,,,,,,,,,,,,,,,,,,,,,,,,,,,,,,,,,,,,,,,,,,,,,,,,,,,,,,,,,,,,,,,,,,,,,,,,,,,,,,,,,,,,,,,,,,,,,,,,,,,,,,,,,,,,,,,,45.585,47.243,47.6,45.089,15289055.0,709133232.72
2023-10-16,,,,,,,,,,,,,,,,,,,,,,,,,,,,,,,,,,,,,,,,,,,,,,,,,,,,,,,,,,,,,,,,,,,,,,,,,,,,,,,,,,,,,,,,,,,,,,,,,,,,,,,,,,,,,,,,,,,,,,,,,,,,,,,,,,,,,,,,,,,,,,,,,,,,,,,,,,,,,,,,,,,,,,,,,,,,,,,,,,,,,,,,,,,,,,,,,,,,,,,,,,,,,,,,,,,,,,,,,,,,,,,,,,,,,,,,,,,,,,,,,,,,,,,,,,,,,,,,,,,,,,,,,,,,,,,,,,,,,,,,,,,,,,,,,,,,,,,,,,,,,,,,,,,45.754,45.059,47.421,44.96,12465680.0,580608550.19
2023-10-17,,,,,,,,,,,,,,,,,,,,,,,,,,,,,,,,,,,,,,,,,,,,,,,,,,,,,,,,,,,,,,,,,,,,,,,,,,,,,,,,,,,,,,,,,,,,,,,,,,,,,,,,,,,,,,,,,,,,,,,,,,,,,,,,,,,,,,,,,,,,,,,,,,,,,,,,,,,,,,,,,,,,,,,,,,,,,,,,,,,,,,,,,,,,,,,,,,,,,,,,,,,,,,,,,,,,,,,,,,,,,,,,,,,,,,,,,,,,,,,,,,,,,,,,,,,,,,,,,,,,,,,,,,,,,,,,,,,,,,,,,,,,,,,,,,,,,,,,,,,,,,,,,,,45.417,45.665,46.3,44.444,9435875.0,430700970.01
2023-10-18,,,,,,,,,,,,,,,,,,,,,,,,,,,,,,,,,,,,,,,,,,,,,,,,,,,,,,,,,,,,,,,,,,,,,,,,,,,,,,,,,,,,,,,,,,,,,,,,,,,,,,,,,,,,,,,,,,,,,,,,,,,,,,,,,,,,,,,,,,,,,,,,,,,,,,,,,,,,,,,,,,,,,,,,,,,,,,,,,,,,,,,,,,,,,,,,,,,,,,,,,,,,,,,,,,,,,,,,,,,,,,,,,,,,,,,,,,,,,,,,,,,,,,,,,,,,,,,,,,,,,,,,,,,,,,,,,,,,,,,,,,,,,,,,,,,,,,,,,,,,,,,,,,,43.868,44.93,45.258,43.848,10019205.0,448307672.89
2023-10-19,,,,,,,,,,,,,,,,,,,,,,,,,,,,,,,,,,,,,,,,,,,,,,,,,,,,,,,,,,,,,,,,,,,,,,,,,,,,,,,,,,,,,,,,,,,,,,,,,,,,,,,,,,,,,,,,,,,,,,,,,,,,,,,,,,,,,,,,,,,,,,,,,,,,,,,,,,,,,,,,,,,,,,,,,,,,,,,,,,,,,,,,,,,,,,,,,,,,,,,,,,,,,,,,,,,,,,,,,,,,,,,,,,,,,,,,,,,,,,,,,,,,,,,,,,,,,,,,,,,,,,,,,,,,,,,,,,,,,,,,,,,,,,,,,,,,,,,,,,,,,,,,,,,43.62,43.57,44.414,43.481,6960441.0,308126059.15
2023-10-20,,,,,,,,,,,,,,,,,,,,,,,,,,,,,,,,,,,,,,,,,,,,,,,,,,,,,,,,,,,,,,,,,,,,,,,,,,,,,,,,,,,,,,,,,,,,,,,,,,,,,,,,,,,,,,,,,,,,,,,,,,,,,,,,,,,,,,,,,,,,,,,,,,,,,,,,,,,,,,,,,,,,,,,,,,,,,,,,,,,,,,,,,,,,,,,,,,,,,,,,,,,,,,,,,,,,,,,,,,,,,,,,,,,,,,,,,,,,,,,,,,,,,,,,,,,,,,,,,,,,,,,,,,,,,,,,,,,,,,,,,,,,,,,,,,,,,,,,,,,,,,,,,,,43.868,43.432,43.958,42.975,6102504.0,267844616.63
2023-10-23,,,,,,,,,,,,,,,,,,,,,,,,,,,,,,,,,,,,,,,,,,,,,,,,,,,,,,,,,,,,,,,,,,,,,,,,,,,,,,,,,,,,,,,,,,,,,,,,,,,,,,,,,,,,,,,,,,,,,,,,,,,,,,,,,,,,,,,,,,,,,,,,,,,,,,,,,,,,,,,,,,,,,,,,,,,,,,,,,,,,,,,,,,,,,,,,,,,,,,,,,,,,,,,,,,,,,,,,,,,,,,,,,,,,,,,,,,,,,,,,,,,,,,,,,,,,,,,,,,,,,,,,,,,,,,,,,,,,,,,,,,,,,,,,,,,,,,,,,,,,,,,,,,,46.449,45.258,49.764,44.672,28132558.0,1345397679.87
2023-10-24,,,,,,,,,,,,,,,,,,,,,,,,,,,,,,,,,,,,,,,,,,,,,,,,,,,,,,,,,,,,,,,,,,,,,,,,,,,,,,,,,,,,,,,,,,,,,,,,,,,,,,,,,,,,,,,,,,,,,,,,,,,,,,,,,,,,,,,,,,,,,,,,,,,,,,,,,,,,,,,,,,,,,,,,,,,,,,,,,,,,,,,,,,,,,,,,,,,,,,,,,,,,,,,,,,,,,,,,,,,,,,,,,,,,,,,,,,,,,,,,,,,,,,,,,,,,,,,,,,,,,,,,,,,,,,,,,,,,,,,,,,,,,,,,,,,,,,,,,,,,,,,,,,,45.665,46.667,47.074,44.771,15712332.0,721409904.74
2023-10-25,,,,,,,,,,,,,,,,,,,,,,,,,,,,,,,,,,,,,,,,,,,,,,,,,,,,,,,,,,,,,,,,,,,,,,,,,,,,,,,,,,,,,,,,,,,,,,,,,,,,,,,,,,,,,,,,,,,,,,,,,,,,,,,,,,,,,,,,,,,,,,,,,,,,,,,,,,,,,,,,,,,,,,,,,,,,,,,,,,,,,,,,,,,,,,,,,,,,,,,,,,,,,,,,,,,,,,,,,,,,,,,,,,,,,,,,,,,,,,,,,,,,,,,,,,,,,,,,,,,,,,,,,,,,,,,,,,,,,,,,,,,,,,,,,,,,,,,,,,,,,,,,,,,46.508,45.297,47.57,45.139,12903042.0,603947141.68
2023-10-26,,,,,,,,,,,,,,,,,,,,,,,,,,,,,,,,,,,,,,,,,,,,,,,,,,,,,,,,,,,,,,,,,,,,,,,,,,,,,,,,,,,,,,,,,,,,,,,,,,,,,,,,,,,,,,,,,,,,,,,,,,,,,,,,,,,,,,,,,,,,,,,,,,,,,,,,,,,,,,,,,,,,,,,,,,,,,,,,,,,,,,,,,,,,,,,,,,,,,,,,,,,,,,,,,,,,,,,,,,,,,,,,,,,,,,,,,,,,,,,,,,,,,,,,,,,,,,,,,,,,,,,,,,,,,,,,,,,,,,,,,,,,,,,,,,,,,,,,,,,,,,,,,,,46.479,45.962,46.846,45.516,9616058.0,445577333.99
2023-10-27,,,,,,,,,,,,,,,,,,,,,,,,,,,,,,,,,,,,,,,,,,,,,,,,,,,,,,,,,,,,,,,,,,,,,,,,,,,,,,,,,,,,,,,,,,,,,,,,,,,,,,,,,,,,,,,,,,,,,,,,,,,,,,,,,,,,,,,,,,,,,,,,,,,,,,,,,,,,,,,,,,,,,,,,,,,,,,,,,,,,,,,,,,,,,,,,,,,,,,,,,,,,,,,,,,,,,,,,,,,,,,,,,,,,,,,,,,,,,,,,,,,,,,,,,,,,,,,,,,,,,,,,,,,,,,,,,,,,,,,,,,,,,,,,,,,,,,,,,,,,,,,,,,,45.744,46.518,46.647,45.307,10286656.0,475078985.44
2023-10-30,,,,,,,,,,,,,,,,,,,,,,,,,,,,,,,,,,,,,,,,,,,,,,,,,,,,,,,,,,,,,,,,,,,,,,,,,,,,,,,,,,,,,,,,,,,,,,,,,,,,,,,,,,,,,,,,,,,,,,,,,,,,,,,,,,,,,,,,,,,,,,,,,,,,,,,,,,,,,,,,,,,,,,,,,,,,,,,,,,,,,,,,,,,,,,,,,,,,,,,,,,,,,,,,,,,,,,,,,,,,,,,,,,,,,,,,,,,,,,,,,,,,,,,,,,,,,,,,,,,,,,,,,,,,,,,,,,,,,,,,,,,,,,,,,,,,,,,,,,,,,,,,,,,45.397,45.288,45.734,44.891,8375736.0,382667223.49
2023-10-31,,,,,,,,,,,,,,,,,,,,,,,,,,,,,,,,,,,,,,,,,,,,,,,,,,,,,,,,,,,,,,,,,,,,,,,,,,,,,,,,,,,,,,,,,,,,,,,,,,,,,,,,,,,,,,,,,,,,,,,,,,,,,,,,,,,,,,,,,,,,,,,,,,,,,,,,,,,,,,,,,,,,,,,,,,,,,,,,,,,,,,,,,,,,,,,,,,,,,,,,,,,,,,,,,,,,,,,,,,,,,,,,,,,,,,,,,,,,,,,,,,,,,,,,,,,,,,,,,,,,,,,,,,,,,,,,,,,,,,,,,,,,,,,,,,,,,,,,,,,,,,,,,,,45.417,45.258,46.042,45.099,6922706.0,318101390.09
2023-11-01,,,,,,,,,,,,,,,,,,,,,,,,,,,,,,,,,,,,,,,,,,,,,,,,,,,,,,,,,,,,,,,,,,,,,,,,,,,,,,,,,,,,,,,,,,,,,,,,,,,,,,,,,,,,,,,,,,,,,,,,,,,,,,,,,,,,,,,,,,,,,,,,,,,,,,,,,,,,,,,,,,,,,,,,,,,,,,,,,,,,,,,,,,,,,,,,,,,,,,,,,,,,,,,,,,,,,,,,,,,,,,,,,,,,,,,,,,,,,,,,,,,,,,,,,,,,,,,,,,,,,,,,,,,,,,,,,,,,,,,,,,,,,,,,,,,,,,,,,,,,,,,,,,,44.613,45.546,45.546,44.434,7282969.0,328459822.8
2023-11-02,,,,,,,,,,,,,,,,,,,,,,,,,,,,,,,,,,,,,,,,,,,,,,,,,,,,,,,,,,,,,,,,,,,,,,,,,,,,,,,,,,,,,,,,,,,,,,,,,,,,,,,,,,,,,,,,,,,,,,,,,,,,,,,,,,,,,,,,,,,,,,,,,,,,,,,,,,,,,,,,,,,,,,,,,,,,,,,,,,,,,,,,,,,,,,,,,,,,,,,,,,,,,,,,,,,,,,,,,,,,,,,,,,,,,,,,,,,,,,,,,,,,,,,,,,,,,,,,,,,,,,,,,,,,,,,,,,,,,,,,,,,,,,,,,,,,,,,,,,,,,,,,,,,44.92,44.662,46.449,44.007,10892098.0,495126265.46
2023-11-03,,,,,,,,,,,,,,,,,,,,,,,,,,,,,,,,,,,,,,,,,,,,,,,,,,,,,,,,,,,,,,,,,,,,,,,,,,,,,,,,,,,,,,,,,,,,,,,,,,,,,,,,,,,,,,,,,,,,,,,,,,,,,,,,,,,,,,,,,,,,,,,,,,,,,,,,,,,,,,,,,,,,,,,,,,,,,,,,,,,,,,,,,,,,,,,,,,,,,,,,,,,,,,,,,,,,,,,,,,,,,,,,,,,,,,,,,,,,,,,,,,,,,,,,,,,,,,,,,,,,,,,,,,,,,,,,,,,,,,,,,,,,,,,,,,,,,,,,,,,,,,,,,,,45.02,44.613,45.258,44.216,6086130.0,274693406.62
2023-11-06,,,,,,,,,,,,,,,,,,,,,,,,,,,,,,,,,,,,,,,,,,,,,,,,,,,,,,,,,,,,,,,,,,,,,,,,,,,,,,,,,,,,,,,,,,,,,,,,,,,,,,,,,,,,,,,,,,,,,,,,,,,,,,,,,,,,,,,,,,,,,,,,,,,,,,,,,,,,,,,,,,,,,,,,,,,,,,,,,,,,,,,,,,,,,,,,,,,,,,,,,,,,,,,,,,,,,,,,,,,,,,,,,,,,,,,,,,,,,,,,,,,,,,,,,,,,,,,,,,,,,,,,,,,,,,,,,,,,,,,,,,,,,,,,,,,,,,,,,,,,,,,,,,,45.426,45.218,45.565,44.861,8153917.0,372162741.59
2023-11-07,,,,,,,,,,,,,,,,,,,,,,,,,,,,,,,,,,,,,,,,,,,,,,,,,,,,,,,,,,,,,,,,,,,,,,,,,,,,,,,,,,,,,,,,,,,,,,,,,,,,,,,,,,,,,,,,,,,,,,,,,,,,,,,,,,,,,,,,,,,,,,,,,,,,,,,,,,,,,,,,,,,,,,,,,,,,,,,,,,,,,,,,,,,,,,,,,,,,,,,,,,,,,,,,,,,,,,,,,,,,,,,,,,,,,,,,,,,,,,,,,,,,,,,,,,,,,,,,,,,,,,,,,,,,,,,,,,,,,,,,,,,,,,,,,,,,,,,,,,,,,,,,,,,45.565,45.327,45.853,44.97,8172838.0,373981306.41
2023-11-08,,,,,,,,,,,,,,,,,,,,,,,,,,,,,,,,,,,,,,,,,,,,,,,,,,,,,,,,,,,,,,,,,,,,,,,,,,,,,,,,,,,,,,,,,,,,,,,,,,,,,,,,,,,,,,,,,,,,,,,,,,,,,,,,,,,,,,,,,,,,,,,,,,,,,,,,,,,,,,,,,,,,,,,,,,,,,,,,,,,,,,,,,,,,,,,,,,,,,,,,,,,,,,,,,,,,,,,,,,,,,,,,,,,,,,,,,,,,,,,,,,,,,,,,,,,,,,,,,,,,,,,,,,,,,,,,,,,,,,,,,,,,,,,,,,,,,,,,,,,,,,,,,,,45.635,45.595,45.972,45.377,7173777.0,330021140.77
2023-11-09,,,,,,,,,,,,,,,,,,,,,,,,,,,,,,,,,,,,,,,,,,,,,,,,,,,,,,,,,,,,,,,,,,,,,,,,,,,,,,,,,,,,,,,,,,,,,,,,,,,,,,,,,,,,,,,,,,,,,,,,,,,,,,,,,,,,,,,,,,,,,,,,,,,,,,,,,,,,,,,,,,,,,,,,,,,,,,,,,,,,,,,,,,,,,,,,,,,,,,,,,,,,,,,,,,,,,,,,,,,,,,,,,,,,,,,,,,,,,,,,,,,,,,,,,,,,,,,,,,,,,,,,,,,,,,,,,,,,,,,,,,,,,,,,,,,,,,,,,,,,,,,,,,,44.95,45.476,45.714,44.891,6809731.0,309969126.14
2023-11-10,,,,,,,,,,,,,,,,,,,,,,,,,,,,,,,,,,,,,,,,,,,,,,,,,,,,,,,,,,,,,,,,,,,,,,,,,,,,,,,,,,,,,,,,,,,,,,,,,,,,,,,,,,,,,,,,,,,,,,,,,,,,,,,,,,,,,,,,,,,,,,,,,,,,,,,,,,,,,,,,,,,,,,,,,,,,,,,,,,,,,,,,,,,,,,,,,,,,,,,,,,,,,,,,,,,,,,,,,,,,,,,,,,,,,,,,,,,,,,,,,,,,,,,,,,,,,,,,,,,,,,,,,,,,,,,,,,,,,,,,,,,,,,,,,,,,,,,,,,,,,,,,,,,45.724,44.92,46.131,44.603,9537605.0,436202026.06
2023-11-13,,,,,,,,,,,,,,,,,,,,,,,,,,,,,,,,,,,,,,,,,,,,,,,,,,,,,,,,,,,,,,,,,,,,,,,,,,,,,,,,,,,,,,,,,,,,,,,,,,,,,,,,,,,,,,,,,,,,,,,,,,,,,,,,,,,,,,,,,,,,,,,,,,,,,,,,,,,,,,,,,,,,,,,,,,,,,,,,,,,,,,,,,,,,,,,,,,,,,,,,,,,,,,,,,,,,,,,,,,,,,,,,,,,,,,,,,,,,,,,,,,,,,,,,,,,,,,,,,,,,,,,,,,,,,,,,,,,,,,,,,,,,,,,,,,,,,,,,,,,,,,,,,,,46.151,45.456,46.28,45.079,9876724.0,455560955.43
2023-11-14,,,,,,,,,,,,,,,,,,,,,,,,,,,,,,,,,,,,,,,,,,,,,,,,,,,,,,,,,,,,,,,,,,,,,,,,,,,,,,,,,,,,,,,,,,,,,,,,,,,,,,,,,,,,,,,,,,,,,,,,,,,,,,,,,,,,,,,,,,,,,,,,,,,,,,,,,,,,,,,,,,,,,,,,,,,,,,,,,,,,,,,,,,,,,,,,,,,,,,,,,,,,,,,,,,,,,,,,,,,,,,,,,,,,,,,,,,,,,,,,,,,,,,,,,,,,,,,,,,,,,,,,,,,,,,,,,,,,,,,,,,,,,,,,,,,,,,,,,,,,,,,,,,,46.22,45.843,46.528,45.833,7882793.0,366613611.33
2023-11-15,,,,,,,,,,,,,,,,,,,,,,,,,,,,,,,,,,,,,,,,,,,,,,,,,,,,,,,,,,,,,,,,,,,,,,,,,,,,,,,,,,,,,,,,,,,,,,,,,,,,,,,,,,,,,,,,,,,,,,,,,,,,,,,,,,,,,,,,,,,,,,,,,,,,,,,,,,,,,,,,,,,,,,,,,,,,,,,,,,,,,,,,,,,,,,,,,,,,,,,,,,,,,,,,,,,,,,,,,,,,,,,,,,,,,,,,,,,,,,,,,,,,,,,,,,,,,,,,,,,,,,,,,,,,,,,,,,,,,,,,,,,,,,,,,,,,,,,,,,,,,,,,,,,46.439,46.012,46.627,45.823,8452183.0,393630980.55
2023-11-16,,,,,,,,,,,,,,,,,,,,,,,,,,,,,,,,,,,,,,,,,,,,,,,,,,,,,,,,,,,,,,,,,,,,,,,,,,,,,,,,,,,,,,,,,,,,,,,,,,,,,,,,,,,,,,,,,,,,,,,,,,,,,,,,,,,,,,,,,,,,,,,,,,,,,,,,,,,,,,,,,,,,,,,,,,,,,,,,,,,,,,,,,,,,,,,,,,,,,,,,,,,,,,,,,,,,,,,,,,,,,,,,,,,,,,,,,,,,,,,,,,,,,,,,,,,,,,,,,,,,,,,,,,,,,,,,,,,,,,,,,,,,,,,,,,,,,,,,,,,,,,,,,,,45.625,46.161,46.33,45.565,6735703.0,311580044.64
2023-11-17,,,,,,,,,,,,,,,,,,,,,,,,,,,,,,,,,,,,,,,,,,,,,,,,,,,,,,,,,,,,,,,,,,,,,,,,,,,,,,,,,,,,,,,,,,,,,,,,,,,,,,,,,,,,,,,,,,,,,,,,,,,,,,,,,,,,,,,,,,,,,,,,,,,,,,,,,,,,,,,,,,,,,,,,,,,,,,,,,,,,,,,,,,,,,,,,,,,,,,,,,,,,,,,,,,,,,,,,,,,,,,,,,,,,,,,,,,,,,,,,,,,,,,,,,,,,,,,,,,,,,,,,,,,,,,,,,,,,,,,,,,,,,,,,,,,,,,,,,,,,,,,,,,,44.871,45.585,45.724,44.771,7098482.0,322608492.7
2023-11-20,,,,,,,,,,,,,,,,,,,,,,,,,,,,,,,,,,,,,,,,,,,,,,,,,,,,,,,,,,,,,,,,,,,,,,,,,,,,,,,,,,,,,,,,,,,,,,,,,,,,,,,,,,,,,,,,,,,,,,,,,,,,,,,,,,,,,,,,,,,,,,,,,,,,,,,,,,,,,,,,,,,,,,,,,,,,,,,,,,,,,,,,,,,,,,,,,,,,,,,,,,,,,,,,,,,,,,,,,,,,,,,,,,,,,,,,,,,,,,,,,,,,,,,,,,,,,,,,,,,,,,,,,,,,,,,,,,,,,,,,,,,,,,,,,,,,,,,,,,,,,,,,,,,45.228,44.662,45.625,44.563,6749426.0,306617704.54
2023-11-21,,,,,,,,,,,,,,,,,,,,,,,,,,,,,,,,,,,,,,,,,,,,,,,,,,,,,,,,,,,,,,,,,,,,,,,,,,,,,,,,,,,,,,,,,,,,,,,,,,,,,,,,,,,,,,,,,,,,,,,,,,,,,,,,,,,,,,,,,,,,,,,,,,,,,,,,,,,,,,,,,,,,,,,,,,,,,,,,,,,,,,,,,,,,,,,,,,,,,,,,,,,,,,,,,,,,,,,,,,,,,,,,,,,,,,,,,,,,,,,,,,,,,,,,,,,,,,,,,,,,,,,,,,,,,,,,,,,,,,,,,,,,,,,,,,,,,,,,,,,,,,,,,,,44.583,45.119,45.258,44.494,7841049.0,353900124.53
2023-11-22,,,,,,,,,,,,,,,,,,,,,,,,,,,,,,,,,,,,,,,,,,,,,,,,,,,,,,,,,,,,,,,,,,,,,,,,,,,,,,,,,,,,,,,,,,,,,,,,,,,,,,,,,,,,,,,,,,,,,,,,,,,,,,,,,,,,,,,,,,,,,,,,,,,,,,,,,,,,,,,,,,,,,,,,,,,,,,,,,,,,,,,,,,,,,,,,,,,,,,,,,,,,,,,,,,,,,,,,,,,,,,,,,,,,,,,,,,,,,,,,,,,,,,,,,,,,,,,,,,,,,,,,,,,,,,,,,,,,,,,,,,,,,,,,,,,,,,,,,,,,,,,,,,,44.642,44.394,44.94,44.374,4655088.0,209474960.06
2023-11-23,,,,,,,,,,,,,,,,,,,,,,,,,,,,,,,,,,,,,,,,,,,,,,,,,,,,,,,,,,,,,,,,,,,,,,,,,,,,,,,,,,,,,,,,,,,,,,,,,,,,,,,,,,,,,,,,,,,,,,,,,,,,,,,,,,,,,,,,,,,,,,,,,,,,,,,,,,,,,,,,,,,,,,,,,,,,,,,,,,,,,,,,,,,,,,,,,,,,,,,,,,,,,,,,,,,,,,,,,,,,,,,,,,,,,,,,,,,,,,,,,,,,,,,,,,,,,,,,,,,,,,,,,,,,,,,,,,,,,,,,,,,,,,,,,,,,,,,,,,,,,,,,,,,44.662,44.513,44.811,44.434,4325385.0,194423289.62
2023-11-24,,,,,,,,,,,,,,,,,,,,,,,,,,,,,,,,,,,,,,,,,,,,,,,,,,,,,,,,,,,,,,,,,,,,,,,,,,,,,,,,,,,,,,,,,,,,,,,,,,,,,,,,,,,,,,,,,,,,,,,,,,,,,,,,,,,,,,,,,,,,,,,,,,,,,,,,,,,,,,,,,,,,,,,,,,,,,,,,,,,,,,,,,,,,,,,,,,,,,,,,,,,,,,,,,,,,,,,,,,,,,,,,,,,,,,,,,,,,,,,,,,,,,,,,,,,,,,,,,,,,,,,,,,,,,,,,,,,,,,,,,,,,,,,,,,,,,,,,,,,,,,,,,,,45.059,44.811,45.317,44.583,7724247.0,349833785.61
2023-11-27,,,,,,,,,,,,,,,,,,,,,,,,,,,,,,,,,,,,,,,,,,,,,,,,,,,,,,,,,,,,,,,,,,,,,,,,,,,,,,,,,,,,,,,,,,,,,,,,,,,,,,,,,,,,,,,,,,,,,,,,,,,,,,,,,,,,,,,,,,,,,,,,,,,,,,,,,,,,,,,,,,,,,,,,,,,,,,,,,,,,,,,,,,,,,,,,,,,,,,,,,,,,,,,,,,,,,,,,,,,,,,,,,,,,,,,,,,,,,,,,,,,,,,,,,,,,,,,,,,,,,,,,,,,,,,,,,,,,,,,,,,,,,,,,,,,,,,,,,,,,,,,,,,,44.761,44.811,45.089,44.414,7436569.0,334871468.85
2023-11-28,,,,,,,,,,,,,,,,,,,,,,,,,,,,,,,,,,,,,,,,,,,,,,,,,,,,,,,,,,,,,,,,,,,,,,,,,,,,,,,,,,,,,,,,,,,,,,,,,,,,,,,,,,,,,,,,,,,,,,,,,,,,,,,,,,,,,,,,,,,,,,,,,,,,,,,,,,,,,,,,,,,,,,,,,,,,,,,,,,,,,,,,,,,,,,,,,,,,,,,,,,,,,,,,,,,,,,,,,,,,,,,,,,,,,,,,,,,,,,,,,,,,,,,,,,,,,,,,,,,,,,,,,,,,,,,,,,,,,,,,,,,,,,,,,,,,,,,,,,,,,,,,,,,44.791,44.811,45.109,44.563,4926710.0,222544803.1
2023-11-29,,,,,,,,,,,,,,,,,,,,,,,,,,,,,,,,,,,,,,,,,,,,,,,,,,,,,,,,,,,,,,,,,,,,,,,,,,,,,,,,,,,,,,,,,,,,,,,,,,,,,,,,,,,,,,,,,,,,,,,,,,,,,,,,,,,,,,,,,,,,,,,,,,,,,,,,,,,,,,,,,,,,,,,,,,,,,,,,,,,,,,,,,,,,,,,,,,,,,,,,,,,,,,,,,,,,,,,,,,,,,,,,,,,,,,,,,,,,,,,,,,,,,,,,,,,,,,,,,,,,,,,,,,,,,,,,,,,,,,,,,,,,,,,,,,,,,,,,,,,,,,,,,,,44.513,44.761,44.91,44.454,4456836.0,200455328.16
2023-11-30,,,,,,,,,,,,,,,,,,,,,,,,,,,,,,,,,,,,,,,,,,,,,,,,,,,,,,,,,,,,,,,,,,,,,,,,,,,,,,,,,,,,,,,,,,,,,,,,,,,,,,,,,,,,,,,,,,,,,,,,,,,,,,,,,,,,,,,,,,,,,,,,,,,,,,,,,,,,,,,,,,,,,,,,,,,,,,,,,,,,,,,,,,,,,,,,,,,,,,,,,,,,,,,,,,,,,,,,,,,,,,,,,,,,,,,,,,,,,,,,,,,,,,,,,,,,,,,,,,,,,,,,,,,,,,,,,,,,,,,,,,,,,,,,,,,,,,,,,,,,,,,,,,,43.531,44.374,44.593,43.104,7914364.0,349037982.12
2023-12-01,,,,,,,,,,,,,,,,,,,,,,,,,,,,,,,,,,,,,,,,,,,,,,,,,,,,,,,,,,,,,,,,,,,,,,,,,,,,,,,,,,,,,,,,,,,,,,,,,,,,,,,,,,,,,,,,,,,,,,,,,,,,,,,,,,,,,,,,,,,,,,,,,,,,,,,,,,,,,,,,,,,,,,,,,,,,,,,,,,,,,,,,,,,,,,,,,,,,,,,,,,,,,,,,,,,,,,,,,,,,,,,,,,,,,,,,,,,,,,,,,,,,,,,,,,,,,,,,,,,,,,,,,,,,,,,,,,,,,,,,,,,,,,,,,,,,,,,,,,,,,,,,,,,44.295,43.63,44.861,43.57,6773211.0,302345984.7
2023-12-04,,,,,,,,,,,,,,,,,,,,,,,,,,,,,,,,,,,,,,,,,,,,,,,,,,,,,,,,,,,,,,,,,,,,,,,,,,,,,,,,,,,,,,,,,,,,,,,,,,,,,,,,,,,,,,,,,,,,,,,,,,,,,,,,,,,,,,,,,,,,,,,,,,,,,,,,,,,,,,,,,,,,,,,,,,,,,,,,,,,,,,,,,,,,,,,,,,,,,,,,,,,,,,,,,,,,,,,,,,,,,,,,,,,,,,,,,,,,,,,,,,,,,,,,,,,,,,,,,,,,,,,,,,,,,,,,,,,,,,,,,,,,,,,,,,,,,,,,,,,,,,,,,,,44.176,44.116,44.523,43.878,3951922.0,176034501.61
2023-12-05,,,,,,,,,,,,,,,,,,,,,,,,,,,,,,,,,,,,,,,,,,,,,,,,,,,,,,,,,,,,,,,,,,,,,,,,,,,,,,,,,,,,,,,,,,,,,,,,,,,,,,,,,,,,,,,,,,,,,,,,,,,,,,,,,,,,,,,,,,,,,,,,,,,,,,,,,,,,,,,,,,,,,,,,,,,,,,,,,,,,,,,,,,,,,,,,,,,,,,,,,,,,,,,,,,,,,,,,,,,,,,,,,,,,,,,,,,,,,,,,,,,,,,,,,,,,,,,,,,,,,,,,,,,,,,,,,,,,,,,,,,,,,,,,,,,,,,,,,,,,,,,,,,,43.749,44.037,44.087,43.441,4572792.0,201594833.8
2023-12-06,,,,,,,,,,,,,,,,,,,,,,,,,,,,,,,,,,,,,,,,,,,,,,,,,,,,,,,,,,,,,,,,,,,,,,,,,,,,,,,,,,,,,,,,,,,,,,,,,,,,,,,,,,,,,,,,,,,,,,,,,,,,,,,,,,,,,,,,,,,,,,,,,,,,,,,,,,,,,,,,,,,,,,,,,,,,,,,,,,,,,,,,,,,,,,,,,,,,,,,,,,,,,,,,,,,,,,,,,,,,,,,,,,,,,,,,,,,,,,,,,,,,,,,,,,,,,,,,,,,,,,,,,,,,,,,,,,,,,,,,,,,,,,,,,,,,,,,,,,,,,,,,,,,44.603,43.561,45.02,43.441,7169851.0,321423472.44
2023-12-07,,,,,,,,,,,,,,,,,,,,,,,,,,,,,,,,,,,,,,,,,,,,,,,,,,,,,,,,,,,,,,,,,,,,,,,,,,,,,,,,,,,,,,,,,,,,,,,,,,,,,,,,,,,,,,,,,,,,,,,,,,,,,,,,,,,,,,,,,,,,,,,,,,,,,,,,,,,,,,,,,,,,,,,,,,,,,,,,,,,,,,,,,,,,,,,,,,,,,,,,,,,,,,,,,,,,,,,,,,,,,,,,,,,,,,,,,,,,,,,,,,,,,,,,,,,,,,,,,,,,,,,,,,,,,,,,,,,,,,,,,,,,,,,,,,,,,,,,,,,,,,,,,,,45.357,44.553,45.615,44.484,11231953.0,511186986.65
2023-12-08,,,,,,,,,,,,,,,,,,,,,,,,,,,,,,,,,,,,,,,,,,,,,,,,,,,,,,,,,,,,,,,,,,,,,,,,,,,,,,,,,,,,,,,,,,,,,,,,,,,,,,,,,,,,,,,,,,,,,,,,,,,,,,,,,,,,,,,,,,,,,,,,,,,,,,,,,,,,,,,,,,,,,,,,,,,,,,,,,,,,,,,,,,,,,,,,,,,,,,,,,,,,,,,,,,,,,,,,,,,,,,,,,,,,,,,,,,,,,,,,,,,,,,,,,,,,,,,,,,,,,,,,,,,,,,,,,,,,,,,,,,,,,,,,,,,,,,,,,,,,,,,,,,,46.617,45.357,46.647,45.079,18356413.0,852125231.12
2023-12-11,,,,,,,,,,,,,,,,,,,,,,,,,,,,,,,,,,,,,,,,,,,,,,,,,,,,,,,,,,,,,,,,,,,,,,,,,,,,,,,,,,,,,,,,,,,,,,,,,,,,,,,,,,,,,,,,,,,,,,,,,,,,,,,,,,,,,,,,,,,,,,,,,,,,,,,,,,,,,,,,,,,,,,,,,,,,,,,,,,,,,,,,,,,,,,,,,,,,,,,,,,,,,,,,,,,,,,,,,,,,,,,,,,,,,,,,,,,,,,,,,,,,,,,,,,,,,,,,,,,,,,,,,,,,,,,,,,,,,,,,,,,,,,,,,,,,,,,,,,,,,,,,,,,46.34,46.121,46.439,45.665,7899112.0,367039197.68
2023-12-12,,,,,,,,,,,,,,,,,,,,,,,,,,,,,,,,,,,,,,,,,,,,,,,,,,,,,,,,,,,,,,,,,,,,,,,,,,,,,,,,,,,,,,,,,,,,,,,,,,,,,,,,,,,,,,,,,,,,,,,,,,,,,,,,,,,,,,,,,,,,,,,,,,,,,,,,,,,,,,,,,,,,,,,,,,,,,,,,,,,,,,,,,,,,,,,,,,,,,,,,,,,,,,,,,,,,,,,,,,,,,,,,,,,,,,,,,,,,,,,,,,,,,,,,,,,,,,,,,,,,,,,,,,,,,,,,,,,,,,,,,,,,,,,,,,,,,,,,,,,,,,,,,,,45.933,46.151,46.697,45.903,5643685.0,262760461.98
2023-12-13,,,,,,,,,,,,,,,,,,,,,,,,,,,,,,,,,,,,,,,,,,,,,,,,,,,,,,,,,,,,,,,,,,,,,,,,,,,,,,,,,,,,,,,,,,,,,,,,,,,,,,,,,,,,,,,,,,,,,,,,,,,,,,,,,,,,,,,,,,,,,,,,,,,,,,,,,,,,,,,,,,,,,,,,,,,,,,,,,,,,,,,,,,,,,,,,,,,,,,,,,,,,,,,,,,,,,,,,,,,,,,,,,,,,,,,,,,,,,,,,,,,,,,,,,,,,,,,,,,,,,,,,,,,,,,,,,,,,,,,,,,,,,,,,,,,,,,,,,,,,,,,,,,,45.903,46.052,46.528,45.863,4864575.0,225901962.46
2023-12-14,,,,,,,,,,,,,,,,,,,,,,,,,,,,,,,,,,,,,,,,,,,,,,,,,,,,,,,,,,,,,,,,,,,,,,,,,,,,,,,,,,,,,,,,,,,,,,,,,,,,,,,,,,,,,,,,,,,,,,,,,,,,,,,,,,,,,,,,,,,,,,,,,,,,,,,,,,,,,,,,,,,,,,,,,,,,,,,,,,,,,,,,,,,,,,,,,,,,,,,,,,,,,,,,,,,,,,,,,,,,,,,,,,,,,,,,,,,,,,,,,,,,,,,,,,,,,,,,,,,,,,,,,,,,,,,,,,,,,,,,,,,,,,,,,,,,,,,,,,,,,,,,,,,45.218,46.141,46.29,45.029,6084830.0,278190192.18
2023-12-15,,,,,,,,,,,,,,,,,,,,,,,,,,,,,,,,,,,,,,,,,,,,,,,,,,,,,,,,,,,,,,,,,,,,,,,,,,,,,,,,,,,,,,,,,,,,,,,,,,,,,,,,,,,,,,,,,,,,,,,,,,,,,,,,,,,,,,,,,,,,,,,,,,,,,,,,,,,,,,,,,,,,,,,,,,,,,,,,,,,,,,,,,,,,,,,,,,,,,,,,,,,,,,,,,,,,,,,,,,,,,,,,,,,,,,,,,,,,,,,,,,,,,,,,,,,,,,,,,,,,,,,,,,,,,,,,,,,,,,,,,,,,,,,,,,,,,,,,,,,,,,,,,,,45.317,45.208,45.804,44.94,4549285.0,207930490.9
2023-12-18,,,,,,,,,,,,,,,,,,,,,,,,,,,,,,,,,,,,,,,,,,,,,,,,,,,,,,,,,,,,,,,,,,,,,,,,,,,,,,,,,,,,,,,,,,,,,,,,,,,,,,,,,,,,,,,,,,,,,,,,,,,,,,,,,,,,,,,,,,,,,,,,,,,,,,,,,,,,,,,,,,,,,,,,,,,,,,,,,,,,,,,,,,,,,,,,,,,,,,,,,,,,,,,,,,,,,,,,,,,,,,,,,,,,,,,,,,,,,,,,,,,,,,,,,,,,,,,,,,,,,,,,,,,,,,,,,,,,,,,,,,,,,,,,,,,,,,,,,,,,,,,,,,,43.551,45.139,45.208,43.461,8768824.0,389330736.0
2023-12-19,,,,,,,,,,,,,,,,,,,,,,,,,,,,,,,,,,,,,,,,,,,,,,,,,,,,,,,,,,,,,,,,,,,,,,,,,,,,,,,,,,,,,,,,,,,,,,,,,,,,,,,,,,,,,,,,,,,,,,,,,,,,,,,,,,,,,,,,,,,,,,,,,,,,,,,,,,,,,,,,,,,,,,,,,,,,,,,,,,,,,,,,,,,,,,,,,,,,,,,,,,,,,,,,,,,,,,,,,,,,,,,,,,,,,,,,,,,,,,,,,,,,,,,,,,,,,,,,,,,,,,,,,,,,,,,,,,,,,,,,,,,,,,,,,,,,,,,,,,,,,,,,,,,42.876,43.342,43.739,42.489,6909173.0,299720595.05
2023-12-20,,,,,,,,,,,,,,,,,,,,,,,,,,,,,,,,,,,,,,,,,,,,,,,,,,,,,,,,,,,,,,,,,,,,,,,,,,,,,,,,,,,,,,,,,,,,,,,,,,,,,,,,,,,,,,,,,,,,,,,,,,,,,,,,,,,,,,,,,,,,,,,,,,,,,,,,,,,,,,,,,,,,,,,,,,,,,,,,,,,,,,,,,,,,,,,,,,,,,,,,,,,,,,,,,,,,,,,,,,,,,,,,,,,,,,,,,,,,,,,,,,,,,,,,,,,,,,,,,,,,,,,,,,,,,,,,,,,,,,,,,,,,,,,,,,,,,,,,,,,,,,,,,,,42.36,42.757,43.025,42.28,3664784.0,157519942.05
2023-12-21,,,,,,,,,,,,,,,,,,,,,,,,,,,,,,,,,,,,,,,,,,,,,,,,,,,,,,,,,,,,,,,,,,,,,,,,,,,,,,,,,,,,,,,,,,,,,,,,,,,,,,,,,,,,,,,,,,,,,,,,,,,,,,,,,,,,,,,,,,,,,,,,,,,,,,,,,,,,,,,,,,,,,,,,,,,,,,,,,,,,,,,,,,,,,,,,,,,,,,,,,,,,,,,,,,,,,,,,,,,,,,,,,,,,,,,,,,,,,,,,,,,,,,,,,,,,,,,,,,,,,,,,,,,,,,,,,,,,,,,,,,,,,,,,,,,,,,,,,,,,,,,,,,,42.677,42.181,42.786,42.072,3419233.0,146465599.49
2023-12-22,,,,,,,,,,,,,,,,,,,,,,,,,,,,,,,,,,,,,,,,,,,,,,,,,,,,,,,,,,,,,,,,,,,,,,,,,,,,,,,,,,,,,,,,,,,,,,,,,,,,,,,,,,,,,,,,,,,,,,,,,,,,,,,,,,,,,,,,,,,,,,,,,,,,,,,,,,,,,,,,,,,,,,,,,,,,,,,,,,,,,,,,,,,,,,,,,,,,,,,,,,,,,,,,,,,,,,,,,,,,,,,,,,,,,,,,,,,,,,,,,,,,,,,,,,,,,,,,,,,,,,,,,,,,,,,,,,,,,,,,,,,,,,,,,,,,,,,,,,,,,,,,,,,43.273,42.677,43.719,42.489,5662879.0,246497152.39
2023-12-25,,,,,,,,,,,,,,,,,,,,,,,,,,,,,,,,,,,,,,,,,,,,,,,,,,,,,,,,,,,,,,,,,,,,,,,,,,,,,,,,,,,,,,,,,,,,,,,,,,,,,,,,,,,,,,,,,,,,,,,,,,,,,,,,,,,,,,,,,,,,,,,,,,,,,,,,,,,,,,,,,,,,,,,,,,,,,,,,,,,,,,,,,,,,,,,,,,,,,,,,,,,,,,,,,,,,,,,,,,,,,,,,,,,,,,,,,,,,,,,,,,,,,,,,,,,,,,,,,,,,,,,,,,,,,,,,,,,,,,,,,,,,,,,,,,,,,,,,,,,,,,,,,,,43.749,43.054,44.91,43.054,6306411.0,280093222.41
2023-12-26,,,,,,,,,,,,,,,,,,,,,,,,,,,,,,,,,,,,,,,,,,,,,,,,,,,,,,,,,,,,,,,,,,,,,,,,,,,,,,,,,,,,,,,,,,,,,,,,,,,,,,,,,,,,,,,,,,,,,,,,,,,,,,,,,,,,,,,,,,,,,,,,,,,,,,,,,,,,,,,,,,,,,,,,,,,,,,,,,,,,,,,,,,,,,,,,,,,,,,,,,,,,,,,,,,,,,,,,,,,,,,,,,,,,,,,,,,,,,,,,,,,,,,,,,,,,,,,,,,,,,,,,,,,,,,,,,,,,,,,,,,,,,,,,,,,,,,,,,,,,,,,,,,,43.293,43.7,43.749,42.757,3990516.0,173770245.81
2023-12-27,,,,,,,,,,,,,,,,,,,,,,,,,,,,,,,,,,,,,,,,,,,,,,,,,,,,,,,,,,,,,,,,,,,,,,,,,,,,,,,,,,,,,,,,,,,,,,,,,,,,,,,,,,,,,,,,,,,,,,,,,,,,,,,,,,,,,,,,,,,,,,,,,,,,,,,,,,,,,,,,,,,,,,,,,,,,,,,,,,,,,,,,,,,,,,,,,,,,,,,,,,,,,,,,,,,,,,,,,,,,,,,,,,,,,,,,,,,,,,,,,,,,,,,,,,,,,,,,,,,,,,,,,,,,,,,,,,,,,,,,,,,,,,,,,,,,,,,,,,,,,,,,,,,42.578,43.173,43.471,42.29,4937728.0,212166057.34
2023-12-28,,,,,,,,,,,,,,,,,,,,,,,,,,,,,,,,,,,,,,,,,,,,,,,,,,,,,,,,,,,,,,,,,,,,,,,,,,,,,,,,,,,,,,,,,,,,,,,,,,,,,,,,,,,,,,,,,,,,,,,,,,,,,,,,,,,,,,,,,,,,,,,,,,,,,,,,,,,,,,,,,,,,,,,,,,,,,,,,,,,,,,,,,,,,,,,,,,,,,,,,,,,,,,,,,,,,,,,,,,,,,,,,,,,,,,,,,,,,,,,,,,,,,,,,,,,,,,,,,,,,,,,,,,,,,,,,,,,,,,,,,,,,,,,,,,,,,,,,,,,,,,,,,,,42.608,42.568,42.687,41.208,7072485.0,299956674.42
2023-12-29,,,,,,,,,,,,,,,,,,,,,,,,,,,,,,,,,,,,,,,,,,,,,,,,,,,,,,,,,,,,,,,,,,,,,,,,,,,,,,,,,,,,,,,,,,,,,,,,,,,,,,,,,,,,,,,,,,,,,,,,,,,,,,,,,,,,,,,,,,,,,,,,,,,,,,,,,,,,,,,,,,,,,,,,,,,,,,,,,,,,,,,,,,,,,,,,,,,,,,,,,,,,,,,,,,,,,,,,,,,,,,,,,,,,,,,,,,,,,,,,,,,,,,,,,,,,,,,,,,,,,,,,,,,,,,,,,,,,,,,,,,,,,,,,,,,,,,,,,,,,,,,,,,,43.422,42.191,43.829,42.191,5873535.0,255874499.51
2024-01-02,,,,,,,,,,,,,,,,,,,,,,,,,,,,,,,,,,,,,,,,,,,,,,,,,,,,,,,,,,,,,,,,,,,,,,,,,,,,,,,,,,,,,,,,,,,,,,,,,,,,,,,,,,,,,,,,,,,,,,,,,,,,,,,,,,,,,,,,,,,,,,,,,,,,,,,,,,,,,,,,,,,,,,,,,,,,,,,,,,,,,,,,,,,,,,,,,,,,,,,,,,,,,,,,,,,,,,,,,,,,,,,,,,,,,,,,,,,,,,,,,,,,,,,,,,,,,,,,,,,,,,,,,,,,,,,,,,,,,,,,,,,,,,,,,,,,,,,,,,,,,,,,,,,43.977,43.233,44.722,43.134,7699512.0,342363876.83
2024-01-03,,,,,,,,,,,,,,,,,,,,,,,,,,,,,,,,,,,,,,,,,,,,,,,,,,,,,,,,,,,,,,,,,,,,,,,,,,,,,,,,,,,,,,,,,,,,,,,,,,,,,,,,,,,,,,,,,,,,,,,,,,,,,,,,,,,,,,,,,,,,,,,,,,,,,,,,,,,,,,,,,,,,,,,,,,,,,,,,,,,,,,,,,,,,,,,,,,,,,,,,,,,,,,,,,,,,,,,,,,,,,,,,,,,,,,,,,,,,,,,,,,,,,,,,,,,,,,,,,,,,,,,,,,,,,,,,,,,,,,,,,,,,,,,,,,,,,,,,,,,,,,,,,,,43.312,43.967,44.067,43.074,4254002.0,185886210.71
2024-01-04,,,,,,,,,,,,,,,,,,,,,,,,,,,,,,,,,,,,,,,,,,,,,,,,,,,,,,,,,,,,,,,,,,,,,,,,,,,,,,,,,,,,,,,,,,,,,,,,,,,,,,,,,,,,,,,,,,,,,,,,,,,,,,,,,,,,,,,,,,,,,,,,,,,,,,,,,,,,,,,,,,,,,,,,,,,,,,,,,,,,,,,,,,,,,,,,,,,,,,,,,,,,,,,,,,,,,,,,,,,,,,,,,,,,,,,,,,,,,,,,,,,,,,,,,,,,,,,,,,,,,,,,,,,,,,,,,,,,,,,,,,,,,,,,,,,,,,,,,,,,,,,,,,,42.806,43.173,43.739,42.578,3564065.0,154612788.51
2024-01-05,,,,,,,,,,,,,,,,,,,,,,,,,,,,,,,,,,,,,,,,,,,,,,,,,,,,,,,,,,,,,,,,,,,,,,,,,,,,,,,,,,,,,,,,,,,,,,,,,,,,,,,,,,,,,,,,,,,,,,,,,,,,,,,,,,,,,,,,,,,,,,,,,,,,,,,,,,,,,,,,,,,,,,,,,,,,,,,,,,,,,,,,,,,,,,,,,,,,,,,,,,,,,,,,,,,,,,,,,,,,,,,,,,,,,,,,,,,,,,,,,,,,,,,,,,,,,,,,,,,,,,,,,,,,,,,,,,,,,,,,,,,,,,,,,,,,,,,,,,,,,,,,,,,42.221,42.826,43.005,41.784,4239086.0,180934626.94
2024-01-08,,,,,,,,,,,,,,,,,,,,,,,,,,,,,,,,,,,,,,,,,,,,,,,,,,,,,,,,,,,,,,,,,,,,,,,,,,,,,,,,,,,,,,,,,,,,,,,,,,,,,,,,,,,,,,,,,,,,,,,,,,,,,,,,,,,,,,,,,,,,,,,,,,,,,,,,,,,,,,,,,,,,,,,,,,,,,,,,,,,,,,,,,,,,,,,,,,,,,,,,,,,,,,,,,,,,,,,,,,,,,,,,,,,,,,,,,,,,,,,,,,,,,,,,,,,,,,,,,,,,,,,,,,,,,,,,,,,,,,,,,,,,,,,,,,,,,,,,,,,,,,,,,,,40.017,42.082,42.082,39.998,6320622.0,260802446.9
2024-01-09,,,,,,,,,,,,,,,,,,,,,,,,,,,,,,,,,,,,,,,,,,,,,,,,,,,,,,,,,,,,,,,,,,,,,,,,,,,,,,,,,,,,,,,,,,,,,,,,,,,,,,,,,,,,,,,,,,,,,,,,,,,,,,,,,,,,,,,,,,,,,,,,,,,,,,,,,,,,,,,,,,,,,,,,,,,,,,,,,,,,,,,,,,,,,,,,,,,,,,,,,,,,,,,,,,,,,,,,,,,,,,,,,,,,,,,,,,,,,,,,,,,,,,,,,,,,,,,,,,,,,,,,,,,,,,,,,,,,,,,,,,,,,,,,,,,,,,,,,,,,,,,,,,,39.62,40.196,40.404,39.104,6528091.0,261196978.77
2024-01-10,,,,,,,,,,,,,,,,,,,,,,,,,,,,,,,,,,,,,,,,,,,,,,,,,,,,,,,,,,,,,,,,,,,,,,,,,,,,,,,,,,,,,,,,,,,,,,,,,,,,,,,,,,,,,,,,,,,,,,,,,,,,,,,,,,,,,,,,,,,,,,,,,,,,,,,,,,,,,,,,,,,,,,,,,,,,,,,,,,,,,,,,,,,,,,,,,,,,,,,,,,,,,,,,,,,,,,,,,,,,,,,,,,,,,,,,,,,,,,,,,,,,,,,,,,,,,,,,,,,,,,,,,,,,,,,,,,,,,,,,,,,,,,,,,,,,,,,,,,,,,,,,,,,39.362,39.283,39.601,38.787,3957197.0,156541748.74
2024-01-11,,,,,,,,,,,,,,,,,,,,,,,,,,,,,,,,,,,,,,,,,,,,,,,,,,,,,,,,,,,,,,,,,,,,,,,,,,,,,,,,,,,,,,,,,,,,,,,,,,,,,,,,,,,,,,,,,,,,,,,,,,,,,,,,,,,,,,,,,,,,,,,,,,,,,,,,,,,,,,,,,,,,,,,,,,,,,,,,,,,,,,,,,,,,,,,,,,,,,,,,,,,,,,,,,,,,,,,,,,,,,,,,,,,,,,,,,,,,,,,,,,,,,,,,,,,,,,,,,,,,,,,,,,,,,,,,,,,,,,,,,,,,,,,,,,,,,,,,,,,,,,,,,,,40.246,39.293,40.325,39.253,4666776.0,187752571.65
2024-01-12,,,,,,,,,,,,,,,,,,,,,,,,,,,,,,,,,,,,,,,,,,,,,,,,,,,,,,,,,,,,,,,,,,,,,,,,,,,,,,,,,,,,,,,,,,,,,,,,,,,,,,,,,,,,,,,,,,,,,,,,,,,,,,,,,,,,,,,,,,,,,,,,,,,,,,,,,,,,,,,,,,,,,,,,,,,,,,,,,,,,,,,,,,,,,,,,,,,,,,,,,,,,,,,,,,,,,,,,,,,,,,,,,,,,,,,,,,,,,,,,,,,,,,,,,,,,,,,,,,,,,,,,,,,,,,,,,,,,,,,,,,,,,,,,,,,,,,,,,,,,,,,,,,,41.218,40.315,41.784,40.315,6733042.0,279377973.01
2024-01-15,,,,,,,,,,,,,,,,,,,,,,,,,,,,,,,,,,,,,,,,,,,,,,,,,,,,,,,,,,,,,,,,,,,,,,,,,,,,,,,,,,,,,,,,,,,,,,,,,,,,,,,,,,,,,,,,,,,,,,,,,,,,,,,,,,,,,,,,,,,,,,,,,,,,,,,,,,,,,,,,,,,,,,,,,,,,,,,,,,,,,,,,,,,,,,,,,,,,,,,,,,,,,,,,,,,,,,,,,,,,,,,,,,,,,,,,,,,,,,,,,,,,,,,,,,,,,,,,,,,,,,,,,,,,,,,,,,,,,,,,,,,,,,,,,,,,,,,,,,,,,,,,,,,39.968,40.901,41.308,39.958,4503799.0,183614312.14
2024-01-16,,,,,,,,,,,,,,,,,,,,,,,,,,,,,,,,,,,,,,,,,,,,,,,,,,,,,,,,,,,,,,,,,,,,,,,,,,,,,,,,,,,,,,,,,,,,,,,,,,,,,,,,,,,,,,,,,,,,,,,,,,,,,,,,,,,,,,,,,,,,,,,,,,,,,,,,,,,,,,,,,,,,,,,,,,,,,,,,,,,,,,,,,,,,,,,,,,,,,,,,,,,,,,,,,,,,,,,,,,,,,,,,,,,,,,,,,,,,,,,,,,,,,,,,,,,,,,,,,,,,,,,,,,,,,,,,,,,,,,,,,,,,,,,,,,,,,,,,,,,,,,,,,,,40.047,39.71,40.087,39.352,3680901.0,147263005.37
2024-01-17,,,,,,,,,,,,,,,,,,,,,,,,,,,,,,,,,,,,,,,,,,,,,,,,,,,,,,,,,,,,,,,,,,,,,,,,,,,,,,,,,,,,,,,,,,,,,,,,,,,,,,,,,,,,,,,,,,,,,,,,,,,,,,,,,,,,,,,,,,,,,,,,,,,,,,,,,,,,,,,,,,,,,,,,,,,,,,,,,,,,,,,,,,,,,,,,,,,,,,,,,,,,,,,,,,,,,,,,,,,,,,,,,,,,,,,,,,,,,,,,,,,,,,,,,,,,,,,,,,,,,,,,,,,,,,,,,,,,,,,,,,,,,,,,,,,,,,,,,,,,,,,,,,,38.896,39.799,40.226,38.896,3394944.0,135469694.01
2024-01-18,,,,,,,,,,,,,,,,,,,,,,,,,,,,,,,,,,,,,,,,,,,,,,,,,,,,,,,,,,,,,,,,,,,,,,,,,,,,,,,,,,,,,,,,,,,,,,,,,,,,,,,,,,,,,,,,,,,,,,,,,,,,,,,,,,,,,,,,,,,,,,,,,,,,,,,,,,,,,,,,,,,,,,,,,,,,,,,,,,,,,,,,,,,,,,,,,,,,,,,,,,,,,,,,,,,,,,,,,,,,,,,,,,,,,,,,,,,,,,,,,,,,,,,,,,,,,,,,,,,,,,,,,,,,,,,,,,,,,,,,,,,,,,,,,,,,,,,,,,,,,,,,,,,37.814,38.41,38.707,35.68,13123415.0,487723638.15
2024-01-19,,,,,,,,,,,,,,,,,,,,,,,,,,,,,,,,,,,,,,,,,,,,,,,,,,,,,,,,,,,,,,,,,,,,,,,,,,,,,,,,,,,,,,,,,,,,,,,,,,,,,,,,,,,,,,,,,,,,,,,,,,,,,,,,,,,,,,,,,,,,,,,,,,,,,,,,,,,,,,,,,,,,,,,,,,,,,,,,,,,,,,,,,,,,,,,,,,,,,,,,,,,,,,,,,,,,,,,,,,,,,,,,,,,,,,,,,,,,,,,,,,,,,,,,,,,,,,,,,,,,,,,,,,,,,,,,,,,,,,,,,,,,,,,,,,,,,,,,,,,,,,,,,,,37.02,37.467,37.616,37.01,4764375.0,178874265.97
2024-01-22,,,,,,,,,,,,,,,,,,,,,,,,,,,,,,,,,,,,,,,,,,,,,,,,,,,,,,,,,,,,,,,,,,,,,,,,,,,,,,,,,,,,,,,,,,,,,,,,,,,,,,,,,,,,,,,,,,,,,,,,,,,,,,,,,,,,,,,,,,,,,,,,,,,,,,,,,,,,,,,,,,,,,,,,,,,,,,,,,,,,,,,,,,,,,,,,,,,,,,,,,,,,,,,,,,,,,,,,,,,,,,,,,,,,,,,,,,,,,,,,,,,,,,,,,,,,,,,,,,,,,,,,,,,,,,,,,,,,,,,,,,,,,,,,,,,,,,,,,,,,,,,,,,,35.134,36.822,36.851,34.747,6799828.0,246790009.73
2024-01-23,,,,,,,,,,,,,,,,,,,,,,,,,,,,,,,,,,,,,,,,,,,,,,,,,,,,,,,,,,,,,,,,,,,,,,,,,,,,,,,,,,,,,,,,,,,,,,,,,,,,,,,,,,,,,,,,,,,,,,,,,,,,,,,,,,,,,,,,,,,,,,,,,,,,,,,,,,,,,,,,,,,,,,,,,,,,,,,,,,,,,,,,,,,,,,,,,,,,,,,,,,,,,,,,,,,,,,,,,,,,,,,,,,,,,,,,,,,,,,,,,,,,,,,,,,,,,,,,,,,,,,,,,,,,,,,,,,,,,,,,,,,,,,,,,,,,,,,,,,,,,,,,,,,35.621,35.035,35.779,34.668,6746257.0,239725684.46
2024-01-24,,,,,,,,,,,,,,,,,,,,,,,,,,,,,,,,,,,,,,,,,,,,,,,,,,,,,,,,,,,,,,,,,,,,,,,,,,,,,,,,,,,,,,,,,,,,,,,,,,,,,,,,,,,,,,,,,,,,,,,,,,,,,,,,,,,,,,,,,,,,,,,,,,,,,,,,,,,,,,,,,,,,,,,,,,,,,,,,,,,,,,,,,,,,,,,,,,,,,,,,,,,,,,,,,,,,,,,,,,,,,,,,,,,,,,,,,,,,,,,,,,,,,,,,,,,,,,,,,,,,,,,,,,,,,,,,,,,,,,,,,,,,,,,,,,,,,,,,,,,,,,,,,,,36.226,35.531,36.315,34.737,5958355.0,213414991.2
2024-01-25,,,,,,,,,,,,,,,,,,,,,,,,,,,,,,,,,,,,,,,,,,,,,,,,,,,,,,,,,,,,,,,,,,,,,,,,,,,,,,,,,,,,,,,,,,,,,,,,,,,,,,,,,,,,,,,,,,,,,,,,,,,,,,,,,,,,,,,,,,,,,,,,,,,,,,,,,,,,,,,,,,,,,,,,,,,,,,,,,,,,,,,,,,,,,,,,,,,,,,,,,,,,,,,,,,,,,,,,,,,,,,,,,,,,,,,,,,,,,,,,,,,,,,,,,,,,,,,,,,,,,,,,,,,,,,,,,,,,,,,,,,,,,,,,,,,,,,,,,,,,,,,,,,,38.687,36.077,39.055,36.028,11371337.0,437447039.21
2024-01-26,,,,,,,,,,,,,,,,,,,,,,,,,,,,,,,,,,,,,,,,,,,,,,,,,,,,,,,,,,,,,,,,,,,,,,,,,,,,,,,,,,,,,,,,,,,,,,,,,,,,,,,,,,,,,,,,,,,,,,,,,,,,,,,,,,,,,,,,,,,,,,,,,,,,,,,,,,,,,,,,,,,,,,,,,,,,,,,,,,,,,,,,,,,,,,,,,,,,,,,,,,,,,,,,,,,,,,,,,,,,,,,,,,,,,,,,,,,,,,,,,,,,,,,,,,,,,,,,,,,,,,,,,,,,,,,,,,,,,,,,,,,,,,,,,,,,,,,,,,,,,,,,,,,38.797,38.35,39.154,38.35,6469658.0,252265938.42
2024-01-29,,,,,,,,,,,,,,,,,,,,,,,,,,,,,,,,,,,,,,,,,,,,,,,,,,,,,,,,,,,,,,,,,,,,,,,,,,,,,,,,,,,,,,,,,,,,,,,,,,,,,,,,,,,,,,,,,,,,,,,,,,,,,,,,,,,,,,,,,,,,,,,,,,,,,,,,,,,,,,,,,,,,,,,,,,,,,,,,,,,,,,,,,,,,,,,,,,,,,,,,,,,,,,,,,,,,,,,,,,,,,,,,,,,,,,,,,,,,,,,,,,,,,,,,,,,,,,,,,,,,,,,,,,,,,,,,,,,,,,,,,,,,,,,,,,,,,,,,,,,,,,,,,,,37.238,38.707,38.707,37.238,6496058.0,248545741.03
2024-01-30,,,,,,,,,,,,,,,,,,,,,,,,,,,,,,,,,,,,,,,,,,,,,,,,,,,,,,,,,,,,,,,,,,,,,,,,,,,,,,,,,,,,,,,,,,,,,,,,,,,,,,,,,,,,,,,,,,,,,,,,,,,,,,,,,,,,,,,,,,,,,,,,,,,,,,,,,,,,,,,,,,,,,,,,,,,,,,,,,,,,,,,,,,,,,,,,,,,,,,,,,,,,,,,,,,,,,,,,,,,,,,,,,,,,,,,,,,,,,,,,,,,,,,,,,,,,,,,,,,,,,,,,,,,,,,,,,,,,,,,,,,,,,,,,,,,,,,,,,,,,,,,,,,,36.077,36.891,37.506,35.988,4874019.0,180626325.41
2024-01-31,,,,,,,,,,,,,,,,,,,,,,,,,,,,,,,,,,,,,,,,,,,,,,,,,,,,,,,,,,,,,,,,,,,,,,,,,,,,,,,,,,,,,,,,,,,,,,,,,,,,,,,,,,,,,,,,,,,,,,,,,,,,,,,,,,,,,,,,,,,,,,,,,,,,,,,,,,,,,,,,,,,,,,,,,,,,,,,,,,,,,,,,,,,,,,,,,,,,,,,,,,,,,,,,,,,,,,,,,,,,,,,,,,,,,,,,,,,,,,,,,,,,,,,,,,,,,,,,,,,,,,,,,,,,,,,,,,,,,,,,,,,,,,,,,,,,,,,,,,,,,,,,,,,36.097,37.119,38.906,36.028,11131014.0,423813574.36
2024-02-01,,,,,,,,,,,,,,,,,,,,,,,,,,,,,,,,,,,,,,,,,,,,,,,,,,,,,,,,,,,,,,,,,,,,,,,,,,,,,,,,,,,,,,,,,,,,,,,,,,,,,,,,,,,,,,,,,,,,,,,,,,,,,,,,,,,,,,,,,,,,,,,,,,,,,,,,,,,,,,,,,,,,,,,,,,,,,,,,,,,,,,,,,,,,,,,,,,,,,,,,,,,,,,,,,,,,,,,,,,,,,,,,,,,,,,,,,,,,,,,,,,,,,,,,,,,,,,,,,,,,,,,,,,,,,,,,,,,,,,,,,,,,,,,,,,,,,,,,,,,,,,,,,,,36.405,35.561,37.705,35.323,8223972.0,303937449.85
2024-02-02,,,,,,,,,,,,,,,,,,,,,,,,,,,,,,,,,,,,,,,,,,,,,,,,,,,,,,,,,,,,,,,,,,,,,,,,,,,,,,,,,,,,,,,,,,,,,,,,,,,,,,,,,,,,,,,,,,,,,,,,,,,,,,,,,,,,,,,,,,,,,,,,,,,,,,,,,,,,,,,,,,,,,,,,,,,,,,,,,,,,,,,,,,,,,,,,,,,,,,,,,,,,,,,,,,,,,,,,,,,,,,,,,,,,,,,,,,,,,,,,,,,,,,,,,,,,,,,,,,,,,,,,,,,,,,,,,,,,,,,,,,,,,,,,,,,,,,,,,,,,,,,,,,,35.124,36.256,37.02,34.39,8181725.0,293750068.63
2024-02-05,,,,,,,,,,,,,,,,,,,,,,,,,,,,,,,,,,,,,,,,,,,,,,,,,,,,,,,,,,,,,,,,,,,,,,,,,,,,,,,,,,,,,,,,,,,,,,,,,,,,,,,,,,,,,,,,,,,,,,,,,,,,,,,,,,,,,,,,,,,,,,,,,,,,,,,,,,,,,,,,,,,,,,,,,,,,,,,,,,,,,,,,,,,,,,,,,,,,,,,,,,,,,,,,,,,,,,,,,,,,,,,,,,,,,,,,,,,,,,,,,,,,,,,,,,,,,,,,,,,,,,,,,,,,,,,,,,,,,,,,,,,,,,,,,,,,,,,,,,,,,,,,,,,33.715,34.737,35.412,31.641,11003519.0,371065301.4
2024-02-06,,,,,,,,,,,,,,,,,,,,,,,,,,,,,,,,,,,,,,,,,,,,,,,,,,,,,,,,,,,,,,,,,,,,,,,,,,,,,,,,,,,,,,,,,,,,,,,,,,,,,,,,,,,,,,,,,,,,,,,,,,,,,,,,,,,,,,,,,,,,,,,,,,,,,,,,,,,,,,,,,,,,,,,,,,,,,,,,,,,,,,,,,,,,,,,,,,,,,,,,,,,,,,,,,,,,,,,,,,,,,,,,,,,,,,,,,,,,,,,,,,,,,,,,,,,,,,,,,,,,,,,,,,,,,,,,,,,,,,,,,,,,,,,,,,,,,,,,,,,,,,,,,,,36.524,33.239,36.673,33.169,10540627.0,375210296.76
2024-02-07,,,,,,,,,,,,,,,,,,,,,,,,,,,,,,,,,,,,,,,,,,,,,,,,,,,,,,,,,,,,,,,,,,,,,,,,,,,,,,,,,,,,,,,,,,,,,,,,,,,,,,,,,,,,,,,,,,,,,,,,,,,,,,,,,,,,,,,,,,,,,,,,,,,,,,,,,,,,,,,,,,,,,,,,,,,,,,,,,,,,,,,,,,,,,,,,,,,,,,,,,,,,,,,,,,,,,,,,,,,,,,,,,,,,,,,,,,,,,,,,,,,,,,,,,,,,,,,,,,,,,,,,,,,,,,,,,,,,,,,,,,,,,,,,,,,,,,,,,,,,,,,,,,,39.065,36.524,39.67,36.524,14335209.0,556159280.5
2024-02-08,,,,,,,,,,,,,,,,,,,,,,,,,,,,,,,,,,,,,,,,,,,,,,,,,,,,,,,,,,,,,,,,,,,,,,,,,,,,,,,,,,,,,,,,,,,,,,,,,,,,,,,,,,,,,,,,,,,,,,,,,,,,,,,,,,,,,,,,,,,,,,,,,,,,,,,,,,,,,,,,,,,,,,,,,,,,,,,,,,,,,,,,,,,,,,,,,,,,,,,,,,,,,,,,,,,,,,,,,,,,,,,,,,,,,,,,,,,,,,,,,,,,,,,,,,,,,,,,,,,,,,,,,,,,,,,,,,,,,,,,,,,,,,,,,,,,,,,,,,,,,,,,,,,39.809,39.065,40.782,38.955,11129749.0,449907581.48
2024-02-19,,,,,,,,,,,,,,,,,,,,,,,,,,,,,,,,,,,,,,,,,,,,,,,,,,,,,,,,,,,,,,,,,,,,,,,,,,,,,,,,,,,,,,,,,,,,,,,,,,,,,,,,,,,,,,,,,,,,,,,,,,,,,,,,,,,,,,,,,,,,,,,,,,,,,,,,,,,,,,,,,,,,,,,,,,,,,,,,,,,,,,,,,,,,,,,,,,,,,,,,,,,,,,,,,,,,,,,,,,,,,,,,,,,,,,,,,,,,,,,,,,,,,,,,,,,,,,,,,,,,,,,,,,,,,,,,,,,,,,,,,,,,,,,,,,,,,,,,,,,,,,,,,,,39.204,39.68,39.69,38.707,8179422.0,322758241.21
2024-02-20,,,,,,,,,,,,,,,,,,,,,,,,,,,,,,,,,,,,,,,,,,,,,,,,,,,,,,,,,,,,,,,,,,,,,,,,,,,,,,,,,,,,,,,,,,,,,,,,,,,,,,,,,,,,,,,,,,,,,,,,,,,,,,,,,,,,,,,,,,,,,,,,,,,,,,,,,,,,,,,,,,,,,,,,,,,,,,,,,,,,,,,,,,,,,,,,,,,,,,,,,,,,,,,,,,,,,,,,,,,,,,,,,,,,,,,,,,,,,,,,,,,,,,,,,,,,,,,,,,,,,,,,,,,,,,,,,,,,,,,,,,,,,,,,,,,,,,,,,,,,,,,,,,,39.968,38.955,40.315,38.608,6639932.0,263966344.77
2024-02-21,,,,,,,,,,,,,,,,,,,,,,,,,,,,,,,,,,,,,,,,,,,,,,,,,,,,,,,,,,,,,,,,,,,,,,,,,,,,,,,,,,,,,,,,,,,,,,,,,,,,,,,,,,,,,,,,,,,,,,,,,,,,,,,,,,,,,,,,,,,,,,,,,,,,,,,,,,,,,,,,,,,,,,,,,,,,,,,,,,,,,,,,,,,,,,,,,,,,,,,,,,,,,,,,,,,,,,,,,,,,,,,,,,,,,,,,,,,,,,,,,,,,,,,,,,,,,,,,,,,,,,,,,,,,,,,,,,,,,,,,,,,,,,,,,,,,,,,,,,,,,,,,,,,39.789,39.293,40.662,39.273,7403269.0,298601002.34
2024-02-22,,,,,,,,,,,,,,,,,,,,,,,,,,,,,,,,,,,,,,,,,,,,,,,,,,,,,,,,,,,,,,,,,,,,,,,,,,,,,,,,,,,,,,,,,,,,,,,,,,,,,,,,,,,,,,,,,,,,,,,,,,,,,,,,,,,,,,,,,,,,,,,,,,,,,,,,,,,,,,,,,,,,,,,,,,,,,,,,,,,,,,,,,,,,,,,,,,,,,,,,,,,,,,,,,,,,,,,,,,,,,,,,,,,,,,,,,,,,,,,,,,,,,,,,,,,,,,,,,,,,,,,,,,,,,,,,,,,,,,,,,,,,,,,,,,,,,,,,,,,,,,,,,,,40.434,39.789,40.633,39.789,6842924.0,277437351.8
2024-02-23,,,,,,,,,,,,,,,,,,,,,,,,,,,,,,,,,,,,,,,,,,,,,,,,,,,,,,,,,,,,,,,,,,,,,,,,,,,,,,,,,,,,,,,,,,,,,,,,,,,,,,,,,,,,,,,,,,,,,,,,,,,,,,,,,,,,,,,,,,,,,,,,,,,,,,,,,,,,,,,,,,,,,,,,,,,,,,,,,,,,,,,,,,,,,,,,,,,,,,,,,,,,,,,,,,,,,,,,,,,,,,,,,,,,,,,,,,,,,,,,,,,,,,,,,,,,,,,,,,,,,,,,,,,,,,,,,,,,,,,,,,,,,,,,,,,,,,,,,,,,,,,,,,,40.474,40.395,40.891,39.62,7229719.0,293498937.8
2024-02-26,,,,,,,,,,,,,,,,,,,,,,,,,,,,,,,,,,,,,,,,,,,,,,,,,,,,,,,,,,,,,,,,,,,,,,,,,,,,,,,,,,,,,,,,,,,,,,,,,,,,,,,,,,,,,,,,,,,,,,,,,,,,,,,,,,,,,,,,,,,,,,,,,,,,,,,,,,,,,,,,,,,,,,,,,,,,,,,,,,,,,,,,,,,,,,,,,,,,,,,,,,,,,,,,,,,,,,,,,,,,,,,,,,,,,,,,,,,,,,,,,,,,,,,,,,,,,,,,,,,,,,,,,,,,,,,,,,,,,,,,,,,,,,,,,,,,,,,,,,,,,,,,,,,42.211,40.196,43.025,40.007,12338806.0,520723600.25
2024-02-27,,,,,,,,,,,,,,,,,,,,,,,,,,,,,,,,,,,,,,,,,,,,,,,,,,,,,,,,,,,,,,,,,,,,,,,,,,,,,,,,,,,,,,,,,,,,,,,,,,,,,,,,,,,,,,,,,,,,,,,,,,,,,,,,,,,,,,,,,,,,,,,,,,,,,,,,,,,,,,,,,,,,,,,,,,,,,,,,,,,,,,,,,,,,,,,,,,,,,,,,,,,,,,,,,,,,,,,,,,,,,,,,,,,,,,,,,,,,,,,,,,,,,,,,,,,,,,,,,,,,,,,,,,,,,,,,,,,,,,,,,,,,,,,,,,,,,,,,,,,,,,,,,,,41.963,41.675,42.062,41.198,8802257.0,369520392.73
2024-02-28,,,,,,,,,,,,,,,,,,,,,,,,,,,,,,,,,,,,,,,,,,,,,,,,,,,,,,,,,,,,,,,,,,,,,,,,,,,,,,,,,,,,,,,,,,,,,,,,,,,,,,,,,,,,,,,,,,,,,,,,,,,,,,,,,,,,,,,,,,,,,,,,,,,,,,,,,,,,,,,,,,,,,,,,,,,,,,,,,,,,,,,,,,,,,,,,,,,,,,,,,,,,,,,,,,,,,,,,,,,,,,,,,,,,,,,,,,,,,,,,,,,,,,,,,,,,,,,,,,,,,,,,,,,,,,,,,,,,,,,,,,,,,,,,,,,,,,,,,,,,,,,,,,,40.464,41.715,42.27,40.464,9735902.0,407473723.06
2024-02-29,,,,,,,,,,,,,,,,,,,,,,,,,,,,,,,,,,,,,,,,,,,,,,,,,,,,,,,,,,,,,,,,,,,,,,,,,,,,,,,,,,,,,,,,,,,,,,,,,,,,,,,,,,,,,,,,,,,,,,,,,,,,,,,,,,,,,,,,,,,,,,,,,,,,,,,,,,,,,,,,,,,,,,,,,,,,,,,,,,,,,,,,,,,,,,,,,,,,,,,,,,,,,,,,,,,,,,,,,,,,,,,,,,,,,,,,,,,,,,,,,,,,,,,,,,,,,,,,,,,,,,,,,,,,,,,,,,,,,,,,,,,,,,,,,,,,,,,,,,,,,,,,,,,41.238,40.464,41.288,40.464,6779336.0,279569089.78
2024-03-01,,,,,,,,,,,,,,,,,,,,,,,,,,,,,,,,,,,,,,,,,,,,,,,,,,,,,,,,,,,,,,,,,,,,,,,,,,,,,,,,,,,,,,,,,,,,,,,,,,,,,,,,,,,,,,,,,,,,,,,,,,,,,,,,,,,,,,,,,,,,,,,,,,,,,,,,,,,,,,,,,,,,,,,,,,,,,,,,,,,,,,,,,,,,,,,,,,,,,,,,,,,,,,,,,,,,,,,,,,,,,,,,,,,,,,,,,,,,,,,,,,,,,,,,,,,,,,,,,,,,,,,,,,,,,,,,,,,,,,,,,,,,,,,,,,,,,,,,,,,,,,,,,,,41.655,40.871,41.933,40.871,6547604.0,273756062.83
2024-03-04,,,,,,,,,,,,,,,,,,,,,,,,,,,,,,,,,,,,,,,,,,,,,,,,,,,,,,,,,,,,,,,,,,,,,,,,,,,,,,,,,,,,,,,,,,,,,,,,,,,,,,,,,,,,,,,,,,,,,,,,,,,,,,,,,,,,,,,,,,,,,,,,,,,,,,,,,,,,,,,,,,,,,,,,,,,,,,,,,,,,,,,,,,,,,,,,,,,,,,,,,,,,,,,,,,,,,,,,,,,,,,,,,,,,,,,,,,,,,,,,,,,,,,,,,,,,,,,,,,,,,,,,,,,,,,,,,,,,,,,,,,,,,,,,,,,,,,,,,,,,,,,,,,,41.139,41.089,41.496,40.653,6046027.0,250268504.87
2024-03-05,,,,,,,,,,,,,,,,,,,,,,,,,,,,,,,,,,,,,,,,,,,,,,,,,,,,,,,,,,,,,,,,,,,,,,,,,,,,,,,,,,,,,,,,,,,,,,,,,,,,,,,,,,,,,,,,,,,,,,,,,,,,,,,,,,,,,,,,,,,,,,,,,,,,,,,,,,,,,,,,,,,,,,,,,,,,,,,,,,,,,,,,,,,,,,,,,,,,,,,,,,,,,,,,,,,,,,,,,,,,,,,,,,,,,,,,,,,,,,,,,,,,,,,,,,,,,,,,,,,,,,,,,,,,,,,,,,,,,,,,,,,,,,,,,,,,,,,,,,,,,,,,,,,43.173,41.169,43.729,41.109,16295356.0,703144248.7
2024-03-06,,,,,,,,,,,,,,,,,,,,,,,,,,,,,,,,,,,,,,,,,,,,,,,,,,,,,,,,,,,,,,,,,,,,,,,,,,,,,,,,,,,,,,,,,,,,,,,,,,,,,,,,,,,,,,,,,,,,,,,,,,,,,,,,,,,,,,,,,,,,,,,,,,,,,,,,,,,,,,,,,,,,,,,,,,,,,,,,,,,,,,,,,,,,,,,,,,,,,,,,,,,,,,,,,,,,,,,,,,,,,,,,,,,,,,,,,,,,,,,,,,,,,,,,,,,,,,,,,,,,,,,,,,,,,,,,,,,,,,,,,,,,,,,,,,,,,,,,,,,,,,,,,,,42.449,42.598,42.757,41.804,9279753.0,394706603.24
2024-03-07,,,,,,,,,,,,,,,,,,,,,,,,,,,,,,,,,,,,,,,,,,,,,,,,,,,,,,,,,,,,,,,,,,,,,,,,,,,,,,,,,,,,,,,,,,,,,,,,,,,,,,,,,,,,,,,,,,,,,,,,,,,,,,,,,,,,,,,,,,,,,,,,,,,,,,,,,,,,,,,,,,,,,,,,,,,,,,,,,,,,,,,,,,,,,,,,,,,,,,,,,,,,,,,,,,,,,,,,,,,,,,,,,,,,,,,,,,,,,,,,,,,,,,,,,,,,,,,,,,,,,,,,,,,,,,,,,,,,,,,,,,,,,,,,,,,,,,,,,,,,,,,,,,,41.734,42.677,43.114,41.397,7488825.0,318256991.35
2024-03-08,,,,,,,,,,,,,,,,,,,,,,,,,,,,,,,,,,,,,,,,,,,,,,,,,,,,,,,,,,,,,,,,,,,,,,,,,,,,,,,,,,,,,,,,,,,,,,,,,,,,,,,,,,,,,,,,,,,,,,,,,,,,,,,,,,,,,,,,,,,,,,,,,,,,,,,,,,,,,,,,,,,,,,,,,,,,,,,,,,,,,,,,,,,,,,,,,,,,,,,,,,,,,,,,,,,,,,,,,,,,,,,,,,,,,,,,,,,,,,,,,,,,,,,,,,,,,,,,,,,,,,,,,,,,,,,,,,,,,,,,,,,,,,,,,,,,,,,,,,,,,,,,,,,41.734,41.506,41.853,41.129,5387116.0,225361723.26
2024-03-11,,,,,,,,,,,,,,,,,,,,,,,,,,,,,,,,,,,,,,,,,,,,,,,,,,,,,,,,,,,,,,,,,,,,,,,,,,,,,,,,,,,,,,,,,,,,,,,,,,,,,,,,,,,,,,,,,,,,,,,,,,,,,,,,,,,,,,,,,,,,,,,,,,,,,,,,,,,,,,,,,,,,,,,,,,,,,,,,,,,,,,,,,,,,,,,,,,,,,,,,,,,,,,,,,,,,,,,,,,,,,,,,,,,,,,,,,,,,,,,,,,,,,,,,,,,,,,,,,,,,,,,,,,,,,,,,,,,,,,,,,,,,,,,,,,,,,,,,,,,,,,,,,,,42.479,41.109,43.441,41.109,7563885.0,321309141.5
2024-03-12,,,,,,,,,,,,,,,,,,,,,,,,,,,,,,,,,,,,,,,,,,,,,,,,,,,,,,,,,,,,,,,,,,,,,,,,,,,,,,,,,,,,,,,,,,,,,,,,,,,,,,,,,,,,,,,,,,,,,,,,,,,,,,,,,,,,,,,,,,,,,,,,,,,,,,,,,,,,,,,,,,,,,,,,,,,,,,,,,,,,,,,,,,,,,,,,,,,,,,,,,,,,,,,,,,,,,,,,,,,,,,,,,,,,,,,,,,,,,,,,,,,,,,,,,,,,,,,,,,,,,,,,,,,,,,,,,,,,,,,,,,,,,,,,,,,,,,,,,,,,,,,,,,,42.241,42.231,42.727,41.873,6782391.0,289039125.59
2024-03-13,,,,,,,,,,,,,,,,,,,,,,,,,,,,,,,,,,,,,,,,,,,,,,,,,,,,,,,,,,,,,,,,,,,,,,,,,,,,,,,,,,,,,,,,,,,,,,,,,,,,,,,,,,,,,,,,,,,,,,,,,,,,,,,,,,,,,,,,,,,,,,,,,,,,,,,,,,,,,,,,,,,,,,,,,,,,,,,,,,,,,,,,,,,,,,,,,,,,,,,,,,,,,,,,,,,,,,,,,,,,,,,,,,,,,,,,,,,,,,,,,,,,,,,,,,,,,,,,,,,,,,,,,,,,,,,,,,,,,,,,,,,,,,,,,,,,,,,,,,,,,,,,,,,42.677,42.102,43.372,41.814,9052773.0,388959346.36
2024-03-14,,,,,,,,,,,,,,,,,,,,,,,,,,,,,,,,,,,,,,,,,,,,,,,,,,,,,,,,,,,,,,,,,,,,,,,,,,,,,,,,,,,,,,,,,,,,,,,,,,,,,,,,,,,,,,,,,,,,,,,,,,,,,,,,,,,,,,,,,,,,,,,,,,,,,,,,,,,,,,,,,,,,,,,,,,,,,,,,,,,,,,,,,,,,,,,,,,,,,,,,,,,,,,,,,,,,,,,,,,,,,,,,,,,,,,,,,,,,,,,,,,,,,,,,,,,,,,,,,,,,,,,,,,,,,,,,,,,,,,,,,,,,,,,,,,,,,,,,,,,,,,,,,,,42.34,42.28,43.561,42.022,8823676.0,378994233.56
2024-03-15,,,,,,,,,,,,,,,,,,,,,,,,,,,,,,,,,,,,,,,,,,,,,,,,,,,,,,,,,,,,,,,,,,,,,,,,,,,,,,,,,,,,,,,,,,,,,,,,,,,,,,,,,,,,,,,,,,,,,,,,,,,,,,,,,,,,,,,,,,,,,,,,,,,,,,,,,,,,,,,,,,,,,,,,,,,,,,,,,,,,,,,,,,,,,,,,,,,,,,,,,,,,,,,,,,,,,,,,,,,,,,,,,,,,,,,,,,,,,,,,,,,,,,,,,,,,,,,,,,,,,,,,,,,,,,,,,,,,,,,,,,,,,,,,,,,,,,,,,,,,,,,,,,,42.707,42.578,42.757,42.002,6720378.0,287240483.53
2024-03-18,,,,,,,,,,,,,,,,,,,,,,,,,,,,,,,,,,,,,,,,,,,,,,,,,,,,,,,,,,,,,,,,,,,,,,,,,,,,,,,,,,,,,,,,,,,,,,,,,,,,,,,,,,,,,,,,,,,,,,,,,,,,,,,,,,,,,,,,,,,,,,,,,,,,,,,,,,,,,,,,,,,,,,,,,,,,,,,,,,,,,,,,,,,,,,,,,,,,,,,,,,,,,,,,,,,,,,,,,,,,,,,,,,,,,,,,,,,,,,,,,,,,,,,,,,,,,,,,,,,,,,,,,,,,,,,,,,,,,,,,,,,,,,,,,,,,,,,,,,,,,,,,,,,42.737,42.28,42.945,42.161,5840274.0,251013995.15
2024-03-19,,,,,,,,,,,,,,,,,,,,,,,,,,,,,,,,,,,,,,,,,,,,,,,,,,,,,,,,,,,,,,,,,,,,,,,,,,,,,,,,,,,,,,,,,,,,,,,,,,,,,,,,,,,,,,,,,,,,,,,,,,,,,,,,,,,,,,,,,,,,,,,,,,,,,,,,,,,,,,,,,,,,,,,,,,,,,,,,,,,,,,,,,,,,,,,,,,,,,,,,,,,,,,,,,,,,,,,,,,,,,,,,,,,,,,,,,,,,,,,,,,,,,,,,,,,,,,,,,,,,,,,,,,,,,,,,,,,,,,,,,,,,,,,,,,,,,,,,,,,,,,,,,,,43.273,42.776,43.868,42.538,9381564.0,408926401.41
2024-03-20,,,,,,,,,,,,,,,,,,,,,,,,,,,,,,,,,,,,,,,,,,,,,,,,,,,,,,,,,,,,,,,,,,,,,,,,,,,,,,,,,,,,,,,,,,,,,,,,,,,,,,,,,,,,,,,,,,,,,,,,,,,,,,,,,,,,,,,,,,,,,,,,,,,,,,,,,,,,,,,,,,,,,,,,,,,,,,,,,,,,,,,,,,,,,,,,,,,,,,,,,,,,,,,,,,,,,,,,,,,,,,,,,,,,,,,,,,,,,,,,,,,,,,,,,,,,,,,,,,,,,,,,,,,,,,,,,,,,,,,,,,,,,,,,,,,,,,,,,,,,,,,,,,,43.402,43.173,43.62,43.084,5024557.0,219379958.48
2024-03-21,,,,,,,,,,,,,,,,,,,,,,,,,,,,,,,,,,,,,,,,,,,,,,,,,,,,,,,,,,,,,,,,,,,,,,,,,,,,,,,,,,,,,,,,,,,,,,,,,,,,,,,,,,,,,,,,,,,,,,,,,,,,,,,,,,,,,,,,,,,,,,,,,,,,,,,,,,,,,,,,,,,,,,,,,,,,,,,,,,,,,,,,,,,,,,,,,,,,,,,,,,,,,,,,,,,,,,,,,,,,,,,,,,,,,,,,,,,,,,,,,,,,,,,,,,,,,,,,,,,,,,,,,,,,,,,,,,,,,,,,,,,,,,,,,,,,,,,,,,,,,,,,,,,44.722,43.164,44.94,43.094,11175582.0,495073388.52
2024-03-22,,,,,,,,,,,,,,,,,,,,,,,,,,,,,,,,,,,,,,,,,,,,,,,,,,,,,,,,,,,,,,,,,,,,,,,,,,,,,,,,,,,,,,,,,,,,,,,,,,,,,,,,,,,,,,,,,,,,,,,,,,,,,,,,,,,,,,,,,,,,,,,,,,,,,,,,,,,,,,,,,,,,,,,,,,,,,,,,,,,,,,,,,,,,,,,,,,,,,,,,,,,,,,,,,,,,,,,,,,,,,,,,,,,,,,,,,,,,,,,,,,,,,,,,,,,,,,,,,,,,,,,,,,,,,,,,,,,,,,,,,,,,,,,,,,,,,,,,,,,,,,,,,,,44.067,44.513,44.861,43.739,8717711.0,387668699.57
2024-03-25,,,,,,,,,,,,,,,,,,,,,,,,,,,,,,,,,,,,,,,,,,,,,,,,,,,,,,,,,,,,,,,,,,,,,,,,,,,,,,,,,,,,,,,,,,,,,,,,,,,,,,,,,,,,,,,,,,,,,,,,,,,,,,,,,,,,,,,,,,,,,,,,,,,,,,,,,,,,,,,,,,,,,,,,,,,,,,,,,,,,,,,,,,,,,,,,,,,,,,,,,,,,,,,,,,,,,,,,,,,,,,,,,,,,,,,,,,,,,,,,,,,,,,,,,,,,,,,,,,,,,,,,,,,,,,,,,,,,,,,,,,,,,,,,,,,,,,,,,,,,,,,,,,,41.625,43.541,43.759,41.586,9007322.0,387109090.9
2024-03-26,,,,,,,,,,,,,,,,,,,,,,,,,,,,,,,,,,,,,,,,,,,,,,,,,,,,,,,,,,,,,,,,,,,,,,,,,,,,,,,,,,,,,,,,,,,,,,,,,,,,,,,,,,,,,,,,,,,,,,,,,,,,,,,,,,,,,,,,,,,,,,,,,,,,,,,,,,,,,,,,,,,,,,,,,,,,,,,,,,,,,,,,,,,,,,,,,,,,,,,,,,,,,,,,,,,,,,,,,,,,,,,,,,,,,,,,,,,,,,,,,,,,,,,,,,,,,,,,,,,,,,,,,,,,,,,,,,,,,,,,,,,,,,,,,,,,,,,,,,,,,,,,,,,41.486,41.685,42.032,41.218,4477652.0,187597735.37
2024-03-27,,,,,,,,,,,,,,,,,,,,,,,,,,,,,,,,,,,,,,,,,,,,,,,,,,,,,,,,,,,,,,,,,,,,,,,,,,,,,,,,,,,,,,,,,,,,,,,,,,,,,,,,,,,,,,,,,,,,,,,,,,,,,,,,,,,,,,,,,,,,,,,,,,,,,,,,,,,,,,,,,,,,,,,,,,,,,,,,,,,,,,,,,,,,,,,,,,,,,,,,,,,,,,,,,,,,,,,,,,,,,,,,,,,,,,,,,,,,,,,,,,,,,,,,,,,,,,,,,,,,,,,,,,,,,,,,,,,,,,,,,,,,,,,,,,,,,,,,,,,,,,,,,,,40.037,41.595,42.479,39.452,6947314.0,288748398.98
2024-03-28,,,,,,,,,,,,,,,,,,,,,,,,,,,,,,,,,,,,,,,,,,,,,,,,,,,,,,,,,,,,,,,,,,,,,,,,,,,,,,,,,,,,,,,,,,,,,,,,,,,,,,,,,,,,,,,,,,,,,,,,,,,,,,,,,,,,,,,,,,,,,,,,,,,,,,,,,,,,,,,,,,,,,,,,,,,,,,,,,,,,,,,,,,,,,,,,,,,,,,,,,,,,,,,,,,,,,,,,,,,,,,,,,,,,,,,,,,,,,,,,,,,,,,,,,,,,,,,,,,,,,,,,,,,,,,,,,,,,,,,,,,,,,,,,,,,,,,,,,,,,,,,,,,,41.268,40.097,41.784,40.097,7047188.0,292168365.0
2024-03-29,,,,,,,,,,,,,,,,,,,,,,,,,,,,,,,,,,,,,,,,,,,,,,,,,,,,,,,,,,,,,,,,,,,,,,,,,,,,,,,,,,,,,,,,,,,,,,,,,,,,,,,,,,,,,,,,,,,,,,,,,,,,,,,,,,,,,,,,,,,,,,,,,,,,,,,,,,,,,,,,,,,,,,,,,,,,,,,,,,,,,,,,,,,,,,,,,,,,,,,,,,,,,,,,,,,,,,,,,,,,,,,,,,,,,,,,,,,,,,,,,,,,,,,,,,,,,,,,,,,,,,,,,,,,,,,,,,,,,,,,,,,,,,,,,,,,,,,,,,,,,,,,,,,41.834,41.685,42.092,41.337,5027313.0,211297344.5
2024-04-01,,,,,,,,,,,,,,,,,,,,,,,,,,,,,,,,,,,,,,,,,,,,,,,,,,,,,,,,,,,,,,,,,,,,,,,,,,,,,,,,,,,,,,,,,,,,,,,,,,,,,,,,,,,,,,,,,,,,,,,,,,,,,,,,,,,,,,,,,,,,,,,,,,,,,,,,,,,,,,,,,,,,,,,,,,,,,,,,,,,,,,,,,,,,,,,,,,,,,,,,,,,,,,,,,,,,,,,,,,,,,,,,,,,,,,,,,,,,,,,,,,,,,,,,,,,,,,,,,,,,,,,,,,,,,,,,,,,,,,,,,,,,,,,,,,,,,,,,,,,,,,,,,,,41.804,41.586,41.883,41.456,5059185.0,212346019.77
2024-04-02,,,,,,,,,,,,,,,,,,,,,,,,,,,,,,,,,,,,,,,,,,,,,,,,,,,,,,,,,,,,,,,,,,,,,,,,,,,,,,,,,,,,,,,,,,,,,,,,,,,,,,,,,,,,,,,,,,,,,,,,,,,,,,,,,,,,,,,,,,,,,,,,,,,,,,,,,,,,,,,,,,,,,,,,,,,,,,,,,,,,,,,,,,,,,,,,,,,,,,,,,,,,,,,,,,,,,,,,,,,,,,,,,,,,,,,,,,,,,,,,,,,,,,,,,,,,,,,,,,,,,,,,,,,,,,,,,,,,,,,,,,,,,,,,,,,,,,,,,,,,,,,,,,,41.953,41.744,42.767,41.506,6305748.0,267570181.05
2024-04-03,,,,,,,,,,,,,,,,,,,,,,,,,,,,,,,,,,,,,,,,,,,,,,,,,,,,,,,,,,,,,,,,,,,,,,,,,,,,,,,,,,,,,,,,,,,,,,,,,,,,,,,,,,,,,,,,,,,,,,,,,,,,,,,,,,,,,,,,,,,,,,,,,,,,,,,,,,,,,,,,,,,,,,,,,,,,,,,,,,,,,,,,,,,,,,,,,,,,,,,,,,,,,,,,,,,,,,,,,,,,,,,,,,,,,,,,,,,,,,,,,,,,,,,,,,,,,,,,,,,,,,,,,,,,,,,,,,,,,,,,,,,,,,,,,,,,,,,,,,,,,,,,,,,41.387,41.645,41.953,41.099,4095804.0,170725985.91
2024-04-08,,,,,,,,,,,,,,,,,,,,,,,,,,,,,,,,,,,,,,,,,,,,,,,,,,,,,,,,,,,,,,,,,,,,,,,,,,,,,,,,,,,,,,,,,,,,,,,,,,,,,,,,,,,,,,,,,,,,,,,,,,,,,,,,,,,,,,,,,,,,,,,,,,,,,,,,,,,,,,,,,,,,,,,,,,,,,,,,,,,,,,,,,,,,,,,,,,,,,,,,,,,,,,,,,,,,,,,,,,,,,,,,,,,,,,,,,,,,,,,,,,,,,,,,,,,,,,,,,,,,,,,,,,,,,,,,,,,,,,,,,,,,,,,,,,,,,,,,,,,,,,,,,,,40.464,41.218,41.615,40.464,4303448.0,176963806.54
2024-04-09,,,,,,,,,,,,,,,,,,,,,,,,,,,,,,,,,,,,,,,,,,,,,,,,,,,,,,,,,,,,,,,,,,,,,,,,,,,,,,,,,,,,,,,,,,,,,,,,,,,,,,,,,,,,,,,,,,,,,,,,,,,,,,,,,,,,,,,,,,,,,,,,,,,,,,,,,,,,,,,,,,,,,,,,,,,,,,,,,,,,,,,,,,,,,,,,,,,,,,,,,,,,,,,,,,,,,,,,,,,,,,,,,,,,,,,,,,,,,,,,,,,,,,,,,,,,,,,,,,,,,,,,,,,,,,,,,,,,,,,,,,,,,,,,,,,,,,,,,,,,,,,,,,,41.079,40.573,41.258,40.315,3716739.0,152723709.14
2024-04-10,,,,,,,,,,,,,,,,,,,,,,,,,,,,,,,,,,,,,,,,,,,,,,,,,,,,,,,,,,,,,,,,,,,,,,,,,,,,,,,,,,,,,,,,,,,,,,,,,,,,,,,,,,,,,,,,,,,,,,,,,,,,,,,,,,,,,,,,,,,,,,,,,,,,,,,,,,,,,,,,,,,,,,,,,,,,,,,,,,,,,,,,,,,,,,,,,,,,,,,,,,,,,,,,,,,,,,,,,,,,,,,,,,,,,,,,,,,,,,,,,,,,,,,,,,,,,,,,,,,,,,,,,,,,,,,,,,,,,,,,,,,,,,,,,,,,,,,,,,,,,,,,,,,39.898,40.752,40.891,39.66,4507418.0,182801895.3
2024-04-11,,,,,,,,,,,,,,,,,,,,,,,,,,,,,,,,,,,,,,,,,,,,,,,,,,,,,,,,,,,,,,,,,,,,,,,,,,,,,,,,,,,,,,,,,,,,,,,,,,,,,,,,,,,,,,,,,,,,,,,,,,,,,,,,,,,,,,,,,,,,,,,,,,,,,,,,,,,,,,,,,,,,,,,,,,,,,,,,,,,,,,,,,,,,,,,,,,,,,,,,,,,,,,,,,,,,,,,,,,,,,,,,,,,,,,,,,,,,,,,,,,,,,,,,,,,,,,,,,,,,,,,,,,,,,,,,,,,,,,,,,,,,,,,,,,,,,,,,,,,,,,,,,,,39.67,39.7,40.166,39.511,3059226.0,122872571.86
2024-04-12,,,,,,,,,,,,,,,,,,,,,,,,,,,,,,,,,,,,,,,,,,,,,,,,,,,,,,,,,,,,,,,,,,,,,,,,,,,,,,,,,,,,,,,,,,,,,,,,,,,,,,,,,,,,,,,,,,,,,,,,,,,,,,,,,,,,,,,,,,,,,,,,,,,,,,,,,,,,,,,,,,,,,,,,,,,,,,,,,,,,,,,,,,,,,,,,,,,,,,,,,,,,,,,,,,,,,,,,,,,,,,,,,,,,,,,,,,,,,,,,,,,,,,,,,,,,,,,,,,,,,,,,,,,,,,,,,,,,,,,,,,,,,,,,,,,,,,,,,,,,,,,,,,,40.017,39.888,40.861,39.73,4158124.0,169278916.08
2024-04-15,,,,,,,,,,,,,,,,,,,,,,,,,,,,,,,,,,,,,,,,,,,,,,,,,,,,,,,,,,,,,,,,,,,,,,,,,,,,,,,,,,,,,,,,,,,,,,,,,,,,,,,,,,,,,,,,,,,,,,,,,,,,,,,,,,,,,,,,,,,,,,,,,,,,,,,,,,,,,,,,,,,,,,,,,,,,,,,,,,,,,,,,,,,,,,,,,,,,,,,,,,,,,,,,,,,,,,,,,,,,,,,,,,,,,,,,,,,,,,,,,,,,,,,,,,,,,,,,,,,,,,,,,,,,,,,,,,,,,,,,,,,,,,,,,,,,,,,,,,,,,,,,,,,40.186,39.452,40.95,38.906,6305342.0,255233489.95
2024-04-16,,,,,,,,,,,,,,,,,,,,,,,,,,,,,,,,,,,,,,,,,,,,,,,,,,,,,,,,,,,,,,,,,,,,,,,,,,,,,,,,,,,,,,,,,,,,,,,,,,,,,,,,,,,,,,,,,,,,,,,,,,,,,,,,,,,,,,,,,,,,,,,,,,,,,,,,,,,,,,,,,,,,,,,,,,,,,,,,,,,,,,,,,,,,,,,,,,,,,,,,,,,,,,,,,,,,,,,,,,,,,,,,,,,,,,,,,,,,,,,,,,,,,,,,,,,,,,,,,,,,,,,,,,,,,,,,,,,,,,,,,,,,,,,,,,,,,,,,,,,,,,,,,,,37.884,39.7,40.017,37.884,7632127.0,297511654.82
2024-04-17,,,,,,,,,,,,,,,,,,,,,,,,,,,,,,,,,,,,,,,,,,,,,,,,,,,,,,,,,,,,,,,,,,,,,,,,,,,,,,,,,,,,,,,,,,,,,,,,,,,,,,,,,,,,,,,,,,,,,,,,,,,,,,,,,,,,,,,,,,,,,,,,,,,,,,,,,,,,,,,,,,,,,,,,,,,,,,,,,,,,,,,,,,,,,,,,,,,,,,,,,,,,,,,,,,,,,,,,,,,,,,,,,,,,,,,,,,,,,,,,,,,,,,,,,,,,,,,,,,,,,,,,,,,,,,,,,,,,,,,,,,,,,,,,,,,,,,,,,,,,,,,,,,,39.581,38.013,39.65,38.003,5502107.0,216148838.04
2024-04-18,,,,,,,,,,,,,,,,,,,,,,,,,,,,,,,,,,,,,,,,,,,,,,,,,,,,,,,,,,,,,,,,,,,,,,,,,,,,,,,,,,,,,,,,,,,,,,,,,,,,,,,,,,,,,,,,,,,,,,,,,,,,,,,,,,,,,,,,,,,,,,,,,,,,,,,,,,,,,,,,,,,,,,,,,,,,,,,,,,,,,,,,,,,,,,,,,,,,,,,,,,,,,,,,,,,,,,,,,,,,,,,,,,,,,,,,,,,,,,,,,,,,,,,,,,,,,,,,,,,,,,,,,,,,,,,,,,,,,,,,,,,,,,,,,,,,,,,,,,,,,,,,,,,39.779,39.63,40.593,39.303,5229429.0,209756120.24
2024-04-19,,,,,,,,,,,,,,,,,,,,,,,,,,,,,,,,,,,,,,,,,,,,,,,,,,,,,,,,,,,,,,,,,,,,,,,,,,,,,,,,,,,,,,,,,,,,,,,,,,,,,,,,,,,,,,,,,,,,,,,,,,,,,,,,,,,,,,,,,,,,,,,,,,,,,,,,,,,,,,,,,,,,,,,,,,,,,,,,,,,,,,,,,,,,,,,,,,,,,,,,,,,,,,,,,,,,,,,,,,,,,,,,,,,,,,,,,,,,,,,,,,,,,,,,,,,,,,,,,,,,,,,,,,,,,,,,,,,,,,,,,,,,,,,,,,,,,,,,,,,,,,,,,,,40.156,39.591,40.533,39.462,4982499.0,200879868.06
2024-04-22,,,,,,,,,,,,,,,,,,,,,,,,,,,,,,,,,,,,,,,,,,,,,,,,,,,,,,,,,,,,,,,,,,,,,,,,,,,,,,,,,,,,,,,,,,,,,,,,,,,,,,,,,,,,,,,,,,,,,,,,,,,,,,,,,,,,,,,,,,,,,,,,,,,,,,,,,,,,,,,,,,,,,,,,,,,,,,,,,,,,,,,,,,,,,,,,,,,,,,,,,,,,,,,,,,,,,,,,,,,,,,,,,,,,,,,,,,,,,,,,,,,,,,,,,,,,,,,,,,,,,,,,,,,,,,,,,,,,,,,,,,,,,,,,,,,,,,,,,,,,,,,,,,,40.722,39.749,41.159,39.452,7199661.0,294295392.23
2024-04-23,,,,,,,,,,,,,,,,,,,,,,,,,,,,,,,,,,,,,,,,,,,,,,,,,,,,,,,,,,,,,,,,,,,,,,,,,,,,,,,,,,,,,,,,,,,,,,,,,,,,,,,,,,,,,,,,,,,,,,,,,,,,,,,,,,,,,,,,,,,,,,,,,,,,,,,,,,,,,,,,,,,,,,,,,,,,,,,,,,,,,,,,,,,,,,,,,,,,,,,,,,,,,,,,,,,,,,,,,,,,,,,,,,,,,,,,,,,,,,,,,,,,,,,,,,,,,,,,,,,,,,,,,,,,,,,,,,,,,,,,,,,,,,,,,,,,,,,,,,,,,,,,,,,40.325,40.395,40.672,40.027,4635395.0,188407513.84
2024-04-24,,,,,,,,,,,,,,,,,,,,,,,,,,,,,,,,,,,,,,,,,,,,,,,,,,,,,,,,,,,,,,,,,,,,,,,,,,,,,,,,,,,,,,,,,,,,,,,,,,,,,,,,,,,,,,,,,,,,,,,,,,,,,,,,,,,,,,,,,,,,,,,,,,,,,,,,,,,,,,,,,,,,,,,,,,,,,,,,,,,,,,,,,,,,,,,,,,,,,,,,,,,,,,,,,,,,,,,,,,,,,,,,,,,,,,,,,,,,,,,,,,,,,,,,,,,,,,,,,,,,,,,,,,,,,,,,,,,,,,,,,,,,,,,,,,,,,,,,,,,,,,,,,,,40.792,40.196,40.99,40.107,4814674.0,197518543.24
2024-04-25,,,,,,,,,,,,,,,,,,,,,,,,,,,,,,,,,,,,,,,,,,,,,,,,,,,,,,,,,,,,,,,,,,,,,,,,,,,,,,,,,,,,,,,,,,,,,,,,,,,,,,,,,,,,,,,,,,,,,,,,,,,,,,,,,,,,,,,,,,,,,,,,,,,,,,,,,,,,,,,,,,,,,,,,,,,,,,,,,,,,,,,,,,,,,,,,,,,,,,,,,,,,,,,,,,,,,,,,,,,,,,,,,,,,,,,,,,,,,,,,,,,,,,,,,,,,,,,,,,,,,,,,,,,,,,,,,,,,,,,,,,,,,,,,,,,,,,,,,,,,,,,,,,,40.543,40.712,40.93,40.474,3327024.0,136307945.0
2024-04-26,,,,,,,,,,,,,,,,,,,,,,,,,,,,,,,,,,,,,,,,,,,,,,,,,,,,,,,,,,,,,,,,,,,,,,,,,,,,,,,,,,,,,,,,,,,,,,,,,,,,,,,,,,,,,,,,,,,,,,,,,,,,,,,,,,,,,,,,,,,,,,,,,,,,,,,,,,,,,,,,,,,,,,,,,,,,,,,,,,,,,,,,,,,,,,,,,,,,,,,,,,,,,,,,,,,,,,,,,,,,,,,,,,,,,,,,,,,,,,,,,,,,,,,,,,,,,,,,,,,,,,,,,,,,,,,,,,,,,,,,,,,,,,,,,,,,,,,,,,,,,,,,,,,41.288,40.553,41.298,40.444,5137163.0,212443395.76
2024-04-29,,,,,,,,,,,,,,,,,,,,,,,,,,,,,,,,,,,,,,,,,,,,,,,,,,,,,,,,,,,,,,,,,,,,,,,,,,,,,,,,,,,,,,,,,,,,,,,,,,,,,,,,,,,,,,,,,,,,,,,,,,,,,,,,,,,,,,,,,,,,,,,,,,,,,,,,,,,,,,,,,,,,,,,,,,,,,,,,,,,,,,,,,,,,,,,,,,,,,,,,,,,,,,,,,,,,,,,,,,,,,,,,,,,,,,,,,,,,,,,,,,,,,,,,,,,,,,,,,,,,,,,,,,,,,,,,,,,,,,,,,,,,,,,,,,,,,,,,,,,,,,,,,,,41.685,40.99,41.903,40.99,5447764.0,228276220.17
2024-04-30,,,,,,,,,,,,,,,,,,,,,,,,,,,,,,,,,,,,,,,,,,,,,,,,,,,,,,,,,,,,,,,,,,,,,,,,,,,,,,,,,,,,,,,,,,,,,,,,,,,,,,,,,,,,,,,,,,,,,,,,,,,,,,,,,,,,,,,,,,,,,,,,,,,,,,,,,,,,,,,,,,,,,,,,,,,,,,,,,,,,,,,,,,,,,,,,,,,,,,,,,,,,,,,,,,,,,,,,,,,,,,,,,,,,,,,,,,,,,,,,,,,,,,,,,,,,,,,,,,,,,,,,,,,,,,,,,,,,,,,,,,,,,,,,,,,,,,,,,,,,,,,,,,,42.211,42.022,42.816,41.705,6511497.0,276513649.98
2024-05-06,,,,,,,,,,,,,,,,,,,,,,,,,,,,,,,,,,,,,,,,,,,,,,,,,,,,,,,,,,,,,,,,,,,,,,,,,,,,,,,,,,,,,,,,,,,,,,,,,,,,,,,,,,,,,,,,,,,,,,,,,,,,,,,,,,,,,,,,,,,,,,,,,,,,,,,,,,,,,,,,,,,,,,,,,,,,,,,,,,,,,,,,,,,,,,,,,,,,,,,,,,,,,,,,,,,,,,,,,,,,,,,,,,,,,,,,,,,,,,,,,,,,,,,,,,,,,,,,,,,,,,,,,,,,,,,,,,,,,,,,,,,,,,,,,,,,,,,,,,,,,,,,,,,41.923,42.449,42.479,41.734,5237092.0,222010317.05
2024-05-07,,,,,,,,,,,,,,,,,,,,,,,,,,,,,,,,,,,,,,,,,,,,,,,,,,,,,,,,,,,,,,,,,,,,,,,,,,,,,,,,,,,,,,,,,,,,,,,,,,,,,,,,,,,,,,,,,,,,,,,,,,,,,,,,,,,,,,,,,,,,,,,,,,,,,,,,,,,,,,,,,,,,,,,,,,,,,,,,,,,,,,,,,,,,,,,,,,,,,,,,,,,,,,,,,,,,,,,,,,,,,,,,,,,,,,,,,,,,,,,,,,,,,,,,,,,,,,,,,,,,,,,,,,,,,,,,,,,,,,,,,,,,,,,,,,,,,,,,,,,,,,,,,,,42.836,42.102,43.59,41.804,7912831.0,340779912.4
2024-05-08,,,,,,,,,,,,,,,,,,,,,,,,,,,,,,,,,,,,,,,,,,,,,,,,,,,,,,,,,,,,,,,,,,,,,,,,,,,,,,,,,,,,,,,,,,,,,,,,,,,,,,,,,,,,,,,,,,,,,,,,,,,,,,,,,,,,,,,,,,,,,,,,,,,,,,,,,,,,,,,,,,,,,,,,,,,,,,,,,,,,,,,,,,,,,,,,,,,,,,,,,,,,,,,,,,,,,,,,,,,,,,,,,,,,,,,,,,,,,,,,,,,,,,,,,,,,,,,,,,,,,,,,,,,,,,,,,,,,,,,,,,,,,,,,,,,,,,,,,,,,,,,,,,,41.685,42.667,42.667,41.685,5406646.0,229105484.19
2024-05-09,,,,,,,,,,,,,,,,,,,,,,,,,,,,,,,,,,,,,,,,,,,,,,,,,,,,,,,,,,,,,,,,,,,,,,,,,,,,,,,,,,,,,,,,,,,,,,,,,,,,,,,,,,,,,,,,,,,,,,,,,,,,,,,,,,,,,,,,,,,,,,,,,,,,,,,,,,,,,,,,,,,,,,,,,,,,,,,,,,,,,,,,,,,,,,,,,,,,,,,,,,,,,,,,,,,,,,,,,,,,,,,,,,,,,,,,,,,,,,,,,,,,,,,,,,,,,,,,,,,,,,,,,,,,,,,,,,,,,,,,,,,,,,,,,,,,,,,,,,,,,,,,,,,42.697,41.407,42.925,41.407,7531994.0,321079832.76
2024-05-10,,,,,,,,,,,,,,,,,,,,,,,,,,,,,,,,,,,,,,,,,,,,,,,,,,,,,,,,,,,,,,,,,,,,,,,,,,,,,,,,,,,,,,,,,,,,,,,,,,,,,,,,,,,,,,,,,,,,,,,,,,,,,,,,,,,,,,,,,,,,,,,,,,,,,,,,,,,,,,,,,,,,,,,,,,,,,,,,,,,,,,,,,,,,,,,,,,,,,,,,,,,,,,,,,,,,,,,,,,,,,,,,,,,,,,,,,,,,,,,,,,,,,,,,,,,,,,,,,,,,,,,,,,,,,,,,,,,,,,,,,,,,,,,,,,,,,,,,,,,,,,,,,,,42.399,42.697,43.094,42.3,4775288.0,204834471.24
2024-05-13,,,,,,,,,,,,,,,,,,,,,,,,,,,,,,,,,,,,,,,,,,,,,,,,,,,,,,,,,,,,,,,,,,,,,,,,,,,,,,,,,,,,,,,,,,,,,,,,,,,,,,,,,,,,,,,,,,,,,,,,,,,,,,,,,,,,,,,,,,,,,,,,,,,,,,,,,,,,,,,,,,,,,,,,,,,,,,,,,,,,,,,,,,,,,,,,,,,,,,,,,,,,,,,,,,,,,,,,,,,,,,,,,,,,,,,,,,,,,,,,,,,,,,,,,,,,,,,,,,,,,,,,,,,,,,,,,,,,,,,,,,,,,,,,,,,,,,,,,,,,,,,,,,,41.784,42.171,42.489,41.576,3825068.0,161792037.9
2024-05-14,,,,,,,,,,,,,,,,,,,,,,,,,,,,,,,,,,,,,,,,,,,,,,,,,,,,,,,,,,,,,,,,,,,,,,,,,,,,,,,,,,,,,,,,,,,,,,,,,,,,,,,,,,,,,,,,,,,,,,,,,,,,,,,,,,,,,,,,,,,,,,,,,,,,,,,,,,,,,,,,,,,,,,,,,,,,,,,,,,,,,,,,,,,,,,,,,,,,,,,,,,,,,,,,,,,,,,,,,,,,,,,,,,,,,,,,,,,,,,,,,,,,,,,,,,,,,,,,,,,,,,,,,,,,,,,,,,,,,,,,,,,,,,,,,,,,,,,,,,,,,,,,,,,41.466,41.308,41.764,40.682,4242907.0,177127928.34
2024-05-15,,,,,,,,,,,,,,,,,,,,,,,,,,,,,,,,,,,,,,,,,,,,,,,,,,,,,,,,,,,,,,,,,,,,,,,,,,,,,,,,,,,,,,,,,,,,,,,,,,,,,,,,,,,,,,,,,,,,,,,,,,,,,,,,,,,,,,,,,,,,,,,,,,,,,,,,,,,,,,,,,,,,,,,,,,,,,,,,,,,,,,,,,,,,,,,,,,,,,,,,,,,,,,,,,,,,,,,,,,,,,,,,,,,,,,,,,,,,,,,,,,,,,,,,,,,,,,,,,,,,,,,,,,,,,,,,,,,,,,,,,,,,,,,,,,,,,,,,,,,,,,,,,,,42.231,41.337,42.955,41.169,6617269.0,280457758.34
2024-05-16,,,,,,,,,,,,,,,,,,,,,,,,,,,,,,,,,,,,,,,,,,,,,,,,,,,,,,,,,,,,,,,,,,,,,,,,,,,,,,,,,,,,,,,,,,,,,,,,,,,,,,,,,,,,,,,,,,,,,,,,,,,,,,,,,,,,,,,,,,,,,,,,,,,,,,,,,,,,,,,,,,,,,,,,,,,,,,,,,,,,,,,,,,,,,,,,,,,,,,,,,,,,,,,,,,,,,,,,,,,,,,,,,,,,,,,,,,,,,,,,,,,,,,,,,,,,,,,,,,,,,,,,,,,,,,,,,,,,,,,,,,,,,,,,,,,,,,,,,,,,,,,,,,,41.705,41.863,42.211,41.556,3611279.0,151969014.08
2024-05-17,,,,,,,,,,,,,,,,,,,,,,,,,,,,,,,,,,,,,,,,,,,,,,,,,,,,,,,,,,,,,,,,,,,,,,,,,,,,,,,,,,,,,,,,,,,,,,,,,,,,,,,,,,,,,,,,,,,,,,,,,,,,,,,,,,,,,,,,,,,,,,,,,,,,,,,,,,,,,,,,,,,,,,,,,,,,,,,,,,,,,,,,,,,,,,,,,,,,,,,,,,,,,,,,,,,,,,,,,,,,,,,,,,,,,,,,,,,,,,,,,,,,,,,,,,,,,,,,,,,,,,,,,,,,,,,,,,,,,,,,,,,,,,,,,,,,,,,,,,,,,,,,,,,41.506,41.069,41.635,40.821,5074984.0,210869104.25
2024-05-20,,,,,,,,,,,,,,,,,,,,,,,,,,,,,,,,,,,,,,,,,,,,,,,,,,,,,,,,,,,,,,,,,,,,,,,,,,,,,,,,,,,,,,,,,,,,,,,,,,,,,,,,,,,,,,,,,,,,,,,,,,,,,,,,,,,,,,,,,,,,,,,,,,,,,,,,,,,,,,,,,,,,,,,,,,,,,,,,,,,,,,,,,,,,,,,,,,,,,,,,,,,,,,,,,,,,,,,,,,,,,,,,,,,,,,,,,,,,,,,,,,,,,,,,,,,,,,,,,,,,,,,,,,,,,,,,,,,,,,,,,,,,,,,,,,,,,,,,,,,,,,,,,,,40.682,40.305,41.189,40.127,7194163.0,294684611.95
2024-05-21,,,,,,,,,,,,,,,,,,,,,,,,,,,,,,,,,,,,,,,,,,,,,,,,,,,,,,,,,,,,,,,,,,,,,,,,,,,,,,,,,,,,,,,,,,,,,,,,,,,,,,,,,,,,,,,,,,,,,,,,,,,,,,,,,,,,,,,,,,,,,,,,,,,,,,,,,,,,,,,,,,,,,,,,,,,,,,,,,,,,,,,,,,,,,,,,,,,,,,,,,,,,,,,,,,,,,,,,,,,,,,,,,,,,,,,,,,,,,,,,,,,,,,,,,,,,,,,,,,,,,,,,,,,,,,,,,,,,,,,,,,,,,,,,,,,,,,,,,,,,,,,,,,,40.265,40.593,40.712,40.047,3999433.0,162588382.13
2024-05-22,,,,,,,,,,,,,,,,,,,,,,,,,,,,,,,,,,,,,,,,,,,,,,,,,,,,,,,,,,,,,,,,,,,,,,,,,,,,,,,,,,,,,,,,,,,,,,,,,,,,,,,,,,,,,,,,,,,,,,,,,,,,,,,,,,,,,,,,,,,,,,,,,,,,,,,,,,,,,,,,,,,,,,,,,,,,,,,,,,,,,,,,,,,,,,,,,,,,,,,,,,,,,,,,,,,,,,,,,,,,,,,,,,,,,,,,,,,,,,,,,,,,,,,,,,,,,,,,,,,,,,,,,,,,,,,,,,,,,,,,,,,,,,,,,,,,,,,,,,,,,,,,,,,40.246,40.017,40.504,39.948,3160600.0,128000912.08
2024-05-23,,,,,,,,,,,,,,,,,,,,,,,,,,,,,,,,,,,,,,,,,,,,,,,,,,,,,,,,,,,,,,,,,,,,,,,,,,,,,,,,,,,,,,,,,,,,,,,,,,,,,,,,,,,,,,,,,,,,,,,,,,,,,,,,,,,,,,,,,,,,,,,,,,,,,,,,,,,,,,,,,,,,,,,,,,,,,,,,,,,,,,,,,,,,,,,,,,,,,,,,,,,,,,,,,,,,,,,,,,,,,,,,,,,,,,,,,,,,,,,,,,,,,,,,,,,,,,,,,,,,,,,,,,,,,,,,,,,,,,,,,,,,,,,,,,,,,,,,,,,,,,,,,,,40.295,40.365,40.851,40.246,4987676.0,203642766.33
2024-05-24,,,,,,,,,,,,,,,,,,,,,,,,,,,,,,,,,,,,,,,,,,,,,,,,,,,,,,,,,,,,,,,,,,,,,,,,,,,,,,,,,,,,,,,,,,,,,,,,,,,,,,,,,,,,,,,,,,,,,,,,,,,,,,,,,,,,,,,,,,,,,,,,,,,,,,,,,,,,,,,,,,,,,,,,,,,,,,,,,,,,,,,,,,,,,,,,,,,,,,,,,,,,,,,,,,,,,,,,,,,,,,,,,,,,,,,,,,,,,,,,,,,,,,,,,,,,,,,,,,,,,,,,,,,,,,,,,,,,,,,,,,,,,,,,,,,,,,,,,,,,,,,,,,,40.196,40.285,40.454,39.809,3860195.0,156126805.6
2024-05-27,,,,,,,,,,,,,,,,,,,,,,,,,,,,,,,,,,,,,,,,,,,,,,,,,,,,,,,,,,,,,,,,,,,,,,,,,,,,,,,,,,,,,,,,,,,,,,,,,,,,,,,,,,,,,,,,,,,,,,,,,,,,,,,,,,,,,,,,,,,,,,,,,,,,,,,,,,,,,,,,,,,,,,,,,,,,,,,,,,,,,,,,,,,,,,,,,,,,,,,,,,,,,,,,,,,,,,,,,,,,,,,,,,,,,,,,,,,,,,,,,,,,,,,,,,,,,,,,,,,,,,,,,,,,,,,,,,,,,,,,,,,,,,,,,,,,,,,,,,,,,,,,,,,39.898,40.077,40.196,39.273,4096280.0,163674420.52
2024-05-28,,,,,,,,,,,,,,,,,,,,,,,,,,,,,,,,,,,,,,,,,,,,,,,,,,,,,,,,,,,,,,,,,,,,,,,,,,,,,,,,,,,,,,,,,,,,,,,,,,,,,,,,,,,,,,,,,,,,,,,,,,,,,,,,,,,,,,,,,,,,,,,,,,,,,,,,,,,,,,,,,,,,,,,,,,,,,,,,,,,,,,,,,,,,,,,,,,,,,,,,,,,,,,,,,,,,,,,,,,,,,,,,,,,,,,,,,,,,,,,,,,,,,,,,,,,,,,,,,,,,,,,,,,,,,,,,,,,,,,,,,,,,,,,,,,,,,,,,,,,,,,,,,,,39.67,39.819,40.077,39.501,2231602.0,89448653.92
2024-05-29,,,,,,,,,,,,,,,,,,,,,,,,,,,,,,,,,,,,,,,,,,,,,,,,,,,,,,,,,,,,,,,,,,,,,,,,,,,,,,,,,,,,,,,,,,,,,,,,,,,,,,,,,,,,,,,,,,,,,,,,,,,,,,,,,,,,,,,,,,,,,,,,,,,,,,,,,,,,,,,,,,,,,,,,,,,,,,,,,,,,,,,,,,,,,,,,,,,,,,,,,,,,,,,,,,,,,,,,,,,,,,,,,,,,,,,,,,,,,,,,,,,,,,,,,,,,,,,,,,,,,,,,,,,,,,,,,,,,,,,,,,,,,,,,,,,,,,,,,,,,,,,,,,,39.68,39.541,39.908,39.521,1955580.0,78194068.99
2024-05-30,,,,,,,,,,,,,,,,,,,,,,,,,,,,,,,,,,,,,,,,,,,,,,,,,,,,,,,,,,,,,,,,,,,,,,,,,,,,,,,,,,,,,,,,,,,,,,,,,,,,,,,,,,,,,,,,,,,,,,,,,,,,,,,,,,,,,,,,,,,,,,,,,,,,,,,,,,,,,,,,,,,,,,,,,,,,,,,,,,,,,,,,,,,,,,,,,,,,,,,,,,,,,,,,,,,,,,,,,,,,,,,,,,,,,,,,,,,,,,,,,,,,,,,,,,,,,,,,,,,,,,,,,,,,,,,,,,,,,,,,,,,,,,,,,,,,,,,,,,,,,,,,,,,39.591,39.501,39.938,39.273,3017100.0,120639545.0
2024-05-31,,,,,,,,,,,,,,,,,,,,,,,,,,,,,,,,,,,,,,,,,,,,,,,,,,,,,,,,,,,,,,,,,,,,,,,,,,,,,,,,,,,,,,,,,,,,,,,,,,,,,,,,,,,,,,,,,,,,,,,,,,,,,,,,,,,,,,,,,,,,,,,,,,,,,,,,,,,,,,,,,,,,,,,,,,,,,,,,,,,,,,,,,,,,,,,,,,,,,,,,,,,,,,,,,,,,,,,,,,,,,,,,,,,,,,,,,,,,,,,,,,,,,,,,,,,,,,,,,,,,,,,,,,,,,,,,,,,,,,,,,,,,,,,,,,,,,,,,,,,,,,,,,,,40.057,39.69,40.315,39.66,3884395.0,156814879.08
2024-06-03,,,,,,,,,,,,,,,,,,,,,,,,,,,,,,,,,,,,,,,,,,,,,,,,,,,,,,,,,,,,,,,,,,,,,,,,,,,,,,,,,,,,,,,,,,,,,,,,,,,,,,,,,,,,,,,,,,,,,,,,,,,,,,,,,,,,,,,,,,,,,,,,,,,,,,,,,,,,,,,,,,,,,,,,,,,,,,,,,,,,,,,,,,,,,,,,,,,,,,,,,,,,,,,,,,,,,,,,,,,,,,,,,,,,,,,,,,,,,,,,,,,,,,,,,,,,,,,,,,,,,,,,,,,,,,,,,,,,,,,,,,,,,,,,,,,,,,,,,,,,,,,,,,,38.886,39.948,40.176,37.893,6084195.0,239541032.0
2024-06-04,,,,,,,,,,,,,,,,,,,,,,,,,,,,,,,,,,,,,,,,,,,,,,,,,,,,,,,,,,,,,,,,,,,,,,,,,,,,,,,,,,,,,,,,,,,,,,,,,,,,,,,,,,,,,,,,,,,,,,,,,,,,,,,,,,,,,,,,,,,,,,,,,,,,,,,,,,,,,,,,,,,,,,,,,,,,,,,,,,,,,,,,,,,,,,,,,,,,,,,,,,,,,,,,,,,,,,,,,,,,,,,,,,,,,,,,,,,,,,,,,,,,,,,,,,,,,,,,,,,,,,,,,,,,,,,,,,,,,,,,,,,,,,,,,,,,,,,,,,,,,,,,,,,39.144,38.906,39.313,38.707,2813650.0,110632349.0
2024-06-05,,,,,,,,,,,,,,,,,,,,,,,,,,,,,,,,,,,,,,,,,,,,,,,,,,,,,,,,,,,,,,,,,,,,,,,,,,,,,,,,,,,,,,,,,,,,,,,,,,,,,,,,,,,,,,,,,,,,,,,,,,,,,,,,,,,,,,,,,,,,,,,,,,,,,,,,,,,,,,,,,,,,,,,,,,,,,,,,,,,,,,,,,,,,,,,,,,,,,,,,,,,,,,,,,,,,,,,,,,,,,,,,,,,,,,,,,,,,,,,,,,,,,,,,,,,,,,,,,,,,,,,,,,,,,,,,,,,,,,,,,,,,,,,,,,,,,,,,,,,,,,,,,,,39.888,38.965,40.643,38.896,5612461.0,226575161.5
2024-06-06,,,,,,,,,,,,,,,,,,,,,,,,,,,,,,,,,,,,,,,,,,,,,,,,,,,,,,,,,,,,,,,,,,,,,,,,,,,,,,,,,,,,,,,,,,,,,,,,,,,,,,,,,,,,,,,,,,,,,,,,,,,,,,,,,,,,,,,,,,,,,,,,,,,,,,,,,,,,,,,,,,,,,,,,,,,,,,,,,,,,,,,,,,,,,,,,,,,,,,,,,,,,,,,,,,,,,,,,,,,,,,,,,,,,,,,,,,,,,,,,,,,,,,,,,,,,,,,,,,,,,,,,,,,,,,,,,,,,,,,,,,,,,,,,,,,,,,,,,,,,,,,,,,,39.045,39.799,39.948,38.926,3759400.0,149248427.0
2024-06-07,,,,,,,,,,,,,,,,,,,,,,,,,,,,,,,,,,,,,,,,,,,,,,,,,,,,,,,,,,,,,,,,,,,,,,,,,,,,,,,,,,,,,,,,,,,,,,,,,,,,,,,,,,,,,,,,,,,,,,,,,,,,,,,,,,,,,,,,,,,,,,,,,,,,,,,,,,,,,,,,,,,,,,,,,,,,,,,,,,,,,,,,,,,,,,,,,,,,,,,,,,,,,,,,,,,,,,,,,,,,,,,,,,,,,,,,,,,,,,,,,,,,,,,,,,,,,,,,,,,,,,,,,,,,,,,,,,,,,,,,,,,,,,,,,,,,,,,,,,,,,,,,,,,38.936,39.154,39.918,38.906,3228563.0,128026052.49
2024-06-11,,,,,,,,,,,,,,,,,,,,,,,,,,,,,,,,,,,,,,,,,,,,,,,,,,,,,,,,,,,,,,,,,,,,,,,,,,,,,,,,,,,,,,,,,,,,,,,,,,,,,,,,,,,,,,,,,,,,,,,,,,,,,,,,,,,,,,,,,,,,,,,,,,,,,,,,,,,,,,,,,,,,,,,,,,,,,,,,,,,,,,,,,,,,,,,,,,,,,,,,,,,,,,,,,,,,,,,,,,,,,,,,,,,,,,,,,,,,,,,,,,,,,,,,,,,,,,,,,,,,,,,,,,,,,,,,,,,,,,,,,,,,,,,,,,,,,,,,,,,,,,,,,,,39.253,38.816,39.382,38.37,3019552.0,118420636.58
2024-06-12,,,,,,,,,,,,,,,,,,,,,,,,,,,,,,,,,,,,,,,,,,,,,,,,,,,,,,,,,,,,,,,,,,,,,,,,,,,,,,,,,,,,,,,,,,,,,,,,,,,,,,,,,,,,,,,,,,,,,,,,,,,,,,,,,,,,,,,,,,,,,,,,,,,,,,,,,,,,,,,,,,,,,,,,,,,,,,,,,,,,,,,,,,,,,,,,,,,,,,,,,,,,,,,,,,,,,,,,,,,,,,,,,,,,,,,,,,,,,,,,,,,,,,,,,,,,,,,,,,,,,,,,,,,,,,,,,,,,,,,,,,,,,,,,,,,,,,,,,,,,,,,,,,,39.382,39.104,39.601,38.995,2271699.0,90084818.3
2024-06-13,,,,,,,,,,,,,,,,,,,,,,,,,,,,,,,,,,,,,,,,,,,,,,,,,,,,,,,,,,,,,,,,,,,,,,,,,,,,,,,,,,,,,,,,,,,,,,,,,,,,,,,,,,,,,,,,,,,,,,,,,,,,,,,,,,,,,,,,,,,,,,,,,,,,,,,,,,,,,,,,,,,,,,,,,,,,,,,,,,,,,,,,,,,,,,,,,,,,,,,,,,,,,,,,,,,,,,,,,,,,,,,,,,,,,,,,,,,,,,,,,,,,,,,,,,,,,,,,,,,,,,,,,,,,,,,,,,,,,,,,,,,,,,,,,,,,,,,,,,,,,,,,,,,39.362,39.253,39.789,39.084,3279920.0,130231511.06
2024-06-14,,,,,,,,,,,,,,,,,,,,,,,,,,,,,,,,,,,,,,,,,,,,,,,,,,,,,,,,,,,,,,,,,,,,,,,,,,,,,,,,,,,,,,,,,,,,,,,,,,,,,,,,,,,,,,,,,,,,,,,,,,,,,,,,,,,,,,,,,,,,,,,,,,,,,,,,,,,,,,,,,,,,,,,,,,,,,,,,,,,,,,,,,,,,,,,,,,,,,,,,,,,,,,,,,,,,,,,,,,,,,,,,,,,,,,,,,,,,,,,,,,,,,,,,,,,,,,,,,,,,,,,,,,,,,,,,,,,,,,,,,,,,,,,,,,,,,,,,,,,,,,,,,,,39.422,39.213,39.491,38.866,3205205.0,126433601.3
2024-06-17,,,,,,,,,,,,,,,,,,,,,,,,,,,,,,,,,,,,,,,,,,,,,,,,,,,,,,,,,,,,,,,,,,,,,,,,,,,,,,,,,,,,,,,,,,,,,,,,,,,,,,,,,,,,,,,,,,,,,,,,,,,,,,,,,,,,,,,,,,,,,,,,,,,,,,,,,,,,,,,,,,,,,,,,,,,,,,,,,,,,,,,,,,,,,,,,,,,,,,,,,,,,,,,,,,,,,,,,,,,,,,,,,,,,,,,,,,,,,,,,,,,,,,,,,,,,,,,,,,,,,,,,,,,,,,,,,,,,,,,,,,,,,,,,,,,,,,,,,,,,,,,,,,,39.501,39.233,39.73,39.204,3047100.0,121347676.0
2024-06-18,,,,,,,,,,,,,,,,,,,,,,,,,,,,,,,,,,,,,,,,,,,,,,,,,,,,,,,,,,,,,,,,,,,,,,,,,,,,,,,,,,,,,,,,,,,,,,,,,,,,,,,,,,,,,,,,,,,,,,,,,,,,,,,,,,,,,,,,,,,,,,,,,,,,,,,,,,,,,,,,,,,,,,,,,,,,,,,,,,,,,,,,,,,,,,,,,,,,,,,,,,,,,,,,,,,,,,,,,,,,,,,,,,,,,,,,,,,,,,,,,,,,,,,,,,,,,,,,,,,,,,,,,,,,,,,,,,,,,,,,,,,,,,,,,,,,,,,,,,,,,,,,,,,39.72,39.501,39.779,39.462,2444549.0,97674264.16
2024-06-19,,,,,,,,,,,,,,,,,,,,,,,,,,,,,,,,,,,,,,,,,,,,,,,,,,,,,,,,,,,,,,,,,,,,,,,,,,,,,,,,,,,,,,,,,,,,,,,,,,,,,,,,,,,,,,,,,,,,,,,,,,,,,,,,,,,,,,,,,,,,,,,,,,,,,,,,,,,,,,,,,,,,,,,,,,,,,,,,,,,,,,,,,,,,,,,,,,,,,,,,,,,,,,,,,,,,,,,,,,,,,,,,,,,,,,,,,,,,,,,,,,,,,,,,,,,,,,,,,,,,,,,,,,,,,,,,,,,,,,,,,,,,,,,,,,,,,,,,,,,,,,,,,,,39.362,39.829,39.829,39.253,2638967.0,104884738.54
2024-06-20,,,,,,,,,,,,,,,,,,,,,,,,,,,,,,,,,,,,,,,,,,,,,,,,,,,,,,,,,,,,,,,,,,,,,,,,,,,,,,,,,,,,,,,,,,,,,,,,,,,,,,,,,,,,,,,,,,,,,,,,,,,,,,,,,,,,,,,,,,,,,,,,,,,,,,,,,,,,,,,,,,,,,,,,,,,,,,,,,,,,,,,,,,,,,,,,,,,,,,,,,,,,,,,,,,,,,,,,,,,,,,,,,,,,,,,,,,,,,,,,,,,,,,,,,,,,,,,,,,,,,,,,,,,,,,,,,,,,,,,,,,,,,,,,,,,,,,,,,,,,,,,,,,,38.608,39.283,39.342,38.608,3071965.0,120386770.89
2024-06-21,,,,,,,,,,,,,,,,,,,,,,,,,,,,,,,,,,,,,,,,,,,,,,,,,,,,,,,,,,,,,,,,,,,,,,,,,,,,,,,,,,,,,,,,,,,,,,,,,,,,,,,,,,,,,,,,,,,,,,,,,,,,,,,,,,,,,,,,,,,,,,,,,,,,,,,,,,,,,,,,,,,,,,,,,,,,,,,,,,,,,,,,,,,,,,,,,,,,,,,,,,,,,,,,,,,,,,,,,,,,,,,,,,,,,,,,,,,,,,,,,,,,,,,,,,,,,,,,,,,,,,,,,,,,,,,,,,,,,,,,,,,,,,,,,,,,,,,,,,,,,,,,,,,39.233,38.866,39.591,38.856,3409930.0,135053280.63
2024-06-24,,,,,,,,,,,,,,,,,,,,,,,,,,,,,,,,,,,,,,,,,,,,,,,,,,,,,,,,,,,,,,,,,,,,,,,,,,,,,,,,,,,,,,,,,,,,,,,,,,,,,,,,,,,,,,,,,,,,,,,,,,,,,,,,,,,,,,,,,,,,,,,,,,,,,,,,,,,,,,,,,,,,,,,,,,,,,,,,,,,,,,,,,,,,,,,,,,,,,,,,,,,,,,,,,,,,,,,,,,,,,,,,,,,,,,,,,,,,,,,,,,,,,,,,,,,,,,,,,,,,,,,,,,,,,,,,,,,,,,,,,,,,,,,,,,,,,,,,,,,,,,,,,,,41.069,41.02,43.263,41.02,17538127.0,741250795.76
2024-06-25,,,,,,,,,,,,,,,,,,,,,,,,,,,,,,,,,,,,,,,,,,,,,,,,,,,,,,,,,,,,,,,,,,,,,,,,,,,,,,,,,,,,,,,,,,,,,,,,,,,,,,,,,,,,,,,,,,,,,,,,,,,,,,,,,,,,,,,,,,,,,,,,,,,,,,,,,,,,,,,,,,,,,,,,,,,,,,,,,,,,,,,,,,,,,,,,,,,,,,,,,,,,,,,,,,,,,,,,,,,,,,,,,,,,,,,,,,,,,,,,,,,,,,,,,,,,,,,,,,,,,,,,,,,,,,,,,,,,,,,,,,,,,,,,,,,,,,,,,,,,,,,,,,,39.908,41.586,41.685,39.68,9402377.0,385191545.16
2024-06-26,,,,,,,,,,,,,,,,,,,,,,,,,,,,,,,,,,,,,,,,,,,,,,,,,,,,,,,,,,,,,,,,,,,,,,,,,,,,,,,,,,,,,,,,,,,,,,,,,,,,,,,,,,,,,,,,,,,,,,,,,,,,,,,,,,,,,,,,,,,,,,,,,,,,,,,,,,,,,,,,,,,,,,,,,,,,,,,,,,,,,,,,,,,,,,,,,,,,,,,,,,,,,,,,,,,,,,,,,,,,,,,,,,,,,,,,,,,,,,,,,,,,,,,,,,,,,,,,,,,,,,,,,,,,,,,,,,,,,,,,,,,,,,,,,,,,,,,,,,,,,,,,,,,41.417,41.675,42.34,40.861,10783923.0,451753137.59
2024-06-27,,,,,,,,,,,,,,,,,,,,,,,,,,,,,,,,,,,,,,,,,,,,,,,,,,,,,,,,,,,,,,,,,,,,,,,,,,,,,,,,,,,,,,,,,,,,,,,,,,,,,,,,,,,,,,,,,,,,,,,,,,,,,,,,,,,,,,,,,,,,,,,,,,,,,,,,,,,,,,,,,,,,,,,,,,,,,,,,,,,,,,,,,,,,,,,,,,,,,,,,,,,,,,,,,,,,,,,,,,,,,,,,,,,,,,,,,,,,,,,,,,,,,,,,,,,,,,,,,,,,,,,,,,,,,,,,,,,,,,,,,,,,,,,,,,,,,,,,,,,,,,,,,,,45.039,40.782,48.503,40.752,26190531.0,1175678500.11
2024-06-28,,,,,,,,,,,,,,,,,,,,,,,,,,,,,,,,,,,,,,,,,,,,,,,,,,,,,,,,,,,,,,,,,,,,,,,,,,,,,,,,,,,,,,,,,,,,,,,,,,,,,,,,,,,,,,,,,,,,,,,,,,,,,,,,,,,,,,,,,,,,,,,,,,,,,,,,,,,,,,,,,,,,,,,,,,,,,,,,,,,,,,,,,,,,,,,,,,,,,,,,,,,,,,,,,,,,,,,,,,,,,,,,,,,,,,,,,,,,,,,,,,,,,,,,,,,,,,,,,,,,,,,,,,,,,,,,,,,,,,,,,,,,,,,,,,,,,,,,,,,,,,,,,,,44.91,44.533,45.893,44.355,15247748.0,694125122.94
2024-07-01,,,,,,,,,,,,,,,,,,,,,,,,,,,,,,,,,,,,,,,,,,,,,,,,,,,,,,,,,,,,,,,,,,,,,,,,,,,,,,,,,,,,,,,,,,,,,,,,,,,,,,,,,,,,,,,,,,,,,,,,,,,,,,,,,,,,,,,,,,,,,,,,,,,,,,,,,,,,,,,,,,,,,,,,,,,,,,,,,,,,,,,,,,,,,,,,,,,,,,,,,,,,,,,,,,,,,,,,,,,,,,,,,,,,,,,,,,,,,,,,,,,,,,,,,,,,,,,,,,,,,,,,,,,,,,,,,,,,,,,,,,,,,,,,,,,,,,,,,,,,,,,,,,,44.126,44.861,45.426,43.977,9730915.0,434933410.82
2024-07-02,,,,,,,,,,,,,,,,,,,,,,,,,,,,,,,,,,,,,,,,,,,,,,,,,,,,,,,,,,,,,,,,,,,,,,,,,,,,,,,,,,,,,,,,,,,,,,,,,,,,,,,,,,,,,,,,,,,,,,,,,,,,,,,,,,,,,,,,,,,,,,,,,,,,,,,,,,,,,,,,,,,,,,,,,,,,,,,,,,,,,,,,,,,,,,,,,,,,,,,,,,,,,,,,,,,,,,,,,,,,,,,,,,,,,,,,,,,,,,,,,,,,,,,,,,,,,,,,,,,,,,,,,,,,,,,,,,,,,,,,,,,,,,,,,,,,,,,,,,,,,,,,,,,43.154,43.819,44.374,42.628,9583912.0,418131763.3
2024-07-03,,,,,,,,,,,,,,,,,,,,,,,,,,,,,,,,,,,,,,,,,,,,,,,,,,,,,,,,,,,,,,,,,,,,,,,,,,,,,,,,,,,,,,,,,,,,,,,,,,,,,,,,,,,,,,,,,,,,,,,,,,,,,,,,,,,,,,,,,,,,,,,,,,,,,,,,,,,,,,,,,,,,,,,,,,,,,,,,,,,,,,,,,,,,,,,,,,,,,,,,,,,,,,,,,,,,,,,,,,,,,,,,,,,,,,,,,,,,,,,,,,,,,,,,,,,,,,,,,,,,,,,,,,,,,,,,,,,,,,,,,,,,,,,,,,,,,,,,,,,,,,,,,,,44.9,43.67,45.466,43.054,14571203.0,652594257.27
2024-07-04,,,,,,,,,,,,,,,,,,,,,,,,,,,,,,,,,,,,,,,,,,,,,,,,,,,,,,,,,,,,,,,,,,,,,,,,,,,,,,,,,,,,,,,,,,,,,,,,,,,,,,,,,,,,,,,,,,,,,,,,,,,,,,,,,,,,,,,,,,,,,,,,,,,,,,,,,,,,,,,,,,,,,,,,,,,,,,,,,,,,,,,,,,,,,,,,,,,,,,,,,,,,,,,,,,,,,,,,,,,,,,,,,,,,,,,,,,,,,,,,,,,,,,,,,,,,,,,,,,,,,,,,,,,,,,,,,,,,,,,,,,,,,,,,,,,,,,,,,,,,,,,,,,,46.012,45.962,47.918,44.99,18690373.0,876902560.09
2024-07-05,,,,,,,,,,,,,,,,,,,,,,,,,,,,,,,,,,,,,,,,,,,,,,,,,,,,,,,,,,,,,,,,,,,,,,,,,,,,,,,,,,,,,,,,,,,,,,,,,,,,,,,,,,,,,,,,,,,,,,,,,,,,,,,,,,,,,,,,,,,,,,,,,,,,,,,,,,,,,,,,,,,,,,,,,,,,,,,,,,,,,,,,,,,,,,,,,,,,,,,,,,,,,,,,,,,,,,,,,,,,,,,,,,,,,,,,,,,,,,,,,,,,,,,,,,,,,,,,,,,,,,,,,,,,,,,,,,,,,,,,,,,,,,,,,,,,,,,,,,,,,,,,,,,49.168,46.756,49.803,45.873,25800518.0,1246191323.33
2024-07-08,,,,,,,,,,,,,,,,,,,,,,,,,,,,,,,,,,,,,,,,,,,,,,,,,,,,,,,,,,,,,,,,,,,,,,,,,,,,,,,,,,,,,,,,,,,,,,,,,,,,,,,,,,,,,,,,,,,,,,,,,,,,,,,,,,,,,,,,,,,,,,,,,,,,,,,,,,,,,,,,,,,,,,,,,,,,,,,,,,,,,,,,,,,,,,,,,,,,,,,,,,,,,,,,,,,,,,,,,,,,,,,,,,,,,,,,,,,,,,,,,,,,,,,,,,,,,,,,,,,,,,,,,,,,,,,,,,,,,,,,,,,,,,,,,,,,,,,,,,,,,,,,,,,47.828,49.128,50.091,47.451,18267199.0,895767550.75
2024-07-09,,,,,,,,,,,,,,,,,,,,,,,,,,,,,,,,,,,,,,,,,,,,,,,,,,,,,,,,,,,,,,,,,,,,,,,,,,,,,,,,,,,,,,,,,,,,,,,,,,,,,,,,,,,,,,,,,,,,,,,,,,,,,,,,,,,,,,,,,,,,,,,,,,,,,,,,,,,,,,,,,,,,,,,,,,,,,,,,,,,,,,,,,,,,,,,,,,,,,,,,,,,,,,,,,,,,,,,,,,,,,,,,,,,,,,,,,,,,,,,,,,,,,,,,,,,,,,,,,,,,,,,,,,,,,,,,,,,,,,,,,,,,,,,,,,,,,,,,,,,,,,,,,,,49.367,48.136,49.813,47.074,17541882.0,862738677.6
2024-07-10,,,,,,,,,,,,,,,,,,,,,,,,,,,,,,,,,,,,,,,,,,,,,,,,,,,,,,,,,,,,,,,,,,,,,,,,,,,,,,,,,,,,,,,,,,,,,,,,,,,,,,,,,,,,,,,,,,,,,,,,,,,,,,,,,,,,,,,,,,,,,,,,,,,,,,,,,,,,,,,,,,,,,,,,,,,,,,,,,,,,,,,,,,,,,,,,,,,,,,,,,,,,,,,,,,,,,,,,,,,,,,,,,,,,,,,,,,,,,,,,,,,,,,,,,,,,,,,,,,,,,,,,,,,,,,,,,,,,,,,,,,,,,,,,,,,,,,,,,,,,,,,,,,,47.699,49.138,49.793,47.531,15033042.0,739261662.46
2024-07-11,,,,,,,,,,,,,,,,,,,,,,,,,,,,,,,,,,,,,,,,,,,,,,,,,,,,,,,,,,,,,,,,,,,,,,,,,,,,,,,,,,,,,,,,,,,,,,,,,,,,,,,,,,,,,,,,,,,,,,,,,,,,,,,,,,,,,,,,,,,,,,,,,,,,,,,,,,,,,,,,,,,,,,,,,,,,,,,,,,,,,,,,,,,,,,,,,,,,,,,,,,,,,,,,,,,,,,,,,,,,,,,,,,,,,,,,,,,,,,,,,,,,,,,,,,,,,,,,,,,,,,,,,,,,,,,,,,,,,,,,,,,,,,,,,,,,,,,,,,,,,,,,,,,48.076,48.196,49.396,46.846,14441121.0,698230567.23
2024-07-12,,,,,,,,,,,,,,,,,,,,,,,,,,,,,,,,,,,,,,,,,,,,,,,,,,,,,,,,,,,,,,,,,,,,,,,,,,,,,,,,,,,,,,,,,,,,,,,,,,,,,,,,,,,,,,,,,,,,,,,,,,,,,,,,,,,,,,,,,,,,,,,,,,,,,,,,,,,,,,,,,,,,,,,,,,,,,,,,,,,,,,,,,,,,,,,,,,,,,,,,,,,,,,,,,,,,,,,,,,,,,,,,,,,,,,,,,,,,,,,,,,,,,,,,,,,,,,,,,,,,,,,,,,,,,,,,,,,,,,,,,,,,,,,,,,,,,,,,,,,,,,,,,,,47.6,49.625,54.131,47.521,41982867.0,2144225386.96
2024-07-15,,,,,,,,,,,,,,,,,,,,,,,,,,,,,,,,,,,,,,,,,,,,,,,,,,,,,,,,,,,,,,,,,,,,,,,,,,,,,,,,,,,,,,,,,,,,,,,,,,,,,,,,,,,,,,,,,,,,,,,,,,,,,,,,,,,,,,,,,,,,,,,,,,,,,,,,,,,,,,,,,,,,,,,,,,,,,,,,,,,,,,,,,,,,,,,,,,,,,,,,,,,,,,,,,,,,,,,,,,,,,,,,,,,,,,,,,,,,,,,,,,,,,,,,,,,,,,,,,,,,,,,,,,,,,,,,,,,,,,,,,,,,,,,,,,,,,,,,,,,,,,,,,,,50.498,47.59,51.074,47.153,32227934.0,1586285509.78
2024-07-16,,,,,,,,,,,,,,,,,,,,,,,,,,,,,,,,,,,,,,,,,,,,,,,,,,,,,,,,,,,,,,,,,,,,,,,,,,,,,,,,,,,,,,,,,,,,,,,,,,,,,,,,,,,,,,,,,,,,,,,,,,,,,,,,,,,,,,,,,,,,,,,,,,,,,,,,,,,,,,,,,,,,,,,,,,,,,,,,,,,,,,,,,,,,,,,,,,,,,,,,,,,,,,,,,,,,,,,,,,,,,,,,,,,,,,,,,,,,,,,,,,,,,,,,,,,,,,,,,,,,,,,,,,,,,,,,,,,,,,,,,,,,,,,,,,,,,,,,,,,,,,,,,,,49.456,50.121,50.22,48.96,20586052.0,1028306764.76
2024-07-17,,,,,,,,,,,,,,,,,,,,,,,,,,,,,,,,,,,,,,,,,,,,,,,,,,,,,,,,,,,,,,,,,,,,,,,,,,,,,,,,,,,,,,,,,,,,,,,,,,,,,,,,,,,,,,,,,,,,,,,,,,,,,,,,,,,,,,,,,,,,,,,,,,,,,,,,,,,,,,,,,,,,,,,,,,,,,,,,,,,,,,,,,,,,,,,,,,,,,,,,,,,,,,,,,,,,,,,,,,,,,,,,,,,,,,,,,,,,,,,,,,,,,,,,,,,,,,,,,,,,,,,,,,,,,,,,,,,,,,,,,,,,,,,,,,,,,,,,,,,,,,,,,,,46.945,48.94,49.079,46.756,19184748.0,925694946.94
2024-07-18,,,,,,,,,,,,,,,,,,,,,,,,,,,,,,,,,,,,,,,,,,,,,,,,,,,,,,,,,,,,,,,,,,,,,,,,,,,,,,,,,,,,,,,,,,,,,,,,,,,,,,,,,,,,,,,,,,,,,,,,,,,,,,,,,,,,,,,,,,,,,,,,,,,,,,,,,,,,,,,,,,,,,,,,,,,,,,,,,,,,,,,,,,,,,,,,,,,,,,,,,,,,,,,,,,,,,,,,,,,,,,,,,,,,,,,,,,,,,,,,,,,,,,,,,,,,,,,,,,,,,,,,,,,,,,,,,,,,,,,,,,,,,,,,,,,,,,,,,,,,,,,,,,,47.858,46.449,48.414,46.201,16690054.0,798918706.19
2024-07-19,,,,,,,,,,,,,,,,,,,,,,,,,,,,,,,,,,,,,,,,,,,,,,,,,,,,,,,,,,,,,,,,,,,,,,,,,,,,,,,,,,,,,,,,,,,,,,,,,,,,,,,,,,,,,,,,,,,,,,,,,,,,,,,,,,,,,,,,,,,,,,,,,,,,,,,,,,,,,,,,,,,,,,,,,,,,,,,,,,,,,,,,,,,,,,,,,,,,,,,,,,,,,,,,,,,,,,,,,,,,,,,,,,,,,,,,,,,,,,,,,,,,,,,,,,,,,,,,,,,,,,,,,,,,,,,,,,,,,,,,,,,,,,,,,,,,,,,,,,,,,,,,,,,47.62,47.272,47.818,46.806,11833868.0,563894179.58
2024-07-22,,,,,,,,,,,,,,,,,,,,,,,,,,,,,,,,,,,,,,,,,,,,,,,,,,,,,,,,,,,,,,,,,,,,,,,,,,,,,,,,,,,,,,,,,,,,,,,,,,,,,,,,,,,,,,,,,,,,,,,,,,,,,,,,,,,,,,,,,,,,,,,,,,,,,,,,,,,,,,,,,,,,,,,,,,,,,,,,,,,,,,,,,,,,,,,,,,,,,,,,,,,,,,,,,,,,,,,,,,,,,,,,,,,,,,,,,,,,,,,,,,,,,,,,,,,,,,,,,,,,,,,,,,,,,,,,,,,,,,,,,,,,,,,,,,,,,,,,,,,,,,,,,,,48.037,47.54,48.593,47.342,10868354.0,526254262.65
2024-07-23,,,,,,,,,,,,,,,,,,,,,,,,,,,,,,,,,,,,,,,,,,,,,,,,,,,,,,,,,,,,,,,,,,,,,,,,,,,,,,,,,,,,,,,,,,,,,,,,,,,,,,,,,,,,,,,,,,,,,,,,,,,,,,,,,,,,,,,,,,,,,,,,,,,,,,,,,,,,,,,,,,,,,,,,,,,,,,,,,,,,,,,,,,,,,,,,,,,,,,,,,,,,,,,,,,,,,,,,,,,,,,,,,,,,,,,,,,,,,,,,,,,,,,,,,,,,,,,,,,,,,,,,,,,,,,,,,,,,,,,,,,,,,,,,,,,,,,,,,,,,,,,,,,,46.022,48.086,48.434,45.893,12233507.0,577792524.29
2024-07-24,,,,,,,,,,,,,,,,,,,,,,,,,,,,,,,,,,,,,,,,,,,,,,,,,,,,,,,,,,,,,,,,,,,,,,,,,,,,,,,,,,,,,,,,,,,,,,,,,,,,,,,,,,,,,,,,,,,,,,,,,,,,,,,,,,,,,,,,,,,,,,,,,,,,,,,,,,,,,,,,,,,,,,,,,,,,,,,,,,,,,,,,,,,,,,,,,,,,,,,,,,,,,,,,,,,,,,,,,,,,,,,,,,,,,,,,,,,,,,,,,,,,,,,,,,,,,,,,,,,,,,,,,,,,,,,,,,,,,,,,,,,,,,,,,,,,,,,,,,,,,,,,,,,45.526,45.863,46.836,45.476,9297897.0,431611748.43
2024-07-25,,,,,,,,,,,,,,,,,,,,,,,,,,,,,,,,,,,,,,,,,,,,,,,,,,,,,,,,,,,,,,,,,,,,,,,,,,,,,,,,,,,,,,,,,,,,,,,,,,,,,,,,,,,,,,,,,,,,,,,,,,,,,,,,,,,,,,,,,,,,,,,,,,,,,,,,,,,,,,,,,,,,,,,,,,,,,,,,,,,,,,,,,,,,,,,,,,,,,,,,,,,,,,,,,,,,,,,,,,,,,,,,,,,,,,,,,,,,,,,,,,,,,,,,,,,,,,,,,,,,,,,,,,,,,,,,,,,,,,,,,,,,,,,,,,,,,,,,,,,,,,,,,,,44.394,44.662,44.99,43.868,10475493.0,468268471.38
2024-07-26,,,,,,,,,,,,,,,,,,,,,,,,,,,,,,,,,,,,,,,,,,,,,,,,,,,,,,,,,,,,,,,,,,,,,,,,,,,,,,,,,,,,,,,,,,,,,,,,,,,,,,,,,,,,,,,,,,,,,,,,,,,,,,,,,,,,,,,,,,,,,,,,,,,,,,,,,,,,,,,,,,,,,,,,,,,,,,,,,,,,,,,,,,,,,,,,,,,,,,,,,,,,,,,,,,,,,,,,,,,,,,,,,,,,,,,,,,,,,,,,,,,,,,,,,,,,,,,,,,,,,,,,,,,,,,,,,,,,,,,,,,,,,,,,,,,,,,,,,,,,,,,,,,,46.349,44.93,46.746,44.761,12494339.0,576898737.25
2024-07-29,,,,,,,,,,,,,,,,,,,,,,,,,,,,,,,,,,,,,,,,,,,,,,,,,,,,,,,,,,,,,,,,,,,,,,,,,,,,,,,,,,,,,,,,,,,,,,,,,,,,,,,,,,,,,,,,,,,,,,,,,,,,,,,,,,,,,,,,,,,,,,,,,,,,,,,,,,,,,,,,,,,,,,,,,,,,,,,,,,,,,,,,,,,,,,,,,,,,,,,,,,,,,,,,,,,,,,,,,,,,,,,,,,,,,,,,,,,,,,,,,,,,,,,,,,,,,,,,,,,,,,,,,,,,,,,,,,,,,,,,,,,,,,,,,,,,,,,,,,,,,,,,,,,47.61,46.111,48.057,46.022,13228012.0,627734368.83
2024-07-30,,,,,,,,,,,,,,,,,,,,,,,,,,,,,,,,,,,,,,,,,,,,,,,,,,,,,,,,,,,,,,,,,,,,,,,,,,,,,,,,,,,,,,,,,,,,,,,,,,,,,,,,,,,,,,,,,,,,,,,,,,,,,,,,,,,,,,,,,,,,,,,,,,,,,,,,,,,,,,,,,,,,,,,,,,,,,,,,,,,,,,,,,,,,,,,,,,,,,,,,,,,,,,,,,,,,,,,,,,,,,,,,,,,,,,,,,,,,,,,,,,,,,,,,,,,,,,,,,,,,,,,,,,,,,,,,,,,,,,,,,,,,,,,,,,,,,,,,,,,,,,,,,,,47.669,47.332,47.997,46.667,9767882.0,466022262.53
2024-07-31,,,,,,,,,,,,,,,,,,,,,,,,,,,,,,,,,,,,,,,,,,,,,,,,,,,,,,,,,,,,,,,,,,,,,,,,,,,,,,,,,,,,,,,,,,,,,,,,,,,,,,,,,,,,,,,,,,,,,,,,,,,,,,,,,,,,,,,,,,,,,,,,,,,,,,,,,,,,,,,,,,,,,,,,,,,,,,,,,,,,,,,,,,,,,,,,,,,,,,,,,,,,,,,,,,,,,,,,,,,,,,,,,,,,,,,,,,,,,,,,,,,,,,,,,,,,,,,,,,,,,,,,,,,,,,,,,,,,,,,,,,,,,,,,,,,,,,,,,,,,,,,,,,,48.215,47.342,48.503,47.104,11641000.0,560916483.55
2024-08-01,,,,,,,,,,,,,,,,,,,,,,,,,,,,,,,,,,,,,,,,,,,,,,,,,,,,,,,,,,,,,,,,,,,,,,,,,,,,,,,,,,,,,,,,,,,,,,,,,,,,,,,,,,,,,,,,,,,,,,,,,,,,,,,,,,,,,,,,,,,,,,,,,,,,,,,,,,,,,,,,,,,,,,,,,,,,,,,,,,,,,,,,,,,,,,,,,,,,,,,,,,,,,,,,,,,,,,,,,,,,,,,,,,,,,,,,,,,,,,,,,,,,,,,,,,,,,,,,,,,,,,,,,,,,,,,,,,,,,,,,,,,,,,,,,,,,,,,,,,,,,,,,,,,48.057,47.799,49.069,47.699,11139300.0,543174812.26
2024-08-02,,,,,,,,,,,,,,,,,,,,,,,,,,,,,,,,,,,,,,,,,,,,,,,,,,,,,,,,,,,,,,,,,,,,,,,,,,,,,,,,,,,,,,,,,,,,,,,,,,,,,,,,,,,,,,,,,,,,,,,,,,,,,,,,,,,,,,,,,,,,,,,,,,,,,,,,,,,,,,,,,,,,,,,,,,,,,,,,,,,,,,,,,,,,,,,,,,,,,,,,,,,,,,,,,,,,,,,,,,,,,,,,,,,,,,,,,,,,,,,,,,,,,,,,,,,,,,,,,,,,,,,,,,,,,,,,,,,,,,,,,,,,,,,,,,,,,,,,,,,,,,,,,,,47.749,48.057,48.384,47.173,8675000.0,416815845.08
2024-08-05,,,,,,,,,,,,,,,,,,,,,,,,,,,,,,,,,,,,,,,,,,,,,,,,,,,,,,,,,,,,,,,,,,,,,,,,,,,,,,,,,,,,,,,,,,,,,,,,,,,,,,,,,,,,,,,,,,,,,,,,,,,,,,,,,,,,,,,,,,,,,,,,,,,,,,,,,,,,,,,,,,,,,,,,,,,,,,,,,,,,,,,,,,,,,,,,,,,,,,,,,,,,,,,,,,,,,,,,,,,,,,,,,,,,,,,,,,,,,,,,,,,,,,,,,,,,,,,,,,,,,,,,,,,,,,,,,,,,,,,,,,,,,,,,,,,,,,,,,,,,,,,,,,,45.883,46.975,47.62,45.774,9866090.0,463402648.22
2024-08-06,,,,,,,,,,,,,,,,,,,,,,,,,,,,,,,,,,,,,,,,,,,,,,,,,,,,,,,,,,,,,,,,,,,,,,,,,,,,,,,,,,,,,,,,,,,,,,,,,,,,,,,,,,,,,,,,,,,,,,,,,,,,,,,,,,,,,,,,,,,,,,,,,,,,,,,,,,,,,,,,,,,,,,,,,,,,,,,,,,,,,,,,,,,,,,,,,,,,,,,,,,,,,,,,,,,,,,,,,,,,,,,,,,,,,,,,,,,,,,,,,,,,,,,,,,,,,,,,,,,,,,,,,,,,,,,,,,,,,,,,,,,,,,,,,,,,,,,,,,,,,,,,,,,46.737,46.617,46.826,46.091,7836039.0,366913656.71
2024-08-07,,,,,,,,,,,,,,,,,,,,,,,,,,,,,,,,,,,,,,,,,,,,,,,,,,,,,,,,,,,,,,,,,,,,,,,,,,,,,,,,,,,,,,,,,,,,,,,,,,,,,,,,,,,,,,,,,,,,,,,,,,,,,,,,,,,,,,,,,,,,,,,,,,,,,,,,,,,,,,,,,,,,,,,,,,,,,,,,,,,,,,,,,,,,,,,,,,,,,,,,,,,,,,,,,,,,,,,,,,,,,,,,,,,,,,,,,,,,,,,,,,,,,,,,,,,,,,,,,,,,,,,,,,,,,,,,,,,,,,,,,,,,,,,,,,,,,,,,,,,,,,,,,,,46.34,47.838,49.029,46.31,17235309.0,830465870.39
2024-08-08,,,,,,,,,,,,,,,,,,,,,,,,,,,,,,,,,,,,,,,,,,,,,,,,,,,,,,,,,,,,,,,,,,,,,,,,,,,,,,,,,,,,,,,,,,,,,,,,,,,,,,,,,,,,,,,,,,,,,,,,,,,,,,,,,,,,,,,,,,,,,,,,,,,,,,,,,,,,,,,,,,,,,,,,,,,,,,,,,,,,,,,,,,,,,,,,,,,,,,,,,,,,,,,,,,,,,,,,,,,,,,,,,,,,,,,,,,,,,,,,,,,,,,,,,,,,,,,,,,,,,,,,,,,,,,,,,,,,,,,,,,,,,,,,,,,,,,,,,,,,,,,,,,,44.166,46.022,46.25,44.097,14174584.0,638973443.2
2024-08-09,,,,,,,,,,,,,,,,,,,,,,,,,,,,,,,,,,,,,,,,,,,,,,,,,,,,,,,,,,,,,,,,,,,,,,,,,,,,,,,,,,,,,,,,,,,,,,,,,,,,,,,,,,,,,,,,,,,,,,,,,,,,,,,,,,,,,,,,,,,,,,,,,,,,,,,,,,,,,,,,,,,,,,,,,,,,,,,,,,,,,,,,,,,,,,,,,,,,,,,,,,,,,,,,,,,,,,,,,,,,,,,,,,,,,,,,,,,,,,,,,,,,,,,,,,,,,,,,,,,,,,,,,,,,,,,,,,,,,,,,,,,,,,,,,,,,,,,,,,,,,,,,,,,44.543,44.315,44.841,44.106,6471881.0,289810109.75
2024-08-12,,,,,,,,,,,,,,,,,,,,,,,,,,,,,,,,,,,,,,,,,,,,,,,,,,,,,,,,,,,,,,,,,,,,,,,,,,,,,,,,,,,,,,,,,,,,,,,,,,,,,,,,,,,,,,,,,,,,,,,,,,,,,,,,,,,,,,,,,,,,,,,,,,,,,,,,,,,,,,,,,,,,,,,,,,,,,,,,,,,,,,,,,,,,,,,,,,,,,,,,,,,,,,,,,,,,,,,,,,,,,,,,,,,,,,,,,,,,,,,,,,,,,,,,,,,,,,,,,,,,,,,,,,,,,,,,,,,,,,,,,,,,,,,,,,,,,,,,,,,,,,,,,,,43.878,44.345,44.345,43.57,4980211.0,220505070.08
2024-08-13,,,,,,,,,,,,,,,,,,,,,,,,,,,,,,,,,,,,,,,,,,,,,,,,,,,,,,,,,,,,,,,,,,,,,,,,,,,,,,,,,,,,,,,,,,,,,,,,,,,,,,,,,,,,,,,,,,,,,,,,,,,,,,,,,,,,,,,,,,,,,,,,,,,,,,,,,,,,,,,,,,,,,,,,,,,,,,,,,,,,,,,,,,,,,,,,,,,,,,,,,,,,,,,,,,,,,,,,,,,,,,,,,,,,,,,,,,,,,,,,,,,,,,,,,,,,,,,,,,,,,,,,,,,,,,,,,,,,,,,,,,,,,,,,,,,,,,,,,,,,,,,,,,,44.196,43.888,44.275,43.729,4079578.0,180772152.32
2024-08-14,,,,,,,,,,,,,,,,,,,,,,,,,,,,,,,,,,,,,,,,,,,,,,,,,,,,,,,,,,,,,,,,,,,,,,,,,,,,,,,,,,,,,,,,,,,,,,,,,,,,,,,,,,,,,,,,,,,,,,,,,,,,,,,,,,,,,,,,,,,,,,,,,,,,,,,,,,,,,,,,,,,,,,,,,,,,,,,,,,,,,,,,,,,,,,,,,,,,,,,,,,,,,,,,,,,,,,,,,,,,,,,,,,,,,,,,,,,,,,,,,,,,,,,,,,,,,,,,,,,,,,,,,,,,,,,,,,,,,,,,,,,,,,,,,,,,,,,,,,,,,,,,,,,43.362,43.948,44.255,43.362,5272588.0,232405133.7
2024-08-15,,,,,,,,,,,,,,,,,,,,,,,,,,,,,,,,,,,,,,,,,,,,,,,,,,,,,,,,,,,,,,,,,,,,,,,,,,,,,,,,,,,,,,,,,,,,,,,,,,,,,,,,,,,,,,,,,,,,,,,,,,,,,,,,,,,,,,,,,,,,,,,,,,,,,,,,,,,,,,,,,,,,,,,,,,,,,,,,,,,,,,,,,,,,,,,,,,,,,,,,,,,,,,,,,,,,,,,,,,,,,,,,,,,,,,,,,,,,,,,,,,,,,,,,,,,,,,,,,,,,,,,,,,,,,,,,,,,,,,,,,,,,,,,,,,,,,,,,,,,,,,,,,,,43.283,43.372,43.938,43.015,5580686.0,244081977.65
2024-08-16,,,,,,,,,,,,,,,,,,,,,,,,,,,,,,,,,,,,,,,,,,,,,,,,,,,,,,,,,,,,,,,,,,,,,,,,,,,,,,,,,,,,,,,,,,,,,,,,,,,,,,,,,,,,,,,,,,,,,,,,,,,,,,,,,,,,,,,,,,,,,,,,,,,,,,,,,,,,,,,,,,,,,,,,,,,,,,,,,,,,,,,,,,,,,,,,,,,,,,,,,,,,,,,,,,,,,,,,,,,,,,,,,,,,,,,,,,,,,,,,,,,,,,,,,,,,,,,,,,,,,,,,,,,,,,,,,,,,,,,,,,,,,,,,,,,,,,,,,,,,,,,,,,,42.906,43.303,43.441,42.538,6054731.0,261797060.24
2024-08-19,,,,,,,,,,,,,,,,,,,,,,,,,,,,,,,,,,,,,,,,,,,,,,,,,,,,,,,,,,,,,,,,,,,,,,,,,,,,,,,,,,,,,,,,,,,,,,,,,,,,,,,,,,,,,,,,,,,,,,,,,,,,,,,,,,,,,,,,,,,,,,,,,,,,,,,,,,,,,,,,,,,,,,,,,,,,,,,,,,,,,,,,,,,,,,,,,,,,,,,,,,,,,,,,,,,,,,,,,,,,,,,,,,,,,,,,,,,,,,,,,,,,,,,,,,,,,,,,,,,,,,,,,,,,,,,,,,,,,,,,,,,,,,,,,,,,,,,,,,,,,,,,,,,42.677,42.876,43.154,42.618,3646130.0,157254429.4
2024-08-20,,,,,,,,,,,,,,,,,,,,,,,,,,,,,,,,,,,,,,,,,,,,,,,,,,,,,,,,,,,,,,,,,,,,,,,,,,,,,,,,,,,,,,,,,,,,,,,,,,,,,,,,,,,,,,,,,,,,,,,,,,,,,,,,,,,,,,,,,,,,,,,,,,,,,,,,,,,,,,,,,,,,,,,,,,,,,,,,,,,,,,,,,,,,,,,,,,,,,,,,,,,,,,,,,,,,,,,,,,,,,,,,,,,,,,,,,,,,,,,,,,,,,,,,,,,,,,,,,,,,,,,,,,,,,,,,,,,,,,,,,,,,,,,,,,,,,,,,,,,,,,,,,,,41.853,42.687,42.846,41.566,5798372.0,245521090.28
2024-08-21,,,,,,,,,,,,,,,,,,,,,,,,,,,,,,,,,,,,,,,,,,,,,,,,,,,,,,,,,,,,,,,,,,,,,,,,,,,,,,,,,,,,,,,,,,,,,,,,,,,,,,,,,,,,,,,,,,,,,,,,,,,,,,,,,,,,,,,,,,,,,,,,,,,,,,,,,,,,,,,,,,,,,,,,,,,,,,,,,,,,,,,,,,,,,,,,,,,,,,,,,,,,,,,,,,,,,,,,,,,,,,,,,,,,,,,,,,,,,,,,,,,,,,,,,,,,,,,,,,,,,,,,,,,,,,,,,,,,,,,,,,,,,,,,,,,,,,,,,,,,,,,,,,,41.486,41.715,41.853,41.278,3997835.0,167356002.44
2024-08-22,,,,,,,,,,,,,,,,,,,,,,,,,,,,,,,,,,,,,,,,,,,,,,,,,,,,,,,,,,,,,,,,,,,,,,,,,,,,,,,,,,,,,,,,,,,,,,,,,,,,,,,,,,,,,,,,,,,,,,,,,,,,,,,,,,,,,,,,,,,,,,,,,,,,,,,,,,,,,,,,,,,,,,,,,,,,,,,,,,,,,,,,,,,,,,,,,,,,,,,,,,,,,,,,,,,,,,,,,,,,,,,,,,,,,,,,,,,,,,,,,,,,,,,,,,,,,,,,,,,,,,,,,,,,,,,,,,,,,,,,,,,,,,,,,,,,,,,,,,,,,,,,,,,41.139,41.327,41.764,40.871,4675648.0,194671488.96
2024-08-23,,,,,,,,,,,,,,,,,,,,,,,,,,,,,,,,,,,,,,,,,,,,,,,,,,,,,,,,,,,,,,,,,,,,,,,,,,,,,,,,,,,,,,,,,,,,,,,,,,,,,,,,,,,,,,,,,,,,,,,,,,,,,,,,,,,,,,,,,,,,,,,,,,,,,,,,,,,,,,,,,,,,,,,,,,,,,,,,,,,,,,,,,,,,,,,,,,,,,,,,,,,,,,,,,,,,,,,,,,,,,,,,,,,,,,,,,,,,,,,,,,,,,,,,,,,,,,,,,,,,,,,,,,,,,,,,,,,,,,,,,,,,,,,,,,,,,,,,,,,,,,,,,,,41.318,41.01,41.456,40.871,3444752.0,142982151.24
2024-08-26,,,,,,,,,,,,,,,,,,,,,,,,,,,,,,,,,,,,,,,,,,,,,,,,,,,,,,,,,,,,,,,,,,,,,,,,,,,,,,,,,,,,,,,,,,,,,,,,,,,,,,,,,,,,,,,,,,,,,,,,,,,,,,,,,,,,,,,,,,,,,,,,,,,,,,,,,,,,,,,,,,,,,,,,,,,,,,,,,,,,,,,,,,,,,,,,,,,,,,,,,,,,,,,,,,,,,,,,,,,,,,,,,,,,,,,,,,,,,,,,,,,,,,,,,,,,,,,,,,,,,,,,,,,,,,,,,,,,,,,,,,,,,,,,,,,,,,,,,,,,,,,,,,,40.653,41.278,41.407,40.524,5247720.0,216460792.15
2024-08-27,,,,,,,,,,,,,,,,,,,,,,,,,,,,,,,,,,,,,,,,,,,,,,,,,,,,,,,,,,,,,,,,,,,,,,,,,,,,,,,,,,,,,,,,,,,,,,,,,,,,,,,,,,,,,,,,,,,,,,,,,,,,,,,,,,,,,,,,,,,,,,,,,,,,,,,,,,,,,,,,,,,,,,,,,,,,,,,,,,,,,,,,,,,,,,,,,,,,,,,,,,,,,,,,,,,,,,,,,,,,,,,,,,,,,,,,,,,,,,,,,,,,,,,,,,,,,,,,,,,,,,,,,,,,,,,,,,,,,,,,,,,,,,,,,,,,,,,,,,,,,,,,,,,40.146,40.444,40.524,40.007,3984390.0,161345018.39
2024-08-28,,,,,,,,,,,,,,,,,,,,,,,,,,,,,,,,,,,,,,,,,,,,,,,,,,,,,,,,,,,,,,,,,,,,,,,,,,,,,,,,,,,,,,,,,,,,,,,,,,,,,,,,,,,,,,,,,,,,,,,,,,,,,,,,,,,,,,,,,,,,,,,,,,,,,,,,,,,,,,,,,,,,,,,,,,,,,,,,,,,,,,,,,,,,,,,,,,,,,,,,,,,,,,,,,,,,,,,,,,,,,,,,,,,,,,,,,,,,,,,,,,,,,,,,,,,,,,,,,,,,,,,,,,,,,,,,,,,,,,,,,,,,,,,,,,,,,,,,,,,,,,,,,,,40.583,40.067,40.901,39.998,3931842.0,160684092.42
2024-08-29,,,,,,,,,,,,,,,,,,,,,,,,,,,,,,,,,,,,,,,,,,,,,,,,,,,,,,,,,,,,,,,,,,,,,,,,,,,,,,,,,,,,,,,,,,,,,,,,,,,,,,,,,,,,,,,,,,,,,,,,,,,,,,,,,,,,,,,,,,,,,,,,,,,,,,,,,,,,,,,,,,,,,,,,,,,,,,,,,,,,,,,,,,,,,,,,,,,,,,,,,,,,,,,,,,,,,,,,,,,,,,,,,,,,,,,,,,,,,,,,,,,,,,,,,,,,,,,,,,,,,,,,,,,,,,,,,,,,,,,,,,,,,,,,,,,,,,,,,,,,,,,,,,,41.01,40.275,41.447,40.196,5629518.0,232660721.86
2024-08-30,,,,,,,,,,,,,,,,,,,,,,,,,,,,,,,,,,,,,,,,,,,,,,,,,,,,,,,,,,,,,,,,,,,,,,,,,,,,,,,,,,,,,,,,,,,,,,,,,,,,,,,,,,,,,,,,,,,,,,,,,,,,,,,,,,,,,,,,,,,,,,,,,,,,,,,,,,,,,,,,,,,,,,,,,,,,,,,,,,,,,,,,,,,,,,,,,,,,,,,,,,,,,,,,,,,,,,,,,,,,,,,,,,,,,,,,,,,,,,,,,,,,,,,,,,,,,,,,,,,,,,,,,,,,,,,,,,,,,,,,,,,,,,,,,,,,,,,,,,,,,,,,,,,41.665,40.851,42.062,40.702,6534202.0,273906056.28
2024-09-02,,,,,,,,,,,,,,,,,,,,,,,,,,,,,,,,,,,,,,,,,,,,,,,,,,,,,,,,,,,,,,,,,,,,,,,,,,,,,,,,,,,,,,,,,,,,,,,,,,,,,,,,,,,,,,,,,,,,,,,,,,,,,,,,,,,,,,,,,,,,,,,,,,,,,,,,,,,,,,,,,,,,,,,,,,,,,,,,,,,,,,,,,,,,,,,,,,,,,,,,,,,,,,,,,,,,,,,,,,,,,,,,,,,,,,,,,,,,,,,,,,,,,,,,,,,,,,,,,,,,,,,,,,,,,,,,,,,,,,,,,,,,,,,,,,,,,,,,,,,,,,,,,,,40.692,41.407,41.576,40.533,4810850.0,199020104.5
2024-09-03,,,,,,,,,,,,,,,,,,,,,,,,,,,,,,,,,,,,,,,,,,,,,,,,,,,,,,,,,,,,,,,,,,,,,,,,,,,,,,,,,,,,,,,,,,,,,,,,,,,,,,,,,,,,,,,,,,,,,,,,,,,,,,,,,,,,,,,,,,,,,,,,,,,,,,,,,,,,,,,,,,,,,,,,,,,,,,,,,,,,,,,,,,,,,,,,,,,,,,,,,,,,,,,,,,,,,,,,,,,,,,,,,,,,,,,,,,,,,,,,,,,,,,,,,,,,,,,,,,,,,,,,,,,,,,,,,,,,,,,,,,,,,,,,,,,,,,,,,,,,,,,,,,,41.079,40.95,41.516,40.712,3940586.0,163531083.9
2024-09-04,,,,,,,,,,,,,,,,,,,,,,,,,,,,,,,,,,,,,,,,,,,,,,,,,,,,,,,,,,,,,,,,,,,,,,,,,,,,,,,,,,,,,,,,,,,,,,,,,,,,,,,,,,,,,,,,,,,,,,,,,,,,,,,,,,,,,,,,,,,,,,,,,,,,,,,,,,,,,,,,,,,,,,,,,,,,,,,,,,,,,,,,,,,,,,,,,,,,,,,,,,,,,,,,,,,,,,,,,,,,,,,,,,,,,,,,,,,,,,,,,,,,,,,,,,,,,,,,,,,,,,,,,,,,,,,,,,,,,,,,,,,,,,,,,,,,,,,,,,,,,,,,,,,41.288,40.891,41.357,40.474,3967684.0,164041618.3
2024-09-05,,,,,,,,,,,,,,,,,,,,,,,,,,,,,,,,,,,,,,,,,,,,,,,,,,,,,,,,,,,,,,,,,,,,,,,,,,,,,,,,,,,,,,,,,,,,,,,,,,,,,,,,,,,,,,,,,,,,,,,,,,,,,,,,,,,,,,,,,,,,,,,,,,,,,,,,,,,,,,,,,,,,,,,,,,,,,,,,,,,,,,,,,,,,,,,,,,,,,,,,,,,,,,,,,,,,,,,,,,,,,,,,,,,,,,,,,,,,,,,,,,,,,,,,,,,,,,,,,,,,,,,,,,,,,,,,,,,,,,,,,,,,,,,,,,,,,,,,,,,,,,,,,,,41.764,41.486,41.863,41.129,3880925.0,162403070.0
2024-09-06,,,,,,,,,,,,,,,,,,,,,,,,,,,,,,,,,,,,,,,,,,,,,,,,,,,,,,,,,,,,,,,,,,,,,,,,,,,,,,,,,,,,,,,,,,,,,,,,,,,,,,,,,,,,,,,,,,,,,,,,,,,,,,,,,,,,,,,,,,,,,,,,,,,,,,,,,,,,,,,,,,,,,,,,,,,,,,,,,,,,,,,,,,,,,,,,,,,,,,,,,,,,,,,,,,,,,,,,,,,,,,,,,,,,,,,,,,,,,,,,,,,,,,,,,,,,,,,,,,,,,,,,,,,,,,,,,,,,,,,,,,,,,,,,,,,,,,,,,,,,,,,,,,,41.05,41.685,41.834,40.911,3523255.0,146756527.0
2024-09-09,,,,,,,,,,,,,,,,,,,,,,,,,,,,,,,,,,,,,,,,,,,,,,,,,,,,,,,,,,,,,,,,,,,,,,,,,,,,,,,,,,,,,,,,,,,,,,,,,,,,,,,,,,,,,,,,,,,,,,,,,,,,,,,,,,,,,,,,,,,,,,,,,,,,,,,,,,,,,,,,,,,,,,,,,,,,,,,,,,,,,,,,,,,,,,,,,,,,,,,,,,,,,,,,,,,,,,,,,,,,,,,,,,,,,,,,,,,,,,,,,,,,,,,,,,,,,,,,,,,,,,,,,,,,,,,,,,,,,,,,,,,,,,,,,,,,,,,,,,,,,,,,,,,40.841,40.782,41.347,40.375,3074112.0,126404507.32
2024-09-10,,,,,,,,,,,,,,,,,,,,,,,,,,,,,,,,,,,,,,,,,,,,,,,,,,,,,,,,,,,,,,,,,,,,,,,,,,,,,,,,,,,,,,,,,,,,,,,,,,,,,,,,,,,,,,,,,,,,,,,,,,,,,,,,,,,,,,,,,,,,,,,,,,,,,,,,,,,,,,,,,,,,,,,,,,,,,,,,,,,,,,,,,,,,,,,,,,,,,,,,,,,,,,,,,,,,,,,,,,,,,,,,,,,,,,,,,,,,,,,,,,,,,,,,,,,,,,,,,,,,,,,,,,,,,,,,,,,,,,,,,,,,,,,,,,,,,,,,,,,,,,,,,,,40.593,40.891,40.95,40.017,3204506.0,130675419.76
2024-09-11,,,,,,,,,,,,,,,,,,,,,,,,,,,,,,,,,,,,,,,,,,,,,,,,,,,,,,,,,,,,,,,,,,,,,,,,,,,,,,,,,,,,,,,,,,,,,,,,,,,,,,,,,,,,,,,,,,,,,,,,,,,,,,,,,,,,,,,,,,,,,,,,,,,,,,,,,,,,,,,,,,,,,,,,,,,,,,,,,,,,,,,,,,,,,,,,,,,,,,,,,,,,,,,,,,,,,,,,,,,,,,,,,,,,,,,,,,,,,,,,,,,,,,,,,,,,,,,,,,,,,,,,,,,,,,,,,,,,,,,,,,,,,,,,,,,,,,,,,,,,,,,,,,,40.285,40.335,40.484,40.037,2703500.0,109480053.0
2024-09-12,,,,,,,,,,,,,,,,,,,,,,,,,,,,,,,,,,,,,,,,,,,,,,,,,,,,,,,,,,,,,,,,,,,,,,,,,,,,,,,,,,,,,,,,,,,,,,,,,,,,,,,,,,,,,,,,,,,,,,,,,,,,,,,,,,,,,,,,,,,,,,,,,,,,,,,,,,,,,,,,,,,,,,,,,,,,,,,,,,,,,,,,,,,,,,,,,,,,,,,,,,,,,,,,,,,,,,,,,,,,,,,,,,,,,,,,,,,,,,,,,,,,,,,,,,,,,,,,,,,,,,,,,,,,,,,,,,,,,,,,,,,,,,,,,,,,,,,,,,,,,,,,,,,40.285,40.464,40.851,40.265,2707000.0,110532524.0
2024-09-13,,,,,,,,,,,,,,,,,,,,,,,,,,,,,,,,,,,,,,,,,,,,,,,,,,,,,,,,,,,,,,,,,,,,,,,,,,,,,,,,,,,,,,,,,,,,,,,,,,,,,,,,,,,,,,,,,,,,,,,,,,,,,,,,,,,,,,,,,,,,,,,,,,,,,,,,,,,,,,,,,,,,,,,,,,,,,,,,,,,,,,,,,,,,,,,,,,,,,,,,,,,,,,,,,,,,,,,,,,,,,,,,,,,,,,,,,,,,,,,,,,,,,,,,,,,,,,,,,,,,,,,,,,,,,,,,,,,,,,,,,,,,,,,,,,,,,,,,,,,,,,,,,,,40.285,40.404,40.881,40.246,3784532.0,154407095.56
2024-09-18,,,,,,,,,,,,,,,,,,,,,,,,,,,,,,,,,,,,,,,,,,,,,,,,,,,,,,,,,,,,,,,,,,,,,,,,,,,,,,,,,,,,,,,,,,,,,,,,,,,,,,,,,,,,,,,,,,,,,,,,,,,,,,,,,,,,,,,,,,,,,,,,,,,,,,,,,,,,,,,,,,,,,,,,,,,,,,,,,,,,,,,,,,,,,,,,,,,,,,,,,,,,,,,,,,,,,,,,,,,,,,,,,,,,,,,,,,,,,,,,,,,,,,,,,,,,,,,,,,,,,,,,,,,,,,,,,,,,,,,,,,,,,,,,,,,,,,,,,,,,,,,,,,,40.047,40.236,40.395,39.61,3206047.0,129070048.12
2024-09-19,,,,,,,,,,,,,,,,,,,,,,,,,,,,,,,,,,,,,,,,,,,,,,,,,,,,,,,,,,,,,,,,,,,,,,,,,,,,,,,,,,,,,,,,,,,,,,,,,,,,,,,,,,,,,,,,,,,,,,,,,,,,,,,,,,,,,,,,,,,,,,,,,,,,,,,,,,,,,,,,,,,,,,,,,,,,,,,,,,,,,,,,,,,,,,,,,,,,,,,,,,,,,,,,,,,,,,,,,,,,,,,,,,,,,,,,,,,,,,,,,,,,,,,,,,,,,,,,,,,,,,,,,,,,,,,,,,,,,,,,,,,,,,,,,,,,,,,,,,,,,,,,,,,40.057,40.097,40.543,39.481,4210683.0,169807532.02
2024-09-20,,,,,,,,,,,,,,,,,,,,,,,,,,,,,,,,,,,,,,,,,,,,,,,,,,,,,,,,,,,,,,,,,,,,,,,,,,,,,,,,,,,,,,,,,,,,,,,,,,,,,,,,,,,,,,,,,,,,,,,,,,,,,,,,,,,,,,,,,,,,,,,,,,,,,,,,,,,,,,,,,,,,,,,,,,,,,,,,,,,,,,,,,,,,,,,,,,,,,,,,,,,,,,,,,,,,,,,,,,,,,,,,,,,,,,,,,,,,,,,,,,,,,,,,,,,,,,,,,,,,,,,,,,,,,,,,,,,,,,,,,,,,,,,,,,,,,,,,,,,,,,,,,,,39.829,39.898,40.097,39.63,2736267.0,109694122.91
2024-09-23,,,,,,,,,,,,,,,,,,,,,,,,,,,,,,,,,,,,,,,,,,,,,,,,,,,,,,,,,,,,,,,,,,,,,,,,,,,,,,,,,,,,,,,,,,,,,,,,,,,,,,,,,,,,,,,,,,,,,,,,,,,,,,,,,,,,,,,,,,,,,,,,,,,,,,,,,,,,,,,,,,,,,,,,,,,,,,,,,,,,,,,,,,,,,,,,,,,,,,,,,,,,,,,,,,,,,,,,,,,,,,,,,,,,,,,,,,,,,,,,,,,,,,,,,,,,,,,,,,,,,,,,,,,,,,,,,,,,,,,,,,,,,,,,,,,,,,,,,,,,,,,,,,,39.551,39.7,40.127,39.531,3480500.0,139702172.95
2024-09-24,,,,,,,,,,,,,,,,,,,,,,,,,,,,,,,,,,,,,,,,,,,,,,,,,,,,,,,,,,,,,,,,,,,,,,,,,,,,,,,,,,,,,,,,,,,,,,,,,,,,,,,,,,,,,,,,,,,,,,,,,,,,,,,,,,,,,,,,,,,,,,,,,,,,,,,,,,,,,,,,,,,,,,,,,,,,,,,,,,,,,,,,,,,,,,,,,,,,,,,,,,,,,,,,,,,,,,,,,,,,,,,,,,,,,,,,,,,,,,,,,,,,,,,,,,,,,,,,,,,,,,,,,,,,,,,,,,,,,,,,,,,,,,,,,,,,,,,,,,,,,,,,,,,40.533,39.62,40.583,39.005,7352139.0,296071696.47
2024-09-25,,,,,,,,,,,,,,,,,,,,,,,,,,,,,,,,,,,,,,,,,,,,,,,,,,,,,,,,,,,,,,,,,,,,,,,,,,,,,,,,,,,,,,,,,,,,,,,,,,,,,,,,,,,,,,,,,,,,,,,,,,,,,,,,,,,,,,,,,,,,,,,,,,,,,,,,,,,,,,,,,,,,,,,,,,,,,,,,,,,,,,,,,,,,,,,,,,,,,,,,,,,,,,,,,,,,,,,,,,,,,,,,,,,,,,,,,,,,,,,,,,,,,,,,,,,,,,,,,,,,,,,,,,,,,,,,,,,,,,,,,,,,,,,,,,,,,,,,,,,,,,,,,,,41.308,40.524,41.844,40.524,8385590.0,349768332.8
2024-09-26,,,,,,,,,,,,,,,,,,,,,,,,,,,,,,,,,,,,,,,,,,,,,,,,,,,,,,,,,,,,,,,,,,,,,,,,,,,,,,,,,,,,,,,,,,,,,,,,,,,,,,,,,,,,,,,,,,,,,,,,,,,,,,,,,,,,,,,,,,,,,,,,,,,,,,,,,,,,,,,,,,,,,,,,,,,,,,,,,,,,,,,,,,,,,,,,,,,,,,,,,,,,,,,,,,,,,,,,,,,,,,,,,,,,,,,,,,,,,,,,,,,,,,,,,,,,,,,,,,,,,,,,,,,,,,,,,,,,,,,,,,,,,,,,,,,,,,,,,,,,,,,,,,,42.975,41.367,42.985,40.99,9558628.0,404876837.6
2024-09-27,,,,,,,,,,,,,,,,,,,,,,,,,,,,,,,,,,,,,,,,,,,,,,,,,,,,,,,,,,,,,,,,,,,,,,,,,,,,,,,,,,,,,,,,,,,,,,,,,,,,,,,,,,,,,,,,,,,,,,,,,,,,,,,,,,,,,,,,,,,,,,,,,,,,,,,,,,,,,,,,,,,,,,,,,,,,,,,,,,,,,,,,,,,,,,,,,,,,,,,,,,,,,,,,,,,,,,,,,,,,,,,,,,,,,,,,,,,,,,,,,,,,,,,,,,,,,,,,,,,,,,,,,,,,,,,,,,,,,,,,,,,,,,,,,,,,,,,,,,,,,,,,,,,45.804,43.025,46.211,43.025,15193894.0,683112632.66
2024-09-30,,,,,,,,,,,,,,,,,,,,,,,,,,,,,,,,,,,,,,,,,,,,,,,,,,,,,,,,,,,,,,,,,,,,,,,,,,,,,,,,,,,,,,,,,,,,,,,,,,,,,,,,,,,,,,,,,,,,,,,,,,,,,,,,,,,,,,,,,,,,,,,,,,,,,,,,,,,,,,,,,,,,,,,,,,,,,,,,,,,,,,,,,,,,,,,,,,,,,,,,,,,,,,,,,,,,,,,,,,,,,,,,,,,,,,,,,,,,,,,,,,,,,,,,,,,,,,,,,,,,,,,,,,,,,,,,,,,,,,,,,,,,,,,,,,,,,,,,,,,,,,,,,,,52.582,47.947,52.999,46.498,33180638.0,1668990460.84
2024-10-08,,,,,,,,,,,,,,,,,,,,,,,,,,,,,,,,,,,,,,,,,,,,,,,,,,,,,,,,,,,,,,,,,,,,,,,,,,,,,,,,,,,,,,,,,,,,,,,,,,,,,,,,,,,,,,,,,,,,,,,,,,,,,,,,,,,,,,,,,,,,,,,,,,,,,,,,,,,,,,,,,,,,,,,,,,,,,,,,,,,,,,,,,,,,,,,,,,,,,,,,,,,,,,,,,,,,,,,,,,,,,,,,,,,,,,,,,,,,,,,,,,,,,,,,,,,,,,,,,,,,,,,,,,,,,,,,,,,,,,,,,,,,,,,,,,,,,,,,,,,,,,,,,,,62.676,61.535,62.676,55.6,49397585.0,2979376576.28
2024-10-09,,,,,,,,,,,,,,,,,,,,,,,,,,,,,,,,,,,,,,,,,,,,,,,,,,,,,,,,,,,,,,,,,,,,,,,,,,,,,,,,,,,,,,,,,,,,,,,,,,,,,,,,,,,,,,,,,,,,,,,,,,,,,,,,,,,,,,,,,,,,,,,,,,,,,,,,,,,,,,,,,,,,,,,,,,,,,,,,,,,,,,,,,,,,,,,,,,,,,,,,,,,,,,,,,,,,,,,,,,,,,,,,,,,,,,,,,,,,,,,,,,,,,,,,,,,,,,,,,,,,,,,,,,,,,,,,,,,,,,,,,,,,,,,,,,,,,,,,,,,,,,,,,,,60.304,58.557,67.629,56.483,46309706.0,2850678660.66
2024-10-10,,,,,,,,,,,,,,,,,,,,,,,,,,,,,,,,,,,,,,,,,,,,,,,,,,,,,,,,,,,,,,,,,,,,,,,,,,,,,,,,,,,,,,,,,,,,,,,,,,,,,,,,,,,,,,,,,,,,,,,,,,,,,,,,,,,,,,,,,,,,,,,,,,,,,,,,,,,,,,,,,,,,,,,,,,,,,,,,,,,,,,,,,,,,,,,,,,,,,,,,,,,,,,,,,,,,,,,,,,,,,,,,,,,,,,,,,,,,,,,,,,,,,,,,,,,,,,,,,,,,,,,,,,,,,,,,,,,,,,,,,,,,,,,,,,,,,,,,,,,,,,,,,,,69.475,62.497,72.363,61.535,72210727.0,4995929936.54
2024-10-11,,,,,,,,,,,,,,,,,,,,,,,,,,,,,,,,,,,,,,,,,,,,,,,,,,,,,,,,,,,,,,,,,,,,,,,,,,,,,,,,,,,,,,,,,,,,,,,,,,,,,,,,,,,,,,,,,,,,,,,,,,,,,,,,,,,,,,,,,,,,,,,,,,,,,,,,,,,,,,,,,,,,,,,,,,,,,,,,,,,,,,,,,,,,,,,,,,,,,,,,,,,,,,,,,,,,,,,,,,,,,,,,,,,,,,,,,,,,,,,,,,,,,,,,,,,,,,,,,,,,,,,,,,,,,,,,,,,,,,,,,,,,,,,,,,,,,,,,,,,,,,,,,,,57.624,64.492,66.1,57.565,54398172.0,3359537229.86
2024-10-14,,,,,,,,,,,,,,,,,,,,,,,,,,,,,,,,,,,,,,,,,,,,,,,,,,,,,,,,,,,,,,,,,,,,,,,,,,,,,,,,,,,,,,,,,,,,,,,,,,,,,,,,,,,,,,,,,,,,,,,,,,,,,,,,,,,,,,,,,,,,,,,,,,,,,,,,,,,,,,,,,,,,,,,,,,,,,,,,,,,,,,,,,,,,,,,,,,,,,,,,,,,,,,,,,,,,,,,,,,,,,,,,,,,,,,,,,,,,,,,,,,,,,,,,,,,,,,,,,,,,,,,,,,,,,,,,,,,,,,,,,,,,,,,,,,,,,,,,,,,,,,,,,,,69.147,63.321,69.147,63.321,66768457.0,4575077047.06
2024-10-15,,,,,,,,,,,,,,,,,,,,,,,,,,,,,,,,,,,,,,,,,,,,,,,,,,,,,,,,,,,,,,,,,,,,,,,,,,,,,,,,,,,,,,,,,,,,,,,,,,,,,,,,,,,,,,,,,,,,,,,,,,,,,,,,,,,,,,,,,,,,,,,,,,,,,,,,,,,,,,,,,,,,,,,,,,,,,,,,,,,,,,,,,,,,,,,,,,,,,,,,,,,,,,,,,,,,,,,,,,,,,,,,,,,,,,,,,,,,,,,,,,,,,,,,,,,,,,,,,,,,,,,,,,,,,,,,,,,,,,,,,,,,,,,,,,,,,,,,,,,,,,,,,,,73.782,67.936,82.139,66.517,88394972.0,6600831532.09
2024-10-16,,,,,,,,,,,,,,,,,,,,,,,,,,,,,,,,,,,,,,,,,,,,,,,,,,,,,,,,,,,,,,,,,,,,,,,,,,,,,,,,,,,,,,,,,,,,,,,,,,,,,,,,,,,,,,,,,,,,,,,,,,,,,,,,,,,,,,,,,,,,,,,,,,,,,,,,,,,,,,,,,,,,,,,,,,,,,,,,,,,,,,,,,,,,,,,,,,,,,,,,,,,,,,,,,,,,,,,,,,,,,,,,,,,,,,,,,,,,,,,,,,,,,,,,,,,,,,,,,,,,,,,,,,,,,,,,,,,,,,,,,,,,,,,,,,,,,,,,,,,,,,,,,,,71.46,72.452,75.013,69.614,49554899.0,3597693594.94
2024-10-17,,,,,,,,,,,,,,,,,,,,,,,,,,,,,,,,,,,,,,,,,,,,,,,,,,,,,,,,,,,,,,,,,,,,,,,,,,,,,,,,,,,,,,,,,,,,,,,,,,,,,,,,,,,,,,,,,,,,,,,,,,,,,,,,,,,,,,,,,,,,,,,,,,,,,,,,,,,,,,,,,,,,,,,,,,,,,,,,,,,,,,,,,,,,,,,,,,,,,,,,,,,,,,,,,,,,,,,,,,,,,,,,,,,,,,,,,,,,,,,,,,,,,,,,,,,,,,,,,,,,,,,,,,,,,,,,,,,,,,,,,,,,,,,,,,,,,,,,,,,,,,,,,,,70.854,70.447,72.303,68.363,49592233.0,3507125486.28
2024-10-18,,,,,,,,,,,,,,,,,,,,,,,,,,,,,,,,,,,,,,,,,,,,,,,,,,,,,,,,,,,,,,,,,,,,,,,,,,,,,,,,,,,,,,,,,,,,,,,,,,,,,,,,,,,,,,,,,,,,,,,,,,,,,,,,,,,,,,,,,,,,,,,,,,,,,,,,,,,,,,,,,,,,,,,,,,,,,,,,,,,,,,,,,,,,,,,,,,,,,,,,,,,,,,,,,,,,,,,,,,,,,,,,,,,,,,,,,,,,,,,,,,,,,,,,,,,,,,,,,,,,,,,,,,,,,,,,,,,,,,,,,,,,,,,,,,,,,,,,,,,,,,,,,,,72.601,70.725,76.799,66.626,57213165.0,4130197213.63
2024-10-21,,,,,,,,,,,,,,,,,,,,,,,,,,,,,,,,,,,,,,,,,,,,,,,,,,,,,,,,,,,,,,,,,,,,,,,,,,,,,,,,,,,,,,,,,,,,,,,,,,,,,,,,,,,,,,,,,,,,,,,,,,,,,,,,,,,,,,,,,,,,,,,,,,,,,,,,,,,,,,,,,,,,,,,,,,,,,,,,,,,,,,,,,,,,,,,,,,,,,,,,,,,,,,,,,,,,,,,,,,,,,,,,,,,,,,,,,,,,,,,,,,,,,,,,,,,,,,,,,,,,,,,,,,,,,,,,,,,,,,,,,,,,,,,,,,,,,,,,,,,,,,,,,,,75.896,74.437,83.568,73.464,62861414.0,4951780969.22
2024-10-22,,,,,,,,,,,,,,,,,,,,,,,,,,,,,,,,,,,,,,,,,,,,,,,,,,,,,,,,,,,,,,,,,,,,,,,,,,,,,,,,,,,,,,,,,,,,,,,,,,,,,,,,,,,,,,,,,,,,,,,,,,,,,,,,,,,,,,,,,,,,,,,,,,,,,,,,,,,,,,,,,,,,,,,,,,,,,,,,,,,,,,,,,,,,,,,,,,,,,,,,,,,,,,,,,,,,,,,,,,,,,,,,,,,,,,,,,,,,,,,,,,,,,,,,,,,,,,,,,,,,,,,,,,,,,,,,,,,,,,,,,,,,,,,,,,,,,,,,,,,,,,,,,,,73.325,74.139,77.911,72.333,39847550.0,2985399779.71
2024-10-23,,,,,,,,,,,,,,,,,,,,,,,,,,,,,,,,,,,,,,,,,,,,,,,,,,,,,,,,,,,,,,,,,,,,,,,,,,,,,,,,,,,,,,,,,,,,,,,,,,,,,,,,,,,,,,,,,,,,,,,,,,,,,,,,,,,,,,,,,,,,,,,,,,,,,,,,,,,,,,,,,,,,,,,,,,,,,,,,,,,,,,,,,,,,,,,,,,,,,,,,,,,,,,,,,,,,,,,,,,,,,,,,,,,,,,,,,,,,,,,,,,,,,,,,,,,,,,,,,,,,,,,,,,,,,,,,,,,,,,,,,,,,,,,,,,,,,,,,,,,,,,,,,,,73.345,71.46,77.762,71.202,44283381.0,3323075452.76
2024-10-24,,,,,,,,,,,,,,,,,,,,,,,,,,,,,,,,,,,,,,,,,,,,,,,,,,,,,,,,,,,,,,,,,,,,,,,,,,,,,,,,,,,,,,,,,,,,,,,,,,,,,,,,,,,,,,,,,,,,,,,,,,,,,,,,,,,,,,,,,,,,,,,,,,,,,,,,,,,,,,,,,,,,,,,,,,,,,,,,,,,,,,,,,,,,,,,,,,,,,,,,,,,,,,,,,,,,,,,,,,,,,,,,,,,,,,,,,,,,,,,,,,,,,,,,,,,,,,,,,,,,,,,,,,,,,,,,,,,,,,,,,,,,,,,,,,,,,,,,,,,,,,,,,,,71.817,73.445,74.229,71.46,24946013.0,1816040823.47
2024-10-25,,,,,,,,,,,,,,,,,,,,,,,,,,,,,,,,,,,,,,,,,,,,,,,,,,,,,,,,,,,,,,,,,,,,,,,,,,,,,,,,,,,,,,,,,,,,,,,,,,,,,,,,,,,,,,,,,,,,,,,,,,,,,,,,,,,,,,,,,,,,,,,,,,,,,,,,,,,,,,,,,,,,,,,,,,,,,,,,,,,,,,,,,,,,,,,,,,,,,,,,,,,,,,,,,,,,,,,,,,,,,,,,,,,,,,,,,,,,,,,,,,,,,,,,,,,,,,,,,,,,,,,,,,,,,,,,,,,,,,,,,,,,,,,,,,,,,,,,,,,,,,,,,,,70.209,71.172,72.035,69.177,31281189.0,2216806751.34
2024-10-28,,,,,,,,,,,,,,,,,,,,,,,,,,,,,,,,,,,,,,,,,,,,,,,,,,,,,,,,,,,,,,,,,,,,,,,,,,,,,,,,,,,,,,,,,,,,,,,,,,,,,,,,,,,,,,,,,,,,,,,,,,,,,,,,,,,,,,,,,,,,,,,,,,,,,,,,,,,,,,,,,,,,,,,,,,,,,,,,,,,,,,,,,,,,,,,,,,,,,,,,,,,,,,,,,,,,,,,,,,,,,,,,,,,,,,,,,,,,,,,,,,,,,,,,,,,,,,,,,,,,,,,,,,,,,,,,,,,,,,,,,,,,,,,,,,,,,,,,,,,,,,,,,,,71.092,70.209,73.048,68.968,28061328.0,2009115288.3
2024-10-29,,,,,,,,,,,,,,,,,,,,,,,,,,,,,,,,,,,,,,,,,,,,,,,,,,,,,,,,,,,,,,,,,,,,,,,,,,,,,,,,,,,,,,,,,,,,,,,,,,,,,,,,,,,,,,,,,,,,,,,,,,,,,,,,,,,,,,,,,,,,,,,,,,,,,,,,,,,,,,,,,,,,,,,,,,,,,,,,,,,,,,,,,,,,,,,,,,,,,,,,,,,,,,,,,,,,,,,,,,,,,,,,,,,,,,,,,,,,,,,,,,,,,,,,,,,,,,,,,,,,,,,,,,,,,,,,,,,,,,,,,,,,,,,,,,,,,,,,,,,,,,,,,,,73.534,70.09,74.973,70.07,38823518.0,2846642449.41
2024-10-30,,,,,,,,,,,,,,,,,,,,,,,,,,,,,,,,,,,,,,,,,,,,,,,,,,,,,,,,,,,,,,,,,,,,,,,,,,,,,,,,,,,,,,,,,,,,,,,,,,,,,,,,,,,,,,,,,,,,,,,,,,,,,,,,,,,,,,,,,,,,,,,,,,,,,,,,,,,,,,,,,,,,,,,,,,,,,,,,,,,,,,,,,,,,,,,,,,,,,,,,,,,,,,,,,,,,,,,,,,,,,,,,,,,,,,,,,,,,,,,,,,,,,,,,,,,,,,,,,,,,,,,,,,,,,,,,,,,,,,,,,,,,,,,,,,,,,,,,,,,,,,,,,,,76.859,74.189,81.662,73.742,46980797.0,3692471660.87
2024-10-31,,,,,,,,,,,,,,,,,,,,,,,,,,,,,,,,,,,,,,,,,,,,,,,,,,,,,,,,,,,,,,,,,,,,,,,,,,,,,,,,,,,,,,,,,,,,,,,,,,,,,,,,,,,,,,,,,,,,,,,,,,,,,,,,,,,,,,,,,,,,,,,,,,,,,,,,,,,,,,,,,,,,,,,,,,,,,,,,,,,,,,,,,,,,,,,,,,,,,,,,,,,,,,,,,,,,,,,,,,,,,,,,,,,,,,,,,,,,,,,,,,,,,,,,,,,,,,,,,,,,,,,,,,,,,,,,,,,,,,,,,,,,,,,,,,,,,,,,,,,,,,,,,,,77.008,75.529,81.047,75.33,42818109.0,3384332796.94
2024-11-01,,,,,,,,,,,,,,,,,,,,,,,,,,,,,,,,,,,,,,,,,,,,,,,,,,,,,,,,,,,,,,,,,,,,,,,,,,,,,,,,,,,,,,,,,,,,,,,,,,,,,,,,,,,,,,,,,,,,,,,,,,,,,,,,,,,,,,,,,,,,,,,,,,,,,,,,,,,,,,,,,,,,,,,,,,,,,,,,,,,,,,,,,,,,,,,,,,,,,,,,,,,,,,,,,,,,,,,,,,,,,,,,,,,,,,,,,,,,,,,,,,,,,,,,,,,,,,,,,,,,,,,,,,,,,,,,,,,,,,,,,,,,,,,,,,,,,,,,,,,,,,,,,,,80.392,76.005,85.652,75.787,52107530.0,4264809461.09
2024-11-04,,,,,,,,,,,,,,,,,,,,,,,,,,,,,,,,,,,,,,,,,,,,,,,,,,,,,,,,,,,,,,,,,,,,,,,,,,,,,,,,,,,,,,,,,,,,,,,,,,,,,,,,,,,,,,,,,,,,,,,,,,,,,,,,,,,,,,,,,,,,,,,,,,,,,,,,,,,,,,,,,,,,,,,,,,,,,,,,,,,,,,,,,,,,,,,,,,,,,,,,,,,,,,,,,,,,,,,,,,,,,,,,,,,,,,,,,,,,,,,,,,,,,,,,,,,,,,,,,,,,,,,,,,,,,,,,,,,,,,,,,,,,,,,,,,,,,,,,,,,,,,,,,,,82.526,79.191,83.221,75.122,40086801.0,3221848292.85
2024-11-05,,,,,,,,,,,,,,,,,,,,,,,,,,,,,,,,,,,,,,,,,,,,,,,,,,,,,,,,,,,,,,,,,,,,,,,,,,,,,,,,,,,,,,,,,,,,,,,,,,,,,,,,,,,,,,,,,,,,,,,,,,,,,,,,,,,,,,,,,,,,,,,,,,,,,,,,,,,,,,,,,,,,,,,,,,,,,,,,,,,,,,,,,,,,,,,,,,,,,,,,,,,,,,,,,,,,,,,,,,,,,,,,,,,,,,,,,,,,,,,,,,,,,,,,,,,,,,,,,,,,,,,,,,,,,,,,,,,,,,,,,,,,,,,,,,,,,,,,,,,,,,,,,,,92.51,88.213,93.294,85.354,59879698.0,5395028975.07
2024-11-06,,,,,,,,,,,,,,,,,,,,,,,,,,,,,,,,,,,,,,,,,,,,,,,,,,,,,,,,,,,,,,,,,,,,,,,,,,,,,,,,,,,,,,,,,,,,,,,,,,,,,,,,,,,,,,,,,,,,,,,,,,,,,,,,,,,,,,,,,,,,,,,,,,,,,,,,,,,,,,,,,,,,,,,,,,,,,,,,,,,,,,,,,,,,,,,,,,,,,,,,,,,,,,,,,,,,,,,,,,,,,,,,,,,,,,,,,,,,,,,,,,,,,,,,,,,,,,,,,,,,,,,,,,,,,,,,,,,,,,,,,,,,,,,,,,,,,,,,,,,,,,,,,,,86.357,94.555,96.173,86.238,59665653.0,5425832243.5
2024-11-07,,,,,,,,,,,,,,,,,,,,,,,,,,,,,,,,,,,,,,,,,,,,,,,,,,,,,,,,,,,,,,,,,,,,,,,,,,,,,,,,,,,,,,,,,,,,,,,,,,,,,,,,,,,,,,,,,,,,,,,,,,,,,,,,,,,,,,,,,,,,,,,,,,,,,,,,,,,,,,,,,,,,,,,,,,,,,,,,,,,,,,,,,,,,,,,,,,,,,,,,,,,,,,,,,,,,,,,,,,,,,,,,,,,,,,,,,,,,,,,,,,,,,,,,,,,,,,,,,,,,,,,,,,,,,,,,,,,,,,,,,,,,,,,,,,,,,,,,,,,,,,,,,,,81.96,83.965,84.124,78.685,49291288.0,4035277924.1
2024-11-08,,,,,,,,,,,,,,,,,,,,,,,,,,,,,,,,,,,,,,,,,,,,,,,,,,,,,,,,,,,,,,,,,,,,,,,,,,,,,,,,,,,,,,,,,,,,,,,,,,,,,,,,,,,,,,,,,,,,,,,,,,,,,,,,,,,,,,,,,,,,,,,,,,,,,,,,,,,,,,,,,,,,,,,,,,,,,,,,,,,,,,,,,,,,,,,,,,,,,,,,,,,,,,,,,,,,,,,,,,,,,,,,,,,,,,,,,,,,,,,,,,,,,,,,,,,,,,,,,,,,,,,,,,,,,,,,,,,,,,,,,,,,,,,,,,,,,,,,,,,,,,,,,,,83.32,82.228,86.0,82.079,38899972.0,3284175806.42
2024-11-11,,,,,,,,,,,,,,,,,,,,,,,,,,,,,,,,,,,,,,,,,,,,,,,,,,,,,,,,,,,,,,,,,,,,,,,,,,,,,,,,,,,,,,,,,,,,,,,,,,,,,,,,,,,,,,,,,,,,,,,,,,,,,,,,,,,,,,,,,,,,,,,,,,,,,,,,,,,,,,,,,,,,,,,,,,,,,,,,,,,,,,,,,,,,,,,,,,,,,,,,,,,,,,,,,,,,,,,,,,,,,,,,,,,,,,,,,,,,,,,,,,,,,,,,,,,,,,,,,,,,,,,,,,,,,,,,,,,,,,,,,,,,,,,,,,,,,,,,,,,,,,,,,,,83.717,82.982,84.094,79.677,28628324.0,2367964517.27
2024-11-12,,,,,,,,,,,,,,,,,,,,,,,,,,,,,,,,,,,,,,,,,,,,,,,,,,,,,,,,,,,,,,,,,,,,,,,,,,,,,,,,,,,,,,,,,,,,,,,,,,,,,,,,,,,,,,,,,,,,,,,,,,,,,,,,,,,,,,,,,,,,,,,,,,,,,,,,,,,,,,,,,,,,,,,,,,,,,,,,,,,,,,,,,,,,,,,,,,,,,,,,,,,,,,,,,,,,,,,,,,,,,,,,,,,,,,,,,,,,,,,,,,,,,,,,,,,,,,,,,,,,,,,,,,,,,,,,,,,,,,,,,,,,,,,,,,,,,,,,,,,,,,,,,,,79.975,84.352,84.352,77.861,33354740.0,2698883396.56
2024-11-13,,,,,,,,,,,,,,,,,,,,,,,,,,,,,,,,,,,,,,,,,,,,,,,,,,,,,,,,,,,,,,,,,,,,,,,,,,,,,,,,,,,,,,,,,,,,,,,,,,,,,,,,,,,,,,,,,,,,,,,,,,,,,,,,,,,,,,,,,,,,,,,,,,,,,,,,,,,,,,,,,,,,,,,,,,,,,,,,,,,,,,,,,,,,,,,,,,,,,,,,,,,,,,,,,,,,,,,,,,,,,,,,,,,,,,,,,,,,,,,,,,,,,,,,,,,,,,,,,,,,,,,,,,,,,,,,,,,,,,,,,,,,,,,,,,,,,,,,,,,,,,,,,,,80.203,78.01,81.355,78.0,16193401.0,1301578218.24
2024-11-14,,,,,,,,,,,,,,,,,,,,,,,,,,,,,,,,,,,,,,,,,,,,,,,,,,,,,,,,,,,,,,,,,,,,,,,,,,,,,,,,,,,,,,,,,,,,,,,,,,,,,,,,,,,,,,,,,,,,,,,,,,,,,,,,,,,,,,,,,,,,,,,,,,,,,,,,,,,,,,,,,,,,,,,,,,,,,,,,,,,,,,,,,,,,,,,,,,,,,,,,,,,,,,,,,,,,,,,,,,,,,,,,,,,,,,,,,,,,,,,,,,,,,,,,,,,,,,,,,,,,,,,,,,,,,,,,,,,,,,,,,,,,,,,,,,,,,,,,,,,,,,,,,,,77.325,80.888,80.948,77.127,16440500.0,1307871235.28
2024-11-15,,,,,,,,,,,,,,,,,,,,,,,,,,,,,,,,,,,,,,,,,,,,,,,,,,,,,,,,,,,,,,,,,,,,,,,,,,,,,,,,,,,,,,,,,,,,,,,,,,,,,,,,,,,,,,,,,,,,,,,,,,,,,,,,,,,,,,,,,,,,,,,,,,,,,,,,,,,,,,,,,,,,,,,,,,,,,,,,,,,,,,,,,,,,,,,,,,,,,,,,,,,,,,,,,,,,,,,,,,,,,,,,,,,,,,,,,,,,,,,,,,,,,,,,,,,,,,,,,,,,,,,,,,,,,,,,,,,,,,,,,,,,,,,,,,,,,,,,,,,,,,,,,,,71.857,76.908,77.186,71.857,29006482.0,2164017216.7
2024-11-18,,,,,,,,,,,,,,,,,,,,,,,,,,,,,,,,,,,,,,,,,,,,,,,,,,,,,,,,,,,,,,,,,,,,,,,,,,,,,,,,,,,,,,,,,,,,,,,,,,,,,,,,,,,,,,,,,,,,,,,,,,,,,,,,,,,,,,,,,,,,,,,,,,,,,,,,,,,,,,,,,,,,,,,,,,,,,,,,,,,,,,,,,,,,,,,,,,,,,,,,,,,,,,,,,,,,,,,,,,,,,,,,,,,,,,,,,,,,,,,,,,,,,,,,,,,,,,,,,,,,,,,,,,,,,,,,,,,,,,,,,,,,,,,,,,,,,,,,,,,,,,,,,,,67.738,71.857,72.452,67.003,24068689.0,1684320646.19
2024-11-19,,,,,,,,,,,,,,,,,,,,,,,,,,,,,,,,,,,,,,,,,,,,,,,,,,,,,,,,,,,,,,,,,,,,,,,,,,,,,,,,,,,,,,,,,,,,,,,,,,,,,,,,,,,,,,,,,,,,,,,,,,,,,,,,,,,,,,,,,,,,,,,,,,,,,,,,,,,,,,,,,,,,,,,,,,,,,,,,,,,,,,,,,,,,,,,,,,,,,,,,,,,,,,,,,,,,,,,,,,,,,,,,,,,,,,,,,,,,,,,,,,,,,,,,,,,,,,,,,,,,,,,,,,,,,,,,,,,,,,,,,,,,,,,,,,,,,,,,,,,,,,,,,,,68.681,67.39,68.859,65.921,19654166.0,1335818901.52
2024-11-20,,,,,,,,,,,,,,,,,,,,,,,,,,,,,,,,,,,,,,,,,,,,,,,,,,,,,,,,,,,,,,,,,,,,,,,,,,,,,,,,,,,,,,,,,,,,,,,,,,,,,,,,,,,,,,,,,,,,,,,,,,,,,,,,,,,,,,,,,,,,,,,,,,,,,,,,,,,,,,,,,,,,,,,,,,,,,,,,,,,,,,,,,,,,,,,,,,,,,,,,,,,,,,,,,,,,,,,,,,,,,,,,,,,,,,,,,,,,,,,,,,,,,,,,,,,,,,,,,,,,,,,,,,,,,,,,,,,,,,,,,,,,,,,,,,,,,,,,,,,,,,,,,,,70.1,68.482,70.288,67.48,18967588.0,1324076372.14
2024-11-21,,,,,,,,,,,,,,,,,,,,,,,,,,,,,,,,,,,,,,,,,,,,,,,,,,,,,,,,,,,,,,,,,,,,,,,,,,,,,,,,,,,,,,,,,,,,,,,,,,,,,,,,,,,,,,,,,,,,,,,,,,,,,,,,,,,,,,,,,,,,,,,,,,,,,,,,,,,,,,,,,,,,,,,,,,,,,,,,,,,,,,,,,,,,,,,,,,,,,,,,,,,,,,,,,,,,,,,,,,,,,,,,,,,,,,,,,,,,,,,,,,,,,,,,,,,,,,,,,,,,,,,,,,,,,,,,,,,,,,,,,,,,,,,,,,,,,,,,,,,,,,,,,,,69.197,70.05,70.05,68.482,12964904.0,904685047.77
2024-11-22,,,,,,,,,,,,,,,,,,,,,,,,,,,,,,,,,,,,,,,,,,,,,,,,,,,,,,,,,,,,,,,,,,,,,,,,,,,,,,,,,,,,,,,,,,,,,,,,,,,,,,,,,,,,,,,,,,,,,,,,,,,,,,,,,,,,,,,,,,,,,,,,,,,,,,,,,,,,,,,,,,,,,,,,,,,,,,,,,,,,,,,,,,,,,,,,,,,,,,,,,,,,,,,,,,,,,,,,,,,,,,,,,,,,,,,,,,,,,,,,,,,,,,,,,,,,,,,,,,,,,,,,,,,,,,,,,,,,,,,,,,,,,,,,,,,,,,,,,,,,,,,,,,,66.844,69.365,70.546,66.656,20306464.0,1413667261.97
2024-11-25,,,,,,,,,,,,,,,,,,,,,,,,,,,,,,,,,,,,,,,,,,,,,,,,,,,,,,,,,,,,,,,,,,,,,,,,,,,,,,,,,,,,,,,,,,,,,,,,,,,,,,,,,,,,,,,,,,,,,,,,,,,,,,,,,,,,,,,,,,,,,,,,,,,,,,,,,,,,,,,,,,,,,,,,,,,,,,,,,,,,,,,,,,,,,,,,,,,,,,,,,,,,,,,,,,,,,,,,,,,,,,,,,,,,,,,,,,,,,,,,,,,,,,,,,,,,,,,,,,,,,,,,,,,,,,,,,,,,,,,,,,,,,,,,,,,,,,,,,,,,,,,,,,,64.155,65.902,66.944,62.745,20808098.0,1351826520.68
2024-11-26,,,,,,,,,,,,,,,,,,,,,,,,,,,,,,,,,,,,,,,,,,,,,,,,,,,,,,,,,,,,,,,,,,,,,,,,,,,,,,,,,,,,,,,,,,,,,,,,,,,,,,,,,,,,,,,,,,,,,,,,,,,,,,,,,,,,,,,,,,,,,,,,,,,,,,,,,,,,,,,,,,,,,,,,,,,,,,,,,,,,,,,,,,,,,,,,,,,,,,,,,,,,,,,,,,,,,,,,,,,,,,,,,,,,,,,,,,,,,,,,,,,,,,,,,,,,,,,,,,,,,,,,,,,,,,,,,,,,,,,,,,,,,,,,,,,,,,,,,,,,,,,,,,,63.619,64.155,64.989,63.619,10484896.0,680104022.35
2024-11-27,,,,,,,,,,,,,,,,,,,,,,,,,,,,,,,,,,,,,,,,,,,,,,,,,,,,,,,,,,,,,,,,,,,,,,,,,,,,,,,,,,,,,,,,,,,,,,,,,,,,,,,,,,,,,,,,,,,,,,,,,,,,,,,,,,,,,,,,,,,,,,,,,,,,,,,,,,,,,,,,,,,,,,,,,,,,,,,,,,,,,,,,,,,,,,,,,,,,,,,,,,,,,,,,,,,,,,,,,,,,,,,,,,,,,,,,,,,,,,,,,,,,,,,,,,,,,,,,,,,,,,,,,,,,,,,,,,,,,,,,,,,,,,,,,,,,,,,,,,,,,,,,,,,68.026,64.542,68.561,63.152,24920368.0,1670879934.89
2024-11-28,,,,,,,,,,,,,,,,,,,,,,,,,,,,,,,,,,,,,,,,,,,,,,,,,,,,,,,,,,,,,,,,,,,,,,,,,,,,,,,,,,,,,,,,,,,,,,,,,,,,,,,,,,,,,,,,,,,,,,,,,,,,,,,,,,,,,,,,,,,,,,,,,,,,,,,,,,,,,,,,,,,,,,,,,,,,,,,,,,,,,,,,,,,,,,,,,,,,,,,,,,,,,,,,,,,,,,,,,,,,,,,,,,,,,,,,,,,,,,,,,,,,,,,,,,,,,,,,,,,,,,,,,,,,,,,,,,,,,,,,,,,,,,,,,,,,,,,,,,,,,,,,,,,66.696,67.49,68.472,66.398,14298090.0,971342393.55
2024-11-29,,,,,,,,,,,,,,,,,,,,,,,,,,,,,,,,,,,,,,,,,,,,,,,,,,,,,,,,,,,,,,,,,,,,,,,,,,,,,,,,,,,,,,,,,,,,,,,,,,,,,,,,,,,,,,,,,,,,,,,,,,,,,,,,,,,,,,,,,,,,,,,,,,,,,,,,,,,,,,,,,,,,,,,,,,,,,,,,,,,,,,,,,,,,,,,,,,,,,,,,,,,,,,,,,,,,,,,,,,,,,,,,,,,,,,,,,,,,,,,,,,,,,,,,,,,,,,,,,,,,,,,,,,,,,,,,,,,,,,,,,,,,,,,,,,,,,,,,,,,,,,,,,,,68.284,66.001,68.78,65.247,17248379.0,1165948267.88
2024-12-02,,,,,,,,,,,,,,,,,,,,,,,,,,,,,,,,,,,,,,,,,,,,,,,,,,,,,,,,,,,,,,,,,,,,,,,,,,,,,,,,,,,,,,,,,,,,,,,,,,,,,,,,,,,,,,,,,,,,,,,,,,,,,,,,,,,,,,,,,,,,,,,,,,,,,,,,,,,,,,,,,,,,,,,,,,,,,,,,,,,,,,,,,,,,,,,,,,,,,,,,,,,,,,,,,,,,,,,,,,,,,,,,,,,,,,,,,,,,,,,,,,,,,,,,,,,,,,,,,,,,,,,,,,,,,,,,,,,,,,,,,,,,,,,,,,,,,,,,,,,,,,,,,,,68.284,67.629,68.482,67.103,15268485.0,1045076790.6
2024-12-03,,,,,,,,,,,,,,,,,,,,,,,,,,,,,,,,,,,,,,,,,,,,,,,,,,,,,,,,,,,,,,,,,,,,,,,,,,,,,,,,,,,,,,,,,,,,,,,,,,,,,,,,,,,,,,,,,,,,,,,,,,,,,,,,,,,,,,,,,,,,,,,,,,,,,,,,,,,,,,,,,,,,,,,,,,,,,,,,,,,,,,,,,,,,,,,,,,,,,,,,,,,,,,,,,,,,,,,,,,,,,,,,,,,,,,,,,,,,,,,,,,,,,,,,,,,,,,,,,,,,,,,,,,,,,,,,,,,,,,,,,,,,,,,,,,,,,,,,,,,,,,,,,,,67.311,68.164,68.254,66.398,12043708.0,817293757.74
2024-12-04,,,,,,,,,,,,,,,,,,,,,,,,,,,,,,,,,,,,,,,,,,,,,,,,,,,,,,,,,,,,,,,,,,,,,,,,,,,,,,,,,,,,,,,,,,,,,,,,,,,,,,,,,,,,,,,,,,,,,,,,,,,,,,,,,,,,,,,,,,,,,,,,,,,,,,,,,,,,,,,,,,,,,,,,,,,,,,,,,,,,,,,,,,,,,,,,,,,,,,,,,,,,,,,,,,,,,,,,,,,,,,,,,,,,,,,,,,,,,,,,,,,,,,,,,,,,,,,,,,,,,,,,,,,,,,,,,,,,,,,,,,,,,,,,,,,,,,,,,,,,,,,,,,,67.043,66.725,68.452,66.457,11415911.0,774742254.8
2024-12-05,,,,,,,,,,,,,,,,,,,,,,,,,,,,,,,,,,,,,,,,,,,,,,,,,,,,,,,,,,,,,,,,,,,,,,,,,,,,,,,,,,,,,,,,,,,,,,,,,,,,,,,,,,,,,,,,,,,,,,,,,,,,,,,,,,,,,,,,,,,,,,,,,,,,,,,,,,,,,,,,,,,,,,,,,,,,,,,,,,,,,,,,,,,,,,,,,,,,,,,,,,,,,,,,,,,,,,,,,,,,,,,,,,,,,,,,,,,,,,,,,,,,,,,,,,,,,,,,,,,,,,,,,,,,,,,,,,,,,,,,,,,,,,,,,,,,,,,,,,,,,,,,,,,67.112,67.103,67.986,66.378,10637992.0,719688612.5
2024-12-06,,,,,,,,,,,,,,,,,,,,,,,,,,,,,,,,,,,,,,,,,,,,,,,,,,,,,,,,,,,,,,,,,,,,,,,,,,,,,,,,,,,,,,,,,,,,,,,,,,,,,,,,,,,,,,,,,,,,,,,,,,,,,,,,,,,,,,,,,,,,,,,,,,,,,,,,,,,,,,,,,,,,,,,,,,,,,,,,,,,,,,,,,,,,,,,,,,,,,,,,,,,,,,,,,,,,,,,,,,,,,,,,,,,,,,,,,,,,,,,,,,,,,,,,,,,,,,,,,,,,,,,,,,,,,,,,,,,,,,,,,,,,,,,,,,,,,,,,,,,,,,,,,,,68.284,66.785,68.78,66.696,14205135.0,973065697.09
2024-12-09,,,,,,,,,,,,,,,,,,,,,,,,,,,,,,,,,,,,,,,,,,,,,,,,,,,,,,,,,,,,,,,,,,,,,,,,,,,,,,,,,,,,,,,,,,,,,,,,,,,,,,,,,,,,,,,,,,,,,,,,,,,,,,,,,,,,,,,,,,,,,,,,,,,,,,,,,,,,,,,,,,,,,,,,,,,,,,,,,,,,,,,,,,,,,,,,,,,,,,,,,,,,,,,,,,,,,,,,,,,,,,,,,,,,,,,,,,,,,,,,,,,,,,,,,,,,,,,,,,,,,,,,,,,,,,,,,,,,,,,,,,,,,,,,,,,,,,,,,,,,,,,,,,,66.517,67.579,67.787,66.05,11553302.0,778028275.19
2024-12-10,,,,,,,,,,,,,,,,,,,,,,,,,,,,,,,,,,,,,,,,,,,,,,,,,,,,,,,,,,,,,,,,,,,,,,,,,,,,,,,,,,,,,,,,,,,,,,,,,,,,,,,,,,,,,,,,,,,,,,,,,,,,,,,,,,,,,,,,,,,,,,,,,,,,,,,,,,,,,,,,,,,,,,,,,,,,,,,,,,,,,,,,,,,,,,,,,,,,,,,,,,,,,,,,,,,,,,,,,,,,,,,,,,,,,,,,,,,,,,,,,,,,,,,,,,,,,,,,,,,,,,,,,,,,,,,,,,,,,,,,,,,,,,,,,,,,,,,,,,,,,,,,,,,67.073,68.79,68.839,66.993,11954340.0,814726745.35
2024-12-11,,,,,,,,,,,,,,,,,,,,,,,,,,,,,,,,,,,,,,,,,,,,,,,,,,,,,,,,,,,,,,,,,,,,,,,,,,,,,,,,,,,,,,,,,,,,,,,,,,,,,,,,,,,,,,,,,,,,,,,,,,,,,,,,,,,,,,,,,,,,,,,,,,,,,,,,,,,,,,,,,,,,,,,,,,,,,,,,,,,,,,,,,,,,,,,,,,,,,,,,,,,,,,,,,,,,,,,,,,,,,,,,,,,,,,,,,,,,,,,,,,,,,,,,,,,,,,,,,,,,,,,,,,,,,,,,,,,,,,,,,,,,,,,,,,,,,,,,,,,,,,,,,,,68.194,66.497,68.274,66.398,10357957.0,701868819.29
2024-12-12,,,,,,,,,,,,,,,,,,,,,,,,,,,,,,,,,,,,,,,,,,,,,,,,,,,,,,,,,,,,,,,,,,,,,,,,,,,,,,,,,,,,,,,,,,,,,,,,,,,,,,,,,,,,,,,,,,,,,,,,,,,,,,,,,,,,,,,,,,,,,,,,,,,,,,,,,,,,,,,,,,,,,,,,,,,,,,,,,,,,,,,,,,,,,,,,,,,,,,,,,,,,,,,,,,,,,,,,,,,,,,,,,,,,,,,,,,,,,,,,,,,,,,,,,,,,,,,,,,,,,,,,,,,,,,,,,,,,,,,,,,,,,,,,,,,,,,,,,,,,,,,,,,,71.956,68.194,72.154,68.164,26801822.0,1907680426.33
2024-12-13,,,,,,,,,,,,,,,,,,,,,,,,,,,,,,,,,,,,,,,,,,,,,,,,,,,,,,,,,,,,,,,,,,,,,,,,,,,,,,,,,,,,,,,,,,,,,,,,,,,,,,,,,,,,,,,,,,,,,,,,,,,,,,,,,,,,,,,,,,,,,,,,,,,,,,,,,,,,,,,,,,,,,,,,,,,,,,,,,,,,,,,,,,,,,,,,,,,,,,,,,,,,,,,,,,,,,,,,,,,,,,,,,,,,,,,,,,,,,,,,,,,,,,,,,,,,,,,,,,,,,,,,,,,,,,,,,,,,,,,,,,,,,,,,,,,,,,,,,,,,,,,,,,,71.231,70.864,72.353,69.792,18566031.0,1327955312.34
2024-12-16,,,,,,,,,,,,,,,,,,,,,,,,,,,,,,,,,,,,,,,,,,,,,,,,,,,,,,,,,,,,,,,,,,,,,,,,,,,,,,,,,,,,,,,,,,,,,,,,,,,,,,,,,,,,,,,,,,,,,,,,,,,,,,,,,,,,,,,,,,,,,,,,,,,,,,,,,,,,,,,,,,,,,,,,,,,,,,,,,,,,,,,,,,,,,,,,,,,,,,,,,,,,,,,,,,,,,,,,,,,,,,,,,,,,,,,,,,,,,,,,,,,,,,,,,,,,,,,,,,,,,,,,,,,,,,,,,,,,,,,,,,,,,,,,,,,,,,,,,,,,,,,,,,,68.7,70.656,70.934,68.681,10748114.0,752552412.47
2024-12-17,,,,,,,,,,,,,,,,,,,,,,,,,,,,,,,,,,,,,,,,,,,,,,,,,,,,,,,,,,,,,,,,,,,,,,,,,,,,,,,,,,,,,,,,,,,,,,,,,,,,,,,,,,,,,,,,,,,,,,,,,,,,,,,,,,,,,,,,,,,,,,,,,,,,,,,,,,,,,,,,,,,,,,,,,,,,,,,,,,,,,,,,,,,,,,,,,,,,,,,,,,,,,,,,,,,,,,,,,,,,,,,,,,,,,,,,,,,,,,,,,,,,,,,,,,,,,,,,,,,,,,,,,,,,,,,,,,,,,,,,,,,,,,,,,,,,,,,,,,,,,,,,,,,70.149,69.475,72.71,69.475,15471761.0,1109783225.08
2024-12-18,,,,,,,,,,,,,,,,,,,,,,,,,,,,,,,,,,,,,,,,,,,,,,,,,,,,,,,,,,,,,,,,,,,,,,,,,,,,,,,,,,,,,,,,,,,,,,,,,,,,,,,,,,,,,,,,,,,,,,,,,,,,,,,,,,,,,,,,,,,,,,,,,,,,,,,,,,,,,,,,,,,,,,,,,,,,,,,,,,,,,,,,,,,,,,,,,,,,,,,,,,,,,,,,,,,,,,,,,,,,,,,,,,,,,,,,,,,,,,,,,,,,,,,,,,,,,,,,,,,,,,,,,,,,,,,,,,,,,,,,,,,,,,,,,,,,,,,,,,,,,,,,,,,74.03,72.194,76.938,71.569,25403737.0,1896485139.59
2024-12-19,,,,,,,,,,,,,,,,,,,,,,,,,,,,,,,,,,,,,,,,,,,,,,,,,,,,,,,,,,,,,,,,,,,,,,,,,,,,,,,,,,,,,,,,,,,,,,,,,,,,,,,,,,,,,,,,,,,,,,,,,,,,,,,,,,,,,,,,,,,,,,,,,,,,,,,,,,,,,,,,,,,,,,,,,,,,,,,,,,,,,,,,,,,,,,,,,,,,,,,,,,,,,,,,,,,,,,,,,,,,,,,,,,,,,,,,,,,,,,,,,,,,,,,,,,,,,,,,,,,,,,,,,,,,,,,,,,,,,,,,,,,,,,,,,,,,,,,,,,,,,,,,,,,73.663,72.452,74.437,71.36,16398069.0,1197101996.49
2024-12-20,,,,,,,,,,,,,,,,,,,,,,,,,,,,,,,,,,,,,,,,,,,,,,,,,,,,,,,,,,,,,,,,,,,,,,,,,,,,,,,,,,,,,,,,,,,,,,,,,,,,,,,,,,,,,,,,,,,,,,,,,,,,,,,,,,,,,,,,,,,,,,,,,,,,,,,,,,,,,,,,,,,,,,,,,,,,,,,,,,,,,,,,,,,,,,,,,,,,,,,,,,,,,,,,,,,,,,,,,,,,,,,,,,,,,,,,,,,,,,,,,,,,,,,,,,,,,,,,,,,,,,,,,,,,,,,,,,,,,,,,,,,,,,,,,,,,,,,,,,,,,,,,,,,76.978,73.445,77.911,73.445,24579910.0,1870429137.36
2024-12-23,,,,,,,,,,,,,,,,,,,,,,,,,,,,,,,,,,,,,,,,,,,,,,,,,,,,,,,,,,,,,,,,,,,,,,,,,,,,,,,,,,,,,,,,,,,,,,,,,,,,,,,,,,,,,,,,,,,,,,,,,,,,,,,,,,,,,,,,,,,,,,,,,,,,,,,,,,,,,,,,,,,,,,,,,,,,,,,,,,,,,,,,,,,,,,,,,,,,,,,,,,,,,,,,,,,,,,,,,,,,,,,,,,,,,,,,,,,,,,,,,,,,,,,,,,,,,,,,,,,,,,,,,,,,,,,,,,,,,,,,,,,,,,,,,,,,,,,,,,,,,,,,,,,75.023,76.154,76.898,74.804,17814038.0,1358827489.36
2024-12-24,,,,,,,,,,,,,,,,,,,,,,,,,,,,,,,,,,,,,,,,,,,,,,,,,,,,,,,,,,,,,,,,,,,,,,,,,,,,,,,,,,,,,,,,,,,,,,,,,,,,,,,,,,,,,,,,,,,,,,,,,,,,,,,,,,,,,,,,,,,,,,,,,,,,,,,,,,,,,,,,,,,,,,,,,,,,,,,,,,,,,,,,,,,,,,,,,,,,,,,,,,,,,,,,,,,,,,,,,,,,,,,,,,,,,,,,,,,,,,,,,,,,,,,,,,,,,,,,,,,,,,,,,,,,,,,,,,,,,,,,,,,,,,,,,,,,,,,,,,,,,,,,,,,68.829,74.725,76.978,64.512,19184250.0,1430638820.0
2024-12-25,,,,,,,,,,,,,,,,,,,,,,,,,,,,,,,,,,,,,,,,,,,,,,,,,,,,,,,,,,,,,,,,,,,,,,,,,,,,,,,,,,,,,,,,,,,,,,,,,,,,,,,,,,,,,,,,,,,,,,,,,,,,,,,,,,,,,,,,,,,,,,,,,,,,,,,,,,,,,,,,,,,,,,,,,,,,,,,,,,,,,,,,,,,,,,,,,,,,,,,,,,,,,,,,,,,,,,,,,,,,,,,,,,,,,,,,,,,,,,,,,,,,,,,,,,,,,,,,,,,,,,,,,,,,,,,,,,,,,,,,,,,,,,,,,,,,,,,,,,,,,,,,,,,72.412,70.556,73.693,70.08,26798291.0,1944268795.21
2024-12-26,,,,,,,,,,,,,,,,,,,,,,,,,,,,,,,,,,,,,,,,,,,,,,,,,,,,,,,,,,,,,,,,,,,,,,,,,,,,,,,,,,,,,,,,,,,,,,,,,,,,,,,,,,,,,,,,,,,,,,,,,,,,,,,,,,,,,,,,,,,,,,,,,,,,,,,,,,,,,,,,,,,,,,,,,,,,,,,,,,,,,,,,,,,,,,,,,,,,,,,,,,,,,,,,,,,,,,,,,,,,,,,,,,,,,,,,,,,,,,,,,,,,,,,,,,,,,,,,,,,,,,,,,,,,,,,,,,,,,,,,,,,,,,,,,,,,,,,,,,,,,,,,,,,72.531,71.966,74.695,70.943,18231957.0,1328667854.82
2024-12-27,,,,,,,,,,,,,,,,,,,,,,,,,,,,,,,,,,,,,,,,,,,,,,,,,,,,,,,,,,,,,,,,,,,,,,,,,,,,,,,,,,,,,,,,,,,,,,,,,,,,,,,,,,,,,,,,,,,,,,,,,,,,,,,,,,,,,,,,,,,,,,,,,,,,,,,,,,,,,,,,,,,,,,,,,,,,,,,,,,,,,,,,,,,,,,,,,,,,,,,,,,,,,,,,,,,,,,,,,,,,,,,,,,,,,,,,,,,,,,,,,,,,,,,,,,,,,,,,,,,,,,,,,,,,,,,,,,,,,,,,,,,,,,,,,,,,,,,,,,,,,,,,,,,76.819,80.69,83.171,76.124,41550458.0,3304339123.52
2024-12-30,,,,,,,,,,,,,,,,,,,,,,,,,,,,,,,,,,,,,,,,,,,,,,,,,,,,,,,,,,,,,,,,,,,,,,,,,,,,,,,,,,,,,,,,,,,,,,,,,,,,,,,,,,,,,,,,,,,,,,,,,,,,,,,,,,,,,,,,,,,,,,,,,,,,,,,,,,,,,,,,,,,,,,,,,,,,,,,,,,,,,,,,,,,,,,,,,,,,,,,,,,,,,,,,,,,,,,,,,,,,,,,,,,,,,,,,,,,,,,,,,,,,,,,,,,,,,,,,,,,,,,,,,,,,,,,,,,,,,,,,,,,,,,,,,,,,,,,,,,,,,,,,,,,73.593,77.415,78.397,73.256,25577682.0,1951881262.52
2024-12-31,,,,,,,,,,,,,,,,,,,,,,,,,,,,,,,,,,,,,,,,,,,,,,,,,,,,,,,,,,,,,,,,,,,,,,,,,,,,,,,,,,,,,,,,,,,,,,,,,,,,,,,,,,,,,,,,,,,,,,,,,,,,,,,,,,,,,,,,,,,,,,,,,,,,,,,,,,,,,,,,,,,,,,,,,,,,,,,,,,,,,,,,,,,,,,,,,,,,,,,,,,,,,,,,,,,,,,,,,,,,,,,,,,,,,,,,,,,,,,,,,,,,,,,,,,,,,,,,,,,,,,,,,,,,,,,,,,,,,,,,,,,,,,,,,,,,,,,,,,,,,,,,,,,71.241,72.7,73.445,70.546,18240700.0,1318351599.64
2025-01-02,,,,,,,,,,,,,,,,,,,,,,,,,,,,,,,,,,,,,,,,,,,,,,,,,,,,,,,,,,,,,,,,,,,,,,,,,,,,,,,,,,,,,,,,,,,,,,,,,,,,,,,,,,,,,,,,,,,,,,,,,,,,,,,,,,,,,,,,,,,,,,,,,,,,,,,,,,,,,,,,,,,,,,,,,,,,,,,,,,,,,,,,,,,,,,,,,,,,,,,,,,,,,,,,,,,,,,,,,,,,,,,,,,,,,,,,,,,,,,,,,,,,,,,,,,,,,,,,,,,,,,,,,,,,,,,,,,,,,,,,,,,,,,,,,,,,,,,,,,,,,,,,,,,66.735,70.477,70.943,66.249,16742519.0,1153350246.02
2025-01-03,,,,,,,,,,,,,,,,,,,,,,,,,,,,,,,,,,,,,,,,,,,,,,,,,,,,,,,,,,,,,,,,,,,,,,,,,,,,,,,,,,,,,,,,,,,,,,,,,,,,,,,,,,,,,,,,,,,,,,,,,,,,,,,,,,,,,,,,,,,,,,,,,,,,,,,,,,,,,,,,,,,,,,,,,,,,,,,,,,,,,,,,,,,,,,,,,,,,,,,,,,,,,,,,,,,,,,,,,,,,,,,,,,,,,,,,,,,,,,,,,,,,,,,,,,,,,,,,,,,,,,,,,,,,,,,,,,,,,,,,,,,,,,,,,,,,,,,,,,,,,,,,,,,63.182,66.398,67.361,63.172,15779447.0,1032443144.87
2025-01-06,,,,,,,,,,,,,,,,,,,,,,,,,,,,,,,,,,,,,,,,,,,,,,,,,,,,,,,,,,,,,,,,,,,,,,,,,,,,,,,,,,,,,,,,,,,,,,,,,,,,,,,,,,,,,,,,,,,,,,,,,,,,,,,,,,,,,,,,,,,,,,,,,,,,,,,,,,,,,,,,,,,,,,,,,,,,,,,,,,,,,,,,,,,,,,,,,,,,,,,,,,,,,,,,,,,,,,,,,,,,,,,,,,,,,,,,,,,,,,,,,,,,,,,,,,,,,,,,,,,,,,,,,,,,,,,,,,,,,,,,,,,,,,,,,,,,,,,,,,,,,,,,,,,61.545,62.061,63.897,60.989,11728995.0,736801204.3
2025-01-07,,,,,,,,,,,,,,,,,,,,,,,,,,,,,,,,,,,,,,,,,,,,,,,,,,,,,,,,,,,,,,,,,,,,,,,,,,,,,,,,,,,,,,,,,,,,,,,,,,,,,,,,,,,,,,,,,,,,,,,,,,,,,,,,,,,,,,,,,,,,,,,,,,,,,,,,,,,,,,,,,,,,,,,,,,,,,,,,,,,,,,,,,,,,,,,,,,,,,,,,,,,,,,,,,,,,,,,,,,,,,,,,,,,,,,,,,,,,,,,,,,,,,,,,,,,,,,,,,,,,,,,,,,,,,,,,,,,,,,,,,,,,,,,,,,,,,,,,,,,,,,,,,,,64.959,63.52,65.802,63.152,15454383.0,1001758373.09
2025-01-08,,,,,,,,,,,,,,,,,,,,,,,,,,,,,,,,,,,,,,,,,,,,,,,,,,,,,,,,,,,,,,,,,,,,,,,,,,,,,,,,,,,,,,,,,,,,,,,,,,,,,,,,,,,,,,,,,,,,,,,,,,,,,,,,,,,,,,,,,,,,,,,,,,,,,,,,,,,,,,,,,,,,,,,,,,,,,,,,,,,,,,,,,,,,,,,,,,,,,,,,,,,,,,,,,,,,,,,,,,,,,,,,,,,,,,,,,,,,,,,,,,,,,,,,,,,,,,,,,,,,,,,,,,,,,,,,,,,,,,,,,,,,,,,,,,,,,,,,,,,,,,,,,,,64.512,64.453,65.386,62.09,12855172.0,829216451.48
2025-01-09,,,,,,,,,,,,,,,,,,,,,,,,,,,,,,,,,,,,,,,,,,,,,,,,,,,,,,,,,,,,,,,,,,,,,,,,,,,,,,,,,,,,,,,,,,,,,,,,,,,,,,,,,,,,,,,,,,,,,,,,,,,,,,,,,,,,,,,,,,,,,,,,,,,,,,,,,,,,,,,,,,,,,,,,,,,,,,,,,,,,,,,,,,,,,,,,,,,,,,,,,,,,,,,,,,,,,,,,,,,,,,,,,,,,,,,,,,,,,,,,,,,,,,,,,,,,,,,,,,,,,,,,,,,,,,,,,,,,,,,,,,,,,,,,,,,,,,,,,,,,,,,,,,,67.549,63.549,69.078,63.549,18573945.0,1247144343.81
2025-01-10,,,,,,,,,,,,,,,,,,,,,,,,,,,,,,,,,,,,,,,,,,,,,,,,,,,,,,,,,,,,,,,,,,,,,,,,,,,,,,,,,,,,,,,,,,,,,,,,,,,,,,,,,,,,,,,,,,,,,,,,,,,,,,,,,,,,,,,,,,,,,,,,,,,,,,,,,,,,,,,,,,,,,,,,,,,,,,,,,,,,,,,,,,,,,,,,,,,,,,,,,,,,,,,,,,,,,,,,,,,,,,,,,,,,,,,,,,,,,,,,,,,,,,,,,,,,,,,,,,,,,,,,,,,,,,,,,,,,,,,,,,,,,,,,,,,,,,,,,,,,,,,,,,,65.435,66.447,68.035,65.415,11796300.0,792597579.77
2025-01-13,,,,,,,,,,,,,,,,,,,,,,,,,,,,,,,,,,,,,,,,,,,,,,,,,,,,,,,,,,,,,,,,,,,,,,,,,,,,,,,,,,,,,,,,,,,,,,,,,,,,,,,,,,,,,,,,,,,,,,,,,,,,,,,,,,,,,,,,,,,,,,,,,,,,,,,,,,,,,,,,,,,,,,,,,,,,,,,,,,,,,,,,,,,,,,,,,,,,,,,,,,,,,,,,,,,,,,,,,,,,,,,,,,,,,,,,,,,,,,,,,,,,,,,,,,,,,,,,,,,,,,,,,,,,,,,,,,,,,,,,,,,,,,,,,,,,,,,,,,,,,,,,,,,64.234,66.497,67.361,64.095,9577323.0,626526494.9
2025-01-14,,,,,,,,,,,,,,,,,,,,,,,,,,,,,,,,,,,,,,,,,,,,,,,,,,,,,,,,,,,,,,,,,,,,,,,,,,,,,,,,,,,,,,,,,,,,,,,,,,,,,,,,,,,,,,,,,,,,,,,,,,,,,,,,,,,,,,,,,,,,,,,,,,,,,,,,,,,,,,,,,,,,,,,,,,,,,,,,,,,,,,,,,,,,,,,,,,,,,,,,,,,,,,,,,,,,,,,,,,,,,,,,,,,,,,,,,,,,,,,,,,,,,,,,,,,,,,,,,,,,,,,,,,,,,,,,,,,,,,,,,,,,,,,,,,,,,,,,,,,,,,,,,,,67.172,64.125,67.172,64.046,13595373.0,903957700.31
2025-01-15,,,,,,,,,,,,,,,,,,,,,,,,,,,,,,,,,,,,,,,,,,,,,,,,,,,,,,,,,,,,,,,,,,,,,,,,,,,,,,,,,,,,,,,,,,,,,,,,,,,,,,,,,,,,,,,,,,,,,,,,,,,,,,,,,,,,,,,,,,,,,,,,,,,,,,,,,,,,,,,,,,,,,,,,,,,,,,,,,,,,,,,,,,,,,,,,,,,,,,,,,,,,,,,,,,,,,,,,,,,,,,,,,,,,,,,,,,,,,,,,,,,,,,,,,,,,,,,,,,,,,,,,,,,,,,,,,,,,,,,,,,,,,,,,,,,,,,,,,,,,,,,,,,,66.08,66.864,67.39,65.912,8097000.0,541706039.0
2025-01-16,,,,,,,,,,,,,,,,,,,,,,,,,,,,,,,,,,,,,,,,,,,,,,,,,,,,,,,,,,,,,,,,,,,,,,,,,,,,,,,,,,,,,,,,,,,,,,,,,,,,,,,,,,,,,,,,,,,,,,,,,,,,,,,,,,,,,,,,,,,,,,,,,,,,,,,,,,,,,,,,,,,,,,,,,,,,,,,,,,,,,,,,,,,,,,,,,,,,,,,,,,,,,,,,,,,,,,,,,,,,,,,,,,,,,,,,,,,,,,,,,,,,,,,,,,,,,,,,,,,,,,,,,,,,,,,,,,,,,,,,,,,,,,,,,,,,,,,,,,,,,,,,,,,65.653,66.428,67.053,65.485,8256211.0,549859214.91
2025-01-17,,,,,,,,,,,,,,,,,,,,,,,,,,,,,,,,,,,,,,,,,,,,,,,,,,,,,,,,,,,,,,,,,,,,,,,,,,,,,,,,,,,,,,,,,,,,,,,,,,,,,,,,,,,,,,,,,,,,,,,,,,,,,,,,,,,,,,,,,,,,,,,,,,,,,,,,,,,,,,,,,,,,,,,,,,,,,,,,,,,,,,,,,,,,,,,,,,,,,,,,,,,,,,,,,,,,,,,,,,,,,,,,,,,,,,,,,,,,,,,,,,,,,,,,,,,,,,,,,,,,,,,,,,,,,,,,,,,,,,,,,,,,,,,,,,,,,,,,,,,,,,,,,,,68.879,66.12,70.983,65.395,18651310.0,1282145984.17
2025-01-20,,,,,,,,,,,,,,,,,,,,,,,,,,,,,,,,,,,,,,,,,,,,,,,,,,,,,,,,,,,,,,,,,,,,,,,,,,,,,,,,,,,,,,,,,,,,,,,,,,,,,,,,,,,,,,,,,,,,,,,,,,,,,,,,,,,,,,,,,,,,,,,,,,,,,,,,,,,,,,,,,,,,,,,,,,,,,,,,,,,,,,,,,,,,,,,,,,,,,,,,,,,,,,,,,,,,,,,,,,,,,,,,,,,,,,,,,,,,,,,,,,,,,,,,,,,,,,,,,,,,,,,,,,,,,,,,,,,,,,,,,,,,,,,,,,,,,,,,,,,,,,,,,,,71.698,69.604,72.76,69.524,16091753.0,1152410443.0
2025-01-21,,,,,,,,,,,,,,,,,,,,,,,,,,,,,,,,,,,,,,,,,,,,,,,,,,,,,,,,,,,,,,,,,,,,,,,,,,,,,,,,,,,,,,,,,,,,,,,,,,,,,,,,,,,,,,,,,,,,,,,,,,,,,,,,,,,,,,,,,,,,,,,,,,,,,,,,,,,,,,,,,,,,,,,,,,,,,,,,,,,,,,,,,,,,,,,,,,,,,,,,,,,,,,,,,,,,,,,,,,,,,,,,,,,,,,,,,,,,,,,,,,,,,,,,,,,,,,,,,,,,,,,,,,,,,,,,,,,,,,,,,,,,,,,,,,,,,,,,,,,,,,,,,,,71.261,72.254,72.313,69.673,11538979.0,823236538.46
2025-01-22,,,,,,,,,,,,,,,,,,,,,,,,,,,,,,,,,,,,,,,,,,,,,,,,,,,,,,,,,,,,,,,,,,,,,,,,,,,,,,,,,,,,,,,,,,,,,,,,,,,,,,,,,,,,,,,,,,,,,,,,,,,,,,,,,,,,,,,,,,,,,,,,,,,,,,,,,,,,,,,,,,,,,,,,,,,,,,,,,,,,,,,,,,,,,,,,,,,,,,,,,,,,,,,,,,,,,,,,,,,,,,,,,,,,,,,,,,,,,,,,,,,,,,,,,,,,,,,,,,,,,,,,,,,,,,,,,,,,,,,,,,,,,,,,,,,,,,,,,,,,,,,,,,,69.733,71.172,71.172,68.681,9205188.0,645018795.27
2025-01-23,,,,,,,,,,,,,,,,,,,,,,,,,,,,,,,,,,,,,,,,,,,,,,,,,,,,,,,,,,,,,,,,,,,,,,,,,,,,,,,,,,,,,,,,,,,,,,,,,,,,,,,,,,,,,,,,,,,,,,,,,,,,,,,,,,,,,,,,,,,,,,,,,,,,,,,,,,,,,,,,,,,,,,,,,,,,,,,,,,,,,,,,,,,,,,,,,,,,,,,,,,,,,,,,,,,,,,,,,,,,,,,,,,,,,,,,,,,,,,,,,,,,,,,,,,,,,,,,,,,,,,,,,,,,,,,,,,,,,,,,,,,,,,,,,,,,,,,,,,,,,,,,,,,67.45,69.812,70.844,67.39,12711510.0,884456915.71
2025-01-24,,,,,,,,,,,,,,,,,,,,,,,,,,,,,,,,,,,,,,,,,,,,,,,,,,,,,,,,,,,,,,,,,,,,,,,,,,,,,,,,,,,,,,,,,,,,,,,,,,,,,,,,,,,,,,,,,,,,,,,,,,,,,,,,,,,,,,,,,,,,,,,,,,,,,,,,,,,,,,,,,,,,,,,,,,,,,,,,,,,,,,,,,,,,,,,,,,,,,,,,,,,,,,,,,,,,,,,,,,,,,,,,,,,,,,,,,,,,,,,,,,,,,,,,,,,,,,,,,,,,,,,,,,,,,,,,,,,,,,,,,,,,,,,,,,,,,,,,,,,,,,,,,,,68.016,67.49,69.167,66.854,9716710.0,666650743.81
2025-01-27,,,,,,,,,,,,,,,,,,,,,,,,,,,,,,,,,,,,,,,,,,,,,,,,,,,,,,,,,,,,,,,,,,,,,,,,,,,,,,,,,,,,,,,,,,,,,,,,,,,,,,,,,,,,,,,,,,,,,,,,,,,,,,,,,,,,,,,,,,,,,,,,,,,,,,,,,,,,,,,,,,,,,,,,,,,,,,,,,,,,,,,,,,,,,,,,,,,,,,,,,,,,,,,,,,,,,,,,,,,,,,,,,,,,,,,,,,,,,,,,,,,,,,,,,,,,,,,,,,,,,,,,,,,,,,,,,,,,,,,,,,,,,,,,,,,,,,,,,,,,,,,,,,,65.505,68.016,68.472,65.326,10044945.0,672784410.34
2025-02-05,,,,,,,,,,,,,,,,,,,,,,,,,,,,,,,,,,,,,,,,,,,,,,,,,,,,,,,,,,,,,,,,,,,,,,,,,,,,,,,,,,,,,,,,,,,,,,,,,,,,,,,,,,,,,,,,,,,,,,,,,,,,,,,,,,,,,,,,,,,,,,,,,,,,,,,,,,,,,,,,,,,,,,,,,,,,,,,,,,,,,,,,,,,,,,,,,,,,,,,,,,,,,,,,,,,,,,,,,,,,,,,,,,,,,,,,,,,,,,,,,,,,,,,,,,,,,,,,,,,,,,,,,,,,,,,,,,,,,,,,,,,,,,,,,,,,,,,,,,,,,,,,,,,65.078,65.902,66.021,64.016,8732871.0,573351381.43
2025-02-06,,,,,,,,,,,,,,,,,,,,,,,,,,,,,,,,,,,,,,,,,,,,,,,,,,,,,,,,,,,,,,,,,,,,,,,,,,,,,,,,,,,,,,,,,,,,,,,,,,,,,,,,,,,,,,,,,,,,,,,,,,,,,,,,,,,,,,,,,,,,,,,,,,,,,,,,,,,,,,,,,,,,,,,,,,,,,,,,,,,,,,,,,,,,,,,,,,,,,,,,,,,,,,,,,,,,,,,,,,,,,,,,,,,,,,,,,,,,,,,,,,,,,,,,,,,,,,,,,,,,,,,,,,,,,,,,,,,,,,,,,,,,,,,,,,,,,,,,,,,,,,,,,,,69.336,65.386,69.475,64.81,17204724.0,1171055137.7
2025-02-07,,,,,,,,,,,,,,,,,,,,,,,,,,,,,,,,,,,,,,,,,,,,,,,,,,,,,,,,,,,,,,,,,,,,,,,,,,,,,,,,,,,,,,,,,,,,,,,,,,,,,,,,,,,,,,,,,,,,,,,,,,,,,,,,,,,,,,,,,,,,,,,,,,,,,,,,,,,,,,,,,,,,,,,,,,,,,,,,,,,,,,,,,,,,,,,,,,,,,,,,,,,,,,,,,,,,,,,,,,,,,,,,,,,,,,,,,,,,,,,,,,,,,,,,,,,,,,,,,,,,,,,,,,,,,,,,,,,,,,,,,,,,,,,,,,,,,,,,,,,,,,,,,,,69.584,69.336,70.556,68.284,15311391.0,1069141526.18
2025-02-10,,,,,,,,,,,,,,,,,,,,,,,,,,,,,,,,,,,,,,,,,,,,,,,,,,,,,,,,,,,,,,,,,,,,,,,,,,,,,,,,,,,,,,,,,,,,,,,,,,,,,,,,,,,,,,,,,,,,,,,,,,,,,,,,,,,,,,,,,,,,,,,,,,,,,,,,,,,,,,,,,,,,,,,,,,,,,,,,,,,,,,,,,,,,,,,,,,,,,,,,,,,,,,,,,,,,,,,,,,,,,,,,,,,,,,,,,,,,,,,,,,,,,,,,,,,,,,,,,,,,,,,,,,,,,,,,,,,,,,,,,,,,,,,,,,,,,,,,,,,,,,,,,,,70.368,69.594,71.41,69.405,13203300.0,937435444.48
2025-02-11,,,,,,,,,,,,,,,,,,,,,,,,,,,,,,,,,,,,,,,,,,,,,,,,,,,,,,,,,,,,,,,,,,,,,,,,,,,,,,,,,,,,,,,,,,,,,,,,,,,,,,,,,,,,,,,,,,,,,,,,,,,,,,,,,,,,,,,,,,,,,,,,,,,,,,,,,,,,,,,,,,,,,,,,,,,,,,,,,,,,,,,,,,,,,,,,,,,,,,,,,,,,,,,,,,,,,,,,,,,,,,,,,,,,,,,,,,,,,,,,,,,,,,,,,,,,,,,,,,,,,,,,,,,,,,,,,,,,,,,,,,,,,,,,,,,,,,,,,,,,,,,,,,,69.475,70.477,71.261,69.217,10252343.0,723596723.08
2025-02-12,,,,,,,,,,,,,,,,,,,,,,,,,,,,,,,,,,,,,,,,,,,,,,,,,,,,,,,,,,,,,,,,,,,,,,,,,,,,,,,,,,,,,,,,,,,,,,,,,,,,,,,,,,,,,,,,,,,,,,,,,,,,,,,,,,,,,,,,,,,,,,,,,,,,,,,,,,,,,,,,,,,,,,,,,,,,,,,,,,,,,,,,,,,,,,,,,,,,,,,,,,,,,,,,,,,,,,,,,,,,,,,,,,,,,,,,,,,,,,,,,,,,,,,,,,,,,,,,,,,,,,,,,,,,,,,,,,,,,,,,,,,,,,,,,,,,,,,,,,,,,,,,,,,70.169,68.978,70.219,68.909,8925065.0,626533899.27
2025-02-13,,,,,,,,,,,,,,,,,,,,,,,,,,,,,,,,,,,,,,,,,,,,,,,,,,,,,,,,,,,,,,,,,,,,,,,,,,,,,,,,,,,,,,,,,,,,,,,,,,,,,,,,,,,,,,,,,,,,,,,,,,,,,,,,,,,,,,,,,,,,,,,,,,,,,,,,,,,,,,,,,,,,,,,,,,,,,,,,,,,,,,,,,,,,,,,,,,,,,,,,,,,,,,,,,,,,,,,,,,,,,,,,,,,,,,,,,,,,,,,,,,,,,,,,,,,,,,,,,,,,,,,,,,,,,,,,,,,,,,,,,,,,,,,,,,,,,,,,,,,,,,,,,,,71.757,70.398,72.819,69.584,19602146.0,1407593329.97
2025-02-14,,,,,,,,,,,,,,,,,,,,,,,,,,,,,,,,,,,,,,,,,,,,,,,,,,,,,,,,,,,,,,,,,,,,,,,,,,,,,,,,,,,,,,,,,,,,,,,,,,,,,,,,,,,,,,,,,,,,,,,,,,,,,,,,,,,,,,,,,,,,,,,,,,,,,,,,,,,,,,,,,,,,,,,,,,,,,,,,,,,,,,,,,,,,,,,,,,,,,,,,,,,,,,,,,,,,,,,,,,,,,,,,,,,,,,,,,,,,,,,,,,,,,,,,,,,,,,,,,,,,,,,,,,,,,,,,,,,,,,,,,,,,,,,,,,,,,,,,,,,,,,,,,,,71.638,71.35,73.425,70.537,16359576.0,1181995873.47
2025-02-17,,,,-5.8066,-5.8066,,,,-5.8066,,,,0.0,,,100.0,100.0,0.0,,,,,,5.978,1.0,68.01,-3.0,,,,,0.0,0.0,0.0,0.0,,,,,,,,,,,,,,,,0.0,,,,,0.0,,,,,0.0,0.0,0.0,0.0,0.0,,,,,0.0,,,,0.1293,0.0,,,,,,0.1319,68.01,68.01,68.01,68.01,68.01,68.01,68.01,2759.1933,2759.1933,,,,,,,,,,,,,,,,,,,,,,,,0.0477,,,,,0.0,48.1605,37.1238,44.4816,0.0,,,,25.9275,23.6444,,,,,1.0,68.01,68.01,68.01,68.01,68.01,0.0,1.0,,,182047971024.0,1210070319.0,,,,,,,,,,,,,,83314119.76,,17429.4523,,,,,,60223018.91,-0.153,,,19912615.09,,-17537251.0,-17537251.0,-17537251.0,83950470.22,,,,,,,,,,,,,,,,,,,,,,0.0,0.0,0.0,,,,,0.0,0.0,0.0,,,,0.0081,,,,,,,,,,,,,,,4.2328,4.1427,,3.5699,,-0.0595,-0.0595,,,,,,,,,,,,,,,,-5.2291,-2.7442,-3.8428,,,,,,,68.01,68.01,,,,,,,,,,,,,,,1210.9937,1210.9937,,,0.0,0.0,,33.4448,,,,,0.0,0.0,17537251.0,17537251.0,17537251.0,17537251.0,0.0,0.0643,0.0643,0.0643,0.0643,0.0643,0.0643,,,,0.0,,,0.0,,,,67.5,73.425,73.425,64.522,17537251.0,1210993744.72
2025-02-18,,,,-13.2225,-13.2225,,,100.0,-20.6384,-14.51,-14.51,-14.51,0.9975,,,100.0,96.0,-4.0,,,,4.37,4.37,5.978,1.0312,66.015,-3.8,0.0826,0.0826,,0.0826,-3.022,-3.022,-3.022,-3.022,60.3723,71.6577,,,,,,,,-66.6667,-66.6667,-66.6667,-66.6667,,,-4.7192,,,,,0.0,,,0.0,,0.114,0.0,0.0,0.0,-0.3358,-1.0,,,,-0.0636,,,,0.0978,-0.3182,1.0,0.0,,,,0.0683,67.2845,67.944,67.3962,67.63,67.7144,66.68,67.8792,1347.7207,1347.7207,,,,,,,0.0,,,,,,,,,,,,,,,,,0.0487,-7.769,-7.769,-7.769,,0.0,42.4001,7.838,30.8794,-0.1099,,,,25.8671,23.5839,,0.0001,0.0001,0.0001,1.0312,66.015,66.015,66.015,66.015,66.015,-0.5092,1.9162,,31.3501,171367609248.0,2381112025.93,,,,,,,,,,,,,,83314119.76,,17307.8076,,,,,,60223018.91,-0.153,,,19912615.09,100.0,-26514419.5,-26514419.5,-35491588.0,83950470.22,,,,,,,,,,,,,,,,,,,,,0.0,-0.0302,-0.0302,-0.0302,,,,100.0,-0.5266,-0.5266,-1.0533,,,,0.0047,,,,,,,,,,,,,,,4.2328,4.1427,,3.5699,,-0.12,-0.12,,,,,,,,,-1449.7174,-1449.7174,-1449.7174,,,,,-4.5244,-2.0395,-3.1381,,,,,,,66.2054,65.2022,,,,,,,,,,-176.6041,-176.6041,-176.6041,-0.0004,-0.0022,1195.0108,1195.0108,22.6033,22.6033,4.1484,4.1484,,25.3373,,0.0001,0.0001,0.0001,6654.3635,33271.8176,17613084.8182,17601418.0769,17568146.2593,17676279.6667,53234.9082,0.065,0.065,0.065,0.065,0.065,0.065,0.0163,,,0.0,,,0.0,294924.3389,294924.3389,,63.539,67.49,67.5,63.162,17954337.0,1179027809.7
2025-02-19,,,,-13.9451,-13.9451,,,100.0,-15.3903,-7.3398,-7.3398,-7.3398,0.6906,,,96.0,92.0,-4.0,,,,4.235,4.235,5.978,1.0012,65.9767,-4.22,4.6624,4.6624,,4.6624,-0.1163,-0.1163,-0.1163,-0.1163,61.9845,69.9689,,,,,,,,-47.7833,-47.7833,-47.7833,-47.7833,,,-4.5509,,,,,0.0,,,24.7473,,10.3731,0.0,0.0,0.0,-0.3114,-1.0,,,,-0.1337,,,,0.0664,-0.414,1.0,0.0,,,,0.0622,67.0328,67.9103,67.166,67.4652,67.58,66.42,67.8143,894.2042,894.2042,,,,,,,0.4715,,,,,,,,,,,,,,,,,0.0453,-0.6489,-0.6489,-0.6489,,0.0,38.0635,12.0436,29.3902,-0.1007,,,,25.896,23.6129,,0.0001,0.0001,0.0001,1.0012,65.9767,65.9767,65.9767,65.9767,65.9767,-0.5606,2.7723,,23.7308,176399960160.0,3208048373.93,,,,,,,,,,,,,,83314119.76,,17365.9703,,,,,,60223018.91,-0.153,,,19912615.09,102.9366,-25287746.0,-25287746.0,-22834399.0,83950470.22,,,,,,,,,,,,,,,,,,,,,0.0,-0.0012,-0.0012,-0.0012,,,,100.0,-0.5783,-0.5783,-0.6816,,,,0.0048,,,,,,,,,,,,,,,4.2328,4.1427,,3.5699,,-0.0911,-0.0911,,,,,,,,,-9.0973,-9.0973,-9.0973,0.1726,,,,-4.2193,-1.7344,-2.833,,,,,,,65.8637,65.343,,,,,,,,,,-1.5613,-1.5613,-1.5613,-0.0007,-0.0033,1072.9764,1072.9764,211.9731,211.9731,3.8316,3.8316,,36.0092,,0.6403,0.6403,0.6403,-67397.3488,-363604.1978,16712012.8513,16840767.4497,17204371.6475,16003249.4445,-592413.698,0.0588,0.0588,0.0588,0.0588,0.0588,0.0588,0.1835,,,0.0,,,0.3566,2945299.7241,2945299.7241,,65.405,62.527,66.596,62.527,12657189.0,828907773.42
2025-02-20,,,,-13.0838,-13.0838,,,100.0,-10.4997,-5.1427,-5.1427,-5.1427,0.6073,,,92.0,88.0,-4.0,,,,3.4167,3.4167,5.978,1.0027,65.6781,-2.7543,4.0621,4.0621,,4.0621,-0.5428,-0.5428,-0.5428,-0.5428,62.5632,69.1518,,,,,,,,-45.661,-45.661,-45.661,-45.661,,,-2.5123,,,,,0.0,,,29.2449,,9.2756,0.0,0.0,0.0,-0.3371,-0.6988,,,,-0.2102,,,,0.0647,-0.5163,0.8494,0.1506,,,,0.0272,66.7541,67.8704,66.9097,67.2781,67.426,66.1133,67.7384,666.8005,666.8005,,,,,,,0.3708,,,,,,,,,,,,,,,,,0.0385,-0.5828,-0.5828,-0.5828,,0.3333,34.4367,12.6756,27.183,-0.1602,-2.8653,-2.8653,-2.8653,25.8899,23.6068,,0.2267,0.2267,0.2267,1.0055,65.8575,65.8575,65.8575,65.8575,65.8575,-0.6122,3.5411,,19.6098,175329247200.0,3936165069.81,,,,,,,,,,,,,,83314119.76,,17353.7246,,,,,,60223018.91,-0.153,,,19912615.09,102.3118,-27464556.0,-27464556.0,-33994986.0,83950470.22,,,,,,,,,,,,,,,,,,,,,0.0,-0.0054,-0.0054,-0.0054,,,,100.0,-0.621,-0.621,-0.7493,,,,0.0031,,,,,,,,,,,,,,,4.2328,4.1427,,3.5699,,-0.0972,-0.0972,,,,,,,,,-8.6229,-8.6229,-8.6229,0.5554,,,,-4.0109,-1.526,-2.6246,,,,,,,65.4858,65.2244,,,,,,,,,,-1.4393,-1.4393,-1.4393,-0.001,-0.004,986.2907,986.2907,244.975,244.975,3.7969,3.7969,,39.334,,0.4597,0.4597,0.4597,-211875.9513,-789790.3614,15702662.6965,15966893.5344,16756683.8958,14389028.6297,-1155828.8202,0.0543,0.0543,0.0543,0.0543,0.0543,0.0543,0.2313,,,0.0,,,0.2713,3429108.7662,3429108.7662,,65.008,64.75,65.505,63.738,11160587.0,726233460.02
2025-02-21,,,,-12.1785,-12.1785,,,50.562,-8.5573,-5.9524,-5.9524,-5.9524,0.495,,,88.0,84.0,-4.0,,,,3.0725,3.0725,5.978,1.0003,65.8178,-2.1865,3.0738,3.0738,,3.0738,-0.0699,-0.0699,-0.0699,-0.0699,62.9926,68.6994,,,,,,,,-23.2407,-23.2407,-23.2407,-23.2407,,,-0.8318,,,,,0.0,,,42.5403,,8.7148,0.0,0.0,0.0,-0.3074,-0.5708,,,,-0.2815,,,,0.063,-0.5665,0.7854,0.2146,,,,0.031,66.5806,67.8362,66.739,67.1373,67.3055,66.0089,67.6749,536.4654,536.4654,,,,,,,0.4462,,,,,0.3391,0.3391,0.3391,0.0769,0.0769,0.0769,,,,,,,0.0329,-0.5752,-0.5752,-0.5752,,0.3333,31.8319,16.2031,26.6223,-0.1184,-2.3769,-2.3769,-2.3769,25.8945,23.6113,,0.2267,0.2267,0.2267,1.0007,65.846,65.846,65.846,65.846,65.846,-0.57,4.2547,,16.3548,176132281920.0,4749637470.5,,,,,,,,,,,,,,83314119.76,,17362.9153,,,,,,60223018.91,-0.153,,,19912615.09,102.3118,-26294066.8,-26294066.8,-21612110.0,83950470.22,,,,,,,,,,,,,,,,,,,,,5.3702,-0.0007,-0.0007,-0.0007,,,,100.458,-0.6354,-0.6354,-0.6926,,,,0.0029,,,,,,,,,,,,,,,4.2328,4.1427,,3.5699,,-0.0926,-0.0926,,,,,,,,,-7.1896,-7.1896,-7.1896,0.5745,,,,-3.8213,-1.3364,-2.435,,,,,,,65.403,65.4589,,,,,,,,,,-1.4489,-1.4489,-1.4489,-0.0013,-0.004,951.3081,951.3081,226.1161,226.1161,3.6939,3.6939,,41.1101,,0.3837,0.3837,0.3837,-372939.1419,-1017191.9043,15099065.1153,15415506.2214,16432698.1257,13720311.0865,-1288505.5248,0.0526,0.0526,0.0526,0.0526,0.0526,0.0526,0.2207,,,0.0,,,0.5367,3164517.6607,3164517.6607,,65.306,64.512,66.16,64.135,12382876.0,811377548.6
2025-02-24,,,-7.64,-12.6207,-12.6207,,,52.6886,-14.8319,-5.2489,-5.2489,-5.2489,0.5758,,,84.0,80.0,-4.0,,,,2.77,2.77,5.978,1.0123,65.5954,-2.0199,2.8876,2.8876,,2.8876,-1.3274,-1.3274,-0.6196,-1.3274,62.9804,68.3629,,,,,,,,-53.1811,-53.1811,-87.9791,-53.1811,,,-2.0652,,,,,0.0,,,41.1989,,7.9243,0.0,0.0,-0.0028,-0.3421,-0.5982,,,,-0.361,,,,0.0471,-0.6792,0.7991,0.2009,,,,0.0241,66.2569,67.786,66.4407,66.9147,67.1199,65.6059,67.5806,444.7726,444.7726,,,,,,,0.1957,,,,,0.3998,0.3998,0.3998,0.0769,0.0769,0.0769,,,,,,,0.0317,-0.6041,-0.6041,-0.6041,,0.25,28.9588,11.7205,23.2127,-0.1502,-1.3229,-1.3229,-1.3229,25.8792,23.596,,0.1923,0.1923,0.1923,1.0135,65.6717,65.6717,65.6717,65.204,65.6717,-0.6364,4.9188,,15.3791,173455499520.0,5413611539.94,,,,,,,,,,,,,,83314119.76,,17332.1278,,,,,,60223018.91,-0.153,,,19912615.09,100.7569,-27213101.0,-27213101.0,-31808272.0,83950470.22,,,,,,,,,,,,,,,,,,,,,4.7653,-0.0133,-0.0133,-0.0133,,,,100.458,-0.6707,-0.6707,-0.8476,,,,0.0034,,,,,,,-0.0907,,,0.9528,,,,,4.2328,4.1427,,3.5699,,-0.1079,-0.1079,,,,,,,,,-7.8471,-7.8471,-7.8471,0.939,,,,-3.6882,-1.2033,-2.3019,,,,,,,64.9295,64.9128,,,,,,,,,,-1.5063,-1.5063,-1.5063,-0.0016,-0.0043,903.0707,903.0707,234.2303,234.2303,3.8838,3.7686,,39.6144,,0.3072,0.3072,0.3072,-569991.7734,-1358202.2995,14207628.1852,14612530.1873,15970732.4868,12545594.7243,-1576421.0522,0.05,0.05,0.05,0.05,0.0472,0.05,0.2415,,,0.0,,,0.4405,3297134.0845,3297134.0845,,64.314,65.564,65.564,64.016,10196162.0,661884158.7
2025-02-25,,,-2.65,-14.1002,-15.4824,,,62.2854,-22.9769,-4.0123,-4.0123,-4.0123,0.4456,,,100.0,76.0,-24.0,,-160.5723,,2.4767,2.4767,5.978,1.0208,65.1486,-2.3442,1.9323,1.9323,,1.9323,-2.4265,-2.4265,-2.0625,-2.4265,62.5796,68.2347,,,,,,,,-111.1379,-111.1379,-166.6667,-111.1379,,,-4.9736,,,,,0.0,,,36.5709,,7.3073,0.0,0.0,-0.007,-0.5333,-0.6524,,,,-0.4564,,,,0.0311,-0.838,0.8262,0.1738,,,,0.0127,65.8138,67.7205,66.0375,66.62,66.8755,65.0106,67.4573,380.9389,-20.0401,,,,,,,0.0,,,,,0.4718,0.4718,0.4718,0.0769,0.0769,0.0769,,,,,,,0.0312,-0.5765,-0.5765,-0.5765,,0.2,25.294,3.3055,17.9645,-0.2202,-0.6615,-0.6615,-0.6615,25.8639,23.5808,,0.1629,0.1629,0.1629,1.0249,65.4071,65.4071,65.4071,65.164,65.4071,-0.7632,5.5277,,19.1117,170832252768.0,5977207907.98,,,,,,,,,,,,,,83314119.76,,17301.5277,,,,,,60223018.91,-0.153,,,19912615.09,99.2331,-29126207.1429,-31057699.8333,-40604844.0,83950470.22,,,,,,,,,,,,,,,,,,,,,4.4415,-0.0243,-0.0243,-0.0243,,,,100.458,-0.715,-0.8342,-0.9806,,,,0.0015,,,,,,,-0.073,,,0.9969,,,,-6.1609,4.2328,4.1427,,3.5699,,-0.1231,-0.1231,,,,,,,,,-8.4356,-8.4356,-8.4356,0.902,,,,-3.5863,-1.1014,-2.2,,,,,,,64.2044,64.0276,,,,,,,,,,-2.2097,-2.2097,-2.2097,-0.002,-0.0049,854.7,795.3177,249.1946,211.889,4.2838,3.0514,,38.0613,,0.2562,0.2562,0.2562,-800302.5792,-1721545.8022,13223799.7879,13717767.3893,15439313.1915,11295920.4829,-1842486.446,0.0475,0.0475,0.0475,0.0475,0.0405,0.0475,0.2722,,,0.0,,-49.8406,0.3814,3524439.4468,3524439.4468,,63.341,63.52,64.115,63.311,8796572.0,564475728.1
2025-02-26,,,0.71,-15.5679,-16.3497,,,68.1158,-25.8421,-4.1921,-4.1921,-4.1921,0.6719,,,100.0,72.0,-28.0,,-27.3269,,2.2586,2.2222,5.978,1.0211,64.8104,-2.6036,1.8311,1.8311,,1.8311,-2.6011,-2.6011,-1.8677,-2.6011,62.2105,68.1195,,,,,,,,-126.0023,-126.0023,-105.8845,-126.0023,,,-6.623,,,,,0.0,,,34.1693,,6.8707,0.0,0.0,-0.008,-0.6815,-0.672,,,,-0.5613,,,,0.0292,-0.9807,0.836,0.164,,,,0.015,65.3877,67.6502,65.6425,66.32,66.6232,64.4971,67.3266,333.254,-6.1803,,,,,,,0.0,,,,,0.491,0.491,0.491,0.0769,0.0769,0.0769,,,,,,,0.0294,-0.6116,-0.6116,-0.6116,,0.2,21.3304,-2.4512,13.4032,-0.3129,-0.2253,-0.2253,-0.2253,25.8584,23.5753,,0.1566,0.1566,0.1566,1.0267,65.165,65.165,65.165,64.678,65.165,-0.8388,6.1004,,22.0114,169895378928.0,6535413815.61,,,,,,,,,,,,,,83314119.76,,17290.4939,,,,,,60223018.91,-0.153,,,19912615.09,98.6889,-31658599.75,-33373326.5,-49385348.0,83950470.22,,,,,,,,,,,,,,,,,,,,,4.1746,-0.026,-0.026,-0.026,,,,100.458,-0.7542,-0.8301,-1.0288,,,,0.0017,,,,,,,-0.0895,,,0.9631,,,,-0.8591,4.2328,4.1427,,3.5699,,-0.1286,-0.1286,,,,,,,,,-8.2676,-8.2676,-8.2676,0.8783,,,,-3.4939,-1.009,-2.1076,,,,,,,63.6019,63.453,,,,,,,,,,-2.1356,-2.1356,-2.1356,-0.0024,-0.0055,817.522,691.6924,253.5438,117.8865,4.6505,3.1454,,39.3357,,0.2237,0.2237,0.2237,-1037817.9953,-1987879.6599,12415927.8265,12958188.4063,14946068.0662,10457448.3219,-1900123.3292,0.0456,0.0456,0.0456,0.0456,0.0376,0.0456,0.2881,,,0.0,,-51.0954,0.3364,3581263.3066,3581263.3066,,62.994,63.41,63.619,62.676,8780504.0,557275641.33
2025-02-27,,,-3.81,-17.0766,-18.6423,,,75.0474,-29.146,-4.1208,-4.1208,-4.1208,0.8664,,,100.0,68.0,-32.0,,-36.2746,,2.28,2.2568,5.978,1.0251,64.385,-3.3331,1.8375,1.8375,,1.8375,-3.2253,-3.2253,-2.0736,-3.2253,61.7248,68.0818,,,,,,,,-130.6403,-130.6403,-93.0362,-130.6403,,,-7.7468,,,,,0.0,,,36.3953,,6.4615,0.0,0.0,-0.0078,-0.8362,-0.7018,,,,-0.6758,,,,0.0311,-1.1341,0.8509,0.1491,,,,0.0387,64.919,67.5702,65.2067,65.9857,66.3408,63.9347,67.1785,293.6881,-3.6715,,,,,,,0.0,,,,,0.5507,0.5507,0.5507,0.0769,0.0769,0.0769,,,,,,,0.0283,-0.6361,-0.6361,-0.6361,,0.2,17.95,-2.3324,11.1892,-0.4245,0.223,0.223,0.223,25.848,23.5648,,0.1396,0.1396,0.1396,1.0333,64.9033,64.9033,64.9033,64.14,64.9033,-0.9166,6.6987,,25.3838,168128702544.0,7160643283.89,,,,,,,,,,,,,,83314119.76,,17269.5338,,,,,,60223018.91,-0.153,,,19912615.09,98.6889,-34729537.4444,-39450433.1667,-59297039.0,83950470.22,,,,,,,,,,,,,,,,,,,,,3.6184,-0.0323,-0.0323,-0.0323,,,,99.4134,-0.7962,-0.9051,-1.1319,,,,0.0025,,,,,,,-0.0569,,,0.9589,,,,-4.6889,4.2328,4.1427,,3.5699,,-0.1391,-0.1391,,,,,,,,,-8.5025,-8.5025,-8.5025,0.7138,,,,-3.3989,-0.914,-2.0127,,,,,,,62.9476,62.8112,,,,,,,,,,-2.0511,-2.0511,-2.0511,-0.0028,-0.0061,796.2273,657.8527,245.6218,98.102,5.0715,3.3614,,44.1632,,0.1965,0.1965,0.1965,-1246985.346,-2083654.7489,11960612.0399,12489496.4976,14573151.2465,10275529.2146,-1673338.8058,0.0445,0.0445,0.0445,0.0445,0.0367,0.0445,0.2843,,,0.0,,-21.6912,0.2969,3453795.4138,3453795.4138,,62.339,62.994,63.946,61.535,9911691.0,625869849.87
2025-02-28,,,-4.92,-19.2602,-23.3779,,,78.3254,-38.9132,-3.6228,-3.6228,-3.6228,1.2612,,,100.0,64.0,-36.0,,-94.7046,,2.2056,2.149,5.978,1.0425,63.8023,-3.5426,1.2683,1.2683,,1.2683,-5.1648,-5.1648,-3.1952,-5.1648,60.7296,68.3364,,,,,,,,-152.2458,-152.2458,-134.6555,-152.2458,,,-10.6101,,,,,0.0,,,32.1752,,6.1639,0.0,0.0,-0.0089,-1.0983,-0.7376,,,,-0.8146,,,,0.0292,-1.3697,0.8688,0.1312,1.9017,,,0.0247,64.2428,67.4649,64.5903,65.5299,65.96,63.0231,66.9825,260.7602,-7.0776,,,,,,,0.0,,,,,0.6421,0.6421,0.6421,0.0769,0.0769,0.0769,0.0,,,,,,0.0294,-0.6269,-0.6269,-0.6269,,0.1667,14.4532,-6.5279,7.4595,-0.5442,0.3505,0.3505,0.3505,25.822,23.5389,,0.1197,0.1197,0.1197,1.0545,64.533,64.533,64.533,63.22,64.533,-1.1102,7.2906,,27.3552,163819082880.0,7763314919.58,,46.1,,,,,,,,,,,,83314119.76,,17217.5387,,,,,,60223018.91,-0.153,,,19912615.09,96.1592,-38163012.2,-45295316.3333,-69064285.0,83950470.22,,,,,,,,,,,,,,,,,,,,,3.3249,-0.0516,-0.0516,-0.0516,,,,99.4134,-0.8548,-1.0106,-1.3823,,,,0.0025,,,,,,,-0.0369,,,0.9301,,,,-6.5649,4.2328,4.1427,,3.5699,,-0.165,-0.165,,0.0,,,,,,,-9.5708,-9.5708,-9.5708,0.0749,0.7533,,,-3.3134,-0.8285,-1.9271,,,,,,,61.8339,61.4761,,,,,,,,,,-3.1791,-3.1791,-3.1791,-0.0033,-0.0073,776.9927,637.4606,239.4294,93.6611,5.7597,3.9192,,34.8517,0.0,0.1775,0.1775,0.1775,-1426882.1841,-2146469.5366,11561818.2145,12070688.7287,14217158.2653,10106101.4764,-1439174.705,0.0437,0.0437,0.0437,0.0437,0.0348,0.0437,0.2807,,,0.0,,-12.4845,0.2661,3342526.3675,3342526.3675,,60.741,61.783,62.239,60.741,9767246.0,603880834.68
2025-03-03,,,-8.16,-21.684,-29.6053,,,83.3542,-45.9216,-3.7609,-3.7609,-3.7609,1.6468,,,100.0,60.0,-40.0,,-140.9918,,2.246,2.2258,5.978,1.0524,63.0501,-4.6923,1.2633,1.2633,,1.2633,-5.9837,-6.5552,-3.7467,-6.5552,59.553,68.6725,,,,,,,,-167.9347,-159.3693,-118.9372,-159.3693,,,-13.0468,-67.2651,,,,0.0,,,29.5491,,5.8659,-0.002,0.0,-0.0075,-1.3926,-0.7674,,,,-0.98,,,,0.0311,-1.6415,0.8837,0.1163,1.9121,,,0.0436,63.455,67.34,63.8703,64.9947,65.5118,61.9854,66.7506,234.8767,-13.1651,,,,,,,0.0,,,,,0.7318,0.7318,0.7318,0.0769,0.0769,0.0769,0.0,,,,,,0.0293,-0.6825,-0.6825,-0.6825,,0.1429,12.0827,-2.1406,7.3416,-0.6799,0.6273,0.6273,0.6273,25.8007,23.5176,,0.1051,0.1051,0.1051,1.0636,63.723,64.1127,64.1127,62.242,64.1127,-1.323,7.9285,,32.3687,160366033584.0,8495154427.5,,-8.1,,,,,,,,,,,,83314119.76,,17174.9593,,,,,,60223018.91,-0.153,,,19912615.09,96.1592,-42073480.0909,-55222991.1667,-81178159.0,83950470.22,,,,,,,,,,,,,,,,,,,,,2.9386,-0.0656,-0.0656,-0.0656,,,,97.3179,-0.926,-1.1681,-1.6376,,,,0.0019,,,,0.8809,,,-0.0427,,,0.9245,,,,-8.9514,4.2328,4.1427,,3.5699,,-0.1863,-0.1863,,0.0,,,,,,,-10.3511,-10.3511,-10.3511,-0.2965,-0.1191,,,-3.2166,-0.7317,-1.8303,,,,,,,60.5662,60.0794,,,,,,,,,,-3.2807,-3.2807,-3.2807,-0.004,-0.0088,773.0737,624.5451,227.5143,66.1991,6.4371,4.7233,,29.5876,0.0,0.1603,0.1603,0.1603,-1538311.1101,-1984026.8142,11662191.9937,12077332.6166,14061359.4308,10775358.9843,-891431.4082,0.0417,0.0437,0.0437,0.0437,0.0362,0.0437,0.2659,,,0.0,,-2.1724,0.2357,2708727.202,3171569.0158,,59.46,61.386,61.505,58.914,12113874.0,733884616.1
2025-03-04,,,-3.73,-22.8332,-33.0458,,,50.6737,-35.4749,-2.3472,-2.3472,-2.3472,1.5608,,,96.0,56.0,-40.0,,-96.865,,2.3936,2.4998,5.978,0.9993,62.9429,-4.0805,1.2841,1.2841,,1.2841,-0.9903,-1.6076,1.4724,-1.6076,59.6236,68.4148,,,,,,,,-67.6155,-79.6527,-1.5116,-79.6527,,,-9.5336,-61.8119,,,,0.0,,,45.7441,,7.414,-0.004,0.0,-0.0034,-1.0742,-0.5976,,,,-1.102,,,,0.0348,-1.5902,0.7988,0.2012,1.6572,,,0.0614,63.3705,67.2681,63.7348,64.8038,65.325,62.3203,66.6273,215.7464,-7.9518,,,,,,,0.3802,,,,,1.3046,1.3046,1.3046,0.1371,0.1371,0.1371,0.0,,,,,,0.0316,-0.3355,-0.3355,-0.3355,,0.1429,15.2117,33.9857,21.4697,-0.6476,0.6593,0.6593,0.6593,25.8509,23.5677,,0.1051,0.1051,0.1051,1.01,63.62,64.0192,64.0192,62.076,64.0192,-0.9764,8.6646,,27.6111,168610523376.0,9512694386.66,,-1.03,,,,,,,,,,,,83314119.76,,17275.2703,,,,,,60223018.91,-0.153,,,19912615.09,96.1592,-43968208.75,-60723316.5,-64810224.0,83950470.22,,,,,,,,,,,,,,,,,,,,,9.0391,-0.0161,-0.0161,-0.0161,,0.25,,102.3211,-0.9151,-1.1596,-0.7961,,,,0.0043,,,,0.9839,,,-0.0277,,,0.987,,,,-2.7932,4.2328,4.1427,,3.5699,26.687,-0.1362,-0.1362,,13.7953,,,,,,,-5.5483,-5.5483,-5.5483,-0.1566,-0.0161,,,-3.0991,-0.6142,-1.7128,,,,,,,61.1849,61.7609,,,,,,,,,,-2.1246,-2.1246,-2.1246,-0.0043,-0.008,793.4772,683.8836,228.1504,175.5738,6.3202,4.5202,,37.9827,0.2652,0.2418,0.2418,0.2418,-1529607.206,-1494791.5894,12517781.6312,12737425.291,14232216.8804,12639550.9895,69631.2332,0.0411,0.0451,0.0451,0.0451,0.0417,0.0451,0.2671,,,0.0,,60.5304,0.3898,2295301.8645,3283866.5814,,62.517,59.47,63.212,59.371,16367935.0,1017914788.04
2025-03-05,,,-3.35,-23.7126,-34.9272,,,50.6734,-34.2652,-2.4655,-2.4655,-2.4655,1.4252,,,92.0,52.0,-40.0,,-56.5917,,2.2975,2.2898,5.978,1.0071,62.8341,-1.9347,1.2512,1.2512,,1.2512,-1.3893,-2.3536,0.8568,-2.3536,59.5894,68.1983,,,,,,,,-47.7733,-67.3729,37.4921,-67.3729,,,-6.8448,-62.907,,,,0.0,,,48.3646,,7.0929,-0.0044,0.0,-0.0025,-0.8597,-0.442,,,,-1.1976,,,,0.0311,-1.5797,0.721,0.279,1.6825,,,0.018,63.1922,67.1875,63.5279,64.5739,65.1076,62.3435,66.4884,198.3775,-5.0632,,,,,,,0.3063,,,,,1.39,1.39,1.39,0.1371,0.1371,0.1371,0.0,,,,,,0.0309,-0.3618,-0.3618,-0.3618,,0.1429,19.524,45.3981,28.1487,-0.555,0.9512,0.9512,0.9512,25.8413,23.5581,,0.0986,0.0986,0.0986,1.0141,63.269,63.8938,63.8938,61.86,63.8938,-0.7642,9.3584,,26.3692,167004453936.0,10040543264.7,,-3.51,,,,,,,,,,,,83314119.76,,17256.0895,,,,,,60223018.91,-0.153,,,19912615.09,95.2433,-46222803.0769,-66168831.6667,-73277935.0,83950470.22,,,,,,,,,,,,,,,,,,,,,8.6326,-0.0235,-0.0235,-0.0235,,0.25,,102.3211,-0.9882,-1.1422,-0.8768,,0.9174,,0.0031,,,,0.9467,,,-0.0252,,,0.983,,,,-2.2407,4.2328,4.1427,,3.5699,32.5898,-0.1458,-0.1458,,12.0169,,,,,,,-5.7402,-5.7402,-5.7402,0.0135,-0.0533,,,-3.0433,-0.5584,-1.6571,,,,,,,61.3976,62.173,,,,,,,,,,-2.16,-2.16,-2.16,-0.0045,-0.0067,772.9828,677.6459,230.5974,181.2379,6.455,4.2551,,40.0676,0.2298,0.2217,0.2217,0.2217,-1568619.8199,-1724670.2755,11781405.1528,12080546.1693,13805216.4448,11248937.6597,-312100.9112,0.0396,0.044,0.044,0.044,0.0415,0.044,0.2766,,,-3.9912,-51.7159,-3.7385,0.3611,2383166.3709,3319058.0429,,61.922,61.535,62.398,61.287,8467711.0,527049833.76
2025-03-06,,,-1.76,-24.1314,-35.5493,,,44.246,-29.5751,-2.427,-2.427,-2.427,1.378,,,88.0,48.0,-40.0,,-35.8688,,2.2185,2.1198,5.978,1.0007,63.0332,-1.5555,1.279,1.279,,1.279,-0.0444,-1.3149,1.7675,-1.3149,59.6656,67.9929,,,,,,,,-17.5121,-47.6728,90.8845,-47.6728,,,-3.6303,-61.1689,,,,0.0,,,52.4656,,6.934,-0.0045,0.0,-0.0023,-0.5678,-0.4114,,,,-1.2592,,,,0.0292,-1.5056,0.7057,0.2943,1.4582,,,0.0202,63.1554,67.1181,63.4452,64.423,64.9508,62.559,66.3737,184.5043,-3.2154,,,,,,,0.3803,,,,,1.1523,1.1523,1.1523,0.1136,0.1136,0.1136,0.0,,,,,,0.0301,-0.3601,-0.3601,-0.3601,,0.1429,25.2912,59.8941,36.8255,-0.4212,0.8491,0.8491,0.8491,25.8509,23.5677,,0.0986,0.0986,0.0986,1.0004,63.018,63.8293,63.8293,61.896,63.8293,-0.4928,10.0321,,25.208,168610523376.0,10615780389.3,,-2.51,,,,,,,,,,,,83314119.76,,17275.2703,,,,,,60223018.91,-0.153,,,19912615.09,95.2433,-47500761.2143,-68623643.1667,-64114217.0,83950470.22,,,,,,,,,,,,,,,,,,,,,9.7434,-0.0131,-0.0131,-0.0131,,0.3333,,103.3051,-0.9662,-1.1022,-0.7887,,0.9839,,0.0018,,,,0.9617,,,-0.0277,,,1.0029,,,,-0.7563,4.2328,4.1427,,3.5699,45.9608,-0.1362,-0.1362,,22.4485,,,,,,,-5.0808,-5.0808,-5.0808,0.1148,-0.0383,,,-2.9863,-0.5014,-1.6,,,,,,,61.8659,62.799,,,,,,,,,,-1.8291,-1.8291,-1.8291,-0.0045,-0.005,758.8767,680.6831,227.751,178.9557,6.4907,3.7384,,43.9559,0.4221,0.212,0.212,0.212,-1620815.5302,-1829598.3712,11305462.0341,11631803.374,13461401.7452,10553864.4398,-417565.682,0.0388,0.0433,0.0433,0.0433,0.041,0.0433,0.2779,,,-9.1575,-48.961,4.3644,0.441,2432239.0764,3278153.2514,,62.517,61.912,62.825,61.564,9163718.0,575498455.92
2025-03-07,,,1.32,-24.5861,-35.8503,,,1.2539,-30.9519,-2.0148,-2.0148,-2.0148,1.2316,,,84.0,44.0,-40.0,,0.5155,,2.29,2.3032,5.978,0.9905,63.0782,-1.379,1.2077,1.2077,,1.2077,1.3916,-0.2183,2.0644,-0.2183,59.8064,67.8323,,,,,,,,57.2391,-7.8551,123.34,-7.8551,,,-2.4233,-53.2716,,,,0.0,,,64.0992,,6.792,-0.0043,0.0,0.0006,-0.2753,-0.0134,,,,-1.2824,,,,0.0311,-1.3753,0.5067,0.4933,1.2638,,,0.0506,63.2508,67.0613,63.4813,64.3523,64.8566,62.9327,66.2853,-8.5939,2.6908,,,,,,,0.4658,,,,,0.9467,0.9467,0.9467,0.0933,0.0933,0.0933,0.0,,,,,,0.0286,-0.3039,-0.3039,-0.3039,,0.25,32.939,78.8255,48.2345,-0.2297,0.7886,0.7886,0.7886,25.8618,23.5786,,0.0986,0.0986,0.0986,0.9863,62.806,63.8193,63.8193,62.392,63.8193,-0.1858,10.7993,,21.1648,170457503232.0,11558277029.7,,-2.12,,,,,,,,,,,,83314119.76,,17297.1209,,,,,,60223018.91,-0.153,,,19912615.09,95.2433,-47623171.1333,-66963621.6667,-49336910.0,83950470.22,,,,,,,,,,,,,,,,,,,,,20.6406,-0.0022,-0.0022,-0.0022,,0.3333,,104.4367,-0.9616,-1.018,-0.6268,,0.9663,,0.004,,,,0.9678,,,-0.0444,,,1.0405,,,,1.3851,4.2328,4.1427,,3.5699,40.3979,-0.1253,-0.1253,,30.373,,,,,,,-4.4345,-4.4345,-4.4345,0.1349,-0.0322,,,-2.9007,-0.4158,-1.5144,,,,,,,62.5331,63.5521,,,,,,,,,,-1.6573,-1.6573,-1.6573,-0.0043,-0.0031,771.567,734.5767,224.9025,205.8214,6.4321,2.7934,,45.0609,0.5513,0.2037,0.2037,0.2037,-1585282.2641,-1443149.1997,11936706.5734,12115727.0088,13558876.2085,11961678.6265,284266.1288,0.0397,0.044,0.044,0.044,0.0446,0.044,0.2709,,,-9.2063,16.7503,49.0897,0.5698,2727733.3481,3250849.1477,,63.202,62.13,64.949,61.753,14777307.0,949231451.49
2025-03-10,,,0.98,-25.3974,-35.626,,50.627,1.2539,-37.5674,-1.9278,-1.9278,-1.9278,0.8,,,80.0,40.0,-40.0,,43.2736,,2.2793,2.276,5.978,0.9992,63.1763,-0.5063,1.189,1.189,,1.189,0.9274,-0.8662,0.2759,-0.8662,59.8944,67.6706,,,,,,,,78.0332,-6.2811,85.1882,-6.2811,,,-3.8142,-47.9894,,,,0.0,,,68.4724,,6.5481,-0.0042,0.0,-0.0015,-0.2141,0.0924,,,,-1.2846,,,,0.0322,-1.2935,0.4538,0.5462,1.2578,,,0.0338,63.247,66.998,63.4426,64.2454,64.7361,63.0318,66.1852,-1.6814,7.1789,,,,,,,0.41,,,,,0.9916,0.9916,0.9916,0.0933,0.0933,0.0933,0.0,,,,,,0.028,-0.3025,-0.3025,-0.3025,,0.2222,39.7505,80.6192,53.3734,-0.0471,1.0341,1.0341,1.0341,25.8547,23.5715,,0.0941,0.0941,0.0941,0.9908,62.649,63.7825,63.7825,63.056,63.7825,-0.0178,11.5841,,18.4289,169252951152.0,12071608277.2,,-1.57,,,,,,,,,,,,83314119.76,,17282.8954,,,,,,60223018.91,-0.153,,,19912615.09,94.5703,-48233020.0,-65016366.3333,-57380753.0,83950470.22,,,,,,,,,,,,,,,,,,,,,17.9725,-0.0087,-0.0087,-0.0087,,0.3333,,104.4367,-0.9561,-0.9016,-0.6836,,0.9653,,0.0027,,,,0.9758,,,-0.0308,,,1.0554,,,,3.317,4.2328,4.1427,,3.5699,40.2239,-0.1324,-0.1324,,27.5294,,,,,,,-4.5603,-4.5603,-4.5603,0.1999,-0.0242,,,-2.857,-0.3721,-1.4707,,,,,,,62.8025,63.529,,,,,,,,,,-1.6725,-1.6725,-1.6725,-0.004,-0.0017,755.5121,719.7113,226.5683,219.889,6.2634,0.6291,,43.8453,0.4778,0.1902,0.1902,0.1902,-1600440.1943,-1661071.915,11228913.1964,11489283.3151,13150355.2301,10655733.4177,-121263.4414,0.0389,0.0431,0.0431,0.0431,0.0416,0.0431,0.2802,,,-9.5439,-27.9263,-17.6447,0.5325,2865131.8545,3292846.3432,,62.755,63.123,64.691,62.567,8043843.0,514688371.19
2025-03-11,,,5.07,-25.8151,-33.3887,,51.6654,3.3307,-32.498,-1.6779,-1.6779,-1.6779,0.7752,,,76.0,36.0,-40.0,,100.5317,,2.2994,2.3233,5.978,0.9898,63.4062,-1.5897,1.236,1.236,,1.236,2.2131,0.4094,1.2486,0.4094,60.0318,67.5658,,,,,,,,65.6811,-17.4724,36.5951,-17.4724,,,-2.4234,-38.5537,,,,0.0,,,66.5118,,6.4491,-0.0035,0.0,-0.0064,-0.0515,-0.0446,,,,-1.2574,,,,0.0334,-1.1484,0.5223,0.4777,1.0901,,,0.04,63.3948,66.9494,63.5376,64.2277,64.686,63.3745,66.1155,-1.5791,7.8659,,,,,,,0.5122,,,,,0.8223,0.8223,0.8223,0.0774,0.0774,0.0774,0.0,,,,,,0.0278,-0.2667,-0.2667,-0.2667,,0.2222,46.9503,90.1488,61.3498,0.0226,0.9705,0.9705,0.9705,25.8677,23.5845,,0.0941,0.0941,0.0941,0.9783,62.673,63.7988,63.7988,63.27,63.7988,0.218,12.4111,,21.6887,171474680544.0,12621511918.2,,0.24,,,,,,,,,,,,83314119.76,,17309.0615,,,,,,60223018.91,-0.153,,,19912615.09,94.5703,-48262196.9412,-59608177.8333,-48729028.0,83950470.22,,,,,,,,,,,,,,,,,,,,,15.44,0.0041,0.0041,0.0041,,0.3333,,105.8076,-0.9459,-0.7237,-0.57,,0.9736,,0.0031,,,,1.0038,,,-0.049,,,1.017,,,,6.9271,4.2328,4.1427,,3.5699,42.8336,-0.1194,-0.1194,,34.7402,,,,,,,-3.9088,-3.9088,-3.9088,0.1751,0.0037,,,-2.812,-0.3271,-1.4257,,,,,,,63.3728,64.0549,,,,,,,,,,-1.3593,-1.3593,-1.3593,-0.0037,-0.0003,743.4585,689.1639,224.9329,230.0238,5.9527,0.5304,,49.4596,0.5803,0.1847,0.1847,0.1847,-1633229.6513,-1764387.4792,10760333.5243,11052735.882,12817123.3612,9987730.6118,-262315.6558,0.0389,0.0424,0.0424,0.0424,0.036,0.0424,0.2831,,,-11.0609,-30.1315,-28.58,0.603,2875715.6704,3275915.3793,,63.579,61.783,64.105,61.564,8651725.0,550600314.0
2025-03-12,,,0.52,-26.5544,-33.9969,,52.5513,5.1025,-39.1235,-1.7044,-1.7044,-1.7044,0.7124,,,72.0,32.0,-40.0,,70.4668,,2.2494,2.2027,5.978,1.0018,63.3365,-0.5626,1.2418,1.2418,,1.2418,0.913,-0.8573,-0.3405,-0.8573,60.102,67.4314,,,,,,,,68.8553,-15.1352,22.5553,-15.1352,,,-3.7423,-33.3408,,,,0.0,,,69.3507,,6.2568,-0.0029,0.0,-0.0054,0.2521,-0.025,,,,-1.2236,,,,0.0322,-1.0887,0.5125,0.4875,1.1089,,,0.0253,63.3631,66.8878,63.4888,64.1318,64.5775,63.323,66.0206,-1.0346,5.0005,,,,,,,0.4086,,,,,0.8907,0.8907,0.8907,0.0774,0.0774,0.0774,0.0,,,,,,0.0276,-0.2811,-0.2811,-0.2811,,0.2,51.9876,82.2111,62.0621,0.1259,1.1598,1.1598,1.1598,25.8545,23.5713,,0.0869,0.0869,0.0869,0.991,62.648,63.7667,63.7667,63.436,63.7667,0.2698,13.2176,,19.2147,169226183328.0,13202792127.5,,-0.25,,,,,,,,,,,,83314119.76,,17282.5782,,,,,,60223018.91,-0.153,,,19912615.09,94.5703,-48795835.7778,-58451089.8333,-57867696.0,83950470.22,,,,,,,,,,,,,,,,,,,,,13.7381,-0.0086,-0.0086,-0.0086,,0.3333,,104.4202,-0.9327,-0.7059,-0.6898,,0.9756,,0.0022,,,,0.9961,,,-0.0419,,,1.0133,,,,0.3651,4.2328,4.1427,,3.5699,43.4057,-0.1326,-0.1326,,31.2011,,,,,,,-4.237,-4.237,-4.237,0.2349,-0.0039,,,-2.7666,-0.2817,-1.3803,,,,,,,63.3794,63.6473,,,,,,,,,,-1.4251,-1.4251,-1.4251,-0.0033,0.0003,734.4003,616.2467,221.5752,165.1684,5.5812,0.6662,,49.0753,0.5029,0.1745,0.1745,0.1745,-1663859.9783,-1786381.2861,10465485.2472,10758263.9002,12544645.1863,9704709.7412,-245042.6156,0.039,0.0419,0.0419,0.0419,0.0365,0.0419,0.2824,,,-10.6995,-10.3715,-44.1673,0.5612,2852610.8853,3229458.7476,,62.745,63.42,64.115,62.527,9138668.0,580411908.63
2025-03-13,,,-0.11,-27.4021,-35.3959,,29.7084,8.8549,-42.6594,-1.7701,-1.7701,-1.7701,0.7172,,,68.0,28.0,-40.0,,25.9376,,2.2016,2.0989,5.978,1.0166,63.1804,-1.5608,1.2578,1.2578,,1.2578,-0.6903,-2.4051,-1.7671,-2.4051,60.0437,67.3195,,,,,,,,-17.0469,-68.9835,-166.6667,-68.9835,,,-5.0667,-33.5574,,,,0.0,,,64.4023,,6.0974,-0.0032,0.0,-0.0065,0.0407,-0.0604,,,,-1.2019,,,,0.0311,-1.1148,0.5302,0.4698,1.1263,,,0.0254,63.1425,66.8095,63.2828,63.943,64.3976,62.932,65.8937,-3.8093,-1.242,,,,,,,0.2767,,,,,0.9688,0.9688,0.9688,0.0774,0.0774,0.0774,0.0,,,,,,0.028,-0.3022,-0.3022,-0.3022,,0.1818,53.5487,62.915,56.6708,0.1534,1.3041,1.3041,1.3041,25.8374,23.5543,,0.0799,0.0799,0.0799,1.007,62.582,63.6816,63.6816,63.268,63.6816,0.1742,14.0128,,24.2817,166362026160.0,13599212817.4,,-0.66,,,,,,,,,,,,83314119.76,,17248.3695,,,,,,60223018.91,-0.153,,,19912615.09,92.9697,-49607433.0,-56940797.8333,-64216183.0,83950470.22,,,,,,,,,,,,,,,,,,,,,12.1649,-0.0241,-0.0241,-0.0241,,0.3333,,104.4202,-0.9175,-0.6927,-0.7972,,0.9738,,0.002,,,,0.9895,,,-0.0601,,,0.9867,,,,-0.3847,4.2328,4.1427,,3.5699,43.082,-0.1496,-0.1496,,27.8983,,,,,,,-4.6621,-4.6621,-4.6621,0.3387,-0.0105,,,-2.7362,-0.2513,-1.3499,,,,,,,62.8985,62.6734,,,,,,,,,,-1.5104,-1.5104,-1.5104,-0.0031,-0.0002,716.5952,594.4222,228.8918,186.5756,5.1179,1.4905,,41.7338,0.4358,0.1661,0.1661,0.1661,-1732254.7468,-2005833.821,9716940.1113,10079836.6848,12085670.5058,8585968.8275,-547158.1484,0.0377,0.0409,0.0409,0.0409,0.0344,0.0409,0.2998,,,-10.2849,-27.83,-25.0271,0.5354,3159749.5843,3348563.1537,,61.684,62.686,62.904,61.336,6348487.0,396102966.33
2025-03-14,,-11.12,-0.11,-28.0187,-37.089,,32.5779,12.4672,-39.7339,-1.9364,-1.9364,-1.9364,0.5596,,,64.0,24.0,-40.0,,11.3692,,2.1393,1.9707,5.978,1.0074,63.0013,-1.6635,1.0275,1.0275,,1.0275,-0.2806,-1.7045,-0.7931,-1.7045,60.047,67.202,,,,,,,,-32.3972,-70.6602,-88.811,-70.6602,,,-4.217,-31.5831,,,,0.0,,,64.0611,,5.9668,-0.0036,0.0,-0.0117,0.0084,-0.0024,,,,-1.1798,,,,0.0292,-1.0915,0.5012,0.4988,0.9761,,,0.0213,63.033,66.7389,63.1685,63.8094,64.26,62.8013,65.7837,-3.9129,-3.2217,,,,,,,0.3251,,,,,0.8894,0.8894,0.8894,0.0711,0.0711,0.0711,0.0,,,,,,0.0276,-0.3319,-0.3319,-0.3319,,0.1818,53.6703,54.3996,53.9134,0.1292,1.3775,1.3775,1.3775,25.8437,23.5605,,0.0799,0.0799,0.0799,1.0028,62.716,63.6245,63.6245,63.04,63.6245,0.1766,14.7887,,23.0281,167405971296.0,14010347649.6,-1.817,1.34,,,,,,,,,,,,83314119.76,,17260.9006,,,,,,60223018.91,-0.153,,,19912615.09,92.9697,-50008136.1,-55858677.5,-57621495.0,83950470.22,,,,,,,,,,,,,,,,,,,,,10.8499,-0.017,-0.017,-0.017,,0.4167,,105.0755,-0.8947,-0.6872,-0.7558,,0.9853,,0.0021,,,,1.0219,,,-0.0518,,,0.9821,,,,-0.7144,4.2328,4.1427,,3.5699,46.1602,-0.1433,-0.1433,,35.1859,,,,,,,-4.3217,-4.3217,-4.3217,0.4266,0.0214,,,-2.7056,-0.2206,-1.3193,,,,,,,62.7551,62.5147,,,,,,,,,,-1.6808,-1.6808,-1.6808,-0.0029,-0.0006,701.3013,566.9586,233.0495,201.453,4.0902,1.8297,,43.8106,0.5299,0.1597,0.1597,0.1597,-1812858.0168,-2135271.0968,9149257.9092,9543659.9641,11678931.0609,7922208.5517,-644826.16,0.0365,0.0401,0.0401,0.0401,0.0284,0.0401,0.3121,,,-10.0049,-24.894,-28.0348,0.5831,3369700.9259,3416006.6281,,62.071,61.535,62.438,61.118,6594688.0,410716674.92
2025-03-17,,-4.78,-1.2,-29.7822,-38.7765,,38.2487,14.212,-41.0768,-1.7849,-1.1317,-1.7849,0.5748,,,60.0,20.0,-40.0,,-3.8952,,2.0572,1.8072,5.978,1.0035,62.9007,-0.853,1.0049,1.0491,,1.0049,-0.4969,-1.0701,-0.3973,-1.4148,60.4189,66.2971,,,,,,,,-22.2804,-41.5686,-23.4375,-48.2252,,,-3.9134,-36.51,13.24,7.91,-25.2009,0.0,,,67.6287,,5.817,-0.0051,-0.0012,-0.0127,-0.029,0.0824,,,,-1.1538,,,,0.0273,-1.0496,0.4588,0.5412,0.846,,,0.0158,62.9688,66.6718,63.0934,63.7018,64.143,62.7609,65.6819,-2.4546,-5.7151,,,,,,,0.3421,,,,,0.8589,0.8589,0.8589,0.0686,0.0686,0.0686,0.0,,,,,,0.0252,-0.3124,-0.2262,-0.3124,,0.2727,50.9273,34.4696,45.4414,0.145,1.5291,2.3572,1.5291,25.8459,23.5628,,0.0799,0.0799,0.0799,1.005,62.993,63.5795,63.358,62.93,63.5795,0.2084,15.5317,,20.7542,167780720832.0,13134049599.1,-0.73,2.77,,,,,,,,,,,,83314119.76,,17265.3813,,,,,,60223018.91,-0.153,,,19912615.09,93.1778,-51746450.8,-56353116.6667,-52303545.0,83950470.22,,,,,,,,,,,,,,,,,,,,,12.3062,-0.0107,-0.0141,-0.0141,,0.5,,105.0755,-0.8624,-0.7067,-0.7439,0.0529,0.9979,,0.0018,,,,1.0462,-0.2026,0.9216,-0.0334,0.0697,,0.9913,,,-7.8371,-1.5704,4.2328,4.1427,,3.5699,49.4392,-0.1411,-0.1411,,38.8463,,,,,,,-4.1468,-2.7746,-4.1468,-0.189,0.0442,,,-2.6815,-0.1966,-1.2952,,,,,,,62.7286,62.5649,,,,,,,,,,-1.6125,-0.9322,-1.6125,-0.0027,-0.0008,657.4509,464.4178,213.8133,97.9513,2.9886,2.0435,,42.188,0.5374,0.1527,0.1242,0.1527,-1913125.7214,-2314196.5397,8452656.4712,8893550.7389,11207747.2786,7054122.3678,-802141.6366,0.034,0.0391,0.0379,0.0391,0.0264,0.0391,0.3157,-0.4471,,-11.6087,-46.3467,-64.0127,0.6216,3568026.5387,3263403.1356,,62.21,62.051,62.825,61.842,5317950.0,333986512.48
2025-03-18,,-1.19,0.35,-30.7702,-39.2482,,42.1957,16.2755,-40.3979,-1.7542,-0.4891,-1.7542,0.4276,,,56.0,16.0,-40.0,,-7.9116,,1.9767,1.661,5.978,1.0055,62.9269,-1.0297,1.0079,0.7776,,1.0079,-0.5909,-1.1156,-0.0862,-1.5017,60.3447,66.2273,,,,,,,,-55.0892,-49.0424,-37.7147,-57.6845,,,-3.2174,-45.4489,9.35,7.91,-8.343,1.2515,,,83.202,,5.663,-0.0083,-0.0026,-0.0144,0.0335,0.141,,,,-1.1256,,,,0.0263,-1.0128,0.4295,0.5705,0.8133,,,0.0149,62.8981,66.6042,63.0144,63.595,64.0272,62.7006,65.5802,-2.4108,-7.8822,,,,,,,0.3297,,,,,0.8588,0.8588,0.8588,0.0686,0.0686,0.0686,0.0,,,,,,0.0224,-0.3143,-0.1323,-0.3143,,0.2727,46.9281,22.9332,38.9298,0.124,1.7198,2.5369,1.7198,25.8443,23.5612,,0.0799,0.0799,0.0799,1.0059,62.952,63.5341,63.286,62.634,63.5341,0.2256,16.2508,,20.4732,167513042592.0,12266721091.1,-0.668,-0.41,,,,,,,,,,,,83314119.76,,17262.1817,,,,,,60223018.91,-0.153,,,19912615.09,93.0291,-52829876.75,-56316342.3333,-57160107.0,83950470.22,,,,,,,,,,,,,,,,,,,,,11.0997,-0.0112,-0.015,-0.015,,0.5,,105.0755,-0.8098,-0.718,-0.7516,0.0949,1.0225,,0.0019,,,,0.9935,-0.173,0.9775,-0.0176,-0.0006,,0.9769,,,-2.2493,-1.028,4.2328,4.1427,,3.5699,56.8452,-0.1427,-0.1427,-0.0596,36.4113,,,,,,,-4.1042,-0.922,-4.1042,-0.0392,-0.0065,,,-2.6601,-0.2549,-1.2738,,,,,,,62.6718,62.5356,,,,,,,,,,-1.5542,-0.3407,-1.5542,-0.0025,-0.0009,613.6691,429.2014,189.6792,113.0786,2.7414,2.0931,,42.5704,0.4657,0.1457,0.0825,0.1457,-2023463.2894,-2464813.5615,7798821.1128,8272475.5483,10737289.1098,6321602.2452,-882700.5442,0.0298,0.0381,0.0355,0.0381,0.0237,0.0381,0.3049,-0.4868,,-13.7101,-50.2771,-39.6239,0.6005,2805153.3571,2952140.5889,,62.11,62.329,62.507,61.584,4856562.0,303390246.53
2025-03-19,,-4.95,-2.54,-32.1976,-41.155,,47.0423,19.0372,-43.9384,-1.8345,-0.9461,-1.8345,0.5072,,,52.0,12.0,-40.0,,-46.7055,,1.9069,1.5508,5.978,1.0172,62.779,-1.3055,1.0088,0.683,,1.0088,-1.8526,-2.1513,-0.985,-2.7345,60.3301,65.8239,,,,,,,,-114.4437,-78.9253,-146.2063,-83.7138,,,-3.7667,-43.0708,10.21,6.03,-25.7389,1.2617,,,79.2152,,5.5336,-0.0088,-0.0032,-0.0167,0.1495,0.2424,,,,-1.1087,,,,0.0252,-1.0411,0.3788,0.6212,0.7982,,,0.0157,62.6839,66.5234,62.8152,63.4164,63.8563,62.3737,65.4537,-2.3192,-5.3986,,,,,,,0.2238,,,,,0.9194,0.9194,0.9194,0.0686,0.0686,0.0686,0.0,,,,,,0.022,-0.3354,-0.2545,-0.3354,,0.2727,40.3395,0.8076,27.1622,0.0788,1.866,4.8582,1.866,25.8305,23.5473,,0.0746,0.0746,0.0746,1.0189,62.885,63.4552,63.077,62.334,63.4552,0.1352,16.9605,,21.6792,165211009728.0,11748124885.0,-0.384,-0.67,,,,,,,,,,,,83314119.76,,17234.4688,,,,,,60223018.91,-0.153,,,19912615.09,93.0291,-54795024.25,-58551062.5,-62137349.0,83950470.22,,,,,,,,,,,,,,,,,,,,,9.9719,-0.0215,-0.0273,-0.0273,,0.5,,103.6315,-0.7417,-0.7597,-0.82,0.0727,1.0302,,0.0016,,,,0.9893,-0.1687,0.9366,-0.0114,0.0397,,0.9763,,,-6.3429,-3.6528,4.2328,4.1427,,3.5699,59.3782,-0.1565,-0.1565,-0.0601,33.583,,,,,,,-4.413,-3.0137,-4.413,-0.0266,-0.0107,,,-2.6386,-0.3183,-1.2523,,,,,,,62.2504,61.9313,,,,,,,,,,-1.6349,-1.1783,-1.6349,-0.0024,-0.0014,587.6295,388.7874,194.2678,103.9789,2.4827,2.1228,,44.9011,0.4036,0.1397,0.0713,0.1397,-2127791.114,-2545102.4126,7285806.7287,7765516.5409,10310618.9535,5873482.1635,-834622.5972,0.0285,0.0373,0.0341,0.0373,0.0206,0.0373,0.3273,-0.4348,,-18.8523,-58.9129,-42.4711,0.5803,2971528.0541,3041903.2595,,61.257,61.862,62.081,61.118,4977242.0,308116261.28
2025-03-20,,-3.68,-0.39,-33.9325,-42.1677,-0.4934,48.396,18.4666,-45.1995,-1.5764,-0.7112,-1.5764,0.3156,,,48.0,8.0,-40.0,,-49.0919,,1.9064,1.609,5.978,1.0078,62.6639,-1.3747,0.8907,0.5868,,0.8907,-0.9936,-1.162,-0.2567,-1.9275,60.3886,65.4334,,,,,,,,-65.1014,-50.3598,-24.1605,-63.2913,,,-4.0502,-34.4306,9.81,6.49,-20.3681,0.6387,-1.8692,,85.0313,,5.4419,-0.0091,-0.0035,-0.0159,0.3119,0.4626,,,,-1.0899,,,,0.0263,-1.0146,0.2687,0.7313,0.6918,,,0.0306,62.5923,66.4516,62.7175,63.2987,63.7321,62.3092,65.3463,-0.3263,-5.4248,,,,,,,0.281,,,,,0.8311,0.8311,0.8311,0.062,0.062,0.062,0.0,,,,,,0.0228,-0.2897,-0.1859,-0.2897,,0.2727,35.1984,4.3521,24.9163,0.0904,1.9232,4.2501,1.9232,25.8379,23.5548,,0.0746,0.0746,0.0746,1.01,62.804,63.4021,62.911,62.34,63.4021,0.1506,17.7494,,18.7936,166442329632.0,11434664217.6,-0.214,-0.81,,,,,,,,,,,,83314119.76,,17249.336,,,,,,60223018.91,-0.153,,,19912615.09,93.0291,-55869352.65,-58153372.1667,-55481554.0,83950470.22,,,,,,,,,,,,,,,,,,,,,13.96,-0.0116,-0.0193,-0.0193,,0.5,,104.4039,-0.7395,-0.7731,-0.7704,0.1179,0.9871,,0.0024,,,,0.9871,-0.1428,0.9493,0.0028,0.0512,,1.0005,,,-5.0687,-1.645,4.2328,4.1427,,3.5699,44.239,-0.1491,-0.1491,-0.0303,39.2732,,,,,26.51,,-4.079,-2.3528,-4.079,-0.0287,-0.0129,,13.43,-2.6106,-0.349,-1.2243,,,,,,,62.1849,62.0113,,,,,,,,,,-1.6866,-1.08,-1.6866,-0.0023,-0.0016,572.0787,361.2552,195.0354,51.9395,2.2807,1.6898,,39.7409,0.4474,0.1356,0.0726,0.1356,-2191253.1118,-2445101.1032,7171259.1417,7594790.15,10039891.2532,6134253.109,-507695.9828,0.0276,0.0367,0.0332,0.0367,0.0208,0.0367,0.3378,-0.2523,,-29.3743,-59.3364,-27.1689,0.6253,2948167.2388,3062872.1473,,61.713,61.247,62.835,60.949,6655795.0,415218828.36
2025-03-21,,-6.39,-0.69,-36.0906,-43.6774,-0.362,51.0905,18.8267,-51.7177,-1.5476,-0.7666,-1.5476,0.4012,,,44.0,4.0,-40.0,,-28.9023,,1.8831,1.6042,5.978,1.0208,62.4026,-1.4683,0.8697,0.6289,,0.8697,-2.2686,-2.469,-1.4954,-3.4452,60.4317,64.9233,,,,,,,,-120.229,-95.2381,-113.7153,-92.544,,,-5.872,-38.1293,10.86,6.19,-27.39,0.5114,-1.4361,,77.3078,,5.3458,-0.0115,-0.0041,-0.0152,0.3415,0.3054,,,,-1.0851,,,,0.0255,-1.0661,0.3473,0.6527,0.7103,,,0.0258,62.3264,66.3637,62.4733,63.0921,63.5394,61.9161,65.2081,0.8643,-2.2601,,,,,,,0.1512,,,,,0.8899,0.8899,0.8899,0.062,0.062,0.062,0.0,,,,,,0.0247,-0.287,-0.1673,-0.287,,0.25,29.1604,-7.0676,17.0844,0.0551,2.0034,4.4141,2.0034,25.8209,23.5377,,0.0697,0.0697,0.0697,1.0232,62.549,63.3112,62.6775,62.058,63.3112,0.038,18.5742,,18.8259,163631708112.0,11050004314.0,-0.257,-2.55,,,,,,,,,,,,83314119.76,,17215.2496,,,,,,60223018.91,-0.153,,,19912615.09,93.0291,-57910755.15,-57857368.3333,-62440160.0,83950470.22,,,,,,,,,,,,,,,,,,,,,12.2484,-0.0247,-0.0345,-0.0345,,0.5,,102.6409,-0.7405,-0.7883,-0.8879,0.1623,0.9798,0.8988,0.002,,,,0.96,-0.1439,0.929,-0.0108,0.0485,,0.9775,,,-7.0973,-1.6412,4.2328,4.1427,,3.5699,41.5775,-0.1661,-0.1661,-0.0242,35.3097,,,,,21.05,,-4.4461,-3.3041,-4.4461,-0.5663,-0.04,,13.43,-2.5821,-0.3711,-1.1958,,,,,,,61.6772,61.3363,,,,,,,,,,-1.8517,-1.4325,-1.8517,-0.0023,-0.0022,552.9772,366.7957,188.9791,57.8383,2.6448,1.7183,,38.5732,0.3877,0.1312,0.0743,0.1312,-2215948.9366,-2314732.2357,7132594.9341,7496915.6654,9811647.9011,6409037.406,-197566.5982,0.0248,0.0363,0.0322,0.0363,0.0211,0.0363,0.3402,-0.1939,,-29.8991,-17.8219,9.6105,0.6734,1491174.1772,2993024.4795,,60.671,61.138,62.19,60.622,6958606.0,429345766.36
2025-03-24,,-6.7,-3.22,-38.0731,-46.1354,-0.2434,36.3422,22.0107,-54.4819,-1.6729,-0.8244,-1.6729,0.6188,20.6747,,40.0,8.0,-32.0,88.0722,-49.428,,1.9022,1.6952,5.978,1.0308,62.0852,-2.5671,0.8379,0.5722,,0.8379,-3.2434,-3.5533,-2.1732,-4.6884,60.1826,64.7154,,67.3975,,,,,,-196.5942,-169.7635,-146.4167,-135.232,,,-6.963,-32.1844,10.76,6.19,-26.9617,0.3902,-2.7677,,73.5512,,5.2405,-0.0117,-0.0042,-0.0141,0.4171,0.0246,,,,-1.1013,,,,0.0264,-1.1661,0.4877,0.5123,0.7577,,,0.0357,61.9452,66.2623,62.1282,62.8195,63.2943,61.3541,65.0449,-3.9058,-7.9352,,,,,,,0.0403,,,,,0.9464,0.9464,0.9464,0.062,0.062,0.062,0.0,,,,,,0.0253,-0.3154,-0.1848,-0.3154,,0.2727,24.5387,-3.1915,15.2953,-0.0039,2.1265,4.4315,2.1265,25.8061,23.5229,,0.0655,0.0655,0.0655,1.0335,62.249,63.1927,62.449,61.568,63.1927,-0.1296,18.4806,,26.1754,161222603952.0,10749571924.5,-0.4,-3.0,,,,,,,,,,,,83314119.76,,17185.6,,,,,,60223018.91,-0.153,,,19912615.09,91.6595,-59742499.55,-59660979.1667,-68443160.0,83950470.22,,,,,,,,,,,,,,,,,,,,,10.5087,-0.0355,-0.0469,-0.0469,,0.4167,,102.6409,-0.7561,-0.825,-0.9763,0.2169,0.9562,0.9408,0.0017,,,,0.9526,-0.1114,0.9295,-0.0044,0.0314,,0.9609,,,-7.0525,-3.6936,4.2328,4.1427,,3.5699,32.2622,-0.1809,-0.1809,-0.0184,30.7214,,,,,17.75,,-4.7503,-3.2838,-4.7503,-0.8427,-0.0474,,13.43,-2.5581,-0.4056,-1.1718,,,,,,,60.9445,60.4383,,,,,,,,,,-2.0173,-1.5632,-2.0173,-0.0024,-0.0032,537.9811,358.6702,191.7615,53.7112,3.2379,2.2011,,36.5457,0.336,0.1266,0.0742,0.1266,-2225247.8189,-2262443.3483,6927214.037,7267082.4861,9529525.8344,6273691.604,-74391.0588,0.024,0.0357,0.0315,0.0357,0.0216,0.0357,0.3535,-0.2795,,-32.5096,-34.4917,-8.9722,0.7375,1433630.2556,3036209.9238,,59.778,60.89,61.336,59.202,6003000.0,361963333.46
2025-03-25,,-4.92,-2.79,-39.5995,-48.207,-0.4079,37.7218,24.7702,-53.5063,-1.5232,-0.5968,-1.5232,0.692,46.3439,,36.0,4.0,-32.0,127.8976,-56.8084,,1.8635,1.6393,5.978,1.0162,61.7772,-2.0232,0.833,0.5296,,0.833,-1.8281,-2.4198,-0.6862,-3.6665,60.012,64.583,,81.5537,,,,,,-131.1501,-142.5442,-75.4585,-120.0736,,,-6.4658,-34.8846,9.78,6.75,-18.3303,0.379,-3.4008,,80.1802,,5.1825,-0.0123,-0.0043,-0.0131,0.7108,-0.0524,,,,-1.1183,,,,0.0255,-1.1865,0.5262,0.4738,0.6567,,,0.0224,61.7352,66.1718,61.9223,62.6263,63.1088,61.166,64.9054,-4.5268,-9.8983,,,,,,,0.1094,,,,,0.8537,0.8537,0.8537,0.056,0.056,0.056,0.0,,,,,,0.0253,-0.2886,-0.1412,-0.2886,,0.3636,23.154,14.8455,20.3845,-0.0061,2.122,3.8604,2.122,25.8153,23.5321,,0.0655,0.0655,0.0655,1.0186,61.922,63.1037,62.2975,61.21,63.1037,-0.1364,18.4587,,23.1565,162721602096.0,10521592760.6,-0.751,-3.27,,,,,,,,,,,,83314119.76,,17204.0962,,,,,,60223018.91,-0.153,,,19912615.09,92.5117,-60858005.2,-61429547.8333,-62914957.0,83950470.22,,,,,,,,,,,,,,,,,,,,,9.2967,-0.0242,-0.0367,-0.0367,,0.4167,,102.6409,-0.7809,-0.8552,-0.9249,0.2977,0.9546,0.9225,0.0023,,,,0.949,-0.0871,0.9525,0.0054,0.0189,,0.9714,,,-4.7477,-3.0153,4.2328,4.1427,,3.5699,31.1111,-0.1717,-0.1717,-0.0179,38.832,,,,,18.9,,-4.3914,-2.1817,-4.3914,-0.657,-0.051,,11.19,-2.5365,-0.4316,-1.1502,,,,,,,60.73,60.4934,,,,,,,,,,-1.8572,-1.1221,-1.8572,-0.0025,-0.0037,526.5751,359.0649,196.8202,53.5019,3.4585,2.3747,,35.7628,0.4169,0.1241,0.0742,0.1241,-2226912.0522,-2233568.9852,6672848.3939,6999562.5652,9233131.5504,6025195.4027,-13313.866,0.0229,0.0352,0.0309,0.0352,0.0221,0.0352,0.3692,-0.3272,,-40.9995,-62.5899,3.9536,0.6807,1253906.9886,3111233.7153,,60.334,59.748,60.89,59.54,5528203.0,336354780.07
2025-03-26,,-3.81,-1.91,-40.8303,-49.8836,-0.365,35.7039,27.1618,-50.4581,-1.422,-0.4116,-1.422,0.5904,61.5314,,32.0,8.0,-24.0,157.6374,-52.383,,1.7683,1.4544,5.978,1.0107,61.5994,-1.3914,0.816,0.5624,,0.816,-1.2076,-1.9647,-0.1736,-3.2951,59.8803,64.4627,,96.106,,,,,,-94.5561,-118.803,-43.0343,-109.4803,,,-4.7048,-38.8233,9.43,6.91,-15.4223,0.3707,-4.2922,,84.2739,,5.0834,-0.0135,-0.0045,-0.0132,0.449,-0.231,,,,-1.1299,,,,0.0254,-1.1761,0.6155,0.3845,0.5691,,,0.0087,61.5924,66.0855,61.7727,62.4666,62.9488,61.094,64.7757,-4.8127,-8.8199,,,,,,,0.129,,,,,0.8169,0.8169,0.8169,0.0535,0.0535,0.0535,0.0,,,,,,0.0258,-0.2718,-0.083,-0.2718,,0.4167,23.9125,28.4632,25.4294,0.0179,2.249,3.6605,2.249,25.8179,23.5348,,0.0655,0.0655,0.0655,1.0122,61.695,63.0268,62.1715,61.056,63.0268,-0.0924,18.4132,,21.1494,163149887280.0,10191843580.3,-0.953,-2.27,,,,,,,,,,,,83314119.76,,17209.352,,,,,,60223018.91,-0.153,,,19912615.09,92.7552,-61346630.65,-61762506.1667,-59157857.0,83950470.22,,,,,,,,,,,,,,,,,,,,,8.4909,-0.0196,-0.033,-0.033,,0.5,,102.6409,-0.8002,-0.8824,-0.915,0.3331,0.9639,0.9305,0.0012,,,,0.9641,-0.0664,0.9603,0.0114,0.0272,,0.9875,,,-3.9704,-2.6047,4.2328,4.1427,,3.5699,34.5109,-0.1691,-0.1691,-0.0175,45.5875,,,,,18.52,,-4.2385,-1.8083,-4.2385,-0.4418,-0.0359,,11.76,-2.5221,-0.4603,-1.1358,,,,,,,60.6864,60.6913,,,,,,,,,,-1.8008,-0.8766,-1.8008,-0.0026,-0.0036,510.1229,346.5386,207.5773,74.0111,3.5428,2.4398,,37.1694,0.4768,0.1202,0.0743,0.1202,-2246885.1244,-2326777.4131,6142712.3223,6500722.1706,8827499.5837,5269163.6018,-159784.5774,0.0209,0.0344,0.0299,0.0344,0.0212,0.0344,0.401,-0.5187,,-40.3198,-53.2922,-22.6387,0.78,999697.0207,3278952.8874,,60.493,60.314,60.542,60.016,3757100.0,228232505.0
2025-03-27,,-1.2,-0.06,-41.6855,-50.2687,-0.3888,14.2446,27.2352,-46.2489,-1.3393,-0.2045,-1.3393,0.6504,48.6355,,28.0,4.0,-24.0,135.3921,-23.2977,,1.7163,1.3853,5.978,1.0037,61.5745,-1.4283,0.8311,0.5923,,0.8311,-0.4301,-1.2053,0.7555,-2.5711,59.7999,64.3971,,86.7566,,,,,,-58.345,-88.34,19.4541,-94.6428,,,-2.2174,-38.2222,8.77,7.31,-9.0796,0.339,-4.8484,,87.9741,,5.0079,-0.0135,-0.0048,-0.0141,0.3878,-0.2864,,,,-1.1285,,,,0.0252,-1.1227,0.6432,0.3568,0.4932,,,0.017,61.5484,66.0073,61.7077,62.3603,62.8304,61.1794,64.6634,-6.3946,-6.8185,,,,,,,0.1786,,,,,0.7572,0.7572,0.7572,0.0496,0.0496,0.0496,0.0,,,,,,0.0263,-0.2609,-0.0369,-0.2609,,0.4167,26.7535,43.7998,32.4356,0.0637,2.3198,3.3594,2.3198,25.8245,23.5413,,0.0655,0.0655,0.0655,1.0043,61.615,62.969,62.0985,60.89,62.969,0.0116,18.4503,-9.1267,18.8848,164220600240.0,9850863211.53,-0.967,-0.8,,,,,,,,,,,,83314119.76,,17222.436,,,,,,60223018.91,-0.153,,,19912615.09,92.7552,-61106820.45,-60489753.8333,-54500835.0,83950470.22,,,,,,,,,,,,,,,,,,,,,10.6892,-0.0121,-0.0257,-0.0257,,0.5,,103.3145,-0.8264,-0.8931,-0.8844,0.411,0.9577,0.9324,0.0015,,,,0.9871,-0.0518,0.9768,0.0306,0.0099,,0.9867,,,-2.3245,-0.5995,4.2328,4.1427,,3.5699,30.4473,-0.1625,-0.1625,-0.016,51.6755,,,,,18.52,,-3.98,-1.0303,-3.98,-0.2569,-0.0129,,11.32,-2.5045,-0.4845,-1.1182,,,,,,,60.8642,61.1001,,,,,,,,,,-1.6396,-0.4736,-1.6396,-0.0026,-0.003,493.0394,342.5524,211.5712,77.075,3.4803,2.4136,,40.5333,0.5274,0.1172,0.0741,0.1172,-2257807.9651,-2301499.3277,5872586.8092,6217075.9905,8518575.3182,5065116.4012,-87382.7252,0.0203,0.0338,0.029,0.0338,0.0197,0.0338,0.4222,-0.4015,,-43.022,-46.1723,-6.4337,0.7124,1020615.7616,3341972.0636,-8.5511,60.89,60.324,60.939,59.907,4657022.0,284199470.66
2025-03-28,-0.0637,-1.06,-2.3,-42.3481,-51.4297,-0.2819,15.0075,28.761,-52.165,-1.4629,-0.288,-1.4629,0.6168,47.2232,,100.0,4.0,-96.0,133.9238,-44.1207,22.168,1.7066,1.4177,5.978,1.0234,61.282,-1.7457,0.8606,0.4596,,0.8606,-2.3945,-3.47,-1.2533,-4.7498,59.5564,64.5086,0.0,86.7006,0.0357,0.1303,-0.0375,-0.088,-0.088,-98.4646,-126.9938,-124.271,-120.9704,-0.001,-0.001,-2.8806,-31.9658,8.63,7.31,-8.2811,0.3259,-5.8473,1164958693.9,92.4521,0.0,4.9976,-0.0131,-0.005,-0.0138,0.0091,-0.2528,,,,-1.1398,0.6792,0.4006,0.0244,0.0253,-1.1854,0.6264,0.3736,0.5535,0.0,,0.0256,61.245,65.906,61.4265,62.1241,62.6119,60.7462,64.5065,-7.4724,-9.4953,0.042,0.042,2.1272,0.5994,0.7165,0.0007,0.0,-0.495,0.2818,1.5751,1427.1877,0.7984,0.7984,0.7984,0.0496,0.0496,0.0496,0.0,0.3454,,,,,0.0267,-0.2868,-0.0755,-0.2868,0.7118,0.4167,25.7418,19.6719,23.7185,0.0516,2.1993,3.4457,2.1993,25.8002,23.5171,0.1114,0.0622,0.0622,0.0622,1.0245,61.349,62.866,62.0325,60.64,62.866,-0.0912,18.596,-6.1775,21.0694,160285730112.0,9664957606.29,-1.367,-2.66,0.0479,0.9344,-1.8201,131866220.5,-77743525.76,0.0077,-156696003.22,112308792.39,-1.3952,0.1475,0.0637,94665860.31,112308792.39,17173.9591,-1.7474,-1.7474,-0.0922,892689.47,0.8344,89672347.29,0.0642,0.1441,0.0637,17642932.08,92.7552,-60724129.6,-61477906.1667,-61410468.0,89672347.29,115559938.57,0.77,0.2387,0.0432,0.0432,0.0649,0.0649,0.0611,0.6649,0.6649,-0.0585,-2.204,-0.0381,64.0845,-1022.9089,,,,,1427.1877,9.3166,-0.0347,-0.0475,-0.0475,2.5854,0.5,90.0602,100.839,-0.8565,-0.9398,-1.05,0.3474,0.9472,0.9241,0.0013,0.6891,1844489234.34,1779761710.3,0.9575,-0.072,0.9784,0.0312,0.0012,,0.9796,,0.0283,-2.1569,-3.6989,4.5963,4.4903,0.0471,4.0564,27.9101,-0.1868,-0.1868,-0.0154,45.2306,0.6546,0.8346,1485384745.09,0.8346,16.46,,-4.4565,-0.9645,-4.4565,-0.3418,-0.0425,1427.1877,11.82,-2.479,-0.5025,-1.0927,,,0.0264,0.0143,1690089363.01,2501160950.97,60.3398,60.2625,0.6649,0.6649,0.0669,0.4333,4240904107.27,0.07,0.2537,116452628.04,1779761710.3,-1.7642,-0.5674,-1.7642,-0.0027,-0.0032,483.645,342.6814,210.5595,77.2215,3.6803,2.398,0.5291,39.5352,0.4571,0.1161,0.0731,0.1161,-2221400.6087,-2075771.183,6061140.6621,6323623.2227,8399394.4057,5679955.2675,291258.8514,0.0204,0.0335,0.0285,0.0335,0.0197,0.0335,0.4271,-0.1077,,-44.8102,-24.3912,3.8138,0.7335,1061153.8751,3319278.6614,-4.4705,59.431,60.344,60.84,59.321,6909633.0,415992735.47
2025-03-31,-0.0637,0.12,-1.65,-42.8214,-52.0413,-0.3176,17.6206,31.9104,-55.3875,-1.4835,-0.1683,-1.4835,0.628,47.3714,,100.0,44.0,-56.0,128.4718,-58.5988,22.168,1.6618,1.3614,5.978,1.0325,60.9149,-2.3563,0.869,0.5096,,0.869,-3.2486,-4.8188,-2.3082,-5.9631,59.3205,64.6535,0.0,81.1004,0.0357,0.1303,-0.0375,-0.088,-0.088,-157.5205,-186.6419,-153.5629,-158.978,-0.001,-0.001,-3.9154,-28.0992,8.22,7.31,-5.8596,0.3479,-7.5926,1164958693.9,95.3615,0.0,4.9161,-0.0128,-0.0059,-0.014,-0.4778,-0.4958,,,,-1.1701,0.6792,0.4006,0.0244,0.0252,-1.2911,0.7479,0.2521,0.6233,0.0,,0.0181,60.8368,65.7918,61.0532,61.8265,62.3443,60.1642,64.326,-7.5637,-11.7992,0.042,0.042,2.1272,0.5994,0.7165,0.0007,0.0,-0.495,0.2818,1.5751,1406.2137,0.8426,0.8426,0.8426,0.0496,0.0496,0.0496,0.0,0.3454,,,,,0.0272,-0.2945,-0.0387,-0.2945,0.7118,0.4167,22.9247,6.0221,17.2905,0.0129,2.2929,3.7732,2.2929,25.7854,23.5023,0.1114,0.0589,0.0589,0.0589,1.0336,60.981,62.7413,61.987,60.394,62.7413,-0.242,18.784,-4.6631,26.5351,157930161600.0,9237906423.17,-2.012,-3.68,0.0479,0.9344,-1.8201,131866220.5,-77743525.76,0.0077,-156696003.22,112308792.39,-1.3952,0.1475,0.0637,94665860.31,112308792.39,17144.4109,-1.7474,-1.7474,-0.0922,892689.47,0.8344,89672347.29,0.0642,0.1441,0.0637,17642932.08,91.3921,-59993066.2,-62164028.0,-66556891.0,89672347.29,115559938.57,0.77,0.2387,0.0432,0.0432,0.0649,0.0649,0.0611,0.6649,0.6649,-0.0585,-2.204,-0.0381,63.1427,-1007.8761,1.0,1.0,1.0,1.0,1406.2137,8.2921,-0.0482,-0.0596,-0.0596,2.5772,0.5,88.7367,100.839,-0.8838,-0.9794,-1.1256,0.4892,0.9493,0.9245,0.0024,0.6891,1844489234.34,1779761710.3,0.9413,-0.0437,0.9848,0.0195,-0.0052,,0.9796,,0.0283,-1.5189,-3.4844,4.5963,4.4903,0.0471,4.0564,28.6296,-0.2016,-0.2016,-0.0164,38.8622,0.6546,0.8346,1485384745.09,0.8346,17.32,,-4.7273,-0.6792,-4.7273,-0.6121,-0.0587,1406.2137,11.82,-2.4604,-0.5309,-1.0741,,,0.0268,0.0143,1690089363.01,2501160950.97,59.6124,59.2926,0.6649,0.6649,0.0669,0.4333,4240904107.27,0.07,0.2537,116452628.04,1779761710.3,-1.8272,-0.3532,-1.8272,-0.0028,-0.004,462.1548,321.8039,205.549,65.0843,4.0439,2.4217,0.5291,35.6411,0.3962,0.1128,0.0702,0.1128,-2180304.0999,-2015918.0647,5894828.3599,6142515.4961,8158433.5608,5502111.1783,328772.0704,0.0203,0.0331,0.0272,0.0331,0.0191,0.0331,0.4313,-0.3014,,-42.4361,-18.9347,-26.0423,0.7584,1066909.7531,3202334.3578,-3.4777,58.557,58.756,59.421,58.359,5146423.0,304080872.92
2025-04-01,-0.0637,-1.45,1.52,-43.6236,-51.5475,-0.1729,17.6053,30.108,-51.5193,-1.2236,-0.4762,-1.2236,0.5928,53.7669,,96.0,40.0,-56.0,147.0588,-8.4294,22.168,1.6824,1.4595,5.978,1.0033,60.7975,-1.4968,0.8761,0.5467,,0.8761,-0.3011,-2.0487,0.4043,-3.3098,59.1762,64.5588,0.0,93.2919,0.0357,0.1303,-0.0375,-0.088,-0.088,-51.1315,-95.8808,3.5319,-104.2977,-0.001,-0.001,-2.752,-20.5736,8.22,5.83,-17.0107,0.3571,-7.9714,1164958693.9,89.4004,0.0,5.0784,-0.0114,-0.0073,-0.0121,-0.4104,-0.2548,,,,-1.1824,0.6792,0.4006,0.0244,0.0252,-1.2316,0.6274,0.3726,0.5402,0.0,,0.0226,60.7938,65.706,60.9835,61.7097,62.2151,60.3094,64.2038,-7.0259,-2.2798,0.042,0.042,2.1272,0.5994,0.7165,0.0007,0.1776,-0.495,0.2818,1.5751,1444.3483,0.8392,0.8392,0.8392,0.0494,0.0494,0.0494,0.0,0.3454,,,,,0.0261,-0.2368,-0.146,-0.2368,0.7118,0.4615,23.5601,27.3722,24.8308,0.038,1.869,-0.6293,1.869,25.8122,23.529,0.1114,0.0589,0.0589,0.0589,1.003,60.783,62.6744,61.8675,60.356,62.6744,-0.0984,19.0597,-3.8014,22.7155,162213013440.0,8697926697.56,-2.169,-1.98,0.0479,0.9344,-1.8201,131866220.5,-77743525.76,0.0077,-156696003.22,112308792.39,-1.3952,0.1475,0.0637,94665860.31,112308792.39,17197.8384,-1.7474,-1.7474,-0.0922,892689.47,0.8344,89672347.29,0.0642,0.1441,0.0637,17642932.08,91.3921,-59684915.45,-60531369.5,-58647209.0,89672347.29,115559938.57,0.77,0.2387,0.0432,0.0432,0.0649,0.0649,0.0611,0.6649,0.6649,-0.0585,-2.204,-0.0381,64.8551,-1035.2084,0.9926,0.9926,0.9926,0.9926,1444.3483,15.6577,-0.0205,-0.0331,-0.0331,2.7605,0.5,91.1431,103.5736,-0.8968,-0.9685,-0.9111,0.3791,0.969,0.9548,0.002,0.6891,1844489234.34,1779761710.3,0.9684,-0.042,0.9621,0.0151,0.0348,,0.9969,,0.0283,-3.7943,0.6143,4.5963,4.4903,0.0471,4.0564,38.6946,-0.1748,-0.1748,-0.0169,46.3235,0.6546,0.8346,1485384745.09,0.8346,15.85,,-3.8578,-2.2842,-3.8578,-0.3867,-0.0316,1444.3483,13.11,-2.4325,-0.5574,-1.0462,,,0.0261,0.0143,1690089363.01,2501160950.97,59.8786,60.0412,0.6649,0.6649,0.0669,0.4333,4240904107.27,0.07,0.2537,116452628.04,1779761710.3,-1.5118,-0.8799,-1.5118,-0.0029,-0.0036,435.1707,341.1821,158.875,91.4153,4.0578,2.2725,0.5291,45.9961,0.4662,0.1179,0.0444,0.1179,-2089367.3306,-1725620.2534,6261165.3854,6414387.2659,8140007.5193,6304634.7855,727494.1544,0.0215,0.0329,0.0256,0.0329,0.0208,0.0329,0.3455,0.1261,,-38.1722,19.9402,31.7622,0.9061,1266251.7083,2421122.07,5.8313,60.145,59.212,60.493,59.133,7909682.0,478232049.9
2025-04-02,-0.0637,-1.76,-0.19,-44.6286,-51.6908,-0.0629,18.7004,28.5459,-54.3662,-1.2691,-0.4644,-1.2691,0.6224,49.8924,,92.0,36.0,-56.0,144.4508,-5.2722,22.168,1.6422,1.4029,5.978,1.0131,60.6723,-1.2273,0.8774,0.588,,0.8774,-1.1716,-3.0004,-0.4223,-4.3138,58.9241,64.5609,0.0,94.5584,0.0357,0.1303,-0.0375,-0.088,-0.088,-66.2885,-97.2568,-14.1451,-110.0622,-0.001,-0.001,-2.9317,-16.5065,8.33,5.83,-17.6554,0.2397,-8.2449,1164958693.9,86.2418,0.0,4.9907,-0.0111,-0.0075,-0.011,-0.5505,-0.2282,,,,-1.1915,0.6792,0.4006,0.0244,0.0251,-1.2277,0.6141,0.3859,0.5876,0.0,,0.0187,60.6295,65.6099,60.8152,61.5364,62.0429,60.1696,64.0624,-4.9188,-2.1567,0.042,0.042,2.1272,0.5994,0.7165,0.0007,0.0988,-0.495,0.2818,1.5751,1427.4261,0.8772,0.8772,0.8772,0.0494,0.0494,0.0494,0.0,0.3454,,,,,0.0272,-0.2493,-0.1355,-0.2493,0.7118,0.4286,24.3623,29.1752,25.9666,0.0275,1.9794,-0.6719,1.9794,25.8004,23.5172,0.1114,0.0563,0.0563,0.0563,1.0119,60.6,62.59,61.7425,60.144,62.59,-0.0724,19.3698,-1.6088,20.1687,160312497936.0,8443941346.43,-2.285,-1.83,0.0479,0.9344,-1.8201,131866220.5,-77743525.76,0.0077,-156696003.22,112308792.39,-1.3952,0.1475,0.0637,94665860.31,112308792.39,17174.2925,-1.7474,-1.7474,-0.0922,892689.47,0.8344,89672347.29,0.0642,0.1441,0.0637,17642932.08,90.3213,-59181130.6,-60579249.6667,-63202238.0,89672347.29,115559938.57,0.77,0.2387,0.0432,0.0432,0.0649,0.0649,0.0611,0.6649,0.6649,-0.0585,-2.204,-0.0381,64.0952,-1023.0797,1.0129,1.0129,1.0129,1.0129,1427.4261,13.9022,-0.03,-0.0431,-0.0431,2.7757,0.4167,90.0753,103.5736,-0.9151,-0.9751,-0.9645,0.3675,0.9555,0.9535,0.0014,0.6891,1844489234.34,1779761710.3,0.9703,-0.0294,0.9599,0.0102,0.0227,,0.9826,,0.0283,-4.0071,-1.4805,4.5963,4.4903,0.0471,4.0564,34.7541,-0.1866,-0.1866,-0.0112,40.7422,0.6546,0.8346,1485384745.09,0.8346,14.63,,-4.0577,-2.3989,-4.0577,-0.2048,-0.0297,1427.4261,13.71,-2.4168,-0.636,-1.0305,,,0.0264,0.0143,1690089363.01,2501160950.97,59.7648,59.9149,0.6649,0.6649,0.0669,0.4333,4240904107.27,0.07,0.2537,116452628.04,1779761710.3,-1.565,-0.864,-1.565,-0.0029,-0.0033,422.4914,330.7002,161.2576,95.5898,4.0605,2.3483,0.5291,46.7929,0.404,0.1145,0.0449,0.1145,-2020718.1458,-1746121.4068,5950958.7699,6128332.1481,7874453.5549,5721432.857,549193.478,0.0213,0.0324,0.0249,0.0324,0.0214,0.0324,0.3603,-0.3167,,-36.8419,-14.3461,-17.6038,0.9581,1305040.9096,2453564.562,7.2626,59.44,59.748,60.344,59.232,4555029.0,273463640.96
2025-04-03,-0.0637,-3.34,-1.29,-45.9506,-52.617,0.0576,20.3443,28.2215,-56.0151,-1.2396,-0.5292,-1.2396,0.582,58.0249,,88.0,32.0,-56.0,152.7877,-16.4922,22.168,1.5849,1.3091,5.978,1.0177,60.5748,-1.4091,0.8677,0.5464,,0.8677,-1.3492,-3.328,-0.4316,-4.7675,58.6486,64.4894,0.0,94.7628,0.0357,0.1303,-0.0375,-0.088,-0.088,-104.3842,-109.3456,-47.5239,-123.576,-0.001,-0.001,-3.2633,-24.8626,8.7,5.23,-24.9103,0.2367,-8.5257,1164958693.9,78.1972,0.0,4.8952,-0.0118,-0.008,-0.0114,-0.4994,-0.3866,,,,-1.2012,0.6792,0.4006,0.0244,0.0247,-1.24,0.6933,0.3067,0.6104,0.0,,0.0141,60.4277,65.5092,60.616,61.3444,61.856,59.9531,63.9135,-5.3228,-4.4119,0.042,0.042,2.1272,0.5994,0.7165,0.0007,0.0576,-0.495,0.2818,1.5751,1418.6074,0.8958,1.3907,0.8958,0.0494,0.0494,0.0494,0.0,0.3454,,,,,0.028,-0.246,-0.1207,-0.246,0.7118,0.4286,24.6786,26.5761,25.3111,0.0008,2.1223,-0.3946,2.1223,25.7942,23.511,0.1114,0.0552,0.0355,0.0552,1.0137,60.334,62.4997,61.569,59.778,62.4997,-0.0776,19.6238,1.8436,21.3083,159322088448.0,8075270293.18,-2.47,-2.66,0.0479,0.9344,-1.8201,131866220.5,-77743525.76,0.0077,-156696003.22,112308792.39,-1.3952,0.1475,0.0637,94665860.31,112308792.39,17161.9199,-1.7474,-1.7474,-0.0922,892689.47,0.8344,89672347.29,0.0642,0.1441,0.0637,17642932.08,89.7633,-59308670.4,-61830442.3333,-66665013.0,89672347.29,115559938.57,0.77,0.2387,0.0432,0.0432,0.0649,0.0649,0.0611,0.6649,0.6649,-0.0585,-2.204,-0.0381,63.6993,-1016.7591,1.0008,1.0008,1.0008,1.0008,1418.6074,12.4842,-0.0333,-0.0477,-0.0477,2.7871,0.4167,89.5188,103.5736,-0.9347,-0.9869,-0.9859,0.4003,0.9511,0.9725,0.0022,0.6891,1844489234.34,1779761710.3,0.9572,-0.0283,0.9449,-0.0047,0.0253,,0.9702,,0.0283,-5.5088,-2.3462,4.5963,4.4903,0.0471,4.0564,33.758,-0.1928,-0.1928,-0.011,36.4498,0.6546,0.8346,1485384745.09,0.8346,12.92,,-4.1324,-3.3871,-4.1324,-0.0287,-0.0428,1418.6074,13.71,-2.405,-0.6712,-1.0187,,,0.0266,0.0143,1690089363.01,2501160950.97,59.5454,59.6163,0.6649,0.6649,0.0669,0.4333,4240904107.27,0.07,0.2537,116452628.04,1779761710.3,-1.587,-1.288,-1.587,-0.0029,-0.0032,404.0567,327.129,163.898,100.4598,4.064,2.4798,0.5291,43.7934,0.3501,0.111,0.0432,0.111,-1982457.7402,-1829416.1178,5498561.7208,5718246.433,7547662.5508,4968546.9047,306083.2448,0.0201,0.0319,0.0239,0.0319,0.0205,0.0319,0.3824,-0.4425,,-36.0195,-28.699,-7.8338,1.0276,1456414.4358,2495009.3045,14.4667,59.073,58.974,59.689,58.855,3462775.0,206805258.43
2025-04-07,-0.0637,-12.94,-10.42,-47.7489,-56.0618,-0.2206,24.617,35.022,-66.918,-1.2958,-0.6325,-1.2958,1.7696,51.8924,,100.0,28.0,-72.0,119.2815,-188.2554,22.168,2.1231,2.6109,5.978,1.15,59.0868,-8.9764,1.5568,1.6612,,1.5568,-13.4419,-15.7069,-11.5328,-17.3716,55.6763,66.2317,0.0,67.3891,0.0357,0.1303,-0.0375,-0.088,-0.088,-313.2957,-336.4136,-166.6667,-332.1695,-0.0011,-0.0011,-6.5715,52.1261,16.84,4.54,-57.5304,0.2056,-13.5406,1164958693.9,41.7842,0.0,7.8853,-0.0096,-0.0087,-0.0065,-1.529,-0.6882,1.9419,0.8423,3.4927,-1.3379,0.6792,0.4006,0.0244,0.0251,-1.8849,0.8441,0.1559,0.9145,0.0,,0.1563,58.7827,65.2757,59.1951,60.3954,61.08,57.0954,63.5025,-27.1637,-54.1762,0.042,0.042,2.1272,0.5994,0.7165,0.0008,0.0,-0.495,0.2818,1.5751,1224.5976,0.2304,0.2462,0.2304,0.0494,0.0494,0.0494,0.0,0.3454,,,,,0.0445,-0.2998,-0.295,-0.2998,0.7118,0.3571,23.067,13.3974,19.8438,-0.1028,8.8491,13.4693,8.8491,25.6471,23.364,0.1114,0.2145,0.2008,0.2145,1.1553,59.359,62.182,60.954,58.078,62.182,-1.094,20.6006,5.4981,69.6789,137533079712.0,7903031397.53,-3.19,-9.75,0.0479,0.9344,-1.8201,131866220.5,-77743525.76,0.0077,-156696003.22,112308792.39,-1.3952,0.1475,0.0637,94665860.31,112308792.39,16870.0486,-1.7474,-1.7474,-0.0922,892689.47,0.8344,89672347.29,0.0642,0.1441,0.0637,17642932.08,89.7633,-60896245.65,-66261705.6667,-81088415.0,89672347.29,115559938.57,0.77,0.2387,0.0432,0.0432,0.0649,0.0649,0.0611,0.6649,0.6649,-0.0585,-2.204,-0.0381,54.9877,-877.7064,0.9957,0.9957,0.9957,0.9957,1224.5976,8.0769,-0.1571,-0.1737,-0.1737,2.7581,0.4167,77.2761,89.4088,-1.1129,-1.3326,-2.9585,0.3239,0.8325,0.8576,0.0101,0.6891,1844489234.34,1779761710.3,0.8405,-0.0331,0.8068,-0.0081,0.0512,,0.858,,0.0283,-19.3153,-16.251,4.5963,4.4903,0.0471,4.0564,19.0419,-0.3399,-0.3399,-0.0095,24.9117,0.6546,0.8346,1485384745.09,0.8346,17.59,,-4.817,-4.977,-4.817,-2.6095,-0.1595,1224.5976,13.71,-2.3574,-0.6343,-0.9711,,,0.0308,0.0143,1690089363.01,2501160950.97,55.7405,53.7768,0.6649,0.6649,0.0669,0.4333,4240904107.27,0.07,0.2537,116452628.04,1779761710.3,-1.4873,-1.5358,-1.4873,-0.0037,-0.0081,395.6898,410.0781,136.6004,206.952,6.3901,7.1622,0.5291,28.3307,0.3034,0.231,0.2628,0.231,-1785861.2819,-999475.4485,7121259.9534,7057501.1356,8056976.5841,8120165.2698,1572771.6668,0.0229,0.0325,0.0238,0.0325,0.026,0.0325,0.374,0.9849,,-21.8471,189.787,209.713,1.001,3183037.3188,2433812.4871,13.3763,50.994,56.572,57.991,50.022,14423402.0,781893753.19
2025-04-08,-0.0637,-7.86,-5.82,-48.7958,-57.1185,-0.4833,28.5956,40.9157,-58.5051,-0.9693,-0.1129,-0.9693,2.0248,52.9678,,96.0,24.0,-72.0,136.724,-180.7971,22.168,2.2257,2.7691,5.978,1.0671,58.1666,-6.6012,1.6595,1.7795,,1.6595,-7.2754,-9.9276,-4.6695,-12.0365,54.6269,66.4091,0.0,83.7562,0.0357,0.1303,-0.0375,-0.088,-0.088,-159.7822,-255.6706,-78.5797,-275.0421,-0.0011,-0.0011,-4.6505,47.7671,16.39,7.67,-36.2427,0.1766,-15.8063,1164958693.9,41.3815,0.0,8.419,-0.0077,-0.0083,-0.0017,-1.7898,-0.7342,1.9419,0.8423,3.4791,-1.4941,0.6792,0.4006,0.0244,0.0252,-2.119,0.8671,0.1329,0.7926,0.0,,0.0525,58.0058,65.0977,58.4743,59.8349,60.5933,56.2336,63.2077,-28.3038,-56.4887,0.042,0.042,2.1272,0.5994,0.7165,0.0008,0.1882,-0.495,0.2818,1.5751,1299.1984,0.3966,0.4237,0.3966,0.0851,0.0851,0.0851,0.0,0.3454,,,,,0.0504,-0.2239,-0.1473,-0.2239,0.7118,0.3846,23.9392,29.1727,25.6837,-0.0914,7.2758,9.5829,7.2758,25.7063,23.4231,0.1114,0.2145,0.2008,0.2145,1.0785,58.787,61.9689,60.518,57.18,61.9689,-1.2498,21.3947,8.0121,57.6046,145911408624.0,8037458279.65,-3.462,-5.72,0.0479,0.9344,-1.8201,131866220.5,-77743525.76,0.0077,-156696003.22,112308792.39,-1.3952,0.1475,0.0637,94665860.31,112308792.39,16987.0109,-1.7474,-1.7474,-0.0922,892689.47,0.8344,89672347.29,0.0642,0.1441,0.0637,17642932.08,95.2316,-61480107.55,-67536292.8333,-69057991.0,89672347.29,115559938.57,0.77,0.2387,0.0432,0.0432,0.0649,0.0649,0.0611,0.6649,0.6649,-0.0585,-2.204,-0.0381,58.3375,-931.175,0.8801,0.8801,0.8801,0.8801,1299.1984,6.6773,-0.0993,-0.1204,-0.1204,2.7781,0.4167,81.9837,89.4088,-1.2341,-1.5285,-2.2256,0.5527,0.8766,0.8654,0.0045,0.6891,1844489234.34,1779761710.3,0.905,0.013,0.8621,0.028,0.0618,,0.9239,,0.0283,-13.7909,-8.9679,4.5963,4.4903,0.0471,4.0564,30.2013,-0.2808,-0.2808,-0.0081,46.7339,0.6546,0.8346,1485384745.09,0.8346,22.51,,-3.5988,-2.9819,-3.5988,-2.0184,-0.095,1299.1984,11.63,-2.3193,-0.6533,-0.933,,,0.029,0.0143,1690089363.01,2501160950.97,54.6653,53.5411,0.6649,0.6649,0.0669,0.4333,4240904107.27,0.07,0.2537,116452628.04,1779761710.3,-1.1027,-0.9568,-1.1027,-0.0046,-0.011,402.456,449.0813,145.8437,229.1512,7.0491,8.2802,0.5291,35.042,0.6954,0.2585,0.326,0.2585,-1534436.9916,-528739.8306,8013835.2346,7822566.1917,8351306.0223,9423584.8465,2011394.322,0.0251,0.0328,0.0245,0.0328,0.0311,0.0328,0.4049,0.6872,,-15.0802,80.7511,74.1109,0.9524,3667923.0461,2714429.7109,10.6135,54.101,51.689,54.528,51.689,12030424.0,650012096.43
2025-04-09,-0.0637,-4.51,0.44,-49.3563,-55.1718,-0.2745,28.4852,37.9332,-43.7069,-0.4119,0.7812,-0.4119,2.4488,79.3685,,92.0,20.0,-72.0,183.1991,-56.9186,22.168,2.481,3.2743,5.978,0.9799,58.0873,-4.8667,1.7754,1.9185,,1.7754,1.0983,-1.6573,4.1535,-4.2268,54.6092,65.9488,0.0,103.8306,0.0357,0.1303,-0.0375,-0.088,-0.088,-30.5992,-99.4083,17.5571,-139.5358,-0.001,-0.001,1.2666,89.562,16.39,11.61,-17.0714,0.175,-14.5109,1164958693.9,64.8569,0.0,9.3634,-0.0042,-0.0075,0.0043,-1.0853,-0.4508,1.9419,0.8423,3.4722,-1.5749,0.6792,0.4006,0.0244,0.0252,-1.8978,0.7254,0.2746,0.6869,0.0,,0.0978,58.2375,65.0016,58.5982,59.782,60.496,57.2491,63.0789,-19.8007,-33.9516,0.042,0.042,2.1272,0.5994,0.7165,0.0007,0.475,-0.495,0.2818,1.5751,1412.8872,0.7516,0.8029,0.7516,0.1612,0.1612,0.1612,0.0,0.3454,,,,,0.0565,-0.112,0.0055,-0.112,0.7118,0.3846,30.6367,70.8214,44.0316,0.0267,5.6858,6.1766,5.6858,25.7902,23.507,0.1114,0.2145,0.2008,0.2145,0.9891,58.636,61.8962,60.279,56.916,61.8962,-0.6458,22.1981,12.4549,44.7867,158679660672.0,8484744342.92,-3.286,-1.51,0.0479,0.9344,-1.8201,131866220.5,-77743525.76,0.0077,-156696003.22,112308792.39,-1.3952,0.1475,0.0637,94665860.31,112308792.39,17153.8564,-1.7474,-1.7474,-0.0922,892689.47,0.8344,89672347.29,0.0642,0.1441,0.0637,17642932.08,95.2316,-61631340.2,-65069091.1667,-51753681.0,89672347.29,115559938.57,0.77,0.2387,0.0432,0.0432,0.0649,0.0649,0.0611,0.6649,0.6649,-0.0585,-2.204,-0.0381,63.4424,-1012.6593,0.9427,0.9427,0.9427,0.9427,1412.8872,30.7726,-0.0166,-0.0423,-0.0423,2.806,0.5,89.1578,97.2327,-1.2194,-1.4595,-0.7114,0.7021,0.9697,0.9502,0.0068,0.6891,1844489234.34,1779761710.3,0.9752,0.0304,0.9254,0.0281,0.0528,,0.9782,,0.0283,-7.4618,0.4746,4.5963,4.4903,0.0471,4.0564,45.9939,-0.1969,-0.1969,-0.008,59.8984,0.6546,0.8346,1485384745.09,0.8346,22.51,,-2.1297,-1.1725,-2.1297,-2.1013,-0.0248,1412.8872,16.33,-2.267,-0.5902,-0.8807,,,0.0267,0.0143,1690089363.01,2501160950.97,56.1923,57.0284,0.6649,0.6649,0.0669,0.4333,4240904107.27,0.07,0.2537,116452628.04,1779761710.3,-0.6701,-0.4026,-0.6701,-0.0049,-0.0092,425.2351,566.0983,196.8568,306.5064,7.025,8.2747,0.5291,48.2041,1.026,0.312,0.434,0.312,-1174188.692,266804.5063,9703012.4647,9281296.0084,9014491.5021,12050493.231,2881986.3966,0.0294,0.0336,0.0261,0.0336,0.0379,0.0336,0.5032,1.3215,,-4.7077,148.675,236.2396,1.2663,4888126.9479,3590887.4709,23.1792,58.835,53.674,59.252,53.495,17304310.0,1006183221.24
2025-04-10,-0.0637,-3.82,-1.85,-49.4178,-53.3109,-0.171,26.7674,35.0681,-40.3544,-0.5725,0.4927,-0.5725,2.8872,68.4846,,88.0,16.0,-72.0,156.8756,-69.0578,22.168,2.4409,3.0486,5.978,0.9898,58.6244,-0.8329,1.7336,1.8477,,1.7336,1.3102,-1.414,4.3076,-4.199,54.5669,65.5921,0.0,88.391,0.0357,0.1303,-0.0375,-0.088,-0.088,18.5209,-40.1262,62.9222,-90.2932,-0.001,-0.001,4.6388,101.0753,15.6,11.61,-14.6637,0.1487,-13.5553,1164958693.9,71.5248,0.0,9.1984,-0.0015,-0.0073,0.0094,-0.4765,-0.225,1.9419,0.8423,3.4583,-1.6013,0.6792,0.4006,0.0244,0.0253,-1.7069,0.6125,0.3875,1.006,0.0,,0.0324,58.418,64.9062,58.6954,59.7294,60.4023,57.9094,62.9527,-17.9171,-30.8376,0.042,0.042,2.1272,0.5994,0.7165,0.0007,0.4721,-0.495,0.2818,1.5751,1411.6955,0.7676,0.7943,0.7676,0.1612,0.1612,0.1612,0.0,0.3454,,,,,0.0542,-0.1241,-0.0022,-0.1241,0.7118,0.3846,39.2103,90.6519,56.3575,0.1778,5.9063,6.3217,5.9063,25.7893,23.5062,0.1114,0.2101,0.203,0.2101,0.9871,58.464,61.8261,60.0795,56.784,61.8261,-0.2112,22.8096,14.592,39.4528,158545821552.0,8607339247.91,-3.231,-1.72,0.0479,0.9344,-1.8201,131866220.5,-77743525.76,0.0077,-156696003.22,112308792.39,-1.3952,0.1475,0.0637,94665860.31,112308792.39,17152.1727,-1.7474,-1.7474,-0.0922,892689.47,0.8344,89672347.29,0.0642,0.1441,0.0637,17642932.08,95.1513,-61921638.7,-65906834.0,-63673666.0,89672347.29,115559938.57,0.77,0.2387,0.0432,0.0432,0.0649,0.0649,0.0611,0.6649,0.6649,-0.0585,-2.204,-0.0381,63.3889,-1011.8051,1.0219,1.0219,1.0219,1.0219,1411.6955,28.3095,-0.0141,-0.042,-0.042,2.7635,0.5,89.0826,97.2327,-1.1982,-1.4279,-0.7215,0.6756,0.9834,0.9403,0.0028,0.6891,1844489234.34,1779761710.3,0.9718,0.0251,0.9369,0.0149,0.0521,,0.989,,0.0283,-6.3113,-2.2607,4.5963,4.4903,0.0471,4.0564,47.7518,-0.1977,-0.1977,-0.0067,46.9185,0.6546,0.8346,1485384745.09,0.8346,22.51,,-2.1104,-0.9389,-2.1104,-2.1187,-0.0282,1411.6955,18.66,-2.2324,-0.5688,-0.8461,,,0.0267,0.0143,1690089363.01,2501160950.97,57.2658,58.6428,0.6649,0.6649,0.0669,0.4333,4240904107.27,0.07,0.2537,116452628.04,1779761710.3,-0.6709,-0.3343,-0.6709,-0.0048,-0.0062,431.5672,604.2353,204.0175,307.6207,7.0557,8.2088,0.5291,50.2821,0.8892,0.3037,0.4327,0.3037,-847843.9699,457534.9183,10106098.3802,9687248.161,9229713.2427,12006990.4873,2610757.7764,0.0324,0.0339,0.0266,0.0339,0.0433,0.0339,0.512,0.6001,,3.7432,98.5671,50.7012,1.0048,4778313.5434,3724283.647,18.6535,58.785,58.805,59.47,57.565,11919985.0,707053715.81
2025-04-11,-0.0637,-3.21,-1.56,-49.2039,-50.6467,-0.2654,25.7623,32.6978,-38.3808,-0.6492,0.4226,-0.6492,3.2724,65.4887,,84.0,12.0,-72.0,154.3424,-73.6478,22.168,2.378,2.8005,5.978,1.0003,58.8489,-0.9425,1.7256,1.829,,1.7256,1.0616,-1.8084,3.8555,-4.7275,54.4638,65.3632,0.0,88.8537,0.0357,0.1303,-0.0375,-0.088,-0.088,16.5954,-45.0856,62.9158,-96.2403,-0.001,-0.001,6.2246,94.0348,14.93,11.61,-12.5094,0.1559,-12.6012,1164958693.9,75.1801,0.0,9.0396,0.0003,-0.0067,0.014,0.1142,-0.1974,1.9419,0.8423,3.4528,-1.595,0.6792,0.4006,0.0244,0.0253,-1.5697,0.5987,0.4013,1.2608,0.0,,0.0265,58.4929,64.8057,58.7161,59.6438,60.2858,58.2162,62.8176,-17.4582,-31.5189,0.042,0.042,2.1272,0.5994,0.7165,0.0007,0.4479,-0.495,0.2818,1.5751,1402.1619,0.7931,0.7876,0.7931,0.1612,0.1612,0.1612,0.0,0.3454,,,,,0.052,-0.1331,0.0013,-0.1331,0.7118,0.4167,47.5424,97.5353,64.2067,0.2142,6.1126,6.5114,6.1126,25.7825,23.4994,0.1114,0.2033,0.2047,0.2033,0.9895,58.212,61.7492,59.9135,56.646,61.7492,0.0506,23.2752,15.9933,35.7136,157475108592.0,8775900680.77,-3.403,-2.52,0.0479,0.9344,-1.8201,131866220.5,-77743525.76,0.0077,-156696003.22,112308792.39,-1.3952,0.1475,0.0637,94665860.31,112308792.39,17138.6559,-1.7474,-1.7474,-0.0922,892689.47,0.8344,89672347.29,0.0642,0.1441,0.0637,17642932.08,94.5087,-62375567.05,-67588919.3333,-73294750.0,89672347.29,115559938.57,0.77,0.2387,0.0432,0.0432,0.0649,0.0649,0.0611,0.6649,0.6649,-0.0585,-2.204,-0.0381,62.9608,-1004.9721,1.0187,1.0187,1.0187,1.0187,1402.1619,25.1839,-0.0181,-0.0473,-0.0473,2.7788,0.4167,88.481,97.2327,-1.1867,-1.3982,-0.7865,0.6783,0.9678,0.9238,0.0033,0.6891,1844489234.34,1779761710.3,0.9589,0.0274,0.9466,-0.0016,0.0418,,0.9884,,0.0283,-5.3419,-1.7699,4.5963,4.4903,0.0471,4.0564,45.5616,-0.2046,-0.2046,-0.0071,37.9344,0.6546,0.8346,1485384745.09,0.8346,23.25,,-2.164,-0.7486,-2.164,-2.0209,-0.0411,1402.1619,17.08,-2.2054,-0.5656,-0.8191,,,0.0269,0.0143,1690089363.01,2501160950.97,57.8465,59.0463,0.6649,0.6649,0.0669,0.4333,4240904107.27,0.07,0.2537,116452628.04,1779761710.3,-0.682,-0.2684,-0.682,-0.0046,-0.0036,440.0087,652.8135,205.9564,265.0012,7.0842,8.1771,0.5291,50.1739,0.7706,0.2957,0.4301,0.2957,-594602.0979,418365.3901,10017913.9474,9677069.0593,9258703.6692,11211688.3249,2025934.976,0.0342,0.0339,0.0272,0.0339,0.0479,0.0339,0.5047,0.2792,,7.0937,74.0364,111.2189,0.766,4548746.4637,3753635.3322,15.6707,58.388,58.071,59.004,57.455,9621084.0,564932680.48
2025-04-14,-0.0637,-3.08,0.15,-48.7836,-46.5321,-0.1913,26.3271,30.6435,-31.3275,-0.5961,1.1135,-0.5961,2.1628,64.356,,80.0,8.0,-72.0,151.6987,-59.0059,22.168,2.2896,2.5238,5.978,0.9896,58.7817,-0.6036,1.7293,2.0184,,1.7293,2.125,-0.5966,1.9742,-3.7129,54.4462,65.0668,0.0,87.3427,0.0357,0.1303,-0.0375,-0.088,-0.088,33.358,-27.5277,60.3672,-83.0386,-0.001,-0.001,8.5517,70.2938,14.93,11.79,-11.7515,0.1666,-11.1478,1164958693.9,77.765,0.0,8.906,0.0007,-0.0064,0.0092,0.3494,-0.1652,1.9419,0.8423,3.4387,-1.5557,0.6792,0.4006,0.0244,0.0253,-1.3989,0.5826,0.4174,1.0927,0.0,,0.0192,58.6578,64.7164,58.8213,59.6206,60.2202,58.6108,62.7055,-14.3079,-28.9005,0.042,0.042,2.1272,0.5994,0.7165,0.0007,0.4822,-0.495,0.2818,1.5751,1415.7473,0.7517,0.7465,0.7517,0.1528,0.1528,0.1528,0.0,0.3454,,,,,0.0522,-0.1241,0.0464,-0.1241,0.7118,0.4615,55.4418,102.8379,71.2405,0.2813,6.2859,6.4955,6.2859,25.7922,23.509,0.1114,0.2033,0.2047,0.2033,0.9792,58.164,61.6905,59.7565,58.25,61.6905,0.3136,23.514,17.0814,32.1468,159000874560.0,8821334274.04,-3.185,-0.48,0.0479,0.9344,-1.8201,131866220.5,-77743525.76,0.0077,-156696003.22,112308792.39,-1.3952,0.1475,0.0637,94665860.31,112308792.39,17157.8919,-1.7474,-1.7474,-0.0922,892689.47,0.8344,89672347.29,0.0642,0.1441,0.0637,17642932.08,95.4244,-62772656.85,-67405299.0,-65563291.0,89672347.29,115559938.57,0.77,0.2387,0.0432,0.0432,0.0649,0.0649,0.0611,0.6649,0.6649,-0.0585,-2.204,-0.0381,63.5708,-1014.7092,1.0106,1.0106,1.0106,1.0106,1415.7473,22.6687,-0.006,-0.0371,-0.0371,2.7418,0.4167,89.3383,97.2327,-1.1697,-1.3525,-0.7116,0.6969,0.9746,0.9394,0.002,0.6891,1844489234.34,1779761710.3,0.992,0.026,0.9498,0.0153,0.2063,,1.1561,,0.0283,-5.0208,-0.2016,4.5963,4.4903,0.0471,4.0564,46.554,-0.1949,-0.1949,-0.0077,49.0796,0.6546,0.8346,1485384745.09,0.8346,21.9,,-2.0214,-0.6836,-2.0214,-2.044,-0.008,1415.7473,17.71,-2.1842,-0.5569,-0.7979,,,0.0266,0.0143,1690089363.01,2501160950.97,58.5164,59.5572,0.6649,0.6649,0.0669,0.4333,4240904107.27,0.07,0.2537,116452628.04,1779761710.3,-0.6289,-0.2223,-0.6289,-0.0042,-0.0013,442.2676,694.3283,205.866,190.0743,6.9701,4.5353,0.5291,52.9504,1.0532,0.2894,0.431,0.2894,-429247.6782,232170.0004,9602194.8661,9377744.4348,9145574.4344,10051611.8833,1322835.3572,0.0345,0.0338,0.0274,0.0338,0.043,0.0338,0.5003,0.0311,,11.2136,105.7826,123.2735,0.9132,4507429.6991,3748933.6381,20.995,58.954,58.379,59.004,57.872,7731459.0,455894120.56
2025-04-15,-0.0637,-4.27,7.47,-48.4108,-40.9827,-0.2484,26.8702,28.9703,-33.6214,-0.6719,0.8295,-0.6719,1.7256,56.6315,,76.0,4.0,-72.0,134.3212,96.5591,22.168,2.2096,2.2982,5.978,1.0057,58.9127,-0.6359,1.7267,2.0069,,1.7267,0.788,-1.6314,-0.8195,-4.9251,54.4023,64.7007,0.0,77.6897,0.0357,0.1303,-0.0375,-0.088,-0.088,23.7549,-33.7749,14.1093,-89.8348,-0.001,-0.001,7.9964,60.7698,15.75,11.65,-14.9635,0.1517,-10.0015,1164958693.9,72.4412,0.0,8.7691,0.0013,-0.0059,0.0051,0.3857,-0.1894,1.9419,0.8423,3.4387,-1.5075,0.6792,0.4006,0.0244,0.0252,-1.3145,0.5947,0.4053,1.331,0.0,,0.0191,58.6437,64.615,58.7842,59.5215,60.0987,58.6006,62.5702,-14.3289,20.0495,0.042,0.042,2.1272,0.5994,0.7165,0.0007,0.4329,-0.495,0.2818,1.5751,1396.2034,0.7822,0.746,0.7822,0.1528,0.1528,0.1528,0.0,0.3454,,,,,0.0533,-0.136,0.0126,-0.136,0.7118,0.4167,61.5317,98.0714,73.7116,0.2815,6.4329,6.3112,6.4329,25.7783,23.4951,0.1114,0.1954,0.2049,0.1954,0.9922,58.122,61.6146,59.5515,59.064,61.6146,0.386,23.6469,16.7491,29.352,156805912992.0,8846755886.18,-2.859,-0.42,0.0479,0.9344,-1.8201,131866220.5,-77743525.76,0.0077,-156696003.22,112308792.39,-1.3952,0.1475,0.0637,94665860.31,112308792.39,17130.1647,-1.7474,-1.7474,-0.0922,892689.47,0.8344,89672347.29,0.0642,0.1441,0.0637,17642932.08,94.1071,-63741497.25,-65837288.6667,-71680353.0,89672347.29,115559938.57,0.77,0.2387,0.0432,0.0432,0.0649,0.0649,0.0611,0.6649,0.6649,-0.0585,-2.204,-0.0381,62.6933,-1000.7014,1.0185,1.0185,1.0185,1.0185,1396.2034,20.3575,-0.0163,-0.0493,-0.0493,2.7508,0.3333,88.105,97.2327,-1.1623,-0.9921,-0.796,0.6571,0.9548,0.9145,0.0017,0.6891,1844489234.34,1779761710.3,0.9929,0.0253,0.9346,-0.0245,0.1401,,1.0747,,0.0283,-6.5412,14.0132,4.5963,4.4903,0.0471,4.0564,43.9546,-0.2088,-0.2088,-0.0069,40.681,0.6546,0.8346,1485384745.09,0.8346,21.9,,-2.154,-0.9862,-2.154,-2.0671,-0.0071,1396.2034,16.46,-2.1678,-0.56,-0.7815,,,0.027,0.0143,1690089363.01,2501160950.97,58.6031,59.1313,0.6649,0.6649,0.0669,0.4333,4240904107.27,0.07,0.2537,116452628.04,1779761710.3,-0.6633,-0.3232,-0.6633,-0.0038,-0.0001,443.5112,623.8226,205.2516,226.1355,6.8133,0.8668,0.5291,52.4626,0.9128,0.2827,0.4325,0.2827,-352425.9819,-45139.1967,8968534.345,8876100.9833,8921240.18,8740095.2555,614573.5704,0.0348,0.0335,0.0276,0.0335,0.0386,0.0335,0.495,-0.175,,16.1546,31.3514,-57.5893,0.7715,4414905.97,3728811.9464,11.3825,58.14,58.776,58.905,57.793,6117062.0,358859629.29
2025-04-16,-0.0637,-3.34,4.87,-48.1759,-37.1818,-0.221,26.8257,26.4896,-35.6998,-0.6805,0.8567,-0.6805,1.3104,54.6518,,72.0,4.0,-68.0,132.0286,101.9256,22.168,2.1753,2.2035,5.978,1.0059,58.997,-0.7151,1.726,2.0084,,1.726,1.2481,-1.1878,-0.4886,-4.7023,54.396,64.314,0.0,77.3768,0.0357,0.1303,-0.0375,-0.088,-0.088,36.4063,-21.7917,-5.3015,-82.3981,-0.001,-0.001,6.3809,54.3857,15.65,11.72,-14.3588,0.1423,-8.7344,1164958693.9,76.6196,0.0,8.6271,0.0007,-0.0055,-0.0033,0.53,-0.185,1.9419,0.8423,3.4256,-1.4516,0.6792,0.4006,0.0244,0.0253,-1.2278,0.5925,0.4075,1.1535,0.0,,0.0295,58.6448,64.5164,58.7636,59.4385,59.9914,58.617,62.4417,-13.9454,24.6829,0.042,0.042,2.1272,0.5994,0.7165,0.0007,0.4371,-0.495,0.2818,1.5751,1397.8717,0.7633,0.728,0.7633,0.1491,0.1491,0.1491,0.0,0.3454,,,,,0.0532,-0.1361,0.0169,-0.1361,0.7118,0.4545,66.8129,98.4998,77.3752,0.3084,6.6476,6.323,6.6476,25.7795,23.4963,0.1114,0.1954,0.2049,0.1954,0.9877,57.927,61.544,59.355,58.938,61.544,0.4476,23.7237,17.4935,25.8395,156993287760.0,8858992317.9,-2.856,-1.95,0.0479,0.9344,-1.8201,131866220.5,-77743525.76,0.0077,-156696003.22,112308792.39,-1.3952,0.1475,0.0637,94665860.31,112308792.39,17132.5456,-1.7474,-1.7474,-0.0922,892689.47,0.8344,89672347.29,0.0642,0.1441,0.0637,17642932.08,94.2196,-64199179.55,-65379915.6667,-66313753.0,89672347.29,115559938.57,0.77,0.2387,0.0432,0.0432,0.0649,0.0649,0.0611,0.6649,0.6649,-0.0585,-2.204,-0.0381,62.7682,-1001.8972,1.0041,1.0041,1.0041,1.0041,1397.8717,20.9861,-0.0119,-0.047,-0.047,2.7783,0.4167,88.2103,97.2327,-1.1406,-0.7528,-0.7896,0.7096,0.9795,0.9277,0.002,0.6891,1844489234.34,1779761710.3,0.9678,0.0332,0.9372,-0.0162,0.0522,,0.9894,,0.0283,-6.28,7.5949,4.5963,4.4903,0.0471,4.0564,47.1409,-0.2076,-0.2076,-0.0065,50.1103,0.6546,0.8346,1485384745.09,0.8346,21.13,,-2.1154,-0.9329,-2.1154,-2.1588,-0.0322,1397.8717,16.46,-2.1535,-0.5597,-0.7672,,,0.027,0.0143,1690089363.01,2501160950.97,58.6937,58.9316,0.6649,0.6649,0.0669,0.4333,4240904107.27,0.07,0.2537,116452628.04,1779761710.3,-0.6439,-0.3055,-0.6439,-0.0034,0.0005,444.1408,568.1506,204.8181,257.3601,6.7973,0.9288,0.5291,63.7892,1.1586,0.276,0.4327,0.276,-346291.9345,-321755.7449,8313637.1914,8336177.7551,8657933.5,7615596.837,49072.3792,0.0339,0.0332,0.0277,0.0332,0.0299,0.0332,0.491,-0.2712,,16.0995,-22.3316,-55.3914,0.9075,4587058.6579,3711295.6283,15.0803,58.21,58.269,59.401,57.684,5366600.0,315980332.33
2025-04-17,-0.0637,-2.26,-0.29,-47.8736,-36.2126,-0.1839,25.7874,24.3396,-37.8916,-0.6574,1.0657,-0.6574,0.8476,46.2825,,68.0,12.0,-56.0,124.0803,3.0144,22.168,2.0806,1.9779,5.978,1.0029,58.8723,-0.3358,1.7264,2.0184,,1.7264,1.543,-0.8513,-0.2244,-4.5185,54.3658,64.0422,0.0,77.7978,0.0357,0.1303,-0.0375,-0.088,-0.088,41.6913,-17.9674,-3.1876,-80.8183,-0.001,-0.001,4.4426,42.135,14.79,11.77,-11.3705,1.3359,-8.0851,1164958693.9,80.3812,0.0,8.4892,0.0011,-0.0052,-0.0083,0.5224,-0.1828,1.9404,0.8439,3.3645,-1.3896,0.6792,0.4006,0.0244,0.0252,-1.1419,0.5914,0.4086,0.9997,0.0,,0.0145,58.6548,64.4202,58.7538,59.3681,59.8957,58.6447,62.319,-14.2836,6.0547,0.042,0.042,2.1272,0.5994,0.7165,0.0007,0.4403,-0.495,0.2818,1.5751,1399.0635,0.7444,0.7099,0.7444,0.1454,0.1454,0.1454,0.0,0.3454,,,,,0.052,-0.1335,0.0444,-0.1335,0.7118,0.4545,71.4236,99.0881,80.6451,0.2911,6.8629,6.5043,6.8629,25.7803,23.4972,0.1114,0.1954,0.2049,0.1954,0.9848,57.808,61.4779,59.204,58.832,61.4779,0.4954,23.7488,16.8379,23.4135,157127126880.0,8818005989.34,-2.792,-1.19,0.0479,0.9344,-1.8201,131866220.5,-77743525.76,0.0077,-156696003.22,112308792.39,-1.3952,0.1475,0.0637,94665860.31,112308792.39,17134.2447,-1.7474,-1.7474,-0.0922,892689.47,0.8344,89672347.29,0.0642,0.1441,0.0637,17642932.08,94.2999,-64180799.75,-67049261.0,-61769753.0,89672347.29,115559938.57,0.77,0.2387,0.0432,0.0432,0.0649,0.0649,0.0611,0.6649,0.6649,-0.0585,-2.204,-0.0381,62.8217,-1002.7513,1.0049,1.0049,1.0049,1.0049,1399.0635,19.0158,-0.0085,-0.0452,-0.0452,2.7822,0.5,88.2855,97.2327,-1.1123,-0.7651,-0.7857,0.7093,0.9949,0.9445,0.0016,0.6891,1844489234.34,1779761710.3,0.9801,0.0346,0.9511,-0.0023,0.04,,0.9911,,0.0283,-4.8931,-0.9784,4.5963,4.4903,0.0471,4.0564,49.2747,-0.2067,-0.2067,-0.0063,57.6775,0.6546,0.8346,1485384745.09,0.8346,20.17,,-2.0812,-0.6566,-2.0812,-2.172,-0.0199,1399.0635,16.46,-2.1417,-0.5618,-0.7554,,,0.027,0.0143,1690089363.01,2501160950.97,58.7755,58.8443,0.6649,0.6649,0.0669,0.4333,4240904107.27,0.07,0.2537,116452628.04,1779761710.3,-0.626,-0.2136,-0.626,-0.0031,0.0007,442.1095,445.0354,206.4331,166.5833,6.711,1.0455,0.5291,59.6272,1.3624,0.2696,0.431,0.2696,-397119.9261,-600431.8924,7628248.6111,7752765.7928,8353197.6852,6591731.2247,-406623.9326,0.0339,0.0328,0.0276,0.0328,0.0245,0.0328,0.4947,-0.3772,,17.4239,-11.7057,-73.7406,1.0288,4588314.9437,3728338.6038,19.2455,58.259,58.24,58.885,58.041,4544000.0,267491862.48
2025-04-18,-0.0637,-3.93,-0.5,-47.5779,-36.0345,-0.2673,26.5872,24.4135,-39.2859,-0.7303,0.5661,-0.7303,0.576,43.737,,64.0,8.0,-56.0,118.8617,-31.0331,22.168,2.027,1.8699,5.978,1.0145,58.64,-1.3007,1.7248,2.0326,,1.7248,0.2845,-2.009,-1.4089,-5.8545,54.3206,63.6494,0.0,75.1247,0.0357,0.1303,-0.0375,-0.088,-0.088,13.3099,-51.5251,-166.6667,-103.5998,-0.001,-0.001,2.8021,42.6724,15.69,11.31,-16.2222,1.2993,-7.3551,1164958693.9,71.6786,0.0,8.37,0.0019,-0.0052,-0.0116,0.3271,-0.1728,1.9404,0.8439,3.3645,-1.3384,0.6792,0.4006,0.0244,0.0252,-1.1335,0.5864,0.4136,1.2157,0.0,,0.0213,58.4994,64.3108,58.607,59.2188,59.7405,58.3631,62.1709,-15.4817,-3.8129,0.042,0.042,2.1272,0.5994,0.7165,0.0007,0.3863,-0.495,0.2818,1.5751,1377.6127,0.7741,0.7175,0.7741,0.1454,0.1454,0.1454,0.0,0.3454,,,,,0.0538,-0.1458,-0.012,-0.1458,0.7118,0.4,73.6434,86.9625,78.0831,0.2448,6.9882,6.2977,6.9882,25.7649,23.4817,0.1114,0.1879,0.2027,0.1879,0.9972,57.636,61.3943,58.985,58.626,61.3943,0.4098,23.7677,15.9879,28.1297,154718022720.0,8671834457.8,-2.698,-1.72,0.0479,0.9344,-1.8201,131866220.5,-77743525.76,0.0077,-156696003.22,112308792.39,-1.3952,0.1475,0.0637,94665860.31,112308792.39,17103.4559,-1.7474,-1.7474,-0.0922,892689.47,0.8344,89672347.29,0.0642,0.1441,0.0637,17642932.08,94.2999,-64726968.2,-67504470.5,-66404923.0,89672347.29,115559938.57,0.77,0.2387,0.0432,0.0432,0.0649,0.0649,0.0611,0.6649,0.6649,-0.0585,-2.204,-0.0381,61.8585,-987.377,1.0053,1.0053,1.0053,1.0053,1377.6127,16.9162,-0.0201,-0.0585,-0.0585,2.7673,0.4167,86.9319,95.7419,-1.1078,-0.7877,-0.8568,0.6333,0.9538,0.9242,0.0018,0.6891,1844489234.34,1779761710.3,0.9711,0.0259,0.9296,0.0024,0.0529,,0.9825,,0.0283,-7.0441,-2.4143,4.5963,4.4903,0.0471,4.0564,42.993,-0.2221,-0.2221,-0.0066,49.2697,0.6546,0.8346,1485384745.09,0.8346,21.4,,-2.225,-1.0893,-2.225,-2.2442,-0.0289,1377.6127,15.68,-2.1297,-0.5639,-0.7434,,,0.0274,0.0143,1690089363.01,2501160950.97,58.4194,58.152,0.6649,0.6649,0.0669,0.4333,4240904107.27,0.07,0.2537,116452628.04,1779761710.3,-0.6629,-0.3522,-0.6629,-0.0028,0.0002,434.7648,371.914,210.0222,117.6797,6.6987,1.5585,0.5291,49.1102,1.1807,0.2641,0.432,0.2641,-478626.4521,-804652.5562,7084052.5,7273135.6708,8077788.227,5939544.1498,-652052.2082,0.0343,0.0324,0.0272,0.0324,0.0208,0.0324,0.5084,-0.3496,,16.809,-41.3988,-61.1143,0.902,4436414.8461,3780292.7227,13.5532,57.366,58.16,58.16,56.939,4635170.0,268325087.5
2025-04-21,-0.0637,-1.65,0.87,-46.931,-36.1012,-0.3063,27.4995,23.0887,-38.781,-0.6748,0.4773,-0.6748,0.36,48.9488,,60.0,4.0,-56.0,132.4134,-24.1546,22.168,1.9801,1.7866,5.978,1.0004,58.5444,-0.8791,1.73,2.0638,,1.73,0.2913,-0.5684,0.1198,-4.5824,54.298,63.411,0.0,83.4646,0.0357,0.1303,-0.0375,-0.088,-0.088,24.5382,-19.4384,-20.34,-84.8033,-0.001,-0.001,2.037,-31.9264,14.64,12.03,-9.7863,0.6979,-5.8385,1164958693.9,78.6909,0.0,8.2684,-0.0011,-0.0052,-0.0131,0.2202,-0.1976,1.9404,0.8439,3.3507,-1.282,0.6792,0.4006,0.0244,0.0251,-1.0564,0.5988,0.4012,1.0536,0.0,,0.0234,58.5032,64.2151,58.5937,59.1522,59.6501,58.4154,62.0512,-12.8352,-1.0121,0.042,0.042,2.1272,0.5994,0.7165,0.0007,0.4298,-0.495,0.2818,1.5751,1394.7733,0.734,0.6803,0.734,0.1379,0.1379,0.1379,0.0,0.3454,,,,,0.054,-0.1354,0.0075,-0.1354,0.7118,0.4444,74.9745,82.9614,77.6368,0.2417,7.1208,6.5116,7.1208,25.7772,23.4941,0.1114,0.1879,0.2027,0.1879,0.9971,58.35,61.3304,58.8545,58.45,61.3304,0.4512,23.81,15.9577,24.9565,156645306048.0,8554146773.35,-1.009,7.14,0.0479,0.9344,-1.8201,131866220.5,-77743525.76,0.0077,-156696003.22,112308792.39,-1.3952,0.1475,0.0637,94665860.31,112308792.39,17128.1219,-1.7474,-1.7474,-0.0922,892689.47,0.8344,89672347.29,0.0642,0.1441,0.0637,17642932.08,94.2999,-64659181.6,-65469416.8333,-61084428.0,89672347.29,115559938.57,0.77,0.2387,0.0432,0.0432,0.0649,0.0649,0.0611,0.6649,0.6649,-0.0585,-2.204,-0.0381,62.629,-999.6765,0.9906,0.9906,0.9906,0.9906,1394.7733,18.6441,-0.0057,-0.0458,-0.0458,2.7844,0.5,88.0148,96.9345,-1.0933,-0.7884,-0.7905,0.6435,0.9771,0.9336,0.0019,0.6891,1844489234.34,1779761710.3,1.139,0.0259,0.9573,-0.0094,0.0279,,0.9852,,0.0283,-4.2696,-0.5269,4.5963,4.4903,0.0471,4.0564,46.5733,-0.2097,-0.2097,-0.006,53.5265,0.6546,0.8346,1485384745.09,0.8346,22.2,,-2.0585,-0.5304,-2.0585,-2.2656,0.122,1394.7733,15.4,-2.1161,-0.5725,-0.7298,,,0.027,0.0143,1690089363.01,2501160950.97,58.5051,58.3536,0.6649,0.6649,0.0669,0.4333,4240904107.27,0.07,0.2537,116452628.04,1779761710.3,-0.6063,-0.1689,-0.6063,-0.0025,0.0001,428.9034,329.7779,211.8097,70.5824,4.3224,1.5645,0.5291,47.9565,1.2135,0.2597,0.4319,0.2597,-563064.1358,-900814.8705,6763405.6818,6972729.4138,7873544.2843,5733194.4332,-675501.4694,0.031,0.0321,0.0269,0.0321,0.019,0.0321,0.5179,-0.2641,,17.8934,16.8049,-44.6996,0.902,4212408.6078,3808661.5931,15.4899,58.081,57.366,58.696,57.336,5320495.0,312116068.42
2025-04-22,-0.0637,-0.79,-0.93,-46.2207,-37.5925,-0.2382,25.9569,21.8058,-40.2756,-0.6614,0.8067,-0.6614,0.2732,51.0462,,56.0,4.0,-52.0,134.8647,-25.9656,22.168,1.9115,1.6588,5.978,0.999,58.4233,-0.455,1.7301,2.0968,,1.7301,-0.4545,-0.4884,0.0856,-4.5513,54.2547,63.2793,0.0,83.8185,0.0357,0.1303,-0.0375,-0.088,-0.088,4.5278,-8.1172,16.6022,-78.6502,-0.001,-0.001,1.0632,-38.5839,13.78,12.03,-6.7803,0.5816,-2.5903,1164958693.9,87.3058,0.0,8.1409,-0.0037,-0.0052,-0.0143,0.3445,-0.1744,1.9368,0.8449,3.2802,-1.223,0.6792,0.4006,0.0244,0.0247,-0.9872,0.5872,0.4128,0.9761,0.0,,0.0174,58.499,64.1203,58.5762,59.0882,59.5634,58.4369,61.9341,-13.5557,-0.5246,0.042,0.042,2.1272,0.5994,0.7165,0.0007,0.4273,-0.495,0.2818,1.5751,1393.8199,0.748,0.6692,0.748,0.1379,0.1379,0.1379,0.0,0.3454,,,,,0.0532,-0.1344,0.0426,-0.1344,0.7118,0.4444,72.0722,54.6587,66.2677,0.2574,7.3336,6.7348,7.3336,25.7766,23.4934,0.1114,0.1844,0.2061,0.1844,1.0046,58.747,61.2685,58.767,58.43,61.2685,0.4716,23.8626,15.3749,22.4052,156538234752.0,8413991115.69,-0.04,3.97,0.0479,0.9344,-1.8201,131866220.5,-77743525.76,0.0077,-156696003.22,112308792.39,-1.3952,0.1475,0.0637,94665860.31,112308792.39,17126.7589,-1.7474,-1.7474,-0.0922,892689.47,0.8344,89672347.29,0.0642,0.1441,0.0637,17642932.08,94.2354,-64481804.05,-65358136.5,-64895609.0,89672347.29,115559938.57,0.77,0.2387,0.0432,0.0432,0.0649,0.0649,0.0611,0.6649,0.6649,-0.0585,-2.204,-0.0381,62.5862,-998.9932,1.0027,1.0027,1.0027,1.0027,1393.8199,17.0869,-0.0049,-0.0455,-0.0455,2.5872,0.5,87.9546,96.9345,-1.0772,-0.802,-0.7931,0.627,0.9825,0.9345,0.0016,0.6891,1844489234.34,1779761710.3,1.0728,0.0237,0.9709,-0.0039,0.0274,,0.9983,,0.0283,-2.9055,-1.5488,4.5963,4.4903,0.0471,4.0564,47.355,-0.2104,-0.2104,-0.0065,51.8641,0.6546,0.8346,1485384745.09,0.8346,21.45,,-2.0446,-0.2648,-2.0446,-2.2171,0.0679,1393.8199,16.34,-2.1065,-0.5931,-0.7202,,,0.0271,0.0143,1690089363.01,2501160950.97,58.5445,58.4258,0.6649,0.6649,0.0669,0.4333,4240904107.27,0.07,0.2537,116452628.04,1779761710.3,-0.5955,-0.0828,-0.5955,-0.0023,0.0,421.9784,291.0396,216.3292,47.5449,2.548,1.4473,0.5291,44.8448,1.0517,0.254,0.4294,0.254,-667709.5357,-1086291.1354,6226637.5578,6486337.3501,7572628.4855,5092523.2888,-837163.1994,0.028,0.0317,0.0265,0.0317,0.0174,0.0317,0.5356,-0.4596,,19.421,10.0615,-50.7055,0.9126,4239916.1582,3880235.0877,17.4981,58.041,57.813,58.746,57.733,3811181.0,223464851.89
2025-04-23,-0.0637,-1.04,0.44,-45.437,-38.2944,-0.1877,24.6199,20.6939,-37.8326,-0.6091,0.7579,-0.6091,0.3108,50.4504,,52.0,8.0,-44.0,134.3926,-8.6367,22.168,1.8257,1.5007,5.978,0.9949,58.6666,-0.2543,1.7321,2.097,,1.7321,0.4326,0.5011,0.8138,-3.6746,54.2632,63.0888,0.0,83.9422,0.0357,0.1303,-0.0375,-0.088,-0.088,38.4043,8.9843,74.4576,-70.4584,-0.001,-0.001,1.3455,-55.1745,13.78,11.96,-7.0707,0.4796,-0.6291,1164958693.9,87.5692,0.0,8.0318,-0.0081,-0.0051,-0.0147,0.6531,-0.1416,1.9368,0.8449,3.2667,-1.155,0.6792,0.4006,0.0244,0.0244,-0.8827,0.5708,0.4292,0.846,0.0,,0.012,58.5846,64.0352,58.6368,59.077,59.5195,58.6146,61.8369,-13.4034,0.0028,0.042,0.042,2.1272,0.5994,0.7165,0.0007,0.4568,-0.495,0.2818,1.5751,1405.4987,0.7157,0.6402,0.7157,0.1319,0.1319,0.1319,0.0,0.3454,,,,,0.0536,-0.1259,0.0384,-0.1259,0.7118,0.4444,69.9427,57.166,65.6838,0.2886,7.5082,6.7385,7.5082,25.7849,23.5018,0.1114,0.1844,0.2061,0.1844,0.9957,58.716,61.2196,58.676,58.494,61.2196,0.5446,23.8984,17.3543,20.3304,157849858128.0,8340066929.8,0.08,-0.31,0.0479,0.9344,-1.8201,131866220.5,-77743525.76,0.0077,-156696003.22,112308792.39,-1.3952,0.1475,0.0637,94665860.31,112308792.39,17143.3964,-1.7474,-1.7474,-0.0922,892689.47,0.8344,89672347.29,0.0642,0.1441,0.0637,17642932.08,94.2354,-64358459.85,-63486089.8333,-60448073.0,89672347.29,115559938.57,0.77,0.2387,0.0432,0.0432,0.0649,0.0649,0.0611,0.6649,0.6649,-0.0585,-2.204,-0.0381,63.1106,-1007.3637,1.0019,1.0019,1.0019,1.0019,1405.4987,15.5046,0.005,-0.0367,-0.0367,2.6509,0.5833,88.6916,97.7467,-0.8937,-0.7952,-0.7558,0.6182,1.1477,0.9554,0.0016,0.6891,1844489234.34,1779761710.3,0.9948,0.0248,0.9701,-0.0048,0.0354,,1.0055,,0.0283,-2.9939,0.6658,4.5963,4.4903,0.0471,4.0564,81.5987,-0.202,-0.202,-0.0068,53.4269,0.6546,0.8346,1485384745.09,0.8346,20.83,,-1.9307,-0.2818,-1.9307,-2.2779,-0.0052,1405.4987,16.92,-2.0954,-0.6035,-0.7091,,,0.0268,0.0143,1690089363.01,2501160950.97,58.7908,58.8055,0.6649,0.6649,0.0669,0.4333,4240904107.27,0.07,0.2537,116452628.04,1779761710.3,-0.5565,-0.088,-0.5565,-0.002,0.0003,418.2249,274.7772,218.5331,34.6456,2.3251,1.3326,0.5291,43.0048,0.9705,0.2493,0.4292,0.2493,-767860.5384,-1168464.5493,5903164.5473,6172675.6039,7341140.1532,4877527.5259,-801208.0218,0.0233,0.0314,0.0263,0.0314,0.0167,0.0314,0.5442,-0.3695,,11.1962,-69.1644,-27.2929,1.0202,2624279.7213,3912679.6948,23.2591,58.527,58.111,58.686,57.982,4447536.0,261284773.3
2025-04-24,-0.0637,-2.74,-1.31,-44.9982,-39.2913,-0.1384,24.539,20.8565,-41.681,-0.6783,0.4452,-0.6783,0.3584,48.5254,,48.0,4.0,-44.0,131.0085,-16.8305,22.168,1.7839,1.4573,5.978,1.0111,58.6222,-0.6151,1.7319,2.0959,,1.7319,-1.0428,-0.9355,-0.6341,-5.1872,54.2387,62.8163,0.0,82.4831,0.0357,0.1303,-0.0375,-0.088,-0.088,-74.4081,-9.9741,-18.8324,-81.4442,-0.001,-0.001,0.1142,-52.8014,14.77,11.8,-11.178,0.4439,-0.9669,1164958693.9,85.3108,0.0,7.9332,-0.0107,-0.0047,-0.0148,0.4651,0.2816,1.9114,0.8381,3.2024,-1.0979,0.6792,0.4006,0.0244,0.0241,-0.8697,0.3592,0.6408,0.7943,0.0,,0.0214,58.4747,63.9351,58.5357,58.9725,59.4054,58.4031,61.7104,-12.9367,-2.0583,0.042,0.042,2.1272,0.5994,0.7165,0.0007,0.3973,-0.495,0.2818,1.5751,1381.9029,0.7428,0.6423,0.7428,0.1319,0.1319,0.1319,0.0,0.3454,,,,,0.0553,-0.1383,-0.0013,-0.1383,0.7118,0.3333,63.9578,28.0487,51.9881,0.2773,7.5991,6.4503,7.5991,25.768,23.4848,0.1114,0.1776,0.2054,0.1776,1.0105,58.591,61.1521,58.5275,58.35,61.1521,0.4564,23.9716,17.8284,21.4707,155199843552.0,8343768021.93,0.127,-1.25,0.0479,0.9344,-1.8201,131866220.5,-77743525.76,0.0077,-156696003.22,112308792.39,-1.3952,0.1475,0.0637,94665860.31,112308792.39,17109.6488,-1.7474,-1.7474,-0.0922,892689.47,0.8344,89672347.29,0.0642,0.1441,0.0637,17642932.08,92.6534,-64621804.0,-63171254.3333,-64424740.0,89672347.29,115559938.57,0.77,0.2387,0.0432,0.0432,0.0649,0.0649,0.0611,0.6649,0.6649,-0.0585,-2.204,-0.0381,62.0511,-990.4518,1.0097,1.0097,1.0097,1.0097,1381.9029,13.7522,-0.0094,-0.0519,-0.0519,2.6519,0.5,87.2026,97.7467,-0.7768,-0.8007,-0.8226,0.6008,1.0637,0.9325,0.0015,0.6891,1844489234.34,1779761710.3,0.9789,0.0179,0.9513,-0.0061,0.0364,,0.9877,,0.0283,-4.8728,-1.1424,4.5963,4.4903,0.0471,4.0564,67.5785,-0.219,-0.219,-0.0062,51.4308,0.6546,0.8346,1485384745.09,0.8346,20.31,,-2.0868,-0.651,-2.0868,-2.3218,-0.0211,1381.9029,17.5,-2.0855,-0.614,-0.6992,,,0.0273,0.0143,1690089363.01,2501160950.97,58.5034,58.2696,0.6649,0.6649,0.0669,0.4333,4240904107.27,0.07,0.2537,116452628.04,1779761710.3,-0.5962,-0.2042,-0.5962,-0.0018,0.0,418.4311,260.8398,218.3463,31.4259,2.1871,1.4359,0.5291,39.9275,0.8411,0.2448,0.4322,0.2448,-865706.7894,-1257091.7932,5552892.266,5834828.1264,7091919.9196,4577240.6839,-782770.0076,0.0204,0.0311,0.0264,0.0311,0.0163,0.0311,0.542,-0.4255,,3.2406,-66.9449,-25.8997,0.8978,1834941.5083,3902855.4174,17.9246,57.545,58.686,58.756,57.525,3976667.0,232355996.45
2025-04-25,-0.0637,-2.29,-0.09,-44.6137,-39.4025,-0.1012,26.7064,18.3908,-38.5592,-0.5435,0.7435,-0.5435,0.3392,48.1921,,44.0,20.0,-24.0,141.6111,-5.2509,22.168,1.8008,1.5511,5.978,0.9884,58.7125,-0.7329,1.7367,2.107,,1.7367,1.2822,1.6601,1.2442,-2.8083,54.3267,62.5333,0.0,93.419,0.0357,0.1303,-0.0375,-0.088,-0.088,107.1547,39.2733,122.3364,-59.4734,-0.001,-0.001,0.5934,-44.0324,14.77,12.82,-7.0678,0.4178,2.4087,1164958693.9,90.0569,0.0,7.9027,-0.0115,-0.0041,-0.0127,0.5986,0.6308,1.9114,0.8381,3.2024,-1.0256,0.6792,0.4006,0.0244,0.0244,-0.7363,0.1846,0.8154,0.6884,0.0,,0.034,58.6429,63.8601,58.6687,59.0132,59.405,58.7354,61.6347,8.9269,-0.0183,0.042,0.042,2.1272,0.5994,0.7165,0.0007,0.4827,-0.495,0.2818,1.5751,1415.7473,0.7084,0.6367,0.7084,0.1258,0.1308,0.1258,51.0,0.3454,,,,,0.0564,-0.1149,0.0348,-0.1149,0.7118,0.4,62.8334,56.0873,60.5847,0.3078,7.5297,6.2345,7.5297,25.7922,23.509,0.1114,0.1776,0.2054,0.1776,0.9873,58.648,61.1163,58.43,58.67,61.1163,0.5786,24.0714,18.6369,18.4333,159000874560.0,8492979261.79,0.436,0.57,0.0479,0.9344,-1.8201,131866220.5,-77743525.76,0.0077,-156696003.22,112308792.39,-1.3952,0.1475,0.0637,94665860.31,112308792.39,17157.8919,-1.7474,-1.7474,-0.0922,892689.47,0.8344,89672347.29,0.0642,0.1441,0.0637,17642932.08,92.6534,-64751364.25,-62391635.5,-57092040.0,89672347.29,115559938.57,0.77,0.2387,0.0432,0.0432,0.0649,0.0649,0.0611,0.6649,0.6649,-0.0585,-2.204,-0.0381,63.5708,-1014.7092,0.9932,0.9932,0.9932,0.9932,1415.7473,17.5819,0.0166,-0.0281,-0.0281,2.5966,0.5,89.3383,100.1406,-0.7711,-0.777,-0.643,0.6464,1.002,0.9717,0.003,0.6891,1844489234.34,1779761710.3,1.0097,0.0262,0.9682,0.0307,0.0595,,1.0277,,0.0283,-3.1785,1.1925,4.5963,4.4903,0.0471,4.0564,50.9202,-0.1948,-0.1948,-0.0058,53.7023,0.6546,0.8346,1485384745.09,0.8346,19.47,,-1.7928,-0.3056,-1.7928,-2.6404,0.0096,1415.7473,17.5,-2.0676,-0.59,-0.6814,,,0.0266,0.0143,1690089363.01,2501160950.97,58.9494,59.0298,0.6649,0.6649,0.0669,0.4333,4240904107.27,0.07,0.2537,116452628.04,1779761710.3,-0.5098,-0.0962,-0.5098,-0.0015,0.0005,425.8747,288.4362,216.0549,77.4438,1.9826,0.7814,0.5291,49.9436,0.7985,0.2439,0.4401,0.2439,-901462.5371,-1044485.528,5876493.6722,6065269.9531,7109755.4811,5495727.1226,-286045.9818,0.0195,0.031,0.0269,0.031,0.0183,0.031,0.5259,0.0006,,-11.1072,-57.625,61.371,1.0664,1350568.9573,3856885.0678,24.0965,58.954,57.833,59.53,57.525,7332700.0,433070299.04
2025-04-28,-0.0637,1.12,2.75,-43.5699,-38.0697,0.071,30.4203,19.9249,-31.2889,-0.245,1.3696,-0.2864,0.7464,46.6402,1.1744,40.0,16.0,-24.0,144.8665,51.3857,22.168,1.8522,1.7126,5.978,0.9637,59.113,0.3389,1.7271,2.0992,1.6702,1.7504,4.2453,4.8493,3.5554,-1.9133,54.2422,62.7638,0.0,98.2263,0.0357,0.1303,-0.0375,-0.088,-0.088,296.2421,142.1416,166.6667,-60.6067,-0.001,-0.001,3.0487,-29.7616,13.3,14.76,5.2031,0.6163,5.5273,1164958693.9,108.0953,0.0,9.1196,-0.0136,-0.0071,-0.0109,0.9751,0.541,1.954,0.8262,3.2716,-0.9142,0.6792,0.4006,0.0244,0.0285,-0.4686,0.2295,0.7705,0.5966,0.0,,0.0409,59.1333,63.8185,59.0797,59.2348,59.5483,59.6036,61.625,12.7118,9.2963,0.042,0.042,2.1272,0.5994,0.7165,0.0007,0.4132,-0.495,0.2818,1.5751,1461.9856,2.1273,0.637,1.1064,0.3114,0.1309,0.1563,51.0,0.3454,,0.0304,,0.5715,0.0548,-0.0375,0.127,-0.0504,0.7118,0.5,65.0469,78.3282,69.474,0.4023,2.1077,6.4492,6.9631,25.8243,23.5412,0.1114,0.1464,0.2054,0.1412,0.9593,58.842,67.1504,58.503,59.234,62.5365,0.8912,24.0603,22.3873,15.5322,164193832416.0,8899283942.16,0.678,1.94,0.0479,0.9344,-1.8201,131866220.5,-77743525.76,0.0077,-156696003.22,112308792.39,-1.3952,0.1475,0.0637,94665860.31,112308792.39,17222.1098,-1.7474,-1.7474,-0.0922,892689.47,0.8344,89672347.29,0.0642,0.1441,0.0637,17642932.08,92.6534,-63859575.95,-58586598.6667,-43574702.0,89672347.29,115559938.57,0.77,0.2387,0.0432,0.0432,0.0649,0.0649,0.0611,0.6649,0.6649,-0.0585,-2.204,-0.0381,65.647,-1047.8495,1.7267,1.0179,2.7584,0.9216,1461.9856,28.7802,0.0485,0.0863,-0.0191,2.5189,0.5833,92.2561,103.4112,-0.7277,-0.6677,-0.2015,0.8264,1.0356,1.0184,0.0032,0.6891,1844489234.34,1779761710.3,1.0327,0.0816,1.0244,0.0885,0.0238,0.1456,1.0482,0.9026,0.0283,2.4382,6.1246,4.5963,4.4903,0.0471,4.0564,62.5446,-0.1626,-0.1626,0.0007,57.9918,0.6546,0.8346,1485384745.09,0.8346,18.32,,-0.6137,0.7561,-0.676,-2.3419,0.0316,1461.9856,19.72,-0.5047,-0.5332,-0.3373,,,0.0258,0.0143,1690089363.01,2501160950.97,60.1198,60.7248,0.6649,0.6649,0.0669,0.4333,4240904107.27,0.07,0.2537,116452628.04,1779761710.3,-0.1999,0.2404,-0.1866,-0.001,0.0024,446.1724,380.7065,233.4468,229.4055,1.8811,0.7693,0.5291,55.0687,0.8236,0.3165,0.4456,0.2333,-795699.8823,-372649.2629,7265738.0954,7211741.9603,7584391.2232,8169597.4151,846101.2388,0.0216,0.0352,0.0281,0.0297,0.0243,0.034,0.5342,0.7836,-0.2592,-12.9288,13.4006,191.6255,1.3335,2874292.3692,4094809.0387,36.0557,60.88,59.252,61.455,58.964,13517338.0,821947236.18
2025-04-29,0.1106,-1.23,-1.23,-42.6505,-37.773,-0.0435,27.8906,17.848,-37.0006,-0.3509,0.7524,-0.472,0.9464,62.3365,1.168,36.0,12.0,-24.0,149.2806,29.3816,25.4982,1.9942,2.0672,5.978,1.0164,59.0639,-1.4338,1.7316,2.0978,1.6787,1.7629,-1.1651,-0.5961,-1.7748,-6.8195,54.201,62.716,0.0,86.9441,4.3077,10.6422,4.2207,0.6326,-0.9569,-49.0419,2.9487,-61.561,-93.8528,0.0764,0.0908,1.9587,-16.2343,15.65,14.76,-2.9267,0.6549,4.4501,-11345125045.8,99.0133,0.0,9.204,-0.0134,-0.0067,-0.0094,1.951,0.0148,1.8958,0.7804,3.3114,-0.8336,4.9295,0.8154,-0.0445,0.0285,-0.5113,0.4926,0.5074,0.6519,-1.0,,0.0411,58.9472,63.7241,58.9305,59.1277,59.4418,59.1057,61.5098,1.9528,0.5536,-0.4566,0.2339,1.8599,0.1846,-0.8106,-0.0078,0.3537,-1.7341,0.0993,-1.5013,248.488,2.0997,0.5938,1.1541,0.3114,0.1309,0.1563,51.0,-0.0866,,0.0307,,0.5372,0.0566,-0.0513,0.0481,-0.0834,0.3293,0.6,60.6103,33.991,51.7372,0.3813,1.9702,4.9489,6.1223,25.7702,24.2593,0.0084,0.1483,0.2204,0.1354,1.0118,58.795,66.9881,58.4585,59.16,62.3628,0.6446,24.2313,25.5047,25.2731,155547823869.0,9277049281.36,0.673,-0.47,8.018,7.3231,2.1576,-339794661.56,-249540697.8,-0.007,11885794037.4,-1222161248.73,-9.7252,-1.7789,0.0982,129187055.93,156494308.41,17114.1105,27.8254,-7.4614,0.123,2803204.02,0.8145,153609155.54,1.5241,-1.7811,0.0982,27307252.48,87.7745,-63293845.7,-57612908.3333,-55242286.0,75223482.76,-1479221119.26,0.4116,-1.8001,0.275,-0.5526,0.1191,0.1191,-1.6618,4.9442,-4.6404,4.4403,2.2065,0.0273,7.9351,13.0869,1.759,1.049,2.818,0.9587,-127.2728,23.1667,-0.006,0.0278,-0.0682,-1.0697,0.5833,-12.5226,103.4112,-0.7302,-0.672,-0.8159,0.6202,0.9878,0.9559,0.0035,2.0026,5360499398.37,-12421375214.4,0.992,0.0186,0.9849,0.0166,0.0088,0.1458,0.9937,0.8479,-0.0218,-1.5085,-0.7006,0.8019,0.7983,-0.112,0.6927,46.7972,-0.2167,-0.2167,0.0005,52.2662,-0.9134,-2.2837,28366721501.6,9.0136,20.02,,-0.8093,0.0426,-1.1771,-2.2787,-0.008,1385.0013,19.15,-0.5035,-0.5427,-0.3372,,,0.9048,-0.0026,-10828406215.9,19602410807.8,59.423,59.1449,4.9442,-4.6404,28.8134,-0.1617,118505706870.0,0.1359,-1.8001,-1476417915.24,-12421375214.4,-0.2652,0.0141,-0.3298,-0.0007,0.0019,465.2122,442.8335,236.7533,256.0435,2.2804,2.4717,1.4593,45.1195,0.7138,0.322,0.4804,0.2439,-634478.6713,10406.1729,8066073.7144,7897256.1203,7886849.9474,9335592.9434,1289769.6884,0.0214,0.0348,0.0281,0.0298,0.0254,0.0338,0.5324,0.4543,-0.1026,-12.7533,21.271,119.2951,1.089,3406118.2025,4143578.0401,34.1945,57.674,57.565,59.44,57.068,11667584.0,684877804.31
2025-04-30,0.1106,-2.07,0.24,-41.812,-36.8519,-0.0744,25.5581,16.0481,-34.7494,-0.4164,0.5825,-0.2949,0.9244,74.6504,1.163,32.0,8.0,-24.0,167.3607,35.1735,25.4982,1.9339,1.9143,5.978,1.004,58.9845,-0.9175,1.7309,2.0918,1.676,1.7478,-0.0935,0.6579,-0.6191,-5.6104,54.2256,62.5064,0.0,92.7103,4.3077,10.6422,4.2207,0.6326,-0.9569,-26.8519,16.4623,-44.0287,-90.1674,0.0756,0.0896,2.051,-18.852,15.65,13.8,-6.2818,0.6744,4.0018,-11345125045.8,92.0345,0.0,9.1325,-0.0135,-0.0068,-0.0096,2.1843,-0.0142,1.9111,0.7817,3.2746,-0.7645,4.9295,0.8154,-0.0445,0.0273,-0.4879,0.5071,0.4929,0.565,-1.0,,0.0196,58.9114,63.6419,58.9027,59.0917,59.3906,58.9872,61.4193,-0.685,-0.8061,-0.4566,0.2339,1.8599,0.1846,-0.8106,-0.0078,0.3655,-1.7341,0.0993,-1.5013,251.2247,2.0985,0.5313,1.15,0.3112,0.1171,0.1557,51.0,-0.0866,,0.0305,,0.55,0.0553,-0.0604,0.0249,-0.0538,0.3293,0.6,55.274,23.2562,44.6014,0.3999,2.0767,5.1206,6.5402,25.7812,24.2702,0.0084,0.1483,0.2204,0.1354,1.0009,58.805,66.8027,58.366,59.116,62.242,0.5532,24.3355,28.8354,22.5863,157260964590.0,9209702120.91,0.878,0.1,8.018,7.3231,2.1576,-339794661.56,-249540697.8,-0.007,11885794037.4,-1222161248.73,-9.7252,-1.7789,0.0982,129187055.93,156494308.41,17135.9423,27.8254,-7.4614,0.123,2803204.02,0.8145,153609155.54,1.5241,-1.7811,0.0982,27307252.48,88.7412,-62773747.6,-54837848.0,-48245247.0,75223482.76,-1479221119.26,0.4116,-1.8001,0.275,-0.5526,0.1191,0.1191,-1.6618,4.9442,-4.6404,4.4403,2.2065,0.0273,8.0225,13.231,-0.1544,-0.0971,-0.2461,-0.087,-128.6745,20.7038,0.0066,0.0378,-0.0561,-1.0626,0.5833,-12.6605,103.4112,-0.7324,-0.6629,-0.7388,0.5625,0.9891,0.9639,0.0021,2.0026,5360499398.37,-12421375214.4,1.0017,0.018,0.9695,0.0088,0.0268,0.1061,0.9963,0.8902,-0.0218,-3.0528,0.4617,0.8019,0.7983,-0.112,0.6927,47.1264,-0.2058,-0.2058,0.0004,57.1418,-0.9134,-2.2837,28366721501.6,9.0136,20.02,,-0.9365,-0.2504,-0.7809,-2.3932,0.0017,1400.2551,18.53,-0.5036,-0.555,-0.3475,,,0.8931,-0.0026,-10828406215.9,19602410807.8,59.2253,58.8518,4.9442,-4.6404,28.8134,-0.1617,118505706870.0,0.1359,-1.8001,-1476417915.24,-12421375214.4,-0.3051,-0.0822,-0.2186,-0.0005,0.0013,461.772,473.8271,237.0539,234.5298,2.5601,3.1105,1.4593,45.5481,0.7533,0.318,0.4723,0.2394,-520018.3064,-62176.8467,7871703.7663,7758761.1787,7820938.0254,8556074.9623,915682.9194,0.0206,0.0341,0.0273,0.0298,0.0245,0.0333,0.5651,-0.115,-0.0544,-14.4088,-9.4991,83.5924,1.1265,3386829.7376,4149469.1181,37.4817,58.309,57.565,58.696,57.555,6997039.0,409426714.92
2025-05-06,0.1106,-0.45,0.4,-40.7237,-35.9798,-0.0345,23.6092,14.5207,-32.5994,-0.4401,0.5397,-0.3484,0.8776,65.875,1.1577,28.0,4.0,-24.0,157.7972,34.9821,25.4982,1.8765,1.7836,5.978,0.9929,58.8109,-0.4336,1.7227,2.0628,1.6689,1.7416,0.632,1.5377,-0.2291,-4.6773,54.2334,62.4326,0.0,91.9222,4.3077,10.6422,4.2207,0.6326,-0.9569,36.5409,52.2234,-12.1471,-81.3119,0.075,0.0887,2.5864,-14.5358,14.94,14.28,-2.2587,0.5934,3.8816,-11345125045.8,97.1793,0.0,9.0595,-0.0133,-0.0066,-0.0093,1.4546,-0.003,1.9111,0.7817,3.2746,-0.6967,4.9295,0.8154,-0.0445,0.0266,-0.4256,0.5015,0.4985,0.4897,-1.0,,0.0191,58.9693,63.569,58.9531,59.1049,59.3787,59.0681,61.3475,0.1519,0.1102,-0.4566,0.2339,1.8599,0.1846,-0.8106,-0.0077,0.3743,-1.7341,0.0993,-1.5013,253.2773,2.096,0.5326,1.1392,0.3109,0.1174,0.1543,51.0,-0.0866,,0.0304,,0.5445,0.0537,-0.0644,0.0395,-0.0546,0.3293,0.6667,51.1097,26.1236,42.781,0.452,2.1225,5.2938,6.549,25.7893,24.2783,0.0084,0.1483,0.2204,0.1354,0.9937,58.858,66.6033,58.333,59.366,62.1363,0.5422,24.4704,30.6939,20.1736,158545820130.0,9431228507.93,1.05,0.53,8.018,7.3231,2.1576,-339794661.56,-249540697.8,-0.007,11885794037.4,-1222161248.73,-9.7252,-1.7789,0.0982,129187055.93,156494308.41,17152.1727,27.8254,-7.4614,0.123,2803204.02,0.8145,153609155.54,1.5241,-1.7811,0.0982,27307252.48,88.7412,-61607022.7,-51407792.5,-39867740.0,75223482.76,-1479221119.26,0.4116,-1.8001,0.275,-0.5526,0.1191,0.1191,-1.6618,4.9442,-4.6404,4.4403,2.2065,0.0273,8.0881,13.3391,-0.1573,-0.1047,-0.2496,-0.0918,-129.7258,22.1159,0.0154,0.0449,-0.0468,-1.0499,0.6667,-12.764,104.2561,-0.722,-0.6487,-0.6704,0.5497,1.0111,0.9654,0.0022,2.0026,5360499398.37,-12421375214.4,1.009,0.004,0.989,-0.004,0.0326,0.1183,1.0216,0.9033,-0.0218,-1.102,0.4409,0.8019,0.7983,-0.112,0.6927,52.9626,-0.1976,-0.1976,0.0006,61.6913,-0.9134,-2.2837,28366721501.6,9.0136,20.02,,-1.0053,0.1127,-0.6539,-2.4313,0.0089,1411.6955,19.33,-0.5029,-0.5811,-0.3629,,,0.8846,-0.0026,-10828406215.9,19602410807.8,59.2987,59.0656,4.9442,-4.6404,28.8134,-0.1617,118505706870.0,0.1359,-1.8001,-1476417915.24,-12421375214.4,-0.3283,0.0375,-0.1838,-0.0003,0.0011,472.8198,512.6831,232.9289,210.3389,2.7473,3.3879,1.4593,47.3193,0.7886,0.3165,0.4714,0.2397,-417657.1478,-8212.5134,7963667.9906,7853952.8435,7862165.3569,8496552.3082,818889.2688,0.0204,0.0337,0.0271,0.0298,0.0244,0.033,0.5714,0.0301,0.0312,-12.8198,36.9531,88.3629,1.1697,3341771.0803,4072717.5959,34.4104,58.785,58.855,59.202,58.081,8377507.0,494420406.4
2025-05-07,0.1106,10.27,11.72,-37.527,-27.7129,0.3304,26.3029,21.9623,7.9198,-0.2747,2.4532,0.1375,2.3272,52.6703,1.1557,24.0,100.0,76.0,189.7634,249.6876,25.4982,2.5889,3.4613,5.978,0.8732,60.5398,1.0641,1.6591,2.2385,1.73,1.7909,15.5288,17.8611,13.0037,11.5931,52.4238,65.2232,0.0,137.0931,4.3077,10.6422,4.2207,0.6326,-0.9569,290.6965,445.6555,166.6667,43.5296,0.064,0.0738,15.4628,74.5352,14.57,24.38,25.1861,0.6061,9.6241,-11345125045.8,156.6843,0.0,10.5076,-0.0042,-0.0018,0.007,2.2592,0.5414,1.4594,0.4404,3.3141,-0.4706,4.9295,0.8154,-0.044,0.0266,0.4337,0.2293,0.7707,0.4244,-2.0,-0.2679,0.1382,60.8531,63.6642,60.5495,60.0787,60.1158,62.4887,61.6092,7.6531,19.1424,-0.4566,0.2339,1.8599,0.1846,-1.0225,-0.0066,0.5603,-1.9918,0.0993,-1.9193,296.4666,2.3755,1.8583,1.7726,0.3523,0.4095,0.24,51.0,-0.0866,1.5681,0.0347,0.0349,0.5908,0.0496,-0.0423,0.198,0.0163,0.337,0.7,53.2593,66.1569,57.5585,0.8637,4.2375,4.2535,9.689,25.9468,24.4358,0.0084,0.1483,0.2204,0.1354,0.8656,60.011,66.4043,58.8235,61.352,62.1275,1.8086,25.279,41.2759,12.6727,185581322128.0,13521598054.3,2.375,11.53,7.9402,7.3231,2.1643,-339794661.56,-249540697.8,-0.007,11885794037.4,-1222161248.73,-9.7252,-1.7773,0.0982,129187055.93,156494308.41,17468.2482,27.8254,-7.4614,0.123,2803204.02,0.8145,153609155.54,1.5241,-1.7803,0.0982,27307252.48,88.7412,-57074943.0,-36674239.0,23976581.0,75223482.76,-1479221119.26,0.4116,-1.8023,0.275,-0.5526,0.1191,0.1191,-1.6597,4.9442,-4.6404,4.4403,2.229,0.0357,9.4673,15.6137,-0.1601,-0.113,-0.2525,-0.0971,-151.8468,72.7595,0.1786,0.2206,0.1159,-1.0547,0.6667,-14.9405,122.034,0.1952,1.1911,10.2164,0.9427,1.1821,1.1578,0.0117,2.0026,5360499398.37,-12421375214.4,1.1995,0.1261,1.1648,0.0937,0.0024,0.1748,1.1672,0.9924,-0.0407,16.4819,19.5757,0.8019,0.7983,-0.1824,0.6927,75.4286,0.4953,0.3496,0.0005,72.8349,-0.9134,-2.2837,28366721501.6,9.0136,18.42,-0.0125,-0.7841,2.5082,0.2013,1.2164,0.1663,1652.4202,27.51,-0.4894,-0.4297,-0.3287,-1.1268,-0.5408,0.736,-0.0026,-10828406215.9,19602410807.8,63.9067,66.2743,4.9442,-4.6404,29.0889,-0.2118,118505706870.0,0.1359,-1.8023,-1476417915.24,-12421375214.4,-0.2785,1.0215,0.066,0.0009,0.0073,677.4894,1190.6566,881.7185,1531.6659,2.6119,3.3879,1.4593,62.2241,1.1379,0.3472,0.8311,0.345,557647.069,4458863.936,18123786.7196,16467855.6368,12008991.7008,26945808.5388,7802433.734,0.0295,0.0337,0.0319,0.0302,0.0407,0.0338,0.7355,5.5052,1.0724,14.7973,1089.6605,1505.4732,2.0763,18180066.9746,13008364.7004,81.4169,68.81,62.428,70.546,61.038,63844321.0,4300197016.22
2025-05-08,0.1106,32.28,24.15,-29.0345,-4.1312,0.5327,29.5957,30.2211,102.9314,0.2495,2.5724,1.0184,5.4012,59.1924,1.1579,20.0,100.0,80.0,251.372,494.2336,25.4982,3.3947,5.1961,5.978,0.7732,64.3315,5.6521,1.7138,4.4773,1.7961,1.9541,33.1647,37.7153,26.59,33.4495,48.4257,72.4033,0.0,192.1796,4.3077,10.6422,4.2207,0.6326,-0.9569,250.9946,461.4521,138.5267,214.8891,0.0534,0.06,49.5556,199.1385,6.43,38.25,71.2175,0.6191,23.9061,-11345125045.8,407.0566,0.0,12.1795,0.0094,0.0031,0.0287,4.5342,0.7036,1.4592,0.4408,3.3101,0.0652,4.9295,0.8154,-0.044,0.0266,2.2085,0.1482,0.8518,0.3678,-2.0,-0.2679,0.1666,64.9161,63.9871,64.0342,62.2807,61.8257,69.3925,62.3171,18.1697,41.616,-0.4566,0.2339,1.8599,0.1846,-1.0225,-0.0055,0.8158,-1.9918,0.0993,-1.9193,355.777,2.7738,3.573,2.6759,0.4114,0.7874,0.3623,51.0,-0.0866,1.6078,0.04,0.0369,0.6383,0.0367,0.0199,0.375,0.0967,0.337,0.7778,59.4081,96.3009,71.7057,1.688,6.6303,3.4812,9.2244,26.1291,24.6182,0.0084,0.1483,0.2204,0.1354,0.7509,62.479,66.3726,60.4145,65.724,62.3457,4.2866,26.4353,66.0709,8.376,222708293683.0,20217352859.0,4.129,24.68,7.9402,7.3231,2.1643,-339794661.56,-249540697.8,-0.007,11885794037.4,-1222161248.73,-9.7252,-1.7773,0.0982,129187055.93,156494308.41,17839.1756,27.8254,-7.4614,0.123,2803204.02,0.8145,153609155.54,1.5241,-1.7803,0.0982,27307252.48,88.7412,-47071112.55,-7327533.3333,118988194.0,75223482.76,-1479221119.26,0.4116,-1.8023,0.275,-0.5526,0.1191,0.1191,-1.6597,4.9442,-4.6404,4.4403,2.229,0.0357,11.3613,18.7374,-0.1891,-0.1412,-0.2966,-0.1196,-182.225,95.6937,0.3772,0.4604,0.3345,-1.0647,0.6667,-17.9294,146.4478,2.696,6.169,29.2242,0.9874,1.4174,1.4102,0.0154,2.0026,5360499398.37,-12421375214.4,1.4217,0.3858,1.6193,0.2254,-0.2629,0.1697,1.3564,1.1867,-0.0407,61.9307,40.0673,0.8019,0.7983,-0.1824,0.6927,85.1809,0.6562,0.4996,0.0004,84.8242,-0.9134,-2.2837,28366721501.6,9.0136,18.42,-0.0125,0.1448,6.6487,1.3117,3.323,0.2966,1982.9996,39.42,-0.4689,-0.2246,-0.2729,-1.1268,-0.5408,0.5981,-0.0026,-10828406215.9,19602410807.8,73.2146,79.0713,4.9442,-4.6404,29.0889,-0.2118,118505706870.0,0.1359,-1.8023,-1476417915.24,-12421375214.4,0.0549,1.4514,0.4798,0.0039,0.0221,1000.1742,2324.41,1711.9764,2827.8936,2.5696,3.3879,1.4593,75.9799,2.0558,0.4228,0.9553,0.511,2524952.9745,10394176.5965,32103391.4979,28551510.6158,18157334.0193,49634410.0259,15738447.244,0.0436,0.0342,0.0373,0.0308,0.0629,0.0355,0.9928,8.5168,2.6958,30.2507,1990.9246,1195.7248,3.5009,31357804.9523,22841074.9558,172.8661,82.576,69.475,82.576,68.82,95011613.0,7235590609.66
2025-05-09,0.1106,20.15,13.21,-25.1408,4.3116,0.6758,32.1469,37.8043,19.368,0.4207,1.3592,0.8375,7.1516,-14.0694,1.1594,16.0,96.0,80.0,178.4819,480.4214,25.4982,3.8779,6.0234,5.978,0.8448,67.4856,12.7189,1.9342,6.0441,1.8019,1.9611,23.6169,29.5008,13.9873,27.8176,47.2128,76.1532,0.0,192.5513,4.3077,10.6422,4.2207,0.6326,-0.9569,170.3705,318.2385,97.7511,268.5197,0.0556,0.0628,32.4093,282.2745,9.75,35.12,56.5411,0.6508,34.1661,-11345125045.8,537.8737,0.0,12.1689,0.0254,0.0092,0.0605,5.3652,0.7914,1.4406,0.4343,3.3172,0.7139,4.9295,0.8154,-0.044,0.0266,3.3089,0.1043,0.8957,1.5916,-2.0,-0.2679,0.1272,67.6368,64.2498,66.472,63.9569,63.1631,72.8883,62.893,22.7669,48.1448,-0.4566,0.2339,1.8599,0.1846,-1.0225,-0.0057,0.7547,-1.9918,0.0993,-1.9193,341.5801,2.768,3.5187,2.7522,0.4114,0.7874,0.3623,51.0,-0.0866,1.6103,0.04,0.0371,0.6669,0.0251,0.0301,0.3004,0.0766,0.337,0.7,63.4644,87.8019,71.5769,2.838,6.703,3.8201,9.0197,26.0884,24.5774,0.0084,0.1486,0.2238,0.1317,0.809,64.619,66.3501,61.683,70.078,62.4953,5.19,27.4501,73.5434,6.3547,213821376195.0,28502910069.6,5.872,21.4,7.9402,7.3231,2.1643,-339794661.56,-249540697.8,-0.007,11885794037.4,-1222161248.73,-9.7252,-1.7773,0.0982,129187055.93,156494308.41,17755.8993,27.8254,-7.4614,0.123,2803204.02,0.8145,153609155.54,1.5241,-1.7803,0.0982,27307252.48,88.7412,-43083371.35,1717722.5,10696833.0,75223482.76,-1479221119.26,0.4116,-1.8023,0.275,-0.5526,0.1191,0.1191,-1.6597,4.9442,-4.6404,4.4403,2.229,0.0357,10.9079,17.9897,-0.229,-0.1827,-0.3573,-0.1516,-174.9535,92.1301,0.295,0.3983,0.2782,-1.0674,0.6667,-17.214,140.604,4.8427,10.3531,24.903,0.9764,1.382,1.3182,0.0153,2.0026,5360499398.37,-12421375214.4,1.3659,0.2713,1.4654,0.2619,-0.0908,0.2479,1.3746,1.1267,-0.0407,46.5419,30.225,0.8019,0.7983,-0.1824,0.6927,79.6455,0.6427,0.4369,-0.0005,52.8177,-0.9134,-2.2837,28366721501.6,9.0136,18.42,-0.0125,0.1812,5.2656,1.0065,2.4698,0.2679,1903.8703,56.82,-0.4463,-0.0733,-0.2087,-1.1268,-0.5408,0.6262,-0.0026,-10828406215.9,19602410807.8,77.7795,81.8585,4.9442,-4.6404,29.0889,-0.2118,118505706870.0,0.1359,-1.8023,-1476417915.24,-12421375214.4,0.0608,0.8668,0.3696,0.0073,0.0321,1422.6518,3704.0127,2487.8034,3800.2738,2.8205,3.0194,1.4593,63.328,1.7817,0.4206,0.9899,0.5187,5217012.6386,15985251.2952,45955749.5892,40819179.9057,24833928.6105,69186727.0173,21536477.3132,0.0605,0.0351,0.0443,0.0315,0.0956,0.0378,1.116,6.4724,3.7898,37.92,2236.2975,701.1293,1.38,40681422.9257,30872681.0531,80.8912,79.28,87.339,88.213,78.129,108291361.0,9099563776.47
2025-05-12,0.1106,32.95,34.62,-16.584,31.7169,0.5136,34.5468,44.754,127.4308,0.7343,0.9969,1.5894,10.7504,1.8571,1.1663,12.0,100.0,88.0,240.7181,723.315,25.4982,4.8995,8.0495,5.978,0.7555,72.422,7.4133,2.0998,8.5172,1.9329,2.1978,40.335,50.9321,23.6903,52.3369,42.5359,84.4881,0.0,238.861,4.3077,10.6422,4.2207,0.6326,-0.9569,153.0317,269.9625,97.5879,355.2976,0.0463,0.0512,56.8322,482.9706,9.75,46.33,65.2282,0.6519,53.2058,-11345125045.8,420.2815,0.0,13.5788,0.0412,0.0142,0.0939,7.4924,0.8638,1.4406,0.4343,3.3172,1.6528,4.9295,0.8154,-0.044,0.0266,5.4081,0.0681,0.9319,1.3794,-2.0,-0.2679,0.1897,72.7683,64.7723,70.9932,66.9952,65.5851,80.5456,63.9738,26.4428,63.1981,-0.4566,0.2339,1.8599,0.1846,-1.0225,-0.0048,1.0,-1.9918,0.0993,-1.9193,409.9132,3.1598,4.9743,3.6478,0.4696,1.1132,0.4803,51.0,-0.0866,1.6475,0.044,0.0385,0.7271,0.0222,0.0608,0.3367,0.1354,0.337,0.7,69.3267,104.5005,81.0513,4.1649,6.9799,2.2243,7.1872,26.2708,24.7598,0.0084,0.1486,0.2238,0.1317,0.7126,68.308,66.4493,63.512,77.5,62.9263,7.5106,28.5233,99.2298,4.3591,256596358563.0,37209764295.3,9.592,36.89,7.9402,7.3231,2.1643,-339794661.56,-249540697.8,-0.007,11885794037.4,-1222161248.73,-9.7252,-1.7773,0.0982,129187055.93,156494308.41,18130.8603,27.8254,-7.4614,0.123,2803204.02,0.8145,153609155.54,1.5241,-1.7803,0.0982,27307252.48,106.4939,-34557703.15,30718050.6667,118759683.0,75223482.76,-1479221119.26,0.4116,-1.8023,0.275,-0.5526,0.1191,0.1191,-1.6597,4.9442,-4.6404,4.4403,2.229,0.0357,13.09,21.5885,-0.2219,-0.1915,-0.3444,-0.1541,-209.9529,82.1924,0.5093,0.6716,0.5234,-1.0724,0.6667,-20.6576,140.604,8.7853,18.2426,46.521,0.9905,1.6381,1.6006,0.0187,2.0026,5360499398.37,-12421375214.4,1.6256,0.4618,1.6171,0.4808,0.0146,0.2623,1.6317,1.3694,-0.0407,61.7072,64.963,0.8019,0.7983,-0.1824,0.6927,85.5619,0.8011,0.6575,-0.0001,70.7562,-0.9134,-2.2837,28366721501.6,9.0136,27.64,-0.0125,0.7052,5.7305,1.956,2.2476,0.3848,2284.7397,56.82,-0.4238,0.0659,-0.1607,-1.1268,-0.5408,0.5108,-0.0026,-10828406215.9,19602410807.8,87.8013,93.6047,4.9442,-4.6404,29.0889,-0.2118,118505706870.0,0.1359,-1.8023,-1476417915.24,-12421375214.4,0.2382,0.7804,0.7334,0.0121,0.0457,1859.3006,5213.0595,3101.5425,4143.7876,2.8112,2.3561,1.4593,72.9542,3.3375,0.5032,1.3454,0.6791,8206675.3152,20165326.0216,57247949.6639,51164359.9202,30999033.8986,82145434.6782,23917301.4128,0.0772,0.036,0.0502,0.0323,0.1299,0.0402,1.1598,5.5069,5.8366,41.6602,1931.0676,826.1802,2.0227,45674976.5206,36596495.99,188.3127,95.14,77.415,95.14,77.097,108062850.0,9739158417.0
2025-05-13,0.1106,24.83,25.05,-11.4986,47.7337,0.7175,37.6341,50.8547,61.3518,0.5916,-1.2579,1.3117,11.7908,2.0497,1.1709,8.0,96.0,88.0,185.2369,754.9108,25.4982,5.3081,8.4779,5.978,0.8459,75.068,14.0243,2.0953,13.4879,1.9272,2.2024,24.3136,36.5493,6.4003,40.3514,41.3029,88.6721,0.0,183.1872,4.3077,10.6422,4.2207,0.6326,-0.9569,114.5048,204.6152,86.28,352.8363,0.05,0.0558,40.6317,527.9164,16.82,46.33,46.73,0.7006,65.8329,-11345125045.8,384.5766,0.0,13.7259,0.0557,0.0195,0.124,7.4253,0.885,1.4499,0.4362,3.3237,2.6069,4.9295,0.8154,-0.044,0.0266,6.4232,0.0575,0.9425,3.1042,-2.0,-0.2679,0.1197,75.6723,65.1684,73.7235,69.0662,67.3003,83.277,64.7859,32.3256,73.2118,-0.4566,0.2339,1.8599,0.1846,-1.0225,-0.0051,0.875,-1.9918,0.0993,-1.9193,379.4669,3.0677,4.3606,3.3796,0.4696,1.1132,0.4803,51.0,-0.0866,1.6237,0.0447,0.0389,0.6792,0.0197,0.0448,0.2813,0.1059,0.337,0.7,72.8961,94.3128,80.035,5.5201,6.6766,1.8983,6.7138,26.1936,24.6826,0.0084,0.1531,0.2553,0.1421,0.8044,71.384,66.4859,64.9875,83.402,63.227,7.6326,29.3328,113.3966,3.4871,237537668046.0,45636104780.4,12.793,30.76,7.9402,7.3231,2.1643,-339794661.56,-249540697.8,-0.007,11885794037.4,-1222161248.73,-9.7252,-1.7773,0.0982,129187055.93,156494308.41,17971.5352,27.8254,-7.4614,0.123,2803204.02,0.8145,153609155.54,1.5241,-1.7803,0.0982,27307252.48,98.5841,-30448598.25,41843663.8333,18508432.0,75223482.76,-1479221119.26,0.4116,-1.8023,0.275,-0.5526,0.1191,0.1191,-1.6597,4.9442,-4.6404,4.4403,2.229,0.0357,12.1178,19.985,-0.2689,-0.2535,-0.415,-0.1969,-194.3587,69.9952,0.3655,0.5424,0.4035,-1.0465,0.6667,-19.1233,140.604,12.1076,24.8782,39.0748,0.9879,1.5174,1.4909,0.0085,2.0026,5360499398.37,-12421375214.4,1.5305,0.3938,1.4982,0.4091,0.0,0.243,1.4982,1.2552,-0.0407,49.8227,51.0468,0.8019,0.7983,-0.1824,0.6927,75.3944,0.7309,0.5803,0.0004,48.2349,-0.9134,-2.2837,28366721501.6,9.0136,21.04,-0.0125,0.4677,4.7312,1.5005,1.7119,0.3466,2115.0407,74.49,-0.4034,0.1608,-0.1172,-1.1268,-0.5408,0.5565,-0.0026,-10828406215.9,19602410807.8,90.9316,92.9311,4.9442,-4.6404,29.0889,-0.2118,118505706870.0,0.1359,-1.8023,-1476417915.24,-12421375214.4,0.1602,0.4247,0.5725,0.0164,0.0497,2282.9185,6674.7236,3490.1294,3624.7253,3.5844,3.7707,1.4593,67.1799,2.8925,0.5153,1.466,0.7062,11082812.564,22587361.5591,65066731.725,58716189.3171,36128827.758,88180706.7855,23009097.9902,0.0927,0.037,0.0565,0.0329,0.161,0.0425,1.1328,3.6906,6.1579,44.2259,2530.4511,1332.7668,1.31,46738136.9246,40151947.2944,122.4822,88.074,94.952,96.818,86.278,100251251.0,9179411465.45
2025-05-14,0.1106,29.02,27.91,-6.2657,64.2133,0.6941,39.5406,55.9925,66.2777,0.6199,-0.1713,1.148,10.744,-2.652,1.1763,4.0,92.0,88.0,187.2023,702.9873,25.4982,5.4089,8.1849,5.978,0.8666,78.2969,11.3823,2.0698,10.0662,1.9194,2.1954,21.3094,35.735,3.1322,42.2212,40.5262,92.6008,0.0,189.8543,4.3077,10.6422,4.2207,0.6326,-0.9569,86.3929,156.4546,53.4193,324.1271,0.0491,0.0547,31.8778,455.1253,16.42,47.94,48.9745,0.7264,77.6108,-11345125045.8,338.2435,0.0,13.6174,0.0657,0.0237,0.1283,6.9733,0.7568,1.453,0.4366,3.3278,3.5402,4.9295,0.8154,-0.044,0.0266,7.2737,0.1216,0.8784,2.6903,-2.0,-0.2679,0.0744,78.3409,65.5847,76.2814,71.0932,69.0077,85.6347,65.624,30.1822,69.0586,-0.4566,0.2339,1.8599,0.1846,-1.0225,-0.005,0.9032,-1.9918,0.0993,-1.9193,386.3516,3.0659,4.3042,3.3562,0.4693,1.0988,0.4769,51.0,-0.0866,1.6277,0.0444,0.0389,0.6801,0.0175,0.0531,0.2939,0.0991,0.337,0.7,75.4966,91.0993,80.6975,5.7569,6.7422,1.8542,6.7412,26.2116,24.7006,0.0084,0.1531,0.2553,0.1421,0.8243,74.479,66.5673,66.5635,87.606,63.5278,7.467,29.9123,132.3965,3.3356,241847287672.0,52180941897.0,15.831,30.95,7.9402,7.3231,2.1643,-339794661.56,-249540697.8,-0.007,11885794037.4,-1222161248.73,-9.7252,-1.7773,0.0982,129187055.93,156494308.41,18008.5696,27.8254,-7.4614,0.123,2803204.02,0.8145,153609155.54,1.5241,-1.7803,0.0982,27307252.48,100.3727,-21917734.55,64708707.8333,97322524.0,75223482.76,-1479221119.26,0.4116,-1.8023,0.275,-0.5526,0.1191,0.1191,-1.6597,4.9442,-4.6404,4.4403,2.229,0.0357,12.3376,20.3476,-0.2513,-0.2611,-0.3857,-0.195,-197.8849,59.532,0.3574,0.5651,0.4222,-1.0609,0.6667,-19.4703,140.604,15.546,31.7407,40.5047,0.9909,1.5321,1.7585,0.0092,2.0026,5360499398.37,-12421375214.4,1.521,0.4527,1.5358,0.2732,-0.2326,0.0535,1.3032,1.2497,-0.0407,53.5781,52.5409,0.8019,0.7983,-0.1824,0.6927,75.8484,0.7635,0.5983,0.0004,62.4632,-0.9134,-2.2837,28366721501.6,9.0136,22.79,-0.0125,0.6522,5.0082,1.4785,1.3215,0.3426,2153.4137,74.49,-0.3876,0.2344,-0.0858,-1.1268,-0.5408,0.5454,-0.0026,-10828406215.9,19602410807.8,93.3293,92.8943,4.9442,-4.6404,29.0889,-0.2118,118505706870.0,0.1359,-1.8023,-1476417915.24,-12421375214.4,0.2253,0.6,0.5657,0.02,0.0485,2609.4318,7774.8534,3623.8494,2020.5002,4.0189,4.5636,1.4593,66.1023,4.4768,0.5114,1.4543,0.7056,13369745.0836,22517475.1619,67566251.775,61808174.3452,39290699.1833,85058501.857,18295460.1566,0.1034,0.0377,0.0614,0.0335,0.166,0.0435,1.0751,2.1994,5.9236,45.4144,1672.0844,840.7822,1.6854,44503441.0709,41361917.2832,148.41,89.672,88.332,92.798,86.129,78814092.0,7095199263.16
2025-05-15,0.1106,23.66,13.54,-2.1183,71.4969,0.6172,39.8565,57.9071,51.6217,0.6055,1.2926,1.1672,7.514,9.64,1.1812,4.0,88.0,84.0,178.2285,470.0204,25.4982,5.5233,7.9891,5.978,0.9103,79.2456,7.2476,2.0871,8.7946,1.936,2.2446,12.9786,28.1164,-1.5004,36.494,40.6065,95.2855,0.0,168.5885,4.3077,10.6422,4.2207,0.6326,-0.9569,60.6329,116.605,-17.3749,282.4162,0.051,0.057,20.7353,379.9786,19.72,47.37,41.2133,0.8429,84.9795,-11345125045.8,271.2266,0.0,13.5783,0.0714,0.0273,0.1182,6.1883,0.686,1.4576,0.438,3.3279,4.351,4.9295,0.8154,-0.044,0.0266,7.594,0.157,0.843,4.2607,-2.0,-0.2679,0.0805,79.9244,65.9395,77.9381,72.6129,70.3441,86.1065,66.3265,28.0184,46.9945,-0.4566,0.2339,1.8599,0.1846,-1.0225,-0.0052,0.8453,-1.9918,0.0993,-1.9193,372.2402,3.0773,4.3079,3.3506,0.4693,1.0988,0.4769,51.0,-0.0866,1.631,0.0443,0.0389,0.6731,0.0163,0.048,0.2676,0.093,0.337,0.6,76.4258,82.0013,78.2843,5.3291,6.6767,1.7949,6.6395,26.1744,24.6634,0.0084,0.1525,0.2551,0.1423,0.8851,77.05,66.6193,67.946,88.376,63.7757,6.486,29.6255,140.5333,8.7936,233013905831.0,57603964778.6,18.208,25.71,7.9402,7.3231,2.1643,-339794661.56,-249540697.8,-0.007,11885794037.4,-1222161248.73,-9.7252,-1.7773,0.0982,129187055.93,156494308.41,17931.9869,27.8254,-7.4614,0.123,2803204.02,0.8145,153609155.54,1.5241,-1.7803,0.0982,27307252.48,96.7066,-17130908.0,65741484.3333,30173240.0,75223482.76,-1479221119.26,0.4116,-1.8023,0.275,-0.5526,0.1191,0.1191,-1.6597,4.9442,-4.6404,4.4403,2.229,0.0357,11.887,19.6044,-0.2584,-0.3001,-0.3944,-0.2134,-190.6573,50.5258,0.2812,0.5033,0.3649,-1.0752,0.6667,-18.7591,140.604,18.7856,36.38,38.0521,0.9887,1.5014,1.597,0.01,2.0026,5360499398.37,-12421375214.4,1.4191,0.4057,1.4655,0.0659,-0.4192,-0.1597,1.0463,1.206,-0.0407,46.5488,25.5589,0.8019,0.7983,-0.1824,0.6927,73.0678,0.7339,0.5918,0.0004,47.6611,-0.9134,-2.2837,28366721501.6,9.0136,26.36,-0.0125,0.5358,4.4618,1.2995,1.0085,0.2953,2074.761,68.87,-0.3748,0.2945,-0.0585,-1.1268,-0.5408,0.5685,-0.0026,-10828406215.9,19602410807.8,93.0186,89.9238,4.9442,-4.6404,29.0889,-0.2118,118505706870.0,0.1359,-1.8023,-1476417915.24,-12421375214.4,0.1841,0.6211,0.4887,0.0223,0.0423,2878.9891,8032.6608,3655.5983,1526.8622,4.9597,6.1416,1.4593,63.9849,3.8799,0.5144,1.4986,0.7127,14950913.1597,21275585.4643,67490439.4523,62629883.5229,41354298.0586,79088762.5713,12649344.6092,0.1098,0.0384,0.0657,0.0339,0.1566,0.0444,1.0129,1.3162,5.015,46.1748,1588.582,5.1766,1.3031,41477228.7037,41629384.6473,130.2377,86.397,87.22,90.635,83.677,67149284.0,5847041238.93
2025-05-16,0.1106,20.91,-3.9,0.3536,56.9775,0.5567,40.1302,59.5664,15.8151,0.6012,2.0386,1.4256,6.2608,5.7081,1.1863,32.0,84.0,52.0,215.045,200.6967,25.4982,5.4252,7.3493,5.978,0.9291,79.979,7.1494,2.0858,8.4474,1.9391,2.266,7.8062,24.1759,-3.9457,34.3388,41.2096,97.4324,0.0,209.3369,4.3077,10.6422,4.2207,0.6326,-0.9569,49.5361,97.3504,-94.3643,266.4971,0.0516,0.0577,2.8991,306.2352,19.87,47.37,40.8983,0.7624,89.2647,-11345125045.8,265.7223,0.0,13.4788,0.0773,0.0299,0.0979,5.049,0.6538,1.456,0.4377,3.3267,5.017,4.9295,0.8154,-0.044,0.0266,7.681,0.1731,0.8269,5.4302,-2.0,-0.2679,0.0482,81.0436,66.2724,79.1907,73.8955,71.5097,86.0976,66.9742,27.7669,22.3963,-0.4566,0.2339,1.8599,0.1846,-1.0225,-0.0053,0.8283,-1.9918,0.0993,-1.9193,368.0923,3.0818,4.2782,3.3612,0.4693,1.0988,0.4769,51.0,-0.0866,1.6315,0.044,0.0389,0.6818,0.0152,0.0506,0.2735,0.113,0.337,0.6364,76.1929,74.7952,75.727,4.5851,6.7429,1.7977,6.9236,26.1632,24.6522,0.0084,0.1523,0.2568,0.1419,0.9276,79.847,66.6874,69.321,89.616,64.0768,5.328,29.3132,131.0026,7.7589,230417426926.0,61572316656.4,21.052,27.97,7.9402,7.3231,2.1643,-339794661.56,-249540697.8,-0.007,11885794037.4,-1222161248.73,-9.7252,-1.7773,0.0982,129187055.93,156494308.41,17908.966,27.8254,-7.4614,0.123,2803204.02,0.8145,153609155.54,1.5241,-1.7803,0.0982,27307252.48,95.629,-14523133.85,42655973.6667,-19524870.0,75223482.76,-1479221119.26,0.4116,-1.8023,0.275,-0.5526,0.1191,0.1191,-1.6597,4.9442,-4.6404,4.4403,2.229,0.0357,11.7545,19.386,-0.2513,-0.3311,-0.3815,-0.2139,-188.5328,44.5808,0.2418,0.4821,0.3434,-1.0755,0.5833,-18.5501,140.604,21.964,37.759,37.4983,0.9868,1.4492,1.4521,0.0084,2.0026,5360499398.37,-12421375214.4,1.4813,0.3967,1.4694,0.091,-0.3918,-0.1881,1.0776,1.2657,-0.0407,46.9443,3.4615,0.8019,0.7983,-0.1824,0.6927,71.3235,0.7045,0.5633,0.0004,38.2427,-0.9134,-2.2837,28366721501.6,9.0136,28.24,-0.0125,0.6083,4.4924,1.546,0.7433,0.3249,2051.6419,63.7,-0.3658,0.3353,-0.0405,-1.1268,-0.5408,0.5757,-0.0026,-10828406215.9,19602410807.8,91.9818,87.5317,4.9442,-4.6404,29.0889,-0.2118,118505706870.0,0.1359,-1.8023,-1476417915.24,-12421375214.4,0.2086,0.6505,0.5696,0.0234,0.0344,3077.691,7548.8783,3619.2302,2158.9446,5.6775,7.4399,1.4593,59.5642,3.3626,0.5118,1.4961,0.6971,15694334.8681,18668021.7016,64255470.461,60640379.904,41972358.2024,69291878.3809,5947373.667,0.1162,0.0389,0.0688,0.0342,0.1368,0.0447,0.9575,0.4751,4.2708,47.0913,577.76,-47.6926,1.0855,37623979.5927,41155105.485,115.6816,85.434,85.354,88.977,84.858,49698110.0,4332895826.28
2025-05-19,0.1106,21.93,6.65,1.6859,52.2406,0.5901,41.0643,61.272,-9.0533,0.7103,2.8855,1.6685,2.7256,-5.2381,1.1903,28.0,80.0,52.0,205.2786,191.7968,25.4982,5.4191,7.0144,5.978,0.9272,80.8516,6.0352,2.0375,8.296,1.9362,2.2142,5.4516,23.2535,-0.7783,35.271,42.0258,99.4712,0.0,210.5167,4.3077,10.6422,4.2207,0.6326,-0.9569,47.0047,88.953,-36.8718,264.1166,0.0509,0.0569,-12.5738,313.4419,19.87,48.42,41.807,0.7398,94.4785,-11345125045.8,267.7327,0.0,13.3696,0.0858,0.0335,0.081,4.392,0.6568,1.4616,0.439,3.3296,5.5638,4.9295,0.8154,-0.044,0.0266,7.7509,0.1716,0.8284,4.7062,-2.0,-0.2679,0.0612,82.163,66.6183,80.4229,75.1626,72.672,86.4651,67.6373,28.6805,11.7402,-0.4566,0.2339,1.8599,0.1846,-1.0225,-0.0052,0.8479,-1.9918,0.0993,-1.9193,372.8816,3.081,4.2585,3.3717,0.4692,1.0937,0.4784,51.0,-0.0866,1.631,0.0438,0.0389,0.6948,0.0143,0.0652,0.2862,0.1375,0.337,0.5833,75.5446,71.6548,74.248,4.3207,7.0083,1.7712,7.2107,26.1761,24.6651,0.0084,0.1523,0.2568,0.1419,0.9483,82.692,66.8107,70.7485,87.884,64.4632,4.3742,28.9821,136.0815,6.7319,233415423187.0,66470248485.3,23.887,28.45,7.9402,7.3231,2.1643,-339794661.56,-249540697.8,-0.007,11885794037.4,-1222161248.73,-9.7252,-1.7773,0.0982,129187055.93,156494308.41,17935.5256,27.8254,-7.4614,0.123,2803204.02,0.8145,153609155.54,1.5241,-1.7803,0.0982,27307252.48,95.629,-9219460.55,47499787.0,39759713.0,75223482.76,-1479221119.26,0.4116,-1.8023,0.275,-0.5526,0.1191,0.1191,-1.6597,4.9442,-4.6404,4.4403,2.229,0.0357,11.9075,19.6382,-0.2507,-0.3829,-0.3788,-0.2199,-190.9858,41.9772,0.2325,0.4968,0.3527,-1.074,0.5833,-18.7914,142.4334,25.1699,39.9868,38.2697,0.9853,1.4216,1.4722,0.0078,2.0026,5360499398.37,-12421375214.4,1.4843,0.3933,1.4868,-0.0431,-0.5771,-0.4524,0.9097,1.3621,-0.0407,48.6786,9.1637,0.8019,0.7983,-0.1824,0.6927,70.9427,0.73,0.5731,0.0004,48.0844,-0.9134,-2.2837,28366721501.6,9.0136,27.5,-0.0125,0.861,4.6201,1.9278,0.5012,0.3263,2078.3362,67.09,-0.3551,0.3895,-0.0307,-1.1268,-0.5408,0.5674,-0.0026,-10828406215.9,19602410807.8,91.463,87.0967,4.9442,-4.6404,29.0889,-0.2118,118505706870.0,0.1359,-1.8023,-1476417915.24,-12421375214.4,0.2991,0.6801,0.7178,0.0237,0.0274,3323.7162,6905.0318,3588.7287,2179.932,6.2139,7.6015,1.4593,52.4684,4.3589,0.5009,1.4914,0.6797,15990878.0026,17177050.5405,63351672.7408,60431795.7649,43254745.2244,65956113.2539,2372345.0758,0.1251,0.0393,0.0728,0.0346,0.1203,0.0453,0.8949,0.703,3.6883,47.4088,338.5818,-45.2546,1.2832,31186404.0355,40698988.5059,111.3649,86.545,86.942,90.307,85.007,59284583.0,5236484359.03
2025-05-20,0.1106,14.8,-18.44,0.0759,19.3201,0.5087,37.812,57.2333,-70.0924,0.6209,1.6835,1.2279,2.8388,1.4407,1.1922,24.0,76.0,52.0,170.1977,-178.2875,25.4982,5.5299,7.007,5.978,1.0004,80.3251,0.5188,1.9852,7.3573,1.9052,2.1426,-5.3162,11.7809,-6.8497,24.0901,43.3905,100.2655,0.0,168.757,4.3077,10.6422,4.2207,0.6326,-0.9569,-26.5706,53.5999,-166.6667,188.5772,0.0553,0.0624,-37.1821,329.4805,26.78,48.37,28.7292,0.7497,92.6518,-11345125045.8,212.7739,0.0,13.54,0.0944,0.0375,0.0676,3.0525,0.5138,1.4616,0.439,3.3296,5.8843,4.9295,0.8154,-0.044,0.0273,7.1662,0.2431,0.7569,5.0397,-2.0,-0.2679,0.0756,81.8224,66.8443,80.4025,75.6509,73.2363,84.4067,68.0522,24.3935,-4.8,-0.4566,0.2339,1.8599,0.1846,-1.0225,-0.0057,0.7267,-1.9918,0.0993,-1.9193,343.3333,2.9696,3.8593,3.1134,0.4692,1.0937,0.4784,51.0,-0.0866,1.6265,0.0447,0.0393,0.6973,0.0144,0.0579,0.2179,0.097,0.337,0.5833,71.1755,44.9609,62.4373,3.6283,6.8458,1.4966,6.7949,26.0935,24.5826,0.0084,0.158,0.2834,0.1537,1.0561,84.798,66.9111,71.828,86.194,64.703,2.5638,28.7243,114.2252,18.7858,214918856969.0,71326063777.3,25.94,21.06,7.9402,7.3231,2.1643,-339794661.56,-249540697.8,-0.007,11885794037.4,-1222161248.73,-9.7252,-1.7773,0.0982,129187055.93,156494308.41,17766.3546,27.8254,-7.4614,0.123,2803204.02,0.8145,153609155.54,1.5241,-1.7803,0.0982,27307252.48,95.629,-7256492.5,23954774.5,-22510392.0,75223482.76,-1479221119.26,0.4116,-1.8023,0.275,-0.5526,0.1191,0.1191,-1.6597,4.9442,-4.6404,4.4403,2.229,0.0357,10.9639,18.082,-0.2562,-0.4674,-0.3854,-0.2313,-175.8515,35.6513,0.1178,0.3746,0.2409,-1.0839,0.5833,-17.3023,131.1465,28.0159,37.7891,33.3352,0.9683,1.3817,1.3648,0.006,2.0026,5360499398.37,-12421375214.4,1.3556,0.2869,1.3678,-0.0702,-0.463,-0.3136,0.9048,1.2184,-0.0407,36.7802,-16.2424,0.8019,0.7983,-0.1824,0.6927,66.952,0.6523,0.4906,0.0004,42.8437,-0.9134,-2.2837,28366721501.6,9.0136,32.65,-0.0125,0.7921,3.6496,1.352,0.3161,0.2623,1913.6423,66.46,-0.3437,0.446,-0.0151,-1.1268,-0.5408,0.6226,-0.0026,-10828406215.9,19602410807.8,87.7132,81.9979,4.9442,-4.6404,29.0889,-0.2118,118505706870.0,0.1359,-1.8023,-1476417915.24,-12421375214.4,0.2842,0.6309,0.5308,0.0228,0.0183,3566.0779,6134.2933,3534.7368,1753.2374,7.9882,8.4584,1.4593,51.7085,3.7777,0.5074,1.6174,0.7077,16002966.8375,16051322.1773,63155024.0607,60714612.5703,44663290.393,64727443.8359,96710.6796,0.1342,0.0398,0.0773,0.035,0.1074,0.0463,0.8303,0.6066,2.6492,48.1339,433.7018,-42.376,1.1215,21876572.9857,40075518.7545,57.1748,79.687,84.739,85.652,79.628,62270105.0,5114727748.86
2025-05-21,0.1106,18.46,-6.87,-0.3086,1.2657,0.4226,36.3923,52.8597,-46.9744,0.6439,1.7903,1.2727,2.8012,4.1129,1.1944,20.0,72.0,52.0,177.8149,-245.9287,25.4982,5.392,6.4392,5.978,0.9812,80.4178,-0.8325,1.9891,7.1876,1.9077,2.1442,-4.7652,12.2186,-3.0243,26.1364,45.0587,101.0133,0.0,173.702,4.3077,10.6422,4.2207,0.6326,-0.9569,-80.5952,43.5619,-94.885,169.1197,0.0542,0.061,-36.5132,104.829,25.88,50.04,31.823,0.7356,89.5785,-11345125045.8,205.1863,0.0,13.438,0.0905,0.0399,0.0552,2.4478,0.4814,1.4635,0.4393,3.3314,6.0593,4.9295,0.8154,-0.044,0.0273,6.7596,0.2593,0.7407,4.3677,-2.0,-0.2679,0.0439,81.8474,67.0941,80.6421,76.2518,73.8825,83.5912,68.5081,20.8017,-17.5929,-0.4566,0.2339,1.8599,0.1846,-1.0225,-0.0056,0.756,-1.9918,0.0993,-1.9193,350.4745,2.9687,3.8267,3.1166,0.4691,1.0845,0.4789,51.0,-0.0866,1.6304,0.0445,0.0393,0.6969,0.0138,0.0597,0.2393,0.1036,0.337,0.5833,63.7186,18.9775,48.8049,2.7906,6.8208,1.4351,6.7124,26.1141,24.6032,0.0084,0.158,0.2834,0.1537,1.05,86.061,67.0174,73.036,84.516,64.9773,1.4006,28.5174,106.8391,19.2444,219389083537.0,74582495110.5,26.05,12.63,7.9402,7.3231,2.1643,-339794661.56,-249540697.8,-0.007,11885794037.4,-1222161248.73,-9.7252,-1.7773,0.0982,129187055.93,156494308.41,17808.4376,27.8254,-7.4614,0.123,2803204.02,0.8145,153609155.54,1.5241,-1.7803,0.0982,27307252.48,97.618,-2894454.2,24342676.3333,20835843.0,75223482.76,-1479221119.26,0.4116,-1.8023,0.275,-0.5526,0.1191,0.1191,-1.6597,4.9442,-4.6404,4.4403,2.229,0.0357,11.1919,18.4581,-0.2379,-0.538,-0.3563,-0.2209,-179.5091,31.688,0.1222,0.3994,0.2614,-1.0837,0.5833,-17.6622,131.1465,30.9305,36.9828,34.2368,0.977,1.3951,1.3798,0.0046,2.0026,5360499398.37,-12421375214.4,1.1822,0.3406,1.418,-0.0709,-0.5109,-0.3442,0.9071,1.2513,-0.0407,41.7993,-7.6403,0.8019,0.7983,-0.1824,0.6927,67.4643,0.6929,0.5112,0.0004,47.3866,-0.9134,-2.2837,28366721501.6,9.0136,38.14,-0.0125,0.812,4.0244,1.4847,0.1246,0.1541,1953.4453,66.06,-0.3366,0.4817,-0.0121,-1.1268,-0.5408,0.6083,-0.0026,-10828406215.9,19602410807.8,85.7544,81.0221,4.9442,-4.6404,29.0889,-0.2118,118505706870.0,0.1359,-1.8023,-1476417915.24,-12421375214.4,0.2909,0.7086,0.5827,0.0213,0.0112,3727.9876,5188.8111,3448.8519,1235.9648,9.2107,8.4947,1.4593,40.9441,3.9338,0.5078,1.6015,0.7083,15497738.2197,13476823.7483,59553426.0497,58042554.4826,44565730.7343,57600374.2239,-4041828.9428,0.1307,0.0402,0.0801,0.0353,0.0954,0.0468,0.7815,-0.0543,2.1844,48.6489,519.494,-56.7624,1.2068,24307557.6317,39039481.9954,78.1653,81.345,79.29,82.179,78.606,43346235.0,3506517879.52
2025-05-22,0.1106,12.97,-15.18,-2.8952,-24.8661,0.4649,34.1418,50.4355,-90.513,0.5847,1.7713,1.3188,3.0196,2.8503,1.1959,16.0,68.0,52.0,184.1906,-197.8049,25.4982,5.364,6.1993,5.978,0.9916,80.1768,0.4493,1.9875,7.3016,1.9083,2.1885,-5.7872,9.0448,-2.9035,23.9646,46.8399,101.4661,0.0,181.3403,4.3077,10.6422,4.2207,0.6326,-0.9569,-78.3883,43.9517,-46.234,172.0432,0.0549,0.0619,-46.7734,19.8809,26.98,49.32,29.2792,0.7112,82.8819,-11345125045.8,210.1,0.0,13.3404,0.0823,0.0426,0.0485,1.7149,0.5176,1.4553,0.4377,3.3251,6.1027,4.9295,0.8154,-0.044,0.0273,6.2763,0.2412,0.7588,4.472,-2.0,-0.2679,0.0618,81.6679,67.3216,80.6756,76.6906,74.3993,82.6808,68.9131,25.2275,-11.0073,-0.4566,0.2339,1.8599,0.1846,-1.0225,-0.0056,0.7367,-1.9918,0.0993,-1.9193,345.7708,2.9832,3.8251,3.1079,0.4691,1.0845,0.4789,51.0,-0.0866,1.6351,0.0443,0.0393,0.6737,0.0132,0.0534,0.2243,0.1019,0.337,0.5833,55.1028,3.4083,37.8713,2.4428,6.8697,1.4644,6.7174,26.1006,24.5896,0.0084,0.1572,0.2835,0.1541,1.0614,85.827,67.1027,74.153,83.278,65.2283,0.3472,28.427,94.6937,16.7655,216444622923.0,78273103483.1,23.348,-2.34,7.9402,7.3231,2.1643,-339794661.56,-249540697.8,-0.007,11885794037.4,-1222161248.73,-9.7252,-1.7773,0.0982,129187055.93,156494308.41,17780.8084,27.8254,-7.4614,0.123,2803204.02,0.8145,153609155.54,1.5241,-1.7803,0.0982,27307252.48,97.618,-1228052.8,3496189.0,-27756400.0,75223482.76,-1479221119.26,0.4116,-1.8023,0.275,-0.5526,0.1191,0.1191,-1.6597,4.9442,-4.6404,4.4403,2.229,0.0357,11.0417,18.2104,-0.245,-0.7356,-0.3652,-0.2336,-177.0999,34.5663,0.0904,0.3771,0.2396,-1.077,0.5,-17.4252,129.3864,33.7851,35.8295,33.5846,0.9794,1.3652,1.3803,0.005,2.0026,5360499398.37,-12421375214.4,0.9719,0.3252,1.3817,-0.0656,-0.4528,-0.3,0.9289,1.2289,-0.0407,38.175,-10.5036,0.8019,0.7983,-0.1824,0.6927,66.1249,0.6897,0.504,0.0003,43.2581,-0.9134,-2.2837,28366721501.6,9.0136,37.55,-0.0125,0.7126,3.7525,1.3943,-0.0582,-0.0281,1927.2278,70.17,-0.3281,0.5212,-0.0065,-1.1268,-0.5408,0.6176,-0.0026,-10828406215.9,19602410807.8,83.8172,80.0393,4.9442,-4.6404,29.0889,-0.2118,118505706870.0,0.1359,-1.8023,-1476417915.24,-12421375214.4,0.2555,0.6532,0.5367,0.0195,0.0057,3914.21,4679.0386,3353.9487,868.5843,10.4557,8.1141,1.4593,40.3078,3.4093,0.5076,1.6153,0.7097,14743124.477,11724669.5063,57560483.677,56588660.4084,44863990.9021,54597663.8159,-6036909.9414,0.1229,0.0406,0.0832,0.0356,0.0891,0.0475,0.7323,0.0396,1.833,48.95,480.0323,-38.3457,1.0954,24955642.7393,37902917.4394,75.5381,80.253,80.878,84.957,79.995,48592243.0,4036564550.11
2025-05-23,0.1106,11.27,-13.32,-6.3292,-51.6291,0.4722,31.766,47.4838,-108.9568,0.6311,2.5916,1.4003,2.6928,-4.6869,1.1973,12.0,64.0,52.0,176.6257,-192.8554,25.4982,5.188,5.6494,5.978,1.0017,80.3348,-0.4478,1.9856,6.6626,1.906,2.1808,-6.591,6.5937,-2.3166,22.4708,48.8378,101.6402,0.0,181.3126,4.3077,10.6422,4.2207,0.6326,-0.9569,-99.7496,31.7651,-70.2222,149.3284,0.0554,0.0625,-52.5871,-8.5089,27.6,49.32,28.2371,0.7169,72.575,-11345125045.8,197.0175,0.0,13.2374,0.0684,0.0441,0.0409,0.8719,0.4524,1.4602,0.4391,3.3259,6.0369,4.9295,0.8154,-0.044,0.0273,5.7734,0.2738,0.7262,4.557,-2.0,-0.2679,0.0362,81.401,67.5345,80.6024,77.0249,74.829,81.8538,69.2832,23.9376,-10.3279,-0.4566,0.2339,1.8599,0.1846,-1.0225,-0.0057,0.7251,-1.9918,0.0993,-1.9193,342.9485,2.9739,3.7746,3.0942,0.4691,1.0845,0.4789,51.0,-0.0866,1.635,0.044,0.0393,0.6859,0.0129,0.0562,0.2245,0.1064,0.337,0.5385,45.7566,-10.3209,27.0641,1.9532,6.8737,1.4695,6.7271,26.0924,24.5814,0.0084,0.1577,0.2873,0.1548,1.0706,85.859,67.19,75.239,82.102,65.485,-0.527,28.3615,82.7103,17.3104,214677946555.0,80301746054.8,21.24,0.32,7.9402,7.3231,2.1643,-339794661.56,-249540697.8,-0.007,11885794037.4,-1222161248.73,-9.7252,-1.7773,0.0982,129187055.93,156494308.41,17764.0638,27.8254,-7.4614,0.123,2803204.02,0.8145,153609155.54,1.5241,-1.7803,0.0982,27307252.48,96.8212,-763984.85,-10801726.0,-55614250.0,75223482.76,-1479221119.26,0.4116,-1.8023,0.275,-0.5526,0.1191,0.1191,-1.6597,4.9442,-4.6404,4.4403,2.229,0.0357,10.9516,18.0617,-0.2439,-1.0976,-0.3617,-0.2387,-175.6544,30.9738,0.0659,0.3623,0.2247,-1.0647,0.4167,-17.2829,129.3864,35.7135,35.047,33.3572,0.9801,1.1568,1.3674,0.0035,2.0026,5360499398.37,-12421375214.4,1.004,0.3184,1.3714,-0.0548,-0.4397,-0.306,0.9317,1.2377,-0.0407,37.1409,-7.869,0.8019,0.7983,-0.1824,0.6927,59.4309,0.6819,0.5102,0.0003,39.3346,-0.9134,-2.2837,28366721501.6,9.0136,37.35,-0.0125,0.7259,3.6731,1.4293,-0.2358,0.004,1911.4972,70.77,-0.3242,0.5375,-0.0063,-1.1268,-0.5408,0.6234,-0.0026,-10828406215.9,19602410807.8,82.1459,79.3642,4.9442,-4.6404,29.0889,-0.2118,118505706870.0,0.1359,-1.8023,-1476417915.24,-12421375214.4,0.2604,0.7017,0.5518,0.0174,0.0015,4015.8197,4080.475,3265.8776,1107.3445,11.5939,7.6098,1.4593,36.6615,2.9547,0.5074,1.6199,0.7087,13507351.3754,8564258.969,52160004.8266,52168535.7302,43604276.7612,45684392.5439,-9886184.8128,0.1092,0.0408,0.0849,0.0358,0.0817,0.0476,0.6997,-0.5827,1.5514,45.6906,-56.366,-58.5136,1.0219,25126855.3402,36818774.3768,58.3371,79.598,81.394,81.99,79.112,27857850.0,2255659426.19
2025-05-26,0.1106,9.3,-11.17,-10.2045,-73.4879,0.464,29.1316,43.7424,-115.3375,0.5725,2.9146,1.365,2.8084,-6.3268,1.1981,8.0,60.0,52.0,173.9063,-217.1393,25.4982,4.9724,5.0695,5.978,1.0089,79.9561,-1.5281,2.0454,6.5076,1.908,2.1889,-5.8766,3.9303,-1.5675,20.5466,50.9477,101.5583,0.0,180.2331,4.3077,10.6422,4.2207,0.6326,-0.9569,-98.1977,19.9608,-135.3216,130.1593,0.056,0.0634,-52.215,-40.7032,28.55,48.83,26.2083,0.6722,63.0111,-11345125045.8,186.0221,0.0,13.1393,0.0537,0.045,0.0279,0.7981,0.3102,1.4626,0.4397,3.3266,5.8771,4.9295,0.8154,-0.044,0.0273,5.2379,0.3449,0.6551,4.4956,-2.0,-0.2679,0.0274,81.0099,67.7281,80.3944,77.2368,75.1565,80.9859,69.61,22.2553,-12.7502,-0.4566,0.2339,1.8599,0.1846,-1.0225,-0.0057,0.7085,-1.9918,0.0993,-1.9193,338.8861,2.9683,3.7591,3.1164,0.4691,1.0845,0.4789,51.0,-0.0866,1.6356,0.0438,0.0393,0.7275,0.0128,0.0556,0.2153,0.1057,0.337,0.4615,37.0742,-15.0202,19.7094,1.4279,6.9355,1.495,6.7331,26.0805,24.5695,0.0084,0.158,0.2885,0.1537,1.0624,84.198,67.2892,76.253,80.512,65.7422,-1.2784,28.2479,71.4526,18.8974,212135003298.0,81682433445.9,15.89,-16.61,7.9402,7.3231,2.1643,-339794661.56,-249540697.8,-0.007,11885794037.4,-1222161248.73,-9.7252,-1.7773,0.0982,129187055.93,156494308.41,17739.737,27.8254,-7.4614,0.123,2803204.02,0.8145,153609155.54,1.5241,-1.7803,0.0982,27307252.48,95.6743,-1555583.95,-20260923.5,-76280055.0,75223482.76,-1479221119.26,0.4116,-1.8023,0.275,-0.5526,0.1191,0.1191,-1.6597,4.9442,-4.6404,4.4403,2.229,0.0357,10.8219,17.8478,-0.244,-2.2483,-0.3602,-0.2449,-173.5737,28.0079,0.0393,0.3427,0.2055,-1.0695,0.3333,-17.0782,129.3864,36.0375,34.316,33.1124,0.9764,0.9525,1.3501,0.0039,2.0026,5360499398.37,-12421375214.4,0.8267,0.2802,1.3439,-0.0773,-0.4351,-0.333,0.9088,1.2418,-0.0407,34.3904,-7.9345,0.8019,0.7983,-0.1824,0.6927,45.5826,0.6689,0.502,0.0004,36.2896,-0.9134,-2.2837,28366721501.6,9.0136,37.93,-0.0125,0.7916,3.4628,1.4454,-0.4093,-0.1733,1888.8548,70.77,-0.3211,0.5497,-0.0082,-1.1268,-0.5408,0.6318,-0.0026,-10828406215.9,19602410807.8,80.5656,78.611,4.9442,-4.6404,29.0889,-0.2118,118505706870.0,0.1359,-1.8023,-1476417915.24,-12421375214.4,0.275,0.6795,0.5557,0.0153,-0.0017,4084.5339,3630.9204,3196.4438,1471.891,12.2275,7.5937,1.4593,34.9099,2.5607,0.505,1.6305,0.7082,11889247.3137,5416831.0669,46433786.6763,47321961.7717,41905130.7048,37344863.3626,-12944832.4936,0.0945,0.0408,0.0858,0.0359,0.0687,0.0477,0.6804,-0.78,1.0873,39.6087,-78.2492,-58.4173,0.9715,23446935.2764,35967641.8716,48.1354,78.655,79.707,80.065,77.911,20665805.0,1635568217.34
2025-05-27,0.1106,11.33,-11.91,-14.0286,-91.6729,0.458,31.231,40.4998,-118.1632,0.6629,3.5704,1.5266,1.8176,-8.8345,1.1993,4.0,56.0,52.0,170.2465,-241.046,25.4982,4.7472,4.5279,5.978,1.0043,79.7214,-1.3655,2.0297,6.2555,1.9046,2.2183,-4.6624,2.6603,-1.1826,20.2594,53.505,101.141,0.0,179.081,4.3077,10.6422,4.2207,0.6326,-0.9569,-84.3874,15.0278,-84.2391,125.259,0.0559,0.0633,-48.215,-50.1538,27.56,48.96,27.9665,0.5956,48.6678,-11345125045.8,187.2106,0.0,13.0314,0.0409,0.0464,0.0154,0.6468,0.1426,1.4639,0.44,3.3273,5.6555,4.9295,0.8154,-0.044,0.0266,4.769,0.4287,0.5713,3.8962,-2.0,-0.2679,0.0229,80.7136,67.9207,80.2383,77.4409,75.4693,80.4506,69.9303,14.4799,-13.9925,-0.4566,0.2339,1.8599,0.1846,-1.0225,-0.0057,0.7107,-1.9918,0.0993,-1.9193,339.442,2.9741,3.7631,2.9286,0.47,1.0856,0.45,51.0,-0.0866,1.635,0.0435,0.0393,0.7109,0.0123,0.0645,0.2311,0.1131,0.337,0.4615,29.8587,-13.4343,15.4277,0.862,7.0303,1.488,6.7273,26.0821,24.5712,0.0084,0.158,0.2885,0.1537,1.0489,83.262,67.412,77.323,80.33,66.0073,-1.773,28.1551,60.4278,17.1547,212482985007.0,83493169675.9,11.878,-9.36,7.9402,7.3231,2.1643,-339794661.56,-249540697.8,-0.007,11885794037.4,-1222161248.73,-9.7252,-1.7773,0.0982,129187055.93,156494308.41,17743.0817,27.8254,-7.4614,0.123,2803204.02,0.8145,153609155.54,1.5241,-1.7803,0.0982,27307252.48,95.6743,-862648.15,-35315213.0,-50566024.0,75223482.76,-1479221119.26,0.4116,-1.8023,0.275,-0.5526,0.1191,0.1191,-1.6597,4.9442,-4.6404,4.4403,2.229,0.0357,10.8396,17.8771,-0.2432,46.432,-0.3574,-0.2502,-173.8584,25.425,0.0266,0.3416,0.2026,-1.0662,0.4167,-17.1062,129.5986,36.7251,33.4635,33.1546,0.9766,0.9937,1.3734,0.004,2.0026,5360499398.37,-12421375214.4,0.8945,0.2889,1.3691,-0.0057,-0.3804,-0.262,0.9887,1.2507,-0.0407,36.9093,-8.9679,0.8019,0.7983,-0.1824,0.6927,49.3979,0.673,0.5036,0.0004,41.4141,-0.9134,-2.2837,28366721501.6,9.0136,38.36,-0.0125,0.9177,3.657,1.481,-0.5789,-0.1055,1891.9533,70.77,-0.3168,0.5653,-0.0089,-1.1268,-0.5408,0.6307,-0.0026,-10828406215.9,19602410807.8,79.5706,78.5673,4.9442,-4.6404,29.0889,-0.2118,118505706870.0,0.1359,-1.8023,-1476417915.24,-12421375214.4,0.3201,0.7436,0.5617,0.0132,-0.0036,4175.1923,3099.0937,3105.8663,1346.9167,12.5991,5.9035,1.4593,35.1953,2.7542,0.5012,1.618,0.7078,10169772.7998,3291874.744,42666558.3715,43997664.7299,40705789.9859,33467919.2417,-13755796.1116,0.0818,0.0409,0.0873,0.0361,0.0563,0.0479,0.6518,-0.6697,0.6473,31.0414,-76.2548,-56.6261,1.0314,19207784.7447,34838255.5315,45.2161,78.784,79.201,79.787,77.98,25714031.0,2045524524.18
2025-05-28,0.1106,7.96,-6.93,-18.801,-102.3254,0.4333,33.3094,36.3978,-134.0077,0.635,3.1331,1.5171,1.638,-3.8897,1.2004,16.0,52.0,36.0,167.8156,-127.0419,25.4982,4.5774,4.1683,5.978,1.018,79.25,-2.2276,2.03,6.3116,1.9061,2.226,-5.0749,-0.5055,-2.0853,17.4952,55.9712,100.5198,0.0,171.7053,4.3077,10.6422,4.2207,0.6326,-0.9569,-98.6134,1.423,-96.6622,110.5167,0.057,0.0647,-47.2369,-52.3077,29.09,47.54,24.0767,0.6075,33.3545,-11345125045.8,177.6282,0.0,12.9467,0.0317,0.047,0.009,0.3687,-0.071,1.4533,0.4374,3.3225,5.3694,4.9295,0.8154,-0.044,0.0266,4.2252,0.5355,0.4645,3.8392,-2.0,-0.2679,0.0304,80.1929,68.0849,79.8709,77.4799,75.6457,79.5837,70.19,3.4865,-7.167,-0.4566,0.2339,1.8599,0.1846,-1.0225,-0.0059,0.6838,-1.9918,0.0993,-1.9193,332.8995,2.9913,3.7519,2.9264,0.47,1.0856,0.45,51.0,-0.0866,1.637,0.0434,0.0393,0.7217,0.012,0.0619,0.2028,0.1109,0.337,0.3846,23.6942,-13.2928,11.3652,0.2878,7.0138,1.5813,6.7081,26.0627,24.5517,0.0084,0.1571,0.2894,0.1538,1.0535,82.012,67.5266,78.2455,79.508,66.258,-2.2884,28.0636,56.6572,18.7978,208387507972.0,85034222556.8,7.533,-12.5,7.9402,7.3231,2.1643,-339794661.56,-249540697.8,-0.007,11885794037.4,-1222161248.73,-9.7252,-1.7773,0.0982,129187055.93,156494308.41,17703.3916,27.8254,-7.4614,0.123,2803204.02,0.8145,153609155.54,1.5241,-1.7803,0.0982,27307252.48,93.8302,-1796460.45,-44191528.6667,-75768286.0,75223482.76,-1479221119.26,0.4116,-1.8023,0.275,-0.5526,0.1191,0.1191,-1.6597,4.9442,-4.6404,4.4403,2.229,0.0357,10.6307,17.5325,-0.2456,1.9892,-0.3595,-0.2589,-170.5074,22.8524,-0.0051,0.3126,0.175,-1.066,0.3333,-16.7765,129.5986,35.5708,33.3524,32.6688,0.963,0.8121,1.3303,0.0039,2.0026,5360499398.37,-12421375214.4,0.8616,0.2411,1.3106,-0.0409,-0.3607,-0.2896,0.9499,1.2395,-0.0407,31.0606,-3.039,0.8019,0.7983,-0.1824,0.6927,16.7344,0.6609,0.4841,0.0003,38.338,-0.9134,-2.2837,28366721501.6,9.0136,39.57,-0.0125,0.8849,3.2095,1.4354,-0.7408,-0.1384,1855.487,69.83,-0.3128,0.5812,-0.0071,-1.1268,-0.5408,0.6447,-0.0026,-10828406215.9,19602410807.8,78.2423,77.6408,4.9442,-4.6404,29.0889,-0.2118,118505706870.0,0.1359,-1.8023,-1476417915.24,-12421375214.4,0.3088,0.6503,0.5431,0.0112,-0.0053,4252.301,2575.8464,3026.1934,962.1283,12.9201,5.5137,1.4593,31.6784,2.387,0.502,1.6353,0.7093,8445555.0007,1548683.8044,39491231.7585,41106064.3099,39557380.5055,30712700.1611,-13793742.3926,0.0728,0.0411,0.0881,0.0362,0.0501,0.048,0.6371,-0.6659,0.4168,20.0905,-76.6781,-59.5275,0.9723,17125778.5009,33893630.4744,34.5509,77.266,78.0,79.181,76.829,25202262.0,1975243988.7
2025-05-29,0.1106,5.4,-10.31,-23.7128,-116.0838,0.4032,34.8591,31.9139,-129.5245,0.5302,2.1628,1.3715,1.412,1.7857,1.2012,12.0,48.0,36.0,174.3674,-110.4704,25.4982,4.3654,3.7419,5.978,1.0172,78.8917,-2.7708,1.9796,6.0711,1.8996,2.2396,-4.3213,-1.8929,-1.6335,16.5778,58.2404,99.8726,0.0,172.5817,4.3077,10.6422,4.2207,0.6326,-0.9569,-107.6983,-13.8043,-114.4892,98.5508,0.0573,0.0649,-41.1161,-56.227,29.38,45.6,21.6324,0.6504,20.6838,-11345125045.8,164.8275,0.0,12.8426,0.0237,0.0462,-0.0007,-1.2986,-0.3038,1.4533,0.4374,3.3225,5.0411,4.9295,0.8154,-0.044,0.0255,3.7279,0.6519,0.3481,3.7576,-2.0,-0.2679,0.0208,79.7142,68.2415,79.5154,77.4875,75.7875,78.9092,70.4316,-2.2789,-5.7099,-0.4566,0.2339,1.8599,0.1846,-1.0225,-0.0059,0.6787,-1.9918,0.0993,-1.9193,331.6594,2.997,3.6818,2.9084,0.47,1.0856,0.45,49.0,-0.0866,1.6373,0.0432,0.0392,0.7113,0.0116,0.0497,0.1746,0.1097,0.337,0.3333,19.0846,-8.5733,9.8653,-0.2412,7.4482,1.7463,6.7546,26.0589,24.548,0.0084,0.1568,0.2949,0.1547,1.0452,81.063,67.6017,79.0565,78.848,66.5307,-2.6264,27.9347,50.7191,19.6482,207611241083.0,85721794779.9,4.013,-9.49,7.9402,7.3231,2.1643,-339794661.56,-249540697.8,-0.007,11885794037.4,-1222161248.73,-9.7252,-1.7773,0.0982,129187055.93,156494308.41,17695.7875,27.8254,-7.4614,0.123,2803204.02,0.8145,153609155.54,1.5241,-1.7803,0.0982,27307252.48,93.4807,-4381545.1,-63543568.3333,-95276395.0,75223482.76,-1479221119.26,0.4116,-1.8023,0.275,-0.5526,0.1191,0.1191,-1.6597,4.9442,-4.6404,4.4403,2.229,0.0357,10.5911,17.4672,-0.2431,0.9838,-0.354,-0.2621,-169.8722,20.7672,-0.0189,0.3045,0.1658,-1.0735,0.3333,-16.714,129.5986,35.0309,33.0789,32.5961,0.9322,0.874,1.3263,0.0029,2.0026,5360499398.37,-12421375214.4,0.891,0.1545,1.2644,-0.0501,-0.3052,-0.3081,0.9592,1.2673,-0.0407,26.4428,-5.3685,0.8019,0.7983,-0.1824,0.6927,22.3814,0.6629,0.4637,0.0004,35.5062,-0.9134,-2.2837,28366721501.6,9.0136,41.33,-0.0125,0.6759,2.8524,1.5471,-0.9174,-0.109,1848.5751,69.25,-0.3103,0.5846,-0.0068,-1.1268,-0.5408,0.6474,-0.0026,-10828406215.9,19602410807.8,77.2723,77.1766,4.9442,-4.6404,29.0889,-0.2118,118505706870.0,0.1359,-1.8023,-1476417915.24,-12421375214.4,0.2396,0.601,0.5803,0.0092,-0.0064,4286.7659,2243.3008,2988.7631,920.0178,13.0654,4.6899,1.4593,39.1896,2.0687,0.4926,1.6363,0.7056,6698654.5349,-288947.3284,35857936.7115,37783301.9545,38072249.2829,26977836.4407,-13975203.7266,0.0647,0.041,0.0872,0.0363,0.0403,0.0479,0.6513,-0.7857,0.0836,6.5731,-80.5408,-54.9947,0.9443,16259192.6187,33567696.9645,42.5368,76.978,76.253,77.593,75.995,19508109.0,1511244167.22
2025-05-30,0.1106,7.26,-6.94,-28.6719,-123.6954,0.4069,36.3244,27.8948,-136.1827,0.5322,2.9705,1.4562,1.3148,-0.1477,1.2017,8.0,44.0,36.0,165.5654,-125.0211,25.4982,4.2014,3.4632,5.978,1.0217,78.4016,-2.9292,1.9779,5.832,1.9018,2.2419,-4.2294,-4.0606,-1.8118,14.861,61.5919,98.3841,0.0,165.7131,4.3077,10.6422,4.2207,0.6326,-0.9569,-106.262,-30.7694,-100.7353,91.2235,0.0579,0.0657,-36.9928,-55.5987,26.97,45.6,25.6718,0.6163,7.3798,-11345125045.8,173.7066,0.0,12.7454,0.0187,0.0469,-0.0033,-4.3101,-0.7216,1.4515,0.437,3.3216,4.679,4.9295,0.8154,-0.044,0.0266,3.2304,0.8608,0.1392,3.6504,-2.0,-0.2679,0.027,79.1734,68.3819,79.0884,77.4163,75.858,78.1861,70.6384,-6.0636,-9.8144,-0.4566,0.2339,1.8599,0.1846,-1.0225,-0.0059,0.6643,-1.9918,0.0993,-1.9193,328.153,2.9988,3.6757,2.9035,0.47,1.0856,0.45,58.0,-0.0866,1.6389,0.0429,0.0392,0.7078,0.011,0.0507,0.2071,0.115,0.337,0.25,15.6734,-4.7935,8.8511,-0.7328,7.4639,1.8509,6.7809,26.0483,24.5373,0.0084,0.1567,0.2954,0.155,1.0442,80.129,67.6813,79.988,78.156,66.8112,-2.8972,27.8258,42.9585,19.3751,205416279534.0,86622452229.6,0.282,-9.34,7.9402,7.3231,2.1643,-339794661.56,-249540697.8,-0.007,11885794037.4,-1222161248.73,-9.7252,-1.7773,0.0982,129187055.93,156494308.41,17674.1434,27.8254,-7.4614,0.123,2803204.02,0.8145,153609155.54,1.5241,-1.7803,0.0982,27307252.48,93.4807,-7411799.5,-78225397.3333,-115847374.0,75223482.76,-1479221119.26,0.4116,-1.8023,0.275,-0.5526,0.1191,0.1191,-1.6597,4.9442,-4.6404,4.4403,2.229,0.0357,10.4791,17.2825,-0.2443,0.9676,-0.3541,-0.2694,-168.0762,18.7008,-0.0406,0.2876,0.1486,-1.0724,0.25,-16.5373,128.2284,34.3537,32.8779,32.3786,0.9669,0.8494,1.3013,0.0031,2.0026,5360499398.37,-12421375214.4,0.8915,0.2173,1.3206,-0.0645,-0.3637,-0.324,0.9569,1.2809,-0.0407,32.0599,-5.0952,0.8019,0.7983,-0.1824,0.6927,15.0129,0.652,0.4716,0.0006,32.9377,-0.9134,-2.2837,28366721501.6,9.0136,41.33,-0.0125,0.7031,3.3174,1.6013,-0.9782,-0.1085,1829.0311,69.68,-0.307,0.5763,-0.006,-1.1268,-0.5408,0.6553,-0.0026,-10828406215.9,19602410807.8,76.3199,76.5358,4.9442,-4.6404,29.0889,-0.2118,118505706870.0,0.1359,-1.8023,-1476417915.24,-12421375214.4,0.2493,0.7159,0.5992,0.0074,-0.0071,4331.7447,1834.6157,2938.0429,299.435,13.2168,3.3644,1.4593,29.5211,1.7929,0.492,1.5838,0.7037,5030802.3034,-1640606.6224,33078489.8549,35135252.2692,36775858.8916,24842217.2938,-13342817.8516,0.0598,0.0411,0.088,0.0364,0.0378,0.0478,0.6361,-0.7979,-0.0072,-6.5061,-73.8994,-57.6661,0.9021,16579105.4826,33066515.9059,28.9744,76.164,77.256,77.524,75.469,20570979.0,1584454163.68
2025-06-03,0.1106,7.35,-3.68,-34.4488,-130.5838,0.403,38.5053,26.1558,-150.287,0.54,2.6631,1.2509,1.1156,-1.291,1.2025,4.0,40.0,36.0,171.0923,-95.0494,25.4982,4.147,3.4593,5.978,1.0093,78.2721,-2.0665,1.9792,5.8027,1.9035,2.2457,-2.0388,-4.1741,-0.3418,15.6534,65.4042,96.4518,0.0,172.3833,4.3077,10.6422,4.2207,0.6326,-0.9569,-62.483,-34.5441,6.2966,98.6214,0.0573,0.0649,-36.4307,-52.8105,26.97,45.77,25.8455,0.6549,-2.0916,-11345125045.8,180.3939,0.0,12.6425,0.0132,0.0486,-0.001,-5.4233,-0.555,1.4471,0.4361,3.318,4.3168,4.9295,0.8154,-0.044,0.0269,2.8683,0.7775,0.2225,3.1637,-2.0,-0.2679,0.0444,78.8783,68.5335,78.8517,77.429,75.9834,77.9741,70.865,-9.0173,-3.6831,-0.4566,0.2339,1.8599,0.1846,-1.0225,-0.0059,0.6786,-1.9918,0.0993,-1.9193,331.6167,3.0,3.6625,2.9095,0.4702,1.0817,0.451,58.0,-0.0866,1.6414,0.0427,0.0392,0.7269,0.0108,0.0497,0.204,0.1004,0.337,0.1818,14.1708,5.1555,11.1657,-0.8896,7.5167,1.8524,7.1315,26.0588,24.5478,0.0084,0.1567,0.2954,0.155,1.0208,79.164,67.7542,80.928,77.816,67.0538,-2.897,27.8177,39.8142,17.012,207584473259.0,88390840531.2,-3.528,-9.65,7.9402,7.3231,2.1643,-339794661.56,-249540697.8,-0.007,11885794037.4,-1222161248.73,-9.7252,-1.7773,0.0982,129187055.93,156494308.41,17695.5248,27.8254,-7.4614,0.123,2803204.02,0.8145,153609155.54,1.5241,-1.7803,0.0982,27307252.48,93.4807,-9397690.2,-83616865.8333,-87963061.0,75223482.76,-1479221119.26,0.4116,-1.8023,0.275,-0.5526,0.1191,0.1191,-1.6597,4.9442,-4.6404,4.4403,2.229,0.0357,10.5897,17.4649,-0.2439,0.9462,-0.3517,-0.2749,-169.8503,22.9468,-0.0417,0.298,0.1565,-1.0801,0.3333,-16.7119,129.5819,33.9054,32.7639,32.6729,0.9654,0.8909,1.3375,0.004,2.0026,5360499398.37,-12421375214.4,0.8893,0.2131,1.32,-0.0488,-0.3415,-0.2526,0.9785,1.2311,-0.0407,32.0,-3.3042,0.8019,0.7983,-0.1824,0.6927,21.9929,0.6531,0.5034,0.0003,36.0041,-0.9134,-2.2837,28366721501.6,9.0136,41.6,-0.0125,0.6667,3.3147,1.4096,-0.8375,-0.1107,1848.3368,69.68,-0.3027,0.5916,-0.0023,-1.1268,-0.5408,0.6475,-0.0026,-10828406215.9,19602410807.8,76.1284,76.9508,4.9442,-4.6404,29.0889,-0.2118,118505706870.0,0.1359,-1.8023,-1476417915.24,-12421375214.4,0.2361,0.7189,0.5232,0.0058,-0.007,4420.6563,1823.2825,2838.3116,281.0331,13.0161,3.193,1.4593,33.4027,1.7799,0.4911,1.5839,0.6948,3605141.3004,-2097502.7117,32134094.0631,34019723.1509,36117225.8626,25856249.1959,-11405288.0242,0.0544,0.0412,0.0898,0.0366,0.0402,0.0475,0.6012,-0.6258,0.0612,-18.7984,-58.4741,0.095,0.9581,14356615.8696,31879712.4138,39.4714,76.968,76.134,79.538,76.124,27884313.0,2187659737.07
2025-06-04,0.1106,5.97,-2.93,-40.2807,-136.2337,0.3912,40.1469,24.3013,-149.2373,0.5459,2.8098,1.2734,0.96,2.0258,1.2035,12.0,36.0,24.0,170.1555,-49.9704,25.4982,3.9529,3.1211,5.978,1.0123,78.1586,-2.0941,1.9851,6.389,1.899,2.2492,-2.0873,-5.6424,-0.2223,14.7237,69.9367,93.7173,0.0,168.1297,4.3077,10.6422,4.2207,0.6326,-0.9569,-85.3674,-68.8002,-57.3277,87.4247,0.0575,0.0653,-32.5549,-56.6419,27.31,45.29,24.7658,0.6382,-9.9598,-11345125045.8,171.9834,0.0,12.5411,0.0054,0.0492,-0.0041,-7.4777,-0.5516,1.4471,0.4361,3.318,3.9584,4.9295,0.8154,-0.044,0.0269,2.5249,0.7758,0.2242,2.9748,-2.0,-0.2679,0.0185,78.5749,68.6769,78.5991,77.4082,76.0742,77.7194,71.0731,-8.5069,-2.72,-0.4566,0.2339,1.8599,0.1846,-1.0225,-0.0059,0.6726,-1.9918,0.0993,-1.9193,330.1628,2.9853,3.6493,2.9076,0.4702,1.0817,0.451,58.0,-0.0866,1.6402,0.0425,0.0393,0.7133,0.0106,0.0495,0.1992,0.1023,0.337,0.1818,13.2883,7.9933,11.5233,-1.0969,7.5191,1.8829,7.1334,26.0544,24.5435,0.0084,0.1575,0.2964,0.1551,1.0213,78.856,67.8242,81.827,77.382,67.3008,-2.867,27.7476,38.0753,16.311,206674367251.0,89182758373.9,-5.942,-3.08,7.9402,7.3231,2.1643,-339794661.56,-249540697.8,-0.007,11885794037.4,-1222161248.73,-9.7252,-1.7773,0.0982,129187055.93,156494308.41,17686.5751,27.8254,-7.4614,0.123,2803204.02,0.8145,153609155.54,1.5241,-1.7803,0.0982,27307252.48,93.0709,-12636420.85,-88343915.5,-104642353.0,75223482.76,-1479221119.26,0.4116,-1.8023,0.275,-0.5526,0.1191,0.1191,-1.6597,4.9442,-4.6404,4.4403,2.229,0.0357,10.5433,17.3884,-0.2488,0.9449,-0.3569,-0.2863,-169.1056,20.8638,-0.0564,0.2891,0.1472,-1.083,0.3333,-16.6386,129.5819,33.4972,32.6785,32.5998,0.9673,0.897,1.2998,0.0029,2.0026,5360499398.37,-12421375214.4,0.9616,0.2261,1.3036,-0.051,-0.3309,-0.2648,0.9727,1.2375,-0.0407,30.3562,-2.5741,0.8019,0.7983,-0.1824,0.6927,22.8414,0.6783,0.4989,0.0004,34.148,-0.9134,-2.2837,28366721501.6,9.0136,41.6,-0.0125,0.6537,3.1848,1.4357,0.4568,-0.0384,1840.2332,68.33,-0.3009,0.6006,-0.0048,-1.1268,-0.5408,0.6508,-0.0026,-10828406215.9,19602410807.8,75.9294,76.994,4.9442,-4.6404,29.0889,-0.2118,118505706870.0,0.1359,-1.8023,-1476417915.24,-12421375214.4,0.2308,0.6283,0.5319,0.0044,-0.0066,4460.1974,1764.8947,2785.7577,354.5969,12.0994,2.8894,1.4593,35.4648,1.5426,0.4912,1.5887,0.6943,2219030.1608,-3325414.3975,29324130.0516,31351964.5123,34677378.9098,22797263.4639,-11088889.1166,0.0467,0.0413,0.0905,0.0367,0.0372,0.0475,0.586,-0.8967,-0.0445,-30.0846,-66.4388,-19.2904,0.9178,10436592.9148,31316933.9373,37.7022,76.63,76.432,77.295,75.876,16679292.0,1285241496.68
2025-06-05,0.1106,-2.01,-1.62,-47.7328,-140.0603,0.4377,41.2369,24.5667,-141.1228,0.6076,1.3396,1.4188,0.8388,4.0382,1.2047,8.0,32.0,24.0,177.6265,-12.2523,25.4982,3.902,3.1409,5.978,0.9962,78.2786,-2.0893,1.9889,5.418,1.9005,2.3008,0.079,-4.5079,1.3569,16.3102,71.8101,92.7689,0.0,173.5883,4.3077,10.6422,4.2207,0.6326,-0.9569,-29.3972,-68.5002,91.4759,94.258,0.0565,0.064,-25.4279,-51.7367,27.31,36.56,14.4825,0.5934,-13.4783,-11345125045.8,149.1137,0.0,12.4459,0.0023,0.0458,-0.004,-7.2072,-0.4224,1.4434,0.4363,3.3087,3.634,4.9295,0.8154,-0.044,0.0269,2.3363,0.7112,0.2888,2.5782,-2.0,-0.2679,0.0412,78.5759,68.8406,78.5962,77.5198,76.2599,78.0063,71.3192,-5.9678,-0.7168,-0.4566,0.2339,1.8599,0.1846,-1.0225,-0.0058,0.6966,-1.9918,0.0993,-1.9193,336.0211,2.9867,3.6687,2.8931,0.4704,1.0875,0.4487,58.0,-0.0866,1.6443,0.0423,0.0392,0.7306,0.0091,0.0559,0.115,0.1091,0.337,0.1,15.7152,30.2769,20.5691,-1.0677,7.4797,4.4649,7.095,26.072,24.561,0.0084,0.1575,0.2964,0.1551,0.9992,78.518,67.9139,82.2895,77.528,67.5607,-2.5954,27.6345,37.3932,14.3206,210341559106.0,86943002504.9,-7.543,-3.38,7.9402,7.3231,2.1643,-339794661.56,-249540697.8,-0.007,11885794037.4,-1222161248.73,-9.7252,-1.7773,0.0982,129187055.93,156494308.41,17722.4177,27.8254,-7.4614,0.123,2803204.02,0.8145,153609155.54,1.5241,-1.7803,0.0982,27307252.48,93.0709,-17752819.7,-92974810.8333,-78351396.0,75223482.76,-1479221119.26,0.4116,-1.8023,0.275,-0.5526,0.1191,0.1191,-1.6597,4.9442,-4.6404,4.4403,2.229,0.0357,10.7304,17.6969,-0.25,0.9361,-0.3567,-0.2936,-172.1062,24.5369,-0.0451,0.3087,0.1631,-1.0763,0.3333,-16.9338,131.8812,33.0636,32.6638,33.0663,0.8815,0.9011,1.2811,0.0045,2.0026,5360499398.37,-12421375214.4,0.9588,0.0983,1.1334,-0.0303,-0.124,-0.2381,1.0094,1.2475,-0.0407,13.342,-1.0078,0.8019,0.7983,-0.1824,0.6927,24.0048,0.6893,0.5086,0.0004,37.0726,-0.9134,-2.2837,28366721501.6,9.0136,39.9,-0.0125,0.7487,1.8748,1.4757,1.1518,-0.0412,1872.8859,70.96,-0.2966,0.6171,-0.0048,-1.1268,-0.5408,0.6379,-0.0026,-10828406215.9,19602410807.8,76.495,78.039,4.9442,-4.6404,29.0889,-0.2118,118505706870.0,0.1359,-1.8023,-1476417915.24,-12421375214.4,0.2638,0.3884,0.5347,0.0034,-0.0052,4348.3617,1767.8877,2836.9458,357.5032,11.2323,2.3617,1.4593,39.3336,1.5189,0.4912,1.2598,0.6949,1078661.2286,-3482814.5001,28772644.0422,30573347.9719,34056162.472,23961827.9759,-9122951.4574,0.0438,0.0415,0.0873,0.0368,0.0375,0.0477,0.6164,-0.5554,-0.0479,-44.6818,-55.653,2.2436,0.9399,8850961.7133,31782305.6527,41.1231,77.99,76.492,79.102,75.886,26290957.0,2063482496.48
2025-06-06,0.1106,-12.79,3.4,-61.0802,-145.0618,0.4784,44.1596,28.7527,-164.0166,0.6793,-0.1483,1.5161,1.2452,-0.8826,1.2073,4.0,28.0,24.0,184.4383,80.8364,25.4982,4.1776,3.9108,5.978,0.968,79.0553,1.1549,1.9881,4.0464,1.897,2.3022,3.9072,-0.6605,4.2374,20.3498,71.7392,92.6868,0.0,185.3209,4.3077,10.6422,4.2207,0.6326,-0.9569,183.8118,3.033,166.6667,129.3552,0.0544,0.0613,-27.4851,-40.2944,27.31,25.78,-2.8819,0.6061,-14.3118,-11345125045.8,132.3803,0.0,12.3951,0.0013,0.0411,0.0043,-6.2836,-0.1938,1.4756,0.4424,3.3356,3.3889,4.9295,0.8154,-0.044,0.0273,2.4085,0.5969,0.4031,2.2344,-2.0,-0.2679,0.0758,79.1384,69.0526,79.0691,77.915,76.6606,79.2275,71.6586,-0.7485,12.5147,-0.4566,0.2339,1.8599,0.1846,-1.0225,-0.0056,0.7508,-1.9918,0.0993,-1.9193,349.2345,2.9863,3.6589,2.8711,0.4703,1.0846,0.4453,58.0,-0.0866,1.6438,0.0422,0.0393,0.6898,0.0076,0.0636,0.0028,0.1176,0.337,0.1818,21.1211,53.5562,31.9328,-0.7705,7.3108,9.0925,6.8879,26.1106,24.5996,0.0084,0.1575,0.2964,0.1551,0.9624,78.599,68.0316,82.213,78.35,67.8605,-1.9608,27.5834,39.4529,11.5924,218612816648.0,83198404925.6,-7.228,0.81,7.9402,7.3231,2.1643,-339794661.56,-249540697.8,-0.007,11885794037.4,-1222161248.73,-9.7252,-1.7773,0.0982,129187055.93,156494308.41,17801.1869,27.8254,-7.4614,0.123,2803204.02,0.8145,153609155.54,1.5241,-1.7803,0.0982,27307252.48,93.0709,-25370394.6,-85907313.8333,-33363304.0,75223482.76,-1479221119.26,0.4116,-1.8023,0.275,-0.5526,0.1191,0.1191,-1.6597,4.9442,-4.6404,4.4403,2.229,0.0357,11.1523,18.3928,-0.2568,0.9555,-0.3645,-0.3077,-178.874,41.0548,-0.0066,0.3564,0.2035,-1.0787,0.4167,-17.5997,137.0672,33.1886,33.0249,34.8354,0.3044,1.0172,1.4054,0.0069,2.0026,5360499398.37,-12421375214.4,1.01,-0.0164,0.9816,0.0362,0.0714,-0.2295,1.053,1.2825,-0.0407,-1.8389,4.9069,0.8019,0.7983,-0.1824,0.6927,55.4075,0.709,0.5487,0.0013,40.4985,-0.9134,-2.2837,28366721501.6,9.0136,39.9,-0.0125,0.8751,0.1074,1.6118,1.2019,0.0099,1946.5334,76.5,-0.2887,0.5998,0.0006,-1.1268,-0.5408,0.6107,-0.0026,-10828406215.9,19602410807.8,78.3401,80.6955,4.9442,-4.6404,29.0889,-0.2118,118505706870.0,0.1359,-1.8023,-1476417915.24,-12421375214.4,0.3094,0.0233,0.5856,0.0028,-0.0024,4172.9432,2059.884,2756.3444,885.8291,10.0836,1.8467,1.4593,39.5582,1.5208,0.4939,0.7721,0.6996,447942.1568,-2074934.1303,31720907.3073,32791000.8993,34865935.0296,30970582.6506,-5045752.5742,0.0432,0.0419,0.083,0.0371,0.0462,0.0481,0.6137,-0.0814,0.2016,-56.8854,-27.7533,78.5082,1.0386,7839709.8855,30106775.1299,46.9091,81.057,80.194,85.692,79.548,44988092.0,3727222101.68
2025-06-09,0.1106,-1.85,5.96,-70.4731,-151.5562,0.4965,46.8263,32.3806,-168.4906,0.7011,0.3946,1.5713,1.712,-0.2518,1.2109,4.0,24.0,20.0,187.9241,128.0326,25.4982,4.1949,3.9957,5.978,0.9601,80.1075,1.8699,1.9917,3.9754,1.9008,2.3038,5.7233,1.2732,4.7057,22.3509,71.9633,92.8187,0.0,188.1759,4.3077,10.6422,4.2207,0.6326,-0.9569,172.3157,17.3328,95.0864,132.954,0.0532,0.0598,-27.2516,-31.3045,23.99,27.55,6.9073,0.7282,-13.2395,-11345125045.8,114.1683,0.0,12.3054,0.0024,0.0347,0.0093,-4.8959,0.0132,1.475,0.4422,3.3359,3.2269,4.9295,0.8154,-0.044,0.0273,2.5787,0.4934,0.5066,1.9365,-2.0,-0.2679,0.053,79.9205,69.2904,79.7415,78.4412,77.1628,80.6317,72.0448,-0.8269,15.1282,-0.4566,0.2339,1.8599,0.1846,-1.0225,-0.0055,0.7819,-1.9918,0.0993,-1.9193,356.8033,2.9851,3.5898,2.8648,0.4702,1.0641,0.4443,58.0,-0.0866,1.6451,0.042,0.0393,0.6797,0.0079,0.0668,0.0569,0.1252,0.337,0.2,29.1597,77.391,45.2368,-0.3583,7.2535,9.0174,6.8059,26.132,24.621,0.0084,0.1575,0.2964,0.1551,0.9459,78.923,68.1634,82.391,79.69,68.1973,-1.2964,27.5123,41.5752,10.0053,223350721453.0,77327327153.0,-6.936,3.24,7.9402,7.3231,2.1643,-339794661.56,-249540697.8,-0.007,11885794037.4,-1222161248.73,-9.7252,-1.7773,0.0982,129187055.93,156494308.41,17845.076,27.8254,-7.4614,0.123,2803204.02,0.8145,153609155.54,1.5241,-1.7803,0.0982,27307252.48,95.088,-25742357.7,-69484986.1667,3257571.0,75223482.76,-1479221119.26,0.4116,-1.8023,0.275,-0.5526,0.1191,0.1191,-1.6597,4.9442,-4.6404,4.4403,2.229,0.0357,11.394,18.7914,-0.2694,0.9919,-0.3804,-0.3292,-182.7506,35.4341,0.0127,0.3819,0.2235,-1.0859,0.4167,-17.9812,137.0672,33.3047,33.5303,35.6291,0.5851,1.0181,1.4203,0.0059,2.0026,5360499398.37,-12421375214.4,1.0404,0.0217,1.0446,0.0562,0.0427,-0.2323,1.0873,1.3196,-0.0407,4.4567,7.5812,0.8019,0.7983,-0.1824,0.6927,55.7543,0.7518,0.5774,0.0024,45.2812,-0.9134,-2.2837,28366721501.6,9.0136,39.9,-0.0125,0.9359,0.9955,1.7549,1.1101,0.0388,1988.7198,79.24,-0.2828,0.544,0.0109,-1.1268,-0.5408,0.5962,-0.0026,-10828406215.9,19602410807.8,80.4173,83.0491,4.9442,-4.6404,29.0889,-0.2118,118505706870.0,0.1359,-1.8023,-1476417915.24,-12421375214.4,0.3305,0.2175,0.6373,0.0026,0.0012,3871.3167,2319.182,2507.7053,920.1516,8.6598,1.0946,1.4593,41.5662,1.6025,0.4947,0.7542,0.7,35210.0687,-1615718.2836,32611810.5242,33380212.2994,34995930.583,32854013.4337,-3301856.7046,0.0447,0.0423,0.077,0.0374,0.0516,0.0486,0.5885,-0.2033,0.3533,-63.1144,-15.5154,87.7213,1.0909,8582610.9956,26764985.579,55.2709,82.814,81.265,85.275,80.888,36620875.0,3067032051.61
2025-06-10,0.1106,-23.64,3.72,-86.1692,-159.9408,0.44,44.8722,32.511,-186.4902,0.6515,-2.087,1.4178,1.722,-11.5026,1.2129,4.0,20.0,16.0,175.917,96.9692,25.4982,4.1838,4.0031,5.978,1.0088,80.5335,-0.2586,2.0177,0.9722,1.9177,2.3282,1.0749,-2.1565,-0.3943,16.6079,73.2696,89.9094,0.0,187.4196,4.3077,10.6422,4.2207,0.6326,-0.9569,42.8396,-31.7252,-0.1221,103.6953,0.0556,0.0629,-30.4058,-26.8399,27.6,11.57,-40.9242,0.675,-11.5328,-11345125045.8,87.3184,0.0,12.301,0.0032,0.0276,0.0087,-3.9573,0.0014,1.4677,0.4383,3.3488,3.0604,4.9295,0.8154,-0.044,0.0273,2.3947,0.4993,0.5007,1.9652,-2.0,-0.2679,0.0336,79.9041,69.4647,79.7551,78.5735,77.3604,80.3644,72.3001,0.5477,10.6262,-0.4566,0.2339,1.8599,0.1846,-1.0225,-0.0057,0.7185,-1.9918,0.0993,-1.9193,341.3663,2.9713,7.7381,2.8366,0.4702,1.0641,0.4443,58.0,-0.0866,1.6508,0.042,0.0393,0.717,0.0066,0.0578,-0.2758,0.1079,0.337,0.1818,33.5809,60.1078,42.4232,-0.2689,7.1759,0.826,6.6805,26.0878,24.5768,0.0084,0.1582,0.1375,0.1566,0.9894,78.981,68.2553,81.5895,80.146,68.4602,-1.3314,27.4729,42.3522,15.3867,213687537076.0,69755245731.4,-5.217,0.58,7.9402,7.3231,2.1643,-339794661.56,-249540697.8,-0.007,11885794037.4,-1222161248.73,-9.7252,-1.7773,0.0982,129187055.93,156494308.41,17754.6209,27.8254,-7.4614,0.123,2803204.02,0.8145,153609155.54,1.5241,-1.7803,0.0982,27307252.48,90.9741,-32842706.25,-54051638.5,-23247288.0,75223482.76,-1479221119.26,0.4116,-1.8023,0.275,-0.5526,0.1191,0.1191,-1.6597,4.9442,-4.6404,4.4403,2.229,0.0357,10.9011,17.9784,-0.278,1.0215,-0.3903,-0.3462,-174.844,30.791,-0.0216,0.3186,0.1661,-1.0667,0.4167,-17.2032,137.0672,33.3795,33.881,34.4824,0.0089,0.9873,1.3478,0.0055,2.0026,5360499398.37,-12421375214.4,1.0073,-0.1261,0.8328,0.0346,0.1966,-0.2168,1.0294,1.2462,-0.0407,-16.7223,4.0266,0.8019,0.7983,-0.1824,0.6927,46.6493,0.7075,0.5331,0.0021,41.4073,-0.9134,-2.2837,28366721501.6,9.0136,39.9,-0.0125,0.7528,-4.4874,1.4637,0.8376,0.0073,1902.6786,71.25,-0.2785,0.4603,0.0146,-1.1268,-0.5408,0.6266,-0.0026,-10828406215.9,19602410807.8,80.1799,81.3901,4.9442,-4.6404,29.0889,-0.2118,118505706870.0,0.1359,-1.8023,-1476417915.24,-12421375214.4,0.2635,-2.2403,0.5297,0.0025,0.0022,3490.6819,2409.5167,2117.5759,858.1082,7.8594,1.9695,1.4593,38.6956,1.3888,0.4986,0.2356,0.7099,-380731.281,-2044496.6796,31501455.7016,32322465.638,34366962.3176,30737628.6225,-3327530.7972,0.0457,0.0425,0.0701,0.0375,0.0512,0.0488,0.5464,-0.2996,0.3002,-76.5767,-45.4545,28.8459,1.028,8343499.1856,22618773.7049,33.6365,79.231,81.454,81.464,78.804,26504859.0,2126462428.83
2025-06-11,0.1106,-13.6,4.1,-98.2848,-165.0531,0.2641,42.2408,31.6219,-180.9608,0.6674,-1.2226,1.3658,1.8476,-8.7344,1.2149,4.0,16.0,12.0,173.9693,78.0845,25.4982,4.0135,3.6359,5.978,1.0088,80.5847,-1.0403,2.0043,1.1499,1.909,2.3008,1.0743,-1.5608,-0.9916,16.2097,73.5146,88.7784,0.0,182.7037,4.3077,10.6422,4.2207,0.6326,-0.9569,13.7749,-40.5578,-47.6368,94.6271,0.0556,0.0628,-27.1726,-24.856,20.48,11.62,-27.6012,0.8566,-9.3359,-11345125045.8,72.6124,0.0002,12.2003,0.0014,0.0204,0.0081,-3.5413,-0.1564,1.4696,0.4393,3.3453,2.8938,4.9295,0.8154,-0.044,0.0273,2.2274,0.5782,0.4218,1.7032,-2.0,-0.2679,0.0225,79.8997,69.6368,79.7744,78.6979,77.547,80.203,72.5486,0.8768,5.4934,-0.4566,0.2339,1.8599,0.1846,-1.0225,-0.0057,0.7193,-1.9918,0.0993,-1.9193,341.5801,2.9718,7.8004,2.8603,0.4702,1.0726,0.448,58.0,-0.0866,1.6491,0.0418,0.0393,0.7011,0.0062,0.0614,-0.1903,0.1088,0.337,0.2,35.957,50.2139,40.7093,-0.3215,7.2105,2.1478,6.6836,26.0884,24.5774,0.0084,0.1582,0.1375,0.1566,0.9894,79.031,68.3625,81.1465,80.68,68.7378,-1.3328,27.4168,35.1174,16.3926,213821376195.0,61826311216.7,-4.231,0.5,7.9402,7.3231,2.1643,-339794661.56,-249540697.8,-0.007,11885794037.4,-1222161248.73,-9.7252,-1.7773,0.0982,129187055.93,156494308.41,17755.8993,27.8254,-7.4614,0.123,2803204.02,0.8145,153609155.54,1.5241,-1.7803,0.0982,27307252.48,91.0311,-34176487.05,-40752325.6667,-8167184.0,75223482.76,-1479221119.26,0.4116,-1.8023,0.275,-0.5526,0.1191,0.1191,-1.6597,4.9442,-4.6404,4.4403,2.229,0.0357,10.9079,17.9897,-0.2685,0.983,-0.375,-0.3407,-174.9535,27.8178,-0.0156,0.316,0.1621,-1.0779,0.5,-17.214,137.0672,33.474,34.1841,34.4918,0.0456,0.996,1.1522,0.0035,2.0026,5360499398.37,-12421375214.4,1.0063,-0.091,0.9002,0.0344,0.1344,-0.2289,1.0346,1.2635,-0.0407,-9.9842,3.0045,0.8019,0.7983,-0.1824,0.6927,48.916,0.7109,0.5337,0.0032,46.7051,-0.9134,-2.2837,28366721501.6,9.0136,42.72,-0.0125,0.8322,-2.9576,1.5328,1.0839,0.0063,1903.8703,58.05,-0.2765,0.3556,0.0052,-1.1268,-0.5408,0.6262,-0.0026,-10828406215.9,19602410807.8,80.034,80.5543,4.9442,-4.6404,29.0889,-0.2118,118505706870.0,0.1359,-1.8023,-1476417915.24,-12421375214.4,0.2927,-1.08,0.5608,0.0022,0.0022,3091.8028,2245.2117,1699.7451,992.8806,6.9892,2.7174,1.4593,39.467,1.4926,0.497,0.1763,0.7085,-958287.3306,-3268511.5291,28515755.3922,29669794.6168,32938306.1459,25518453.7483,-4620448.397,0.0439,0.0425,0.0629,0.0376,0.0506,0.0487,0.5014,-0.5346,0.2815,-85.1774,-45.8677,-45.919,0.9458,9162550.0843,18618358.1945,-3.9371,79.28,78.655,79.846,78.06,15080104.0,1201829654.37
2025-06-12,0.1106,-18.04,3.9,-110.8984,-171.1792,-0.0714,40.6435,30.8514,-185.9943,0.6628,-1.4318,1.3627,1.974,-1.6111,1.2164,68.0,12.0,-56.0,176.244,68.4147,25.4982,3.8161,3.2383,5.978,1.0146,80.2559,-0.8859,2.01,0.9019,1.9101,2.295,-0.0707,-1.8416,-2.0846,14.604,74.2624,86.9056,0.0,177.8551,4.3077,10.6422,4.2207,0.6326,-0.9569,-3.8011,-43.6426,-77.0389,88.8372,0.0561,0.0635,-24.9813,-27.3036,21.26,10.01,-35.977,0.7851,-7.2993,-11345125045.8,73.3556,0.0002,12.1081,-0.0007,0.0148,0.0036,-2.6183,-0.0736,1.464,0.4384,3.339,2.7168,4.9295,0.8154,-0.044,0.0273,2.0086,0.5368,0.4632,1.7598,-2.0,-0.2679,0.0158,79.7543,69.7932,79.6706,78.7362,77.662,79.8353,72.7634,-0.8092,6.954,-0.4566,0.2339,1.8599,0.1846,-1.0225,-0.0058,0.7056,-1.9918,0.0993,-1.9193,338.2447,2.9816,8.0507,3.1378,0.4702,1.0726,0.448,58.0,-0.0866,1.649,0.0416,0.0394,0.7041,0.0068,0.0593,-0.2209,0.1101,0.337,0.2,36.3188,38.4896,37.0424,-0.451,7.2234,2.3029,6.6972,26.0786,24.5676,0.0084,0.1577,0.1332,0.1428,1.0007,79.156,68.4585,80.584,80.784,69.0203,-1.4164,26.6195,13.045,14.9418,211733485942.0,55734287631.2,-2.856,1.25,7.9402,7.3231,2.1643,-339794661.56,-249540697.8,-0.007,11885794037.4,-1222161248.73,-9.7252,-1.7773,0.0982,129187055.93,156494308.41,17735.8713,27.8254,-7.4614,0.123,2803204.02,0.8145,153609155.54,1.5241,-1.7803,0.0982,27307252.48,90.1422,-40093006.8,-26813245.3333,-21007871.0,75223482.76,-1479221119.26,0.4116,-1.8023,0.275,-0.5526,0.1191,0.1191,-1.6597,4.9442,-4.6404,4.4403,2.229,0.0357,10.8014,17.814,-0.2713,0.9903,-0.3767,-0.3505,-173.2451,25.3559,-0.0184,0.2998,0.146,-1.0847,0.5,-17.0459,137.0672,33.5785,34.4786,34.3664,0.0256,0.9981,0.9507,0.0029,2.0026,5360499398.37,-12421375214.4,1.0161,-0.1202,0.8755,0.0176,0.1311,-0.2661,1.0066,1.2727,-0.0407,-12.4516,2.4479,0.8019,0.7983,-0.1824,0.6927,49.4859,0.6929,0.5186,0.0027,42.3659,-0.9134,-2.2837,28366721501.6,9.0136,43.13,-0.0125,0.7779,-3.8683,1.5688,1.0475,0.0158,1885.2797,40.05,-0.2745,0.2462,0.0026,-1.1268,-0.5408,0.6332,-0.0026,-10828406215.9,19602410807.8,79.5789,79.5829,4.9442,-4.6404,29.0889,-0.2118,118505706870.0,0.1359,-1.8023,-1476417915.24,-12421375214.4,0.2729,-1.7639,0.575,0.002,0.0015,2787.8917,2200.501,1474.7706,1049.198,6.3291,3.577,1.4593,41.5132,1.2936,0.4972,0.1691,0.7074,-1640408.3603,-4368892.4793,25665742.9573,27080701.1373,31449593.6166,21292531.4989,-5456968.238,0.0418,0.0425,0.0573,0.0377,0.0461,0.0487,0.4901,-0.5433,0.1373,-90.7333,-37.8651,-23.0142,0.769,10061833.0217,16578062.1211,-94.7326,78.506,78.536,79.37,78.129,12840687.0,1016977051.65
2025-06-13,0.1106,-4.87,10.68,-121.8179,-175.4536,0.3645,41.6011,35.7184,-166.769,0.881,0.0664,2.1175,2.5,3.8362,1.2215,64.0,8.0,-56.0,185.0343,235.8859,25.4982,4.5135,4.9619,5.978,0.9272,81.5934,-1.3451,1.9435,-1.4306,1.8343,2.3716,9.7257,9.1385,7.2517,26.7195,74.0947,87.1683,0.0,181.1981,4.3077,10.6422,4.2207,0.6326,-0.9569,173.7483,145.8328,123.2617,141.5286,0.0505,0.0563,-15.6967,34.9435,17.96,18.91,2.5766,0.8028,-0.958,-11345125045.8,118.4075,0.0002,12.5014,0.0063,0.0139,0.0098,-1.1856,0.3516,1.4657,0.4177,3.509,2.6783,4.9295,0.8154,-0.044,0.0273,2.5243,0.3242,0.6758,1.5252,-2.0,-0.2679,0.1502,81.2535,70.0942,80.9521,79.6185,78.4278,82.5569,73.263,10.2778,27.5785,-0.4566,0.2339,1.8599,0.1846,-1.0225,-0.0052,0.8618,-1.9918,0.0993,-1.9193,376.3026,3.0502,8.3451,3.2872,0.4811,1.1119,0.4694,58.0,-0.0866,1.6245,0.0434,0.0402,0.6708,0.0082,0.0774,0.0452,0.1508,0.337,0.3,40.3513,64.5466,48.4164,-0.1448,6.4478,4.9332,5.5222,26.1852,24.6743,0.0084,0.1577,0.1332,0.1428,0.9114,80.2,68.6192,80.6315,82.05,69.4447,-0.308,25.9194,10.9698,10.9487,235556849088.0,55564258929.5,-0.863,10.44,7.9402,7.3231,2.1643,-339794661.56,-249540697.8,-0.007,11885794037.4,-1222161248.73,-9.7252,-1.7773,0.0982,129187055.93,156494308.41,17954.3045,27.8254,-7.4614,0.123,2803204.02,0.8145,153609155.54,1.5241,-1.7803,0.0982,27307252.48,90.1422,-39359856.65,-6281972.1667,44836243.0,75223482.76,-1479221119.26,0.4116,-1.8023,0.275,-0.5526,0.1191,0.1191,-1.6597,4.9442,-4.6404,4.4403,2.229,0.0357,12.0167,19.8184,-0.2713,0.9857,-0.3746,-0.3567,-192.7379,56.1263,0.0914,0.4415,0.2672,-1.0313,0.5,-18.9638,152.4894,34.2969,35.93,41.7749,0.5139,1.1086,1.1017,0.0111,2.0026,5360499398.37,-12421375214.4,1.1346,-0.0232,1.0109,0.0624,0.0666,-0.3296,1.0775,1.4071,-0.0407,1.0913,11.9878,0.8019,0.7983,-0.1824,0.6927,68.4503,0.7962,0.6309,0.0028,50.8444,-0.9134,-2.2837,28366721501.6,9.0136,33.13,-0.0125,1.0353,0.4741,2.0275,1.1293,0.1186,2097.4035,52.13,-0.2627,0.2289,0.0287,-1.1268,-0.5408,0.5617,-0.0026,-10828406215.9,19602410807.8,83.3016,85.4149,4.9442,-4.6404,29.0889,-0.2118,118505706870.0,0.1359,-1.8023,-1476417915.24,-12421375214.4,0.3849,-0.1899,0.743,0.0023,0.0048,2776.519,2793.1852,1450.6176,1735.9617,5.2759,3.577,1.4593,49.0676,1.5776,0.5221,0.3282,0.7553,-1502933.2384,-953032.751,32970901.3287,33044303.1162,33997335.8672,36143058.9993,1099800.9748,0.0496,0.0433,0.0572,0.0381,0.0531,0.0501,0.4871,0.96,0.3213,-68.3619,156.063,150.444,1.0686,16202325.8915,16442041.4012,28.672,87.339,79.995,91.984,78.864,65844114.0,5619587798.16
2025-06-16,0.1106,-4.6,4.29,-131.0189,-176.1515,0.1892,41.8394,39.9365,-168.204,0.7891,0.2934,2.0493,2.7256,10.5671,1.2268,60.0,4.0,-56.0,161.3117,204.7773,25.4982,4.649,5.2032,5.978,0.9411,82.6322,2.8856,1.9148,-1.613,1.8323,2.3646,7.9871,8.7744,5.8826,25.674,73.8424,87.5926,0.0,150.7446,4.3077,10.6422,4.2207,0.6326,-0.9569,140.4117,170.9711,93.9791,144.3015,0.0506,0.0565,-10.928,55.1392,17.19,18.91,4.7645,0.8429,4.8824,-11345125045.8,124.7515,0.0002,12.4012,0.0108,0.0135,0.0135,-0.0777,0.4428,1.4657,0.4177,3.509,2.7193,4.9295,0.8154,-0.044,0.0273,2.8836,0.2786,0.7214,1.8459,-2.0,-0.2679,0.073,82.4438,70.3868,82.0056,80.3977,79.122,84.3046,73.7396,13.185,19.7614,-0.4566,0.2339,1.8599,0.1846,-1.0225,-0.0052,0.8583,-1.9918,0.0993,-1.9193,375.4473,3.0326,8.2071,3.282,0.4811,1.1119,0.4694,58.0,-0.0866,1.6231,0.0432,0.0402,0.6711,0.008,0.0678,0.0475,0.1476,0.337,0.2222,45.4303,75.9043,55.5883,0.3292,6.7135,4.9685,5.5257,26.1829,24.672,0.0084,0.1586,0.1355,0.143,0.926,81.306,68.7468,80.7175,82.922,69.8633,0.3286,25.3475,-8.7561,9.2123,235021492613.0,55490422100.7,1.177,11.06,7.9402,7.3231,2.1643,-339794661.56,-249540697.8,-0.007,11885794037.4,-1222161248.73,-9.7252,-1.7773,0.0982,129187055.93,156494308.41,17949.6246,27.8254,-7.4614,0.123,2803204.02,0.8145,153609155.54,1.5241,-1.7803,0.0982,27307252.48,89.9373,-38562440.4,-1317512.3333,-3576545.0,75223482.76,-1479221119.26,0.4116,-1.8023,0.275,-0.5526,0.1191,0.1191,-1.6597,4.9442,-4.6404,4.4403,2.229,0.0357,11.9894,19.7733,-0.3051,1.0953,-0.4185,-0.408,-192.2999,47.225,0.0877,0.4336,0.2567,-1.0356,0.5,-18.9207,152.4894,35.0466,37.0682,41.6649,0.5453,1.1278,0.9159,0.006,2.0026,5360499398.37,-12421375214.4,1.1441,-0.0217,1.02,0.048,0.0323,-0.3485,1.0523,1.4008,-0.0407,1.9981,7.5058,0.8019,0.7983,-0.1824,0.6927,72.5828,0.7944,0.6321,0.0026,42.5526,-0.9134,-2.2837,28366721501.6,9.0136,33.13,-0.0125,0.8746,0.6683,2.0058,1.1847,0.126,2092.6366,40.86,-0.2545,0.2033,0.0443,-1.1268,-0.5408,0.5631,-0.0026,-10828406215.9,19602410807.8,85.676,87.7502,4.9442,-4.6404,29.0889,-0.2118,118505706870.0,0.1359,-1.8023,-1476417915.24,-12421375214.4,0.3282,-0.2367,0.7373,0.003,0.0081,2770.5835,2874.3459,1444.1426,1798.6168,3.6677,3.5785,1.4593,48.384,1.3673,0.5164,0.3264,0.7555,-1133638.9368,343538.2697,35778517.0871,35408685.406,35065147.1363,40232968.6662,2954354.413,0.0544,0.0436,0.0571,0.0385,0.0571,0.0511,0.4861,0.445,0.3986,-51.5899,92.097,7.6124,0.776,16906705.4638,16378907.0671,-71.4466,87.141,86.347,90.416,84.054,48412788.0,4214186239.21
2025-06-17,0.1106,-8.958,-0.46,-139.988,-179.4299,0.371,42.046,43.5921,-188.0196,0.6649,-0.1616,1.9796,2.9371,42.9104,1.2305,56.0,8.0,-48.0,188.2517,136.2027,25.4982,4.5541,4.8903,5.9789,0.9761,83.3562,2.5732,1.9797,-1.5077,1.8355,2.3738,4.0458,5.9352,1.6362,21.5958,74.0567,87.1739,0.0,145.3413,4.3077,10.6422,4.2207,0.6326,-0.9569,82.3176,136.5316,41.7592,126.8347,0.052,0.0583,-14.2815,44.0501,19.574,17.788,-4.7803,0.7624,8.7835,-11345125045.8,110.4941,0.0002,12.3435,0.0107,0.0107,0.0141,0.3702,0.3852,1.4502,0.4131,3.5104,2.7634,4.9295,0.8154,-0.044,0.0273,2.9413,0.3074,0.6926,2.1171,-2.0,-0.2679,0.039,82.9705,70.6239,82.5167,80.8625,79.5754,84.6608,74.1105,12.1267,16.2395,-0.4566,0.2339,1.8599,0.1846,-1.0225,-0.0053,0.8163,-1.9918,0.0993,-1.9193,365.1846,3.0325,8.2759,3.2887,0.4811,1.1119,0.4694,58.0,-0.0866,1.6259,0.0431,0.0402,0.6964,0.0087,0.0598,-0.0091,0.14,0.337,0.2222,48.7733,68.8313,55.4593,0.4266,6.6784,4.864,5.4787,26.1552,24.6443,0.0084,0.1586,0.1344,0.1427,0.9611,82.0792,68.8495,80.6153,84.0252,70.2327,0.3558,24.5454,-21.273,8.1504,228597214910.0,52755888199.3,2.9278,7.862,7.9402,7.3231,2.1643,-339794661.56,-249540697.8,-0.007,11885794037.4,-1222161248.73,-9.7252,-1.7773,0.0982,129187055.93,156494308.41,17892.6844,27.8254,-7.4614,0.123,2803204.02,0.8145,153609155.54,1.5241,-1.7803,0.0982,27307252.48,87.4928,-42174537.9555,-7252888.9044,-32352908.3439,75223482.76,-1479221119.26,0.4116,-1.8023,0.275,-0.5526,0.1191,0.1191,-1.6597,4.9442,-4.6404,4.4403,2.229,0.0357,11.6617,19.2328,-0.3077,1.0924,-0.4194,-0.4183,-187.0434,41.7812,0.0594,0.3905,0.216,-1.0353,0.5,-18.4035,152.4894,35.7428,37.9499,40.8894,0.3418,1.1013,0.9625,0.0044,2.0026,5360499398.37,-12421375214.4,1.1014,-0.0555,0.9795,0.0404,0.0904,-0.295,1.0699,1.3649,-0.0407,-2.0485,2.3649,0.8019,0.7983,-0.1824,0.6927,66.2742,0.7654,0.6045,0.0025,35.8824,-0.9134,-2.2837,28366721501.6,9.0136,26.456,-0.0125,0.824,-0.2083,1.8776,1.175,0.0921,2035.4347,42.062,-0.2499,0.174,0.0524,-1.1268,-0.5408,0.5808,-0.0026,-10828406215.9,19602410807.8,86.0978,86.8416,4.9442,-4.6404,29.0889,-0.2118,118505706870.0,0.1359,-1.8023,-1476417915.24,-12421375214.4,0.2996,0.0799,0.6896,0.0036,0.0091,2632.201,2774.6463,1322.9314,1802.3753,3.3797,3.2852,1.4593,46.7207,1.1848,0.5179,0.3345,0.7601,-949341.4412,-211428.3432,34509962.6804,34393018.2671,34604446.6103,36418187.3535,1475826.196,0.0545,0.0438,0.0545,0.0386,0.0579,0.0517,0.4742,-0.1038,0.3854,-37.8935,47.4833,-21.435,0.8929,16887052.3026,15255999.8855,-19.8454,84.773,86.361,87.562,84.256,28775793.0,2468834731.01
2025-06-18,0.1106,1.601,6.8,-146.2387,-180.8627,0.4197,42.1825,47.9671,-195.1165,0.7974,1.3643,2.2044,3.3955,30.6134,1.2356,52.0,4.0,-48.0,167.2462,229.0587,25.4982,4.8431,5.5086,5.9789,0.9452,84.0541,2.027,1.971,-0.3139,1.8387,2.3849,6.8197,9.7251,3.6024,25.8092,73.5142,88.5817,0.0,136.6328,4.3077,10.6422,4.2207,0.6326,-0.9569,119.0704,180.4818,88.1433,144.2626,0.0499,0.0557,-16.6124,84.3483,12.665,21.318,25.4627,0.7876,13.7568,-11345125045.8,158.8143,0.0072,12.2964,0.0153,0.0089,0.0244,0.9035,0.5064,1.4502,0.4131,3.5104,2.8577,4.9295,0.8154,-0.044,0.0293,3.2351,0.2468,0.7532,1.8348,-2.0,-0.2679,0.0967,84.0541,70.9265,83.5034,81.6308,80.2683,86.0838,74.5964,16.6915,30.5088,-0.4566,0.2339,1.8599,0.1846,-1.0225,-0.0051,0.8769,-1.9918,0.0993,-1.9193,380.2794,3.0266,8.0689,3.2881,0.4801,1.0841,0.4693,58.0,-0.0866,1.6289,0.043,0.0403,0.68,0.0081,0.0736,0.1778,0.1575,0.337,0.2222,52.3427,73.7594,59.4816,0.7399,6.5845,5.4639,5.2936,26.1957,24.6848,0.0084,0.1586,0.1344,0.1427,0.9362,83.2524,69.0138,81.048,85.8378,70.6864,0.7548,24.1062,-29.689,6.6422,238046256698.0,51828241201.4,4.4089,11.732,7.9402,7.3231,2.1643,-339794661.56,-249540697.8,-0.007,11885794037.4,-1222161248.73,-9.7252,-1.7773,0.0982,129187055.93,156494308.41,17975.9379,27.8254,-7.4614,0.123,2803204.02,0.8145,153609155.54,1.5241,-1.7803,0.0982,27307252.48,87.4928,-40319040.1385,-945060.596,14595974.6561,75223482.76,-1479221119.26,0.4116,-1.8023,0.275,-0.5526,0.1191,0.1191,-1.6597,4.9442,-4.6404,4.4403,2.229,0.0357,12.1437,20.0278,-0.3024,1.059,-0.4097,-0.418,-194.7748,49.6594,0.0973,0.4434,0.2581,-1.0309,0.5833,-19.1642,158.7925,36.6133,39.3403,42.83,0.8838,1.159,0.9844,0.0078,2.0026,5360499398.37,-12421375214.4,1.152,0.0461,1.1078,0.0682,0.0057,-0.3276,1.1135,1.4411,-0.0407,10.7789,11.4174,0.8019,0.7983,-0.1824,0.6927,72.7361,0.8038,0.645,0.0026,45.9829,-0.9134,-2.2837,28366721501.6,9.0136,24.407,-0.0125,1.0462,2.6857,2.1359,1.0196,0.1319,2119.5692,42.062,-0.2426,0.1562,0.0697,-1.1268,-0.5408,0.5551,-0.0026,-10828406215.9,19602410807.8,87.8971,88.7131,4.9442,-4.6404,29.0889,-0.2118,118505706870.0,0.1359,-1.8023,-1476417915.24,-12421375214.4,0.382,-4.4143,0.7825,0.0043,0.0105,2586.1151,3119.0709,1245.698,1850.5473,2.8397,2.674,1.4593,45.7763,1.5619,0.518,0.2662,0.7633,-598305.0612,805840.4587,36771584.5567,36324689.7645,35518849.3058,39928419.2357,2808291.0398,0.0596,0.0443,0.0532,0.039,0.0687,0.0527,0.4458,0.5475,0.6953,-21.6225,128.1923,77.1049,0.8257,16503041.3833,13997644.3717,-16.8493,88.277,84.852,93.19,84.653,46948883.0,4193009898.63
2025-06-19,0.1106,-3.799,2.93,-153.8432,-183.8765,0.4924,41.1964,50.4789,-199.0724,0.7363,0.7879,2.0498,3.2563,51.5301,1.2399,48.0,96.0,48.0,196.9239,255.1652,25.4982,4.8307,5.3688,5.9789,0.9778,84.3716,0.5731,1.9793,0.1176,1.8528,2.4289,2.696,6.1833,-1.1325,21.3841,73.3801,89.1501,0.0,145.3938,4.3077,10.6422,4.2207,0.6326,-0.9569,48.9281,100.2454,-53.0352,120.0653,0.0515,0.0576,-17.3145,76.4061,15.305,19.648,12.4253,0.7497,16.6599,-11345125045.8,147.6569,0.0074,12.2472,0.0159,0.0076,0.0302,0.8086,0.3768,1.4522,0.413,3.5162,2.9297,4.9295,0.8154,-0.044,0.0301,3.2177,0.3116,0.6884,2.0896,-2.0,-0.2679,0.054,84.4606,71.1805,83.9321,82.0746,80.7144,86.1526,74.9798,14.171,25.3174,-0.4566,0.2339,1.8599,0.1846,-1.0225,-0.0053,0.8291,-1.9918,0.0993,-1.9193,368.9903,3.0258,8.1121,3.4553,0.4801,1.0841,0.4693,58.0,-0.0866,1.6378,0.0428,0.0401,0.6915,0.0084,0.0657,0.1195,0.1448,0.337,0.2,53.6918,61.7864,56.39,0.709,6.5903,5.4922,5.2481,26.1656,24.6546,0.0084,0.1587,0.1336,0.1358,0.9737,84.0247,69.144,81.2651,87.2784,71.0884,0.576,23.8372,-30.857,8.5867,230979551225.0,50960652557.5,5.5192,7.723,7.9402,7.3231,2.1643,-339794661.56,-249540697.8,-0.007,11885794037.4,-1222161248.73,-9.7252,-1.7773,0.0982,129187055.93,156494308.41,17913.9701,27.8254,-7.4614,0.123,2803204.02,0.8145,153609155.54,1.5241,-1.7803,0.0982,27307252.48,84.8955,-42167403.688,-2271663.7528,-16128105.3439,75223482.76,-1479221119.26,0.4116,-1.8023,0.275,-0.5526,0.1191,0.1191,-1.6597,4.9442,-4.6404,4.4403,2.229,0.0357,11.7832,19.4332,-0.3184,1.0977,-0.4285,-0.4472,-188.9927,43.1486,0.0618,0.3963,0.2138,-1.0339,0.5,-18.5953,158.7925,37.3833,40.577,41.9179,0.8214,1.1129,0.9914,0.005,2.0026,5360499398.37,-12421375214.4,1.0983,0.0026,1.053,0.0577,0.0381,-0.2969,1.0911,1.388,-0.0407,5.2998,8.0421,0.8019,0.7983,-0.1824,0.6927,65.2665,0.7682,0.5721,0.0021,39.3123,-0.9134,-2.2837,28366721501.6,9.0136,22.527,-0.0125,0.8977,1.431,1.951,0.8423,0.0895,2056.6471,44.382,-0.2376,0.1095,0.0798,-1.1268,-0.5408,0.5741,-0.0026,-10828406215.9,19602410807.8,87.8098,87.5004,4.9442,-4.6404,29.0889,-0.2118,118505706870.0,0.1359,-1.8023,-1476417915.24,-12421375214.4,0.3269,6.4143,0.7044,0.0048,0.0099,2542.5745,3358.0501,1226.9112,1633.266,2.8548,1.871,1.4593,47.823,1.3536,0.5195,0.2779,0.7691,-418768.7922,299376.2839,35672038.2737,35463057.493,35163681.2091,36860306.1571,1436290.1522,0.0604,0.0445,0.0521,0.0392,0.0747,0.0531,0.4457,-0.0022,0.8187,-12.7308,10.1665,103.7067,0.8944,16294573.7322,13712992.7963,-10.939,85.656,85.964,88.267,83.641,30724080.0,2635704775.89
2025-06-20,0.1106,-1.97,0.89,-159.8998,-188.1491,0.4044,39.4104,50.9259,-211.6599,0.5665,0.4986,1.818,2.662,57.7378,1.2476,44.0,92.0,48.0,189.0265,200.7857,25.4982,4.7285,5.0407,5.9789,1.0132,84.483,-0.753,1.9575,-0.0292,1.8511,2.4474,-0.9703,2.4428,-3.4475,16.6816,73.4538,89.3297,0.0,131.2887,4.3077,10.6422,4.2207,0.6326,-0.9569,-8.1227,46.6491,-126.3732,99.8368,0.0533,0.0598,-20.0327,35.2079,17.115,19.648,6.8901,0.7356,17.4273,-11345125045.8,124.2848,0.0076,12.2091,0.0117,0.0052,0.0146,0.5674,0.2684,1.4524,0.4132,3.515,2.9309,4.9295,0.8154,-0.044,0.0305,2.9354,0.3658,0.6342,2.2994,-2.0,-0.2679,0.0336,84.2641,71.3821,83.8472,82.1989,80.9118,85.2284,75.2552,12.0112,20.1074,-0.4566,0.2339,1.8599,0.1846,-1.0225,-0.0055,0.7771,-1.9918,0.0993,-1.9193,356.5467,3.0259,8.5787,3.5493,0.4801,1.0841,0.4693,58.0,-0.0866,1.6369,0.0428,0.0402,0.6715,0.0093,0.049,0.0846,0.1334,0.337,0.2,51.783,40.3299,47.9653,0.5245,6.8064,5.0055,5.1887,26.1313,24.6203,0.0084,0.1587,0.1264,0.1322,1.0098,84.197,69.2174,81.3918,86.3572,71.4594,0.009,23.5957,-18.6636,11.4658,223190114511.0,48585360327.5,5.6105,1.723,7.9402,7.3231,2.1643,-339794661.56,-249540697.8,-0.007,11885794037.4,-1222161248.73,-9.7252,-1.7773,0.0982,129187055.93,156494308.41,17843.6024,27.8254,-7.4614,0.123,2803204.02,0.8145,153609155.54,1.5241,-1.7803,0.0982,27307252.48,82.0325,-42554035.0926,-4685369.2969,-35493454.3439,75223482.76,-1479221119.26,0.4116,-1.8023,0.275,-0.5526,0.1191,0.1191,-1.6597,4.9442,-4.6404,4.4403,2.229,0.0357,11.3859,18.7779,-0.3124,1.0614,-0.4176,-0.4455,-182.6192,38.2037,0.0244,0.3454,0.1668,-1.0422,0.5,-17.9682,158.7925,38.105,41.7259,41.2648,0.7514,1.0801,0.9688,0.0029,2.0026,5360499398.37,-12421375214.4,1.0211,-0.0003,1.0313,-0.0435,-0.0836,-0.4165,0.9477,1.3642,-0.0407,3.1331,5.4282,0.8019,0.7983,-0.1824,0.6927,59.8963,0.7429,0.5563,0.0022,33.7826,-0.9134,-2.2837,28366721501.6,9.0136,24.417,-0.0125,0.642,0.926,1.8653,0.7281,0.0207,1987.2898,40.993,-0.2351,0.0724,0.0844,-1.1268,-0.5408,0.5967,-0.0026,-10828406215.9,19602410807.8,86.3354,84.769,4.9442,-4.6404,29.0889,-0.2118,118505706870.0,0.1359,-1.8023,-1476417915.24,-12421375214.4,0.2357,-17.1318,0.6704,0.0048,0.0073,2422.1492,3459.897,1190.2056,1468.8636,3.4705,3.3601,1.4593,44.1268,1.1731,0.5163,0.2918,0.7736,-536404.5184,-1006947.4232,32707185.6785,32986486.9556,33993434.3788,31028653.7714,-941085.8096,0.0561,0.0444,0.0496,0.0392,0.059,0.0533,0.4525,-0.3503,0.3352,-5.1598,16.0856,50.7884,0.9609,16677400.0079,13265376.0415,-21.5799,82.767,84.157,85.06,82.281,19365349.0,1628058310.28
2025-06-23,0.1106,2.24,-6.209,-164.4062,-193.5336,0.5053,38.7345,51.3133,-199.1023,0.6043,0.8089,1.9747,1.8801,45.8891,1.2538,40.0,88.0,48.0,196.0615,9.5723,25.4982,4.5372,4.5423,5.9789,0.992,84.1095,-0.8169,1.9606,-0.1161,1.8528,2.4762,0.5415,3.8814,-1.1288,17.9787,73.565,89.6788,0.0,150.1724,4.3077,10.6422,4.2207,0.6326,-0.9569,-3.2493,47.3377,-77.1295,98.7472,0.0524,0.0587,-15.328,16.0985,16.455,21.058,12.2704,0.7112,17.5341,-11345125045.8,132.4395,0.0075,12.115,0.0083,0.0043,0.0038,0.5605,0.3084,1.445,0.4115,3.5118,2.9033,4.9295,0.8154,-0.044,0.0305,2.7931,0.3458,0.6542,1.9928,-2.0,-0.2679,0.0242,84.3597,71.6037,83.9922,82.4457,81.1991,85.0822,75.5679,10.5845,-2.9518,-0.4566,0.2339,1.8599,0.1846,-1.0225,-0.0054,0.8023,-1.9918,0.0993,-1.9193,362.5761,3.0197,8.5478,3.5244,0.4792,1.0802,0.466,58.0,-0.0866,1.6359,0.0425,0.0402,0.6718,0.0096,0.0529,0.1048,0.1446,0.337,0.2222,49.6661,36.9644,45.4322,0.4652,6.7656,4.6216,5.1563,26.1481,24.6371,0.0084,0.1587,0.1264,0.1322,0.9946,84.3333,69.3055,81.6219,85.758,71.8689,-0.2204,23.411,-25.2336,10.356,226964377661.0,47732986823.2,5.4228,1.363,7.9402,7.3231,2.1643,-339794661.56,-249540697.8,-0.007,11885794037.4,-1222161248.73,-9.7252,-1.7773,0.0982,129187055.93,156494308.41,17877.9766,27.8254,-7.4614,0.123,2803204.02,0.8145,153609155.54,1.5241,-1.7803,0.0982,27307252.48,83.4197,-40717127.8756,-15306763.8439,-18884974.3439,75223482.76,-1479221119.26,0.4116,-1.8023,0.275,-0.5526,0.1191,0.1191,-1.6597,4.9442,-4.6404,4.4403,2.229,0.0357,11.5784,19.0954,-0.3053,1.0235,-0.4053,-0.4418,-185.7074,34.5059,0.0388,0.3641,0.1798,-1.0539,0.5,-18.2721,158.7925,38.8111,41.6866,41.5457,0.7398,1.0792,0.9725,0.003,2.0026,5360499398.37,-12421375214.4,1.0163,-0.0138,1.0574,-0.0481,-0.0915,-0.4421,0.9659,1.408,-0.0407,5.7403,-3.6324,0.8019,0.7983,-0.1824,0.6927,59.9488,0.7791,0.5529,0.0021,43.0156,-0.9134,-2.2837,28366721501.6,9.0136,20.278,-0.0125,0.7056,1.5046,2.0174,0.5423,0.0161,2020.8959,40.993,-0.2328,0.0207,0.0874,-1.1268,-0.5408,0.5855,-0.0026,-10828406215.9,19602410807.8,85.9124,84.5298,4.9442,-4.6404,29.0889,-0.2118,118505706870.0,0.1359,-1.8023,-1476417915.24,-12421375214.4,0.2587,-7.0138,0.7159,0.0048,0.0051,2379.4014,2756.7498,1211.66,1216.3317,3.7699,3.9515,1.4593,46.5938,1.5043,0.5167,0.2929,0.7721,-876896.8952,-2238866.4026,29780148.2824,30466793.5778,32705659.9804,26221929.1809,-2723939.0148,0.0527,0.0444,0.0487,0.0392,0.0482,0.0534,0.4719,-0.4469,0.0167,-1.8129,-36.8382,-74.7801,0.8563,17395025.5189,13566078.1898,-10.7372,84.167,83.383,84.415,82.38,16608480.0,1400704628.99
2025-06-24,0.1106,-0.234,-6.755,-170.4489,-202.1741,0.5807,36.0899,47.8785,-212.7241,0.3449,0.5817,1.6082,2.3802,50.4754,1.256,36.0,84.0,48.0,184.4529,-65.9285,25.4982,4.5227,4.5519,6.0232,1.0305,82.7508,-3.3781,1.909,-1.4407,1.7797,2.3314,-4.2002,-0.9918,-4.6696,12.0358,73.1755,89.0333,0.0,133.9775,4.3077,10.6422,4.2207,0.6326,-0.9569,-74.3693,-9.5486,-109.4997,77.8818,0.0553,0.0624,-15.9641,16.9873,19.258,20.903,4.096,0.7169,15.3019,-11345125045.8,125.4373,0.0079,12.1235,0.0083,0.0047,0.0032,0.1807,0.2092,1.4358,0.413,3.4768,2.77,4.9295,0.8154,-0.044,0.0326,2.3219,0.3954,0.6046,2.1806,-2.0,-0.2679,0.0406,83.1145,71.23,82.902,81.6932,80.5801,83.0714,75.186,9.0728,-11.5668,-0.4566,0.2339,1.8599,0.1846,-1.0225,-0.0057,0.7327,-1.9918,0.0993,-1.9193,343.3761,3.0096,8.3312,3.4608,0.4792,1.0802,0.466,58.0,-0.0866,1.6307,0.043,0.0399,0.7034,0.0102,0.0316,0.0277,0.121,0.337,0.25,44.8084,15.6622,35.093,0.2237,6.8495,3.8432,5.0355,26.0937,24.5827,0.0084,0.1592,0.1297,0.1346,1.0438,83.8206,68.8239,81.1044,84.2334,71.6735,-0.8962,23.2769,-7.4205,17.7893,214945624793.0,48281960347.0,5.4324,1.069,7.9402,7.3231,2.1643,-339794661.56,-249540697.8,-0.007,11885794037.4,-1222161248.73,-9.7252,-1.7773,0.0982,129187055.93,156494308.41,17766.609,27.8254,-7.4614,0.123,2803204.02,0.8145,153609155.54,1.5241,-1.7803,0.0982,27307252.48,83.4197,-39483164.1921,-22511120.61,-46149932.365,75223482.76,-1479221119.26,0.4116,-1.8023,0.275,-0.5526,0.1191,0.1191,-1.6597,4.9442,-4.6404,4.4403,2.229,0.0357,10.9653,18.0842,-0.3142,1.0371,-0.4139,-0.461,-175.8734,30.001,-0.0099,0.298,0.1204,-1.0688,0.4167,-17.3045,151.4969,39.5574,41.7663,40.607,0.4972,0.9907,1.0077,0.0032,2.0026,5360499398.37,-12421375214.4,1.0135,-0.0346,1.0209,-0.0594,-0.0737,-0.3837,0.9472,1.3309,-0.0407,2.0914,-7.8505,0.8019,0.7983,-0.1824,0.6927,48.8114,0.7159,0.5058,0.002,37.2435,-0.9134,-2.2837,28366721501.6,9.0136,17.064,-0.0125,0.4376,0.6776,1.7388,0.4994,0.0133,1913.8807,40.693,-0.2286,0.0194,0.0939,-1.1268,-0.5408,0.6225,-0.0026,-10828406215.9,19602410807.8,83.2027,81.1322,4.9442,-4.6404,29.0889,-0.2118,118505706870.0,0.1359,-1.8023,-1476417915.24,-12421375214.4,0.1649,-0.2665,0.6603,0.0043,0.0018,2407.4525,2420.4838,1199.971,990.81,4.5284,5.4974,1.4593,39.4052,1.2941,0.5175,0.3211,0.7838,-1181295.4802,-2372926.7606,29477778.5933,30143517.7463,32516444.5069,26652406.083,-2383262.5608,0.0528,0.0445,0.0492,0.0393,0.0477,0.0538,0.4623,-0.0756,-0.0183,-3.9168,-40.1584,-44.3916,0.9375,17511933.9157,13540616.1616,35.9724,80.3,81.0,82.66,79.4,27125172.0,2196590373.28
2025-06-25,0.1106,0.672,-2.256,-175.185,-206.2355,0.5066,34.9697,45.3728,-213.7796,0.378,0.8804,1.4903,2.0418,64.0694,1.2586,32.0,80.0,48.0,193.8573,-21.6374,25.4982,4.4546,4.3882,6.0232,1.0121,82.483,-2.8055,1.8964,-0.8542,1.7643,2.2838,-3.0254,0.3198,-1.6627,13.1574,73.386,89.0944,0.0,129.7879,4.3077,10.6422,4.2207,0.6326,-0.9569,-68.1318,2.8592,-66.3668,81.1021,0.0545,0.0614,-15.0624,25.3907,19.258,21.974,6.5871,0.6827,14.0387,-11345125045.8,129.6366,0.0078,12.0292,0.0099,0.0046,-0.0043,0.0138,0.1078,1.4395,0.4144,3.4735,2.6236,4.9295,0.8154,-0.044,0.0332,2.0381,0.4461,0.5539,1.8899,-2.0,-0.2679,0.0438,82.8209,71.3998,82.6863,81.6748,80.6482,82.5476,75.393,8.8382,-7.7556,-0.4566,0.2339,1.8599,0.1846,-1.0225,-0.0056,0.7542,-1.9918,0.0993,-1.9193,348.5075,3.0114,8.2824,3.4636,0.4795,1.0738,0.4664,58.0,-0.0866,1.6281,0.0428,0.0399,0.6911,0.0105,0.037,0.0191,0.1192,0.337,0.2857,39.7152,9.1557,29.5287,0.1849,6.8422,3.6104,5.0053,26.1085,24.5975,0.0084,0.1592,0.1297,0.1346,1.0312,84.0426,68.8779,81.2402,82.878,72.0236,-1.171,23.1724,-0.5238,15.6531,218157763644.0,48287747634.1,5.6048,2.22,7.9402,7.3231,2.1643,-339794661.56,-249540697.8,-0.007,11885794037.4,-1222161248.73,-9.7252,-1.7773,0.0982,129187055.93,156494308.41,17796.9255,27.8254,-7.4614,0.123,2803204.02,0.8145,153609155.54,1.5241,-1.7803,0.0982,27307252.48,84.6663,-37987150.2855,-20583749.4018,-21028156.365,75223482.76,-1479221119.26,0.4116,-1.8023,0.275,-0.5526,0.1191,0.1191,-1.6597,4.9442,-4.6404,4.4403,2.229,0.0357,11.1291,18.3545,-0.301,0.9816,-0.3937,-0.4476,-178.5016,28.4936,0.0032,0.3138,0.1316,-1.0655,0.4167,-17.5631,151.4969,39.9811,41.7313,40.9824,0.5416,0.9841,1.0019,0.0042,2.0026,5360499398.37,-12421375214.4,1.028,-0.0631,1.0345,-0.1063,-0.1113,-0.4241,0.9232,1.3473,-0.0407,3.4474,-3.8609,0.8019,0.7983,-0.1824,0.6927,47.9,0.685,0.5206,0.0019,45.1089,-0.9134,-2.2837,28366721501.6,9.0136,18.064,-0.0125,0.5552,0.968,1.7966,0.4106,0.0272,1942.4816,36.614,-0.2247,0.0267,0.0991,-1.1268,-0.5408,0.6122,-0.0026,-10828406215.9,19602410807.8,82.3342,80.8554,4.9442,-4.6404,29.0889,-0.2118,118505706870.0,0.1359,-1.8023,-1476417915.24,-12421375214.4,0.2104,-0.6444,0.6966,0.0037,-0.0006,2407.8103,2351.1248,1199.8584,1001.2592,4.9577,5.9101,1.4593,38.5907,1.5531,0.5164,0.3234,0.7841,-1464586.2224,-2597749.1912,28685778.1218,29370942.093,31968691.2842,26142196.0553,-2266325.9376,0.0545,0.0446,0.0492,0.0393,0.0403,0.0543,0.4631,-0.1461,-0.2403,-2.8949,-31.9153,-13.3397,0.8881,16757185.1752,13552103.6498,21.4088,81.5,80.0,83.36,79.79,25121776.0,2052680810.29
2025-06-26,0.1106,3.707,-4.76,-179.4654,-210.247,0.5331,36.2456,43.7384,-220.6295,0.6324,1.2187,1.5598,1.8558,73.3189,1.2616,28.0,76.0,48.0,230.8421,-52.1411,25.4982,4.36,4.1785,6.0232,1.0002,82.1356,-1.5276,2.0057,-0.9445,1.7604,2.2819,-2.706,0.7819,-0.0618,13.4607,73.8488,89.117,0.0,157.5232,4.3077,10.6422,4.2207,0.6326,-0.9569,-64.772,16.4168,4.3059,84.2484,0.0541,0.0609,-15.5038,35.4503,17.74,22.594,12.0345,0.681,12.1607,-11345125045.8,141.4584,0.0078,11.9309,0.0118,0.0045,-0.0066,0.0301,0.1052,1.4431,0.4153,3.4745,2.4673,4.9295,0.8154,-0.044,0.0332,1.842,0.4474,0.5526,1.6379,-2.0,-0.2679,0.0381,82.6935,71.577,82.5992,81.7172,80.7572,82.4051,75.6135,4.7941,-14.6744,-0.4566,0.2339,1.8599,0.1846,-1.0225,-0.0055,0.7653,-1.9918,0.0993,-1.9193,351.1587,3.0118,8.3933,3.4649,0.4795,1.0882,0.4665,58.0,-0.0866,1.6292,0.0425,0.0398,0.6938,0.0102,0.0594,0.0593,0.1218,0.337,0.4286,35.2303,8.3212,26.2606,0.2747,7.2123,3.6183,5.0031,26.1161,24.6051,0.0084,0.1592,0.1297,0.1346,1.0278,84.404,68.9887,81.4829,82.1708,72.3775,-1.2506,23.133,7.7441,13.8604,219817368717.0,48298650595.7,5.8422,3.614,7.9402,7.3231,2.1643,-339794661.56,-249540697.8,-0.007,11885794037.4,-1222161248.73,-9.7252,-1.7773,0.0982,129187055.93,156494308.41,17812.4278,27.8254,-7.4614,0.123,2803204.02,0.8145,153609155.54,1.5241,-1.7803,0.0982,27307252.48,85.3104,-34016993.4505,-22524110.7341,3061845.635,75223482.76,-1479221119.26,0.4116,-1.8023,0.275,-0.5526,0.1191,0.1191,-1.6597,4.9442,-4.6404,4.4403,2.229,0.0357,11.2138,18.4941,-0.3089,0.9939,-0.4013,-0.4658,-179.8595,27.585,0.0078,0.3202,0.1346,-1.0689,0.5,-17.6967,151.4969,40.5163,41.4011,41.1657,0.6783,1.0365,1.0233,0.0035,2.0026,5360499398.37,-12421375214.4,1.046,-0.0612,1.0628,-0.1032,-0.1041,-0.39,0.9587,1.3487,-0.0407,6.2822,-6.9746,0.8019,0.7983,-0.1824,0.6927,55.1001,0.7213,0.5471,0.002,51.0358,-0.9134,-2.2837,28366721501.6,9.0136,18.064,-0.0125,0.8287,1.5744,1.8012,0.3017,0.044,1957.2588,38.688,-0.2208,0.0241,0.1048,-1.1268,-0.5408,0.607,-0.0026,-10828406215.9,19602410807.8,82.0414,81.3179,4.9442,-4.6404,29.0889,-0.2118,118505706870.0,0.1359,-1.8023,-1476417915.24,-12421375214.4,0.2926,-0.9387,0.6989,0.0032,-0.0018,2408.9738,1985.3753,1199.4281,433.995,5.1708,5.8608,1.4593,39.9891,1.7072,0.5014,0.3171,0.7841,-1736987.9578,-2826594.8996,27850182.4633,28558489.771,31385084.6706,25458131.3702,-2179213.8836,0.0564,0.0446,0.0491,0.0394,0.038,0.0547,0.4646,-0.1856,-0.3157,1.2773,-9.7932,-49.0659,1.095,15654448.7399,13574751.125,32.6553,82.12,81.46,84.13,81.0,24090002.0,1998512854.62
2025-06-27,0.1106,5.522,-0.939,-184.0023,-213.6963,0.595,37.3513,42.3219,-221.242,0.5533,1.1112,1.6807,1.2931,69.0739,1.2643,24.0,72.0,48.0,223.5796,-54.0012,25.4982,4.2257,3.8954,6.0232,1.0005,82.2378,-1.4808,1.9981,-0.8195,1.7554,2.2614,-2.0147,0.5578,0.1738,12.9788,74.4073,89.0807,0.0,154.5057,4.3077,10.6422,4.2207,0.6326,-0.9569,-58.8723,7.2489,8.6828,80.7376,0.054,0.0608,-14.4698,-23.5338,17.452,22.674,13.014,0.662,9.9787,-11345125045.8,145.9227,0.0077,11.8332,0.0039,0.0045,-0.0066,-0.1047,0.1872,1.4437,0.4288,3.3666,2.3086,4.9295,0.8154,-0.044,0.0332,1.6737,0.4064,0.5936,1.4195,-2.0,-0.2679,0.0302,82.6038,71.7526,82.5378,81.7632,80.8641,82.3367,75.8295,4.099,-7.9899,-0.4566,0.2339,1.8599,0.1846,-1.0225,-0.0055,0.7668,-1.9918,0.0993,-1.9193,351.5008,3.0138,8.5884,3.4892,0.4798,1.1135,0.4698,58.0,-0.0866,1.6272,0.0423,0.0398,0.69,0.0102,0.0507,0.0821,0.1306,0.337,0.5,31.5786,9.6687,24.2753,0.1816,7.4856,3.6024,5.0313,26.117,24.6061,0.0084,0.1592,0.1297,0.1346,1.0206,83.8901,69.0703,81.744,82.0574,72.757,-1.2698,23.0775,18.1963,12.3941,220031511307.0,48349223793.5,4.2922,-5.139,7.9402,7.3231,2.1643,-339794661.56,-249540697.8,-0.007,11885794037.4,-1222161248.73,-9.7252,-1.7773,0.0982,129187055.93,156494308.41,17814.4203,27.8254,-7.4614,0.123,2803204.02,0.8145,153609155.54,1.5241,-1.7803,0.0982,27307252.48,85.3935,-28114718.9665,-16141436.9445,22048557.635,75223482.76,-1479221119.26,0.4116,-1.8023,0.275,-0.5526,0.1191,0.1191,-1.6597,4.9442,-4.6404,4.4403,2.229,0.0357,11.2247,18.5121,-0.3149,0.9986,-0.4061,-0.5053,-180.0348,24.6668,0.0056,0.3178,0.1298,-1.0714,0.5,-17.7139,151.4969,41.0523,41.2271,41.1842,0.7557,1.0368,1.0327,0.0028,2.0026,5360499398.37,-12421375214.4,0.9412,-0.045,1.0678,-0.095,-0.0747,-0.39,0.9931,1.3831,-0.0407,6.7838,-4.0347,0.8019,0.7983,-0.1824,0.6927,55.1492,0.6852,0.5504,0.0018,56.2194,-0.9134,-2.2837,28366721501.6,9.0136,16.268,-0.0125,0.6818,1.6802,1.9235,0.2109,-0.0588,1959.1655,40.168,-0.2181,0.0137,0.1083,-1.1268,-0.5408,0.6063,-0.0026,-10828406215.9,19602410807.8,81.8997,81.69,4.9442,-4.6404,29.0889,-0.2118,118505706870.0,0.1359,-1.8023,-1476417915.24,-12421375214.4,0.2404,-1.1534,0.7513,0.0026,-0.0022,2411.5602,1806.5866,1197.4445,317.9501,5.6103,5.2583,1.4593,39.9459,1.8228,0.4962,0.3165,0.7802,-2065745.9901,-3380778.1195,26238642.3791,27085908.5755,30466686.695,23300991.5801,-2630064.2588,0.0484,0.0445,0.049,0.0395,0.0379,0.0548,0.4658,-0.3724,-0.3358,5.4038,24.9607,-38.6566,1.2617,11119146.9174,13600275.2413,51.7025,82.2,82.0,83.48,81.0,18986712.0,1562972532.73
2025-06-30,0.1106,12.622,7.69,-187.5979,-213.0124,0.6791,38.5915,44.6721,-209.1234,0.6819,2.179,1.9294,2.1266,67.4373,1.2693,20.0,68.0,48.0,239.152,114.5946,25.4982,4.5024,4.5962,6.0232,0.947,83.2833,0.2493,2.0164,-0.7436,1.773,2.2821,4.7279,6.8104,6.1923,20.06,74.9915,89.6741,0.0,171.7147,4.3077,10.6422,4.2207,0.6326,-0.9569,96.1248,112.0336,166.6667,108.8512,0.0505,0.0564,-8.8754,-16.5515,16.638,28.414,26.1387,0.6568,9.5414,-11345125045.8,174.1255,0.0072,11.9237,0.0022,0.0059,0.0009,0.1242,0.343,1.4437,0.4288,3.3666,2.243,4.9295,0.8154,-0.044,0.0332,1.9806,0.3285,0.6715,1.2302,-2.0,-0.2679,0.0772,83.574,72.0201,83.3689,82.3515,81.3883,84.2045,76.2266,11.8877,10.7121,-0.4566,0.2339,1.8599,0.1846,-1.0225,-0.0052,0.87,-1.9918,0.0993,-1.9193,376.046,3.0159,8.4996,3.5159,0.4802,1.102,0.4734,58.0,-0.0866,1.6344,0.0426,0.0399,0.6787,0.011,0.0633,0.1682,0.1527,0.337,0.5714,33.3279,43.8237,36.8265,0.3318,7.0451,1.7895,4.6048,26.1845,24.6736,0.0084,0.1592,0.1297,0.1346,0.9549,83.97,69.1987,82.3328,82.812,73.2467,-0.5248,23.2398,36.3859,10.0814,235396242145.0,50234326106.7,3.2744,0.799,7.9402,7.3231,2.1643,-339794661.56,-249540697.8,-0.007,11885794037.4,-1222161248.73,-9.7252,-1.7773,0.0982,129187055.93,156494308.41,17952.9016,27.8254,-7.4614,0.123,2803204.02,0.8145,153609155.54,1.5241,-1.7803,0.0982,27307252.48,85.3935,-19188544.7805,117926.135,61800002.635,75223482.76,-1479221119.26,0.4116,-1.8023,0.275,-0.5526,0.1191,0.1191,-1.6597,4.9442,-4.6404,4.4403,2.229,0.0357,12.0085,19.8048,-0.319,0.9961,-0.4083,-0.5471,-192.6065,40.2607,0.0681,0.4055,0.2006,-1.0601,0.5833,-18.9509,162.0759,41.8301,41.6254,43.96,0.8726,1.1202,1.118,0.0072,2.0026,5360499398.37,-12421375214.4,1.0092,-0.0154,1.1546,-0.0665,-0.1098,-0.457,1.0448,1.5018,-0.0407,15.4614,6.2501,0.8019,0.7983,-0.1824,0.6927,64.1567,0.6688,0.588,0.0018,61.1851,-0.9134,-2.2837,28366721501.6,9.0136,15.047,-0.0125,0.8737,3.2189,2.2999,0.1577,0.0091,2095.9734,46.888,-0.2117,0.047,0.1242,-1.1268,-0.5408,0.5621,-0.0026,-10828406215.9,19602410807.8,84.4219,85.9615,4.9442,-4.6404,29.0889,-0.2118,118505706870.0,0.1359,-1.8023,-1476417915.24,-12421375214.4,0.3081,-2.6214,0.8983,0.0026,0.0003,2506.0324,2114.2264,1203.2751,732.8929,5.6112,4.8285,1.4593,47.1033,1.9392,0.5057,0.3667,0.7945,-2076595.5778,-2119993.9286,28695515.5829,29034452.6408,31154446.5694,28784476.0534,-86796.7016,0.047,0.0448,0.0507,0.0397,0.0457,0.0556,0.4526,0.3699,-0.1572,12.9264,207.2505,103.7627,1.4995,9571874.4837,13644986.3111,87.3971,87.94,83.58,90.3,83.51,39751445.0,3473897078.08
2025-07-01,0.1106,9.788,3.913,-191.0615,-216.3656,0.7234,39.1654,46.709,-220.6952,0.5001,1.7639,1.7098,1.7415,86.416,1.2734,16.0,64.0,48.0,247.312,126.3264,25.4982,4.3687,4.2685,6.0232,0.9741,83.7225,1.6651,2.02,-0.7798,1.7697,2.2759,2.2147,3.827,2.3921,16.6583,75.7291,89.8347,0.0,160.896,4.3077,10.6422,4.2207,0.6326,-0.9569,61.4861,80.8472,69.1115,99.8258,0.0517,0.0578,-9.4619,-18.3624,18.628,27.61,19.4256,0.6441,8.4854,-11345125045.8,157.8186,0.0074,11.8585,0.0019,0.0059,0.0008,-0.1467,0.2834,1.4437,0.4288,3.3666,2.2023,4.9295,0.8154,-0.044,0.0332,2.0398,0.3583,0.6417,1.4341,-2.0,-0.2679,0.0266,84.006,72.2504,83.766,82.6942,81.7262,84.7863,76.5454,12.5988,10.6109,-0.4566,0.2339,1.8599,0.1846,-1.0225,-0.0053,0.8342,-1.9918,0.0993,-1.9193,367.5364,3.0164,9.085,3.5412,0.4802,1.102,0.4734,58.0,-0.0866,1.6362,0.0425,0.0399,0.7044,0.0112,0.0465,0.1259,0.1362,0.337,0.5714,37.0791,59.5866,44.5816,0.2317,7.3564,1.7166,4.6543,26.1616,24.6507,0.0084,0.1592,0.1213,0.1337,0.9783,84.0877,69.2747,82.7819,83.942,73.6767,-0.325,23.3865,52.2244,9.0046,230069445217.0,50319633497.5,2.6116,1.177,7.9402,7.3231,2.1643,-339794661.56,-249540697.8,-0.007,11885794037.4,-1222161248.73,-9.7252,-1.7773,0.0982,129187055.93,156494308.41,17905.8625,27.8254,-7.4614,0.123,2803204.02,0.8145,153609155.54,1.5241,-1.7803,0.0982,27307252.48,83.4611,-12978979.4866,9215888.8017,35563015.635,75223482.76,-1479221119.26,0.4116,-1.8023,0.275,-0.5526,0.1191,0.1191,-1.6597,4.9442,-4.6404,4.4403,2.229,0.0357,11.7368,19.3567,-0.3456,1.0586,-0.4388,-0.6392,-188.248,35.9605,0.0383,0.3696,0.1666,-1.0676,0.5,-18.5221,162.0759,41.9364,41.8776,43.3663,0.8208,0.9841,1.091,0.0029,2.0026,5360499398.37,-12421375214.4,1.0139,-0.0336,1.1167,-0.0437,-0.0463,-0.3586,1.0704,1.429,-0.0407,11.6698,2.1184,0.8019,0.7983,-0.1824,0.6927,47.377,0.6488,0.5651,0.0017,53.957,-0.9134,-2.2837,28366721501.6,9.0136,13.846,-0.0125,0.6427,2.5007,2.0684,0.0199,0.0137,2048.5435,50.058,-0.2076,0.0561,0.1322,-1.1268,-0.5408,0.5767,-0.0026,-10828406215.9,19602410807.8,85.2084,86.4026,4.9442,-4.6404,29.0889,-0.2118,118505706870.0,0.1359,-1.8023,-1476417915.24,-12421375214.4,0.225,-1.9719,0.8113,0.0027,0.0022,2509.656,2257.4643,1202.3747,644.1634,5.5962,2.8298,1.4593,47.5484,1.6806,0.5002,0.3781,0.7969,-2098499.861,-2186116.9936,28248510.386,28604073.3114,30790190.305,27935313.0356,-175234.2652,0.0465,0.0446,0.0505,0.0397,0.0454,0.0558,0.4545,-0.1405,-0.1707,3.2888,-60.452,56.8127,1.2848,9575218.6942,13665711.762,84.2102,85.95,86.75,87.6,85.31,26236987.0,2260132197.53
2025-07-02,0.1106,8.603,5.93,-195.0027,-219.1101,0.7233,38.4295,46.0076,-229.1909,0.5616,1.4924,1.659,1.5383,95.1802,1.2768,12.0,60.0,48.0,252.4311,128.813,25.4982,4.2216,3.9421,6.0232,0.9994,84.047,-0.0699,2.0393,-0.703,1.7702,2.2735,0.5139,1.1359,-0.4286,13.5141,76.7093,89.6015,0.0,157.2509,4.3077,10.6422,4.2207,0.6326,-0.9569,26.2513,31.0281,-2.1352,86.3463,0.0528,0.0593,-11.5448,-34.9592,20.14,27.61,15.644,0.6549,7.5151,-11345125045.8,153.5356,0.0076,11.7904,-0.0033,0.0059,-0.0023,-0.1342,-0.0084,1.4529,0.4312,3.3693,2.1449,4.9295,0.8154,-0.044,0.0332,1.9154,0.5042,0.4958,1.5548,-2.0,-0.2679,0.0243,84.0231,72.4462,83.8174,82.8281,81.902,84.5575,76.7931,11.0479,11.4091,-0.4566,0.2339,1.8599,0.1846,-1.0225,-0.0054,0.801,-1.9918,0.0993,-1.9193,359.6255,3.0439,9.2628,3.5509,0.4802,1.102,0.4734,58.0,-0.0866,1.6481,0.0423,0.0396,0.6883,0.0115,0.0518,0.1087,0.1325,0.337,0.5714,39.4175,53.4476,44.0942,0.0375,7.4429,1.6231,4.6353,26.1399,24.6289,0.0084,0.1577,0.119,0.1333,0.9949,83.67,69.3623,83.1554,84.462,74.0877,-0.459,23.5241,60.447,13.3504,225117397822.0,50339495048.9,1.0292,-4.177,7.9402,7.3231,2.1643,-339794661.56,-249540697.8,-0.007,11885794037.4,-1222161248.73,-9.7252,-1.7773,0.0982,129187055.93,156494308.41,17861.2217,27.8254,-7.4614,0.123,2803204.02,0.8145,153609155.54,1.5241,-1.7803,0.0982,27307252.48,81.6647,-6702856.1539,20255668.4683,20088745.635,75223482.76,-1479221119.26,0.4116,-1.8023,0.275,-0.5526,0.1191,0.1191,-1.6597,4.9442,-4.6404,4.4403,2.229,0.0357,11.4842,18.94,-0.342,1.029,-0.4308,-0.6872,-184.1962,32.2517,0.0114,0.3363,0.1351,-1.0645,0.5,-18.1234,162.0759,42.0241,42.282,43.0332,0.8248,0.9651,1.0884,0.0024,2.0026,5360499398.37,-12421375214.4,0.9527,-0.0283,1.0975,-0.0149,-0.0656,-0.383,1.0319,1.4149,-0.0407,9.7481,4.7323,0.8019,0.7983,-0.1824,0.6927,44.5945,0.6447,0.5434,0.0017,48.3678,-0.9134,-2.2837,28366721501.6,9.0136,13.849,-0.0125,0.7055,2.1299,2.0204,0.0487,-0.0473,2004.4503,50.058,-0.2054,0.036,0.1324,-1.1268,-0.5408,0.5909,-0.0026,-10828406215.9,19602410807.8,84.8701,85.1604,4.9442,-4.6404,29.0889,-0.2118,118505706870.0,0.1359,-1.8023,-1476417915.24,-12421375214.4,0.244,-1.8836,0.7943,0.0026,0.0025,2510.7177,2109.1119,1201.2454,754.1028,5.764,2.667,1.4593,44.45,1.4565,0.4973,0.3865,0.7989,-2293114.7125,-3071574.1186,25925921.2249,26584103.5712,29655677.6898,23781632.0237,-1556918.8122,0.0412,0.0445,0.0504,0.0397,0.0422,0.056,0.4575,-0.5304,-0.2654,-5.9977,-68.2767,-42.9524,1.3281,7315975.9724,13736484.6521,85.3078,84.1,85.0,85.68,83.64,15474270.0,1306476038.45
2025-07-03,0.1106,5.549,3.27,-199.5887,-222.465,0.6973,40.3526,44.9869,-233.909,0.5256,1.2724,1.5555,1.7357,97.9003,1.2805,8.0,56.0,48.0,253.5805,99.6848,25.4982,4.0158,3.5084,6.0232,1.0011,83.8408,-0.3556,2.0278,-0.7704,1.7605,2.2542,0.3242,0.3674,-1.2242,12.4176,77.4718,89.415,0.0,155.6802,4.3077,10.6422,4.2207,0.6326,-0.9569,14.9349,9.8228,-38.7002,80.9558,0.053,0.0595,-12.8486,-40.7279,20.49,26.25,12.3235,0.6538,4.1252,-11345125045.8,145.621,0.0076,11.6964,-0.0065,0.0048,-0.0066,-0.1451,-0.1846,1.4351,0.4293,3.3426,2.0696,4.9295,0.8154,-0.044,0.0332,1.7681,0.5923,0.4077,1.6455,-2.0,-0.2679,0.016,83.9734,72.6331,83.807,82.9159,82.0389,84.2884,77.0211,1.0854,8.8721,-0.4566,0.2339,1.8599,0.1846,-1.0225,-0.0054,0.7947,-1.9918,0.0993,-1.9193,358.1289,3.0426,12.2115,3.5174,0.4802,1.102,0.4734,58.0,-0.0866,1.6423,0.0421,0.0396,0.6834,0.0115,0.0529,0.0767,0.1292,0.337,0.5714,40.5113,47.0741,42.6989,-0.1868,7.5025,1.8128,4.6355,26.1357,24.6248,0.0084,0.1578,0.0902,0.1346,0.9968,83.4794,69.4666,83.4434,84.788,74.499,-0.603,23.6078,68.754,13.093,224180523990.0,49229935455.6,0.072,-1.906,7.9402,7.3231,2.1643,-339794661.56,-249540697.8,-0.007,11885794037.4,-1222161248.73,-9.7252,-1.7773,0.0982,129187055.93,156494308.41,17852.6742,27.8254,-7.4614,0.123,2803204.02,0.8145,153609155.54,1.5241,-1.7803,0.0982,27307252.48,81.3248,-2315706.8678,25226869.4683,8799049.635,75223482.76,-1479221119.26,0.4116,-1.8023,0.275,-0.5526,0.1191,0.1191,-1.6597,4.9442,-4.6404,4.4403,2.229,0.0357,11.4364,18.8612,-0.3387,1.0033,-0.4234,-0.7464,-183.4296,29.3839,0.0037,0.327,0.1242,-1.0708,0.5,-18.048,162.0759,42.1736,42.6159,42.9862,0.7522,0.9879,1.088,0.0022,2.0026,5360499398.37,-12421375214.4,0.9777,-0.0464,1.0739,-0.0147,-0.0541,-0.3979,1.0198,1.4177,-0.0407,7.3856,2.7607,0.8019,0.7983,-0.1824,0.6927,48.0411,0.6628,0.5402,0.0017,43.4108,-0.9134,-2.2837,28366721501.6,9.0136,14.849,-0.0125,0.7904,1.693,2.0307,0.0419,-0.0223,1996.1084,49.055,-0.2039,0.0272,0.1325,-1.1268,-0.5408,0.5937,-0.0026,-10828406215.9,19602410807.8,84.4578,84.278,4.9442,-4.6404,29.0889,-0.2118,118505706870.0,0.1359,-1.8023,-1476417915.24,-12421375214.4,0.2742,-1.3643,0.8051,0.0025,0.002,2454.8861,1924.8068,1248.1595,892.9964,5.8832,3.2358,1.4593,45.5154,1.2623,0.495,0.3854,0.7987,-2647315.1321,-4064116.8107,23264789.3658,24231117.791,28295234.6017,19617653.3491,-2833603.3572,0.0379,0.0444,0.0492,0.0396,0.0378,0.0561,0.49,-0.6585,-0.3887,-9.9682,-61.055,-55.0601,1.367,7971645.5023,14344842.5417,71.2509,83.75,84.36,84.7,83.36,11289696.0,946850158.88
2025-07-04,0.1106,3.872,3.54,-202.9596,-224.4726,0.7051,42.3216,44.7067,-232.6752,0.5371,0.8762,1.217,1.8728,95.9348,1.284,4.0,52.0,48.0,260.1041,82.3238,25.4982,3.9125,3.352,6.0232,0.993,83.8116,-0.8034,2.011,-0.6348,1.7597,2.8322,0.9054,0.9441,-0.9715,12.4497,77.7338,89.4873,0.0,164.1693,4.3077,10.6422,4.2207,0.6326,-0.9569,27.2304,18.3495,-50.9657,81.1859,0.0526,0.059,-11.8214,-37.2394,20.49,23.833,7.5424,0.6908,2.1634,-11345125045.8,124.9354,0.0075,11.6005,-0.0071,0.0023,-0.0078,-0.0053,-0.0832,1.4286,0.4292,3.3287,1.9925,4.9295,0.8154,-0.044,0.0332,1.6844,0.5416,0.4584,1.4261,-2.0,-0.2679,0.0305,84.051,72.8276,83.8982,83.0572,82.2138,84.3256,77.2631,-0.2795,7.48,-0.4566,0.2339,1.8599,0.1846,-1.0225,-0.0054,0.8064,-1.9918,0.0993,-1.9193,360.9084,3.038,12.2163,3.5333,0.4794,1.1024,0.4755,58.0,-0.0866,1.6419,0.0419,0.0396,0.6526,0.0115,0.061,0.0329,0.1541,0.337,0.5,41.593,48.0835,43.7565,-0.2629,7.7552,2.5233,5.3148,26.1434,24.6325,0.0084,0.1578,0.0902,0.1346,0.991,83.6427,69.6138,83.6106,85.228,75.0558,-0.6162,23.7358,77.6587,11.6469,225920432534.0,46781872700.8,0.0643,1.633,7.9402,7.3231,2.1643,-339794661.56,-249540697.8,-0.007,11885794037.4,-1222161248.73,-9.7252,-1.7773,0.0982,129187055.93,156494308.41,17868.522,27.8254,-7.4614,0.123,2803204.02,0.8145,153609155.54,1.5241,-1.7803,0.0982,27307252.48,81.3248,560005.0763,28699665.4683,23898621.635,75223482.76,-1479221119.26,0.4116,-1.8023,0.275,-0.5526,0.1191,0.1191,-1.6597,4.9442,-4.6404,4.4403,2.229,0.0357,11.5251,19.0076,-0.3413,0.9978,-0.4236,-0.8228,-184.8532,29.1374,0.0094,0.3336,0.1245,-1.0703,0.5,-18.188,163.3338,42.17,42.9389,43.1034,0.6623,0.9561,1.1081,0.0027,2.0026,5360499398.37,-12421375214.4,1.0197,-0.0662,1.0412,0.0156,-0.0144,-0.6283,1.0268,1.6551,-0.0407,4.1243,2.7764,0.8019,0.7983,-0.1824,0.6927,41.6649,0.6308,0.5354,0.0018,49.3986,-0.9134,-2.2837,28366721501.6,9.0136,14.467,-0.0125,1.0101,1.0827,2.8707,-0.1125,0.0193,2011.6006,49.055,-0.2018,0.0087,0.1315,-1.1268,-0.5408,0.5886,-0.0026,-10828406215.9,19602410807.8,84.4584,84.3245,4.9442,-4.6404,29.0889,-0.2118,118505706870.0,0.1359,-1.8023,-1476417915.24,-12421375214.4,0.3502,-1.0358,0.8536,0.0023,0.0016,2332.1036,1803.6502,1237.1448,929.5612,5.6866,3.5523,1.4593,45.9174,1.3922,0.4859,0.3688,0.7092,-3016154.8097,-4491513.5203,21780204.3902,22826264.5924,27317778.1127,18111626.2327,-2950717.4212,0.0372,0.0443,0.0466,0.0396,0.0365,0.0557,0.5094,-0.4731,-0.4959,-21.3067,-68.0746,-37.3202,1.531,8267711.8899,14145729.9718,86.0837,84.4,83.75,85.58,83.01,15099572.0,1271573313.46
2025-07-07,0.1106,0.516,0.91,-206.2972,-227.0186,0.7038,43.8389,44.0858,-236.518,0.5972,0.3951,1.1902,1.0152,81.4532,1.2871,8.0,48.0,40.0,244.7689,66.8082,25.4982,3.7852,3.1483,6.0232,1.0041,83.8389,-0.9686,1.9778,-0.5574,1.7627,2.7739,-0.0909,-0.1731,-0.996,10.529,77.7797,89.51,0.0,163.3157,4.3077,10.6422,4.2207,0.6326,-0.9569,1.8471,-0.1168,-77.9787,75.8267,0.0532,0.0597,-11.5492,-33.6366,21.39,22.076,1.5782,0.7133,1.281,-11345125045.8,117.0517,0.0076,11.5147,-0.008,0.0002,-0.0174,-0.9212,-0.32,1.4073,0.4327,3.2522,1.8996,4.9295,0.8154,-0.044,0.0332,1.5279,0.66,0.34,1.5332,-2.0,-0.2679,0.0255,83.9508,73.004,83.837,83.0994,82.3091,84.0504,77.4676,0.2172,6.8261,-0.4566,0.2339,1.8599,0.1846,-1.0225,-0.0055,0.7902,-1.9918,0.0993,-1.9193,357.0598,3.0433,12.4334,3.5231,0.4794,1.1024,0.4755,58.0,-0.0866,1.6417,0.0417,0.0396,0.6642,0.0118,0.0684,0.0009,0.1385,0.337,0.4286,41.3745,40.0638,40.9376,-0.4016,7.954,2.929,5.7365,26.1327,24.6218,0.0084,0.1575,0.0887,0.135,1.0009,83.576,69.7831,83.6448,84.34,75.5458,-0.7434,23.8582,81.4554,11.1732,223511328396.0,44658618952.5,-0.1377,-0.667,7.9402,7.3231,2.1643,-339794661.56,-249540697.8,-0.007,11885794037.4,-1222161248.73,-9.7252,-1.7773,0.0982,129187055.93,156494308.41,17846.5487,27.8254,-7.4614,0.123,2803204.02,0.8145,153609155.54,1.5241,-1.7803,0.0982,27307252.48,80.4576,1030194.4731,27139238.3017,12685994.635,75223482.76,-1479221119.26,0.4116,-1.8023,0.275,-0.5526,0.1191,0.1191,-1.6597,4.9442,-4.6404,4.4403,2.229,0.0357,11.4022,18.8049,-0.3479,1.005,-0.4288,-0.9347,-182.882,26.1017,-0.0017,0.3158,0.1053,-1.0684,0.5,-17.9941,163.3338,42.233,43.2388,42.9838,0.4568,0.9748,1.0849,0.0037,2.0026,5360499398.37,-12421375214.4,0.9921,-0.0866,1.0083,-0.0164,-0.0588,-0.5939,0.9495,1.5434,-0.0407,0.8284,1.5815,0.8019,0.7983,-0.1824,0.6927,44.9944,0.5956,0.5386,0.002,44.0397,-0.9134,-2.2837,28366721501.6,9.0136,14.467,-0.0125,1.1445,0.4175,2.5338,-0.151,-0.0079,1990.1499,48.842,-0.2005,-0.0497,0.1322,-1.1268,-0.5408,0.5957,-0.0026,-10828406215.9,19602410807.8,84.0404,83.7147,4.9442,-4.6404,29.0889,-0.2118,118505706870.0,0.1359,-1.8023,-1476417915.24,-12421375214.4,0.4008,-0.453,0.764,0.0021,0.0009,2225.7083,1699.6756,1261.8677,994.4883,5.72,3.7741,1.4593,46.4292,1.2066,0.4797,0.3657,0.6995,-3429974.4157,-5085252.8396,19858826.6829,21039551.1166,26124803.9562,15811959.8218,-3310556.8478,0.0363,0.0443,0.0445,0.0396,0.0269,0.0552,0.5448,-0.5799,-0.7481,-29.3057,-63.7736,-40.9449,1.3671,8823306.6849,14427525.6082,74.4826,83.5,84.4,84.93,82.8,11212627.0,939124639.44
2025-07-08,0.1106,4.569,-4.36,-208.4857,-230.7764,0.6579,45.7574,43.5476,-231.6699,0.6124,1.2154,0.9705,0.6804,95.9425,1.2899,4.0,44.0,40.0,262.8061,-49.9455,25.4982,3.5598,2.7286,6.0232,1.0024,83.723,-0.6831,1.9596,-0.9963,1.7518,2.3891,-0.4505,-0.4046,-0.3983,9.9567,78.3722,89.3464,0.0,166.8636,4.3077,10.6422,4.2207,0.6326,-0.9569,-28.0689,-16.6822,-111.3307,72.1699,0.0532,0.0597,-8.8453,-40.4133,17.807,22.096,10.7486,0.7302,-0.358,-11345125045.8,129.0012,0.0076,11.4193,-0.0108,-0.0011,-0.0229,-1.5167,-0.2184,1.4063,0.4328,3.2492,1.7976,4.9295,0.8154,-0.044,0.0332,1.3894,0.6092,0.3908,1.3288,-2.0,-0.2679,0.0075,83.8725,73.1778,83.7882,83.1394,82.3988,83.8736,77.666,-3.8952,-6.9874,-0.4566,0.2339,1.8599,0.1846,-1.0225,-0.0055,0.7905,-1.9918,0.0993,-1.9193,357.1454,3.0478,10.3958,3.5407,0.4802,0.9218,0.4779,58.0,-0.0866,1.642,0.0415,0.0396,0.7002,0.0111,0.0718,0.0401,0.1125,0.337,0.5,39.691,29.59,36.324,-0.5686,7.9965,3.3509,6.6225,26.133,24.622,0.0084,0.1575,0.0887,0.135,1.0045,83.898,69.9662,83.8593,83.854,75.9572,-0.8164,23.8416,80.1372,10.2966,223564864044.0,43348529142.2,0.0774,3.22,7.9402,7.3231,2.1643,-339794661.56,-249540697.8,-0.007,11885794037.4,-1222161248.73,-9.7252,-1.7773,0.0982,129187055.93,156494308.41,17847.0394,27.8254,-7.4614,0.123,2803204.02,0.8145,153609155.54,1.5241,-1.7803,0.0982,27307252.48,80.4769,3328281.3492,20595677.8017,22538639.635,75223482.76,-1479221119.26,0.4116,-1.8023,0.275,-0.5526,0.1191,0.1191,-1.6597,4.9442,-4.6404,4.4403,2.229,0.0357,11.405,18.8094,-0.3481,0.992,-0.4262,-1.0712,-182.9258,24.0538,-0.004,0.3126,0.0996,-1.0671,0.5833,-17.9984,163.3338,42.351,43.0765,42.9862,0.6414,1.0091,1.0899,0.0015,2.0026,5360499398.37,-12421375214.4,1.0401,-0.0704,1.0541,-0.0019,-0.0824,-0.4479,0.9717,1.4196,-0.0407,5.4133,-5.0262,0.8019,0.7983,-0.1824,0.6927,52.0169,0.5294,0.5388,0.0021,49.4695,-0.9134,-2.2837,28366721501.6,9.0136,15.817,-0.0125,1.2252,1.3683,2.1399,-0.202,0.0386,1990.6266,46.232,-0.2018,-0.0985,0.1333,-1.1268,-0.5408,0.5955,-0.0026,-10828406215.9,19602410807.8,83.764,83.4746,4.9442,-4.6404,29.0889,-0.2118,118505706870.0,0.1359,-1.8023,-1476417915.24,-12421375214.4,0.4322,-0.7991,0.7347,0.0019,0.0002,2160.4506,1257.5774,1300.4293,528.3933,5.2038,3.6657,1.4593,47.1939,1.3009,0.4779,0.3386,0.6728,-3864173.5748,-5600970.2112,18039520.9224,19318488.6371,24919458.8483,13825521.5479,-3473593.2728,0.0334,0.0442,0.0431,0.0395,0.0213,0.0545,0.5808,-0.6476,-0.8368,-32.4044,-49.4961,-75.2144,1.4937,9265993.4089,14892844.8593,79.4881,83.52,83.05,83.68,83.05,9852645.0,821307994.6
2025-07-09,0.1106,4.149,-1.57,-211.8961,-235.75,0.6359,48.0589,45.6389,-250.5369,0.556,1.2249,1.0943,0.6924,85.1879,1.2934,4.0,40.0,36.0,253.5954,-51.0007,25.4982,3.5841,2.9238,6.0232,0.9929,83.7176,0.2031,1.9338,-1.0394,1.7488,2.6402,0.1663,0.2481,0.503,10.3913,79.0644,89.1582,0.0,168.4075,4.3077,10.6422,4.2207,0.6326,-0.9569,51.7144,36.4818,142.0098,80.9609,0.0527,0.0591,-12.9382,-34.6501,17.807,22.847,12.3973,0.675,-0.1069,-11345125045.8,148.3391,0.0076,11.3263,-0.0114,-0.0007,-0.0206,-1.4741,0.0626,1.4121,0.4345,3.25,1.7038,4.9295,0.8154,-0.044,0.0343,1.3289,0.4687,0.5313,1.1516,-2.0,-0.2679,0.0403,83.9538,73.362,83.87,83.2519,82.5411,84.0224,77.8842,1.7693,-0.5078,-0.4566,0.2339,1.8599,0.1846,-1.0225,-0.0054,0.8049,-1.9918,0.0993,-1.9193,360.5663,3.0517,6.5041,3.5513,0.4808,0.5767,0.4793,58.0,-0.0866,1.6421,0.0412,0.0396,0.6822,0.0111,0.0646,0.0641,0.1209,0.337,0.4286,38.4992,31.3484,36.1156,-0.5484,8.3126,3.2384,6.5972,26.1425,24.6315,0.0084,0.1575,0.0887,0.135,0.9983,84.18,70.1275,84.1113,83.898,76.3828,-0.7498,23.9583,76.8557,8.8632,225706289944.0,44100394078.5,0.1374,2.82,7.9402,7.3231,2.1643,-339794661.56,-249540697.8,-0.007,11885794037.4,-1222161248.73,-9.7252,-1.7773,0.0982,129187055.93,156494308.41,17866.5776,27.8254,-7.4614,0.123,2803204.02,0.8145,153609155.54,1.5241,-1.7803,0.0982,27307252.48,80.4769,6012155.4373,22243263.9683,45448532.635,75223482.76,-1479221119.26,0.4116,-1.8023,0.275,-0.5526,0.1191,0.1191,-1.6597,4.9442,-4.6404,4.4403,2.229,0.0357,11.5142,18.9896,-0.3524,0.99,-0.4284,-1.273,-184.678,34.6186,0.0025,0.3219,0.1039,-1.0611,0.5833,-18.1708,164.8983,42.4637,43.0497,43.2056,0.7381,1.0018,1.0812,0.0045,2.0026,5360499398.37,-12421375214.4,1.0346,-0.0509,1.0636,0.0132,-0.061,-0.4318,1.0026,1.4344,-0.0407,6.3572,-1.8965,0.8019,0.7983,-0.1824,0.6927,50.4234,0.5667,0.5483,0.0019,54.0866,-0.9134,-2.2837,28366721501.6,9.0136,15.817,-0.0125,1.0933,1.5607,2.1932,-0.2438,0.0334,2009.6939,43.444,-0.1994,-0.1052,0.1292,-1.1268,-0.5408,0.5892,-0.0026,-10828406215.9,19602410807.8,83.9422,83.9622,4.9442,-4.6404,29.0889,-0.2118,118505706870.0,0.1359,-1.8023,-1476417915.24,-12421375214.4,0.3885,-0.8742,0.6813,0.0017,0.0001,2198.4873,1207.9829,1281.9081,417.8832,4.7833,3.1025,1.4593,35.925,1.3566,0.4723,0.339,0.6726,-4071256.8066,-4899589.7336,18925043.1183,19871012.3852,24770602.1188,16853645.3653,-1656665.854,0.033,0.0444,0.0437,0.0396,0.0238,0.0544,0.5647,-0.124,-0.7798,-28.1262,36.9274,-12.6809,1.4799,9148147.4582,14709310.1173,64.5213,84.32,84.71,87.42,84.02,22909893.0,1962565255.06
2025-07-10,0.1106,3.853,-0.88,-214.3937,-237.1105,0.5545,47.1076,43.2894,-237.3538,0.5166,1.2853,1.0661,0.6088,79.3671,1.2957,20.0,36.0,16.0,239.9062,-29.0672,25.4982,3.5259,2.8982,6.0232,1.0069,83.7316,-2.1731,1.9233,-1.1538,1.7383,2.6142,-1.3336,-1.4038,-0.74,8.2875,80.0059,88.6821,0.0,160.5391,4.3077,10.6422,4.2207,0.6326,-0.9569,-95.9741,-70.035,-110.5186,64.5344,0.0534,0.06,-9.2417,-35.8551,18.193,22.847,11.3402,0.8265,0.0454,-11345125045.8,135.8011,0.0077,11.2465,-0.0127,-0.0004,-0.0188,-1.7928,-0.0652,1.4224,0.4382,3.2463,1.5978,4.9295,0.8154,-0.044,0.0343,1.1739,0.5326,0.4674,1.2125,-2.0,-0.2679,0.0215,83.8095,73.5239,83.7608,83.2431,82.5869,83.7349,78.0571,1.5552,-2.4846,-0.4566,0.2339,1.8599,0.1846,-1.0225,-0.0055,0.784,-1.9918,0.0993,-1.9193,355.6059,3.0546,6.5474,3.5701,0.4808,0.5767,0.4793,58.0,-0.0866,1.6412,0.0411,0.0394,0.6944,0.0111,0.0617,0.0516,0.1183,0.337,0.4286,35.7363,19.1586,30.2104,-0.6483,8.3044,3.2187,6.5893,26.1286,24.6177,0.0084,0.1574,0.0881,0.1343,1.0135,84.284,70.2829,84.344,83.78,76.7956,-0.8478,23.9983,72.115,17.1486,222601222388.0,44447031163.1,-0.12,1.04,7.9402,7.3231,2.1643,-339794661.56,-249540697.8,-0.007,11885794037.4,-1222161248.73,-9.7252,-1.7773,0.0982,129187055.93,156494308.41,17838.1907,27.8254,-7.4614,0.123,2803204.02,0.8145,153609155.54,1.5241,-1.7803,0.0982,27307252.48,79.3698,8517824.4229,23719578.8017,28946634.635,75223482.76,-1479221119.26,0.4116,-1.8023,0.275,-0.5526,0.1191,0.1191,-1.6597,4.9442,-4.6404,4.4403,2.229,0.0357,11.3558,18.7283,-0.3601,0.9962,-0.4347,-1.5812,-182.1374,30.498,-0.014,0.3006,0.0829,-1.0584,0.5833,-17.9208,164.8983,42.6613,43.0406,42.9786,0.7003,1.0356,1.0259,0.0029,2.0026,5360499398.37,-12421375214.4,1.0127,-0.0508,1.0593,0.0129,-0.0663,-0.4313,0.993,1.4243,-0.0407,5.9282,-1.1177,0.8019,0.7983,-0.1824,0.6927,59.3099,0.5211,0.5531,0.0019,49.2295,-0.9134,-2.2837,28366721501.6,9.0136,17.567,-0.0125,1.0717,1.471,2.1557,0.2613,0.0125,1982.0463,39.434,-0.1985,-0.1026,0.1245,-1.1268,-0.5408,0.5984,-0.0026,-10828406215.9,19602410807.8,83.5395,83.3803,4.9442,-4.6404,29.0889,-0.2118,118505706870.0,0.1359,-1.8023,-1476417915.24,-12421375214.4,0.3831,-0.744,0.6768,0.0014,-0.0003,2215.6433,1216.9196,1267.4783,420.9727,4.5793,2.3488,1.4593,40.3129,1.1757,0.4727,0.3406,0.6736,-4218089.1297,-4805418.4222,18484471.2786,19352687.0952,24158105.5174,16736396.2435,-1174658.585,0.0317,0.0444,0.044,0.0394,0.0256,0.0543,0.555,-0.3899,-0.7288,-33.8215,-39.1639,6.6409,1.2269,9038277.0083,14564444.9868,56.8637,83.16,83.3,83.34,81.55,16501898.0,1360096340.3
2025-07-11,0.1106,-3.52,1.53,-217.7877,-237.4438,0.5412,46.9817,42.65,-235.9092,0.4236,-0.5848,1.0805,0.5064,79.828,1.2974,16.0,32.0,16.0,239.8641,-3.8447,25.4982,3.4626,2.8552,6.0232,0.998,83.8496,-1.2055,1.9372,0.3621,1.7435,2.6147,-0.528,-0.1877,0.3775,8.8153,80.0748,88.2813,0.0,160.0361,4.3077,10.6422,4.2207,0.6326,-0.9569,-38.6752,-16.888,12.9457,70.2063,0.0528,0.0593,-6.4298,-30.5626,18.193,14.874,-10.0372,0.764,0.1732,-11345125045.8,104.7837,0.0076,11.151,-0.0135,-0.0047,-0.0192,-1.4258,0.1086,1.4224,0.4382,3.2463,1.4998,4.9295,0.8154,-0.044,0.0332,1.1076,0.4457,0.5543,1.0508,-2.0,-0.2679,0.0314,83.8478,73.6974,83.8007,83.3171,82.6931,83.83,78.2527,3.7791,3.3972,-0.4566,0.2339,1.8599,0.1846,-1.0225,-0.0054,0.7994,-1.9918,0.0993,-1.9193,359.2834,3.0604,2.0852,3.5707,0.4817,0.1837,0.4794,58.0,-0.0866,1.6463,0.0408,0.0394,0.6705,0.0098,0.0537,-0.132,0.1189,0.337,0.3333,35.0739,31.0995,33.7491,-0.6386,8.5456,1.595,6.587,26.1389,24.628,0.0084,0.1574,0.0881,0.1343,1.0053,84.466,70.4202,84.178,83.704,77.2134,-0.7844,23.8978,68.4229,15.1338,224903255232.0,39880630868.4,0.5759,1.82,7.9402,7.3231,2.1643,-339794661.56,-249540697.8,-0.007,11885794037.4,-1222161248.73,-9.7252,-1.7773,0.0982,129187055.93,156494308.41,17859.2709,27.8254,-7.4614,0.123,2803204.02,0.8145,153609155.54,1.5241,-1.7803,0.0982,27307252.48,80.1906,8387432.7312,29347651.8017,42567487.635,75223482.76,-1479221119.26,0.4116,-1.8023,0.275,-0.5526,0.1191,0.1191,-1.6597,4.9442,-4.6404,4.4403,2.229,0.0357,11.4732,18.922,-0.3596,0.9855,-0.4308,-2.0301,-184.0209,34.077,-0.0019,0.3108,0.0882,-1.0509,0.5833,-18.1061,164.8983,42.8394,43.0628,43.1195,0.0879,1.0309,1.0146,0.0027,2.0026,5360499398.37,-12421375214.4,1.0221,-0.1351,0.962,-0.0103,0.0335,-0.4297,0.9955,1.4252,-0.0407,-3.8001,0.3224,0.8019,0.7983,-0.1824,0.6927,58.3888,0.5657,0.5825,0.0018,53.5414,-0.9134,-2.2837,28366721501.6,9.0136,18.007,-0.0125,0.9644,-0.9931,2.1588,0.3969,0.0217,2002.5436,39.245,-0.2006,-0.101,0.1126,-1.1268,-0.5408,0.5916,-0.0026,-10828406215.9,19602410807.8,83.6638,83.7449,4.9442,-4.6404,29.0889,-0.2118,118505706870.0,0.1359,-1.8023,-1476417915.24,-12421375214.4,0.3408,-1.157,0.6777,0.0012,-0.0004,1991.6598,1249.0976,1002.3787,403.2045,4.2683,1.517,1.4593,43.1789,1.211,0.4687,0.178,0.6736,-4355811.6695,-4906701.8287,17600177.0461,18470866.4652,23377568.2939,15697881.829,-1101780.3184,0.0308,0.0443,0.0396,0.0393,0.0251,0.0542,0.4791,-0.4039,-0.745,-38.0216,-45.7807,20.6485,1.1425,9179622.3375,11306699.0711,49.0981,84.02,83.0,85.2,82.56,13620853.0,1139918309.67
2025-07-14,0.1106,-1.075,-0.69,-221.1573,-238.1428,0.6219,44.9872,42.0959,-236.869,0.4319,-0.5776,1.1277,0.3504,81.912,1.3005,12.0,28.0,16.0,221.2588,-3.9379,25.4982,3.3224,2.6293,6.0232,1.0005,83.8685,-0.6147,1.9267,0.3635,1.7435,2.61,-0.2677,-0.2172,0.0716,7.9705,80.1526,87.8724,0.0,139.3468,4.3077,10.6422,4.2207,0.6326,-0.9569,-28.9449,-13.0138,5.3947,68.4626,0.053,0.0595,-5.0003,-44.5339,18.185,14.874,-10.0154,0.7945,1.1052,-11345125045.8,97.9852,0.0076,11.061,-0.0187,-0.008,-0.02,-0.8764,0.1054,1.4224,0.4382,3.2463,1.4054,4.9295,0.8154,-0.044,0.0332,1.0279,0.4473,0.5527,1.0132,-2.0,-0.2679,0.0179,83.8445,73.8649,83.8052,83.366,82.7773,83.83,78.4355,5.8472,2.7288,-0.4566,0.2339,1.8599,0.1846,-1.0225,-0.0054,0.7959,-1.9918,0.0993,-1.9193,358.471,3.0413,4.1973,3.5558,0.4817,0.1837,0.4794,58.0,-0.0866,1.6432,0.0406,0.0392,0.6715,0.0108,0.057,-0.1287,0.1227,0.337,0.2857,35.1981,35.9436,35.4466,-0.696,8.6171,1.595,6.5939,26.1367,24.6257,0.0084,0.1584,0.0438,0.1348,1.0027,84.055,70.5735,84.0125,83.77,77.6416,-0.755,23.7196,65.8284,13.6694,224394666580.0,36381717810.2,0.085,-4.11,7.9402,7.3231,2.1643,-339794661.56,-249540697.8,-0.007,11885794037.4,-1222161248.73,-9.7252,-1.7773,0.0982,129187055.93,156494308.41,17854.6308,27.8254,-7.4614,0.123,2803204.02,0.8145,153609155.54,1.5241,-1.7803,0.0982,27307252.48,80.0093,10246083.8615,30959453.135,33569429.635,75223482.76,-1479221119.26,0.4116,-1.8023,0.275,-0.5526,0.1191,0.1191,-1.6597,4.9442,-4.6404,4.4403,2.229,0.0357,11.4473,18.8792,-0.3679,0.998,-0.4374,-2.9241,-183.6048,30.7797,-0.0022,0.3045,0.0797,-1.0554,0.5,-18.0652,164.8983,43.0005,43.0622,43.0992,0.0982,1.0208,1.058,0.0023,2.0026,5360499398.37,-12421375214.4,0.9533,-0.1297,0.962,0.0008,0.042,-0.4379,1.004,1.4419,-0.0407,-3.7996,-0.6754,0.8019,0.7983,-0.1824,0.6927,55.8602,0.5555,0.5808,0.0024,50.8799,-0.9134,-2.2837,28366721501.6,9.0136,15.208,-0.0125,1.0549,-0.9938,2.2193,0.5515,-0.0467,1998.0151,40.225,-0.2017,-0.2137,0.104,-1.1268,-0.5408,0.5931,-0.0026,-10828406215.9,19602410807.8,83.6683,83.7898,4.9442,-4.6404,29.0889,-0.2118,118505706870.0,0.1359,-1.8023,-1476417915.24,-12421375214.4,0.3739,-1.1534,0.6971,0.0011,-0.0003,1818.6518,1162.8396,891.0071,450.0707,4.3373,0.8624,1.4593,44.7644,1.0495,0.4663,0.178,0.6721,-4544430.9489,-5298908.0665,16036155.4014,17013511.3167,22312419.3832,13464607.2193,-1508954.2352,0.0256,0.0443,0.0363,0.0392,0.0243,0.054,0.466,-0.5592,-0.7753,-39.9566,-62.6482,-40.4085,1.2209,5614612.2362,10050587.2399,70.5163,83.83,83.98,84.66,83.16,8998058.0,754024970.86
2025-07-15,0.1106,0.204,-0.77,-223.9231,-239.5111,0.5997,42.576,39.7793,-244.7279,0.4209,-0.434,1.0707,0.5256,77.0785,1.3027,8.0,24.0,16.0,201.3282,-28.2052,25.4982,3.2087,2.4794,6.0232,1.0178,83.7835,-1.4669,1.9227,0.289,1.7448,2.6347,-1.6393,-1.8713,-1.4486,5.4798,79.9762,87.8035,0.0,124.2497,4.3077,10.6422,4.2207,0.6326,-0.9569,-135.826,-63.2721,-82.9165,60.2623,0.0539,0.0607,-6.4615,-43.1614,17.327,14.874,-7.6178,0.8216,-0.0053,-11345125045.8,100.3601,0.0077,10.9913,-0.0213,-0.0095,-0.0196,-0.8145,0.0224,1.4224,0.4382,3.2463,1.291,4.9295,0.8154,-0.044,0.0326,0.8333,0.4888,0.5112,0.9603,-2.0,-0.2679,0.019,83.5674,74.0046,83.5767,83.2663,82.7434,83.3266,78.5629,4.2455,1.6438,-0.4566,0.2339,1.8599,0.1846,-1.0225,-0.0055,0.7687,-1.9918,0.0993,-1.9193,352.014,3.0572,4.2129,3.5543,0.4817,0.1837,0.4794,58.0,-0.0866,1.6428,0.0404,0.0392,0.7049,0.011,0.0565,-0.1152,0.1171,0.337,0.2857,32.7999,18.411,28.0036,-0.807,8.6183,1.7721,6.5813,26.1185,24.6075,0.0084,0.1576,0.0436,0.1349,1.0167,83.692,70.7242,83.8898,83.53,78.0434,-0.9154,23.5732,63.0181,16.6713,220352725192.0,34807482722.3,-0.3957,-3.63,7.9402,7.3231,2.1643,-339794661.56,-249540697.8,-0.007,11885794037.4,-1222161248.73,-9.7252,-1.7773,0.0982,129187055.93,156494308.41,17817.4055,27.8254,-7.4614,0.123,2803204.02,0.8145,153609155.54,1.5241,-1.7803,0.0982,27307252.48,80.0093,13006859.6239,32615642.635,22623131.635,75223482.76,-1479221119.26,0.4116,-1.8023,0.275,-0.5526,0.1191,0.1191,-1.6597,4.9442,-4.6404,4.4403,2.229,0.0357,11.2411,18.5392,-0.3717,0.9967,-0.4386,-5.082,-180.2976,27.621,-0.0187,0.278,0.0548,-1.0557,0.4167,-17.7398,161.928,43.1437,43.0485,42.902,0.1374,1.0015,1.0383,0.0022,2.0026,5360499398.37,-12421375214.4,0.9578,-0.1048,0.9711,0.0003,0.0145,-0.4286,0.9856,1.4142,-0.0407,-2.8936,-1.4132,0.8019,0.7983,-0.1824,0.6927,50.3745,0.5473,0.5626,0.0024,48.6443,-0.9134,-2.2837,28366721501.6,9.0136,16.101,-0.0125,1.0554,-0.733,2.1171,0.697,-0.0422,1962.0256,40.225,-0.2015,-0.2954,0.099,-1.1268,-0.5408,0.6053,-0.0026,-10828406215.9,19602410807.8,82.994,82.7516,4.9442,-4.6404,29.0889,-0.2118,118505706870.0,0.1359,-1.8023,-1476417915.24,-12421375214.4,0.3748,-1.0545,0.66,0.0008,-0.001,1740.4418,1157.0913,899.5418,453.705,4.3272,1.2851,1.4593,41.1301,0.9096,0.4662,0.1728,0.6747,-4713622.8756,-5390390.5825,15110726.783,16080093.8834,21470484.4659,12625170.8129,-1353535.4138,0.023,0.0443,0.0348,0.0391,0.0247,0.054,0.4915,-0.4547,-0.7524,-39.5977,-42.3476,-2.3753,1.1147,4138652.4907,10151069.1169,57.621,82.32,83.4,83.66,82.1,10946298.0,904635102.07
2025-07-16,0.1106,-2.72,-0.54,-226.2091,-241.2793,0.3855,40.5701,37.4019,-242.279,0.4488,-0.8898,1.1164,0.56,85.0168,1.3047,4.0,20.0,16.0,222.443,-29.4202,25.4982,3.0574,2.2478,6.0232,1.0117,83.5567,-1.5373,1.9369,0.2799,1.7422,2.6157,-1.1384,-1.2146,-0.7141,5.2787,80.247,86.964,0.0,137.4262,4.3077,10.6422,4.2207,0.6326,-0.9569,-117.4026,-69.0153,-70.0995,57.8522,0.0538,0.0605,-5.6926,-43.5212,17.327,11.64,-19.6327,0.7423,-0.5175,-11345125045.8,78.1593,0.0077,10.9005,-0.0223,-0.0127,-0.0243,-0.2845,0.0214,1.4252,0.4391,3.2459,1.1714,4.9295,0.8154,-0.044,0.0315,0.6928,0.4893,0.5107,0.8323,-2.0,-0.2679,0.0132,83.3897,74.1466,83.4249,83.2019,82.7321,83.0811,78.6949,2.9243,1.2378,-0.4566,0.2339,1.8599,0.1846,-1.0225,-0.0055,0.7736,-1.9918,0.0993,-1.9193,353.1685,3.0698,4.3085,3.5513,0.4837,0.1878,0.479,58.0,-0.0866,1.6434,0.0402,0.0392,0.6936,0.011,0.0538,-0.1926,0.1188,0.337,0.375,30.0582,13.608,24.5748,-0.935,8.8724,3.3545,6.5767,26.1218,24.6108,0.0084,0.1576,0.0436,0.1349,1.0115,83.541,70.8527,83.6055,83.184,78.4489,-0.9572,23.4589,60.005,16.0793,221075456434.0,31322249229.0,-0.129,-1.51,7.9402,7.3231,2.1643,-339794661.56,-249540697.8,-0.007,11885794037.4,-1222161248.73,-9.7252,-1.7773,0.0982,129187055.93,156494308.41,17824.1078,27.8254,-7.4614,0.123,2803204.02,0.8145,153609155.54,1.5241,-1.7803,0.0982,27307252.48,80.2717,13833353.1243,34064849.9683,31233883.635,75223482.76,-1479221119.26,0.4116,-1.8023,0.275,-0.5526,0.1191,0.1191,-1.6597,4.9442,-4.6404,4.4403,2.229,0.0357,11.278,18.6,-0.3697,0.9828,-0.4329,-19.2635,-180.8889,25.1228,-0.0121,0.2793,0.0528,-1.0584,0.4167,-17.798,161.928,43.0579,43.0392,42.9302,0.054,0.9392,1.052,0.0018,2.0026,5360499398.37,-12421375214.4,0.982,-0.1228,0.9356,-0.013,0.0439,-0.4381,0.9795,1.4176,-0.0407,-6.4422,-1.1135,0.8019,0.7983,-0.1824,0.6927,24.6445,0.4915,0.5659,0.0022,51.39,-0.9134,-2.2837,28366721501.6,9.0136,17.351,-0.0125,0.9308,-2.0224,2.1302,0.6031,-0.018,1968.4608,28.236,-0.2017,-0.3423,0.0948,-1.1268,-0.5408,0.6031,-0.0026,-10828406215.9,19602410807.8,82.6763,82.5068,4.9442,-4.6404,29.0889,-0.2118,118505706870.0,0.1359,-1.8023,-1476417915.24,-12421375214.4,0.3268,-2.7837,0.6689,0.0005,-0.0015,1566.2925,1138.544,718.7139,472.0796,4.1566,1.493,1.4593,43.2102,0.8799,0.4624,0.1484,0.6746,-4888287.766,-5586947.3277,13928913.1861,14930964.3629,20517911.6906,11287031.2086,-1397319.1234,0.0219,0.0442,0.0315,0.0391,0.0199,0.054,0.4453,-0.5037,-0.8853,-60.1656,-78.3385,-12.6047,1.2047,4355017.8547,8312696.8734,61.4097,82.59,82.15,82.98,81.89,8610752.0,710024292.53
2025-07-17,0.1106,3.631,2.39,-227.5924,-237.5587,0.3463,40.5875,38.8531,-228.2133,0.5132,0.0196,1.2634,0.8824,87.7896,1.3036,32.0,16.0,-16.0,238.6252,31.3768,25.4982,3.189,2.6898,6.0232,0.9745,83.7915,-1.542,1.949,0.1495,1.7599,2.6678,2.6455,2.8202,2.6651,8.9378,80.2187,87.0247,0.0,150.8356,4.3077,10.6422,4.2207,0.6326,-0.9569,122.0394,84.4432,121.2366,71.761,0.0516,0.0578,-0.3851,-19.3555,14.706,15.03,1.0896,0.7406,0.9954,-11345125045.8,108.2433,0.0074,10.8774,-0.02,-0.0133,-0.0211,0.228,-0.0842,1.4252,0.4391,3.2459,1.1062,4.9295,0.8154,-0.044,0.0332,0.8454,0.5421,0.4579,0.7213,-2.0,-0.2679,0.057,83.8606,74.3421,83.818,83.4665,82.9726,84.0474,78.9338,6.1721,2.2834,-0.4566,0.2339,1.8599,0.1846,-1.0225,-0.0053,0.8345,-1.9918,0.0993,-1.9193,367.6647,3.0322,4.3977,3.5295,0.4777,0.1917,0.4761,58.0,-0.0866,1.6518,0.0401,0.0392,0.6843,0.0115,0.0628,-0.0763,0.135,0.337,0.4286,33.8853,56.8476,41.5394,-0.8525,8.6715,2.1239,6.3346,26.162,24.651,0.0084,0.1576,0.0436,0.1349,0.9742,83.764,71.0185,83.6217,83.748,78.9258,-0.5216,23.655,56.4931,13.3603,230149748688.0,30956753966.8,0.2846,2.23,7.9402,7.3231,2.1643,-339794661.56,-249540697.8,-0.007,11885794037.4,-1222161248.73,-9.7252,-1.7773,0.0982,129187055.93,156494308.41,17906.5791,27.8254,-7.4614,0.123,2803204.02,0.8145,153609155.54,1.5241,-1.7803,0.0982,27307252.48,80.2717,17553554.0111,36182849.9683,58156532.635,75223482.76,-1479221119.26,0.4116,-1.8023,0.275,-0.5526,0.1191,0.1191,-1.6597,4.9442,-4.6404,4.4403,2.229,0.0357,11.7409,19.3634,-0.3758,0.9884,-0.4366,10.6057,-188.3137,38.3095,0.0282,0.3288,0.0894,-1.0595,0.5,-18.5285,168.5745,43.1136,43.1775,44.0353,0.137,1.0003,0.9844,0.0039,2.0026,5360499398.37,-12421375214.4,1.0266,-0.1008,1.0038,0.0081,0.0301,-0.4649,1.0339,1.4988,-0.0407,0.3783,1.9687,0.8019,0.7983,-0.1824,0.6927,50.1255,0.5525,0.5571,0.0024,55.5302,-0.9134,-2.2837,28366721501.6,9.0136,17.351,-0.0125,1.1037,0.2604,2.4113,0.6046,0.0259,2049.2585,26.544,-0.1995,-0.3913,0.1018,-1.1268,-0.5408,0.5765,-0.0026,-10828406215.9,19602410807.8,84.0156,84.8292,4.9442,-4.6404,29.0889,-0.2118,118505706870.0,0.1359,-1.8023,-1476417915.24,-12421375214.4,0.386,0.6997,0.7438,0.0005,-0.0002,1549.0597,1193.2915,695.4791,590.8588,3.8739,1.3407,1.4593,49.0707,0.9007,0.4647,0.1613,0.6771,-4753929.7636,-4216497.754,16291410.6068,16775838.9225,20992336.6765,16498903.8057,1074864.0192,0.0245,0.0445,0.0312,0.0392,0.0234,0.0545,0.4363,0.461,-0.8439,-62.6825,2.6133,17.5154,1.0507,6147863.9373,8043382.6412,43.4498,85.98,82.49,87.15,82.25,26922649.0,2291049689.03
2025-07-18,0.1106,8.21,5.24,-227.9834,-234.8408,0.3841,42.5006,40.329,-221.0464,0.5224,0.5704,1.222,1.2848,88.7244,1.2985,28.0,12.0,-16.0,243.6194,71.5698,25.4982,3.1469,2.6748,6.0232,0.974,84.3364,0.7083,1.9461,0.0742,1.7579,2.6297,3.1042,3.3136,2.7628,9.054,80.1896,87.4361,0.0,154.895,4.3077,10.6422,4.2207,0.6326,-0.9569,163.3771,132.9815,114.2007,77.2214,0.0513,0.0574,4.1015,-16.1777,11.817,15.64,13.9236,0.7341,1.3109,-11345125045.8,132.5196,0.0074,10.7882,-0.0187,-0.0131,-0.0178,0.5165,0.1338,1.4252,0.4391,3.2459,1.0857,4.9295,0.8154,-0.044,0.0332,1.0038,0.4331,0.5669,0.6251,-2.0,-0.2679,0.03,84.3569,74.5446,84.2444,83.764,83.2406,84.8949,79.1848,1.6465,10.925,-0.4566,0.2339,1.8599,0.1846,-1.0225,-0.0053,0.8455,-1.9918,0.0993,-1.9193,370.2732,3.0409,4.4649,3.5268,0.4791,0.1946,0.4757,58.0,-0.0866,1.6471,0.0398,0.0392,0.6401,0.0105,0.0646,-0.0072,0.1323,0.337,0.4286,41.2329,85.3188,55.9282,-0.6535,8.6589,2.7169,6.3533,26.1691,24.6581,0.0084,0.1576,0.0436,0.1349,0.9699,83.983,71.193,83.8128,84.262,79.401,-0.1638,23.3558,55.1877,11.7338,231782585938.0,31392714845.3,0.3403,2.19,7.9402,7.3231,2.1643,-339794661.56,-249540697.8,-0.007,11885794037.4,-1222161248.73,-9.7252,-1.7773,0.0982,129187055.93,156494308.41,17921.0994,27.8254,-7.4614,0.123,2803204.02,0.8145,153609155.54,1.5241,-1.7803,0.0982,27307252.48,80.8412,23443668.435,45032762.9683,82046112.635,75223482.76,-1479221119.26,0.4116,-1.8023,0.275,-0.5526,0.1191,0.1191,-1.6597,4.9442,-4.6404,4.4403,2.229,0.0357,11.8242,19.5008,-0.3964,1.0272,-0.457,4.2908,-189.6498,35.1287,0.0331,0.335,0.0905,-1.0661,0.5833,-18.66,168.5745,43.2112,43.3818,44.2048,0.2873,1.0296,0.9937,0.0037,2.0026,5360499398.37,-12421375214.4,1.0259,-0.0817,1.0462,0.0111,-0.0156,-0.4602,1.0306,1.4908,-0.0407,4.619,4.1246,0.8019,0.7983,-0.1824,0.6927,61.6246,0.6117,0.592,0.0023,60.6261,-0.9134,-2.2837,28366721501.6,9.0136,17.351,-0.0125,1.146,1.6126,2.3846,0.4112,0.0253,2063.7973,28.173,-0.1986,-0.4086,0.108,-1.1268,-0.5408,0.5719,-0.0026,-10828406215.9,19602410807.8,85.1957,86.2753,4.9442,-4.6404,29.0889,-0.2118,118505706870.0,0.1359,-1.8023,-1476417915.24,-12421375214.4,0.4013,8.2884,0.7461,0.0007,0.0015,1570.7004,1310.0873,704.7388,691.1721,3.6588,1.3312,1.4593,53.2826,0.9625,0.4645,0.1454,0.677,-4470481.1442,-3336686.6664,17672895.951,17870260.6267,21206947.2931,18962462.5371,2267588.9556,0.026,0.0447,0.0316,0.0393,0.0269,0.0548,0.4358,0.2926,-0.7498,-57.8811,54.3826,44.7687,1.4133,6837927.7291,8132897.5842,49.0312,86.59,85.32,87.5,84.9,23889580.0,2060871527.92
2025-07-21,0.1106,9.473,6.83,-228.6788,-231.2699,0.5044,44.7818,42.8545,-214.4838,0.441,0.4944,1.2244,1.8536,91.649,1.2947,24.0,8.0,-16.0,213.869,96.8951,25.4982,3.2614,3.0207,6.0232,0.9668,85.0752,0.2142,1.9369,0.1657,1.7617,2.6061,4.2247,4.7563,3.4126,10.1373,79.9256,88.0834,0.0,122.22,4.3077,10.6422,4.2207,0.6326,-0.9569,154.8651,162.8631,100.5884,82.7002,0.0505,0.0563,7.6522,2.6931,11.817,15.65,13.9549,0.7096,2.3806,-11345125045.8,139.7199,0.0072,10.7038,-0.0168,-0.0127,-0.0132,0.819,0.2984,1.4252,0.4391,3.2459,1.1144,4.9295,0.8154,-0.044,0.0332,1.2291,0.3508,0.6492,0.5418,-2.0,-0.2679,0.054,85.0193,74.767,84.8222,84.1674,83.5931,85.93,79.4738,3.5801,10.1466,-0.4566,0.2339,1.8599,0.1846,-1.0225,-0.0052,0.8709,-1.9918,0.0993,-1.9193,376.3026,3.0439,4.3482,3.523,0.4796,0.1896,0.4752,58.0,-0.0866,1.6463,0.0396,0.0392,0.6387,0.0102,0.0574,-0.0161,0.1356,0.337,0.4286,48.7105,93.5764,63.6658,-0.3889,8.9076,2.74,6.303,26.1852,24.6743,0.0084,0.1576,0.0436,0.1349,0.9595,84.433,71.3523,84.0045,85.096,79.9003,0.2294,23.2107,59.1906,9.8123,235556849088.0,32014647522.6,0.857,4.5,7.9402,7.3231,2.1643,-339794661.56,-249540697.8,-0.007,11885794037.4,-1222161248.73,-9.7252,-1.7773,0.0982,129187055.93,156494308.41,17954.3045,27.8254,-7.4614,0.123,2803204.02,0.8145,153609155.54,1.5241,-1.7803,0.0982,27307252.48,82.1576,29651742.335,55460967.9683,105136717.635,75223482.76,-1479221119.26,0.4116,-1.8023,0.275,-0.5526,0.1191,0.1191,-1.6597,4.9442,-4.6404,4.4403,2.229,0.0357,12.0167,19.8184,-0.4049,1.0334,-0.4628,2.6815,-192.7379,38.3701,0.0476,0.3535,0.1014,-1.0723,0.6667,-18.9638,168.5745,43.3441,43.6254,44.5808,0.2914,1.0507,1.0381,0.0049,2.0026,5360499398.37,-12421375214.4,1.0539,-0.064,1.0455,0.0184,0.0042,-0.4665,1.0497,1.5162,-0.0407,4.554,4.737,0.8019,0.7983,-0.1824,0.6927,68.0544,0.6085,0.6089,0.002,66.5947,-0.9134,-2.2837,28366721501.6,9.0136,15.842,-0.0125,1.0504,1.5942,2.4707,0.4798,0.0511,2097.4035,31.963,-0.1991,-0.3991,0.1148,-1.1268,-0.5408,0.5617,-0.0026,-10828406215.9,19602410807.8,86.609,87.8197,4.9442,-4.6404,29.0889,-0.2118,118505706870.0,0.1359,-1.8023,-1476417915.24,-12421375214.4,0.368,3.6663,0.7801,0.001,0.0034,1602.0864,1458.1717,710.722,740.82,3.2921,1.3056,1.4593,55.361,1.0801,0.4604,0.1452,0.677,-4111002.308,-2673086.9633,18657933.9599,18673390.5303,21346477.4936,20338510.0247,2875830.6894,0.028,0.0448,0.0321,0.0393,0.0316,0.0552,0.4306,0.226,-0.6376,-37.7441,104.5281,69.5239,1.7727,7067832.6064,8177361.967,73.1155,88.0,85.91,89.7,84.95,23090605.0,2028424641.84
2025-07-22,0.1106,11.08,5.4,-229.1215,-228.7215,0.4979,45.5254,45.0433,-221.5784,0.3165,0.4081,1.1029,1.762,92.9295,1.287,20.0,4.0,-16.0,212.888,97.5832,25.4982,3.2627,3.0639,6.0232,0.9834,85.2909,0.6893,1.9022,0.904,1.7373,2.4494,2.3315,2.8508,0.8746,7.913,80.4689,88.1831,0.0,119.9585,4.3077,10.6422,4.2207,0.6326,-0.9569,103.2281,127.0818,61.437,78.8805,0.0512,0.0573,6.1517,22.2209,9.22,15.65,25.8544,0.702,3.381,-11345125045.8,160.9437,0.0073,10.6314,-0.0153,-0.0134,-0.0105,0.1371,0.3718,1.424,0.4393,3.2413,1.1495,4.9295,0.8154,-0.044,0.0343,1.2902,0.3141,0.6859,0.7289,-2.0,-0.2679,0.0378,85.3303,74.9647,85.1157,84.4115,83.8255,86.1966,79.7117,5.3016,10.136,-0.4566,0.2339,1.8599,0.1846,-1.0225,-0.0053,0.8481,-1.9918,0.0993,-1.9193,370.8719,3.0528,4.4482,3.5314,0.4796,0.1896,0.4752,58.0,-0.0866,1.6386,0.0395,0.0393,0.671,0.0094,0.0451,0.0649,0.1254,0.337,0.4286,53.6837,83.5226,63.63,-0.345,9.1189,3.6728,6.3129,26.1707,24.6597,0.0084,0.1571,0.0426,0.1346,0.9772,84.754,71.4776,84.326,85.978,80.3703,0.2814,23.1892,56.1085,8.5006,232157335470.0,31458651313.2,0.856,3.21,7.9402,7.3231,2.1643,-339794661.56,-249540697.8,-0.007,11885794037.4,-1222161248.73,-9.7252,-1.7773,0.0982,129187055.93,156494308.41,17924.4186,27.8254,-7.4614,0.123,2803204.02,0.8145,153609155.54,1.5241,-1.7803,0.0982,27307252.48,80.9719,36277760.935,64261136.3017,86370439.635,75223482.76,-1479221119.26,0.4116,-1.8023,0.275,-0.5526,0.1191,0.1191,-1.6597,4.9442,-4.6404,4.4403,2.229,0.0357,11.8433,19.5323,-0.4175,1.0451,-0.4729,1.9704,-189.9564,33.2408,0.0285,0.3308,0.0791,-1.0718,0.5833,-18.6901,168.5745,43.4447,43.8272,44.31,0.6272,1.0276,0.9825,0.0037,2.0026,5360499398.37,-12421375214.4,1.0384,-0.0387,1.0801,0.006,-0.0265,-0.4283,1.0536,1.4819,-0.0407,8.0075,3.4594,0.8019,0.7983,-0.1824,0.6927,59.4027,0.5991,0.5944,0.0021,56.2222,-0.9134,-2.2837,28366721501.6,9.0136,15.842,-0.0125,0.8832,2.9267,2.3518,0.5858,0.037,2067.1341,31.55,-0.199,-0.3936,0.1191,-1.1268,-0.5408,0.5709,-0.0026,-10828406215.9,19602410807.8,86.9462,87.479,4.9442,-4.6404,29.0889,-0.2118,118505706870.0,0.1359,-1.8023,-1476417915.24,-12421375214.4,0.3142,1.1092,0.7913,0.0014,0.0043,1574.2811,1605.9149,696.9847,655.8229,2.9189,0.9979,1.4593,53.005,0.9361,0.4579,0.1174,0.6791,-3782335.9854,-2467670.6949,18677632.8763,18687680.9103,21155351.6052,19814432.6831,2629330.581,0.0295,0.0448,0.0314,0.0394,0.0343,0.0555,0.4281,0.0115,-0.5581,-28.0664,24.2835,108.5592,1.3638,6683144.9257,7949955.0872,52.0235,86.73,87.1,88.99,85.71,18766278.0,1640484403.14
2025-07-23,0.1106,7.86,5.4,-229.9605,-226.36,0.5206,45.1444,45.302,-230.5589,0.2948,0.122,1.0941,1.9,98.2203,1.2806,16.0,92.0,76.0,220.6625,97.5594,25.4982,3.1554,2.8466,6.0232,1.0013,85.3289,-0.0791,1.9031,0.9906,1.738,2.4416,0.4432,0.8378,-1.4843,5.4291,80.8763,88.1477,0.0,122.4422,4.3077,10.6422,4.2207,0.6326,-0.9569,35.4486,49.5949,-62.8899,68.6321,0.0521,0.0584,2.1212,4.7215,10.73,14.45,14.7736,0.6502,3.5594,-11345125045.8,142.2163,0.0075,10.565,-0.0171,-0.0145,-0.0091,-0.3088,0.225,1.4113,0.4337,3.254,1.1602,4.9295,0.8154,-0.044,0.0343,1.203,0.3875,0.6125,0.8908,-2.0,-0.2679,0.0191,85.3103,75.1342,85.1318,84.4885,83.9288,85.8711,79.8923,4.4291,9.3005,-0.4566,0.2339,1.8599,0.1846,-1.0225,-0.0053,0.821,-1.9918,0.0993,-1.9193,364.4148,3.0603,4.4949,3.5576,0.4796,0.1896,0.4752,58.0,-0.0866,1.6385,0.0393,0.0392,0.6694,0.0098,0.0429,0.0216,0.1249,0.337,0.375,54.6666,60.5643,56.6325,-0.4098,9.1016,3.8536,6.3113,26.1531,24.6422,0.0084,0.1567,0.0422,0.1336,0.9956,84.844,71.5939,84.512,86.504,80.8316,0.0856,22.9595,54.5653,10.7446,228115394083.0,30518801598.3,0.664,0.9,7.9402,7.3231,2.1643,-339794661.56,-249540697.8,-0.007,11885794037.4,-1222161248.73,-9.7252,-1.7773,0.0982,129187055.93,156494308.41,17888.3545,27.8254,-7.4614,0.123,2803204.02,0.8145,153609155.54,1.5241,-1.7803,0.0982,27307252.48,79.5622,40999983.785,72726664.4683,73416300.635,75223482.76,-1479221119.26,0.4116,-1.8023,0.275,-0.5526,0.1191,0.1191,-1.6597,4.9442,-4.6404,4.4403,2.229,0.0357,11.6371,19.1923,-0.4175,1.0267,-0.4686,1.5263,-186.6492,29.7883,0.0084,0.3047,0.0543,-1.0771,0.5833,-18.3647,168.5745,43.5364,44.0243,44.0845,0.5273,1.0206,0.9949,0.0019,2.0026,5360499398.37,-12421375214.4,1.0107,-0.007,1.0456,0.0062,-0.0138,-0.4491,1.0318,1.4809,-0.0407,4.5644,3.5228,0.8019,0.7983,-0.1824,0.6927,56.6154,0.5727,0.5769,0.0018,47.6646,-0.9134,-2.2837,28366721501.6,9.0136,15.126,-0.0125,0.8475,1.7198,2.3483,0.5839,0.0106,2031.1446,31.55,-0.1998,-0.4299,0.1199,-1.1268,-0.5408,0.5822,-0.0026,-10828406215.9,19602410807.8,86.4439,86.1423,4.9442,-4.6404,29.0889,-0.2118,118505706870.0,0.1359,-1.8023,-1476417915.24,-12421375214.4,0.3016,0.6044,0.7927,0.0015,0.0037,1527.0711,1639.8891,694.8493,616.3182,2.797,1.5532,1.4593,50.6653,0.8113,0.4586,0.1212,0.6793,-3574320.1555,-2742256.8357,17636997.6261,17805597.5395,20547854.3752,17527668.1221,1664126.6396,0.0278,0.0449,0.0304,0.0394,0.0358,0.0556,0.4392,-0.2914,-0.5226,-23.1792,15.5317,18.3426,1.5009,6514823.6544,7887398.8248,48.3622,85.22,85.94,86.6,84.97,12954139.0,1108479981.43
2025-07-24,0.1106,7.83,5.79,-230.5801,-224.817,0.5216,45.5161,46.3256,-233.0211,0.2957,-0.1169,0.9779,1.5456,92.8025,1.2742,12.0,88.0,76.0,198.8881,112.023,25.4982,3.1222,2.8205,6.0232,0.9923,85.399,-0.2235,1.8955,1.2085,1.7344,2.4134,1.0877,1.5949,-0.5317,5.8765,81.194,88.224,0.0,106.0856,4.3077,10.6422,4.2207,0.6326,-0.9569,51.0741,70.4429,-36.4807,71.1266,0.0516,0.0578,-0.5039,10.7186,10.73,14.67,15.5118,0.6755,3.7752,-11345125045.8,139.6016,0.0074,10.4792,-0.0176,-0.0153,-0.0138,-0.286,0.286,1.4115,0.4338,3.2542,1.1658,4.9295,0.8154,-0.044,0.0343,1.1879,0.357,0.643,0.772,-2.0,-0.2679,0.0313,85.4466,75.3148,85.2746,84.6381,84.0867,85.9341,80.0945,4.8911,12.069,-0.4566,0.2339,1.8599,0.1846,-1.0225,-0.0053,0.8361,-1.9918,0.0993,-1.9193,368.0068,3.0507,4.5003,3.5608,0.4781,0.1898,0.4756,58.0,-0.0866,1.6424,0.0391,0.0391,0.6779,0.0102,0.046,0.0023,0.1181,0.337,0.2857,54.962,56.7341,55.5527,-0.3844,9.1084,3.7653,6.3883,26.1629,24.652,0.0084,0.1567,0.0422,0.1336,0.9892,85.134,71.73,84.709,86.52,81.2834,0.0442,22.8114,54.8941,9.411,230363891279.0,29653234059.1,0.85,2.9,7.9402,7.3231,2.1643,-339794661.56,-249540697.8,-0.007,11885794037.4,-1222161248.73,-9.7252,-1.7773,0.0982,129187055.93,156494308.41,17908.4888,27.8254,-7.4614,0.123,2803204.02,0.8145,153609155.54,1.5241,-1.7803,0.0982,27307252.48,79.5622,45167045.585,81921530.8017,86403081.635,75223482.76,-1479221119.26,0.4116,-1.8023,0.275,-0.5526,0.1191,0.1191,-1.6597,4.9442,-4.6404,4.4403,2.229,0.0357,11.7518,19.3814,-0.4316,1.0069,-0.463,1.2311,-188.489,30.6178,0.0159,0.3144,0.0588,-1.0775,0.5833,-18.5458,170.2361,43.6386,44.238,44.2125,0.43,1.0304,1.0398,0.0025,2.0026,5360499398.37,-12421375214.4,1.0349,-0.007,1.048,-0.0137,-0.0471,-0.4589,1.0009,1.4598,-0.0407,4.7979,4.2015,0.8019,0.7983,-0.1824,0.6927,59.1896,0.6254,0.5871,0.0019,55.2645,-0.9134,-2.2837,28366721501.6,9.0136,15.093,-0.0125,0.9435,1.7967,2.2753,0.4582,0.0337,2051.1652,31.55,-0.2002,-0.4619,0.1222,-1.1268,-0.5408,0.5759,-0.0026,-10828406215.9,19602410807.8,86.4495,86.0851,4.9442,-4.6404,29.0889,-0.2118,118505706870.0,0.1359,-1.8023,-1476417915.24,-12421375214.4,0.3367,0.5184,0.7763,0.0016,0.0031,1482.8296,1707.1657,691.4127,506.8189,2.3141,1.8397,1.4593,51.3055,0.9537,0.4575,0.1216,0.6781,-3444162.8678,-2923533.7171,16791503.6941,17064241.1488,19987774.8659,16014039.0814,1041258.3014,0.0272,0.0448,0.0295,0.0394,0.031,0.0555,0.4495,-0.266,-0.6421,-13.3411,31.8101,50.8205,1.7659,6604729.859,7823741.0528,63.3823,86.06,84.97,87.66,84.97,12986781.0,1113684143.48
2025-07-25,0.1106,5.84,1.27,-231.1889,-225.6846,0.61,45.1593,46.2327,-233.4191,0.3713,-0.4331,0.8237,1.274,80.9123,1.2685,8.0,84.0,76.0,196.733,35.7392,25.4982,3.0078,2.6037,6.0232,0.9999,85.2822,-0.6473,1.8993,1.4912,1.7364,2.4653,0.034,0.5026,-1.1245,4.4066,81.5468,88.1802,0.0,115.8207,4.3077,10.6422,4.2207,0.6326,-0.9569,3.7037,21.5067,-89.7349,64.6164,0.0521,0.0583,-1.6586,0.5268,11.5,14.59,11.8436,0.6882,4.0861,-11345125045.8,133.7422,0.0075,10.4006,-0.0179,-0.0158,-0.0181,-0.2431,0.2702,1.414,0.4349,3.2516,1.1528,4.9295,0.8154,-0.044,0.0343,1.1011,0.3649,0.6351,0.9142,-2.0,-0.2679,0.0178,85.4181,75.4797,85.2769,84.7002,84.1758,85.7194,80.2649,4.4032,2.6986,-0.4566,0.2339,1.8599,0.1846,-1.0225,-0.0053,0.8224,-1.9918,0.0993,-1.9193,364.7142,3.0512,4.4035,3.568,0.4781,0.1898,0.4756,58.0,-0.0866,1.6437,0.0389,0.0391,0.6478,0.0107,0.0526,-0.0228,0.106,0.337,0.1429,53.8235,46.9922,51.5464,-0.4421,9.1923,3.7614,6.5624,26.1539,24.643,0.0084,0.1567,0.0431,0.1333,0.9997,85.261,71.8787,84.8635,86.26,81.6902,-0.1034,22.7095,56.3458,10.2839,228302768849.0,28952240504.8,0.795,1.27,7.9402,7.3231,2.1643,-339794661.56,-249540697.8,-0.007,11885794037.4,-1222161248.73,-9.7252,-1.7773,0.0982,129187055.93,156494308.41,17890.0393,27.8254,-7.4614,0.123,2803204.02,0.8145,153609155.54,1.5241,-1.7803,0.0982,27307252.48,78.8503,47880598.485,84948711.3017,76319615.635,75223482.76,-1479221119.26,0.4116,-1.8023,0.275,-0.5526,0.1191,0.1191,-1.6597,4.9442,-4.6404,4.4403,2.229,0.0357,11.6467,19.208,-0.4591,1.0144,-0.4702,1.0496,-186.8025,27.5447,0.005,0.2999,0.0441,-1.0812,0.5,-18.3798,170.2361,43.715,44.2525,44.1223,0.3836,1.0115,1.0133,0.0016,2.0026,5360499398.37,-12421375214.4,1.0151,-0.01,1.0376,-0.0253,-0.0526,-0.416,0.985,1.401,-0.0407,3.7591,-0.8025,0.8019,0.7983,-0.1824,0.6927,53.517,0.6273,0.5908,0.0019,47.4809,-0.9134,-2.2837,28366721501.6,9.0136,12.71,-0.0125,1.0172,1.4279,2.0655,0.439,0.0149,2032.813,32.59,-0.2009,-0.5002,0.1225,-1.1268,-0.5408,0.5817,-0.0026,-10828406215.9,19602410807.8,86.0756,85.5057,4.9442,-4.6404,29.0889,-0.2118,118505706870.0,0.1359,-1.8023,-1476417915.24,-12421375214.4,0.3613,0.3361,0.6891,0.0017,0.0022,1447.5987,1468.3831,704.9338,514.1566,2.0776,2.2981,1.4593,51.1818,0.8265,0.4552,0.1232,0.6764,-3408099.6174,-3263846.616,15571860.477,15990275.7413,19254122.3573,14037181.3876,288506.0028,0.0266,0.0445,0.0287,0.0394,0.0264,0.055,0.4705,-0.4207,-0.7332,-15.9595,-55.9864,-62.5465,1.5622,6841474.0479,7980729.2977,52.1601,85.29,86.01,86.08,84.56,10083466.0,858354098.13
2025-07-28,0.1106,0.74,0.22,-232.553,-228.2443,0.6177,45.151,46.7544,-236.4044,0.3869,-1.0631,1.0627,0.7052,83.0414,1.2632,4.0,80.0,76.0,215.4106,16.7828,25.4982,2.9101,2.4431,6.0232,0.9959,85.4021,-0.1748,1.9044,1.2532,1.7364,2.3702,0.3476,1.1752,-0.0699,4.3719,81.7336,87.7744,0.0,132.3692,4.3077,10.6422,4.2207,0.6326,-0.9569,23.7732,56.0701,-20.3046,66.8884,0.0518,0.058,-2.9301,1.5618,11.5,9.31,-10.5238,0.6954,4.3547,-11345125045.8,105.4409,0.0074,10.3152,-0.017,-0.0179,-0.0212,-0.1159,0.176,1.414,0.4349,3.2516,1.1337,4.9295,0.8154,-0.044,0.0343,1.0573,0.412,0.588,0.7923,-2.0,-0.2679,0.0191,85.4784,75.6495,85.3497,84.8002,84.2924,85.7296,80.4447,5.157,1.2038,-0.4566,0.2339,1.8599,0.1846,-1.0225,-0.0053,0.8306,-1.9918,0.0993,-1.9193,366.6812,3.0612,4.483,3.5716,0.4796,0.1932,0.4761,58.0,-0.0866,1.6583,0.0387,0.0391,0.6563,0.0092,0.0532,-0.2477,0.1252,0.337,0.1429,52.8286,46.8595,50.8389,-0.4069,9.1999,1.3155,6.7936,26.1593,24.6484,0.0084,0.1567,0.0431,0.1333,0.9965,85.453,72.0264,84.754,85.81,82.1581,-0.1528,22.6712,58.5152,9.2119,229534088742.0,26651731278.5,1.398,1.92,7.9402,7.3231,2.1643,-339794661.56,-249540697.8,-0.007,11885794037.4,-1222161248.73,-9.7252,-1.7773,0.0982,129187055.93,156494308.41,17901.0795,27.8254,-7.4614,0.123,2803204.02,0.8145,153609155.54,1.5241,-1.7803,0.0982,27307252.48,78.8503,49286563.035,86260908.135,89919293.635,75223482.76,-1479221119.26,0.4116,-1.8023,0.275,-0.5526,0.1191,0.1191,-1.6597,4.9442,-4.6404,4.4403,2.229,0.0357,11.7095,19.3116,-0.4808,1.0069,-0.4686,1.0343,-187.81,27.7433,0.0118,0.304,0.0437,-1.0907,0.5833,-18.479,171.1542,43.8164,44.2509,44.1956,0.134,1.0311,1.0679,0.0021,2.0026,5360499398.37,-12421375214.4,1.0229,-0.0476,0.9751,-0.0485,-0.0007,-0.5124,0.9744,1.4868,-0.0407,-2.4903,-0.9701,0.8019,0.7983,-0.1824,0.6927,59.893,0.6579,0.3997,0.002,54.5908,-0.9134,-2.2837,28366721501.6,9.0136,12.46,-0.0125,1.0096,-1.2326,2.3883,0.3408,0.0224,2043.7767,32.59,-0.2058,-0.5153,0.1249,-1.1268,-0.5408,0.5782,-0.0026,-10828406215.9,19602410807.8,86.0108,85.5797,4.9442,-4.6404,29.0889,-0.2118,118505706870.0,0.1359,-1.8023,-1476417915.24,-12421375214.4,0.3576,-0.2415,0.8193,0.0016,0.0016,1332.3949,1319.8749,520.5027,430.7094,2.0884,2.353,1.4593,46.7668,0.9525,0.4551,0.0603,0.6612,-3369036.3247,-3212783.1537,15213281.8448,15622491.4734,18835274.6271,13891346.9251,312506.342,0.0274,0.0444,0.0265,0.0394,0.0232,0.0551,0.3787,-0.1279,-0.8651,-16.3054,-17.5872,-43.0728,1.9551,6484176.822,5928481.0851,62.0478,85.75,85.26,86.75,85.11,13599678.0,1169821867.85
2025-07-29,0.1106,5.43,-0.13,-232.5151,-229.1532,0.5689,46.7831,47.9272,-219.9371,0.4764,-0.575,1.042,0.862,96.9913,1.2582,4.0,76.0,72.0,227.6493,18.7453,25.4982,2.9022,2.5026,6.0232,0.9787,85.6363,-0.8013,1.8935,1.2763,1.7402,2.3942,1.7785,3.1456,1.7868,5.875,81.6091,88.0539,0.0,130.658,4.3077,10.6422,4.2207,0.6326,-0.9569,56.0581,94.3594,116.6998,70.4122,0.0507,0.0567,2.0557,11.6902,9.51,11.06,7.5352,0.7705,5.2751,-11345125045.8,115.2112,0.0073,10.2424,-0.0158,-0.0185,-0.0215,0.2061,0.4438,1.4081,0.4354,3.2344,1.1371,4.9295,0.8154,-0.044,0.0343,1.1505,0.2781,0.7219,0.6867,-2.0,-0.2679,0.032,85.846,75.8453,85.6805,85.0573,84.53,86.3197,80.676,2.9651,-1.9428,-0.4566,0.2339,1.8599,0.1846,-1.0225,-0.0052,0.8621,-1.9918,0.0993,-1.9193,374.1645,3.055,4.3849,3.5681,0.4787,0.189,0.4756,56.0,-0.0866,1.6601,0.0385,0.0391,0.6824,0.0094,0.0637,-0.11,0.1265,0.337,0.1429,54.3466,63.4543,57.3825,-0.2868,9.2487,0.869,6.7449,26.1795,24.6686,0.0084,0.1567,0.0431,0.1333,0.9825,85.971,72.2097,84.8315,85.964,82.6446,0.0268,22.7067,57.297,8.0054,234218457900.0,25924185786.4,2.279,5.18,7.9402,7.3231,2.1643,-339794661.56,-249540697.8,-0.007,11885794037.4,-1222161248.73,-9.7252,-1.7773,0.0982,129187055.93,156494308.41,17942.5863,27.8254,-7.4614,0.123,2803204.02,0.8145,153609155.54,1.5241,-1.7803,0.0982,27307252.48,78.8503,52891077.585,86680339.635,107653306.635,75223482.76,-1479221119.26,0.4116,-1.8023,0.275,-0.5526,0.1191,0.1191,-1.6597,4.9442,-4.6404,4.4403,2.229,0.0357,11.9485,19.7057,-0.5114,1.0125,-0.4738,1.0342,-191.6428,28.0147,0.0315,0.3274,0.0587,-1.0898,0.5833,-18.8561,174.6471,43.9362,44.2471,44.5575,0.3363,1.0414,1.0736,0.0027,2.0026,5360499398.37,-12421375214.4,1.0629,-0.0199,1.018,-0.023,-0.0091,-0.4917,1.0089,1.5006,-0.0407,1.8034,-0.5682,0.8019,0.7983,-0.1824,0.6927,62.4464,0.6351,0.4199,0.0023,59.8562,-0.9134,-2.2837,28366721501.6,9.0136,12.9,-0.0125,1.1904,0.9666,2.4355,0.3858,0.0592,2085.4864,29.92,-0.2083,-0.5798,0.1258,-1.1268,-0.5408,0.5653,-0.0026,-10828406215.9,19602410807.8,86.743,86.8615,4.9442,-4.6404,29.0889,-0.2118,118505706870.0,0.1359,-1.8023,-1476417915.24,-12421375214.4,0.4229,0.1842,0.8275,0.0017,0.0019,1296.0144,1237.2241,475.7499,293.1694,1.9459,2.2628,1.4593,51.8303,1.0239,0.4524,0.0591,0.6618,-3256500.8103,-2806358.7528,15671596.6003,15947340.939,18753699.6918,15172235.6167,900284.115,0.0285,0.0443,0.0258,0.0395,0.0228,0.0554,0.3554,0.1676,-0.8859,-14.0141,30.1975,-23.1981,1.9033,6224938.8204,5411850.4949,65.8063,87.5,85.24,87.6,84.8,17734013.0,1532520335.45
2025-07-30,0.1106,3.76,-1.39,-232.5338,-230.4842,0.5798,44.8799,46.4704,-229.5649,0.4072,-0.709,0.9444,0.7908,65.7531,1.2544,4.0,72.0,68.0,204.6093,-6.7447,25.4982,3.0256,2.8572,6.0232,1.0071,85.5928,-1.634,1.898,1.3563,1.7451,2.5253,-1.4163,0.1343,-1.0801,2.2973,81.6716,88.0804,0.0,138.8562,4.3077,10.6422,4.2207,0.6326,-0.9569,-39.3107,46.0754,-31.2276,64.3959,0.0522,0.0586,0.8451,42.9694,10.17,11.06,4.1922,0.7476,5.4576,-11345125045.8,122.6362,0.0075,10.2101,-0.0141,-0.0183,-0.0196,0.1075,0.3232,1.3908,0.4306,3.2296,1.1117,4.9295,0.8154,-0.044,0.0357,1.0102,0.3384,0.6616,0.7276,-2.0,-0.2679,0.0545,85.6904,75.9965,85.5743,85.0509,84.5641,85.8765,80.8175,5.4936,-2.0365,-0.4566,0.2339,1.8599,0.1846,-1.0225,-0.0054,0.8169,-1.9918,0.0993,-1.9193,363.4313,3.076,4.4982,3.5698,0.4787,0.189,0.4756,54.0,-0.0866,1.6629,0.0384,0.0391,0.6761,0.0095,0.0577,-0.1284,0.1173,0.337,0.1429,51.1019,31.6334,44.6124,-0.3365,9.1819,0.843,6.7005,26.1504,24.6395,0.0084,0.1556,0.042,0.1332,1.0144,86.211,72.3757,84.876,85.918,83.0814,-0.203,22.8909,57.0763,10.7093,227499734136.0,26203902097.2,2.67,2.4,7.9402,7.3231,2.1643,-339794661.56,-249540697.8,-0.007,11885794037.4,-1222161248.73,-9.7252,-1.7773,0.0982,129187055.93,156494308.41,17882.8096,27.8254,-7.4614,0.123,2803204.02,0.8145,153609155.54,1.5241,-1.7803,0.0982,27307252.48,78.8503,56344478.835,87144728.135,89156770.635,75223482.76,-1479221119.26,0.4116,-1.8023,0.275,-0.5526,0.1191,0.1191,-1.6597,4.9442,-4.6404,4.4403,2.229,0.0357,11.6057,19.1405,-0.5538,1.031,-0.4862,1.0492,-186.1454,23.2892,0.0013,0.2864,0.023,-1.0816,0.5833,-18.3152,169.6372,44.0135,44.1999,44.0269,0.2972,1.0138,1.0349,0.0035,2.0026,5360499398.37,-12421375214.4,1.0291,-0.0429,1.0106,-0.0481,-0.0133,-0.4485,0.9973,1.4458,-0.0407,1.0583,-2.0062,0.8019,0.7983,-0.1824,0.6927,53.5583,0.5791,0.3907,0.0022,54.9474,-0.9134,-2.2837,28366721501.6,9.0136,12.9,-0.0125,1.1191,0.5728,2.237,0.3053,0.0282,2025.6627,30.7,-0.2087,-0.6035,0.1205,-1.1268,-0.5408,0.584,-0.0026,-10828406215.9,19602410807.8,86.0782,85.6484,4.9442,-4.6404,29.0889,-0.2118,118505706870.0,0.1359,-1.8023,-1476417915.24,-12421375214.4,0.3974,0.1069,0.7237,0.0016,0.0013,1310.4491,1229.6719,480.4406,281.036,2.1205,2.184,1.4593,44.8195,0.8874,0.4544,0.064,0.6674,-3084225.7952,-2395125.7349,16185221.9457,16339524.7945,18734650.5294,16280335.7445,1378200.1206,0.0302,0.0443,0.026,0.0395,0.0247,0.0556,0.3551,0.2049,-0.8081,-6.5363,105.5614,-1.4374,1.5349,5512904.4527,5461083.7307,50.6994,84.99,87.5,88.51,83.88,18496536.0,1595170692.3
2025-07-31,0.1106,3.82,-0.77,-232.3308,-230.3661,0.3161,43.8343,45.0186,-229.85,0.3968,-0.1023,0.6543,0.8944,68.9504,1.2501,4.0,68.0,64.0,196.8366,5.5252,25.4982,2.9338,2.671,6.0232,1.0105,85.553,-1.582,1.7995,0.7808,1.6918,1.8032,-1.6485,-0.3079,-1.142,1.577,81.7589,88.0841,0.0,127.8862,4.3077,10.6422,4.2207,0.6326,-0.9569,-144.4723,-13.8112,-123.2648,56.6998,0.0524,0.0588,0.1823,4.8864,10.15,11.06,4.2904,0.7259,5.0848,-11345125045.8,117.354,0.0075,10.1263,-0.0162,-0.0179,-0.0195,-0.0872,0.1262,1.372,0.4267,3.2156,1.0618,4.9295,0.8154,-0.044,0.0357,0.8624,0.4369,0.5631,0.7784,-2.0,-0.2679,0.0206,85.503,76.1397,85.4336,85.0137,84.5712,85.471,80.9435,1.9887,-2.2971,-0.4566,0.2339,1.8599,0.1846,-1.0225,-0.0054,0.811,-1.9918,0.0993,-1.9193,362.0202,3.0629,4.2987,3.579,0.4787,0.189,0.4756,52.0,-0.0866,1.6466,0.0382,0.0391,0.6701,0.0095,0.0499,-0.0454,0.0743,0.337,0.25,45.5853,12.4854,34.552,-0.4577,9.7056,0.8458,9.125,26.1465,24.6356,0.0084,0.1563,0.044,0.1329,1.0168,86.079,72.5034,84.9215,85.638,83.3456,-0.3988,23.0034,57.9947,9.8899,226616395952.0,26306373215.7,2.315,-1.32,7.9402,7.3231,2.1643,-339794661.56,-249540697.8,-0.007,11885794037.4,-1222161248.73,-9.7252,-1.7773,0.0982,129187055.93,156494308.41,17874.8295,27.8254,-7.4614,0.123,2803204.02,0.8145,153609155.54,1.5241,-1.7803,0.0982,27307252.48,78.5441,59742281.485,87701195.135,76755102.635,75223482.76,-1479221119.26,0.4116,-1.8023,0.275,-0.5526,0.1191,0.1191,-1.6597,4.9442,-4.6404,4.4403,2.229,0.0357,11.5606,19.0662,-0.5752,1.0006,-0.4749,1.0159,-185.4227,20.8155,-0.0031,0.2785,0.0158,-1.081,0.5833,-18.2441,169.6372,44.1033,44.1823,43.9787,0.4309,1.0284,1.0299,0.0026,2.0026,5360499398.37,-12421375214.4,0.9846,-0.0361,1.0109,-0.0413,-0.0272,-0.2466,0.9837,1.2303,-0.0407,1.0866,-0.6571,0.8019,0.7983,-0.1824,0.6927,57.7381,0.5739,0.4293,0.0021,49.6995,-0.9134,-2.2837,28366721501.6,9.0136,16.4,-0.0125,0.9136,0.589,1.4806,0.2426,-0.0154,2017.7975,23.98,-0.2099,-0.613,0.1208,-1.1268,-0.5408,0.5865,-0.0026,-10828406215.9,19602410807.8,85.4668,84.8695,4.9442,-4.6404,29.0889,-0.2118,118505706870.0,0.1359,-1.8023,-1476417915.24,-12421375214.4,0.3391,0.1908,0.6106,0.0015,0.0003,1315.5637,1219.7824,476.8975,287.1315,2.4366,2.43,1.4593,46.1367,0.7691,0.4462,0.064,0.553,-2973748.6442,-2531840.0401,15497303.0465,15733700.6723,18265540.7124,14987446.4963,883817.2082,0.0278,0.044,0.0261,0.0396,0.0245,0.0542,0.3513,-0.1986,-0.6775,-2.817,13.2955,-4.2648,1.3156,4712671.0329,5422793.5323,53.8722,84.66,84.0,85.55,83.81,12401668.0,1049143076.0
2025-08-01,0.1106,0.07,-4.22,-232.8168,-231.9286,0.2268,41.0556,40.0153,-242.3959,0.3964,-0.5006,-0.1412,1.2484,59.8227,1.2456,100.0,64.0,-36.0,172.5225,-42.6683,25.4982,2.8942,2.6225,6.0232,1.0316,84.8982,-2.6703,1.8363,0.9486,1.7045,1.4442,-3.9113,-2.967,-3.222,-1.2491,81.4482,88.1848,0.0,112.6998,4.3077,10.6422,4.2207,0.6326,-0.9569,-204.3721,-93.8992,-134.8292,45.4493,0.054,0.0607,-4.0973,0.5231,12.51,10.41,-9.1623,0.7276,3.0726,-11345125045.8,104.3919,0.0077,10.0911,-0.0178,-0.0178,-0.0183,-0.3533,0.1026,1.3676,0.425,3.2176,0.9592,4.9295,0.8154,-0.044,0.0332,0.5485,0.4487,0.5513,0.8889,-2.0,-0.2679,0.0258,84.9207,76.2415,84.9515,84.7552,84.403,84.414,80.9879,0.3661,-7.8295,-0.4566,0.2339,1.8599,0.1846,-1.0225,-0.0055,0.7685,-1.9918,0.0993,-1.9193,351.9284,3.0632,4.4605,3.734,0.4787,0.189,0.4756,50.0,-0.0866,1.6494,0.0381,0.0391,0.64,0.0103,0.047,-0.1278,-0.0052,0.337,0.2222,38.1015,-6.801,23.134,-0.624,9.6507,0.5193,11.0674,26.1183,24.6073,0.0084,0.1563,0.0424,0.1274,1.0407,85.65,72.6093,84.8165,85.04,83.341,-0.8214,23.116,50.0444,15.7371,220299189545.0,26094279490.9,1.667,-4.29,7.9402,7.3231,2.1643,-339794661.56,-249540697.8,-0.007,11885794037.4,-1222161248.73,-9.7252,-1.7773,0.0982,129187055.93,156494308.41,17816.9083,27.8254,-7.4614,0.123,2803204.02,0.8145,153609155.54,1.5241,-1.7803,0.0982,27307252.48,78.5441,61745745.035,83961996.9683,63967892.635,75223482.76,-1479221119.26,0.4116,-1.8023,0.275,-0.5526,0.1191,0.1191,-1.6597,4.9442,-4.6404,4.4403,2.229,0.0357,11.2384,18.5347,-0.6157,0.9966,-0.4757,1.0117,-180.2538,18.2869,-0.0297,0.2403,-0.0125,-1.0737,0.5,-17.7355,164.9084,44.1609,44.0839,43.6222,0.1532,0.9965,0.9359,0.0035,2.0026,5360499398.37,-12421375214.4,0.9505,-0.0776,0.9751,-0.0496,-0.0102,-0.0318,0.9649,0.9967,-0.0407,-2.4882,-4.369,0.8019,0.7983,-0.1824,0.6927,49.1575,0.5342,0.3943,0.002,42.8544,-0.9134,-2.2837,28366721501.6,9.0136,16.4,-0.0125,0.8151,-1.0948,0.243,0.1901,-0.0495,1961.5489,21.21,-0.2106,-0.6084,0.1237,-1.1268,-0.5408,0.6055,-0.0026,-10828406215.9,19602410807.8,83.9863,82.8994,4.9442,-4.6404,29.0889,-0.2118,118505706870.0,0.1359,-1.8023,-1476417915.24,-12421375214.4,0.2971,-0.3123,0.1053,0.0011,-0.0015,1305.1278,1211.3108,480.1832,291.6029,3.1832,3.3274,1.4593,43.697,0.6666,0.4481,0.0732,0.3916,-2894867.7198,-2579344.0224,15004558.8562,15280394.415,17859738.4374,14254034.3309,631047.3948,0.0259,0.0437,0.0259,0.0396,0.0254,0.0519,0.3561,-0.1611,-0.5113,1.8517,48.5028,-1.5367,1.0116,4007239.1217,5454852.7091,15.6804,82.3,84.4,84.4,82.28,12787210.0,1062855024.25
2025-08-04,0.1106,3.92,-1.01,-232.5613,-231.5933,0.1971,37.4289,35.0785,-231.4075,0.4196,-0.1567,0.103,1.3072,65.8452,1.2419,96.0,60.0,-36.0,184.0017,-26.4853,25.4982,2.866,2.6021,6.0232,1.0041,84.766,-2.8745,1.8411,0.9971,1.7112,1.4255,-1.0224,-0.5214,-0.4176,1.1907,81.5452,88.1798,0.0,118.1565,4.3077,10.6422,4.2207,0.6326,-0.9569,-118.0509,-60.969,-62.8788,48.7702,0.0526,0.059,-1.9793,-13.5775,11.61,12.53,3.8111,0.7352,2.3234,-11345125045.8,110.1626,0.0075,10.036,-0.0195,-0.0175,-0.0187,-0.4024,0.1226,1.3694,0.4255,3.2182,0.8605,4.9295,0.8154,-0.044,0.0332,0.4656,0.4387,0.5613,0.7704,-2.0,-0.2679,0.0296,84.8296,76.3767,84.8698,84.7233,84.4042,84.416,81.1005,1.2777,-5.6491,-0.4566,0.2339,1.8599,0.1846,-1.0225,-0.0054,0.8067,-1.9918,0.0993,-1.9193,360.9939,3.053,4.4675,3.7214,0.4771,0.1893,0.474,48.0,-0.0866,1.6502,0.0379,0.0392,0.6325,0.0109,0.0497,-0.0375,0.0208,0.337,0.25,34.6723,14.0971,27.8139,-0.6645,9.5715,-0.0577,11.1016,26.1437,24.6327,0.0084,0.1563,0.0424,0.1274,1.0103,85.292,72.7264,84.8625,84.774,83.4266,-0.7898,23.0775,47.3704,15.0756,225973968182.0,26137211093.3,0.859,-3.58,7.9402,7.3231,2.1643,-339794661.56,-249540697.8,-0.007,11885794037.4,-1222161248.73,-9.7252,-1.7773,0.0982,129187055.93,156494308.41,17869.0078,27.8254,-7.4614,0.123,2803204.02,0.8145,153609155.54,1.5241,-1.7803,0.0982,27307252.48,80.5674,64896828.435,83860004.8017,75707662.635,75223482.76,-1479221119.26,0.4116,-1.8023,0.275,-0.5526,0.1191,0.1191,-1.6597,4.9442,-4.6404,4.4403,2.229,0.0357,11.5279,19.0121,-0.6471,0.9695,-0.465,0.983,-184.897,16.0046,-0.0052,0.2693,0.0119,-1.0413,0.5,-18.1923,164.9084,44.1517,44.0509,43.9246,0.3182,0.9819,0.9822,0.0029,2.0026,5360499398.37,-12421375214.4,0.9593,-0.0886,1.011,-0.053,-0.0265,-0.0803,0.9845,1.0648,-0.0407,1.1018,-1.02,0.8019,0.7983,-0.1824,0.6927,45.1066,0.5629,0.5365,0.0021,49.8568,-0.9134,-2.2837,28366721501.6,9.0136,17.03,-0.0125,0.8595,0.564,0.6848,0.135,-0.0407,2012.0773,21.21,-0.2106,-0.619,0.1254,-1.1268,-0.5408,0.5884,-0.0026,-10828406215.9,19602410807.8,83.9692,83.6057,4.9442,-4.6404,29.0889,-0.2118,118505706870.0,0.1359,-1.8023,-1476417915.24,-12421375214.4,0.3129,0.1607,0.2989,0.0007,-0.0022,1307.4314,1232.4511,478.4423,264.208,3.3722,3.6461,1.4593,49.9685,0.766,0.4491,0.0807,0.387,-2850039.0709,-2670724.4755,14410960.8823,14735682.9665,17406407.442,13415946.2206,358629.1908,0.024,0.0435,0.026,0.0396,0.0248,0.0491,0.3542,-0.2375,-0.5309,-4.2784,-56.3944,16.4259,1.251,3043993.8424,5435208.7808,36.1164,84.42,82.02,84.5,82.0,11739770.0,985195815.6
2025-08-05,0.1106,4.41,-0.69,-232.6236,-231.0119,0.3208,35.4316,33.4614,-232.916,0.4079,-0.1152,-0.4795,1.11,62.3936,1.2386,92.0,56.0,-36.0,158.5977,-10.1527,25.4982,2.817,2.5318,6.0232,0.9991,84.705,-1.041,1.8294,1.0417,1.7031,0.4381,-0.3725,-0.1713,0.653,1.8329,81.6682,88.1828,0.0,96.2041,4.3077,10.6422,4.2207,0.6326,-0.9569,-21.9272,-3.5826,36.6357,55.9586,0.0524,0.0587,-1.4128,-17.55,11.61,12.87,5.1471,0.7302,1.5029,-11345125045.8,122.7959,0.0075,9.9536,-0.0204,-0.0171,-0.0203,-0.2931,0.0178,1.3615,0.424,3.2113,0.7732,4.9295,0.8154,-0.044,0.0332,0.424,0.4911,0.5089,0.6677,-2.0,-0.2679,0.0257,84.8206,76.5156,84.856,84.7287,84.432,84.5373,81.2211,3.7237,-2.1065,-0.4566,0.2339,1.8599,0.1846,-1.0225,-0.0054,0.8132,-1.9918,0.0993,-1.9193,362.5333,3.0614,4.4245,3.6919,0.4784,0.1875,0.4702,46.0,-0.0866,1.6465,0.0377,0.039,0.6805,0.0109,0.0506,-0.0244,-0.0813,0.337,0.25,34.0406,30.2501,32.7771,-0.6163,9.5701,-0.0851,3.8484,26.1479,24.637,0.0084,0.1563,0.0424,0.1274,1.0037,85.097,72.854,84.9255,84.23,83.254,-0.6984,23.0993,44.5441,13.2928,226937609837.0,26388736169.7,0.343,-1.95,7.9402,7.3231,2.1643,-339794661.56,-249540697.8,-0.007,11885794037.4,-1222161248.73,-9.7252,-1.7773,0.0982,129187055.93,156494308.41,17877.7347,27.8254,-7.4614,0.123,2803204.02,0.8145,153609155.54,1.5241,-1.7803,0.0982,27307252.48,80.5674,68187683.285,83599411.9683,88355736.635,75223482.76,-1479221119.26,0.4116,-1.8023,0.275,-0.5526,0.1191,0.1191,-1.6597,4.9442,-4.6404,4.4403,2.229,0.0357,11.577,19.0932,-0.7219,0.994,-0.4796,1.0106,-185.6855,21.2117,-0.0017,0.2717,0.0183,-1.0558,0.5,-18.2699,165.6116,44.1328,44.0147,43.9785,0.3556,0.9791,1.0081,0.0026,2.0026,5360499398.37,-12421375214.4,0.9775,-0.0875,1.0151,-0.0658,-0.0462,0.0778,0.9689,0.8911,-0.0407,1.5086,-1.1312,0.8019,0.7983,-0.1824,0.6927,44.232,0.5736,0.5408,0.002,55.7228,-0.9134,-2.2837,28366721501.6,9.0136,16.03,-0.0125,0.913,0.7441,-0.8353,0.0463,-0.0225,2020.6576,23.6,-0.2103,-0.6145,0.0996,-1.1268,-0.5408,0.5856,-0.0026,-10828406215.9,19602410807.8,84.1466,84.2631,4.9442,-4.6404,29.0889,-0.2118,118505706870.0,0.1359,-1.8023,-1476417915.24,-12421375214.4,0.3343,0.2031,-0.8895,0.0005,-0.0021,1320.1578,1216.787,468.1045,271.3532,3.4828,3.6478,1.4593,49.4977,0.8403,0.4487,0.0808,0.2177,-2807916.4451,-2639425.9418,14090435.9946,14414512.3563,17053938.2981,13159988.8137,336981.0066,0.0229,0.0433,0.0262,0.0396,0.023,0.0465,0.3438,-0.1859,-0.4512,-3.8346,-47.0561,-6.9973,1.4726,2596070.1427,5321293.5787,45.09,84.78,84.41,86.0,83.82,12648074.0,1075836940.14
2025-08-06,0.1106,8.25,1.25,-231.5133,-232.4108,0.3441,38.0354,37.2177,-228.3305,0.5115,0.2644,0.0148,1.6892,73.7105,1.2364,88.0,100.0,12.0,200.7979,45.9502,25.4982,3.2008,3.4748,6.0232,0.9612,85.3732,-1.2466,1.8453,1.1542,1.7097,0.4935,3.9353,4.3094,4.499,6.6697,81.4745,88.8265,0.0,127.0874,4.3077,10.6422,4.2207,0.6326,-0.9569,174.4928,160.0844,166.6667,78.891,0.05,0.0558,0.4064,27.748,11.61,16.11,16.2338,0.7374,2.0498,-11345125045.8,133.2503,0.0072,9.9738,-0.0169,-0.0163,-0.0151,0.4003,0.174,1.3498,0.4209,3.2073,0.7603,4.9295,0.8154,-0.044,0.0332,0.7087,0.413,0.587,0.5787,-2.0,-0.2679,0.0922,85.5478,76.719,85.4658,85.1184,84.7571,85.9649,81.4703,6.4926,10.5142,-0.4566,0.2339,1.8599,0.1846,-1.0225,-0.0051,0.8859,-1.9918,0.0993,-1.9193,379.809,3.057,1.9914,3.6866,0.4777,0.0844,0.4696,44.0,-0.0866,1.6478,0.0378,0.0391,0.6772,0.0119,0.0597,0.0658,-0.0136,0.337,0.2857,37.2849,56.751,43.7736,-0.3779,9.2897,-0.0294,3.8635,26.1945,24.6835,0.0084,0.1563,0.0424,0.1274,0.9621,85.457,73.0094,85.1505,84.996,83.2664,-0.1032,23.5234,45.1732,10.139,237751810636.0,27483330580.9,0.613,3.6,7.9402,7.3231,2.1643,-339794661.56,-249540697.8,-0.007,11885794037.4,-1222161248.73,-9.7252,-1.7773,0.0982,129187055.93,156494308.41,17973.39,27.8254,-7.4614,0.123,2803204.02,0.8145,153609155.54,1.5241,-1.7803,0.0982,27307252.48,80.5674,72055773.535,86125583.8017,122810337.635,75223482.76,-1479221119.26,0.4116,-1.8023,0.275,-0.5526,0.1191,0.1191,-1.6597,4.9442,-4.6404,4.4403,2.229,0.0357,12.1287,20.003,-0.7953,0.9979,-0.4843,1.0158,-194.5339,42.7142,0.0431,0.3288,0.0667,-1.0515,0.5,-19.1405,173.5034,44.2195,44.1919,45.6204,0.5349,1.0093,1.0605,0.0077,2.0026,5360499398.37,-12421375214.4,1.0422,-0.0902,1.0534,-0.0285,-0.0083,0.0366,1.0451,1.0085,-0.0407,5.3368,1.5086,0.8019,0.7983,-0.1824,0.6927,52.238,0.6601,0.5874,0.002,62.5073,-0.9134,-2.2837,28366721501.6,9.0136,15.48,-0.0125,1.0254,2.0955,0.2622,0.1805,0.0405,2116.9474,23.6,-0.2064,-0.5404,0.0682,-1.1268,-0.5408,0.5559,-0.0026,-10828406215.9,19602410807.8,86.1146,87.4377,4.9442,-4.6404,29.0889,-0.2118,118505706870.0,0.1359,-1.8023,-1476417915.24,-12421375214.4,0.3739,0.5958,0.2402,0.0006,0.0001,1374.3269,1469.0248,592.5099,804.0596,3.3364,3.4148,1.4593,50.9865,0.9648,0.4528,0.1077,0.2044,-2415387.8279,-845273.3591,17793011.4501,17497602.9169,18342876.276,20258192.8758,3140228.9376,0.0266,0.0435,0.0272,0.0397,0.0284,0.0446,0.413,1.2063,-0.3682,0.4098,49.2148,94.2854,1.8563,7081837.4384,6633541.0781,69.5811,88.82,84.22,92.37,84.18,34454601.0,3045947392.92
2025-08-07,0.1106,6.9,2.26,-231.6501,-234.1649,0.4167,40.401,40.4731,-240.0894,0.3885,0.1026,-0.1433,1.6904,70.4976,1.234,84.0,96.0,12.0,194.3777,78.5753,25.4982,3.1943,3.414,6.0232,0.9917,85.5969,0.1572,1.8572,1.2923,1.7113,0.4284,0.9686,1.1746,1.1532,3.725,81.7223,88.8937,0.0,123.8801,4.3077,10.6422,4.2207,0.6326,-0.9569,73.0561,76.0436,53.758,67.3889,0.0514,0.0576,-2.6278,23.3216,12.96,16.11,10.8359,0.7225,1.6968,-11345125045.8,138.558,0.0074,9.9441,-0.0153,-0.0157,-0.0119,0.5633,-0.0806,1.3537,0.4212,3.2138,0.7529,4.9295,0.8154,-0.044,0.0332,0.7236,0.5403,0.4597,0.7395,-2.0,-0.2679,0.0321,85.6864,76.8775,85.5957,85.2318,84.8721,86.0799,81.6289,4.2011,7.9093,-0.4566,0.2339,1.8599,0.1846,-1.0225,-0.0053,0.8407,-1.9918,0.0993,-1.9193,369.0759,3.0763,2.3626,3.8658,0.4777,0.0844,0.4696,42.0,-0.0866,1.647,0.0377,0.0392,0.6748,0.0122,0.0482,0.0386,-0.0335,0.337,0.25,39.2021,50.7053,43.0365,-0.3603,9.3101,-0.2031,3.8414,26.1658,24.6549,0.0084,0.1553,0.0357,0.1215,0.9904,85.482,73.1307,85.308,85.326,83.2104,-0.0586,23.9006,45.8113,8.805,231033086873.0,27920399249.3,0.348,0.25,7.9402,7.3231,2.1643,-339794661.56,-249540697.8,-0.007,11885794037.4,-1222161248.73,-9.7252,-1.7773,0.0982,129187055.93,156494308.41,17914.4461,27.8254,-7.4614,0.123,2803204.02,0.8145,153609155.54,1.5241,-1.7803,0.0982,27307252.48,78.2906,75711626.285,88276736.9683,102063689.635,75223482.76,-1479221119.26,0.4116,-1.8023,0.275,-0.5526,0.1191,0.1191,-1.6597,4.9442,-4.6404,4.4403,2.229,0.0357,11.786,19.4377,-0.9251,1.0418,-0.5103,1.0645,-189.0365,37.0943,0.0117,0.2882,0.0373,-1.0281,0.5,-18.5996,173.5034,44.2798,44.3597,45.0341,0.4684,0.9952,1.0226,0.003,2.0026,5360499398.37,-12421375214.4,1.0029,-0.1111,1.0379,-0.0535,-0.0184,0.057,1.0195,0.9625,-0.0407,3.7879,1.5531,0.8019,0.7983,-0.1824,0.6927,48.9264,0.613,0.5686,0.002,53.0685,-0.9134,-2.2837,28366721501.6,9.0136,15.48,-0.0125,0.8665,1.4824,-0.1648,-0.0033,0.0029,2057.1238,26.54,-0.2044,-0.5468,0.0209,-1.1268,-0.5408,0.574,-0.0026,-10828406215.9,19602410807.8,86.2977,87.0244,4.9442,-4.6404,29.0889,-0.2118,118505706870.0,0.1359,-1.8023,-1476417915.24,-12421375214.4,0.3144,0.3918,-0.1748,0.0007,0.0012,1396.003,1502.0992,599.8463,814.3025,3.3829,3.3393,1.4593,44.3714,0.8362,0.454,0.1167,0.2065,-2037005.7491,-523477.4341,18330036.2774,17997456.0066,18520933.4407,20421011.2505,3027056.63,0.0279,0.0432,0.0275,0.0398,0.0313,0.043,0.4126,0.2853,-0.265,0.1678,10.5528,12.165,1.5079,7176839.1982,6715763.1137,54.5275,86.31,87.81,88.48,85.71,20746648.0,1793617028.76
2025-08-08,0.1106,3.79,1.5,-232.4287,-237.77,0.3994,42.2304,41.6062,-251.4806,0.4001,-0.1845,-0.0395,1.3252,74.2879,1.2314,80.0,92.0,12.0,194.6154,59.3553,25.4982,3.0869,3.1267,6.0232,1.0081,85.631,-0.5652,1.8765,1.3554,1.7154,0.278,-0.5934,-0.485,-1.0646,2.1084,81.8146,88.8934,0.0,120.3275,4.3077,10.6422,4.2207,0.6326,-0.9569,-2.625,5.0931,-17.5945,57.4211,0.0523,0.0586,-7.2547,21.9884,14.33,15.25,3.1102,0.8265,0.3571,-11345125045.8,119.4289,0.0075,9.8803,-0.0147,-0.0155,-0.0119,0.0863,-0.1782,1.3488,0.4201,3.2105,0.7259,4.9295,0.8154,-0.044,0.0325,0.6177,0.5891,0.4109,0.8799,-2.0,-0.2679,0.0199,85.5507,77.0108,85.4948,85.2041,84.8771,85.6999,81.7375,1.1852,8.2718,-0.4566,0.2339,1.8599,0.1846,-1.0225,-0.0054,0.816,-1.9918,0.0993,-1.9193,363.2175,3.0833,2.4266,3.8909,0.4777,0.0844,0.4696,40.0,-0.0866,1.6493,0.0375,0.0392,0.6515,0.0125,0.0475,-0.0174,-0.0257,0.337,0.2222,38.8485,36.7269,38.1413,-0.4325,9.2972,-0.1947,4.0634,26.1498,24.6389,0.0084,0.1549,0.0348,0.1207,1.006,85.447,73.2415,85.354,85.854,83.1861,-0.2164,24.1331,45.4601,11.3952,227365895017.0,27799310793.7,0.186,-0.35,7.9402,7.3231,2.1643,-339794661.56,-249540697.8,-0.007,11885794037.4,-1222161248.73,-9.7252,-1.7773,0.0982,129187055.93,156494308.41,17881.6023,27.8254,-7.4614,0.123,2803204.02,0.8145,153609155.54,1.5241,-1.7803,0.0982,27307252.48,77.0479,78088574.785,90501962.8017,90106457.635,75223482.76,-1479221119.26,0.4116,-1.8023,0.275,-0.5526,0.1191,0.1191,-1.6597,4.9442,-4.6404,4.4403,2.229,0.0357,11.5989,19.1292,-1.0099,1.0109,-0.4987,1.0346,-186.0359,33.2669,-0.0049,0.2649,0.0211,-1.0523,0.5,-18.3044,173.5034,44.3431,44.504,44.8443,0.3331,0.9967,1.0172,0.0019,2.0026,5360499398.37,-12421375214.4,0.9959,-0.1158,1.0109,-0.0428,0.0212,0.049,1.0321,0.9831,-0.0407,1.095,0.3307,0.8019,0.7983,-0.1824,0.6927,49.2791,0.6055,0.5639,0.0019,45.1639,-0.9134,-2.2837,28366721501.6,9.0136,15.94,-0.0125,0.8225,0.5181,0.025,-0.0681,-0.0041,2024.471,26.54,-0.2042,-0.5602,-0.0337,-1.1268,-0.5408,0.5844,-0.0026,-10828406215.9,19602410807.8,85.7842,85.7802,4.9442,-4.6404,29.0889,-0.2118,118505706870.0,0.1359,-1.8023,-1476417915.24,-12421375214.4,0.2955,0.1322,0.0404,0.0007,0.001,1390.1687,1497.7808,603.0271,817.2485,3.522,2.8114,1.4593,43.7081,0.7247,0.4546,0.1196,0.2019,-1822913.1111,-966542.5592,17171344.5906,17068190.7748,18034733.334,17599751.5003,1712741.1038,0.0282,0.0429,0.0274,0.0399,0.031,0.0414,0.4176,-0.2643,-0.2504,-0.5194,-7.6957,-3.5837,1.5007,7014211.5294,6760506.5803,51.7654,84.94,86.0,86.59,84.9,11957232.0,1023232680.35
2025-08-11,0.1106,5.05,4.29,-233.3674,-239.9778,0.2799,43.599,42.1546,-255.6431,0.516,-0.1843,0.0122,1.4276,77.883,1.2291,76.0,88.0,12.0,197.9332,89.7301,25.4982,2.965,2.8356,6.0232,1.0036,85.4389,-0.7174,1.8844,1.3418,1.7121,0.2498,-0.2986,-0.3383,-1.007,2.3431,81.9504,88.8876,0.0,120.0502,4.3077,10.6422,4.2207,0.6326,-0.9569,-9.3125,-8.1942,-50.5374,55.5702,0.0522,0.0585,-9.8124,17.2005,14.14,15.44,4.3949,0.764,-0.3108,-11345125045.8,118.8887,0.0075,9.7977,-0.0148,-0.0149,-0.0118,-0.3421,-0.1146,1.344,0.419,3.2078,0.6893,4.9295,0.8154,-0.044,0.0318,0.5428,0.5573,0.4427,0.7626,-2.0,-0.2679,0.0162,85.4742,77.145,85.4387,85.197,84.8959,85.51,81.8487,0.8372,11.2354,-0.4566,0.2339,1.8599,0.1846,-1.0225,-0.0054,0.8194,-1.9918,0.0993,-1.9193,364.03,3.094,2.2875,3.9043,0.4793,0.0795,0.4712,38.0,-0.0866,1.6475,0.0373,0.0392,0.6532,0.0124,0.0602,-0.0151,-0.0231,0.337,0.25,37.7285,31.0088,35.4886,-0.5553,9.5872,-0.2164,4.0692,26.1521,24.6411,0.0084,0.1549,0.0348,0.1207,1.003,85.385,73.3884,85.419,85.996,83.181,-0.293,24.2701,50.7162,11.1812,227874483669.0,27986834558.8,-0.068,-0.62,7.9402,7.3231,2.1643,-339794661.56,-249540697.8,-0.007,11885794037.4,-1222161248.73,-9.7252,-1.7773,0.0982,129187055.93,156494308.41,17886.1864,27.8254,-7.4614,0.123,2803204.02,0.8145,153609155.54,1.5241,-1.7803,0.0982,27307252.48,77.2202,81467755.635,96699488.4683,101153046.635,75223482.76,-1479221119.26,0.4116,-1.8023,0.275,-0.5526,0.1191,0.1191,-1.6597,4.9442,-4.6404,4.4403,2.229,0.0357,11.6248,19.172,-1.0161,0.9942,-0.4937,1.0184,-186.4521,30.0167,-0.0034,0.2649,0.0234,-1.0566,0.5,-18.3454,173.5034,44.3978,44.7118,44.869,0.3068,0.9892,1.0193,0.0017,2.0026,5360499398.37,-12421375214.4,0.9928,-0.1228,1.0155,-0.0288,-0.0071,0.012,1.0084,0.9964,-0.0407,1.5508,3.4386,0.8019,0.7983,-0.1824,0.6927,47.5226,0.6557,0.5837,0.002,53.2004,-0.9134,-2.2837,28366721501.6,9.0136,17.16,-0.0125,1.0164,0.681,0.1485,-0.1578,-0.0072,2028.9995,23.83,-0.2044,-0.5679,-0.0871,-1.1268,-0.5408,0.5829,-0.0026,-10828406215.9,19602410807.8,85.515,85.3239,4.9442,-4.6404,29.0889,-0.2118,118505706870.0,0.1359,-1.8023,-1476417915.24,-12421375214.4,0.3606,0.1754,0.2668,0.0006,0.0006,1399.6549,1477.93,593.9167,831.2521,3.671,2.9796,1.4593,43.2481,0.8669,0.447,0.1195,0.2014,-1733390.9911,-1375302.5112,16057752.665,16141790.5018,17517093.013,15415364.0002,716176.9598,0.0277,0.0425,0.0276,0.0399,0.0307,0.0403,0.4088,-0.327,-0.2393,-0.5619,-14.9397,-13.6122,1.5084,7182291.5279,6660577.1953,47.2167,85.13,84.78,86.08,84.7,11046589.0,943750074.43
2025-08-12,0.1106,8.04,3.35,-233.8126,-243.682,0.398,44.2553,43.2086,-253.6321,0.6006,0.0437,-0.0377,1.4264,84.2836,1.2268,72.0,84.0,12.0,210.2273,88.0722,25.4982,2.9411,2.8013,6.0232,0.998,85.4518,-1.3063,1.8411,1.3115,1.7113,0.2917,0.4965,0.0421,-0.6314,2.9512,82.437,88.731,0.0,125.9437,4.3077,10.6422,4.2207,0.6326,-0.9569,9.7755,-5.1412,-50.5393,56.4092,0.0519,0.0581,-9.3268,12.3397,12.63,15.93,11.5546,0.7945,-0.4285,-11345125045.8,127.4782,0.0074,9.7172,-0.0147,-0.0142,-0.0103,-0.7535,-0.1318,1.3494,0.4201,3.2122,0.6548,4.9295,0.8154,-0.044,0.0315,0.5171,0.5659,0.4341,0.6609,-2.0,-0.2679,0.0307,85.5007,77.2851,85.4666,85.2373,84.9495,85.5466,81.9724,2.32,11.7326,-0.4566,0.2339,1.8599,0.1846,-1.0225,-0.0053,0.8283,-1.9918,0.0993,-1.9193,366.1253,3.1031,2.3249,3.9101,0.4808,0.0808,0.4719,36.0,-0.0866,1.651,0.0371,0.0392,0.6593,0.0118,0.0715,0.0323,-0.0322,0.337,0.2857,36.9174,32.0508,35.2952,-0.5415,9.8998,-0.1169,4.1257,26.1578,24.6468,0.0084,0.1549,0.0348,0.1207,0.9951,85.197,73.5724,85.584,86.164,83.1656,-0.2754,24.4899,53.6339,9.7691,229186107033.0,28452144822.8,-0.774,-1.88,7.9402,7.3231,2.1643,-339794661.56,-249540697.8,-0.007,11885794037.4,-1222161248.73,-9.7252,-1.7773,0.0982,129187055.93,156494308.41,17897.965,27.8254,-7.4614,0.123,2803204.02,0.8145,153609155.54,1.5241,-1.7803,0.0982,27307252.48,77.2202,86195617.385,103611605.802,117180366.635,75223482.76,-1479221119.26,0.4116,-1.8023,0.275,-0.5526,0.1191,0.1191,-1.6597,4.9442,-4.6404,4.4403,2.229,0.0357,11.6917,19.2824,-1.0413,0.9947,-0.4977,1.0211,-187.5253,29.354,0.0004,0.2694,0.0295,-1.0653,0.5833,-18.4509,174.5021,44.4678,44.8846,44.9613,0.4023,1.0039,1.0154,0.004,2.0026,5360499398.37,-12421375214.4,0.9785,-0.096,1.0401,-0.0039,-0.0302,0.0206,1.0099,0.9893,-0.0407,4.0087,1.4215,0.8019,0.7983,-0.1824,0.6927,50.8924,0.6531,0.5895,0.0019,59.4664,-0.9134,-2.2837,28366721501.6,9.0136,15.41,-0.0125,1.2285,1.5738,0.0818,-0.1153,-0.0215,2040.6782,25.6,-0.2039,-0.5471,-0.1265,-1.1268,-0.5408,0.5792,-0.0026,-10828406215.9,19602410807.8,85.553,85.4725,4.9442,-4.6404,29.0889,-0.2118,118505706870.0,0.1359,-1.8023,-1476417915.24,-12421375214.4,0.4421,0.4063,0.1256,0.0006,0.0004,1422.756,1541.5066,582.5251,800.0304,3.8396,3.3855,1.4593,47.5342,0.9696,0.439,0.1147,0.2008,-1643224.7531,-1282559.8011,16052219.4532,16124179.6554,17406739.4565,15619349.3335,721329.904,0.0275,0.0422,0.028,0.04,0.0319,0.0391,0.3953,-0.0327,-0.1852,1.3773,58.9465,36.5216,1.4639,7167364.5891,6541743.3013,53.6229,85.62,85.0,86.77,84.14,16027320.0,1366655738.71
2025-08-13,0.1106,8.08,3.13,-234.2632,-246.7445,0.4408,45.2238,44.1221,-251.2914,0.5401,-0.1506,0.2416,0.6936,85.3774,1.2246,68.0,80.0,12.0,211.8153,76.7305,25.4982,2.821,2.5444,6.0232,0.9986,85.5789,-0.5225,1.8205,1.2844,1.7004,0.4749,0.5066,-0.0461,0.187,2.9234,82.9257,88.5533,0.0,126.4379,4.3077,10.6422,4.2207,0.6326,-0.9569,18.4569,-8.8947,-18.9744,56.7253,0.0518,0.058,-7.5355,-12.9284,12.63,15.74,10.9623,0.8216,-0.9117,-11345125045.8,130.416,0.0074,9.6376,-0.0154,-0.0136,-0.0172,-0.7461,-0.0328,1.3494,0.4201,3.2122,0.6234,4.9295,0.8154,-0.044,0.0312,0.4974,0.5164,0.4836,0.5728,-2.0,-0.2679,0.0147,85.5369,77.4241,85.5025,85.2814,85.0051,85.5978,82.0946,1.6265,7.1755,-0.4566,0.2339,1.8599,0.1846,-1.0225,-0.0053,0.8297,-1.9918,0.0993,-1.9193,366.4674,3.1034,2.4019,3.934,0.4808,0.0835,0.4748,34.0,-0.0866,1.6492,0.0369,0.0392,0.6694,0.0115,0.0652,-0.0011,0.0142,0.337,0.1667,36.4194,33.4314,35.4234,-0.455,10.033,-0.105,4.6957,26.1587,24.6478,0.0084,0.1549,0.0348,0.1207,0.995,85.268,73.7416,85.7395,85.54,83.2658,-0.252,24.5349,56.4238,8.827,229400249623.0,28889770157.1,-0.943,0.71,7.9402,7.3231,2.1643,-339794661.56,-249540697.8,-0.007,11885794037.4,-1222161248.73,-9.7252,-1.7773,0.0982,129187055.93,156494308.41,17899.8821,27.8254,-7.4614,0.123,2803204.02,0.8145,153609155.54,1.5241,-1.7803,0.0982,27307252.48,77.2924,91163233.635,110650017.802,130586208.635,75223482.76,-1479221119.26,0.4116,-1.8023,0.275,-0.5526,0.1191,0.1191,-1.6597,4.9442,-4.6404,4.4403,2.229,0.0357,11.7027,19.3004,-1.0708,0.9986,-0.5035,1.0259,-187.7005,26.5232,-0.0005,0.2677,0.0292,-1.0591,0.5833,-18.4682,174.5021,44.5326,45.0505,44.9738,0.4044,0.9994,1.0305,0.0019,2.0026,5360499398.37,-12421375214.4,1.0084,-0.1127,1.0377,-0.0324,-0.0728,-0.1106,0.9649,1.0755,-0.0407,3.7656,1.0852,0.8019,0.7983,-0.1824,0.6927,49.862,0.669,0.5904,0.0018,64.9041,-0.9134,-2.2837,28366721501.6,9.0136,14.97,-0.0125,1.1404,1.4846,0.8884,0.0323,0.0083,2042.585,26.77,-0.2033,-0.5399,-0.1616,-1.1268,-0.5408,0.5786,-0.0026,-10828406215.9,19602410807.8,85.6136,85.6058,4.9442,-4.6404,29.0889,-0.2118,118505706870.0,0.1359,-1.8023,-1476417915.24,-12421375214.4,0.4144,0.3914,0.7795,0.0005,0.0003,1444.6247,1553.4336,562.2158,792.1948,3.8479,3.4002,1.4593,44.7474,1.0593,0.4376,0.1147,0.1737,-1595460.3664,-1404402.8196,15571059.9163,15705973.8623,17110376.6819,14881513.5557,382115.0936,0.0266,0.042,0.0284,0.04,0.0248,0.0377,0.3765,-0.209,-0.3716,0.4308,-1.4253,5.9912,1.7358,7169324.7261,6319665.1264,61.8293,85.7,85.05,86.22,84.96,13405842.0,1147398930.09
2025-08-14,0.1106,2.98,-2.88,-235.7709,-251.7508,0.4312,44.2828,42.3328,-258.3682,0.5114,-0.6673,0.1036,0.6596,83.6188,1.2217,64.0,76.0,12.0,191.819,-36.5844,25.4982,2.7409,2.4037,6.0232,1.0111,85.2623,-1.3179,1.8216,1.1072,1.7076,0.4571,-1.0618,-1.5492,-0.956,1.2175,82.777,88.537,0.0,108.2002,4.3077,10.6422,4.2207,0.6326,-0.9569,-44.4515,-77.6956,-164.8728,48.4119,0.0527,0.0591,-8.3694,-12.4805,14.0,12.35,-6.2619,0.7423,-1.1466,-11345125045.8,106.2453,0.0076,9.5771,-0.0152,-0.0146,-0.0199,-0.6045,-0.1018,1.3419,0.4186,3.2057,0.5721,4.9295,0.8154,-0.044,0.0308,0.367,0.5509,0.4491,0.7176,-2.0,-0.2679,0.0187,85.3175,77.5383,85.3221,85.1907,84.9551,85.1752,82.1679,1.955,-7.8891,-0.4566,0.2339,1.8599,0.1846,-1.0225,-0.0054,0.805,-1.9918,0.0993,-1.9193,360.6091,3.1156,2.6817,3.9351,0.4808,0.0835,0.4748,32.0,-0.0866,1.6504,0.0368,0.0392,0.6611,0.0111,0.0626,-0.1351,-0.0056,0.337,0.1429,34.648,24.0196,31.1052,-0.48,10.0155,0.4414,4.8791,26.1426,24.6317,0.0084,0.1543,0.0311,0.1207,1.0107,85.235,73.9026,85.657,85.144,83.3156,-0.4102,24.5641,52.6522,12.5436,225733057768.0,27626582937.7,-0.844,-0.33,7.9402,7.3231,2.1643,-339794661.56,-249540697.8,-0.007,11885794037.4,-1222161248.73,-9.7252,-1.7773,0.0982,129187055.93,156494308.41,17866.8207,27.8254,-7.4614,0.123,2803204.02,0.8145,153609155.54,1.5241,-1.7803,0.0982,27307252.48,76.0568,94177032.735,109920380.635,118432514.635,75223482.76,-1479221119.26,0.4116,-1.8023,0.275,-0.5526,0.1191,0.1191,-1.6597,4.9442,-4.6404,4.4403,2.229,0.0357,11.5156,18.9918,-1.096,0.9997,-0.507,1.026,-184.6999,23.6585,-0.0155,0.2448,0.0122,-1.0702,0.5,-18.173,174.5021,44.5511,44.9103,44.7795,0.1922,0.9638,1.0037,0.0024,2.0026,5360499398.37,-12421375214.4,0.9961,-0.1026,0.9808,0.007,-0.0037,-0.0596,0.9771,1.0367,-0.0407,-1.9191,-5.0552,0.8019,0.7983,-0.1824,0.6927,41.0603,0.6457,0.581,0.0018,56.1289,-0.9134,-2.2837,28366721501.6,9.0136,14.97,-0.0125,1.1085,-0.6741,0.521,0.1662,-0.0039,2009.9322,26.32,-0.2032,-0.5297,-0.1868,-1.1268,-0.5408,0.5891,-0.0026,-10828406215.9,19602410807.8,85.0329,84.7039,4.9442,-4.6404,29.0889,-0.2118,118505706870.0,0.1359,-1.8023,-1476417915.24,-12421375214.4,0.4028,-0.1895,0.4744,0.0004,-0.0003,1381.4181,1216.9287,532.3131,318.7698,3.9901,3.2366,1.4593,43.1441,0.9181,0.4382,0.0969,0.1733,-1593117.4399,-1583745.7337,14949720.6588,15159469.2681,16743215.0018,13972240.3705,18743.4124,0.0266,0.0418,0.0272,0.0401,0.0219,0.0368,0.3689,-0.238,-0.4235,0.1157,-31.4668,-64.7255,1.5048,7182500.0059,5923429.2617,46.9514,84.33,85.58,85.58,84.0,12153694.0,1026917893.69
2025-08-15,0.1106,2.06,0.4,-237.1626,-253.2158,0.4377,43.7682,40.7821,-248.8794,0.532,-0.6969,0.1694,0.5432,86.5404,1.2182,60.0,72.0,12.0,205.03,-53.3149,25.4982,2.6044,2.1414,6.0232,1.0042,85.1341,-1.2311,1.8402,1.0914,1.7025,0.4488,-0.8224,-0.9192,-0.3901,1.6656,82.6962,88.4368,0.0,118.4896,4.3153,10.6609,4.2281,0.6326,-0.9569,-70.5549,-77.0861,-90.6159,46.9153,0.0525,0.0589,-4.9305,-19.8126,14.0,12.19,-6.911,0.7406,-1.1216,-11345125045.8,96.7026,0.0075,9.4988,-0.0153,-0.0155,-0.02,-0.5216,-0.1702,1.3419,0.4186,3.2057,0.517,4.9295,0.8154,-0.044,0.0305,0.2966,0.5851,0.4149,0.6219,-2.0,-0.2679,0.0098,85.2198,77.658,85.2387,85.1516,84.9421,85.0435,82.2535,1.2344,-5.7185,-0.4574,0.2343,1.8599,0.1846,-1.0225,-0.0054,0.8131,-1.9918,0.0993,-1.9193,361.898,3.1196,2.6979,3.9515,0.4814,0.084,0.4768,30.0,-0.0866,1.6478,0.0366,0.0392,0.6339,0.0115,0.064,-0.1429,0.0014,0.337,0.1429,31.2585,10.9215,24.4795,-0.5699,10.0139,0.4804,4.8744,26.1462,24.629,0.0084,0.1543,0.0311,0.1207,1.0083,85.483,74.0649,85.5665,85.112,83.391,-0.4408,24.4823,52.2745,11.4409,226539908892.0,26501998423.9,-0.167,2.48,7.9402,7.336,2.1643,-339794661.56,-249540697.8,-0.007,11885794037.4,-1222161248.73,-9.7252,-1.7773,0.0982,129187055.93,156494308.41,17874.1372,27.8254,-7.4614,0.123,2803204.02,0.8145,153609155.54,1.5241,-1.7803,0.0982,27307252.48,76.4627,96550981.385,114497279.968,129525085.635,75223482.76,-1479221119.26,0.4116,-1.8023,0.2755,-0.5536,0.1191,0.1191,-1.6597,4.9529,-4.6486,4.4481,2.229,0.0357,11.5567,19.0597,-1.1026,0.9851,-0.5018,1.0089,-185.3601,21.5787,-0.0092,0.2485,0.0167,-1.0705,0.5833,-18.2379,174.5021,44.6188,44.8778,44.8387,0.137,0.9975,1.0113,0.0014,2.0061,5360499398.37,-12421375214.4,1.0301,-0.1103,0.9791,0.0102,0.019,-0.0583,0.9981,1.0564,-0.0407,-2.0903,-1.7727,0.8019,0.7983,-0.1824,0.6927,49.3299,0.67,0.5696,0.002,60.9849,-0.9134,-2.2837,28366721501.6,9.0136,14.8,-0.0125,1.1105,-0.748,0.7096,0.349,0.0293,2017.1164,26.32,-0.2032,-0.5761,-0.2201,-1.1268,-0.5408,0.5868,-0.0026,-10828406215.9,19602410807.8,84.8513,84.6407,4.9529,-4.6486,29.0889,-0.2118,118505706870.0,0.1359,-1.8023,-1476417915.24,-12421375214.4,0.3995,-0.2129,0.6566,0.0003,-0.0007,1325.1822,1074.0182,515.9121,162.3548,3.7141,2.6248,1.4618,39.8267,0.9721,0.4382,0.0965,0.1725,-1632665.1855,-1790856.1679,14248420.7208,14533792.6115,16324648.7794,13012350.5803,-316381.9648,0.0263,0.0416,0.0261,0.0401,0.0216,0.0358,0.3708,-0.2743,-0.4215,-2.5989,-40.0289,-46.5332,1.6791,7278128.8948,5719511.5805,52.2615,84.78,84.45,84.84,84.01,11092571.0,936153801.46
2025-08-18,0.1106,0.25,3.29,-238.1319,-250.2808,0.5082,44.4766,41.0261,-233.8705,0.5493,-0.7602,0.2237,0.492,85.8271,1.2146,56.0,68.0,12.0,203.3692,5.0859,25.4982,2.5162,2.0128,6.0232,0.9928,85.2492,-0.7009,1.8321,1.0727,1.7004,0.4543,0.2826,0.4798,0.7155,2.8437,82.8211,88.0989,0.0,117.5421,4.3153,10.6609,4.2281,0.6326,-0.9569,-14.8361,-2.5274,48.9341,54.2208,0.0518,0.058,1.7001,-24.3648,14.0,11.87,-8.2335,0.7438,-0.5597,-11345125045.8,94.4602,0.0074,9.4265,-0.0141,-0.0159,-0.0174,-0.2592,-0.0804,1.3419,0.4186,3.2057,0.4786,4.9295,0.8154,-0.044,0.0302,0.3249,0.5402,0.4598,0.539,-2.0,-0.2679,0.016,85.338,77.7937,85.3358,85.22,85.0109,85.319,82.3721,1.4001,-1.4414,-0.4574,0.2343,1.8599,0.1846,-1.0225,-0.0053,0.8327,-1.9918,0.0993,-1.9193,366.5509,3.1221,2.6169,3.9409,0.4818,0.0815,0.4755,28.0,-0.0866,1.647,0.0364,0.0392,0.6329,0.0116,0.0677,-0.1593,0.0041,0.337,0.1429,28.7613,13.7781,23.7669,-0.5178,9.9949,0.5984,4.7723,26.159,24.6418,0.0084,0.1543,0.0311,0.1207,0.9972,85.628,74.2445,85.46,85.26,83.4956,-0.3074,24.427,56.0992,10.263,229452488518.0,26064257200.7,0.336,1.45,7.9402,7.336,2.1643,-339794661.56,-249540697.8,-0.007,11885794037.4,-1222161248.73,-9.7252,-1.7773,0.0982,129187055.93,156494308.41,17900.3496,27.8254,-7.4614,0.123,2803204.02,0.8145,153609155.54,1.5241,-1.7803,0.0982,27307252.48,76.4627,98696622.735,124154461.135,148049544.635,75223482.76,-1479221119.26,0.4116,-1.8023,0.2755,-0.5536,0.1191,0.1191,-1.6597,4.9529,-4.6486,4.4481,2.229,0.0357,11.7053,19.3048,-1.1313,0.9906,-0.5066,1.0116,-187.7432,25.5039,0.0048,0.2617,0.0284,-1.0718,0.6667,-18.4724,176.7456,44.7103,44.9165,45.0769,0.1367,1.0143,1.0431,0.0027,2.0061,5360499398.37,-12421375214.4,1.0172,-0.1375,0.9758,-0.0007,0.0329,-0.0701,1.0087,1.0788,-0.0407,-2.4205,1.0949,0.8019,0.7983,-0.1824,0.6927,53.6823,0.6846,0.5814,0.0021,65.2505,-0.9134,-2.2837,28366721501.6,9.0136,13.55,-0.0125,1.1995,-0.8915,0.9206,0.3526,0.0169,2043.0501,27.55,-0.2015,-0.5919,-0.2512,-1.1268,-0.5408,0.5784,-0.0026,-10828406215.9,19602410807.8,85.2322,85.4147,4.9529,-4.6486,29.0889,-0.2118,118505706870.0,0.1359,-1.8023,-1476417915.24,-12421375214.4,0.4331,-0.2564,0.842,0.0002,-0.0005,1302.8379,1167.0689,493.021,258.7822,3.6958,1.8541,1.4618,46.069,1.0121,0.4377,0.0951,0.1726,-1574103.428,-1339856.3979,15025882.2261,15147741.2867,16487597.6846,14849720.0535,468494.0602,0.0275,0.0416,0.0257,0.0402,0.0242,0.0355,0.3609,0.215,-0.3489,-0.445,49.3707,54.9226,1.9623,7201664.2691,5482972.0147,74.7134,85.87,84.77,86.0,84.63,18524459.0,1581537156.56
2025-08-19,0.1106,4.69,5.04,-238.406,-245.5169,0.4514,44.6348,42.7992,-227.06,0.5666,-0.363,0.3203,0.588,85.0289,1.2121,52.0,64.0,12.0,202.9586,30.9414,25.4982,2.5672,2.2157,6.0232,0.9903,85.6075,-1.2208,1.8306,1.1622,1.6914,0.3911,0.7634,1.175,1.1987,3.3776,82.8326,88.0594,0.0,117.9297,4.3153,10.6609,4.2281,0.6326,-0.9569,23.2545,50.4558,96.8578,58.6401,0.0515,0.0576,6.4251,-12.728,12.73,12.45,-1.112,0.7505,0.2575,-11345125045.8,98.9684,0.0074,9.3485,-0.013,-0.0158,-0.0162,-0.0895,0.1156,1.3459,0.4195,3.208,0.4608,4.9295,0.8154,-0.044,0.0302,0.3897,0.4422,0.5578,0.4671,-2.0,-0.2679,0.0374,85.5402,77.9368,85.5072,85.3372,85.1175,85.696,82.5058,2.0846,0.874,-0.4574,0.2343,1.8599,0.1846,-1.0225,-0.0053,0.8432,-1.9918,0.0993,-1.9193,369.0267,3.1232,1.3087,3.9331,0.482,0.0408,0.4745,26.0,-0.0866,1.6453,0.0362,0.0392,0.6727,0.0113,0.0708,-0.07,0.0146,0.337,0.25,30.5321,41.1572,34.0738,-0.3688,9.9979,0.6011,4.7575,26.1657,24.6485,0.0084,0.1543,0.0311,0.1207,0.9924,85.795,74.4371,85.446,85.426,83.6255,-0.1422,24.5219,60.8661,8.7179,231002301530.0,26104497389.1,0.698,1.67,7.9402,7.336,2.1643,-339794661.56,-249540697.8,-0.007,11885794037.4,-1222161248.73,-9.7252,-1.7773,0.0982,129187055.93,156494308.41,17914.1724,27.8254,-7.4614,0.123,2803204.02,0.8145,153609155.54,1.5241,-1.7803,0.0982,27307252.48,76.4627,102753931.835,135215056.968,167516621.635,75223482.76,-1479221119.26,0.4116,-1.8023,0.2755,-0.5536,0.1191,0.1191,-1.6597,4.9529,-4.6486,4.4481,2.229,0.0357,11.7844,19.4352,-1.1718,1.004,-0.5162,1.0233,-189.0113,29.4549,0.0118,0.2672,0.0338,-1.0802,0.75,-18.5972,177.9394,44.8425,44.9731,45.2084,0.2424,1.0504,1.0467,0.0045,2.0061,5360499398.37,-12421375214.4,1.0197,-0.1009,0.9968,-0.0034,0.0129,-0.0894,1.0097,1.0991,-0.0407,-0.3228,1.5506,0.8019,0.7983,-0.1824,0.6927,64.1638,0.7002,0.5882,0.0022,69.1071,-0.9134,-2.2837,28366721501.6,9.0136,13.55,-0.0125,1.2684,-0.035,1.1075,0.3705,0.0193,2056.8497,24.7,-0.1998,-0.6026,-0.2686,-1.1268,-0.5408,0.5741,-0.0026,-10828406215.9,19602410807.8,85.7562,86.1766,4.9529,-4.6486,29.0889,-0.2118,118505706870.0,0.1359,-1.8023,-1476417915.24,-12421375214.4,0.458,-0.0092,1.1744,0.0002,0.0002,1304.3264,1288.1533,494.1378,300.0662,3.6612,0.9173,1.4618,54.12,1.0449,0.437,0.0933,0.172,-1438491.8189,-896045.3827,15833372.185,15812254.4734,16708299.8561,16388839.0357,1084892.8724,0.0286,0.0416,0.0258,0.0403,0.0254,0.0355,0.362,0.2785,-0.3187,0.5266,52.2387,76.227,2.0455,7150024.633,5509271.053,75.8179,86.45,85.69,87.5,84.27,19467077.0,1670256133.22
2025-08-20,0.1106,8.17,5.53,-238.7727,-242.8937,0.5029,45.8803,46.7419,-237.8929,0.5983,-0.1197,0.3243,0.9436,95.6663,1.21,48.0,60.0,12.0,235.3053,48.2423,25.4982,2.8017,2.8214,6.0232,0.9801,86.0362,-0.0078,1.8415,1.1719,1.6854,0.4507,2.4378,2.5779,2.2576,4.7802,82.7639,88.3841,0.0,139.639,4.3153,10.6609,4.2281,0.6326,-0.9569,221.6405,199.2545,152.5317,79.6424,0.0507,0.0566,4.3271,-19.4487,11.22,13.78,10.24,0.7309,1.5454,-11345125045.8,131.0675,0.0073,9.2803,-0.0133,-0.0143,-0.0096,-0.0272,0.3328,1.3461,0.4197,3.2072,0.4771,4.9295,0.8154,-0.044,0.0302,0.5422,0.3336,0.6664,0.4048,-2.0,-0.2679,0.0666,85.9474,78.0995,85.8569,85.5698,85.3147,86.3907,82.6787,7.1921,9.0712,-0.4574,0.2343,1.8599,0.1846,-1.0225,-0.0052,0.8672,-1.9918,0.0993,-1.9193,374.704,3.1186,1.3039,3.9275,0.4813,0.0406,0.4739,24.0,-0.0866,1.644,0.036,0.0392,0.6634,0.0105,0.0748,-0.0097,0.0128,0.337,0.2857,33.4097,50.6756,39.165,-0.0769,9.9543,0.5597,4.6351,26.181,24.6638,0.0084,0.1543,0.0311,0.1207,0.9762,85.691,74.6436,85.574,85.842,83.7754,0.1302,24.9193,62.7967,6.9231,234556183092.0,27929256117.0,0.234,-1.04,7.9402,7.336,2.1643,-339794661.56,-249540697.8,-0.007,11885794037.4,-1222161248.73,-9.7252,-1.7773,0.0982,129187055.93,156494308.41,17945.5491,27.8254,-7.4614,0.123,2803204.02,0.8145,153609155.54,1.5241,-1.7803,0.0982,27307252.48,76.4627,109117905.385,149134291.135,200695771.635,75223482.76,-1479221119.26,0.4116,-1.8023,0.2755,-0.5536,0.1191,0.1191,-1.6597,4.9529,-4.6486,4.4481,2.229,0.0357,11.9657,19.7342,-1.2066,1.0101,-0.5227,1.0288,-191.9192,43.1884,0.0258,0.2834,0.0478,-1.0817,0.75,-18.8833,180.6769,44.992,45.0993,45.7188,0.3263,1.0398,1.0209,0.0067,2.0061,5360499398.37,-12421375214.4,0.9883,-0.0961,1.03,0.0191,-0.0057,-0.0899,1.0243,1.1142,-0.0407,3.004,2.5228,0.8019,0.7983,-0.1824,0.6927,62.1212,0.7208,0.6034,0.0021,71.9493,-0.9134,-2.2837,28366721501.6,9.0136,13.55,-0.0125,1.3339,1.3181,1.2432,0.2617,-0.0117,2088.4935,27.26,-0.1954,-0.5583,-0.2798,-1.1268,-0.5408,0.5644,-0.0026,-10828406215.9,19602410807.8,86.7069,87.4257,4.9529,-4.6486,29.0889,-0.2118,118505706870.0,0.1359,-1.8023,-1476417915.24,-12421375214.4,0.4789,0.3406,1.1464,0.0004,0.0014,1396.4776,1552.2944,613.1998,747.2808,3.6612,0.8612,1.4618,49.7115,1.0383,0.4371,0.0917,0.1727,-1039649.1102,555721.7247,18987149.9695,18484084.5544,17928362.8297,21985609.3571,3190741.6698,0.0285,0.0418,0.0275,0.0405,0.0322,0.0357,0.4193,1.0761,-0.1193,5.6803,182.6218,107.0162,2.0935,6804884.5074,6781635.4984,65.2066,87.78,86.27,91.66,85.81,33179150.0,2951502375.38
2025-08-21,0.1106,11.13,8.84,-237.8333,-236.7173,0.5028,45.0871,50.1589,-214.2327,0.6669,0.1159,0.5083,1.4032,103.0057,1.2088,44.0,100.0,56.0,243.7298,91.2237,25.4982,2.9244,3.1045,6.0232,0.9624,86.721,-0.371,1.8492,1.2185,1.6915,0.4468,4.6926,5.0521,3.5771,7.2872,82.3115,89.2415,0.0,140.7241,4.3153,10.6609,4.2281,0.6326,-0.9569,179.8319,192.3264,93.873,84.5206,0.0494,0.055,10.6037,-7.1216,11.22,15.27,15.2888,0.7019,3.4818,-11345125045.8,122.4058,0.0071,9.2346,-0.0118,-0.0129,-0.0036,0.4933,0.2912,1.3472,0.4198,3.2095,0.5499,4.9295,0.8154,-0.044,0.0302,0.8413,0.3544,0.6456,0.3508,-2.0,-0.2679,0.0502,86.7042,78.298,86.5112,86.0022,85.6699,87.6304,82.9224,8.3305,7.8132,-0.4574,0.2343,1.8599,0.1846,-1.0225,-0.0051,0.909,-1.9918,0.0993,-1.9193,384.65,3.1084,1.3075,3.9191,0.4797,0.0407,0.4728,22.0,-0.0866,1.6445,0.0359,0.0392,0.6632,0.0105,0.0822,0.045,0.0387,0.337,0.2857,39.8392,78.4165,52.6983,0.2797,9.8525,0.1153,4.4276,26.2072,24.69,0.0084,0.1543,0.0311,0.1207,0.9552,86.071,74.8751,85.7765,86.998,83.9895,0.5828,25.1372,65.0607,5.7483,240782156054.0,29465582542.8,0.589,3.8,7.9402,7.336,2.1643,-339794661.56,-249540697.8,-0.007,11885794037.4,-1222161248.73,-9.7252,-1.7773,0.0982,129187055.93,156494308.41,17999.4736,27.8254,-7.4614,0.123,2803204.02,0.8145,153609155.54,1.5241,-1.7803,0.0982,27307252.48,78.4923,116326172.435,165797993.468,230568422.635,75223482.76,-1479221119.26,0.4116,-1.8023,0.2755,-0.5536,0.1191,0.1191,-1.6597,4.9529,-4.6486,4.4481,2.229,0.0357,12.2833,20.258,-1.2533,1.0247,-0.5339,1.0425,-197.0134,35.8595,0.0505,0.314,0.0729,-1.0858,0.75,-19.3845,180.6769,45.2031,45.3557,46.5117,0.4982,1.0629,1.0407,0.0054,2.0061,5360499398.37,-12421375214.4,1.044,-0.0508,1.0471,0.0396,0.0214,-0.0977,1.0685,1.1662,-0.0407,4.706,5.1459,0.8019,0.7983,-0.1824,0.6927,66.8351,0.7664,0.6425,0.002,76.2973,-0.9134,-2.2837,28366721501.6,9.0136,13.55,-0.0125,1.4496,1.9314,1.701,0.7964,0.0422,2143.9297,27.25,-0.1932,-0.5087,-0.2782,-1.1268,-0.5408,0.5481,-0.0026,-10828406215.9,19602410807.8,88.383,89.5569,4.9529,-4.6486,29.0889,-0.2118,118505706870.0,0.1359,-1.8023,-1476417915.24,-12421375214.4,0.5186,0.4982,1.5842,0.0008,0.0034,1473.9987,1805.0792,670.8592,834.3777,3.5504,0.4801,1.4618,57.0627,1.1292,0.4378,0.0988,0.1732,-547109.9315,1423046.7835,20966331.975,20236171.6999,18813124.9164,24614623.2381,3940313.43,0.0301,0.0419,0.029,0.0407,0.0383,0.0358,0.4344,0.7852,0.0663,8.454,136.1834,122.8331,2.1394,7919574.042,7381634.5042,75.4132,90.11,86.8,90.58,86.06,29872651.0,2664107707.16
2025-08-22,0.1106,23.42,21.71,-235.0699,-223.3479,0.6242,45.1466,55.2147,-178.1517,0.7439,0.2251,0.5057,3.226,94.8561,1.2074,40.0,100.0,60.0,246.5771,299.1075,25.4982,3.6541,4.7771,6.0232,0.8933,88.761,-0.418,1.9881,2.4243,1.8422,1.2504,13.5374,14.8936,10.5056,17.7774,79.5003,93.4597,0.0,151.721,4.3153,10.6609,4.2281,0.6326,-0.9569,245.7288,370.954,166.6667,155.6611,0.0448,0.0493,23.6877,61.4194,10.45,24.52,40.2345,0.729,9.214,-11345125045.8,174.9829,0.0064,9.6916,-0.0061,-0.0101,0.0086,1.7326,0.4694,1.3488,0.4198,3.2127,0.8007,4.9295,0.8154,-0.044,0.0302,1.804,0.2653,0.7347,0.304,-2.0,-0.2679,0.1322,89.0053,78.6461,88.488,87.2744,86.684,91.5403,83.4613,20.3938,37.3749,-0.4574,0.2343,1.8599,0.1846,-1.0225,-0.0046,1.0,-1.9918,0.0993,-1.9193,424.1352,3.1687,4.4525,4.1114,0.489,0.1387,0.4961,22.0,-0.0866,1.6726,0.0363,0.0394,0.7036,0.0122,0.0993,0.1986,0.0898,0.337,0.3333,48.3094,99.1306,65.2498,0.7798,8.8744,4.6732,3.9099,26.3049,24.7877,0.0084,0.1543,0.0311,0.1207,0.8808,87.513,75.1969,86.48,89.914,84.3625,2.0066,25.785,73.6366,3.987,265499001504.0,33224920225.9,2.066,14.42,7.9402,7.336,2.1643,-339794661.56,-249540697.8,-0.007,11885794037.4,-1222161248.73,-9.7252,-1.7773,0.0982,129187055.93,156494308.41,18201.5688,27.8254,-7.4614,0.123,2803204.02,0.8145,153609155.54,1.5241,-1.7803,0.0982,27307252.48,78.4923,126442796.135,192501255.968,278652089.635,75223482.76,-1479221119.26,0.4116,-1.8023,0.2755,-0.5536,0.1191,0.1191,-1.6597,4.9529,-4.6486,4.4481,2.229,0.0357,13.5442,22.3375,-1.3167,1.0489,-0.5513,1.0675,-217.2373,62.8933,0.1489,0.4442,0.1778,-1.0793,0.75,-21.3744,199.2238,45.6887,46.467,51.4476,0.8386,1.1187,1.1291,0.0121,2.0061,5360499398.37,-12421375214.4,1.1698,0.048,1.165,0.1358,0.007,-0.1188,1.172,1.2908,-0.0407,16.4967,17.8228,0.8019,0.7983,-0.1824,0.6927,75.0475,0.873,0.7522,0.002,83.8367,-0.9134,-2.2837,28366721501.6,9.0136,13.55,-0.0125,1.8165,4.2597,2.4873,2.8644,0.1451,2364.009,36.06,-0.1874,-0.4135,-0.2577,-1.1268,-0.5408,0.4919,-0.0026,-10828406215.9,19602410807.8,93.6537,96.8912,4.9529,-4.6486,29.0889,-0.2118,118505706870.0,0.1359,-1.8023,-1476417915.24,-12421375214.4,0.6171,0.826,0.921,0.0019,0.0089,1655.5866,2382.2782,934.9762,1271.6797,3.2707,0.0,1.4618,66.5467,1.5768,0.4562,0.221,0.2144,270129.7602,3539088.5272,25896756.525,24520401.7461,20981313.2189,32437637.8254,6537917.534,0.0362,0.0423,0.0322,0.041,0.0509,0.0367,0.5268,1.7878,0.4837,9.5577,39.5566,295.6301,2.3312,12138681.4422,9936767.9915,98.407,99.36,90.3,101.0,87.86,48083667.0,4490112278.49
2025-08-25,0.1106,25.47,23.63,-233.2536,-215.2142,0.7276,46.7935,60.1257,-200.0776,0.7545,0.2003,0.5491,4.764,93.8658,1.2065,36.0,100.0,64.0,271.6639,381.6891,25.4982,4.1302,5.7009,6.0232,0.8987,91.0401,8.4717,1.9376,2.0453,1.7973,1.1674,13.6542,16.0932,8.9247,19.4838,77.6503,96.8647,0.0,177.7981,4.3153,10.6609,4.2281,0.6326,-0.9569,219.3215,362.2213,124.1024,227.1801,0.0439,0.0483,19.9104,114.6882,10.45,26.0,42.6612,0.7252,15.3406,-11345125045.8,223.5853,0.0063,9.6231,-0.0004,-0.0076,0.0176,2.8898,0.5296,1.3488,0.4198,3.2127,1.1791,4.9295,0.8154,-0.044,0.0302,2.6924,0.2352,0.7648,0.2635,-2.0,-0.2679,0.1019,91.2407,79.0206,90.459,88.6102,87.7666,94.7935,84.0462,33.3812,72.9025,-0.4574,0.2343,1.8599,0.1846,-1.0225,-0.0045,1.0,-1.9918,0.0993,-1.9193,432.4165,3.1643,4.4228,4.0973,0.4883,0.1377,0.4943,20.0,-0.0866,1.6666,0.0362,0.0394,0.7371,0.0114,0.1035,0.1893,0.0924,0.337,0.3333,54.4167,91.0605,66.6313,1.3451,8.8622,4.3763,3.8093,26.3242,24.807,0.0084,0.1543,0.0311,0.1207,0.8799,89.13,75.5456,87.2575,93.0,84.7814,3.0266,26.298,83.0119,3.0571,270682858820.0,36772554896.9,3.745,16.17,7.9402,7.336,2.1643,-339794661.56,-249540697.8,-0.007,11885794037.4,-1222161248.73,-9.7252,-1.7773,0.0982,129187055.93,156494308.41,18241.7384,27.8254,-7.4614,0.123,2803204.02,0.8145,153609155.54,1.5241,-1.7803,0.0982,27307252.48,80.0249,138169669.885,224989869.802,324456768.635,75223482.76,-1479221119.26,0.4116,-1.8023,0.2755,-0.5536,0.1191,0.1191,-1.6597,4.9529,-4.6486,4.4481,2.229,0.0357,13.8087,22.7736,-1.4879,1.1471,-0.6118,1.1718,-221.4788,73.8243,0.1609,0.4675,0.1948,-1.0547,0.8333,-21.7917,199.2238,46.2977,47.7175,52.3419,0.8482,1.1737,1.168,0.0107,2.0061,5360499398.37,-12421375214.4,1.1899,0.0692,1.1813,0.1544,-0.0016,-0.1503,1.1797,1.33,-0.0407,18.1341,19.4857,0.8019,0.7983,-0.1824,0.6927,86.6146,0.9008,0.857,0.0019,89.2401,-0.9134,-2.2837,28366721501.6,9.0136,12.39,-0.0125,1.9428,4.6173,2.7572,2.2715,0.1596,2410.1662,45.49,-0.1806,-0.3252,-0.2428,-1.1268,-0.5408,0.4815,-0.0026,-10828406215.9,19602410807.8,97.9681,101.2111,4.9529,-4.6486,29.0889,-0.2118,118505706870.0,0.1359,-1.8023,-1476417915.24,-12421375214.4,0.6764,1.0649,1.0933,0.0035,0.0145,1833.4654,3014.152,1151.1244,1348.9672,2.9952,0.0,1.4618,58.9395,2.1854,0.4551,0.2225,0.2143,1211068.7851,4974824.8845,29516378.7932,27794905.939,22820081.0545,36893318.2169,7527512.1988,0.0422,0.0426,0.035,0.0413,0.0602,0.0374,0.5623,1.4478,0.792,14.1947,120.7811,312.9311,3.1338,13750492.5444,11506039.4214,108.5131,101.3,99.5,108.93,98.61,45804679.0,4727396508.57
2025-08-26,0.1106,19.36,18.98,-233.3196,-213.1121,0.7597,50.3624,63.5072,-221.2576,0.5942,-0.3039,0.3821,5.1644,93.3184,1.2056,32.0,96.0,64.0,254.4986,339.7776,25.4982,4.1173,5.4091,6.0232,0.9416,92.6739,6.5586,1.9587,2.148,1.8112,1.2306,8.8596,12.0912,3.1721,15.5992,76.9747,98.6323,0.0,161.1802,4.3153,10.6609,4.2281,0.6326,-0.9569,110.0439,206.1694,54.4123,193.0148,0.0452,0.0499,9.816,103.4242,13.33,24.25,29.058,0.7367,18.4846,-11345125045.8,185.7717,0.0065,9.6041,0.002,-0.0065,0.021,2.9675,0.4122,1.3493,0.419,3.2199,1.5689,4.9295,0.8154,-0.044,0.0305,3.128,0.2939,0.7061,1.1139,-2.0,-0.2679,0.0401,92.546,79.3412,91.6838,89.5444,88.5558,96.0024,84.5175,23.8785,62.9637,-0.4574,0.2343,1.8599,0.1846,-1.0225,-0.0046,0.9534,-1.9918,0.0993,-1.9193,420.1227,3.1646,4.3862,4.0929,0.4883,0.1377,0.4943,18.0,-0.0866,1.6734,0.0361,0.0395,0.7304,0.0112,0.0877,0.1063,0.0729,0.337,0.2857,57.5116,76.0813,63.7015,1.4774,9.0966,4.1389,3.687,26.2954,24.7782,0.0084,0.1543,0.0314,0.1208,0.9186,90.41,75.8447,87.8035,95.394,85.139,3.1182,26.5547,87.9138,5.0218,262987235588.0,38133047051.6,5.213,12.8,7.9402,7.336,2.1643,-339794661.56,-249540697.8,-0.007,11885794037.4,-1222161248.73,-9.7252,-1.7773,0.0982,129187055.93,156494308.41,18181.8439,27.8254,-7.4614,0.123,2803204.02,0.8145,153609155.54,1.5241,-1.7803,0.0982,27307252.48,77.7498,147552333.435,249532708.635,295306577.635,75223482.76,-1479221119.26,0.4116,-1.8023,0.2755,-0.5536,0.1191,0.1191,-1.6597,4.9529,-4.6486,4.4481,2.229,0.0357,13.4161,22.1262,-1.5554,1.1598,-0.6277,1.1891,-215.1821,64.1815,0.1209,0.4213,0.156,-1.0313,0.8333,-21.1722,199.2238,46.8534,48.7902,51.5131,0.7586,1.1587,1.1549,0.0047,2.0061,5360499398.37,-12421375214.4,1.1495,0.0368,1.1248,0.1136,0.0137,-0.1402,1.1385,1.2787,-0.0407,12.48,14.6151,0.8019,0.7983,-0.1824,0.6927,80.6642,0.8676,0.8282,0.002,62.9675,-0.9134,-2.2837,28366721501.6,9.0136,11.42,-0.0125,1.7012,3.2195,2.3821,1.7613,0.1301,2341.6442,47.53,-0.1765,-0.2889,-0.2399,-1.1268,-0.5408,0.4971,-0.0026,-10828406215.9,19602410807.8,99.3917,100.6323,4.9529,-4.6486,29.0889,-0.2118,118505706870.0,0.1359,-1.8023,-1476417915.24,-12421375214.4,0.5845,0.7302,0.9055,0.0049,0.0167,1901.9025,3234.1063,1172.7748,1163.4984,2.9123,1.2714,1.4618,54.7073,1.894,0.4529,0.2373,0.2188,1911741.6772,4714433.2455,29449799.1944,28003411.333,23288978.0875,34312275.8113,5605383.1366,0.0445,0.0425,0.036,0.0415,0.0635,0.0374,0.5533,0.4253,0.8717,18.3487,143.7871,57.3606,2.7365,13447215.1211,11639757.6929,104.1248,98.42,99.79,101.83,97.88,29150191.0,2901262845.45
2025-08-27,0.1106,25.27,19.19,-233.0111,-212.5014,0.7062,52.9128,65.3526,-223.3956,0.7262,0.9052,0.6224,5.1164,101.1089,1.204,28.0,92.0,64.0,274.7947,330.0128,25.4982,4.1904,5.3642,6.0232,0.942,93.6561,4.5517,1.9099,1.6734,1.7458,1.0749,8.3219,12.3073,1.7376,16.2551,76.6165,100.4335,0.0,173.6858,4.3153,10.6609,4.2281,0.6326,-0.9569,83.9237,165.8309,37.0776,197.5385,0.0447,0.0493,4.1139,122.3976,10.82,25.25,40.0055,0.7705,22.0427,-11345125045.8,191.7866,0.0064,9.5268,0.0047,-0.0057,0.0199,2.7583,0.4482,1.3319,0.4137,3.2195,1.9578,4.9295,0.8154,-0.044,0.0308,3.5135,0.2759,0.7241,0.9654,-2.0,-0.2679,0.0517,93.7958,79.6731,92.874,90.485,89.3605,97.1416,85.0061,24.6971,60.6719,-0.4574,0.2343,1.8599,0.1846,-1.0225,-0.0046,0.9697,-1.9918,0.0993,-1.9193,424.3914,3.1677,4.3146,4.0805,0.4888,0.1355,0.4928,16.0,-0.0866,1.6673,0.0361,0.0395,0.7267,0.0103,0.0959,0.2133,0.0924,0.337,0.375,59.3678,70.5053,63.0803,1.6895,9.0842,4.655,3.6498,26.3055,24.7883,0.0084,0.1543,0.0314,0.1208,0.9232,91.782,76.1572,88.525,97.722,85.5188,3.1114,26.8007,93.6055,6.9809,265659326988.0,39584677336.1,6.514,13.72,7.9402,7.336,2.1643,-339794661.56,-249540697.8,-0.007,11885794037.4,-1222161248.73,-9.7252,-1.7773,0.0982,129187055.93,156494308.41,18202.822,27.8254,-7.4614,0.123,2803204.02,0.8145,153609155.54,1.5241,-1.7803,0.0982,27307252.48,77.7498,159386099.535,275918620.468,325832092.635,75223482.76,-1479221119.26,0.4116,-1.8023,0.2755,-0.5536,0.1191,0.1191,-1.6597,4.9529,-4.6486,4.4481,2.229,0.0357,13.5524,22.351,-1.5489,1.1179,-0.6136,1.1505,-217.3685,54.6536,0.1231,0.4311,0.1626,-1.0603,0.8333,-21.3873,201.248,47.4329,49.8927,51.8233,0.8565,1.1679,1.1552,0.0057,2.0061,5360499398.37,-12421375214.4,1.1601,0.1072,1.1698,0.1433,-0.0372,-0.1648,1.1326,1.2974,-0.0407,16.9785,15.0029,0.8019,0.7983,-0.1824,0.6927,81.3515,0.894,0.8383,0.0021,72.6987,-0.9134,-2.2837,28366721501.6,9.0136,13.66,-0.0125,1.7627,4.3766,2.5132,1.3587,0.138,2365.4366,46.49,-0.172,-0.2598,-0.2318,-1.1268,-0.5408,0.4916,-0.0026,-10828406215.9,19602410807.8,100.6059,100.6539,4.9529,-4.6486,29.0889,-0.2118,118505706870.0,0.1359,-1.8023,-1476417915.24,-12421375214.4,0.6209,1.2278,1.0931,0.0061,0.0171,1973.4625,3460.1253,1196.4979,901.0729,2.7554,1.5184,1.4618,53.7529,2.5707,0.4526,0.2204,0.2186,2442675.2264,4566409.423,29645383.8863,28391427.2818,23825017.8588,33050022.2075,4247468.3932,0.0474,0.0427,0.037,0.0417,0.0626,0.0378,0.5455,0.4717,0.8314,21.7584,176.3343,56.8058,2.8738,12725714.9879,11804932.394,109.9681,99.42,97.55,102.17,97.03,30525515.0,3026370221.31
2025-08-28,0.0478,21.38,12.44,-232.2608,-208.6598,0.5932,51.147,60.6877,-214.8437,0.6171,0.0085,0.4833,5.2916,80.5871,1.202,24.0,88.0,64.0,225.5189,244.3227,25.4773,4.4939,5.8768,6.0232,0.9898,93.6723,-1.8071,1.802,1.3155,1.6014,0.7243,1.9685,6.3084,-4.0435,10.3078,76.962,101.086,0.0,144.9318,4.3151,6.56,0.7099,-0.3702,-0.3217,18.6452,73.8824,-107.0536,138.871,0.0146,0.0154,4.1283,141.9855,15.27,25.25,24.6298,0.7476,23.2673,-9759520135.08,155.0955,0.0067,9.5981,0.0091,-0.0036,0.0228,1.5027,0.2748,1.3287,0.4134,3.2139,2.245,5.0943,0.8195,0.0218,0.0312,3.3941,0.3626,0.6374,1.7021,-2.0,-0.2679,0.0634,93.9493,79.9205,93.1457,90.8807,89.7516,96.3077,85.3219,19.8639,37.8393,-0.6949,0.6832,1.7848,0.1805,-0.6834,-0.0074,0.8922,-3.7916,0.1011,-1.2532,138.5189,3.1539,3.344,4.0119,0.4888,0.1355,0.4928,16.0,-0.1478,1.6378,0.0369,0.0398,0.6117,0.0107,0.0819,0.0489,0.0431,0.2519,0.2857,58.2688,51.6748,56.0708,1.5217,8.891,3.4473,3.3952,26.2562,24.739,0.0068,0.155,0.0405,0.1228,0.9807,92.813,76.4249,89.024,98.628,85.7963,2.2982,27.0021,99.3351,23.5918,252886730096.0,42196356862.5,7.578,10.31,7.3388,6.9866,1.1691,-1406238764.7,-381222996.31,-0.0024,3684558817.11,-1856912522.23,-1.9842,-1.6444,0.1632,854582077.28,912824017.65,18100.7258,-8.2604,-1.5423,0.0387,4736640.76,0.9294,945620147.06,14.4373,-1.6449,0.1632,58241940.37,77.7498,169896334.335,290295958.302,286959798.635,927792416.58,-2195988299.69,0.8285,-1.6427,0.8403,-0.8218,0.1918,0.1918,-1.3297,15.4951,-4.2858,1.3789,1.3286,-0.0884,13.5459,68.6342,-1.6042,1.1195,-0.6238,1.1574,-136.1867,44.1675,0.0631,0.3582,0.1031,-1.0669,0.75,-22.0824,191.5722,47.849,50.5987,49.9544,0.717,1.1053,1.1096,0.0054,1.6522,4414706901.1,-11451939440.8,1.1223,0.0326,1.1179,0.0342,-0.0676,-0.1632,1.0503,1.2135,-0.0317,11.7883,7.815,4.7918,4.8896,-0.1688,5.8509,66.6544,0.8573,0.8269,0.0019,56.6896,-0.8522,-1.5635,17904784408.2,1.4534,18.91,-0.0125,1.5736,2.9511,1.8802,1.1074,0.1089,2251.7091,46.49,-0.1664,-0.2154,-0.2187,-1.1268,-0.5408,0.4852,-0.0135,-9062877526.49,18668813240.7,99.0655,96.9939,15.4951,-4.2858,27.4397,-0.1322,116052026222.0,0.2377,-1.6426,-2191251658.93,-11451939440.8,0.5912,1.1416,1.2433,0.0068,0.0142,2102.9237,3574.603,1230.808,866.4992,3.0593,3.3091,1.105,52.0596,2.2279,0.4584,0.259,0.2294,2966987.6629,5064237.4091,31323003.907,30003868.3154,24939630.9063,34990779.4717,4194499.4924,0.052,0.0429,0.0393,0.0419,0.0657,0.0382,0.5304,0.7652,0.8562,23.5492,142.5377,17.1588,2.3454,11854098.5599,12179226.2235,99.5843,94.64,96.98,96.98,90.98,38872294.0,3638368175.67
2025-08-29,0.0478,32.01,16.66,-229.3304,-203.5856,0.5599,50.4291,58.7037,-183.7876,0.7048,1.1839,0.5212,3.9632,76.0688,1.2026,20.0,100.0,80.0,231.987,284.7515,25.4773,4.8115,6.3873,6.0232,0.9315,94.9671,-0.4161,1.8431,1.2644,1.6434,0.8786,7.8494,13.2696,2.8282,18.3477,77.0804,102.9326,0.0,155.9182,4.3151,6.56,0.7099,-0.3702,-0.3217,65.6304,121.4918,10.9159,203.1787,0.0135,0.0142,13.6403,203.7944,12.91,32.56,43.2153,0.7315,27.4783,-9759520135.08,189.9395,0.0063,9.8033,0.0133,-0.0017,0.0187,1.5218,0.345,1.3224,0.4118,3.2112,2.565,5.0943,0.8195,0.0218,0.0315,3.845,0.3275,0.6725,1.4752,-2.0,-0.2679,0.0877,95.404,80.2846,94.5002,91.9349,90.6552,98.1885,85.8671,27.4698,55.8938,-0.6949,0.6832,1.7848,0.1805,-0.6834,-0.0069,1.0,-3.7916,0.1011,-1.2532,149.2181,3.1722,4.2583,4.0761,0.4917,0.1725,0.5007,16.0,-0.1478,1.6435,0.0373,0.04,0.5426,0.0112,0.0924,0.1842,0.0579,0.2519,0.3333,59.2722,65.2923,61.2789,1.5725,8.3068,1.8156,2.916,26.3306,24.8134,0.0068,0.155,0.0405,0.1228,0.9272,94.53,76.7478,90.0065,99.146,86.1445,2.56,27.3278,107.4265,19.0966,272419718230.0,44766970381.9,9.047,17.17,7.3388,6.9866,1.1691,-1406238764.7,-381222996.31,-0.0024,3684558817.11,-1856912522.23,-1.9842,-1.6444,0.1632,854582077.28,912824017.65,18255.0384,-8.2604,-1.5423,0.0387,4736640.76,0.9294,945620147.06,14.4373,-1.6449,0.1632,58241940.37,83.7552,182872518.085,305783149.135,323491567.635,927792416.58,-2195988299.69,0.8285,-1.6427,0.8403,-0.8218,0.1918,0.1918,-1.3297,15.4951,-4.2858,1.3789,1.3286,-0.0884,14.5922,73.9355,-1.0247,0.7099,-0.3929,0.7279,-146.7057,51.381,0.1327,0.4582,0.1835,-1.0712,0.75,-23.7881,191.5722,48.4992,51.6427,52.7761,0.8971,1.1896,1.1889,0.0083,1.6522,4414706901.1,-11451939440.8,1.2025,0.1325,1.2388,0.0199,-0.2127,-0.2317,1.0261,1.2578,-0.0317,23.8761,13.1395,4.7918,4.8896,-0.1688,5.8509,73.6811,0.9208,0.9132,0.0018,65.366,-0.8522,-1.5635,17904784408.2,1.4534,20.46,-0.0125,1.7571,5.1151,2.1314,0.9227,0.1684,2425.6313,46.49,-0.1612,-0.1655,-0.2124,-1.1268,-0.5408,0.4485,-0.0135,-9062877526.49,18668813240.7,101.1756,100.3733,15.4951,-4.2858,27.4397,-0.1322,116052026222.0,0.2377,-1.6426,-2191251658.93,-11451939440.8,0.6531,2.2272,1.2053,0.0076,0.0136,2228.284,3725.595,1246.8765,746.7706,2.7001,3.3091,1.105,59.0891,2.7842,0.4693,0.3031,0.2468,3415560.7156,5209852.9263,32270052.1057,31008160.7284,25798307.8021,35504442.6478,3588584.4214,0.0563,0.043,0.0413,0.0422,0.0617,0.038,0.5084,0.6263,0.7718,25.4779,172.5063,22.2917,2.4919,9785884.5875,12280279.7028,123.9618,101.95,94.99,102.62,93.68,36531769.0,3570060249.02
2025-09-01,0.0478,37.33,12.9,-226.1848,-201.9763,0.6023,50.8956,58.5825,-168.4954,0.754,1.2385,0.5498,3.4204,69.177,1.2036,16.0,100.0,84.0,231.6369,176.3735,25.4773,5.2557,7.1611,6.0232,0.9127,96.3722,2.1119,1.8514,1.2919,1.6548,0.9084,9.4174,15.9501,5.5858,22.0354,76.6802,105.4498,0.0,162.4599,4.3151,6.56,0.7099,-0.3702,-0.3217,105.0474,147.6492,155.3129,263.0128,0.0131,0.0137,21.1573,268.9222,12.91,34.08,45.0521,0.7276,32.2445,-9759520135.08,210.7024,0.006,9.7715,0.0163,0.0002,0.0157,2.0917,0.4078,1.3224,0.4118,3.2112,2.941,5.0943,0.8195,0.0218,0.0318,4.4448,0.2961,0.7039,1.2785,-2.0,-0.2679,0.1045,97.256,80.7029,96.2063,93.2354,91.7615,100.6556,86.5138,38.2333,53.358,-0.6949,0.6832,1.7848,0.1805,-0.6834,-0.0066,1.0,-3.7916,0.1011,-1.2532,154.5457,3.1611,4.2503,4.0627,0.4899,0.1722,0.4991,16.0,-0.1478,1.6507,0.0372,0.0401,0.5992,0.0107,0.0991,0.1946,0.0636,0.2519,0.3333,62.6383,82.8349,69.3705,1.7714,8.1648,1.5902,2.7515,26.3657,24.8485,0.0068,0.155,0.0405,0.1228,0.9139,96.502,77.1048,91.065,100.004,86.5241,3.0076,27.7614,111.2416,15.1516,282146130926.0,47731116674.1,10.874,19.72,7.3388,6.9866,1.1691,-1406238764.7,-381222996.31,-0.0024,3684558817.11,-1856912522.23,-1.9842,-1.6444,0.1632,854582077.28,912824017.65,18328.1011,-8.2604,-1.5423,0.0387,4736640.76,0.9294,945620147.06,14.4373,-1.6449,0.1632,58241940.37,83.7552,197156914.085,319573731.302,361395582.635,927792416.58,-2195988299.69,0.8285,-1.6427,0.8403,-0.8218,0.1918,0.1918,-1.3297,15.4951,-4.2858,1.3789,1.3286,-0.0884,15.1132,76.5753,-1.1261,0.7728,-0.4255,0.7867,-151.9437,56.6478,0.1595,0.5048,0.2204,-1.0794,0.8333,-24.6374,198.4121,49.2784,52.0897,54.1294,0.9057,1.2521,1.2067,0.0097,1.6522,4414706901.1,-11451939440.8,1.2296,0.1961,1.2508,0.0586,-0.2085,-0.2327,1.0423,1.275,-0.0317,25.077,6.2701,4.7918,4.8896,-0.1688,5.8509,79.0596,0.9455,0.8988,0.0017,71.9289,-0.8522,-1.5635,17904784408.2,1.4534,20.46,-0.0125,1.8846,5.2973,2.2368,0.7974,0.1868,2512.2355,51.44,-0.1558,-0.1159,-0.1975,-1.1268,-0.5408,0.4323,-0.0135,-9062877526.49,18668813240.7,104.083,104.3333,15.4951,-4.2858,27.4397,-0.1322,116052026222.0,0.2377,-1.6426,-2191251658.93,-11451939440.8,0.6986,2.276,1.2305,0.0085,0.0146,2375.1704,3631.0636,1265.6254,661.6897,2.4874,3.3091,1.105,59.6245,3.276,0.471,0.3081,0.2497,3807255.4788,5374034.5318,33294408.9956,32069061.3856,26695026.8538,36304300.0985,3133558.106,0.0596,0.0433,0.0435,0.0424,0.059,0.038,0.4819,0.6032,0.6911,27.1531,211.8724,-21.1707,2.6207,8424691.2526,12269464.6307,121.2975,105.59,102.2,108.88,97.85,37904015.0,3922923637.84
2025-09-02,0.0478,41.14,14.98,-222.7074,-195.8581,0.7037,51.4015,58.6809,-163.3685,0.7837,1.5716,0.8468,3.7464,73.4418,1.206,12.0,100.0,88.0,228.1667,125.2898,25.4773,5.4767,7.3592,6.0232,0.9246,98.21,4.2145,1.8376,1.2359,1.639,0.7748,7.8606,15.2848,4.5843,22.1286,76.5768,107.6972,0.0,154.7249,4.3151,6.56,0.7099,-0.3702,-0.3217,110.6698,139.623,99.7853,284.4787,0.013,0.0136,23.9403,238.8483,12.91,34.35,45.3661,0.7352,36.144,-9759520135.08,204.3657,0.006,9.6911,0.0189,0.002,0.0179,2.4805,0.4666,1.3233,0.4104,3.2243,3.3357,5.0943,0.8195,0.0218,0.0318,4.9144,0.2667,0.7333,1.108,-2.0,-0.2679,0.0786,98.8858,81.1247,97.7469,94.472,92.8325,102.5104,87.1599,41.8896,27.0284,-0.6949,0.6832,1.7848,0.1805,-0.6834,-0.0066,1.0,-3.7916,0.1011,-1.2532,155.4678,3.1649,4.3248,4.0567,0.4905,0.1752,0.4983,16.0,-0.1478,1.6481,0.037,0.0401,0.5615,0.0102,0.0998,0.2206,0.0926,0.2519,0.4286,66.6101,90.4409,74.5537,2.0482,8.1815,1.5888,2.98,26.3716,24.8545,0.0068,0.155,0.0405,0.1228,0.9271,98.479,77.4601,92.137,101.564,86.9739,3.1574,28.0905,116.6376,12.6015,283829548508.0,50464661579.5,12.684,19.77,7.3388,6.9866,1.1691,-1406238764.7,-381222996.31,-0.0024,3684558817.11,-1856912522.23,-1.9842,-1.6444,0.1632,854582077.28,912824017.65,18340.5097,-8.2604,-1.5423,0.0387,4736640.76,0.9294,945620147.06,14.4373,-1.6449,0.1632,58241940.37,84.2549,212607632.935,331725955.468,397370113.635,927792416.58,-2195988299.69,0.8285,-1.6427,0.8403,-0.8218,0.1918,0.1918,-1.3297,15.4951,-4.2858,1.3789,1.3286,-0.0884,15.2034,77.0322,-1.1905,0.808,-0.4431,0.8165,-152.8503,49.3534,0.1528,0.5082,0.2213,-1.0824,0.8333,-24.7844,198.4121,50.0705,52.4234,54.344,0.9299,1.2529,1.2498,0.008,1.6522,4414706901.1,-11451939440.8,1.2287,0.2378,1.2529,0.1137,-0.1736,-0.2613,1.0793,1.3406,-0.0317,25.289,4.8569,4.7918,4.8896,-0.1688,5.8509,79.1621,0.9356,0.9047,0.0018,76.7046,-0.8522,-1.5635,17904784408.2,1.4534,16.96,-0.0125,1.8635,5.3384,2.7019,0.6307,0.1861,2527.2246,57.24,-0.1505,-0.0703,-0.1906,-1.1268,-0.5408,0.4296,-0.0135,-9062877526.49,18668813240.7,106.1387,106.3108,15.4951,-4.2858,27.4397,-0.1322,116052026222.0,0.2377,-1.6426,-2191251658.93,-11451939440.8,0.6959,2.3964,1.7079,0.0094,0.0156,2512.087,3478.8592,1265.7819,419.9407,2.3399,3.0551,1.105,55.7008,3.6483,0.4709,0.3078,0.2399,4103305.4497,5287505.3334,33781703.9055,32669902.8647,27382397.5313,36194377.0657,2368399.7674,0.0624,0.0435,0.0455,0.0426,0.0614,0.0383,0.4538,0.4328,0.7935,29.0841,224.3119,-21.461,3.2323,6439615.2041,12083514.9612,140.8893,106.22,104.0,109.8,101.45,35974531.0,3814169968.22
2025-09-03,0.0478,19.61,1.5,-221.4401,-192.8123,0.7166,46.9198,51.5067,-202.983,0.4998,-1.6416,0.0564,5.1844,36.6079,1.2042,8.0,96.0,88.0,153.4627,-161.141,25.4773,6.3626,9.1127,6.0232,1.0678,97.1597,-6.3433,1.9308,2.1915,1.7645,1.1966,-7.9049,-1.361,-8.8989,4.3833,76.7526,107.7384,0.0,116.8548,4.3151,6.56,0.7099,-0.3702,-0.3217,-41.3107,39.9761,-61.3175,160.0756,0.0152,0.0161,10.2978,226.3572,28.14,30.31,3.7126,0.7445,32.9807,-9759520135.08,132.8484,0.007,10.7274,0.0205,0.0025,0.0222,1.2863,0.2422,1.3134,0.3825,3.4335,3.4708,5.0943,0.8195,0.0218,0.0325,4.0114,0.3789,0.6211,1.6933,-2.0,-0.2679,0.1965,97.4502,81.2877,96.7074,94.1404,92.696,98.6703,87.2855,23.4671,-8.849,-0.6949,0.6832,1.7848,0.1805,-0.6834,-0.0077,0.7715,-3.7916,0.1011,-1.2532,133.1766,2.6686,0.7654,2.7068,0.4905,0.1752,0.4983,16.0,-0.1478,1.6685,0.0395,0.0411,0.5795,0.0118,0.0702,-0.0386,0.0188,0.2519,0.375,62.5594,38.2549,54.4579,1.8738,7.4345,4.3204,5.1817,26.2169,24.6997,0.0068,0.1838,0.2289,0.1841,1.0858,98.8,77.6955,92.2455,99.878,87.1691,1.0812,28.4438,115.3329,33.3951,243133596486.0,51706415160.7,13.109,3.21,7.3388,6.9866,1.1691,-1406238764.7,-381222996.31,-0.0024,3684558817.11,-1856912522.23,-1.9842,-1.6444,0.1632,854582077.28,912824017.65,18019.5053,-8.2604,-1.5423,0.0387,4736640.76,0.9294,945620147.06,14.4373,-1.6449,0.1632,58241940.37,84.2549,224108239.485,341311937.302,352822468.635,927792416.58,-2195988299.69,0.8285,-1.6427,0.8403,-0.8218,0.1918,0.1918,-1.3297,15.4951,-4.2858,1.3789,1.3286,-0.0884,13.0235,65.9872,-1.2224,0.8224,-0.4482,0.8231,-130.9343,36.8174,-0.0136,0.2883,0.0438,-1.086,0.75,-21.2308,169.9634,50.3105,51.8306,47.9567,0.6362,1.0596,1.0748,0.0124,1.6522,4414706901.1,-11451939440.8,1.0366,0.1008,1.0244,-0.0158,-0.1092,-0.2325,0.9152,1.1477,-0.0317,2.4431,-7.5493,4.7918,4.8896,-0.1688,5.8509,55.0295,0.8044,0.75,0.0018,65.124,-0.8522,-1.5635,17904784408.2,1.4534,16.96,-0.0125,1.4018,0.7494,1.255,0.5967,0.0353,2164.867,59.84,-0.1441,-0.0134,-0.1907,-1.1268,-0.5408,0.5058,-0.0135,-9062877526.49,18668813240.7,100.4307,96.1873,15.4951,-4.2858,27.4397,-0.1322,116052026222.0,0.2377,-1.6426,-2191251658.93,-11451939440.8,0.5216,0.2614,0.6044,0.0091,0.0097,2574.1728,3709.9259,1322.5264,419.9872,5.1023,7.0542,1.105,47.1382,3.1619,0.5163,0.5843,0.3321,4451314.4527,5843350.4648,35739147.7409,34497247.8086,28653897.3438,38978799.7105,2784072.0242,0.0644,0.0439,0.0464,0.0429,0.0661,0.0391,0.4653,0.6507,0.78,30.4981,140.4801,52.8211,2.6219,6765822.945,12621503.7052,96.2966,90.99,107.0,107.88,90.0,44547645.0,4287662958.06
2025-09-04,0.0478,14.13,-8.88,-220.6841,-193.0748,0.4557,44.04,47.2978,-224.9706,0.4007,-2.0504,-0.349,7.2968,37.1595,1.2003,4.0,92.0,88.0,141.8086,-467.643,25.4773,6.6217,9.2589,6.0232,1.1389,94.5284,-13.4371,2.021,2.5332,1.8878,1.5821,-15.383,-9.861,-14.9154,-4.8645,76.253,107.907,0.0,104.6491,4.3151,6.56,0.7099,-0.3702,-0.3217,-207.7975,-72.0259,-147.0873,-0.6212,0.0166,0.0177,-3.2154,193.7012,33.62,30.31,-5.1775,0.7981,25.9471,-9759520135.08,106.5339,0.0077,11.0296,0.0216,0.0037,0.0219,-0.5347,-0.0226,1.3727,0.3956,3.4699,3.3008,5.0943,0.8195,0.0218,0.0325,2.6207,0.5113,0.4887,2.4009,-2.0,-0.2679,0.1099,94.8229,81.316,94.5985,93.0794,91.9778,93.4469,87.1449,1.4076,-60.0608,-0.6949,0.6832,1.7848,0.1805,-0.6834,-0.0084,0.6517,-3.7916,0.1011,-1.2532,121.4821,2.5595,0.6424,2.4762,0.4905,0.1752,0.4983,14.0,-0.1478,1.7013,0.0397,0.0412,0.6425,0.0126,0.059,-0.0773,-0.008,0.2519,0.375,54.5796,6.7011,38.6201,1.4431,6.9919,2.6985,4.2622,26.125,24.6078,0.0068,0.1917,0.2728,0.2013,1.1818,98.089,77.8731,92.08,97.55,87.244,-1.3602,28.7565,110.8638,45.9322,221783586200.0,53222490717.4,12.018,-7.11,7.3388,6.9866,1.1691,-1406238764.7,-381222996.31,-0.0024,3684558817.11,-1856912522.23,-1.9842,-1.6444,0.1632,854582077.28,912824017.65,17830.655,-8.2604,-1.5423,0.0387,4736640.76,0.9294,945620147.06,14.4373,-1.6449,0.1632,58241940.37,76.8563,234687905.085,339282755.468,313657001.635,927792416.58,-2195988299.69,0.8285,-1.6427,0.8403,-0.8218,0.1918,0.1918,-1.3297,15.4951,-4.2858,1.3789,1.3286,-0.0884,11.8799,60.1927,-1.0672,0.7162,-0.3859,0.7078,-119.4367,30.6599,-0.0986,0.1724,-0.0486,-1.0781,0.6667,-19.3665,169.9634,50.2529,50.613,44.5175,0.3452,0.9601,1.0085,0.0065,1.6522,4414706901.1,-11451939440.8,0.9211,0.0652,0.9616,-0.0074,-0.0846,-0.1802,0.877,1.0572,-0.0317,-3.835,-16.5158,4.7918,4.8896,-0.1688,5.8509,47.0417,0.703,0.6402,0.0021,53.3008,-0.8522,-1.5635,17904784408.2,1.4534,32.57,-0.0125,1.1774,-0.2077,0.6585,0.5608,-0.0789,1974.766,59.84,-0.1383,-0.0048,-0.1888,-1.1268,-0.5408,0.5577,-0.0135,-9062877526.49,18668813240.7,92.8585,86.0569,15.4951,-4.2858,27.4397,-0.1322,116052026222.0,0.2377,-1.6426,-2191251658.93,-11451939440.8,0.4253,-0.0674,0.2518,0.0076,0.0001,2651.4468,3762.0468,1319.6662,327.3876,8.5919,11.6915,1.105,44.9848,2.7403,0.533,0.6765,0.3658,4717632.2108,5782903.2434,36362114.8789,35215435.3765,29432532.1331,39041022.1403,2130542.0652,0.0659,0.0443,0.048,0.0432,0.0662,0.0399,0.4559,0.3756,0.6882,31.4214,101.1882,28.304,2.2701,6180036.3437,12793318.2792,83.1535,83.0,89.01,90.12,81.0,39165467.0,3339096076.64
2025-09-05,0.0478,14.23,-5.65,-219.5177,-195.293,0.3161,42.3381,43.6501,-228.1531,0.3909,-2.2949,-1.0976,8.9312,35.9391,1.1964,100.0,88.0,-12.0,141.2174,-442.6375,25.4773,6.3437,8.1708,6.0232,1.1115,91.9519,-11.2147,2.0223,2.1864,1.7938,1.7078,-14.2036,-10.0463,-11.7132,-5.0904,75.9036,108.0354,0.0,105.2783,4.3151,6.56,0.7099,-0.3702,-0.3217,-158.1874,-87.2484,-90.3689,-33.4305,0.0167,0.0178,-9.4639,62.0918,32.52,30.31,-3.5174,0.7449,18.4675,-9759520135.08,104.5176,0.0077,10.94,0.0174,0.0046,0.0174,-1.6705,-0.1022,1.3727,0.3956,3.4699,2.9366,5.0943,0.8195,0.0218,0.0325,1.4798,0.5511,0.4489,3.2119,-2.0,-0.2679,0.033,92.6242,81.3394,92.7726,92.0938,91.2928,89.8746,87.0002,-1.2591,-50.7283,-0.6949,0.6832,1.7848,0.1805,-0.6834,-0.0085,0.6476,-3.7916,0.1011,-1.2532,121.0869,2.5501,0.6253,2.4535,0.4905,0.1752,0.4983,12.0,-0.1478,1.6884,0.0397,0.0413,0.6238,0.0121,0.0576,-0.0892,-0.082,0.2519,0.4286,45.6361,-8.0252,27.749,0.9528,6.9984,2.8077,4.9946,26.1217,24.6045,0.0068,0.1924,0.2802,0.2031,1.1656,96.426,78.0453,91.9695,93.706,87.1672,-2.9136,28.8856,106.8778,41.5524,221062121522.0,54145963500.8,8.913,-16.63,7.3388,6.9866,1.1691,-1406238764.7,-381222996.31,-0.0024,3684558817.11,-1856912522.23,-1.9842,-1.6444,0.1632,854582077.28,912824017.65,17823.9843,-8.2604,-1.5423,0.0387,4736640.76,0.9294,945620147.06,14.4373,-1.6449,0.1632,58241940.37,76.6063,244691347.285,339818672.635,290175301.635,927792416.58,-2195988299.69,0.8285,-1.6427,0.8403,-0.8218,0.1918,0.1918,-1.3297,15.4951,-4.2858,1.3789,1.3286,-0.0884,11.8413,59.9969,-0.9913,0.6661,-0.3538,0.65,-119.0482,27.7364,-0.1005,0.1658,-0.0509,-1.0735,0.5833,-19.3035,169.9634,50.1464,49.6941,44.4411,0.3266,0.9425,0.98,0.0036,1.6522,4414706901.1,-11451939440.8,0.8326,0.0576,0.974,-0.0798,-0.1625,-0.1357,0.8115,0.9472,-0.0317,-2.6018,-12.5845,4.7918,4.8896,-0.1688,5.8509,45.5895,0.6946,0.6349,0.0019,42.5091,-0.8522,-1.5635,17904784408.2,1.4534,39.29,-0.0125,1.1499,-0.0163,-0.1505,0.5309,-0.1674,1968.3421,57.45,-0.1353,0.0002,-0.1907,-1.1268,-0.5408,0.5596,-0.0135,-9062877526.49,18668813240.7,87.6612,81.7987,15.4951,-4.2858,27.4397,-0.1322,116052026222.0,0.2377,-1.6426,-2191251658.93,-11451939440.8,0.4152,-0.0061,-0.0493,0.0056,-0.0083,2697.707,3480.3917,1275.048,816.5559,11.0782,15.3134,1.105,44.5098,2.3749,0.5331,0.6734,0.3129,4657808.8818,4418515.5657,34020221.2646,33410245.3186,28991729.7529,33854581.4269,-478586.6322,0.0618,0.0444,0.049,0.0433,0.0618,0.0387,0.4283,-0.1782,0.5571,28.7472,-29.2275,-39.5927,1.9745,6868505.6062,12273907.8583,75.6679,82.73,82.29,84.28,81.55,23481700.0,1948437563.89
2025-09-08,0.0478,12.1,-15.62,-218.2939,-203.1896,0.2811,41.9186,41.038,-231.1668,0.3316,-2.4857,-1.1585,9.3316,37.2579,1.191,100.0,84.0,-16.0,142.3237,-553.323,25.4773,6.1013,7.3007,6.0232,1.1084,90.0564,-11.1197,2.0227,2.198,1.7935,1.7111,-13.9492,-11.4687,-8.5414,-6.6832,75.274,108.277,0.0,105.0658,4.3151,6.56,0.7099,-0.3702,-0.3217,-124.066,-96.8238,-67.7509,-63.3302,0.017,0.0181,-12.1186,19.8474,34.0,30.12,-6.0512,0.8265,9.5464,-9759520135.08,100.5046,0.0079,10.868,0.0128,0.0053,0.0111,-2.3906,-0.1698,1.3726,0.3956,3.4698,2.4395,5.0943,0.8195,0.0218,0.0325,0.4511,0.5849,0.4151,4.0517,-2.0,-0.2679,0.0363,90.5562,81.3379,90.9999,91.061,90.5488,86.9997,86.8117,-3.4704,-71.3199,-0.6949,0.6832,1.7848,0.1805,-0.6834,-0.0086,0.6253,-3.7916,0.1011,-1.2532,118.9207,2.5484,0.6238,2.4628,0.4905,0.1752,0.4983,10.0,-0.1478,1.6887,0.0396,0.0413,0.6305,0.0123,0.0529,-0.1074,-0.0893,0.2519,0.4286,37.0566,-14.4207,19.8975,0.4596,6.983,2.6542,4.9082,26.1037,24.5865,0.0068,0.1925,0.2809,0.2023,1.1621,94.421,78.204,91.7755,88.838,87.069,-3.9768,28.8785,97.4106,40.8301,217107426250.0,54811832469.8,5.291,-20.05,7.3388,6.9866,1.1691,-1406238764.7,-381222996.31,-0.0024,3684558817.11,-1856912522.23,-1.9842,-1.6444,0.1632,854582077.28,912824017.65,17787.0579,-8.2604,-1.5423,0.0387,4736640.76,0.9294,945620147.06,14.4373,-1.6449,0.1632,58241940.37,75.2359,253154634.585,330973210.135,270418792.635,927792416.58,-2195988299.69,0.8285,-1.6427,0.8403,-0.8218,0.1918,0.1918,-1.3297,15.4951,-4.2858,1.3789,1.3286,-0.0884,11.6294,58.9236,-1.0061,0.6774,-0.3544,0.6523,-116.9185,24.9932,-0.1147,0.1423,-0.0668,-1.0689,0.5,-18.9581,169.9634,49.9444,48.2461,44.0877,0.2268,0.9017,0.9584,0.0032,1.6522,4414706901.1,-11451939440.8,0.8021,0.0344,0.9544,-0.1362,-0.1849,-0.1629,0.7695,0.9324,-0.0317,-4.5577,-20.3041,4.7918,4.8896,-0.1688,5.8509,42.1454,0.6651,0.6205,0.0018,33.6863,-0.8522,-1.5635,17904784408.2,1.4534,41.3,-0.0125,1.0913,-0.3218,-0.2665,0.4734,-0.1979,1933.1294,57.45,-0.1326,0.0136,-0.1874,-1.1268,-0.5408,0.5705,-0.0135,-9062877526.49,18668813240.7,83.6173,79.4973,15.4951,-4.2858,27.4397,-0.1322,116052026222.0,0.2377,-1.6426,-2191251658.93,-11451939440.8,0.3943,-0.1205,-0.0873,0.0033,-0.0145,2730.8192,3153.0475,1235.0739,1113.213,13.3412,18.5748,1.105,44.326,2.0582,0.534,0.6773,0.3142,4326653.3402,3002031.1736,31426819.0347,31309670.5004,28307639.3268,29155223.9513,-2649244.3332,0.0573,0.0445,0.0498,0.0434,0.0556,0.0379,0.404,-0.3081,0.4289,26.3217,-33.8642,-45.9196,1.7591,7707538.3705,11756680.5672,67.1589,81.25,82.2,82.95,80.0,19756509.0,1605994677.84
2025-09-09,0.0478,7.96,-26.02,-217.9956,-216.3845,0.1998,42.8532,38.9645,-247.6649,0.3295,-2.4768,-1.0881,9.1992,34.2053,1.1857,100.0,80.0,-20.0,135.3268,-675.8432,25.4773,5.8555,6.5272,6.0232,1.109,88.1668,-9.9598,2.0301,2.18,1.8007,1.7057,-14.081,-13.0858,-4.7836,-8.6008,74.275,108.664,0.0,101.1215,4.3151,6.56,0.7099,-0.3702,-0.3217,-98.7571,-100.6338,-70.7816,-85.2183,0.0173,0.0185,-17.3523,13.0774,35.75,29.63,-9.3607,0.764,0.5502,-9759520135.08,98.3593,0.008,10.803,0.0106,0.0052,0.0044,-2.736,-0.1672,1.3765,0.3965,3.4718,1.8517,5.0943,0.8195,0.0218,0.0325,-0.4997,0.5836,0.4164,4.9063,-2.0,-0.2679,0.0335,88.5459,81.3076,89.2307,89.96,89.7304,84.4998,86.5719,-7.8025,-98.3457,-0.6949,0.6832,1.7848,0.1805,-0.6834,-0.0088,0.5991,-3.7916,0.1011,-1.2532,116.3594,2.5501,0.6388,2.4783,0.4905,0.1752,0.4983,8.0,-0.1478,1.6917,0.0394,0.0413,0.665,0.0126,0.0509,-0.1233,-0.0836,0.2519,0.375,29.1261,-18.4572,13.265,-0.0024,6.9572,2.4751,4.9716,26.0819,24.5647,0.0068,0.1924,0.2743,0.2011,1.1639,92.529,78.3489,91.4695,83.494,86.9811,-4.7028,28.7939,83.3015,38.01,212431266300.0,54767566093.9,2.119,-18.92,7.3388,6.9866,1.1691,-1406238764.7,-381222996.31,-0.0024,3684558817.11,-1856912522.23,-1.9842,-1.6444,0.1632,854582077.28,912824017.65,17742.5849,-8.2604,-1.5423,0.0387,4736640.76,0.9294,945620147.06,14.4373,-1.6449,0.1632,58241940.37,73.6154,259991649.335,313060723.302,253920661.635,927792416.58,-2195988299.69,0.8285,-1.6427,0.8403,-0.8218,0.1918,0.1918,-1.3297,15.4951,-4.2858,1.3789,1.3286,-0.0884,11.3789,57.6545,-1.0059,0.6796,-0.3498,0.6448,-114.4003,22.57,-0.1309,0.1153,-0.086,-1.0778,0.4167,-18.5498,169.9634,49.3015,46.5132,43.7324,0.1565,0.8001,0.8951,0.0027,1.6522,4414706901.1,-11451939440.8,0.8078,0.0145,0.9285,-0.1658,-0.1801,-0.1894,0.7484,0.9378,-0.0317,-7.1479,-24.7088,4.7918,4.8896,-0.1688,5.8509,29.6933,0.6606,0.5987,0.0018,26.6633,-0.8522,-1.5635,17904784408.2,1.4534,43.1,-0.0125,1.0333,-0.7341,-0.2247,0.3884,-0.1922,1891.4927,53.86,-0.1308,0.0229,-0.1848,-1.1268,-0.5408,0.5839,-0.0135,-9062877526.49,18668813240.7,80.2921,77.8637,15.4951,-4.2858,27.4397,-0.1322,116052026222.0,0.2377,-1.6426,-2191251658.93,-11451939440.8,0.3724,-0.2781,-0.0737,0.001,-0.0187,2729.1911,2721.5758,1236.9868,1248.6067,15.5067,19.4143,1.105,38.3111,1.7838,0.5352,0.6818,0.3131,3780944.9089,1598111.1835,28712512.1193,29030972.1157,27432860.9322,24936192.9675,-4365667.4508,0.0552,0.0446,0.0498,0.0435,0.049,0.0375,0.4022,-0.4039,0.279,19.9262,-65.6887,-56.4739,1.5115,9375454.5512,11729406.7683,36.643,79.5,81.3,82.16,79.5,16498131.0,1334093694.42
2025-09-10,0.0478,8.31,-29.7,-217.9321,-230.8269,0.2092,43.6632,37.1675,-250.0231,0.3803,-2.1599,-1.2158,7.5864,33.7065,1.1812,96.0,76.0,-20.0,136.4069,-707.9285,25.4773,5.5865,5.7877,6.0232,1.0725,86.4295,-8.3126,2.0305,2.1831,1.8014,1.7169,-11.0937,-11.6473,-1.0121,-7.211,73.5141,108.9139,0.0,102.7004,4.3151,6.56,0.7099,-0.3702,-0.3217,-76.4659,-92.9043,-62.0301,-81.2357,0.0171,0.0183,-18.6663,-0.5038,35.75,30.64,-7.6969,0.7945,-6.9897,-9759520135.08,99.1544,0.0079,10.7219,0.0077,0.0053,-0.0061,-2.6776,-0.3288,1.3765,0.3965,3.4718,1.2509,5.0943,0.8195,0.0218,0.0325,-1.152,0.6644,0.3356,4.2521,-2.0,-0.2679,0.0212,87.0994,81.2957,87.9013,89.0676,89.0533,83.1965,86.3758,-7.4375,-107.2832,-0.6949,0.6832,1.7848,0.1805,-0.6834,-0.0087,0.6155,-3.7916,0.1011,-1.2532,117.9547,2.5421,0.6351,2.4723,0.489,0.1742,0.4971,6.0,-0.1478,1.6927,0.0392,0.0413,0.6095,0.0128,0.0559,-0.1033,-0.0993,0.2519,0.375,22.7649,-15.4023,10.0425,-0.2452,6.9438,2.4658,5.2481,26.0955,24.5783,0.0068,0.1924,0.2743,0.2011,1.1248,90.646,78.51,91.214,81.414,86.853,-4.8058,28.2808,68.5992,34.5282,215343845926.0,54741618485.3,-1.136,-18.83,7.3388,6.9866,1.1691,-1406238764.7,-381222996.31,-0.0024,3684558817.11,-1856912522.23,-1.9842,-1.6444,0.1632,854582077.28,912824017.65,17770.3901,-8.2604,-1.5423,0.0387,4736640.76,0.9294,945620147.06,14.4373,-1.6449,0.1632,58241940.37,74.6247,266853623.135,291469985.135,267825684.635,927792416.58,-2195988299.69,0.8285,-1.6427,0.8403,-0.8218,0.1918,0.1918,-1.3297,15.4951,-4.2858,1.3789,1.3286,-0.0884,11.535,58.4449,-1.0019,0.6802,-0.3442,0.6357,-115.9688,20.5025,-0.1165,0.128,-0.0721,-1.0709,0.4167,-18.8041,169.9634,48.5999,44.7764,43.923,0.2148,0.7956,0.9337,0.0031,1.6522,4414706901.1,-11451939440.8,0.8106,0.032,0.9404,-0.0958,-0.0547,-0.0272,0.8857,0.9129,-0.0317,-5.9627,-24.1292,4.7918,4.8896,-0.1688,5.8509,28.4495,0.6794,0.6123,0.0018,41.2239,-0.8522,-1.5635,17904784408.2,1.4534,42.59,-0.0125,1.1115,-0.5392,-0.435,0.3599,-0.1894,1917.4264,53.86,-0.1292,0.0196,-0.2206,-1.1268,-0.5408,0.5755,-0.0135,-9062877526.49,18668813240.7,78.7777,78.4568,15.4951,-4.2858,27.4397,-0.1322,116052026222.0,0.2377,-1.6426,-2191251658.93,-11451939440.8,0.4004,-0.2044,-0.1403,-0.0011,-0.0204,2727.868,2272.7035,1238.7806,1261.3057,17.2724,18.3708,1.105,33.327,2.9823,0.5349,0.6849,0.3065,3079376.7587,273104.1579,26020241.3703,26703903.021,26430798.8631,21259136.3117,-5612545.2016,0.0523,0.0446,0.0499,0.0436,0.0385,0.0366,0.4004,-0.493,0.0427,12.7947,-69.6428,-61.3476,1.7036,11053158.6573,11694509.59,52.6753,80.59,80.0,81.59,79.88,13905023.0,1120936129.9
2025-09-11,0.0478,12.72,-9.77,-216.9786,-236.8792,0.2706,44.6825,34.1504,-239.2965,0.2924,-2.1619,-1.159,4.9632,29.8672,1.1774,92.0,72.0,-20.0,125.653,-350.0051,25.4773,5.4539,5.4448,6.0232,1.037,85.8713,-7.6537,2.0117,2.0857,1.7726,1.6563,-7.4366,-9.1378,1.7622,-4.6029,73.3011,108.9749,0.0,95.7858,4.3151,6.56,0.7099,-0.3702,-0.3217,-55.4362,-78.8098,47.7992,-58.5456,0.0167,0.0177,-14.0938,-7.7964,34.38,32.86,-2.2606,0.8216,-14.2903,-9759520135.08,104.428,0.0077,10.6672,0.0039,0.0056,-0.0137,-2.4352,-0.498,1.3768,0.3962,3.4746,0.7062,5.0943,0.8195,0.0218,0.0329,-1.4728,0.749,0.251,3.6852,-2.0,-0.2679,0.045,86.3195,81.3207,87.1181,88.4716,88.5909,83.0677,86.2589,-17.9555,-59.2779,-0.6949,0.6832,1.7848,0.1805,-0.6834,-0.0084,0.6487,-3.7916,0.1011,-1.2532,121.204,2.5417,0.6217,2.4722,0.4889,0.1705,0.4971,4.0,-0.1478,1.6887,0.039,0.0413,0.5817,0.0129,0.0537,-0.0827,-0.0862,0.2519,0.4286,18.6221,-6.235,10.3364,-0.3199,6.8807,2.5124,5.348,26.1227,24.6055,0.0068,0.1924,0.2743,0.2011,1.0803,89.463,78.6858,91.138,81.376,86.8056,-4.358,27.8784,64.2298,30.652,221275888834.0,55109523799.6,-3.35,-11.83,7.3388,6.9866,1.1691,-1406238764.7,-381222996.31,-0.0024,3684558817.11,-1856912522.23,-1.9842,-1.6444,0.1632,854582077.28,912824017.65,17825.9629,-8.2604,-1.5423,0.0387,4736640.76,0.9294,945620147.06,14.4373,-1.6449,0.1632,58241940.37,74.6247,275174561.785,280141454.968,284851287.635,927792416.58,-2195988299.69,0.8285,-1.6427,0.8403,-0.8218,0.1918,0.1918,-1.3297,15.4951,-4.2858,1.3789,1.3286,-0.0884,11.8527,60.0549,-1.0339,0.7047,-0.351,0.6489,-119.1633,22.8703,-0.0914,0.1564,-0.046,-1.0703,0.5,-19.3221,174.6454,48.0065,44.1823,44.392,0.2653,0.8414,0.9749,0.0032,1.6522,4414706901.1,-11451939440.8,0.875,0.0244,0.982,-0.0387,0.0157,0.0309,0.9977,0.9668,-0.0317,-1.8024,-8.99,4.7918,4.8896,-0.1688,5.8509,33.5303,0.7126,0.6311,0.0018,52.3118,-0.8522,-1.5635,17904784408.2,1.4534,41.37,-0.0125,1.1674,0.1173,-0.0043,0.358,-0.125,1970.2455,56.72,-0.127,0.0259,-0.2428,-1.1268,-0.5408,0.559,-0.0135,-9062877526.49,18668813240.7,79.0039,80.7128,15.4951,-4.2858,27.4397,-0.1322,116052026222.0,0.2377,-1.6426,-2191251658.93,-11451939440.8,0.4249,0.0468,-0.0014,-0.0028,-0.0192,2746.2578,1790.5452,1214.6968,808.7529,18.5091,15.5535,1.105,31.259,4.0425,0.5361,0.6922,0.3062,2359664.6267,-519183.9011,24384852.5757,25214933.787,25734117.6881,19847958.5411,-5757697.0556,0.0486,0.0447,0.0503,0.0437,0.031,0.0362,0.3856,-0.4146,-0.1446,12.0806,-41.5935,-61.7811,1.8709,11403898.4432,11366347.0792,70.0801,82.81,80.64,83.5,79.77,17025603.0,1394712996.4
2025-09-12,0.0478,12.49,-1.24,-216.887,-240.5589,0.2726,45.4849,30.844,-247.049,0.2884,-1.8151,-0.9373,3.0724,29.9921,1.1735,88.0,68.0,-20.0,131.8969,-38.5743,25.4773,5.2072,4.8707,6.0232,1.0344,85.7893,-4.3832,2.0223,2.0186,1.7637,1.6139,-5.2785,-8.9032,1.8694,-4.4563,73.0527,109.0393,0.0,101.9048,4.3151,6.56,0.7099,-0.3702,-0.3217,-39.1584,-67.2208,130.0838,-36.9351,0.0166,0.0177,-13.4087,-26.121,34.38,32.54,-2.7496,0.7423,-20.064,-9759520135.08,108.7029,0.0077,10.5794,0.0005,0.0061,-0.016,-2.3543,-0.3824,1.3764,0.3959,3.4763,0.2255,5.0943,0.8195,0.0218,0.0325,-1.697,0.6912,0.3088,3.1938,-2.0,-0.2679,0.0241,85.7051,81.3475,86.4753,87.9448,88.1723,83.0251,86.1501,-31.4904,-3.8596,-0.6949,0.6832,1.7848,0.1805,-0.6834,-0.0084,0.6507,-3.7916,0.1011,-1.2532,121.3943,2.5507,0.6431,2.4684,0.4906,0.1764,0.4964,2.0,-0.1478,1.689,0.0388,0.0413,0.568,0.0127,0.0554,-0.0732,-0.0652,0.2519,0.5,15.9732,0.0795,10.6753,-0.2841,6.8948,2.5024,5.667,26.1242,24.6071,0.0068,0.1924,0.2743,0.2011,1.0557,87.562,78.8714,91.046,81.418,86.8084,-3.845,27.5618,62.1176,27.8236,221623260716.0,55574693428.2,-6.968,-19.01,7.3388,6.9866,1.1691,-1406238764.7,-381222996.31,-0.0024,3684558817.11,-1856912522.23,-1.9842,-1.6444,0.1632,854582077.28,912824017.65,17829.1743,-8.2604,-1.5423,0.0387,4736640.76,0.9294,945620147.06,14.4373,-1.6449,0.1632,58241940.37,74.7419,283783531.785,278149368.968,301704485.635,927792416.58,-2195988299.69,0.8285,-1.6427,0.8403,-0.8218,0.1918,0.1918,-1.3297,15.4951,-4.2858,1.3789,1.3286,-0.0884,11.8713,60.1492,-1.0817,0.7398,-0.3627,0.6708,-119.3504,23.0645,-0.089,0.1555,-0.0446,-1.0741,0.5,-19.3525,174.6454,47.3894,44.1658,44.4185,0.3454,0.8342,0.9743,0.003,1.6522,4414706901.1,-11451939440.8,0.8135,0.0297,0.9783,-0.0191,0.0242,0.0004,1.0025,1.0021,-0.0317,-2.1703,-0.0723,4.7918,4.8896,-0.1688,5.8509,32.2872,0.7218,0.6336,0.0017,60.326,-0.8522,-1.5635,17904784408.2,1.4534,41.37,-0.0125,1.2214,0.0621,0.2642,0.3592,-0.1865,1973.3385,56.87,-0.1252,0.0338,-0.2513,-1.1268,-0.5408,0.5581,-0.0135,-9062877526.49,18668813240.7,79.4349,82.059,15.4951,-4.2858,27.4397,-0.1322,116052026222.0,0.2377,-1.6426,-2191251658.93,-11451939440.8,0.4418,0.0256,0.0898,-0.004,-0.0167,2769.6091,1467.8927,1182.1201,282.0707,19.7641,12.0042,1.105,38.5116,4.8563,0.5352,0.6919,0.3013,1658179.9236,-1147758.8886,23015460.8347,23928512.8967,25076271.7853,18849705.0274,-5611877.6244,0.0452,0.0447,0.0508,0.0438,0.0287,0.0362,0.3675,-0.4242,-0.2105,9.0782,-44.7898,-56.9692,1.8968,11556764.3106,10941228.5106,70.4805,82.94,82.56,84.4,82.4,16853198.0,1403181044.16
2025-09-15,0.0478,9.87,-1.07,-217.9893,-245.186,0.2628,46.0744,28.6416,-255.9159,0.2949,-2.0159,-1.0715,1.5788,28.4399,1.1696,84.0,64.0,-20.0,129.8146,-33.4461,25.4773,4.9488,4.3239,6.0232,1.0478,85.5144,-4.6441,2.0289,2.0188,1.7624,1.6142,-4.1731,-10.1538,0.1473,-5.9422,72.4844,109.1816,0.0,101.3747,4.3151,6.56,0.7099,-0.3702,-0.3217,-43.4677,-74.8802,24.328,-57.0935,0.0169,0.018,-14.7308,-42.9799,35.71,31.45,-6.3431,0.7406,-25.7341,-9759520135.08,103.6025,0.0078,10.5073,-0.0039,0.0055,-0.0186,-3.2437,-0.3878,1.3738,0.3952,3.4761,-0.2114,5.0943,0.8195,0.0218,0.0318,-1.9594,0.6939,0.3061,3.8377,-2.0,-0.2679,0.0195,84.9605,81.3518,85.7268,87.3415,87.6862,82.5534,86.0012,-28.8369,-1.3844,-0.6949,0.6832,1.7848,0.1805,-0.6834,-0.0086,0.6308,-3.7916,0.1011,-1.2532,119.4477,2.5602,0.6479,2.4715,0.4906,0.1764,0.4964,0.0,-0.1478,1.6886,0.0386,0.0413,0.5696,0.0129,0.0557,-0.0966,-0.0819,0.2519,0.4444,13.8472,1.0909,9.5951,-0.3544,6.8923,2.3761,5.6154,26.1081,24.5909,0.0068,0.1916,0.2723,0.2008,1.0435,85.164,79.0533,90.833,81.49,86.7658,-3.496,27.3048,58.8929,28.0671,218069379154.0,54978940867.7,-11.338,-23.98,7.3388,6.9866,1.1691,-1406238764.7,-381222996.31,-0.0024,3684558817.11,-1856912522.23,-1.9842,-1.6444,0.1632,854582077.28,912824017.65,17796.0968,-8.2604,-1.5423,0.0387,4736640.76,0.9294,945620147.06,14.4373,-1.6449,0.1632,58241940.37,73.5434,290863785.735,278062589.302,289654623.635,927792416.58,-2195988299.69,0.8285,-1.6427,0.8403,-0.8218,0.1918,0.1918,-1.3297,15.4951,-4.2858,1.3789,1.3286,-0.0884,11.6809,59.1847,-1.1033,0.7579,-0.3654,0.6761,-117.4365,21.033,-0.1015,0.1344,-0.0594,-1.0828,0.5,-19.0421,174.6454,46.912,44.1298,44.2253,0.2831,0.8623,0.9532,0.0027,1.6522,4414706901.1,-11451939440.8,0.7729,0.0395,0.9504,0.0073,0.054,0.0348,1.0044,0.9696,-0.0317,-4.961,-1.3538,4.7918,4.8896,-0.1688,5.8509,34.8735,0.7057,0.6302,0.0017,52.306,-0.8522,-1.5635,17904784408.2,1.4534,41.37,-0.0125,1.2172,-0.3723,0.0138,0.363,-0.2271,1941.6946,56.12,-0.1243,0.0355,-0.2769,-1.1268,-0.5408,0.5678,-0.0135,-9062877526.49,18668813240.7,79.3125,81.8256,15.4951,-4.2858,27.4397,-0.1322,116052026222.0,0.2377,-1.6426,-2191251658.93,-11451939440.8,0.4389,-0.1535,0.0047,-0.005,-0.0145,2739.8626,1307.5877,1220.4536,221.0635,21.0784,5.8389,1.105,42.24,4.2088,0.5353,0.6927,0.3012,924479.0592,-2010324.3985,21021715.592,22101028.1434,24111352.5419,16583090.6849,-5869606.9154,0.0408,0.0447,0.0502,0.0439,0.0261,0.036,0.3863,-0.5613,-0.2714,1.2903,-69.0014,-48.684,1.7318,11616648.1681,11378106.9886,56.3196,81.61,82.98,82.99,81.4,12049862.0,986607411.97
2025-09-16,0.0478,9.19,2.13,-219.2205,-248.6056,0.2303,46.4209,27.4893,-251.6845,0.286,-2.1394,-0.8507,0.8132,27.153,1.1658,80.0,60.0,-20.0,126.5052,-22.0987,25.4773,4.7503,3.9649,6.0232,1.0392,84.9896,-5.155,2.0288,2.0456,1.7607,1.7355,-1.1364,-9.7346,-0.2026,-5.7731,71.9005,109.2985,0.0,99.3522,4.3151,6.56,0.7099,-0.3702,-0.3217,-47.8575,-75.1843,-40.6742,-64.358,0.0169,0.018,-12.5861,-49.4287,35.71,31.04,-6.9963,0.7438,-30.4535,-9759520135.08,100.5945,0.0078,10.4205,-0.0081,0.0048,-0.0205,-3.8974,-0.3378,1.3774,0.3965,3.4744,-0.595,5.0943,0.8195,0.0218,0.0315,-2.1291,0.6689,0.3311,3.326,-2.0,-0.2679,0.0265,84.3822,81.3589,85.1196,86.8118,87.2487,82.2956,85.8628,-29.6931,-0.5143,-0.6949,0.6832,1.7848,0.1805,-0.6834,-0.0086,0.6334,-3.7916,0.1011,-1.2532,119.6965,2.5707,0.6658,2.4128,0.4926,0.1813,0.4846,-2.0,-0.1478,1.6883,0.0384,0.0412,0.5661,0.013,0.0546,-0.1035,-0.051,0.2519,0.4444,13.7491,13.1608,13.553,-0.4854,6.9016,2.3711,6.1908,26.1102,24.593,0.0068,0.1916,0.2723,0.2008,1.0115,82.72,79.232,90.5995,81.946,86.7905,-3.0682,27.0347,56.1207,28.4849,218523634692.0,54205001529.1,-15.759,-24.44,7.3388,6.9866,1.1691,-1406238764.7,-381222996.31,-0.0024,3684558817.11,-1856912522.23,-1.9842,-1.6444,0.1632,854582077.28,912824017.65,17800.3524,-8.2604,-1.5423,0.0387,4736640.76,0.9294,945620147.06,14.4373,-1.6449,0.1632,58241940.37,73.6966,297523826.935,283112364.802,300717445.635,927792416.58,-2195988299.69,0.8285,-1.6427,0.8403,-0.8218,0.1918,0.1918,-1.3297,15.4951,-4.2858,1.3789,1.3286,-0.0884,11.7053,59.308,-1.1053,0.764,-0.3616,0.669,-117.6812,18.9903,-0.0973,0.1343,-0.0577,-1.0754,0.5,-19.0818,174.6454,46.2013,44.1566,44.2483,0.2347,0.8022,0.9543,0.0023,1.6522,4414706901.1,-11451939440.8,0.7699,0.0228,0.946,0.008,0.0827,0.0103,1.0287,1.0184,-0.0317,-5.402,0.6523,4.7918,4.8896,-0.1688,5.8509,21.9315,0.7078,0.6323,0.0018,54.9926,-0.8522,-1.5635,17904784408.2,1.4534,42.79,-0.0125,1.1966,-0.4433,0.3847,0.3792,-0.2301,1945.7393,55.59,-0.1233,0.0231,-0.2916,-1.1268,-0.5408,0.5666,-0.0135,-9062877526.49,18668813240.7,79.4741,81.8874,15.4951,-4.2858,27.4397,-0.1322,116052026222.0,0.2377,-1.6426,-2191251658.93,-11451939440.8,0.4315,-0.1803,0.1198,-0.0057,-0.0122,2701.3086,1189.7845,1267.3009,218.556,21.3201,1.6099,1.105,44.3299,4.0639,0.5352,0.692,0.2921,191192.8191,-2741952.1411,19211007.6662,20402842.5829,23144794.724,14743001.1233,-5866289.9204,0.0366,0.0447,0.0495,0.0439,0.0242,0.0356,0.4101,-0.5853,-0.3285,-7.4347,-69.7173,-44.0042,1.7219,11415106.67,11908351.2967,50.5255,81.78,81.56,82.45,80.28,11062822.0,899175488.42
2025-09-17,0.0478,6.66,4.23,-219.8851,-249.1924,0.2598,43.5892,26.4906,-251.1851,0.2389,-2.2064,-0.8648,0.7436,24.8039,1.1619,76.0,56.0,-20.0,122.8672,19.1036,25.4773,4.4953,3.5008,6.0232,1.0338,84.4513,-3.83,2.026,2.0388,1.7552,1.7467,-0.1223,-9.5299,-0.5793,-5.8803,71.2084,109.3816,0.0,98.0633,4.3151,6.56,0.7099,-0.3702,-0.3217,-27.0232,-68.5104,-60.3879,-60.2383,0.0169,0.018,-10.4056,-64.919,35.8,29.71,-9.2963,0.7505,-32.9349,-9759520135.08,93.2873,0.0078,10.3351,-0.014,0.0028,-0.0219,-3.8812,-0.4544,1.3774,0.3965,3.4744,-0.925,5.0943,0.8195,0.0218,0.0312,-2.2449,0.7272,0.2728,3.0347,-2.0,-0.2679,0.0144,83.8927,81.3644,84.592,86.324,86.8369,82.0937,85.726,-23.2438,1.8097,-0.6949,0.6832,1.7848,0.1805,-0.6834,-0.0086,0.6265,-3.7916,0.1011,-1.2532,119.5647,2.5643,0.6496,2.3879,0.4926,0.1813,0.4846,-4.0,-0.1478,1.6872,0.0382,0.0411,0.5809,0.0133,0.052,-0.1154,-0.0552,0.2519,0.4444,17.1438,37.5123,23.9333,-0.5241,6.9036,2.3792,6.2165,26.1091,24.5919,0.0068,0.1921,0.2791,0.2029,1.0012,81.79,79.4087,90.295,82.166,86.7937,-2.6398,26.8026,59.2602,26.0873,218283146466.0,52073483851.2,-17.01,-9.3,7.3388,6.9866,1.1691,-1406238764.7,-381222996.31,-0.0024,3684558817.11,-1856912522.23,-1.9842,-1.6444,0.1632,854582077.28,912824017.65,17798.1005,-8.2604,-1.5423,0.0387,4736640.76,0.9294,945620147.06,14.4373,-1.6449,0.1632,58241940.37,73.6155,302033866.085,289275013.635,290896554.635,927792416.58,-2195988299.69,0.8285,-1.6427,0.8403,-0.8218,0.1918,0.1918,-1.3297,15.4951,-4.2858,1.3789,1.3286,-0.0884,11.6924,59.2427,-1.1277,0.7856,-0.3646,0.6744,-117.5517,17.3919,-0.0953,0.1305,-0.0588,-1.083,0.4167,-19.0608,174.6454,45.377,44.2408,44.2375,0.182,0.7737,0.9687,0.002,1.6522,4414706901.1,-11451939440.8,0.8978,0.007,0.9306,-0.0075,0.083,0.0113,1.0136,1.0023,-0.0317,-6.9378,2.7547,4.7918,4.8896,-0.1688,5.8509,13.0945,0.7067,0.6312,0.0018,53.716,-0.8522,-1.5635,17904784408.2,1.4534,41.66,-0.0125,1.1852,-0.6939,0.2606,0.4169,-0.1022,1943.598,56.28,-0.1223,0.007,-0.2987,-1.1268,-0.5408,0.5672,-0.0135,-9062877526.49,18668813240.7,79.6881,81.8778,15.4951,-4.2858,27.4397,-0.1322,116052026222.0,0.2377,-1.6426,-2191251658.93,-11451939440.8,0.428,-0.2823,0.0805,-0.0062,-0.0101,2593.8407,1101.1261,1334.3285,253.4214,20.8383,1.1661,1.105,45.0163,3.522,0.5353,0.6881,0.2912,-523643.5169,-3382988.8609,17503713.7269,18774850.0317,22157838.8926,13102297.7489,-5718690.688,0.0307,0.0447,0.0475,0.044,0.0228,0.0351,0.4522,-0.6024,-0.3546,-17.9315,-74.0901,-40.4727,1.7391,8516730.6455,12603322.9179,55.48,81.69,82.25,82.25,81.07,9820891.0,802143661.21
2025-09-18,0.0478,3.34,3.87,-222.1184,-250.6716,0.2331,41.2596,23.8155,-258.8987,0.3074,-1.9705,-0.7794,0.4736,23.2429,1.1584,72.0,52.0,-20.0,124.1,25.0175,25.4773,4.3521,3.3323,6.0232,1.0233,84.0261,-3.1214,1.9957,1.8618,1.7196,1.6786,0.5006,-8.6601,0.1024,-5.3961,70.4599,109.3301,0.0,100.8571,4.3151,6.56,0.7099,-0.3702,-0.3217,60.641,-57.7971,34.3863,-45.8347,0.0168,0.0179,-11.022,-66.3196,35.8,27.8,-12.5786,0.7422,-33.1345,-9759520135.08,96.2412,0.0078,10.2509,-0.0176,0.0018,-0.0214,-3.6316,-0.5866,1.3703,0.3942,3.4764,-1.1953,5.0943,0.8195,0.0218,0.0308,-2.2767,0.7933,0.2067,2.6301,-2.0,-0.2679,0.0303,83.5686,81.3767,84.2101,85.9227,86.4868,82.0992,85.6075,-29.6125,4.1521,-0.6949,0.6832,1.7848,0.1805,-0.6834,-0.0085,0.6285,-3.7916,0.1011,-1.2532,120.1795,2.5614,0.6484,2.3918,0.4921,0.1809,0.4854,-6.0,-0.1478,1.6807,0.0381,0.0412,0.5465,0.0132,0.0546,-0.122,-0.0521,0.2519,0.5,22.6661,55.7996,33.7106,-0.4475,6.9056,2.4839,6.2201,26.1142,24.597,0.0068,0.1921,0.2791,0.2029,0.995,81.701,79.5855,89.895,82.026,86.7935,-2.1628,26.6281,59.5168,23.3529,219405424854.0,50954846598.4,-16.388,-0.89,7.3388,6.9866,1.1691,-1406238764.7,-381222996.31,-0.0024,3684558817.11,-1856912522.23,-1.9842,-1.6444,0.1632,854582077.28,912824017.65,17808.59,-8.2604,-1.5423,0.0387,4736640.76,0.9294,945620147.06,14.4373,-1.6449,0.1632,58241940.37,73.6155,305982642.085,296228056.635,309543942.635,927792416.58,-2195988299.69,0.8285,-1.6427,0.8403,-0.8218,0.1918,0.1918,-1.3297,15.4951,-4.2858,1.3789,1.3286,-0.0884,11.7525,59.5473,-1.147,0.8072,-0.3663,0.6778,-118.156,20.5321,-0.0866,0.1337,-0.054,-1.0859,0.4167,-19.1588,175.5433,44.5428,44.3092,44.3334,0.1508,0.773,0.9685,0.003,1.6522,4414706901.1,-11451939440.8,0.9893,-0.0152,0.9112,-0.0024,0.0803,-0.0084,0.9915,0.9999,-0.0317,-8.878,1.8861,4.7918,4.8896,-0.1688,5.8509,12.5272,0.7118,0.637,0.0019,54.8488,-0.8522,-1.5635,17904784408.2,1.4534,42.22,-0.0125,1.1809,-1.0242,0.2414,0.4972,-0.0107,1953.5908,55.05,-0.12,-0.018,-0.2971,-1.1268,-0.5408,0.5641,-0.0135,-9062877526.49,18668813240.7,80.1471,82.1781,15.4951,-4.2858,27.4397,-0.1322,116052026222.0,0.2377,-1.6426,-2191251658.93,-11451939440.8,0.4329,-0.4528,0.0776,-0.0065,-0.0081,2537.6912,1171.1566,1354.6888,311.4122,19.6608,1.249,1.105,46.0942,3.195,0.5352,0.6777,0.2911,-1047427.8145,-3142565.0047,17711654.5038,18755240.4884,21897805.4931,14950661.1659,-4190274.3804,0.0272,0.0448,0.0466,0.044,0.0234,0.035,0.4672,-0.2884,-0.3351,-27.3434,-48.165,34.1054,1.7715,4237303.0867,12757247.8098,54.215,82.11,81.69,83.87,81.38,18647388.0,1541119098.92
2025-09-19,0.0478,-4.6,4.39,-226.1491,-253.9162,0.2921,41.2574,23.9323,-258.764,0.4289,-2.0654,-0.6588,0.7888,24.0549,1.1556,68.0,48.0,-20.0,137.7278,55.5839,25.4773,4.5334,3.9253,6.0232,0.9847,84.3566,-2.3584,1.9865,1.3635,1.7169,1.6914,4.482,-3.9687,3.7519,-1.3601,70.2198,108.2012,0.0,113.6729,4.3151,6.56,0.7099,-0.3702,-0.3217,234.7635,-30.0268,166.6667,9.7167,0.0161,0.0171,-10.2293,-53.2548,35.8,22.11,-23.6401,0.7569,-30.4726,-9759520135.08,89.1407,0.0074,10.2553,-0.0167,0.0,-0.0171,-2.362,-0.5404,1.3703,0.3942,3.4764,-1.3546,5.0943,0.8195,0.0218,0.0308,-1.9916,0.7702,0.2298,2.2794,-2.0,-0.2679,0.0781,83.9507,81.4477,84.4347,85.8986,86.4263,83.2894,85.6095,-35.632,12.1129,-0.6949,0.6832,1.7848,0.1805,-0.6834,-0.0082,0.675,-3.7916,0.1011,-1.2532,125.39,2.417,0.6385,2.3816,0.4643,0.1782,0.4833,-8.0,-0.1478,1.7256,0.0382,0.0411,0.5579,0.0125,0.0665,-0.1747,-0.0328,0.2519,0.5,29.8184,72.7319,44.1229,-0.228,6.7828,3.1874,5.8581,26.1566,24.6395,0.0068,0.1921,0.2791,0.2029,0.9571,81.995,79.8041,89.2105,82.572,86.8513,-1.274,26.7193,56.6911,19.4298,228918070238.0,48908387711.4,-14.431,2.94,7.3388,6.9866,1.1691,-1406238764.7,-381222996.31,-0.0024,3684558817.11,-1856912522.23,-1.9842,-1.6444,0.1632,854582077.28,912824017.65,17895.5631,-8.2604,-1.5423,0.0387,4736640.76,0.9294,945620147.06,14.4373,-1.6449,0.1632,58241940.37,73.6155,309029160.535,305349918.468,339582458.635,927792416.58,-2195988299.69,0.8285,-1.6427,0.8403,-0.8218,0.1918,0.1918,-1.3297,15.4951,-4.2858,1.3789,1.3286,-0.0884,12.2621,62.129,-1.3201,0.8415,-0.3704,0.6854,-123.2789,32.1709,-0.0397,0.18,-0.0136,-1.0921,0.5,-19.9895,183.1542,44.3494,44.5165,45.6358,0.0497,0.9415,0.9977,0.0103,1.6522,4414706901.1,-11451939440.8,1.0355,-0.0541,0.8622,0.0331,0.1707,-0.0093,1.0329,1.0422,-0.0317,-13.7782,3.4537,4.7918,4.8896,-0.1688,5.8509,37.0244,0.7602,0.6805,0.0021,56.7205,-0.8522,-1.5635,17904784408.2,1.4534,42.22,-0.0125,1.3713,-2.1239,0.5622,0.7106,0.0343,2038.2916,59.64,-0.1158,-0.0177,-0.2946,-1.1268,-0.5408,0.5392,-0.0135,-9062877526.49,18668813240.7,82.1689,84.8084,15.4951,-4.2858,27.4397,-0.1322,116052026222.0,0.2377,-1.6426,-2191251658.93,-11451939440.8,0.5058,-1.1617,0.1817,-0.0063,-0.0047,2443.3132,1372.463,1274.911,669.4258,18.3751,1.249,1.105,45.0571,2.9873,0.5369,0.5562,0.2988,-1239880.6631,-2009692.0576,19952902.0486,20491129.0286,22500821.0862,19979946.1106,-1539622.789,0.0283,0.045,0.045,0.0442,0.0279,0.0353,0.4474,0.1195,-0.2231,-39.0518,-32.5699,76.4314,1.8208,5769424.1865,11811781.4358,53.1259,85.67,82.6,89.0,82.31,30038516.0,2602551022.44
2025-09-22,0.0478,-7.78,3.36,-228.4907,-253.8929,0.2506,41.3573,24.0336,-246.9094,0.401,-2.1036,-0.9655,1.1436,26.7199,1.1528,64.0,44.0,-20.0,136.3987,69.6064,25.4773,4.3739,3.6544,6.0232,0.9952,84.7729,-1.3714,1.9802,1.3628,1.7121,1.666,3.3888,-3.6474,2.2741,-1.8724,70.2231,106.5859,0.0,109.6788,4.3151,6.56,0.7099,-0.3702,-0.3217,118.8215,-33.2572,62.7563,-7.837,0.0162,0.0172,-5.2031,-51.3335,36.29,20.17,-28.5512,0.8719,-27.9593,-9759520135.08,67.1953,0.0075,10.1737,-0.0173,-0.0025,-0.0156,-2.1611,-0.4586,1.3703,0.3942,3.4764,-1.4406,5.0943,0.8195,0.0218,0.0308,-1.7846,0.7293,0.2707,2.2275,-2.0,-0.2679,0.025,84.1742,81.5094,84.5494,85.8302,86.334,83.9196,85.5954,-40.4742,6.0663,-0.6949,0.6832,1.7848,0.1805,-0.6834,-0.0082,0.6517,-3.7916,0.1011,-1.2532,124.6729,2.4151,0.6433,2.3901,0.4643,0.1782,0.4833,-10.0,-0.1478,1.7264,0.038,0.0411,0.5623,0.0131,0.066,-0.1849,-0.0756,0.2519,0.5,36.1966,74.4658,48.953,-0.2093,6.794,3.233,6.7133,26.1509,24.6337,0.0068,0.1923,0.2769,0.2022,0.9672,82.388,80.026,88.4045,83.286,86.8053,-0.688,26.7771,53.685,17.4532,227608745452.0,45628033444.0,-12.033,3.93,7.3388,6.9866,1.1691,-1406238764.7,-381222996.31,-0.0024,3684558817.11,-1856912522.23,-1.9842,-1.6444,0.1632,854582077.28,912824017.65,17883.7924,-8.2604,-1.5423,0.0387,4736640.76,0.9294,945620147.06,14.4373,-1.6449,0.1632,58241940.37,73.1944,308938120.835,308838499.968,322635974.635,927792416.58,-2195988299.69,0.8285,-1.6427,0.8403,-0.8218,0.1918,0.1918,-1.3297,15.4951,-4.2858,1.3789,1.3286,-0.0884,12.1919,61.7737,-1.6083,0.9116,-0.3888,0.72,-122.5738,28.8982,-0.0365,0.1703,-0.0187,-1.096,0.5,-19.8751,183.1542,44.4345,44.7032,45.5389,0.0373,1.0263,0.9853,0.0032,1.6522,4414706901.1,-11451939440.8,1.0484,-0.0614,0.8409,0.0276,0.2028,0.0751,1.0437,0.9686,-0.0317,-15.9131,2.7007,4.7918,4.8896,-0.1688,5.8509,58.3846,0.7543,0.6999,0.0026,53.7527,-0.8522,-1.5635,17904784408.2,1.4534,42.22,-0.0125,1.3974,-2.5676,-0.014,0.9635,0.0461,2026.6334,56.34,-0.1136,-0.0732,-0.3007,-1.1268,-0.5408,0.5425,-0.0135,-9062877526.49,18668813240.7,83.3699,85.552,15.4951,-4.2858,27.4397,-0.1322,116052026222.0,0.2377,-1.6426,-2191251658.93,-11451939440.8,0.5168,-1.3935,-0.0044,-0.0059,-0.0018,2278.4554,1376.9731,1173.1263,669.7653,16.8052,1.0541,1.105,43.0941,2.589,0.5364,0.547,0.2787,-1420622.4675,-2143589.6852,19406280.5852,19945799.0242,22089388.7094,18968792.0737,-1445934.4354,0.0278,0.0451,0.0426,0.0442,0.0295,0.0347,0.4428,-0.2695,-0.1467,-55.3546,-56.7311,0.5535,1.6198,5664224.3687,11052325.7394,52.4439,85.18,84.69,85.5,83.37,16946484.0,1430241843.61
2025-09-23,0.0478,-6.88,2.23,-229.9579,-253.0074,0.2059,36.879,22.2514,-250.6029,0.2986,-2.0788,-0.9539,1.1748,23.9401,1.15,60.0,40.0,-20.0,127.7082,58.8744,25.4773,4.3522,3.7237,6.0232,1.0197,84.9015,-2.8298,1.9867,1.3432,1.7184,1.6748,0.5993,-5.0048,-0.3853,-4.0347,69.9661,105.3269,0.0,103.7681,4.3151,6.56,0.7099,-0.3702,-0.3217,44.668,-38.9369,-1.7061,-27.9004,0.0166,0.0176,-3.8492,-43.3214,35.33,20.17,-27.3153,0.8963,-23.6123,-9759520135.08,70.9741,0.0077,10.1201,-0.0174,-0.0037,-0.0139,-2.5844,-0.1532,1.3595,0.3918,3.4701,-1.5035,5.0943,0.8195,0.0218,0.0308,-1.7553,0.5766,0.4234,2.1444,-2.0,-0.2679,0.0489,84.008,81.5383,84.351,85.5854,86.1063,83.6998,85.5188,-22.5949,5.7155,-0.6949,0.6832,1.7848,0.1805,-0.6834,-0.0084,0.5843,-3.7916,0.1011,-1.2532,121.8627,2.4257,0.6454,2.396,0.4643,0.1782,0.4833,-12.0,-0.1478,1.7624,0.0379,0.0411,0.5737,0.0134,0.0565,-0.1819,-0.0744,0.2519,0.5,39.2108,57.296,45.2392,-0.3146,6.8289,3.341,6.7147,26.1281,24.6109,0.0068,0.1914,0.2761,0.2017,0.994,82.764,80.2186,87.6465,83.582,86.7605,-0.5036,26.7582,50.2898,20.3177,222478329964.0,44053684669.8,-9.765,3.76,7.3388,6.9866,1.1691,-1406238764.7,-381222996.31,-0.0024,3684558817.11,-1856912522.23,-1.9842,-1.6444,0.1632,854582077.28,912824017.65,17837.0597,-8.2604,-1.5423,0.0387,4736640.76,0.9294,945620147.06,14.4373,-1.6449,0.1632,58241940.37,71.5446,309513400.935,311698092.635,306812179.635,927792416.58,-2195988299.69,0.8285,-1.6427,0.8403,-0.8218,0.1918,0.1918,-1.3297,15.4951,-4.2858,1.3789,1.3286,-0.0884,11.9171,60.3813,-1.9308,0.9402,-0.3889,0.7206,-119.8109,25.17,-0.05,0.1413,-0.0403,-1.0939,0.5,-19.4271,183.1542,44.4963,44.8627,45.1822,0.0643,1.0064,0.9485,0.0039,1.6522,4414706901.1,-11451939440.8,1.0473,-0.0513,0.846,0.0217,0.1721,0.0494,1.0181,0.9687,-0.0317,-15.4034,2.0218,4.7918,4.8896,-0.1688,5.8509,51.8089,0.7372,0.6771,0.0027,51.1326,-0.8522,-1.5635,17904784408.2,1.4534,42.22,-0.0125,1.2559,-2.4742,-0.0132,1.2377,0.0452,1980.952,53.17,-0.1116,-0.1299,-0.307,-1.1268,-0.5408,0.5558,-0.0135,-9062877526.49,18668813240.7,83.3382,84.3967,15.4951,-4.2858,27.4397,-0.1322,116052026222.0,0.2377,-1.6426,-2191251658.93,-11451939440.8,0.4631,-1.3589,-0.0042,-0.0055,-0.0006,2199.1252,1431.6482,1182.4023,644.436,14.8299,1.5175,1.105,46.0861,2.2438,0.5367,0.5442,0.2787,-1599223.1936,-2313626.098,18754919.5697,19311644.5589,21625270.6569,17920459.7158,-1428805.8088,0.0277,0.0451,0.0414,0.0443,0.0312,0.0344,0.4605,-0.2945,-0.094,-60.722,-32.6122,31.3193,1.3988,5665416.2427,11185910.9206,35.9483,83.26,85.3,85.77,81.7,15823795.0,1314658362.2
2025-09-24,0.0478,-6.34,3.66,-230.8136,-251.145,-0.0545,34.0023,20.7068,-240.5098,0.3202,-2.5465,-0.8514,1.226,26.0763,1.1476,56.0,36.0,-20.0,131.3073,77.1444,25.4773,4.292,3.6881,6.0232,1.0004,85.0,-2.5527,1.9837,1.6853,1.7215,1.6783,2.1249,-2.2479,0.869,-2.0801,70.1096,103.7384,0.0,105.231,4.3151,6.56,0.7099,-0.3702,-0.3217,61.8803,-29.4777,5.672,-17.7869,0.0162,0.0173,0.2661,-34.8669,35.33,20.88,-25.7072,0.8737,-16.9413,-9759520135.08,70.597,0.0075,10.0553,-0.0173,-0.0051,-0.0123,-2.7101,0.0786,1.3595,0.3918,3.4701,-1.518,5.0943,0.8195,0.0218,0.0308,-1.5759,0.4607,0.5393,1.8585,-2.0,-0.2679,0.0413,84.1829,81.595,84.4462,85.5268,86.0221,84.1232,85.5009,-0.2405,8.6618,-0.6949,0.6832,1.7848,0.1805,-0.6834,-0.0082,0.6152,-3.7916,0.1011,-1.2532,124.3655,2.144,0.6277,2.3812,0.4104,0.1733,0.4803,-14.0,-0.1478,1.7809,0.0377,0.0411,0.5816,0.0142,0.0606,-0.2008,-0.0571,0.2519,0.4444,42.1697,59.9234,48.0876,-0.3081,6.7956,3.2675,6.8218,26.1484,24.6312,0.0068,0.1914,0.2761,0.2017,0.9792,83.202,80.4314,86.924,84.238,86.775,-0.1158,26.4949,45.9108,17.8557,227047606258.0,42284312394.8,-7.444,4.38,7.3388,6.9866,1.1691,-1406238764.7,-381222996.31,-0.0024,3684558817.11,-1856912522.23,-1.9842,-1.6444,0.1632,854582077.28,912824017.65,17878.7286,-8.2604,-1.5423,0.0387,4736640.76,0.9294,945620147.06,14.4373,-1.6449,0.1632,58241940.37,73.014,309316169.235,315226428.135,321887458.635,927792416.58,-2195988299.69,0.8285,-1.6427,0.8403,-0.8218,0.1918,0.1918,-1.3297,15.4951,-4.2858,1.3789,1.3286,-0.0884,12.1619,61.6214,-2.3734,0.9567,-0.3824,0.7089,-122.2716,22.12,-0.0225,0.1619,-0.0208,-1.0944,0.5833,-19.8261,183.1542,44.6133,45.0699,45.4918,0.0338,1.0458,0.943,0.0027,1.6522,4414706901.1,-11451939440.8,1.0543,-0.0792,0.8547,0.0387,0.1855,0.0299,1.0402,1.0103,-0.0317,-14.5343,3.9007,4.7918,4.8896,-0.1688,5.8509,62.5,0.7646,0.6974,0.0025,53.6383,-0.8522,-1.5635,17904784408.2,1.4534,44.92,-0.0125,1.3465,-2.288,0.3172,1.5637,0.0515,2021.637,42.47,-0.1097,-0.1576,-0.3099,-1.1268,-0.5408,0.5439,-0.0135,-9062877526.49,18668813240.7,84.1079,84.9928,15.4951,-4.2858,27.4397,-0.1322,116052026222.0,0.2377,-1.6426,-2191251658.93,-11451939440.8,0.4973,-1.0071,0.0997,-0.005,0.0005,2111.2593,1493.2942,1182.9874,599.4328,12.719,1.4078,1.105,53.2273,2.1502,0.5368,0.5503,0.2783,-1775416.5705,-2480190.0783,18085894.0116,18659896.0114,21140086.0897,16972066.1439,-1409547.0156,0.0279,0.0452,0.0401,0.0441,0.0329,0.0344,0.479,-0.3064,-0.0452,-63.5591,-23.6946,36.2697,1.3432,5624282.3911,11264503.0164,24.2516,84.97,82.6,85.55,82.04,15075279.0,1269051198.53
2025-09-25,0.0478,0.58,6.36,-231.7694,-248.2739,-0.2133,32.0216,20.3931,-233.9588,0.3005,-1.7883,-0.8036,1.3644,26.5948,1.1446,52.0,32.0,-20.0,125.853,97.5238,25.4773,4.1997,3.5734,6.0232,0.9937,85.2035,-1.1566,1.9849,2.2441,1.7211,1.6896,2.6888,-0.8545,0.9133,-1.2305,70.0579,102.9001,0.0,99.2582,4.3151,6.56,0.7099,-0.3702,-0.3217,100.1063,-14.4744,65.3378,1.1159,0.0161,0.0171,4.0098,-32.8522,30.55,21.65,-17.0498,0.8914,-10.8191,-9759520135.08,84.7013,0.0074,9.9754,-0.0177,-0.0072,-0.0135,-1.3187,0.2136,1.3595,0.3918,3.4701,-1.4856,5.0943,0.8195,0.0218,0.0308,-1.3559,0.3932,0.6068,1.6107,-2.0,-0.2679,0.035,84.466,81.6635,84.6453,85.5471,86.0012,84.6621,85.5087,3.7773,12.3208,-0.6949,0.6832,1.7848,0.1805,-0.6834,-0.0082,0.6292,-3.7916,0.1011,-1.2532,125.4925,1.9856,0.6231,2.3838,0.3801,0.172,0.4808,-16.0,-0.1478,1.8046,0.0375,0.0411,0.5512,0.0141,0.0613,-0.1282,-0.0498,0.2519,0.4444,45.7565,67.277,52.93,-0.2273,6.7874,4.2253,6.8371,26.1574,24.6403,0.0068,0.1914,0.2761,0.2017,0.9738,83.495,80.6536,86.479,84.964,86.8082,0.2594,26.1676,36.4088,15.815,229105116636.0,39932437077.4,-5.968,2.93,7.3388,6.9866,1.1691,-1406238764.7,-381222996.31,-0.0024,3684558817.11,-1856912522.23,-1.9842,-1.6444,0.1632,854582077.28,912824017.65,17897.2395,-8.2604,-1.5423,0.0387,4736640.76,0.9294,945620147.06,14.4373,-1.6449,0.1632,58241940.37,73.014,311830248.635,322950566.802,337241386.635,927792416.58,-2195988299.69,0.8285,-1.6427,0.8403,-0.8218,0.1918,0.1918,-1.3297,15.4951,-4.2858,1.3789,1.3286,-0.0884,12.2721,62.1798,-3.2578,0.9821,-0.3926,0.7279,-123.3796,22.9256,-0.0085,0.1695,-0.0123,-1.0905,0.6667,-20.0058,184.8139,44.7715,45.3022,45.6309,0.1444,1.0785,0.8629,0.0032,1.6522,4414706901.1,-11451939440.8,1.0354,-0.0018,0.906,0.0476,0.1382,0.0204,1.0442,1.0238,-0.0317,-9.4041,4.9578,4.7918,4.8896,-0.1688,5.8509,72.446,0.7491,0.6911,0.0025,56.5193,-0.8522,-1.5635,17904784408.2,1.4534,44.92,-0.0125,1.3861,-1.3547,0.4164,1.8109,0.0342,2039.9571,35.34,-0.1077,-0.1884,-0.3287,-1.1268,-0.5408,0.5387,-0.0135,-9062877526.49,18668813240.7,84.9787,85.7344,15.4951,-4.2858,27.4397,-0.1322,116052026222.0,0.2377,-1.6426,-2191251658.93,-11451939440.8,0.5115,-0.439,0.1301,-0.0044,0.0017,1994.7204,1577.5353,1138.6031,512.0187,10.6395,1.3348,1.105,54.2411,2.0937,0.5366,0.5289,0.2785,-1932372.5041,-2560196.2387,17589172.9186,18151285.5481,20711481.7868,16432686.7626,-1255647.4692,0.0276,0.0453,0.0381,0.0439,0.0318,0.0345,0.4831,-0.2828,-0.0823,-60.2593,-6.9353,56.3395,1.2202,5626297.6933,10792887.6601,-1.5321,85.74,84.3,86.6,83.6,15353928.0,1307590367.67
2025-09-26,0.0478,-5.09,8.23,-234.296,-244.1775,-0.1525,32.111,23.1839,-234.3203,0.4208,-1.8659,-0.5614,1.27,23.5717,1.142,48.0,28.0,-20.0,127.9305,148.1066,25.4773,4.2761,3.8562,6.0232,0.975,85.8707,0.2401,1.927,1.7613,1.6681,1.5686,4.8353,2.6636,3.0734,1.3822,71.028,100.542,0.0,104.3588,4.3151,6.56,0.7099,-0.3702,-0.3217,166.5073,27.3681,158.9097,49.2879,0.0157,0.0166,5.0618,-17.2499,30.55,16.67,-29.3943,0.8422,-4.6282,-9759520135.08,80.1829,0.0072,9.9264,-0.0158,-0.0079,-0.0144,0.8266,0.3732,1.354,0.3881,3.4885,-1.3849,5.0943,0.8195,0.0218,0.0312,-0.9823,0.3134,0.6866,1.3959,-2.0,-0.2679,0.0598,85.1213,81.7694,85.1722,85.7874,86.1545,85.7981,85.5927,9.4698,19.8722,-0.6949,0.6832,1.7848,0.1805,-0.6834,-0.0079,0.6715,-3.7916,0.1011,-1.2532,128.9028,1.664,0.6013,2.3751,0.3185,0.166,0.4791,-18.0,-0.1478,1.6236,0.0375,0.0408,0.5598,0.0132,0.0819,-0.1789,-0.0317,0.2519,0.5,50.5415,79.2512,60.1114,-0.0277,7.3943,5.4487,6.6946,26.1843,24.6671,0.0068,0.1914,0.2761,0.2017,0.9539,84.008,80.9626,85.785,85.444,86.8693,0.8052,25.5056,27.5934,13.4614,235331089598.0,38697856194.1,-3.554,5.13,7.3388,6.9866,1.1691,-1406238764.7,-381222996.31,-0.0024,3684558817.11,-1856912522.23,-1.9842,-1.6444,0.1632,854582077.28,912824017.65,17952.3322,-8.2604,-1.5423,0.0387,4736640.76,0.9294,945620147.06,14.4373,-1.6449,0.1632,58241940.37,73.014,313878390.685,332102311.135,364454408.635,927792416.58,-2195988299.69,0.8285,-1.6427,0.8403,-0.8218,0.1918,0.1918,-1.3297,15.4951,-4.2858,1.3789,1.3286,-0.0884,12.6056,63.8695,-4.7083,1.0009,-0.3986,0.7391,-126.7325,32.4228,0.0266,0.1981,0.0138,-1.0896,0.6667,-20.5495,189.8363,44.9754,45.6417,46.3704,0.0622,1.0928,0.8694,0.0047,1.6522,4414706901.1,-11451939440.8,1.0619,-0.0351,0.8639,0.0408,0.1641,-0.0155,1.028,1.0435,-0.0317,-13.6145,7.2586,4.7918,4.8896,-0.1688,5.8509,74.7028,0.757,0.738,0.0022,60.2081,-0.8522,-1.5635,17904784408.2,1.4534,44.92,-0.0125,1.933,-2.3857,0.5738,2.2712,0.0582,2095.3933,38.07,-0.1038,-0.2127,-0.3278,-1.1268,-0.5408,0.5236,-0.0135,-9062877526.49,18668813240.7,86.6062,87.6244,15.4951,-4.2858,27.4397,-0.1322,116052026222.0,0.2377,-1.6426,-2191251658.93,-11451939440.8,0.7061,-0.9121,0.194,-0.0036,0.0035,1936.6277,1722.0499,1082.2419,612.2414,8.0725,1.3348,1.105,53.5647,2.1121,0.4955,0.4535,0.2812,-1875433.7052,-1647678.5097,19338963.6607,19545398.8484,21193077.3581,20026131.8417,455510.391,0.0294,0.0452,0.0373,0.0438,0.0308,0.0348,0.4727,0.2117,-0.1222,-49.3056,95.7064,45.9348,1.1503,6630767.4178,10338801.9389,1.3226,88.07,85.97,90.74,85.47,27213022.0,2408206444.11
2025-09-29,0.0478,-14.21,3.29,-237.6481,-240.3065,-0.0792,32.2836,25.6027,-235.5378,0.3426,-2.6404,-0.6463,1.08,24.5965,1.1389,44.0,24.0,-20.0,113.4932,75.4724,25.4773,4.1428,3.6152,6.0232,0.9922,86.0152,0.2215,1.7683,1.4724,1.6059,1.4632,2.5723,2.1806,1.1009,-0.2675,73.3681,96.3119,0.0,88.8967,4.3151,6.56,0.7099,-0.3702,-0.3217,91.993,28.5982,52.875,23.7544,0.0159,0.0169,4.6446,-13.0834,31.93,13.03,-42.0374,0.9165,0.5256,-9759520135.08,62.4753,0.0074,9.8617,-0.0152,-0.0097,-0.0149,2.1585,0.2644,1.354,0.3881,3.4885,-1.2656,5.0943,0.8195,0.0218,0.0308,-0.7884,0.3678,0.6322,1.5035,-2.0,-0.2679,0.0258,85.4065,81.8508,85.4057,85.8733,86.1941,86.0954,85.6287,8.8134,5.3603,-0.6949,0.6832,1.7848,0.1805,-0.6834,-0.0081,0.6464,-3.7916,0.1011,-1.2532,126.8829,1.6697,0.6023,2.3741,0.3185,0.166,0.4791,-20.0,-0.1478,1.7698,0.0376,0.0406,0.5488,0.0136,0.0674,-0.2608,-0.0447,0.2519,0.5,53.51,71.3207,59.4469,-0.0158,7.7117,5.7044,6.6421,26.1685,24.6513,0.0068,0.1908,0.2756,0.2018,0.9749,84.516,81.2341,84.84,85.746,86.9225,0.9544,24.7781,20.0696,12.0419,231643603466.0,36066180096.4,-0.648,5.08,7.3388,6.9866,1.1691,-1406238764.7,-381222996.31,-0.0024,3684558817.11,-1856912522.23,-1.9842,-1.6444,0.1632,854582077.28,912824017.65,17919.8672,-8.2604,-1.5423,0.0387,4736640.76,0.9294,945620147.06,14.4373,-1.6449,0.1632,58241940.37,71.8699,313273761.635,333722401.635,349303001.635,927792416.58,-2195988299.69,0.8285,-1.6427,0.8403,-0.8218,0.1918,0.1918,-1.3297,15.4951,-4.2858,1.3789,1.3286,-0.0884,12.4081,62.8687,-8.911,1.0393,-0.412,0.7635,-124.7466,29.0039,0.0218,0.1764,-0.0027,-1.0913,0.5833,-20.2275,189.8363,45.1205,45.7245,46.133,0.0244,1.0469,0.8808,0.0044,1.6522,4414706901.1,-11451939440.8,1.0622,-0.0818,0.821,0.033,0.1967,-0.0205,1.0177,1.0382,-0.0317,-17.8994,1.1906,4.7918,4.8896,-0.1688,5.8509,63.5664,0.7016,0.7163,0.0027,54.904,-0.8522,-1.5635,17904784408.2,1.4534,42.68,-0.0125,1.7105,-3.4372,0.5266,2.9819,0.0586,2062.5598,39.3,-0.102,-0.2588,-0.3279,-1.1268,-0.5408,0.5324,-0.0135,-9062877526.49,18668813240.7,87.0401,87.3745,15.4951,-4.2858,27.4397,-0.1322,116052026222.0,0.2377,-1.6426,-2191251658.93,-11451939440.8,0.6771,-1.5301,0.1911,-0.0028,0.0043,1805.9416,1506.4917,983.0247,445.0992,3.4251,1.4857,1.105,55.1254,1.8305,0.4899,0.4296,0.2818,-1875576.1878,-1876146.118,18577589.7224,18869400.1025,20745546.2205,18401223.5611,-1139.8604,0.0299,0.0451,0.0354,0.0433,0.0302,0.035,0.4684,-0.2206,-0.1426,-43.2276,-11.0081,-49.5601,1.2142,6432510.3173,9713009.6699,7.9833,86.69,87.2,87.9,85.66,15151407.0,1309202243.71
2025-09-30,0.0478,-14.8,7.96,-240.5489,-236.0521,0.0466,33.4142,29.661,-221.3833,0.2998,-2.501,-0.4718,1.6208,23.7628,1.1369,40.0,20.0,-20.0,106.1775,109.3452,25.4773,4.249,3.951,6.0232,0.9611,86.6434,-0.1416,1.6954,1.6382,1.6162,1.4902,5.6202,7.2748,3.4732,3.5814,77.8245,90.2485,0.0,82.4147,4.3151,6.56,0.7099,-0.3702,-0.3217,147.0369,125.513,106.9209,67.03,0.0153,0.0162,8.5554,5.3413,31.93,15.86,-33.6263,0.9575,6.3526,-9759520135.08,63.0684,0.0071,9.8552,-0.012,-0.0102,-0.0102,3.2536,0.3078,1.354,0.3881,3.4885,-1.0828,5.0943,0.8195,0.0218,0.0312,-0.3516,0.3461,0.6539,1.303,-2.0,-0.2679,0.0625,86.2689,81.9879,86.1356,86.2806,86.4872,87.4469,85.7769,11.6591,14.3611,-0.6949,0.6832,1.7848,0.1805,-0.6834,-0.0078,0.7091,-3.7916,0.1011,-1.2532,131.9471,1.6545,0.5967,2.376,0.3156,0.1645,0.4795,-22.0,-0.1478,1.7266,0.0376,0.0399,0.5819,0.015,0.0597,-0.2262,-0.0211,0.2519,0.4444,58.4184,87.8691,68.2353,0.1454,8.2051,5.1229,6.3355,26.2076,24.6904,0.0068,0.1908,0.2756,0.2018,0.9468,85.353,81.4951,84.0365,87.124,87.033,1.4624,24.428,13.738,10.1755,240889039710.0,34864178932.2,2.633,8.37,7.3388,6.9866,1.1691,-1406238764.7,-381222996.31,-0.0024,3684558817.11,-1856912522.23,-1.9842,-1.6444,0.1632,854582077.28,912824017.65,18000.388,-8.2604,-1.5423,0.0387,4736640.76,0.9294,945620147.06,14.4373,-1.6449,0.1632,58241940.37,71.8699,312329921.735,343031958.468,378493315.635,927792416.58,-2195988299.69,0.8285,-1.6427,0.8403,-0.8218,0.1918,0.1918,-1.3297,15.4951,-4.2858,1.3789,1.3286,-0.0884,12.9033,65.378,-95.9047,1.0355,-0.408,0.756,-129.7256,36.119,0.0727,0.22,0.0358,-1.0959,0.5833,-21.0348,197.4131,45.3605,46.0177,47.2981,0.029,1.0869,0.9068,0.005,1.6522,4414706901.1,-11451939440.8,1.1023,-0.1024,0.8487,0.0596,0.2341,0.0034,1.0828,1.0794,-0.0317,-15.129,5.8347,4.7918,4.8896,-0.1688,5.8509,70.4481,0.677,0.7554,0.0029,59.738,-0.8522,-1.5635,17904784408.2,1.4534,37.47,-0.0125,1.592,-2.7009,0.8341,0.8819,0.0928,2144.8814,39.3,-0.098,-0.2783,-0.3138,-1.1268,-0.5408,0.5108,-0.0135,-9062877526.49,18668813240.7,88.8493,89.5781,15.4951,-4.2858,27.4397,-0.1322,116052026222.0,0.2377,-1.6426,-2191251658.93,-11451939440.8,0.6493,-1.1149,0.3004,-0.0019,0.006,1745.8251,1703.4247,885.6941,628.3074,1.2189,0.7903,1.105,58.718,1.9333,0.4781,0.4573,0.2881,-1683231.2632,-913851.5647,20507175.9547,20457233.0098,21371084.5745,21997587.0407,1538759.397,0.033,0.045,0.0348,0.0432,0.0348,0.0355,0.4539,0.3669,-0.0244,-31.5172,73.2034,72.25,1.2089,6946431.2578,9260120.5911,14.4541,90.15,86.76,91.6,85.97,29190314.0,2611839868.68
2025-10-09,0.0478,5.55,13.93,-240.7432,-228.7634,0.1459,33.6643,33.1782,-206.8702,0.3024,-0.7419,-0.5858,1.8868,22.6569,1.1353,36.0,16.0,-20.0,105.5772,181.9594,25.4773,4.2469,3.9958,6.0232,0.9669,87.2491,0.0786,1.6868,1.0596,1.5837,1.4554,4.6771,7.4299,2.3385,3.5674,77.957,90.041,0.0,82.9203,4.3151,6.56,0.7099,-0.3702,-0.3217,117.1372,161.6142,77.359,66.5919,0.0153,0.0162,13.9953,22.0607,16.7,15.95,-2.2971,0.9633,10.4938,-9759520135.08,82.3706,0.0071,9.7744,-0.0097,-0.012,-0.0075,3.6835,0.2638,1.7947,0.4268,4.2048,-0.8659,5.0943,0.8195,0.0218,0.0315,0.0019,0.3681,0.6319,1.1293,-2.0,-0.2679,0.0468,86.991,82.1243,86.767,86.6577,86.7651,88.3779,85.9232,10.3902,17.6875,-0.6949,0.6832,1.7848,0.1805,-0.6834,-0.0077,0.7107,-3.7916,0.1011,-1.2532,132.0789,1.6623,0.617,2.3922,0.3171,0.1701,0.4827,-24.0,-0.1478,1.5125,0.0374,0.0376,0.6044,0.0117,0.0598,-0.1086,-0.0344,0.2519,0.5,63.6937,95.3458,74.2444,0.3591,8.2042,4.0393,6.3343,26.2086,24.6914,0.0068,0.1908,0.2756,0.2018,0.9553,86.208,81.7572,83.999,88.178,87.1317,1.7356,24.2044,13.7932,8.8231,241129527936.0,32601231067.9,4.418,8.55,7.3388,6.9866,1.1691,-1406238764.7,-381222996.31,-0.0024,3684558817.11,-1856912522.23,-1.9842,-1.6444,0.1632,854582077.28,912824017.65,18002.4441,-8.2604,-1.5423,0.0387,4736640.76,0.9294,945620147.06,14.4373,-1.6449,0.1632,58241940.37,71.9417,314747639.635,358759399.635,401176826.635,927792416.58,-2195988299.69,0.8285,-1.6427,0.8403,-0.8218,0.1918,0.1918,-1.3297,15.4951,-4.2858,1.3789,1.3286,-0.0884,12.9162,65.4433,11.133,1.0774,-0.427,0.7907,-129.8551,31.3186,0.0743,0.2179,0.0357,-1.0994,0.6667,-21.0558,197.4131,45.6184,46.3741,47.3207,0.3893,1.1057,0.9535,0.004,1.6522,4414706901.1,-11451939440.8,1.1047,-0.0327,0.9918,0.0414,0.0702,-0.0082,1.062,1.0702,-0.0317,-0.8243,8.3834,4.7918,4.8896,-0.1688,5.8509,76.327,0.3643,0.7453,0.0029,64.2694,-0.8522,-1.5635,17904784408.2,1.4534,35.48,-0.0125,1.599,-0.0456,0.7697,0.7931,0.0947,2147.0227,41.54,-0.0951,-0.3087,-0.3079,-1.1268,-0.5408,0.5102,-0.0135,-9062877526.49,18668813240.7,90.0391,90.4842,15.4951,-4.2858,27.4397,-0.1322,116052026222.0,0.2377,-1.6426,-2191251658.93,-11451939440.8,0.6555,-0.0193,0.2837,-0.0009,0.0072,1632.1106,1819.8773,659.212,606.2034,1.112,0.7008,1.105,59.3693,2.0313,0.4781,0.2005,0.2878,-1480297.8167,-668564.0308,20902873.2357,20799737.316,21468301.3468,22226228.3605,1623467.5718,0.0352,0.0449,0.0329,0.0429,0.0374,0.0355,0.3807,0.1747,0.0541,-24.0418,88.2471,43.3506,1.5356,6134190.288,7350586.0278,36.2796,90.24,89.0,91.0,86.78,22683511.0,2013373409.7
2025-10-10,0.0478,15.84,13.3,-240.0718,-223.9353,0.1108,34.2523,37.6607,-211.5415,0.4818,1.214,-0.229,2.1368,24.0753,1.1338,32.0,12.0,-20.0,108.0354,204.5171,25.4773,4.3414,4.2582,6.0232,0.9635,87.9875,1.6588,1.5555,0.0256,1.4866,1.2829,4.8101,8.1798,2.2689,4.6435,77.5703,91.2597,0.0,83.9601,4.3151,6.56,0.7099,-0.3702,-0.3217,146.3305,187.1026,137.6963,105.3979,0.0151,0.016,13.4621,36.8964,8.71,17.03,32.3232,0.8143,14.0832,-9759520135.08,147.1094,0.007,9.6986,-0.0084,-0.0131,-0.0037,3.6387,0.4074,1.7286,0.4139,4.1765,-0.6197,5.0943,0.8195,0.0218,0.0318,0.365,0.2963,0.7037,0.9787,-2.0,-0.2679,0.061,87.7781,82.2763,87.4675,87.1018,87.1025,89.3586,86.1002,13.2177,27.5431,-0.6949,0.6832,1.7848,0.1805,-0.6834,-0.0077,0.7303,-3.7916,0.1011,-1.2532,133.6596,1.6614,0.6094,2.3915,0.317,0.168,0.4826,-26.0,-0.1478,1.5787,0.0375,0.0371,0.5727,0.0097,0.0681,0.0953,-0.0079,0.2519,0.625,67.2536,88.613,74.3734,0.6263,8.1865,-0.5224,6.4295,26.2205,24.7033,0.0068,0.1908,0.2756,0.2018,0.9541,87.129,82.0317,84.415,89.294,87.2677,1.9694,24.0897,12.9037,7.4802,244015386648.0,31741867732.0,5.428,9.21,7.3388,6.9866,1.1691,-1406238764.7,-381222996.31,-0.0024,3684558817.11,-1856912522.23,-1.9842,-1.6444,0.1632,854582077.28,912824017.65,18026.9712,-8.2604,-1.5423,0.0387,4736640.76,0.9294,945620147.06,14.4373,-1.6449,0.1632,58241940.37,71.9417,320464815.635,376444910.135,428000521.635,927792416.58,-2195988299.69,0.8285,-1.6427,0.8403,-0.8218,0.1918,0.1918,-1.3297,15.4951,-4.2858,1.3789,1.3286,-0.0884,13.0707,66.2265,5.2945,1.0736,-0.4301,0.7958,-131.4092,37.5776,0.0818,0.2291,0.0464,-1.097,0.6667,-21.3078,199.7758,45.9012,46.7325,47.6417,0.7776,1.1167,0.8957,0.0054,1.6522,4414706901.1,-11451939440.8,1.1122,0.0456,1.1002,0.0373,-0.0351,-0.033,1.0651,1.0981,-0.0317,10.0241,7.4732,4.7918,4.8896,-0.1688,5.8509,77.5723,0.4148,0.7648,0.002,68.4015,-0.8522,-1.5635,17904784408.2,1.4534,35.48,-0.0125,1.6565,3.993,0.9719,0.7121,0.1009,2172.7185,39.9,-0.0913,-0.3507,-0.2958,-1.1268,-0.5408,0.5039,-0.0135,-9062877526.49,18668813240.7,91.2428,91.4818,15.4951,-4.2858,27.4397,-0.1322,116052026222.0,0.2377,-1.6426,-2191251658.93,-11451939440.8,0.7362,47.9492,0.406,0.0001,0.0082,1588.8572,2020.7066,562.6187,586.5017,1.066,0.7008,1.105,58.97,2.1186,0.4779,0.0945,0.2872,-1211937.6806,-138497.1364,21979386.2838,21726500.0366,21864997.173,23758717.2403,2146881.0884,0.0366,0.045,0.0319,0.0424,0.0413,0.0358,0.3203,0.4805,0.1658,-15.285,142.467,77.9317,1.4901,6383040.9886,5985188.103,18.915,91.32,89.02,94.59,89.02,26823695.0,2474027472.03
2025-10-13,0.0478,15.11,8.88,-239.2434,-220.2064,-0.0541,34.5212,40.4008,-211.5851,0.4681,1.1147,-0.2735,1.7716,32.4769,1.1324,28.0,8.0,-20.0,125.7606,211.1914,25.4773,4.3563,4.3068,6.0232,0.9741,88.257,0.5061,1.5571,0.1622,1.4875,1.2858,3.3987,6.8289,0.8909,3.6883,77.4836,92.1334,0.0,93.2837,4.3151,6.56,0.7099,-0.3702,-0.3217,89.0437,135.8414,56.3847,83.4868,0.0152,0.0161,12.0063,14.5762,9.16,17.03,30.0496,0.7981,16.6458,-9759520135.08,150.7933,0.007,9.6249,-0.0103,-0.0135,-0.0063,3.1376,0.3808,1.4284,0.3652,3.9112,-0.3782,5.0943,0.8195,0.0218,0.0325,0.5878,0.3096,0.6904,1.2264,-2.0,-0.2679,0.0502,88.2911,82.4139,87.9494,87.4349,87.3616,89.7724,86.2477,12.3893,18.7102,-0.6949,0.6832,1.7848,0.1805,-0.6834,-0.0077,0.7172,-3.7916,0.1011,-1.2532,132.6058,1.6621,0.6012,2.3824,0.317,0.168,0.4826,-28.0,-0.1478,1.5669,0.0373,0.037,0.5858,0.0098,0.066,0.1515,-0.0143,0.2519,0.625,69.0349,79.7227,72.5975,0.6347,8.1972,-0.565,6.3824,26.2126,24.6954,0.0068,0.1907,0.2794,0.2026,0.9671,87.622,82.2954,84.8085,89.8,87.3773,1.932,23.9154,15.6064,8.5726,242091480840.0,31595306277.5,5.627,4.93,7.3388,6.9866,1.1691,-1406238764.7,-381222996.31,-0.0024,3684558817.11,-1856912522.23,-1.9842,-1.6444,0.1632,854582077.28,912824017.65,18010.6498,-8.2604,-1.5423,0.0387,4736640.76,0.9294,945620147.06,14.4373,-1.6449,0.1632,58241940.37,71.3745,326363300.985,388262180.468,408145008.635,927792416.58,-2195988299.69,0.8285,-1.6427,0.8403,-0.8218,0.1918,0.1918,-1.3297,15.4951,-4.2858,1.3789,1.3286,-0.0884,12.9677,65.7043,3.5017,1.0807,-0.4381,0.8097,-130.3731,32.4559,0.0683,0.2161,0.0369,-1.0689,0.6667,-21.1398,199.7758,46.1718,47.0415,47.4852,0.8288,1.1091,0.858,0.0078,1.6522,4414706901.1,-11451939440.8,1.0575,0.0393,1.0951,-0.0191,-0.0664,-0.0496,1.0287,1.0783,-0.0317,9.5129,5.6683,4.7918,4.8896,-0.1688,5.8509,74.8466,0.2653,0.641,0.0014,59.9543,-0.8522,-1.5635,17904784408.2,1.4534,36.05,-0.0125,1.6033,3.7813,0.8306,0.5088,0.0544,2155.588,34.1,-0.0887,-0.3985,-0.2881,-1.1268,-0.5408,0.5081,-0.0135,-9062877526.49,18668813240.7,91.6297,91.2553,15.4951,-4.2858,27.4397,-0.1322,116052026222.0,0.2377,-1.6426,-2191251658.93,-11451939440.8,0.7121,7.2145,0.3462,0.0009,0.0083,1582.0416,2104.7959,558.8465,492.4361,1.0948,0.7845,1.105,56.8671,1.8361,0.4782,0.0958,0.2873,-1025048.2678,-277490.6164,21593227.5049,21438655.8771,21716146.4935,22457649.1602,1495115.3028,0.0348,0.0451,0.0316,0.0422,0.0388,0.036,0.3181,0.081,0.0817,-7.2371,102.1763,29.3188,1.2006,5624271.974,5885857.1321,14.684,90.6,88.9,92.88,88.33,19855513.0,1812125777.05
2025-10-14,0.0478,12.66,2.13,-239.1913,-219.5072,-0.1068,33.6903,39.8914,-230.1252,0.4303,0.7744,-0.4078,2.1984,31.4247,1.13,24.0,4.0,-20.0,109.2814,106.2558,25.4773,4.3587,4.3207,6.0232,1.0124,87.8019,-1.1776,1.6039,0.4503,1.535,1.3521,-1.1928,1.9364,-3.4273,-0.7958,77.9097,92.2553,0.0,77.8567,4.3151,6.56,0.7099,-0.3702,-0.3217,10.8811,68.0415,-107.2192,34.4894,0.0159,0.0169,4.4201,24.8246,11.55,17.03,19.1742,0.7449,15.9782,-9759520135.08,144.7737,0.0074,9.6546,-0.0097,-0.0136,-0.0045,2.2005,0.2812,1.4423,0.3679,3.9209,-0.2132,5.0943,0.8195,0.0218,0.0329,0.447,0.3594,0.6406,1.4267,-2.0,-0.2679,0.0506,88.0073,82.4852,87.7618,87.3678,87.3148,88.7583,86.2635,10.6599,2.2626,-0.6949,0.6832,1.7848,0.1805,-0.6834,-0.0081,0.6472,-3.7916,0.1011,-1.2532,126.9415,1.6596,0.6061,2.3665,0.317,0.168,0.4826,-30.0,-0.1478,1.5846,0.0372,0.0371,0.5701,0.0105,0.0627,0.1207,-0.0286,0.2519,0.5556,66.3083,49.949,60.8552,0.4686,8.0621,-0.0684,5.8307,26.1689,24.6517,0.0068,0.191,0.2772,0.2039,1.0121,87.777,82.5336,85.0825,89.808,87.4257,1.3204,23.6576,13.655,13.0541,231750487122.0,31819638699.5,5.389,1.55,7.3388,6.9866,1.1691,-1406238764.7,-381222996.31,-0.0024,3684558817.11,-1856912522.23,-1.9842,-1.6444,0.1632,854582077.28,912824017.65,17920.8149,-8.2604,-1.5423,0.0387,4736640.76,0.9294,945620147.06,14.4373,-1.6449,0.1632,58241940.37,71.3745,332208805.885,392074594.135,387328890.635,927792416.58,-2195988299.69,0.8285,-1.6427,0.8403,-0.8218,0.1918,0.1918,-1.3297,15.4951,-4.2858,1.3789,1.3286,-0.0884,12.4138,62.8978,2.589,1.0659,-0.4376,0.8078,-124.8042,28.113,0.0194,0.1615,-0.008,-1.0653,0.5833,-20.2368,191.2423,46.3604,47.0791,46.596,0.8339,1.0563,0.8165,0.0034,1.6522,4414706901.1,-11451939440.8,1.0182,0.041,1.0674,-0.031,-0.0669,-0.0341,1.0005,1.0346,-0.0317,6.7446,-1.5215,4.7918,4.8896,-0.1688,5.8509,60.8045,0.4087,0.5973,0.0014,52.727,-0.8522,-1.5635,17904784408.2,1.4534,36.05,-0.0125,1.51,2.5017,0.5093,0.3528,0.0179,2063.5115,32.2,-0.0866,-0.4054,-0.2896,-1.1268,-0.5408,0.5322,-0.0135,-9062877526.49,18668813240.7,90.0418,88.2971,15.4951,-4.2858,27.4397,-0.1322,116052026222.0,0.2377,-1.6426,-2191251658.93,-11451939440.8,0.6537,1.9103,0.2048,0.0014,0.006,1593.8303,2010.3897,561.8571,476.6795,1.9215,2.2753,1.105,50.5341,1.5913,0.4822,0.1182,0.2955,-881357.9937,-306596.8971,21451934.8676,21342880.8191,21649477.7162,21910472.1068,1149522.1932,0.0355,0.0452,0.0316,0.042,0.0407,0.0363,0.318,0.1309,0.123,-3.4802,11.6302,-23.5068,0.9605,5490905.4369,5902614.3687,-10.3859,86.73,90.0,90.88,86.49,20816118.0,1841769147.98
2025-10-15,0.0478,14.69,2.88,-237.8607,-217.0931,0.3376,31.1123,35.734,-221.0534,0.3971,0.9184,-0.4092,2.1728,30.973,1.1271,20.0,88.0,68.0,99.6468,46.3693,25.4773,4.2781,4.1389,6.0232,1.0139,87.3003,-3.9437,1.5462,0.2614,1.4925,1.2896,-2.2269,0.8049,-3.2563,-1.5873,78.7306,92.0944,0.0,68.6738,4.3151,6.56,0.7099,-0.3702,-0.3217,-82.6506,3.3444,-130.7831,-15.3201,0.016,0.017,3.8013,15.4004,10.43,17.03,24.035,0.8265,14.7243,-9759520135.08,130.1218,0.0074,9.5795,-0.0099,-0.0137,-0.0093,1.5778,0.0968,1.7018,0.4347,3.9148,-0.1143,5.0943,0.8195,0.0218,0.0329,0.2813,0.4516,0.5484,1.5464,-2.0,-0.2679,0.0375,87.6605,82.545,87.5061,87.247,87.2248,87.8722,86.2582,4.8693,-7.3934,-0.6949,0.6832,1.7848,0.1805,-0.6834,-0.0081,0.6357,-3.7916,0.1011,-1.2532,126.0194,2.1468,0.5933,2.3565,0.317,0.168,0.4826,-32.0,-0.1478,1.6113,0.0371,0.0371,0.5853,0.0101,0.0586,0.1016,-0.0305,0.2519,0.625,60.3339,24.4872,48.385,0.2298,8.0613,0.2301,5.9273,26.1616,24.6445,0.0068,0.1476,0.2831,0.2048,1.0228,88.061,82.766,85.4125,88.998,87.4887,0.7912,23.3965,16.758,20.8455,230067069540.0,31764302395.5,5.297,2.84,7.3388,6.9866,1.1691,-1406238764.7,-381222996.31,-0.0024,3684558817.11,-1856912522.23,-1.9842,-1.6444,0.1632,854582077.28,912824017.65,17905.8413,-8.2604,-1.5423,0.0387,4736640.76,0.9294,945620147.06,14.4373,-1.6449,0.1632,58241940.37,70.856,338135511.885,395933224.135,372454781.635,927792416.58,-2195988299.69,0.8285,-1.6427,0.8403,-0.8218,0.1918,0.1918,-1.3297,15.4951,-4.2858,1.3789,1.3286,-0.0884,12.3236,62.4409,1.9763,1.0159,-0.4219,0.7779,-123.8976,24.8236,0.008,0.1506,-0.0159,-1.0633,0.5,-20.0898,191.2423,46.4314,47.1383,46.488,0.8138,1.005,0.9463,0.0045,1.6522,4414706901.1,-11451939440.8,1.0341,0.0331,1.083,-0.0562,-0.1279,-0.0908,0.9551,1.0459,-0.0317,8.3019,-0.6806,4.7918,4.8896,-0.1688,5.8509,51.1653,0.2191,0.59,0.0013,47.1407,-0.8522,-1.5635,17904784408.2,1.4534,21.33,-0.0125,1.484,3.1086,0.5924,0.3805,0.033,2048.5223,32.2,-0.0856,-0.4179,-0.2907,-1.1268,-0.5408,0.5363,-0.0135,-9062877526.49,18668813240.7,88.619,86.5152,15.4951,-4.2858,27.4397,-0.1322,116052026222.0,0.2377,-1.6426,-2191251658.93,-11451939440.8,0.6666,3.9694,0.2492,0.0015,0.0032,1590.2641,2002.6508,563.8154,490.516,2.4836,3.4223,1.105,53.0741,1.3791,0.4824,0.1114,0.2943,-865069.0744,-799913.3974,20255966.528,20347685.1546,21147598.552,19565017.7379,130311.354,0.0353,0.0452,0.0315,0.0417,0.0359,0.0364,0.3217,-0.2104,-0.0191,-5.5915,-50.4832,-1.8302,1.0876,5593758.5423,5943238.2173,26.6015,86.1,86.73,86.73,83.5,14874109.0,1262769242.41
2025-10-16,0.0478,17.21,2.31,-237.5106,-220.6993,0.5995,30.1888,36.5621,-243.0202,0.4717,1.2638,-0.2842,1.924,16.7577,1.1257,16.0,84.0,68.0,95.6475,13.8616,25.4773,4.5368,4.7658,6.0232,0.9739,87.3721,1.2626,1.5506,0.2725,1.5036,1.2995,1.3272,4.4737,0.9202,2.4001,79.3291,92.4079,0.0,78.8898,4.3151,6.56,0.7099,-0.3702,-0.3217,87.4816,121.0142,51.0493,84.6598,0.0154,0.0163,-3.7868,20.0976,10.43,19.55,30.4203,0.7097,15.1565,-9759520135.08,156.2215,0.0071,9.5861,-0.0076,-0.0126,-0.0071,1.5273,0.1486,1.7036,0.4358,3.909,-0.0042,5.0943,0.8195,0.0218,0.0329,0.4363,0.4257,0.5743,1.3402,-2.0,-0.2679,0.0554,88.0331,82.6634,87.8452,87.4816,87.4089,88.4848,86.3713,11.4615,3.691,-0.6949,0.6832,1.7848,0.1805,-0.6834,-0.0078,0.701,-3.7916,0.1011,-1.2532,131.3031,2.1391,0.6011,2.3509,0.3158,0.1702,0.4815,-34.0,-0.1478,1.6127,0.0371,0.0371,0.6113,0.0105,0.0659,0.1536,-0.0132,0.2519,0.625,57.1966,38.3731,50.9221,0.2264,7.8785,-0.1897,5.6273,26.2027,24.6855,0.0068,0.1476,0.2831,0.2048,0.9869,88.535,83.0281,85.8685,88.892,87.6073,0.881,22.9942,21.7658,17.0359,239713319494.0,33391783558.7,5.333,4.74,7.3388,6.9866,1.1691,-1406238764.7,-381222996.31,-0.0024,3684558817.11,-1856912522.23,-1.9842,-1.6444,0.1632,854582077.28,912824017.65,17990.3084,-8.2604,-1.5423,0.0387,4736640.76,0.9294,945620147.06,14.4373,-1.6449,0.1632,58241940.37,70.856,344879083.285,399967190.302,402697112.635,927792416.58,-2195988299.69,0.8285,-1.6427,0.8403,-0.8218,0.1918,0.1918,-1.3297,15.4951,-4.2858,1.3789,1.3286,-0.0884,12.8403,65.0589,1.6313,1.0051,-0.4221,0.7769,-129.0924,41.653,0.0447,0.1964,0.024,-1.0577,0.5833,-20.9321,199.2607,46.6162,47.2146,47.756,0.8757,1.0532,1.0808,0.0081,1.6522,4414706901.1,-11451939440.8,1.0558,0.0831,1.1132,0.0052,-0.1191,-0.0921,0.9941,1.0862,-0.0317,11.3165,-0.4881,4.7918,4.8896,-0.1688,5.8509,60.5007,0.1953,0.6768,0.0012,52.3891,-0.8522,-1.5635,17904784408.2,1.4534,14.61,-0.0125,1.6022,3.8797,0.8789,0.2582,0.0528,2134.4128,36.48,-0.0824,-0.383,-0.2781,-1.1268,-0.5408,0.5134,-0.0135,-9062877526.49,18668813240.7,89.2582,88.3487,15.4951,-4.2858,27.4397,-0.1322,116052026222.0,0.2377,-1.6426,-2191251658.93,-11451939440.8,0.7199,5.1017,0.3711,0.0016,0.0024,1672.3404,2027.7545,609.5259,530.1792,2.5323,3.5119,1.105,52.0123,1.4747,0.4854,0.1284,0.3011,-682324.0746,48655.9246,22071669.1593,21869938.3616,21821282.437,23124122.1586,1461959.9984,0.0379,0.0455,0.0329,0.0415,0.0384,0.0371,0.3311,0.6332,0.0379,1.0007,78.4579,3.604,1.4811,5943380.4345,6390093.2293,44.5007,89.71,91.01,94.0,89.03,30242331.0,2762461727.31
2025-10-17,0.0478,10.46,-4.86,-238.6219,-229.8081,0.577,29.1568,34.3812,-261.5234,0.4822,0.579,-0.4764,1.8844,35.9554,1.1235,12.0,80.0,68.0,130.6197,-105.2806,25.4773,4.4849,4.6065,6.0232,1.0143,87.2257,-1.6149,1.5727,0.5053,1.5237,1.3164,-2.8918,-0.0325,-2.0813,-1.8351,79.649,92.407,0.0,94.6643,4.3151,6.56,0.7099,-0.3702,-0.3217,-70.3404,22.2475,-50.1949,10.5139,0.016,0.017,-12.4342,17.4527,14.14,17.33,10.1366,0.6639,12.6469,-9759520135.08,129.7442,0.0074,9.6062,-0.007,-0.0126,-0.0097,1.1907,0.1042,1.7145,0.4431,3.8693,0.048,5.0943,0.8195,0.0218,0.0353,0.2567,0.4479,0.5521,1.436,-2.0,-0.2679,0.036,87.6635,82.7186,87.5613,87.3405,87.3046,87.6565,86.3592,2.0906,-7.253,-0.6949,0.6832,1.7848,0.1805,-0.6834,-0.0081,0.6338,-3.7916,0.1011,-1.2532,125.873,2.1323,0.6147,2.3467,0.3158,0.1702,0.4815,-36.0,-0.1478,1.6277,0.0369,0.0369,0.5814,0.0108,0.0652,0.1025,-0.0407,0.2519,0.5556,51.9518,20.4833,41.4623,0.0696,7.7611,-0.2058,5.4219,26.1605,24.6433,0.0068,0.1481,0.2769,0.2052,1.0298,88.561,83.2668,86.028,87.828,87.6077,0.4174,22.6644,20.3891,24.2406,229799860400.0,33715366755.8,5.066,0.26,7.3388,6.9866,1.1691,-1406238764.7,-381222996.31,-0.0024,3684558817.11,-1856912522.23,-1.9842,-1.6444,0.1632,854582077.28,912824017.65,17903.4553,-8.2604,-1.5423,0.0387,4736640.76,0.9294,945620147.06,14.4373,-1.6449,0.1632,58241940.37,67.9257,349782411.335,396924027.302,382917848.635,927792416.58,-2195988299.69,0.8285,-1.6427,0.8403,-0.8218,0.1918,0.1918,-1.3297,15.4951,-4.2858,1.3789,1.3286,-0.0884,12.3093,62.3684,1.4568,1.0428,-0.4439,0.8146,-123.7537,36.517,-0.0003,0.1455,-0.0184,-1.0463,0.5833,-20.0665,199.2607,46.7625,47.1508,46.938,0.8312,1.0329,1.0395,0.003,1.6522,4414706901.1,-11451939440.8,1.003,0.0655,1.0385,-0.0158,-0.0968,-0.0585,0.9417,1.0002,-0.0317,3.8522,-4.6986,4.7918,4.8896,-0.1688,5.8509,55.8647,0.185,0.6308,0.0012,47.0911,-0.8522,-1.5635,17904784408.2,1.4534,15.43,-0.0125,1.5186,1.3746,0.2528,0.163,0.003,2046.1431,36.48,-0.0817,-0.3685,-0.27,-1.1268,-0.5408,0.537,-0.0135,-9062877526.49,18668813240.7,87.9777,86.6134,15.4951,-4.2858,27.4397,-0.1322,116052026222.0,0.2377,-1.6426,-2191251658.93,-11451939440.8,0.6752,1.0468,0.1056,0.0015,0.0007,1689.1172,1980.5672,606.0903,544.1309,3.1315,4.182,1.105,45.3643,1.2781,0.489,0.1481,0.3022,-570204.3917,-121725.6599,21654868.2212,21548296.1521,21670021.812,22009169.4391,896957.4636,0.0387,0.0457,0.0331,0.0414,0.036,0.0369,0.3277,0.0195,-0.0245,6.9711,24.997,-12.8033,1.5113,5525359.0361,6368651.6061,28.0191,86.0,87.99,89.0,85.9,19779264.0,1730249659.85
2025-10-20,0.0478,11.63,-5.45,-239.4343,-238.434,0.5992,28.3741,32.7146,-263.2964,0.4897,0.7361,-0.423,1.8164,37.4143,1.1223,8.0,76.0,68.0,162.9739,-134.0037,25.4773,4.406,4.4021,6.0232,0.9957,87.3339,-1.1628,1.5761,0.545,1.5184,1.3237,-0.9206,1.6733,0.5272,0.0955,80.0183,92.5147,0.0,125.5596,4.3151,6.56,0.7099,-0.3702,-0.3217,-33.9778,38.5134,-0.6447,25.0002,0.0157,0.0167,-15.4055,2.1379,14.14,18.91,14.4327,0.5638,10.9579,-9759520135.08,127.7061,0.0073,9.527,-0.009,-0.0127,-0.0111,1.1056,0.1646,1.7145,0.4431,3.8693,0.0883,5.0943,0.8195,0.0218,0.0353,0.2496,0.4177,0.5823,1.2445,-2.0,-0.2679,0.0342,87.6719,82.8011,87.5842,87.3757,87.3346,87.6744,86.4034,3.7749,-15.9671,-0.6949,0.6832,1.7848,0.1805,-0.6834,-0.008,0.6648,-3.7916,0.1011,-1.2532,128.3759,2.13,0.6164,1.9291,0.3155,0.1707,0.3958,-38.0,-0.1478,1.6305,0.0367,0.0369,0.5799,0.0113,0.0662,0.1168,-0.0337,0.2519,0.5556,48.0664,24.754,40.2956,0.0344,7.7355,-0.3537,5.3687,26.1802,24.663,0.0068,0.1481,0.2769,0.2052,1.0093,88.525,83.5137,86.2665,87.25,87.6263,0.3226,22.5117,23.5839,21.3847,234369136694.0,33686311647.8,4.517,-0.36,7.3388,6.9866,1.1691,-1406238764.7,-381222996.31,-0.0024,3684558817.11,-1856912522.23,-1.9842,-1.6444,0.1632,854582077.28,912824017.65,17943.9086,-8.2604,-1.5423,0.0387,4736640.76,0.9294,945620147.06,14.4373,-1.6449,0.1632,58241940.37,69.2763,354625284.735,392017599.302,398561953.635,927792416.58,-2195988299.69,0.8285,-1.6427,0.8403,-0.8218,0.1918,0.1918,-1.3297,15.4951,-4.2858,1.3789,1.3286,-0.0884,12.554,63.6085,1.2208,0.9978,-0.4293,0.7864,-126.2144,33.3647,0.0167,0.1666,0.001,-1.0553,0.5833,-20.4655,199.2607,46.9089,47.0854,47.2491,0.8443,1.0322,1.0795,0.0032,1.6522,4414706901.1,-11451939440.8,0.9959,0.0738,1.0575,0.0143,-0.0894,-0.0448,0.9681,1.0129,-0.0317,5.7511,-3.9531,4.7918,4.8896,-0.1688,5.8509,55.8647,0.2132,0.6983,0.0014,52.6518,-0.8522,-1.5635,17904784408.2,1.4534,14.62,-0.0125,1.54,1.9436,0.349,-0.016,-0.0041,2086.828,36.48,-0.0844,-0.3719,-0.2664,-1.1268,-0.5408,0.5259,-0.0135,-9062877526.49,18668813240.7,87.8736,87.1,15.4951,-4.2858,27.4397,-0.1322,116052026222.0,0.2377,-1.6426,-2191251658.93,-11451939440.8,0.6835,1.3903,0.1453,0.0014,-0.0001,1687.7372,1797.4925,606.8066,529.4906,3.3718,4.2847,1.105,42.5255,1.3839,0.4893,0.152,0.3036,-572903.2237,-583698.5519,20562002.181,20639959.0518,21223657.6037,19887481.2927,-21590.6564,0.0367,0.0457,0.033,0.0412,0.0346,0.0366,0.3304,-0.2027,-0.0582,11.3903,3.7732,-41.678,1.7929,5675903.0451,6399912.177,38.0838,87.71,87.0,89.38,86.38,15644105.0,1375579594.07
