tradeDate,mvel1,beta,betasq,chmom,dolvol,idiovol,indmom,mom1m,mom6m,mom12m,mom36m,pricedelay,turn,absacc,acc,age,agr,bm,bm_ia,cashdebt,cashpr,cfp,cfp_ia,chatoia,chcsho,chempia,chinv,chpmia,convind,currat,depr,divi,divo,dy,egr,ep,gma,grcapx,grltnoa,herf,hire,invest,lev,lgr,mve_ia,operprof,orgcap,pchcapx_ia,pchcurrat,pchdepr,pchgm_pchsale,pchquick,pchsale_pchinvt,pchsale_pchrect,pchsale_pchxsga,pchsaleinv,pctacc,ps,quick,rd,rd_mve,rd_sale,realestate,roic,salecash,saleinv,salerec,secured,securedind,sgr,sin,sp,tang,tb,aeavol,cash,chtx,cinvest,ear,nincr,roaq,roavol,roeq,rsup,stdacc,stdcf,ms,baspread,ill,maxret,retvol,std_dolvol,std_turn,zerotrade,sic2,close
1990-01-31,,,,,,,,,,,,,,,,,,,,,,,,,,,,,,,,,,,,,,,,,,,,,,,,,,,,,,,,,,,,,,,,,,,,,,,,,,,,,,,,,,,,,,,,,,,,,,,,
1990-02-28,,,,,,,,,,,,,,,,,,,,,,,,,,,,,,,,,,,,,,,,,,,,,,,,,,,,,,,,,,,,,,,,,,,,,,,,,,,,,,,,,,,,,,,,,,,,,,,,
1990-03-30,,,,,,,,,,,,,,,,,,,,,,,,,,,,,,,,,,,,,,,,,,,,,,,,,,,,,,,,,,,,,,,,,,,,,,,,,,,,,,,,,,,,,,,,,,,,,,,,
1990-04-30,,,,,,,,,,,,,,,,,,,,,,,,,,,,,,,,,,,,,,,,,,,,,,,,,,,,,,,,,,,,,,,,,,,,,,,,,,,,,,,,,,,,,,,,,,,,,,,,
1990-05-31,,,,,,,,,,,,,,,,,,,,,,,,,,,,,,,,,,,,,,,,,,,,,,,,,,,,,,,,,,,,,,,,,,,,,,,,,,,,,,,,,,,,,,,,,,,,,,,,
1990-06-29,,,,,,,,,,,,,,,,,,,,,,,,,,,,,,,,,,,,,,,,,,,,,,,,,,,,,,,,,,,,,,,,,,,,,,,,,,,,,,,,,,,,,,,,,,,,,,,,
1990-07-31,,,,,,,,,,,,,,,,,,,,,,,,,,,,,,,,,,,,,,,,,,,,,,,,,,,,,,,,,,,,,,,,,,,,,,,,,,,,,,,,,,,,,,,,,,,,,,,,
1990-08-31,,,,,,,,,,,,,,,,,,,,,,,,,,,,,,,,,,,,,,,,,,,,,,,,,,,,,,,,,,,,,,,,,,,,,,,,,,,,,,,,,,,,,,,,,,,,,,,,
1990-09-28,,,,,,,,,,,,,,,,,,,,,,,,,,,,,,,,,,,,,,,,,,,,,,,,,,,,,,,,,,,,,,,,,,,,,,,,,,,,,,,,,,,,,,,,,,,,,,,,
1990-10-31,,,,,,,,,,,,,,,,,,,,,,,,,,,,,,,,,,,,,,,,,,,,,,,,,,,,,,,,,,,,,,,,,,,,,,,,,,,,,,,,,,,,,,,,,,,,,,,,
1990-11-30,,,,,,,,,,,,,,,,,,,,,,,,,,,,,,,,,,,,,,,,,,,,,,,,,,,,,,,,,,,,,,,,,,,,,,,,,,,,,,,,,,,,,,,,,,,,,,,,
1990-12-31,,,,,,,,,,,,,,,,,,,,,,,,,,,,,,,,,,,,,,,,,,,,,,,,,,,,,,,,,,,,,,,,,,,,,,,,,,,,,,,,,,,,,,,,,,,,,,,,
1991-01-31,,,,,,,,,,,,,,,,,,,,,,,,,,,,,,,,,,,,,,,,,,,,,,,,,,,,,,,,,,,,,,,,,,,,,,,,,,,,,,,,,,,,,,,,,,,,,,,,
1991-02-28,,,,,,,,,,,,,,,,,,,,,,,,,,,,,,,,,,,,,,,,,,,,,,,,,,,,,,,,,,,,,,,,,,,,,,,,,,,,,,,,,,,,,,,,,,,,,,,,
1991-03-28,,,,,,,,,,,,,,,,,,,,,,,,,,,,,,,,,,,,,,,,,,,,,,,,,,,,,,,,,,,,,,,,,,,,,,,,,,,,,,,,,,,,,,,,,,,,,,,,
1991-04-30,,,,,,,,,,,,,,,,,,,,,,,,,,,,,,,,,,,,,,,,,,,,,,,,,,,,,,,,,,,,,,,,,,,,,,,,,,,,,,,,,,,,,,,,,,,,,,,,
1991-05-31,,,,,,,,,,,,,,,,,,,,,,,,,,,,,,,,,,,,,,,,,,,,,,,,,,,,,,,,,,,,,,,,,,,,,,,,,,,,,,,,,,,,,,,,,,,,,,,,
1991-06-28,,,,,,,,,,,,,,,,,,,,,,,,,,,,,,,,,,,,,,,,,,,,,,,,,,,,,,,,,,,,,,,,,,,,,,,,,,,,,,,,,,,,,,,,,,,,,,,,0.90625
1991-07-31,68121.0,,,,,,-0.016990042,,,,,,,,,,,,,,,,,,,,,,,,,,,,,,,,,,,,,,,,,,,,,,,,,,,,,,,,,,,,,,,,,,,,,,,,,,,,,,,,,0.0210560656999999,8.5368882e-09,0.0172413792,0.0221098331999999,1.6083130902,29.151769696,2.8504546000000004e-08,28.0,0.90625
1991-08-30,68121.0,,,,14.71994572,,-0.017996854,0.0,,,,,,,,,,,,,,,,,,,,,,,,,,,,,,,,,,,,,,,,,,,,,,,,,,,,,,,,,,,,,,,,,,,,,,,,,,,,,,,,0.0302158653,1.0373339e-07,0.0619469024,0.0239277571,0.8942751116,4.0120819873,2.166378e-08,28.0,1.03125
1991-09-30,77517.0,,,,11.043537646,,0.1069414898,0.137931034,,,,,3.9982316534,,,,,,,,,,,,,,,,,,,,,,,,,,,,,,,,,,,,,,,,,,,,,,,,,,,,,,,,,,,,,,,,,,,,,,,,,,,0.0287967931,3.8847457e-07,0.1092436983999999,0.0356991545,1.6078608712,10.213363468,1.5465394e-08,28.0,1.1171875
1991-10-31,84441.5,,,,11.509685221,,0.2354015455999999,0.0833333358,,,,,1.2512701101,,,,,,,,,,,,,,,,,,,,,,,,,,,,,,,,,,,,,,,,,,,,,,,,,,,,,,,,,,,,,,,,,,,,,,,,,,,0.0371624221,1.1622760000000004e-07,0.0451127812,0.0239242083999999,1.4194306235,9.6622624689,1.3942673e-08,28.0,1.65625
1991-11-29,125186.0,,,,11.789796496,,0.3163589891,0.4825174809,,,,,1.983276884,,,,,,,,,,,,,,,,,,,,,,,,,,,,,,,,,,,,,,,,,,,,,,,,,,,,,,,,,,,,,,,,,,,,,,,,,,,0.0529494680999999,3.2608933e-08,0.106250003,0.0366924419,0.9098680566,11.306242986,6.1184304e-09,28.0,1.25
1991-12-31,94480.0,,,,12.871862761,,0.3046720836,-0.245283023,0.8208104885999999,,,,1.8984288415,,,,,,,,,,,,,,,,,,,,,,,,,,,,,,,,,,,,,,,,,,,,,,,,,,,,,,,,,,,,,,,,,,,,,,,,,,,0.0598552891,4.1513496e-08,0.0571428575,0.0505327001999999,0.7509959654999999,3.4541526601,1.4650383e-08,28.0,1.390625
1992-01-31,113764.25,,,,11.857082384000002,,0.3027384643,0.1124999969999999,0.3793103390999999,,,,2.4555707673,,,,,,,,,,,,,,,,,,,,,,,,,,,,,,,,,,,,,,,,,,,,,,,,,,,,,,,,,,,,,,,,,,,,,,,,,,,0.0485564576,1.1755986e-07,0.1124999969999999,0.0439206136,1.6794664125999998,29.333510848000003,6.2346824e-09,28.0,1.5625
1992-02-28,127825.0,,,,12.777987489,,0.2984478933,0.123595506,0.5344827482,,,,3.3188604211,,,,,,,,,,,,,,,,,,,,,,,,,,,,,,,,,,,,,,,,,,,,,,,,,,,,,,,,,,,,,,,,,,,,,,,,,,,0.0389744329999999,1.9137079e-08,0.0729166642,0.0292697081,0.9537853554,20.799158395,3.6405663e-09,28.0,1.2109375
1992-03-31,99064.375,,,,13.456296679,,0.3110341509,-0.2249999939999999,0.515151506,,,,3.291036885,,,,,,,,,,,,,,,,,,,,,,,,,,,,,,,,,,,,,,,,,,,,,,,,,,,,,,,,,,,,,,,,,,,,,,,,,,,0.0395832602,3.084541e-08,0.0389610379999999,0.0315396133,0.8024744331999999,6.8087255912,1.2999923999999998e-08,28.0,1.28125
1992-04-30,109859.5,,,,12.075166376,,0.2896948882,0.0580645166,0.0839160832,,,,3.0933631896,,,,,,,,,,,,,,,,,,,,,,,,,,,,,,,,,,,,,,,,,,,,,,,,,,,,,,,,,,,,,,0.9843367983,0.5273159802,,0.2559648307,0.1564766131,2.0,0.0282070771,,0.0349360204,0.0197059503,,,,0.0351684559,1.8207637e-08,0.0764705911,0.0286167304,1.0333021959,7.3713858449,8.0059097e-09,28.0,1.328125
1992-05-29,113878.75,,,,12.473476115,,0.2523535014999999,0.0365853645,-0.2264150939999999,,,,3.13584624,,,,,,,,,,,,,,,,,,,,,,,,,,,,,,,,,,,,,,,,,,,,,,,,,,,,,,,,,,,,,,0.9843367983,0.5273159802,,0.2559648307,0.1564766131,2.0,0.0282070771,,0.0349360204,0.0197059503,,,,0.0371444607,1.4248928000000001e-08,0.1184210553999999,0.0286232825,1.0823258913,26.276947083000003,3.9020196e-09,28.0,1.5
1992-06-30,128616.0,,,-0.174196576,13.317938385,,0.2314247646999999,0.1294117719,0.0625000048,0.4600838818,,,2.6787737905,,,,,,,,,,,,,,,,,,,,,,,,,,,,,,,,,,,,,,,,,,,,,,,,,,,,,,,,,,,,,,0.9843367983,0.5273159802,,0.2559648307,0.1564766131,2.0,0.0282070771,,0.0349360204,0.0197059503,,,,0.0354393706,2.1013023e-08,0.0823529437,0.0285793396,1.1528284039,11.949706590999998,8.400149999999999e-09,28.0,1.390625
1992-07-31,153146.75,,,-0.5344827320000001,12.721646976,,0.4633814952,-0.072916664,0.0786516999999999,0.6551724249,,,2.3409850356,,,1.0,,0.2765895261,-1.340885212,0.0484446773,5.1239083339,0.0330683848,0.007941515,,,,,,0.0,3.9913806139,0.0750797267,,,0.0,,0.0277064192,,,,0.0333562752999999,,,0.0582168826999999,,-1785.72253,,,,,,,,,,,,,,3.2163919552,,0.0339298154,0.1267485388,0.496768112,0.0750064328,2.0617426038,5.9422439024,5.9690317523,1.0,1.0,,0.0,0.2676939372,0.7113321431,-0.879580279,0.9843367983,0.5273159802,,0.2559648307,0.1564766131,2.0,0.0282070771,,0.0349360204,0.0197059503,,,3.0,0.0350095656999999,1.4351917e-07,0.0853658542,0.0323175432,1.5759860863,6.9214281545,1.8746357e-08,28.0,1.5390625
1992-08-31,169493.875,1.7325900408,3.0018682494,-0.739137907,11.763115929,0.0767465953,0.2805587667,0.1067415699,-0.109999986,0.534482773,,0.2102142353,1.3957092353,,,1.0,,0.2765895261,-1.382198193,0.0484446773,5.1239083339,0.0330683848,0.007941515,,,,,,0.0,3.9913806139,0.0750797267,,,0.0,,0.0277064192,,,,0.0333562752999999,,,0.0582168826999999,,-1785.72253,,,,,,,,,,,,,,3.2163919552,,0.0339298154,0.1267485388,0.496768112,0.0750064328,2.0617426038,5.9422439024,5.9690317523,1.0,1.0,,0.0,0.2676939372,0.7113321431,-0.879580279,-0.50588159,0.3877759983,0.0128040973,0.2422909774,-0.115298396,3.0,0.0333047495,,0.0406084522,0.019276706,,,3.0,0.0307926716,3.2371636000000003e-08,0.0645161271,0.0261331827999999,1.4787144684,5.804189739400001,1.5053249e-08,28.0,1.515625
1992-09-30,166912.75,1.7701808755,3.133540332,0.0773704842,12.319022353,0.0749965876,0.207461781,-0.015228426,0.2709677487999999,0.4924242528999999,,0.2027061592,1.0275962237,,,1.0,,0.2765895261,-1.3881021340000002,0.0484446773,5.1239083339,0.0330683848,0.007941515,,,,,,0.0,3.9913806139,0.0750797267,,,0.0,,0.0277064192,,,,0.0333562752999999,,,0.0582168826999999,,-1785.72253,,,,,,,,,,,,,,3.2163919552,,0.0339298154,0.1267485388,0.496768112,0.0750064328,2.0617426038,5.9422439024,5.9690317523,1.0,1.0,,0.0,0.2676939372,0.7113321431,-0.879580279,-0.50588159,0.3877759983,0.0128040973,0.2422909774,-0.115298396,3.0,0.0333047495,,0.0406084522,0.019276706,,,3.0,0.0286848686,4.4870148e-08,0.0329670347,0.0185702083,1.0515497408,3.0055087634,2.2546692000000004e-08,28.0,1.625
1992-10-30,179010.0,1.7242055915,2.9728849217,0.1214395392,11.946200274,0.0739091274,0.0735988331,0.0721649453,0.1829268355,0.3566433635,,0.2545049075,1.169644154,,,1.0,,0.2765895261,-1.496046116,0.0484446773,5.1239083339,0.0330683848,0.007941515,,,,,,0.0,3.9913806139,0.0750797267,,,0.0,,0.0277064192,,,,0.0333562752999999,,,0.0582168826999999,,-1785.72253,,,,,,,,,,,,,,3.2163919552,,0.0339298154,0.1267485388,0.496768112,0.0750064328,2.0617426038,5.9422439024,5.9690317523,1.0,1.0,,0.0,0.2676939372,0.7113321431,-0.879580279,0.4450245556,0.1012233665,0.0069269844999999,-0.308316658,-0.02550528,0.0,0.0110793141999999,,0.0134113011,0.0554526463,,,3.0,0.0311294789,4.7612093e-08,0.0360824727,0.0211778062999999,1.2072608121,4.3966687625,1.6470786e-08,28.0,1.6875
1992-11-30,185895.0,1.7382265435,3.0214315165,0.4687014495,12.32986426,0.0716506676,0.0151061081,0.0384615399,0.2235294162,-0.018867921,,0.2874898763,1.2835633019,,,1.0,,0.2765895261,-1.491520723,0.0484446773,5.1239083339,0.0330683848,0.007941515,,,,,,0.0,3.9913806139,0.0750797267,,,0.0,,0.0277064192,,,,0.0333562752999999,,,0.0582168826999999,,-1785.72253,,,,,,,,,,,,,,3.2163919552,,0.0339298154,0.1267485388,0.496768112,0.0750064328,2.0617426038,5.9422439024,5.9690317523,1.0,1.0,,0.0,0.2676939372,0.7113321431,-0.879580279,0.4450245556,0.1012233665,0.0069269844999999,-0.308316658,-0.02550528,0.0,0.0110793141999999,,0.0134113011,0.0554526463,,,3.0,0.0318271687,2.5280942000000005e-08,0.028846154,0.0164873346999999,1.0189227568,6.5228112551,1.1962216000000001e-08,28.0,1.8671875
1992-12-31,205689.375,1.7035963938,2.902240673,0.044791656,12.641232469,0.0692736411,0.0571685027,0.1064814851,0.1249999985,0.3500000128,,0.2745193582,1.6059816691,,,1.0,,0.2765895261,-1.491365471,0.0484446773,5.1239083339,0.0330683848,0.007941515,,,,,,0.0,3.9913806139,0.0750797267,,,0.0,,0.0277064192,,,,0.0333562752999999,,,0.0582168826999999,,-1785.72253,,,,,,,,,,,,,,3.2163919552,,0.0339298154,0.1267485388,0.496768112,0.0750064328,2.0617426038,5.9422439024,5.9690317523,1.0,1.0,,0.0,0.2676939372,0.7113321431,-0.879580279,0.4450245556,0.1012233665,0.0069269844999999,-0.308316658,-0.02550528,0.0,0.0110793141999999,,0.0134113011,0.0554526463,,,3.0,0.0302262923,1.7310113999999997e-08,0.0521739125,0.0186388923,1.1232778946,7.882572759299999,1.1462302e-08,28.0,2.046875
1993-01-29,226302.5,1.6574236507,2.7470531579000004,0.4719100911,12.880438302,0.0675852448,0.0515611336,0.0962343067,0.3426966281,0.3426966499,,0.3160312647,1.6961408587,,,1.0,,0.2765895261,-1.565928809,0.0484446773,5.1239083339,0.0330683848,0.007941515,,,,,,0.0,3.9913806139,0.0750797267,,,0.0,,0.0277064192,,,,0.0333562752999999,,,0.0582168826999999,,-1785.72253,,,,,,,,,,,,,,3.2163919552,,0.0339298154,0.1267485388,0.496768112,0.0750064328,2.0617426038,5.9422439024,5.9690317523,1.0,1.0,,0.0,0.2676939372,0.7113321431,-0.879580279,0.7944660361,0.4115153793,0.0093179067,-0.29239069,0.1090935571,1.0,0.0277568747,,0.0347781579,0.0529622731,,,3.0,0.0267089942,3.1088521e-08,0.0672268942,0.0193175381,1.3003552732,6.5977820573,1.295072e-08,28.0,2.109375
1993-02-26,233212.5,1.6094031386,2.5901784624,0.3855583619,12.755150966,0.066839103,-0.0519445679999999,0.0305343512,0.3299492377,0.3100000163,,0.2876678328,1.7822479498,,,1.0,,0.2765895261,-1.5706371069999998,0.0484446773,5.1239083339,0.0330683848,0.007941515,,,,,,0.0,3.9913806139,0.0750797267,,,0.0,,0.0277064192,,,,0.0333562752999999,,,0.0582168826999999,,-1785.72253,,,,,,,,,,,,,,3.2163919552,,0.0339298154,0.1267485388,0.496768112,0.0750064328,2.0617426038,5.9422439024,5.9690317523,1.0,1.0,,0.0,0.2676939372,0.7113321431,-0.879580279,0.7944660361,0.4115153793,0.0093179067,-0.29239069,0.1090935571,1.0,0.0277568747,,0.0347781579,0.0529622731,,,3.0,0.0251515545,1.1386985e-08,0.0714285746,0.0206954593,0.873350678,9.6223607849,1.1424348999999996e-08,28.0,2.046875
1993-03-31,226302.5,1.4801814383,2.1909370902000003,0.0989025531,13.009298257,0.0661240875999999,-0.068586059,-0.0296296289999999,0.3917525760999999,0.7419354923,,0.2657680095,1.6987196237,,,1.0,,0.2765895261,-1.57740072,0.0484446773,5.1239083339,0.0330683848,0.007941515,,,,,,0.0,3.9913806139,0.0750797267,,,0.0,,0.0277064192,,,,0.0333562752999999,,,0.0582168826999999,,-1785.72253,,,,,,,,,,,,,,3.2163919552,,0.0339298154,0.1267485388,0.496768112,0.0750064328,2.0617426038,5.9422439024,5.9690317523,1.0,1.0,,0.0,0.2676939372,0.7113321431,-0.879580279,0.7944660361,0.4115153793,0.0093179067,-0.29239069,0.1090935571,1.0,0.0277568747,,0.0347781579,0.0529622731,,,3.0,0.0490017834,1.9692953e-08,0.0733944923,0.0477059351,1.1295211877,12.202112192,1.0467609e-08,28.0,2.203125
1993-04-30,269803.5,1.5798342468000002,2.4958762475,0.0874765476,13.117953669,0.0647880134,-0.079631418,0.0763358772,0.2596153879,0.5975609834000001,,0.2492606786,1.5666318265,,,1.0,,0.2765895261,-1.602261591,0.0484446773,5.1239083339,0.0330683848,0.007941515,,,,,,0.0,3.9913806139,0.0750797267,,,0.0,,0.0277064192,,,,0.0333562752999999,,,0.0582168826999999,,-1785.72253,,,,,,,,,,,,,,3.2163919552,,0.0339298154,0.1267485388,0.496768112,0.0750064328,2.0617426038,5.9422439024,5.9690317523,1.0,1.0,,0.0,0.2676939372,0.7113321431,-0.879580279,0.7431990702,0.4060830251,0.0131393322,-0.156720062,0.0285714287,2.0,0.0219704727,,0.0251868583,0.0460477068,,,3.0,0.0258789614,2.166258e-08,0.0476190485,0.0211346622,0.8278293894,2.9378171457,1.7541133e-08,28.0,2.21875
1993-05-28,271717.0,1.574755247,2.4798540879,0.0442265736,12.490708207,0.0636778809,-0.012983028,0.0070921983999999,0.3055555563,0.6588235387,,0.2372083193,1.3952617368,,,1.0,,0.2765895261,-1.596571362,0.0484446773,5.1239083339,0.0330683848,0.007941515,,,,,,0.0,3.9913806139,0.0750797267,,,0.0,,0.0277064192,,,,0.0333562752999999,,,0.0582168826999999,,-1785.72253,,,,,,,,,,,,,,3.2163919552,,0.0339298154,0.1267485388,0.496768112,0.0750064328,2.0617426038,5.9422439024,5.9690317523,1.0,1.0,,0.0,0.2676939372,0.7113321431,-0.879580279,0.7431990702,0.4060830251,0.0131393322,-0.156720062,0.0285714287,2.0,0.0219704727,,0.0251868583,0.0460477068,,,3.0,0.0205890226,8.9464622e-09,0.0212765950999999,0.0090078201,1.2834674515,9.6855665937,1.715397e-08,28.0,2.46875
1993-06-30,302333.0,1.5611957099,2.4373320447,0.0773840569,12.706872176,0.0620522944,-0.034995854,0.1126760542,0.1882845154,0.4791666652,,0.2518904625,1.2887238294,,,1.0,,0.2765895261,-1.5903460319999998,0.0484446773,5.1239083339,0.0330683848,0.007941515,,,,,,0.0,3.9913806139,0.0750797267,,,0.0,,0.0277064192,,,,0.0333562752999999,,,0.0582168826999999,,-1785.72253,,,,,,,,,,,,,,3.2163919552,,0.0339298154,0.1267485388,0.496768112,0.0750064328,2.0617426038,5.9422439024,5.9690317523,1.0,1.0,,0.0,0.2676939372,0.7113321431,-0.879580279,0.7431990702,0.4060830251,0.0131393322,-0.156720062,0.0285714287,2.0,0.0219704727,,0.0251868583,0.0460477068,,,3.0,0.0231042174,9.871766e-09,0.0387323946,0.0168935754,1.2315104917,10.2521975,1.3048821e-08,28.0,2.46875
1993-07-30,303123.0,1.5992612737,2.5576366217,-0.26580324,13.135920069,0.0611810837,0.0861439616,0.0,0.2061068677,0.775280889,,0.2712753343,1.4202067588,0.0856289356,0.0856289356,2.0,-1.093649085,0.3109687255,-1.82354335,1.0308221319,4.7002276955,-0.000539101,-0.03065871,,0.3514570702,0.173797811,0.130166166,-3.890210222,0.0,6.1302444753,0.2838704163,0.0,0.0,0.0,1.2364774677,0.0217540681,0.9385386857,,0.2367737664999999,0.029638884,0.3706896552,0.2717582504,0.0414135946,0.4150687,-1372.28093,0.1190229207,0.0096928205,-3.283017145,0.5358706844,2.7809196828,0.0400427969,0.4812826532,-0.603272755,-0.440673182,0.0760281246999999,-0.241658033,1.0247816372,4.0,4.7643856091000005,1.0,0.0153643906,0.0603090906,0.4222653131,0.0826349278,1.8489192483,4.506252931100001,4.841941715,1.0,1.0,0.8931174887000001,0.0,0.2547607737,0.6640264343,-0.328785016,0.7431990702,0.4060830251,0.0131393322,-0.156720062,0.0285714287,2.0,0.0219704727,,0.0251868583,0.0460477068,,,3.0,0.0240148125,1.8173402e-08,0.0387096777999999,0.0167212276,1.2034313565,8.1009025404,1.4402671000000001e-08,28.0,2.8046875
1993-08-31,344370.75,1.6070328065,2.5825544411,-0.040928755,12.941981139,0.0600629668,0.0489456608,0.1360759436999999,0.1703703678,0.6040609092,,0.2732695188,1.8138302493,0.0856289356,0.0856289356,2.0,-1.093649085,0.3109687255,-1.824664595,1.0308221319,4.7002276955,-0.000539101,-0.03065871,,0.3514570702,0.173797811,0.130166166,-3.890210222,0.0,6.1302444753,0.2838704163,0.0,0.0,0.0,1.2364774677,0.0217540681,0.9385386857,,0.2367737664999999,0.029638884,0.3706896552,0.2717582504,0.0414135946,0.4150687,-1372.28093,0.1190229207,0.0096928205,-3.283017145,0.5358706844,2.6612293614,0.0400427969,0.4812826532,-0.603272755,-0.440673182,0.0760281246999999,-0.241658033,1.0247816372,4.0,4.7643856091000005,1.0,0.0153643906,0.0603090906,0.4222653131,0.0826349278,1.8489192483,4.506252931100001,4.841941715,1.0,1.0,0.8931174887000001,0.0,0.2547607737,0.6640264343,-0.328785016,2.8742739833,0.3902808672999999,0.00842763,0.0187113275,-0.032307964,3.0,0.025945335,,0.0293728461,0.0377989638,,,3.0,0.0225095939999999,8.8821305e-09,0.0434782617,0.0169441282,1.1380926035,10.765866379,8.708965e-09,28.0,2.828125
1993-09-30,347248.5,1.6099060356,2.5917974434,0.0311639152999999,13.621701573,0.059123614,0.140529714,0.0083565460999999,0.370228997,0.8505154490000001,,0.2809308293,1.5157675267,0.0856289356,0.0856289356,2.0,-1.093649085,0.3109687255,-1.830821842,1.0308221319,4.7002276955,-0.000539101,-0.03065871,,0.3514570702,0.173797811,0.130166166,-3.890210222,0.0,6.1302444753,0.2838704163,0.0,0.0,0.0,1.2364774677,0.0217540681,0.9385386857,,0.2367737664999999,0.029638884,0.3706896552,0.2717582504,0.0414135946,0.4150687,-1372.28093,0.1190229207,0.0096928205,-3.283017145,0.5358706844,2.703529648,0.0400427969,0.4812826532,-0.603272755,-0.440673182,0.0760281246999999,-0.241658033,1.0247816372,4.0,4.7643856091000005,1.0,0.0153643906,0.0603090906,0.4222653131,0.0826349278,1.8489192483,4.506252931100001,4.841941715,1.0,1.0,0.8931174887000001,0.0,0.2547607737,0.6640264343,-0.328785016,2.8742739833,0.3902808672999999,0.00842763,0.0187113275,-0.032307964,3.0,0.025945335,,0.0293728461,0.0377989638,,,3.0,0.0164020402,1.6653513e-08,0.0417827293,0.0146641126,1.0390348905,3.2225916988,2.5567868e-08,28.0,3.0625
1993-10-29,376026.0,1.5923156006,2.5354689718,0.0343016776,12.506537358,0.0583976208999999,0.1577454872,0.0828729272,0.2836879343,0.7403846065999999,,0.2913514601,0.9716358266,0.0856289356,0.0856289356,2.0,-1.093649085,0.3109687255,-1.803199389,1.0308221319,4.7002276955,-0.000539101,-0.03065871,,0.3514570702,0.173797811,0.130166166,-3.890210222,0.0,6.1302444753,0.2838704163,0.0,0.0,0.0,1.2364774677,0.0217540681,0.9385386857,,0.2367737664999999,0.029638884,0.3706896552,0.2717582504,0.0414135946,0.4150687,-1372.28093,0.1190229207,0.0096928205,-3.283017145,0.5358706844,2.6578263178,0.0400427969,0.4812826532,-0.603272755,-0.440673182,0.0760281246999999,-0.241658033,1.0247816372,4.0,4.7643856091000005,1.0,0.0153643906,0.0603090906,0.4222653131,0.0826349278,1.8489192483,4.506252931100001,4.841941715,1.0,1.0,0.8931174887000001,0.0,0.2547607737,0.6640264343,-0.328785016,-0.269767469,0.399106513,0.0112231514999999,-0.009666861,0.0070422533999999,0.0,0.0165489257,,0.0188905631,0.0263599249,,,3.0,0.0261206192,8.7673536e-09,0.0326086953,0.024434595,1.0824243712,16.445624947,7.83284e-09,28.0,3.15625
1993-11-30,387537.0,1.6082786994,2.5865603749,0.1077203855,13.815649548,0.0574655869,0.1466614228,0.0306122452,0.3802816795,0.8148148015000001,,0.3160583671999999,0.8791807836,0.0856289356,0.0856289356,2.0,-1.093649085,0.3109687255,-1.8619447,1.0308221319,4.7002276955,-0.000539101,-0.03065871,,0.3514570702,0.173797811,0.130166166,-3.890210222,0.0,6.1302444753,0.2838704163,0.0,0.0,0.0,1.2364774677,0.0217540681,0.9385386857,,0.2367737664999999,0.029638884,0.3706896552,0.2717582504,0.0414135946,0.4150687,-1372.28093,0.1190229207,0.0096928205,-3.283017145,0.5358706844,2.5504580812,0.0400427969,0.4812826532,-0.603272755,-0.440673182,0.0760281246999999,-0.241658033,1.0247816372,4.0,4.7643856091000005,1.0,0.0153643906,0.0603090906,0.4222653131,0.0826349278,1.8489192483,4.506252931100001,4.841941715,1.0,1.0,0.8931174887000001,0.0,0.2547607737,0.6640264343,-0.328785016,-0.269767469,0.399106513,0.0112231514999999,-0.009666861,0.0070422533999999,0.0,0.0165489257,,0.0188905631,0.0263599249,,,3.0,0.0390694304999999,1.3212465e-08,0.0520833321,0.0266693166,0.6652201067,2.6663949836,2.152471e-08,28.0,3.25
1993-12-31,399048.0,1.6227729118,2.6333919232,-0.0057200359999999,12.782827152,0.0586936887,0.0869029113,0.0297029708,0.2784810056,0.6903765516,,0.259550228,1.014168435,0.0856289356,0.0856289356,2.0,-1.093649085,0.3109687255,-1.880255867,1.0308221319,4.7002276955,-0.000539101,-0.03065871,,0.3514570702,0.173797811,0.130166166,-3.890210222,0.0,6.1302444753,0.2838704163,0.0,0.0,0.0,1.2364774677,0.0217540681,0.9385386857,,0.2367737664999999,0.029638884,0.3706896552,0.2717582504,0.0414135946,0.4150687,-1372.28093,0.1190229207,0.0096928205,-3.283017145,0.5358706844,2.6612293614,0.0400427969,0.4812826532,-0.603272755,-0.440673182,0.0760281246999999,-0.241658033,1.0247816372,4.0,4.7643856091000005,1.0,0.0153643906,0.0603090906,0.4222653131,0.0826349278,1.8489192483,4.506252931100001,4.841941715,1.0,1.0,0.8931174887000001,0.0,0.2547607737,0.6640264343,-0.328785016,-0.269767469,0.399106513,0.0112231514999999,-0.009666861,0.0070422533999999,0.0,0.0165489257,,0.0188905631,0.0263599249,,,3.0,0.0337740449,3.6607761e-08,0.0396039598,0.0244415748,1.5520463672999998,4.0808239188,2.4975903e-08,28.0,3.984375
1994-01-31,495688.125,1.5889967903,2.5249107996,0.4078171718,12.715453226,0.0577736348,0.0392159535,0.2259615362,0.3164556894999999,0.5877862482,,0.2581608694,0.9122242943,0.0856289356,0.0856289356,2.0,-1.093649085,0.3109687255,-1.80681879,1.0308221319,4.7002276955,-0.000539101,-0.03065871,,0.3514570702,0.173797811,0.130166166,-3.890210222,0.0,6.1302444753,0.2838704163,0.0,0.0,0.0,1.2364774677,0.0217540681,0.9385386857,,0.2367737664999999,0.029638884,0.3706896552,0.2717582504,0.0414135946,0.4150687,-1372.28093,0.1190229207,0.0096928205,-3.283017145,0.5358706844,2.7458299345,0.0400427969,0.4812826532,-0.603272755,-0.440673182,0.0760281246999999,-0.241658033,1.0247816372,4.0,4.7643856091000005,1.0,0.0153643906,0.0603090906,0.4222653131,0.0826349278,1.8489192483,4.506252931100001,4.841941715,1.0,1.0,0.8931174887000001,0.0,0.2547607737,0.6640264343,-0.328785016,0.6825777609999999,0.4060295134,0.007491996,-0.003506451,0.0113961922,1.0,0.0242417116999999,,0.0279267566,0.0249304738,,,3.0,0.0354571765,1.579918e-08,0.0660377368,0.0293009949,0.8102450323,2.5970421894,1.9521821e-08,28.0,3.375
1994-02-28,419877.0,1.6536093722999998,2.734423956,-0.126287012,13.120367637,0.0573371045,0.0364031082,-0.1529411819999999,0.4206128106,0.8888888716,,0.2963983126,1.22041455,0.0856289356,0.0856289356,2.0,-1.093649085,0.3109687255,-1.8048478,1.0308221319,4.7002276955,-0.000539101,-0.03065871,,0.3514570702,0.173797811,0.130166166,-3.890210222,0.0,6.1302444753,0.2838704163,0.0,0.0,0.0,1.2364774677,0.0217540681,0.9385386857,,0.2367737664999999,0.029638884,0.3706896552,0.2717582504,0.0414135946,0.4150687,-1372.28093,0.1190229207,0.0096928205,-3.283017145,0.5358706844,2.7458299345,0.0400427969,0.4812826532,-0.603272755,-0.440673182,0.0760281246999999,-0.241658033,1.0247816372,4.0,4.7643856091000005,1.0,0.0153643906,0.0603090906,0.4222653131,0.0826349278,1.8489192483,4.506252931100001,4.841941715,1.0,1.0,0.8931174887000001,0.0,0.2547607737,0.6640264343,-0.328785016,0.6825777609999999,0.4060295134,0.007491996,-0.003506451,0.0113961922,1.0,0.0242417116999999,,0.0279267566,0.0249304738,,,3.0,0.0355578653,9.8658033e-09,0.0267857146,0.0197849074,1.2127304408,8.2217255653,1.1376076e-08,28.0,3.84375
1994-03-31,478193.25,1.5308462765000002,2.3434903222,-0.022563361,13.552759119,0.0586803933,0.1488261511999999,0.1388888955,0.1933701552,0.6488549346,,0.2534707933,1.3165751033,0.0856289356,0.0856289356,2.0,-1.093649085,0.3109687255,-1.810136358,1.0308221319,4.7002276955,-0.000539101,-0.03065871,,0.3514570702,0.173797811,0.130166166,-3.890210222,0.0,6.1302444753,0.2838704163,0.0,0.0,0.0,1.2364774677,0.0217540681,0.9385386857,,0.2367737664999999,0.029638884,0.3706896552,0.2717582504,0.0414135946,0.4150687,-1372.28093,0.1190229207,0.0096928205,-3.283017145,0.5358706844,2.7413358538,0.0400427969,0.4812826532,-0.603272755,-0.440673182,0.0760281246999999,-0.241658033,1.0247816372,4.0,4.7643856091000005,1.0,0.0153643906,0.0603090906,0.4222653131,0.0826349278,1.8489192483,4.506252931100001,4.841941715,1.0,1.0,0.8931174887000001,0.0,0.2547607737,0.6640264343,-0.328785016,0.6825777609999999,0.4060295134,0.007491996,-0.003506451,0.0113961922,1.0,0.0242417116999999,,0.0279267566,0.0249304738,,,3.0,0.0343771083,1.328327e-08,0.0500000007,0.0237508141,0.9800169002,6.3503507662,2.0236832e-08,28.0,3.375
1994-04-29,422658.0,1.5065487094,2.2696890137,-0.288030101,13.206927387,0.0581848928,0.1174777389,-0.121951222,0.2551020381,0.7446808334999999,,0.2589927153,1.5334312849,0.0856289356,0.0856289356,2.0,-1.093649085,0.3109687255,-1.815911684,1.0308221319,4.7002276955,-0.000539101,-0.03065871,,0.3514570702,0.173797811,0.130166166,-3.890210222,0.0,6.1302444753,0.2838704163,0.0,0.0,0.0,1.2364774677,0.0217540681,0.9385386857,,0.2367737664999999,0.029638884,0.3706896552,0.2717582504,0.0414135946,0.4150687,-1372.28093,0.1190229207,0.0096928205,-3.283017145,0.5358706844,2.7413358538,0.0400427969,0.4812826532,-0.603272755,-0.440673182,0.0760281246999999,-0.241658033,1.0247816372,4.0,4.7643856091000005,1.0,0.0153643906,0.0603090906,0.4222653131,0.0826349278,1.8489192483,4.506252931100001,4.841941715,1.0,1.0,0.8931174887000001,0.0,0.2547607737,0.6640264343,-0.328785016,-0.382142691,0.3986836728,0.0100827168,-0.018150268,-0.062415957,2.0,0.029728536,,0.0345786021,0.0212899483999999,,,3.0,0.0378661362,1.7850984e-08,0.0666666700999999,0.0296767906999999,1.185570686,8.470602726900001,1.1450274e-08,28.0,4.125
1994-05-31,516582.0,1.5316314776,2.3458949831,-0.115604513,13.455477123,0.0580074275999999,0.0541512700999999,0.2222222239,0.0693069245,0.5211267406,,0.2300919983,1.5553639112,0.0856289356,0.0856289356,2.0,-1.093649085,0.3109687255,-1.828474012,1.0308221319,4.7002276955,-0.000539101,-0.03065871,,0.3514570702,0.173797811,0.130166166,-3.890210222,0.0,6.1302444753,0.2838704163,0.0,0.0,0.0,1.2364774677,0.0217540681,0.9385386857,,0.2367737664999999,0.029638884,0.3706896552,0.2717582504,0.0414135946,0.4150687,-1372.28093,0.1190229207,0.0096928205,-3.283017145,0.5358706844,2.4011114743,0.0400427969,0.4812826532,-0.603272755,-0.440673182,0.0760281246999999,-0.241658033,1.0247816372,4.0,4.7643856091000005,1.0,0.0153643906,0.0603090906,0.4222653131,0.0826349278,1.8489192483,4.506252931100001,4.841941715,1.0,1.0,0.8931174887000001,0.0,0.2547607737,0.6640264343,-0.328785016,-0.382142691,0.3986836728,0.0100827168,-0.018150268,-0.062415957,2.0,0.029728536,,0.0345786021,0.0212899483999999,,,3.0,0.0404550427,6.5725759e-09,0.0673076957,0.0306155550999999,0.9070552184,7.1295854178,1.2215105e-08,28.0,4.0
1994-06-30,500928.0,1.5366803478,2.3613864912,-0.085686466,13.788958142,0.0573544796,-0.015011546,-0.030303031,0.2692307631,0.6708860594,1.7140382839,0.2772914499,1.7505787406,0.0856289356,0.0856289356,2.0,-1.093649085,0.3109687255,-1.823423219,1.0308221319,4.7002276955,-0.000539101,-0.03065871,,0.3514570702,0.173797811,0.130166166,-3.890210222,0.0,6.1302444753,0.2838704163,0.0,0.0,0.0,1.2364774677,0.0217540681,0.9385386857,,0.2367737664999999,0.029638884,0.3706896552,0.2717582504,0.0414135946,0.4150687,-1372.28093,0.1190229207,0.0096928205,-3.283017145,0.5358706844,2.4011114743,0.0400427969,0.4812826532,-0.603272755,-0.440673182,0.0760281246999999,-0.241658033,1.0247816372,4.0,4.7643856091000005,1.0,0.0153643906,0.0603090906,0.4222653131,0.0826349278,1.8489192483,4.506252931100001,4.841941715,1.0,1.0,0.8931174887000001,0.0,0.2547607737,0.6640264343,-0.328785016,-0.382142691,0.3986836728,0.0100827168,-0.018150268,-0.062415957,2.0,0.029728536,,0.0345786021,0.0212899483999999,,,3.0,0.0308321639,7.0669632e-09,0.0454545467999999,0.0223942473,0.7086878161,9.7110573766,1.2044056999999998e-08,28.0,3.71875
1994-07-29,466926.25,1.5495324419999998,2.4010507889,-0.68059071,13.672212772,0.0568848545,-0.008309555,-0.0703125,0.0039215647,0.620253147,1.7241379413999998,0.3069355312,1.746182436,0.02483794,0.02483794,3.0,-0.228503354,0.168716973,-1.588327066,1.1335414206,10.094188599,0.0150235593999999,0.0333485762,0.0816528559,1.2505065123,-0.009301436,0.0205275952,-4.252026154,0.0,5.3583984375,0.3164895842,0.0,0.0,0.0,0.1883961178,0.0194759558,0.7381528622,-0.7722655829999999,0.0293621139999999,0.0282913143,0.1761006289,0.0542729951999999,0.028921411,0.5296628254,-886.3526896,0.2202173835,0.0086125825,-1.664112069,-0.125907872,0.1149086557,0.0324631166,-0.08934162,0.4716076293,-0.182163831,0.1365537918,0.4127615275,0.2286099026,6.0,4.3387276786,0.0,0.0139018863999999,0.0740474092999999,,0.2306286923999999,2.3619197482,6.366260774400001,4.3509280471,,0.0,0.6141744575,0.0,0.1877430491,0.7051868078,0.3899648154,-0.382142691,0.3986836728,0.0100827168,-0.018150268,-0.062415957,2.0,0.029728536,,0.0345786021,0.0212899483999999,,,4.0,0.0303769354,6.9715478e-09,0.025641026,0.0165108809,0.8562725715,5.9979133298,1.2147214e-08,28.0,3.703125
1994-08-31,464964.375,1.5464721601,2.391576142,-0.106120383,13.544425982,0.0571074985,-0.042995092,-0.004201681,0.1018518551,0.3259052846999999,2.0948275826,0.2865839872,1.5400870766,0.02483794,0.02483794,3.0,-0.228503354,0.168716973,-1.531590044,1.1335414206,10.094188599,0.0150235593999999,0.0333485762,0.0816528559,1.2505065123,-0.009301436,0.0205275952,-4.252026154,0.0,5.3583984375,0.3164895842,0.0,0.0,0.0,0.1883961178,0.0194759558,0.7381528622,-0.7722655829999999,0.0293621139999999,0.0282913143,0.1761006289,0.0542729951999999,0.028921411,0.5296628254,-886.3526896,0.2202173835,0.0086125825,-1.664112069,-0.125907872,0.1149086557,0.0324631166,-0.08934162,0.4716076293,-0.182163831,0.1365537918,0.4127615275,0.2286099026,6.0,4.3387276786,0.0,0.0139018863999999,0.0740474092999999,,0.2306286923999999,2.3619197482,6.366260774400001,4.3509280471,,0.0,0.6141744575,0.0,0.1877430491,0.7051868078,0.3899648154,-0.574168644,0.4021864504999999,0.0237233861,-0.004653076,0.0584033625,3.0,0.0388553116,,0.0457185519,0.0179528206,,,4.0,0.0358975727,1.273938e-08,0.0434782617,0.0236292067,0.9778965618,6.5568562821,1.7335838e-08,28.0,4.03125
1994-09-30,506163.75,1.5445528123,2.3856433899,-0.3103355339999999,13.28230831,0.0564873921,-0.068977985,0.0886075943999999,-0.036585369,0.3093922571,1.7424242407,0.2586937694,1.4266378597999998,0.02483794,0.02483794,3.0,-0.228503354,0.168716973,-1.538059087,1.1335414206,10.094188599,0.0150235593999999,0.0333485762,0.0816528559,1.2505065123,-0.009301436,0.0205275952,-4.252026154,0.0,5.3583984375,0.3164895842,0.0,0.0,0.0,0.1883961178,0.0194759558,0.7381528622,-0.7722655829999999,0.0293621139999999,0.0282913143,0.1761006289,0.0542729951999999,0.028921411,0.5296628254,-886.3526896,0.2202173835,0.0086125825,-1.664112069,-0.125907872,0.1149086557,0.0324631166,-0.08934162,0.4716076293,-0.182163831,0.1365537918,0.4127615275,0.2286099026,6.0,4.3387276786,0.0,0.0139018863999999,0.0740474092999999,,0.2306286923999999,2.3619197482,6.366260774400001,4.3509280471,,0.0,0.6141744575,0.0,0.1877430491,0.7051868078,0.3899648154,-0.574168644,0.4021864504999999,0.0237233861,-0.004653076,0.0584033625,3.0,0.0388553116,,0.0457185519,0.0179528206,,,4.0,0.0281889085,3.2664832e-08,0.0625,0.0215050793999999,1.3798623486,6.3327376799,1.3622281999999998e-08,28.0,3.6875
1994-10-31,464241.5,1.5360537677,2.3594611774,-0.009448222,13.468490286,0.0528387075,-0.026430468,-0.085271321,0.1944444441,0.316326523,1.7412587308,0.4706158434,1.3321898954,0.02483794,0.02483794,3.0,-0.228503354,0.168716973,-1.560491475,1.1335414206,10.094188599,0.0150235593999999,0.0333485762,0.0816528559,1.2505065123,-0.009301436,0.0205275952,-4.252026154,0.0,5.3583984375,0.3164895842,0.0,0.0,0.0,0.1883961178,0.0194759558,0.7381528622,-0.7722655829999999,0.0293621139999999,0.0282913143,0.1761006289,0.0542729951999999,0.028921411,0.5296628254,-886.3526896,0.2202173835,0.0086125825,-1.664112069,-0.125907872,0.1149086557,0.0324631166,-0.08934162,0.4716076293,-0.182163831,0.1365537918,0.4127615275,0.2286099026,6.0,4.3387276786,0.0,0.0139018863999999,0.0740474092999999,,0.2306286923999999,2.3619197482,6.366260774400001,4.3509280471,,0.0,0.6141744575,0.0,0.1877430491,0.7051868078,0.3899648154,0.4455906332,0.3910979228,0.0139901245999999,0.0021503945,0.0384797249,0.0,0.0282850348,0.0074701416,0.0331336466,0.0187669463,0.1329586949,0.1451656969999999,4.0,0.0329575265,2.9140873e-08,0.0442477874,0.0219753331,1.5371425455,9.9250329096,1.5430587000000002e-08,28.0,3.53125
1994-11-30,444711.5,1.7235639665,2.9706727468,-0.450870087,13.345816480999998,0.0501294283999999,-0.07804333,-0.042372882,-0.106060611,0.1683168202,0.9056603728,0.1704472394,1.4636217338,0.02483794,0.02483794,3.0,-0.228503354,0.168716973,-1.536435931,1.1335414206,10.094188599,0.0150235593999999,0.0333485762,0.0816528559,1.2505065123,-0.009301436,0.0205275952,-4.252026154,0.0,5.3583984375,0.3164895842,0.0,0.0,0.0,0.1883961178,0.0194759558,0.7381528622,-0.7722655829999999,0.0293621139999999,0.0282913143,0.1761006289,0.0542729951999999,0.028921411,0.5296628254,-886.3526896,0.2202173835,0.0086125825,-1.664112069,-0.125907872,0.1149086557,0.0324631166,-0.08934162,0.4716076293,-0.182163831,0.1365537918,0.4127615275,0.2286099026,6.0,4.3387276786,0.0,0.0139018863999999,0.0740474092999999,,0.2306286923999999,2.3619197482,6.366260774400001,4.3509280471,,0.0,0.6141744575,0.0,0.1877430491,0.7051868078,0.3899648154,0.4455906332,0.3910979228,0.0139901245999999,0.0021503945,0.0384797249,0.0,0.0282850348,0.0074701416,0.0331336466,0.0187669463,0.1329586949,0.1451656969999999,4.0,0.0327882428,7.5292742e-09,0.0508474559,0.0278814002999999,0.9229960256,5.1609692225,1.2604263999999998e-08,28.0,4.28125
1994-12-30,539163.5,1.4777290285,2.1836830816,-0.16045673,13.507406707,0.0446385494,-0.076308661,0.2123893797,-0.117187505,0.0865384493,1.6000000075,0.4639644893999999,1.4660579931,0.02483794,0.02483794,3.0,-0.228503354,0.168716973,-1.552583914,1.1335414206,10.094188599,0.0150235593999999,0.0333485762,0.0816528559,1.2505065123,-0.009301436,0.0205275952,-4.252026154,0.0,5.3583984375,0.3164895842,0.0,0.0,0.0,0.1883961178,0.0194759558,0.7381528622,-0.7722655829999999,0.0293621139999999,0.0282913143,0.1761006289,0.0542729951999999,0.028921411,0.5296628254,-886.3526896,0.2202173835,0.0086125825,-1.664112069,-0.125907872,0.1149086557,0.0324631166,-0.08934162,0.4716076293,-0.182163831,0.1365537918,0.4127615275,0.2286099026,6.0,4.3387276786,0.0,0.0139018863999999,0.0740474092999999,,0.2306286923999999,2.3619197482,6.366260774400001,4.3509280471,,0.0,0.6141744575,0.0,0.1877430491,0.7051868078,0.3899648154,0.4455906332,0.3910979228,0.0139901245999999,0.0021503945,0.0384797249,0.0,0.0282850348,0.0074701416,0.0331336466,0.0187669463,0.1329586949,0.1451656969999999,4.0,0.0300189741,7.5978728e-08,0.057915058,0.0213704047,1.6517334877,6.6015653213,1.4797633999999997e-08,28.0,4.5
1995-01-31,567792.0,1.4407370205,2.0757231623,0.2767506955,13.539866075,0.0435739778,-0.119839524,0.0510948896,0.1512604971,0.0745097931,1.8651685499,0.3820741631,1.5071223265,0.02483794,0.02483794,3.0,-0.228503354,0.168716973,-1.594407634,1.1335414206,10.094188599,0.0150235593999999,0.0333485762,0.0816528559,1.2505065123,-0.009301436,0.0205275952,-4.252026154,0.0,5.3583984375,0.3164895842,0.0,0.0,0.0,0.1883961178,0.0194759558,0.7381528622,-0.7722655829999999,0.0293621139999999,0.0282913143,0.1761006289,0.0542729951999999,0.028921411,0.5296628254,-886.3526896,0.2202173835,0.0086125825,-1.664112069,-0.125907872,0.1149086557,0.0324631166,-0.08934162,0.4716076293,-0.182163831,0.1365537918,0.4127615275,0.2286099026,6.0,4.3387276786,0.0,0.0139018863999999,0.0740474092999999,,0.2306286923999999,2.3619197482,6.366260774400001,4.3509280471,,0.0,0.6141744575,0.0,0.1877430491,0.7051868078,0.3899648154,0.6208191584,0.4107879045,0.0106229968999999,0.0198844596,-0.047943702,0.0,0.0247845131999999,0.0071820162,0.0302028446,0.0171868684,0.1365931622,0.1466740383,4.0,0.035045748,1.0108735999999998e-08,0.055555556,0.0255100549,0.9572062481,6.0706395316,1.417635e-08,28.0,4.4375
1995-02-28,559906.0,1.5165384189,2.299888776,0.1010900028,13.632664063,0.0440647875,-0.1886864369999999,-0.013888889,0.2151898652,0.3333333279,1.1599999926,0.4040793481,1.3508115648,0.02483794,0.02483794,3.0,-0.228503354,0.168716973,-1.604242956,1.1335414206,10.094188599,0.0150235593999999,0.0333485762,0.0816528559,1.2505065123,-0.009301436,0.0205275952,-4.252026154,0.0,5.3583984375,0.3164895842,0.0,0.0,0.0,0.1883961178,0.0194759558,0.7381528622,-0.7722655829999999,0.0293621139999999,0.0282913143,0.1761006289,0.0542729951999999,0.028921411,0.5296628254,-886.3526896,0.2202173835,0.0086125825,-1.664112069,-0.125907872,0.1149086557,0.0324631166,-0.08934162,0.4716076293,-0.182163831,0.1365537918,0.4127615275,0.2286099026,6.0,4.3387276786,0.0,0.0139018863999999,0.0740474092999999,,0.2306286923999999,2.3619197482,6.366260774400001,4.3509280471,,0.0,0.6141744575,0.0,0.1877430491,0.7051868078,0.3899648154,0.6208191584,0.4107879045,0.0106229968999999,0.0198844596,-0.047943702,0.0,0.0247845131999999,0.0071820162,0.0302028446,0.0171868684,0.1365931622,0.1466740383,4.0,0.025374418,3.3384219e-08,0.05185185,0.0226605462999999,1.5689740913,4.8366351539,1.7650815e-08,28.0,4.75
1995-03-31,599336.0,1.641645011,2.694998342,0.1295140848,13.401309401,0.0425275411,-0.148752976,0.0704225376,0.1007751868,0.1544715332,2.1741935315000003,0.3268034235,1.3163713559,0.02483794,0.02483794,3.0,-0.228503354,0.168716973,-1.60541653,1.1335414206,10.094188599,0.0150235593999999,0.0333485762,0.0816528559,1.2505065123,-0.009301436,0.0205275952,-4.252026154,0.0,5.3583984375,0.3164895842,0.0,0.0,0.0,0.1883961178,0.0194759558,0.7381528622,-0.7722655829999999,0.0293621139999999,0.0282913143,0.1761006289,0.0542729951999999,0.028921411,0.5296628254,-886.3526896,0.2202173835,0.0086125825,-1.664112069,-0.125907872,0.1149086557,0.0324631166,-0.08934162,0.4716076293,-0.182163831,0.1365537918,0.4127615275,0.2286099026,6.0,4.3387276786,0.0,0.0139018863999999,0.0740474092999999,,0.2306286923999999,2.3619197482,6.366260774400001,4.3509280471,,0.0,0.6141744575,0.0,0.1877430491,0.7051868078,0.3899648154,0.6208191584,0.4107879045,0.0106229968999999,0.0198844596,-0.047943702,0.0,0.0247845131999999,0.0071820162,0.0302028446,0.0171868684,0.1365931622,0.1466740383,4.0,0.0257982587,5.7083654e-09,0.0281690135999999,0.0159517377,0.9245951106,6.1300330142,1.7396082e-08,28.0,5.1875
1995-04-28,658148.5,1.6662287438,2.7763182267,0.3141870707999999,13.583989513,0.0426944013,-0.078641428,0.092105262,0.2881355927,0.4074074011999999,1.6341463175,0.3218251993,1.6770708536,0.02483794,0.02483794,3.0,-0.228503354,0.168716973,-1.599959665,1.1335414206,10.094188599,0.0150235593999999,0.0333485762,0.0816528559,1.2505065123,-0.009301436,0.0205275952,-4.252026154,0.0,5.3583984375,0.3164895842,0.0,0.0,0.0,0.1883961178,0.0194759558,0.7381528622,-0.7722655829999999,0.0293621139999999,0.0282913143,0.1761006289,0.0542729951999999,0.028921411,0.5296628254,-886.3526896,0.2202173835,0.0086125825,-1.664112069,-0.125907872,0.1149086557,0.0324631166,-0.08934162,0.4716076293,-0.182163831,0.1365537918,0.4127615275,0.2286099026,6.0,4.3387276786,0.0,0.0139018863999999,0.0740474092999999,,0.2306286923999999,2.3619197482,6.366260774400001,4.3509280471,,0.0,0.6141744575,0.0,0.1877430491,0.7051868078,0.3899648154,0.3087111105,0.4140720744,0.0146581206,0.008514123,-0.091581324,1.0,0.032043456,0.0071113681,0.0400468798,0.0174973586,0.1328657441,0.1431872811,4.0,0.0375687818,3.2567272e-09,0.068965517,0.0268579994,0.7348847747,6.434633793,7.4466153e-09,28.0,5.375
1995-05-31,681937.0,1.5892412531,2.5256877605000003,0.6660632907,14.329725731,0.0419523025,-0.028133849,0.036144577,0.4690265481,0.2575757489999999,2.1058823330000003,0.3533168448,1.7991256279,0.02483794,0.02483794,3.0,-0.228503354,0.168716973,-1.611705176,1.1335414206,10.094188599,0.0150235593999999,0.0333485762,0.0816528559,1.2505065123,-0.009301436,0.0205275952,-4.252026154,0.0,5.3583984375,0.3164895842,0.0,0.0,0.0,0.1883961178,0.0194759558,0.7381528622,-0.7722655829999999,0.0293621139999999,0.0282913143,0.1761006289,0.0542729951999999,0.028921411,0.5296628254,-886.3526896,0.2202173835,0.0086125825,-1.664112069,-0.125907872,0.1149086557,0.0324631166,-0.08934162,0.4716076293,-0.182163831,0.1365537918,0.4127615275,0.2286099026,6.0,4.3387276786,0.0,0.0139018863999999,0.0740474092999999,,0.2306286923999999,2.3619197482,6.366260774400001,4.3509280471,,0.0,0.6141744575,0.0,0.1877430491,0.7051868078,0.3899648154,0.3087111105,0.4140720744,0.0146581206,0.008514123,-0.091581324,1.0,0.032043456,0.0071113681,0.0400468798,0.0174973586,0.1328657441,0.1431872811,4.0,0.0219802804,3.658974e-09,0.024390243,0.0139437928,0.8884471836,5.154388735,1.495211e-08,28.0,5.625
1995-06-30,713655.0,1.5148804452000002,2.2948627633000003,0.2435561181,13.864480705999998,0.0405753473,0.0199604163,0.0465116276999999,0.2554744512,0.3437499903,1.6666666301,0.3583217498,0.8986934273,0.02483794,0.02483794,3.0,-0.228503354,0.168716973,-1.617402147,1.1335414206,10.094188599,0.0150235593999999,0.0333485762,0.0816528559,1.2505065123,-0.009301436,0.0205275952,-4.252026154,0.0,5.3583984375,0.3164895842,0.0,0.0,0.0,0.1883961178,0.0194759558,0.7381528622,-0.7722655829999999,0.0293621139999999,0.0282913143,0.1761006289,0.0542729951999999,0.028921411,0.5296628254,-886.3526896,0.2202173835,0.0086125825,-1.664112069,-0.125907872,0.1149086557,0.0324631166,-0.08934162,0.4716076293,-0.182163831,0.1365537918,0.4127615275,0.2286099026,6.0,4.3387276786,0.0,0.0139018863999999,0.0740474092999999,,0.2306286923999999,2.3619197482,6.366260774400001,4.3509280471,,0.0,0.6141744575,0.0,0.1877430491,0.7051868078,0.3899648154,0.3087111105,0.4140720744,0.0146581206,0.008514123,-0.091581324,1.0,0.032043456,0.0071113681,0.0400468798,0.0174973586,0.1328657441,0.1431872811,4.0,0.0253265374,4.4350211e-09,0.0581395365,0.0186232137,0.7964166404,3.9082074758,1.5029901999999998e-08,28.0,6.5
1995-07-31,826488.0,1.3317731598,1.7736197492,0.2343604258,13.758130355,0.04055945,0.0942534578999999,0.1555555612,0.2499999995,0.5126050308,1.6741572594999998,0.4360112961,0.8216308041,0.0130809984,-0.013080998,4.0,-0.242673553,0.1757439344,-1.40665593,0.983935411,8.8477605427,0.0260183306999999,0.096687248,0.0795785494,0.0142113047,0.1298245893,0.056174559,16.174549403,0.0,4.487861535,0.3372396804999999,0.0,0.0,0.0,0.1931699968,0.0234874743,0.792685292,0.9317094389,0.0598885794,0.0319495392,0.3181818182,0.1083221901,0.0386673289,0.5314592634,-852.1747572,0.2728038001,0.0090192262,-1.454058655,-0.162462145,0.0655632835,-0.038575363,-0.183868998,-0.064314062,0.1537598491,0.1107359964,-0.045223097,-0.107753449,5.0,3.5409701662,0.0,0.0145194015,0.0652406163,0.3519751624,0.296044976,2.5065061292,6.0783587474,4.9065387901,,0.0,0.357836711,0.0,0.2225515682,0.7176472018000001,0.9294121968,0.3087111105,0.4140720744,0.0146581206,0.008514123,-0.091581324,1.0,0.032043456,0.0071113681,0.0400468798,0.0174973586,0.1328657441,0.1431872811,5.0,0.0380887706,5.4769e-09,0.1041666642,0.0311038158,0.659255295,3.0346369614,1.8041432e-08,28.0,7.6875
1995-08-31,977481.0,1.3787451085,1.9009380741,0.5340821411,13.660782378,0.0417544583,0.2015897925,0.1826923043,0.4647887390999999,0.7552742576,1.4060913373,0.4197764777,0.9617990017,0.0130809984,-0.013080998,4.0,-0.242673553,0.1757439344,-1.415798406,0.983935411,8.8477605427,0.0260183306999999,0.096687248,0.0795785494,0.0142113047,0.1298245893,0.056174559,16.174549403,0.0,4.487861535,0.3372396804999999,0.0,0.0,0.0,0.1931699968,0.0234874743,0.792685292,0.9317094389,0.0598885794,0.0319495392,0.3181818182,0.1083221901,0.0386673289,0.5314592634,-852.1747572,0.2728038001,0.0090192262,-1.454058655,-0.162462145,0.0655632835,-0.038575363,-0.183868998,-0.064314062,0.1537598491,0.1107359964,-0.045223097,-0.107753449,5.0,3.5409701662,0.0,0.0145194015,0.0652406163,0.3519751624,0.296044976,2.5065061292,6.0783587474,4.9065387901,,0.0,0.357836711,0.0,0.2225515682,0.7176472018000001,0.9294121968,,,,,,,,,,,,,,0.0476850230999999,3.9568169e-09,0.1304347813,0.0338420875,0.5834425921999999,3.244587332,1.8400794e-08,28.0,8.46875
1995-09-29,1076818.5,1.5250155864,2.3256725388,0.6046001669,13.965689791,0.0435000806,0.2063696652,0.1016260161999999,0.6184210517000001,0.9069767352,1.6597937753999998,0.3045362685,0.8614538209999999,0.0130809984,-0.013080998,4.0,-0.242673553,0.1757439344,-1.4200610180000002,0.983935411,8.8477605427,0.0260183306999999,0.096687248,0.0795785494,0.0142113047,0.1298245893,0.056174559,16.174549403,0.0,4.487861535,0.3372396804999999,0.0,0.0,0.0,0.1931699968,0.0234874743,0.792685292,0.9317094389,0.0598885794,0.0319495392,0.3181818182,0.1083221901,0.0386673289,0.5314592634,-852.1747572,0.2728038001,0.0090192262,-1.454058655,-0.162462145,0.0655632835,-0.038575363,-0.183868998,-0.064314062,0.1537598491,0.1107359964,-0.045223097,-0.107753449,5.0,3.5409701662,0.0,0.0145194015,0.0652406163,0.3519751624,0.296044976,2.5065061292,6.0783587474,4.9065387901,,0.0,0.357836711,0.0,0.2225515682,0.7176472018000001,0.9294121968,,,,,,,,,,,,,,0.0319255431999999,4.6446244e-09,0.034351144,0.0171795012,0.7063618827,2.0296818506,2.570455e-08,28.0,9.3125
1995-10-31,1358656.5,1.5503844293,2.4036918786,0.3884010652,13.588453735,0.0437601157,0.2993417962,0.0996309966,0.6325301212,1.2966101672,1.2692307342,0.3077141088,1.028467767,0.0130809984,-0.013080998,4.0,-0.242673553,0.1757439344,-1.480461069,0.983935411,8.8477605427,0.0260183306999999,0.096687248,0.0795785494,0.0142113047,0.1298245893,0.056174559,16.174549403,0.0,4.487861535,0.3372396804999999,0.0,0.0,0.0,0.1931699968,0.0234874743,0.792685292,0.9317094389,0.0598885794,0.0319495392,0.3181818182,0.1083221901,0.0386673289,0.5314592634,-852.1747572,0.2728038001,0.0090192262,-1.454058655,-0.162462145,0.0655632835,-0.038575363,-0.183868998,-0.064314062,0.1537598491,0.1107359964,-0.045223097,-0.107753449,5.0,3.5409701662,0.0,0.0145194015,0.0652406163,0.3519751624,0.296044976,2.5065061292,6.0783587474,4.9065387901,,0.0,0.357836711,0.0,0.2225515682,0.7176472018000001,0.9294121968,0.1766342439,0.395775394,0.0093542461,0.0571054673,0.03932341,0.0,0.0331359197,0.0071390431,0.0404265127,0.0179169291,0.1299720086,0.1386445402999999,5.0,0.0283690603,4.0253205e-09,0.0623885915,0.0221998225,1.0116532399,14.042337212,1.366264e-08,28.0,10.1875
1995-11-30,1486315.5,1.6394735788,2.6878736155,0.3732249538,14.461595874,0.0447074992999999,0.4144820282999999,0.0939597338,0.732558143,1.6371681423,1.0925925552,0.3359871497999999,1.3020507759,0.0130809984,-0.013080998,4.0,-0.242673553,0.1757439344,-1.5039847709999998,0.983935411,8.8477605427,0.0260183306999999,0.096687248,0.0795785494,0.0142113047,0.1298245893,0.056174559,16.174549403,0.0,4.487861535,0.3372396804999999,0.0,0.0,0.0,0.1931699968,0.0234874743,0.792685292,0.9317094389,0.0598885794,0.0319495392,0.3181818182,0.1083221901,0.0386673289,0.5314592634,-852.1747572,0.2728038001,0.0090192262,-1.454058655,-0.162462145,0.0655632835,-0.038575363,-0.183868998,-0.064314062,0.1537598491,0.1107359964,-0.045223097,-0.107753449,5.0,3.5409701662,0.0,0.0145194015,0.0652406163,0.3519751624,0.296044976,2.5065061292,6.0783587474,4.9065387901,,0.0,0.357836711,0.0,0.2225515682,0.7176472018000001,0.9294121968,0.1766342439,0.395775394,0.0093542461,0.0571054673,0.03932341,0.0,0.0331359197,0.0071390431,0.0404265127,0.0179169291,0.1299720086,0.1386445402999999,5.0,0.043363972,2.4073653e-09,0.0472972989,0.0319477998,0.540847917,4.9546980393,1.0709855e-08,28.0,11.125
1995-12-29,1623093.0,1.5650625297,2.4494207218,0.6639091792,14.830681272,0.0444103529,0.3829005798,0.0920245424,0.8111111188,1.379562051,1.2928869793,0.4062213294,1.4023274691,0.0130809984,-0.013080998,4.0,-0.242673553,0.1757439344,-1.522353615,0.983935411,8.8477605427,0.0260183306999999,0.096687248,0.0795785494,0.0142113047,0.1298245893,0.056174559,16.174549403,0.0,4.487861535,0.3372396804999999,0.0,0.0,0.0,0.1931699968,0.0234874743,0.792685292,0.9317094389,0.0598885794,0.0319495392,0.3181818182,0.1083221901,0.0386673289,0.5314592634,-852.1747572,0.2728038001,0.0090192262,-1.454058655,-0.162462145,0.0655632835,-0.038575363,-0.183868998,-0.064314062,0.1537598491,0.1107359964,-0.045223097,-0.107753449,5.0,3.5409701662,0.0,0.0145194015,0.0652406163,0.3519751624,0.296044976,2.5065061292,6.0783587474,4.9065387901,,0.0,0.357836711,0.0,0.2225515682,0.7176472018000001,0.9294121968,0.1766342439,0.395775394,0.0093542461,0.0571054673,0.03932341,0.0,0.0331359197,0.0071390431,0.0404265127,0.0179169291,0.1299720086,0.1386445402999999,5.0,0.0296668849,2.7505377e-09,0.0744336545,0.0269699189,0.901121526,3.289501509,2.1828043e-08,28.0,11.75
1996-01-31,1717803.0,1.5533314975,2.4128387412,0.3632478624,14.253206623,0.0451249788,0.5300163477000001,0.0561797768,0.7115384644,1.4722222375,1.1984732386,0.3539390932,1.2863279433,0.0130809984,-0.013080998,4.0,-0.242673553,0.1757439344,-1.586020116,0.983935411,8.8477605427,0.0260183306999999,0.096687248,0.0795785494,0.0142113047,0.1298245893,0.056174559,16.174549403,0.0,4.487861535,0.3372396804999999,0.0,0.0,0.0,0.1931699968,0.0234874743,0.792685292,0.9317094389,0.0598885794,0.0319495392,0.3181818182,0.1083221901,0.0386673289,0.5314592634,-852.1747572,0.2728038001,0.0090192262,-1.454058655,-0.162462145,0.0655632835,-0.038575363,-0.183868998,-0.064314062,0.1537598491,0.1107359964,-0.045223097,-0.107753449,5.0,3.5409701662,0.0,0.0145194015,0.0652406163,0.3519751624,0.296044976,2.5065061292,6.0783587474,4.9065387901,,0.0,0.357836711,0.0,0.2225515682,0.7176472018000001,0.9294121968,0.7001888079999999,0.3324555175,0.0149689474,0.0514871983,0.0695823077,1.0,0.0363822305,0.0074148493,0.0468800364,0.0185991811,0.1122088996,0.1246263964,5.0,0.033040615,2.0077657e-09,0.0681818201999999,0.0271104829999999,0.459789999,1.9201603065,2.0724563e-08,28.0,12.5625
1996-02-29,1836587.25,1.7260510106,2.9792520913,-0.098248019,14.408665013,0.0455635279,0.6003178343,0.0691489354,0.5284552938,1.6478873443000002,1.1037036613,0.2125821716,1.1520424635,0.0130809984,-0.013080998,4.0,-0.242673553,0.1757439344,-1.587046227,0.983935411,8.8477605427,0.0260183306999999,0.096687248,0.0795785494,0.0142113047,0.1298245893,0.056174559,16.174549403,0.0,4.487861535,0.3372396804999999,0.0,0.0,0.0,0.1931699968,0.0234874743,0.792685292,0.9317094389,0.0598885794,0.0319495392,0.3181818182,0.1083221901,0.0386673289,0.5314592634,-852.1747572,0.2728038001,0.0090192262,-1.454058655,-0.162462145,0.0655632835,-0.038575363,-0.183868998,-0.064314062,0.1537598491,0.1107359964,-0.045223097,-0.107753449,5.0,3.5409701662,0.0,0.0145194015,0.0652406163,0.3519751624,0.296044976,2.5065061292,6.0783587474,4.9065387901,,0.0,0.357836711,0.0,0.2225515682,0.7176472018000001,0.9294121968,0.7001888079999999,0.3324555175,0.0149689474,0.0514871983,0.0695823077,1.0,0.0363822305,0.0074148493,0.0468800364,0.0185991811,0.1122088996,0.1246263964,5.0,0.046251575,1.9482099e-09,0.1005586609,0.0329580902,0.6349211562,3.4167107724,1.3713313e-08,28.0,12.0
1996-03-29,1754352.0,1.6301743466,2.6574684003,-0.3659205579999999,14.795095475,0.0453256063,0.7163347489,-0.044776119,0.4833948419,1.6447368546,1.3206106443,0.3296732067,1.5011668347,0.0130809984,-0.013080998,4.0,-0.242673553,0.1757439344,-1.591068725,0.983935411,8.8477605427,0.0260183306999999,0.096687248,0.0795785494,0.0142113047,0.1298245893,0.056174559,16.174549403,0.0,4.487861535,0.3372396804999999,0.0,0.0,0.0,0.1931699968,0.0234874743,0.792685292,0.9317094389,0.0598885794,0.0319495392,0.3181818182,0.1083221901,0.0386673289,0.5314592634,-852.1747572,0.2728038001,0.0090192262,-1.454058655,-0.162462145,0.0655632835,-0.038575363,-0.183868998,-0.064314062,0.1537598491,0.1107359964,-0.045223097,-0.107753449,5.0,3.5409701662,0.0,0.0145194015,0.0652406163,0.3519751624,0.296044976,2.5065061292,6.0783587474,4.9065387901,,0.0,0.357836711,0.0,0.2225515682,0.7176472018000001,0.9294121968,0.7001888079999999,0.3324555175,0.0149689474,0.0514871983,0.0695823077,1.0,0.0363822305,0.0074148493,0.0468800364,0.0185991811,0.1122088996,0.1246263964,5.0,0.0466777337999999,2.1895087e-09,0.0684931501999999,0.0390034493,0.5879280458,6.411912655599999,1.083161e-08,28.0,10.5
1996-04-30,1541778.0,1.5657488642,2.4515695058,-0.66766394,15.080491158,0.0453724753,0.6973980745999999,-0.125,0.2885906107,1.3132530257,1.3546098847,0.4116551718999999,1.6897127861,0.0130809984,-0.013080998,4.0,-0.242673553,0.1757439344,-1.5978722419999998,0.983935411,8.8477605427,0.0260183306999999,0.096687248,0.0795785494,0.0142113047,0.1298245893,0.056174559,16.174549403,0.0,4.487861535,0.3372396804999999,0.0,0.0,0.0,0.1931699968,0.0234874743,0.792685292,0.9317094389,0.0598885794,0.0319495392,0.3181818182,0.1083221901,0.0386673289,0.5314592634,-852.1747572,0.2728038001,0.0090192262,-1.454058655,-0.162462145,0.0655632835,-0.038575363,-0.183868998,-0.064314062,0.1537598491,0.1107359964,-0.045223097,-0.107753449,5.0,3.5409701662,0.0,0.0145194015,0.0652406163,0.3519751624,0.296044976,2.5065061292,6.0783587474,4.9065387901,,0.0,0.357836711,0.0,0.2225515682,0.7176472018000001,0.9294121968,-0.374002356,0.6680700434000001,0.0112439473999999,0.0234332055,-0.0524238079999999,2.0,0.0371509131,0.0077546917,0.0481156418,0.0123725165,0.1115133357,0.1226662185999999,5.0,0.0506446559999999,2.7780866e-09,0.1180124208,0.0397942343999999,0.6374070236,5.9157181411,1.2850674e-08,28.0,11.125
1996-05-31,1633550.5,1.6523517457,2.7302662917,-0.803324302,14.727494429000002,0.0459295574,0.7071531048999999,0.0595238097,0.0306748498,0.9534883862,1.422535163,0.4091792318,2.1487555277,0.0130809984,-0.013080998,4.0,-0.242673553,0.1757439344,-1.603497385,0.983935411,8.8477605427,0.0260183306999999,0.096687248,0.0795785494,0.0142113047,0.1298245893,0.056174559,16.174549403,0.0,4.487861535,0.3372396804999999,0.0,0.0,0.0,0.1931699968,0.0234874743,0.792685292,0.9317094389,0.0598885794,0.0319495392,0.3181818182,0.1083221901,0.0386673289,0.5314592634,-852.1747572,0.2728038001,0.0090192262,-1.454058655,-0.162462145,0.0655632835,-0.038575363,-0.183868998,-0.064314062,0.1537598491,0.1107359964,-0.045223097,-0.107753449,5.0,3.5409701662,0.0,0.0145194015,0.0652406163,0.3519751624,0.296044976,2.5065061292,6.0783587474,4.9065387901,,0.0,0.357836711,0.0,0.2225515682,0.7176472018000001,0.9294121968,-0.374002356,0.6680700434000001,0.0112439473999999,0.0234332055,-0.0524238079999999,2.0,0.0371509131,0.0077546917,0.0481156418,0.0123725165,0.1115133357,0.1226662185999999,5.0,0.0527798109,1.8541931e-09,0.1447368413,0.0455116184999999,0.6526311940999999,9.193091212,7.3851707e-09,28.0,10.875
1996-06-28,1596841.5,1.7333399222,3.0044672858,-1.0002497,15.343347341,0.0481708032,0.8061310769,-0.02247191,9.691996e-10,0.9777777927,1.2784809711,0.3601828838,1.9757169016,0.0130809984,-0.013080998,4.0,-0.242673553,0.1757439344,-1.5837603219999998,0.983935411,8.8477605427,0.0260183306999999,0.096687248,0.0795785494,0.0142113047,0.1298245893,0.056174559,16.174549403,0.0,4.487861535,0.3372396804999999,0.0,0.0,0.0,0.1931699968,0.0234874743,0.792685292,0.9317094389,0.0598885794,0.0319495392,0.3181818182,0.1083221901,0.0386673289,0.5314592634,-852.1747572,0.2728038001,0.0090192262,-1.454058655,-0.162462145,0.0655632835,-0.038575363,-0.183868998,-0.064314062,0.1537598491,0.1107359964,-0.045223097,-0.107753449,5.0,3.5409701662,0.0,0.0145194015,0.0652406163,0.3519751624,0.296044976,2.5065061292,6.0783587474,4.9065387901,,0.0,0.357836711,0.0,0.2225515682,0.7176472018000001,0.9294121968,-0.374002356,0.6680700434000001,0.0112439473999999,0.0234332055,-0.0524238079999999,2.0,0.0371509131,0.0077546917,0.0481156418,0.0123725165,0.1115133357,0.1226662185999999,5.0,0.0449220263,2.2717612e-09,0.1073446348,0.0315101927,0.6041150471,4.4020093402,1.2988709999999998e-08,28.0,9.8125
1996-07-31,1450405.25,1.6628585155000002,2.7650984424,-0.972585929,14.709486353,0.0479252624,0.7180272834999999,-0.0977011469999999,-0.074468086,0.6730769270999999,1.6329113572999998,0.4312251525,2.0464734483,0.0676382342,0.0676382342,5.0,-1.567253431,0.1624895288,-1.569597762,0.9837818313,7.651354117899999,0.0039626196999999,0.0312960617,-0.314435503,1.3173345169,0.3052953769,0.0340977386,-0.947335612,0.0,7.8401915307,0.2252117978999999,0.0,0.0,0.0,1.7972360852,0.0125124942,0.9321756844,6.4460093897,,0.0310452011,0.6267748479,0.1911024223999999,0.0194521723,0.5219767707,-178.6406461,0.141549485,0.0061133108999999,-0.15371056,0.7469771448,-0.332190691,-0.031192063,0.9758620726,0.1363914424,-0.344881984,0.0261694374,0.1005725426999999,0.6833069694,3.0,6.9964686518,0.0,0.00593316,0.0540397238999999,0.3688150718999999,0.2304505036,1.0268972351,6.689674742,3.985587794,,0.0,0.4925413293,0.0,0.1097925664,0.7888860498,1.0412049443,-0.374002356,0.6680700434000001,0.0112439473999999,0.0234332055,-0.0524238079999999,2.0,0.0371509131,0.0077546917,0.0481156418,0.0123725165,0.1115133357,0.1226662185999999,5.0,0.0415088863,1.4633515e-09,0.0480769239,0.0249071986,0.5465708851,7.8662341734,1.1976118e-08,28.0,9.6875
1996-08-30,1431928.75,1.6976810279,2.8821208725,-0.86300207,14.784069589,0.0487742681,0.4461786461,-0.0127388539999999,-0.218905471,0.2764227742,1.7409470443,0.3651428131,1.9112476209,0.0676382342,0.0676382342,5.0,-1.567253431,0.1624895288,-1.567809223,0.9837818313,7.651354117899999,0.0039626196999999,0.0312960617,-0.314435503,1.3173345169,0.3052953769,0.0340977386,-0.947335612,0.0,7.8401915307,0.2252117978999999,0.0,0.0,0.0,1.7972360852,0.0125124942,0.9321756844,6.4460093897,,0.0310452011,0.6267748479,0.1911024223999999,0.0194521723,0.5219767707,-178.6406461,0.141549485,0.0061133108999999,-0.15371056,0.7469771448,-0.332190691,-0.031192063,0.9758620726,0.1363914424,-0.344881984,0.0261694374,0.1005725426999999,0.6833069694,3.0,6.9964686518,0.0,0.00593316,0.0540397238999999,0.3688150718999999,0.2304505036,1.0268972351,6.689674742,3.985587794,,0.0,0.4925413293,0.0,0.1097925664,0.7888860498,1.0412049443,1.1628808726,0.5876431817000001,0.0168143846,-0.0485850159999999,0.0218269415,3.0,0.0235304995,0.0077473271,0.0263065604,0.0106327676,0.1139210068,0.1242010175,5.0,0.0707117875,4.0643206e-09,0.1557376981,0.0592700495,0.8639273259,13.739454654,8.2974889e-09,28.0,9.6875
1996-09-30,1431928.75,1.6673517476,2.7800618503,-0.609682509,15.048611489,0.0491124067,0.1505371542,0.0,-0.1927083319999999,0.1439114479,1.9944751039,0.3876148649,1.7518279227000002,0.0676382342,0.0676382342,5.0,-1.567253431,0.1624895288,-1.5850838859999998,0.9837818313,7.651354117899999,0.0039626196999999,0.0312960617,-0.314435503,1.3173345169,0.3052953769,0.0340977386,-0.947335612,0.0,7.8401915307,0.2252117978999999,0.0,0.0,0.0,1.7972360852,0.0125124942,0.9321756844,6.4460093897,,0.0310452011,0.6267748479,0.1911024223999999,0.0194521723,0.5219767707,-178.6406461,0.141549485,0.0061133108999999,-0.15371056,0.7469771448,-0.332190691,-0.031192063,0.9758620726,0.1363914424,-0.344881984,0.0261694374,0.1005725426999999,0.6833069694,3.0,6.9964686518,0.0,0.00593316,0.0540397238999999,0.3688150718999999,0.2304505036,1.0268972351,6.689674742,3.985587794,,0.0,0.4925413293,0.0,0.1097925664,0.7888860498,1.0412049443,1.1628808726,0.5876431817000001,0.0168143846,-0.0485850159999999,0.0218269415,3.0,0.0235304995,0.0077473271,0.0263065604,0.0106327676,0.1139210068,0.1242010175,5.0,0.0428047161,3.6108847e-09,0.0588235296,0.0301937654999999,0.4336201485,1.9436015278,1.7501711e-08,28.0,11.3125
1996-10-31,1701897.75,1.6219796224,2.6308178955000003,-0.0501358259999999,14.302269898,0.0483287915,0.1538258984,0.1677419393999999,-0.07738095,0.0402684641,2.0408162953,0.4027255063,1.600914626,0.0676382342,0.0676382342,5.0,-1.567253431,0.1624895288,-1.592693598,0.9837818313,7.651354117899999,0.0039626196999999,0.0312960617,-0.314435503,1.3173345169,0.3052953769,0.0340977386,-0.947335612,0.0,7.8401915307,0.2252117978999999,0.0,0.0,0.0,1.7972360852,0.0125124942,0.9321756844,6.4460093897,,0.0310452011,0.6267748479,0.1911024223999999,0.0194521723,0.5219767707,-178.6406461,0.141549485,0.0061133108999999,-0.15371056,0.7469771448,-0.332190691,-0.031192063,0.9758620726,0.1363914424,-0.344881984,0.0261694374,0.1005725426999999,0.6833069694,3.0,6.9964686518,0.0,0.00593316,0.0540397238999999,0.3688150718999999,0.2304505036,1.0268972351,6.689674742,3.985587794,,0.0,0.4925413293,0.0,0.1097925664,0.7888860498,1.0412049443,1.5193597876,0.5514414706,0.014685325,-0.057199053,0.1514459266,0.0,0.0222691495,0.0065241776,0.0249350649,0.0118214165999999,0.091455488,0.0851152617,5.0,0.0355405013,1.4992199e-09,0.0700636953,0.0259586125999999,0.5865647719,3.7805227868,1.6149847e-08,28.0,9.8125
1996-11-29,1476231.75,1.6322697112,2.6643044101,-0.210002068,14.633659545,0.0483617248,0.2626021516,-0.132596686,0.0168539381,0.1104294575,2.227722745,0.3638515657,1.0987477068,0.0676382342,0.0676382342,5.0,-1.567253431,0.1624895288,-1.604363493,0.9837818313,7.651354117899999,0.0039626196999999,0.0312960617,-0.314435503,1.3173345169,0.3052953769,0.0340977386,-0.947335612,0.0,7.8401915307,0.2252117978999999,0.0,0.0,0.0,1.7972360852,0.0125124942,0.9321756844,6.4460093897,,0.0310452011,0.6267748479,0.1911024223999999,0.0194521723,0.5219767707,-178.6406461,0.141549485,0.0061133108999999,-0.15371056,0.7469771448,-0.332190691,-0.031192063,0.9758620726,0.1363914424,-0.344881984,0.0261694374,0.1005725426999999,0.6833069694,3.0,6.9964686518,0.0,0.00593316,0.0540397238999999,0.3688150718999999,0.2304505036,1.0268972351,6.689674742,3.985587794,,0.0,0.4925413293,0.0,0.1097925664,0.7888860498,1.0412049443,1.5193597876,0.5514414706,0.014685325,-0.057199053,0.1514459266,0.0,0.0222691495,0.0065241776,0.0249350649,0.0118214165999999,0.091455488,0.0851152617,5.0,0.0299630608999999,3.4331958e-09,0.0261437912,0.0175653654,0.5340365667,1.9984553363,2.2425199e-08,28.0,8.75
1996-12-31,1316385.0,1.7230968515,2.9690627596,-0.172930388,14.040406772,0.0486168405,0.1903442762,-0.1082802559999999,-0.097701146,-0.117977524,2.4230769005,0.3590875809,1.4690704365,0.0676382342,0.0676382342,5.0,-1.567253431,0.1624895288,-1.608204072,0.9837818313,7.651354117899999,0.0039626196999999,0.0312960617,-0.314435503,1.3173345169,0.3052953769,0.0340977386,-0.947335612,0.0,7.8401915307,0.2252117978999999,0.0,0.0,0.0,1.7972360852,0.0125124942,0.9321756844,6.4460093897,,0.0310452011,0.6267748479,0.1911024223999999,0.0194521723,0.5219767707,-178.6406461,0.141549485,0.0061133108999999,-0.15371056,0.7469771448,-0.332190691,-0.031192063,0.9758620726,0.1363914424,-0.344881984,0.0261694374,0.1005725426999999,0.6833069694,3.0,6.9964686518,0.0,0.00593316,0.0540397238999999,0.3688150718999999,0.2304505036,1.0268972351,6.689674742,3.985587794,,0.0,0.4925413293,0.0,0.1097925664,0.7888860498,1.0412049443,1.5193597876,0.5514414706,0.014685325,-0.057199053,0.1514459266,0.0,0.0222691495,0.0065241776,0.0249350649,0.0118214165999999,0.091455488,0.0851152617,5.0,0.0567164188999999,3.9092887e-09,0.0859375,0.049446686,1.0860186324,14.735914329000002,9.7376114e-09,28.0,9.0
1997-01-31,1359864.0,1.7448982816999998,3.0446700135,0.0820910676999999,14.89974836,0.0489137962,0.1110811046,0.0285714287,-0.108280255,-0.255319148,1.9490195981,0.351287897,1.6202855580000002,0.0676382342,0.0676382342,5.0,-1.567253431,0.1624895288,-1.612933995,0.9837818313,7.651354117899999,0.0039626196999999,0.0312960617,-0.314435503,1.3173345169,0.3052953769,0.0340977386,-0.947335612,0.0,7.8401915307,0.2252117978999999,0.0,0.0,0.0,1.7972360852,0.0125124942,0.9321756844,6.4460093897,,0.0310452011,0.6267748479,0.1911024223999999,0.0194521723,0.5219767707,-178.6406461,0.141549485,0.0061133108999999,-0.15371056,0.7469771448,-0.332190691,-0.031192063,0.9758620726,0.1363914424,-0.344881984,0.0261694374,0.1005725426999999,0.6833069694,3.0,6.9964686518,0.0,0.00593316,0.0540397238999999,0.3688150718999999,0.2304505036,1.0268972351,6.689674742,3.985587794,,0.0,0.4925413293,0.0,0.1097925664,0.7888860498,1.0412049443,-0.386508571,0.5373148447999999,0.0130086793,0.0240077664,-0.044244005,1.0,0.0243239495,0.0066139325,0.0273387574,0.0133569565999999,0.0913507259,0.0835834493,5.0,0.0482733426999999,2.3308295e-09,0.05859375,0.0277561362,0.7100795273,6.1839270342,1.1657746e-08,28.0,8.125
1997-02-28,1227655.0,1.8301787188,3.3495541428,0.0675653956,14.69924504,0.0518915603,0.0260424967,-0.097222224,-0.070967742,-0.283582088,2.7222222326,0.3151219951,1.8988987134,0.0676382342,0.0676382342,5.0,-1.567253431,0.1624895288,-1.637068512,0.9837818313,7.651354117899999,0.0039626196999999,0.0312960617,-0.314435503,1.3173345169,0.3052953769,0.0340977386,-0.947335612,0.0,7.8401915307,0.2252117978999999,0.0,0.0,0.0,1.7972360852,0.0125124942,0.9321756844,6.4460093897,,0.0310452011,0.6267748479,0.1911024223999999,0.0194521723,0.5219767707,-178.6406461,0.141549485,0.0061133108999999,-0.15371056,0.7469771448,-0.332190691,-0.031192063,0.9758620726,0.1363914424,-0.344881984,0.0261694374,0.1005725426999999,0.6833069694,3.0,6.9964686518,0.0,0.00593316,0.0540397238999999,0.3688150718999999,0.2304505036,1.0268972351,6.689674742,3.985587794,,0.0,0.4925413293,0.0,0.1097925664,0.7888860498,1.0412049443,-0.386508571,0.5373148447999999,0.0130086793,0.0240077664,-0.044244005,1.0,0.0243239495,0.0066139325,0.0273387574,0.0133569565999999,0.0913507259,0.0835834493,5.0,0.0498550007,3.5453081e-09,0.0658914745,0.0310015954,0.6549606895000001,5.3227586655,1.1834278999999998e-08,28.0,9.3125
1997-03-31,1407081.5,1.6711946151,2.7928914416,0.1539986576999999,14.53965725,0.0524902252,0.0859557136999999,0.1461538523,-0.161290324,-0.322916666,2.1219512104,0.3234758696,1.6726287263,0.0676382342,0.0676382342,5.0,-1.567253431,0.1624895288,-1.639173557,0.9837818313,7.651354117899999,0.0039626196999999,0.0312960617,-0.314435503,1.3173345169,0.3052953769,0.0340977386,-0.947335612,0.0,7.8401915307,0.2252117978999999,0.0,0.0,0.0,1.7972360852,0.0125124942,0.9321756844,6.4460093897,,0.0310452011,0.6267748479,0.1911024223999999,0.0194521723,0.5219767707,-178.6406461,0.141549485,0.0061133108999999,-0.15371056,0.7469771448,-0.332190691,-0.031192063,0.9758620726,0.1363914424,-0.344881984,0.0261694374,0.1005725426999999,0.6833069694,3.0,6.9964686518,0.0,0.00593316,0.0540397238999999,0.3688150718999999,0.2304505036,1.0268972351,6.689674742,3.985587794,,0.0,0.4925413293,0.0,0.1097925664,0.7888860498,1.0412049443,-0.386508571,0.5373148447999999,0.0130086793,0.0240077664,-0.044244005,1.0,0.0243239495,0.0066139325,0.0273387574,0.0133569565999999,0.0913507259,0.0835834493,5.0,0.0435286703,2.5748784e-09,0.073929958,0.0350387075,0.7656062153000001,5.6532790854,1.434453e-08,28.0,3.5
1997-04-30,533820.0,1.6290160098,2.6536931603,-0.7679886859999999,14.630296,0.0541191115,0.054776957,-0.4324324429999999,-0.17679558,-0.113095233,2.1111111124,0.2460474996999999,5.8118804091,0.0676382342,0.0676382342,5.0,-1.567253431,0.1624895288,-1.659657145,0.9837818313,7.651354117899999,0.0039626196999999,0.0312960617,-0.314435503,1.3173345169,0.3052953769,0.0340977386,-0.947335612,0.0,7.8401915307,0.2252117978999999,0.0,0.0,0.0,1.7972360852,0.0125124942,0.9321756844,6.4460093897,,0.0310452011,0.6267748479,0.1911024223999999,0.0194521723,0.5219767707,-178.6406461,0.141549485,0.0061133108999999,-0.15371056,0.7469771448,-0.332190691,-0.031192063,0.9758620726,0.1363914424,-0.344881984,0.0261694374,0.1005725426999999,0.6833069694,3.0,6.9964686518,0.0,0.00593316,0.0540397238999999,0.3688150718999999,0.2304505036,1.0268972351,6.689674742,3.985587794,,0.0,0.4925413293,0.0,0.1097925664,0.7888860498,1.0412049443,-0.573687824,0.4770633197999999,0.00662724,0.0480838201999999,-0.059117148,2.0,0.0245134435,0.0064754281999999,0.0286160806999999,0.0124038004,0.0949322672,0.08641621,5.0,0.0626874978,1.8793956e-09,0.1044776142,0.145456906,1.1495965278,42.97592039600001,1.5290653e-09,28.0,3.25
1997-05-30,495690.0,2.0386160409,4.1559553623,-0.550812277,15.83969385,0.0716853195,-0.0939761269999999,-0.071428575,-0.6433120920000001,-0.6853932490000001,1.6969696948,-0.135448154,6.1674725275,0.0676382342,0.0676382342,5.0,-1.567253431,0.1624895288,-1.673317226,0.9837818313,7.651354117899999,0.0039626196999999,0.0312960617,-0.314435503,1.3173345169,0.3052953769,0.0340977386,-0.947335612,0.0,7.8401915307,0.2252117978999999,0.0,0.0,0.0,1.7972360852,0.0125124942,0.9321756844,6.4460093897,,0.0310452011,0.6267748479,0.1911024223999999,0.0194521723,0.5219767707,-178.6406461,0.141549485,0.0061133108999999,-0.15371056,0.7469771448,-0.332190691,-0.031192063,0.9758620726,0.1363914424,-0.344881984,0.0261694374,0.1005725426999999,0.6833069694,3.0,6.9964686518,0.0,0.00593316,0.0540397238999999,0.3688150718999999,0.2304505036,1.0268972351,6.689674742,3.985587794,,0.0,0.4925413293,0.0,0.1097925664,0.7888860498,1.0412049443,-0.573687824,0.4770633197999999,0.00662724,0.0480838201999999,-0.059117148,2.0,0.0245134435,0.0064754281999999,0.0286160806999999,0.0124038004,0.0949322672,0.08641621,5.0,0.0636224496,2.0159271e-09,0.0829268321,0.0565847601,0.4995926018,41.08144587,2.0657844e-09,28.0,3.53125
1997-06-30,538586.25,1.8733577846,3.5094693889,-0.4010262639999999,15.378229959,0.0750677513,-0.173340608,0.0865384638,-0.628571419,-0.701149417,1.7187499998,-0.05014237,6.264683713099999,0.0676382342,0.0676382342,5.0,-1.567253431,0.1624895288,-1.674422086,0.9837818313,7.651354117899999,0.0039626196999999,0.0312960617,-0.314435503,1.3173345169,0.3052953769,0.0340977386,-0.947335612,0.0,7.8401915307,0.2252117978999999,0.0,0.0,0.0,1.7972360852,0.0125124942,0.9321756844,6.4460093897,,0.0310452011,0.6267748479,0.1911024223999999,0.0194521723,0.5219767707,-178.6406461,0.141549485,0.0061133108999999,-0.15371056,0.7469771448,-0.332190691,-0.031192063,0.9758620726,0.1363914424,-0.344881984,0.0261694374,0.1005725426999999,0.6833069694,3.0,6.9964686518,0.0,0.00593316,0.0540397238999999,0.3688150718999999,0.2304505036,1.0268972351,6.689674742,3.985587794,,0.0,0.4925413293,0.0,0.1097925664,0.7888860498,1.0412049443,-0.573687824,0.4770633197999999,0.00662724,0.0480838201999999,-0.059117148,2.0,0.0245134435,0.0064754281999999,0.0286160806999999,0.0124038004,0.0949322672,0.08641621,5.0,0.0475462392999999,2.5600614e-09,0.1071428582,0.0363095249,0.6092109882,11.693165725999998,4.8799458e-09,28.0,3.109375
1997-07-31,472861.3125,2.1694977709,4.7067205780000005,-0.571711331,14.648125725,0.0769944356,-0.047697366,-0.119469024,-0.6076388779999999,-0.6401273789999999,1.6386554685,-0.171489753,5.9026714713,0.0718685532,0.0718685532,6.0,-0.19617329,0.2373215263,-1.820399411,1.0179555724,5.6785823298,0.0058645569999999,0.0205375225,-0.067095048,0.0335166489,0.677133725,0.0588847188999999,-3.023641389,0.0,5.9013241536,0.2854866187,0.0,0.0,0.0,0.1562024183,0.0240024002,0.5272829078,1.6534564287,,0.0290393429,0.8890274314,0.1251871759999999,0.0375971421,0.5300613497,-817.1117897,0.1768719498,0.0052825343999999,-2.31130396,-0.247298471,0.2676361598,0.0328915081999999,-0.291839491,-0.297539988,0.0111628112,-0.033181666,-0.173309882,0.7556678922,5.0,4.954622802,0.0,0.0089678085,0.0455586397,0.3265774508,0.1915890418,1.5415896381999998,5.5302880046,4.017183677799999,,0.0,0.4192691488,0.0,0.1968410076,0.7147916261,1.3944404866999998,-0.573687824,0.4770633197999999,0.00662724,0.0480838201999999,-0.059117148,2.0,0.0245134435,0.0064754281999999,0.0286160806999999,0.0124038004,0.0949322672,0.08641621,4.0,0.0554122362,3.1969899e-09,0.0928961784,0.0398007525,0.7132410694,14.532486174,5.5388485e-09,28.0,3.984375
1997-08-29,605927.8125,2.1208002869,4.4977938567,-0.3483250479999999,14.394088389,0.0801773492,0.1130813757,0.2814070284,-0.61730768,-0.679032249,1.6160337616,-0.1418823,3.999245991,0.0718685532,0.0718685532,6.0,-0.19617329,0.2373215263,-1.825017105,1.0179555724,5.6785823298,0.0058645569999999,0.0205375225,-0.067095048,0.0335166489,0.677133725,0.0588847188999999,-3.023641389,0.0,5.9013241536,0.2854866187,0.0,0.0,0.0,0.1562024183,0.0240024002,0.5272829078,1.6534564287,,0.0290393429,0.8890274314,0.1251871759999999,0.0375971421,0.5300613497,-817.1117897,0.1768719498,0.0052825343999999,-2.31130396,-0.247298471,0.2676361598,0.0328915081999999,-0.291839491,-0.297539988,0.0111628112,-0.033181666,-0.173309882,0.7556678922,5.0,4.954622802,0.0,0.0089678085,0.0455586397,0.3265774508,0.1915890418,1.5415896381999998,5.5302880046,4.017183677799999,,0.0,0.4192691488,0.0,0.1968410076,0.7147916261,1.3944404866999998,1.3524610855,0.4644538479999999,0.0040026877,-0.039457196,0.1195912063,3.0,0.025897699,0.0064767744999999,0.0298820377999999,0.0149764976,0.0950886807,0.0863112943,4.0,0.0433114469,2.2880179e-09,0.1166666672,0.0328113324,0.7750155251,14.427112108,5.0417156e-09,28.0,4.703125
1997-09-30,715232.4375,2.1502349121,4.6235101774,-0.456256757,14.686805362,0.0809475598,0.0845146643,0.180392161,-0.572147642,-0.588709667,1.4031007822,-0.137138813,3.2017744379,0.0718685532,0.0718685532,6.0,-0.19617329,0.2373215263,-1.83126805,1.0179555724,5.6785823298,0.0058645569999999,0.0205375225,-0.067095048,0.0335166489,0.677133725,0.0588847188999999,-3.023641389,0.0,5.9013241536,0.2854866187,0.0,0.0,0.0,0.1562024183,0.0240024002,0.5272829078,1.6534564287,,0.0290393429,0.8890274314,0.1251871759999999,0.0375971421,0.5300613497,-817.1117897,0.1768719498,0.0052825343999999,-2.31130396,-0.247298471,0.2676361598,0.0328915081999999,-0.291839491,-0.297539988,0.0111628112,-0.033181666,-0.173309882,0.7556678922,5.0,4.954622802,0.0,0.0089678085,0.0455586397,0.3265774508,0.1915890418,1.5415896381999998,5.5302880046,4.017183677799999,,0.0,0.4192691488,0.0,0.1968410076,0.7147916261,1.3944404866999998,1.3524610855,0.4644538479999999,0.0040026877,-0.039457196,0.1195912063,3.0,0.025897699,0.0064767744999999,0.0298820377999999,0.0149764976,0.0950886807,0.0863112943,4.0,0.0375592668,3.3928237e-09,0.1102941185,0.0296989439,0.577064247,5.887980639099999,1.0968778000000001e-08,28.0,4.1875
1997-10-31,637488.25,2.1923118865,4.8062314077,0.8870363022,14.12186921,0.0809955535,0.0641594571,-0.109634548,0.3437499993999999,-0.584254134,2.0677966409,-0.196516749,2.7688501187,0.0718685532,0.0718685532,6.0,-0.19617329,0.2373215263,-1.870748304,1.0179555724,5.6785823298,0.0058645569999999,0.0205375225,-0.067095048,0.0335166489,0.677133725,0.0588847188999999,-3.023641389,0.0,5.9013241536,0.2854866187,0.0,0.0,0.0,0.1562024183,0.0240024002,0.5272829078,1.6534564287,,0.0290393429,0.8890274314,0.1251871759999999,0.0375971421,0.5300613497,-817.1117897,0.1768719498,0.0052825343999999,-2.31130396,-0.247298471,0.2676361598,0.0328915081999999,-0.291839491,-0.297539988,0.0111628112,-0.033181666,-0.173309882,0.7556678922,5.0,4.954622802,0.0,0.0089678085,0.0455586397,0.3265774508,0.1915890418,1.5415896381999998,5.5302880046,4.017183677799999,,0.0,0.4192691488,0.0,0.1968410076,0.7147916261,1.3944404866999998,0.4211178989,0.3847858811999999,-0.013066457,-0.009344063,-0.16755429,0.0,0.0023939955,0.0087942504,0.002773259,0.0058708928,0.0942072093999999,0.0919340332,4.0,0.0556587234999999,3.4586782e-09,0.1166666672,0.0418177373,0.673970092,7.6157926725,8.429991e-09,28.0,3.96875
1997-11-28,604186.625,1.9399091201,3.7632473944,0.8899436539,14.269097194,0.0820743891,0.2108876766,-0.052238807,0.2884615468,-0.573248395,1.7787610882,0.0347565929,2.623777118,0.0718685532,0.0718685532,6.0,-0.19617329,0.2373215263,-1.7848951169999998,1.0179555724,5.6785823298,0.0058645569999999,0.0205375225,-0.067095048,0.0335166489,0.677133725,0.0588847188999999,-3.023641389,0.0,5.9013241536,0.2854866187,0.0,0.0,0.0,0.1562024183,0.0240024002,0.5272829078,1.6534564287,,0.0290393429,0.8890274314,0.1251871759999999,0.0375971421,0.5300613497,-817.1117897,0.1768719498,0.0052825343999999,-2.31130396,-0.247298471,0.2676361598,0.0328915081999999,-0.291839491,-0.297539988,0.0111628112,-0.033181666,-0.173309882,0.7556678922,5.0,4.954622802,0.0,0.0089678085,0.0455586397,0.3265774508,0.1915890418,1.5415896381999998,5.5302880046,4.017183677799999,,0.0,0.4192691488,0.0,0.1968410076,0.7147916261,1.3944404866999998,0.4211178989,0.3847858811999999,-0.013066457,-0.009344063,-0.16755429,0.0,0.0023939955,0.0087942504,0.002773259,0.0058708928,0.0942072093999999,0.0919340332,4.0,0.0576767007,3.3260262e-09,0.107407406,0.0386952296,0.7425525989,9.512445182,5.4270336e-09,28.0,3.984375
1997-12-31,606565.3125,2.3144776608,5.3568068421,0.7247471482,14.565830468,0.0843295273,0.1608666657,0.0039370079,0.1238938089,-0.546428558,1.0437956374,-0.1031702069999999,2.2447623289,0.0718685532,0.0718685532,6.0,-0.19617329,0.2373215263,-1.799960976,1.0179555724,5.6785823298,0.0058645569999999,0.0205375225,-0.067095048,0.0335166489,0.677133725,0.0588847188999999,-3.023641389,0.0,5.9013241536,0.2854866187,0.0,0.0,0.0,0.1562024183,0.0240024002,0.5272829078,1.6534564287,,0.0290393429,0.8890274314,0.1251871759999999,0.0375971421,0.5300613497,-817.1117897,0.1768719498,0.0052825343999999,-2.31130396,-0.247298471,0.2676361598,0.0328915081999999,-0.291839491,-0.297539988,0.0111628112,-0.033181666,-0.173309882,0.7556678922,5.0,4.954622802,0.0,0.0089678085,0.0455586397,0.3265774508,0.1915890418,1.5415896381999998,5.5302880046,4.017183677799999,,0.0,0.4192691488,0.0,0.1968410076,0.7147916261,1.3944404866999998,0.4211178989,0.3847858811999999,-0.013066457,-0.009344063,-0.16755429,0.0,0.0023939955,0.0087942504,0.002773259,0.0058708928,0.0942072093999999,0.0919340332,4.0,0.0360447931,7.5529645e-09,0.0310077518,0.0206031684,0.4171785738,1.540617825,2.952992e-08,28.0,3.984375
1998-01-30,608318.4375,2.2676412489,5.1421968337,0.9359209146,13.066802437,0.0842716617,0.1004499696,0.0,0.2814070358,-0.5572916529999999,1.0000000186,-0.100686923,2.2365881562,0.0718685532,0.0718685532,6.0,-0.19617329,0.2373215263,-1.836555835,1.0179555724,5.6785823298,0.0058645569999999,0.0205375225,-0.067095048,0.0335166489,0.677133725,0.0588847188999999,-3.023641389,0.0,5.9013241536,0.2854866187,0.0,0.0,0.0,0.1562024183,0.0240024002,0.5272829078,1.6534564287,,0.0290393429,0.8890274314,0.1251871759999999,0.0375971421,0.5300613497,-817.1117897,0.1768719498,0.0052825343999999,-2.31130396,-0.247298471,0.2676361598,0.0328915081999999,-0.291839491,-0.297539988,0.0111628112,-0.033181666,-0.173309882,0.7556678922,5.0,4.954622802,0.0,0.0089678085,0.0455586397,0.3265774508,0.1915890418,1.5415896381999998,5.5302880046,4.017183677799999,,0.0,0.4192691488,0.0,0.1968410076,0.7147916261,1.3944404866999998,0.7407201570999999,0.4191715493999999,-0.019966803,-0.007417794,0.1370467506,0.0,-0.005551873,0.0121192343,-0.006398342,-0.014772368,0.1157383697,0.097115059,4.0,0.0468285934999999,4.3924711e-09,0.0940170959,0.0355455611,0.5254710486,5.442526025299999,8.1365084e-09,28.0,3.421875
1998-02-27,522438.1875,2.3411430197,5.4809506386,0.3684388997999999,14.209362873,0.0844877152,-0.030140046,-0.141176477,5.7742466e-09,-0.509615369,0.8309859293,-0.099764124,1.483166968,0.0718685532,0.0718685532,6.0,-0.19617329,0.2373215263,-1.861505978,1.0179555724,5.6785823298,0.0058645569999999,0.0205375225,-0.067095048,0.0335166489,0.677133725,0.0588847188999999,-3.023641389,0.0,5.9013241536,0.2854866187,0.0,0.0,0.0,0.1562024183,0.0240024002,0.5272829078,1.6534564287,,0.0290393429,0.8890274314,0.1251871759999999,0.0375971421,0.5300613497,-817.1117897,0.1768719498,0.0052825343999999,-2.31130396,-0.247298471,0.2676361598,0.0328915081999999,-0.291839491,-0.297539988,0.0111628112,-0.033181666,-0.173309882,0.7556678922,5.0,4.954622802,0.0,0.0089678085,0.0455586397,0.3265774508,0.1915890418,1.5415896381999998,5.5302880046,4.017183677799999,,0.0,0.4192691488,0.0,0.1968410076,0.7147916261,1.3944404866999998,0.7407201570999999,0.4191715493999999,-0.019966803,-0.007417794,0.1370467506,0.0,-0.005551873,0.0121192343,-0.006398342,-0.014772368,0.1157383697,0.097115059,4.0,0.0591024187,8.394190999999999e-09,0.0533980578,0.039822696,0.4959891366,3.8615585586,1.7717671999999998e-08,28.0,3.921875
1998-03-31,598776.1875,2.4568194825,6.0359619698,0.3288534652,13.377041932,0.0842930716,-0.031866457,0.1461187154,-0.272425253,-0.632550329,0.9605263368,0.0006962624,1.8558537473,0.0718685532,0.0718685532,6.0,-0.19617329,0.2373215263,-1.876201659,1.0179555724,5.6785823298,0.0058645569999999,0.0205375225,-0.067095048,0.0335166489,0.677133725,0.0588847188999999,-3.023641389,0.0,5.9013241536,0.2854866187,0.0,0.0,0.0,0.1562024183,0.0240024002,0.5272829078,1.6534564287,,0.0290393429,0.8890274314,0.1251871759999999,0.0375971421,0.5300613497,-817.1117897,0.1768719498,0.0052825343999999,-2.31130396,-0.247298471,0.2676361598,0.0328915081999999,-0.291839491,-0.297539988,0.0111628112,-0.033181666,-0.173309882,0.7556678922,5.0,4.954622802,0.0,0.0089678085,0.0455586397,0.3265774508,0.1915890418,1.5415896381999998,5.5302880046,4.017183677799999,,0.0,0.4192691488,0.0,0.1968410076,0.7147916261,1.3944404866999998,0.7407201570999999,0.4191715493999999,-0.019966803,-0.007417794,0.1370467506,0.0,-0.005551873,0.0121192343,-0.006398342,-0.014772368,0.1157383697,0.097115059,4.0,0.0638695138,6.8713603e-09,0.0958904102,0.0492434591,0.6620568901,8.4257359335,1.1886781000000002e-08,28.0,4.5
1998-04-30,692172.0,2.6393878646,6.9663682997,-0.12180172,13.963859925,0.0866678375,0.118367956,0.147410363,-0.063432849,0.1205357019,-0.32530118,-0.04152503,1.6308056379,0.0718685532,0.0718685532,6.0,-0.19617329,0.2373215263,-1.923340231,1.0179555724,5.6785823298,0.0058645569999999,0.0205375225,-0.067095048,0.0335166489,0.677133725,0.0588847188999999,-3.023641389,0.0,5.9013241536,0.2854866187,0.0,0.0,0.0,0.1562024183,0.0240024002,0.5272829078,1.6534564287,,0.0290393429,0.8890274314,0.1251871759999999,0.0375971421,0.5300613497,-817.1117897,0.1768719498,0.0052825343999999,-2.31130396,-0.247298471,0.2676361598,0.0328915081999999,-0.291839491,-0.297539988,0.0111628112,-0.033181666,-0.173309882,0.7556678922,5.0,4.954622802,0.0,0.0089678085,0.0455586397,0.3265774508,0.1915890418,1.5415896381999998,5.5302880046,4.017183677799999,,0.0,0.4192691488,0.0,0.1968410076,0.7147916261,1.3944404866999998,-0.266411362,0.3801756487,-0.037666067,-0.010624261,0.0037648035,0.0,-0.044603585,0.0213177012,-0.052320654,0.0029631919,0.1320360898,0.0989030342,4.0,0.0471032117999999,6.0664952e-09,0.0837642178,0.0393195339,0.5520416963,5.1928964107,1.1319787e-08,28.0,5.53125
1998-05-29,850794.75,2.6595148498,7.0730192361,0.1725469278999999,14.003848977,0.0866467678,0.2385100753,0.2291666716,0.1338582575,0.3846153793999999,-0.395348817,-0.027955827,2.1448050485,0.0718685532,0.0718685532,6.0,-0.19617329,0.2373215263,-1.930295897,1.0179555724,5.6785823298,0.0058645569999999,0.0205375225,-0.067095048,0.0335166489,0.677133725,0.0588847188999999,-3.023641389,0.0,5.9013241536,0.2854866187,0.0,0.0,0.0,0.1562024183,0.0240024002,0.5272829078,1.6534564287,,0.0290393429,0.8890274314,0.1251871759999999,0.0375971421,0.5300613497,-817.1117897,0.1768719498,0.0052825343999999,-2.31130396,-0.247298471,0.2676361598,0.0328915081999999,-0.291839491,-0.297539988,0.0111628112,-0.033181666,-0.173309882,0.7556678922,5.0,4.954622802,0.0,0.0089678085,0.0455586397,0.3265774508,0.1915890418,1.5415896381999998,5.5302880046,4.017183677799999,,0.0,0.4192691488,0.0,0.1968410076,0.7147916261,1.3944404866999998,-0.266411362,0.3801756487,-0.037666067,-0.010624261,0.0037648035,0.0,-0.044603585,0.0213177012,-0.052320654,0.0029631919,0.1320360898,0.0989030342,4.0,0.0515906098,4.3889362e-09,0.184210524,0.0518855645,0.9324426534,13.14810842,7.5278732e-09,28.0,5.5625
1998-06-30,855601.5,2.7831238406,7.745778312200001,0.2677598368,14.671866396,0.0873328139,0.1312179192,0.0056497175,0.3882352872,0.5663716785,-0.372222199,-0.04957481,2.039219241,0.0718685532,0.0718685532,6.0,-0.19617329,0.2373215263,-1.935591793,1.0179555724,5.6785823298,0.0058645569999999,0.0205375225,-0.067095048,0.0335166489,0.677133725,0.0588847188999999,-3.023641389,0.0,5.9013241536,0.2854866187,0.0,0.0,0.0,0.1562024183,0.0240024002,0.5272829078,1.6534564287,,0.0290393429,0.8890274314,0.1251871759999999,0.0375971421,0.5300613497,-817.1117897,0.1768719498,0.0052825343999999,-2.31130396,-0.247298471,0.2676361598,0.0328915081999999,-0.291839491,-0.297539988,0.0111628112,-0.033181666,-0.173309882,0.7556678922,5.0,4.954622802,0.0,0.0089678085,0.0455586397,0.3265774508,0.1915890418,1.5415896381999998,5.5302880046,4.017183677799999,,0.0,0.4192691488,0.0,0.1968410076,0.7147916261,1.3944404866999998,-0.266411362,0.3801756487,-0.037666067,-0.010624261,0.0037648035,0.0,-0.044603585,0.0213177012,-0.052320654,0.0029631919,0.1320360898,0.0989030342,4.0,0.045485569,3.9794681e-09,0.0508982017999999,0.0303174394,0.5101000322,4.1124501343,1.3410684e-08,28.0,6.21875
1998-07-31,960473.5,2.6575658383,7.062656184700001,0.2793772725,14.14885738,0.0865137949,0.0746844027,0.1179775298,0.3960784245,0.7889447156999999,-0.521634599,-0.037512617,1.9833212473,0.0922066853,-0.092206685,7.0,-0.008548838,0.4976554734,-1.57217281,-0.106742558,1.6231124769999998,0.0221913775,0.0715636418,-0.058391698,0.010456928,0.2119827775,0.0313543748,7.861139680700001,0.0,3.6899280092,0.3515977282999999,0.0,0.0,0.0,-0.061947479,-0.034719749,0.3829429828,-0.211412358,,0.0283475293999999,0.3861386139,0.0640066122,0.1221684731,0.4535372699,-2293.875424,0.0313378456,0.0063143331,-1.337800898,-0.3747288039999999,0.2315734095,-0.113685967,-0.41868176,-0.260797717,0.2719415845,-0.2573347569999999,-0.209777164,-1.6391571969999998,2.0,2.8802126085000004,1.0,0.0497403148,0.1150587518999999,0.2948721539,-0.04948545,1.8457402754,4.3701598697,5.554804503500001,,0.0,-0.017584626,0.0,0.4323036182,0.6131512115,0.4057109516,-0.266411362,0.3801756487,-0.037666067,-0.010624261,0.0037648035,0.0,-0.044603585,0.0213177012,-0.052320654,0.0029631919,0.1320360898,0.0989030342,5.0,0.0389857881999999,3.7675522e-09,0.0760869533,0.0302879871,0.6320450333,4.2420028859,1.2622802e-08,28.0,5.625
1998-08-31,868770.0,2.5348051726,6.4252372631,0.7850120946,14.22581444,0.0877645583,0.0003364761,-0.095477387,0.8173516056,0.5607843173,-0.481707301,-0.018377766,1.4545564419,0.0922066853,-0.092206685,7.0,-0.008548838,0.4976554734,-1.584072303,-0.106742558,1.6231124769999998,0.0221913775,0.0715636418,-0.058391698,0.010456928,0.2119827775,0.0313543748,7.861139680700001,0.0,3.6899280092,0.3515977282999999,0.0,0.0,0.0,-0.061947479,-0.034719749,0.3829429828,-0.211412358,,0.0283475293999999,0.3861386139,0.0640066122,0.1221684731,0.4535372699,-2293.875424,0.0313378456,0.0063143331,-1.337800898,-0.3747288039999999,0.2315734095,-0.113685967,-0.41868176,-0.260797717,0.2719415845,-0.2573347569999999,-0.209777164,-1.6391571969999998,2.0,2.8802126085000004,1.0,0.0497403148,0.1150587518999999,0.2948721539,-0.04948545,1.8457402754,4.3701598697,5.554804503500001,,0.0,-0.017584626,0.0,0.4323036182,0.6131512115,0.4057109516,1.6321562613,0.377867009,-0.024568546,-0.052649483,0.070472477,1.0,-0.008246367,0.0219700433,-0.010137705,-0.004512581,0.1321790789,0.0999704302,5.0,0.0458962563999999,5.518349e-09,0.0531914905,0.0299518187,0.5851754117,2.9787844305,1.6998919999999997e-08,28.0,4.375
1998-09-30,675710.0,2.4353470806,5.930915402799999,0.2816508219,13.831725875999998,0.0873906719,-0.068534178,-0.222222224,0.4342629611,0.1960132871,-0.444649427,-0.00052276,1.2821800114,0.0922066853,-0.092206685,7.0,-0.008548838,0.4976554734,-1.593582743,-0.106742558,1.6231124769999998,0.0221913775,0.0715636418,-0.058391698,0.010456928,0.2119827775,0.0313543748,7.861139680700001,0.0,3.6899280092,0.3515977282999999,0.0,0.0,0.0,-0.061947479,-0.034719749,0.3829429828,-0.211412358,,0.0283475293999999,0.3861386139,0.0640066122,0.1221684731,0.4535372699,-2293.875424,0.0313378456,0.0063143331,-1.337800898,-0.3747288039999999,0.2315734095,-0.113685967,-0.41868176,-0.260797717,0.2719415845,-0.2573347569999999,-0.209777164,-1.6391571969999998,2.0,2.8802126085000004,1.0,0.0497403148,0.1150587518999999,0.2948721539,-0.04948545,1.8457402754,4.3701598697,5.554804503500001,,0.0,-0.017584626,0.0,0.4323036182,0.6131512115,0.4057109516,1.6321562613,0.377867009,-0.024568546,-0.052649483,0.070472477,1.0,-0.008246367,0.0219700433,-0.010137705,-0.004512581,0.1321790789,0.0999704302,5.0,0.0678547068,1.1889174e-08,0.0786163508999999,0.0488772976999999,0.6559873138,3.4067520994,1.8762684e-08,28.0,5.96875
1998-10-30,922577.75,1.8959212811,3.5945175041,0.2517620315,13.528198417,0.0895938819999999,-0.349591256,0.3642857075,-0.027777775,0.0447761119,-0.5503355529999999,0.0182150482,1.3147956455,0.0922066853,-0.092206685,7.0,-0.008548838,0.4976554734,-0.8173184720000001,-0.106742558,1.6231124769999998,0.0221913775,0.0715636418,-0.058391698,0.010456928,0.2119827775,0.0313543748,7.861139680700001,0.0,3.6899280092,0.3515977282999999,0.0,0.0,0.0,-0.061947479,-0.034719749,0.3829429828,-0.211412358,,0.0283475293999999,0.3861386139,0.0640066122,0.1221684731,0.4535372699,-2293.875424,0.0313378456,0.0063143331,-1.337800898,-0.3747288039999999,0.2315734095,-0.113685967,-0.41868176,-0.260797717,0.2719415845,-0.2573347569999999,-0.209777164,-1.6391571969999998,2.0,2.8802126085000004,1.0,0.0497403148,0.1150587518999999,0.2948721539,-0.04948545,1.8457402754,4.3701598697,5.554804503500001,,0.0,-0.017584626,0.0,0.4323036182,0.6131512115,0.4057109516,2.8486855841,0.3663593611,0.0048541996,-0.005916662,0.201557463,2.0,0.0099748572999999,0.0218936145,0.0124234887,0.0249676675,0.1326254005,0.1002410823,5.0,0.0736412174,6.9691169999999995e-09,0.1142857149,0.0473266517999999,0.576989805,3.870172046,1.2496226e-08,28.0,5.703125
1998-11-30,881520.625,1.9226418833,3.6965518115,-0.362627342,14.245312524,0.0894174917,-0.275806979,-0.04450262,0.0790960387,0.5039369913,-0.6104294339999999,0.0723550089,1.5851836516,0.0922066853,-0.092206685,7.0,-0.008548838,0.4976554734,-0.804786297,-0.106742558,1.6231124769999998,0.0221913775,0.0715636418,-0.058391698,0.010456928,0.2119827775,0.0313543748,7.861139680700001,0.0,3.6899280092,0.3515977282999999,0.0,0.0,0.0,-0.061947479,-0.034719749,0.3829429828,-0.211412358,,0.0283475293999999,0.3861386139,0.0640066122,0.1221684731,0.4535372699,-2293.875424,0.0313378456,0.0063143331,-1.337800898,-0.3747288039999999,0.2315734095,-0.113685967,-0.41868176,-0.260797717,0.2719415845,-0.2573347569999999,-0.209777164,-1.6391571969999998,2.0,2.8802126085000004,1.0,0.0497403148,0.1150587518999999,0.2948721539,-0.04948545,1.8457402754,4.3701598697,5.554804503500001,,0.0,-0.017584626,0.0,0.4323036182,0.6131512115,0.4057109516,2.8486855841,0.3663593611,0.0048541996,-0.005916662,0.201557463,2.0,0.0099748572999999,0.0218936145,0.0124234887,0.0249676675,0.1326254005,0.1002410823,5.0,0.0685482276999999,6.3884737e-09,0.116438359,0.044157931,0.6768688484000001,7.5173348626,1.0042962e-08,28.0,6.5
1998-12-31,1004692.0,1.7050838330000002,2.9073108775,-0.227539107,14.37256378,0.0905955746,-0.218317984,0.1397260277999999,0.0252808907,0.4313725304999999,-0.641853921,-0.099433324,2.0468182051,0.0922066853,-0.092206685,7.0,-0.008548838,0.4976554734,-0.811943148,-0.106742558,1.6231124769999998,0.0221913775,0.0715636418,-0.058391698,0.010456928,0.2119827775,0.0313543748,7.861139680700001,0.0,3.6899280092,0.3515977282999999,0.0,0.0,0.0,-0.061947479,-0.034719749,0.3829429828,-0.211412358,,0.0283475293999999,0.3861386139,0.0640066122,0.1221684731,0.4535372699,-2293.875424,0.0313378456,0.0063143331,-1.337800898,-0.3747288039999999,0.2315734095,-0.113685967,-0.41868176,-0.260797717,0.2719415845,-0.2573347569999999,-0.209777164,-1.6391571969999998,2.0,2.8802126085000004,1.0,0.0497403148,0.1150587518999999,0.2948721539,-0.04948545,1.8457402754,4.3701598697,5.554804503500001,,0.0,-0.017584626,0.0,0.4323036182,0.6131512115,0.4057109516,2.8486855841,0.3663593611,0.0048541996,-0.005916662,0.201557463,2.0,0.0099748572999999,0.0218936145,0.0124234887,0.0249676675,0.1326254005,0.1002410823,5.0,0.0470034962999999,2.3131354e-09,0.0923076942999999,0.0326767055,0.8928892737999999,10.55360693,8.5390116e-09,28.0,6.7265625
1999-01-29,1051119.5625,1.6498229229,2.721915677,-0.479126028,14.760890856,0.0913085944,-0.112943882,0.0348557681,0.0452261212,0.6313725286,-0.660904245,-0.093026921,1.9918172665,0.0922066853,-0.092206685,7.0,-0.008548838,0.4976554734,-0.7569026990000001,-0.106742558,1.6231124769999998,0.0221913775,0.0715636418,-0.058391698,0.010456928,0.2119827775,0.0313543748,7.861139680700001,0.0,3.6899280092,0.3515977282999999,0.0,0.0,0.0,-0.061947479,-0.034719749,0.3829429828,-0.211412358,,0.0283475293999999,0.3861386139,0.0640066122,0.1221684731,0.4535372699,-2293.875424,0.0313378456,0.0063143331,-1.337800898,-0.3747288039999999,0.2315734095,-0.113685967,-0.41868176,-0.260797717,0.2719415845,-0.2573347569999999,-0.209777164,-1.6391571969999998,2.0,2.8802126085000004,1.0,0.0497403148,0.1150587518999999,0.2948721539,-0.04948545,1.8457402754,4.3701598697,5.554804503500001,,0.0,-0.017584626,0.0,0.4323036182,0.6131512115,0.4057109516,0.2412129572,0.4287589089999999,0.0125389693,-0.015572454,0.0380399749,3.0,0.0135757691999999,0.0218134014,0.0166342009,0.0229089175,0.1360594494999999,0.1029374393,5.0,0.0449173576,4.3196998e-09,0.0528846159999999,0.0280364372,0.6549026311,4.8292921937,1.3274521000000001e-08,28.0,6.5
1999-02-26,1015716.0,1.6307876353,2.6594683114,-0.4882800779999999,14.259332003,0.0912736405,-0.105783643,-0.033681765,0.1958333216,0.9657534127,-0.727611934,-0.082697545,1.9121913343,0.0922066853,-0.092206685,7.0,-0.008548838,0.4976554734,-0.7710526129999999,-0.106742558,1.6231124769999998,0.0221913775,0.0715636418,-0.058391698,0.010456928,0.2119827775,0.0313543748,7.861139680700001,0.0,3.6899280092,0.3515977282999999,0.0,0.0,0.0,-0.061947479,-0.034719749,0.3829429828,-0.211412358,,0.0283475293999999,0.3861386139,0.0640066122,0.1221684731,0.4535372699,-2293.875424,0.0313378456,0.0063143331,-1.337800898,-0.3747288039999999,0.2315734095,-0.113685967,-0.41868176,-0.260797717,0.2719415845,-0.2573347569999999,-0.209777164,-1.6391571969999998,2.0,2.8802126085000004,1.0,0.0497403148,0.1150587518999999,0.2948721539,-0.04948545,1.8457402754,4.3701598697,5.554804503500001,,0.0,-0.017584626,0.0,0.4323036182,0.6131512115,0.4057109516,0.2412129572,0.4287589089999999,0.0125389693,-0.015572454,0.0380399749,3.0,0.0135757691999999,0.0218134014,0.0166342009,0.0229089175,0.1360594494999999,0.1029374393,5.0,0.0480638512,3.3711964e-09,0.0574162676999999,0.028909442,0.7245868494,9.0806232796,1.3389376e-08,28.0,5.59375
1999-03-31,874101.75,1.5501384704,2.4029292773,0.1630335696,14.373286941,0.0913914179,-0.095025884,-0.1394230719999999,0.4857142746,0.6573705168999999,-0.6731770770000001,-0.192506022,1.5634737794,0.0922066853,-0.092206685,7.0,-0.008548838,0.4976554734,-0.7848182570000001,-0.106742558,1.6231124769999998,0.0221913775,0.0715636418,-0.058391698,0.010456928,0.2119827775,0.0313543748,7.861139680700001,0.0,3.6899280092,0.3515977282999999,0.0,0.0,0.0,-0.061947479,-0.034719749,0.3829429828,-0.211412358,,0.0283475293999999,0.3861386139,0.0640066122,0.1221684731,0.4535372699,-2293.875424,0.0313378456,0.0063143331,-1.337800898,-0.3747288039999999,0.2315734095,-0.113685967,-0.41868176,-0.260797717,0.2719415845,-0.2573347569999999,-0.209777164,-1.6391571969999998,2.0,2.8802126085000004,1.0,0.0497403148,0.1150587518999999,0.2948721539,-0.04948545,1.8457402754,4.3701598697,5.554804503500001,,0.0,-0.017584626,0.0,0.4323036182,0.6131512115,0.4057109516,0.2412129572,0.4287589089999999,0.0125389693,-0.015572454,0.0380399749,3.0,0.0135757691999999,0.0218134014,0.0166342009,0.0229089175,0.1360594494999999,0.1029374393,5.0,0.0475754925,3.9637986e-09,0.0526315792999999,0.033463941,0.3903761257,3.0857270277,1.5476631000000002e-08,28.0,5.984375
1999-04-30,935142.375,1.5280305253,2.3348772862,-0.323771085,14.078260998,0.0906701646,-0.183824101,0.0698323995,-0.062827222,0.2430555567,-0.571428562,-0.1388289969999999,1.8945374494,0.0922066853,-0.092206685,7.0,-0.008548838,0.4976554734,-0.794877572,-0.106742558,1.6231124769999998,0.0221913775,0.0715636418,-0.058391698,0.010456928,0.2119827775,0.0313543748,7.861139680700001,0.0,3.6899280092,0.3515977282999999,0.0,0.0,0.0,-0.061947479,-0.034719749,0.3829429828,-0.211412358,,0.0283475293999999,0.3861386139,0.0640066122,0.1221684731,0.4535372699,-2293.875424,0.0313378456,0.0063143331,-1.337800898,-0.3747288039999999,0.2315734095,-0.113685967,-0.41868176,-0.260797717,0.2719415845,-0.2573347569999999,-0.209777164,-1.6391571969999998,2.0,2.8802126085000004,1.0,0.0497403148,0.1150587518999999,0.2948721539,-0.04948545,1.8457402754,4.3701598697,5.554804503500001,,0.0,-0.017584626,0.0,0.4323036182,0.6131512115,0.4057109516,0.9934897551,0.4533312651,0.0302011185,0.005233172,0.0002688821,4.0,0.0155512443999999,0.0214151683,0.019097001,0.0073272956999999,0.1370246329,0.1033761864,5.0,0.048343612,3.7267109e-09,0.1139240488,0.0391732486,0.6967907579000001,7.9163008613,7.6823094e-09,28.0,5.65625
1999-05-28,883868.25,1.4812513318,2.1941055079,-0.039292613,14.655114800000002,0.0917506966,-0.197580303,-0.054830287,0.0493150708,0.0819208978,-0.502808975,-0.062265162,1.7778033755000002,0.0922066853,-0.092206685,7.0,-0.008548838,0.4976554734,-0.78892583,-0.106742558,1.6231124769999998,0.0221913775,0.0715636418,-0.058391698,0.010456928,0.2119827775,0.0313543748,7.861139680700001,0.0,3.6899280092,0.3515977282999999,0.0,0.0,0.0,-0.061947479,-0.034719749,0.3829429828,-0.211412358,,0.0283475293999999,0.3861386139,0.0640066122,0.1221684731,0.4535372699,-2293.875424,0.0313378456,0.0063143331,-1.337800898,-0.3747288039999999,0.2315734095,-0.113685967,-0.41868176,-0.260797717,0.2719415845,-0.2573347569999999,-0.209777164,-1.6391571969999998,2.0,2.8802126085000004,1.0,0.0497403148,0.1150587518999999,0.2948721539,-0.04948545,1.8457402754,4.3701598697,5.554804503500001,,0.0,-0.017584626,0.0,0.4323036182,0.6131512115,0.4057109516,0.9934897551,0.4533312651,0.0302011185,0.005233172,0.0002688821,4.0,0.0155512443999999,0.0214151683,0.019097001,0.0073272956999999,0.1370246329,0.1033761864,5.0,0.0489090298,5.8626495e-09,0.0552486180999999,0.0331530081,0.5960167251,3.1299426921,1.5211906e-08,28.0,6.375
1999-06-30,996183.0,1.4786662937,2.1864540081,-0.18777008,14.006548496,0.0920304042,-0.150992274,0.1270718277,-0.12980769,0.0168539274,-0.488505733,-0.111302983,1.7114711855000002,0.0922066853,-0.092206685,7.0,-0.008548838,0.4976554734,-0.794023395,-0.106742558,1.6231124769999998,0.0221913775,0.0715636418,-0.058391698,0.010456928,0.2119827775,0.0313543748,7.861139680700001,0.0,3.6899280092,0.3515977282999999,0.0,0.0,0.0,-0.061947479,-0.034719749,0.3829429828,-0.211412358,,0.0283475293999999,0.3861386139,0.0640066122,0.1221684731,0.4535372699,-2293.875424,0.0313378456,0.0063143331,-1.337800898,-0.3747288039999999,0.2315734095,-0.113685967,-0.41868176,-0.260797717,0.2719415845,-0.2573347569999999,-0.209777164,-1.6391571969999998,2.0,2.8802126085000004,1.0,0.0497403148,0.1150587518999999,0.2948721539,-0.04948545,1.8457402754,4.3701598697,5.554804503500001,,0.0,-0.017584626,0.0,0.4323036182,0.6131512115,0.4057109516,0.9934897551,0.4533312651,0.0302011185,0.005233172,0.0002688821,4.0,0.0155512443999999,0.0214151683,0.019097001,0.0073272956999999,0.1370246329,0.1033761864,5.0,0.0389551289,3.0302278e-09,0.0464480892,0.0220276616,0.4962391625,2.9285379537000003,1.6972827e-08,28.0,5.828125
1999-07-30,910726.125,1.4883466069,2.2151756224,-0.215223898,14.065412489000002,0.0920010233,-0.087596084,-0.085784316,-0.052264801,0.0251256254,-0.366242022,-0.126252314,1.461688766,0.1596836811999999,-0.159683681,8.0,-0.035762025,0.2928686811,-1.935164382,0.0085601279,4.7592433395,0.0440947073,0.1240473963,0.1267395942,0.0173439178,-0.331447987,-0.012366138,-4.533638502,0.0,3.3546833798,0.3830038573,0.0,0.0,0.0,0.0168696508,-0.014562643,0.471181388,-0.236931432,,0.0267167039999999,0.0,0.01679627,0.0791465061,0.1127228689,-2739.07237,0.1461441008,0.0073712946,0.0598895717,-0.090853976,0.0893240383,0.0244937169,-0.080413996,0.2953180163,0.2036459994,0.2202013705999999,0.3206045014999999,-4.027932961,5.0,2.6486032025,1.0,0.0561688278,0.1834542607,0.2680954748,0.0881318429,2.3121218911000003,5.7712527964,6.6717208584000005,0.0,0.0,0.216446743,0.0,0.3061734714,0.5765110695000001,0.2516829687,0.9934897551,0.4533312651,0.0302011185,0.005233172,0.0002688821,4.0,0.0155512443999999,0.0214151683,0.019097001,0.0073272956999999,0.1370246329,0.1033761864,6.0,0.0540477975,5.2590126e-09,0.1476923078,0.0464319823,0.7132683375,6.9936085301,1.1517079e-08,28.0,4.90625
1999-08-31,766670.25,1.5089664162,2.2769796453,-0.400747849,14.268205685,0.0924880808,0.022693437,-0.158176944,-0.10336538,0.0361111061,-0.4193548239999999,-0.1009975209999999,1.7401406167,0.1596836811999999,-0.159683681,8.0,-0.035762025,0.2928686811,-1.969360298,0.0085601279,4.7592433395,0.0440947073,0.1240473963,0.1267395942,0.0173439178,-0.331447987,-0.012366138,-4.533638502,0.0,3.3546833798,0.3830038573,0.0,0.0,0.0,0.0168696508,-0.014562643,0.471181388,-0.236931432,,0.0267167039999999,0.0,0.01679627,0.0791465061,0.1127228689,-2739.07237,0.1461441008,0.0073712946,0.0598895717,-0.090853976,0.0893240383,0.0244937169,-0.080413996,0.2953180163,0.2036459994,0.2202013705999999,0.3206045014999999,-4.027932961,5.0,2.6486032025,1.0,0.0561688278,0.1834542607,0.2680954748,0.0881318429,2.3121218911000003,5.7712527964,6.6717208584000005,0.0,0.0,0.216446743,0.0,0.3061734714,0.5765110695000001,0.2516829687,0.4425257172,0.3542680240999999,0.0193635824,0.0211296825999999,0.023620842,0.0,-0.079058554,0.0310999976,-0.093377843,0.0104364812,0.1362389774,0.1484292253,6.0,0.0570697067,5.3322647e-09,0.0745341629,0.0390894575,0.7264577762000001,8.260647461900001,9.4486373e-09,28.0,4.25
1999-09-30,664122.0,1.5109345263999998,2.282923143,-0.5187948920000001,14.340498595,0.0925802902999999,0.4023043151,-0.133757964,-0.122905028,0.1214285683999999,-0.548387086,-0.145539571,1.9557245004,0.1596836811999999,-0.159683681,8.0,-0.035762025,0.2928686811,-1.977531885,0.0085601279,4.7592433395,0.0440947073,0.1240473963,0.1267395942,0.0173439178,-0.331447987,-0.012366138,-4.533638502,0.0,3.3546833798,0.3830038573,0.0,0.0,0.0,0.0168696508,-0.014562643,0.471181388,-0.236931432,,0.0267167039999999,0.0,0.01679627,0.0791465061,0.1127228689,-2739.07237,0.1461441008,0.0073712946,0.0598895717,-0.090853976,0.0893240383,0.0244937169,-0.080413996,0.2953180163,0.2036459994,0.2202013705999999,0.3206045014999999,-4.027932961,5.0,2.6486032025,1.0,0.0561688278,0.1834542607,0.2680954748,0.0881318429,2.3121218911000003,5.7712527964,6.6717208584000005,0.0,0.0,0.216446743,0.0,0.3061734714,0.5765110695000001,0.2516829687,0.4425257172,0.3542680240999999,0.0193635824,0.0211296825999999,0.023620842,0.0,-0.079058554,0.0310999976,-0.093377843,0.0104364812,0.1362389774,0.1484292253,6.0,0.0481000023,5.1234599e-09,0.0445344113,0.0284773854999999,0.6292310023,5.6622539441,1.0274164000000001e-08,28.0,4.3046875
1999-10-29,672667.6875,1.5626011625999998,2.4417223934,-0.283296653,14.066623299000002,0.09286935,0.3049274298,0.0128676472,-0.289817233,-0.287958115,-0.472375682,-0.1398066,1.9383347464,0.1596836811999999,-0.159683681,8.0,-0.035762025,0.2928686811,-1.94804949,0.0085601279,4.7592433395,0.0440947073,0.1240473963,0.1267395942,0.0173439178,-0.331447987,-0.012366138,-4.533638502,0.0,3.3546833798,0.3830038573,0.0,0.0,0.0,0.0168696508,-0.014562643,0.471181388,-0.236931432,,0.0267167039999999,0.0,0.01679627,0.0791465061,0.1127228689,-2739.07237,0.1461441008,0.0073712946,0.0598895717,-0.090853976,0.0893240383,0.0244937169,-0.080413996,0.2953180163,0.2036459994,0.2202013705999999,0.3206045014999999,-4.027932961,5.0,2.6486032025,1.0,0.0561688278,0.1834542607,0.2680954748,0.0881318429,2.3121218911000003,5.7712527964,6.6717208584000005,0.0,0.0,0.216446743,0.0,0.3061734714,0.5765110695000001,0.2516829687,-0.47546398,0.3206998589,0.0054777084,0.0025574278,0.0830830904,1.0,0.0186437987,0.0305312577,0.0236518971,0.0126762405,0.1388187097,0.1458916316,6.0,0.0504691704,1.0046826e-08,0.0516605154,0.0371248487,0.6203903865,4.6405717366,1.6001666000000003e-08,28.0,3.78125
1999-11-30,553015.375,1.5787952027,2.4925942921,-0.323272538,13.682870268,0.092248158,0.2211319855,-0.121597096,-0.238950277,-0.245205478,-0.4187898,-0.071066292,1.7498746456,0.1596836811999999,-0.159683681,8.0,-0.035762025,0.2928686811,-1.900113557,0.0085601279,4.7592433395,0.0440947073,0.1240473963,0.1267395942,0.0173439178,-0.331447987,-0.012366138,-4.533638502,0.0,3.3546833798,0.3830038573,0.0,0.0,0.0,0.0168696508,-0.014562643,0.471181388,-0.236931432,,0.0267167039999999,0.0,0.01679627,0.0791465061,0.1127228689,-2739.07237,0.1461441008,0.0073712946,0.0598895717,-0.090853976,0.0893240383,0.0244937169,-0.080413996,0.2953180163,0.2036459994,0.2202013705999999,0.3206045014999999,-4.027932961,5.0,2.6486032025,1.0,0.0561688278,0.1834542607,0.2680954748,0.0881318429,2.3121218911000003,5.7712527964,6.6717208584000005,0.0,0.0,0.216446743,0.0,0.3061734714,0.5765110695000001,0.2516829687,-0.47546398,0.3206998589,0.0054777084,0.0025574278,0.0830830904,1.0,0.0186437987,0.0305312577,0.0236518971,0.0126762405,0.1388187097,0.1458916316,6.0,0.0471917480999999,6.6114854e-09,0.0504201688,0.0248423621,0.8402190755,6.6699745486,1.2399279e-08,28.0,4.625
1999-12-31,676415.5,1.6009979323,2.5631943792,-0.255279046,13.805619932,0.0900513926,0.1170147831,0.223140493,-0.406862748,-0.41826923,-0.257142844,-0.0151461,1.5690725597,0.1596836811999999,-0.159683681,8.0,-0.035762025,0.2928686811,-1.910847382,0.0085601279,4.7592433395,0.0440947073,0.1240473963,0.1267395942,0.0173439178,-0.331447987,-0.012366138,-4.533638502,0.0,3.3546833798,0.3830038573,0.0,0.0,0.0,0.0168696508,-0.014562643,0.471181388,-0.236931432,,0.0267167039999999,0.0,0.01679627,0.0791465061,0.1127228689,-2739.07237,0.1461441008,0.0073712946,0.0598895717,-0.090853976,0.0893240383,0.0244937169,-0.080413996,0.2953180163,0.2036459994,0.2202013705999999,0.3206045014999999,-4.027932961,5.0,2.6486032025,1.0,0.0561688278,0.1834542607,0.2680954748,0.0881318429,2.3121218911000003,5.7712527964,6.6717208584000005,0.0,0.0,0.216446743,0.0,0.3061734714,0.5765110695000001,0.2516829687,-0.47546398,0.3206998589,0.0054777084,0.0025574278,0.0830830904,1.0,0.0186437987,0.0305312577,0.0236518971,0.0126762405,0.1388187097,0.1458916316,6.0,0.0596580183,8.5990934e-09,0.1000000015,0.0431808023,0.6760754365999999,4.5404935089,1.3655316000000002e-08,28.0,4.03125
2000-01-31,589578.375,1.62965295,2.6557687375,-0.174745376,13.846995175,0.0899376418,0.2529395141,-0.128378376,-0.20643432,-0.31242741,-0.252604155,0.0179764312,1.8269926793,0.1596836811999999,-0.159683681,8.0,-0.035762025,0.2928686811,-1.765376651,0.0085601279,4.7592433395,0.0440947073,0.1240473963,0.1267395942,0.0173439178,-0.331447987,-0.012366138,-4.533638502,0.0,3.3546833798,0.3830038573,0.0,0.0,0.0,0.0168696508,-0.014562643,0.471181388,-0.236931432,,0.0267167039999999,0.0,0.01679627,0.0791465061,0.1127228689,-2739.07237,0.1461441008,0.0073712946,0.0598895717,-0.090853976,0.0893240383,0.0244937169,-0.080413996,0.2953180163,0.2036459994,0.2202013705999999,0.3206045014999999,-4.027932961,5.0,2.6486032025,1.0,0.0561688278,0.1834542607,0.2680954748,0.0881318429,2.3121218911000003,5.7712527964,6.6717208584000005,0.0,0.0,0.216446743,0.0,0.3061734714,0.5765110695000001,0.2516829687,1.832957541,0.3586740590999999,0.0043053812,-0.008925501,0.0408700053,2.0,0.0207032127,0.0297778075999999,0.0252525253,0.0115448494,0.1412169522,0.1559093029,6.0,0.0503638653,4.3888132e-09,0.0361010842,0.0253965525999999,0.6761142167,9.5085084871,9.1860784e-09,28.0,3.765625
2000-02-29,550730.1875,1.6047151465,2.5751107015,0.0127082246,14.05950883,0.0892367001,0.3425620345,-0.065891474,-0.178343951,-0.379807691,-0.199999985,-0.01222132,2.1541540173,0.1596836811999999,-0.159683681,8.0,-0.035762025,0.2928686811,-1.762983467,0.0085601279,4.7592433395,0.0440947073,0.1240473963,0.1267395942,0.0173439178,-0.331447987,-0.012366138,-4.533638502,0.0,3.3546833798,0.3830038573,0.0,0.0,0.0,0.0168696508,-0.014562643,0.471181388,-0.236931432,,0.0267167039999999,0.0,0.01679627,0.0791465061,0.1127228689,-2739.07237,0.1461441008,0.0073712946,0.0598895717,-0.090853976,0.0893240383,0.0244937169,-0.080413996,0.2953180163,0.2036459994,0.2202013705999999,0.3206045014999999,-4.027932961,5.0,2.6486032025,1.0,0.0561688278,0.1834542607,0.2680954748,0.0881318429,2.3121218911000003,5.7712527964,6.6717208584000005,0.0,0.0,0.216446743,0.0,0.3061734714,0.5765110695000001,0.2516829687,1.832957541,0.3586740590999999,0.0043053812,-0.008925501,0.0408700053,2.0,0.0207032127,0.0297778075999999,0.0252525253,0.0115448494,0.1412169522,0.1559093029,6.0,0.0489375475,4.6206406e-09,0.0839694664,0.0418616758,0.6821488937000001,9.3891950606,7.8915267e-09,28.0,7.390625
2000-03-31,1080893.6875,1.5706987111,2.4670944409,0.9791940531,14.23855323,0.0891570723,0.7518382091,0.9626556039,-0.11397059,-0.326815646,-0.3993288479999999,0.0124966928,2.6565579628,0.1596836811999999,-0.159683681,8.0,-0.035762025,0.2928686811,-1.776262068,0.0085601279,4.7592433395,0.0440947073,0.1240473963,0.1267395942,0.0173439178,-0.331447987,-0.012366138,-4.533638502,0.0,3.3546833798,0.3830038573,0.0,0.0,0.0,0.0168696508,-0.014562643,0.471181388,-0.236931432,,0.0267167039999999,0.0,0.01679627,0.0791465061,0.1127228689,-2739.07237,0.1461441008,0.0073712946,0.0598895717,-0.090853976,0.0893240383,0.0244937169,-0.080413996,0.2953180163,0.2036459994,0.2202013705999999,0.3206045014999999,-4.027932961,5.0,2.6486032025,1.0,0.0561688278,0.1834542607,0.2680954748,0.0881318429,2.3121218911000003,5.7712527964,6.6717208584000005,0.0,0.0,0.216446743,0.0,0.3061734714,0.5765110695000001,0.2516829687,1.832957541,0.3586740590999999,0.0043053812,-0.008925501,0.0408700053,2.0,0.0207032127,0.0297778075999999,0.0252525253,0.0115448494,0.1412169522,0.1559093029,6.0,0.0723170846999999,5.3685247e-09,0.1593830286999999,0.0532798783,0.7209353985,10.797917934,7.8409768e-09,28.0,5.828125
2000-04-28,826381.5,1.496414886,2.2392575109,0.634580834,14.919283777,0.0812060993,2.0365404976,-0.211416498,0.7168784015999999,0.2349869441,0.7098214134,0.1449589893,2.6324779094,0.1596836811999999,-0.159683681,8.0,-0.035762025,0.2928686811,-1.774354235,0.0085601279,4.7592433395,0.0440947073,0.1240473963,0.1267395942,0.0173439178,-0.331447987,-0.012366138,-4.533638502,0.0,3.3546833798,0.3830038573,0.0,0.0,0.0,0.0168696508,-0.014562643,0.471181388,-0.236931432,,0.0267167039999999,0.0,0.01679627,0.0791465061,0.1127228689,-2739.07237,0.1461441008,0.0073712946,0.0598895717,-0.090853976,0.0893240383,0.0244937169,-0.080413996,0.2953180163,0.2036459994,0.2202013705999999,0.3206045014999999,-4.027932961,5.0,2.6486032025,1.0,0.0561688278,0.1834542607,0.2680954748,0.0881318429,2.3121218911000003,5.7712527964,6.6717208584000005,0.0,0.0,0.216446743,0.0,0.3061734714,0.5765110695000001,0.2516829687,1.2318314336,0.3155865748,0.0035046575,-0.019225126,-0.070962925,3.0,0.0205962629,0.028909973,0.0255808731,0.012192442,0.1412491392,0.1552948938,6.0,0.0614591515,5.3135118e-09,0.0596590899,0.0433449309,0.5277139192,5.0656583819,9.0559962e-09,28.0,6.5625
2000-05-31,930825.0,1.5238625839,2.3221571745,1.0670288931,14.396477179,0.0800389856,1.1664188309,0.1260053664,0.5413222988,0.0303867292,0.7403846069,-0.022990662,2.0884094755,0.1596836811999999,-0.159683681,8.0,-0.035762025,0.2928686811,-1.779963798,0.0085601279,4.7592433395,0.0440947073,0.1240473963,0.1267395942,0.0173439178,-0.331447987,-0.012366138,-4.533638502,0.0,3.3546833798,0.3830038573,0.0,0.0,0.0,0.0168696508,-0.014562643,0.471181388,-0.236931432,,0.0267167039999999,0.0,0.01679627,0.0791465061,0.1127228689,-2739.07237,0.1461441008,0.0073712946,0.0598895717,-0.090853976,0.0893240383,0.0244937169,-0.080413996,0.2953180163,0.2036459994,0.2202013705999999,0.3206045014999999,-4.027932961,5.0,2.6486032025,1.0,0.0561688278,0.1834542607,0.2680954748,0.0881318429,2.3121218911000003,5.7712527964,6.6717208584000005,0.0,0.0,0.216446743,0.0,0.3061734714,0.5765110695000001,0.2516829687,1.2318314336,0.3155865748,0.0035046575,-0.019225126,-0.070962925,3.0,0.0205962629,0.028909973,0.0255808731,0.012192442,0.1412491392,0.1552948938,6.0,0.0584698061,8.8292235e-09,0.0712401047,0.0370787552999999,0.6785354979000001,3.7553522027,1.8776254e-08,28.0,6.203125
2000-06-30,879851.25,1.1543501038,1.3325241622,0.6157260198,13.947561324,0.0788416494,0.751280683,-0.054761905,0.4189189138,0.0294117537,0.8053097291,0.0482612911,1.4938880651,0.1596836811999999,-0.159683681,8.0,-0.035762025,0.2928686811,-1.78458675,0.0085601279,4.7592433395,0.0440947073,0.1240473963,0.1267395942,0.0173439178,-0.331447987,-0.012366138,-4.533638502,0.0,3.3546833798,0.3830038573,0.0,0.0,0.0,0.0168696508,-0.014562643,0.471181388,-0.236931432,,0.0267167039999999,0.0,0.01679627,0.0791465061,0.1127228689,-2739.07237,0.1461441008,0.0073712946,0.0598895717,-0.090853976,0.0893240383,0.0244937169,-0.080413996,0.2953180163,0.2036459994,0.2202013705999999,0.3206045014999999,-4.027932961,5.0,2.6486032025,1.0,0.0561688278,0.1834542607,0.2680954748,0.0881318429,2.3121218911000003,5.7712527964,6.6717208584000005,0.0,0.0,0.216446743,0.0,0.3061734714,0.5765110695000001,0.2516829687,1.2318314336,0.3155865748,0.0035046575,-0.019225126,-0.070962925,3.0,0.0205962629,0.028909973,0.0255808731,0.012192442,0.1412491392,0.1552948938,6.0,0.0486366547,6.4398241e-09,0.0714285746,0.0317797903,0.4829473913,3.2635838756,1.9057193e-08,28.0,5.71875
2000-07-31,802180.5,1.1544863662,1.3328387698,0.7269156298999999,13.730101828,0.0780215258,0.5509781937,-0.078085646,0.5387596801,0.0643431543,0.8743718439,-0.006154547,1.667580937,0.0533935446,-0.053393545,9.0,0.0777759569,0.4822785435,-1.84281357,0.6281914592,2.0449063665,0.0914444108,0.1374991964,0.1161673272,-0.081017744,-0.0826392329999999,-0.021153872,-0.129836656,0.0,3.0773661353,0.4351201011,0.0,0.0,0.0,-0.076335109,0.0566159755,0.4898599859,-0.3370112739999999,,0.0265263443,-0.023809524,-0.004545082,0.1317592674,-0.083139844,-3544.899508,0.2251732954,0.0084419944,-0.906172375,-0.082665698,0.1360723733,-0.036733256,-0.07551804,0.2568039139,-0.103476291,0.154174903,0.2997415629,-0.615169746,6.0,2.44858588,0.0,0.047466147,0.0766758184999999,0.2599878184,0.1612933616,3.3792867917,7.501137129400001,6.1044676366,0.0,0.0,0.1135550144,0.0,0.6190497603,0.5393982113,0.5827032693,-0.465775144,0.2926798794,0.0022661395,-0.0014136079999999,-0.054201594,4.0,0.0230808783,0.0288912649,0.0286457489999999,0.0102498933,0.1311862778,0.1562476319,5.0,0.0445809717,4.6520451e-09,0.0677083358,0.0352614343,0.7292264229000001,9.3728205336,7.5858788e-09,28.0,6.0625
2000-08-31,839923.0,1.0985049954,1.2067132248,0.8424425742,14.568235754000002,0.0783246831,0.8960879298000001,0.0601092912,0.518672186,0.1656050807,0.2313725455,-0.03886844,1.7801709204,0.0533935446,-0.053393545,9.0,0.0777759569,0.4822785435,-1.848558584,0.6281914592,2.0449063665,0.0914444108,0.1374991964,0.1161673272,-0.081017744,-0.0826392329999999,-0.021153872,-0.129836656,0.0,3.0773661353,0.4351201011,0.0,0.0,0.0,-0.076335109,0.0566159755,0.4898599859,-0.3370112739999999,,0.0265263443,-0.023809524,-0.004545082,0.1317592674,-0.083139844,-3544.899508,0.2251732954,0.0084419944,-0.906172375,-0.082665698,0.1360723733,-0.036733256,-0.07551804,0.2568039139,-0.103476291,0.154174903,0.2997415629,-0.615169746,6.0,2.44858588,0.0,0.047466147,0.0766758184999999,0.2599878184,0.1612933616,3.3792867917,7.501137129400001,6.1044676366,0.0,0.0,0.1135550144,0.0,0.6190497603,0.5393982113,0.5827032693,-0.465775144,0.2926798794,0.0022661395,-0.0014136079999999,-0.054201594,4.0,0.0230808783,0.0288912649,0.0286457489999999,0.0102498933,0.1311862778,0.1562476319,5.0,0.0528755591,5.1883616e-09,0.125,0.0421429452,0.6159613096000001,5.4717572983,1.3900116000000004e-08,28.0,6.53125
2000-09-29,904865.5,0.988926629,0.9779758775,-0.855249667,14.106627475,0.0782076756,0.7258820837000001,0.0773195848,-0.179704024,0.4264705754999999,-0.096345523,0.0867392871,1.9268309498,0.0533935446,-0.053393545,9.0,0.0777759569,0.4822785435,-1.883351072,0.6281914592,2.0449063665,0.0914444108,0.1374991964,0.1161673272,-0.081017744,-0.0826392329999999,-0.021153872,-0.129836656,0.0,3.0773661353,0.4351201011,0.0,0.0,0.0,-0.076335109,0.0566159755,0.4898599859,-0.3370112739999999,,0.0265263443,-0.023809524,-0.004545082,0.1317592674,-0.083139844,-3544.899508,0.2251732954,0.0084419944,-0.906172375,-0.082665698,0.1360723733,-0.036733256,-0.07551804,0.2568039139,-0.103476291,0.154174903,0.2997415629,-0.615169746,6.0,2.44858588,0.0,0.047466147,0.0766758184999999,0.2599878184,0.1612933616,3.3792867917,7.501137129400001,6.1044676366,0.0,0.0,0.1135550144,0.0,0.6190497603,0.5393982113,0.5827032693,-0.465775144,0.2926798794,0.0022661395,-0.0014136079999999,-0.054201594,4.0,0.0230808783,0.0288912649,0.0286457489999999,0.0102498933,0.1311862778,0.1562476319,5.0,0.0397588694,4.4694738e-09,0.0490196086,0.0219044316,0.7146902453,4.6162349106,1.3822551e-08,28.0,6.6875
2000-10-31,905327.0,1.0406993913,1.0830552231,-0.206448901,14.034824385,0.0747872616,1.0498750097,0.0239234454999999,0.1206434298,0.5172413616,0.0279850623,-0.042283613,1.6405777897999998,0.0533935446,-0.053393545,9.0,0.0777759569,0.4822785435,-1.879651794,0.6281914592,2.0449063665,0.0914444108,0.1374991964,0.1161673272,-0.081017744,-0.0826392329999999,-0.021153872,-0.129836656,0.0,3.0773661353,0.4351201011,0.0,0.0,0.0,-0.076335109,0.0566159755,0.4898599859,-0.3370112739999999,,0.0265263443,-0.023809524,-0.004545082,0.1317592674,-0.083139844,-3544.899508,0.2251732954,0.0084419944,-0.906172375,-0.082665698,0.1360723733,-0.036733256,-0.07551804,0.2568039139,-0.103476291,0.154174903,0.2997415629,-0.615169746,6.0,2.44858588,0.0,0.047466147,0.0766758184999999,0.2599878184,0.1612933616,3.3792867917,7.501137129400001,6.1044676366,0.0,0.0,0.1135550144,0.0,0.6190497603,0.5393982113,0.5827032693,0.2980776765,0.3050010779,0.0009235825999999,0.0056176291,0.1588353515,0.0,0.0223068764,0.0288927477,0.0282548067,0.0021074886,0.1149943083,0.1508920065,5.0,0.0516903472,3.8763725e-09,0.0945273638,0.0322646423,0.6440247308,5.0323483542,1.2478417e-08,28.0,6.0
2000-11-30,796968.0,0.9464424499,0.8957533109,-0.821251469,14.298584645,0.0747045648,1.2242328106,-0.1028037369999999,0.0190476137999999,0.7685950218000001,-0.047244105,0.0092709375,2.0128386585,0.0533935446,-0.053393545,9.0,0.0777759569,0.4822785435,-1.900905436,0.6281914592,2.0449063665,0.0914444108,0.1374991964,0.1161673272,-0.081017744,-0.0826392329999999,-0.021153872,-0.129836656,0.0,3.0773661353,0.4351201011,0.0,0.0,0.0,-0.076335109,0.0566159755,0.4898599859,-0.3370112739999999,,0.0265263443,-0.023809524,-0.004545082,0.1317592674,-0.083139844,-3544.899508,0.2251732954,0.0084419944,-0.906172375,-0.082665698,0.1360723733,-0.036733256,-0.07551804,0.2568039139,-0.103476291,0.154174903,0.2997415629,-0.615169746,6.0,2.44858588,0.0,0.047466147,0.0766758184999999,0.2599878184,0.1612933616,3.3792867917,7.501137129400001,6.1044676366,0.0,0.0,0.1135550144,0.0,0.6190497603,0.5393982113,0.5827032693,0.2980776765,0.3050010779,0.0009235825999999,0.0056176291,0.1588353515,0.0,0.0223068764,0.0288927477,0.0282548067,0.0021074886,0.1149943083,0.1508920065,5.0,0.0557657271,4.0740472e-09,0.1129943505,0.0479751529,0.5526204371,6.5553720223,7.291947e-09,28.0,5.6875
2000-12-29,755459.25,1.0018141856,1.0036316625,-0.4243396379999999,14.61038727,0.075925045,0.7070109007,-0.052083332,-0.032745595,0.297297288,0.1607842983,0.048182299,1.9640897555,0.0533935446,-0.053393545,9.0,0.0777759569,0.4822785435,-1.929604711,0.6281914592,2.0449063665,0.0914444108,0.1374991964,0.1161673272,-0.081017744,-0.0826392329999999,-0.021153872,-0.129836656,0.0,3.0773661353,0.4351201011,0.0,0.0,0.0,-0.076335109,0.0566159755,0.4898599859,-0.3370112739999999,,0.0265263443,-0.023809524,-0.004545082,0.1317592674,-0.083139844,-3544.899508,0.2251732954,0.0084419944,-0.906172375,-0.082665698,0.1360723733,-0.036733256,-0.07551804,0.2568039139,-0.103476291,0.154174903,0.2997415629,-0.615169746,6.0,2.44858588,0.0,0.047466147,0.0766758184999999,0.2599878184,0.1612933616,3.3792867917,7.501137129400001,6.1044676366,0.0,0.0,0.1135550144,0.0,0.6190497603,0.5393982113,0.5827032693,0.2980776765,0.3050010779,0.0009235825999999,0.0056176291,0.1588353515,0.0,0.0223068764,0.0288927477,0.0282548067,0.0021074886,0.1149943083,0.1508920065,5.0,0.0559707042,7.9651354e-09,0.095238097,0.0474819879999999,0.3798657659,2.2312386007,1.6107751999999998e-08,28.0,5.5
2001-01-31,731082.0,0.9361113002,0.8763043663,-0.456856002,13.79233379,0.0752998299,0.1984554973999999,-0.032967035,-0.005464479,0.4108527017,0.0117646948,-0.100332265,1.994091862,0.0533935446,-0.053393545,9.0,0.0777759569,0.4822785435,-1.933372751,0.6281914592,2.0449063665,0.0914444108,0.1374991964,0.1161673272,-0.081017744,-0.0826392329999999,-0.021153872,-0.129836656,0.0,3.0773661353,0.4351201011,0.0,0.0,0.0,-0.076335109,0.0566159755,0.4898599859,-0.3370112739999999,,0.0265263443,-0.023809524,-0.004545082,0.1317592674,-0.083139844,-3544.899508,0.2251732954,0.0084419944,-0.906172375,-0.082665698,0.1360723733,-0.036733256,-0.07551804,0.2568039139,-0.103476291,0.154174903,0.2997415629,-0.615169746,6.0,2.44858588,0.0,0.047466147,0.0766758184999999,0.2599878184,0.1612933616,3.3792867917,7.501137129400001,6.1044676366,0.0,0.0,0.1135550144,0.0,0.6190497603,0.5393982113,0.5827032693,-0.1224520019999999,0.3308179713,0.0019499131,0.0096185318,0.0573025066,1.0,0.0263348461,0.0289854446,0.0329902047,0.0031813289,0.1149583117,0.1497010087,5.0,0.0597575914,5.4229559e-09,0.0788732395,0.0425511729,0.5775917835000001,5.2468379472,1.1423411e-08,28.0,5.546875
2001-02-28,737312.8125,0.8072261890000001,0.6516141201,-0.695010042,14.151269683,0.07237447,0.0181872366,0.0085227275,-0.092783506,0.4605809007999999,0.1004566153,-0.052882844,1.5515231762,0.0533935446,-0.053393545,9.0,0.0777759569,0.4822785435,-1.955200106,0.6281914592,2.0449063665,0.0914444108,0.1374991964,0.1161673272,-0.081017744,-0.0826392329999999,-0.021153872,-0.129836656,0.0,3.0773661353,0.4351201011,0.0,0.0,0.0,-0.076335109,0.0566159755,0.4898599859,-0.3370112739999999,,0.0265263443,-0.023809524,-0.004545082,0.1317592674,-0.083139844,-3544.899508,0.2251732954,0.0084419944,-0.906172375,-0.082665698,0.1360723733,-0.036733256,-0.07551804,0.2568039139,-0.103476291,0.154174903,0.2997415629,-0.615169746,6.0,2.44858588,0.0,0.047466147,0.0766758184999999,0.2599878184,0.1612933616,3.3792867917,7.501137129400001,6.1044676366,0.0,0.0,0.1135550144,0.0,0.6190497603,0.5393982113,0.5827032693,-0.1224520019999999,0.3308179713,0.0019499131,0.0096185318,0.0573025066,1.0,0.0263348461,0.0289854446,0.0329902047,0.0031813289,0.1149583117,0.1497010087,5.0,0.0691002013999999,7.3282275e-09,0.1067415699,0.0482948765,0.4680357789,4.0034724885,1.4382514e-08,28.0,5.890625
2001-03-30,783005.4375,0.732751068,0.5369241277000001,0.0181929576,13.881314684,0.0736107244,-0.1496180369999999,0.0619718321,-0.1507177019999999,-0.249471466,0.8844621537999999,0.0724623505,1.6209539513999998,0.0533935446,-0.053393545,9.0,0.0777759569,0.4822785435,-1.984307454,0.6281914592,2.0449063665,0.0914444108,0.1374991964,0.1161673272,-0.081017744,-0.0826392329999999,-0.021153872,-0.129836656,0.0,3.0773661353,0.4351201011,0.0,0.0,0.0,-0.076335109,0.0566159755,0.4898599859,-0.3370112739999999,,0.0265263443,-0.023809524,-0.004545082,0.1317592674,-0.083139844,-3544.899508,0.2251732954,0.0084419944,-0.906172375,-0.082665698,0.1360723733,-0.036733256,-0.07551804,0.2568039139,-0.103476291,0.154174903,0.2997415629,-0.615169746,6.0,2.44858588,0.0,0.047466147,0.0766758184999999,0.2599878184,0.1612933616,3.3792867917,7.501137129400001,6.1044676366,0.0,0.0,0.1135550144,0.0,0.6190497603,0.5393982113,0.5827032693,-0.1224520019999999,0.3308179713,0.0019499131,0.0096185318,0.0573025066,1.0,0.0263348461,0.0289854446,0.0329902047,0.0031813289,0.1149583117,0.1497010087,5.0,0.0336244324,3.317261e-09,0.0494505502,0.0231426944,0.3503901434,2.7514000837,1.6101855e-08,28.0,5.484375
2001-04-30,718409.25,0.7211363765000001,0.5200376735,-0.327359622,13.928604506,0.0713660222,-0.121648819,-0.068965517,-0.119158876,0.0107238618,0.2951388735,-0.004181728,1.6021528285,0.0533935446,-0.053393545,9.0,0.0777759569,0.4822785435,-1.994701858,0.6281914592,2.0449063665,0.0914444108,0.1374991964,0.1161673272,-0.081017744,-0.0826392329999999,-0.021153872,-0.129836656,0.0,3.0773661353,0.4351201011,0.0,0.0,0.0,-0.076335109,0.0566159755,0.4898599859,-0.3370112739999999,,0.0265263443,-0.023809524,-0.004545082,0.1317592674,-0.083139844,-3544.899508,0.2251732954,0.0084419944,-0.906172375,-0.082665698,0.1360723733,-0.036733256,-0.07551804,0.2568039139,-0.103476291,0.154174903,0.2997415629,-0.615169746,6.0,2.44858588,0.0,0.047466147,0.0766758184999999,0.2599878184,0.1612933616,3.3792867917,7.501137129400001,6.1044676366,0.0,0.0,0.1135550144,0.0,0.6190497603,0.5393982113,0.5827032693,0.5017195321,0.2427023366,0.0007256003999999,0.0271167683999999,0.1303648785999999,0.0,0.024645762,0.0289912852,0.0320671164,0.0049495928,0.1093949656,0.148581302,5.0,0.0565715233,5.4265003e-09,0.0591900311,0.0314518795999999,0.668550661,7.3352331789,1.0593031000000001e-08,28.0,6.7775
2001-05-31,890726.18005,0.6896714993999999,0.4756467771,0.2152976479,14.127320129,0.0712935491,-0.110050254,0.2357835025,-0.085937499,-0.164285716,0.1864406639,-0.02909653,1.7577002678,0.0533935446,-0.053393545,9.0,0.0777759569,0.4822785435,-2.029490279,0.6281914592,2.0449063665,0.0914444108,0.1374991964,0.1161673272,-0.081017744,-0.0826392329999999,-0.021153872,-0.129836656,0.0,3.0773661353,0.4351201011,0.0,0.0,0.0,-0.076335109,0.0566159755,0.4898599859,-0.3370112739999999,,0.0265263443,-0.023809524,-0.004545082,0.1317592674,-0.083139844,-3544.899508,0.2251732954,0.0084419944,-0.906172375,-0.082665698,0.1360723733,-0.036733256,-0.07551804,0.2568039139,-0.103476291,0.154174903,0.2997415629,-0.615169746,6.0,2.44858588,0.0,0.047466147,0.0766758184999999,0.2599878184,0.1612933616,3.3792867917,7.501137129400001,6.1044676366,0.0,0.0,0.1135550144,0.0,0.6190497603,0.5393982113,0.5827032693,0.5017195321,0.2427023366,0.0007256003999999,0.0271167683999999,0.1303648785999999,0.0,0.024645762,0.0289912852,0.0320671164,0.0049495928,0.1093949656,0.148581302,5.0,0.048381796,6.1648087e-09,0.0703541412999999,0.0448405291,0.6283883062,4.8436264691,1.1288613e-08,28.0,7.4375
2001-06-29,977466.0,0.7361302786,0.5418877870000001,0.3908157365,14.358193807,0.0710510722,0.0306131591,0.0973810181,0.1916483769999999,0.0925944798,0.1151685255,-0.085238872,1.9470556944,0.0533935446,-0.053393545,9.0,0.0777759569,0.4822785435,-2.043193024,0.6281914592,2.0449063665,0.0914444108,0.1374991964,0.1161673272,-0.081017744,-0.0826392329999999,-0.021153872,-0.129836656,0.0,3.0773661353,0.4351201011,0.0,0.0,0.0,-0.076335109,0.0566159755,0.4898599859,-0.3370112739999999,,0.0265263443,-0.023809524,-0.004545082,0.1317592674,-0.083139844,-3544.899508,0.2251732954,0.0084419944,-0.906172375,-0.082665698,0.1360723733,-0.036733256,-0.07551804,0.2568039139,-0.103476291,0.154174903,0.2997415629,-0.615169746,6.0,2.44858588,0.0,0.047466147,0.0766758184999999,0.2599878184,0.1612933616,3.3792867917,7.501137129400001,6.1044676366,0.0,0.0,0.1135550144,0.0,0.6190497603,0.5393982113,0.5827032693,0.5017195321,0.2427023366,0.0007256003999999,0.0271167683999999,0.1303648785999999,0.0,0.024645762,0.0289912852,0.0320671164,0.0049495928,0.1093949656,0.148581302,5.0,0.0441279797,2.4555363e-09,0.0566038229,0.0242273877,0.4757585927,4.8229380207,9.5720942e-09,28.0,7.8125
2001-07-31,1037843.75,0.7397646174,0.5472516891,0.4587059164,14.523908354,0.070655862,-0.037397597,0.0504201688,0.3522727313,0.3005464525,-0.080402027,-0.143541121,1.9008617677,0.0241165364,0.0241165364,10.0,0.0676425346999999,0.3580268698,-2.054160888,0.7488422991,5.256253075,0.0386276779,0.0548052249,0.1164834151,-0.06876839,-0.056212814,0.0530121244,-1.248995847,0.0,2.9146916231,0.4266441821,0.0,0.0,0.0,-0.079460929,0.0501065544,0.546029798,0.7259786477,,0.0279070537999999,0.0975609756,0.07757984,0.1012868598,-0.0233193079999999,-4402.469252000001,0.2778713796,0.0098081733,-0.552149558,-0.052861605,-0.019479493,-0.00352141,-0.17329111,-0.356963726,0.0501203105999999,0.0578515132,-0.257094008,0.2290893208,5.0,2.0242677146,1.0,0.0386988053,0.0769992815,0.2415437281,0.1851738151,4.8858689148000005,5.572639720900001,6.4162330178,,0.0,0.0314923052,0.0,0.5025865772,0.5260434014,0.4708791731,0.7491564679,0.2239544247,0.0005941837,0.0348541664,-0.138937416,1.0,0.0276583135999999,0.0290775245,0.0367899881,0.0033429903,0.1062981223,0.148521646,5.0,0.0423639975,2.9732764e-09,0.040955659,0.0223848922,0.5360351358,4.8553236739,1.1686326999999998e-08,28.0,6.1025
2001-08-31,814830.2049100001,0.7557522301,0.5711614333,0.1852205682,14.421021166,0.0698752213,0.0279114616,-0.218879998,0.4084507089999999,0.2886597971,0.0777777605,-0.136319544,2.4484187612,0.0241165364,0.0241165364,10.0,0.0676425346999999,0.3580268698,-2.07840493,0.7488422991,5.256253075,0.0386276779,0.0548052249,0.1164834151,-0.06876839,-0.056212814,0.0530121244,-1.248995847,0.0,2.9146916231,0.4266441821,0.0,0.0,0.0,-0.079460929,0.0501065544,0.546029798,0.7259786477,,0.0279070537999999,0.0975609756,0.07757984,0.1012868598,-0.0233193079999999,-4402.469252000001,0.2778713796,0.0098081733,-0.552149558,-0.052861605,-0.019479493,-0.00352141,-0.17329111,-0.356963726,0.0501203105999999,0.0578515132,-0.257094008,0.2290893208,5.0,2.0242677146,1.0,0.0386988053,0.0769992815,0.2415437281,0.1851738151,4.8858689148000005,5.572639720900001,6.4162330178,,0.0,0.0314923052,0.0,0.5025865772,0.5260434014,0.4708791731,0.7491564679,0.2239544247,0.0005941837,0.0348541664,-0.138937416,1.0,0.0276583135999999,0.0290775245,0.0367899881,0.0033429903,0.1062981223,0.148521646,5.0,0.0491206900999999,3.6830104e-09,0.0627062917,0.0337998605,0.8582592109999999,21.326573088,5.8491459e-09,28.0,6.0475
2001-09-28,807486.40783,0.8141698234,0.6628725013,0.1247174566,14.875988834,0.0698117715,-0.105490902,-0.009012671,0.0359681752999999,-0.065645925,0.4928571182,-0.069598494,2.3956162415,0.0241165364,0.0241165364,10.0,0.0676425346999999,0.3580268698,-2.083223986,0.7488422991,5.256253075,0.0386276779,0.0548052249,0.1164834151,-0.06876839,-0.056212814,0.0530121244,-1.248995847,0.0,2.9146916231,0.4266441821,0.0,0.0,0.0,-0.079460929,0.0501065544,0.546029798,0.7259786477,,0.0279070537999999,0.0975609756,0.07757984,0.1012868598,-0.0233193079999999,-4402.469252000001,0.2778713796,0.0098081733,-0.552149558,-0.052861605,-0.019479493,-0.00352141,-0.17329111,-0.356963726,0.0501203105999999,0.0578515132,-0.257094008,0.2290893208,5.0,2.0242677146,1.0,0.0386988053,0.0769992815,0.2415437281,0.1851738151,4.8858689148000005,5.572639720900001,6.4162330178,,0.0,0.0314923052,0.0,0.5025865772,0.5260434014,0.4708791731,0.7491564679,0.2239544247,0.0005941837,0.0348541664,-0.138937416,1.0,0.0276583135999999,0.0290775245,0.0367899881,0.0033429903,0.1062981223,0.148521646,5.0,0.0311401147,2.6978325e-09,0.0358184353,0.0175130119999999,0.5248276538000001,3.6715338228,1.0066089000000001e-08,28.0,5.8425
2001-10-31,780464.5480300001,0.8189113439,0.6706157891,0.2452057376,14.238098388,0.0695885577,-0.128598243,-0.03389829,0.1026781,-0.0957009019999999,0.1204188358,-0.211571587,2.1147157157,0.0241165364,0.0241165364,10.0,0.0676425346999999,0.3580268698,-2.040905704,0.7488422991,5.256253075,0.0386276779,0.0548052249,0.1164834151,-0.06876839,-0.056212814,0.0530121244,-1.248995847,0.0,2.9146916231,0.4266441821,0.0,0.0,0.0,-0.079460929,0.0501065544,0.546029798,0.7259786477,,0.0279070537999999,0.0975609756,0.07757984,0.1012868598,-0.0233193079999999,-4402.469252000001,0.2778713796,0.0098081733,-0.552149558,-0.052861605,-0.019479493,-0.00352141,-0.17329111,-0.356963726,0.0501203105999999,0.0578515132,-0.257094008,0.2290893208,5.0,2.0242677146,1.0,0.0386988053,0.0769992815,0.2415437281,0.1851738151,4.8858689148000005,5.572639720900001,6.4162330178,,0.0,0.0314923052,0.0,0.5025865772,0.5260434014,0.4708791731,-0.075079407,0.1628857862,-0.001492529,-0.024640436,0.0231974795,0.0,0.0226595909,0.02937307,0.0290700562,5.15027e-05,0.1200296675,0.1526041513,5.0,0.0513913767,5.8119677e-09,0.0408257506999999,0.026965806,0.4636984584,2.8626657024,3.0642797e-08,28.0,6.3
2001-11-30,846694.82563,0.778589678,0.6062018867,-0.200037047,13.517888281,0.0682383869,-0.204681432,0.0783055127,-0.13795645,-0.026249951,0.0520547866,0.0231604668,1.9789775489,0.0241165364,0.0241165364,10.0,0.0676425346999999,0.3580268698,-2.015173557,0.7488422991,5.256253075,0.0386276779,0.0548052249,0.1164834151,-0.06876839,-0.056212814,0.0530121244,-1.248995847,0.0,2.9146916231,0.4266441821,0.0,0.0,0.0,-0.079460929,0.0501065544,0.546029798,0.7259786477,,0.0279070537999999,0.0975609756,0.07757984,0.1012868598,-0.0233193079999999,-4402.469252000001,0.2778713796,0.0098081733,-0.552149558,-0.052861605,-0.019479493,-0.00352141,-0.17329111,-0.356963726,0.0501203105999999,0.0578515132,-0.257094008,0.2290893208,5.0,2.0242677146,1.0,0.0386988053,0.0769992815,0.2415437281,0.1851738151,4.8858689148000005,5.572639720900001,6.4162330178,,0.0,0.0314923052,0.0,0.5025865772,0.5260434014,0.4708791731,-0.075079407,0.1628857862,-0.001492529,-0.024640436,0.0231974795,0.0,0.0226595909,0.02937307,0.0290700562,5.15027e-05,0.1200296675,0.1526041513,5.0,0.0463104478,3.5807645e-09,0.0530693121,0.024852152,0.8274397337999999,15.547306897,6.0722938e-09,28.0,7.25
2001-12-31,974371.0,0.7883301547,0.6214644328,-0.332902386,14.784934042,0.0686613511,-0.01339844,0.150793612,-0.152941142,0.1076923544,-0.125000006,0.0453939153,1.7553447935,0.0241165364,0.0241165364,10.0,0.0676425346999999,0.3580268698,-2.029982623,0.7488422991,5.256253075,0.0386276779,0.0548052249,0.1164834151,-0.06876839,-0.056212814,0.0530121244,-1.248995847,0.0,2.9146916231,0.4266441821,0.0,0.0,0.0,-0.079460929,0.0501065544,0.546029798,0.7259786477,,0.0279070537999999,0.0975609756,0.07757984,0.1012868598,-0.0233193079999999,-4402.469252000001,0.2778713796,0.0098081733,-0.552149558,-0.052861605,-0.019479493,-0.00352141,-0.17329111,-0.356963726,0.0501203105999999,0.0578515132,-0.257094008,0.2290893208,5.0,2.0242677146,1.0,0.0386988053,0.0769992815,0.2415437281,0.1851738151,4.8858689148000005,5.572639720900001,6.4162330178,,0.0,0.0314923052,0.0,0.5025865772,0.5260434014,0.4708791731,-0.075079407,0.1628857862,-0.001492529,-0.024640436,0.0231974795,0.0,0.0226595909,0.02937307,0.0290700562,5.15027e-05,0.1200296675,0.1526041513,5.0,0.0391738458,4.4124169e-09,0.0523809380999999,0.0229996450999999,0.5789193549,3.4955237399000003,1.69564e-08,28.0,7.1275
2002-01-31,961927.40772,0.7927211057,0.6284067514,-0.508134537,13.995453455,0.068060076,0.0767113978,-0.016896544,-0.071999994,0.3181818318,-0.182346115,0.1023057058,1.947500494,0.0241165364,0.0241165364,10.0,0.0676425346999999,0.3580268698,-2.054331513,0.7488422991,5.256253075,0.0386276779,0.0548052249,0.1164834151,-0.06876839,-0.056212814,0.0530121244,-1.248995847,0.0,2.9146916231,0.4266441821,0.0,0.0,0.0,-0.079460929,0.0501065544,0.546029798,0.7259786477,,0.0279070537999999,0.0975609756,0.07757984,0.1012868598,-0.0233193079999999,-4402.469252000001,0.2778713796,0.0098081733,-0.552149558,-0.052861605,-0.019479493,-0.00352141,-0.17329111,-0.356963726,0.0501203105999999,0.0578515132,-0.257094008,0.2290893208,5.0,2.0242677146,1.0,0.0386988053,0.0769992815,0.2415437281,0.1851738151,4.8858689148000005,5.572639720900001,6.4162330178,,0.0,0.0314923052,0.0,0.5025865772,0.5260434014,0.4708791731,5.813505899400001,0.1991056939,-0.000295143,0.0033900209999999,-0.136644091,1.0,0.0308938956,0.029764629,0.0387563437,0.0076360242,0.1089981996,0.1500332595,5.0,0.0313451495,3.3150635e-09,0.0361657552,0.0207730867,0.6609138949000001,6.4195167574,1.4351172e-08,28.0,6.355
2002-02-28,857670.8025699999,0.8188592962000001,0.670530547,-0.0587925309999999,14.194237884,0.0674577203,-0.027703652,-0.10838303,0.1679639627,0.2849577695,-0.146634622,0.0494736804,1.4439241257,0.0241165364,0.0241165364,10.0,0.0676425346999999,0.3580268698,-2.060568269,0.7488422991,5.256253075,0.0386276779,0.0548052249,0.1164834151,-0.06876839,-0.056212814,0.0530121244,-1.248995847,0.0,2.9146916231,0.4266441821,0.0,0.0,0.0,-0.079460929,0.0501065544,0.546029798,0.7259786477,,0.0279070537999999,0.0975609756,0.07757984,0.1012868598,-0.0233193079999999,-4402.469252000001,0.2778713796,0.0098081733,-0.552149558,-0.052861605,-0.019479493,-0.00352141,-0.17329111,-0.356963726,0.0501203105999999,0.0578515132,-0.257094008,0.2290893208,5.0,2.0242677146,1.0,0.0386988053,0.0769992815,0.2415437281,0.1851738151,4.8858689148000005,5.572639720900001,6.4162330178,,0.0,0.0314923052,0.0,0.5025865772,0.5260434014,0.4708791731,5.813505899400001,0.1991056939,-0.000295143,0.0033900209999999,-0.136644091,1.0,0.0308938956,0.029764629,0.0387563437,0.0076360242,0.1089981996,0.1500332595,5.0,0.0412213362,3.1928484e-09,0.0372670442,0.0230849543,0.5693892138000001,5.2006959855,1.3102371e-08,28.0,6.52
2002-03-28,879939.19743,0.7933426667,0.6293925869,0.051500092,14.125735737,0.0659409956,0.0275176697,0.0259638019,0.0508474322,0.078832902,0.0530726135,0.130375624,1.571387899,0.0241165364,0.0241165364,10.0,0.0676425346999999,0.3580268698,-2.073331579,0.7488422991,5.256253075,0.0386276779,0.0548052249,0.1164834151,-0.06876839,-0.056212814,0.0530121244,-1.248995847,0.0,2.9146916231,0.4266441821,0.0,0.0,0.0,-0.079460929,0.0501065544,0.546029798,0.7259786477,,0.0279070537999999,0.0975609756,0.07757984,0.1012868598,-0.0233193079999999,-4402.469252000001,0.2778713796,0.0098081733,-0.552149558,-0.052861605,-0.019479493,-0.00352141,-0.17329111,-0.356963726,0.0501203105999999,0.0578515132,-0.257094008,0.2290893208,5.0,2.0242677146,1.0,0.0386988053,0.0769992815,0.2415437281,0.1851738151,4.8858689148000005,5.572639720900001,6.4162330178,,0.0,0.0314923052,0.0,0.5025865772,0.5260434014,0.4708791731,5.813505899400001,0.1991056939,-0.000295143,0.0033900209999999,-0.136644091,1.0,0.0308938956,0.029764629,0.0387563437,0.0076360242,0.1089981996,0.1500332595,5.0,0.0261642544,1.5330131e-09,0.0289223269,0.012336972,0.4263450001,3.5639664858999995,1.4077645e-08,28.0,6.71
2002-04-30,911298.52518,0.7818465469,0.6112840229,0.0831817184,14.179651431,0.0654916873,0.0651740328,0.0291411132,0.1159605825,0.1888319132,-0.083550922,0.058233569,1.5440854515,0.0241165364,0.0241165364,10.0,0.0676425346999999,0.3580268698,-2.0749097,0.7488422991,5.256253075,0.0386276779,0.0548052249,0.1164834151,-0.06876839,-0.056212814,0.0530121244,-1.248995847,0.0,2.9146916231,0.4266441821,0.0,0.0,0.0,-0.079460929,0.0501065544,0.546029798,0.7259786477,,0.0279070537999999,0.0975609756,0.07757984,0.1012868598,-0.0233193079999999,-4402.469252000001,0.2778713796,0.0098081733,-0.552149558,-0.052861605,-0.019479493,-0.00352141,-0.17329111,-0.356963726,0.0501203105999999,0.0578515132,-0.257094008,0.2290893208,5.0,2.0242677146,1.0,0.0386988053,0.0769992815,0.2415437281,0.1851738151,4.8858689148000005,5.572639720900001,6.4162330178,,0.0,0.0314923052,0.0,0.5025865772,0.5260434014,0.4708791731,6.0818057878,0.2187062532,0.0008550626,-0.013050933,-0.0304845979999999,2.0,0.0298209053,0.0264528594,0.0370193231,0.0084821281,0.097566175,0.1531031566,5.0,0.0305680246,2.1727403e-09,0.0337553173,0.015163638,0.4873457164,3.0028674891,1.5267923e-08,28.0,7.12
2002-05-31,966981.42446,0.7730760745,0.5976466169,0.2006123581,14.078057088,0.0646304283,0.035853007,0.0611028075,0.0650793329,-0.009959434,0.1982320589,0.0837074952,1.5759824856,0.0241165364,0.0241165364,10.0,0.0676425346999999,0.3580268698,-2.085898568,0.7488422991,5.256253075,0.0386276779,0.0548052249,0.1164834151,-0.06876839,-0.056212814,0.0530121244,-1.248995847,0.0,2.9146916231,0.4266441821,0.0,0.0,0.0,-0.079460929,0.0501065544,0.546029798,0.7259786477,,0.0279070537999999,0.0975609756,0.07757984,0.1012868598,-0.0233193079999999,-4402.469252000001,0.2778713796,0.0098081733,-0.552149558,-0.052861605,-0.019479493,-0.00352141,-0.17329111,-0.356963726,0.0501203105999999,0.0578515132,-0.257094008,0.2290893208,5.0,2.0242677146,1.0,0.0386988053,0.0769992815,0.2415437281,0.1851738151,4.8858689148000005,5.572639720900001,6.4162330178,,0.0,0.0314923052,0.0,0.5025865772,0.5260434014,0.4708791731,6.0818057878,0.2187062532,0.0008550626,-0.013050933,-0.0304845979999999,2.0,0.0298209053,0.0264528594,0.0370193231,0.0084821281,0.097566175,0.1531031566,5.0,0.0264706593,1.9876409e-09,0.0435571969,0.0182370031,0.5269343646,4.0817387103,1.1867126000000002e-08,28.0,7.9
2002-06-28,1072914.813,0.7753397433,0.6011517175,0.1148652613,14.298199965,0.0638251473,-0.118360311,0.1095505953,-0.017931053,-0.042689087,0.1666666529,0.0936231444999999,1.7061033146,0.0241165364,0.0241165364,10.0,0.0676425346999999,0.3580268698,-2.091707799,0.7488422991,5.256253075,0.0386276779,0.0548052249,0.1164834151,-0.06876839,-0.056212814,0.0530121244,-1.248995847,0.0,2.9146916231,0.4266441821,0.0,0.0,0.0,-0.079460929,0.0501065544,0.546029798,0.7259786477,,0.0279070537999999,0.0975609756,0.07757984,0.1012868598,-0.0233193079999999,-4402.469252000001,0.2778713796,0.0098081733,-0.552149558,-0.052861605,-0.019479493,-0.00352141,-0.17329111,-0.356963726,0.0501203105999999,0.0578515132,-0.257094008,0.2290893208,5.0,2.0242677146,1.0,0.0386988053,0.0769992815,0.2415437281,0.1851738151,4.8858689148000005,5.572639720900001,6.4162330178,,0.0,0.0314923052,0.0,0.5025865772,0.5260434014,0.4708791731,6.0818057878,0.2187062532,0.0008550626,-0.013050933,-0.0304845979999999,2.0,0.0298209053,0.0264528594,0.0370193231,0.0084821281,0.097566175,0.1531031566,5.0,0.0459916143,3.777639e-09,0.0634193718,0.0306302552,0.5223404757,4.5347873829,1.0390741e-08,28.0,6.4475
2002-07-31,858213.86047,0.7908046837999999,0.6253720479,-0.007725103,14.535007331,0.0639086569,-0.168294356,-0.183860734,0.1083830269999999,0.0112000178,0.3404825622,0.052190033,1.8399130713,0.0246691014,-0.024669101,11.0,-0.111112104,0.3136723183,-2.601787552,0.8230852805,7.4010533064,0.0481990637,0.0606204320999999,0.0577796866,0.0153170233,-0.167772606,0.0571559155,8.7415881411,0.0,3.3004469227,0.4516712384,0.0,0.0,0.0,0.1527543773,0.0391089806,0.6121573813000001,1.096116739,,0.0279054096,-0.035555556,0.0917491572,0.0742020655999999,-0.036084215,-3620.97526,0.2610976701,0.0102042931,-0.691027684,0.1323485807,0.0586602545,-0.005483253,0.0338845149,-0.256502178,0.1641555913,0.0277249111,-0.196214018,-0.2324295589999999,4.0,2.0928590442,0.0,0.0295510867,0.0736270368,0.226095196,0.1850566177,4.852763358,4.4792096898,7.6042109824,,0.0,0.0507549696,0.0,0.4013618907,0.5074660165,0.657182732,1.5616528768,0.2132337372,-0.000315668,-0.009136886,-0.0004498159999999,0.0,0.0270830348,0.0259692357,0.0340225779,0.0042279698,0.0972896100999999,0.1524666032,6.0,0.0450207308,2.7698063e-09,0.0485299638999999,0.0238386125,0.4626946604999999,4.8055018215,1.1991048e-08,28.0,7.3125
2002-08-30,973557.0,0.8059574646,0.6495674347,0.1092922833,14.282308709,0.0632055494,-0.20154264,0.1341604888,0.01455551,0.0565342557,0.2438216489999999,0.0129734665,2.1126867764,0.0246691014,-0.024669101,11.0,-0.111112104,0.3136723183,-2.619127345,0.8230852805,7.4010533064,0.0481990637,0.0606204320999999,0.0577796866,0.0153170233,-0.167772606,0.0571559155,8.7415881411,0.0,3.3004469227,0.4516712384,0.0,0.0,0.0,0.1527543773,0.0391089806,0.6121573813000001,1.096116739,,0.0279054096,-0.035555556,0.0917491572,0.0742020655999999,-0.036084215,-3620.97526,0.2610976701,0.0102042931,-0.691027684,0.1323485807,0.0586602545,-0.005483253,0.0338845149,-0.256502178,0.1641555913,0.0277249111,-0.196214018,-0.2324295589999999,4.0,2.0928590442,0.0,0.0295510867,0.0736270368,0.226095196,0.1850566177,4.852763358,4.4792096898,7.6042109824,,0.0,0.0507549696,0.0,0.4013618907,0.5074660165,0.657182732,1.5616528768,0.2132337372,-0.000315668,-0.009136886,-0.0004498159999999,0.0,0.0270830348,0.0259692357,0.0340225779,0.0042279698,0.0972896100999999,0.1524666032,6.0,0.0518936253,2.9258705e-09,0.0988200009,0.0334154844,0.6657560734,8.6221736765,7.8655981e-09,28.0,7.2725
2002-09-30,968231.56508,0.7047002414,0.4966024302,0.0372827043,14.716045619,0.0638147927,-0.254027721,-0.00547008,0.1215490946,0.2091773256,0.4229412126,0.1064943023,2.070881341,0.0246691014,-0.024669101,11.0,-0.111112104,0.3136723183,-2.635443679,0.8230852805,7.4010533064,0.0481990637,0.0606204320999999,0.0577796866,0.0153170233,-0.167772606,0.0571559155,8.7415881411,0.0,3.3004469227,0.4516712384,0.0,0.0,0.0,0.1527543773,0.0391089806,0.6121573813000001,1.096116739,,0.0279054096,-0.035555556,0.0917491572,0.0742020655999999,-0.036084215,-3620.97526,0.2610976701,0.0102042931,-0.691027684,0.1323485807,0.0586602545,-0.005483253,0.0338845149,-0.256502178,0.1641555913,0.0277249111,-0.196214018,-0.2324295589999999,4.0,2.0928590442,0.0,0.0295510867,0.0736270368,0.226095196,0.1850566177,4.852763358,4.4792096898,7.6042109824,,0.0,0.0507549696,0.0,0.4013618907,0.5074660165,0.657182732,1.5616528768,0.2132337372,-0.000315668,-0.009136886,-0.0004498159999999,0.0,0.0270830348,0.0259692357,0.0340225779,0.0042279698,0.0972896100999999,0.1524666032,6.0,0.0459515608,3.0854062e-09,0.0549607053,0.0274459906,0.4173728742,3.0975167171,1.0836659e-08,28.0,7.737
2002-10-31,1031434.9425,0.6718387270999999,0.4513672753,0.0045742255,14.390334237,0.0635127848,-0.142297649,0.0638707355,0.083830115,0.2447582033999999,0.3572414344,0.0600553244,1.8445717387,0.0246691014,-0.024669101,11.0,-0.111112104,0.3136723183,-2.639111804,0.8230852805,7.4010533064,0.0481990637,0.0606204320999999,0.0577796866,0.0153170233,-0.167772606,0.0571559155,8.7415881411,0.0,3.3004469227,0.4516712384,0.0,0.0,0.0,0.1527543773,0.0391089806,0.6121573813000001,1.096116739,,0.0279054096,-0.035555556,0.0917491572,0.0742020655999999,-0.036084215,-3620.97526,0.2610976701,0.0102042931,-0.691027684,0.1323485807,0.0586602545,-0.005483253,0.0338845149,-0.256502178,0.1641555913,0.0277249111,-0.196214018,-0.2324295589999999,4.0,2.0928590442,0.0,0.0295510867,0.0736270368,0.226095196,0.1850566177,4.852763358,4.4792096898,7.6042109824,,0.0,0.0507549696,0.0,0.4013618907,0.5074660165,0.657182732,0.5707345939,0.2449666636,-0.001794859,-0.009925751,0.0401383145,0.0,0.0192572104,0.0259315952,0.0238126802,0.0056238431999999,0.1016162811999999,0.1560072274,6.0,0.0335366412,2.641335e-09,0.0303530227,0.0183378947,0.3935300338,2.7954402773,1.6146541e-08,28.0,8.625
2002-11-29,1186489.5,0.635051171,0.4032899897999999,0.0812177629,14.148857205,0.0629971447,-0.276043368,0.1147731692,0.086657328,0.228095201,0.6661157592,0.0679266192,1.7675457726,0.0246691014,-0.024669101,11.0,-0.111112104,0.3136723183,-2.657193051,0.8230852805,7.4010533064,0.0481990637,0.0606204320999999,0.0577796866,0.0153170233,-0.167772606,0.0571559155,8.7415881411,0.0,3.3004469227,0.4516712384,0.0,0.0,0.0,0.1527543773,0.0391089806,0.6121573813000001,1.096116739,,0.0279054096,-0.035555556,0.0917491572,0.0742020655999999,-0.036084215,-3620.97526,0.2610976701,0.0102042931,-0.691027684,0.1323485807,0.0586602545,-0.005483253,0.0338845149,-0.256502178,0.1641555913,0.0277249111,-0.196214018,-0.2324295589999999,4.0,2.0928590442,0.0,0.0295510867,0.0736270368,0.226095196,0.1850566177,4.852763358,4.4792096898,7.6042109824,,0.0,0.0507549696,0.0,0.4013618907,0.5074660165,0.657182732,0.5707345939,0.2449666636,-0.001794859,-0.009925751,0.0401383145,0.0,0.0192572104,0.0259315952,0.0238126802,0.0056238431999999,0.1016162811999999,0.1560072274,6.0,0.0380930473,1.8487239999999998e-09,0.0685099736,0.0225040120999999,0.4697106952,4.6724763746,8.3350058e-09,28.0,7.8275
2002-12-31,1076782.1916,0.6197335598,0.3840696852,-0.098832423,14.781905447,0.0637147222,-0.285689684,-0.092463784,0.091772145,0.1896551779,0.5675675717,0.0908768555,1.9040507507,0.0246691014,-0.024669101,11.0,-0.111112104,0.3136723183,-2.692046121,0.8230852805,7.4010533064,0.0481990637,0.0606204320999999,0.0577796866,0.0153170233,-0.167772606,0.0571559155,8.7415881411,0.0,3.3004469227,0.4516712384,0.0,0.0,0.0,0.1527543773,0.0391089806,0.6121573813000001,1.096116739,,0.0279054096,-0.035555556,0.0917491572,0.0742020655999999,-0.036084215,-3620.97526,0.2610976701,0.0102042931,-0.691027684,0.1323485807,0.0586602545,-0.005483253,0.0338845149,-0.256502178,0.1641555913,0.0277249111,-0.196214018,-0.2324295589999999,4.0,2.0928590442,0.0,0.0295510867,0.0736270368,0.226095196,0.1850566177,4.852763358,4.4792096898,7.6042109824,,0.0,0.0507549696,0.0,0.4013618907,0.5074660165,0.657182732,0.5707345939,0.2449666636,-0.001794859,-0.009925751,0.0401383145,0.0,0.0192572104,0.0259315952,0.0238126802,0.0056238431999999,0.1016162811999999,0.1560072274,6.0,0.0389183436,1.3889794e-09,0.0238636397,0.0305521773,0.5566926976,6.2573800445000005,1.0579657e-08,28.0,8.2125
2003-01-31,1106420.7986,0.5794027447,0.3357075406,0.3691544982,14.615892645,0.0635099447,-0.259429818,0.0491855331,0.2140363816,0.0982111314,0.7680620298999999,0.2017281387,2.0294528072,0.0246691014,-0.024669101,11.0,-0.111112104,0.3136723183,-2.720186102,0.8230852805,7.4010533064,0.0481990637,0.0606204320999999,0.0577796866,0.0153170233,-0.167772606,0.0571559155,8.7415881411,0.0,3.3004469227,0.4516712384,0.0,0.0,0.0,0.1527543773,0.0391089806,0.6121573813000001,1.096116739,,0.0279054096,-0.035555556,0.0917491572,0.0742020655999999,-0.036084215,-3620.97526,0.2610976701,0.0102042931,-0.691027684,0.1323485807,0.0586602545,-0.005483253,0.0338845149,-0.256502178,0.1641555913,0.0277249111,-0.196214018,-0.2324295589999999,4.0,2.0928590442,0.0,0.0295510867,0.0736270368,0.226095196,0.1850566177,4.852763358,4.4792096898,7.6042109824,,0.0,0.0507549696,0.0,0.4013618907,0.5074660165,0.657182732,1.309211472,0.2400618827,0.0031289038,-0.0037950209999999,0.196459448,1.0,0.0327900365,0.0262310852,0.0412522035999999,0.0042984625,0.0982052702,0.1572348418,6.0,0.0294630309,1.5109377e-09,0.0401884057,0.0160736821999999,0.5308066026,4.014644667,1.2387391000000001e-08,28.0,8.655
2003-02-28,1166036.184,0.598002797,0.3576073452,0.0329209296,14.456124655999998,0.053039789,-0.276545978,0.053881295,0.1230768668,0.2922894803999999,0.6876348596999999,0.3584834648,1.7407044526,0.0246691014,-0.024669101,11.0,-0.111112104,0.3136723183,-2.748378451,0.8230852805,7.4010533064,0.0481990637,0.0606204320999999,0.0577796866,0.0153170233,-0.167772606,0.0571559155,8.7415881411,0.0,3.3004469227,0.4516712384,0.0,0.0,0.0,0.1527543773,0.0391089806,0.6121573813000001,1.096116739,,0.0279054096,-0.035555556,0.0917491572,0.0742020655999999,-0.036084215,-3620.97526,0.2610976701,0.0102042931,-0.691027684,0.1323485807,0.0586602545,-0.005483253,0.0338845149,-0.256502178,0.1641555913,0.0277249111,-0.196214018,-0.2324295589999999,4.0,2.0928590442,0.0,0.0295510867,0.0736270368,0.226095196,0.1850566177,4.852763358,4.4792096898,7.6042109824,,0.0,0.0507549696,0.0,0.4013618907,0.5074660165,0.657182732,1.309211472,0.2400618827,0.0031289038,-0.0037950209999999,0.196459448,1.0,0.0327900365,0.0262310852,0.0412522035999999,0.0042984625,0.0982052702,0.1572348418,6.0,0.0357523333,2.5702799e-09,0.0390155837,0.0222956733,0.4633801717,3.0063502209,1.4926111e-08,28.0,9.115
2003-03-31,1228009.2292,0.5534192567,0.3062728737,0.1379374928999999,14.302568415,0.0528374094,-0.23775391,0.0531484745,0.1900996434,0.3274539596,-0.117801272,0.1597793518,1.5594551093,0.0246691014,-0.024669101,11.0,-0.111112104,0.3136723183,-2.774613908,0.8230852805,7.4010533064,0.0481990637,0.0606204320999999,0.0577796866,0.0153170233,-0.167772606,0.0571559155,8.7415881411,0.0,3.3004469227,0.4516712384,0.0,0.0,0.0,0.1527543773,0.0391089806,0.6121573813000001,1.096116739,,0.0279054096,-0.035555556,0.0917491572,0.0742020655999999,-0.036084215,-3620.97526,0.2610976701,0.0102042931,-0.691027684,0.1323485807,0.0586602545,-0.005483253,0.0338845149,-0.256502178,0.1641555913,0.0277249111,-0.196214018,-0.2324295589999999,4.0,2.0928590442,0.0,0.0295510867,0.0736270368,0.226095196,0.1850566177,4.852763358,4.4792096898,7.6042109824,,0.0,0.0507549696,0.0,0.4013618907,0.5074660165,0.657182732,1.309211472,0.2400618827,0.0031289038,-0.0037950209999999,0.196459448,1.0,0.0327900365,0.0262310852,0.0412522035999999,0.0042984625,0.0982052702,0.1572348418,6.0,0.0299902997,1.2559981e-09,0.0272147562,0.0158721361,0.2821470910999999,2.1907673062,1.4330678e-08,28.0,8.7425
2003-04-30,1187721.1215,0.5543666286,0.3073223589,-0.02309517,14.495137871,0.0513729628,-0.282742188,-0.040866647,0.1781051796999999,0.3584202347,0.1513136887,0.1745530603,1.4932477525,0.0246691014,-0.024669101,11.0,-0.111112104,0.3136723183,-2.813730444,0.8230852805,7.4010533064,0.0481990637,0.0606204320999999,0.0577796866,0.0153170233,-0.167772606,0.0571559155,8.7415881411,0.0,3.3004469227,0.4516712384,0.0,0.0,0.0,0.1527543773,0.0391089806,0.6121573813000001,1.096116739,,0.0279054096,-0.035555556,0.0917491572,0.0742020655999999,-0.036084215,-3620.97526,0.2610976701,0.0102042931,-0.691027684,0.1323485807,0.0586602545,-0.005483253,0.0338845149,-0.256502178,0.1641555913,0.0277249111,-0.196214018,-0.2324295589999999,4.0,2.0928590442,0.0,0.0295510867,0.0736270368,0.226095196,0.1850566177,4.852763358,4.4792096898,7.6042109824,,0.0,0.0507549696,0.0,0.4013618907,0.5074660165,0.657182732,0.4088336961,0.3104227217,0.0018848998999999,-0.000516316,0.0303738795,0.0,0.0332393375999999,0.0265064288,0.0408877854,0.0067982959,0.1129737163,0.1717006852,6.0,0.0209779326,1.2507829e-09,0.017762959,0.0126070988999999,0.3525919213,2.7441015076,1.382166e-08,28.0,9.75
2003-05-30,1324596.0,0.592483916,0.3510371907,-0.080941655,14.394483178,0.0513548222,-0.230346441,0.1152415946,0.0136232218,0.2278792832,0.0849523668999999,0.0490187546,1.9294532112,0.0246691014,-0.024669101,11.0,-0.111112104,0.3136723183,-2.816110375,0.8230852805,7.4010533064,0.0481990637,0.0606204320999999,0.0577796866,0.0153170233,-0.167772606,0.0571559155,8.7415881411,0.0,3.3004469227,0.4516712384,0.0,0.0,0.0,0.1527543773,0.0391089806,0.6121573813000001,1.096116739,,0.0279054096,-0.035555556,0.0917491572,0.0742020655999999,-0.036084215,-3620.97526,0.2610976701,0.0102042931,-0.691027684,0.1323485807,0.0586602545,-0.005483253,0.0338845149,-0.256502178,0.1641555913,0.0277249111,-0.196214018,-0.2324295589999999,4.0,2.0928590442,0.0,0.0295510867,0.0736270368,0.226095196,0.1850566177,4.852763358,4.4792096898,7.6042109824,,0.0,0.0507549696,0.0,0.4013618907,0.5074660165,0.657182732,0.4088336961,0.3104227217,0.0018848998999999,-0.000516316,0.0303738795,0.0,0.0332393375999999,0.0265064288,0.0408877854,0.0067982959,0.1129737163,0.1717006852,6.0,0.0392889498,9.369604e-10,0.0419449545,0.0192638641999999,0.512975637,7.7413527008,7.6434687e-09,28.0,8.945
2003-06-30,1217355.4592,0.5803915208,0.3368543174,0.1474717053999999,15.09932525,0.0515205001,-0.098746769,-0.086153865,0.2456084486,0.2341772025,0.2735516598,0.0307659478,2.162139966,0.0246691014,-0.024669101,11.0,-0.111112104,0.3136723183,-2.815499424,0.8230852805,7.4010533064,0.0481990637,0.0606204320999999,0.0577796866,0.0153170233,-0.167772606,0.0571559155,8.7415881411,0.0,3.3004469227,0.4516712384,0.0,0.0,0.0,0.1527543773,0.0391089806,0.6121573813000001,1.096116739,,0.0279054096,-0.035555556,0.0917491572,0.0742020655999999,-0.036084215,-3620.97526,0.2610976701,0.0102042931,-0.691027684,0.1323485807,0.0586602545,-0.005483253,0.0338845149,-0.256502178,0.1641555913,0.0277249111,-0.196214018,-0.2324295589999999,4.0,2.0928590442,0.0,0.0295510867,0.0736270368,0.226095196,0.1850566177,4.852763358,4.4792096898,7.6042109824,,0.0,0.0507549696,0.0,0.4013618907,0.5074660165,0.657182732,0.4088336961,0.3104227217,0.0018848998999999,-0.000516316,0.0303738795,0.0,0.0332393375999999,0.0265064288,0.0408877854,0.0067982959,0.1129737163,0.1717006852,6.0,0.0297005359,1.0460315e-09,0.0446845405,0.0206776753,0.5507574057,7.7800179639,9.1626679e-09,28.0,8.385
2003-07-31,1136353.0824,0.5731823753,0.3285380353,-0.2591374389999999,14.832185438,0.051358057,0.2031532267,-0.0648147459999999,0.0849315309999999,0.3819308955,0.1274317536,0.1326694877999999,2.3986625213,0.1465358419,-0.146535842,12.0,-0.116709148,0.3081766001,-3.146457494,0.8909939070999999,4.6862162089,0.0933216325,0.2017797739,-0.079064781,-0.001748666,-0.0279958479999999,-0.0281300999999999,-12.49728688,0.0,3.8203464634,0.4069153775999999,0.0,0.0,0.0,0.1300599874,0.0410232689,0.5704771017,-0.027899485,,0.0288378998,0.0050691244,-0.0120635639999999,0.0683998317999999,0.060271516,-2733.098206,0.2520404841,0.0095723223,-0.717747592,0.1575239817,-0.099089464,-0.033409735,0.3513486244,0.1977410472,0.1689832041,0.0678356738,0.2269942707999999,-1.274846328,5.0,2.8281821906,0.0,0.0265079965,0.0710713161,0.2379172484,0.2332805118,2.8036360919,5.4959646272,9.0321521592,,0.0,0.0688689679,0.0,0.3729774254,0.593754745,0.4539673859,0.2410808109,0.3532708350999999,0.0027954446999999,-0.0030444609999999,-0.005773523,1.0,0.0310529825999999,0.0048778839,0.0399032837,0.0097277632,0.1175246665,0.1219791556,6.0,0.02958555,1.2161433e-09,0.027777778,0.0164176937,0.5163903963,11.997508191,9.4563156e-09,28.0,10.1175
2003-08-29,1379784.2216,0.6437782045,0.4144503765999999,-0.014612173,14.734537315,0.0498051211,0.4881942689,0.2142213881,-0.037261622,0.1394872311,0.206185588,0.0608469734,2.5092848485,0.1465358419,-0.146535842,12.0,-0.116709148,0.3081766001,-3.149983505,0.8909939070999999,4.6862162089,0.0933216325,0.2017797739,-0.079064781,-0.001748666,-0.0279958479999999,-0.0281300999999999,-12.49728688,0.0,3.8203464634,0.4069153775999999,0.0,0.0,0.0,0.1300599874,0.0410232689,0.5704771017,-0.027899485,,0.0288378998,0.0050691244,-0.0120635639999999,0.0683998317999999,0.060271516,-2733.098206,0.2520404841,0.0095723223,-0.717747592,0.1575239817,-0.099089464,-0.033409735,0.3513486244,0.1977410472,0.1689832041,0.0678356738,0.2269942707999999,-1.274846328,5.0,2.8281821906,0.0,0.0265079965,0.0710713161,0.2379172484,0.2332805118,2.8036360919,5.4959646272,9.0321521592,,0.0,0.0688689679,0.0,0.3729774254,0.593754745,0.4539673859,0.2410808109,0.3532708350999999,0.0027954446999999,-0.0030444609999999,-0.005773523,1.0,0.0310529825999999,0.0048778839,0.0399032837,0.0097277632,0.1175246665,0.1219791556,6.0,0.0362368573,1.1936536e-09,0.1723336278999999,0.0408456981999999,0.6848527973999999,18.044240723,6.3960091e-09,28.0,10.4025
2003-09-30,1426906.1923,0.6552489468,0.4293511822999999,-0.114843696,15.271793097,0.0510529109,0.5524529417,0.0256979764,0.1099835952999999,0.3911997417,0.1134928511,0.0697452363,2.3327082131,0.1465358419,-0.146535842,12.0,-0.116709148,0.3081766001,-3.1859487160000004,0.8909939070999999,4.6862162089,0.0933216325,0.2017797739,-0.079064781,-0.001748666,-0.0279958479999999,-0.0281300999999999,-12.49728688,0.0,3.8203464634,0.4069153775999999,0.0,0.0,0.0,0.1300599874,0.0410232689,0.5704771017,-0.027899485,,0.0288378998,0.0050691244,-0.0120635639999999,0.0683998317999999,0.060271516,-2733.098206,0.2520404841,0.0095723223,-0.717747592,0.1575239817,-0.099089464,-0.033409735,0.3513486244,0.1977410472,0.1689832041,0.0678356738,0.2269942707999999,-1.274846328,5.0,2.8281821906,0.0,0.0265079965,0.0710713161,0.2379172484,0.2332805118,2.8036360919,5.4959646272,9.0321521592,,0.0,0.0688689679,0.0,0.3729774254,0.593754745,0.4539673859,0.2410808109,0.3532708350999999,0.0027954446999999,-0.0030444609999999,-0.005773523,1.0,0.0310529825999999,0.0048778839,0.0399032837,0.0097277632,0.1175246665,0.1219791556,6.0,0.0232888823,8.890667e-10,0.0523373373,0.0193988799,0.5841051545,4.364195480199999,1.1651204e-08,28.0,10.6225
2003-10-31,1474782.9736,0.6739895562,0.4542619219,0.0867971776999999,14.750089154,0.0473235599,0.8432706418000001,0.0250542276,0.1870173462,0.3412820864999999,0.1569345966,-0.150282486,2.1474298283,0.1465358419,-0.146535842,12.0,-0.116709148,0.3081766001,-3.195854397,0.8909939070999999,4.6862162089,0.0933216325,0.2017797739,-0.079064781,-0.001748666,-0.0279958479999999,-0.0281300999999999,-12.49728688,0.0,3.8203464634,0.4069153775999999,0.0,0.0,0.0,0.1300599874,0.0410232689,0.5704771017,-0.027899485,,0.0288378998,0.0050691244,-0.0120635639999999,0.0683998317999999,0.060271516,-2733.098206,0.2520404841,0.0095723223,-0.717747592,0.1575239817,-0.099089464,-0.033409735,0.3513486244,0.1977410472,0.1689832041,0.0678356738,0.2269942707999999,-1.274846328,5.0,2.8281821906,0.0,0.0265079965,0.0710713161,0.2379172484,0.2332805118,2.8036360919,5.4959646272,9.0321521592,,0.0,0.0688689679,0.0,0.3729774254,0.593754745,0.4539673859,2.4658634084,0.4015192782,0.0060045931999999,-0.006396265,0.0578162484,0.0,0.0289498189999999,0.0045577562,0.035375235,0.0106893784,0.1117429648,0.114904688,6.0,0.0196209879,9.942248e-10,0.024038462,0.0122426065999999,0.3917149664,3.0518403405,1.2527169e-08,28.0,11.825
2003-11-28,1648641.4734,0.6176553851,0.3814981748,0.0823857111,14.705058942,0.0469456413,0.860649925,0.1116333752999999,0.0910256171,0.2333333014,0.4375000208,0.0266682774,1.7764070196,0.1465358419,-0.146535842,12.0,-0.116709148,0.3081766001,-3.2076272180000003,0.8909939070999999,4.6862162089,0.0933216325,0.2017797739,-0.079064781,-0.001748666,-0.0279958479999999,-0.0281300999999999,-12.49728688,0.0,3.8203464634,0.4069153775999999,0.0,0.0,0.0,0.1300599874,0.0410232689,0.5704771017,-0.027899485,,0.0288378998,0.0050691244,-0.0120635639999999,0.0683998317999999,0.060271516,-2733.098206,0.2520404841,0.0095723223,-0.717747592,0.1575239817,-0.099089464,-0.033409735,0.3513486244,0.1977410472,0.1689832041,0.0678356738,0.2269942707999999,-1.274846328,5.0,2.8281821906,0.0,0.0265079965,0.0710713161,0.2379172484,0.2332805118,2.8036360919,5.4959646272,9.0321521592,,0.0,0.0688689679,0.0,0.3729774254,0.593754745,0.4539673859,2.4658634084,0.4015192782,0.0060045931999999,-0.006396265,0.0578162484,0.0,0.0289498189999999,0.0045577562,0.035375235,0.0106893784,0.1117429648,0.114904688,6.0,0.0238384078,1.0514567e-09,0.0547537059,0.0162137969,0.6733066204000001,6.669238399299999,9.8109748e-09,28.0,11.8375
2003-12-31,1650384.1968,0.6071422126,0.3686216663,0.1902689252,14.972057845999998,0.04632266,0.6945482411,0.0010570664,0.3271604952,0.5106994481,0.3762637304,0.177293985,1.6064477061000002,0.1465358419,-0.146535842,12.0,-0.116709148,0.3081766001,-3.097969318,0.8909939070999999,4.6862162089,0.0933216325,0.2017797739,-0.079064781,-0.001748666,-0.0279958479999999,-0.0281300999999999,-12.49728688,0.0,3.8203464634,0.4069153775999999,0.0,0.0,0.0,0.1300599874,0.0410232689,0.5704771017,-0.027899485,,0.0288378998,0.0050691244,-0.0120635639999999,0.0683998317999999,0.060271516,-2733.098206,0.2520404841,0.0095723223,-0.717747592,0.1575239817,-0.099089464,-0.033409735,0.3513486244,0.1977410472,0.1689832041,0.0678356738,0.2269942707999999,-1.274846328,5.0,2.8281821906,0.0,0.0265079965,0.0710713161,0.2379172484,0.2332805118,2.8036360919,5.4959646272,9.0321521592,,0.0,0.0688689679,0.0,0.3729774254,0.593754745,0.4539673859,2.4658634084,0.4015192782,0.0060045931999999,-0.006396265,0.0578162484,0.0,0.0289498189999999,0.0045577562,0.035375235,0.0106893784,0.1117429648,0.114904688,6.0,0.0190689184,9.031509999999999e-10,0.0172745008,0.0113203301,0.4419667278999999,3.6515464126,1.8787745e-08,28.0,11.57
2004-01-30,1604944.0777,0.65096368,0.4237537126,0.3739267714,14.519942443,0.0440953721999999,0.8960904551000001,-0.022597671,0.4206419389,0.4414003147999999,0.4931817709,0.1107383383,1.5006771749,0.1465358419,-0.146535842,12.0,-0.116709148,0.3081766001,-3.1933637010000004,0.8909939070999999,4.6862162089,0.0933216325,0.2017797739,-0.079064781,-0.001748666,-0.0279958479999999,-0.0281300999999999,-12.49728688,0.0,3.8203464634,0.4069153775999999,0.0,0.0,0.0,0.1300599874,0.0410232689,0.5704771017,-0.027899485,,0.0288378998,0.0050691244,-0.0120635639999999,0.0683998317999999,0.060271516,-2733.098206,0.2520404841,0.0095723223,-0.717747592,0.1575239817,-0.099089464,-0.033409735,0.3513486244,0.1977410472,0.1689832041,0.0678356738,0.2269942707999999,-1.274846328,5.0,2.8281821906,0.0,0.0265079965,0.0710713161,0.2379172484,0.2332805118,2.8036360919,5.4959646272,9.0321521592,,0.0,0.0688689679,0.0,0.3729774254,0.593754745,0.4539673859,2.9128070585000003,0.4080741262,0.0046065893,0.0195947034,0.1554884246,1.0,0.0381993875,0.0051777684,0.0472334874,0.0142174128,0.1096614321,0.1161479299,6.0,0.0211937603,1.3574157e-09,0.0404127501,0.0166265786,0.384143877,1.9473344501,1.4964481000000002e-08,28.0,12.2575
2004-02-27,1699752.9241,0.6775827501999999,0.4591183834,0.0413016437999999,14.577779887,0.0437806162,0.9582592387,0.0583405532,0.1435630718,0.3367995352,0.5603380028,0.059545441,1.2391820112,0.1465358419,-0.146535842,12.0,-0.116709148,0.3081766001,-3.20917773,0.8909939070999999,4.6862162089,0.0933216325,0.2017797739,-0.079064781,-0.001748666,-0.0279958479999999,-0.0281300999999999,-12.49728688,0.0,3.8203464634,0.4069153775999999,0.0,0.0,0.0,0.1300599874,0.0410232689,0.5704771017,-0.027899485,,0.0288378998,0.0050691244,-0.0120635639999999,0.0683998317999999,0.060271516,-2733.098206,0.2520404841,0.0095723223,-0.717747592,0.1575239817,-0.099089464,-0.033409735,0.3513486244,0.1977410472,0.1689832041,0.0678356738,0.2269942707999999,-1.274846328,5.0,2.8281821906,0.0,0.0265079965,0.0710713161,0.2379172484,0.2332805118,2.8036360919,5.4959646272,9.0321521592,,0.0,0.0688689679,0.0,0.3729774254,0.593754745,0.4539673859,2.9128070585000003,0.4080741262,0.0046065893,0.0195947034,0.1554884246,1.0,0.0381993875,0.0051777684,0.0472334874,0.0142174128,0.1096614321,0.1161479299,6.0,0.0188335601,9.28609e-10,0.0460251197,0.0146513178,0.454508523,3.1410477180000003,1.8973548e-08,28.0,12.7675
2004-03-31,1772282.1994,0.6677452984000001,0.4458837835,0.0917980666,14.487646695,0.0432841581,1.2641061674,0.0426704809,0.1799566752,0.3433900288,0.5473739865999999,0.0684011113999999,1.2236294207,0.1465358419,-0.146535842,12.0,-0.116709148,0.3081766001,-3.21709248,0.8909939070999999,4.6862162089,0.0933216325,0.2017797739,-0.079064781,-0.001748666,-0.0279958479999999,-0.0281300999999999,-12.49728688,0.0,3.8203464634,0.4069153775999999,0.0,0.0,0.0,0.1300599874,0.0410232689,0.5704771017,-0.027899485,,0.0288378998,0.0050691244,-0.0120635639999999,0.0683998317999999,0.060271516,-2733.098206,0.2520404841,0.0095723223,-0.717747592,0.1575239817,-0.099089464,-0.033409735,0.3513486244,0.1977410472,0.1689832041,0.0678356738,0.2269942707999999,-1.274846328,5.0,2.8281821906,0.0,0.0265079965,0.0710713161,0.2379172484,0.2332805118,2.8036360919,5.4959646272,9.0321521592,,0.0,0.0688689679,0.0,0.3729774254,0.593754745,0.4539673859,2.9128070585000003,0.4080741262,0.0046065893,0.0195947034,0.1554884246,1.0,0.0381993875,0.0051777684,0.0472334874,0.0142174128,0.1096614321,0.1161479299,6.0,0.0248923989,1.5794693e-09,0.0212472547,0.0163048619,0.4355555477,3.3237194367000003,1.93755e-08,28.0,14.2175
2004-04-30,1975777.5029,0.6633771259000001,0.4400692110999999,0.1197880899,14.560409668,0.0422576723,1.2164298521,0.1135695949,0.2002350323999999,0.4603945561,0.5940741479,0.0251458202999999,1.4511825232,0.1465358419,-0.146535842,12.0,-0.116709148,0.3081766001,-3.219277945,0.8909939070999999,4.6862162089,0.0933216325,0.2017797739,-0.079064781,-0.001748666,-0.0279958479999999,-0.0281300999999999,-12.49728688,0.0,3.8203464634,0.4069153775999999,0.0,0.0,0.0,0.1300599874,0.0410232689,0.5704771017,-0.027899485,,0.0288378998,0.0050691244,-0.0120635639999999,0.0683998317999999,0.060271516,-2733.098206,0.2520404841,0.0095723223,-0.717747592,0.1575239817,-0.099089464,-0.033409735,0.3513486244,0.1977410472,0.1689832041,0.0678356738,0.2269942707999999,-1.274846328,5.0,2.8281821906,0.0,0.0265079965,0.0710713161,0.2379172484,0.2332805118,2.8036360919,5.4959646272,9.0321521592,,0.0,0.0688689679,0.0,0.3729774254,0.593754745,0.4539673859,0.8115652564,0.4347782366,0.0039336537,0.0048917887,0.0396218146,0.0,0.0342835925,0.0051070798,0.0429273248,0.0105283286,0.109312228,0.1159914436999999,6.0,0.0283046862,1.2239752e-09,0.1063527091999999,0.0269114484,0.7075372939,5.963743529099999,9.4405061e-09,28.0,15.315
2004-05-28,2127437.2217,0.5393316291,0.2908786061,0.0823169125,15.196504046,0.042330253,0.9514371996,0.077193588,0.2023255765,0.458205094,0.4385835311,0.2044683061,1.70096176,0.1465358419,-0.146535842,12.0,-0.116709148,0.3081766001,-3.1865072660000004,0.8909939070999999,4.6862162089,0.0933216325,0.2017797739,-0.079064781,-0.001748666,-0.0279958479999999,-0.0281300999999999,-12.49728688,0.0,3.8203464634,0.4069153775999999,0.0,0.0,0.0,0.1300599874,0.0410232689,0.5704771017,-0.027899485,,0.0288378998,0.0050691244,-0.0120635639999999,0.0683998317999999,0.060271516,-2733.098206,0.2520404841,0.0095723223,-0.717747592,0.1575239817,-0.099089464,-0.033409735,0.3513486244,0.1977410472,0.1689832041,0.0678356738,0.2269942707999999,-1.274846328,5.0,2.8281821906,0.0,0.0265079965,0.0710713161,0.2379172484,0.2332805118,2.8036360919,5.4959646272,9.0321521592,,0.0,0.0688689679,0.0,0.3729774254,0.593754745,0.4539673859,0.8115652564,0.4347782366,0.0039336537,0.0048917887,0.0396218146,0.0,0.0342835925,0.0051070798,0.0429273248,0.0105283286,0.109312228,0.1159914436999999,6.0,0.0277951152,7.137506e-10,0.0416947566,0.0170050058,0.4324818232,4.3075864321,1.0965008e-08,28.0,16.435
2004-06-30,2283018.6458,0.526860174,0.2775816429,0.0598209762,15.21264315,0.0425603788,0.5305085002000001,0.0731309131,0.2937698012,0.7188551955,0.1979831784,0.0959515901,1.9058537483,0.1465358419,-0.146535842,12.0,-0.116709148,0.3081766001,-3.191707096,0.8909939070999999,4.6862162089,0.0933216325,0.2017797739,-0.079064781,-0.001748666,-0.0279958479999999,-0.0281300999999999,-12.49728688,0.0,3.8203464634,0.4069153775999999,0.0,0.0,0.0,0.1300599874,0.0410232689,0.5704771017,-0.027899485,,0.0288378998,0.0050691244,-0.0120635639999999,0.0683998317999999,0.060271516,-2733.098206,0.2520404841,0.0095723223,-0.717747592,0.1575239817,-0.099089464,-0.033409735,0.3513486244,0.1977410472,0.1689832041,0.0678356738,0.2269942707999999,-1.274846328,5.0,2.8281821906,0.0,0.0265079965,0.0710713161,0.2379172484,0.2332805118,2.8036360919,5.4959646272,9.0321521592,,0.0,0.0688689679,0.0,0.3729774254,0.593754745,0.4539673859,0.8115652564,0.4347782366,0.0039336537,0.0048917887,0.0396218146,0.0,0.0342835925,0.0051070798,0.0429273248,0.0105283286,0.109312228,0.1159914436999999,6.0,0.0285032265,8.079384e-10,0.0571015477,0.0211940461,0.4986254235,5.159443631499999,1.2499679e-08,28.0,15.735
2004-07-30,2165828.2927,0.4793700408,0.2297956361,-0.028556024,15.200657789,0.0408218988,0.3597801812,-0.042592019,0.4204839975,0.9723970606,0.0665600641,-0.043960369,1.8792717577,0.1279984485999999,-0.127998449,13.0,-0.25254409,0.2576588217,-2.195517195,0.785824849,4.9073157382,0.0729963109,0.1038012560999999,-0.019126772,0.0296309492,0.0853271874,0.0005263567,0.1962305946999999,0.0,3.6788139295,0.3316822926,0.0,0.0,0.0,0.2120959723999999,0.0355713319,0.5887503239999999,-0.0279040329999999,0.0264648753,0.0286470196,0.1338835397,-0.007293857,0.0671655783,0.4243977854,-3034.186733,0.2485611615,0.0084976652,1.218875287,-0.037047041,-0.184886316,-0.0009656539999999,0.0363504652,0.1501550797,-0.027933809,0.0304677282,0.1496627549,-1.052110702,4.0,2.9309879288,0.0,0.0201371497,0.0678981999999999,0.2530908831,0.2827048045,2.1566887927,6.3185058341,8.818586038200001,,0.0,0.153444641,0.0,0.29657855,0.6221793169,0.2429213503,0.1566117439,0.4229077844,-0.006775438,-0.059256067,0.0573743675,0.0,0.0248683176,0.0050046175,0.0306961688,0.0118029031,0.1093908723,0.1160385715,6.0,0.0242927902,4.812138e-10,0.0211438909,0.0115776181,0.3397345971,3.1051913912,1.0901951000000002e-08,28.0,12.5975
2004-08-31,1726159.8191,0.4317096643999999,0.1863732343,-0.181491913,15.244820621,0.040297987,0.2971315828,-0.199396238,0.2850142728,0.5552260125999999,0.6579271274,-0.009328954,2.0452086253,0.1279984485999999,-0.127998449,13.0,-0.25254409,0.2576588217,-2.192468707,0.785824849,4.9073157382,0.0729963109,0.1038012560999999,-0.019126772,0.0296309492,0.0853271874,0.0005263567,0.1962305946999999,0.0,3.6788139295,0.3316822926,0.0,0.0,0.0,0.2120959723999999,0.0355713319,0.5887503239999999,-0.0279040329999999,0.0264648753,0.0286470196,0.1338835397,-0.007293857,0.0671655783,0.4243977854,-3034.186733,0.2485611615,0.0084976652,1.218875287,-0.037047041,-0.184886316,-0.0009656539999999,0.0363504652,0.1501550797,-0.027933809,0.0304677282,0.1496627549,-1.052110702,4.0,2.9309879288,0.0,0.0201371497,0.0678981999999999,0.2530908831,0.2827048045,2.1566887927,6.3185058341,8.818586038200001,,0.0,0.153444641,0.0,0.29657855,0.6221793169,0.2429213503,0.1566117439,0.4229077844,-0.006775438,-0.059256067,0.0573743675,0.0,0.0248683176,0.0050046175,0.0306961688,0.0118029031,0.1093908723,0.1160385715,6.0,0.0315141931,7.444021e-10,0.0227999873,0.0193165884,0.4260244657,5.3463600474,8.6298141e-09,28.0,12.1775
2004-09-30,1668609.7286,0.4579596833,0.2097270714999999,-0.276517085,15.247111248,0.0408824385,0.1246263239,-0.033339955,-0.01331506,0.2139243964,0.7159982273000001,-1.098470381,2.0995798112,0.1279984485999999,-0.127998449,13.0,-0.25254409,0.2576588217,-2.166540464,0.785824849,4.9073157382,0.0729963109,0.1038012560999999,-0.019126772,0.0296309492,0.0853271874,0.0005263567,0.1962305946999999,0.0,3.6788139295,0.3316822926,0.0,0.0,0.0,0.2120959723999999,0.0355713319,0.5887503239999999,-0.0279040329999999,0.0264648753,0.0286470196,0.1338835397,-0.007293857,0.0671655783,0.4243977854,-3034.186733,0.2485611615,0.0084976652,1.218875287,-0.037047041,-0.184886316,-0.0009656539999999,0.0363504652,0.1501550797,-0.027933809,0.0304677282,0.1496627549,-1.052110702,4.0,2.9309879288,0.0,0.0201371497,0.0678981999999999,0.2530908831,0.2827048045,2.1566887927,6.3185058341,8.818586038200001,,0.0,0.153444641,0.0,0.29657855,0.6221793169,0.2429213503,0.1566117439,0.4229077844,-0.006775438,-0.059256067,0.0573743675,0.0,0.0248683176,0.0050046175,0.0306961688,0.0118029031,0.1093908723,0.1160385715,6.0,0.0242725073,1.0686315e-09,0.0333893374,0.0166769056,0.4933151487,4.0425851023,1.0820769e-08,28.0,12.685
2004-10-29,1710699.1566,0.3686191045,0.1358800442,-0.444334885,14.936075678,0.0401290973,0.0813608958,0.0416752733,-0.1434851369999999,0.1447708621,0.8207102002,-0.6771251090000001,1.8256317296,0.1279984485999999,-0.127998449,13.0,-0.25254409,0.2576588217,-2.163304995,0.785824849,4.9073157382,0.0729963109,0.1038012560999999,-0.019126772,0.0296309492,0.0853271874,0.0005263567,0.1962305946999999,0.0,3.6788139295,0.3316822926,0.0,0.0,0.0,0.2120959723999999,0.0355713319,0.5887503239999999,-0.0279040329999999,0.0264648753,0.0286470196,0.1338835397,-0.007293857,0.0671655783,0.4243977854,-3034.186733,0.2485611615,0.0084976652,1.218875287,-0.037047041,-0.184886316,-0.0009656539999999,0.0363504652,0.1501550797,-0.027933809,0.0304677282,0.1496627549,-1.052110702,4.0,2.9309879288,0.0,0.0201371497,0.0678981999999999,0.2530908831,0.2827048045,2.1566887927,6.3185058341,8.818586038200001,,0.0,0.153444641,0.0,0.29657855,0.6221793169,0.2429213503,0.7842351831000001,0.4003574945,0.0052572793999999,0.0329619056999999,0.0531260055,1.0,0.0340905389,0.0049179609999999,0.0430470466,0.0122331586,0.1153280323,0.118616234,6.0,0.0197320213999999,1.1399236e-09,0.0381451659,0.0152525714,0.4195192902,2.0640033546,1.8620697e-08,28.0,12.46
2004-11-30,1677165.8451,0.3333832592,0.1111443975,-0.481555917,14.479580279,0.0401671345,0.1026314317,-0.017737515,-0.17172701,0.0727273283,0.8769840286,-0.6887830970000001,1.6819807237,0.1279984485999999,-0.127998449,13.0,-0.25254409,0.2576588217,-2.178246268,0.785824849,4.9073157382,0.0729963109,0.1038012560999999,-0.019126772,0.0296309492,0.0853271874,0.0005263567,0.1962305946999999,0.0,3.6788139295,0.3316822926,0.0,0.0,0.0,0.2120959723999999,0.0355713319,0.5887503239999999,-0.0279040329999999,0.0264648753,0.0286470196,0.1338835397,-0.007293857,0.0671655783,0.4243977854,-3034.186733,0.2485611615,0.0084976652,1.218875287,-0.037047041,-0.184886316,-0.0009656539999999,0.0363504652,0.1501550797,-0.027933809,0.0304677282,0.1496627549,-1.052110702,4.0,2.9309879288,0.0,0.0201371497,0.0678981999999999,0.2530908831,0.2827048045,2.1566887927,6.3185058341,8.818586038200001,,0.0,0.153444641,0.0,0.29657855,0.6221793169,0.2429213503,0.7842351831000001,0.4003574945,0.0052572793999999,0.0329619056999999,0.0531260055,1.0,0.0340905389,0.0049179609999999,0.0430470466,0.0122331586,0.1153280323,0.118616234,6.0,0.0239746258,7.449709e-10,0.0302837845,0.0148028294,0.3867193956,3.4146775543,1.0244669e-08,28.0,12.9
2004-12-31,1736391.5487,0.3474038772999999,0.120689454,-0.603474109,15.044253259,0.0398752799,0.0616604697,0.0353129692,-0.24186185,0.0525871563999999,0.6327585639,-0.57384105,1.4683609331999998,0.1279984485999999,-0.127998449,13.0,-0.25254409,0.2576588217,-2.195650395,0.785824849,4.9073157382,0.0729963109,0.1038012560999999,-0.019126772,0.0296309492,0.0853271874,0.0005263567,0.1962305946999999,0.0,3.6788139295,0.3316822926,0.0,0.0,0.0,0.2120959723999999,0.0355713319,0.5887503239999999,-0.0279040329999999,0.0264648753,0.0286470196,0.1338835397,-0.007293857,0.0671655783,0.4243977854,-3034.186733,0.2485611615,0.0084976652,1.218875287,-0.037047041,-0.184886316,-0.0009656539999999,0.0363504652,0.1501550797,-0.027933809,0.0304677282,0.1496627549,-1.052110702,4.0,2.9309879288,0.0,0.0201371497,0.0678981999999999,0.2530908831,0.2827048045,2.1566887927,6.3185058341,8.818586038200001,,0.0,0.153444641,0.0,0.29657855,0.6221793169,0.2429213503,0.7842351831000001,0.4003574945,0.0052572793999999,0.0329619056999999,0.0531260055,1.0,0.0340905389,0.0049179609999999,0.0430470466,0.0122331586,0.1153280323,0.118616234,6.0,0.0167363021,9.116799e-10,0.0200715847,0.0097572471,0.3336186338,1.67910204,1.8009163000000002e-08,28.0,13.6475
2005-01-31,1806492.285,0.3493808544,0.1220669814,-0.492648722,14.512990708,0.0395264752999999,0.0805373501,0.0579457693,-0.180171594,0.1149524627,0.623290015,-0.253334822,1.4284620654,0.1279984485999999,-0.127998449,13.0,-0.25254409,0.2576588217,-2.221323857,0.785824849,4.9073157382,0.0729963109,0.1038012560999999,-0.019126772,0.0296309492,0.0853271874,0.0005263567,0.1962305946999999,0.0,3.6788139295,0.3316822926,0.0,0.0,0.0,0.2120959723999999,0.0355713319,0.5887503239999999,-0.0279040329999999,0.0264648753,0.0286470196,0.1338835397,-0.007293857,0.0671655783,0.4243977854,-3034.186733,0.2485611615,0.0084976652,1.218875287,-0.037047041,-0.184886316,-0.0009656539999999,0.0363504652,0.1501550797,-0.027933809,0.0304677282,0.1496627549,-1.052110702,4.0,2.9309879288,0.0,0.0201371497,0.0678981999999999,0.2530908831,0.2827048045,2.1566887927,6.3185058341,8.818586038200001,,0.0,0.153444641,0.0,0.29657855,0.6221793169,0.2429213503,1.0748400475,0.4065665012,-0.0009315139999999,0.0661387994,-0.096121514,2.0,0.0457095883,0.0063614203,0.0560025295999999,0.0071718519,0.1145707077,0.1198939908,6.0,0.0210307844,1.4219824e-09,0.0360342711,0.0134760975,0.3457338846,1.8152885005,1.9483797e-08,28.0,14.5025
2005-02-28,1919666.8645,0.3776305384,0.1426048235999999,0.1224331973,14.443509082,0.0393105049,0.0302340067,0.062648803,0.0833498850999999,0.1145365613,0.9268292436,-0.426676472,1.1836579659,0.1279984485999999,-0.127998449,13.0,-0.25254409,0.2576588217,-2.219437887,0.785824849,4.9073157382,0.0729963109,0.1038012560999999,-0.019126772,0.0296309492,0.0853271874,0.0005263567,0.1962305946999999,0.0,3.6788139295,0.3316822926,0.0,0.0,0.0,0.2120959723999999,0.0355713319,0.5887503239999999,-0.0279040329999999,0.0264648753,0.0286470196,0.1338835397,-0.007293857,0.0671655783,0.4243977854,-3034.186733,0.2485611615,0.0084976652,1.218875287,-0.037047041,-0.184886316,-0.0009656539999999,0.0363504652,0.1501550797,-0.027933809,0.0304677282,0.1496627549,-1.052110702,4.0,2.9309879288,0.0,0.0201371497,0.0678981999999999,0.2530908831,0.2827048045,2.1566887927,6.3185058341,8.818586038200001,,0.0,0.153444641,0.0,0.29657855,0.6221793169,0.2429213503,1.0748400475,0.4065665012,-0.0009315139999999,0.0661387994,-0.096121514,2.0,0.0457095883,0.0063614203,0.0560025295999999,0.0071718519,0.1145707077,0.1198939908,6.0,0.0238657218,1.0249707e-09,0.0371893086,0.0159159407,0.4959469972999999,3.6182663168,1.6601046999999996e-08,28.0,13.8625
2005-03-31,1824804.0751,0.3850757062,0.1482832995,0.1845810714999999,14.743542482,0.039231204,-0.0300536229999999,-0.0441302809999999,0.1909258735,0.1358918896,0.958205514,-0.739160079,1.0982678418,0.1279984485999999,-0.127998449,13.0,-0.25254409,0.2576588217,-2.219789507,0.785824849,4.9073157382,0.0729963109,0.1038012560999999,-0.019126772,0.0296309492,0.0853271874,0.0005263567,0.1962305946999999,0.0,3.6788139295,0.3316822926,0.0,0.0,0.0,0.2120959723999999,0.0355713319,0.5887503239999999,-0.0279040329999999,0.0264648753,0.0286470196,0.1338835397,-0.007293857,0.0671655783,0.4243977854,-3034.186733,0.2485611615,0.0084976652,1.218875287,-0.037047041,-0.184886316,-0.0009656539999999,0.0363504652,0.1501550797,-0.027933809,0.0304677282,0.1496627549,-1.052110702,4.0,2.9309879288,0.0,0.0201371497,0.0678981999999999,0.2530908831,0.2827048045,2.1566887927,6.3185058341,8.818586038200001,,0.0,0.153444641,0.0,0.29657855,0.6221793169,0.2429213503,1.0748400475,0.4065665012,-0.0009315139999999,0.0661387994,-0.096121514,2.0,0.0457095883,0.0063614203,0.0560025295999999,0.0071718519,0.1145707077,0.1198939908,6.0,0.0183393393999999,1.0266592e-09,0.0274636988,0.0110396485,0.4223615732999999,1.9300913148,2.5622979e-08,28.0,13.54
2005-04-29,1769732.155,0.3741966685,0.1400231467,0.175192052,14.315393644,0.0389718484,-0.038414976,-0.023264218,0.092826152,-0.024969192,1.1188524034,-1.4180529830000002,1.0626700211,0.1279984485999999,-0.127998449,13.0,-0.25254409,0.2576588217,-2.222060118,0.785824849,4.9073157382,0.0729963109,0.1038012560999999,-0.019126772,0.0296309492,0.0853271874,0.0005263567,0.1962305946999999,0.0,3.6788139295,0.3316822926,0.0,0.0,0.0,0.2120959723999999,0.0355713319,0.5887503239999999,-0.0279040329999999,0.0264648753,0.0286470196,0.1338835397,-0.007293857,0.0671655783,0.4243977854,-3034.186733,0.2485611615,0.0084976652,1.218875287,-0.037047041,-0.184886316,-0.0009656539999999,0.0363504652,0.1501550797,-0.027933809,0.0304677282,0.1496627549,-1.052110702,4.0,2.9309879288,0.0,0.0201371497,0.0678981999999999,0.2530908831,0.2827048045,2.1566887927,6.3185058341,8.818586038200001,,0.0,0.153444641,0.0,0.29657855,0.6221793169,0.2429213503,0.8348602376,0.383630885,0.0032178979,0.0036050356,-0.001893512,0.0,0.0376451879999999,0.0064175857999999,0.0464465862,0.0082130165,0.1105624868,0.1154607384,6.0,0.0171528479,1.1051157e-09,0.0130939167,0.0106782093,0.4748754364,2.2637658261,2.1367838e-08,28.0,14.185
2005-05-31,1849383.6147,0.3564996406,0.1270919937,0.324861563,14.319880585999998,0.0377239308,-0.0876468909999999,0.0476366654,0.0866773623,-0.115899418,1.1509831156,-3.559739453,0.8865953109,0.1279984485999999,-0.127998449,13.0,-0.25254409,0.2576588217,-2.14598287,0.785824849,4.9073157382,0.0729963109,0.1038012560999999,-0.019126772,0.0296309492,0.0853271874,0.0005263567,0.1962305946999999,0.0,3.6788139295,0.3316822926,0.0,0.0,0.0,0.2120959723999999,0.0355713319,0.5887503239999999,-0.0279040329999999,0.0264648753,0.0286470196,0.1338835397,-0.007293857,0.0671655783,0.4243977854,-3034.186733,0.2485611615,0.0084976652,1.218875287,-0.037047041,-0.184886316,-0.0009656539999999,0.0363504652,0.1501550797,-0.027933809,0.0304677282,0.1496627549,-1.052110702,4.0,2.9309879288,0.0,0.0201371497,0.0678981999999999,0.2530908831,0.2827048045,2.1566887927,6.3185058341,8.818586038200001,,0.0,0.153444641,0.0,0.29657855,0.6221793169,0.2429213503,0.8348602376,0.383630885,0.0032178979,0.0036050356,-0.001893512,0.0,0.0376451879999999,0.0064175857999999,0.0464465862,0.0082130165,0.1105624868,0.1154607384,6.0,0.0192407889999999,1.5437522e-09,0.0605607778,0.0179196647,0.585251446,3.7376481493,2.551012e-08,28.0,14.4325
2005-06-30,1887770.985,0.3105725507999999,0.0964553093,0.3338882139999999,14.229774075999998,0.0368221334,-0.092018679,0.0174479708,0.099612467,-0.136902893,1.0803796462000002,3.5905166271,0.801723785,0.1279984485999999,-0.127998449,13.0,-0.25254409,0.2576588217,-2.145985602,0.785824849,4.9073157382,0.0729963109,0.1038012560999999,-0.019126772,0.0296309492,0.0853271874,0.0005263567,0.1962305946999999,0.0,3.6788139295,0.3316822926,0.0,0.0,0.0,0.2120959723999999,0.0355713319,0.5887503239999999,-0.0279040329999999,0.0264648753,0.0286470196,0.1338835397,-0.007293857,0.0671655783,0.4243977854,-3034.186733,0.2485611615,0.0084976652,1.218875287,-0.037047041,-0.184886316,-0.0009656539999999,0.0363504652,0.1501550797,-0.027933809,0.0304677282,0.1496627549,-1.052110702,4.0,2.9309879288,0.0,0.0201371497,0.0678981999999999,0.2530908831,0.2827048045,2.1566887927,6.3185058341,8.818586038200001,,0.0,0.153444641,0.0,0.29657855,0.6221793169,0.2429213503,0.8348602376,0.383630885,0.0032178979,0.0036050356,-0.001893512,0.0,0.0376451879999999,0.0064175857999999,0.0464465862,0.0082130165,0.1105624868,0.1154607384,6.0,0.0140050435,1.1747906e-09,0.0204441287,0.0079272797,0.4563588906,1.47144001,3.2272631e-08,28.0,15.5825
2005-07-29,2029714.1796,0.2371178548999999,0.0562248771,0.2744502463,14.011714639,0.0344492892,-0.07308907,0.0796813145,0.0575196817,-0.0827772309999999,1.4404806388999998,0.1946593709,0.7961643218000001,0.032905709,-0.032905709,14.0,0.0146356886,0.2248058314,-3.237038735,0.8449964729,9.4176108748,0.0527979007,0.0959073164,0.046977514,-0.045762565,0.0696401474,0.0021059499,4.297111639200001,0.0,3.0173683368,0.260258662,0.0,0.0,0.0,-0.037823137,0.043361381,0.5658768862,0.9264930072,0.1787741094,0.0283892065,0.2110796603,0.0515813174,0.0643152486,0.0778129261,-2662.689017,0.3061608924,0.0082899205,-1.595427471,-0.1797986,-0.215337485,0.0501207265,-0.231398634,0.1392786225999999,-0.0623165279999999,-0.0459695709999999,0.1372903339,-0.217624981,6.0,2.2527613254,0.0,0.0195970945,0.0644632644,0.279381361,0.278742767,4.000677487,7.1859756098,8.3666874876,0.0,0.0,0.1537609876,0.0,0.3040040669,0.5046600361,0.3821598604,0.6283409291,0.2669430632,0.0065609581,-0.002322297,0.0299969277999999,0.0,0.0330500933,0.0063640462,0.0414333213,0.0107589721,0.1093499883,0.113892122,6.0,0.0172392566,9.713975e-10,0.0638334453,0.0151482659,0.5662791384,3.9948832661,2.1649465e-08,28.0,15.865
2005-08-31,2065876.8102,0.3353225379,0.1124412044,-0.057271124,14.441662172,0.0337798126,0.0435727129,0.0181292668,0.0744699819,0.2369518253,0.7227350102,-0.514381046,0.8232782454,0.032905709,-0.032905709,14.0,0.0146356886,0.2248058314,-3.286795222,0.8449964729,9.4176108748,0.0527979007,0.0959073164,0.046977514,-0.045762565,0.0696401474,0.0021059499,4.297111639200001,0.0,3.0173683368,0.260258662,0.0,0.0,0.0,-0.037823137,0.043361381,0.5658768862,0.9264930072,0.1787741094,0.0283892065,0.2110796603,0.0515813174,0.0643152486,0.0778129261,-2662.689017,0.3061608924,0.0082899205,-1.595427471,-0.1797986,-0.215337485,0.0501207265,-0.231398634,0.1392786225999999,-0.0623165279999999,-0.0459695709999999,0.1372903339,-0.217624981,6.0,2.2527613254,0.0,0.0195970945,0.0644632644,0.279381361,0.278742767,4.000677487,7.1859756098,8.3666874876,0.0,0.0,0.1537609876,0.0,0.3040040669,0.5046600361,0.3821598604,0.6283409291,0.2669430632,0.0065609581,-0.002322297,0.0299969277999999,0.0,0.0330500933,0.0063640462,0.0414333213,0.0107589721,0.1093499883,0.113892122,6.0,0.0221753869,1.2353246e-09,0.0245010275,0.0122664461,0.5668384870000001,5.2845154962,2.429502e-08,28.0,16.01
2005-09-30,2084758.1898,0.3509710645,0.1231806882,0.0165443566,14.436366713,0.0341590309,0.1361714981,0.0091396449,0.14445443,0.3028125672,0.6744585251999999,-0.280038124,0.9716808107,0.032905709,-0.032905709,14.0,0.0146356886,0.2248058314,-3.247557289,0.8449964729,9.4176108748,0.0527979007,0.0959073164,0.046977514,-0.045762565,0.0696401474,0.0021059499,4.297111639200001,0.0,3.0173683368,0.260258662,0.0,0.0,0.0,-0.037823137,0.043361381,0.5658768862,0.9264930072,0.1787741094,0.0283892065,0.2110796603,0.0515813174,0.0643152486,0.0778129261,-2662.689017,0.3061608924,0.0082899205,-1.595427471,-0.1797986,-0.215337485,0.0501207265,-0.231398634,0.1392786225999999,-0.0623165279999999,-0.0459695709999999,0.1372903339,-0.217624981,6.0,2.2527613254,0.0,0.0195970945,0.0644632644,0.279381361,0.278742767,4.000677487,7.1859756098,8.3666874876,0.0,0.0,0.1537609876,0.0,0.3040040669,0.5046600361,0.3821598604,0.6283409291,0.2669430632,0.0065609581,-0.002322297,0.0299969277999999,0.0,0.0330500933,0.0063640462,0.0414333213,0.0107589721,0.1093499883,0.113892122,6.0,0.0161374328,6.348677e-10,0.0165079515,0.0070565911,0.387926186,1.9711734498,1.7975813e-08,28.0,16.72
2005-10-31,2151462.6316,0.3857294388,0.1487872,0.1674572227,14.606714122,0.0326071334,0.0706981771,0.0443472266,0.1824224714,0.2621205908,0.6395244119,-1.002391209,0.9329381792,0.032905709,-0.032905709,14.0,0.0146356886,0.2248058314,-3.266036493,0.8449964729,9.4176108748,0.0527979007,0.0959073164,0.046977514,-0.045762565,0.0696401474,0.0021059499,4.297111639200001,0.0,3.0173683368,0.260258662,0.0,0.0,0.0,-0.037823137,0.043361381,0.5658768862,0.9264930072,0.1787741094,0.0283892065,0.2110796603,0.0515813174,0.0643152486,0.0778129261,-2662.689017,0.3061608924,0.0082899205,-1.595427471,-0.1797986,-0.215337485,0.0501207265,-0.231398634,0.1392786225999999,-0.0623165279999999,-0.0459695709999999,0.1372903339,-0.217624981,6.0,2.2527613254,0.0,0.0195970945,0.0644632644,0.279381361,0.278742767,4.000677487,7.1859756098,8.3666874876,0.0,0.0,0.1537609876,0.0,0.3040040669,0.5046600361,0.3821598604,0.6283409291,0.2669430632,0.0065609581,-0.002322297,0.0299969277999999,0.0,0.0330500933,0.0063640462,0.0414333213,0.0107589721,0.1093499883,0.113892122,6.0,0.0165601548,9.399697e-10,0.0138205447999999,0.0085062213,0.343002957,1.2266010729,2.6122735e-08,28.0,17.5325
2005-11-30,2248017.062,0.3534517338,0.1249281281,0.0975455906,14.366826816,0.0323536888,0.0732386246,0.0485945009,0.1787098232,0.3418940041,0.444637678,-0.076323012,1.0177611397,0.032905709,-0.032905709,14.0,0.0146356886,0.2248058314,-3.276326828,0.8449964729,9.4176108748,0.0527979007,0.0959073164,0.046977514,-0.045762565,0.0696401474,0.0021059499,4.297111639200001,0.0,3.0173683368,0.260258662,0.0,0.0,0.0,-0.037823137,0.043361381,0.5658768862,0.9264930072,0.1787741094,0.0283892065,0.2110796603,0.0515813174,0.0643152486,0.0778129261,-2662.689017,0.3061608924,0.0082899205,-1.595427471,-0.1797986,-0.215337485,0.0501207265,-0.231398634,0.1392786225999999,-0.0623165279999999,-0.0459695709999999,0.1372903339,-0.217624981,6.0,2.2527613254,0.0,0.0195970945,0.0644632644,0.279381361,0.278742767,4.000677487,7.1859756098,8.3666874876,0.0,0.0,0.1537609876,0.0,0.3040040669,0.5046600361,0.3821598604,2.0411304086,0.2258596731,0.0012999799,-0.033405303,0.0389279425,1.0,0.0344004807,0.0059428232999999,0.0444852386,0.0107411734,0.0998294855,0.0989577616,6.0,0.0231445981999999,9.974758e-10,0.0469131954,0.0173670534,0.4416893848,2.8777873251,1.7868131999999997e-08,28.0,17.8875
2005-12-30,2293535.3478,0.4712502179999999,0.222076768,0.1205918560999999,14.781779946,0.0303509716,-0.020115335,0.0202481933,0.2147929665,0.3591085161999999,0.6480357449,0.0075572554,0.9679761157,0.032905709,-0.032905709,14.0,0.0146356886,0.2248058314,-3.299035796,0.8449964729,9.4176108748,0.0527979007,0.0959073164,0.046977514,-0.045762565,0.0696401474,0.0021059499,4.297111639200001,0.0,3.0173683368,0.260258662,0.0,0.0,0.0,-0.037823137,0.043361381,0.5658768862,0.9264930072,0.1787741094,0.0283892065,0.2110796603,0.0515813174,0.0643152486,0.0778129261,-2662.689017,0.3061608924,0.0082899205,-1.595427471,-0.1797986,-0.215337485,0.0501207265,-0.231398634,0.1392786225999999,-0.0623165279999999,-0.0459695709999999,0.1372903339,-0.217624981,6.0,2.2527613254,0.0,0.0195970945,0.0644632644,0.279381361,0.278742767,4.000677487,7.1859756098,8.3666874876,0.0,0.0,0.1537609876,0.0,0.3040040669,0.5046600361,0.3821598604,2.0411304086,0.2258596731,0.0012999799,-0.033405303,0.0389279425,1.0,0.0344004807,0.0059428232999999,0.0444852386,0.0107411734,0.0998294855,0.0989577616,6.0,0.0169043,9.027775e-10,0.0161850116999999,0.009639375,0.5356205192,2.3580094139,2.3045866000000004e-08,28.0,17.995
2006-01-31,2290403.7068,0.4913097577,0.241385278,0.0130368954,14.544688749,0.0302770757,-0.059296963,0.0060097873,0.1479223662,0.3106796666,0.6617961161,-0.125105367,0.9314163,0.032905709,-0.032905709,14.0,0.0146356886,0.2248058314,-3.309242177,0.8449964729,9.4176108748,0.0527979007,0.0959073164,0.046977514,-0.045762565,0.0696401474,0.0021059499,4.297111639200001,0.0,3.0173683368,0.260258662,0.0,0.0,0.0,-0.037823137,0.043361381,0.5658768862,0.9264930072,0.1787741094,0.0283892065,0.2110796603,0.0515813174,0.0643152486,0.0778129261,-2662.689017,0.3061608924,0.0082899205,-1.595427471,-0.1797986,-0.215337485,0.0501207265,-0.231398634,0.1392786225999999,-0.0623165279999999,-0.0459695709999999,0.1372903339,-0.217624981,6.0,2.2527613254,0.0,0.0195970945,0.0644632644,0.279381361,0.278742767,4.000677487,7.1859756098,8.3666874876,0.0,0.0,0.1537609876,0.0,0.3040040669,0.5046600361,0.3821598604,2.0411304086,0.2258596731,0.0012999799,-0.033405303,0.0389279425,1.0,0.0344004807,0.0059428232999999,0.0444852386,0.0107411734,0.0998294855,0.0989577616,6.0,0.0139131121,7.190703e-10,0.0125103397,0.0066335663,0.4045702208,1.4430916400999998,2.9725898999999995e-08,28.0,19.205
2006-02-28,2444412.3903,0.4923829825,0.2424410014,0.1165769994999999,14.295879578,0.0298523708,0.0038529056,0.0672408491,0.1342578719,0.2408206445,0.6756210229,-0.008946686,0.8201682782999999,0.032905709,-0.032905709,14.0,0.0146356886,0.2248058314,-3.297425364,0.8449964729,9.4176108748,0.0527979007,0.0959073164,0.046977514,-0.045762565,0.0696401474,0.0021059499,4.297111639200001,0.0,3.0173683368,0.260258662,0.0,0.0,0.0,-0.037823137,0.043361381,0.5658768862,0.9264930072,0.1787741094,0.0283892065,0.2110796603,0.0515813174,0.0643152486,0.0778129261,-2662.689017,0.3061608924,0.0082899205,-1.595427471,-0.1797986,-0.215337485,0.0501207265,-0.231398634,0.1392786225999999,-0.0623165279999999,-0.0459695709999999,0.1372903339,-0.217624981,6.0,2.2527613254,0.0,0.0195970945,0.0644632644,0.279381361,0.278742767,4.000677487,7.1859756098,8.3666874876,0.0,0.0,0.1537609876,0.0,0.3040040669,0.5046600361,0.3821598604,1.8629451248,0.2617831084,0.0037461702,-0.008627727,-0.012155756,2.0,0.0408531761,0.0063064107999999,0.0514473021999999,0.0114553078,0.1003003416,0.0992229267,6.0,0.0186519104,1.1008662e-09,0.0234972852999999,0.0127187329,0.4980302775999999,2.2243651579,2.5843419e-08,28.0,19.645
2006-03-31,2502930.2183,0.5503190202,0.3028510239,0.0721312769,14.542609727,0.0301210056,0.1424440743999999,0.0229107291,0.1995627567,0.385392226,0.520844815,-0.031980733,0.7499341072,0.032905709,-0.032905709,14.0,0.0146356886,0.2248058314,-3.314172087,0.8449964729,9.4176108748,0.0527979007,0.0959073164,0.046977514,-0.045762565,0.0696401474,0.0021059499,4.297111639200001,0.0,3.0173683368,0.260258662,0.0,0.0,0.0,-0.037823137,0.043361381,0.5658768862,0.9264930072,0.1787741094,0.0283892065,0.2110796603,0.0515813174,0.0643152486,0.0778129261,-2662.689017,0.3061608924,0.0082899205,-1.595427471,-0.1797986,-0.215337485,0.0501207265,-0.231398634,0.1392786225999999,-0.0623165279999999,-0.0459695709999999,0.1372903339,-0.217624981,6.0,2.2527613254,0.0,0.0195970945,0.0644632644,0.279381361,0.278742767,4.000677487,7.1859756098,8.3666874876,0.0,0.0,0.1537609876,0.0,0.3040040669,0.5046600361,0.3821598604,1.8629451248,0.2617831084,0.0037461702,-0.008627727,-0.012155756,2.0,0.0408531761,0.0063064107999999,0.0514473021999999,0.0114553078,0.1003003416,0.0992229267,6.0,0.0157066651,6.678077e-10,0.011744516,0.0076488606,0.2705793716,0.9689112438,3.3714135e-08,28.0,21.59
2006-04-28,2730444.1393,0.5676412193,0.3222165539,0.0564083779999999,14.350934398,0.0292869227,0.275748366,0.0990073606,0.1749402715,0.4508863074,0.5487560147,0.0798495103,0.7898445092,0.032905709,-0.032905709,14.0,0.0146356886,0.2248058314,-3.342177332,0.8449964729,9.4176108748,0.0527979007,0.0959073164,0.046977514,-0.045762565,0.0696401474,0.0021059499,4.297111639200001,0.0,3.0173683368,0.260258662,0.0,0.0,0.0,-0.037823137,0.043361381,0.5658768862,0.9264930072,0.1787741094,0.0283892065,0.2110796603,0.0515813174,0.0643152486,0.0778129261,-2662.689017,0.3061608924,0.0082899205,-1.595427471,-0.1797986,-0.215337485,0.0501207265,-0.231398634,0.1392786225999999,-0.0623165279999999,-0.0459695709999999,0.1372903339,-0.217624981,6.0,2.2527613254,0.0,0.0195970945,0.0644632644,0.279381361,0.278742767,4.000677487,7.1859756098,8.3666874876,0.0,0.0,0.1537609876,0.0,0.3040040669,0.5046600361,0.3821598604,1.3378176241,0.2627854576,0.0017564266,-0.004527329,0.0702538273,3.0,0.0411874063,0.0065790554,0.052530537,0.0111356798,0.1004854666,0.1001875081,6.0,0.0133987587999999,7.283557e-10,0.023995202,0.0077142969999999,0.3583321602,1.3310387616,2.3143956e-08,28.0,20.8025
2006-05-31,2625774.7311,0.5694294535,0.3242499025,-0.049477839,14.628253519,0.0285071035,0.364338212,-0.036475237,0.2314274066,0.522030284,0.4548718364,0.0659171612,0.7641864198999999,0.032905709,-0.032905709,14.0,0.0146356886,0.2248058314,-3.3628355739999995,0.8449964729,9.4176108748,0.0527979007,0.0959073164,0.046977514,-0.045762565,0.0696401474,0.0021059499,4.297111639200001,0.0,3.0173683368,0.260258662,0.0,0.0,0.0,-0.037823137,0.043361381,0.5658768862,0.9264930072,0.1787741094,0.0283892065,0.2110796603,0.0515813174,0.0643152486,0.0778129261,-2662.689017,0.3061608924,0.0082899205,-1.595427471,-0.1797986,-0.215337485,0.0501207265,-0.231398634,0.1392786225999999,-0.0623165279999999,-0.0459695709999999,0.1372903339,-0.217624981,6.0,2.2527613254,0.0,0.0195970945,0.0644632644,0.279381361,0.278742767,4.000677487,7.1859756098,8.3666874876,0.0,0.0,0.1537609876,0.0,0.3040040669,0.5046600361,0.3821598604,1.3378176241,0.2627854576,0.0017564266,-0.004527329,0.0702538273,3.0,0.0411874063,0.0065790554,0.052530537,0.0111356798,0.1004854666,0.1001875081,6.0,0.0173185041999999,8.699532e-10,0.0149585743999999,0.0125260125,0.4316568225,2.3468400876,2.9704247000000002e-08,28.0,19.1075
2006-06-30,2411825.0896,0.6231951242,0.3883721629,-0.171186316,14.527999979,0.028964164,0.2537032146,-0.081480578,0.1629629018999999,0.4413649739,0.6198092225999999,-0.04377133,0.9413518887,0.032905709,-0.032905709,14.0,0.0146356886,0.2248058314,-3.3622375310000003,0.8449964729,9.4176108748,0.0527979007,0.0959073164,0.046977514,-0.045762565,0.0696401474,0.0021059499,4.297111639200001,0.0,3.0173683368,0.260258662,0.0,0.0,0.0,-0.037823137,0.043361381,0.5658768862,0.9264930072,0.1787741094,0.0283892065,0.2110796603,0.0515813174,0.0643152486,0.0778129261,-2662.689017,0.3061608924,0.0082899205,-1.595427471,-0.1797986,-0.215337485,0.0501207265,-0.231398634,0.1392786225999999,-0.0623165279999999,-0.0459695709999999,0.1372903339,-0.217624981,6.0,2.2527613254,0.0,0.0195970945,0.0644632644,0.279381361,0.278742767,4.000677487,7.1859756098,8.3666874876,0.0,0.0,0.1537609876,0.0,0.3040040669,0.5046600361,0.3821598604,1.3378176241,0.2627854576,0.0017564266,-0.004527329,0.0702538273,3.0,0.0411874063,0.0065790554,0.052530537,0.0111356798,0.1004854666,0.1001875081,6.0,0.0151877082,7.072536e-10,0.0180533379,0.0096267518,0.3813935292,2.1006187884,1.6750081e-08,28.0,18.7825
2006-07-31,2343004.0943,0.6211598155,0.3858395164,-0.111059066,14.867537736,0.0270200029,0.1599835575,-0.017009068,0.0618226844,0.2262152781,0.870086963,-0.17995424,0.9886552149,0.0762215237,-0.076221524,15.0,0.0458173955,0.1637423127,-2.210353225,0.8415371856999999,13.559210734,0.0508871013,0.1080392192,0.1813197329,-0.038438293,-0.025352087,-0.014041016,44.72750572899999,0.0,2.8080719929000004,0.3303042757,0.0,0.0,0.0,-0.072046472,0.0341660308,0.6705079564,0.4322324811,0.0371435139,0.0259225407,0.101836394,-0.004140114,0.0529889142999999,0.0445926755,-2346.0080940000003,0.3680473340999999,0.0093722971999999,-1.1221961109999998,-0.06936387,0.2691384532,0.0056560219,-0.042453694,0.2542168391,0.0697473280999999,-0.047399827,0.2800713246,-0.489406292,7.0,2.1571232851,1.0,0.0178780718,0.0641722628,0.2948794274,0.3164870193,4.807430065299999,9.198561317,8.9010015623,,0.0,0.1619029063,0.0,0.278595004,0.5239315923,0.7745538794,0.4935708279999999,0.2705064034,0.0077104526,-0.000281202,0.0538809579,0.0,0.0406532286,0.0065656761,0.0525968842,0.0099091706,0.1012679722,0.1002404139,6.0,0.0162507095,1.1154407e-09,0.0277378354,0.0119655749,0.444872586,1.9289977192,2.0619866e-08,28.0,22.125
2006-08-31,2756332.5,0.5821077351,0.3388494153,-0.058482593,14.641582257,0.0270163683999999,0.0322179589,0.17795825,-0.021999513,0.1838953441,0.5680750538,-0.323527465,1.0603521164,0.0762215237,-0.076221524,15.0,0.0458173955,0.1637423127,-2.214539508,0.8415371856999999,13.559210734,0.0508871013,0.1080392192,0.1813197329,-0.038438293,-0.025352087,-0.014041016,44.72750572899999,0.0,2.8080719929000004,0.3303042757,0.0,0.0,0.0,-0.072046472,0.0341660308,0.6705079564,0.4322324811,0.0371435139,0.0259225407,0.101836394,-0.004140114,0.0529889142999999,0.0445926755,-2346.0080940000003,0.3680473340999999,0.0093722971999999,-1.1221961109999998,-0.06936387,0.2691384532,0.0056560219,-0.042453694,0.2542168391,0.0697473280999999,-0.047399827,0.2800713246,-0.489406292,7.0,2.1571232851,1.0,0.0178780718,0.0641722628,0.2948794274,0.3164870193,4.807430065299999,9.198561317,8.9010015623,,0.0,0.1619029063,0.0,0.278595004,0.5239315923,0.7745538794,0.4935708279999999,0.2705064034,0.0077104526,-0.000281202,0.0538809579,0.0,0.0406532286,0.0065656761,0.0525968842,0.0099091706,0.1012679722,0.1002404139,6.0,0.0185024625,8.642731e-10,0.1559254229,0.0356480305,0.6848426234,5.114406214,2.1851231e-08,28.0,23.0025
2006-09-29,2865651.5165,0.6510963983,0.4239265199,-0.056136987,14.831304123,0.0292708066,-0.006002092,0.0396610424,0.1262407452999999,0.3819487668,0.5427608706,-0.234290403,1.1097671541,0.0762215237,-0.076221524,15.0,0.0458173955,0.1637423127,-2.215471913,0.8415371856999999,13.559210734,0.0508871013,0.1080392192,0.1813197329,-0.038438293,-0.025352087,-0.014041016,44.72750572899999,0.0,2.8080719929000004,0.3303042757,0.0,0.0,0.0,-0.072046472,0.0341660308,0.6705079564,0.4322324811,0.0371435139,0.0259225407,0.101836394,-0.004140114,0.0529889142999999,0.0445926755,-2346.0080940000003,0.3680473340999999,0.0093722971999999,-1.1221961109999998,-0.06936387,0.2691384532,0.0056560219,-0.042453694,0.2542168391,0.0697473280999999,-0.047399827,0.2800713246,-0.489406292,7.0,2.1571232851,1.0,0.0178780718,0.0641722628,0.2948794274,0.3164870193,4.807430065299999,9.198561317,8.9010015623,,0.0,0.1619029063,0.0,0.278595004,0.5239315923,0.7745538794,0.4935708279999999,0.2705064034,0.0077104526,-0.000281202,0.0538809579,0.0,0.0406532286,0.0065656761,0.0525968842,0.0099091706,0.1012679722,0.1002404139,6.0,0.0185284491999999,4.747155e-10,0.0220759921,0.0084210062,0.404323593,2.5933666309,1.3961035e-08,28.0,22.785
2006-10-31,2848216.1209,0.6230652428,0.3882102968,-0.23591832,15.177626062,0.0281978258999999,0.0292083464,-0.009455523,0.0654238262,0.3757477004,0.5717978553999999,0.1769700592,1.1540304802,0.0762215237,-0.076221524,15.0,0.0458173955,0.1637423127,-2.885177068,0.8415371856999999,13.559210734,0.0508871013,0.1080392192,0.1813197329,-0.038438293,-0.025352087,-0.014041016,44.72750572899999,0.0,2.8080719929000004,0.3303042757,0.0,0.0,0.0,-0.072046472,0.0341660308,0.6705079564,0.4322324811,0.0371435139,0.0259225407,0.101836394,-0.004140114,0.0529889142999999,0.0445926755,-2346.0080940000003,0.3680473340999999,0.0093722971999999,-1.1221961109999998,-0.06936387,0.2691384532,0.0056560219,-0.042453694,0.2542168391,0.0697473280999999,-0.047399827,0.2800713246,-0.489406292,7.0,2.1571232851,1.0,0.0178780718,0.0641722628,0.2948794274,0.3164870193,4.807430065299999,9.198561317,8.9010015623,,0.0,0.1619029063,0.0,0.278595004,0.5239315923,0.7745538794,0.4935708279999999,0.2705064034,0.0077104526,-0.000281202,0.0538809579,0.0,0.0406532286,0.0065656761,0.0525968842,0.0099091706,0.1012679722,0.1002404139,6.0,0.0138361313999999,4.218005e-10,0.0157028884,0.0072930615,0.4355609675999999,2.4173247455,1.9627511000000002e-08,28.0,20.8025
2006-11-30,2604389.7613,0.6629327344,0.4394798103,-0.1865107939999999,14.967496749,0.0282042567,0.0567199394,-0.087008998,0.0953010522,0.2995865271,0.4826638209,0.017469423,1.2980712909,0.0762215237,-0.076221524,15.0,0.0458173955,0.1637423127,-2.893892362,0.8415371856999999,13.559210734,0.0508871013,0.1080392192,0.1813197329,-0.038438293,-0.025352087,-0.014041016,44.72750572899999,0.0,2.8080719929000004,0.3303042757,0.0,0.0,0.0,-0.072046472,0.0341660308,0.6705079564,0.4322324811,0.0371435139,0.0259225407,0.101836394,-0.004140114,0.0529889142999999,0.0445926755,-2346.0080940000003,0.3680473340999999,0.0093722971999999,-1.1221961109999998,-0.06936387,0.2691384532,0.0056560219,-0.042453694,0.2542168391,0.0697473280999999,-0.047399827,0.2800713246,-0.489406292,7.0,2.1571232851,1.0,0.0178780718,0.0641722628,0.2948794274,0.3164870193,4.807430065299999,9.198561317,8.9010015623,,0.0,0.1619029063,0.0,0.278595004,0.5239315923,0.7745538794,0.2426586134,0.1956834623,0.0010903471,0.0032629628999999,-0.01108596,0.0,0.0372404601,0.0051997091999999,0.0495189832,0.0057638975,0.1094720046,0.1122687166,6.0,0.0168446919999999,4.030659e-10,0.0210112259,0.0186954853,0.4509655292,3.9231048386,1.3903199e-08,28.0,21.1625
2006-12-29,2649460.3978,0.7016164926999999,0.4922657028,0.0393454009,15.129744862,0.0284600993,0.103394059,0.0173056424,0.0887086119,0.1629629081,0.5110877645,0.0195548761,1.2808492433,0.0762215237,-0.076221524,15.0,0.0458173955,0.1637423127,-2.8962009010000003,0.8415371856999999,13.559210734,0.0508871013,0.1080392192,0.1813197329,-0.038438293,-0.025352087,-0.014041016,44.72750572899999,0.0,2.8080719929000004,0.3303042757,0.0,0.0,0.0,-0.072046472,0.0341660308,0.6705079564,0.4322324811,0.0371435139,0.0259225407,0.101836394,-0.004140114,0.0529889142999999,0.0445926755,-2346.0080940000003,0.3680473340999999,0.0093722971999999,-1.1221961109999998,-0.06936387,0.2691384532,0.0056560219,-0.042453694,0.2542168391,0.0697473280999999,-0.047399827,0.2800713246,-0.489406292,7.0,2.1571232851,1.0,0.0178780718,0.0641722628,0.2948794274,0.3164870193,4.807430065299999,9.198561317,8.9010015623,,0.0,0.1619029063,0.0,0.278595004,0.5239315923,0.7745538794,0.2426586134,0.1956834623,0.0010903471,0.0032629628999999,-0.01108596,0.0,0.0372404601,0.0051997091999999,0.0495189832,0.0057638975,0.1094720046,0.1122687166,6.0,0.0144879155,4.057547e-10,0.0188430118999999,0.0103076167,0.3799049809,2.3616334524,1.6178914e-08,28.0,19.825
2007-01-31,2471384.5951,0.7143696395999999,0.5103239820000001,0.0117418106,15.042706313,0.0287483862999999,0.1307191492,-0.0632013979999999,0.1267137651,0.1760210916,0.5553155899000001,0.0838646845,1.2698433071,0.0762215237,-0.076221524,15.0,0.0458173955,0.1637423127,-3.054717122,0.8415371856999999,13.559210734,0.0508871013,0.1080392192,0.1813197329,-0.038438293,-0.025352087,-0.014041016,44.72750572899999,0.0,2.8080719929000004,0.3303042757,0.0,0.0,0.0,-0.072046472,0.0341660308,0.6705079564,0.4322324811,0.0371435139,0.0259225407,0.101836394,-0.004140114,0.0529889142999999,0.0445926755,-2346.0080940000003,0.3680473340999999,0.0093722971999999,-1.1221961109999998,-0.06936387,0.2691384532,0.0056560219,-0.042453694,0.2542168391,0.0697473280999999,-0.047399827,0.2800713246,-0.489406292,7.0,2.1571232851,1.0,0.0178780718,0.0641722628,0.2948794274,0.3164870193,4.807430065299999,9.198561317,8.9010015623,,0.0,0.1619029063,0.0,0.278595004,0.5239315923,0.7745538794,2.1570019926,0.1536904292,0.003888056,0.1052609527999999,0.1694368748,1.0,0.0542460473,0.006929548,0.0710077425,0.0131173475,0.1096543657,0.1130967794,6.0,0.0114467308,3.371807e-10,0.0049019214,0.0043153505,0.487633979,2.653097508,2.0318899e-08,28.0,21.4525
2007-02-28,2674268.5739,0.7614288559000001,0.5797739025,-0.182439242,14.798253867,0.0280716037,0.0222095524,0.0820932463,-0.1039547619999999,0.0322833087,0.5683952824,0.1439332597,1.2972264149,0.0762215237,-0.076221524,15.0,0.0458173955,0.1637423127,-3.092839058,0.8415371856999999,13.559210734,0.0508871013,0.1080392192,0.1813197329,-0.038438293,-0.025352087,-0.014041016,44.72750572899999,0.0,2.8080719929000004,0.3303042757,0.0,0.0,0.0,-0.072046472,0.0341660308,0.6705079564,0.4322324811,0.0371435139,0.0259225407,0.101836394,-0.004140114,0.0529889142999999,0.0445926755,-2346.0080940000003,0.3680473340999999,0.0093722971999999,-1.1221961109999998,-0.06936387,0.2691384532,0.0056560219,-0.042453694,0.2542168391,0.0697473280999999,-0.047399827,0.2800713246,-0.489406292,7.0,2.1571232851,1.0,0.0178780718,0.0641722628,0.2948794274,0.3164870193,4.807430065299999,9.198561317,8.9010015623,,0.0,0.1619029063,0.0,0.278595004,0.5239315923,0.7745538794,2.1570019926,0.1536904292,0.003888056,0.1052609527999999,0.1694368748,1.0,0.0542460473,0.006929548,0.0710077425,0.0131173475,0.1096543657,0.1130967794,6.0,0.0199596381,5.871715e-10,0.0392550007,0.0181290515,0.4828815417,3.9851406436,1.444721e-08,28.0,21.545
2007-03-30,2683559.0295,0.7636109556999999,0.5831016915999999,-0.2342713169999999,15.214030423,0.0268283872,0.0239038307,0.0043118838,-0.067384022,0.092008095,0.5386724676,0.3258637935,1.2308147097,0.0762215237,-0.076221524,15.0,0.0458173955,0.1637423127,-3.104019324,0.8415371856999999,13.559210734,0.0508871013,0.1080392192,0.1813197329,-0.038438293,-0.025352087,-0.014041016,44.72750572899999,0.0,2.8080719929000004,0.3303042757,0.0,0.0,0.0,-0.072046472,0.0341660308,0.6705079564,0.4322324811,0.0371435139,0.0259225407,0.101836394,-0.004140114,0.0529889142999999,0.0445926755,-2346.0080940000003,0.3680473340999999,0.0093722971999999,-1.1221961109999998,-0.06936387,0.2691384532,0.0056560219,-0.042453694,0.2542168391,0.0697473280999999,-0.047399827,0.2800713246,-0.489406292,7.0,2.1571232851,1.0,0.0178780718,0.0641722628,0.2948794274,0.3164870193,4.807430065299999,9.198561317,8.9010015623,,0.0,0.1619029063,0.0,0.278595004,0.5239315923,0.7745538794,2.1570019926,0.1536904292,0.003888056,0.1052609527999999,0.1694368748,1.0,0.0542460473,0.006929548,0.0710077425,0.0131173475,0.1096543657,0.1130967794,6.0,0.0115813908,4.663215e-10,0.0160218179,0.0093285957999999,0.4163088308,2.163522769,2.1336492999999995e-08,28.0,21.9075
2007-04-30,2717318.5848,0.8490555022,0.7208952458,-0.093861882,14.879284798,0.0265134834,-0.0273146129999999,0.0168252139999999,-0.0544217529999999,-0.002084293,0.5185511308,0.0904918744999999,1.2049262356,0.0762215237,-0.076221524,15.0,0.0458173955,0.1637423127,-3.110413201,0.8415371856999999,13.559210734,0.0508871013,0.1080392192,0.1813197329,-0.038438293,-0.025352087,-0.014041016,44.72750572899999,0.0,2.8080719929000004,0.3303042757,0.0,0.0,0.0,-0.072046472,0.0341660308,0.6705079564,0.4322324811,0.0371435139,0.0259225407,0.101836394,-0.004140114,0.0529889142999999,0.0445926755,-2346.0080940000003,0.3680473340999999,0.0093722971999999,-1.1221961109999998,-0.06936387,0.2691384532,0.0056560219,-0.042453694,0.2542168391,0.0697473280999999,-0.047399827,0.2800713246,-0.489406292,7.0,2.1571232851,1.0,0.0178780718,0.0641722628,0.2948794274,0.3164870193,4.807430065299999,9.198561317,8.9010015623,,0.0,0.1619029063,0.0,0.278595004,0.5239315923,0.7745538794,1.3152295987,0.1801829431,-0.000870836,-0.02948384,-0.085852224,0.0,0.0497688371,0.0075583004,0.0698897024,0.0102910027,0.0953606238,0.1001982348,6.0,0.0126150985,5.726639e-10,0.0130635519,0.0071230289,0.3995827296,1.9045580645,1.9848097e-08,28.0,22.5425
2007-05-31,2793196.0333,0.8011044044,0.6417682667,0.0836437813,14.82027058,0.0263132029,0.0077467957999999,0.0289855189999999,0.0531185976,0.0531186033,0.3583088815,0.162152418,1.0220270954,0.0762215237,-0.076221524,15.0,0.0458173955,0.1637423127,-3.120991289,0.8415371856999999,13.559210734,0.0508871013,0.1080392192,0.1813197329,-0.038438293,-0.025352087,-0.014041016,44.72750572899999,0.0,2.8080719929000004,0.3303042757,0.0,0.0,0.0,-0.072046472,0.0341660308,0.6705079564,0.4322324811,0.0371435139,0.0259225407,0.101836394,-0.004140114,0.0529889142999999,0.0445926755,-2346.0080940000003,0.3680473340999999,0.0093722971999999,-1.1221961109999998,-0.06936387,0.2691384532,0.0056560219,-0.042453694,0.2542168391,0.0697473280999999,-0.047399827,0.2800713246,-0.489406292,7.0,2.1571232851,1.0,0.0178780718,0.0641722628,0.2948794274,0.3164870193,4.807430065299999,9.198561317,8.9010015623,,0.0,0.1619029063,0.0,0.278595004,0.5239315923,0.7745538794,1.3152295987,0.1801829431,-0.000870836,-0.02948384,-0.085852224,0.0,0.0497688371,0.0075583004,0.0698897024,0.0102910027,0.0953606238,0.1001982348,6.0,0.0147865687,4.025815e-10,0.0299999788,0.009008301,0.6112143256,3.7433607249,2.2456381000000002e-08,28.0,22.0725
2007-06-29,2734959.3584,0.8226898343000001,0.6768185634999999,-0.064548827,14.816995903,0.0264576596,0.1341136341,-0.020849476,0.0652096495,0.1797723228,0.162610334,0.0831678538,0.9827094065,0.0762215237,-0.076221524,15.0,0.0458173955,0.1637423127,-2.9060410460000003,0.8415371856999999,13.559210734,0.0508871013,0.1080392192,0.1813197329,-0.038438293,-0.025352087,-0.014041016,44.72750572899999,0.0,2.8080719929000004,0.3303042757,0.0,0.0,0.0,-0.072046472,0.0341660308,0.6705079564,0.4322324811,0.0371435139,0.0259225407,0.101836394,-0.004140114,0.0529889142999999,0.0445926755,-2346.0080940000003,0.3680473340999999,0.0093722971999999,-1.1221961109999998,-0.06936387,0.2691384532,0.0056560219,-0.042453694,0.2542168391,0.0697473280999999,-0.047399827,0.2800713246,-0.489406292,7.0,2.1571232851,1.0,0.0178780718,0.0641722628,0.2948794274,0.3164870193,4.807430065299999,9.198561317,8.9010015623,,0.0,0.1619029063,0.0,0.278595004,0.5239315923,0.7745538794,1.3152295987,0.1801829431,-0.000870836,-0.02948384,-0.085852224,0.0,0.0497688371,0.0075583004,0.0698897024,0.0102910027,0.0953606238,0.1001982348,6.0,0.0138051792,5.945305e-10,0.0106841866,0.008159196,0.284773631,1.2470210306,2.1616766e-08,28.0,23.6575
2007-07-31,2884227.6863,0.8296712989,0.6883544643,0.1378125631,14.738180959,0.0255120287,0.2061321593,0.0718087703,0.1133669331,0.1751631182,0.1936765077,-0.034213771,1.0997646444,0.0307511835,-0.0307511839999999,16.0,-0.140385917,0.1687373955999999,-1.717352037,0.8903989818000001,19.844324788,0.0444390583,0.1092633596,0.1357077967,-0.020584538,-0.1161088419999999,0.0507066983,20.685104957,0.0,2.4230858645,0.2710081503,0.0,0.0,0.0,0.110704317,0.037905069,0.8286751339,0.5873043179,0.1719327846,0.0285657997,0.1818181818,0.1536410992,0.0605729299,0.2334508841,-2423.613947,0.3717372277,0.0099948496999999,-0.056489315,-0.137099807,-0.179519703,0.0209481225,-0.233453331,-0.225527691,0.0229956100999999,-0.0562208109999999,-0.162971691,-0.1723777189999999,6.0,1.6535356693,1.0,0.0216951268,0.0725419656,0.3213931439,0.2704787705,7.6460906627,7.6994562273,9.0812886262,1.0,1.0,0.1583181188,0.0,0.2990700152,0.465848036,0.5108173199,0.7370990623999999,0.1727535921,-0.011196798,-0.000798535,-0.020728778,0.0,0.0469967922,0.0076476621,0.0636557142,0.0102124943,0.0893959194,0.0938698105,6.0,0.0165069799,5.811775e-10,0.0418501683,0.0133920948,0.4257483861,2.7136389660000004,1.5259778999999998e-08,28.0,25.065
2007-08-31,3067153.9854,0.743449888,0.5527177359000001,0.1987908511,15.201192132,0.0242310444,0.2388553430999999,0.0594949275,0.1027852245,0.0692655165,0.7563008775,0.1803879904,1.1190507322,0.0307511835,-0.0307511839999999,16.0,-0.140385917,0.1687373955999999,-1.6974784509999998,0.8903989818000001,19.844324788,0.0444390583,0.1092633596,0.1357077967,-0.020584538,-0.1161088419999999,0.0507066983,20.685104957,0.0,2.4230858645,0.2710081503,0.0,0.0,0.0,0.110704317,0.037905069,0.8286751339,0.5873043179,0.1719327846,0.0285657997,0.1818181818,0.1536410992,0.0605729299,0.2334508841,-2423.613947,0.3717372277,0.0099948496999999,-0.056489315,-0.137099807,-0.179519703,0.0209481225,-0.233453331,-0.225527691,0.0229956100999999,-0.0562208109999999,-0.162971691,-0.1723777189999999,6.0,1.6535356693,1.0,0.0216951268,0.0725419656,0.3213931439,0.2704787705,7.6460906627,7.6994562273,9.0812886262,1.0,1.0,0.1583181188,0.0,0.2990700152,0.465848036,0.5108173199,0.7370990623999999,0.1727535921,-0.011196798,-0.000798535,-0.020728778,0.0,0.0469967922,0.0076476621,0.0636557142,0.0102124943,0.0893959194,0.0938698105,6.0,0.0155165684,3.803956e-10,0.012686776,0.005675565,0.4485216976,2.2888134814,1.9896606e-08,28.0,27.9375
2007-09-28,3418656.0,0.6057501858,0.3669332875,0.3600672627,14.980038522,0.0245526415,0.1197402608999999,0.1146020144,0.1633789964,0.0896641739,0.8889345953,0.3298234555,1.4443063369999998,0.0307511835,-0.0307511839999999,16.0,-0.140385917,0.1687373955999999,-1.705933373,0.8903989818000001,19.844324788,0.0444390583,0.1092633596,0.1357077967,-0.020584538,-0.1161088419999999,0.0507066983,20.685104957,0.0,2.4230858645,0.2710081503,0.0,0.0,0.0,0.110704317,0.037905069,0.8286751339,0.5873043179,0.1719327846,0.0285657997,0.1818181818,0.1536410992,0.0605729299,0.2334508841,-2423.613947,0.3717372277,0.0099948496999999,-0.056489315,-0.137099807,-0.179519703,0.0209481225,-0.233453331,-0.225527691,0.0229956100999999,-0.0562208109999999,-0.162971691,-0.1723777189999999,6.0,1.6535356693,1.0,0.0216951268,0.0725419656,0.3213931439,0.2704787705,7.6460906627,7.6994562273,9.0812886262,1.0,1.0,0.1583181188,0.0,0.2990700152,0.465848036,0.5108173199,0.7370990623999999,0.1727535921,-0.011196798,-0.000798535,-0.020728778,0.0,0.0469967922,0.0076476621,0.0636557142,0.0102124943,0.0893959194,0.0938698105,6.0,0.0291441168,4.76467e-10,0.0438614003,0.0151839203,0.4783008736,4.2317997836000005,9.9881042e-09,28.0,27.3975
2007-10-31,3350385.368,0.561677226,0.3154813062,0.2891113083,15.688952428,0.0251190012,0.1242090585999999,-0.019328892,0.2752482482,0.2261356376,0.7962159397,0.3812838012,1.3270399164,0.0307511835,-0.0307511839999999,16.0,-0.140385917,0.1687373955999999,-1.7723449130000002,0.8903989818000001,19.844324788,0.0444390583,0.1092633596,0.1357077967,-0.020584538,-0.1161088419999999,0.0507066983,20.685104957,0.0,2.4230858645,0.2710081503,0.0,0.0,0.0,0.110704317,0.037905069,0.8286751339,0.5873043179,0.1719327846,0.0285657997,0.1818181818,0.1536410992,0.0605729299,0.2334508841,-2423.613947,0.3717372277,0.0099948496999999,-0.056489315,-0.137099807,-0.179519703,0.0209481225,-0.233453331,-0.225527691,0.0229956100999999,-0.0562208109999999,-0.162971691,-0.1723777189999999,6.0,1.6535356693,1.0,0.0216951268,0.0725419656,0.3213931439,0.2704787705,7.6460906627,7.6994562273,9.0812886262,1.0,1.0,0.1583181188,0.0,0.2990700152,0.465848036,0.5108173199,2.3764226378,0.0834300086,0.0006186322,-0.012963187,0.0145366431,0.0,0.0375777397,0.0071910499,0.0513027587,0.0158211109,0.105330139,0.1132563882,6.0,0.0200964340999999,5.060667e-10,0.0181220658,0.0098844836,0.618248906,4.6642706327,2.2249922000000012e-08,28.0,30.445
2007-11-30,3728172.8826,0.522246477,0.2727413827,0.2669162847,15.059429079,0.025334137,0.0876747869,0.1112328023,0.2153709544,0.3170291832999999,0.669542527,0.4058334925,0.7207417567000001,0.0307511835,-0.0307511839999999,16.0,-0.140385917,0.1687373955999999,-1.785531164,0.8903989818000001,19.844324788,0.0444390583,0.1092633596,0.1357077967,-0.020584538,-0.1161088419999999,0.0507066983,20.685104957,0.0,2.4230858645,0.2710081503,0.0,0.0,0.0,0.110704317,0.037905069,0.8286751339,0.5873043179,0.1719327846,0.0285657997,0.1818181818,0.1536410992,0.0605729299,0.2334508841,-2423.613947,0.3717372277,0.0099948496999999,-0.056489315,-0.137099807,-0.179519703,0.0209481225,-0.233453331,-0.225527691,0.0229956100999999,-0.0562208109999999,-0.162971691,-0.1723777189999999,6.0,1.6535356693,1.0,0.0216951268,0.0725419656,0.3213931439,0.2704787705,7.6460906627,7.6994562273,9.0812886262,1.0,1.0,0.1583181188,0.0,0.2990700152,0.465848036,0.5108173199,2.3764226378,0.0834300086,0.0006186322,-0.012963187,0.0145366431,0.0,0.0375777397,0.0071910499,0.0513027587,0.0158211109,0.105330139,0.1132563882,6.0,0.0279746754999999,7.30117e-10,0.0512034892999999,0.0186493481,0.5384650513,3.9639870788,1.3689628000000001e-08,28.0,30.25
2007-12-31,3705141.0,0.5096893825,0.2597832666,0.3274830354,15.459522540999998,0.0254726829,0.0585524753,-0.006404983,0.3793181311999999,0.4386296203,0.6405039668,0.3989789692,0.6434987870000001,0.0307511835,-0.0307511839999999,16.0,-0.140385917,0.1687373955999999,-1.7902473419999998,0.8903989818000001,19.844324788,0.0444390583,0.1092633596,0.1357077967,-0.020584538,-0.1161088419999999,0.0507066983,20.685104957,0.0,2.4230858645,0.2710081503,0.0,0.0,0.0,0.110704317,0.037905069,0.8286751339,0.5873043179,0.1719327846,0.0285657997,0.1818181818,0.1536410992,0.0605729299,0.2334508841,-2423.613947,0.3717372277,0.0099948496999999,-0.056489315,-0.137099807,-0.179519703,0.0209481225,-0.233453331,-0.225527691,0.0229956100999999,-0.0562208109999999,-0.162971691,-0.1723777189999999,6.0,1.6535356693,1.0,0.0216951268,0.0725419656,0.3213931439,0.2704787705,7.6460906627,7.6994562273,9.0812886262,1.0,1.0,0.1583181188,0.0,0.2990700152,0.465848036,0.5108173199,2.3764226378,0.0834300086,0.0006186322,-0.012963187,0.0145366431,0.0,0.0375777397,0.0071910499,0.0513027587,0.0158211109,0.105330139,0.1132563882,6.0,0.0263921774,5.939918e-10,0.0411966256999999,0.018516825,0.4042664223,2.2736465146,1.7089544e-08,28.0,29.315
2008-01-31,3576664.5852,0.4718721865999999,0.2226633605,0.045825539,14.785685126,0.0260493244,-0.03499969,-0.030909073,0.2786643104,0.5258511472999999,0.4526470712,0.3980053704,0.7450877537999999,0.0307511835,-0.0307511839999999,16.0,-0.140385917,0.1687373955999999,-1.712711577,0.8903989818000001,19.844324788,0.0444390583,0.1092633596,0.1357077967,-0.020584538,-0.1161088419999999,0.0507066983,20.685104957,0.0,2.4230858645,0.2710081503,0.0,0.0,0.0,0.110704317,0.037905069,0.8286751339,0.5873043179,0.1719327846,0.0285657997,0.1818181818,0.1536410992,0.0605729299,0.2334508841,-2423.613947,0.3717372277,0.0099948496999999,-0.056489315,-0.137099807,-0.179519703,0.0209481225,-0.233453331,-0.225527691,0.0229956100999999,-0.0562208109999999,-0.162971691,-0.1723777189999999,6.0,1.6535356693,1.0,0.0216951268,0.0725419656,0.3213931439,0.2704787705,7.6460906627,7.6994562273,9.0812886262,1.0,1.0,0.1583181188,0.0,0.2990700152,0.465848036,0.5108173199,0.164312265,0.0767415336,-0.003809501,0.0046439559,0.0114349313,1.0,0.0335099784,0.0073383097,0.0525718057,0.0158385549,0.106922575,0.111634749,6.0,0.0257207067,8.626882e-10,0.0340388045,0.0161891428,0.4553704157,1.7954165827000002,2.665797e-08,28.0,28.185
2008-02-29,3438795.4148,0.429205291,0.1842171819,-0.043919034,14.895972553,0.026821874,-0.076639699,-0.038546856,0.1695591457999999,0.3665074692,0.4792277378,0.3387633996999999,0.9983648872,0.0307511835,-0.0307511839999999,16.0,-0.140385917,0.1687373955999999,-1.7308222830000002,0.8903989818000001,19.844324788,0.0444390583,0.1092633596,0.1357077967,-0.020584538,-0.1161088419999999,0.0507066983,20.685104957,0.0,2.4230858645,0.2710081503,0.0,0.0,0.0,0.110704317,0.037905069,0.8286751339,0.5873043179,0.1719327846,0.0285657997,0.1818181818,0.1536410992,0.0605729299,0.2334508841,-2423.613947,0.3717372277,0.0099948496999999,-0.056489315,-0.137099807,-0.179519703,0.0209481225,-0.233453331,-0.225527691,0.0229956100999999,-0.0562208109999999,-0.162971691,-0.1723777189999999,6.0,1.6535356693,1.0,0.0216951268,0.0725419656,0.3213931439,0.2704787705,7.6460906627,7.6994562273,9.0812886262,1.0,1.0,0.1583181188,0.0,0.2990700152,0.465848036,0.5108173199,0.164312265,0.0767415336,-0.003809501,0.0046439559,0.0114349313,1.0,0.0335099784,0.0073383097,0.0525718057,0.0158385549,0.106922575,0.111634749,6.0,0.039922173,8.044043e-10,0.0372093022,0.0237185931,0.3555561643,2.9314187851,1.4327441e-08,28.0,27.735
2008-03-31,3381118.4544,0.4094283621,0.1676315837,-0.303952876,15.42500862,0.028153686,-0.142492295,-0.015965899,0.0088590391,0.3081921294,0.5541929678,0.040078714,1.0700858374,0.0307511835,-0.0307511839999999,16.0,-0.140385917,0.1687373955999999,-1.750391738,0.8903989818000001,19.844324788,0.0444390583,0.1092633596,0.1357077967,-0.020584538,-0.1161088419999999,0.0507066983,20.685104957,0.0,2.4230858645,0.2710081503,0.0,0.0,0.0,0.110704317,0.037905069,0.8286751339,0.5873043179,0.1719327846,0.0285657997,0.1818181818,0.1536410992,0.0605729299,0.2334508841,-2423.613947,0.3717372277,0.0099948496999999,-0.056489315,-0.137099807,-0.179519703,0.0209481225,-0.233453331,-0.225527691,0.0229956100999999,-0.0562208109999999,-0.162971691,-0.1723777189999999,6.0,1.6535356693,1.0,0.0216951268,0.0725419656,0.3213931439,0.2704787705,7.6460906627,7.6994562273,9.0812886262,1.0,1.0,0.1583181188,0.0,0.2990700152,0.465848036,0.5108173199,0.164312265,0.0767415336,-0.003809501,0.0046439559,0.0114349313,1.0,0.0335099784,0.0073383097,0.0525718057,0.0158385549,0.106922575,0.111634749,6.0,0.0260294825999999,9.180382e-10,0.0280898735,0.0189635924,0.3039649419,1.4829456219,2.4133157000000005e-08,28.0,24.63
2008-04-30,2980328.4184,0.5003600856,0.2503602152,-0.351611978,14.93590027,0.0285299619,-0.164487036,-0.111952454,0.0123186961,0.2660048627,0.6179837233,0.0383448558999999,1.195602063,0.0307511835,-0.0307511839999999,16.0,-0.140385917,0.1687373955999999,-0.609383059,0.8903989818000001,19.844324788,0.0444390583,0.1092633596,0.1357077967,-0.020584538,-0.1161088419999999,0.0507066983,20.685104957,0.0,2.4230858645,0.2710081503,0.0,0.0,0.0,0.110704317,0.037905069,0.8286751339,0.5873043179,0.1719327846,0.0285657997,0.1818181818,0.1536410992,0.0605729299,0.2334508841,-2423.613947,0.3717372277,0.0099948496999999,-0.056489315,-0.137099807,-0.179519703,0.0209481225,-0.233453331,-0.225527691,0.0229956100999999,-0.0562208109999999,-0.162971691,-0.1723777189999999,6.0,1.6535356693,1.0,0.0216951268,0.0725419656,0.3213931439,0.2704787705,7.6460906627,7.6994562273,9.0812886262,1.0,1.0,0.1583181188,0.0,0.2990700152,0.465848036,0.5108173199,0.381362701,0.0867756399,-0.00063051,-0.00232679,0.0053848363,2.0,0.0399198971,0.0072245488,0.0670780545,0.0125373633,0.1068346089,0.1112981088,6.0,0.0317991485,9.908101e-10,0.058031071,0.0232166149,0.3639144853,2.825174398,1.833015e-08,28.0,26.6
2008-05-30,3208013.2460000003,0.5662217712,0.3206070941,-0.476853362,15.08581624,0.0293416277,-0.232582817,0.0799838156,-0.191000183,0.092602851,0.5891786496,-0.06279739,1.2615932295,0.0307511835,-0.0307511839999999,16.0,-0.140385917,0.1687373955999999,-0.612935164,0.8903989818000001,19.844324788,0.0444390583,0.1092633596,0.1357077967,-0.020584538,-0.1161088419999999,0.0507066983,20.685104957,0.0,2.4230858645,0.2710081503,0.0,0.0,0.0,0.110704317,0.037905069,0.8286751339,0.5873043179,0.1719327846,0.0285657997,0.1818181818,0.1536410992,0.0605729299,0.2334508841,-2423.613947,0.3717372277,0.0099948496999999,-0.056489315,-0.137099807,-0.179519703,0.0209481225,-0.233453331,-0.225527691,0.0229956100999999,-0.0562208109999999,-0.162971691,-0.1723777189999999,6.0,1.6535356693,1.0,0.0216951268,0.0725419656,0.3213931439,0.2704787705,7.6460906627,7.6994562273,9.0812886262,1.0,1.0,0.1583181188,0.0,0.2990700152,0.465848036,0.5108173199,0.381362701,0.0867756399,-0.00063051,-0.00232679,0.0053848363,2.0,0.0399198971,0.0072245488,0.0670780545,0.0125373633,0.1068346089,0.1112981088,6.0,0.0290041706999999,7.666636e-10,0.0781934038,0.0254209449,0.4905480436,4.0297597942,1.1935468999999998e-08,28.0,25.25
2008-06-30,3045200.5,0.5341844923,0.2853530718,-0.535772876,15.493393291,0.030886957,-0.215868083,-0.050751895,-0.12066114,0.2051195057,0.5293608644,-0.05678126,1.3882348331,0.0307511835,-0.0307511839999999,16.0,-0.140385917,0.1687373955999999,-0.618204885,0.8903989818000001,19.844324788,0.0444390583,0.1092633596,0.1357077967,-0.020584538,-0.1161088419999999,0.0507066983,20.685104957,0.0,2.4230858645,0.2710081503,0.0,0.0,0.0,0.110704317,0.037905069,0.8286751339,0.5873043179,0.1719327846,0.0285657997,0.1818181818,0.1536410992,0.0605729299,0.2334508841,-2423.613947,0.3717372277,0.0099948496999999,-0.056489315,-0.137099807,-0.179519703,0.0209481225,-0.233453331,-0.225527691,0.0229956100999999,-0.0562208109999999,-0.162971691,-0.1723777189999999,6.0,1.6535356693,1.0,0.0216951268,0.0725419656,0.3213931439,0.2704787705,7.6460906627,7.6994562273,9.0812886262,1.0,1.0,0.1583181188,0.0,0.2990700152,0.465848036,0.5108173199,0.381362701,0.0867756399,-0.00063051,-0.00232679,0.0053848363,2.0,0.0399198971,0.0072245488,0.0670780545,0.0125373633,0.1068346089,0.1112981088,6.0,0.0228610738,5.021919999999996e-10,0.0131046502,0.0116805483,0.2812076057,1.5720060725,1.6744352999999998e-08,28.0,24.37
2008-07-31,2902125.9199,0.5798473425999999,0.3362229408,-0.407826939,15.147576664,0.0306856358999999,-0.164583829,-0.03485145,-0.138666225,0.0673148412,0.5182094618,-0.102221705,1.3839976221,0.0651640315,-0.065164032,17.0,-0.254877046,0.126659906,-0.674799838,0.6413367025,47.717238569,0.037779333,0.1450201258,0.0463165303,0.9574522702,0.0395470723,0.0044509998,38.432162463,0.0,1.3682808695,0.2721145982999999,0.0,0.0,0.0,0.0694430551,0.0262853839,0.9154692973,1.7374684904,0.2680966507,0.0305462244,0.2051282051,0.1187468725,0.0737715261,0.7625769043,-1400.313108,0.3978676438,0.0095755274,-2.605780896,-0.435314741,0.0040827111,0.0116428549,-0.439993282,0.2189341159,-0.083493393,-0.0560806,0.2127120297,-0.437275299,5.0,0.9259910829,0.0,0.0188270383,0.0729907702,0.2774908298999999,0.2224645889,15.284211398,9.3372231893,8.5119113522,1.0,1.0,0.2481853346999999,0.0,0.2579372471,0.3813716559,0.8551503732,1.2134948397,0.0859609872,0.0099220816,0.0208723701,-0.001238653,0.0,0.037862282,0.0061178062,0.0607606988,0.0147511738,0.1070042874,0.111499954,6.0,0.0264135241,7.148754e-10,0.0524366945,0.0187420778,0.4817539309,2.7998135360000003,1.7643403999999998e-08,28.0,26.75
2008-08-29,3179879.5,0.5649183346,0.3191327247,-0.175389902,15.058511460999998,0.0311814277,-0.182193961,0.0976610184,-0.135355634,-0.027727888,0.5798929233,-0.093281939,1.9763559175,0.0651640315,-0.065164032,17.0,-0.254877046,0.126659906,-0.6846016540000001,0.6413367025,47.717238569,0.037779333,0.1450201258,0.0463165303,0.9574522702,0.0395470723,0.0044509998,38.432162463,0.0,1.3682808695,0.2721145982999999,0.0,0.0,0.0,0.0694430551,0.0262853839,0.9154692973,1.7374684904,0.2680966507,0.0305462244,0.2051282051,0.1187468725,0.0737715261,0.7625769043,-1400.313108,0.3978676438,0.0095755274,-2.605780896,-0.435314741,0.0040827111,0.0116428549,-0.439993282,0.2189341159,-0.083493393,-0.0560806,0.2127120297,-0.437275299,5.0,0.9259910829,0.0,0.0188270383,0.0729907702,0.2774908298999999,0.2224645889,15.284211398,9.3372231893,8.5119113522,1.0,1.0,0.2481853346999999,0.0,0.2579372471,0.3813716559,0.8551503732,1.2134948397,0.0859609872,0.0099220816,0.0208723701,-0.001238653,0.0,0.037862282,0.0061178062,0.0607606988,0.0147511738,0.1070042874,0.111499954,6.0,0.0352935767,4.468653e-10,0.0394711904,0.0234286761,0.5934232233,21.398077908,5.7377824e-09,28.0,28.15
2008-09-30,3346303.0547,0.5650406469,0.3192709327,0.0222113154,16.216608379,0.0316656242,-0.143337449,0.0523364358,-0.03551471,-0.0425055909999999,0.745003126,-0.044894899,1.9584279554,0.0651640315,-0.065164032,17.0,-0.254877046,0.126659906,-0.684988532,0.6413367025,47.717238569,0.037779333,0.1450201258,0.0463165303,0.9574522702,0.0395470723,0.0044509998,38.432162463,0.0,1.3682808695,0.2721145982999999,0.0,0.0,0.0,0.0694430551,0.0262853839,0.9154692973,1.7374684904,0.2680966507,0.0305462244,0.2051282051,0.1187468725,0.0737715261,0.7625769043,-1400.313108,0.3978676438,0.0095755274,-2.605780896,-0.435314741,0.0040827111,0.0116428549,-0.439993282,0.2189341159,-0.083493393,-0.0560806,0.2127120297,-0.437275299,5.0,0.9259910829,0.0,0.0188270383,0.0729907702,0.2774908298999999,0.2224645889,15.284211398,9.3372231893,8.5119113522,1.0,1.0,0.2481853346999999,0.0,0.2579372471,0.3813716559,0.8551503732,1.2134948397,0.0859609872,0.0099220816,0.0208723701,-0.001238653,0.0,0.037862282,0.0061178062,0.0607606988,0.0147511738,0.1070042874,0.111499954,6.0,0.023239885,5.75235e-10,0.0212726947,0.0125429962,0.2918314052,1.6465288554,1.7224878e-08,28.0,27.4
2008-10-31,3257695.5546,0.5648865188000001,0.3190967791,0.213477366,15.213573063,0.0321443793,-0.1706246789999999,-0.0266429839999999,0.1429151703999999,0.0274660334,0.638606495,-0.190341027,2.0643888516,0.0651640315,-0.065164032,17.0,-0.254877046,0.126659906,-0.689456348,0.6413367025,47.717238569,0.037779333,0.1450201258,0.0463165303,0.9574522702,0.0395470723,0.0044509998,38.432162463,0.0,1.3682808695,0.2721145982999999,0.0,0.0,0.0,0.0694430551,0.0262853839,0.9154692973,1.7374684904,0.2680966507,0.0305462244,0.2051282051,0.1187468725,0.0737715261,0.7625769043,-1400.313108,0.3978676438,0.0095755274,-2.605780896,-0.435314741,0.0040827111,0.0116428549,-0.439993282,0.2189341159,-0.083493393,-0.0560806,0.2127120297,-0.437275299,5.0,0.9259910829,0.0,0.0188270383,0.0729907702,0.2774908298999999,0.2224645889,15.284211398,9.3372231893,8.5119113522,1.0,1.0,0.2481853346999999,0.0,0.2579372471,0.3813716559,0.8551503732,1.2721593551,0.0817254908,0.0012451778,-0.009121637,0.114145916,1.0,0.039236434,0.0059013491,0.0628554742,0.0127452131,0.1077223960999999,0.114190374,6.0,0.0384329204999999,8.417666e-10,0.0574528538,0.0242105599,0.4597670842,3.6888710435,1.365122e-08,28.0,17.595
2008-11-28,2095916.3182,0.5824020098,0.339192101,-0.212240585,15.419102039,0.0324307235999999,-0.293852068,-0.357846737,0.0300751585,-0.100016423,0.7364894492,-0.01701799,2.2809379897,0.0651640315,-0.065164032,17.0,-0.254877046,0.126659906,-0.528450008,0.6413367025,47.717238569,0.037779333,0.1450201258,0.0463165303,0.9574522702,0.0395470723,0.0044509998,38.432162463,0.0,1.3682808695,0.2721145982999999,0.0,0.0,0.0,0.0694430551,0.0262853839,0.9154692973,1.7374684904,0.2680966507,0.0305462244,0.2051282051,0.1187468725,0.0737715261,0.7625769043,-1400.313108,0.3978676438,0.0095755274,-2.605780896,-0.435314741,0.0040827111,0.0116428549,-0.439993282,0.2189341159,-0.083493393,-0.0560806,0.2127120297,-0.437275299,5.0,0.9259910829,0.0,0.0188270383,0.0729907702,0.2774908298999999,0.2224645889,15.284211398,9.3372231893,8.5119113522,1.0,1.0,0.2481853346999999,0.0,0.2579372471,0.3813716559,0.8551503732,1.2721593551,0.0817254908,0.0012451778,-0.009121637,0.114145916,1.0,0.039236434,0.0059013491,0.0628554742,0.0127452131,0.1077223960999999,0.114190374,6.0,0.0890863847,1.2528348e-09,0.1385704875,0.0597973496999999,0.5054120303,13.957132537,4.6213595e-09,28.0,15.455
2008-12-31,1840999.5909,0.9589409616,0.9195677677,-0.222631545,15.969612123,0.0347664058,-0.38715715,-0.1216254309999999,-0.303168349,-0.418347132,0.6911250374,0.0573788034,2.7005949264999995,0.0651640315,-0.065164032,17.0,-0.254877046,0.126659906,-0.533803652,0.6413367025,47.717238569,0.037779333,0.1450201258,0.0463165303,0.9574522702,0.0395470723,0.0044509998,38.432162463,0.0,1.3682808695,0.2721145982999999,0.0,0.0,0.0,0.0694430551,0.0262853839,0.9154692973,1.7374684904,0.2680966507,0.0305462244,0.2051282051,0.1187468725,0.0737715261,0.7625769043,-1400.313108,0.3978676438,0.0095755274,-2.605780896,-0.435314741,0.0040827111,0.0116428549,-0.439993282,0.2189341159,-0.083493393,-0.0560806,0.2127120297,-0.437275299,5.0,0.9259910829,0.0,0.0188270383,0.0729907702,0.2774908298999999,0.2224645889,15.284211398,9.3372231893,8.5119113522,1.0,1.0,0.2481853346999999,0.0,0.2579372471,0.3813716559,0.8551503732,1.2721593551,0.0817254908,0.0012451778,-0.009121637,0.114145916,1.0,0.039236434,0.0059013491,0.0628554742,0.0127452131,0.1077223960999999,0.114190374,6.0,0.0638927436,1.6818905e-09,0.0797124431,0.0465508,0.3735662342,5.2141852741,9.5145147e-09,28.0,18.04
2009-01-30,2136765.9484,0.8905412579,0.793063732,-0.091060622,15.309640893,0.0353092978,-0.448043561,0.1672598571,-0.365818659,-0.472795511,0.629063605,0.0317658087,2.9684469435,0.0651640315,-0.065164032,17.0,-0.254877046,0.126659906,-0.4953291629999999,0.6413367025,47.717238569,0.037779333,0.1450201258,0.0463165303,0.9574522702,0.0395470723,0.0044509998,38.432162463,0.0,1.3682808695,0.2721145982999999,0.0,0.0,0.0,0.0694430551,0.0262853839,0.9154692973,1.7374684904,0.2680966507,0.0305462244,0.2051282051,0.1187468725,0.0737715261,0.7625769043,-1400.313108,0.3978676438,0.0095755274,-2.605780896,-0.435314741,0.0040827111,0.0116428549,-0.439993282,0.2189341159,-0.083493393,-0.0560806,0.2127120297,-0.437275299,5.0,0.9259910829,0.0,0.0188270383,0.0729907702,0.2774908298999999,0.2224645889,15.284211398,9.3372231893,8.5119113522,1.0,1.0,0.2481853346999999,0.0,0.2579372471,0.3813716559,0.8551503732,0.0699194152,0.0983998985,0.0137967002,0.0093546008,-0.001337858,2.0,0.0534214916,0.0066166766,0.090776596,0.0149972822,0.1089706944999999,0.1145460252,6.0,0.0530203784,1.5391682e-09,0.0672703758,0.0382944756,0.6255724147,4.5673590148,8.5622647e-09,28.0,16.4
2009-02-27,1942514.3548,0.9169471508,0.8407920774,-0.336002319,15.422904802,0.0355470787,-0.398810112,-0.090909161,-0.325607443,-0.359943186,0.4675865577,0.0759302838,2.5728210072,0.0651640315,-0.065164032,17.0,-0.254877046,0.126659906,-0.498234481,0.6413367025,47.717238569,0.037779333,0.1450201258,0.0463165303,0.9574522702,0.0395470723,0.0044509998,38.432162463,0.0,1.3682808695,0.2721145982999999,0.0,0.0,0.0,0.0694430551,0.0262853839,0.9154692973,1.7374684904,0.2680966507,0.0305462244,0.2051282051,0.1187468725,0.0737715261,0.7625769043,-1400.313108,0.3978676438,0.0095755274,-2.605780896,-0.435314741,0.0040827111,0.0116428549,-0.439993282,0.2189341159,-0.083493393,-0.0560806,0.2127120297,-0.437275299,5.0,0.9259910829,0.0,0.0188270383,0.0729907702,0.2774908298999999,0.2224645889,15.284211398,9.3372231893,8.5119113522,1.0,1.0,0.2481853346999999,0.0,0.2579372471,0.3813716559,0.8551503732,0.0699194152,0.0983998985,0.0137967002,0.0093546008,-0.001337858,2.0,0.0534214916,0.0066166766,0.090776596,0.0149972822,0.1089706944999999,0.1145460252,6.0,0.0402641756,8.975403e-10,0.046585802,0.0270183877,0.3783723311999999,6.666990794099999,7.4478066e-09,28.0,15.05
2009-03-31,1779782.9226,0.8721356987000001,0.7606206769,-0.480327121,15.556917179,0.0388744127,-0.378238398,-0.082317039,-0.417406758,-0.408689408,0.4118096304,0.0748171815,2.4653767015,0.0651640315,-0.065164032,17.0,-0.254877046,0.126659906,-0.4244694979999999,0.6413367025,47.717238569,0.037779333,0.1450201258,0.0463165303,0.9574522702,0.0395470723,0.0044509998,38.432162463,0.0,1.3682808695,0.2721145982999999,0.0,0.0,0.0,0.0694430551,0.0262853839,0.9154692973,1.7374684904,0.2680966507,0.0305462244,0.2051282051,0.1187468725,0.0737715261,0.7625769043,-1400.313108,0.3978676438,0.0095755274,-2.605780896,-0.435314741,0.0040827111,0.0116428549,-0.439993282,0.2189341159,-0.083493393,-0.0560806,0.2127120297,-0.437275299,5.0,0.9259910829,0.0,0.0188270383,0.0729907702,0.2774908298999999,0.2224645889,15.284211398,9.3372231893,8.5119113522,1.0,1.0,0.2481853346999999,0.0,0.2579372471,0.3813716559,0.8551503732,0.0699194152,0.0983998985,0.0137967002,0.0093546008,-0.001337858,2.0,0.0534214916,0.0066166766,0.090776596,0.0149972822,0.1089706944999999,0.1145460252,6.0,0.0331374546,9.226271e-10,0.0473528616,0.0253643125999999,0.3013751716,3.4575922508,1.0997371e-08,28.0,17.29
2009-04-30,2039113.548,0.871750389,0.7599487407,-0.4814425639999999,15.131698753,0.0388203443,-0.429706375,0.1488372535,-0.450729915,-0.388956529,0.1408058969999999,0.0752530755,2.4095651241,0.0651640315,-0.065164032,17.0,-0.254877046,0.126659906,-0.435766386,0.6413367025,47.717238569,0.037779333,0.1450201258,0.0463165303,0.9574522702,0.0395470723,0.0044509998,38.432162463,0.0,1.3682808695,0.2721145982999999,0.0,0.0,0.0,0.0694430551,0.0262853839,0.9154692973,1.7374684904,0.2680966507,0.0305462244,0.2051282051,0.1187468725,0.0737715261,0.7625769043,-1400.313108,0.3978676438,0.0095755274,-2.605780896,-0.435314741,0.0040827111,0.0116428549,-0.439993282,0.2189341159,-0.083493393,-0.0560806,0.2127120297,-0.437275299,5.0,0.9259910829,0.0,0.0188270383,0.0729907702,0.2774908298999999,0.2224645889,15.284211398,9.3372231893,8.5119113522,1.0,1.0,0.2481853346999999,0.0,0.2579372471,0.3813716559,0.8551503732,2.7114767595,0.1086256073,0.0043768252,-0.0031941409999999,-0.252916206,0.0,0.0335983391,0.0068313315,0.0599797880999999,0.006663606,0.1089231919999999,0.1140057805,6.0,0.0473404482,1.5814115e-09,0.0576534383,0.0328891301,0.3488773937,3.4911104511,9.1173559e-09,28.0,19.65
2009-05-29,2319210.855,0.8430741392000001,0.7107740042,0.4553284513,15.308903352,0.0390021712,-0.390630251,0.1364950091,-0.0173343769999999,-0.3499999789999999,0.2786925187,0.0668703558,2.1595919543,0.0651640315,-0.065164032,17.0,-0.254877046,0.126659906,-0.43972486,0.6413367025,47.717238569,0.037779333,0.1450201258,0.0463165303,0.9574522702,0.0395470723,0.0044509998,38.432162463,0.0,1.3682808695,0.2721145982999999,0.0,0.0,0.0,0.0694430551,0.0262853839,0.9154692973,1.7374684904,0.2680966507,0.0305462244,0.2051282051,0.1187468725,0.0737715261,0.7625769043,-1400.313108,0.3978676438,0.0095755274,-2.605780896,-0.435314741,0.0040827111,0.0116428549,-0.439993282,0.2189341159,-0.083493393,-0.0560806,0.2127120297,-0.437275299,5.0,0.9259910829,0.0,0.0188270383,0.0729907702,0.2774908298999999,0.2224645889,15.284211398,9.3372231893,8.5119113522,1.0,1.0,0.2481853346999999,0.0,0.2579372471,0.3813716559,0.8551503732,2.7114767595,0.1086256073,0.0043768252,-0.0031941409999999,-0.252916206,0.0,0.0335983391,0.0068313315,0.0599797880999999,0.006663606,0.1089231919999999,0.1140057805,6.0,0.0318076057,7.439517e-10,0.041045744,0.0182977012,0.4122803956,5.0823592106,9.4761673e-09,28.0,20.925
2009-06-30,2478546.0,0.8436238587,0.711701215,0.7467043806,15.444119055,0.0391174496,-0.354211358,0.0687023103,0.2714331845,-0.221782192,0.3214706418,0.0410698804,2.0343008366,0.0651640315,-0.065164032,17.0,-0.254877046,0.126659906,-0.446489906,0.6413367025,47.717238569,0.037779333,0.1450201258,0.0463165303,0.9574522702,0.0395470723,0.0044509998,38.432162463,0.0,1.3682808695,0.2721145982999999,0.0,0.0,0.0,0.0694430551,0.0262853839,0.9154692973,1.7374684904,0.2680966507,0.0305462244,0.2051282051,0.1187468725,0.0737715261,0.7625769043,-1400.313108,0.3978676438,0.0095755274,-2.605780896,-0.435314741,0.0040827111,0.0116428549,-0.439993282,0.2189341159,-0.083493393,-0.0560806,0.2127120297,-0.437275299,5.0,0.9259910829,0.0,0.0188270383,0.0729907702,0.2774908298999999,0.2224645889,15.284211398,9.3372231893,8.5119113522,1.0,1.0,0.2481853346999999,0.0,0.2579372471,0.3813716559,0.8551503732,2.7114767595,0.1086256073,0.0043768252,-0.0031941409999999,-0.252916206,0.0,0.0335983391,0.0068313315,0.0599797880999999,0.006663606,0.1089231919999999,0.1140057805,6.0,0.0303117511,8.079638e-10,0.0391670316,0.021628615,0.405772302,3.4682109979000004,1.3038478e-08,28.0,23.1
2009-07-31,2705934.0447,0.8554295919,0.7317597867,0.540233341,15.240625552,0.0395823455,-0.187556685,0.1000000164,0.1640797663,-0.1382848069999999,0.2974844752,0.0248087804,1.7796227403,0.0369837887,-0.0369837889999999,18.0,-0.09008814,0.2106580743,-0.920981236,0.5537786393999999,17.45223462,0.0670677138999999,0.4513269752,-0.094271905,-0.029194807,-0.083086228,0.023333079,-37.08581033,0.0,1.2052138223,0.2504666589,0.0,0.0,0.0,-0.000294304,0.0543667433,0.8221066137999999,0.9501679853,0.0894607309,0.0306809802999999,0.0,0.1169844157,0.1531487418,0.2402333091,-1949.138522,0.4793002864,0.0092502878,-0.407562962,-0.119176589,-0.079554495,0.01690696,-0.1224182019999999,-0.063299137,0.0812622641,0.0233106349,-0.053950002,-0.233616541,7.0,0.8126329193,0.0,0.0330181243,0.0688964191,0.3351582458,0.2482124885,12.984100015,8.8334799786,9.1842903012,1.0,1.0,0.1099934421,0.0,0.4792429666,0.4225837032,0.4508747768,2.7114767595,0.1086256073,0.0043768252,-0.0031941409999999,-0.252916206,0.0,0.0335983391,0.0068313315,0.0599797880999999,0.006663606,0.1089231919999999,0.1140057805,6.0,0.0305231202999999,9.241872e-10,0.0513581373,0.0223929208,0.3992926469,2.3902113265,1.3941213e-08,28.0,24.91
2009-08-31,2919352.3421,0.8511988895999999,0.7245395495999999,0.9058183757,15.173336014,0.0378593194,-0.158760078,0.0783549546999999,0.4085366463,-0.136448584,0.2090395651,0.0375025586,1.5861804157,0.0369837887,-0.0369837889999999,18.0,-0.09008814,0.2106580743,-0.8354621640000001,0.5537786393999999,17.45223462,0.0670677138999999,0.4513269752,-0.094271905,-0.029194807,-0.083086228,0.023333079,-37.08581033,0.0,1.2052138223,0.2504666589,0.0,0.0,0.0,-0.000294304,0.0543667433,0.8221066137999999,0.9501679853,0.0894607309,0.0306809802999999,0.0,0.1169844157,0.1531487418,0.2402333091,-1949.138522,0.4793002864,0.0092502878,-0.407562962,-0.119176589,-0.079554495,0.01690696,-0.1224182019999999,-0.063299137,0.0812622641,0.0233106349,-0.053950002,-0.233616541,7.0,0.8126329193,0.0,0.0330181243,0.0688964191,0.3351582458,0.2482124885,12.984100015,8.8334799786,9.1842903012,1.0,1.0,0.1099934421,0.0,0.4792429666,0.4225837032,0.4508747768,1.2106547777,0.103036566,0.0007377036,-0.001617329,0.0152897234,0.0,0.0302494050999999,0.0070758891,0.0538612983,-0.000784363,0.1080605303,0.1133839228,6.0,0.0328151375999999,7.766005e-10,0.0561180264,0.0206335039,0.4155278461,3.622255366,1.2175956000000002e-08,28.0,25.38
2009-09-30,2974434.3816,0.855996665,0.7327302904,1.1517427745,15.377212427,0.0381631066,-0.074113862,0.0188678969,0.6551494761,-0.115097685,0.2237799964,0.0301035358,1.3192379976000002,0.0369837887,-0.0369837889999999,18.0,-0.09008814,0.2106580743,-0.8406129529999999,0.5537786393999999,17.45223462,0.0670677138999999,0.4513269752,-0.094271905,-0.029194807,-0.083086228,0.023333079,-37.08581033,0.0,1.2052138223,0.2504666589,0.0,0.0,0.0,-0.000294304,0.0543667433,0.8221066137999999,0.9501679853,0.0894607309,0.0306809802999999,0.0,0.1169844157,0.1531487418,0.2402333091,-1949.138522,0.4793002864,0.0092502878,-0.407562962,-0.119176589,-0.079554495,0.01690696,-0.1224182019999999,-0.063299137,0.0812622641,0.0233106349,-0.053950002,-0.233616541,7.0,0.8126329193,0.0,0.0330181243,0.0688964191,0.3351582458,0.2482124885,12.984100015,8.8334799786,9.1842903012,1.0,1.0,0.1099934421,0.0,0.4792429666,0.4225837032,0.4508747768,1.2106547777,0.103036566,0.0007377036,-0.001617329,0.0152897234,0.0,0.0302494050999999,0.0070758891,0.0538612983,-0.000784363,0.1080605303,0.1133839228,6.0,0.0224780593,6.558854e-10,0.0244049821,0.0091658134,0.3306222745,1.5623226659,2.3562094e-08,28.0,25.0
2009-10-30,2926500.0,0.8563020915999999,0.7332532720999999,0.8149004928,14.782485671,0.0377727286,0.1702541676,-0.014972387,0.4679004015999999,-0.073722647,0.2025455434,0.0424715402,1.0898529947,0.0369837887,-0.0369837889999999,18.0,-0.09008814,0.2106580743,-0.80692735,0.5537786393999999,17.45223462,0.0670677138999999,0.4513269752,-0.094271905,-0.029194807,-0.083086228,0.023333079,-37.08581033,0.0,1.2052138223,0.2504666589,0.0,0.0,0.0,-0.000294304,0.0543667433,0.8221066137999999,0.9501679853,0.0894607309,0.0306809802999999,0.0,0.1169844157,0.1531487418,0.2402333091,-1949.138522,0.4793002864,0.0092502878,-0.407562962,-0.119176589,-0.079554495,0.01690696,-0.1224182019999999,-0.063299137,0.0812622641,0.0233106349,-0.053950002,-0.233616541,7.0,0.8126329193,0.0,0.0330181243,0.0688964191,0.3351582458,0.2482124885,12.984100015,8.8334799786,9.1842903012,1.0,1.0,0.1099934421,0.0,0.4792429666,0.4225837032,0.4508747768,0.8171898314,0.1119981207,0.001752036,-0.0619086879999999,0.0298095685,1.0,0.0340602819,0.0070964661,0.0594964787,-0.006188474,0.1026949403,0.10857982,6.0,0.0249184839999999,1.3859817e-09,0.0311750099,0.0184239402,0.4116071471,1.5382730778,2.7695617e-08,28.0,25.56
2009-11-30,2995222.9774,0.8639343998000001,0.7463826470999999,0.1839687791,14.605671013,0.0377354023,0.6092519163,0.0223999787,0.2722646535,0.4208582636999999,-0.15418822,0.0317278198,0.9095780994,0.0369837887,-0.0369837889999999,18.0,-0.09008814,0.2106580743,-0.773403663,0.5537786393999999,17.45223462,0.0670677138999999,0.4513269752,-0.094271905,-0.029194807,-0.083086228,0.023333079,-37.08581033,0.0,1.2052138223,0.2504666589,0.0,0.0,0.0,-0.000294304,0.0543667433,0.8221066137999999,0.9501679853,0.0894607309,0.0306809802999999,0.0,0.1169844157,0.1531487418,0.2402333091,-1949.138522,0.4793002864,0.0092502878,-0.407562962,-0.119176589,-0.079554495,0.01690696,-0.1224182019999999,-0.063299137,0.0812622641,0.0233106349,-0.053950002,-0.233616541,7.0,0.8126329193,0.0,0.0330181243,0.0688964191,0.3351582458,0.2482124885,12.984100015,8.8334799786,9.1842903012,1.0,1.0,0.1099934421,0.0,0.4792429666,0.4225837032,0.4508747768,0.8171898314,0.1119981207,0.001752036,-0.0619086879999999,0.0298095685,1.0,0.0340602819,0.0070964661,0.0594964787,-0.006188474,0.1026949403,0.10857982,6.0,0.025495796,9.650133e-10,0.0338403545,0.0163921958,0.5209513841,2.8038888118000003,1.8199591e-08,28.0,25.025
2009-12-31,2932529.5553,0.8641895345999999,0.7468235517,-0.167116936,15.000736023,0.038001575,0.7705955793000001,-0.020931138,0.2171428302,0.6538336942,-0.269698774,0.0285405631999999,0.8917078923999999,0.0369837887,-0.0369837889999999,18.0,-0.09008814,0.2106580743,-0.77105362,0.5537786393999999,17.45223462,0.0670677138999999,0.4513269752,-0.094271905,-0.029194807,-0.083086228,0.023333079,-37.08581033,0.0,1.2052138223,0.2504666589,0.0,0.0,0.0,-0.000294304,0.0543667433,0.8221066137999999,0.9501679853,0.0894607309,0.0306809802999999,0.0,0.1169844157,0.1531487418,0.2402333091,-1949.138522,0.4793002864,0.0092502878,-0.407562962,-0.119176589,-0.079554495,0.01690696,-0.1224182019999999,-0.063299137,0.0812622641,0.0233106349,-0.053950002,-0.233616541,7.0,0.8126329193,0.0,0.0330181243,0.0688964191,0.3351582458,0.2482124885,12.984100015,8.8334799786,9.1842903012,1.0,1.0,0.1099934421,0.0,0.4792429666,0.4225837032,0.4508747768,0.8171898314,0.1119981207,0.001752036,-0.0619086879999999,0.0298095685,1.0,0.0340602819,0.0070964661,0.0594964787,-0.006188474,0.1026949403,0.10857982,6.0,0.0227118561,9.99456e-10,0.0199447498,0.0124858837,0.4393004475,1.9290408491,2.688992100000001e-08,28.0,26.72
2010-01-29,3111645.2444,0.8644569987999999,0.7472859028,-0.123561359,14.684975145,0.037959435,0.7973971061,0.0679320991,0.0833332984,0.3871950308,-0.090037813,0.0293462541999999,0.9296012551,0.0369837887,-0.0369837889999999,18.0,-0.09008814,0.2106580743,-0.658172667,0.5537786393999999,17.45223462,0.0670677138999999,0.4513269752,-0.094271905,-0.029194807,-0.083086228,0.023333079,-37.08581033,0.0,1.2052138223,0.2504666589,0.0,0.0,0.0,-0.000294304,0.0543667433,0.8221066137999999,0.9501679853,0.0894607309,0.0306809802999999,0.0,0.1169844157,0.1531487418,0.2402333091,-1949.138522,0.4793002864,0.0092502878,-0.407562962,-0.119176589,-0.079554495,0.01690696,-0.1224182019999999,-0.063299137,0.0812622641,0.0233106349,-0.053950002,-0.233616541,7.0,0.8126329193,0.0,0.0330181243,0.0688964191,0.3351582458,0.2482124885,12.984100015,8.8334799786,9.1842903012,1.0,1.0,0.1099934421,0.0,0.4792429666,0.4225837032,0.4508747768,1.0088745022,0.1299219797,-0.004939279,-0.015805671,0.0980900278999999,2.0,0.0436947763999999,0.0071373601,0.0755156697,-0.00548683,0.1025975148,0.1085952748,6.0,0.0193279072,7.688665e-10,0.0192494242999999,0.0099194338,0.5004355603,1.7735455084,2.2977723e-08,28.0,26.245
2010-02-26,3055757.9377,0.8653826465000001,0.7488871249,-0.4653094989999999,14.812289765,0.0377739347,0.8658575635,-0.017960694,0.0728623245,0.6295732363000001,-0.23552033,0.0316976479,0.9472795853,0.0369837887,-0.0369837889999999,18.0,-0.09008814,0.2106580743,-0.660358721,0.5537786393999999,17.45223462,0.0670677138999999,0.4513269752,-0.094271905,-0.029194807,-0.083086228,0.023333079,-37.08581033,0.0,1.2052138223,0.2504666589,0.0,0.0,0.0,-0.000294304,0.0543667433,0.8221066137999999,0.9501679853,0.0894607309,0.0306809802999999,0.0,0.1169844157,0.1531487418,0.2402333091,-1949.138522,0.4793002864,0.0092502878,-0.407562962,-0.119176589,-0.079554495,0.01690696,-0.1224182019999999,-0.063299137,0.0812622641,0.0233106349,-0.053950002,-0.233616541,7.0,0.8126329193,0.0,0.0330181243,0.0688964191,0.3351582458,0.2482124885,12.984100015,8.8334799786,9.1842903012,1.0,1.0,0.1099934421,0.0,0.4792429666,0.4225837032,0.4508747768,1.0088745022,0.1299219797,-0.004939279,-0.015805671,0.0980900278999999,2.0,0.0436947763999999,0.0071373601,0.0755156697,-0.00548683,0.1025975148,0.1085952748,6.0,0.0248457254,7.292009e-10,0.0379374102,0.0275430633,0.6004190982000001,6.5597666286,2.0114994e-08,28.0,26.405
2010-03-31,3065620.7557,0.8760315186,0.7674312217,-0.646189523,15.067712996,0.0383620781,1.1823931859,0.0059058401,0.03408202,0.7438538571,-0.301462047,0.0185384069,1.2159980997,0.0369837887,-0.0369837889999999,18.0,-0.09008814,0.2106580743,-0.653223422,0.5537786393999999,17.45223462,0.0670677138999999,0.4513269752,-0.094271905,-0.029194807,-0.083086228,0.023333079,-37.08581033,0.0,1.2052138223,0.2504666589,0.0,0.0,0.0,-0.000294304,0.0543667433,0.8221066137999999,0.9501679853,0.0894607309,0.0306809802999999,0.0,0.1169844157,0.1531487418,0.2402333091,-1949.138522,0.4793002864,0.0092502878,-0.407562962,-0.119176589,-0.079554495,0.01690696,-0.1224182019999999,-0.063299137,0.0812622641,0.0233106349,-0.053950002,-0.233616541,7.0,0.8126329193,0.0,0.0330181243,0.0688964191,0.3351582458,0.2482124885,12.984100015,8.8334799786,9.1842903012,1.0,1.0,0.1099934421,0.0,0.4792429666,0.4225837032,0.4508747768,1.0088745022,0.1299219797,-0.004939279,-0.015805671,0.0980900278999999,2.0,0.0436947763999999,0.0071373601,0.0755156697,-0.00548683,0.1025975148,0.1085952748,6.0,0.025858155,4.80329e-10,0.0315413624,0.0171824609,0.5458092552,6.8242181122000005,1.4469843999999998e-08,28.0,28.775
2010-04-30,3311196.7561,0.8824370317,0.778695115,-0.294922443,15.402080322,0.0386240454999999,1.0163030808,0.0899621248,0.0559999834,0.5268940608,-0.2107724989999999,0.0262550938,1.2685654155,0.0369837887,-0.0369837889999999,18.0,-0.09008814,0.2106580743,-0.646777699,0.5537786393999999,17.45223462,0.0670677138999999,0.4513269752,-0.094271905,-0.029194807,-0.083086228,0.023333079,-37.08581033,0.0,1.2052138223,0.2504666589,0.0,0.0,0.0,-0.000294304,0.0543667433,0.8221066137999999,0.9501679853,0.0894607309,0.0306809802999999,0.0,0.1169844157,0.1531487418,0.2402333091,-1949.138522,0.4793002864,0.0092502878,-0.407562962,-0.119176589,-0.079554495,0.01690696,-0.1224182019999999,-0.063299137,0.0812622641,0.0233106349,-0.053950002,-0.233616541,7.0,0.8126329193,0.0,0.0330181243,0.0688964191,0.3351582458,0.2482124885,12.984100015,8.8334799786,9.1842903012,1.0,1.0,0.1099934421,0.0,0.4792429666,0.4225837032,0.4508747768,1.6543027632,0.1309724392,-0.000586881,0.0119390908,0.0491882712,0.0,0.0394935567,0.0071442083,0.0670160272,0.0027428669,0.1002834560999999,0.1056134051,6.0,0.0200530212,7.237135e-10,0.0298854354999999,0.0142929101,0.3380801516,1.692464201,1.8221025000000003e-08,28.0,33.07
2010-05-28,3813103.2448,0.8863166290000001,0.7855571669,-0.006944869,15.058214635,0.0388415218,0.8167527964,0.1492615193,0.125782482,0.4643765978999999,-0.128313179,0.0214140310999999,1.4470096441,0.0369837887,-0.0369837889999999,18.0,-0.09008814,0.2106580743,-0.644442544,0.5537786393999999,17.45223462,0.0670677138999999,0.4513269752,-0.094271905,-0.029194807,-0.083086228,0.023333079,-37.08581033,0.0,1.2052138223,0.2504666589,0.0,0.0,0.0,-0.000294304,0.0543667433,0.8221066137999999,0.9501679853,0.0894607309,0.0306809802999999,0.0,0.1169844157,0.1531487418,0.2402333091,-1949.138522,0.4793002864,0.0092502878,-0.407562962,-0.119176589,-0.079554495,0.01690696,-0.1224182019999999,-0.063299137,0.0812622641,0.0233106349,-0.053950002,-0.233616541,7.0,0.8126329193,0.0,0.0330181243,0.0688964191,0.3351582458,0.2482124885,12.984100015,8.8334799786,9.1842903012,1.0,1.0,0.1099934421,0.0,0.4792429666,0.4225837032,0.4508747768,1.6543027632,0.1309724392,-0.000586881,0.0119390908,0.0491882712,0.0,0.0394935567,0.0071442083,0.0670160272,0.0027428669,0.1002834560999999,0.1056134051,6.0,0.0209403716999999,4.413548e-10,0.1069536209,0.0240918976,0.790338086,10.412118857,1.2312392e-08,28.0,31.62
2010-06-30,3645912.5768,0.8956049220000001,0.8021081763,0.0718698735,15.679432636,0.0391595699,0.6114737286,-0.043846354,0.321478535,0.5747618935000001,-0.0485898779999999,0.0238442356999999,1.263147846,0.0369837887,-0.0369837889999999,18.0,-0.09008814,0.2106580743,-0.643678887,0.5537786393999999,17.45223462,0.0670677138999999,0.4513269752,-0.094271905,-0.029194807,-0.083086228,0.023333079,-37.08581033,0.0,1.2052138223,0.2504666589,0.0,0.0,0.0,-0.000294304,0.0543667433,0.8221066137999999,0.9501679853,0.0894607309,0.0306809802999999,0.0,0.1169844157,0.1531487418,0.2402333091,-1949.138522,0.4793002864,0.0092502878,-0.407562962,-0.119176589,-0.079554495,0.01690696,-0.1224182019999999,-0.063299137,0.0812622641,0.0233106349,-0.053950002,-0.233616541,7.0,0.8126329193,0.0,0.0330181243,0.0688964191,0.3351582458,0.2482124885,12.984100015,8.8334799786,9.1842903012,1.0,1.0,0.1099934421,0.0,0.4792429666,0.4225837032,0.4508747768,1.6543027632,0.1309724392,-0.000586881,0.0119390908,0.0491882712,0.0,0.0394935567,0.0071442083,0.0670160272,0.0027428669,0.1002834560999999,0.1056134051,6.0,0.0326455467,1.0092385e-09,0.0501868427,0.0240446910999999,0.3433624013,2.0837099308,2.0806623e-08,28.0,30.45
2010-07-30,3508692.6879,0.8974885599,0.8054857151,-0.017543789,15.159185211,0.0389287389,0.363017153,-0.0370019,0.1831618512999999,0.3688311852,-0.023565417,0.0334849524,1.1658926281,0.0669989911,-0.066998991,19.0,-0.05629464,0.1712444569,-0.366183119,0.5499918705,21.619436324,0.0562249192,0.0882866558,-0.088124077,-0.017003529,0.0035638171999999,-0.006989995,2.4052930692,0.0,1.4683209457,0.2430656277,0.0,0.0,0.0,0.174294947,0.0392798639,0.7510494005,-0.235206207,0.0903286225,0.0337600711,0.0212765956999999,0.0272955187999999,0.0944670683999999,-0.101743964,-1711.56332,0.4193734846,0.0094003509,-9.241703693,0.2183074228,-0.029548968,-0.011556131,0.2766977114,0.0548772725,-0.024943706,0.0260517929999999,0.0576110726,-0.431392923,5.0,1.0374865882,0.0,0.0209291214,0.0631271004,0.3469208753,0.2504940944,9.6660014242,9.342386235,8.9623828264,1.0,1.0,0.0074245872,0.0,0.3315394056,0.4408054275999999,0.3382728029,1.6543027632,0.1309724392,-0.000586881,0.0119390908,0.0491882712,0.0,0.0394935567,0.0071442083,0.0670160272,0.0027428669,0.1002834560999999,0.1056134051,6.0,0.0261290494,1.1078254e-09,0.0311346258999999,0.0170338321,0.3898399971,1.5102160194,2.6222897e-08,28.0,29.37
2010-08-31,3389650.5369,0.9107637695,0.8294906437999999,0.0654773221,14.794794142,0.0381564129,0.0811389255,-0.035467979,0.1602209881,0.2224006802,-0.006183944,0.0448461167,1.0380376391,0.0669989911,-0.066998991,19.0,-0.05629464,0.1712444569,-0.352917865,0.5499918705,21.619436324,0.0562249192,0.0882866558,-0.088124077,-0.017003529,0.0035638171999999,-0.006989995,2.4052930692,0.0,1.4683209457,0.2430656277,0.0,0.0,0.0,0.174294947,0.0392798639,0.7510494005,-0.235206207,0.0903286225,0.0337600711,0.0212765956999999,0.0272955187999999,0.0944670683999999,-0.101743964,-1711.56332,0.4193734846,0.0094003509,-9.241703693,0.2183074228,-0.029548968,-0.011556131,0.2766977114,0.0548772725,-0.024943706,0.0260517929999999,0.0576110726,-0.431392923,5.0,1.0374865882,0.0,0.0209291214,0.0631271004,0.3469208753,0.2504940944,9.6660014242,9.342386235,8.9623828264,1.0,1.0,0.0074245872,0.0,0.3315394056,0.4408054275999999,0.3382728029,4.9980497065,0.1320030129,0.0016069252,0.0041773712,-0.120904269,0.0,0.0379818601,0.0071770272999999,0.0619473455,0.0086905795,0.0983216389,0.1034053425999999,6.0,0.028806931,7.545252e-10,0.0494942254999999,0.0215847833999999,0.5090245551,3.1086621773000003,1.5941645e-08,28.0,27.635
2010-09-30,3189410.6464,0.9102475386,0.8285505815,0.006591185,15.303298819,0.0383026823,0.099730199,-0.059073903,0.1125000476,0.1572104711999999,-0.0915436519999999,0.0244425608,1.0142585717,0.0669989911,-0.066998991,19.0,-0.05629464,0.1712444569,-0.355318056,0.5499918705,21.619436324,0.0562249192,0.0882866558,-0.088124077,-0.017003529,0.0035638171999999,-0.006989995,2.4052930692,0.0,1.4683209457,0.2430656277,0.0,0.0,0.0,0.174294947,0.0392798639,0.7510494005,-0.235206207,0.0903286225,0.0337600711,0.0212765956999999,0.0272955187999999,0.0944670683999999,-0.101743964,-1711.56332,0.4193734846,0.0094003509,-9.241703693,0.2183074228,-0.029548968,-0.011556131,0.2766977114,0.0548772725,-0.024943706,0.0260517929999999,0.0576110726,-0.431392923,5.0,1.0374865882,0.0,0.0209291214,0.0631271004,0.3469208753,0.2504940944,9.6660014242,9.342386235,8.9623828264,1.0,1.0,0.0074245872,0.0,0.3315394056,0.4408054275999999,0.3382728029,4.9980497065,0.1320030129,0.0016069252,0.0041773712,-0.120904269,0.0,0.0379818601,0.0071770272999999,0.0619473455,0.0086905795,0.0983216389,0.1034053425999999,6.0,0.0190495031,7.426866e-10,0.0204118751,0.0130717822,0.3143297673,1.3359681356,2.0688047999999995e-08,28.0,30.86
2010-10-29,3540814.75,0.915142901,0.8374865292,-0.078541218,14.935827887,0.0380455271,-0.02570377,0.1166998519999999,-0.039617704,0.1054000091,-0.0875079519999999,0.0202896172,1.0046663421,0.0669989911,-0.066998991,19.0,-0.05629464,0.1712444569,-0.351780627,0.5499918705,21.619436324,0.0562249192,0.0882866558,-0.088124077,-0.017003529,0.0035638171999999,-0.006989995,2.4052930692,0.0,1.4683209457,0.2430656277,0.0,0.0,0.0,0.174294947,0.0392798639,0.7510494005,-0.235206207,0.0903286225,0.0337600711,0.0212765956999999,0.0272955187999999,0.0944670683999999,-0.101743964,-1711.56332,0.4193734846,0.0094003509,-9.241703693,0.2183074228,-0.029548968,-0.011556131,0.2766977114,0.0548772725,-0.024943706,0.0260517929999999,0.0576110726,-0.431392923,5.0,1.0374865882,0.0,0.0209291214,0.0631271004,0.3469208753,0.2504940944,9.6660014242,9.342386235,8.9623828264,1.0,1.0,0.0074245872,0.0,0.3315394056,0.4408054275999999,0.3382728029,4.525647063,0.1290259183,0.0040415105,-0.027489837,0.1103735808,1.0,0.0408471208,0.0071224612,0.0641818687,0.0096853198,0.0927585349,0.0970222133,6.0,0.0210046360999999,8.487318e-10,0.0338338874,0.012176236,0.3660706251,1.3341133882,2.8286819e-08,28.0,29.98
2010-11-30,3447939.7874,0.9189206496,0.8444151603,-0.387256655,14.779302537,0.0374487694,0.1817649623999999,-0.0285159129999999,-0.066827915,0.2073552937,-0.160453283,0.0394221213,0.8552100723,0.0669989911,-0.066998991,19.0,-0.05629464,0.1712444569,-0.351662606,0.5499918705,21.619436324,0.0562249192,0.0882866558,-0.088124077,-0.017003529,0.0035638171999999,-0.006989995,2.4052930692,0.0,1.4683209457,0.2430656277,0.0,0.0,0.0,0.174294947,0.0392798639,0.7510494005,-0.235206207,0.0903286225,0.0337600711,0.0212765956999999,0.0272955187999999,0.0944670683999999,-0.101743964,-1711.56332,0.4193734846,0.0094003509,-9.241703693,0.2183074228,-0.029548968,-0.011556131,0.2766977114,0.0548772725,-0.024943706,0.0260517929999999,0.0576110726,-0.431392923,5.0,1.0374865882,0.0,0.0209291214,0.0631271004,0.3469208753,0.2504940944,9.6660014242,9.342386235,8.9623828264,1.0,1.0,0.0074245872,0.0,0.3315394056,0.4408054275999999,0.3382728029,4.525647063,0.1290259183,0.0040415105,-0.027489837,0.1103735808,1.0,0.0408471208,0.0071224612,0.0641818687,0.0096853198,0.0927585349,0.0970222133,6.0,0.0161929298,5.802535e-10,0.0234462675,0.011423438,0.3944047502,1.5394607533000002,2.4134525e-08,28.0,32.105
2010-12-31,3692331.7874,0.9280980213,0.8613659372,-0.248198171,14.905181806,0.0370661585999999,0.163686119,0.0708805844,-0.0518659479999999,0.1980020005,-0.1727272839999999,0.0394068459,0.822361036,0.0669989911,-0.066998991,19.0,-0.05629464,0.1712444569,-0.352515037,0.5499918705,21.619436324,0.0562249192,0.0882866558,-0.088124077,-0.017003529,0.0035638171999999,-0.006989995,2.4052930692,0.0,1.4683209457,0.2430656277,0.0,0.0,0.0,0.174294947,0.0392798639,0.7510494005,-0.235206207,0.0903286225,0.0337600711,0.0212765956999999,0.0272955187999999,0.0944670683999999,-0.101743964,-1711.56332,0.4193734846,0.0094003509,-9.241703693,0.2183074228,-0.029548968,-0.011556131,0.2766977114,0.0548772725,-0.024943706,0.0260517929999999,0.0576110726,-0.431392923,5.0,1.0374865882,0.0,0.0209291214,0.0631271004,0.3469208753,0.2504940944,9.6660014242,9.342386235,8.9623828264,1.0,1.0,0.0074245872,0.0,0.3315394056,0.4408054275999999,0.3382728029,4.525647063,0.1290259183,0.0040415105,-0.027489837,0.1103735808,1.0,0.0408471208,0.0071224612,0.0641818687,0.0096853198,0.0927585349,0.0970222133,6.0,0.0170243274,6.700572e-10,0.0224022865,0.0102804492,0.3469040422,1.300457682,2.4286971e-08,28.0,34.61
2011-01-31,3967067.49,0.936649229,0.8773117782,-0.002765217,14.968385825,0.0364153038,0.1094744733,0.0780252665,0.0543513517999999,0.2013095996999999,-0.088350676,0.0405339671,0.8351160045,0.0669989911,-0.066998991,19.0,-0.05629464,0.1712444569,-0.334368415,0.5499918705,21.619436324,0.0562249192,0.0882866558,-0.088124077,-0.017003529,0.0035638171999999,-0.006989995,2.4052930692,0.0,1.4683209457,0.2430656277,0.0,0.0,0.0,0.174294947,0.0392798639,0.7510494005,-0.235206207,0.0903286225,0.0337600711,0.0212765956999999,0.0272955187999999,0.0944670683999999,-0.101743964,-1711.56332,0.4193734846,0.0094003509,-9.241703693,0.2183074228,-0.029548968,-0.011556131,0.2766977114,0.0548772725,-0.024943706,0.0260517929999999,0.0576110726,-0.431392923,5.0,1.0374865882,0.0,0.0209291214,0.0631271004,0.3469208753,0.2504940944,9.6660014242,9.342386235,8.9623828264,1.0,1.0,0.0074245872,0.0,0.3315394056,0.4408054275999999,0.3382728029,1.8930298305,0.1415017961,0.0024808706,-0.010711358,0.0165788531,2.0,0.0451215842999999,0.0062888046,0.0748169455999999,0.0044914165,0.0885878231,0.0919147017,6.0,0.0160899624,6.417373e-10,0.0347180441,0.0113068146999999,0.393221169,1.3087521021,2.5596758e-08,28.0,35.85
2011-02-28,4109198.5251,0.9469592974,0.8967319109,0.10156292,14.944324884,0.0364122900999999,0.2253565343,0.0358277336,0.178413336,0.3187273596,-0.0688308879999999,0.0033454122,0.95932095,0.0669989911,-0.066998991,19.0,-0.05629464,0.1712444569,-0.335464666,0.5499918705,21.619436324,0.0562249192,0.0882866558,-0.088124077,-0.017003529,0.0035638171999999,-0.006989995,2.4052930692,0.0,1.4683209457,0.2430656277,0.0,0.0,0.0,0.174294947,0.0392798639,0.7510494005,-0.235206207,0.0903286225,0.0337600711,0.0212765956999999,0.0272955187999999,0.0944670683999999,-0.101743964,-1711.56332,0.4193734846,0.0094003509,-9.241703693,0.2183074228,-0.029548968,-0.011556131,0.2766977114,0.0548772725,-0.024943706,0.0260517929999999,0.0576110726,-0.431392923,5.0,1.0374865882,0.0,0.0209291214,0.0631271004,0.3469208753,0.2504940944,9.6660014242,9.342386235,8.9623828264,1.0,1.0,0.0074245872,0.0,0.3315394056,0.4408054275999999,0.3382728029,1.8930298305,0.1415017961,0.0024808706,-0.010711358,0.0165788531,2.0,0.0451215842999999,0.0062888046,0.0748169455999999,0.0044914165,0.0885878231,0.0919147017,6.0,0.018986166,3.774799e-10,0.0175970178,0.0116548203,0.4338231777,2.6705524157,1.7654504e-08,28.0,38.85
2011-03-31,4454929.325,0.9340450398,0.8724401365000001,0.3590455561,15.443094861,0.0362570808999999,0.218072652,0.0836820155,0.2972678922,0.3579545099,-0.0481341579999999,0.0129373401,0.9513233421,0.0669989911,-0.066998991,19.0,-0.05629464,0.1712444569,-0.333672383,0.5499918705,21.619436324,0.0562249192,0.0882866558,-0.088124077,-0.017003529,0.0035638171999999,-0.006989995,2.4052930692,0.0,1.4683209457,0.2430656277,0.0,0.0,0.0,0.174294947,0.0392798639,0.7510494005,-0.235206207,0.0903286225,0.0337600711,0.0212765956999999,0.0272955187999999,0.0944670683999999,-0.101743964,-1711.56332,0.4193734846,0.0094003509,-9.241703693,0.2183074228,-0.029548968,-0.011556131,0.2766977114,0.0548772725,-0.024943706,0.0260517929999999,0.0576110726,-0.431392923,5.0,1.0374865882,0.0,0.0209291214,0.0631271004,0.3469208753,0.2504940944,9.6660014242,9.342386235,8.9623828264,1.0,1.0,0.0074245872,0.0,0.3315394056,0.4408054275999999,0.3382728029,1.8930298305,0.1415017961,0.0024808706,-0.010711358,0.0165788531,2.0,0.0451215842999999,0.0062888046,0.0748169455999999,0.0044914165,0.0885878231,0.0919147017,6.0,0.020883117,5.248792e-10,0.0252179001,0.0117960259,0.316102575,1.2576994378,2.7557688e-08,28.0,38.61
2011-04-29,4426018.81,0.9319150401,0.8684656419,0.1786753839,15.129726001,0.0345665255,0.1715577278999999,-0.0061775519999999,0.2589111403,0.3501302905,0.1682907294,0.0705276292,1.0050920759,0.0669989911,-0.066998991,19.0,-0.05629464,0.1712444569,-0.329670275,0.5499918705,21.619436324,0.0562249192,0.0882866558,-0.088124077,-0.017003529,0.0035638171999999,-0.006989995,2.4052930692,0.0,1.4683209457,0.2430656277,0.0,0.0,0.0,0.174294947,0.0392798639,0.7510494005,-0.235206207,0.0903286225,0.0337600711,0.0212765956999999,0.0272955187999999,0.0944670683999999,-0.101743964,-1711.56332,0.4193734846,0.0094003509,-9.241703693,0.2183074228,-0.029548968,-0.011556131,0.2766977114,0.0548772725,-0.024943706,0.0260517929999999,0.0576110726,-0.431392923,5.0,1.0374865882,0.0,0.0209291214,0.0631271004,0.3469208753,0.2504940944,9.6660014242,9.342386235,8.9623828264,1.0,1.0,0.0074245872,0.0,0.3315394056,0.4408054275999999,0.3382728029,0.6543455116,0.1548329635999999,0.002781974,0.0142443753,-0.014618416,0.0,0.0416127427,0.0057715084,0.0661769615,0.0029676786,0.08883365,0.0927945942999999,6.0,0.0143640775,3.7645900000000005e-10,0.0118495384,0.0082618305,0.3192954248999999,1.2321779185,2.0224995e-08,28.0,40.715
2011-05-31,4669521.9375,0.942371483,0.8880640120000001,0.4515102457,15.243323755,0.0341979232,0.1372076564,0.0545195416,0.2878586156,0.1675234648,0.2432330553,0.0272784146,0.839024135,0.0669989911,-0.066998991,19.0,-0.05629464,0.1712444569,-0.323402803,0.5499918705,21.619436324,0.0562249192,0.0882866558,-0.088124077,-0.017003529,0.0035638171999999,-0.006989995,2.4052930692,0.0,1.4683209457,0.2430656277,0.0,0.0,0.0,0.174294947,0.0392798639,0.7510494005,-0.235206207,0.0903286225,0.0337600711,0.0212765956999999,0.0272955187999999,0.0944670683999999,-0.101743964,-1711.56332,0.4193734846,0.0094003509,-9.241703693,0.2183074228,-0.029548968,-0.011556131,0.2766977114,0.0548772725,-0.024943706,0.0260517929999999,0.0576110726,-0.431392923,5.0,1.0374865882,0.0,0.0209291214,0.0631271004,0.3469208753,0.2504940944,9.6660014242,9.342386235,8.9623828264,1.0,1.0,0.0074245872,0.0,0.3315394056,0.4408054275999999,0.3382728029,0.6543455116,0.1548329635999999,0.002781974,0.0142443753,-0.014618416,0.0,0.0416127427,0.0057715084,0.0661769615,0.0029676786,0.08883365,0.0927945942999999,6.0,0.0144650427,4.812321e-10,0.0277130194,0.0113437315999999,0.311259558,1.0398918641,2.9546957000000013e-08,28.0,39.36
2011-06-30,4514119.75,0.9387012663,0.8811600673000001,0.2106389554,15.055661037,0.033829599,0.3339575623,-0.0332801079999999,0.2681825560999999,0.2876343817,0.2522772626,0.0368181774,0.8535599702,0.0669989911,-0.066998991,19.0,-0.05629464,0.1712444569,-0.32418526,0.5499918705,21.619436324,0.0562249192,0.0882866558,-0.088124077,-0.017003529,0.0035638171999999,-0.006989995,2.4052930692,0.0,1.4683209457,0.2430656277,0.0,0.0,0.0,0.174294947,0.0392798639,0.7510494005,-0.235206207,0.0903286225,0.0337600711,0.0212765956999999,0.0272955187999999,0.0944670683999999,-0.101743964,-1711.56332,0.4193734846,0.0094003509,-9.241703693,0.2183074228,-0.029548968,-0.011556131,0.2766977114,0.0548772725,-0.024943706,0.0260517929999999,0.0576110726,-0.431392923,5.0,1.0374865882,0.0,0.0209291214,0.0631271004,0.3469208753,0.2504940944,9.6660014242,9.342386235,8.9623828264,1.0,1.0,0.0074245872,0.0,0.3315394056,0.4408054275999999,0.3382728029,0.6543455116,0.1548329635999999,0.002781974,0.0142443753,-0.014618416,0.0,0.0416127427,0.0057715084,0.0661769615,0.0029676786,0.08883365,0.0927945942999999,6.0,0.0175499191,5.008056e-10,0.0237258263,0.0111780809,0.2860412447,1.2939640369,2.4337934e-08,28.0,38.78
2011-07-29,4407812.2213,0.9422717291,0.8878760115000001,-0.016132041,15.167246781,0.0331167328,0.4809244994,-0.0147358189999999,0.1372435708,0.2926108273,0.2494870605,0.0463597917,0.937571834,0.0440284205,-0.04402842,20.0,-0.109603019,0.1494544777999999,-0.336480147,0.6011047144,19.586026957,0.0450793952,0.0808999879,-0.016186923,-0.015545554,-0.148066828,0.0204728813,-7.829660816,0.0,1.615473919,0.2186144504,0.0,0.0,0.0,0.1159533513,0.035614217,0.77019444,-0.567549544,0.0517438592,0.0328429216,0.0,0.0587401534,0.0813858112,0.0983677385,-1330.684679,0.415867201,0.0093830445,-1.378798849,0.1002185343999999,-0.100594961,0.0136620501,0.1247672052,-0.088557717,0.0263553708,-0.00041252,-0.076467029,-0.265769655,7.0,1.1669308903,0.0,0.0172916144,0.0621692019,0.3429671424,0.2772530576999999,7.0317815378,8.6280017203,9.1888074617,1.0,1.0,0.0695586512,0.0,0.2781379501,0.4688747514,-3.818184437,0.7038999809,0.174905032,0.0014136819,0.0031050046999999,-0.01837807,1.0,0.0421792028,0.0054839029,0.0665387275,0.0033833557,0.0891244702,0.0932078168999999,6.0,0.0187306206,5.012583e-10,0.0282704737,0.0137501759,0.3027253298,1.653456628,1.6676534e-08,28.0,41.47
2011-08-31,4714641.4988,0.9481817354,0.8990486034,-0.063868835,15.483536420999998,0.0327202196,0.3412743774,0.0693657175,0.0817294413999999,0.3203948858,0.0979439553999999,0.0383942061,1.110712359,0.0440284205,-0.04402842,20.0,-0.109603019,0.1494544777999999,-0.338410862,0.6011047144,19.586026957,0.0450793952,0.0808999879,-0.016186923,-0.015545554,-0.148066828,0.0204728813,-7.829660816,0.0,1.615473919,0.2186144504,0.0,0.0,0.0,0.1159533513,0.035614217,0.77019444,-0.567549544,0.0517438592,0.0328429216,0.0,0.0587401534,0.0813858112,0.0983677385,-1330.684679,0.415867201,0.0093830445,-1.378798849,0.1002185343999999,-0.100594961,0.0136620501,0.1247672052,-0.088557717,0.0263553708,-0.00041252,-0.076467029,-0.265769655,7.0,1.1669308903,0.0,0.0172916144,0.0621692019,0.3429671424,0.2772530576999999,7.0317815378,8.6280017203,9.1888074617,1.0,1.0,0.0695586512,0.0,0.2781379501,0.4688747514,-3.818184437,0.7038999809,0.174905032,0.0014136819,0.0031050046999999,-0.01837807,1.0,0.0421792028,0.0054839029,0.0665387275,0.0033833557,0.0891244702,0.0932078168999999,6.0,0.0220864125,5.776637e-10,0.0673784688,0.0207300309,0.6126652652000001,4.719959183399999,1.7276573e-08,28.0,39.89
2011-09-30,4535014.2506,0.9543348843,0.9107550714,-0.379056235,15.602108234,0.0328052653,0.3756351786,-0.038099874,0.0674389383,0.5006332893,-0.018294829,0.0404191631,1.5278484541,0.0440284205,-0.04402842,20.0,-0.109603019,0.1494544777999999,-0.330114166,0.6011047144,19.586026957,0.0450793952,0.0808999879,-0.016186923,-0.015545554,-0.148066828,0.0204728813,-7.829660816,0.0,1.615473919,0.2186144504,0.0,0.0,0.0,0.1159533513,0.035614217,0.77019444,-0.567549544,0.0517438592,0.0328429216,0.0,0.0587401534,0.0813858112,0.0983677385,-1330.684679,0.415867201,0.0093830445,-1.378798849,0.1002185343999999,-0.100594961,0.0136620501,0.1247672052,-0.088557717,0.0263553708,-0.00041252,-0.076467029,-0.265769655,7.0,1.1669308903,0.0,0.0172916144,0.0621692019,0.3429671424,0.2772530576999999,7.0317815378,8.6280017203,9.1888074617,1.0,1.0,0.0695586512,0.0,0.2781379501,0.4688747514,-3.818184437,0.7038999809,0.174905032,0.0014136819,0.0031050046999999,-0.01837807,1.0,0.0421792028,0.0054839029,0.0665387275,0.0033833557,0.0891244702,0.0932078168999999,6.0,0.0391601056999999,6.348814e-10,0.0691692084,0.032020533,0.3831146207999999,3.6862624387,9.2192368e-09,28.0,34.485
2011-10-31,3876320.9786,0.9608402111,0.9232139112,-0.3579717529999999,16.051626454,0.0315328687999999,0.1300691373,-0.135497585,0.0331519993,0.2926117503,0.1262774103999999,-0.146181303,1.622789364,0.0440284205,-0.04402842,20.0,-0.109603019,0.1494544777999999,-0.321696886,0.6011047144,19.586026957,0.0450793952,0.0808999879,-0.016186923,-0.015545554,-0.148066828,0.0204728813,-7.829660816,0.0,1.615473919,0.2186144504,0.0,0.0,0.0,0.1159533513,0.035614217,0.77019444,-0.567549544,0.0517438592,0.0328429216,0.0,0.0587401534,0.0813858112,0.0983677385,-1330.684679,0.415867201,0.0093830445,-1.378798849,0.1002185343999999,-0.100594961,0.0136620501,0.1247672052,-0.088557717,0.0263553708,-0.00041252,-0.076467029,-0.265769655,7.0,1.1669308903,0.0,0.0172916144,0.0621692019,0.3429671424,0.2772530576999999,7.0317815378,8.6280017203,9.1888074617,1.0,1.0,0.0695586512,0.0,0.2781379501,0.4688747514,-3.818184437,0.0690889578,0.1687330535,0.0017942845,-0.00221765,0.025397392,2.0,0.0408095022,0.0054718956,0.0637578692,0.0054556931,0.0705123165,0.0719118758,6.0,0.0306279727999999,6.211389e-10,0.0304115955,0.0199437431,0.3668818865,2.7968781709,1.4073009e-08,28.0,35.995
2011-11-30,4042166.3901,0.8639574671,0.7464225049,-0.473999894,15.573445382,0.0315362425,-0.045320832,0.0437871030999999,-0.153014844,0.15026689,0.7038932061,-0.1415908,1.7233313743,0.0440284205,-0.04402842,20.0,-0.109603019,0.1494544777999999,-0.317144616,0.6011047144,19.586026957,0.0450793952,0.0808999879,-0.016186923,-0.015545554,-0.148066828,0.0204728813,-7.829660816,0.0,1.615473919,0.2186144504,0.0,0.0,0.0,0.1159533513,0.035614217,0.77019444,-0.567549544,0.0517438592,0.0328429216,0.0,0.0587401534,0.0813858112,0.0983677385,-1330.684679,0.415867201,0.0093830445,-1.378798849,0.1002185343999999,-0.100594961,0.0136620501,0.1247672052,-0.088557717,0.0263553708,-0.00041252,-0.076467029,-0.265769655,7.0,1.1669308903,0.0,0.0172916144,0.0621692019,0.3429671424,0.2772530576999999,7.0317815378,8.6280017203,9.1888074617,1.0,1.0,0.0695586512,0.0,0.2781379501,0.4688747514,-3.818184437,0.0690889578,0.1687330535,0.0017942845,-0.00221765,0.025397392,2.0,0.0408095022,0.0054718956,0.0637578692,0.0054556931,0.0705123165,0.0719118758,6.0,0.0321088174,5.867594e-10,0.0306236725,0.0210854189,0.4497963896,3.8435936277,1.3162165000000002e-08,28.0,37.595
2011-12-30,4221843.4471,0.8737430772,0.7634269649,-0.2708197639999999,15.671850854,0.030633972,0.0451367821999999,0.0444506817,-0.085492923,0.1211649202,1.0773212436,-0.031821672,1.429356999,0.0440284205,-0.04402842,20.0,-0.109603019,0.1494544777999999,-0.3174840339999999,0.6011047144,19.586026957,0.0450793952,0.0808999879,-0.016186923,-0.015545554,-0.148066828,0.0204728813,-7.829660816,0.0,1.615473919,0.2186144504,0.0,0.0,0.0,0.1159533513,0.035614217,0.77019444,-0.567549544,0.0517438592,0.0328429216,0.0,0.0587401534,0.0813858112,0.0983677385,-1330.684679,0.415867201,0.0093830445,-1.378798849,0.1002185343999999,-0.100594961,0.0136620501,0.1247672052,-0.088557717,0.0263553708,-0.00041252,-0.076467029,-0.265769655,7.0,1.1669308903,0.0,0.0172916144,0.0621692019,0.3429671424,0.2772530576999999,7.0317815378,8.6280017203,9.1888074617,1.0,1.0,0.0695586512,0.0,0.2781379501,0.4688747514,-3.818184437,0.0690889578,0.1687330535,0.0017942845,-0.00221765,0.025397392,2.0,0.0408095022,0.0054718956,0.0637578692,0.0054556931,0.0705123165,0.0719118758,6.0,0.0267902477,1.0671914e-09,0.0394110493,0.0223688249,0.5968786979999999,6.4130010316,1.8488353e-08,28.0,38.48
2012-01-31,4240572.9096,0.842945607,0.7105572963,-0.128221278,15.375200643,0.0261463008,-0.062928013,0.0235403199,-0.030556923,0.0862467713,0.9185143512,0.1601938372,1.2608966564,0.0440284205,-0.04402842,20.0,-0.109603019,0.1494544777999999,-0.337387852,0.6011047144,19.586026957,0.0450793952,0.0808999879,-0.016186923,-0.015545554,-0.148066828,0.0204728813,-7.829660816,0.0,1.615473919,0.2186144504,0.0,0.0,0.0,0.1159533513,0.035614217,0.77019444,-0.567549544,0.0517438592,0.0328429216,0.0,0.0587401534,0.0813858112,0.0983677385,-1330.684679,0.415867201,0.0093830445,-1.378798849,0.1002185343999999,-0.100594961,0.0136620501,0.1247672052,-0.088557717,0.0263553708,-0.00041252,-0.076467029,-0.265769655,7.0,1.1669308903,0.0,0.0172916144,0.0621692019,0.3429671424,0.2772530576999999,7.0317815378,8.6280017203,9.1888074617,1.0,1.0,0.0695586512,0.0,0.2781379501,0.4688747514,-3.818184437,1.8711746005,0.1676858743,0.0062297972,0.0160362878,0.086857256,3.0,0.0534999196999999,0.0062197161,0.0815205371999999,0.0082535274,0.0627239825,0.0681082866,6.0,0.0235141319,6.521237e-10,0.0370061733,0.0171005284,0.3309334149,1.506698806,2.0779189e-08,28.0,42.295
2012-02-29,4660993.3882,0.8856244672,0.7843306969,-0.136870548,15.280918223,0.0257214481,-0.091845429,0.0991423801,-0.072100348,0.0733612662,1.1859755772,-0.040541109,1.0928421792,0.0440284205,-0.04402842,20.0,-0.109603019,0.1494544777999999,-0.338570136,0.6011047144,19.586026957,0.0450793952,0.0808999879,-0.016186923,-0.015545554,-0.148066828,0.0204728813,-7.829660816,0.0,1.615473919,0.2186144504,0.0,0.0,0.0,0.1159533513,0.035614217,0.77019444,-0.567549544,0.0517438592,0.0328429216,0.0,0.0587401534,0.0813858112,0.0983677385,-1330.684679,0.415867201,0.0093830445,-1.378798849,0.1002185343999999,-0.100594961,0.0136620501,0.1247672052,-0.088557717,0.0263553708,-0.00041252,-0.076467029,-0.265769655,7.0,1.1669308903,0.0,0.0172916144,0.0621692019,0.3429671424,0.2772530576999999,7.0317815378,8.6280017203,9.1888074617,1.0,1.0,0.0695586512,0.0,0.2781379501,0.4688747514,-3.818184437,1.8711746005,0.1676858743,0.0062297972,0.0160362878,0.086857256,3.0,0.0534999196999999,0.0062197161,0.0815205371999999,0.0082535274,0.0627239825,0.0681082866,6.0,0.0203278373,4.035091e-10,0.0276766792,0.0136310763,0.5626126758,4.1188470155,1.9768845e-08,28.0,42.875
2012-03-30,4720880.5,0.8857532557,0.7845588298999999,0.0480611591,15.455969633,0.0254963176,-0.039913442,0.0137132489999999,0.0602907772,0.0886743897,1.5813952324,-0.042370818,0.9976450361,0.0440284205,-0.04402842,20.0,-0.109603019,0.1494544777999999,-0.338739704,0.6011047144,19.586026957,0.0450793952,0.0808999879,-0.016186923,-0.015545554,-0.148066828,0.0204728813,-7.829660816,0.0,1.615473919,0.2186144504,0.0,0.0,0.0,0.1159533513,0.035614217,0.77019444,-0.567549544,0.0517438592,0.0328429216,0.0,0.0587401534,0.0813858112,0.0983677385,-1330.684679,0.415867201,0.0093830445,-1.378798849,0.1002185343999999,-0.100594961,0.0136620501,0.1247672052,-0.088557717,0.0263553708,-0.00041252,-0.076467029,-0.265769655,7.0,1.1669308903,0.0,0.0172916144,0.0621692019,0.3429671424,0.2772530576999999,7.0317815378,8.6280017203,9.1888074617,1.0,1.0,0.0695586512,0.0,0.2781379501,0.4688747514,-3.818184437,1.8711746005,0.1676858743,0.0062297972,0.0160362878,0.086857256,3.0,0.0534999196999999,0.0062197161,0.0815205371999999,0.0082535274,0.0627239825,0.0681082866,6.0,0.0150355248,3.084916e-10,0.0210427529999999,0.0086415891,0.3547302604999999,1.4687218376,2.5323471e-08,28.0,43.725
2012-04-30,4815084.282,0.9462551019,0.8953987179,0.3747801205,15.221372654,0.0253825919,-0.0390706539999999,0.0198250376,0.2432941653999999,0.1104635988,1.2330826429,-0.014658823,1.0084064659999998,0.0440284205,-0.04402842,20.0,-0.109603019,0.1494544777999999,-0.334493472,0.6011047144,19.586026957,0.0450793952,0.0808999879,-0.016186923,-0.015545554,-0.148066828,0.0204728813,-7.829660816,0.0,1.615473919,0.2186144504,0.0,0.0,0.0,0.1159533513,0.035614217,0.77019444,-0.567549544,0.0517438592,0.0328429216,0.0,0.0587401534,0.0813858112,0.0983677385,-1330.684679,0.415867201,0.0093830445,-1.378798849,0.1002185343999999,-0.100594961,0.0136620501,0.1247672052,-0.088557717,0.0263553708,-0.00041252,-0.076467029,-0.265769655,7.0,1.1669308903,0.0,0.0172916144,0.0621692019,0.3429671424,0.2772530576999999,7.0317815378,8.6280017203,9.1888074617,1.0,1.0,0.0695586512,0.0,0.2781379501,0.4688747514,-3.818184437,0.7118635146,0.1872670112,0.0029850503999999,0.0020600074,0.0567975482,0.0,0.0405091655,0.0062155893,0.0632533584,0.0080813743,0.0664857803,0.072226391,6.0,0.0158169673,4.351293e-10,0.019538207,0.0114465605,0.3785114246,1.880093768,1.8906442e-08,28.0,43.965
2012-05-31,4839403.4268,0.9612464034,0.923994648,0.3373475029,15.43855831,0.0249376766999999,-0.0537419509999999,0.0054888893,0.2147520457999999,0.0739284923,1.0720102298,-0.062405207,1.0148082199,0.0440284205,-0.04402842,20.0,-0.109603019,0.1494544777999999,-0.335353658,0.6011047144,19.586026957,0.0450793952,0.0808999879,-0.016186923,-0.015545554,-0.148066828,0.0204728813,-7.829660816,0.0,1.615473919,0.2186144504,0.0,0.0,0.0,0.1159533513,0.035614217,0.77019444,-0.567549544,0.0517438592,0.0328429216,0.0,0.0587401534,0.0813858112,0.0983677385,-1330.684679,0.415867201,0.0093830445,-1.378798849,0.1002185343999999,-0.100594961,0.0136620501,0.1247672052,-0.088557717,0.0263553708,-0.00041252,-0.076467029,-0.265769655,7.0,1.1669308903,0.0,0.0172916144,0.0621692019,0.3429671424,0.2772530576999999,7.0317815378,8.6280017203,9.1888074617,1.0,1.0,0.0695586512,0.0,0.2781379501,0.4688747514,-3.818184437,0.7118635146,0.1872670112,0.0029850503999999,0.0020600074,0.0567975482,0.0,0.0405091655,0.0062155893,0.0632533584,0.0080813743,0.0664857803,0.072226391,6.0,0.0197858728,4.830517e-10,0.0267804489,0.0125776022,0.5456746747,4.488208294800001,1.9410989e-08,28.0,42.42
2012-06-29,4669338.8784,0.9444833116,0.8920487257999999,0.1731839132,15.511882222,0.0247678824,-0.082598453,-0.035141636,0.1694373959,0.1169969459999999,0.8742857444,-0.046817915,1.1030468726,0.0440284205,-0.04402842,20.0,-0.109603019,0.1494544777999999,-0.33628685,0.6011047144,19.586026957,0.0450793952,0.0808999879,-0.016186923,-0.015545554,-0.148066828,0.0204728813,-7.829660816,0.0,1.615473919,0.2186144504,0.0,0.0,0.0,0.1159533513,0.035614217,0.77019444,-0.567549544,0.0517438592,0.0328429216,0.0,0.0587401534,0.0813858112,0.0983677385,-1330.684679,0.415867201,0.0093830445,-1.378798849,0.1002185343999999,-0.100594961,0.0136620501,0.1247672052,-0.088557717,0.0263553708,-0.00041252,-0.076467029,-0.265769655,7.0,1.1669308903,0.0,0.0172916144,0.0621692019,0.3429671424,0.2772530576999999,7.0317815378,8.6280017203,9.1888074617,1.0,1.0,0.0695586512,0.0,0.2781379501,0.4688747514,-3.818184437,0.7118635146,0.1872670112,0.0029850503999999,0.0020600074,0.0567975482,0.0,0.0405091655,0.0062155893,0.0632533584,0.0080813743,0.0664857803,0.072226391,6.0,0.0194999940999999,4.625337e-10,0.0272771287999999,0.0135218983,0.3895608977,1.8942471859,1.7776488999999997e-08,28.0,48.065
2012-07-31,5274172.2993,0.9392691373,0.8822265123999999,0.2568263488,15.468680863,0.0245726935,-0.094217179,0.1330740452,0.1023908205,0.0938628105,0.6787878016,-0.053184214,1.122736678,0.0611154391999999,-0.061115439,21.0,-0.148995033,0.1327337159,-0.434247619,0.510969384,17.467902662,0.0520448538999999,0.1617145643,-0.049900438,-0.0385615329999999,-0.014782428,0.0054088315,3.3541950933,0.0,1.1999363668,0.2131222407999999,0.0,0.0,0.0,-0.060351598,0.0381519199,0.7721235387000001,0.0355486252,0.1110968185,0.0316921889999999,0.0625,0.0567790678,0.1158383559999999,0.5214533719,-1307.67997,0.4956375128999999,0.0089476902,-1.095737443,-0.257223312,-0.025122811,0.0078889955,-0.232792921,0.0637222302,-0.072014093,0.0069954963,0.0612259851999999,-0.364147701,5.0,0.8952776398000001,0.0,0.0179320108,0.0623965588999999,0.3384136379999999,0.2771042797,6.627091546799999,9.1562596263,8.6263599363,1.0,1.0,0.1044932354,0.0,0.2873878156,0.4595275897999999,0.4212196085,1.6514035269,0.1783978487,0.0029114613,-0.003575285,-0.025448745,0.0,0.0392179521,0.0061807638,0.0648699017999999,0.0055284982,0.0652927986,0.0718509715,6.0,0.0236865857,6.100011e-10,0.0357535742,0.0191635742,0.5831912145,2.7311275342,1.6872248e-08,28.0,44.085
2012-08-31,5013963.2859,0.944362112,0.8918197984999999,0.0224279817,15.692125811,0.0248999339,-0.00216985,-0.082804531,0.1364227683,0.1590305724,0.664793317,-0.012850503,1.2794590888,0.0611154391999999,-0.061115439,21.0,-0.148995033,0.1327337159,-0.436230694,0.510969384,17.467902662,0.0520448538999999,0.1617145643,-0.049900438,-0.0385615329999999,-0.014782428,0.0054088315,3.3541950933,0.0,1.1999363668,0.2131222407999999,0.0,0.0,0.0,-0.060351598,0.0381519199,0.7721235387000001,0.0355486252,0.1110968185,0.0316921889999999,0.0625,0.0567790678,0.1158383559999999,0.5214533719,-1307.67997,0.4956375128999999,0.0089476902,-1.095737443,-0.257223312,-0.025122811,0.0078889955,-0.232792921,0.0637222302,-0.072014093,0.0069954963,0.0612259851999999,-0.364147701,5.0,0.8952776398000001,0.0,0.0179320108,0.0623965588999999,0.3384136379999999,0.2771042797,6.627091546799999,9.1562596263,8.6263599363,1.0,1.0,0.1044932354,0.0,0.2873878156,0.4595275897999999,0.4212196085,1.6514035269,0.1783978487,0.0029114613,-0.003575285,-0.025448745,0.0,0.0392179521,0.0061807638,0.0648699017999999,0.0055284982,0.0652927986,0.0718509715,6.0,0.018373066,3.21148e-10,0.0196608696,0.0141780657,0.3889102892,3.4143019507,1.3255253999999998e-08,28.0,47.53
2012-09-28,5405776.8812,0.9618136233,0.925085446,0.0337405971,15.873014455,0.0247759775,0.1268359091999999,0.0781444907,0.0282215558999999,0.1051642064,0.5717100386999999,-0.037728215,1.3316148376,0.0611154391999999,-0.061115439,21.0,-0.148995033,0.1327337159,-0.46067191,0.510969384,17.467902662,0.0520448538999999,0.1617145643,-0.049900438,-0.0385615329999999,-0.014782428,0.0054088315,3.3541950933,0.0,1.1999363668,0.2131222407999999,0.0,0.0,0.0,-0.060351598,0.0381519199,0.7721235387000001,0.0355486252,0.1110968185,0.0316921889999999,0.0625,0.0567790678,0.1158383559999999,0.5214533719,-1307.67997,0.4956375128999999,0.0089476902,-1.095737443,-0.257223312,-0.025122811,0.0078889955,-0.232792921,0.0637222302,-0.072014093,0.0069954963,0.0612259851999999,-0.364147701,5.0,0.8952776398000001,0.0,0.0179320108,0.0623965588999999,0.3384136379999999,0.2771042797,6.627091546799999,9.1562596263,8.6263599363,1.0,1.0,0.1044932354,0.0,0.2873878156,0.4595275897999999,0.4212196085,1.6514035269,0.1783978487,0.0029114613,-0.003575285,-0.025448745,0.0,0.0392179521,0.0061807638,0.0648699017999999,0.0055284982,0.0652927986,0.0718509715,6.0,0.0158835247,3.174158e-10,0.0326972455,0.0109542076,0.3381701491,1.9213449163,1.7501664000000002e-08,28.0,49.675
2012-10-31,5434345.5665,0.9523643579,0.9069978703,-0.1318647319999999,15.586263972,0.0238496079999999,0.278137106,0.0451294035,0.0870211702,0.3782803607,0.3794000353,0.002861784,1.2760777715,0.0611154391999999,-0.061115439,21.0,-0.148995033,0.1327337159,-0.462374344,0.510969384,17.467902662,0.0520448538999999,0.1617145643,-0.049900438,-0.0385615329999999,-0.014782428,0.0054088315,3.3541950933,0.0,1.1999363668,0.2131222407999999,0.0,0.0,0.0,-0.060351598,0.0381519199,0.7721235387000001,0.0355486252,0.1110968185,0.0316921889999999,0.0625,0.0567790678,0.1158383559999999,0.5214533719,-1307.67997,0.4956375128999999,0.0089476902,-1.095737443,-0.257223312,-0.025122811,0.0078889955,-0.232792921,0.0637222302,-0.072014093,0.0069954963,0.0612259851999999,-0.364147701,5.0,0.8952776398000001,0.0,0.0179320108,0.0623965588999999,0.3384136379999999,0.2771042797,6.627091546799999,9.1562596263,8.6263599363,1.0,1.0,0.1044932354,0.0,0.2873878156,0.4595275897999999,0.4212196085,1.8287175487,0.1748092789999999,0.0025828001999999,-0.0145711219999999,-0.028952444,1.0,0.0395250744,0.0061757832999999,0.075508869,0.006231251,0.0545101778,0.0596421404,6.0,0.0176112436,2.564137e-10,0.019087892,0.0100934823,0.3686971261,1.9710918242,2.2263296e-08,28.0,48.1
2012-11-30,5259542.4332,0.951817005,0.905955611,-0.127367631,15.579354902,0.0238631458,0.2208851192,-0.031706106,0.1298760226999999,0.3800528162,0.4082550829999999,-0.0211374189999999,1.051798877,0.0611154391999999,-0.061115439,21.0,-0.148995033,0.1327337159,-0.464253969,0.510969384,17.467902662,0.0520448538999999,0.1617145643,-0.049900438,-0.0385615329999999,-0.014782428,0.0054088315,3.3541950933,0.0,1.1999363668,0.2131222407999999,0.0,0.0,0.0,-0.060351598,0.0381519199,0.7721235387000001,0.0355486252,0.1110968185,0.0316921889999999,0.0625,0.0567790678,0.1158383559999999,0.5214533719,-1307.67997,0.4956375128999999,0.0089476902,-1.095737443,-0.257223312,-0.025122811,0.0078889955,-0.232792921,0.0637222302,-0.072014093,0.0069954963,0.0612259851999999,-0.364147701,5.0,0.8952776398000001,0.0,0.0179320108,0.0623965588999999,0.3384136379999999,0.2771042797,6.627091546799999,9.1562596263,8.6263599363,1.0,1.0,0.1044932354,0.0,0.2873878156,0.4595275897999999,0.4212196085,1.8287175487,0.1748092789999999,0.0025828001999999,-0.0145711219999999,-0.028952444,1.0,0.0395250744,0.0061757832999999,0.075508869,0.006231251,0.0545101778,0.0596421404,6.0,0.0190984641,4.214961e-10,0.0127508491,0.0108051706,0.465789357,2.6358961713,2.1916316000000004e-08,28.0,46.735
2012-12-31,5110285.3767,0.9571025551,0.9160453009,-0.026620499,15.425024396,0.0239760401,0.194518263,-0.028378336,0.1338991238,0.2794253848999999,0.5022977832,-0.035567661,1.1150595631,0.0611154391999999,-0.061115439,21.0,-0.148995033,0.1327337159,-0.464364352,0.510969384,17.467902662,0.0520448538999999,0.1617145643,-0.049900438,-0.0385615329999999,-0.014782428,0.0054088315,3.3541950933,0.0,1.1999363668,0.2131222407999999,0.0,0.0,0.0,-0.060351598,0.0381519199,0.7721235387000001,0.0355486252,0.1110968185,0.0316921889999999,0.0625,0.0567790678,0.1158383559999999,0.5214533719,-1307.67997,0.4956375128999999,0.0089476902,-1.095737443,-0.257223312,-0.025122811,0.0078889955,-0.232792921,0.0637222302,-0.072014093,0.0069954963,0.0612259851999999,-0.364147701,5.0,0.8952776398000001,0.0,0.0179320108,0.0623965588999999,0.3384136379999999,0.2771042797,6.627091546799999,9.1562596263,8.6263599363,1.0,1.0,0.1044932354,0.0,0.2873878156,0.4595275897999999,0.4212196085,1.8287175487,0.1748092789999999,0.0025828001999999,-0.0145711219999999,-0.028952444,1.0,0.0395250744,0.0061757832999999,0.075508869,0.006231251,0.0545101778,0.0596421404,6.0,0.0174809545,3.819804e-10,0.025465047,0.013262117,0.4128434443,2.481530689,1.5901465e-08,28.0,46.4
2013-01-31,5058342.5663,0.9546305636,0.9113195129,-0.283730959,15.716909802,0.0238123809,0.2370535212,-0.007168056,-0.0276708229999999,0.2145270661,0.4398503003,-0.017892052,1.0688645092,0.0611154391999999,-0.061115439,21.0,-0.148995033,0.1327337159,-0.4593674239999999,0.510969384,17.467902662,0.0520448538999999,0.1617145643,-0.049900438,-0.0385615329999999,-0.014782428,0.0054088315,3.3541950933,0.0,1.1999363668,0.2131222407999999,0.0,0.0,0.0,-0.060351598,0.0381519199,0.7721235387000001,0.0355486252,0.1110968185,0.0316921889999999,0.0625,0.0567790678,0.1158383559999999,0.5214533719,-1307.67997,0.4956375128999999,0.0089476902,-1.095737443,-0.257223312,-0.025122811,0.0078889955,-0.232792921,0.0637222302,-0.072014093,0.0069954963,0.0612259851999999,-0.364147701,5.0,0.8952776398000001,0.0,0.0179320108,0.0623965588999999,0.3384136379999999,0.2771042797,6.627091546799999,9.1562596263,8.6263599363,1.0,1.0,0.1044932354,0.0,0.2873878156,0.4595275897999999,0.4212196085,0.8946340727,0.1890844051,0.0018620309,0.003468365,-0.04649186,2.0,0.0483618492,0.0055993766,0.0905259703999999,0.0033724721999999,0.0521054303,0.0567567391,6.0,0.01670361,3.144219e-10,0.0118853337999999,0.0098435259,0.4013246131,2.5777753539,2.3365769e-08,28.0,47.605
2013-02-28,5189706.6301,0.9370814589,0.8781216607,0.037523953,15.373472624,0.0227853796,0.0843678306,0.0259697847,0.0525122504999999,0.0970564783999999,0.6115449512,0.0001739550999999,1.270067242,0.0611154391999999,-0.061115439,21.0,-0.148995033,0.1327337159,-0.461100371,0.510969384,17.467902662,0.0520448538999999,0.1617145643,-0.049900438,-0.0385615329999999,-0.014782428,0.0054088315,3.3541950933,0.0,1.1999363668,0.2131222407999999,0.0,0.0,0.0,-0.060351598,0.0381519199,0.7721235387000001,0.0355486252,0.1110968185,0.0316921889999999,0.0625,0.0567790678,0.1158383559999999,0.5214533719,-1307.67997,0.4956375128999999,0.0089476902,-1.095737443,-0.257223312,-0.025122811,0.0078889955,-0.232792921,0.0637222302,-0.072014093,0.0069954963,0.0612259851999999,-0.364147701,5.0,0.8952776398000001,0.0,0.0179320108,0.0623965588999999,0.3384136379999999,0.2771042797,6.627091546799999,9.1562596263,8.6263599363,1.0,1.0,0.1044932354,0.0,0.2873878156,0.4595275897999999,0.4212196085,0.8946340727,0.1890844051,0.0018620309,0.003468365,-0.04649186,2.0,0.0483618492,0.0055993766,0.0905259703999999,0.0033724721999999,0.0521054303,0.0567567391,6.0,0.0186267808,2.68545e-10,0.0292869899,0.0128179301,0.5670119445,4.4568254504,1.3336075e-08,28.0,46.06
2013-03-28,5027817.6299,0.9249398037,0.8555136405,-0.139499186,15.908266399,0.0230234396,0.1201797656,-0.032454535,0.001577967,0.1103206948,0.6240530707,0.0016938246,1.2716912239,0.0611154391999999,-0.061115439,21.0,-0.148995033,0.1327337159,-0.44423804,0.510969384,17.467902662,0.0520448538999999,0.1617145643,-0.049900438,-0.0385615329999999,-0.014782428,0.0054088315,3.3541950933,0.0,1.1999363668,0.2131222407999999,0.0,0.0,0.0,-0.060351598,0.0381519199,0.7721235387000001,0.0355486252,0.1110968185,0.0316921889999999,0.0625,0.0567790678,0.1158383559999999,0.5214533719,-1307.67997,0.4956375128999999,0.0089476902,-1.095737443,-0.257223312,-0.025122811,0.0078889955,-0.232792921,0.0637222302,-0.072014093,0.0069954963,0.0612259851999999,-0.364147701,5.0,0.8952776398000001,0.0,0.0179320108,0.0623965588999999,0.3384136379999999,0.2771042797,6.627091546799999,9.1562596263,8.6263599363,1.0,1.0,0.1044932354,0.0,0.2873878156,0.4595275897999999,0.4212196085,0.8946340727,0.1890844051,0.0018620309,0.003468365,-0.04649186,2.0,0.0483618492,0.0055993766,0.0905259703999999,0.0033724721999999,0.0521054303,0.0567567391,6.0,0.0123742519999999,1.771497e-10,0.0136911273,0.0069047055,0.3948390865999999,2.9577288202,1.7806672e-08,28.0,46.195
2013-04-30,5010032.4969,0.9118695116,0.8315060062,-0.206133139,15.687211584000002,0.0226466349,0.0784857733,0.0029309231,-0.072772983,0.0534020179,0.5195481989999999,0.0068579699,1.3302404673,0.0611154391999999,-0.061115439,21.0,-0.148995033,0.1327337159,-0.442457155,0.510969384,17.467902662,0.0520448538999999,0.1617145643,-0.049900438,-0.0385615329999999,-0.014782428,0.0054088315,3.3541950933,0.0,1.1999363668,0.2131222407999999,0.0,0.0,0.0,-0.060351598,0.0381519199,0.7721235387000001,0.0355486252,0.1110968185,0.0316921889999999,0.0625,0.0567790678,0.1158383559999999,0.5214533719,-1307.67997,0.4956375128999999,0.0089476902,-1.095737443,-0.257223312,-0.025122811,0.0078889955,-0.232792921,0.0637222302,-0.072014093,0.0069954963,0.0612259851999999,-0.364147701,5.0,0.8952776398000001,0.0,0.0179320108,0.0623965588999999,0.3384136379999999,0.2771042797,6.627091546799999,9.1562596263,8.6263599363,1.0,1.0,0.1044932354,0.0,0.2873878156,0.4595275897999999,0.4212196085,0.4148013169,0.2025342273,0.0025969899,0.0281158671,-0.005997817,0.0,0.0401502084,0.005277875,0.0726404524,0.0026720788,0.0538049573,0.0587359282,6.0,0.014676103,2.957551e-10,0.0230389293,0.0091841461,0.4537089619,2.7248099385000004,1.9798739e-08,28.0,43.98
2013-05-31,4758899.8305,0.8807041498999999,0.7756397996,-0.179706919,15.531546035,0.0226078999,0.181259349,-0.0479489159999999,-0.039604965,0.0507221607,0.3294527009,-0.082393155,1.6225840834,0.0611154391999999,-0.061115439,21.0,-0.148995033,0.1327337159,-0.44327688,0.510969384,17.467902662,0.0520448538999999,0.1617145643,-0.049900438,-0.0385615329999999,-0.014782428,0.0054088315,3.3541950933,0.0,1.1999363668,0.2131222407999999,0.0,0.0,0.0,-0.060351598,0.0381519199,0.7721235387000001,0.0355486252,0.1110968185,0.0316921889999999,0.0625,0.0567790678,0.1158383559999999,0.5214533719,-1307.67997,0.4956375128999999,0.0089476902,-1.095737443,-0.257223312,-0.025122811,0.0078889955,-0.232792921,0.0637222302,-0.072014093,0.0069954963,0.0612259851999999,-0.364147701,5.0,0.8952776398000001,0.0,0.0179320108,0.0623965588999999,0.3384136379999999,0.2771042797,6.627091546799999,9.1562596263,8.6263599363,1.0,1.0,0.1044932354,0.0,0.2873878156,0.4595275897999999,0.4212196085,0.4148013169,0.2025342273,0.0025969899,0.0281158671,-0.005997817,0.0,0.0401502084,0.005277875,0.0726404524,0.0026720788,0.0538049573,0.0587359282,6.0,0.020292636,2.668809e-10,0.0327518954999999,0.0164253111,0.6434269103,11.803048666,8.1177456e-09,28.0,41.22
2013-06-28,4460251.4521,0.8508846106999999,0.7240046206,-0.219726718,16.271982053,0.0231547171,0.2884758337,-0.062755764,-0.058949416,0.0367751471,0.3415558929,0.0004940365,1.7952200063,0.0611154391999999,-0.061115439,21.0,-0.148995033,0.1327337159,-0.445030116,0.510969384,17.467902662,0.0520448538999999,0.1617145643,-0.049900438,-0.0385615329999999,-0.014782428,0.0054088315,3.3541950933,0.0,1.1999363668,0.2131222407999999,0.0,0.0,0.0,-0.060351598,0.0381519199,0.7721235387000001,0.0355486252,0.1110968185,0.0316921889999999,0.0625,0.0567790678,0.1158383559999999,0.5214533719,-1307.67997,0.4956375128999999,0.0089476902,-1.095737443,-0.257223312,-0.025122811,0.0078889955,-0.232792921,0.0637222302,-0.072014093,0.0069954963,0.0612259851999999,-0.364147701,5.0,0.8952776398000001,0.0,0.0179320108,0.0623965588999999,0.3384136379999999,0.2771042797,6.627091546799999,9.1562596263,8.6263599363,1.0,1.0,0.1044932354,0.0,0.2873878156,0.4595275897999999,0.4212196085,0.4148013169,0.2025342273,0.0025969899,0.0281158671,-0.005997817,0.0,0.0401502084,0.005277875,0.0726404524,0.0026720788,0.0538049573,0.0587359282,6.0,0.0172317964,3.241242e-10,0.0203447882,0.012923141,0.3785124407999999,2.9885812297000003,1.1856100000000001e-08,28.0,44.89
2013-07-31,4722178.6285,0.8457962909000001,0.7153713656999999,0.001127593,15.827912499000002,0.0232141617,0.2532454764,0.0879427418,-0.111637935,-0.14241127,0.5784892649,-0.00382282,2.0846227534,0.0487393273,-0.048739327,22.0,-0.070612157,0.1303294491,-0.661796461,0.4754330949,17.662418187,0.0455251901999999,0.1683471042,-0.0143074339999999,-0.010762055,-0.045679283,0.0073528308999999,12.90439234,0.0,1.4016508627000002,0.2023028261,0.0,0.0,0.0,0.1791100098,0.0352421774,0.7263657653,0.6832528015,0.0646931057,0.030849497,0.0588235294,0.0618986548,0.0923909382,-0.048605414,-1070.349251,0.4679780539,0.0086508524,1057.2024216,0.1681043273999999,-0.050766239,0.019649482,0.1781571264999999,0.002297412,0.0821418657,-0.002630465,0.0021695063,-0.291781429,7.0,1.0547777316,0.0,0.0162136118,0.0634126578,0.3257747607,0.2968012078,5.7741912441,9.1761241894,9.3500621729,1.0,1.0,0.0612535274,0.0,0.2556841546,0.4812920029,0.6666975025999999,1.3417449644,0.2029590378,0.0029355440999999,0.0268996408,-0.03340165,1.0,0.0396524081,0.00444979,0.0702081109999999,0.0024389413,0.0551146437,0.0590843609999999,6.0,0.0185940727,1.818931e-10,0.0399162136,0.0125160295,0.3825859390999999,3.7497981546,1.1228326e-08,28.0,48.995
2013-08-30,5148688.4578,0.8524191037000001,0.7266183284000001,-0.050647171,16.060434056,0.0239082505,0.2137019621,0.0925409198,-0.057977072,0.0172394711,0.5010213966,-0.044445543,1.8633753941,0.0487393273,-0.048739327,22.0,-0.070612157,0.1303294491,-0.6643823870000001,0.4754330949,17.662418187,0.0455251901999999,0.1683471042,-0.0143074339999999,-0.010762055,-0.045679283,0.0073528308999999,12.90439234,0.0,1.4016508627000002,0.2023028261,0.0,0.0,0.0,0.1791100098,0.0352421774,0.7263657653,0.6832528015,0.0646931057,0.030849497,0.0588235294,0.0618986548,0.0923909382,-0.048605414,-1070.349251,0.4679780539,0.0086508524,1057.2024216,0.1681043273999999,-0.050766239,0.019649482,0.1781571264999999,0.002297412,0.0821418657,-0.002630465,0.0021695063,-0.291781429,7.0,1.0547777316,0.0,0.0162136118,0.0634126578,0.3257747607,0.2968012078,5.7741912441,9.1761241894,9.3500621729,1.0,1.0,0.0612535274,0.0,0.2556841546,0.4812920029,0.6666975025999999,1.3417449644,0.2029590378,0.0029355440999999,0.0268996408,-0.03340165,1.0,0.0396524081,0.00444979,0.0702081109999999,0.0024389413,0.0551146437,0.0590843609999999,6.0,0.0193540436,2.493653e-10,0.026259372,0.0114324104,0.4615446155,5.6182126216,1.0699999e-08,28.0,46.91
2013-09-30,4929584.244,0.847600529,0.7184266568000001,0.0493819333,16.074788334,0.0237417324,0.3395141452,-0.0425553429999999,0.0637211724,0.0308226374,0.7199203569,-0.0149471189999999,1.6113911872,0.0487393273,-0.048739327,22.0,-0.070612157,0.1303294491,-0.665853877,0.4754330949,17.662418187,0.0455251901999999,0.1683471042,-0.0143074339999999,-0.010762055,-0.045679283,0.0073528308999999,12.90439234,0.0,1.4016508627000002,0.2023028261,0.0,0.0,0.0,0.1791100098,0.0352421774,0.7263657653,0.6832528015,0.0646931057,0.030849497,0.0588235294,0.0618986548,0.0923909382,-0.048605414,-1070.349251,0.4679780539,0.0086508524,1057.2024216,0.1681043273999999,-0.050766239,0.019649482,0.1781571264999999,0.002297412,0.0821418657,-0.002630465,0.0021695063,-0.291781429,7.0,1.0547777316,0.0,0.0162136118,0.0634126578,0.3257747607,0.2968012078,5.7741912441,9.1761241894,9.3500621729,1.0,1.0,0.0612535274,0.0,0.2556841546,0.4812920029,0.6666975025999999,1.3417449644,0.2029590378,0.0029355440999999,0.0268996408,-0.03340165,1.0,0.0396524081,0.00444979,0.0702081109999999,0.0024389413,0.0551146437,0.0590843609999999,6.0,0.0129395894,3.054655e-10,0.0132470699,0.0079745322,0.3483078257,1.5740282962,2.1652167e-08,28.0,49.825
2013-10-31,5178810.5793,0.8572057634,0.7348017208,0.1486353055,15.325694946,0.0236210196,0.2651825101,0.0621402897,0.0154778652,-0.055661794,0.6096888822,0.0105450648,1.2530864198,0.0487393273,-0.048739327,22.0,-0.070612157,0.1303294491,-0.6718791679999999,0.4754330949,17.662418187,0.0455251901999999,0.1683471042,-0.0143074339999999,-0.010762055,-0.045679283,0.0073528308999999,12.90439234,0.0,1.4016508627000002,0.2023028261,0.0,0.0,0.0,0.1791100098,0.0352421774,0.7263657653,0.6832528015,0.0646931057,0.030849497,0.0588235294,0.0618986548,0.0923909382,-0.048605414,-1070.349251,0.4679780539,0.0086508524,1057.2024216,0.1681043273999999,-0.050766239,0.019649482,0.1781571264999999,0.002297412,0.0821418657,-0.002630465,0.0021695063,-0.291781429,7.0,1.0547777316,0.0,0.0162136118,0.0634126578,0.3257747607,0.2968012078,5.7741912441,9.1761241894,9.3500621729,1.0,1.0,0.0612535274,0.0,0.2556841546,0.4812920029,0.6666975025999999,5.4842417259000005,0.2016213477,-0.002814048,-0.003645337,-0.070872802,2.0,0.0406487121,0.0039785594,0.0705098684,0.0018822232999999,0.0563552198,0.0574507445,6.0,0.0166358001,2.918754e-10,0.0230710786,0.007921024,0.436696447,2.3303122745,2.3383021e-08,28.0,53.93
2013-11-29,5597286.8717,0.8625530009000001,0.7439976794,0.3118940813,15.403258009000002,0.0230038888,0.4523388217,0.0823883488999999,0.1329013447,0.0358628326,0.6044029297,0.0221797452,1.131434591,0.0487393273,-0.048739327,22.0,-0.070612157,0.1303294491,-0.6798431909999999,0.4754330949,17.662418187,0.0455251901999999,0.1683471042,-0.0143074339999999,-0.010762055,-0.045679283,0.0073528308999999,12.90439234,0.0,1.4016508627000002,0.2023028261,0.0,0.0,0.0,0.1791100098,0.0352421774,0.7263657653,0.6832528015,0.0646931057,0.030849497,0.0588235294,0.0618986548,0.0923909382,-0.048605414,-1070.349251,0.4679780539,0.0086508524,1057.2024216,0.1681043273999999,-0.050766239,0.019649482,0.1781571264999999,0.002297412,0.0821418657,-0.002630465,0.0021695063,-0.291781429,7.0,1.0547777316,0.0,0.0162136118,0.0634126578,0.3257747607,0.2968012078,5.7741912441,9.1761241894,9.3500621729,1.0,1.0,0.0612535274,0.0,0.2556841546,0.4812920029,0.6666975025999999,5.4842417259000005,0.2016213477,-0.002814048,-0.003645337,-0.070872802,2.0,0.0406487121,0.0039785594,0.0705098684,0.0018822232999999,0.0563552198,0.0574507445,6.0,0.0187598399,2.904489e-10,0.0310084931999999,0.0131602793999999,0.4226701203,3.1431426359,1.253513e-08,28.0,52.08
2013-12-31,5405279.23,0.8745884965999999,0.7649050383,0.3814701089,15.955337383,0.0228706808,0.3639568522,-0.034303699,0.3083454325,0.1539531304,0.4556923222,0.0167671503,1.2353686852,0.0487393273,-0.048739327,22.0,-0.070612157,0.1303294491,-0.680731313,0.4754330949,17.662418187,0.0455251901999999,0.1683471042,-0.0143074339999999,-0.010762055,-0.045679283,0.0073528308999999,12.90439234,0.0,1.4016508627000002,0.2023028261,0.0,0.0,0.0,0.1791100098,0.0352421774,0.7263657653,0.6832528015,0.0646931057,0.030849497,0.0588235294,0.0618986548,0.0923909382,-0.048605414,-1070.349251,0.4679780539,0.0086508524,1057.2024216,0.1681043273999999,-0.050766239,0.019649482,0.1781571264999999,0.002297412,0.0821418657,-0.002630465,0.0021695063,-0.291781429,7.0,1.0547777316,0.0,0.0162136118,0.0634126578,0.3257747607,0.2968012078,5.7741912441,9.1761241894,9.3500621729,1.0,1.0,0.0612535274,0.0,0.2556841546,0.4812920029,0.6666975025999999,5.4842417259000005,0.2016213477,-0.002814048,-0.003645337,-0.070872802,2.0,0.0406487121,0.0039785594,0.0705098684,0.0018822232999999,0.0563552198,0.0574507445,6.0,0.0172614099,2.02825e-10,0.0096720988,0.0078092525,0.4737736055,3.3468509781,1.7983665e-08,28.0,53.185
2014-01-31,5482203.5716,0.8493911273,0.7214652872,0.2194868498999999,15.698768697,0.0230572194,0.4791381011,0.0212173481,0.1613334935,0.1224137943,0.3406530289,0.0466115999,1.5242308414,0.0487393273,-0.048739327,22.0,-0.070612157,0.1303294491,-0.600338045,0.4754330949,17.662418187,0.0455251901999999,0.1683471042,-0.0143074339999999,-0.010762055,-0.045679283,0.0073528308999999,12.90439234,0.0,1.4016508627000002,0.2023028261,0.0,0.0,0.0,0.1791100098,0.0352421774,0.7263657653,0.6832528015,0.0646931057,0.030849497,0.0588235294,0.0618986548,0.0923909382,-0.048605414,-1070.349251,0.4679780539,0.0086508524,1057.2024216,0.1681043273999999,-0.050766239,0.019649482,0.1781571264999999,0.002297412,0.0821418657,-0.002630465,0.0021695063,-0.291781429,7.0,1.0547777316,0.0,0.0162136118,0.0634126578,0.3257747607,0.2968012078,5.7741912441,9.1761241894,9.3500621729,1.0,1.0,0.0612535274,0.0,0.2556841546,0.4812920029,0.6666975025999999,0.7976080001000001,0.2156337543,-2.0612e-05,0.0017633223,0.0081604682,3.0,0.0476710123,0.0042038478,0.0855345075,0.003585845,0.0550080558,0.0573496212,6.0,0.0166355545,1.583637e-10,0.0134861916,0.0068189745999999,0.7336746645000001,6.777637620599999,1.1527406e-08,28.0,57.13
2014-02-28,5888846.2501,0.8713156464,0.7591909557,0.1368388085,16.115438544,0.0228385823,0.420911904,0.0741750449,0.0855189851,0.1172146153999999,0.3278940647,-0.004766992,1.4363523549,0.0487393273,-0.048739327,22.0,-0.070612157,0.1303294491,-0.603781921,0.4754330949,17.662418187,0.0455251901999999,0.1683471042,-0.0143074339999999,-0.010762055,-0.045679283,0.0073528308999999,12.90439234,0.0,1.4016508627000002,0.2023028261,0.0,0.0,0.0,0.1791100098,0.0352421774,0.7263657653,0.6832528015,0.0646931057,0.030849497,0.0588235294,0.0618986548,0.0923909382,-0.048605414,-1070.349251,0.4679780539,0.0086508524,1057.2024216,0.1681043273999999,-0.050766239,0.019649482,0.1781571264999999,0.002297412,0.0821418657,-0.002630465,0.0021695063,-0.291781429,7.0,1.0547777316,0.0,0.0162136118,0.0634126578,0.3257747607,0.2968012078,5.7741912441,9.1761241894,9.3500621729,1.0,1.0,0.0612535274,0.0,0.2556841546,0.4812920029,0.6666975025999999,0.7976080001000001,0.2156337543,-2.0612e-05,0.0017633223,0.0081604682,3.0,0.0476710123,0.0042038478,0.0855345075,0.003585845,0.0550080558,0.0573496212,6.0,0.0183019715999999,2.378869e-10,0.0241169854999999,0.0092930643,0.3290989448,2.1759782224,1.643156e-08,28.0,62.95
2014-03-31,6493040.7787,0.8533907953000001,0.7282758495999999,0.3234772303,15.82592808,0.0229744573,0.5423420187,0.1018729135,0.2178640264,0.2403386751,0.1855856805,0.0089459789,1.4738675505,0.0487393273,-0.048739327,22.0,-0.070612157,0.1303294491,-0.607405334,0.4754330949,17.662418187,0.0455251901999999,0.1683471042,-0.0143074339999999,-0.010762055,-0.045679283,0.0073528308999999,12.90439234,0.0,1.4016508627000002,0.2023028261,0.0,0.0,0.0,0.1791100098,0.0352421774,0.7263657653,0.6832528015,0.0646931057,0.030849497,0.0588235294,0.0618986548,0.0923909382,-0.048605414,-1070.349251,0.4679780539,0.0086508524,1057.2024216,0.1681043273999999,-0.050766239,0.019649482,0.1781571264999999,0.002297412,0.0821418657,-0.002630465,0.0021695063,-0.291781429,7.0,1.0547777316,0.0,0.0162136118,0.0634126578,0.3257747607,0.2968012078,5.7741912441,9.1761241894,9.3500621729,1.0,1.0,0.0612535274,0.0,0.2556841546,0.4812920029,0.6666975025999999,0.7976080001000001,0.2156337543,-2.0612e-05,0.0017633223,0.0081604682,3.0,0.0476710123,0.0042038478,0.0855345075,0.003585845,0.0550080558,0.0573496212,6.0,0.0225284441,2.476893e-10,0.0550921484999999,0.01831842,0.4044397042,3.6315508659,1.7545113000000002e-08,28.0,60.7
2014-04-30,6226606.0783,0.8589036056,0.7377154037,0.13968397,15.957974844,0.0230985848,0.5919524638,-0.035742652,0.2634219754,0.362701616,0.1964516828999999,0.02100282,1.2791540785,0.0487393273,-0.048739327,22.0,-0.070612157,0.1303294491,-0.615133634,0.4754330949,17.662418187,0.0455251901999999,0.1683471042,-0.0143074339999999,-0.010762055,-0.045679283,0.0073528308999999,12.90439234,0.0,1.4016508627000002,0.2023028261,0.0,0.0,0.0,0.1791100098,0.0352421774,0.7263657653,0.6832528015,0.0646931057,0.030849497,0.0588235294,0.0618986548,0.0923909382,-0.048605414,-1070.349251,0.4679780539,0.0086508524,1057.2024216,0.1681043273999999,-0.050766239,0.019649482,0.1781571264999999,0.002297412,0.0821418657,-0.002630465,0.0021695063,-0.291781429,7.0,1.0547777316,0.0,0.0162136118,0.0634126578,0.3257747607,0.2968012078,5.7741912441,9.1761241894,9.3500621729,1.0,1.0,0.0612535274,0.0,0.2556841546,0.4812920029,0.6666975025999999,1.1343314976,0.2215550376,-0.00078017,-0.0121202999999999,-0.0139875689999999,0.0,0.0392484651,0.0042153038,0.0831377173,0.0044068035,0.0565508759,0.0589382189,6.0,0.0167919846,1.7900599999999995e-10,0.0144341933,0.0108075708,0.3660212904,2.4462313155,1.681758e-08,28.0,63.22
2014-05-30,6487004.3253,0.8420746790000001,0.7090897649,-0.053978857,15.863523698,0.0236312121,0.4890768932,0.0415156595,0.1255331093999999,0.3801728376,0.0801915729,0.0151786057,1.270974239,0.0487393273,-0.048739327,22.0,-0.070612157,0.1303294491,-0.614513302,0.4754330949,17.662418187,0.0455251901999999,0.1683471042,-0.0143074339999999,-0.010762055,-0.045679283,0.0073528308999999,12.90439234,0.0,1.4016508627000002,0.2023028261,0.0,0.0,0.0,0.1791100098,0.0352421774,0.7263657653,0.6832528015,0.0646931057,0.030849497,0.0588235294,0.0618986548,0.0923909382,-0.048605414,-1070.349251,0.4679780539,0.0086508524,1057.2024216,0.1681043273999999,-0.050766239,0.019649482,0.1781571264999999,0.002297412,0.0821418657,-0.002630465,0.0021695063,-0.291781429,7.0,1.0547777316,0.0,0.0162136118,0.0634126578,0.3257747607,0.2968012078,5.7741912441,9.1761241894,9.3500621729,1.0,1.0,0.0612535274,0.0,0.2556841546,0.4812920029,0.6666975025999999,1.1343314976,0.2215550376,-0.00078017,-0.0121202999999999,-0.0139875689999999,0.0,0.0392484651,0.0042153038,0.0831377173,0.0044068035,0.0565508759,0.0589382189,6.0,0.0214914506999999,2.903966e-10,0.025694143,0.01254607,0.4225300597999999,3.0168498514,1.6675386000000003e-08,28.0,64.24
2014-06-30,6591666.1808,0.8492116478,0.7211604226999999,-0.02997748,15.907764721,0.0238620311,0.3344006557,0.0161340814,0.2139016761,0.5337214861,0.047256123,-0.017811321,1.2226544153,0.0487393273,-0.048739327,22.0,-0.070612157,0.1303294491,-0.614153544,0.4754330949,17.662418187,0.0455251901999999,0.1683471042,-0.0143074339999999,-0.010762055,-0.045679283,0.0073528308999999,12.90439234,0.0,1.4016508627000002,0.2023028261,0.0,0.0,0.0,0.1791100098,0.0352421774,0.7263657653,0.6832528015,0.0646931057,0.030849497,0.0588235294,0.0618986548,0.0923909382,-0.048605414,-1070.349251,0.4679780539,0.0086508524,1057.2024216,0.1681043273999999,-0.050766239,0.019649482,0.1781571264999999,0.002297412,0.0821418657,-0.002630465,0.0021695063,-0.291781429,7.0,1.0547777316,0.0,0.0162136118,0.0634126578,0.3257747607,0.2968012078,5.7741912441,9.1761241894,9.3500621729,1.0,1.0,0.0612535274,0.0,0.2556841546,0.4812920029,0.6666975025999999,1.1343314976,0.2215550376,-0.00078017,-0.0121202999999999,-0.0139875689999999,0.0,0.0392484651,0.0042153038,0.0831377173,0.0044068035,0.0565508759,0.0589382189,6.0,0.0162105374,1.863212e-10,0.0116840629,0.0090239778,0.3317703954,1.7391114156999998,1.8791844e-08,28.0,66.785
2014-07-31,6730459.0991,0.8257286748,0.6818278444,0.0697373271999999,15.8044547,0.0229824585,0.352636106,0.039617151,0.2078592935,0.4324896096,0.1563951269,0.0159805056,1.097964326,0.0498655167,-0.049865517,23.0,-0.1149997919999999,0.1007138813,-0.293261828,0.4074100133,15.774664873,0.0448717387,0.1019039958,0.0097972424,-0.054469069,-0.086787926,-0.0064426909999999,3.7855066523,0.0,1.3644860595,0.1866905630999999,0.0,0.0,0.0,-0.185527716,0.034256299,0.7327079871,0.4793382129,0.0712843138,0.029654378,0.0555555555999999,0.0581613661,0.1299298738,0.5241459735,-1762.12352,0.5755414446,0.0085391935,5.4491306186,-0.026515022,-0.077172738,0.0152284216,0.0291799227,0.1180783969999999,-0.077788734,-0.047717144,0.1247324584999999,-0.309882854,4.0,1.0855560642,0.0,0.0160524871,0.0639065312,0.3593501995,0.2824979242,4.9346659117,10.320684719,8.7134613194,0.002387619,1.0,0.0647317251999999,0.0,0.2511869575,0.5001879122,0.4970401463,1.1343314976,0.2215550376,-0.00078017,-0.0121202999999999,-0.0139875689999999,0.0,0.0392484651,0.0042153038,0.0831377173,0.0044068035,0.0565508759,0.0589382189,6.0,0.013667888,1.765111e-10,0.0132710737999999,0.0056522317,0.3501922578,1.661394782,2.3931385e-08,28.0,62.24
2014-08-29,6257609.7688,0.78662975,0.6187863635,-0.076592269,15.600518384,0.0222240018,0.3265238318,-0.068054229,0.169000568,0.3630983882,0.1814564232,-0.243851,1.2256083814,0.0498655167,-0.049865517,23.0,-0.1149997919999999,0.1007138813,-0.291419438,0.4074100133,15.774664873,0.0448717387,0.1019039958,0.0097972424,-0.054469069,-0.086787926,-0.0064426909999999,3.7855066523,0.0,1.3644860595,0.1866905630999999,0.0,0.0,0.0,-0.185527716,0.034256299,0.7327079871,0.4793382129,0.0712843138,0.029654378,0.0555555555999999,0.0581613661,0.1299298738,0.5241459735,-1762.12352,0.5755414446,0.0085391935,5.4491306186,-0.026515022,-0.077172738,0.0152284216,0.0291799227,0.1180783969999999,-0.077788734,-0.047717144,0.1247324584999999,-0.309882854,4.0,1.0855560642,0.0,0.0160524871,0.0639065312,0.3593501995,0.2824979242,4.9346659117,10.320684719,8.7134613194,0.002387619,1.0,0.0647317251999999,0.0,0.2511869575,0.5001879122,0.4970401463,1.6681877305,0.2267812852,-0.002720184,-0.008275933,0.0196620114,0.0,0.0361919551,0.0043592539,0.0808793559,0.0062994743999999,0.0553765939,0.05888632,6.0,0.0203625833,2.54315e-10,0.0235082675,0.0126373206,0.5854684647999999,5.5290403078,1.2002673000000002e-08,28.0,61.985
2014-09-30,6231971.9614,0.7293544648,0.5319579354,-0.35726101,16.154792995,0.0220109677,0.2225602548999999,-0.004097061,-0.011278776,0.3267960393,0.1759839807,-0.0291961629999999,1.4669000856,0.0498655167,-0.049865517,23.0,-0.1149997919999999,0.1007138813,-0.29291849,0.4074100133,15.774664873,0.0448717387,0.1019039958,0.0097972424,-0.054469069,-0.086787926,-0.0064426909999999,3.7855066523,0.0,1.3644860595,0.1866905630999999,0.0,0.0,0.0,-0.185527716,0.034256299,0.7327079871,0.4793382129,0.0712843138,0.029654378,0.0555555555999999,0.0581613661,0.1299298738,0.5241459735,-1762.12352,0.5755414446,0.0085391935,5.4491306186,-0.026515022,-0.077172738,0.0152284216,0.0291799227,0.1180783969999999,-0.077788734,-0.047717144,0.1247324584999999,-0.309882854,4.0,1.0855560642,0.0,0.0160524871,0.0639065312,0.3593501995,0.2824979242,4.9346659117,10.320684719,8.7134613194,0.002387619,1.0,0.0647317251999999,0.0,0.2511869575,0.5001879122,0.4970401463,1.6681877305,0.2267812852,-0.002720184,-0.008275933,0.0196620114,0.0,0.0361919551,0.0043592539,0.0808793559,0.0062994743999999,0.0553765939,0.05888632,6.0,0.0148745811,1.696884e-10,0.0132349525,0.0111932711,0.4055260063,4.1510267882,1.2400156e-08,28.0,58.915
2014-10-31,5687418.5284,0.7565964126000001,0.5724381315,-0.24767084,16.164049259000002,0.021992948,0.1815707889,-0.049528107,0.0211696852,0.2440541877,0.4448310890999999,-0.0260281229999999,1.9773918879,0.0498655167,-0.049865517,23.0,-0.1149997919999999,0.1007138813,-0.2939133,0.4074100133,15.774664873,0.0448717387,0.1019039958,0.0097972424,-0.054469069,-0.086787926,-0.0064426909999999,3.7855066523,0.0,1.3644860595,0.1866905630999999,0.0,0.0,0.0,-0.185527716,0.034256299,0.7327079871,0.4793382129,0.0712843138,0.029654378,0.0555555555999999,0.0581613661,0.1299298738,0.5241459735,-1762.12352,0.5755414446,0.0085391935,5.4491306186,-0.026515022,-0.077172738,0.0152284216,0.0291799227,0.1180783969999999,-0.077788734,-0.047717144,0.1247324584999999,-0.309882854,4.0,1.0855560642,0.0,0.0160524871,0.0639065312,0.3593501995,0.2824979242,4.9346659117,10.320684719,8.7134613194,0.002387619,1.0,0.0647317251999999,0.0,0.2511869575,0.5001879122,0.4970401463,-0.0522447,0.2267270526,0.0046087099,-0.023440545,0.0348647137,1.0,0.0378581018,0.0044835056,0.0899001517,0.0045124101,0.0513247430999999,0.0540446362,6.0,0.0182532539,1.541846e-10,0.0300216842,0.0132971881,0.4188925093,5.4215724855,9.0785679e-09,28.0,70.835
2014-11-28,6755108.8527,0.8164324405,0.6665619298,-0.051808013,16.422478007,0.022209903,0.1507045301,0.2023253441,-0.068095544,0.0924346515,0.4982637094,-0.0427987809999999,2.3897207891,0.0498655167,-0.049865517,23.0,-0.1149997919999999,0.1007138813,-0.298453654,0.4074100133,15.774664873,0.0448717387,0.1019039958,0.0097972424,-0.054469069,-0.086787926,-0.0064426909999999,3.7855066523,0.0,1.3644860595,0.1866905630999999,0.0,0.0,0.0,-0.185527716,0.034256299,0.7327079871,0.4793382129,0.0712843138,0.029654378,0.0555555555999999,0.0581613661,0.1299298738,0.5241459735,-1762.12352,0.5755414446,0.0085391935,5.4491306186,-0.026515022,-0.077172738,0.0152284216,0.0291799227,0.1180783969999999,-0.077788734,-0.047717144,0.1247324584999999,-0.309882854,4.0,1.0855560642,0.0,0.0160524871,0.0639065312,0.3593501995,0.2824979242,4.9346659117,10.320684719,8.7134613194,0.002387619,1.0,0.0647317251999999,0.0,0.2511869575,0.5001879122,0.4970401463,-0.0522447,0.2267270526,0.0046087099,-0.023440545,0.0348647137,1.0,0.0378581018,0.0044835056,0.0899001517,0.0045124101,0.0513247430999999,0.0540446362,6.0,0.0247352170999999,1.659683e-10,0.0700435191,0.0188279855,0.4365417087,7.1621675235,6.4080141e-09,28.0,74.675
2014-12-31,7121306.991,0.8571187131999999,0.7346524885,-0.071049051,16.819326692,0.0240958027999999,0.1147352161,0.0542105474,0.1026619083,0.3601189799,0.3852906106,-0.023066144,2.4670663317,0.0498655167,-0.049865517,23.0,-0.1149997919999999,0.1007138813,-0.301444262,0.4074100133,15.774664873,0.0448717387,0.1019039958,0.0097972424,-0.054469069,-0.086787926,-0.0064426909999999,3.7855066523,0.0,1.3644860595,0.1866905630999999,0.0,0.0,0.0,-0.185527716,0.034256299,0.7327079871,0.4793382129,0.0712843138,0.029654378,0.0555555555999999,0.0581613661,0.1299298738,0.5241459735,-1762.12352,0.5755414446,0.0085391935,5.4491306186,-0.026515022,-0.077172738,0.0152284216,0.0291799227,0.1180783969999999,-0.077788734,-0.047717144,0.1247324584999999,-0.309882854,4.0,1.0855560642,0.0,0.0160524871,0.0639065312,0.3593501995,0.2824979242,4.9346659117,10.320684719,8.7134613194,0.002387619,1.0,0.0647317251999999,0.0,0.2511869575,0.5001879122,0.4970401463,-0.0522447,0.2267270526,0.0046087099,-0.023440545,0.0348647137,1.0,0.0378581018,0.0044835056,0.0899001517,0.0045124101,0.0513247430999999,0.0540446362,6.0,0.0178862767,1.186436e-10,0.0340400189,0.0111747238999999,0.3949698092,4.203689611000001,1.1775996000000004e-08,28.0,74.135
2015-01-30,7023994.9124,0.8573614981000001,0.7350687384000001,-0.145656617,16.449171052,0.0241227,0.0834270949,-0.007231348,0.1181402815,0.4040613167,0.3821466299,0.0683509925,2.1699843089,0.0498655167,-0.049865517,23.0,-0.1149997919999999,0.1007138813,-0.295891256,0.4074100133,15.774664873,0.0448717387,0.1019039958,0.0097972424,-0.054469069,-0.086787926,-0.0064426909999999,3.7855066523,0.0,1.3644860595,0.1866905630999999,0.0,0.0,0.0,-0.185527716,0.034256299,0.7327079871,0.4793382129,0.0712843138,0.029654378,0.0555555555999999,0.0581613661,0.1299298738,0.5241459735,-1762.12352,0.5755414446,0.0085391935,5.4491306186,-0.026515022,-0.077172738,0.0152284216,0.0291799227,0.1180783969999999,-0.077788734,-0.047717144,0.1247324584999999,-0.309882854,4.0,1.0855560642,0.0,0.0160524871,0.0639065312,0.3593501995,0.2824979242,4.9346659117,10.320684719,8.7134613194,0.002387619,1.0,0.0647317251999999,0.0,0.2511869575,0.5001879122,0.4970401463,2.7162325318,0.2377257357,-0.000456158,-0.00363179,-0.030799732,2.0,0.045327507,0.0044932992,0.11170678,0.0055776287,0.0522878357,0.0557699679,6.0,0.018954007,1.969851e-10,0.0240830146,0.0110013157,0.4065095482,2.9049326933,1.3013901e-08,28.0,79.21
2015-02-27,7504830.5733,0.8043904348,0.6470439715,0.1832090504,16.195082956,0.0241858147,0.0096965064,0.0684561506,0.1911150357999999,0.2976544816,0.3507507717999999,0.0673184653,1.8221788397,0.0498655167,-0.049865517,23.0,-0.1149997919999999,0.1007138813,-0.296770447,0.4074100133,15.774664873,0.0448717387,0.1019039958,0.0097972424,-0.054469069,-0.086787926,-0.0064426909999999,3.7855066523,0.0,1.3644860595,0.1866905630999999,0.0,0.0,0.0,-0.185527716,0.034256299,0.7327079871,0.4793382129,0.0712843138,0.029654378,0.0555555555999999,0.0581613661,0.1299298738,0.5241459735,-1762.12352,0.5755414446,0.0085391935,5.4491306186,-0.026515022,-0.077172738,0.0152284216,0.0291799227,0.1180783969999999,-0.077788734,-0.047717144,0.1247324584999999,-0.309882854,4.0,1.0855560642,0.0,0.0160524871,0.0639065312,0.3593501995,0.2824979242,4.9346659117,10.320684719,8.7134613194,0.002387619,1.0,0.0647317251999999,0.0,0.2511869575,0.5001879122,0.4970401463,2.7162325318,0.2377257357,-0.000456158,-0.00363179,-0.030799732,2.0,0.045327507,0.0044932992,0.11170678,0.0055776287,0.0522878357,0.0557699679,6.0,0.0259573226,1.744943e-10,0.0344740935,0.0163406604,0.3631609045,3.7701631336,1.1320688e-08,28.0,78.415
2015-03-31,7390770.6663,0.7790232746,0.6068772622999999,0.2803937512,16.489770112000002,0.0254217041,-0.047441773,-0.010036589,0.2778897781,0.2583002043,0.4682215999999999,0.0238906744,1.6339644414,0.0498655167,-0.049865517,23.0,-0.1149997919999999,0.1007138813,-0.298518036,0.4074100133,15.774664873,0.0448717387,0.1019039958,0.0097972424,-0.054469069,-0.086787926,-0.0064426909999999,3.7855066523,0.0,1.3644860595,0.1866905630999999,0.0,0.0,0.0,-0.185527716,0.034256299,0.7327079871,0.4793382129,0.0712843138,0.029654378,0.0555555555999999,0.0581613661,0.1299298738,0.5241459735,-1762.12352,0.5755414446,0.0085391935,5.4491306186,-0.026515022,-0.077172738,0.0152284216,0.0291799227,0.1180783969999999,-0.077788734,-0.047717144,0.1247324584999999,-0.309882854,4.0,1.0855560642,0.0,0.0160524871,0.0639065312,0.3593501995,0.2824979242,4.9346659117,10.320684719,8.7134613194,0.002387619,1.0,0.0647317251999999,0.0,0.2511869575,0.5001879122,0.4970401463,2.7162325318,0.2377257357,-0.000456158,-0.00363179,-0.030799732,2.0,0.045327507,0.0044932992,0.11170678,0.0055776287,0.0522878357,0.0557699679,6.0,0.0197578071,1.419115e-10,0.0192482247999999,0.0095721852,0.3274143906,2.591758224,1.6714710999999998e-08,28.0,77.24
2015-04-30,7229045.8801,0.7391325977,0.546316997,0.3404481845,16.137428046,0.0257801816999999,0.0863161706,-0.014984417,0.3309853068,0.2918451334,0.3882219152,-0.036594905,1.5950223666,0.0498655167,-0.049865517,23.0,-0.1149997919999999,0.1007138813,-0.310280641,0.4074100133,15.774664873,0.0448717387,0.1019039958,0.0097972424,-0.054469069,-0.086787926,-0.0064426909999999,3.7855066523,0.0,1.3644860595,0.1866905630999999,0.0,0.0,0.0,-0.185527716,0.034256299,0.7327079871,0.4793382129,0.0712843138,0.029654378,0.0555555555999999,0.0581613661,0.1299298738,0.5241459735,-1762.12352,0.5755414446,0.0085391935,5.4491306186,-0.026515022,-0.077172738,0.0152284216,0.0291799227,0.1180783969999999,-0.077788734,-0.047717144,0.1247324584999999,-0.309882854,4.0,1.0855560642,0.0,0.0160524871,0.0639065312,0.3593501995,0.2824979242,4.9346659117,10.320684719,8.7134613194,0.002387619,1.0,0.0647317251999999,0.0,0.2511869575,0.5001879122,0.4970401463,0.4999462221,0.2268152346999999,-0.002293267,0.0015961504,0.1092817131,0.0,0.0406345733,0.0045059767,0.1151373027,0.0079519382,0.0551250904,0.0586042605,6.0,0.0204637734,2.447596e-10,0.0230200849,0.0134257767,0.2920569824,1.9073209092,1.3850322e-08,28.0,62.685
2015-05-29,5866814.6485,0.7429460637,0.5519688535,-0.235508432,16.158093919000002,0.0255300546,0.2206785903999999,-0.188438594,0.0904213861,0.2217651994,0.4379620491,-0.215890448,1.6504473317,0.0498655167,-0.049865517,23.0,-0.1149997919999999,0.1007138813,-0.309118916,0.4074100133,15.774664873,0.0448717387,0.1019039958,0.0097972424,-0.054469069,-0.086787926,-0.0064426909999999,3.7855066523,0.0,1.3644860595,0.1866905630999999,0.0,0.0,0.0,-0.185527716,0.034256299,0.7327079871,0.4793382129,0.0712843138,0.029654378,0.0555555555999999,0.0581613661,0.1299298738,0.5241459735,-1762.12352,0.5755414446,0.0085391935,5.4491306186,-0.026515022,-0.077172738,0.0152284216,0.0291799227,0.1180783969999999,-0.077788734,-0.047717144,0.1247324584999999,-0.309882854,4.0,1.0855560642,0.0,0.0160524871,0.0639065312,0.3593501995,0.2824979242,4.9346659117,10.320684719,8.7134613194,0.002387619,1.0,0.0647317251999999,0.0,0.2511869575,0.5001879122,0.4970401463,0.4999462221,0.2268152346999999,-0.002293267,0.0015961504,0.1092817131,0.0,0.0406345733,0.0045059767,0.1151373027,0.0079519382,0.0551250904,0.0586042605,6.0,0.0291597356999999,3.216142e-10,0.0291719529999999,0.0407636225,0.8441923917,13.190720163,9.8158724e-09,28.0,67.8
2015-06-30,6345537.8856,0.7015448475,0.4921651729999999,-0.254503433,16.337371627,0.0256093931,0.1750753866,0.0815984905,-0.160562456,-0.024206056,0.5143800374,0.1348920232,0.943711588,0.0498655167,-0.049865517,23.0,-0.1149997919999999,0.1007138813,-0.309665233,0.4074100133,15.774664873,0.0448717387,0.1019039958,0.0097972424,-0.054469069,-0.086787926,-0.0064426909999999,3.7855066523,0.0,1.3644860595,0.1866905630999999,0.0,0.0,0.0,-0.185527716,0.034256299,0.7327079871,0.4793382129,0.0712843138,0.029654378,0.0555555555999999,0.0581613661,0.1299298738,0.5241459735,-1762.12352,0.5755414446,0.0085391935,5.4491306186,-0.026515022,-0.077172738,0.0152284216,0.0291799227,0.1180783969999999,-0.077788734,-0.047717144,0.1247324584999999,-0.309882854,4.0,1.0855560642,0.0,0.0160524871,0.0639065312,0.3593501995,0.2824979242,4.9346659117,10.320684719,8.7134613194,0.002387619,1.0,0.0647317251999999,0.0,0.2511869575,0.5001879122,0.4970401463,0.4999462221,0.2268152346999999,-0.002293267,0.0015961504,0.1092817131,0.0,0.0406345733,0.0045059767,0.1151373027,0.0079519382,0.0551250904,0.0586042605,6.0,0.0272591859,1.678003e-10,0.0603014267999999,0.0176296042,0.3253161718,3.6612555445,1.0711108e-08,28.0,64.14
2015-07-31,5941672.9835,0.7633438379999999,0.582693815,-0.2448762669999999,16.377323663,0.0297673472,0.1533878424,-0.053982351,-0.085452206,0.0151980039,0.3894727063,0.1047887091,1.1809430647,0.0412586094,-0.041258609,24.0,-0.1249028859999999,0.022665734,-0.405518946,0.2430674447,18.570899714,0.0335771893,0.126582041,-0.0127617139999999,-0.0808319909999999,-0.098071141,0.0205872353,-9.021171116,0.0,0.9250730291,0.1930253931,0.0,0.0,0.0,-0.7732165670000001,0.0258977985,0.7312509548999999,-0.075871862,0.077420702,0.0274219569,0.1228070175,0.0656919536,0.1803278693,0.7782092426999999,168.40120109,2.1502537625,0.0082827597,-2.7567858710000004,-0.3220355589999999,0.0339322454,0.0155833035,-0.327764049,-0.104521545,-0.0500311659999999,-0.019396284,-0.086976563,-0.296526778,4.0,0.729749813,0.0,0.0139896176,0.0650357699,0.3393626797999999,0.2801699695,4.6844600293,9.4230270297,8.333463867699999,0.0,0.0,0.0971992465,0.0,0.2151065117,0.5073618899,0.4213851783,0.4999462221,0.2268152346999999,-0.002293267,0.0015961504,0.1092817131,0.0,0.0406345733,0.0045059767,0.1151373027,0.0079519382,0.0551250904,0.0586042605,6.0,0.0194015483,1.605961e-10,0.0216770619,0.0097272938,0.3530173465,3.2693725092,1.0379441999999998e-08,28.0,72.73
2015-08-31,6691523.9589,0.7624824268000001,0.5813794512,-0.354461985,15.944539736,0.0301890377,0.2722818808,0.1339258552,-0.190253757,0.0305269457,0.4118181522999999,0.0618285721999999,1.6183214680000002,0.0412586094,-0.041258609,24.0,-0.1249028859999999,0.022665734,-0.399914681,0.2430674447,18.570899714,0.0335771893,0.126582041,-0.0127617139999999,-0.0808319909999999,-0.098071141,0.0205872353,-9.021171116,0.0,0.9250730291,0.1930253931,0.0,0.0,0.0,-0.7732165670000001,0.0258977985,0.7312509548999999,-0.075871862,0.077420702,0.0274219569,0.1228070175,0.0656919536,0.1803278693,0.7782092426999999,168.40120109,2.1502537625,0.0082827597,-2.7567858710000004,-0.3220355589999999,0.0339322454,0.0155833035,-0.327764049,-0.104521545,-0.0500311659999999,-0.019396284,-0.086976563,-0.296526778,4.0,0.729749813,0.0,0.0139896176,0.0650357699,0.3393626797999999,0.2801699695,4.6844600293,9.4230270297,8.333463867699999,0.0,0.0,0.0971992465,0.0,0.2151065117,0.5073618899,0.4213851783,0.7073832396999999,0.2330107187,-0.01041108,0.0224173048,-0.0236416,0.0,0.0201149513999999,0.007078771,0.1131750571,0.0032724968,0.0553528062,0.0629574507,6.0,0.0311466976,2.367996e-10,0.0995467826999999,0.0299891987,0.5416576924000001,6.3993673410000005,8.3382777e-09,28.0,71.47
2015-09-30,6575597.4623,0.6809925058,0.4637507929,-0.353631357,16.588332260999998,0.0313475752,0.1904788951,-0.0173243789999999,-0.072498851,0.173348428,0.3041237605,0.1840548798,1.8320869883,0.0412586094,-0.041258609,24.0,-0.1249028859999999,0.022665734,-0.40043974,0.2430674447,18.570899714,0.0335771893,0.126582041,-0.0127617139999999,-0.0808319909999999,-0.098071141,0.0205872353,-9.021171116,0.0,0.9250730291,0.1930253931,0.0,0.0,0.0,-0.7732165670000001,0.0258977985,0.7312509548999999,-0.075871862,0.077420702,0.0274219569,0.1228070175,0.0656919536,0.1803278693,0.7782092426999999,168.40120109,2.1502537625,0.0082827597,-2.7567858710000004,-0.3220355589999999,0.0339322454,0.0155833035,-0.327764049,-0.104521545,-0.0500311659999999,-0.019396284,-0.086976563,-0.296526778,4.0,0.729749813,0.0,0.0139896176,0.0650357699,0.3393626797999999,0.2801699695,4.6844600293,9.4230270297,8.333463867699999,0.0,0.0,0.0971992465,0.0,0.2151065117,0.5073618899,0.4213851783,0.7073832396999999,0.2330107187,-0.01041108,0.0224173048,-0.0236416,0.0,0.0201149513999999,0.007078771,0.1131750571,0.0032724968,0.0553528062,0.0629574507,6.0,0.0268531427999999,2.866882e-10,0.0284529272,0.0188377125,0.4098770786999999,3.4600768123,1.2765851000000002e-08,28.0,74.25
2015-10-30,6771600.0,0.6506044929,0.4232862061999999,-0.3497517539999999,16.188654552,0.0318231806999999,0.1460671605,0.0388974212,-0.074702185,0.2131036214999999,0.1860090962,0.211081877,1.7805798631,0.0412586094,-0.041258609,24.0,-0.1249028859999999,0.022665734,-0.4016501979999999,0.2430674447,18.570899714,0.0335771893,0.126582041,-0.0127617139999999,-0.0808319909999999,-0.098071141,0.0205872353,-9.021171116,0.0,0.9250730291,0.1930253931,0.0,0.0,0.0,-0.7732165670000001,0.0258977985,0.7312509548999999,-0.075871862,0.077420702,0.0274219569,0.1228070175,0.0656919536,0.1803278693,0.7782092426999999,168.40120109,2.1502537625,0.0082827597,-2.7567858710000004,-0.3220355589999999,0.0339322454,0.0155833035,-0.327764049,-0.104521545,-0.0500311659999999,-0.019396284,-0.086976563,-0.296526778,4.0,0.729749813,0.0,0.0139896176,0.0650357699,0.3393626797999999,0.2801699695,4.6844600293,9.4230270297,8.333463867699999,0.0,0.0,0.0971992465,0.0,0.2151065117,0.5073618899,0.4213851783,5.5133610248,0.2245785157,-0.00063692,-0.002362037,-0.211282045,1.0,0.0336610531,0.0072864563,0.3964906906,0.0030811810999999,0.069515477,0.0768848646,6.0,0.0240649774,3.295047e-10,0.0335979983,0.0167627557,0.3419307584,2.3216083315,1.655348e-08,28.0,68.62
2015-11-30,6241949.9298,0.6573253538,0.4320766208,0.2097358573999999,15.966323328,0.0317690365,-0.018450596,-0.075824879,0.1844938752,0.0482106447,0.472661145,0.1182995989,1.7147333011,0.0412586094,-0.041258609,24.0,-0.1249028859999999,0.022665734,-0.401709381,0.2430674447,18.570899714,0.0335771893,0.126582041,-0.0127617139999999,-0.0808319909999999,-0.098071141,0.0205872353,-9.021171116,0.0,0.9250730291,0.1930253931,0.0,0.0,0.0,-0.7732165670000001,0.0258977985,0.7312509548999999,-0.075871862,0.077420702,0.0274219569,0.1228070175,0.0656919536,0.1803278693,0.7782092426999999,168.40120109,2.1502537625,0.0082827597,-2.7567858710000004,-0.3220355589999999,0.0339322454,0.0155833035,-0.327764049,-0.104521545,-0.0500311659999999,-0.019396284,-0.086976563,-0.296526778,4.0,0.729749813,0.0,0.0139896176,0.0650357699,0.3393626797999999,0.2801699695,4.6844600293,9.4230270297,8.333463867699999,0.0,0.0,0.0971992465,0.0,0.2151065117,0.5073618899,0.4213851783,5.5133610248,0.2245785157,-0.00063692,-0.002362037,-0.211282045,1.0,0.0336610531,0.0072864563,0.3964906906,0.0030811810999999,0.069515477,0.0768848646,6.0,0.036392688,3.328417e-10,0.0255157072,0.0287005597,0.6049290283,8.9860958879,8.9612484e-09,28.0,70.82
2015-12-31,6442070.4522,0.5733146457,0.328689683,0.1366083466,16.444973323,0.0325564561,0.0212213736,0.0320605785,0.0120943954,-0.081084702,0.5978389211,0.2979870053,1.5698390650999998,0.0412586094,-0.041258609,24.0,-0.1249028859999999,0.022665734,-0.402735,0.2430674447,18.570899714,0.0335771893,0.126582041,-0.0127617139999999,-0.0808319909999999,-0.098071141,0.0205872353,-9.021171116,0.0,0.9250730291,0.1930253931,0.0,0.0,0.0,-0.7732165670000001,0.0258977985,0.7312509548999999,-0.075871862,0.077420702,0.0274219569,0.1228070175,0.0656919536,0.1803278693,0.7782092426999999,168.40120109,2.1502537625,0.0082827597,-2.7567858710000004,-0.3220355589999999,0.0339322454,0.0155833035,-0.327764049,-0.104521545,-0.0500311659999999,-0.019396284,-0.086976563,-0.296526778,4.0,0.729749813,0.0,0.0139896176,0.0650357699,0.3393626797999999,0.2801699695,4.6844600293,9.4230270297,8.333463867699999,0.0,0.0,0.0971992465,0.0,0.2151065117,0.5073618899,0.4213851783,5.5133610248,0.2245785157,-0.00063692,-0.002362037,-0.211282045,1.0,0.0336610531,0.0072864563,0.3964906906,0.0030811810999999,0.069515477,0.0768848646,6.0,0.0238141031,2.292624e-10,0.017823441,0.0115312278,0.3660990118,1.8645269,1.8764274e-08,28.0,72.92
2016-01-29,6562435.2352,0.6257980145,0.3916231549,0.2717096912,15.831750824,0.0321650152,0.0453138606,0.0296526197,0.1041471882,-0.044715753,0.5977370602000001,0.1888763014999999,1.518125081,0.0412586094,-0.041258609,24.0,-0.1249028859999999,0.022665734,-0.415833277,0.2430674447,18.570899714,0.0335771893,0.126582041,-0.0127617139999999,-0.0808319909999999,-0.098071141,0.0205872353,-9.021171116,0.0,0.9250730291,0.1930253931,0.0,0.0,0.0,-0.7732165670000001,0.0258977985,0.7312509548999999,-0.075871862,0.077420702,0.0274219569,0.1228070175,0.0656919536,0.1803278693,0.7782092426999999,168.40120109,2.1502537625,0.0082827597,-2.7567858710000004,-0.3220355589999999,0.0339322454,0.0155833035,-0.327764049,-0.104521545,-0.0500311659999999,-0.019396284,-0.086976563,-0.296526778,4.0,0.729749813,0.0,0.0139896176,0.0650357699,0.3393626797999999,0.2801699695,4.6844600293,9.4230270297,8.333463867699999,0.0,0.0,0.0971992465,0.0,0.2151065117,0.5073618899,0.4213851783,0.9809285794,0.2328610978,0.0009094500999999,0.0189445116,0.1023286572,2.0,0.0397704006,0.0063577306,0.9920116195,0.0039081585,0.0713489501,0.0786964448,6.0,0.0222494993,2.595567e-10,0.0197255183,0.0103447905,0.3109116941,1.846559079,1.7770942e-08,28.0,70.14
2016-02-29,6312249.2451,0.6382156815,0.4073192560999999,0.0461965836,15.819666512,0.031991015,-0.045153255,-0.038123954,0.0026123311,-0.079409177,0.6639008423,0.1577710966,1.4270361528,0.0412586094,-0.041258609,24.0,-0.1249028859999999,0.022665734,-0.408581271,0.2430674447,18.570899714,0.0335771893,0.126582041,-0.0127617139999999,-0.0808319909999999,-0.098071141,0.0205872353,-9.021171116,0.0,0.9250730291,0.1930253931,0.0,0.0,0.0,-0.7732165670000001,0.0258977985,0.7312509548999999,-0.075871862,0.077420702,0.0274219569,0.1228070175,0.0656919536,0.1803278693,0.7782092426999999,168.40120109,2.1502537625,0.0082827597,-2.7567858710000004,-0.3220355589999999,0.0339322454,0.0155833035,-0.327764049,-0.104521545,-0.0500311659999999,-0.019396284,-0.086976563,-0.296526778,4.0,0.729749813,0.0,0.0139896176,0.0650357699,0.3393626797999999,0.2801699695,4.6844600293,9.4230270297,8.333463867699999,0.0,0.0,0.0971992465,0.0,0.2151065117,0.5073618899,0.4213851783,0.9809285794,0.2328610978,0.0009094500999999,0.0189445116,0.1023286572,2.0,0.0397704006,0.0063577306,0.6724986331,0.0039081585,0.0713489501,0.0786964448,6.0,0.0286958815,2.38062e-10,0.0845832899,0.02384218,0.3828785656,4.3934615279,1.1777331e-08,28.0,73.16
2016-03-31,6557916.4083,0.6895024817000001,0.4754136723,0.1122135533,16.328465429,0.0320481368,-0.30306274,0.0430568047,-0.01860923,-0.105528295,0.7024532843000001,0.100449403,1.6134500704,0.0412586094,-0.041258609,24.0,-0.1249028859999999,0.022665734,-0.408638346,0.2430674447,18.570899714,0.0335771893,0.126582041,-0.0127617139999999,-0.0808319909999999,-0.098071141,0.0205872353,-9.021171116,0.0,0.9250730291,0.1930253931,0.0,0.0,0.0,-0.7732165670000001,0.0258977985,0.7312509548999999,-0.075871862,0.077420702,0.0274219569,0.1228070175,0.0656919536,0.1803278693,0.7782092426999999,168.40120109,2.1502537625,0.0082827597,-2.7567858710000004,-0.3220355589999999,0.0339322454,0.0155833035,-0.327764049,-0.104521545,-0.0500311659999999,-0.019396284,-0.086976563,-0.296526778,4.0,0.729749813,0.0,0.0139896176,0.0650357699,0.3393626797999999,0.2801699695,4.6844600293,9.4230270297,8.333463867699999,0.0,0.0,0.0971992465,0.0,0.2151065117,0.5073618899,0.4213851783,0.9809285794,0.2328610978,0.0009094500999999,0.0189445116,0.1023286572,2.0,0.0397704006,0.0063577306,0.6964055048000001,0.0039081585,0.0713489501,0.0786964448,6.0,0.027008045,2.688745e-10,0.0303989761,0.0154185528,0.5442294523,5.496716737000001,1.2605516000000002e-08,28.0,78.32
2016-04-29,7013242.6927,0.7232112666,0.5230345362,0.0935252999,16.248515047999998,0.031846135,-0.327117907,0.0705302879,-0.014680083,-0.052822296,0.6720423871,0.1833944064,1.7179933952000002,0.0412586094,-0.041258609,24.0,-0.1249028859999999,0.022665734,-0.410203012,0.2430674447,18.570899714,0.0335771893,0.126582041,-0.0127617139999999,-0.0808319909999999,-0.098071141,0.0205872353,-9.021171116,0.0,0.9250730291,0.1930253931,0.0,0.0,0.0,-0.7732165670000001,0.0258977985,0.7312509548999999,-0.075871862,0.077420702,0.0274219569,0.1228070175,0.0656919536,0.1803278693,0.7782092426999999,168.40120109,2.1502537625,0.0082827597,-2.7567858710000004,-0.3220355589999999,0.0339322454,0.0155833035,-0.327764049,-0.104521545,-0.0500311659999999,-0.019396284,-0.086976563,-0.296526778,4.0,0.729749813,0.0,0.0139896176,0.0650357699,0.3393626797999999,0.2801699695,4.6844600293,9.4230270297,8.333463867699999,0.0,0.0,0.0971992465,0.0,0.2151065117,0.5073618899,0.4213851783,2.9065248798,0.2366278322,0.0035292787,-0.043057258,-0.076277984,0.0,0.0299335981999999,0.0067589401,0.7783590712999999,0.0033764546,0.0687795935,0.0760934955999999,6.0,0.0243360579999999,2.306956e-10,0.0317113101,0.0144962444,0.3201790148,2.3089772945,1.3729973e-08,28.0,84.35
2016-05-31,7551939.7134,0.751841945,0.5652663103,0.1345536205,16.134244864,0.0317151957,-0.254949492,0.0769918114,0.1413581587,0.249421687,0.4253069946,0.1204553401,1.7129150797,0.0412586094,-0.041258609,24.0,-0.1249028859999999,0.022665734,-0.409097616,0.2430674447,18.570899714,0.0335771893,0.126582041,-0.0127617139999999,-0.0808319909999999,-0.098071141,0.0205872353,-9.021171116,0.0,0.9250730291,0.1930253931,0.0,0.0,0.0,-0.7732165670000001,0.0258977985,0.7312509548999999,-0.075871862,0.077420702,0.0274219569,0.1228070175,0.0656919536,0.1803278693,0.7782092426999999,168.40120109,2.1502537625,0.0082827597,-2.7567858710000004,-0.3220355589999999,0.0339322454,0.0155833035,-0.327764049,-0.104521545,-0.0500311659999999,-0.019396284,-0.086976563,-0.296526778,4.0,0.729749813,0.0,0.0139896176,0.0650357699,0.3393626797999999,0.2801699695,4.6844600293,9.4230270297,8.333463867699999,0.0,0.0,0.0971992465,0.0,0.2151065117,0.5073618899,0.4213851783,2.9065248798,0.2366278322,0.0035292787,-0.043057258,-0.076277984,0.0,0.0299335981999999,0.0067589401,0.8922102682999999,0.0033764546,0.0687795935,0.0760934955999999,6.0,0.0190208775,9.712822e-11,0.0440648273,0.0112843671,0.3980233328,4.970237093500001,1.0684528e-08,28.0,87.57
2016-06-30,7840229.6427,0.7545332972,0.5693204964999999,0.191972386,16.50516471,0.0316624161,-0.258102719,0.0381742902,0.1910477121,0.2441002253999999,0.6448326209,0.0723148395,1.9476142623,0.0412586094,-0.041258609,24.0,-0.1249028859999999,0.022665734,-0.4085085539999999,0.2430674447,18.570899714,0.0335771893,0.126582041,-0.0127617139999999,-0.0808319909999999,-0.098071141,0.0205872353,-9.021171116,0.0,0.9250730291,0.1930253931,0.0,0.0,0.0,-0.7732165670000001,0.0258977985,0.7312509548999999,-0.075871862,0.077420702,0.0274219569,0.1228070175,0.0656919536,0.1803278693,0.7782092426999999,168.40120109,2.1502537625,0.0082827597,-2.7567858710000004,-0.3220355589999999,0.0339322454,0.0155833035,-0.327764049,-0.104521545,-0.0500311659999999,-0.019396284,-0.086976563,-0.296526778,4.0,0.729749813,0.0,0.0139896176,0.0650357699,0.3393626797999999,0.2801699695,4.6844600293,9.4230270297,8.333463867699999,0.0,0.0,0.0971992465,0.0,0.2151065117,0.5073618899,0.4213851783,2.9065248798,0.2366278322,0.0035292787,-0.043057258,-0.076277984,0.0,0.0299335981999999,0.0067589401,0.8439093484,0.0033764546,0.0687795935,0.0760934955999999,6.0,0.0170400074,1.056503e-10,0.0238311216,0.0117746296,0.5021553847,12.358506075,8.5195366e-09,28.0,92.86
2016-07-29,8316541.6547,0.7537941636,0.5682056411,0.1365623551999999,16.768973199,0.0320039287,-0.257759051,0.0604088269,0.20090513,0.3652946854,0.4302597271,-0.04945809,1.9948664113,0.0169879449,-0.016987945,25.0,-0.065583932,-0.005293157,-0.467410731,0.183661581,16.593042310999998,0.0329700769,0.1572595799,-0.020523458,0.8997108057,-0.318327827,0.019929323,11.112175751,0.0,0.9590002346,0.2023866003999999,0.0,0.0,0.0,-1.7158599680000002,0.0292693167,0.691852615,0.0684043704999999,0.0659071546,0.0262900311,0.0625,0.0745406589,0.2375624147,0.2308234026999999,335.420924,,0.0081599523,35.516031898,0.0366751645,0.0484972845,0.0040765713,0.0121234224,-0.117470144,-0.043495367,-0.01373639,-0.099746325,-0.126438218,5.0,0.7385968782,0.0,0.0151896352,0.0622270415,0.2986513887,0.2699478396999999,4.6758964928,8.4831147098,8.005057218500001,0.0,0.0,0.0602187957,0.0,0.2441002314,0.5200866791,0.5417711957,2.9065248798,0.2366278322,0.0035292787,-0.043057258,-0.076277984,0.0,0.0299335981999999,0.0067589401,0.7146216945,0.0033764546,0.0687795935,0.0760934955999999,6.0,0.0179881119,2.034444e-10,0.0291426852,0.0158069952,0.2344971280999999,1.8704598807,1.2508413999999998e-08,28.0,93.79
2016-08-31,8398050.472000001,0.7403727676999999,0.5481518351,0.3727940186,16.397080880999997,0.0321018815,-0.303959827,0.0100150798,0.3239236028,0.2767770742,0.4844372918999999,-0.054174947,1.6570062875999998,0.0169879449,-0.016987945,25.0,-0.065583932,-0.005293157,-0.466303805,0.183661581,16.593042310999998,0.0329700769,0.1572595799,-0.020523458,0.8997108057,-0.318327827,0.019929323,11.112175751,0.0,0.9590002346,0.2023866003999999,0.0,0.0,0.0,-1.7158599680000002,0.0292693167,0.691852615,0.0684043704999999,0.0659071546,0.0262900311,0.0625,0.0745406589,0.2375624147,0.2308234026999999,335.420924,,0.0081599523,35.516031898,0.0366751645,0.0484972845,0.0040765713,0.0121234224,-0.117470144,-0.043495367,-0.01373639,-0.099746325,-0.126438218,5.0,0.7385968782,0.0,0.0151896352,0.0622270415,0.2986513887,0.2699478396999999,4.6758964928,8.4831147098,8.005057218500001,0.0,0.0,0.0602187957,0.0,0.2441002314,0.5200866791,0.5417711957,1.2146091671,0.2322621192,0.008296423,0.0179123924,0.0945706433,1.0,0.0300221363,0.0070879455,-0.7578273520000001,0.0034478053999999,0.0690323693,0.0761028363,6.0,0.0121534396,1.580206e-10,0.0126515254,0.0071316499,0.261121132,1.2292178042,2.3367603e-08,28.0,112.68
2016-09-30,10089479.907,0.7304751018000001,0.5335938744,0.5165394981,15.877628325,0.0322789374,-0.200182978,0.2014073878999999,0.281984641,0.3122988609,0.5235557772999999,-0.032976701,1.3627736223,0.0169879449,-0.016987945,25.0,-0.065583932,-0.005293157,-0.463494435,0.183661581,16.593042310999998,0.0329700769,0.1572595799,-0.020523458,0.8997108057,-0.318327827,0.019929323,11.112175751,0.0,0.9590002346,0.2023866003999999,0.0,0.0,0.0,-1.7158599680000002,0.0292693167,0.691852615,0.0684043704999999,0.0659071546,0.0262900311,0.0625,0.0745406589,0.2375624147,0.2308234026999999,335.420924,,0.0081599523,35.516031898,0.0366751645,0.0484972845,0.0040765713,0.0121234224,-0.117470144,-0.043495367,-0.01373639,-0.099746325,-0.126438218,5.0,0.7385968782,0.0,0.0151896352,0.0622270415,0.2986513887,0.2699478396999999,4.6758964928,8.4831147098,8.005057218500001,0.0,0.0,0.0602187957,0.0,0.2441002314,0.5200866791,0.5417711957,1.2146091671,0.2322621192,0.008296423,0.0179123924,0.0945706433,1.0,0.0300221363,0.0070879455,-1.140311632,0.0034478053999999,0.0690323693,0.0761028363,6.0,0.0165054069,1.370829e-10,0.1322852671,0.028425865,0.5314468062,5.9593699812,1.2115969e-08,28.0,112.73
2016-10-31,10112670.411,0.7512946443999999,0.5644436426,0.3845366093999999,16.578062606,0.0346421082,-0.097934228,0.0004437616,0.4387129782,0.5175757629,0.4902157307999999,-0.1094222969999999,1.1556693212,0.0169879449,-0.016987945,25.0,-0.065583932,-0.005293157,-0.463872391,0.183661581,16.593042310999998,0.0329700769,0.1572595799,-0.020523458,0.8997108057,-0.318327827,0.019929323,11.112175751,0.0,0.9590002346,0.2023866003999999,0.0,0.0,0.0,-1.7158599680000002,0.0292693167,0.691852615,0.0684043704999999,0.0659071546,0.0262900311,0.0625,0.0745406589,0.2375624147,0.2308234026999999,335.420924,,0.0081599523,35.516031898,0.0366751645,0.0484972845,0.0040765713,0.0121234224,-0.117470144,-0.043495367,-0.01373639,-0.099746325,-0.126438218,5.0,0.7385968782,0.0,0.0151896352,0.0622270415,0.2986513887,0.2699478396999999,4.6758964928,8.4831147098,8.005057218500001,0.0,0.0,0.0602187957,0.0,0.2441002314,0.5200866791,0.5417711957,1.2146091671,0.2322621192,0.008296423,0.0179123924,0.0945706433,1.0,0.0300221363,0.0070879455,-1.140311632,0.0034478053999999,0.0690323693,0.0761028363,6.0,0.0159652647,2.2759599999999999e-10,0.0208182912,0.0142409307,0.2720839842999999,1.3793613844,2.1583485e-08,28.0,107.14
2016-11-30,9605958.0653,0.7627730387,0.5818227086,0.0409503814,16.092155144,0.0342979279,-0.075149149,-0.049587544,0.3364553086,0.6428154906,0.2723901774,-0.001727644,1.2265609315,0.0169879449,-0.016987945,25.0,-0.065583932,-0.005293157,-0.481437709,0.183661581,16.593042310999998,0.0329700769,0.1572595799,-0.020523458,0.8997108057,-0.318327827,0.019929323,11.112175751,0.0,0.9590002346,0.2023866003999999,0.0,0.0,0.0,-1.7158599680000002,0.0292693167,0.691852615,0.0684043704999999,0.0659071546,0.0262900311,0.0625,0.0745406589,0.2375624147,0.2308234026999999,335.420924,,0.0081599523,35.516031898,0.0366751645,0.0484972845,0.0040765713,0.0121234224,-0.117470144,-0.043495367,-0.01373639,-0.099746325,-0.126438218,5.0,0.7385968782,0.0,0.0151896352,0.0622270415,0.2986513887,0.2699478396999999,4.6758964928,8.4831147098,8.005057218500001,0.0,0.0,0.0602187957,0.0,0.2441002314,0.5200866791,0.5417711957,1.3997232593,0.2370883651999999,-4.3326000000000005e-05,0.0049315352,0.0411760109,2.0,0.0311994700999999,0.007275425,-0.5470312039999999,0.0050009677,0.0654791272,0.0730449272,6.0,0.0195417466,2.472443e-10,0.0262490381,0.0168600632,0.3375872812,1.9966879037,1.8159179e-08,28.0,117.65
2016-12-30,10548263.837,0.8139468273,0.6625094376,0.1069815351999999,16.215649307,0.0346642189,-0.218075205,0.0980959684,0.2234783544,0.5128494758,0.3598309745,-0.1161977519999999,1.1775903487,0.0169879449,-0.016987945,25.0,-0.065583932,-0.005293157,-0.482012946,0.183661581,16.593042310999998,0.0329700769,0.1572595799,-0.020523458,0.8997108057,-0.318327827,0.019929323,11.112175751,0.0,0.9590002346,0.2023866003999999,0.0,0.0,0.0,-1.7158599680000002,0.0292693167,0.691852615,0.0684043704999999,0.0659071546,0.0262900311,0.0625,0.0745406589,0.2375624147,0.2308234026999999,335.420924,,0.0081599523,35.516031898,0.0366751645,0.0484972845,0.0040765713,0.0121234224,-0.117470144,-0.043495367,-0.01373639,-0.099746325,-0.126438218,5.0,0.7385968782,0.0,0.0151896352,0.0622270415,0.2986513887,0.2699478396999999,4.6758964928,8.4831147098,8.005057218500001,0.0,0.0,0.0602187957,0.0,0.2441002314,0.5200866791,0.5417711957,1.3997232593,0.2370883651999999,-4.3326000000000005e-05,0.0049315352,0.0411760109,2.0,0.0311994700999999,0.007275425,-0.5470312039999999,0.0050009677,0.0654791272,0.0730449272,6.0,0.0240940193,1.632375e-10,0.0346751437,0.0145762262999999,0.3357617208,2.2400852878,1.5378987e-08,28.0,117.27
2017-01-31,10316710.685,0.7987539747,0.6380079121,-0.010581615,16.475021464,0.0347381587,-0.1149961319999999,-0.003229961,0.2669610194,0.6134120171,0.3710632002,-0.0481565,1.2545941604000002,0.0169879449,-0.016987945,25.0,-0.065583932,-0.005293157,-0.502185022,0.183661581,16.593042310999998,0.0329700769,0.1572595799,-0.020523458,0.8997108057,-0.318327827,0.019929323,11.112175751,0.0,0.9590002346,0.2023866003999999,0.0,0.0,0.0,-1.7158599680000002,0.0292693167,0.691852615,0.0684043704999999,0.0659071546,0.0262900311,0.0625,0.0745406589,0.2375624147,0.2308234026999999,335.420924,,0.0081599523,35.516031898,0.0366751645,0.0484972845,0.0040765713,0.0121234224,-0.117470144,-0.043495367,-0.01373639,-0.099746325,-0.126438218,5.0,0.7385968782,0.0,0.0151896352,0.0622270415,0.2986513887,0.2699478396999999,4.6758964928,8.4831147098,8.005057218500001,0.0,0.0,0.0602187957,0.0,0.2441002314,0.5200866791,0.5417711957,1.3997232593,0.2370883651999999,-4.3326000000000005e-05,0.0049315352,0.0411760109,2.0,0.0311994700999999,0.007275425,-0.5470312039999999,0.0050009677,0.0654791272,0.0730449272,6.0,0.0179346327,1.493746e-10,0.0198755227,0.0112040641999999,0.3828247879,2.5162835654,1.747947e-08,28.0,122.33
2017-02-28,10761859.580999998,0.8027050977,0.6443354738,-0.03288597,16.342808177000002,0.0345871341,0.0758455023,0.0431483351,0.2503464654,0.6719417916,0.2277262034,-0.011063031,2.1812889419,0.0169879449,-0.016987945,25.0,-0.065583932,-0.005293157,-0.499421522,0.183661581,16.593042310999998,0.0329700769,0.1572595799,-0.020523458,0.8997108057,-0.318327827,0.019929323,11.112175751,0.0,0.9590002346,0.2023866003999999,0.0,0.0,0.0,-1.7158599680000002,0.0292693167,0.691852615,0.0684043704999999,0.0659071546,0.0262900311,0.0625,0.0745406589,0.2375624147,0.2308234026999999,335.420924,,0.0081599523,35.516031898,0.0366751645,0.0484972845,0.0040765713,0.0121234224,-0.117470144,-0.043495367,-0.01373639,-0.099746325,-0.126438218,5.0,0.7385968782,0.0,0.0151896352,0.0622270415,0.2986513887,0.2699478396999999,4.6758964928,8.4831147098,8.005057218500001,0.0,0.0,0.0602187957,0.0,0.2441002314,0.5200866791,0.5417711957,2.1573926129,0.248584346,0.0033945457,-0.004977314,0.1490392524,3.0,0.0454483050999999,0.0070180954,-0.909093369,0.0064000161,0.066152382,0.0741188222,6.0,0.0200713919,1.15118e-10,0.0243861227999999,0.0120528512,0.7854901065000001,50.53550516600001,5.5350975e-09,28.0,144.94
2017-03-31,12755444.915,0.8000768195,0.640122917,-0.2538883269999999,17.565754369,0.0343136377,0.1315753767,0.1848279238,0.0856407633,0.672088508,0.1621922592,0.0337623096,2.3501340035,0.0169879449,-0.016987945,25.0,-0.065583932,-0.005293157,-0.500134086,0.183661581,16.593042310999998,0.0329700769,0.1572595799,-0.020523458,0.8997108057,-0.318327827,0.019929323,11.112175751,0.0,0.9590002346,0.2023866003999999,0.0,0.0,0.0,-1.7158599680000002,0.0292693167,0.691852615,0.0684043704999999,0.0659071546,0.0262900311,0.0625,0.0745406589,0.2375624147,0.2308234026999999,335.420924,,0.0081599523,35.516031898,0.0366751645,0.0484972845,0.0040765713,0.0121234224,-0.117470144,-0.043495367,-0.01373639,-0.099746325,-0.126438218,5.0,0.7385968782,0.0,0.0151896352,0.0622270415,0.2986513887,0.2699478396999999,4.6758964928,8.4831147098,8.005057218500001,0.0,0.0,0.0602187957,0.0,0.2441002314,0.5200866791,0.5417711957,2.1573926129,0.248584346,0.0033945457,-0.004977314,0.1490392524,3.0,0.0454483050999999,0.0070180954,-0.909093369,0.0064000161,0.066152382,0.0741188222,6.0,0.0186151801,5.345465e-11,0.1324918866,0.0305552574,0.4997245958,6.6004050892,1.2240941e-08,28.0,154.61
2017-04-28,13595321.184,0.8266559768,0.6833601039,-0.06784432,16.993203442000002,0.0366655435999999,0.1208037716,0.0667172521,0.2857269354,0.850612895,0.2902800441,-0.071961663,2.5520465713,0.0169879449,-0.016987945,25.0,-0.065583932,-0.005293157,-0.4985642429999999,0.183661581,16.593042310999998,0.0329700769,0.1572595799,-0.020523458,0.8997108057,-0.318327827,0.019929323,11.112175751,0.0,0.9590002346,0.2023866003999999,0.0,0.0,0.0,-1.7158599680000002,0.0292693167,0.691852615,0.0684043704999999,0.0659071546,0.0262900311,0.0625,0.0745406589,0.2375624147,0.2308234026999999,335.420924,,0.0081599523,35.516031898,0.0366751645,0.0484972845,0.0040765713,0.0121234224,-0.117470144,-0.043495367,-0.01373639,-0.099746325,-0.126438218,5.0,0.7385968782,0.0,0.0151896352,0.0622270415,0.2986513887,0.2699478396999999,4.6758964928,8.4831147098,8.005057218500001,0.0,0.0,0.0602187957,0.0,0.2441002314,0.5200866791,0.5417711957,2.1573926129,0.248584346,0.0033945457,-0.004977314,0.1490392524,3.0,0.0454483050999999,0.0070180954,-0.909093369,0.0064000161,0.066152382,0.0741188222,6.0,0.0142727208,6.607611e-11,0.0184531622,0.0082036654,0.482117272,6.9344211727,1.0362444e-08,28.0,167.73
2017-05-31,14780870.413,0.8011074265000001,0.6417731088,0.2953379478,17.033030010999997,0.0364315827,0.0961764739,0.0848586485,0.4430651607999999,0.8329579493000001,0.3342296192,-0.039875943,1.6613861686000002,0.0169879449,-0.016987945,25.0,-0.065583932,-0.005293157,-0.494940539,0.183661581,16.593042310999998,0.0329700769,0.1572595799,-0.020523458,0.8997108057,-0.318327827,0.019929323,11.112175751,0.0,0.9590002346,0.2023866003999999,0.0,0.0,0.0,-1.7158599680000002,0.0292693167,0.691852615,0.0684043704999999,0.0659071546,0.0262900311,0.0625,0.0745406589,0.2375624147,0.2308234026999999,335.420924,,0.0081599523,35.516031898,0.0366751645,0.0484972845,0.0040765713,0.0121234224,-0.117470144,-0.043495367,-0.01373639,-0.099746325,-0.126438218,5.0,0.7385968782,0.0,0.0151896352,0.0622270415,0.2986513887,0.2699478396999999,4.6758964928,8.4831147098,8.005057218500001,0.0,0.0,0.0602187957,0.0,0.2441002314,0.5200866791,0.5417711957,1.1200366484,0.2609183068,0.0030273285,-0.015935209,0.0044423221,0.0,0.0379085722,0.0069806538,-1.5400645730000002,0.0041453938,0.066511365,0.0740200643,6.0,0.0141013566,6.597456e-11,0.0305357669,0.0090337613,0.3592373229,3.3250503292,1.8056353e-08,28.0,168.39
2017-06-30,14839031.916,0.8264450761,0.6830114639,0.0877825514,16.750527470999998,0.0367055537,0.0730740674,0.0039349175,0.4256693086,0.9153819377,0.3631694018,-0.068790267,1.5117749056999998,0.0169879449,-0.016987945,25.0,-0.065583932,-0.005293157,-0.495761488,0.183661581,16.593042310999998,0.0329700769,0.1572595799,-0.020523458,0.8997108057,-0.318327827,0.019929323,11.112175751,0.0,0.9590002346,0.2023866003999999,0.0,0.0,0.0,-1.7158599680000002,0.0292693167,0.691852615,0.0684043704999999,0.0659071546,0.0262900311,0.0625,0.0745406589,0.2375624147,0.2308234026999999,335.420924,,0.0081599523,35.516031898,0.0366751645,0.0484972845,0.0040765713,0.0121234224,-0.117470144,-0.043495367,-0.01373639,-0.099746325,-0.126438218,5.0,0.7385968782,0.0,0.0151896352,0.0622270415,0.2986513887,0.2699478396999999,4.6758964928,8.4831147098,8.005057218500001,0.0,0.0,0.0602187957,0.0,0.2441002314,0.5200866791,0.5417711957,1.1200366484,0.2609183068,0.0030273285,-0.015935209,0.0044423221,0.0,0.0379085722,0.0069806538,-1.482737735,0.0041453938,0.066511365,0.0740200643,6.0,0.0141176412999999,7.303804000000001e-11,0.0170108601,0.0103348373,0.3596806417,2.5741267831,1.4348775000000001e-08,28.0,161.42
2017-07-31,14088091.76,0.836991953,0.7005555294,0.1136128687,16.83914042,0.0368010981,0.0850481667999999,-0.041392013,0.4359171557999999,0.8133749539,0.3904319150999999,-0.101022501,1.4919565516,0.0748751454,-0.074875145,26.0,-0.037770349,-0.006694479,-0.59147066,0.1845470707,23.93547781,0.0324300061,0.236687492,0.0654392646,-0.0224568029999999,-0.088701066,-0.020493749,-28.90425154,0.0,0.9047859546,0.2043438848,0.0,0.0,0.0,0.2879881129,0.0215228477999999,0.7108325259999999,0.0704525551999999,0.0589540463,0.025520913,0.0830882353,0.0224875643,0.1588604162,0.0512697980999999,4741.4884443,,0.0083092004,-1.409371061,-0.056532082,0.0096710176,-0.01351219,-0.003939055,0.2714305646,-0.051863118,0.038203756,0.3243292443,-0.50677115,6.0,0.7356875048,0.0,0.0098017673,0.0569565675,0.2909040227,0.306319843,4.530874058999999,11.234436893,7.6472136316,0.0,0.0,0.1083287761999999,0.0,0.1720919587,0.5458364635,0.0140679063999999,1.1200366484,0.2609183068,0.0030273285,-0.015935209,0.0044423221,0.0,0.0379085722,0.0069806538,-1.462576123,0.0041453938,0.066511365,0.0740200643,6.0,0.0208194903,9.771386999999999e-11,0.0228361525,0.0162787547,0.3552609523,3.297709762,1.1208699e-08,28.0,166.46
2017-08-31,14527963.545999998,0.8334775281,0.6946847898,0.0564487330999999,17.043471789,0.0367786379999999,0.0927469446,0.0312229506999999,0.3195454638,0.7210789703,0.5069087123,-0.041420875,1.4652405396,0.0748751454,-0.074875145,26.0,-0.037770349,-0.006694479,-0.577927354,0.1845470707,23.93547781,0.0324300061,0.236687492,0.0654392646,-0.0224568029999999,-0.088701066,-0.020493749,-28.90425154,0.0,0.9047859546,0.2043438848,0.0,0.0,0.0,0.2879881129,0.0215228477999999,0.7108325259999999,0.0704525551999999,0.0589540463,0.025520913,0.0830882353,0.0224875643,0.1588604162,0.0512697980999999,4741.4884443,,0.0083092004,-1.409371061,-0.056532082,0.0096710176,-0.01351219,-0.003939055,0.2714305646,-0.051863118,0.038203756,0.3243292443,-0.50677115,6.0,0.7356875048,0.0,0.0098017673,0.0569565675,0.2909040227,0.306319843,4.530874058999999,11.234436893,7.6472136316,0.0,0.0,0.1083287761999999,0.0,0.1720919587,0.5458364635,0.0140679063999999,0.0426989348,0.2559933207,0.0063464707999999,0.0047155782,0.1575462783,0.0,0.034904057,0.0069706285,0.8035569926999999,0.0041981403,0.0685101696,0.0748932135,6.0,0.0184830445999999,1.369011e-10,0.0213659685,0.0127270723,0.3698290104999999,2.5236149665000003,1.8144398e-08,28.0,155.43
2017-09-29,13565308.041,0.8411061542,0.7074595627,-0.2139227739999999,16.678563756,0.0366276917,0.0694197976,-0.066262245,0.1484752675,0.4772808557999999,0.8178591391,-0.071080518,1.5619523259,0.0748751454,-0.074875145,26.0,-0.037770349,-0.006694479,-0.579094025,0.1845470707,23.93547781,0.0324300061,0.236687492,0.0654392646,-0.0224568029999999,-0.088701066,-0.020493749,-28.90425154,0.0,0.9047859546,0.2043438848,0.0,0.0,0.0,0.2879881129,0.0215228477999999,0.7108325259999999,0.0704525551999999,0.0589540463,0.025520913,0.0830882353,0.0224875643,0.1588604162,0.0512697980999999,4741.4884443,,0.0083092004,-1.409371061,-0.056532082,0.0096710176,-0.01351219,-0.003939055,0.2714305646,-0.051863118,0.038203756,0.3243292443,-0.50677115,6.0,0.7356875048,0.0,0.0098017673,0.0569565675,0.2909040227,0.306319843,4.530874058999999,11.234436893,7.6472136316,0.0,0.0,0.1083287761999999,0.0,0.1720919587,0.5458364635,0.0140679063999999,0.0426989348,0.2559933207,0.0063464707999999,0.0047155782,0.1575462783,0.0,0.034904057,0.0069706285,0.9547675479,0.0041981403,0.0685101696,0.0748932135,6.0,0.0218279914,1.280324e-10,0.0190462898,0.0198350058,0.3221126764,2.7516060568,1.1249763000000002e-08,28.0,155.49
2017-10-31,13574432.97,0.8450160622,0.7140521453,-0.365815325,16.948260117,0.0362510799,0.0237151241,0.0003861083999999,0.0053036225,0.3787810595,0.9134346303,-0.157203935,1.3035347803,0.0748751454,-0.074875145,26.0,-0.037770349,-0.006694479,-0.577570722,0.1845470707,23.93547781,0.0324300061,0.236687492,0.0654392646,-0.0224568029999999,-0.088701066,-0.020493749,-28.90425154,0.0,0.9047859546,0.2043438848,0.0,0.0,0.0,0.2879881129,0.0215228477999999,0.7108325259999999,0.0704525551999999,0.0589540463,0.025520913,0.0830882353,0.0224875643,0.1588604162,0.0512697980999999,4741.4884443,,0.0083092004,-1.409371061,-0.056532082,0.0096710176,-0.01351219,-0.003939055,0.2714305646,-0.051863118,0.038203756,0.3243292443,-0.50677115,6.0,0.7356875048,0.0,0.0098017673,0.0569565675,0.2909040227,0.306319843,4.530874058999999,11.234436893,7.6472136316,0.0,0.0,0.1083287761999999,0.0,0.1720919587,0.5458364635,0.0140679063999999,0.0426989348,0.2559933207,0.0063464707999999,0.0047155782,0.1575462783,0.0,0.034904057,0.0069706285,0.9547675479,0.0041981403,0.0685101696,0.0748932135,6.0,0.0170165215,1.431216e-10,0.0209474768,0.0118412517999999,0.2813583666,1.4398125964,2.1624628e-08,28.0,166.17
2017-11-30,14493181.07,0.8059712259999999,0.6495896172,-0.574822366,16.434940933,0.0359847472,0.261005736,0.0686860383,-0.072974364,0.4512787682,0.5125291297,-0.1040673169999999,1.2412356635,0.0748751454,-0.074875145,26.0,-0.037770349,-0.006694479,-0.578588856,0.1845470707,23.93547781,0.0324300061,0.236687492,0.0654392646,-0.0224568029999999,-0.088701066,-0.020493749,-28.90425154,0.0,0.9047859546,0.2043438848,0.0,0.0,0.0,0.2879881129,0.0215228477999999,0.7108325259999999,0.0704525551999999,0.0589540463,0.025520913,0.0830882353,0.0224875643,0.1588604162,0.0512697980999999,4741.4884443,,0.0083092004,-1.409371061,-0.056532082,0.0096710176,-0.01351219,-0.003939055,0.2714305646,-0.051863118,0.038203756,0.3243292443,-0.50677115,6.0,0.7356875048,0.0,0.0098017673,0.0569565675,0.2909040227,0.306319843,4.530874058999999,11.234436893,7.6472136316,0.0,0.0,0.1083287761999999,0.0,0.1720919587,0.5458364635,0.0140679063999999,0.9371095169,0.2546551058,-0.003114334,-0.002415674,0.0063193312,1.0,0.0450897104,0.0072136513,-0.636988703,0.0032710518,0.0779644005,0.0812016965,6.0,0.0204486382,1.821724e-10,0.0250836833999999,0.0138033534,0.3045897769,1.6356358999999998,1.9518372e-08,28.0,156.41
2017-12-29,13641924.109,0.7948187627,0.6317368655,-0.50242354,16.508492472,0.0361039065,0.1725378708,-0.058734998,-0.013183686,0.4124096635,0.5754937602,-0.042342436,1.1638424565,0.0748751454,-0.074875145,26.0,-0.037770349,-0.006694479,-0.578142175,0.1845470707,23.93547781,0.0324300061,0.236687492,0.0654392646,-0.0224568029999999,-0.088701066,-0.020493749,-28.90425154,0.0,0.9047859546,0.2043438848,0.0,0.0,0.0,0.2879881129,0.0215228477999999,0.7108325259999999,0.0704525551999999,0.0589540463,0.025520913,0.0830882353,0.0224875643,0.1588604162,0.0512697980999999,4741.4884443,,0.0083092004,-1.409371061,-0.056532082,0.0096710176,-0.01351219,-0.003939055,0.2714305646,-0.051863118,0.038203756,0.3243292443,-0.50677115,6.0,0.7356875048,0.0,0.0098017673,0.0569565675,0.2909040227,0.306319843,4.530874058999999,11.234436893,7.6472136316,0.0,0.0,0.1083287761999999,0.0,0.1720919587,0.5458364635,0.0140679063999999,0.9371095169,0.2546551058,-0.003114334,-0.002415674,0.0063193312,1.0,0.0450897104,0.0072136513,-0.636988703,0.0032710518,0.0779644005,0.0812016965,6.0,0.0224498591,1.273651e-10,0.0241059325999999,0.0179423206,0.4839331707,3.3008209358,1.4316686000000001e-08,28.0,156.38
2018-01-31,13621323.945,0.8408655627,0.7070548945999999,-0.4077045079999999,16.803785155,0.0365159935,0.2475947831,-0.000191796,-0.031037012,0.3337597764,0.58184384,-0.03184241,1.1849321883,0.0748751454,-0.074875145,26.0,-0.037770349,-0.006694479,-0.581482077,0.1845470707,23.93547781,0.0324300061,0.236687492,0.0654392646,-0.0224568029999999,-0.088701066,-0.020493749,-28.90425154,0.0,0.9047859546,0.2043438848,0.0,0.0,0.0,0.2879881129,0.0215228477999999,0.7108325259999999,0.0704525551999999,0.0589540463,0.025520913,0.0830882353,0.0224875643,0.1588604162,0.0512697980999999,4741.4884443,,0.0083092004,-1.409371061,-0.056532082,0.0096710176,-0.01351219,-0.003939055,0.2714305646,-0.051863118,0.038203756,0.3243292443,-0.50677115,6.0,0.7356875048,0.0,0.0098017673,0.0569565675,0.2909040227,0.306319843,4.530874058999999,11.234436893,7.6472136316,0.0,0.0,0.1083287761999999,0.0,0.1720919587,0.5458364635,0.0140679063999999,0.9371095169,0.2546551058,-0.003114334,-0.002415674,0.0063193312,1.0,0.0450897104,0.0072136513,-0.636988703,0.0032710518,0.0779644005,0.0812016965,6.0,0.0199114369,1.140279e-10,0.0277419556,0.0102421161,0.4564384954,2.9849412478,2.0339334e-08,28.0,187.04
2018-02-28,16291931.575,0.8324366737000001,0.6929508157,-0.237112352,16.501198448,0.0362413591,0.2333093078,0.1960607916,-0.060555097,0.2783454875,0.5443757492,-0.0171319539999999,1.2465135498,0.0748751454,-0.074875145,26.0,-0.037770349,-0.006694479,-0.577851619,0.1845470707,23.93547781,0.0324300061,0.236687492,0.0654392646,-0.0224568029999999,-0.088701066,-0.020493749,-28.90425154,0.0,0.9047859546,0.2043438848,0.0,0.0,0.0,0.2879881129,0.0215228477999999,0.7108325259999999,0.0704525551999999,0.0589540463,0.025520913,0.0830882353,0.0224875643,0.1588604162,0.0512697980999999,4741.4884443,,0.0083092004,-1.409371061,-0.056532082,0.0096710176,-0.01351219,-0.003939055,0.2714305646,-0.051863118,0.038203756,0.3243292443,-0.50677115,6.0,0.7356875048,0.0,0.0098017673,0.0569565675,0.2909040227,0.306319843,4.530874058999999,11.234436893,7.6472136316,0.0,0.0,0.1083287761999999,0.0,0.1720919587,0.5458364635,0.0140679063999999,0.6397024342000001,0.2583155839,-0.000337084,-0.003480688,-0.099528745,2.0,0.054295203,0.0080024655,-1.152071805,0.0030016942999999,0.0782066459999999,0.082446104,6.0,0.0184661934,1.168065e-10,0.0323221087,0.0097363593,0.2030048017,1.1176772406,1.7269019e-08,28.0,187.23
2018-03-29,16312038.918,0.8941965257,0.7995874265999999,0.1322190121,16.793818739000002,0.0365602562999999,0.2358037335999999,0.0010158386,0.2033712989,0.2904649569999999,0.8483708503,-0.141967218,1.2814848022,0.0748751454,-0.074875145,26.0,-0.037770349,-0.006694479,-0.57840933,0.1845470707,23.93547781,0.0324300061,0.236687492,0.0654392646,-0.0224568029999999,-0.088701066,-0.020493749,-28.90425154,0.0,0.9047859546,0.2043438848,0.0,0.0,0.0,0.2879881129,0.0215228477999999,0.7108325259999999,0.0704525551999999,0.0589540463,0.025520913,0.0830882353,0.0224875643,0.1588604162,0.0512697980999999,4741.4884443,,0.0083092004,-1.409371061,-0.056532082,0.0096710176,-0.01351219,-0.003939055,0.2714305646,-0.051863118,0.038203756,0.3243292443,-0.50677115,6.0,0.7356875048,0.0,0.0098017673,0.0569565675,0.2909040227,0.306319843,4.530874058999999,11.234436893,7.6472136316,0.0,0.0,0.1083287761999999,0.0,0.1720919587,0.5458364635,0.0140679063999999,0.6397024342000001,0.2583155839,-0.000337084,-0.003480688,-0.099528745,2.0,0.054295203,0.0080024655,-1.152071805,0.0030016942999999,0.0782066459999999,0.082446104,6.0,0.0292317846,1.251087e-10,0.0369439907,0.0210196754,0.4070484946,3.5433164012,1.4796477e-08,28.0,191.39
2018-04-30,16650355.777,0.9127677007,0.8331448754,0.2251911819,17.049618057,0.0360004103,0.1420051158,0.0222186819,0.2041288057,0.2109824403,1.0016831286,-0.0567799879999999,1.3680777009,0.0748751454,-0.074875145,26.0,-0.037770349,-0.006694479,-0.576677907,0.1845470707,23.93547781,0.0324300061,0.236687492,0.0654392646,-0.0224568029999999,-0.088701066,-0.020493749,-28.90425154,0.0,0.9047859546,0.2043438848,0.0,0.0,0.0,0.2879881129,0.0215228477999999,0.7108325259999999,0.0704525551999999,0.0589540463,0.025520913,0.0830882353,0.0224875643,0.1588604162,0.0512697980999999,4741.4884443,,0.0083092004,-1.409371061,-0.056532082,0.0096710176,-0.01351219,-0.003939055,0.2714305646,-0.051863118,0.038203756,0.3243292443,-0.50677115,6.0,0.7356875048,0.0,0.0098017673,0.0569565675,0.2909040227,0.306319843,4.530874058999999,11.234436893,7.6472136316,0.0,0.0,0.1083287761999999,0.0,0.1720919587,0.5458364635,0.0140679063999999,0.6397024342000001,0.2583155839,-0.000337084,-0.003480688,-0.099528745,2.0,0.054295203,0.0080024655,-1.152071805,0.0030016942999999,0.0782066459999999,0.082446104,6.0,0.0282147935,1.491742e-10,0.0367295742,0.0203152824,0.2046854146,1.3288711806,1.567085e-08,28.0,194.49
2018-05-31,16893985.347,0.9683619553,0.9377248764,0.1797285617,16.914356125999998,0.0332340681,0.1848835414,0.0161973257,0.1517722853,0.1410600594,1.6757596387,-0.045343793,1.2590746348,0.0748751454,-0.074875145,26.0,-0.037770349,-0.006694479,-0.547386565,0.1845470707,23.93547781,0.0324300061,0.236687492,0.0654392646,-0.0224568029999999,-0.088701066,-0.020493749,-28.90425154,0.0,0.9047859546,0.2043438848,0.0,0.0,0.0,0.2879881129,0.0215228477999999,0.7108325259999999,0.0704525551999999,0.0589540463,0.025520913,0.0830882353,0.0224875643,0.1588604162,0.0512697980999999,4741.4884443,,0.0083092004,-1.409371061,-0.056532082,0.0096710176,-0.01351219,-0.003939055,0.2714305646,-0.051863118,0.038203756,0.3243292443,-0.50677115,6.0,0.7356875048,0.0,0.0098017673,0.0569565675,0.2909040227,0.306319843,4.530874058999999,11.234436893,7.6472136316,0.0,0.0,0.1083287761999999,0.0,0.1720919587,0.5458364635,0.0140679063999999,0.6704099373,0.2720270479,-0.002357419,-0.005352331,-0.054518902,0.0,0.0430697003,0.0081112084,-0.816713963,0.0032169301,0.0780364675999999,0.0826307915,6.0,0.0240192007,1.866934e-10,0.0327579193,0.0163593008,0.2302607926,1.0181995479,2.3633826e-08,28.0,208.21
2018-06-29,18085745.813,0.9112368969,0.8303526822,0.402325216,16.517737849,0.0329965263,0.2428319889,0.0705434754,0.2434626951,0.1549973615,1.4836282186,-0.07964387,1.210086717,0.0748751454,-0.074875145,26.0,-0.037770349,-0.006694479,-0.548316404,0.1845470707,23.93547781,0.0324300061,0.236687492,0.0654392646,-0.0224568029999999,-0.088701066,-0.020493749,-28.90425154,0.0,0.9047859546,0.2043438848,0.0,0.0,0.0,0.2879881129,0.0215228477999999,0.7108325259999999,0.0704525551999999,0.0589540463,0.025520913,0.0830882353,0.0224875643,0.1588604162,0.0512697980999999,4741.4884443,,0.0083092004,-1.409371061,-0.056532082,0.0096710176,-0.01351219,-0.003939055,0.2714305646,-0.051863118,0.038203756,0.3243292443,-0.50677115,6.0,0.7356875048,0.0,0.0098017673,0.0569565675,0.2909040227,0.306319843,4.530874058999999,11.234436893,7.6472136316,0.0,0.0,0.1083287761999999,0.0,0.1720919587,0.5458364635,0.0140679063999999,0.6704099373,0.2720270479,-0.002357419,-0.005352331,-0.054518902,0.0,0.0430697003,0.0081112084,-0.816713963,0.0032169301,0.0780364675999999,0.0826307915,6.0,0.0246987104,1.278694e-10,0.0838696435,0.0241821296,0.4416427161999999,3.3734768387000003,1.4158135e-08,28.0,217.94
2018-07-31,18882757.692,0.8945787377,0.8002711179,0.4248792972999999,17.050380917000002,0.033351893,0.2701982767999999,0.0467316434,0.3314362391,0.2898649988,1.5166822717,-0.011496946,1.0957258838,0.0678963787,-0.067896379,27.0,-0.119364684,-0.002110881,-0.553867839,0.2031257936,26.516607378000003,0.0274037981,0.1648060074,0.0114909559,-0.009889285,-0.10188911,0.0038740859999999,19.358818115,0.0,0.9675661255,0.2184064195,0.0,0.0,0.0,-0.5006460429999999,0.0193185339,0.7710040609000001,-0.102953413,0.049194851,0.0268571469,0.0319076714,0.0492113433,0.1297420178999999,0.0783084195,7475.7581015,,0.0082574805,-2.1703567,0.0693867656,0.0688179863,0.0165528189,0.0928487284,0.0693005546,-0.054206958,0.0105279465,0.0666502991,-0.4185236979999999,7.0,0.8039951541,0.0,0.0080155206999999,0.0554488491,0.2863500387,0.3285262426999999,4.1723518318,11.983215472,7.2908631772,0.0,0.0,0.1090641498,0.0,0.1445570247,0.5589592872,0.4480283956,0.6704099373,0.2720270479,-0.002357419,-0.005352331,-0.054518902,0.0,0.0430697003,0.0081112084,-0.816713963,0.0032169301,0.0780364675999999,0.0826307915,6.0,0.01947902,1.2087000000000002e-10,0.0343402997,0.0137068883,0.2945846509,1.3102010555,2.10503e-08,28.0,244.93
2018-08-31,21208732.996,0.9556009076,0.9131730945,0.1858727767,16.745810623,0.0324194660999999,0.2374231797,0.1238413751,0.1652053577999999,0.3092634421,1.2887391678,-0.057032686,1.1334434295,0.0678963787,-0.067896379,27.0,-0.119364684,-0.002110881,-0.53845315,0.2031257936,26.516607378000003,0.0274037981,0.1648060074,0.0114909559,-0.009889285,-0.10188911,0.0038740859999999,19.358818115,0.0,0.9675661255,0.2184064195,0.0,0.0,0.0,-0.5006460429999999,0.0193185339,0.7710040609000001,-0.102953413,0.049194851,0.0268571469,0.0319076714,0.0492113433,0.1297420178999999,0.0783084195,7475.7581015,,0.0082574805,-2.1703567,0.0693867656,0.0688179863,0.0165528189,0.0928487284,0.0693005546,-0.054206958,0.0105279465,0.0666502991,-0.4185236979999999,7.0,0.8039951541,0.0,0.0080155206999999,0.0554488491,0.2863500387,0.3285262426999999,4.1723518318,11.983215472,7.2908631772,0.0,0.0,0.1090641498,0.0,0.1445570247,0.5589592872,0.4480283956,0.7345422331,0.275432236,0.0174037567,0.0159614493,0.0002218995,0.0,0.0229175228,0.0089286389,-0.7868248940000001,0.0046342779999999,0.0791956444,0.0824030611,6.0,0.0215237621,1.247382e-10,0.0301564541,0.0141968184,0.3402625815,1.5041654412,2.0870018e-08,28.0,254.04
2018-09-28,21997577.059,0.9803518186,0.9610896883,0.1522401017,16.868583059000002,0.0327542289,0.212909127,0.0371943042,0.3081770948,0.575821926,1.174758512,-0.135854189,1.0403677428,0.0678963787,-0.067896379,27.0,-0.119364684,-0.002110881,-0.539485939,0.2031257936,26.516607378000003,0.0274037981,0.1648060074,0.0114909559,-0.009889285,-0.10188911,0.0038740859999999,19.358818115,0.0,0.9675661255,0.2184064195,0.0,0.0,0.0,-0.5006460429999999,0.0193185339,0.7710040609000001,-0.102953413,0.049194851,0.0268571469,0.0319076714,0.0492113433,0.1297420178999999,0.0783084195,7475.7581015,,0.0082574805,-2.1703567,0.0693867656,0.0688179863,0.0165528189,0.0928487284,0.0693005546,-0.054206958,0.0105279465,0.0666502991,-0.4185236979999999,7.0,0.8039951541,0.0,0.0080155206999999,0.0554488491,0.2863500387,0.3285262426999999,4.1723518318,11.983215472,7.2908631772,0.0,0.0,0.1090641498,0.0,0.1445570247,0.5589592872,0.4480283956,0.7345422331,0.275432236,0.0174037567,0.0159614493,0.0002218995,0.0,0.0229175228,0.0089286389,-0.7868248940000001,0.0046342779999999,0.0791956444,0.0824030611,6.0,0.0197271424,7.408257e-11,0.0196909140999999,0.0113926662,0.2980187701,1.9389798059,1.6860974999999997e-08,28.0,249.66
2018-10-31,21607074.677,0.9777610513,0.9560166734,0.0735739274,17.027025714,0.031922157,0.1470241896,-0.017241338,0.327342041,0.6338027011,1.0941415004,0.0585855334,1.0552025109999998,0.0678963787,-0.067896379,27.0,-0.119364684,-0.002110881,-0.539762609,0.2031257936,26.516607378000003,0.0274037981,0.1648060074,0.0114909559,-0.009889285,-0.10188911,0.0038740859999999,19.358818115,0.0,0.9675661255,0.2184064195,0.0,0.0,0.0,-0.5006460429999999,0.0193185339,0.7710040609000001,-0.102953413,0.049194851,0.0268571469,0.0319076714,0.0492113433,0.1297420178999999,0.0783084195,7475.7581015,,0.0082574805,-2.1703567,0.0693867656,0.0688179863,0.0165528189,0.0928487284,0.0693005546,-0.054206958,0.0105279465,0.0666502991,-0.4185236979999999,7.0,0.8039951541,0.0,0.0080155206999999,0.0554488491,0.2863500387,0.3285262426999999,4.1723518318,11.983215472,7.2908631772,0.0,0.0,0.1090641498,0.0,0.1445570247,0.5589592872,0.4480283956,0.7345422331,0.275432236,0.0174037567,0.0159614493,0.0002218995,0.0,0.0229175228,0.0089286389,-0.7868248940000001,0.0046342779999999,0.0791956444,0.0824030611,6.0,0.0193140389,1.03404e-10,0.0175538827,0.0127747244,0.2910039628,1.6358548318,2.2447883e-08,28.0,212.12
2018-11-30,18291955.659,1.0450056869,1.0920368856,-0.079780648,16.914467136,0.0316110394,0.1467284435,-0.150364533,0.2836649487,0.5024372909,1.4215970903,-0.125140184,1.235993537,0.0678963787,-0.067896379,27.0,-0.119364684,-0.002110881,-0.557181448,0.2031257936,26.516607378000003,0.0274037981,0.1648060074,0.0114909559,-0.009889285,-0.10188911,0.0038740859999999,19.358818115,0.0,0.9675661255,0.2184064195,0.0,0.0,0.0,-0.5006460429999999,0.0193185339,0.7710040609000001,-0.102953413,0.049194851,0.0268571469,0.0319076714,0.0492113433,0.1297420178999999,0.0783084195,7475.7581015,,0.0082574805,-2.1703567,0.0693867656,0.0688179863,0.0165528189,0.0928487284,0.0693005546,-0.054206958,0.0105279465,0.0666502991,-0.4185236979999999,7.0,0.8039951541,0.0,0.0080155206999999,0.0554488491,0.2863500387,0.3285262426999999,4.1723518318,11.983215472,7.2908631772,0.0,0.0,0.1090641498,0.0,0.1445570247,0.5589592872,0.4480283956,0.7827008656000001,0.1083564933,-0.000512693,-0.0022248629999999,0.0753735295,1.0,0.0522062359999999,0.0097062097,-1.46568023,0.0045425456,0.0845840376999999,0.0842897693,6.0,0.0338578079,1.674896e-10,0.0409866273,0.0242222622,0.2855001339999999,2.2717595538,1.2347603e-08,28.0,203.76
2018-12-31,17571039.366,1.0908274703,1.18990457,-0.352553592,17.157104452000002,0.0321805065,-0.04447951,-0.039411657,0.018779053,0.3561791914,1.2085569755,-0.068505128,1.3112156407,0.0678963787,-0.067896379,27.0,-0.119364684,-0.002110881,-0.55859485,0.2031257936,26.516607378000003,0.0274037981,0.1648060074,0.0114909559,-0.009889285,-0.10188911,0.0038740859999999,19.358818115,0.0,0.9675661255,0.2184064195,0.0,0.0,0.0,-0.5006460429999999,0.0193185339,0.7710040609000001,-0.102953413,0.049194851,0.0268571469,0.0319076714,0.0492113433,0.1297420178999999,0.0783084195,7475.7581015,,0.0082574805,-2.1703567,0.0693867656,0.0688179863,0.0165528189,0.0928487284,0.0693005546,-0.054206958,0.0105279465,0.0666502991,-0.4185236979999999,7.0,0.8039951541,0.0,0.0080155206999999,0.0554488491,0.2863500387,0.3285262426999999,4.1723518318,11.983215472,7.2908631772,0.0,0.0,0.1090641498,0.0,0.1445570247,0.5589592872,0.4480283956,0.7827008656000001,0.1083564933,-0.000512693,-0.0022248629999999,0.0753735295,1.0,0.0522062359999999,0.0097062097,-1.579028527,0.0045425456,0.0845840376999999,0.0842897693,6.0,0.0344624244,1.536445e-10,0.0412037559,0.0213845438,0.4370799817,3.276350252,1.5405022e-08,28.0,186.02
2019-01-31,16016322.368,1.1129194742,1.2385897561,-0.540118765,16.983627443,0.0320919207,-0.062823003,-0.087063164,-0.065063821,0.3029798289,1.1445420924,-0.053904034,1.4549090205,0.0678963787,-0.067896379,27.0,-0.119364684,-0.002110881,-0.560142013,0.2031257936,26.516607378000003,0.0274037981,0.1648060074,0.0114909559,-0.009889285,-0.10188911,0.0038740859999999,19.358818115,0.0,0.9675661255,0.2184064195,0.0,0.0,0.0,-0.5006460429999999,0.0193185339,0.7710040609000001,-0.102953413,0.049194851,0.0268571469,0.0319076714,0.0492113433,0.1297420178999999,0.0783084195,7475.7581015,,0.0082574805,-2.1703567,0.0693867656,0.0688179863,0.0165528189,0.0928487284,0.0693005546,-0.054206958,0.0105279465,0.0666502991,-0.4185236979999999,7.0,0.8039951541,0.0,0.0080155206999999,0.0554488491,0.2863500387,0.3285262426999999,4.1723518318,11.983215472,7.2908631772,0.0,0.0,0.1090641498,0.0,0.1445570247,0.5589592872,0.4480283956,0.7827008656000001,0.1083564933,-0.000512693,-0.0022248629999999,0.0753735295,1.0,0.0522062359999999,0.0097062097,-1.641619954,0.0045425456,0.0845840376999999,0.0842897693,6.0,0.038866593,2.087706e-10,0.0534681230999999,0.0282046181,0.3079059856,2.7670237879000004,1.5765819e-08,28.0,212.78
2019-02-28,18320357.895,1.06923859,1.1432711624,-0.440767965,16.969383338,0.0323349772,-0.2681675289999999,0.1438554674,-0.24051766,-0.005453325,1.6666665873,-0.0423475,1.3982350274000002,0.0678963787,-0.067896379,27.0,-0.119364684,-0.002110881,-0.556612662,0.2031257936,26.516607378000003,0.0274037981,0.1648060074,0.0114909559,-0.009889285,-0.10188911,0.0038740859999999,19.358818115,0.0,0.9675661255,0.2184064195,0.0,0.0,0.0,-0.5006460429999999,0.0193185339,0.7710040609000001,-0.102953413,0.049194851,0.0268571469,0.0319076714,0.0492113433,0.1297420178999999,0.0783084195,7475.7581015,,0.0082574805,-2.1703567,0.0693867656,0.0688179863,0.0165528189,0.0928487284,0.0693005546,-0.054206958,0.0105279465,0.0666502991,-0.4185236979999999,7.0,0.8039951541,0.0,0.0080155206999999,0.0554488491,0.2863500387,0.3285262426999999,4.1723518318,11.983215472,7.2908631772,0.0,0.0,0.1090641498,0.0,0.1445570247,0.5589592872,0.4480283956,0.93034186,0.1147897165,-0.000335342,0.004157749,0.0140003972,2.0,0.0739650165,0.0131834486,-1.34,0.0038030462,0.0838203391,0.0837860423,6.0,0.0228061821,1.260425e-10,0.0528591609999999,0.018548211,0.2887569235,1.9705426793,1.5173324e-08,28.0,211.03
2019-03-29,18150057.105,1.0156991791,1.0316448224,-0.526137862,17.04053596,0.0320496776,-0.120249344,-0.008224458,-0.1624153509999999,0.1364631883,1.5591851547,0.0858972591999999,1.3266902178,0.0678963787,-0.067896379,27.0,-0.119364684,-0.002110881,-0.557519234,0.2031257936,26.516607378000003,0.0274037981,0.1648060074,0.0114909559,-0.009889285,-0.10188911,0.0038740859999999,19.358818115,0.0,0.9675661255,0.2184064195,0.0,0.0,0.0,-0.5006460429999999,0.0193185339,0.7710040609000001,-0.102953413,0.049194851,0.0268571469,0.0319076714,0.0492113433,0.1297420178999999,0.0783084195,7475.7581015,,0.0082574805,-2.1703567,0.0693867656,0.0688179863,0.0165528189,0.0928487284,0.0693005546,-0.054206958,0.0105279465,0.0666502991,-0.4185236979999999,7.0,0.8039951541,0.0,0.0080155206999999,0.0554488491,0.2863500387,0.3285262426999999,4.1723518318,11.983215472,7.2908631772,0.0,0.0,0.1090641498,0.0,0.1445570247,0.5589592872,0.4480283956,0.93034186,0.1147897165,-0.000335342,0.004157749,0.0140003972,2.0,0.0739650165,0.0131834486,-1.238574998,0.0038030462,0.0838203391,0.0837860423,6.0,0.0195402282,1.048893e-10,0.0237251036,0.0148871053,0.3314441861,2.5288339242,2.0146155e-08,28.0,223.6
2019-04-30,19241674.925,1.0220976093,1.044683523,-0.408838837,16.848267785999997,0.0323505991999999,-0.05984711,0.0595650263,-0.154730452,0.1026176836,1.4436925372999998,0.024599151,1.2490640188,0.0678963787,-0.067896379,27.0,-0.119364684,-0.002110881,-0.572564694,0.2031257936,26.516607378000003,0.0274037981,0.1648060074,0.0114909559,-0.009889285,-0.10188911,0.0038740859999999,19.358818115,0.0,0.9675661255,0.2184064195,0.0,0.0,0.0,-0.5006460429999999,0.0193185339,0.7710040609000001,-0.102953413,0.049194851,0.0268571469,0.0319076714,0.0492113433,0.1297420178999999,0.0783084195,7475.7581015,,0.0082574805,-2.1703567,0.0693867656,0.0688179863,0.0165528189,0.0928487284,0.0693005546,-0.054206958,0.0105279465,0.0666502991,-0.4185236979999999,7.0,0.8039951541,0.0,0.0080155206999999,0.0554488491,0.2863500387,0.3285262426999999,4.1723518318,11.983215472,7.2908631772,0.0,0.0,0.1090641498,0.0,0.1445570247,0.5589592872,0.4480283956,0.93034186,0.1147897165,-0.000335342,0.004157749,0.0140003972,2.0,0.0739650165,0.0131834486,-1.258997883,0.0038030462,0.0838203391,0.0837860423,6.0,0.0199506855,1.154479e-10,0.0292789619,0.015305375,0.2484239014,1.6496943735,1.6964168000000003e-08,28.0,232.0
2019-05-31,19953392.0,1.0844171569,1.1759605701,0.0030732989,16.978370300999998,0.0325756923,-0.048006043,0.0375670567,0.0541203673,0.1496734988,1.3057499554,0.0233860075999999,1.1523420847,0.0678963787,-0.067896379,27.0,-0.119364684,-0.002110881,-0.577022936,0.2031257936,26.516607378000003,0.0274037981,0.1648060074,0.0114909559,-0.009889285,-0.10188911,0.0038740859999999,19.358818115,0.0,0.9675661255,0.2184064195,0.0,0.0,0.0,-0.5006460429999999,0.0193185339,0.7710040609000001,-0.102953413,0.049194851,0.0268571469,0.0319076714,0.0492113433,0.1297420178999999,0.0783084195,7475.7581015,,0.0082574805,-2.1703567,0.0693867656,0.0688179863,0.0165528189,0.0928487284,0.0693005546,-0.054206958,0.0105279465,0.0666502991,-0.4185236979999999,7.0,0.8039951541,0.0,0.0080155206999999,0.0554488491,0.2863500387,0.3285262426999999,4.1723518318,11.983215472,7.2908631772,0.0,0.0,0.1090641498,0.0,0.1445570247,0.5589592872,0.4480283956,1.3276614097,0.095094948,-0.0034205259999999,0.0128264937,-0.0249763779999999,0.0,0.061321707,0.0142526747,-1.237731867,0.002474745,0.0821204688,0.0835849436,6.0,0.019995463,9.663006e-11,0.0210831594,0.0118885845,0.2419132430999999,1.2973891214,1.9221845000000002e-08,28.0,249.77
2019-06-28,21481718.987,1.1264233453,1.2688295528,0.2471776436,16.889894665,0.0327805205,-0.133695625,0.0765948445,0.1385944608,0.1142596033999999,1.3776408201,-0.00149384,1.1972908416,0.0678963787,-0.067896379,27.0,-0.119364684,-0.002110881,-0.577084519,0.2031257936,26.516607378000003,0.0274037981,0.1648060074,0.0114909559,-0.009889285,-0.10188911,0.0038740859999999,19.358818115,0.0,0.9675661255,0.2184064195,0.0,0.0,0.0,-0.5006460429999999,0.0193185339,0.7710040609000001,-0.102953413,0.049194851,0.0268571469,0.0319076714,0.0492113433,0.1297420178999999,0.0783084195,7475.7581015,,0.0082574805,-2.1703567,0.0693867656,0.0688179863,0.0165528189,0.0928487284,0.0693005546,-0.054206958,0.0105279465,0.0666502991,-0.4185236979999999,7.0,0.8039951541,0.0,0.0080155206999999,0.0554488491,0.2863500387,0.3285262426999999,4.1723518318,11.983215472,7.2908631772,0.0,0.0,0.1090641498,0.0,0.1445570247,0.5589592872,0.4480283956,1.3276614097,0.095094948,-0.0034205259999999,0.0128264937,-0.0249763779999999,0.0,0.061321707,0.0142526747,-1.243902439,0.002474745,0.0821204688,0.0835849436,6.0,0.0245370816999999,9.355251e-11,0.0353755392,0.0164060723,0.3231182141,1.8438815802,1.550711e-08,28.0,275.33
2019-07-31,23706737.834000003,1.1188551309,1.251836804,0.6265718826,17.131445318,0.0330676489,-0.1803172999999999,0.1023340747,0.3427050782,0.1460493738,1.3469739405,-0.022998394,1.0594920045,0.014183123,-0.014183123,28.0,0.1027578825,0.0012333668,-0.683871778,0.2777074331,121.81786678,0.0249797675,0.3142161794,0.1650875903,-0.011526451,-0.115778972,0.0055279295999999,-39.94229735,0.0,0.8490844240000001,0.1900610607,0.0,0.0,0.0,-0.824178464,0.0235404233,0.7731047218000001,0.7866392949,0.1103278767,0.027634407,0.1022368421,0.0603192686,0.0965628688,-0.124869148,10513.949472,2.1732026144,0.0088362104,-1.80046909,-0.122453338,-0.1297826269999999,-0.001596086,-0.2236951989999999,0.0693300091,0.1145649382,0.0316256322,0.0657355523,-0.061143513,5.0,0.624145298,1.0,0.0073589305,0.0532535529,0.2844648417,0.3487028356,17.878427064,12.77093876,8.118324572799999,0.0,0.0,0.1240105675,0.0,0.1381866573,0.4211507185,0.1167017777999999,1.3276614097,0.095094948,-0.0034205259999999,0.0128264937,-0.0249763779999999,0.0,0.061321707,0.0142526747,-1.244762059,0.002474745,0.0821204688,0.0835849436,6.0,0.01882234,1.172659e-10,0.0296836550999999,0.0121039281,0.2608781344,1.2210074904,2.6848914e-08,28.0,282.05
2019-08-30,24281683.449,1.1323550155,1.2822278811,0.4568094372,16.775363055,0.0310845534,-0.117991372,0.0244070812999999,0.2939655419999999,0.124117072,1.6114723171,0.0387185327,0.9838773377,0.014183123,-0.014183123,28.0,0.1027578825,0.0012333668,-0.647280281,0.2777074331,121.81786678,0.0249797675,0.3142161794,0.1650875903,-0.011526451,-0.115778972,0.0055279295999999,-39.94229735,0.0,0.8490844240000001,0.1900610607,0.0,0.0,0.0,-0.824178464,0.0235404233,0.7731047218000001,0.7866392949,0.1103278767,0.027634407,0.1022368421,0.0603192686,0.0965628688,-0.124869148,10513.949472,2.0807151395,0.0088362104,-1.80046909,-0.122453338,-0.1297826269999999,-0.001596086,-0.2236951989999999,0.0693300091,0.1145649382,0.0316256322,0.0657355523,-0.061143513,5.0,0.624145298,1.0,0.0073589305,0.0532535529,0.2844648417,0.3487028356,17.878427064,12.77093876,8.118324572799999,0.0,0.0,0.1240105675,0.0,0.1381866573,0.4211507185,0.1167017777999999,0.3294435371999999,0.0805243312,-0.017525224,0.0311173829,-0.021029871,0.0,0.0554459933,0.0135211588999999,-0.838128359,0.0027013068,0.0860419301,0.0865117507,6.0,0.0156322489,7.241815e-11,0.0179819297,0.0093914026,0.2626527031,1.081425729,2.3222602e-08,28.0,289.74
2019-09-30,24943715.759,1.1074679766,1.2264853191,0.5422841372,16.850276494000003,0.0309837803,-0.1999594569999999,0.0272646789,0.3365397789,0.1102582073,1.2545260169,-0.0583842679999999,0.9237525275,0.014183123,-0.014183123,28.0,0.1027578825,0.0012333668,-0.610144884,0.2777074331,121.81786678,0.0249797675,0.3142161794,0.1650875903,-0.011526451,-0.115778972,0.0055279295999999,-39.94229735,0.0,0.8490844240000001,0.1900610607,0.0,0.0,0.0,-0.824178464,0.0235404233,0.7731047218000001,0.7866392949,0.1103278767,0.027634407,0.1022368421,0.0603192686,0.0965628688,-0.124869148,10513.949472,2.0807151395,0.0088362104,-1.80046909,-0.122453338,-0.1297826269999999,-0.001596086,-0.2236951989999999,0.0693300091,0.1145649382,0.0316256322,0.0657355523,-0.061143513,5.0,0.624145298,1.0,0.0073589305,0.0532535529,0.2844648417,0.3487028356,17.878427064,12.77093876,8.118324572799999,0.0,0.0,0.1240105675,0.0,0.1381866573,0.4211507185,0.1167017777999999,0.3294435371999999,0.0805243312,-0.017525224,0.0311173829,-0.021029871,0.0,0.0554459933,0.0135211588999999,-1.3335933290000002,0.0027013068,0.0860419301,0.0865117507,6.0,0.0262190802,1.422791e-10,0.039643161,0.0231111472,0.3908958575,2.2339452497,1.8173785e-08,28.0,271.93
2019-10-31,23355251.281,1.1228086469,1.2606992576,0.3205267863,17.122191243,0.031367183,-0.250693121,-0.0614688959999999,0.2957959848,0.1605382736999999,1.2146721848,-0.05360839,0.9678996227,0.014183123,-0.014183123,28.0,0.1027578825,0.0012333668,-0.609642153,0.2777074331,121.81786678,0.0249797675,0.3142161794,0.1650875903,-0.011526451,-0.115778972,0.0055279295999999,-39.94229735,0.0,0.8490844240000001,0.1900610607,0.0,0.0,0.0,-0.824178464,0.0235404233,0.7731047218000001,0.7866392949,0.1103278767,0.027634407,0.1022368421,0.0603192686,0.0965628688,-0.124869148,10513.949472,2.1732026144,0.0088362104,-1.80046909,-0.122453338,-0.1297826269999999,-0.001596086,-0.2236951989999999,0.0693300091,0.1145649382,0.0316256322,0.0657355523,-0.061143513,5.0,0.624145298,1.0,0.0073589305,0.0532535529,0.2844648417,0.3487028356,17.878427064,12.77093876,8.118324572799999,0.0,0.0,0.1240105675,0.0,0.1381866573,0.4211507185,0.1167017777999999,0.3294435371999999,0.0805243312,-0.017525224,0.0311173829,-0.021029871,0.0,0.0554459933,0.0135211588999999,-1.512164691,0.0027013068,0.0860419301,0.0865117507,6.0,0.0233898585999999,8.781625e-11,0.0234150365,0.0193497067,0.2838133859,1.414049095,2.3202537e-08,28.0,285.01
2019-11-29,24449013.668,1.0071330724,1.0143170256,0.1347708566,16.909636194,0.0324838319,-0.148345117,0.0481006801,0.1721120373999999,0.281963042,0.9798394098,-0.031474676,1.0005401226,0.014183123,-0.014183123,28.0,0.1027578825,0.0012333668,-0.622089335,0.2777074331,121.81786678,0.0249797675,0.3142161794,0.1650875903,-0.011526451,-0.115778972,0.0055279295999999,-39.94229735,0.0,0.8490844240000001,0.1900610607,0.0,0.0,0.0,-0.824178464,0.0235404233,0.7731047218000001,0.7866392949,0.1103278767,0.027634407,0.1022368421,0.0603192686,0.0965628688,-0.124869148,10513.949472,2.0441953593,0.0088362104,-1.80046909,-0.122453338,-0.1297826269999999,-0.001596086,-0.2236951989999999,0.0693300091,0.1145649382,0.0316256322,0.0657355523,-0.061143513,5.0,0.624145298,1.0,0.0073589305,0.0532535529,0.2844648417,0.3487028356,17.878427064,12.77093876,8.118324572799999,0.0,0.0,0.1240105675,0.0,0.1381866573,0.4211507185,0.1167017777999999,0.4590571288,0.0693743129,0.0049064575,0.128526683,0.0499770842,1.0,0.0667909499,0.0144670642,-1.392652124,0.0019956683,0.0837408546,0.0769425908,6.0,0.0231085485,1.460319e-10,0.0407522507,0.0160931259,0.4260548750999999,2.0354793873,1.9884542000000002e-08,28.0,251.58
2019-12-31,21581287.297,1.0167007964,1.0336805094,-0.218558268,16.96860729,0.0326315216,-0.136234289,-0.117294155,0.1410898258,0.39875353,0.7319166209,-0.0089725109999999,1.0924095112,0.014183123,-0.014183123,28.0,0.1027578825,0.0012333668,-0.624001616,0.2777074331,121.81786678,0.0249797675,0.3142161794,0.1650875903,-0.011526451,-0.115778972,0.0055279295999999,-39.94229735,0.0,0.8490844240000001,0.1900610607,0.0,0.0,0.0,-0.824178464,0.0235404233,0.7731047218000001,0.7866392949,0.1103278767,0.027634407,0.1022368421,0.0603192686,0.0965628688,-0.124869148,10513.949472,2.1732026144,0.0088362104,-1.80046909,-0.122453338,-0.1297826269999999,-0.001596086,-0.2236951989999999,0.0693300091,0.1145649382,0.0316256322,0.0657355523,-0.061143513,5.0,0.624145298,1.0,0.0073589305,0.0532535529,0.2844648417,0.3487028356,17.878427064,12.77093876,8.118324572799999,0.0,0.0,0.1240105675,0.0,0.1381866573,0.4211507185,0.1167017777999999,0.4590571288,0.0693743129,0.0049064575,0.128526683,0.0499770842,1.0,0.0667909499,0.0144670642,-1.4833585480000002,0.0019956683,0.0837408546,0.0769425908,6.0,0.024018416,8.649897e-11,0.0191151537,0.0174930063,0.3122995034,2.5523028246,1.6062775e-08,28.0,261.13
2020-01-31,22319042.647,0.9952619082,0.9905462659,-0.531683968,17.196176285,0.0336233204,0.1354021929,0.0379601046,-0.086260071,0.3524352038,0.5862540192,-0.006432663,1.1415528854,0.014183123,-0.014183123,28.0,0.1027578825,0.0012333668,-0.6057973720000001,0.2777074331,121.81786678,0.0249797675,0.3142161794,0.1650875903,-0.011526451,-0.115778972,0.0055279295999999,-39.94229735,0.0,0.8490844240000001,0.1900610607,0.0,0.0,0.0,-0.824178464,0.0235404233,0.7731047218000001,0.7866392949,0.1103278767,0.027634407,0.1022368421,0.0603192686,0.0965628688,-0.124869148,10513.949472,2.220700807,0.0088362104,-1.80046909,-0.122453338,-0.1297826269999999,-0.001596086,-0.2236951989999999,0.0693300091,0.1145649382,0.0316256322,0.0657355523,-0.061143513,5.0,0.624145298,1.0,0.0073589305,0.0532535529,0.2844648417,0.3487028356,17.878427064,12.77093876,8.118324572799999,0.0,0.0,0.1240105675,0.0,0.1381866573,0.4211507185,0.1167017777999999,0.4590571288,0.0693743129,0.0049064575,0.128526683,0.0499770842,1.0,0.0667909499,0.0144670642,-1.467568244,0.0019956683,0.0837408546,0.0769425908,6.0,0.0183543351,7.328639e-11,0.0209219139,0.0099524743,0.3658922988,2.1103128231,1.9059083e-08,28.0,271.01
2020-02-28,23163496.545,0.9981122044,0.9962279727,-0.364689382,17.013447996,0.0310164416,0.0510123612999999,0.0378355794,-0.074171187,0.2272300353,0.7393934031999999,0.1178339985999999,1.2358749614,0.014183123,-0.014183123,28.0,0.1027578825,0.0012333668,-0.606529823,0.2777074331,121.81786678,0.0249797675,0.3142161794,0.1650875903,-0.011526451,-0.115778972,0.0055279295999999,-39.94229735,0.0,0.8490844240000001,0.1900610607,0.0,0.0,0.0,-0.824178464,0.0235404233,0.7731047218000001,0.7866392949,0.1103278767,0.027634407,0.1022368421,0.0603192686,0.0965628688,-0.124869148,10513.949472,2.220700807,0.0088362104,-1.80046909,-0.122453338,-0.1297826269999999,-0.001596086,-0.2236951989999999,0.0693300091,0.1145649382,0.0316256322,0.0657355523,-0.061143513,5.0,0.624145298,1.0,0.0073589305,0.0532535529,0.2844648417,0.3487028356,17.878427064,12.77093876,8.118324572799999,0.0,0.0,0.1240105675,0.0,0.1381866573,0.4211507185,0.1167017777999999,0.8231713159999999,0.0642864061,0.0011784163,-0.04457341,-0.061205642,2.0,0.0747819114,0.0161321029,0.9498234259,0.0016599078,0.0825655668,0.0777963387,6.0,0.0228481704999999,8.043938e-11,0.02304185,0.0153358751,0.2518890394,1.6209927038999998,1.6825789e-08,28.0,254.51
2020-03-31,21719628.421,1.0067017898,1.0134484936,-0.494571867,17.17172617,0.0309698986,-0.0066990059999999,-0.0608834179999999,-0.064644096,0.2842250491,0.4559817518999999,0.0435869017999999,1.1838084361,0.014183123,-0.014183123,28.0,0.1027578825,0.0012333668,-0.607888945,0.2777074331,121.81786678,0.0249797675,0.3142161794,0.1650875903,-0.011526451,-0.115778972,0.0055279295999999,-39.94229735,0.0,0.8490844240000001,0.1900610607,0.0,0.0,0.0,-0.824178464,0.0235404233,0.7731047218000001,0.7866392949,0.1103278767,0.027634407,0.1022368421,0.0603192686,0.0965628688,-0.124869148,10513.949472,2.2306338028,0.0088362104,-1.80046909,-0.122453338,-0.1297826269999999,-0.001596086,-0.2236951989999999,0.0693300091,0.1145649382,0.0316256322,0.0657355523,-0.061143513,5.0,0.624145298,1.0,0.0073589305,0.0532535529,0.2844648417,0.3487028356,17.878427064,12.77093876,8.118324572799999,0.0,0.0,0.1240105675,0.0,0.1381866573,0.4211507185,0.1167017777999999,0.8231713159999999,0.0642864061,0.0011784163,-0.04457341,-0.061205642,2.0,0.0747819114,0.0161321029,1.1146921538,0.0016599078,0.0825655668,0.0777963387,6.0,0.0290145521,1.190638e-10,0.0228499267,0.0211131023,0.423066537,3.4661337654000004,1.9263786e-08,28.0,242.24
2020-04-30,20573201.427,1.0256701918,1.0519993423,-0.325327303,17.072430878,0.0310921158999999,-0.06865427,-0.048210245,-0.064060599,0.1382378702,0.4462195489,0.0078892176,1.6979854709,0.014183123,-0.014183123,28.0,0.1027578825,0.0012333668,-0.615621584,0.2777074331,121.81786678,0.0249797675,0.3142161794,0.1650875903,-0.011526451,-0.115778972,0.0055279295999999,-39.94229735,0.0,0.8490844240000001,0.1900610607,0.0,0.0,0.0,-0.824178464,0.0235404233,0.7731047218000001,0.7866392949,0.1103278767,0.027634407,0.1022368421,0.0603192686,0.0965628688,-0.124869148,10513.949472,2.0441953593,0.0088362104,-1.80046909,-0.122453338,-0.1297826269999999,-0.001596086,-0.2236951989999999,0.0693300091,0.1145649382,0.0316256322,0.0657355523,-0.061143513,5.0,0.624145298,1.0,0.0073589305,0.0532535529,0.2844648417,0.3487028356,17.878427064,12.77093876,8.118324572799999,0.0,0.0,0.1240105675,0.0,0.1381866573,0.4211507185,0.1167017777999999,0.8231713159999999,0.0642864061,0.0011784163,-0.04457341,-0.061205642,2.0,0.0747819114,0.0161321029,0.987593962,0.0016599078,0.0825655668,0.0777963387,6.0,0.0754478443,2.040233e-10,0.1205313355,0.0544334463,0.3074280966,4.4912297373,7.5480583e-09,28.0,277.6
2020-05-29,23577401.318000004,1.1048445277,1.2206814303,-0.254490522,17.812806418,0.0349902468,-0.223536728,0.1459709406,-0.150064922,0.0441379543,0.3831753684,0.1995798628,1.7722204561,0.014183123,-0.014183123,28.0,0.1027578825,0.0012333668,-0.619747707,0.2777074331,121.81786678,0.0249797675,0.3142161794,0.1650875903,-0.011526451,-0.115778972,0.0055279295999999,-39.94229735,0.0,0.8490844240000001,0.1900610607,0.0,0.0,0.0,-0.824178464,0.0235404233,0.7731047218000001,0.7866392949,0.1103278767,0.027634407,0.1022368421,0.0603192686,0.0965628688,-0.124869148,10513.949472,2.0441953593,0.0088362104,-1.80046909,-0.122453338,-0.1297826269999999,-0.001596086,-0.2236951989999999,0.0693300091,0.1145649382,0.0316256322,0.0657355523,-0.061143513,5.0,0.624145298,1.0,0.0073589305,0.0532535529,0.2844648417,0.3487028356,17.878427064,12.77093876,8.118324572799999,0.0,0.0,0.1240105675,0.0,0.1381866573,0.4211507185,0.1167017777999999,0.6052552193999999,0.0593760366,0.0052669743999999,-0.042091298,0.0231934264,0.0,0.063121833,0.015860216,0.6355593707,0.002562777,0.0834890202,0.0809682038,6.0,0.0414399846,1.619691e-10,0.0847579986,0.030660471,0.2640860691,2.1018135982,1.4200627e-08,28.0,308.88
2020-06-30,26234105.455,1.0019271803,1.0038580746,0.2205139066,17.36019215,0.0365780851,0.0412928075,0.1126801074,0.1034263643,0.1114225186999999,0.4832828748,0.1313275363,1.8256476582,0.014183123,-0.014183123,28.0,0.1027578825,0.0012333668,-0.618949228,0.2777074331,121.81786678,0.0249797675,0.3142161794,0.1650875903,-0.011526451,-0.115778972,0.0055279295999999,-39.94229735,0.0,0.8490844240000001,0.1900610607,0.0,0.0,0.0,-0.824178464,0.0235404233,0.7731047218000001,0.7866392949,0.1103278767,0.027634407,0.1022368421,0.0603192686,0.0965628688,-0.124869148,10513.949472,2.0441953593,0.0088362104,-1.80046909,-0.122453338,-0.1297826269999999,-0.001596086,-0.2236951989999999,0.0693300091,0.1145649382,0.0316256322,0.0657355523,-0.061143513,5.0,0.624145298,1.0,0.0073589305,0.0532535529,0.2844648417,0.3487028356,17.878427064,12.77093876,8.118324572799999,0.0,0.0,0.1240105675,0.0,0.1381866573,0.4211507185,0.1167017777999999,0.6052552193999999,0.0593760366,0.0052669743999999,-0.042091298,0.0231934264,0.0,0.063121833,0.015860216,0.6355593707,0.002562777,0.0834890202,0.0809682038,6.0,0.0322332556,1.10641e-10,0.0401181616,0.0215207859,0.3391978924,2.942331642,1.5976351e-08,28.0,330.16
2020-07-31,28080108.311,0.9562758743,0.9144635478,0.3159254912999999,17.396803817000002,0.0371736903,0.1535298115,0.0688940659,0.1828591098999999,0.1218538516,0.7056745595999999,0.1270050642,1.4235259538,0.0186585412,-0.018658541,29.0,-0.1919707239999999,0.0094312737,-0.549565215,0.3221353529,235.29160186,0.0205724778,0.2578597702,0.0635703644,-0.007305459,-0.05515351,0.0128885068999999,28.474159303,0.0,0.9369975611,0.1430461615,0.0,0.0,0.0,-2.343598055,0.0191639048,0.9454222821,1.0833647021,0.1918515626,0.0261926467,0.0982451952,0.1620939683,0.0741362458,0.0698753768,16472.48253,2.1938551573,0.0091006706,2.3454965961000003,0.1035387467,-0.247367341,0.0097253923,0.0704731988,-0.037803234,-0.040380251,0.018313205,-0.033593721,-0.0735013559999999,5.0,0.6681308136999999,1.0,0.0059676843999999,0.0553378026999999,0.3574181152,0.3248478439,26.646901224,12.341915403,7.827674015499999,,0.0,0.0875033096,0.0,0.1078410075,0.4068739917,0.0362853699,0.6052552193999999,0.0593760366,0.0052669743999999,-0.042091298,0.0231934264,0.0,0.063121833,0.015860216,0.6355593707,0.002562777,0.0834890202,0.0809682038,6.0,0.0335905322,1.055893e-10,0.0623432845,0.0257618659,0.2623683794999999,1.7370615006,1.382289e-08,28.0,397.75
2020-08-31,33830626.25,0.8982426328,0.8068398273999999,0.5067998962,17.512991722,0.037076353,0.2973596267,0.2047189176,0.2182576012,0.1705726626,0.6944009015000001,0.1638258151,1.2520134031,0.0186585412,-0.018658541,29.0,-0.1919707239999999,0.0094312737,-0.545162746,0.3221353529,235.29160186,0.0205724778,0.2578597702,0.0635703644,-0.007305459,-0.05515351,0.0128885068999999,28.474159303,0.0,0.9369975611,0.1430461615,0.0,0.0,0.0,-2.343598055,0.0191639048,0.9454222821,1.0833647021,0.1918515626,0.0261926467,0.0982451952,0.1620939683,0.0741362458,0.0698753768,16472.48253,2.1950464396,0.0091006706,2.3454965961000003,0.1035387467,-0.247367341,0.0097253923,0.0704731988,-0.037803234,-0.040380251,0.018313205,-0.033593721,-0.0735013559999999,5.0,0.6681308136999999,1.0,0.0059676843999999,0.0553378026999999,0.3574181152,0.3248478439,26.646901224,12.341915403,7.827674015499999,,0.0,0.0875033096,0.0,0.1078410075,0.4068739917,0.0362853699,0.374465321,0.0492918048,-0.002215502,-0.0142170789999999,-0.0168329519999999,0.0,0.0516682739,0.0149842251,0.4470748649,0.0025117565,0.0859218032,0.083261771,6.0,0.026476622,1.00548e-10,0.0632183701,0.017957086,0.2777746961,1.2933271117,2.0886516e-08,28.0,391.06
2020-09-30,33261608.092,0.8992140568000001,0.80858592,0.6581129558,17.287768808,0.0378496849,0.452141864,-0.016819617,0.5628070107,0.3727825556,0.8641189015999999,0.1429231932,1.1703985931999998,0.0186585412,-0.018658541,29.0,-0.1919707239999999,0.0094312737,-0.54359447,0.3221353529,235.29160186,0.0205724778,0.2578597702,0.0635703644,-0.007305459,-0.05515351,0.0128885068999999,28.474159303,0.0,0.9369975611,0.1430461615,0.0,0.0,0.0,-2.343598055,0.0191639048,0.9454222821,1.0833647021,0.1918515626,0.0261926467,0.0982451952,0.1620939683,0.0741362458,0.0698753768,16472.48253,2.1950464396,0.0091006706,2.3454965961000003,0.1035387467,-0.247367341,0.0097253923,0.0704731988,-0.037803234,-0.040380251,0.018313205,-0.033593721,-0.0735013559999999,5.0,0.6681308136999999,1.0,0.0059676843999999,0.0553378026999999,0.3574181152,0.3248478439,26.646901224,12.341915403,7.827674015499999,,0.0,0.0875033096,0.0,0.1078410075,0.4068739917,0.0362853699,0.374465321,0.0492918048,-0.002215502,-0.0142170789999999,-0.0168329519999999,0.0,0.0516682739,0.0149842251,0.4470748649,0.0025117565,0.0859218032,0.083261771,6.0,0.0225621669,6.027355e-11,0.0288746562,0.0128160275,0.2899914443,1.5770906128,1.8395571e-08,28.0,393.11
2020-10-30,33532281.75,0.8793673153,0.7732868751,0.7319944714,17.444354546,0.0386702827,0.4624542152,0.0052421312,0.6143493739,0.4380907278,0.7488583228,0.130981201,1.0739390387,0.0186585412,-0.018658541,29.0,-0.1919707239999999,0.0094312737,-0.54209608,0.3221353529,235.29160186,0.0205724778,0.2578597702,0.0635703644,-0.007305459,-0.05515351,0.0128885068999999,28.474159303,0.0,0.9369975611,0.1430461615,0.0,0.0,0.0,-2.343598055,0.0191639048,0.9454222821,1.0833647021,0.1918515626,0.0261926467,0.0982451952,0.1620939683,0.0741362458,0.0698753768,16472.48253,2.1950464396,0.0091006706,2.3454965961000003,0.1035387467,-0.247367341,0.0097253923,0.0704731988,-0.037803234,-0.040380251,0.018313205,-0.033593721,-0.0735013559999999,5.0,0.6681308136999999,1.0,0.0059676843999999,0.0553378026999999,0.3574181152,0.3248478439,26.646901224,12.341915403,7.827674015499999,,0.0,0.0875033096,0.0,0.1078410075,0.4068739917,0.0362853699,0.374465321,0.0492918048,-0.002215502,-0.0142170789999999,-0.0168329519999999,0.0,0.0516682739,0.0149842251,0.4470748649,0.0025117565,0.0859218032,0.083261771,6.0,0.0314319729999999,1.108319e-10,0.0338194259,0.0232769633,0.3264879582,2.1561192861,1.8174082e-08,28.0,424.82
2020-11-30,36237146.625,0.8551404312,0.7312651571,0.5563305086,17.46186118,0.0387539363,0.5321673323,0.0806645006,0.4161022306,0.3792848486999999,0.7151712776000001,0.1501936,1.0538726065,0.0186585412,-0.018658541,29.0,-0.1919707239999999,0.0094312737,-0.533306246,0.3221353529,235.29160186,0.0205724778,0.2578597702,0.0635703644,-0.007305459,-0.05515351,0.0128885068999999,28.474159303,0.0,0.9369975611,0.1430461615,0.0,0.0,0.0,-2.343598055,0.0191639048,0.9454222821,1.0833647021,0.1918515626,0.0261926467,0.0982451952,0.1620939683,0.0741362458,0.0698753768,16472.48253,2.220447351,0.0091006706,2.3454965961000003,0.1035387467,-0.247367341,0.0097253923,0.0704731988,-0.037803234,-0.040380251,0.018313205,-0.033593721,-0.0735013559999999,5.0,0.6681308136999999,1.0,0.0059676843999999,0.0553378026999999,0.3574181152,0.3248478439,26.646901224,12.341915403,7.827674015499999,,0.0,0.0875033096,0.0,0.1078410075,0.4068739917,0.0362853699,-0.270702889,0.0431518704999999,0.0016859332999999,-0.029907901,0.0252720416,1.0,0.0610251163,0.0142072846,0.6301071149,0.0024439560999999,0.1003948201,0.0938257866,6.0,0.027607981,1.132979e-10,0.0467740446,0.0233149508,0.3267086586,1.2801412954,2.2365602000000005e-08,28.0,460.98
2020-12-31,39321594.937,0.8387635431999999,0.7035242814,0.2646636989,17.288099445,0.0387929014,0.343486078,0.085118413,0.3753561331,0.6886080236,0.6084648943,0.1310224844999999,1.0385844188,0.0186585412,-0.018658541,29.0,-0.1919707239999999,0.0094312737,-0.534463471,0.3221353529,235.29160186,0.0205724778,0.2578597702,0.0635703644,-0.007305459,-0.05515351,0.0128885068999999,28.474159303,0.0,0.9369975611,0.1430461615,0.0,0.0,0.0,-2.384245816,0.0191639048,0.9454222821,1.0833647021,0.1918515626,0.0261926467,0.0982451952,0.1620939683,0.0741362458,0.0698753768,16472.48253,2.2056672179,0.0091006706,2.3454965961000003,0.1035387467,-0.247367341,0.0097253923,0.0704731988,-0.037803234,-0.040380251,0.018313205,-0.033593721,-0.0735013559999999,5.0,0.6681308136999999,1.0,0.0059676843999999,0.0553378026999999,0.3574181152,0.3248478439,26.646901224,12.341915403,7.827674015499999,,0.0,0.0875033096,0.0,0.1078410075,0.4068739917,0.0362853699,-0.270702889,0.0431518704999999,0.0016859332999999,-0.029907901,0.0252720416,1.0,0.0610251163,0.0142072846,0.6301071149,0.0024439560999999,0.1003948201,0.0938257866,6.0,0.0358613004,1.01801e-10,0.0568790324,0.0295584427,0.3851085279,2.0880650275,2.0090095000000004e-08,28.0,499.87
2021-01-29,42713391.213,0.8226763542000001,0.6767963837000001,0.2496724009,17.572396765,0.0404765154,0.4337924988,0.0843637139,0.3962321543,0.7653276368999999,0.6698426588,0.0893728477999999,0.9688157068,0.0186585412,-0.018658541,29.0,-0.1919707239999999,0.0094312737,-0.521161491,0.3221353529,235.29160186,0.0205724778,0.2578597702,0.0635703644,-0.007305459,-0.05515351,0.0128885068999999,28.474159303,0.0,0.9369975611,0.1430461615,0.0,0.0,0.0,-2.549833887,0.0191639048,0.9454222821,1.0833647021,0.1918515626,0.0261926467,0.0982451952,0.1620939683,0.0741362458,0.0698753768,16472.48253,2.220447351,0.0091006706,2.3454965961000003,0.1035387467,-0.247367341,0.0097253923,0.0704731988,-0.037803234,-0.040380251,0.018313205,-0.033593721,-0.0735013559999999,5.0,0.6681308136999999,1.0,0.0059676843999999,0.0553378026999999,0.3574181152,0.3248478439,26.646901224,12.341915403,7.827674015499999,,0.0,0.0875033096,0.0,0.1078410075,0.4068739917,0.0362853699,-0.270702889,0.0431518704999999,0.0016859332999999,-0.029907901,0.0252720416,1.0,0.0610251163,0.0142072846,0.6301071149,0.0024439560999999,0.1003948201,0.0938257866,6.0,0.0231334248,6.343226e-11,0.0218572262999999,0.0109679224,0.4696911594,1.9116134277,2.130303200000001e-08,28.0,478.68
2021-02-26,40902726.694,0.8172089158,0.6678304121,-0.26418848,17.499506798,0.0405011533,0.3929815621999999,-0.042391028,0.2567441767,0.8444706181,0.4489415047999999,0.0615349616,0.9678435137,0.0186585412,-0.018658541,29.0,-0.1919707239999999,0.0094312737,-0.503641385,0.3221353529,235.29160186,0.0205724778,0.2578597702,0.0635703644,-0.007305459,-0.05515351,0.0128885068999999,28.474159303,0.0,0.9369975611,0.1430461615,0.0,0.0,0.0,-2.549833887,0.0191639048,0.9454222821,1.0833647021,0.1918515626,0.0261926467,0.0982451952,0.1620939683,0.0741362458,0.0698753768,16472.48253,2.2405594406,0.0091006706,2.3454965961000003,0.1035387467,-0.247367341,0.0097253923,0.0704731988,-0.037803234,-0.040380251,0.018313205,-0.033593721,-0.0735013559999999,5.0,0.6681308136999999,1.0,0.0059676843999999,0.0553378026999999,0.3574181152,0.3248478439,26.646901224,12.341915403,7.827674015499999,,0.0,0.0875033096,0.0,0.1078410075,0.4068739917,0.0362853699,0.3758996914999999,0.0537013830999999,0.0025547532,-0.026751099,0.0683329795,2.0,0.0789611106,0.0154733845999999,1.1496825853,0.0006228326,0.1005269543,0.0986828794999999,6.0,0.0290985034,8.084517e-11,0.036738459,0.0198528452,0.2401161864,1.2034157985,2.6050819e-08,28.0,520.17
2021-03-31,44436040.96,0.7962788434,0.6340599964,-0.206367291,17.403291027999998,0.040318252,0.704406493,0.0866758376,0.2240576798999999,0.8807905698999999,0.3593441196999999,0.0557682271,1.0059509167,0.0186585412,-0.018658541,29.0,-0.1919707239999999,0.0094312737,-0.5200788510000001,0.3221353529,235.29160186,0.0205724778,0.2578597702,0.0635703644,-0.007305459,-0.05515351,0.0128885068999999,28.474159303,0.0,0.9369975611,0.1430461615,0.0,0.0,0.0,-2.6402266290000003,0.0191639048,0.9454222821,1.0833647021,0.1918515626,0.0261926467,0.0982451952,0.1620939683,0.0741362458,0.0698753768,16472.48253,2.2405594406,0.0091006706,2.3454965961000003,0.1035387467,-0.247367341,0.0097253923,0.0704731988,-0.037803234,-0.040380251,0.018313205,-0.033593721,-0.0735013559999999,5.0,0.6681308136999999,1.0,0.0059676843999999,0.0553378026999999,0.3574181152,0.3248478439,26.646901224,12.341915403,7.827674015499999,,0.0,0.0875033096,0.0,0.1078410075,0.4068739917,0.0362853699,0.3758996914999999,0.0537013830999999,0.0025547532,-0.026751099,0.0683329795,2.0,0.0789611106,0.0154733845999999,1.2760702525,0.0006228326,0.1005269543,0.0986828794999999,6.0,0.0358068754999999,7.845554e-11,0.02953819,0.0217416460999999,0.3707291267,3.2280848989,1.919968e-08,28.0,489.31
2021-04-30,41769947.942,0.7858389441,0.617542846,-0.378096744,17.791383405999998,0.0403560685999999,1.2882711412,-0.0593267309999999,0.3232174253,1.1473331231,0.2656878906,0.0973946759,1.148415239,0.0186585412,-0.018658541,29.0,-0.1919707239999999,0.0094312737,-0.5234852320000001,0.3221353529,235.29160186,0.0205724778,0.2578597702,0.0635703644,-0.007305459,-0.05515351,0.0128885068999999,28.474159303,0.0,0.9369975611,0.1430461615,0.0,0.0,0.0,-2.6402266290000003,0.0191639048,0.9454222821,1.0833647021,0.1918515626,0.0261926467,0.0982451952,0.1620939683,0.0741362458,0.0698753768,16472.48253,2.220447351,0.0091006706,2.3454965961000003,0.1035387467,-0.247367341,0.0097253923,0.0704731988,-0.037803234,-0.040380251,0.018313205,-0.033593721,-0.0735013559999999,5.0,0.6681308136999999,1.0,0.0059676843999999,0.0553378026999999,0.3574181152,0.3248478439,26.646901224,12.341915403,7.827674015499999,,0.0,0.0875033096,0.0,0.1078410075,0.4068739917,0.0362853699,0.3344307516,0.0857606718999999,-0.0036123709999999,-0.032669968,-0.0394572429999999,0.0,0.0745744023,0.0155133986,0.535673333,0.0034738464,0.1007461281,0.1019580883,6.0,0.0311840481999999,8.543113e-11,0.0346040726,0.0251997041,0.2687476448,1.7576517266999998,1.4042919000000001e-08,28.0,548.99
2021-05-28,46818415.357,0.7690165517,0.5913864568,-0.238042955,17.852840574000002,0.0403500842,0.8331753745,0.1219676509,0.15180545,0.7626440581999999,0.4273227313,0.0962859815,1.1183460169,0.0186585412,-0.018658541,29.0,-0.1919707239999999,0.0094312737,-0.5186148070000001,0.3221353529,235.29160186,0.0205724778,0.2578597702,0.0635703644,-0.007305459,-0.05515351,0.0128885068999999,28.474159303,0.0,0.9369975611,0.1430461615,0.0,0.0,0.0,-2.6402266290000003,0.0191639048,0.9454222821,1.0833647021,0.1918515626,0.0261926467,0.0982451952,0.1620939683,0.0741362458,0.0698753768,16472.48253,2.220447351,0.0091006706,2.3454965961000003,0.1035387467,-0.247367341,0.0097253923,0.0704731988,-0.037803234,-0.040380251,0.018313205,-0.033593721,-0.0735013559999999,5.0,0.6681308136999999,1.0,0.0059676843999999,0.0553378026999999,0.3574181152,0.3248478439,26.646901224,12.341915403,7.827674015499999,,0.0,0.0875033096,0.0,0.1078410075,0.4068739917,0.0362853699,0.3344307516,0.0857606718999999,-0.0036123709999999,-0.032669968,-0.0394572429999999,0.0,0.0745744023,0.0155133986,0.535673333,0.0034738464,0.1007461281,0.1019580883,6.0,0.0189691239,5.956681e-11,0.0278124511,0.0116807667,0.2169220067,0.8335611083,2.6214896e-08,28.0,558.11
2021-06-30,47596177.661000006,0.7679299190000001,0.5897163604,-0.281721042,17.432913774,0.0405234326,0.6104233444,0.0166123156,0.1909192948,0.7773568525,0.4835022082999999,0.0702361445,1.0263235208,0.0186585412,-0.018658541,29.0,-0.1919707239999999,0.0094312737,-0.521140376,0.3221353529,235.29160186,0.0205724778,0.2578597702,0.0635703644,-0.007305459,-0.05515351,0.0128885068999999,28.474159303,0.0,0.9369975611,0.1430461615,0.0,0.0,0.0,-2.6402266290000003,0.0191639048,0.9454222821,1.0833647021,0.1918515626,0.0261926467,0.0982451952,0.1620939683,0.0741362458,0.0698753768,16472.48253,2.220447351,0.0091006706,2.3454965961000003,0.1035387467,-0.247367341,0.0097253923,0.0704731988,-0.037803234,-0.040380251,0.018313205,-0.033593721,-0.0735013559999999,5.0,0.6681308136999999,1.0,0.0059676843999999,0.0553378026999999,0.3574181152,0.3248478439,26.646901224,12.341915403,7.827674015499999,,0.0,0.0875033096,0.0,0.1078410075,0.4068739917,0.0362853699,0.3344307516,0.0857606718999999,-0.0036123709999999,-0.032669968,-0.0394572429999999,0.0,0.0745744023,0.0155133986,0.535673333,0.0034738464,0.1007461281,0.1019580883,6.0,0.0248352316999999,6.688343000000001e-11,0.0231628921,0.0181509506,0.3269745588,1.7730771012,2.3812009e-08,28.0,631.55
2021-07-30,53741746.211,0.7681760765000001,0.5900944845,-0.250595013,17.593420715,0.0402855893,0.4705795978,0.1315869689,0.1165102691,0.6904227677,0.514912363,0.0742378351,0.8639608507,0.0321232962,-0.032123296,30.0,-0.252164968,0.0150724394,-0.454060555,0.4086767161,107.71384642,0.0151723611,0.0990333582,-0.0966961319999999,-0.000257397,-0.136496434,0.0071983864,16.112171165,0.0,1.8236258089,0.1483666441,0.0,0.0,0.0,2.5616009196,0.013620459,0.9096631605,-0.0759647859999999,0.0756950024,0.0261033464,0.0108695652,0.0625514673,0.0389050351,0.0043006074,36544.372357,1.2190122632,0.0079060818,-2.365309105,0.9462439226,0.0371941656,0.0223501653,1.1904246125,0.0483691893,-0.0941885669999999,0.0623406891,0.0449458049,-0.1139390419999999,7.0,1.4634901786,0.0,0.003306902,0.0521858161,0.3997674441,0.377730865,7.0499025859,12.896632725999998,7.222715895199999,,0.0,0.1245361268,0.0,0.0633678313999999,0.4848247185,-1.066960297,0.3344307516,0.0857606718999999,-0.0036123709999999,-0.032669968,-0.0394572429999999,0.0,0.0745744023,0.0155133986,0.535673333,0.0034738464,0.1007461281,0.1019580883,6.0,0.0192521994,4.785123e-11,0.0244768597,0.0092451085,0.2873983287,1.2307446683,2.2814211e-08,28.0,678.53
2021-08-31,57726620.772,0.7607536112000001,0.5787460569,0.2140328716,17.664420105999998,0.0405899762,0.4891648647,0.0743884742,0.3193573873999999,0.5878063737,0.6239334328,0.0585608533,0.8986357295999999,0.0321232962,-0.032123296,30.0,-0.252164968,0.0150724394,-0.4546862889999999,0.4086767161,107.71384642,0.0151723611,0.0990333582,-0.0966961319999999,-0.000257397,-0.136496434,0.0071983864,16.112171165,0.0,1.8236258089,0.1483666441,0.0,0.0,0.0,2.5616009196,0.013620459,0.9096631605,-0.0759647859999999,0.0756950024,0.0261033464,0.0108695652,0.0625514673,0.0389050351,0.0043006074,36544.372357,1.2190122632,0.0079060818,-2.365309105,0.9462439226,0.0371941656,0.0223501653,1.1904246125,0.0483691893,-0.0941885669999999,0.0623406891,0.0449458049,-0.1139390419999999,7.0,1.4634901786,0.0,0.003306902,0.0521858161,0.3997674441,0.377730865,7.0499025859,12.896632725999998,7.222715895199999,,0.0,0.1245361268,0.0,0.0633678313999999,0.4848247185,-1.066960297,0.8739858628,0.1673208949,-0.008449774,0.0098737807999999,0.0155808982,1.0,0.085371399,0.0158198440999999,0.3967306435,0.0027038827,0.1018902928999999,0.1112694308,6.0,0.0196413627,4.536376e-11,0.0186723825,0.0131161863999999,0.276960911,1.3287247238,2.3116749e-08,28.0,673.76
2021-09-30,57320806.591000006,0.7525317873,0.5663040908,-0.034884996,17.767390138,0.040556144,0.3385096361999999,-0.0070299319999999,0.3044390252,0.7351046627,0.5393639246999999,0.065235871,0.892966541,0.0321232962,-0.032123296,30.0,-0.252164968,0.0150724394,-0.455266514,0.4086767161,107.71384642,0.0151723611,0.0990333582,-0.0966961319999999,-0.000257397,-0.136496434,0.0071983864,16.112171165,0.0,1.8236258089,0.1483666441,0.0,0.0,0.0,2.5616009196,0.013620459,0.9096631605,-0.0759647859999999,0.0756950024,0.0261033464,0.0108695652,0.0625514673,0.0389050351,0.0043006074,36544.372357,1.2190122632,0.0079060818,-2.365309105,0.9462439226,0.0371941656,0.0223501653,1.1904246125,0.0483691893,-0.0941885669999999,0.0623406891,0.0449458049,-0.1139390419999999,7.0,1.4634901786,0.0,0.003306902,0.0521858161,0.3997674441,0.377730865,7.0499025859,12.896632725999998,7.222715895199999,,0.0,0.1245361268,0.0,0.0633678313999999,0.4848247185,-1.066960297,0.8739858628,0.1673208949,-0.008449774,0.0098737807999999,0.0155808982,1.0,0.085371399,0.0158198440999999,0.3967306435,0.0027038827,0.1018902928999999,0.1112694308,6.0,0.0215836589,4.118607e-11,0.027982628,0.0138839109,0.2362740942,0.972460755,2.2152678e-08,28.0,621.9
2021-10-29,52786874.072,0.7355391393,0.5410178255,0.0262582014,17.756245395,0.0402916987,0.4004754822,-0.076971002,0.3769594082,0.7139223897,0.5745813622,0.0301077610999999,0.9870037974,0.0321232962,-0.032123296,30.0,-0.252164968,0.0150724394,-0.458094139,0.4086767161,107.71384642,0.0151723611,0.0990333582,-0.0966961319999999,-0.000257397,-0.136496434,0.0071983864,16.112171165,0.0,1.8236258089,0.1483666441,0.0,0.0,0.0,2.5616009196,0.013620459,0.9096631605,-0.0759647859999999,0.0756950024,0.0261033464,0.0108695652,0.0625514673,0.0389050351,0.0043006074,36544.372357,1.2190122632,0.0079060818,-2.365309105,0.9462439226,0.0371941656,0.0223501653,1.1904246125,0.0483691893,-0.0941885669999999,0.0623406891,0.0449458049,-0.1139390419999999,7.0,1.4634901786,0.0,0.003306902,0.0521858161,0.3997674441,0.377730865,7.0499025859,12.896632725999998,7.222715895199999,,0.0,0.1245361268,0.0,0.0633678313999999,0.4848247185,-1.066960297,0.8739858628,0.1673208949,-0.008449774,0.0098737807999999,0.0155808982,1.0,0.085371399,0.0158198440999999,0.3967306435,0.0027038827,0.1018902928999999,0.1112694308,6.0,0.0248234148,4.223535e-11,0.0165458582,0.017076843,0.3696231136,2.2356105002,1.8080763e-08,28.0,666.14
2021-11-30,56484676.402,0.7138812151,0.5096263893,-0.078896546,17.925695964000003,0.0402398555,0.3763866135,0.0711368173,0.132807583,0.4639141614,1.0027344052,0.0625265698,0.9350582982,0.0321232962,-0.032123296,30.0,-0.252164968,0.0150724394,-0.455559445,0.4086767161,107.71384642,0.0151723611,0.0990333582,-0.0966961319999999,-0.000257397,-0.136496434,0.0071983864,16.112171165,0.0,1.8236258089,0.1483666441,0.0,0.0,0.0,2.5616009196,0.013620459,0.9096631605,-0.0759647859999999,0.0756950024,0.0261033464,0.0108695652,0.0625514673,0.0389050351,0.0043006074,36544.372357,1.2190122632,0.0079060818,-2.365309105,0.9462439226,0.0371941656,0.0223501653,1.1904246125,0.0483691893,-0.0941885669999999,0.0623406891,0.0449458049,-0.1139390419999999,7.0,1.4634901786,0.0,0.003306902,0.0521858161,0.3997674441,0.377730865,7.0499025859,12.896632725999998,7.222715895199999,,0.0,0.1245361268,0.0,0.0633678313999999,0.4848247185,-1.066960297,0.23805293,0.1508830726,0.0057701942,-0.021816553,-0.034436348,2.0,0.0890178993,0.0167885601,0.3231464605999999,0.0036239212,0.0973664266,0.0989272766,6.0,0.0213540339,4.605695e-11,0.0200912599,0.0097220759,0.3619886828999999,1.4255105453,2.7856181000000003e-08,28.0,608.07
2021-12-31,51560688.201000005,0.7171548692,0.5143111063,-0.121186783,17.559838268,0.0403997507,0.1516582942,-0.087173879,0.1935640466,0.4450518367,1.2623676356,0.0376194479,0.9442020269,0.0321232962,-0.032123296,30.0,-0.252164968,0.0150724394,-0.462317649,0.4086767161,107.71384642,0.0151723611,0.0990333582,-0.0966961319999999,-0.000257397,-0.136496434,0.0071983864,16.112171165,0.0,1.8236258089,0.1483666441,0.0,0.0,0.0,2.5616009196,0.013620459,0.9096631605,-0.0759647859999999,0.0756950024,0.0261033464,0.0108695652,0.0625514673,0.0389050351,0.0043006074,36544.372357,1.2190122632,0.0079060818,-2.365309105,0.9462439226,0.0371941656,0.0223501653,1.1904246125,0.0483691893,-0.0941885669999999,0.0623406891,0.0449458049,-0.1139390419999999,7.0,1.4634901786,0.0,0.003306902,0.0521858161,0.3997674441,0.377730865,7.0499025859,12.896632725999998,7.222715895199999,,0.0,0.1245361268,0.0,0.0633678313999999,0.4848247185,-1.066960297,0.23805293,0.1508830726,0.0057701942,-0.021816553,-0.034436348,2.0,0.0890178993,0.0167885601,0.3231464605999999,0.0036239212,0.0973664266,0.0989272766,6.0,0.0304709604999999,7.608738e-11,0.0391426906,0.0225589195,0.334235519,1.7419666761,2.2447055000000003e-08,28.0,658.46
