tradeDate,mvel1,beta,betasq,chmom,dolvol,idiovol,indmom,mom1m,mom6m,mom12m,mom36m,pricedelay,turn,absacc,acc,age,agr,bm,bm_ia,cashdebt,cashpr,cfp,cfp_ia,chatoia,chcsho,chempia,chinv,chpmia,convind,currat,depr,divi,divo,dy,egr,ep,gma,grcapx,grltnoa,herf,hire,invest,lev,lgr,mve_ia,operprof,orgcap,pchcapx_ia,pchcurrat,pchdepr,pchgm_pchsale,pchquick,pchsale_pchinvt,pchsale_pchrect,pchsale_pchxsga,pchsaleinv,pctacc,ps,quick,rd,rd_mve,rd_sale,realestate,roic,salecash,saleinv,salerec,secured,securedind,sgr,sin,sp,tang,tb,aeavol,cash,chtx,cinvest,ear,nincr,roaq,roavol,roeq,rsup,stdacc,stdcf,ms,baspread,ill,maxret,retvol,std_dolvol,std_turn,zerotrade,sic2,close
1990-01-31,,,,,,,,,,,,,,,,,,,,,,,,,,,,,,,,,,,,,,,,,,,,,,,,,,,,,,,,,,,,,,,,,,,,,,,,,,,,,,,,,,,,,,,,,,,,,,,,
1990-02-28,,,,,,,,,,,,,,,,,,,,,,,,,,,,,,,,,,,,,,,,,,,,,,,,,,,,,,,,,,,,,,,,,,,,,,,,,,,,,,,,,,,,,,,,,,,,,,,,
1990-03-30,,,,,,,,,,,,,,,,,,,,,,,,,,,,,,,,,,,,,,,,,,,,,,,,,,,,,,,,,,,,,,,,,,,,,,,,,,,,,,,,,,,,,,,,,,,,,,,,
1990-04-30,,,,,,,,,,,,,,,,,,,,,,,,,,,,,,,,,,,,,,,,,,,,,,,,,,,,,,,,,,,,,,,,,,,,,,,,,,,,,,,,,,,,,,,,,,,,,,,,
1990-05-31,,,,,,,,,,,,,,,,,,,,,,,,,,,,,,,,,,,,,,,,,,,,,,,,,,,,,,,,,,,,,,,,,,,,,,,,,,,,,,,,,,,,,,,,,,,,,,,,
1990-06-29,,,,,,,,,,,,,,,,,,,,,,,,,,,,,,,,,,,,,,,,,,,,,,,,,,,,,,,,,,,,,,,,,,,,,,,,,,,,,,,,,,,,,,,,,,,,,,,,
1990-07-31,,,,,,,,,,,,,,,,,,,,,,,,,,,,,,,,,,,,,,,,,,,,,,,,,,,,,,,,,,,,,,,,,,,,,,,,,,,,,,,,,,,,,,,,,,,,,,,,
1990-08-31,,,,,,,,,,,,,,,,,,,,,,,,,,,,,,,,,,,,,,,,,,,,,,,,,,,,,,,,,,,,,,,,,,,,,,,,,,,,,,,,,,,,,,,,,,,,,,,,
1990-09-28,,,,,,,,,,,,,,,,,,,,,,,,,,,,,,,,,,,,,,,,,,,,,,,,,,,,,,,,,,,,,,,,,,,,,,,,,,,,,,,,,,,,,,,,,,,,,,,,
1990-10-31,,,,,,,,,,,,,,,,,,,,,,,,,,,,,,,,,,,,,,,,,,,,,,,,,,,,,,,,,,,,,,,,,,,,,,,,,,,,,,,,,,,,,,,,,,,,,,,,
1990-11-30,,,,,,,,,,,,,,,,,,,,,,,,,,,,,,,,,,,,,,,,,,,,,,,,,,,,,,,,,,,,,,,,,,,,,,,,,,,,,,,,,,,,,,,,,,,,,,,,
1990-12-31,,,,,,,,,,,,,,,,,,,,,,,,,,,,,,,,,,,,,,,,,,,,,,,,,,,,,,,,,,,,,,,,,,,,,,,,,,,,,,,,,,,,,,,,,,,,,,,,
1991-01-31,,,,,,,,,,,,,,,,,,,,,,,,,,,,,,,,,,,,,,,,,,,,,,,,,,,,,,,,,,,,,,,,,,,,,,,,,,,,,,,,,,,,,,,,,,,,,,,,
1991-02-28,,,,,,,,,,,,,,,,,,,,,,,,,,,,,,,,,,,,,,,,,,,,,,,,,,,,,,,,,,,,,,,,,,,,,,,,,,,,,,,,,,,,,,,,,,,,,,,,
1991-03-28,,,,,,,,,,,,,,,,,,,,,,,,,,,,,,,,,,,,,,,,,,,,,,,,,,,,,,,,,,,,,,,,,,,,,,,,,,,,,,,,,,,,,,,,,,,,,,,,
1991-04-30,,,,,,,,,,,,,,,,,,,,,,,,,,,,,,,,,,,,,,,,,,,,,,,,,,,,,,,,,,,,,,,,,,,,,,,,,,,,,,,,,,,,,,,,,,,,,,,,
1991-05-31,,,,,,,,,,,,,,,,,,,,,,,,,,,,,,,,,,,,,,,,,,,,,,,,,,,,,,,,,,,,,,,,,,,,,,,,,,,,,,,,,,,,,,,,,,,,,,,,
1991-06-28,,,,,,,,,,,,,,,,,,,,,,,,,,,,,,,,,,,,,,,,,,,,,,,,,,,,,,,,,,,,,,,,,,,,,,,,,,,,,,,,,,,,,,,,,,,,,,,,
1991-07-31,,,,,,,,,,,,,,,,,,,,,,,,,,,,,,,,,,,,,,,,,,,,,,,,,,,,,,,,,,,,,,,,,,,,,,,,,,,,,,,,,,,,,,,,,,,,,,,,
1991-08-30,,,,,,,,,,,,,,,,,,,,,,,,,,,,,,,,,,,,,,,,,,,,,,,,,,,,,,,,,,,,,,,,,,,,,,,,,,,,,,,,,,,,,,,,,,,,,,,,
1991-09-30,,,,,,,,,,,,,,,,,,,,,,,,,,,,,,,,,,,,,,,,,,,,,,,,,,,,,,,,,,,,,,,,,,,,,,,,,,,,,,,,,,,,,,,,,,,,,,,,
1991-10-31,,,,,,,,,,,,,,,,,,,,,,,,,,,,,,,,,,,,,,,,,,,,,,,,,,,,,,,,,,,,,,,,,,,,,,,,,,,,,,,,,,,,,,,,,,,,,,,,
1991-11-29,,,,,,,,,,,,,,,,,,,,,,,,,,,,,,,,,,,,,,,,,,,,,,,,,,,,,,,,,,,,,,,,,,,,,,,,,,,,,,,,,,,,,,,,,,,,,,,,
1991-12-31,,,,,,,,,,,,,,,,,,,,,,,,,,,,,,,,,,,,,,,,,,,,,,,,,,,,,,,,,,,,,,,,,,,,,,,,,,,,,,,,,,,,,,,,,,,,,,,,
1992-01-31,,,,,,,,,,,,,,,,,,,,,,,,,,,,,,,,,,,,,,,,,,,,,,,,,,,,,,,,,,,,,,,,,,,,,,,,,,,,,,,,,,,,,,,,,,,,,,,,
1992-02-28,,,,,,,,,,,,,,,,,,,,,,,,,,,,,,,,,,,,,,,,,,,,,,,,,,,,,,,,,,,,,,,,,,,,,,,,,,,,,,,,,,,,,,,,,,,,,,,,
1992-03-31,,,,,,,,,,,,,,,,,,,,,,,,,,,,,,,,,,,,,,,,,,,,,,,,,,,,,,,,,,,,,,,,,,,,,,,,,,,,,,,,,,,,,,,,,,,,,,,,
1992-04-30,,,,,,,,,,,,,,,,,,,,,,,,,,,,,,,,,,,,,,,,,,,,,,,,,,,,,,,,,,,,,,,,,,,,,,,,,,,,,,,,,,,,,,,,,,,,,,,,
1992-05-29,,,,,,,,,,,,,,,,,,,,,,,,,,,,,,,,,,,,,,,,,,,,,,,,,,,,,,,,,,,,,,,,,,,,,,,,,,,,,,,,,,,,,,,,,,,,,,,,
1992-06-30,,,,,,,,,,,,,,,,,,,,,,,,,,,,,,,,,,,,,,,,,,,,,,,,,,,,,,,,,,,,,,,,,,,,,,,,,,,,,,,,,,,,,,,,,,,,,,,,
1992-07-31,,,,,,,,,,,,,,,,,,,,,,,,,,,,,,,,,,,,,,,,,,,,,,,,,,,,,,,,,,,,,,,,,,,,,,,,,,,,,,,,,,,,,,,,,,,,,,,,
1992-08-31,,,,,,,,,,,,,,,,,,,,,,,,,,,,,,,,,,,,,,,,,,,,,,,,,,,,,,,,,,,,,,,,,,,,,,,,,,,,,,,,,,,,,,,,,,,,,,,,
1992-09-30,,,,,,,,,,,,,,,,,,,,,,,,,,,,,,,,,,,,,,,,,,,,,,,,,,,,,,,,,,,,,,,,,,,,,,,,,,,,,,,,,,,,,,,,,,,,,,,,
1992-10-30,,,,,,,,,,,,,,,,,,,,,,,,,,,,,,,,,,,,,,,,,,,,,,,,,,,,,,,,,,,,,,,,,,,,,,,,,,,,,,,,,,,,,,,,,,,,,,,,
1992-11-30,,,,,,,,,,,,,,,,,,,,,,,,,,,,,,,,,,,,,,,,,,,,,,,,,,,,,,,,,,,,,,,,,,,,,,,,,,,,,,,,,,,,,,,,,,,,,,,,
1992-12-31,,,,,,,,,,,,,,,,,,,,,,,,,,,,,,,,,,,,,,,,,,,,,,,,,,,,,,,,,,,,,,,,,,,,,,,,,,,,,,,,,,,,,,,,,,,,,,,,
1993-01-29,,,,,,,,,,,,,,,,,,,,,,,,,,,,,,,,,,,,,,,,,,,,,,,,,,,,,,,,,,,,,,,,,,,,,,,,,,,,,,,,,,,,,,,,,,,,,,,,
1993-02-26,,,,,,,,,,,,,,,,,,,,,,,,,,,,,,,,,,,,,,,,,,,,,,,,,,,,,,,,,,,,,,,,,,,,,,,,,,,,,,,,,,,,,,,,,,,,,,,,
1993-03-31,,,,,,,,,,,,,,,,,,,,,,,,,,,,,,,,,,,,,,,,,,,,,,,,,,,,,,,,,,,,,,,,,,,,,,,,,,,,,,,,,,,,,,,,,,,,,,,,
1993-04-30,,,,,,,,,,,,,,,,,,,,,,,,,,,,,,,,,,,,,,,,,,,,,,,,,,,,,,,,,,,,,,,,,,,,,,,,,,,,,,,,,,,,,,,,,,,,,,,,
1993-05-28,,,,,,,,,,,,,,,,,,,,,,,,,,,,,,,,,,,,,,,,,,,,,,,,,,,,,,,,,,,,,,,,,,,,,,,,,,,,,,,,,,,,,,,,,,,,,,,,
1993-06-30,,,,,,,,,,,,,,,,,,,,,,,,,,,,,,,,,,,,,,,,,,,,,,,,,,,,,,,,,,,,,,,,,,,,,,,,,,,,,,,,,,,,,,,,,,,,,,,,
1993-07-30,,,,,,,,,,,,,,,,,,,,,,,,,,,,,,,,,,,,,,,,,,,,,,,,,,,,,,,,,,,,,,,,,,,,,,,,,,,,,,,,,,,,,,,,,,,,,,,,
1993-08-31,,,,,,,,,,,,,,,,,,,,,,,,,,,,,,,,,,,,,,,,,,,,,,,,,,,,,,,,,,,,,,,,,,,,,,,,,,,,,,,,,,,,,,,,,,,,,,,,
1993-09-30,,,,,,,,,,,,,,,,,,,,,,,,,,,,,,,,,,,,,,,,,,,,,,,,,,,,,,,,,,,,,,,,,,,,,,,,,,,,,,,,,,,,,,,,,,,,,,,,
1993-10-29,,,,,,,,,,,,,,,,,,,,,,,,,,,,,,,,,,,,,,,,,,,,,,,,,,,,,,,,,,,,,,,,,,,,,,,,,,,,,,,,,,,,,,,,,,,,,,,,
1993-11-30,,,,,,,,,,,,,,,,,,,,,,,,,,,,,,,,,,,,,,,,,,,,,,,,,,,,,,,,,,,,,,,,,,,,,,,,,,,,,,,,,,,,,,,,,,,,,,,,
1993-12-31,,,,,,,,,,,,,,,,,,,,,,,,,,,,,,,,,,,,,,,,,,,,,,,,,,,,,,,,,,,,,,,,,,,,,,,,,,,,,,,,,,,,,,,,,,,,,,,,
1994-01-31,,,,,,,,,,,,,,,,,,,,,,,,,,,,,,,,,,,,,,,,,,,,,,,,,,,,,,,,,,,,,,,,,,,,,,,,,,,,,,,,,,,,,,,,,,,,,,,,
1994-02-28,,,,,,,,,,,,,,,,,,,,,,,,,,,,,,,,,,,,,,,,,,,,,,,,,,,,,,,,,,,,,,,,,,,,,,,,,,,,,,,,,,,,,,,,,,,,,,,,
1994-03-31,,,,,,,,,,,,,,,,,,,,,,,,,,,,,,,,,,,,,,,,,,,,,,,,,,,,,,,,,,,,,,,,,,,,,,,,,,,,,,,,,,,,,,,,,,,,,,,,
1994-04-29,,,,,,,,,,,,,,,,,,,,,,,,,,,,,,,,,,,,,,,,,,,,,,,,,,,,,,,,,,,,,,,,,,,,,,,,,,,,,,,,,,,,,,,,,,,,,,,,
1994-05-31,,,,,,,,,,,,,,,,,,,,,,,,,,,,,,,,,,,,,,,,,,,,,,,,,,,,,,,,,,,,,,,,,,,,,,,,,,,,,,,,,,,,,,,,,,,,,,,,
1994-06-30,,,,,,,,,,,,,,,,,,,,,,,,,,,,,,,,,,,,,,,,,,,,,,,,,,,,,,,,,,,,,,,,,,,,,,,,,,,,,,,,,,,,,,,,,,,,,,,,
1994-07-29,,,,,,,,,,,,,,,,,,,,,,,,,,,,,,,,,,,,,,,,,,,,,,,,,,,,,,,,,,,,,,,,,,,,,,,,,,,,,,,,,,,,,,,,,,,,,,,,
1994-08-31,,,,,,,,,,,,,,,,,,,,,,,,,,,,,,,,,,,,,,,,,,,,,,,,,,,,,,,,,,,,,,,,,,,,,,,,,,,,,,,,,,,,,,,,,,,,,,,,
1994-09-30,,,,,,,,,,,,,,,,,,,,,,,,,,,,,,,,,,,,,,,,,,,,,,,,,,,,,,,,,,,,,,,,,,,,,,,,,,,,,,,,,,,,,,,,,,,,,,,,
1994-10-31,,,,,,,,,,,,,,,,,,,,,,,,,,,,,,,,,,,,,,,,,,,,,,,,,,,,,,,,,,,,,,,,,,,,,,,,,,,,,,,,,,,,,,,,,,,,,,,,
1994-11-30,,,,,,,,,,,,,,,,,,,,,,,,,,,,,,,,,,,,,,,,,,,,,,,,,,,,,,,,,,,,,,,,,,,,,,,,,,,,,,,,,,,,,,,,,,,,,,,,
1994-12-30,,,,,,,,,,,,,,,,,,,,,,,,,,,,,,,,,,,,,,,,,,,,,,,,,,,,,,,,,,,,,,,,,,,,,,,,,,,,,,,,,,,,,,,,,,,,,,,,
1995-01-31,,,,,,,,,,,,,,,,,,,,,,,,,,,,,,,,,,,,,,,,,,,,,,,,,,,,,,,,,,,,,,,,,,,,,,,,,,,,,,,,,,,,,,,,,,,,,,,,
1995-02-28,,,,,,,,,,,,,,,,,,,,,,,,,,,,,,,,,,,,,,,,,,,,,,,,,,,,,,,,,,,,,,,,,,,,,,,,,,,,,,,,,,,,,,,,,,,,,,,,
1995-03-31,,,,,,,,,,,,,,,,,,,,,,,,,,,,,,,,,,,,,,,,,,,,,,,,,,,,,,,,,,,,,,,,,,,,,,,,,,,,,,,,,,,,,,,,,,,,,,,,
1995-04-28,,,,,,,,,,,,,,,,,,,,,,,,,,,,,,,,,,,,,,,,,,,,,,,,,,,,,,,,,,,,,,,,,,,,,,,,,,,,,,,,,,,,,,,,,,,,,,,,
1995-05-31,,,,,,,,,,,,,,,,,,,,,,,,,,,,,,,,,,,,,,,,,,,,,,,,,,,,,,,,,,,,,,,,,,,,,,,,,,,,,,,,,,,,,,,,,,,,,,,,
1995-06-30,,,,,,,,,,,,,,,,,,,,,,,,,,,,,,,,,,,,,,,,,,,,,,,,,,,,,,,,,,,,,,,,,,,,,,,,,,,,,,,,,,,,,,,,,,,,,,,,
1995-07-31,,,,,,,,,,,,,,,,,,,,,,,,,,,,,,,,,,,,,,,,,,,,,,,,,,,,,,,,,,,,,,,,,,,,,,,,,,,,,,,,,,,,,,,,,,,,,,,,
1995-08-31,,,,,,,,,,,,,,,,,,,,,,,,,,,,,,,,,,,,,,,,,,,,,,,,,,,,,,,,,,,,,,,,,,,,,,,,,,,,,,,,,,,,,,,,,,,,,,,,
1995-09-29,,,,,,,,,,,,,,,,,,,,,,,,,,,,,,,,,,,,,,,,,,,,,,,,,,,,,,,,,,,,,,,,,,,,,,,,,,,,,,,,,,,,,,,,,,,,,,,,
1995-10-31,,,,,,,,,,,,,,,,,,,,,,,,,,,,,,,,,,,,,,,,,,,,,,,,,,,,,,,,,,,,,,,,,,,,,,,,,,,,,,,,,,,,,,,,,,,,,,,,
1995-11-30,,,,,,,,,,,,,,,,,,,,,,,,,,,,,,,,,,,,,,,,,,,,,,,,,,,,,,,,,,,,,,,,,,,,,,,,,,,,,,,,,,,,,,,,,,,,,,,,
1995-12-29,,,,,,,,,,,,,,,,,,,,,,,,,,,,,,,,,,,,,,,,,,,,,,,,,,,,,,,,,,,,,,,,,,,,,,,,,,,,,,,,,,,,,,,,,,,,,,,,
1996-01-31,,,,,,,,,,,,,,,,,,,,,,,,,,,,,,,,,,,,,,,,,,,,,,,,,,,,,,,,,,,,,,,,,,,,,,,,,,,,,,,,,,,,,,,,,,,,,,,,
1996-02-29,,,,,,,,,,,,,,,,,,,,,,,,,,,,,,,,,,,,,,,,,,,,,,,,,,,,,,,,,,,,,,,,,,,,,,,,,,,,,,,,,,,,,,,,,,,,,,,,
1996-03-29,,,,,,,,,,,,,,,,,,,,,,,,,,,,,,,,,,,,,,,,,,,,,,,,,,,,,,,,,,,,,,,,,,,,,,,,,,,,,,,,,,,,,,,,,,,,,,,,
1996-04-30,,,,,,,,,,,,,,,,,,,,,,,,,,,,,,,,,,,,,,,,,,,,,,,,,,,,,,,,,,,,,,,,,,,,,,,,,,,,,,,,,,,,,,,,,,,,,,,,
1996-05-31,,,,,,,,,,,,,,,,,,,,,,,,,,,,,,,,,,,,,,,,,,,,,,,,,,,,,,,,,,,,,,,,,,,,,,,,,,,,,,,,,,,,,,,,,,,,,,,,
1996-06-28,,,,,,,,,,,,,,,,,,,,,,,,,,,,,,,,,,,,,,,,,,,,,,,,,,,,,,,,,,,,,,,,,,,,,,,,,,,,,,,,,,,,,,,,,,,,,,,,
1996-07-31,,,,,,,,,,,,,,,,,,,,,,,,,,,,,,,,,,,,,,,,,,,,,,,,,,,,,,,,,,,,,,,,,,,,,,,,,,,,,,,,,,,,,,,,,,,,,,,,
1996-08-30,,,,,,,,,,,,,,,,,,,,,,,,,,,,,,,,,,,,,,,,,,,,,,,,,,,,,,,,,,,,,,,,,,,,,,,,,,,,,,,,,,,,,,,,,,,,,,,,
1996-09-30,,,,,,,,,,,,,,,,,,,,,,,,,,,,,,,,,,,,,,,,,,,,,,,,,,,,,,,,,,,,,,,,,,,,,,,,,,,,,,,,,,,,,,,,,,,,,,,,
1996-10-31,,,,,,,,,,,,,,,,,,,,,,,,,,,,,,,,,,,,,,,,,,,,,,,,,,,,,,,,,,,,,,,,,,,,,,,,,,,,,,,,,,,,,,,,,,,,,,,,
1996-11-29,,,,,,,,,,,,,,,,,,,,,,,,,,,,,,,,,,,,,,,,,,,,,,,,,,,,,,,,,,,,,,,,,,,,,,,,,,,,,,,,,,,,,,,,,,,,,,,,
1996-12-31,,,,,,,,,,,,,,,,,,,,,,,,,,,,,,,,,,,,,,,,,,,,,,,,,,,,,,,,,,,,,,,,,,,,,,,,,,,,,,,,,,,,,,,,,,,,,,,,
1997-01-31,,,,,,,,,,,,,,,,,,,,,,,,,,,,,,,,,,,,,,,,,,,,,,,,,,,,,,,,,,,,,,,,,,,,,,,,,,,,,,,,,,,,,,,,,,,,,,,,
1997-02-28,,,,,,,,,,,,,,,,,,,,,,,,,,,,,,,,,,,,,,,,,,,,,,,,,,,,,,,,,,,,,,,,,,,,,,,,,,,,,,,,,,,,,,,,,,,,,,,,
1997-03-31,,,,,,,,,,,,,,,,,,,,,,,,,,,,,,,,,,,,,,,,,,,,,,,,,,,,,,,,,,,,,,,,,,,,,,,,,,,,,,,,,,,,,,,,,,,,,,,,
1997-04-30,,,,,,,,,,,,,,,,,,,,,,,,,,,,,,,,,,,,,,,,,,,,,,,,,,,,,,,,,,,,,,,,,,,,,,,,,,,,,,,,,,,,,,,,,,,,,,,,
1997-05-30,,,,,,,,,,,,,,,,,,,,,,,,,,,,,,,,,,,,,,,,,,,,,,,,,,,,,,,,,,,,,,,,,,,,,,,,,,,,,,,,,,,,,,,,,,,,,,,,
1997-06-30,,,,,,,,,,,,,,,,,,,,,,,,,,,,,,,,,,,,,,,,,,,,,,,,,,,,,,,,,,,,,,,,,,,,,,,,,,,,,,,,,,,,,,,,,,,,,,,,
1997-07-31,,,,,,,,,,,,,,,,,,,,,,,,,,,,,,,,,,,,,,,,,,,,,,,,,,,,,,,,,,,,,,,,,,,,,,,,,,,,,,,,,,,,,,,,,,,,,,,,
1997-08-29,,,,,,,,,,,,,,,,,,,,,,,,,,,,,,,,,,,,,,,,,,,,,,,,,,,,,,,,,,,,,,,,,,,,,,,,,,,,,,,,,,,,,,,,,,,,,,,,
1997-09-30,,,,,,,,,,,,,,,,,,,,,,,,,,,,,,,,,,,,,,,,,,,,,,,,,,,,,,,,,,,,,,,,,,,,,,,,,,,,,,,,,,,,,,,,,,,,,,,,
1997-10-31,,,,,,,,,,,,,,,,,,,,,,,,,,,,,,,,,,,,,,,,,,,,,,,,,,,,,,,,,,,,,,,,,,,,,,,,,,,,,,,,,,,,,,,,,,,,,,,,
1997-11-28,,,,,,,,,,,,,,,,,,,,,,,,,,,,,,,,,,,,,,,,,,,,,,,,,,,,,,,,,,,,,,,,,,,,,,,,,,,,,,,,,,,,,,,,,,,,,,,,
1997-12-31,,,,,,,,,,,,,,,,,,,,,,,,,,,,,,,,,,,,,,,,,,,,,,,,,,,,,,,,,,,,,,,,,,,,,,,,,,,,,,,,,,,,,,,,,,,,,,,,
1998-01-30,,,,,,,,,,,,,,,,,,,,,,,,,,,,,,,,,,,,,,,,,,,,,,,,,,,,,,,,,,,,,,,,,,,,,,,,,,,,,,,,,,,,,,,,,,,,,,,,
1998-02-27,,,,,,,,,,,,,,,,,,,,,,,,,,,,,,,,,,,,,,,,,,,,,,,,,,,,,,,,,,,,,,,,,,,,,,,,,,,,,,,,,,,,,,,,,,,,,,,,
1998-03-31,,,,,,,,,,,,,,,,,,,,,,,,,,,,,,,,,,,,,,,,,,,,,,,,,,,,,,,,,,,,,,,,,,,,,,,,,,,,,,,,,,,,,,,,,,,,,,,,
1998-04-30,,,,,,,,,,,,,,,,,,,,,,,,,,,,,,,,,,,,,,,,,,,,,,,,,,,,,,,,,,,,,,,,,,,,,,,,,,,,,,,,,,,,,,,,,,,,,,,,
1998-05-29,,,,,,,,,,,,,,,,,,,,,,,,,,,,,,,,,,,,,,,,,,,,,,,,,,,,,,,,,,,,,,,,,,,,,,,,,,,,,,,,,,,,,,,,,,,,,,,,
1998-06-30,,,,,,,,,,,,,,,,,,,,,,,,,,,,,,,,,,,,,,,,,,,,,,,,,,,,,,,,,,,,,,,,,,,,,,,,,,,,,,,,,,,,,,,,,,,,,,,,
1998-07-31,,,,,,,,,,,,,,,,,,,,,,,,,,,,,,,,,,,,,,,,,,,,,,,,,,,,,,,,,,,,,,,,,,,,,,,,,,,,,,,,,,,,,,,,,,,,,,,,
1998-08-31,,,,,,,,,,,,,,,,,,,,,,,,,,,,,,,,,,,,,,,,,,,,,,,,,,,,,,,,,,,,,,,,,,,,,,,,,,,,,,,,,,,,,,,,,,,,,,,,
1998-09-30,,,,,,,,,,,,,,,,,,,,,,,,,,,,,,,,,,,,,,,,,,,,,,,,,,,,,,,,,,,,,,,,,,,,,,,,,,,,,,,,,,,,,,,,,,,,,,,,
1998-10-30,,,,,,,,,,,,,,,,,,,,,,,,,,,,,,,,,,,,,,,,,,,,,,,,,,,,,,,,,,,,,,,,,,,,,,,,,,,,,,,,,,,,,,,,,,,,,,,,
1998-11-30,,,,,,,,,,,,,,,,,,,,,,,,,,,,,,,,,,,,,,,,,,,,,,,,,,,,,,,,,,,,,,,,,,,,,,,,,,,,,,,,,,,,,,,,,,,,,,,,
1998-12-31,,,,,,,,,,,,,,,,,,,,,,,,,,,,,,,,,,,,,,,,,,,,,,,,,,,,,,,,,,,,,,,,,,,,,,,,,,,,,,,,,,,,,,,,,,,,,,,,
1999-01-29,,,,,,,,,,,,,,,,,,,,,,,,,,,,,,,,,,,,,,,,,,,,,,,,,,,,,,,,,,,,,,,,,,,,,,,,,,,,,,,,,,,,,,,,,,,,,,,,
1999-02-26,,,,,,,,,,,,,,,,,,,,,,,,,,,,,,,,,,,,,,,,,,,,,,,,,,,,,,,,,,,,,,,,,,,,,,,,,,,,,,,,,,,,,,,,,,,,,,,,
1999-03-31,,,,,,,,,,,,,,,,,,,,,,,,,,,,,,,,,,,,,,,,,,,,,,,,,,,,,,,,,,,,,,,,,,,,,,,,,,,,,,,,,,,,,,,,,,,,,,,,
1999-04-30,,,,,,,,,,,,,,,,,,,,,,,,,,,,,,,,,,,,,,,,,,,,,,,,,,,,,,,,,,,,,,,,,,,,,,,,,,,,,,,,,,,,,,,,,,,,,,,,
1999-05-28,,,,,,,,,,,,,,,,,,,,,,,,,,,,,,,,,,,,,,,,,,,,,,,,,,,,,,,,,,,,,,,,,,,,,,,,,,,,,,,,,,,,,,,,,,,,,,,,
1999-06-30,,,,,,,,,,,,,,,,,,,,,,,,,,,,,,,,,,,,,,,,,,,,,,,,,,,,,,,,,,,,,,,,,,,,,,,,,,,,,,,,,,,,,,,,,,,,,,,,
1999-07-30,,,,,,,,,,,,,,,,,,,,,,,,,,,,,,,,,,,,,,,,,,,,,,,,,,,,,,,,,,,,,,,,,,,,,,,,,,,,,,,,,,,,,,,,,,,,,,,,
1999-08-31,,,,,,,,,,,,,,,,,,,,,,,,,,,,,,,,,,,,,,,,,,,,,,,,,,,,,,,,,,,,,,,,,,,,,,,,,,,,,,,,,,,,,,,,,,,,,,,,
1999-09-30,,,,,,,,,,,,,,,,,,,,,,,,,,,,,,,,,,,,,,,,,,,,,,,,,,,,,,,,,,,,,,,,,,,,,,,,,,,,,,,,,,,,,,,,,,,,,,,,
1999-10-29,,,,,,,,,,,,,,,,,,,,,,,,,,,,,,,,,,,,,,,,,,,,,,,,,,,,,,,,,,,,,,,,,,,,,,,,,,,,,,,,,,,,,,,,,,,,,,,,
1999-11-30,,,,,,,,,,,,,,,,,,,,,,,,,,,,,,,,,,,,,,,,,,,,,,,,,,,,,,,,,,,,,,,,,,,,,,,,,,,,,,,,,,,,,,,,,,,,,,,,
1999-12-31,,,,,,,,,,,,,,,,,,,,,,,,,,,,,,,,,,,,,,,,,,,,,,,,,,,,,,,,,,,,,,,,,,,,,,,,,,,,,,,,,,,,,,,,,,,,,,,,
2000-01-31,,,,,,,,,,,,,,,,,,,,,,,,,,,,,,,,,,,,,,,,,,,,,,,,,,,,,,,,,,,,,,,,,,,,,,,,,,,,,,,,,,,,,,,,,,,,,,,,
2000-02-29,,,,,,,,,,,,,,,,,,,,,,,,,,,,,,,,,,,,,,,,,,,,,,,,,,,,,,,,,,,,,,,,,,,,,,,,,,,,,,,,,,,,,,,,,,,,,,,,
2000-03-31,,,,,,,,,,,,,,,,,,,,,,,,,,,,,,,,,,,,,,,,,,,,,,,,,,,,,,,,,,,,,,,,,,,,,,,,,,,,,,,,,,,,,,,,,,,,,,,,
2000-04-28,,,,,,,,,,,,,,,,,,,,,,,,,,,,,,,,,,,,,,,,,,,,,,,,,,,,,,,,,,,,,,,,,,,,,,,,,,,,,,,,,,,,,,,,,,,,,,,,
2000-05-31,,,,,,,,,,,,,,,,,,,,,,,,,,,,,,,,,,,,,,,,,,,,,,,,,,,,,,,,,,,,,,,,,,,,,,,,,,,,,,,,,,,,,,,,,,,,,,,,
2000-06-30,,,,,,,,,,,,,,,,,,,,,,,,,,,,,,,,,,,,,,,,,,,,,,,,,,,,,,,,,,,,,,,,,,,,,,,,,,,,,,,,,,,,,,,,,,,,,,,,
2000-07-31,,,,,,,,,,,,,,,,,,,,,,,,,,,,,,,,,,,,,,,,,,,,,,,,,,,,,,,,,,,,,,,,,,,,,,,,,,,,,,,,,,,,,,,,,,,,,,,,
2000-08-31,,,,,,,,,,,,,,,,,,,,,,,,,,,,,,,,,,,,,,,,,,,,,,,,,,,,,,,,,,,,,,,,,,,,,,,,,,,,,,,,,,,,,,,,,,,,,,,,
2000-09-29,,,,,,,,,,,,,,,,,,,,,,,,,,,,,,,,,,,,,,,,,,,,,,,,,,,,,,,,,,,,,,,,,,,,,,,,,,,,,,,,,,,,,,,,,,,,,,,,
2000-10-31,,,,,,,,,,,,,,,,,,,,,,,,,,,,,,,,,,,,,,,,,,,,,,,,,,,,,,,,,,,,,,,,,,,,,,,,,,,,,,,,,,,,,,,,,,,,,,,,
2000-11-30,,,,,,,,,,,,,,,,,,,,,,,,,,,,,,,,,,,,,,,,,,,,,,,,,,,,,,,,,,,,,,,,,,,,,,,,,,,,,,,,,,,,,,,,,,,,,,,,
2000-12-29,,,,,,,,,,,,,,,,,,,,,,,,,,,,,,,,,,,,,,,,,,,,,,,,,,,,,,,,,,,,,,,,,,,,,,,,,,,,,,,,,,,,,,,,,,,,,,,,
2001-01-31,,,,,,,,,,,,,,,,,,,,,,,,,,,,,,,,,,,,,,,,,,,,,,,,,,,,,,,,,,,,,,,,,,,,,,,,,,,,,,,,,,,,,,,,,,,,,,,,
2001-02-28,,,,,,,,,,,,,,,,,,,,,,,,,,,,,,,,,,,,,,,,,,,,,,,,,,,,,,,,,,,,,,,,,,,,,,,,,,,,,,,,,,,,,,,,,,,,,,,,
2001-03-30,,,,,,,,,,,,,,,,,,,,,,,,,,,,,,,,,,,,,,,,,,,,,,,,,,,,,,,,,,,,,,,,,,,,,,,,,,,,,,,,,,,,,,,,,,,,,,,,
2001-04-30,,,,,,,,,,,,,,,,,,,,,,,,,,,,,,,,,,,,,,,,,,,,,,,,,,,,,,,,,,,,,,,,,,,,,,,,,,,,,,,,,,,,,,,,,,,,,,,,
2001-05-31,,,,,,,,,,,,,,,,,,,,,,,,,,,,,,,,,,,,,,,,,,,,,,,,,,,,,,,,,,,,,,,,,,,,,,,,,,,,,,,,,,,,,,,,,,,,,,,,
2001-06-29,,,,,,,,,,,,,,,,,,,,,,,,,,,,,,,,,,,,,,,,,,,,,,,,,,,,,,,,,,,,,,,,,,,,,,,,,,,,,,,,,,,,,,,,,,,,,,,,
2001-07-31,,,,,,,,,,,,,,,,,,,,,,,,,,,,,,,,,,,,,,,,,,,,,,,,,,,,,,,,,,,,,,,,,,,,,,,,,,,,,,,,,,,,,,,,,,,,,,,,
2001-08-31,,,,,,,,,,,,,,,,,,,,,,,,,,,,,,,,,,,,,,,,,,,,,,,,,,,,,,,,,,,,,,,,,,,,,,,,,,,,,,,,,,,,,,,,,,,,,,,,
2001-09-28,,,,,,,,,,,,,,,,,,,,,,,,,,,,,,,,,,,,,,,,,,,,,,,,,,,,,,,,,,,,,,,,,,,,,,,,,,,,,,,,,,,,,,,,,,,,,,,,
2001-10-31,,,,,,,,,,,,,,,,,,,,,,,,,,,,,,,,,,,,,,,,,,,,,,,,,,,,,,,,,,,,,,,,,,,,,,,,,,,,,,,,,,,,,,,,,,,,,,,,
2001-11-30,,,,,,,,,,,,,,,,,,,,,,,,,,,,,,,,,,,,,,,,,,,,,,,,,,,,,,,,,,,,,,,,,,,,,,,,,,,,,,,,,,,,,,,,,,,,,,,,
2001-12-31,,,,,,,,,,,,,,,,,,,,,,,,,,,,,,,,,,,,,,,,,,,,,,,,,,,,,,,,,,,,,,,,,,,,,,,,,,,,,,,,,,,,,,,,,,,,,,,,
2002-01-31,,,,,,,,,,,,,,,,,,,,,,,,,,,,,,,,,,,,,,,,,,,,,,,,,,,,,,,,,,,,,,,,,,,,,,,,,,,,,,,,,,,,,,,,,,,,,,,,
2002-02-28,,,,,,,,,,,,,,,,,,,,,,,,,,,,,,,,,,,,,,,,,,,,,,,,,,,,,,,,,,,,,,,,,,,,,,,,,,,,,,,,,,,,,,,,,,,,,,,,
2002-03-28,,,,,,,,,,,,,,,,,,,,,,,,,,,,,,,,,,,,,,,,,,,,,,,,,,,,,,,,,,,,,,,,,,,,,,,,,,,,,,,,,,,,,,,,,,,,,,,,
2002-04-30,,,,,,,,,,,,,,,,,,,,,,,,,,,,,,,,,,,,,,,,,,,,,,,,,,,,,,,,,,,,,,,,,,,,,,,,,,,,,,,,,,,,,,,,,,,,,,,,
2002-05-31,,,,,,,,,,,,,,,,,,,,,,,,,,,,,,,,,,,,,,,,,,,,,,,,,,,,,,,,,,,,,,,,,,,,,,,,,,,,,,,,,,,,,,,,,,,,,,,,
2002-06-28,,,,,,,,,,,,,,,,,,,,,,,,,,,,,,,,,,,,,,,,,,,,,,,,,,,,,,,,,,,,,,,,,,,,,,,,,,,,,,,,,,,,,,,,,,,,,,,,
2002-07-31,,,,,,,,,,,,,,,,,,,,,,,,,,,,,,,,,,,,,,,,,,,,,,,,,,,,,,,,,,,,,,,,,,,,,,,,,,,,,,,,,,,,,,,,,,,,,,,,
2002-08-30,,,,,,,,,,,,,,,,,,,,,,,,,,,,,,,,,,,,,,,,,,,,,,,,,,,,,,,,,,,,,,,,,,,,,,,,,,,,,,,,,,,,,,,,,,,,,,,,
2002-09-30,,,,,,,,,,,,,,,,,,,,,,,,,,,,,,,,,,,,,,,,,,,,,,,,,,,,,,,,,,,,,,,,,,,,,,,,,,,,,,,,,,,,,,,,,,,,,,,,
2002-10-31,,,,,,,,,,,,,,,,,,,,,,,,,,,,,,,,,,,,,,,,,,,,,,,,,,,,,,,,,,,,,,,,,,,,,,,,,,,,,,,,,,,,,,,,,,,,,,,,
2002-11-29,,,,,,,,,,,,,,,,,,,,,,,,,,,,,,,,,,,,,,,,,,,,,,,,,,,,,,,,,,,,,,,,,,,,,,,,,,,,,,,,,,,,,,,,,,,,,,,,
2002-12-31,,,,,,,,,,,,,,,,,,,,,,,,,,,,,,,,,,,,,,,,,,,,,,,,,,,,,,,,,,,,,,,,,,,,,,,,,,,,,,,,,,,,,,,,,,,,,,,,
2003-01-31,,,,,,,,,,,,,,,,,,,,,,,,,,,,,,,,,,,,,,,,,,,,,,,,,,,,,,,,,,,,,,,,,,,,,,,,,,,,,,,,,,,,,,,,,,,,,,,,
2003-02-28,,,,,,,,,,,,,,,,,,,,,,,,,,,,,,,,,,,,,,,,,,,,,,,,,,,,,,,,,,,,,,,,,,,,,,,,,,,,,,,,,,,,,,,,,,,,,,,,
2003-03-31,,,,,,,,,,,,,,,,,,,,,,,,,,,,,,,,,,,,,,,,,,,,,,,,,,,,,,,,,,,,,,,,,,,,,,,,,,,,,,,,,,,,,,,,,,,,,,,,
2003-04-30,,,,,,,,,,,,,,,,,,,,,,,,,,,,,,,,,,,,,,,,,,,,,,,,,,,,,,,,,,,,,,,,,,,,,,,,,,,,,,,,,,,,,,,,,,,,,,,,
2003-05-30,,,,,,,,,,,,,,,,,,,,,,,,,,,,,,,,,,,,,,,,,,,,,,,,,,,,,,,,,,,,,,,,,,,,,,,,,,,,,,,,,,,,,,,,,,,,,,,,
2003-06-30,,,,,,,,,,,,,,,,,,,,,,,,,,,,,,,,,,,,,,,,,,,,,,,,,,,,,,,,,,,,,,,,,,,,,,,,,,,,,,,,,,,,,,,,,,,,,,,,
2003-07-31,,,,,,,,,,,,,,,,,,,,,,,,,,,,,,,,,,,,,,,,,,,,,,,,,,,,,,,,,,,,,,,,,,,,,,,,,,,,,,,,,,,,,,,,,,,,,,,,
2003-08-29,,,,,,,,,,,,,,,,,,,,,,,,,,,,,,,,,,,,,,,,,,,,,,,,,,,,,,,,,,,,,,,,,,,,,,,,,,,,,,,,,,,,,,,,,,,,,,,,
2003-09-30,,,,,,,,,,,,,,,,,,,,,,,,,,,,,,,,,,,,,,,,,,,,,,,,,,,,,,,,,,,,,,,,,,,,,,,,,,,,,,,,,,,,,,,,,,,,,,,,
2003-10-31,,,,,,,,,,,,,,,,,,,,,,,,,,,,,,,,,,,,,,,,,,,,,,,,,,,,,,,,,,,,,,,,,,,,,,,,,,,,,,,,,,,,,,,,,,,,,,,,
2003-11-28,,,,,,,,,,,,,,,,,,,,,,,,,,,,,,,,,,,,,,,,,,,,,,,,,,,,,,,,,,,,,,,,,,,,,,,,,,,,,,,,,,,,,,,,,,,,,,,,
2003-12-31,,,,,,,,,,,,,,,,,,,,,,,,,,,,,,,,,,,,,,,,,,,,,,,,,,,,,,,,,,,,,,,,,,,,,,,,,,,,,,,,,,,,,,,,,,,,,,,,
2004-01-30,,,,,,,,,,,,,,,,,,,,,,,,,,,,,,,,,,,,,,,,,,,,,,,,,,,,,,,,,,,,,,,,,,,,,,,,,,,,,,,,,,,,,,,,,,,,,,,,
2004-02-27,,,,,,,,,,,,,,,,,,,,,,,,,,,,,,,,,,,,,,,,,,,,,,,,,,,,,,,,,,,,,,,,,,,,,,,,,,,,,,,,,,,,,,,,,,,,,,,,
2004-03-31,,,,,,,,,,,,,,,,,,,,,,,,,,,,,,,,,,,,,,,,,,,,,,,,,,,,,,,,,,,,,,,,,,,,,,,,,,,,,,,,,,,,,,,,,,,,,,,,
2004-04-30,,,,,,,,,,,,,,,,,,,,,,,,,,,,,,,,,,,,,,,,,,,,,,,,,,,,,,,,,,,,,,,,,,,,,,,,,,,,,,,,,,,,,,,,,,,,,,,,
2004-05-28,,,,,,,,,,,,,,,,,,,,,,,,,,,,,,,,,,,,,,,,,,,,,,,,,,,,,,,,,,,,,,,,,,,,,,,,,,,,,,,,,,,,,,,,,,,,,,,,
2004-06-30,,,,,,,,,,,,,,,,,,,,,,,,,,,,,,,,,,,,,,,,,,,,,,,,,,,,,,,,,,,,,,,,,,,,,,,,,,,,,,,,,,,,,,,,,,,,,,,,
2004-07-30,,,,,,,,,,,,,,,,,,,,,,,,,,,,,,,,,,,,,,,,,,,,,,,,,,,,,,,,,,,,,,,,,,,,,,,,,,,,,,,,,,,,,,,,,,,,,,,,
2004-08-31,,,,,,,,,,,,,,,,,,,,,,,,,,,,,,,,,,,,,,,,,,,,,,,,,,,,,,,,,,,,,,,,,,,,,,,,,,,,,,,,,,,,,,,,,,,,,,,,
2004-09-30,,,,,,,,,,,,,,,,,,,,,,,,,,,,,,,,,,,,,,,,,,,,,,,,,,,,,,,,,,,,,,,,,,,,,,,,,,,,,,,,,,,,,,,,,,,,,,,,
2004-10-29,,,,,,,,,,,,,,,,,,,,,,,,,,,,,,,,,,,,,,,,,,,,,,,,,,,,,,,,,,,,,,,,,,,,,,,,,,,,,,,,,,,,,,,,,,,,,,,,
2004-11-30,,,,,,,,,,,,,,,,,,,,,,,,,,,,,,,,,,,,,,,,,,,,,,,,,,,,,,,,,,,,,,,,,,,,,,,,,,,,,,,,,,,,,,,,,,,,,,,,
2004-12-31,,,,,,,,,,,,,,,,,,,,,,,,,,,,,,,,,,,,,,,,,,,,,,,,,,,,,,,,,,,,,,,,,,,,,,,,,,,,,,,,,,,,,,,,,,,,,,,,
2005-01-31,,,,,,,,,,,,,,,,,,,,,,,,,,,,,,,,,,,,,,,,,,,,,,,,,,,,,,,,,,,,,,,,,,,,,,,,,,,,,,,,,,,,,,,,,,,,,,,,
2005-02-28,,,,,,,,,,,,,,,,,,,,,,,,,,,,,,,,,,,,,,,,,,,,,,,,,,,,,,,,,,,,,,,,,,,,,,,,,,,,,,,,,,,,,,,,,,,,,,,,
2005-03-31,,,,,,,,,,,,,,,,,,,,,,,,,,,,,,,,,,,,,,,,,,,,,,,,,,,,,,,,,,,,,,,,,,,,,,,,,,,,,,,,,,,,,,,,,,,,,,,,
2005-04-29,,,,,,,,,,,,,,,,,,,,,,,,,,,,,,,,,,,,,,,,,,,,,,,,,,,,,,,,,,,,,,,,,,,,,,,,,,,,,,,,,,,,,,,,,,,,,,,,
2005-05-31,,,,,,,,,,,,,,,,,,,,,,,,,,,,,,,,,,,,,,,,,,,,,,,,,,,,,,,,,,,,,,,,,,,,,,,,,,,,,,,,,,,,,,,,,,,,,,,,
2005-06-30,,,,,,,,,,,,,,,,,,,,,,,,,,,,,,,,,,,,,,,,,,,,,,,,,,,,,,,,,,,,,,,,,,,,,,,,,,,,,,,,,,,,,,,,,,,,,,,,
2005-07-29,,,,,,,,,,,,,,,,,,,,,,,,,,,,,,,,,,,,,,,,,,,,,,,,,,,,,,,,,,,,,,,,,,,,,,,,,,,,,,,,,,,,,,,,,,,,,,,,
2005-08-31,,,,,,,,,,,,,,,,,,,,,,,,,,,,,,,,,,,,,,,,,,,,,,,,,,,,,,,,,,,,,,,,,,,,,,,,,,,,,,,,,,,,,,,,,,,,,,,,
2005-09-30,,,,,,,,,,,,,,,,,,,,,,,,,,,,,,,,,,,,,,,,,,,,,,,,,,,,,,,,,,,,,,,,,,,,,,,,,,,,,,,,,,,,,,,,,,,,,,,,
2005-10-31,,,,,,,,,,,,,,,,,,,,,,,,,,,,,,,,,,,,,,,,,,,,,,,,,,,,,,,,,,,,,,,,,,,,,,,,,,,,,,,,,,,,,,,,,,,,,,,,
2005-11-30,,,,,,,,,,,,,,,,,,,,,,,,,,,,,,,,,,,,,,,,,,,,,,,,,,,,,,,,,,,,,,,,,,,,,,,,,,,,,,,,,,,,,,,,,,,,,,,,
2005-12-30,,,,,,,,,,,,,,,,,,,,,,,,,,,,,,,,,,,,,,,,,,,,,,,,,,,,,,,,,,,,,,,,,,,,,,,,,,,,,,,,,,,,,,,,,,,,,,,,
2006-01-31,,,,,,,,,,,,,,,,,,,,,,,,,,,,,,,,,,,,,,,,,,,,,,,,,,,,,,,,,,,,,,,,,,,,,,,,,,,,,,,,,,,,,,,,,,,,,,,,
2006-02-28,,,,,,,,,,,,,,,,,,,,,,,,,,,,,,,,,,,,,,,,,,,,,,,,,,,,,,,,,,,,,,,,,,,,,,,,,,,,,,,,,,,,,,,,,,,,,,,,
2006-03-31,,,,,,,,,,,,,,,,,,,,,,,,,,,,,,,,,,,,,,,,,,,,,,,,,,,,,,,,,,,,,,,,,,,,,,,,,,,,,,,,,,,,,,,,,,,,,,,,
2006-04-28,,,,,,,,,,,,,,,,,,,,,,,,,,,,,,,,,,,,,,,,,,,,,,,,,,,,,,,,,,,,,,,,,,,,,,,,,,,,,,,,,,,,,,,,,,,,,,,,
2006-05-31,,,,,,,,,,,,,,,,,,,,,,,,,,,,,,,,,,,,,,,,,,,,,,,,,,,,,,,,,,,,,,,,,,,,,,,,,,,,,,,,,,,,,,,,,,,,,,,,
2006-06-30,,,,,,,,,,,,,,,,,,,,,,,,,,,,,,,,,,,,,,,,,,,,,,,,,,,,,,,,,,,,,,,,,,,,,,,,,,,,,,,,,,,,,,,,,,,,,,,,
2006-07-31,,,,,,,,,,,,,,,,,,,,,,,,,,,,,,,,,,,,,,,,,,,,,,,,,,,,,,,,,,,,,,,,,,,,,,,,,,,,,,,,,,,,,,,,,,,,,,,,
2006-08-31,,,,,,,,,,,,,,,,,,,,,,,,,,,,,,,,,,,,,,,,,,,,,,,,,,,,,,,,,,,,,,,,,,,,,,,,,,,,,,,,,,,,,,,,,,,,,,,,
2006-09-29,,,,,,,,,,,,,,,,,,,,,,,,,,,,,,,,,,,,,,,,,,,,,,,,,,,,,,,,,,,,,,,,,,,,,,,,,,,,,,,,,,,,,,,,,,,,,,,,
2006-10-31,,,,,,,,,,,,,,,,,,,,,,,,,,,,,,,,,,,,,,,,,,,,,,,,,,,,,,,,,,,,,,,,,,,,,,,,,,,,,,,,,,,,,,,,,,,,,,,,
2006-11-30,,,,,,,,,,,,,,,,,,,,,,,,,,,,,,,,,,,,,,,,,,,,,,,,,,,,,,,,,,,,,,,,,,,,,,,,,,,,,,,,,,,,,,,,,,,,,,,,
2006-12-29,,,,,,,,,,,,,,,,,,,,,,,,,,,,,,,,,,,,,,,,,,,,,,,,,,,,,,,,,,,,,,,,,,,,,,,,,,,,,,,,,,,,,,,,,,,,,,,,
2007-01-31,,,,,,,,,,,,,,,,,,,,,,,,,,,,,,,,,,,,,,,,,,,,,,,,,,,,,,,,,,,,,,,,,,,,,,,,,,,,,,,,,,,,,,,,,,,,,,,,
2007-02-28,,,,,,,,,,,,,,,,,,,,,,,,,,,,,,,,,,,,,,,,,,,,,,,,,,,,,,,,,,,,,,,,,,,,,,,,,,,,,,,,,,,,,,,,,,,,,,,,
2007-03-30,,,,,,,,,,,,,,,,,,,,,,,,,,,,,,,,,,,,,,,,,,,,,,,,,,,,,,,,,,,,,,,,,,,,,,,,,,,,,,,,,,,,,,,,,,,,,,,,
2007-04-30,,,,,,,,,,,,,,,,,,,,,,,,,,,,,,,,,,,,,,,,,,,,,,,,,,,,,,,,,,,,,,,,,,,,,,,,,,,,,,,,,,,,,,,,,,,,,,,,
2007-05-31,,,,,,,,,,,,,,,,,,,,,,,,,,,,,,,,,,,,,,,,,,,,,,,,,,,,,,,,,,,,,,,,,,,,,,,,,,,,,,,,,,,,,,,,,,,,,,,,
2007-06-29,,,,,,,,,,,,,,,,,,,,,,,,,,,,,,,,,,,,,,,,,,,,,,,,,,,,,,,,,,,,,,,,,,,,,,,,,,,,,,,,,,,,,,,,,,,,,,,,
2007-07-31,,,,,,,,,,,,,,,,,,,,,,,,,,,,,,,,,,,,,,,,,,,,,,,,,,,,,,,,,,,,,,,,,,,,,,,,,,,,,,,,,,,,,,,,,,,,,,,,
2007-08-31,,,,,,,,,,,,,,,,,,,,,,,,,,,,,,,,,,,,,,,,,,,,,,,,,,,,,,,,,,,,,,,,,,,,,,,,,,,,,,,,,,,,,,,,,,,,,,,,
2007-09-28,,,,,,,,,,,,,,,,,,,,,,,,,,,,,,,,,,,,,,,,,,,,,,,,,,,,,,,,,,,,,,,,,,,,,,,,,,,,,,,,,,,,,,,,,,,,,,,,
2007-10-31,,,,,,,,,,,,,,,,,,,,,,,,,,,,,,,,,,,,,,,,,,,,,,,,,,,,,,,,,,,,,,,,,,,,,,,,,,,,,,,,,,,,,,,,,,,,,,,,
2007-11-30,,,,,,,,,,,,,,,,,,,,,,,,,,,,,,,,,,,,,,,,,,,,,,,,,,,,,,,,,,,,,,,,,,,,,,,,,,,,,,,,,,,,,,,,,,,,,,,,
2007-12-31,,,,,,,,,,,,,,,,,,,,,,,,,,,,,,,,,,,,,,,,,,,,,,,,,,,,,,,,,,,,,,,,,,,,,,,,,,,,,,,,,,,,,,,,,,,,,,,,
2008-01-31,,,,,,,,,,,,,,,,,,,,,,,,,,,,,,,,,,,,,,,,,,,,,,,,,,,,,,,,,,,,,,,,,,,,,,,,,,,,,,,,,,,,,,,,,,,,,,,,
2008-02-29,,,,,,,,,,,,,,,,,,,,,,,,,,,,,,,,,,,,,,,,,,,,,,,,,,,,,,,,,,,,,,,,,,,,,,,,,,,,,,,,,,,,,,,,,,,,,,,,
2008-03-31,,,,,,,,,,,,,,,,,,,,,,,,,,,,,,,,,,,,,,,,,,,,,,,,,,,,,,,,,,,,,,,,,,,,,,,,,,,,,,,,,,,,,,,,,,,,,,,,
2008-04-30,,,,,,,,,,,,,,,,,,,,,,,,,,,,,,,,,,,,,,,,,,,,,,,,,,,,,,,,,,,,,,,,,,,,,,,,,,,,,,,,,,,,,,,,,,,,,,,,
2008-05-30,,,,,,,,,,,,,,,,,,,,,,,,,,,,,,,,,,,,,,,,,,,,,,,,,,,,,,,,,,,,,,,,,,,,,,,,,,,,,,,,,,,,,,,,,,,,,,,,
2008-06-30,,,,,,,,,,,,,,,,,,,,,,,,,,,,,,,,,,,,,,,,,,,,,,,,,,,,,,,,,,,,,,,,,,,,,,,,,,,,,,,,,,,,,,,,,,,,,,,,
2008-07-31,,,,,,,,,,,,,,,,,,,,,,,,,,,,,,,,,,,,,,,,,,,,,,,,,,,,,,,,,,,,,,,,,,,,,,,,,,,,,,,,,,,,,,,,,,,,,,,,
2008-08-29,,,,,,,,,,,,,,,,,,,,,,,,,,,,,,,,,,,,,,,,,,,,,,,,,,,,,,,,,,,,,,,,,,,,,,,,,,,,,,,,,,,,,,,,,,,,,,,,
2008-09-30,,,,,,,,,,,,,,,,,,,,,,,,,,,,,,,,,,,,,,,,,,,,,,,,,,,,,,,,,,,,,,,,,,,,,,,,,,,,,,,,,,,,,,,,,,,,,,,,
2008-10-31,,,,,,,,,,,,,,,,,,,,,,,,,,,,,,,,,,,,,,,,,,,,,,,,,,,,,,,,,,,,,,,,,,,,,,,,,,,,,,,,,,,,,,,,,,,,,,,,
2008-11-28,,,,,,,,,,,,,,,,,,,,,,,,,,,,,,,,,,,,,,,,,,,,,,,,,,,,,,,,,,,,,,,,,,,,,,,,,,,,,,,,,,,,,,,,,,,,,,,,
2008-12-31,,,,,,,,,,,,,,,,,,,,,,,,,,,,,,,,,,,,,,,,,,,,,,,,,,,,,,,,,,,,,,,,,,,,,,,,,,,,,,,,,,,,,,,,,,,,,,,,
2009-01-30,,,,,,,,,,,,,,,,,,,,,,,,,,,,,,,,,,,,,,,,,,,,,,,,,,,,,,,,,,,,,,,,,,,,,,,,,,,,,,,,,,,,,,,,,,,,,,,,
2009-02-27,,,,,,,,,,,,,,,,,,,,,,,,,,,,,,,,,,,,,,,,,,,,,,,,,,,,,,,,,,,,,,,,,,,,,,,,,,,,,,,,,,,,,,,,,,,,,,,,
2009-03-31,,,,,,,,,,,,,,,,,,,,,,,,,,,,,,,,,,,,,,,,,,,,,,,,,,,,,,,,,,,,,,,,,,,,,,,,,,,,,,,,,,,,,,,,,,,,,,,,
2009-04-30,,,,,,,,,,,,,,,,,,,,,,,,,,,,,,,,,,,,,,,,,,,,,,,,,,,,,,,,,,,,,,,,,,,,,,,,,,,,,,,,,,,,,,,,,,,,,,,,
2009-05-29,,,,,,,,,,,,,,,,,,,,,,,,,,,,,,,,,,,,,,,,,,,,,,,,,,,,,,,,,,,,,,,,,,,,,,,,,,,,,,,,,,,,,,,,,,,,,,,,
2009-06-30,,,,,,,,,,,,,,,,,,,,,,,,,,,,,,,,,,,,,,,,,,,,,,,,,,,,,,,,,,,,,,,,,,,,,,,,,,,,,,,,,,,,,,,,,,,,,,,,
2009-07-31,,,,,,,,,,,,,,,,,,,,,,,,,,,,,,,,,,,,,,,,,,,,,,,,,,,,,,,,,,,,,,,,,,,,,,,,,,,,,,,,,,,,,,,,,,,,,,,,
2009-08-31,,,,,,,,,,,,,,,,,,,,,,,,,,,,,,,,,,,,,,,,,,,,,,,,,,,,,,,,,,,,,,,,,,,,,,,,,,,,,,,,,,,,,,,,,,,,,,,,
2009-09-30,,,,,,,,,,,,,,,,,,,,,,,,,,,,,,,,,,,,,,,,,,,,,,,,,,,,,,,,,,,,,,,,,,,,,,,,,,,,,,,,,,,,,,,,,,,,,,,,
2009-10-30,,,,,,,,,,,,,,,,,,,,,,,,,,,,,,,,,,,,,,,,,,,,,,,,,,,,,,,,,,,,,,,,,,,,,,,,,,,,,,,,,,,,,,,,,,,,,,,,
2009-11-30,,,,,,,,,,,,,,,,,,,,,,,,,,,,,,,,,,,,,,,,,,,,,,,,,,,,,,,,,,,,,,,,,,,,,,,,,,,,,,,,,,,,,,,,,,,,,,,,
2009-12-31,,,,,,,,,,,,,,,,,,,,,,,,,,,,,,,,,,,,,,,,,,,,,,,,,,,,,,,,,,,,,,,,,,,,,,,,,,,,,,,,,,,,,,,,,,,,,,,,
2010-01-29,,,,,,,,,,,,,,,,,,,,,,,,,,,,,,,,,,,,,,,,,,,,,,,,,,,,,,,,,,,,,,,,,,,,,,,,,,,,,,,,,,,,,,,,,,,,,,,,
2010-02-26,,,,,,,,,,,,,,,,,,,,,,,,,,,,,,,,,,,,,,,,,,,,,,,,,,,,,,,,,,,,,,,,,,,,,,,,,,,,,,,,,,,,,,,,,,,,,,,,
2010-03-31,,,,,,,,,,,,,,,,,,,,,,,,,,,,,,,,,,,,,,,,,,,,,,,,,,,,,,,,,,,,,,,,,,,,,,,,,,,,,,,,,,,,,,,,,,,,,,,,
2010-04-30,,,,,,,,,,,,,,,,,,,,,,,,,,,,,,,,,,,,,,,,,,,,,,,,,,,,,,,,,,,,,,,,,,,,,,,,,,,,,,,,,,,,,,,,,,,,,,,,
2010-05-28,,,,,,,,,,,,,,,,,,,,,,,,,,,,,,,,,,,,,,,,,,,,,,,,,,,,,,,,,,,,,,,,,,,,,,,,,,,,,,,,,,,,,,,,,,,,,,,,
2010-06-30,,,,,,,,,,,,,,,,,,,,,,,,,,,,,,,,,,,,,,,,,,,,,,,,,,,,,,,,,,,,,,,,,,,,,,,,,,,,,,,,,,,,,,,,,,,,,,,,
2010-07-30,,,,,,,,,,,,,,,,,,,,,,,,,,,,,,,,,,,,,,,,,,,,,,,,,,,,,,,,,,,,,,,,,,,,,,,,,,,,,,,,,,,,,,,,,,,,,,,,
2010-08-31,,,,,,,,,,,,,,,,,,,,,,,,,,,,,,,,,,,,,,,,,,,,,,,,,,,,,,,,,,,,,,,,,,,,,,,,,,,,,,,,,,,,,,,,,,,,,,,,
2010-09-30,,,,,,,,,,,,,,,,,,,,,,,,,,,,,,,,,,,,,,,,,,,,,,,,,,,,,,,,,,,,,,,,,,,,,,,,,,,,,,,,,,,,,,,,,,,,,,,,
2010-10-29,,,,,,,,,,,,,,,,,,,,,,,,,,,,,,,,,,,,,,,,,,,,,,,,,,,,,,,,,,,,,,,,,,,,,,,,,,,,,,,,,,,,,,,,,,,,,,,,
2010-11-30,,,,,,,,,,,,,,,,,,,,,,,,,,,,,,,,,,,,,,,,,,,,,,,,,,,,,,,,,,,,,,,,,,,,,,,,,,,,,,,,,,,,,,,,,,,,,,,,
2010-12-31,,,,,,,,,,,,,,,,,,,,,,,,,,,,,,,,,,,,,,,,,,,,,,,,,,,,,,,,,,,,,,,,,,,,,,,,,,,,,,,,,,,,,,,,,,,,,,,,
2011-01-31,,,,,,,,,,,,,,,,,,,,,,,,,,,,,,,,,,,,,,,,,,,,,,,,,,,,,,,,,,,,,,,,,,,,,,,,,,,,,,,,,,,,,,,,,,,,,,,,
2011-02-28,,,,,,,,,,,,,,,,,,,,,,,,,,,,,,,,,,,,,,,,,,,,,,,,,,,,,,,,,,,,,,,,,,,,,,,,,,,,,,,,,,,,,,,,,,,,,,,,
2011-03-31,,,,,,,,,,,,,,,,,,,,,,,,,,,,,,,,,,,,,,,,,,,,,,,,,,,,,,,,,,,,,,,,,,,,,,,,,,,,,,,,,,,,,,,,,,,,,,,,
2011-04-29,,,,,,,,,,,,,,,,,,,,,,,,,,,,,,,,,,,,,,,,,,,,,,,,,,,,,,,,,,,,,,,,,,,,,,,,,,,,,,,,,,,,,,,,,,,,,,,,
2011-05-31,,,,,,,,,,,,,,,,,,,,,,,,,,,,,,,,,,,,,,,,,,,,,,,,,,,,,,,,,,,,,,,,,,,,,,,,,,,,,,,,,,,,,,,,,,,,,,,,
2011-06-30,,,,,,,,,,,,,,,,,,,,,,,,,,,,,,,,,,,,,,,,,,,,,,,,,,,,,,,,,,,,,,,,,,,,,,,,,,,,,,,,,,,,,,,,,,,,,,,,
2011-07-29,,,,,,,,,,,,,,,,,,,,,,,,,,,,,,,,,,,,,,,,,,,,,,,,,,,,,,,,,,,,,,,,,,,,,,,,,,,,,,,,,,,,,,,,,,,,,,,,
2011-08-31,,,,,,,,,,,,,,,,,,,,,,,,,,,,,,,,,,,,,,,,,,,,,,,,,,,,,,,,,,,,,,,,,,,,,,,,,,,,,,,,,,,,,,,,,,,,,,,,
2011-09-30,,,,,,,,,,,,,,,,,,,,,,,,,,,,,,,,,,,,,,,,,,,,,,,,,,,,,,,,,,,,,,,,,,,,,,,,,,,,,,,,,,,,,,,,,,,,,,,,
2011-10-31,,,,,,,,,,,,,,,,,,,,,,,,,,,,,,,,,,,,,,,,,,,,,,,,,,,,,,,,,,,,,,,,,,,,,,,,,,,,,,,,,,,,,,,,,,,,,,,,
2011-11-30,,,,,,,,,,,,,,,,,,,,,,,,,,,,,,,,,,,,,,,,,,,,,,,,,,,,,,,,,,,,,,,,,,,,,,,,,,,,,,,,,,,,,,,,,,,,,,,,
2011-12-30,,,,,,,,,,,,,,,,,,,,,,,,,,,,,,,,,,,,,,,,,,,,,,,,,,,,,,,,,,,,,,,,,,,,,,,,,,,,,,,,,,,,,,,,,,,,,,,,
2012-01-31,,,,,,,,,,,,,,,,,,,,,,,,,,,,,,,,,,,,,,,,,,,,,,,,,,,,,,,,,,,,,,,,,,,,,,,,,,,,,,,,,,,,,,,,,,,,,,,,
2012-02-29,,,,,,,,,,,,,,,,,,,,,,,,,,,,,,,,,,,,,,,,,,,,,,,,,,,,,,,,,,,,,,,,,,,,,,,,,,,,,,,,,,,,,,,,,,,,,,,,
2012-03-30,,,,,,,,,,,,,,,,,,,,,,,,,,,,,,,,,,,,,,,,,,,,,,,,,,,,,,,,,,,,,,,,,,,,,,,,,,,,,,,,,,,,,,,,,,,,,,,,
2012-04-30,,,,,,,,,,,,,,,,,,,,,,,,,,,,,,,,,,,,,,,,,,,,,,,,,,,,,,,,,,,,,,,,,,,,,,,,,,,,,,,,,,,,,,,,,,,,,,,,
2012-05-31,,,,,,,,,,,,,,,,,,,,,,,,,,,,,,,,,,,,,,,,,,,,,,,,,,,,,,,,,,,,,,,,,,,,,,,,,,,,,,,,,,,,,,,,,,,,,,,,
2012-06-29,,,,,,,,,,,,,,,,,,,,,,,,,,,,,,,,,,,,,,,,,,,,,,,,,,,,,,,,,,,,,,,,,,,,,,,,,,,,,,,,,,,,,,,,,,,,,,,,
2012-07-31,,,,,,,,,,,,,,,,,,,,,,,,,,,,,,,,,,,,,,,,,,,,,,,,,,,,,,,,,,,,,,,,,,,,,,,,,,,,,,,,,,,,,,,,,,,,,,,,
2012-08-31,,,,,,,,,,,,,,,,,,,,,,,,,,,,,,,,,,,,,,,,,,,,,,,,,,,,,,,,,,,,,,,,,,,,,,,,,,,,,,,,,,,,,,,,,,,,,,,,
2012-09-28,,,,,,,,,,,,,,,,,,,,,,,,,,,,,,,,,,,,,,,,,,,,,,,,,,,,,,,,,,,,,,,,,,,,,,,,,,,,,,,,,,,,,,,,,,,,,,,,
2012-10-31,,,,,,,,,,,,,,,,,,,,,,,,,,,,,,,,,,,,,,,,,,,,,,,,,,,,,,,,,,,,,,,,,,,,,,,,,,,,,,,,,,,,,,,,,,,,,,,,
2012-11-30,,,,,,,,,,,,,,,,,,,,,,,,,,,,,,,,,,,,,,,,,,,,,,,,,,,,,,,,,,,,,,,,,,,,,,,,,,,,,,,,,,,,,,,,,,,,,,,,
2012-12-31,,,,,,,,,,,,,,,,,,,,,,,,,,,,,,,,,,,,,,,,,,,,,,,,,,,,,,,,,,,,,,,,,,,,,,,,,,,,,,,,,,,,,,,,,,,,,,,,
2013-01-31,,,,,,,,,,,,,,,,,,,,,,,,,,,,,,,,,,,,,,,,,,,,,,,,,,,,,,,,,,,,,,,,,,,,,,,,,,,,,,,,,,,,,,,,,,,,,,,,
2013-02-28,,,,,,,,,,,,,,,,,,,,,,,,,,,,,,,,,,,,,,,,,,,,,,,,,,,,,,,,,,,,,,,,,,,,,,,,,,,,,,,,,,,,,,,,,,,,,,,,
2013-03-28,,,,,,,,,,,,,,,,,,,,,,,,,,,,,,,,,,,,,,,,,,,,,,,,,,,,,,,,,,,,,,,,,,,,,,,,,,,,,,,,,,,,,,,,,,,,,,,,
2013-04-30,,,,,,,,,,,,,,,,,,,,,,,,,,,,,,,,,,,,,,,,,,,,,,,,,,,,,,,,,,,,,,,,,,,,,,,,,,,,,,,,,,,,,,,,,,,,,,,,
2013-05-31,,,,,,,,,,,,,,,,,,,,,,,,,,,,,,,,,,,,,,,,,,,,,,,,,,,,,,,,,,,,,,,,,,,,,,,,,,,,,,,,,,,,,,,,,,,,,,,,
2013-06-28,,,,,,,,,,,,,,,,,,,,,,,,,,,,,,,,,,,,,,,,,,,,,,,,,,,,,,,,,,,,,,,,,,,,,,,,,,,,,,,,,,,,,,,,,,,,,,,,
2013-07-31,,,,,,,,,,,,,,,,,,,,,,,,,,,,,,,,,,,,,,,,,,,,,,,,,,,,,,,,,,,,,,,,,,,,,,,,,,,,,,,,,,,,,,,,,,,,,,,,
2013-08-30,,,,,,,,,,,,,,,,,,,,,,,,,,,,,,,,,,,,,,,,,,,,,,,,,,,,,,,,,,,,,,,,,,,,,,,,,,,,,,,,,,,,,,,,,,,,,,,,
2013-09-30,,,,,,,,,,,,,,,,,,,,,,,,,,,,,,,,,,,,,,,,,,,,,,,,,,,,,,,,,,,,,,,,,,,,,,,,,,,,,,,,,,,,,,,,,,,,,,,,
2013-10-31,,,,,,,,,,,,,,,,,,,,,,,,,,,,,,,,,,,,,,,,,,,,,,,,,,,,,,,,,,,,,,,,,,,,,,,,,,,,,,,,,,,,,,,,,,,,,,,,
2013-11-29,,,,,,,,,,,,,,,,,,,,,,,,,,,,,,,,,,,,,,,,,,,,,,,,,,,,,,,,,,,,,,,,,,,,,,,,,,,,,,,,,,,,,,,,,,,,,,,,
2013-12-31,,,,,,,,,,,,,,,,,,,,,,,,,,,,,,,,,,,,,,,,,,,,,,,,,,,,,,,,,,,,,,,,,,,,,,,,,,,,,,,,,,,,,,,,,,,,,,,,
2014-01-31,,,,,,,,,,,,,,,,,,,,,,,,,,,,,,,,,,,,,,,,,,,,,,,,,,,,,,,,,,,,,,,,,,,,,,,,,,,,,,,,,,,,,,,,,,,,,,,,
2014-02-28,,,,,,,,,,,,,,,,,,,,,,,,,,,,,,,,,,,,,,,,,,,,,,,,,,,,,,,,,,,,,,,,,,,,,,,,,,,,,,,,,,,,,,,,,,,,,,,,
2014-03-31,,,,,,,,,,,,,,,,,,,,,,,,,,,,,,,,,,,,,,,,,,,,,,,,,,,,,,,,,,,,,,,,,,,,,,,,,,,,,,,,,,,,,,,,,,,,,,,,27.54259723
2014-04-30,,,,,,,,,,,,,,,,,,,,,,,,,,,,,,,,,,,,,,,,,,,,,,,,,,,,,,,,,,,,,,,,,,,,,,,,,,,,,,,,,,,,,,,,,,,,,,,,26.04701788
2014-05-30,177614495.96,,,,,,0.0484663232,,,,,,,,,,,,,,,,,,,,,,,,,,,,,,,,,,,,,,,,,,,,,,,,,,,,,,,,,,,,,,,,,,,,,,,,,,,,,,,,,0.0286880632,9.565095e-12,0.0374691971,0.0234643241,0.4171432627,4.3404210489,1.1573891e-08,73.0,27.74438175
2014-06-30,188821227.77,,,,18.498913262,,0.0701640795,0.0630958155,,,,,,,,,,,,,,,,,,,,,,,,,,,,,,,,,,,,,,,,,,,,,,,,,,,,,,,,,,,,,,,,,,,,,,,,,,,,,,,,0.0172789029,1.133699e-11,0.023973221,0.0125892074,0.2532124887999999,1.4136723371000002,1.9216994e-08,73.0,28.45161669
2014-07-31,193197442.8,,,,18.286498654000003,,0.0996570534,0.0274875685999999,,,,,2.9144190493,,,,,,,,,,,,,,,,,,,,,,,,,,,,,,,,,,,,,,,,,,,,,,,,,,,,,,,,,,,,,,,,,,,,,,,,,,,0.0157358438999999,8.716791e-12,0.0248486232,0.0109829763999999,0.3024450542,2.0958742346,1.849025e-08,73.0,28.26961497
2014-08-29,193320827.74,,,,18.364450253,,0.1252111429,-0.006396978,,,,,1.075412712,,,,,,,,,,,,,,,,,,,,,,,,,,,,,,,,,,,,,,,,,,,,,,,,,,,,,,,,,,,,,,,,,,,,,,,,,,,0.0143980578,9.611069e-12,0.0372128002,0.0132855106,0.4017532637,2.2195426323,1.9400700000000003e-08,73.0,28.26961497
2014-09-30,193320827.74,,,,18.433618434,,0.1281316382,0.0,,,,,0.9843542147,,,,,,,,,,,,,,,,,,,,,,,,,,,,,,,,,,,,,,,,,,,,,,,,,,,,,,,,,,,,,,,,,,,,,,,,,,,0.0126882477,8.789064e-12,0.0214135535,0.0090540963,0.2233490112,0.8653377016,2.5493280000000002e-08,73.0,28.55448723
2014-10-31,195887850.55,,,,18.328580366,,0.1187362676,0.0100769941,0.1284087396,,,,0.9397957009,,,,,,,,,,,,,,,,,,,,,,,,,,,,,,,,,,,,,,,,,,,,,,,,,,,,,,,,,,,,,,,,,,,,,,,,,,,0.0125687412,8.781513e-12,0.0119526032,0.0099008759,0.2573660512,1.5761781166,2.1052848e-08,73.0,27.65041347
2014-11-28,189717653.92,,,,18.382837925,,0.0672196429,-0.031661302,0.0962670678999999,,,,1.1124696346,,,,,,,,,,,,,,,,,,,,,,,,,,,,,,,,,,,,,,,,,,,,,,,,,,,,,,,,,,,,,,,,,,,,,,,,,,,0.0209793014,1.087346e-11,0.0211558975,0.0157657672,0.3965432697,3.0703422417,1.2379107e-08,73.0,26.79728041
2014-12-31,183864056.17,,,,18.770000437,,0.0841161147,-0.030854261,-0.001446709,,,,1.1170117029,,,,,,,,,,,,,,,,,,,,,,,,,,,,,,,,,,,,,,,,,,,,,,,,,,,,,,,,,,,,,,,,,,,,,,,,,,,0.0121162419,6.720414999999999e-12,0.0119775608,0.0066326603,0.2179026741,1.0006491079000002,2.7458554e-08,73.0,26.03415907
2015-01-30,179186041.91,,,,18.308103867,,0.0611897499,-0.028477553,-0.058145619,,,,1.2368830467,,,,,,,,,,,,,,,,,,,,,,,,,,,,,,,,,,,,,,,,,,,,,,,,,,,,,,,,,,,,,,0.633607331,0.5032892573,0.0005633413,-0.010946545,0.0182610538,0.0,0.0293410913,0.0063738818999999,0.0372801518,0.0072068174,0.0741203341,0.0797888296,,0.0172744481,1.003275e-11,0.0191768091,0.0140429563999999,0.4340785182,2.5276691139,1.4731025e-08,73.0,26.43574982
2015-02-27,182092796.97,,,,18.545934569,,0.030866645,0.0154255219,-0.079076198,,,,1.2169192112,,,,,,,,,,,,,,,,,,,,,,,,,,,,,,,,,,,,,,,,,,,,,,,,,,,,,,,,,,,,,,0.633607331,0.5032892573,0.0005633413,-0.010946545,0.0182610538,0.0,0.0293410913,0.0063738818999999,0.0372801518,0.0072068174,0.0741203341,0.0797888296,,0.0217704122,1.091425e-11,0.0467238799,0.0186275302,0.3192303843,2.7998032226,1.4865401000000005e-08,73.0,27.61678272
2015-03-31,190227902.72,,,,18.52101263,,0.0059779182,0.0446756034999999,-0.064870468,,,,1.252943541,,,,,,,,,,,,,,,,,,,,,,,,,,,,,,,,,,,,,,,,,,,,,,,,,,,,,,,,,,,,,,0.633607331,0.5032892573,0.0005633413,-0.010946545,0.0182610538,0.0,0.0293410913,0.0063738818999999,0.0372801518,0.0072068174,0.0741203341,0.0797888296,,0.017116901,1.063225e-11,0.0213469863,0.0108130403,0.2734124328,1.357533762,2.4129776e-08,73.0,27.10243003
2015-04-30,187225296.0,,,-0.190631841,18.474081495,,0.0251878448,-0.018624684,-0.032839067,0.1023504062,,,1.1815330434,,,,,,,,,,,,,,,,,,,,,,,,,,,,,,,,,,,,,,,,,,,,,,,,,,,,,,,,,,,,,,1.7213687716,0.4941684356,0.0030551643,-0.007547958,-0.0505519859999999,0.0,0.0240444708,0.0065530582999999,0.0305381779,0.0069380243999999,0.0701671303,0.072328402,,0.0153462014999999,9.703773e-12,0.0231733564,0.0124484635,0.2373182233,1.2485074322,1.744387e-08,73.0,26.64819408
2015-05-29,184108813.4,0.8899229540000001,0.7919628640999999,-0.09780438,18.548760957,0.0230322013,0.029668114,-0.016760413,-0.019818305,0.040519549,,0.4494968449,1.1055005886,,,,,,,,,,,,,,,,,,,,,,,,,,,,,,,,,,,,,,,,,,,,,,,,,,,,,,,,,,,,,,1.7213687716,0.4941684356,0.0030551643,-0.007547958,-0.0505519859999999,0.0,0.0240444708,0.0065530582999999,0.0305381779,0.0069380243999999,0.0701671303,0.072328402,,0.0161533337,8.585157e-12,0.0330164507,0.0133657454,0.3725463571,2.7317186836,1.6842566000000005e-08,73.0,26.38882374
2015-06-30,182316844.28,0.9297107564,0.8643620905,0.0170133152,18.494550926,0.0255116627999999,0.0116841527,-0.0097332069999999,-0.005563966,-0.037640825,,0.2890660465,1.0951737092,,,,,,,,,,,,,,,,,,,,,,,,,,,,,,,,,,,,,,,,,,,,,,,,,,,,,,,,,,,,,,1.7213687716,0.4941684356,0.0030551643,-0.007547958,-0.0505519859999999,0.0,0.0240444708,0.0065530582999999,0.0305381779,0.0069380243999999,0.0701671303,0.072328402,,0.0145131134,1.031591e-11,0.0165779795,0.0106911301,0.2589139996,1.2436690826,2.3519653e-08,73.0,25.81354729
2015-07-31,179007556.44,0.9685160256,0.9380232919,0.0764928697,18.392733491,0.0252232911,0.0305005895,-0.021799959,0.0136224708,-0.072502322,,0.2106565754,1.0516434109,0.0698028944,-0.069802894,11.0,-0.182230436,0.3214199813,-0.4794846379999999,0.7376005095,3.6188380079,0.0619936705,0.0212849388,-0.029100292,1.0253340956,-0.062851415,,-0.151941211,0.0,4.8012496281,0.1926893606,0.0,0.0,0.0,0.1968983724,0.0385881231,0.4083122972,2.3483043080000003,,0.0315616028,0.122372058,,0.0737878722,0.1279911905,105364.51415,0.2007588921,0.0026804326,0.0192818219,0.0479142645,-0.1916732689999999,0.0904925035,,,-0.127436493,-0.0927278,,-0.606547961,5.0,,0.0,0.0272399789,0.1489674399,,0.2417812939999999,1.0249398245,,5.711405330599999,0.073110285,1.0,0.1032344338,0.0,0.1828586096,,-0.558311088,0.7564754807999999,0.491066322,0.0014424810999999,0.067281836,0.031378001,1.0,0.0294798100999999,0.0056796359,0.0375246673,0.0066382211,0.0614165678,0.0701011595,7.0,0.0117273022,7.500021e-12,0.0189865008,0.0084615635,0.2310560837999999,1.0411834225,1.9836951000000002e-08,73.0,31.02575036
2015-08-31,215165416.65,0.9708388811,0.9425281331,0.2384983533,18.505908103,0.0244241758999999,0.0836374287,0.2019173055999999,-0.02353691,-0.086880528,,0.213811943,1.2556583869,0.0698028944,-0.069802894,11.0,-0.182230436,0.3214199813,-0.4830433839999999,0.7376005095,3.6188380079,0.0619936705,0.0212849388,-0.029100292,1.0253340956,-0.062851415,,-0.151941211,0.0,4.8012496281,0.1926893606,0.0,0.0,0.0,0.1968983724,0.0385881231,0.4083122972,2.3483043080000003,,0.0315616028,0.122372058,,0.0737878722,0.1279911905,105364.51415,0.2007588921,0.0026804326,0.0192818219,0.0479142645,-0.1916732689999999,0.0904925035,,,-0.127436493,-0.0927278,,-0.606547961,5.0,,0.0,0.0272399789,0.1489674399,,0.2417812939999999,1.0249398245,,5.711405330599999,0.073110285,1.0,0.1032344338,0.0,0.1828586096,,-0.558311088,0.7564754807999999,0.491066322,0.0014424810999999,0.067281836,0.031378001,1.0,0.0294798100999999,0.0056796359,0.0375246673,0.0066382211,0.0614165678,0.0701011595,7.0,0.021877767,8.762478e-12,0.1605243086999999,0.0376157841,0.6246769749000001,6.4512614929,1.0798954e-08,73.0,30.66074736
2015-09-30,212634104.25,1.1672241868000002,1.3624123022,0.1333139468,18.484443082,0.0395534394,0.0278574499,-0.011764495,0.1234376314,0.0974940957,,0.1535410275,1.4612640827,0.0698028944,-0.069802894,11.0,-0.182230436,0.3214199813,-0.4838447939999999,0.7376005095,3.6188380079,0.0619936705,0.0212849388,-0.029100292,1.0253340956,-0.062851415,,-0.151941211,0.0,4.8012496281,0.1926893606,0.0,0.0,0.0,0.1968983724,0.0385881231,0.4083122972,2.3483043080000003,,0.0315616028,0.122372058,,0.0737878722,0.1279911905,108966.82298,0.2007588921,0.0026804326,0.0192818219,0.0479142645,-0.1916732689999999,0.0904925035,,,-0.127436493,-0.0927278,,-0.606547961,5.0,,0.0,0.0272399789,0.1489674399,,0.2417812939999999,1.0249398245,,5.711405330599999,0.073110285,1.0,0.1032344338,0.0,0.1828586096,,-0.558311088,0.7564754807999999,0.491066322,0.0014424810999999,0.067281836,0.031378001,1.0,0.0294798100999999,0.0056796359,0.0375246673,0.0066382211,0.0614165678,0.0701011595,7.0,0.0282572852,9.284145e-12,0.0799917504,0.0270942662,0.4913534424,3.9493360009,1.3326832e-08,73.0,30.17325016
2015-10-30,210202411.48,1.1974039738,1.4337762765000002,0.1641557882,18.610196967,0.0387269816,-0.001167236,-0.015899744,0.1312908905,0.0737623355,,0.1697011794,1.5948517721000002,0.0698028944,-0.069802894,11.0,-0.182230436,0.3214199813,-0.492468966,0.7376005095,3.6188380079,0.0619936705,0.0212849388,-0.029100292,1.0253340956,-0.062851415,,-0.151941211,0.0,4.8012496281,0.1926893606,0.0,0.0,0.0,0.1968983724,0.0385881231,0.4083122972,2.3483043080000003,,0.0315616028,0.122372058,,0.0737878722,0.1279911905,109422.36152,0.2007588921,0.0026804326,0.0192818219,0.0479142645,-0.1916732689999999,0.0904925035,,,-0.127436493,-0.0927278,,-0.606547961,5.0,,0.0,0.0272399789,0.1489674399,,0.2417812939999999,1.0249398245,,5.711405330599999,0.073110285,1.0,0.1032344338,0.0,0.1828586096,,-0.558311088,1.0664472064,0.4905247376,0.0015962103,-0.0265277479999999,0.0572756045,0.0,0.026804847,0.0059024644999999,0.0336363636,0.0048561587,0.0618104272,0.071026516,7.0,0.021462222,9.441667e-12,0.0276853908,0.0175647527,0.3240551496,2.6345398679,1.4865876e-08,73.0,35.25105674
2015-11-30,245587697.4,1.2173601111,1.4819656402,0.3590774697,18.511278158,0.0382152845,-0.0707088759999999,0.1682883798999999,0.1322811544,0.0912398641,,0.1177781722,1.4637495755,0.0698028944,-0.069802894,11.0,-0.182230436,0.3214199813,-0.490874074,0.7376005095,3.6188380079,0.0619936705,0.0212849388,-0.029100292,1.0253340956,-0.062851415,,-0.151941211,0.0,4.8012496281,0.1926893606,0.0,0.0,0.0,0.1968983724,0.0385881231,0.4083122972,2.3483043080000003,,0.0315616028,0.122372058,,0.0737878722,0.1279911905,109422.36152,0.2007588921,0.0026804326,0.0192818219,0.0479142645,-0.1916732689999999,0.0904925035,,,-0.127436493,-0.0927278,,-0.606547961,5.0,,0.0,0.0272399789,0.1489674399,,0.2417812939999999,1.0249398245,,5.711405330599999,0.073110285,1.0,0.1032344338,0.0,0.1828586096,,-0.558311088,1.0664472064,0.4905247376,0.0015962103,-0.0265277479999999,0.0572756045,0.0,0.026804847,0.0059024644999999,0.0336363636,0.0048561587,0.0618104272,0.071026516,7.0,0.0208077672,7.535111e-12,0.0770340487,0.019327183,0.3815141454,3.3380992782,1.381189e-08,73.0,36.82761179
2015-12-31,256571261.96,1.1081740526,1.2280497308,0.4108191140999999,18.590850482,0.0391495196,-0.0111503689999999,0.0447235926999999,0.3358328525999999,0.3154707296,,-0.25072512,1.2753618985,0.0698028944,-0.069802894,11.0,-0.182230436,0.3214199813,-0.488591393,0.7376005095,3.6188380079,0.0619936705,0.0212849388,-0.029100292,1.0253340956,-0.062851415,,-0.151941211,0.0,4.8012496281,0.1926893606,0.0,0.0,0.0,0.1968983724,0.0385881231,0.4083122972,2.3483043080000003,,0.0315616028,0.122372058,,0.0737878722,0.1279911905,109422.36152,0.2007588921,0.0026804326,0.0192818219,0.0479142645,-0.1916732689999999,0.0904925035,,,-0.127436493,-0.0927278,,-0.606547961,5.0,,0.0,0.0272399789,0.1489674399,,0.2417812939999999,1.0249398245,,5.711405330599999,0.073110285,1.0,0.1032344338,0.0,0.1828586096,,-0.558311088,1.0664472064,0.4905247376,0.0015962103,-0.0265277479999999,0.0572756045,0.0,0.026804847,0.0059024644999999,0.0336363636,0.0048561587,0.0618104272,0.071026516,7.0,0.0158133739,6.573117e-12,0.0246340148,0.0112980205,0.2440539901,1.0974268759,2.2260332e-08,73.0,37.63498254
2016-01-29,261628434.96,1.0968377052,1.2030529517,0.4664291404,18.343609467,0.0385306875999999,0.0078073689,0.0219230129999999,0.4266776108,0.4145872917,,-0.204207548,1.2263204508,0.0698028944,-0.069802894,11.0,-0.182230436,0.3214199813,-0.483614161,0.7376005095,3.6188380079,0.0619936705,0.0212849388,-0.029100292,1.0253340956,-0.062851415,,-0.151941211,0.0,4.8012496281,0.1926893606,0.0,0.0,0.0,0.1968983724,0.0385881231,0.4083122972,2.3483043080000003,,0.0315616028,0.122372058,,0.0737878722,0.1279911905,105364.51415,0.2007588921,0.0026804326,0.0192818219,0.0479142645,-0.1916732689999999,0.0904925035,,,-0.127436493,-0.0927278,,-0.606547961,5.0,,0.0,0.0272399789,0.1489674399,,0.2417812939999999,1.0249398245,,5.711405330599999,0.073110285,1.0,0.1032344338,0.0,0.1828586096,,-0.558311088,2.8782520582,0.5027123992,0.0003371489,-0.025821126,0.1939957681,1.0,0.0294677660999999,0.0055167544999999,0.036247787,0.004786705,0.0719121716,0.0791184414,7.0,0.0197138363,7.715449e-12,0.0329113975,0.0139312333,0.3757620874,1.7551421116,1.5926492999999998e-08,73.0,36.84496927
2016-02-29,256136474.41,1.0410276301,1.0837385267,0.0139330974,18.511046876,0.0378916247,0.0231659489,-0.020991452,0.2130241205999999,0.4236389338,,-0.1934473839999999,1.1928360305,0.0698028944,-0.069802894,11.0,-0.182230436,0.3214199813,-0.502652077,0.7376005095,3.6188380079,0.0619936705,0.0212849388,-0.029100292,1.0253340956,-0.062851415,,-0.151941211,0.0,4.8012496281,0.1926893606,0.0,0.0,0.0,0.1968983724,0.0385881231,0.4083122972,2.3483043080000003,,0.0315616028,0.122372058,,0.0737878722,0.1279911905,105364.51415,0.2007588921,0.0026804326,0.0192818219,0.0479142645,-0.1916732689999999,0.0904925035,,,-0.127436493,-0.0927278,,-0.606547961,5.0,,0.0,0.0272399789,0.1489674399,,0.2417812939999999,1.0249398245,,5.711405330599999,0.073110285,1.0,0.1032344338,0.0,0.1828586096,,-0.558311088,2.8782520582,0.5027123992,0.0003371489,-0.025821126,0.1939957681,1.0,0.0294677660999999,0.0055167544999999,0.036247787,0.004786705,0.0719121716,0.0791184414,7.0,0.0278885599,9.364809e-12,0.0442435369,0.0208561852,0.2615303286,1.8504692929,1.7048737e-08,73.0,34.60436666
2016-03-31,241110243.63,1.0252209962,1.0510780909,0.0184001775,18.612660837,0.036943476,-0.138056863,-0.06081162,0.2016983569,0.3341506978,,-0.102696163,1.4951248680000002,0.0698028944,-0.069802894,11.0,-0.182230436,0.3214199813,-0.509073323,0.7376005095,3.6188380079,0.0619936705,0.0212849388,-0.029100292,1.0253340956,-0.062851415,,-0.151941211,0.0,4.8012496281,0.1926893606,0.0,0.0,0.0,0.1968983724,0.0385881231,0.4083122972,2.3483043080000003,,0.0315616028,0.122372058,,0.0737878722,0.1279911905,105364.51415,0.2007588921,0.0026804326,0.0192818219,0.0479142645,-0.1916732689999999,0.0904925035,,,-0.127436493,-0.0927278,,-0.606547961,5.0,,0.0,0.0272399789,0.1489674399,,0.2417812939999999,1.0249398245,,5.711405330599999,0.073110285,1.0,0.1032344338,0.0,0.1828586096,,-0.558311088,2.8782520582,0.5027123992,0.0003371489,-0.025821126,0.1939957681,1.0,0.0294677660999999,0.0055167544999999,0.036247787,0.004786705,0.0719121716,0.0791184414,7.0,0.0277061532,5.808962e-12,0.0251809321,0.0181375201,0.4660639043,4.5113130558,1.1727370000000002e-08,73.0,36.94415487
2016-04-29,256026655.05,1.0242273543,1.0490416733,0.1110972972,18.554821586,0.0367232667,-0.142685443,0.0676153898,0.1468558469999999,0.2767988063,,-0.063529545,1.487862994,0.0698028944,-0.069802894,11.0,-0.182230436,0.3214199813,-0.506195823,0.7376005095,3.6188380079,0.0619936705,0.0212849388,-0.029100292,1.0253340956,-0.062851415,,-0.151941211,0.0,4.8012496281,0.1926893606,0.0,0.0,0.0,0.1968983724,0.0385881231,0.4083122972,2.3483043080000003,,0.0315616028,0.122372058,,0.0737878722,0.1279911905,104950.77298,0.2007588921,0.0026804326,0.0192818219,0.0479142645,-0.1916732689999999,0.0904925035,,,-0.127436493,-0.0927278,,-0.606547961,5.0,,0.0,0.0272399789,0.1489674399,,0.2417812939999999,1.0249398245,,5.711405330599999,0.073110285,1.0,0.1032344338,0.0,0.1828586096,,-0.558311088,0.8690071095,0.5043422211,-0.000166957,-0.04177808,0.0795245431,2.0,0.0286657013,0.0049671107,0.0355957525,0.0049020213,0.0675437849,0.0688268286,7.0,0.015751525,5.867555999999999e-12,0.0301531702,0.0111795527,0.240880024,1.5223536001,1.6248919e-08,73.0,34.36830494
2016-05-31,238007357.75,0.9514268234,0.9052130003,-0.347872757,18.491889109,0.036227961,-0.113188535,-0.069722801,0.0480297273,0.3863661236,,-0.04505954,1.4450908456,0.0698028944,-0.069802894,11.0,-0.182230436,0.3214199813,-0.4860500339999999,0.7376005095,3.6188380079,0.0619936705,0.0212849388,-0.029100292,1.0253340956,-0.062851415,,-0.151941211,0.0,4.8012496281,0.1926893606,0.0,0.0,0.0,0.1968983724,0.0385881231,0.4083122972,2.3483043080000003,,0.0315616028,0.122372058,,0.0737878722,0.1279911905,104950.77298,0.2007588921,0.0026804326,0.0192818219,0.0479142645,-0.1916732689999999,0.0904925035,,,-0.127436493,-0.0927278,,-0.606547961,5.0,,0.0,0.0272399789,0.1489674399,,0.2417812939999999,1.0249398245,,5.711405330599999,0.073110285,1.0,0.1032344338,0.0,0.1828586096,,-0.558311088,0.8690071095,0.5043422211,-0.000166957,-0.04177808,0.0795245431,2.0,0.0286657013,0.0049671107,0.0355957525,0.0049020213,0.0675437849,0.0688268286,7.0,0.0169632031,6.828809e-12,0.0116135915999999,0.015219042,0.4270781468999999,3.2693036594,1.6978200000000002e-08,73.0,36.48641334
2016-06-30,252675666.74,0.9196515677,0.8457590059000001,-0.404840852,18.373516756,0.0361969446,-0.111279128,0.0616296454999999,-0.066778844,0.3023811382999999,,-0.028120081,1.1645952989,0.0698028944,-0.069802894,11.0,-0.182230436,0.3214199813,-0.487779199,0.7376005095,3.6188380079,0.0619936705,0.0212849388,-0.029100292,1.0253340956,-0.062851415,,-0.151941211,0.0,4.8012496281,0.1926893606,0.0,0.0,0.0,0.1968983724,0.0385881231,0.4083122972,2.3483043080000003,,0.0315616028,0.122372058,,0.0737878722,0.1279911905,104950.77298,0.2007588921,0.0026804326,0.0192818219,0.0479142645,-0.1916732689999999,0.0904925035,,,-0.127436493,-0.0927278,,-0.606547961,5.0,,0.0,0.0272399789,0.1489674399,,0.2417812939999999,1.0249398245,,5.711405330599999,0.073110285,1.0,0.1032344338,0.0,0.1828586096,,-0.558311088,0.8690071095,0.5043422211,-0.000166957,-0.04177808,0.0795245431,2.0,0.0286657013,0.0049671107,0.0355957525,0.0049020213,0.0675437849,0.0688268286,7.0,0.0142264532,6.899734e-12,0.0225065835,0.0097263877,0.1654785056,0.809009073,2.017779e-08,73.0,34.32317549
2016-07-29,237508640.72,0.9009890271,0.811781227,-0.545952825,18.379203127,0.035782804,-0.088434246,-0.0592888559999999,-0.030518706,0.4134597921,,-0.033945074,1.1351973008,0.0694630897,-0.06946309,12.0,-0.1245148059999999,0.2463315053999999,-0.6607994110000001,0.7950449194,5.3280269548,0.0486644924,-0.0067482,-0.001305014,0.0105502726,-0.1859969219999999,,0.1340976908,0.0,4.6667011911000005,0.1731458505999999,0.0,0.0,0.0,0.151492823,0.0305705165,0.3953924640999999,0.3475129111,,0.0304867404,0.1532462687,,0.0507326959,0.0186610596,104950.77298,0.2014603385,0.0028131203,-0.385623981,-0.0280236289999999,-0.101424957,0.0086425017,,,-0.067437414,-0.017133422,,-0.591876682,7.0,4.6412739513,0.0,0.0229671571,0.1637840217,,0.2549230459,1.0263186708,152.72708758,5.391401251,0.0,0.0,0.1361797549,0.0,0.1402283131,0.6700284957,-0.873876423,0.8690071095,0.5043422211,-0.000166957,-0.04177808,0.0795245431,2.0,0.0286657013,0.0049671107,0.0355957525,0.0049020213,0.0675437849,0.0688268286,8.0,0.0136756847999999,6.184725e-12,0.0176278222,0.0127359674,0.3533711207,2.3969649308000003,1.7333321e-08,73.0,38.12644717
2016-08-31,264159311.61,0.9061047282,0.8210257784,-0.152780763,18.487748621,0.0353911374,-0.0478722279999999,0.1108076945,-0.068443417,0.1062802509999999,,-0.022511415,1.0164947634,0.0694630897,-0.06946309,12.0,-0.1245148059999999,0.2463315053999999,-0.661681451,0.7950449194,5.3280269548,0.0486644924,-0.0067482,-0.001305014,0.0105502726,-0.1859969219999999,,0.1340976908,0.0,4.6667011911000005,0.1731458505999999,0.0,0.0,0.0,0.151492823,0.0305705165,0.3953924640999999,0.3475129111,,0.0304867404,0.1532462687,,0.0507326959,0.0186610596,108583.49552,0.2014603385,0.0028131203,-0.385623981,-0.0280236289999999,-0.101424957,0.0086425017,,,-0.067437414,-0.017133422,,-0.591876682,7.0,4.6412739513,0.0,0.0229671571,0.1637840217,,0.2549230459,1.0263186708,152.72708758,5.391401251,0.0,0.0,0.1361797549,0.0,0.1402283131,0.6700284957,-0.873876423,1.4868165051,0.4954937238,-0.004133208,-0.051513007,0.0454060649,3.0,0.0341209168,0.0046138949,0.0423516659,0.006032572,0.0666417248,0.068958062,8.0,0.0113695116,7.359999e-12,0.030673949,0.0092329982,0.3766956931,2.2415809667,2.509721e-08,73.0,38.0401557
2016-09-30,263561444.01,0.9192628334,0.8450441568000001,-0.02933345,18.387434646,0.0348017966,0.0892870174,-0.002263284,0.1017813276,0.24349369,,-0.021141014,0.92461946,0.0694630897,-0.06946309,12.0,-0.1245148059999999,0.2463315053999999,-0.670620938,0.7950449194,5.3280269548,0.0486644924,-0.0067482,-0.001305014,0.0105502726,-0.1859969219999999,,0.1340976908,0.0,4.6667011911000005,0.1731458505999999,0.0,0.0,0.0,0.151492823,0.0305705165,0.3953924640999999,0.3475129111,,0.0304867404,0.1532462687,,0.0507326959,0.0186610596,108583.49552,0.2014603385,0.0028131203,-0.385623981,-0.0280236289999999,-0.101424957,0.0086425017,,,-0.067437414,-0.017133422,,-0.591876682,7.0,4.6412739513,0.0,0.0229671571,0.1637840217,,0.2549230459,1.0263186708,152.72708758,5.391401251,0.0,0.0,0.1361797549,0.0,0.1402283131,0.6700284957,-0.873876423,1.4868165051,0.4954937238,-0.004133208,-0.051513007,0.0454060649,3.0,0.0341209168,0.0046138949,0.0423516659,0.006032572,0.0666417248,0.068958062,8.0,0.0091827267,3.247612e-12,0.0137504507,0.0041991990999999,0.3069132865,1.2770990142,2.4770139e-08,73.0,38.54798596
2016-10-31,268193024.86,0.9187359015,0.8440756568000001,-0.180988688,18.335704988,0.0342881914,0.164438459,0.0133498338999999,0.0296663889,0.260724507,,-0.018646682,0.8102741981999999,0.0694630897,-0.06946309,12.0,-0.1245148059999999,0.2463315053999999,-0.6765546370000001,0.7950449194,5.3280269548,0.0486644924,-0.0067482,-0.001305014,0.0105502726,-0.1859969219999999,,0.1340976908,0.0,4.6667011911000005,0.1731458505999999,0.0,0.0,0.0,0.151492823,0.0305705165,0.3953924640999999,0.3475129111,,0.0304867404,0.1532462687,,0.0507326959,0.0186610596,110311.06106,0.2014603385,0.0028131203,-0.385623981,-0.0280236289999999,-0.101424957,0.0086425017,,,-0.067437414,-0.017133422,,-0.591876682,7.0,4.6412739513,0.0,0.0229671571,0.1637840217,,0.2549230459,1.0263186708,152.72708758,5.391401251,0.0,0.0,0.1361797549,0.0,0.1402283131,0.6700284957,-0.873876423,1.0420926188,0.5026077317000001,-0.001251874,-0.0070960519999999,-0.0462537379999999,0.0,0.0285295773,0.0040742796,0.0349618968,0.0057237891,0.0665230784,0.0666940262,8.0,0.0117348776,7.310016e-12,0.014158424,0.0095923256,0.2121390259,0.8437707479000001,2.5962526e-08,73.0,38.90753374
2016-11-30,270737685.56,0.919036679,0.8446284173999999,0.1571178101999999,18.43161116,0.0336547924,0.0779308646,0.0093272785,0.1216143594999999,0.0935270707,,-0.011038679,0.8502250131,0.0694630897,-0.06946309,12.0,-0.1245148059999999,0.2463315053999999,-0.6779628190000001,0.7950449194,5.3280269548,0.0486644924,-0.0067482,-0.001305014,0.0105502726,-0.1859969219999999,,0.1340976908,0.0,4.6667011911000005,0.1731458505999999,0.0,0.0,0.0,0.151492823,0.0305705165,0.3953924640999999,0.3475129111,,0.0304867404,0.1532462687,,0.0507326959,0.0186610596,110311.06106,0.2014603385,0.0028131203,-0.385623981,-0.0280236289999999,-0.101424957,0.0086425017,,,-0.067437414,-0.017133422,,-0.591876682,7.0,4.6412739513,0.0,0.0229671571,0.1637840217,,0.2549230459,1.0263186708,152.72708758,5.391401251,0.0,0.0,0.1361797549,0.0,0.1402283131,0.6700284957,-0.873876423,1.0420926188,0.5026077317000001,-0.001251874,-0.0070960519999999,-0.0462537379999999,0.0,0.0285295773,0.0040742796,0.0349618968,0.0057237891,0.0665230784,0.0666940262,8.0,0.0122870416,5.273492e-12,0.0196163747,0.0087856456999999,0.3990015278,2.2592753824000003,2.110783e-08,73.0,37.59332459
2016-12-30,261592774.06,0.9091311211,0.8265193953,0.039602396,18.342791005,0.0331813537,0.0161298658,-0.033777755,0.0663567787,0.0564772442,,0.0022667482,1.0025523933,0.0694630897,-0.06946309,12.0,-0.1245148059999999,0.2463315053999999,-0.681079129,0.7950449194,5.3280269548,0.0486644924,-0.0067482,-0.001305014,0.0105502726,-0.1859969219999999,,0.1340976908,0.0,4.6667011911000005,0.1731458505999999,0.0,0.0,0.0,0.151492823,0.0305705165,0.3953924640999999,0.3475129111,,0.0304867404,0.1532462687,,0.0507326959,0.0186610596,110311.06106,0.2014603385,0.0028131203,-0.385623981,-0.0280236289999999,-0.101424957,0.0086425017,,,-0.067437414,-0.017133422,,-0.591876682,7.0,4.6412739513,0.0,0.0229671571,0.1637840217,,0.2549230459,1.0263186708,152.72708758,5.391401251,0.0,0.0,0.1361797549,0.0,0.1402283131,0.6700284957,-0.873876423,1.0420926188,0.5026077317000001,-0.001251874,-0.0070960519999999,-0.0462537379999999,0.0,0.0285295773,0.0040742796,0.0349618968,0.0057237891,0.0665230784,0.0666940262,8.0,0.0206029769,7.650398e-12,0.0304450225,0.0152186244,0.4222246947,2.5842064108,1.684104e-08,73.0,38.27671335
2017-01-31,267716575.02,0.8482922406,0.7195997254000001,0.2031838617,18.566254568,0.0331175906,0.0856051368,0.0181785002,0.0952752575,-0.001106931,,0.0124113883,1.0457744483,0.0694630897,-0.06946309,12.0,-0.1245148059999999,0.2463315053999999,-0.6847858040000001,0.7950449194,5.3280269548,0.0486644924,-0.0067482,-0.001305014,0.0105502726,-0.1859969219999999,,0.1340976908,0.0,4.6667011911000005,0.1731458505999999,0.0,0.0,0.0,0.151492823,0.0305705165,0.3953924640999999,0.3475129111,,0.0304867404,0.1532462687,,0.0507326959,0.0186610596,110311.06106,0.2014603385,0.0028131203,-0.385623981,-0.0280236289999999,-0.101424957,0.0086425017,,,-0.067437414,-0.017133422,,-0.591876682,7.0,4.6412739513,0.0,0.0229671571,0.1637840217,,0.2549230459,1.0263186708,152.72708758,5.391401251,0.0,0.0,0.1361797549,0.0,0.1402283131,0.6700284957,-0.873876423,0.6208057462,0.5085163197,0.0015633217,0.0049930633,0.0407918943,1.0,0.0325682651,0.0037876727,0.0394678277,0.0078088631,0.0664428742,0.0659306194,8.0,0.0133957005,5.476628e-12,0.0165760740999999,0.00868213,0.3976856227,1.7150496782,2.2404588e-08,73.0,39.51504552
2017-02-28,276432737.45,0.8625056534000001,0.7439160021,0.0016406514,18.386350966,0.0325786017,0.1895052947,0.0323520638,0.0039412984,0.0388585975,,0.028459101,1.0393659102,0.0694630897,-0.06946309,12.0,-0.1245148059999999,0.2463315053999999,-0.689903652,0.7950449194,5.3280269548,0.0486644924,-0.0067482,-0.001305014,0.0105502726,-0.1859969219999999,,0.1340976908,0.0,4.6667011911000005,0.1731458505999999,0.0,0.0,0.0,0.151492823,0.0305705165,0.3953924640999999,0.3475129111,,0.0304867404,0.1532462687,,0.0507326959,0.0186610596,110594.7412,0.2014603385,0.0028131203,-0.385623981,-0.0280236289999999,-0.101424957,0.0086425017,,,-0.067437414,-0.017133422,,-0.591876682,7.0,4.6412739513,0.0,0.0229671571,0.1637840217,,0.2549230459,1.0263186708,152.72708758,5.391401251,0.0,0.0,0.1361797549,0.0,0.1402283131,0.6700284957,-0.873876423,0.6208057462,0.5085163197,0.0015633217,0.0049930633,0.0407918943,1.0,0.0325682651,0.0037876727,0.0394678277,0.0078088631,0.0664428742,0.0659306194,8.0,0.0123453996999999,5.370771e-12,0.0185535587,0.0104356492,0.3656974052,1.949724339,2.2726274e-08,73.0,40.82528724
2017-03-31,285598722.55,0.874002218,0.7638798770999999,-0.026072072,18.446042341,0.0321553767,0.2435590732,0.0331581011,0.0387719075,0.1419091635,,0.0411864001,0.8750220723000001,0.0694630897,-0.06946309,12.0,-0.1245148059999999,0.2463315053999999,-0.697758867,0.7950449194,5.3280269548,0.0486644924,-0.0067482,-0.001305014,0.0105502726,-0.1859969219999999,,0.1340976908,0.0,4.6667011911000005,0.1731458505999999,0.0,0.0,0.0,0.151492823,0.0305705165,0.3953924640999999,0.3475129111,,0.0304867404,0.1532462687,,0.0507326959,0.0186610596,110594.7412,0.2014603385,0.0028131203,-0.385623981,-0.0280236289999999,-0.101424957,0.0086425017,,,-0.067437414,-0.017133422,,-0.591876682,7.0,4.6412739513,0.0,0.0229671571,0.1637840217,,0.2549230459,1.0263186708,152.72708758,5.391401251,0.0,0.0,0.1361797549,0.0,0.1402283131,0.6700284957,-0.873876423,0.6208057462,0.5085163197,0.0015633217,0.0049930633,0.0407918943,1.0,0.0325682651,0.0037876727,0.0394678277,0.0078088631,0.0664428742,0.0659306194,8.0,0.0083698877,2.983385e-12,0.0070256614,0.003741572,0.2189425388,0.9577577344,3.1092814e-08,73.0,41.14020151
2017-04-28,288142687.79,0.8741598709999999,0.7641554801,0.0238342219,18.375192665,0.0318755823,0.1893907530999999,0.0077136764,0.0590771079999999,0.1050540431,0.4746606455,0.0332905689,0.8930138409,0.0694630897,-0.06946309,12.0,-0.1245148059999999,0.2463315053999999,-0.70132671,0.7950449194,5.3280269548,0.0486644924,-0.0067482,-0.001305014,0.0105502726,-0.1859969219999999,,0.1340976908,0.0,4.6667011911000005,0.1731458505999999,0.0,0.0,0.0,0.151492823,0.0305705165,0.3953924640999999,0.3475129111,,0.0304867404,0.1532462687,,0.0507326959,0.0186610596,110594.7412,0.2014603385,0.0028131203,-0.385623981,-0.0280236289999999,-0.101424957,0.0086425017,,,-0.067437414,-0.017133422,,-0.591876682,7.0,4.6412739513,0.0,0.0229671571,0.1637840217,,0.2549230459,1.0263186708,152.72708758,5.391401251,0.0,0.0,0.1361797549,0.0,0.1402283131,0.6700284957,-0.873876423,1.2382011867,0.5192687623,0.0004990262,0.0108366074,-0.0152781639999999,2.0,0.0328014414,0.0035417222,0.0395764746,0.0068145720999999,0.0665760476,0.0648214689,8.0,0.0101462286999999,3.886402e-12,0.0146134859,0.0075879686,0.3482344958,1.7360680277,1.9484022e-08,73.0,44.92909127
2017-05-31,314338230.94,0.8698478817,0.7566353373,0.0226899405,18.575650542,0.0316540463,0.1843418163,0.092097044,0.0573839712999999,0.1970389839,0.3194711958,0.025609485,0.8145174229000001,0.0694630897,-0.06946309,12.0,-0.1245148059999999,0.2463315053999999,-0.7040524709999999,0.7950449194,5.3280269548,0.0486644924,-0.0067482,-0.001305014,0.0105502726,-0.1859969219999999,,0.1340976908,0.0,4.6667011911000005,0.1731458505999999,0.0,0.0,0.0,0.151492823,0.0305705165,0.3953924640999999,0.3475129111,,0.0304867404,0.1532462687,,0.0507326959,0.0186610596,110594.7412,0.2014603385,0.0028131203,-0.385623981,-0.0280236289999999,-0.101424957,0.0086425017,,,-0.067437414,-0.017133422,,-0.591876682,7.0,4.6412739513,0.0,0.0229671571,0.1637840217,,0.2549230459,1.0263186708,152.72708758,5.391401251,0.0,0.0,0.1361797549,0.0,0.1402283131,0.6700284957,-0.873876423,1.2382011867,0.5192687623,0.0004990262,0.0108366074,-0.0152781639999999,2.0,0.0328014414,0.0035417222,0.0395764746,0.0068145720999999,0.0665760476,0.0648214689,8.0,0.0098884194999999,5.383404e-12,0.0362711139,0.0106825742,0.3598480718,1.6442262363999998,3.1707495e-08,73.0,47.85010708
2017-06-30,334774574.54,0.8693767898,0.7558160026999999,0.2424975771999999,18.342347683,0.03199142,0.1856185253,0.0650138631,0.1951348824,0.2313924553,0.3176514455,0.062799532,0.8750110238,0.0694630897,-0.06946309,12.0,-0.1245148059999999,0.2463315053999999,-0.702847187,0.7950449194,5.3280269548,0.0486644924,-0.0067482,-0.001305014,0.0105502726,-0.1859969219999999,,0.1340976908,0.0,4.6667011911000005,0.1731458505999999,0.0,0.0,0.0,0.151492823,0.0305705165,0.3953924640999999,0.3475129111,,0.0304867404,0.1532462687,,0.0507326959,0.0186610596,110594.7412,0.2014603385,0.0028131203,-0.385623981,-0.0280236289999999,-0.101424957,0.0086425017,,,-0.067437414,-0.017133422,,-0.591876682,7.0,4.6412739513,0.0,0.0229671571,0.1637840217,,0.2549230459,1.0263186708,152.72708758,5.391401251,0.0,0.0,0.1361797549,0.0,0.1402283131,0.6700284957,-0.873876423,1.2382011867,0.5192687623,0.0004990262,0.0108366074,-0.0152781639999999,2.0,0.0328014414,0.0035417222,0.0395764746,0.0068145720999999,0.0665760476,0.0648214689,8.0,0.011386733,5.0397e-12,0.0152676087,0.0085555556,0.2806164534,1.2448406994,2.1434754000000004e-08,73.0,45.06646332
2017-07-31,315994493.57,0.8783591193000001,0.7715147425,0.062200157,18.489696532,0.0320935856999999,0.2137690265,-0.058174249,0.2501100914999999,0.3941049213,0.2063692419,0.0397535817,0.9681451914,0.105144178,-0.105144178,13.0,-0.135873214,0.2768254604,-0.5440505520000001,0.9202208991,4.4508257312,0.0657813147,0.0280336848,0.0192919674,0.0057394507999999,0.0906935163,-0.001416062,-0.029217756,0.0,6.2907615183,0.1781854296999999,0.0,0.0,0.0,0.1554462275,0.03555579,0.4152555590999999,-0.068163154,0.0608017576999999,0.0291131475,0.1656420876,0.0485416483,0.0519536574,0.0490600811,106415.06281,0.2132096336,0.0029386997999999,0.4996960001,0.3480103525999999,0.0291059769,-0.022796841,0.3519493382999999,0.6579783772,0.0801422855,0.059874588,1.2054753105,-0.850087278,6.0,6.2747672476,0.0,0.0254611438,0.1545108118,,0.2853235425,1.0456256588,336.8358209,5.7759293621,0.0,0.0,0.2038032245,0.0,0.1647855157,0.6923677498999999,-0.640843963,0.9889284473,0.5154301271,0.0084564732,-0.001326537,-0.000512624,3.0,0.0333420862,0.003575504,0.0397679395999999,0.0086434267,0.0664060474,0.064394647,7.0,0.0176318103,5.607181e-12,0.0187171102,0.0135324384,0.3728282082999999,2.3140004485,1.5831464e-08,73.0,46.14609854
2017-08-31,323566487.0,0.8820819034999999,0.7780684844,0.1313899972,18.522371765,0.032492039,0.1552358557,0.0239565335,0.1404887124,0.1820263051,0.3486716594,0.0132919964999999,1.0782427564,0.105144178,-0.105144178,13.0,-0.135873214,0.2768254604,-0.557021318,0.9202208991,4.4508257312,0.0657813147,0.0280336848,0.0192919674,0.0057394507999999,0.0906935163,-0.001416062,-0.029217756,0.0,6.2907615183,0.1781854296999999,0.0,0.0,0.0,0.1554462275,0.03555579,0.4152555590999999,-0.068163154,0.0608017576999999,0.0291131475,0.1656420876,0.0485416483,0.0519536574,0.0490600811,106415.06281,0.2132096336,0.0029386997999999,0.4996960001,0.3480103525999999,0.0291059769,-0.022796841,0.3519493382999999,0.6579783772,0.0801422855,0.059874588,1.2054753105,-0.850087278,6.0,6.2747672476,0.0,0.0254611438,0.1545108118,,0.2853235425,1.0456256588,336.8358209,5.7759293621,0.0,0.0,0.2038032245,0.0,0.1647855157,0.6923677498999999,-0.640843963,0.9889284473,0.5154301271,0.0084564732,-0.001326537,-0.000512624,3.0,0.0333420862,0.003575504,0.0397679395999999,0.0086434267,0.0664060474,0.064394647,7.0,0.0153808193999999,5.6194120000000005e-12,0.0147727532,0.0116235463999999,0.3981024734,2.6044018404,2.0724287e-08,73.0,46.58400294
2017-09-29,326636984.16,0.8868623524,0.7865248320999999,0.0678419432,18.40338339,0.0325044737,0.1501967253999999,0.00948954,0.1303312311999999,0.2130891234,0.3456192321,0.0259609877,1.0327359577,0.105144178,-0.105144178,13.0,-0.135873214,0.2768254604,-0.561490854,0.9202208991,4.4508257312,0.0657813147,0.0280336848,0.0192919674,0.0057394507999999,0.0906935163,-0.001416062,-0.029217756,0.0,6.2907615183,0.1781854296999999,0.0,0.0,0.0,0.1554462275,0.03555579,0.4152555590999999,-0.068163154,0.0608017576999999,0.0291131475,0.1656420876,0.0485416483,0.0519536574,0.0490600811,106415.06281,0.2132096336,0.0029386997999999,0.4996960001,0.3480103525999999,0.0291059769,-0.022796841,0.3519493382999999,0.6579783772,0.0801422855,0.059874588,1.2054753105,-0.850087278,6.0,6.2747672476,0.0,0.0254611438,0.1545108118,,0.2853235425,1.0456256588,336.8358209,5.7759293621,0.0,0.0,0.2038032245,0.0,0.1647855157,0.6923677498999999,-0.640843963,0.9889284473,0.5154301271,0.0084564732,-0.001326537,-0.000512624,3.0,0.0333420862,0.003575504,0.0397679395999999,0.0086434267,0.0664060474,0.064394647,7.0,0.011530426,5.616091e-12,0.0198862087,0.0085549887,0.1845536707999999,0.6995117241,2.3638625e-08,73.0,47.56494849
2017-10-31,335183043.91,0.8851033135999999,0.7834078756999999,0.0889206205,18.433117429,0.0316050699,0.1335593528999999,0.0210575275,0.13232318,0.208467935,0.349979292,0.039905919,0.884761793,0.105144178,-0.105144178,13.0,-0.135873214,0.2768254604,-0.590223474,0.9202208991,4.4508257312,0.0657813147,0.0280336848,0.0192919674,0.0057394507999999,0.0906935163,-0.001416062,-0.029217756,0.0,6.2907615183,0.1781854296999999,0.0,0.0,0.0,0.1554462275,0.03555579,0.4152555590999999,-0.068163154,0.0608017576999999,0.0291131475,0.1656420876,0.0485416483,0.0519536574,0.0490600811,110505.21627,0.2132096336,0.0029386997999999,0.4996960001,0.3480103525999999,0.0291059769,-0.022796841,0.3519493382999999,0.6579783772,0.0801422855,0.059874588,1.2054753105,-0.850087278,6.0,6.2747672476,0.0,0.0254611438,0.1545108118,,0.2853235425,1.0456256588,336.8358209,5.7759293621,0.0,0.0,0.2038032245,0.0,0.1647855157,0.6923677498999999,-0.640843963,0.4435570651,0.5350841649,0.0031453051,0.0105365922,0.0385084863,4.0,0.0323946101,0.003143053,0.0390258638,0.007657185,0.0645755635,0.0654328971,7.0,0.0122289135,5.151005000000001e-12,0.0212248396,0.0082872637,0.2751500577,1.2157278483,2.7100945e-08,73.0,50.41802216
2017-11-30,355294335.68,0.8680014091,0.7534264463,-0.032597173,18.458297615,0.0314472934,0.239419099,0.0599827245,0.0586670048,0.2225125666,0.407122247,0.0606477174,0.8384919647,0.105144178,-0.105144178,13.0,-0.135873214,0.2768254604,-0.602122326,0.9202208991,4.4508257312,0.0657813147,0.0280336848,0.0192919674,0.0057394507999999,0.0906935163,-0.001416062,-0.029217756,0.0,6.2907615183,0.1781854296999999,0.0,0.0,0.0,0.1554462275,0.03555579,0.4152555590999999,-0.068163154,0.0608017576999999,0.0291131475,0.1656420876,0.0485416483,0.0519536574,0.0490600811,110505.21627,0.2132096336,0.0029386997999999,0.4996960001,0.3480103525999999,0.0291059769,-0.022796841,0.3519493382999999,0.6579783772,0.0801422855,0.059874588,1.2054753105,-0.850087278,6.0,6.2747672476,0.0,0.0254611438,0.1545108118,,0.2853235425,1.0456256588,336.8358209,5.7759293621,0.0,0.0,0.2038032245,0.0,0.1647855157,0.6923677498999999,-0.640843963,0.4435570651,0.5350841649,0.0031453051,0.0105365922,0.0385084863,4.0,0.0323946101,0.003143053,0.0390258638,0.007657185,0.0645755635,0.0654328971,7.0,0.0141509187999999,4.726174e-12,0.0480279066,0.012962116,0.3974524885,2.5929070256,2.1818396e-08,73.0,50.6545798
2017-12-29,356961336.0,0.8577807317,0.7357877836,-0.21422569,18.612569895,0.0312650288,0.2449363905,0.0046918853,0.0536658488,0.3411430004999999,0.4028775668,0.1205477494,0.8033936278,0.105144178,-0.105144178,13.0,-0.135873214,0.2768254604,-0.606495393,0.9202208991,4.4508257312,0.0657813147,0.0280336848,0.0192919674,0.0057394507999999,0.0906935163,-0.001416062,-0.029217756,0.0,6.2907615183,0.1781854296999999,0.0,0.0,0.0,0.1554462275,0.03555579,0.4152555590999999,-0.068163154,0.0608017576999999,0.0291131475,0.1656420876,0.0485416483,0.0519536574,0.0490600811,110505.21627,0.2132096336,0.0029386997999999,0.4996960001,0.3480103525999999,0.0291059769,-0.022796841,0.3519493382999999,0.6579783772,0.0801422855,0.059874588,1.2054753105,-0.850087278,6.0,6.2747672476,0.0,0.0254611438,0.1545108118,,0.2853235425,1.0456256588,336.8358209,5.7759293621,0.0,0.0,0.2038032245,0.0,0.1647855157,0.6923677498999999,-0.640843963,0.4435570651,0.5350841649,0.0031453051,0.0105365922,0.0385084863,4.0,0.0323946101,0.003143053,0.0390258638,0.007657185,0.0645755635,0.0654328971,7.0,0.0124524084,5.515945e-12,0.0158192273,0.0093475618,0.3200942369,1.1522430669,3.0000849e-08,73.0,51.89390382
2018-01-31,365550430.93,0.8770063684999999,0.7691401704,-0.02588868,18.574968293,0.0307507489,0.2964226808,0.0244662296,0.1239972222,0.3233784541,0.4702488674,0.0815289495,0.803118914,0.105144178,-0.105144178,13.0,-0.135873214,0.2768254604,-0.609979359,0.9202208991,4.4508257312,0.0657813147,0.0280336848,0.0192919674,0.0057394507999999,0.0906935163,-0.001416062,-0.029217756,0.0,6.2907615183,0.1781854296999999,0.0,0.0,0.0,0.1554462275,0.03555579,0.4152555590999999,-0.068163154,0.0608017576999999,0.0291131475,0.1656420876,0.0485416483,0.0519536574,0.0490600811,111022.44886,0.2132096336,0.0029386997999999,0.4996960001,0.3480103525999999,0.0291059769,-0.022796841,0.3519493382999999,0.6579783772,0.0801422855,0.059874588,1.2054753105,-0.850087278,6.0,6.2747672476,0.0,0.0254611438,0.1545108118,,0.2853235425,1.0456256588,336.8358209,5.7759293621,0.0,0.0,0.2038032245,0.0,0.1647855157,0.6923677498999999,-0.640843963,0.6527804885,0.5302456038000001,-0.002521194,0.0051390525,-0.017680971,0.0,0.0203987126,0.0040445197,0.0243119994,0.0070014426,0.0611132401999999,0.0588935921,7.0,0.0136023978,4.171252e-12,0.0143353352,0.0079426018,0.3521498853,1.6387948644,2.7139646000000003e-08,73.0,58.02059809
2018-02-28,409296468.86,0.8578534568,0.7359125532999999,0.0895130911,18.550768745,0.0306084329,0.2586383504,0.118061848,0.1245567156,0.3132695548,0.494757045,0.1278547872,0.7734437826,0.105144178,-0.105144178,13.0,-0.135873214,0.2768254604,-0.607676599,0.9202208991,4.4508257312,0.0657813147,0.0280336848,0.0192919674,0.0057394507999999,0.0906935163,-0.001416062,-0.029217756,0.0,6.2907615183,0.1781854296999999,0.0,0.0,0.0,0.1554462275,0.03555579,0.4152555590999999,-0.068163154,0.0608017576999999,0.0291131475,0.1656420876,0.0485416483,0.0519536574,0.0490600811,111022.44886,0.2132096336,0.0029386997999999,0.4996960001,0.3480103525999999,0.0291059769,-0.022796841,0.3519493382999999,0.6579783772,0.0801422855,0.059874588,1.2054753105,-0.850087278,6.0,6.2747672476,0.0,0.0254611438,0.1545108118,,0.2853235425,1.0456256588,336.8358209,5.7759293621,0.0,0.0,0.2038032245,0.0,0.1647855157,0.6923677498999999,-0.640843963,0.6527804885,0.5302456038000001,-0.002521194,0.0051390525,-0.017680971,0.0,0.0203987126,0.0040445197,0.0243119994,0.0070014426,0.0611132401999999,0.0588935921,7.0,0.0133312998,4.7659190000000006e-12,0.0177752059,0.0078139267,0.2340945071,0.8334949697,2.532666e-08,73.0,54.78665173
2018-03-29,386483155.29,0.896115219,0.8030224856,0.0350253576,18.759963011,0.0305365018,0.297904866,-0.055737872,0.245504693,0.4211925393,0.4782774147,0.0810880901999999,0.9473884581,0.105144178,-0.105144178,13.0,-0.135873214,0.2768254604,-0.609413842,0.9202208991,4.4508257312,0.0657813147,0.0280336848,0.0192919674,0.0057394507999999,0.0906935163,-0.001416062,-0.029217756,0.0,6.2907615183,0.1781854296999999,0.0,0.0,0.0,0.1554462275,0.03555579,0.4152555590999999,-0.068163154,0.0608017576999999,0.0291131475,0.1656420876,0.0485416483,0.0519536574,0.0490600811,111022.44886,0.2132096336,0.0029386997999999,0.4996960001,0.3480103525999999,0.0291059769,-0.022796841,0.3519493382999999,0.6579783772,0.0801422855,0.059874588,1.2054753105,-0.850087278,6.0,6.2747672476,0.0,0.0254611438,0.1545108118,,0.2853235425,1.0456256588,336.8358209,5.7759293621,0.0,0.0,0.2038032245,0.0,0.1647855157,0.6923677498999999,-0.640843963,0.6527804885,0.5302456038000001,-0.002521194,0.0051390525,-0.017680971,0.0,0.0203987126,0.0040445197,0.0243119994,0.0070014426,0.0611132401999999,0.0588935921,7.0,0.0273070635,7.618872e-12,0.0362049787999999,0.0254014966999999,0.3955031338,2.8985964559,1.9005748e-08,73.0,51.16935305
2018-04-30,360458945.52,0.9550425411,0.9121062554,-0.08038846,18.7793208,0.0302424741999999,0.2705923079,-0.06602513,0.1518282571,0.3317059432,0.5179517396,0.0656739228,1.1133661172,0.105144178,-0.105144178,13.0,-0.135873214,0.2768254604,-0.605505144,0.9202208991,4.4508257312,0.0657813147,0.0280336848,0.0192919674,0.0057394507999999,0.0906935163,-0.001416062,-0.029217756,0.0,6.2907615183,0.1781854296999999,0.0,0.0,0.0,0.1554462275,0.03555579,0.4152555590999999,-0.068163154,0.0608017576999999,0.0291131475,0.1656420876,0.0485416483,0.0519536574,0.0490600811,111022.44886,0.2132096336,0.0029386997999999,0.4996960001,0.3480103525999999,0.0291059769,-0.022796841,0.3519493382999999,0.6579783772,0.0801422855,0.059874588,1.2054753105,-0.850087278,6.0,6.2747672476,0.0,0.0254611438,0.1545108118,,0.2853235425,1.0456256588,336.8358209,5.7759293621,0.0,0.0,0.2038032245,0.0,0.1647855157,0.6923677498999999,-0.640843963,1.0605864673,0.5283587287,0.0016442844,0.0238400733,0.0501115163999999,1.0,0.0376887376,0.0044604491,0.0453987565,0.0078651246,0.0593014928,0.0590247380999999,7.0,0.0296442612,7.372510000000001e-12,0.0309718903,0.022471374,0.2987962556,1.8949502115,1.604195e-08,73.0,50.45224119
2018-05-31,354999344.12,1.0352652838,1.0717742078,-0.121490025,18.786512079,0.0309912706,0.2304402623999999,-0.0140145,0.0149020557,0.1388913572,0.6860088109999999,0.0148249396,1.2380069465,0.105144178,-0.105144178,13.0,-0.135873214,0.2768254604,-0.611867704,0.9202208991,4.4508257312,0.0657813147,0.0280336848,0.0192919674,0.0057394507999999,0.0906935163,-0.001416062,-0.029217756,0.0,6.2907615183,0.1781854296999999,0.0,0.0,0.0,0.1554462275,0.03555579,0.4152555590999999,-0.068163154,0.0608017576999999,0.0291131475,0.1656420876,0.0485416483,0.0519536574,0.0490600811,111022.44886,0.2132096336,0.0029386997999999,0.4996960001,0.3480103525999999,0.0291059769,-0.022796841,0.3519493382999999,0.6579783772,0.0801422855,0.059874588,1.2054753105,-0.850087278,6.0,6.2747672476,0.0,0.0254611438,0.1545108118,,0.2853235425,1.0456256588,336.8358209,5.7759293621,0.0,0.0,0.2038032245,0.0,0.1647855157,0.6923677498999999,-0.640843963,1.0605864673,0.5283587287,0.0016442844,0.0238400733,0.0501115163999999,1.0,0.0376887376,0.0044604491,0.0453987565,0.0078651246,0.0593014928,0.0590247380999999,7.0,0.0245035319,6.219253e-12,0.0348562151,0.0174405473,0.3195642709,2.2140587278,1.7408015999999998e-08,73.0,53.8076899
2018-06-29,378609427.07,1.0347875852,1.0707853464,0.0036377784,18.675474576,0.031487271,0.2235207337,0.0665073991,-0.0039944329999999,0.0543809830999999,0.8132717051999999,0.0063679685,1.1333752189,0.105144178,-0.105144178,13.0,-0.135873214,0.2768254604,-0.615889061,0.9202208991,4.4508257312,0.0657813147,0.0280336848,0.0192919674,0.0057394507999999,0.0906935163,-0.001416062,-0.029217756,0.0,6.2907615183,0.1781854296999999,0.0,0.0,0.0,0.1554462275,0.03555579,0.4152555590999999,-0.068163154,0.0608017576999999,0.0291131475,0.1656420876,0.0485416483,0.0519536574,0.0490600811,111022.44886,0.2132096336,0.0029386997999999,0.4996960001,0.3480103525999999,0.0291059769,-0.022796841,0.3519493382999999,0.6579783772,0.0801422855,0.059874588,1.2054753105,-0.850087278,6.0,6.2747672476,0.0,0.0254611438,0.1545108118,,0.2853235425,1.0456256588,336.8358209,5.7759293621,0.0,0.0,0.2038032245,0.0,0.1647855157,0.6923677498999999,-0.640843963,1.0605864673,0.5283587287,0.0016442844,0.0238400733,0.0501115163999999,1.0,0.0376887376,0.0044604491,0.0453987565,0.0078651246,0.0593014928,0.0590247380999999,7.0,0.0164977231,6.019478e-12,0.0273742302999999,0.0124372648,0.3108928815,1.4427688256,2.179285e-08,73.0,55.32820509
2018-07-31,390656012.55,1.0377060373,1.0768338199,-0.085317913,18.648682089,0.0231768848,0.2744506435,0.0282583572,0.0368787919,0.1939630218,0.7458453433,0.3115541284,1.007366272,0.1339338582,-0.133933858,14.0,-0.1779016939999999,0.2249136482,-0.6077460379999999,0.5340595735,5.2866705166,0.0506787676,0.0139819489999999,0.0286299885,0.0050485105,0.0258329197,0.0026371192,-1.254409743,0.0,5.1403051731,0.1627775286999999,0.0,0.0,0.0,0.0968526136999999,0.0173005461,0.4308793589999999,0.329702471,0.039447137,0.0295524153,0.1118204655,0.0752311982,0.0612022872,0.5738378834000001,130255.78183,0.2329401303,0.0029670533,-0.123040858,-0.182880299,-0.0864711609999999,-0.049400978,-0.185733462,-1.566765219,0.0311972847,0.0697576698,-0.560604911,-1.929316064,5.0,5.1093330025,0.0,0.0227153355,0.1499706824,,0.2900528169,1.0881899657,148.00400534,5.926490243300001,0.0065507685,1.0,0.2280109004,0.0,0.1514651742,0.7011312147,1.7794355023,1.0605864673,0.5283587287,0.0016442844,0.0238400733,0.0501115163999999,1.0,0.0376887376,0.0044604491,0.0453987565,0.0078651246,0.0593014928,0.0590247380999999,8.0,0.0164064581,5.305876000000001e-12,0.0318067558,0.0127985047,0.2448957673,1.0875627024,2.2644314e-08,73.0,60.36732929
2018-08-31,425898584.0,0.9986780852,0.9973579178,-0.216877383,18.706464008,0.0230366237,0.2738322662,0.0910769328,-0.04640402,0.198979073,0.4873483704,-0.001585347,0.9130690355,0.1339338582,-0.133933858,14.0,-0.1779016939999999,0.2249136482,-0.6014801710000001,0.5340595735,5.2866705166,0.0506787676,0.0139819489999999,0.0286299885,0.0050485105,0.0258329197,0.0026371192,-1.254409743,0.0,5.1403051731,0.1627775286999999,0.0,0.0,0.0,0.0968526136999999,0.0173005461,0.4308793589999999,0.329702471,0.039447137,0.0295524153,0.1118204655,0.0752311982,0.0612022872,0.5738378834000001,137504.2637,0.2329401303,0.0029670533,-0.123040858,-0.182880299,-0.0864711609999999,-0.049400978,-0.185733462,-1.566765219,0.0311972847,0.0697576698,-0.560604911,-1.929316064,5.0,5.1093330025,0.0,0.0227153355,0.1499706824,,0.2900528169,1.0881899657,148.00400534,5.926490243300001,0.0065507685,1.0,0.2280109004,0.0,0.1514651742,0.7011312147,1.7794355023,1.6258888724,0.5163384779,0.0568010173,-0.00454371,-0.0443299609999999,0.0,-0.015933648,0.0122291285,-0.019223425,0.0085518969,0.0587282436,0.0961228,8.0,0.0191574988,7.317716999999999e-12,0.035321407,0.0147586978,0.4416433503,1.9088329835,2.2865083e-08,73.0,60.41345059
2018-09-28,426223951.27,0.9688929001,0.9387534518,-0.073379119,18.641366278,0.0235039498,0.2570636077,0.0007639548,0.1018620205,0.295881094,0.5193368526,-0.018152696,0.8857935370000001,0.1339338582,-0.133933858,14.0,-0.1779016939999999,0.2249136482,-0.602553672,0.5340595735,5.2866705166,0.0506787676,0.0139819489999999,0.0286299885,0.0050485105,0.0258329197,0.0026371192,-1.254409743,0.0,5.1403051731,0.1627775286999999,0.0,0.0,0.0,0.0968526136999999,0.0173005461,0.4308793589999999,0.329702471,0.039447137,0.0295524153,0.1118204655,0.0752311982,0.0612022872,0.5738378834000001,137504.2637,0.2329401303,0.0029670533,-0.123040858,-0.182880299,-0.0864711609999999,-0.049400978,-0.185733462,-1.566765219,0.0311972847,0.0697576698,-0.560604911,-1.929316064,5.0,5.1093330025,0.0,0.0227153355,0.1499706824,,0.2900528169,1.0881899657,148.00400534,5.926490243300001,0.0065507685,1.0,0.2280109004,0.0,0.1514651742,0.7011312147,1.7794355023,1.6258888724,0.5163384779,0.0568010173,-0.00454371,-0.0443299609999999,0.0,-0.015933648,0.0122291285,-0.019223425,0.0085518969,0.0587282436,0.0961228,8.0,0.0145179702,4.829832e-12,0.0173431542,0.0098256508,0.2216319954,0.7940548337000001,2.3080504e-08,73.0,59.18751663
2018-10-31,416927993.04,0.9548462086,0.9117312822,0.080919834,18.608019476,0.0225521685,0.2754386613,-0.020292377,0.1806568134,0.2701253883,0.5763946006,0.1137184425,0.8553294337999999,0.1339338582,-0.133933858,14.0,-0.1779016939999999,0.2249136482,-0.5777675489999999,0.5340595735,5.2866705166,0.0506787676,0.0139819489999999,0.0286299885,0.0050485105,0.0258329197,0.0026371192,-1.254409743,0.0,5.1403051731,0.1627775286999999,0.0,0.0,0.0,0.0968526136999999,0.0173005461,0.4308793589999999,0.329702471,0.039447137,0.0295524153,0.1118204655,0.0752311982,0.0612022872,0.5738378834000001,138808.80758,0.2329401303,0.0029670533,-0.123040858,-0.182880299,-0.0864711609999999,-0.049400978,-0.185733462,-1.566765219,0.0311972847,0.0697576698,-0.560604911,-1.929316064,5.0,5.1093330025,0.0,0.0227153355,0.1499706824,,0.2900528169,1.0881899657,148.00400534,5.926490243300001,0.0065507685,1.0,0.2280109004,0.0,0.1514651742,0.7011312147,1.7794355023,0.3185162693,0.4971851064,-0.001452916,0.1325039026,-0.063157299,1.0,0.0476494589,0.0132171368999999,0.0616450932,0.0088740248,0.053151505,0.1015621008,8.0,0.017795629,5.232012e-12,0.0134746516,0.0105721378,0.3439906729999999,2.1779513094,2.7791896e-08,73.0,53.4000371
2018-11-30,376454950.38,1.0017113309,1.0034255905,0.0577487404,18.598541707,0.0225443156,0.2136534913,-0.0977820609999999,0.1731394430999999,0.1739356654,0.4302556392,0.041609001,1.0136416725,0.1339338582,-0.133933858,14.0,-0.1779016939999999,0.2249136482,-0.583176602,0.5340595735,5.2866705166,0.0506787676,0.0139819489999999,0.0286299885,0.0050485105,0.0258329197,0.0026371192,-1.254409743,0.0,5.1403051731,0.1627775286999999,0.0,0.0,0.0,0.0968526136999999,0.0173005461,0.4308793589999999,0.329702471,0.039447137,0.0295524153,0.1118204655,0.0752311982,0.0612022872,0.5738378834000001,138808.80758,0.2329401303,0.0029670533,-0.123040858,-0.182880299,-0.0864711609999999,-0.049400978,-0.185733462,-1.566765219,0.0311972847,0.0697576698,-0.560604911,-1.929316064,5.0,5.1093330025,0.0,0.0227153355,0.1499706824,,0.2900528169,1.0881899657,148.00400534,5.926490243300001,0.0065507685,1.0,0.2280109004,0.0,0.1514651742,0.7011312147,1.7794355023,0.3185162693,0.4971851064,-0.001452916,0.1325039026,-0.063157299,1.0,0.0476494589,0.0132171368999999,0.0616450932,0.0088740248,0.053151505,0.1015621008,8.0,0.0334313465,7.941816e-12,0.0426949263,0.0256178756,0.3380626106,2.3772820625,1.3708200000000002e-08,73.0,54.27584591
2018-12-31,382629163.23,1.0060147484,1.012065674,-0.053546711,18.839129139,0.0222227916,0.0831378079,0.0164009333,-0.007576082,0.0541996333,0.375451119,0.0727443414,1.0904756185,0.1339338582,-0.133933858,14.0,-0.1779016939999999,0.2249136482,-0.581874674,0.5340595735,5.2866705166,0.0506787676,0.0139819489999999,0.0286299885,0.0050485105,0.0258329197,0.0026371192,-1.254409743,0.0,5.1403051731,0.1627775286999999,0.0,0.0,0.0,0.0968526136999999,0.0173005461,0.4308793589999999,0.329702471,0.039447137,0.0295524153,0.1118204655,0.0752311982,0.0612022872,0.5738378834000001,138808.80758,0.2329401303,0.0029670533,-0.123040858,-0.182880299,-0.0864711609999999,-0.049400978,-0.185733462,-1.566765219,0.0311972847,0.0697576698,-0.560604911,-1.929316064,5.0,5.1093330025,0.0,0.0227153355,0.1499706824,,0.2900528169,1.0881899657,148.00400534,5.926490243300001,0.0065507685,1.0,0.2280109004,0.0,0.1514651742,0.7011312147,1.7794355023,0.3185162693,0.4971851064,-0.001452916,0.1325039026,-0.063157299,1.0,0.0476494589,0.0132171368999999,0.0616450932,0.0088740248,0.053151505,0.1015621008,8.0,0.025176529,8.377618e-12,0.0400416926,0.0193670302,0.3032571688,1.3420141496,1.9730965000000002e-08,73.0,51.35879753
2019-01-31,362130028.46,1.0252114279,1.0510584719,-0.13792225,18.732202725,0.0225187338,0.0709966719,-0.0537449309999999,-0.0190202789999999,0.0459002554,0.378874146,0.0332958759,1.2001902902,0.1339338582,-0.133933858,14.0,-0.1779016939999999,0.2249136482,-0.587725095,0.5340595735,5.2866705166,0.0506787676,0.0139819489999999,0.0286299885,0.0050485105,0.0258329197,0.0026371192,-1.254409743,0.0,5.1403051731,0.1627775286999999,0.0,0.0,0.0,0.0968526136999999,0.0173005461,0.4308793589999999,0.329702471,0.039447137,0.0295524153,0.1118204655,0.0752311982,0.0612022872,0.5738378834000001,138808.80758,0.2329401303,0.0029670533,-0.123040858,-0.182880299,-0.0864711609999999,-0.049400978,-0.185733462,-1.566765219,0.0311972847,0.0697576698,-0.560604911,-1.929316064,5.0,5.1093330025,0.0,0.0227153355,0.1499706824,,0.2900528169,1.0881899657,148.00400534,5.926490243300001,0.0065507685,1.0,0.2280109004,0.0,0.1514651742,0.7011312147,1.7794355023,0.8051334246999999,0.4832191295,0.0009349405,-0.035263182,0.0509711853,0.0,0.0154396308,0.0135895109,0.0198663143,0.0084583005,0.061461836,0.1003354247,8.0,0.0344951537,7.2581800000000005e-12,0.0647804737,0.0240770365,0.2997644489,2.1633437197,1.9948112e-08,73.0,55.3639119
2019-02-28,389937991.96,1.0411385887,1.0839695609,-0.123329455,18.717803603,0.0225587569,-0.077372714,0.0779830366,-0.149228615,-0.114817825,0.5747222831000001,0.0364844025,1.0305399605,0.1339338582,-0.133933858,14.0,-0.1779016939999999,0.2249136482,-0.598357126,0.5340595735,5.2866705166,0.0506787676,0.0139819489999999,0.0286299885,0.0050485105,0.0258329197,0.0026371192,-1.254409743,0.0,5.1403051731,0.1627775286999999,0.0,0.0,0.0,0.0968526136999999,0.0173005461,0.4308793589999999,0.329702471,0.039447137,0.0295524153,0.1118204655,0.0752311982,0.0612022872,0.5738378834000001,145592.79182,0.2329401303,0.0029670533,-0.123040858,-0.182880299,-0.0864711609999999,-0.049400978,-0.185733462,-1.566765219,0.0311972847,0.0697576698,-0.560604911,-1.929316064,5.0,5.1093330025,0.0,0.0227153355,0.1499706824,,0.2900528169,1.0881899657,148.00400534,5.926490243300001,0.0065507685,1.0,0.2280109004,0.0,0.1514651742,0.7011312147,1.7794355023,0.8051334246999999,0.4832191295,0.0009349405,-0.035263182,0.0509711853,0.0,0.0154396308,0.0135895109,0.0198663143,0.0084583005,0.061461836,0.1003354247,8.0,0.0210811393,9.17219e-12,0.0537861586,0.0196051569,0.2165726655,0.9164348439,2.3715862000000004e-08,73.0,55.53996633
2019-03-29,391177992.07,0.9820268294,0.9643766937,-0.1833725739999999,18.795005562,0.0226676392,0.0428633659999999,0.003179993,-0.08358298,0.0105365242999999,0.5832293569,0.1057534015,0.9557066721,0.1339338582,-0.133933858,14.0,-0.1779016939999999,0.2249136482,-0.607250034,0.5340595735,5.2866705166,0.0506787676,0.0139819489999999,0.0286299885,0.0050485105,0.0258329197,0.0026371192,-1.254409743,0.0,5.1403051731,0.1627775286999999,0.0,0.0,0.0,0.0968526136999999,0.0173005461,0.4308793589999999,0.329702471,0.039447137,0.0295524153,0.1118204655,0.0752311982,0.0612022872,0.5738378834000001,145592.79182,0.2329401303,0.0029670533,-0.123040858,-0.182880299,-0.0864711609999999,-0.049400978,-0.185733462,-1.566765219,0.0311972847,0.0697576698,-0.560604911,-1.929316064,5.0,5.1093330025,0.0,0.0227153355,0.1499706824,,0.2900528169,1.0881899657,148.00400534,5.926490243300001,0.0065507685,1.0,0.2280109004,0.0,0.1514651742,0.7011312147,1.7794355023,0.8051334246999999,0.4832191295,0.0009349405,-0.035263182,0.0509711853,0.0,0.0154396308,0.0135895109,0.0198663143,0.0084583005,0.061461836,0.1003354247,8.0,0.0168025722,4.608406e-12,0.0240728258999999,0.0120039775,0.3653101779,1.8843026549,2.7795857e-08,73.0,58.18772582
2019-04-30,409263454.85,1.026915157,1.0545547397,-0.173590329,18.677403902,0.0219325713,0.1144132756,0.0476730578,-0.0616269609999999,0.0854146684,0.3850460065,0.1204873373,0.8740514858,0.1339338582,-0.133933858,14.0,-0.1779016939999999,0.2249136482,-0.607785925,0.5340595735,5.2866705166,0.0506787676,0.0139819489999999,0.0286299885,0.0050485105,0.0258329197,0.0026371192,-1.254409743,0.0,5.1403051731,0.1627775286999999,0.0,0.0,0.0,0.0968526136999999,0.0173005461,0.4308793589999999,0.329702471,0.039447137,0.0295524153,0.1118204655,0.0752311982,0.0612022872,0.5738378834000001,147829.42359000002,0.2329401303,0.0029670533,-0.123040858,-0.182880299,-0.0864711609999999,-0.049400978,-0.185733462,-1.566765219,0.0311972847,0.0697576698,-0.560604911,-1.929316064,5.0,5.1093330025,0.0,0.0227153355,0.1499706824,,0.2900528169,1.0881899657,148.00400534,5.926490243300001,0.0065507685,1.0,0.2280109004,0.0,0.1514651742,0.7011312147,1.7794355023,0.7616227162,0.4803510007,-0.001878271,-0.013822835,-0.027305327,1.0,0.0434384008,0.0141300107,0.0567407407,0.007104121,0.0604454158,0.1001922422,8.0,0.0170892414999999,5.274822e-12,0.0292738154999999,0.0124210882,0.2436718372,1.084922707,2.2976968e-08,73.0,58.94004856
2019-05-31,413904791.92,1.0206448753,1.0417159615,0.0453179722,18.736985397,0.0220154333,0.1053305298,0.0129291676,0.0896570645,0.1533229492999999,0.4679874784,0.0943378867,0.8467178156,0.1339338582,-0.133933858,14.0,-0.1779016939999999,0.2249136482,-0.509601976,0.5340595735,5.2866705166,0.0506787676,0.0139819489999999,0.0286299885,0.0050485105,0.0258329197,0.0026371192,-1.254409743,0.0,5.1403051731,0.1627775286999999,0.0,0.0,0.0,0.0968526136999999,0.0173005461,0.4308793589999999,0.329702471,0.039447137,0.0295524153,0.1118204655,0.0752311982,0.0612022872,0.5738378834000001,147829.42359000002,0.2329401303,0.0029670533,-0.123040858,-0.182880299,-0.0864711609999999,-0.049400978,-0.185733462,-1.566765219,0.0311972847,0.0697576698,-0.560604911,-1.929316064,5.0,5.1093330025,0.0,0.0227153355,0.1499706824,,0.2900528169,1.0881899657,148.00400534,5.926490243300001,0.0065507685,1.0,0.2280109004,0.0,0.1514651742,0.7011312147,1.7794355023,0.7616227162,0.4803510007,-0.001878271,-0.013822835,-0.027305327,1.0,0.0434384008,0.0141300107,0.0567407407,0.007104121,0.0604454158,0.1001922422,8.0,0.0110081985,5.477218e-12,0.0180003531,0.0189495136,0.4822133732,3.3892452751,2.6062605e-08,73.0,54.73209965
2019-06-28,384354600.02,1.0421353866,1.086046164,-0.000294435,18.614412631,0.0218480439,0.071745869,-0.071393691,0.0859350746,0.0953833569999999,0.4747322798,0.0731182403,0.8893387508,0.1339338582,-0.133933858,14.0,-0.1779016939999999,0.2249136482,-0.519461105,0.5340595735,5.2866705166,0.0506787676,0.0139819489999999,0.0286299885,0.0050485105,0.0258329197,0.0026371192,-1.254409743,0.0,5.1403051731,0.1627775286999999,0.0,0.0,0.0,0.0968526136999999,0.0173005461,0.4308793589999999,0.329702471,0.039447137,0.0295524153,0.1118204655,0.0752311982,0.0612022872,0.5738378834000001,148108.26882,0.2329401303,0.0029670533,-0.123040858,-0.182880299,-0.0864711609999999,-0.049400978,-0.185733462,-1.566765219,0.0311972847,0.0697576698,-0.560604911,-1.929316064,5.0,5.1093330025,0.0,0.0227153355,0.1499706824,,0.2900528169,1.0881899657,148.00400534,5.926490243300001,0.0065507685,1.0,0.2280109004,0.0,0.1514651742,0.7011312147,1.7794355023,0.7616227162,0.4803510007,-0.001878271,-0.013822835,-0.027305327,1.0,0.0434384008,0.0141300107,0.0567407407,0.007104121,0.0604454158,0.1001922422,8.0,0.018127806,6.114221e-12,0.0390650295,0.0146316491,0.2765551053,1.2372953971,2.0785267e-08,73.0,53.60535128
2019-07-31,376165339.17,1.0292833311,1.0594241757,0.1154853523,18.641843602,0.0227119466,-0.003820006,-0.0205865839999999,0.0656811194,-0.010774005,0.61197813,0.043192204,0.9142821498,0.080146575,-0.080146575,15.0,-0.179918396,0.2650935451,-0.339718282,0.7956421261,4.5633882881,0.0660004663,0.01267276,0.0477965087,0.0011125776,0.1383806075,0.0016647795,0.9365196747,0.0,3.919006354700001,0.1511914131,0.0,0.0,0.0,0.164758495,0.0422878475,0.4374109835999999,1.4617117116999998,0.1304619763,0.0314957499,0.2329422045,0.1176816442,0.0758968903,0.2315317125,130830.41203,0.2248004383,0.0029887438,-2.361144081,-0.237592668,-0.071177611,-0.038458569,-0.2392293439999999,-0.24375476,0.1012033041,-0.026515102,-0.164925307,-0.560743103,6.0,3.8870306181,0.0,0.0294691374,0.1565498944,,0.1827224792,1.2536100421,123.59439928,6.4558580663,0.0154536391,1.0,0.2342158676,0.0,0.1882411832999999,0.6737696699,-2.861241011,0.7616227162,0.4803510007,-0.001878271,-0.013822835,-0.027305327,1.0,0.0434384008,0.0141300107,0.0567407407,0.007104121,0.0604454158,0.1001922422,8.0,0.0168807027,5.42147e-12,0.0207787436,0.0176566407,0.3821147507,2.6540586358,2.2346151e-08,73.0,60.33856547
2019-08-30,422607733.26,0.998451539,0.9969054758,0.1727366612,18.568161729,0.0234801781,0.0325963993,0.1256071477999999,-0.031763627,-0.112013845,0.5833453104999999,0.0497857912,0.9639071624,0.080146575,-0.080146575,15.0,-0.179918396,0.2650935451,-0.619308369,0.7956421261,4.5633882881,0.0660004663,0.01267276,0.0477965087,0.0011125776,0.1383806075,0.0016647795,0.9365196747,0.0,3.919006354700001,0.1511914131,0.0,0.0,0.0,0.164758495,0.0422878475,0.4374109835999999,1.4617117116999998,0.1304619763,0.0314957499,0.2329422045,0.1176816442,0.0758968903,0.2315317125,130175.42143,0.2248004383,0.0029887438,-2.361144081,-0.237592668,-0.071177611,-0.038458569,-0.2392293439999999,-0.24375476,0.1012033041,-0.026515102,-0.164925307,-0.560743103,6.0,3.8870306181,0.0,0.0294691374,0.1565498944,,0.1827224792,1.2536100421,123.59439928,6.4558580663,0.0154536391,1.0,0.2342158676,0.0,0.1882411832999999,0.6737696699,-2.861241011,0.5435869184000001,0.4688305439999999,-0.050249626,-0.021344897,0.0264609898,0.0,0.0403903619,0.0144376149,0.0526848799,0.0095662220999999,0.0606249887,0.1001332746,8.0,0.0143820893,5.967591e-12,0.1044854224,0.0238323717,0.4099644495,2.3814602056,2.0929765e-08,73.0,58.9212033
2019-09-30,412680586.02,1.0142577385,1.0287187602,0.1415480726,18.634643355,0.0249124804,-0.018180626,-0.023490217,0.0863990410999999,-0.001239444,0.5881493482,0.0519335495,0.9288036027,0.080146575,-0.080146575,15.0,-0.179918396,0.2650935451,-0.622614635,0.7956421261,4.5633882881,0.0660004663,0.01267276,0.0477965087,0.0011125776,0.1383806075,0.0016647795,0.9365196747,0.0,3.919006354700001,0.1511914131,0.0,0.0,0.0,0.164758495,0.0422878475,0.4374109835999999,1.4617117116999998,0.1304619763,0.0314957499,0.2329422045,0.1176816442,0.0758968903,0.2315317125,130830.41203,0.2248004383,0.0029887438,-2.361144081,-0.237592668,-0.071177611,-0.038458569,-0.2392293439999999,-0.24375476,0.1012033041,-0.026515102,-0.164925307,-0.560743103,6.0,3.8870306181,0.0,0.0294691374,0.1565498944,,0.1827224792,1.2536100421,123.59439928,6.4558580663,0.0154536391,1.0,0.2342158676,0.0,0.1882411832999999,0.6737696699,-2.861241011,0.5435869184000001,0.4688305439999999,-0.050249626,-0.021344897,0.0264609898,0.0,0.0403903619,0.0144376149,0.0526848799,0.0095662220999999,0.0606249887,0.1001332746,8.0,0.0182482048,8.288439e-12,0.026243886,0.0169580054,0.2872472999,1.1800185591,2.3863136000000004e-08,73.0,60.45362076
2019-10-31,420279506.0,1.0320976044,1.0652254651000002,0.0558329212,18.736044143,0.0248750854999999,-0.02553127,0.0260079335,0.0126053012999999,-0.004499474,0.5354243625999999,0.0563266094,0.8649865668000001,0.080146575,-0.080146575,15.0,-0.179918396,0.2650935451,-0.6306596,0.7956421261,4.5633882881,0.0660004663,0.01267276,0.0477965087,0.0011125776,0.1383806075,0.0016647795,0.9365196747,0.0,3.919006354700001,0.1511914131,0.0,0.0,0.0,0.164758495,0.0422878475,0.4374109835999999,1.4617117116999998,0.1304619763,0.0314957499,0.2329422045,0.1176816442,0.0758968903,0.2315317125,130830.41203,0.2248004383,0.0029887438,-2.361144081,-0.237592668,-0.071177611,-0.038458569,-0.2392293439999999,-0.24375476,0.1012033041,-0.026515102,-0.164925307,-0.560743103,6.0,3.8870306181,0.0,0.0294691374,0.1565498944,,0.1827224792,1.2536100421,123.59439928,6.4558580663,0.0154536391,1.0,0.2342158676,0.0,0.1882411832999999,0.6737696699,-2.861241011,1.753475656,0.4625574182,0.0016768551,0.1632428233,-0.0579512159999999,0.0,0.0285963435,0.0144244489999999,0.0374771995,0.0063508798,0.0565333076999999,0.0981890225,8.0,0.0158017037,5.11912e-12,0.0253679678,0.0111326681,0.2214048036,0.9271337438,2.7951485e-08,73.0,62.49238068
2019-11-29,432912045.58,1.0321123862,1.0652559778,-0.043475147,18.597487034,0.0241632689999999,0.0501671658,0.0337243527,0.0256798855,0.1320894794,0.3724858469,0.1298372816,0.8291752898,0.080146575,-0.080146575,15.0,-0.179918396,0.2650935451,-0.4819562429999999,0.7956421261,4.5633882881,0.0660004663,0.01267276,0.0477965087,0.0011125776,0.1383806075,0.0016647795,0.9365196747,0.0,3.919006354700001,0.1511914131,0.0,0.0,0.0,0.164758495,0.0422878475,0.4374109835999999,1.4617117116999998,0.1304619763,0.0314957499,0.2329422045,0.1176816442,0.0758968903,0.2315317125,130830.41203,0.2248004383,0.0029887438,-2.361144081,-0.237592668,-0.071177611,-0.038458569,-0.2392293439999999,-0.24375476,0.1012033041,-0.026515102,-0.164925307,-0.560743103,6.0,3.8870306181,0.0,0.0294691374,0.1565498944,,0.1827224792,1.2536100421,123.59439928,6.4558580663,0.0154536391,1.0,0.2342158676,0.0,0.1882411832999999,0.6737696699,-2.861241011,1.753475656,0.4625574182,0.0016768551,0.1632428233,-0.0579512159999999,0.0,0.0285963435,0.0144244489999999,0.0374771995,0.0063508798,0.0565333076999999,0.0981890225,8.0,0.0148971531,5.400342e-12,0.0212547406999999,0.0117618137,0.2813699497,1.1663696657,2.2317947e-08,73.0,64.71661768
2019-12-31,448320299.54,1.112710505,1.238124668,0.1740190755,18.653510156,0.0242054406,0.0600923036,0.0355921127,0.1417866382,0.151384681,0.4437629671999999,0.0259176611,0.7937932056,0.080146575,-0.080146575,15.0,-0.179918396,0.2650935451,-0.482315162,0.7956421261,4.5633882881,0.0660004663,0.01267276,0.0477965087,0.0011125776,0.1383806075,0.0016647795,0.9365196747,0.0,3.919006354700001,0.1511914131,0.0,0.0,0.0,0.164758495,0.0422878475,0.4374109835999999,1.4617117116999998,0.1304619763,0.0314957499,0.2329422045,0.1176816442,0.0758968903,0.2315317125,130830.41203,0.2248004383,0.0029887438,-2.361144081,-0.237592668,-0.071177611,-0.038458569,-0.2392293439999999,-0.24375476,0.1012033041,-0.026515102,-0.164925307,-0.560743103,6.0,3.8870306181,0.0,0.0294691374,0.1565498944,,0.1827224792,1.2536100421,123.59439928,6.4558580663,0.0154536391,1.0,0.2342158676,0.0,0.1882411832999999,0.6737696699,-2.861241011,1.753475656,0.4625574182,0.0016768551,0.1632428233,-0.0579512159999999,0.0,0.0285963435,0.0144244489999999,0.0374771995,0.0063508798,0.0565333076999999,0.0981890225,8.0,0.0115541198,3.80829e-12,0.0178503618,0.008330823,0.2770339432,0.970515447,3.0126127e-08,73.0,66.30656278
2020-01-31,457349090.0,1.1008919683,1.2119631259,0.1931968479,18.61005998,0.0242877569,0.2196985461,0.0245678481,0.2072789869,0.2600882501,0.3417765413,0.0486593246,0.8000283497,0.080146575,-0.080146575,15.0,-0.179918396,0.2650935451,-0.48155996,0.7956421261,4.5633882881,0.0660004663,0.01267276,0.0477965087,0.0011125776,0.1383806075,0.0016647795,0.9365196747,0.0,3.919006354700001,0.1511914131,0.0,0.0,0.0,0.164758495,0.0422878475,0.4374109835999999,1.4617117116999998,0.1304619763,0.0314957499,0.2329422045,0.1176816442,0.0758968903,0.2315317125,135143.47047,0.2248004383,0.0029887438,-2.361144081,-0.237592668,-0.071177611,-0.038458569,-0.2392293439999999,-0.24375476,0.1012033041,-0.026515102,-0.164925307,-0.560743103,6.0,3.8870306181,0.0,0.0294691374,0.1565498944,,0.1827224792,1.2536100421,123.59439928,6.4558580663,0.0154536391,1.0,0.2342158676,0.0,0.1882411832999999,0.6737696699,-2.861241011,1.2121977716,0.4708499772,0.005576296,-0.027301651,0.0921561164,1.0,0.0405422479999999,0.0146937988999999,0.0542153571,0.0083657418,0.0473834117,0.0916194643999999,8.0,0.0105740029,3.728585e-12,0.0195015818,0.007565308,0.4350464551,1.6803119075,2.5973577e-08,73.0,71.12747867
2020-02-28,489043738.74,1.0809673221,1.1684903514,0.0889524135,18.572650439,0.0242899273,0.0814089362,0.0727064386,0.0989084745,0.1976495575,0.4010843792,0.0688879408,0.8416955051,0.080146575,-0.080146575,15.0,-0.179918396,0.2650935451,-0.481409891,0.7956421261,4.5633882881,0.0660004663,0.01267276,0.0477965087,0.0011125776,0.1383806075,0.0016647795,0.9365196747,0.0,3.919006354700001,0.1511914131,0.0,0.0,0.0,0.164758495,0.0422878475,0.4374109835999999,1.4617117116999998,0.1304619763,0.0314957499,0.2329422045,0.1176816442,0.0758968903,0.2315317125,135143.47047,0.2248004383,0.0029887438,-2.361144081,-0.237592668,-0.071177611,-0.038458569,-0.2392293439999999,-0.24375476,0.1012033041,-0.026515102,-0.164925307,-0.560743103,6.0,3.8870306181,0.0,0.0294691374,0.1565498944,,0.1827224792,1.2536100421,123.59439928,6.4558580663,0.0154536391,1.0,0.2342158676,0.0,0.1882411832999999,0.6737696699,-2.861241011,1.2121977716,0.4708499772,0.005576296,-0.027301651,0.0921561164,1.0,0.0405422479999999,0.0146937988999999,0.0542153571,0.0083657418,0.0473834117,0.0916194643999999,8.0,0.0148142769,4.07267e-12,0.0246570967,0.0118595283,0.2205377075,1.0406532374,2.1191381000000003e-08,73.0,66.42112214
2020-03-31,456684728.42,1.0863145401,1.1800792801,0.0664079616,18.78733029,0.0241734783,0.0348059082,-0.066167928,0.2071627095,0.280653921,0.3604305248,0.0692966488,0.9693329936,0.080146575,-0.080146575,15.0,-0.179918396,0.2650935451,-0.480430354,0.7956421261,4.5633882881,0.0660004663,0.01267276,0.0477965087,0.0011125776,0.1383806075,0.0016647795,0.9365196747,0.0,3.919006354700001,0.1511914131,0.0,0.0,0.0,0.164758495,0.0422878475,0.4374109835999999,1.4617117116999998,0.1304619763,0.0314957499,0.2329422045,0.1176816442,0.0758968903,0.2315317125,135143.47047,0.2248004383,0.0029887438,-2.361144081,-0.237592668,-0.071177611,-0.038458569,-0.2392293439999999,-0.24375476,0.1012033041,-0.026515102,-0.164925307,-0.560743103,6.0,3.8870306181,0.0,0.0294691374,0.1565498944,,0.1827224792,1.2536100421,123.59439928,6.4558580663,0.0154536391,1.0,0.2342158676,0.0,0.1882411832999999,0.6737696699,-2.861241011,1.2121977716,0.4708499772,0.005576296,-0.027301651,0.0921561164,1.0,0.0405422479999999,0.0146937988999999,0.0542153571,0.0083657418,0.0473834117,0.0916194643999999,8.0,0.0218126262,4.709034e-12,0.0360541642,0.0219609624,0.4412195115,2.8270693214,2.1222908e-08,73.0,57.66700144
2020-04-30,392469325.36,1.0960092083,1.2012361847,-0.085036178,18.733250958,0.0242177139,-0.036490262,-0.131797165,0.0987120246,0.1414970494,0.4143763661999999,0.0559014122,1.4067175945,0.080146575,-0.080146575,15.0,-0.179918396,0.2650935451,-0.481673532,0.7956421261,4.5633882881,0.0660004663,0.01267276,0.0477965087,0.0011125776,0.1383806075,0.0016647795,0.9365196747,0.0,3.919006354700001,0.1511914131,0.0,0.0,0.0,0.164758495,0.0422878475,0.4374109835999999,1.4617117116999998,0.1304619763,0.0314957499,0.2329422045,0.1176816442,0.0758968903,0.2315317125,135143.47047,0.2248004383,0.0029887438,-2.361144081,-0.237592668,-0.071177611,-0.038458569,-0.2392293439999999,-0.24375476,0.1012033041,-0.026515102,-0.164925307,-0.560743103,6.0,3.8870306181,0.0,0.0294691374,0.1565498944,,0.1827224792,1.2536100421,123.59439928,6.4558580663,0.0154536391,1.0,0.2342158676,0.0,0.1882411832999999,0.6737696699,-2.861241011,0.485662472,0.4606719788,0.0030197979999999,-0.047639372,0.0017163916,0.0,0.0274911416,0.0147040507,0.0367757243,0.0080112083,0.047113603,0.0916208861999999,8.0,0.0554502086,1.182308e-11,0.0940165073,0.0530063059999999,0.1708691109,2.1258384377,9.5112816e-09,73.0,66.88382295
2020-05-29,453368254.41,0.804177459,0.6467013855,0.0100014161,19.373147253,0.0252053412,-0.249148602,0.1598283201,-0.077215418,-0.021598937,0.3118459417999999,0.0526215976999999,1.5319062436000002,0.080146575,-0.080146575,15.0,-0.179918396,0.2650935451,-0.4750948339999999,0.7956421261,4.5633882881,0.0660004663,0.01267276,0.0477965087,0.0011125776,0.1383806075,0.0016647795,0.9365196747,0.0,3.919006354700001,0.1511914131,0.0,0.0,0.0,0.164758495,0.0422878475,0.4374109835999999,1.4617117116999998,0.1304619763,0.0314957499,0.2329422045,0.1176816442,0.0758968903,0.2315317125,140157.40267,0.2248004383,0.0029887438,-2.361144081,-0.237592668,-0.071177611,-0.038458569,-0.2392293439999999,-0.24375476,0.1012033041,-0.026515102,-0.164925307,-0.560743103,6.0,3.8870306181,0.0,0.0294691374,0.1565498944,,0.1827224792,1.2536100421,123.59439928,6.4558580663,0.0154536391,1.0,0.2342158676,0.0,0.1882411832999999,0.6737696699,-2.861241011,0.485662472,0.4606719788,0.0030197979999999,-0.047639372,0.0017163916,0.0,0.0274911416,0.0147040507,0.0367757243,0.0080112083,0.047113603,0.0916208861999999,8.0,0.0297330904999999,7.822278999999999e-12,0.0873896033,0.0339096866,0.2365500853,1.6144598149,1.5344897e-08,73.0,70.86414091
2020-06-30,480348619.81,0.7746304612,0.6000523513,-0.087433744,19.05841057,0.0254362268,-0.072772284,0.0595109276,0.0334876818,0.2220219169999999,0.143824001,0.0488980921,1.4873007621,0.080146575,-0.080146575,15.0,-0.179918396,0.2650935451,-0.472776579,0.7956421261,4.5633882881,0.0660004663,0.01267276,0.0477965087,0.0011125776,0.1383806075,0.0016647795,0.9365196747,0.0,3.919006354700001,0.1511914131,0.0,0.0,0.0,0.164758495,0.0422878475,0.4374109835999999,1.4617117116999998,0.1304619763,0.0314957499,0.2329422045,0.1176816442,0.0758968903,0.2315317125,140223.92123,0.2248004383,0.0029887438,-2.361144081,-0.237592668,-0.071177611,-0.038458569,-0.2392293439999999,-0.24375476,0.1012033041,-0.026515102,-0.164925307,-0.560743103,6.0,3.8870306181,0.0,0.0294691374,0.1565498944,,0.1827224792,1.2536100421,123.59439928,6.4558580663,0.0154536391,1.0,0.2342158676,0.0,0.1882411832999999,0.6737696699,-2.861241011,0.485662472,0.4606719788,0.0030197979999999,-0.047639372,0.0017163916,0.0,0.0274911416,0.0147040507,0.0367757243,0.0080112083,0.047113603,0.0916208861999999,8.0,0.0227890103,4.72748e-12,0.0241975598,0.0125569487,0.1570573028,0.7385620821,2.3094454e-08,73.0,70.10487518
2020-07-31,473123953.22,0.7628358198,0.581918488,-0.179655142,19.04951364,0.0248579818,-0.021632456,-0.010714427,0.068734974,0.3219602197,0.1894732873,0.06641614,1.1671487362,0.0793275421,-0.079327542,16.0,-0.185216846,0.2365054747,-0.5981302470000001,0.7096142126,5.5216880355,0.0591355911,0.0298372666,0.0494059691,-0.010381623,-0.342938058,-0.000424611,-0.476800485,0.0,3.3740518786,0.1377398417999999,0.0,0.0,0.0,0.1340667012,0.037250433,0.4364926629999999,0.7861043689,0.161737445,0.0344019045,0.2037845116,0.139751366,0.0807712776999999,0.3499202378,146732.37624,0.2356271198,0.0029701175,-0.32642459,-0.139054247,-0.088970471,-0.005559677,-0.137655269,0.2805618746,-0.114219881,0.0173223603,0.3108928881,-0.587514195,3.0,3.3519603724,0.0,0.0282206495,0.1607468321,,0.1995596348999999,1.3524712763999998,162.01901902,5.8874217954,0.0403575298,1.0,0.183000899,0.0,0.1755595996,0.6709903555,-0.3587478629999999,0.485662472,0.4606719788,0.0030197979999999,-0.047639372,0.0017163916,0.0,0.0274911416,0.0147040507,0.0367757243,0.0080112083,0.047113603,0.0916208861999999,8.0,0.0236815708,5.0630040000000004e-12,0.0257886200999999,0.019383718,0.2873818201999999,2.0666823721000003,1.7247703999999998e-08,73.0,73.54413572
2020-08-31,494761414.73,0.7251923278,0.5259039123,-0.144829783,19.152717615,0.025557409,0.0535489617,0.0490587762999999,-0.014377043,0.1618584481,0.3075551455999999,0.0273891569,1.0582070211,0.0793275421,-0.079327542,16.0,-0.185216846,0.2365054747,-0.600796136,0.7096142126,5.5216880355,0.0591355911,0.0298372666,0.0494059691,-0.010381623,-0.342938058,-0.000424611,-0.476800485,0.0,3.3740518786,0.1377398417999999,0.0,0.0,0.0,0.1340667012,0.037250433,0.4364926629999999,0.7861043689,0.161737445,0.0344019045,0.2037845116,0.139751366,0.0807712776999999,0.3499202378,149598.04274,0.2356271198,0.0029701175,-0.32642459,-0.139054247,-0.088970471,-0.005559677,-0.137655269,0.2805618746,-0.114219881,0.0173223603,0.3108928881,-0.587514195,3.0,3.3519603724,0.0,0.0282206495,0.1607468321,,0.1995596348999999,1.3524712763999998,162.01901902,5.8874217954,0.0403575298,1.0,0.183000899,0.0,0.1755595996,0.6709903555,-0.3587478629999999,1.3841589863,0.4337480836,-0.004686587,-0.065998025,-0.004948013,1.0,0.0405673576,0.014912328,0.0547317779,0.0073745943,0.044564362,0.0915197742,8.0,0.0254551637,5.521744e-12,0.03310344,0.0170765487,0.2414222428,1.4289720272,1.8821342e-08,73.0,81.04355863
2020-09-30,545213125.5,0.7281833706999999,0.5302510214,0.0928602231,18.934181307,0.0263416045,0.1762385413,0.1019717976,0.1072402031,0.2481777678999999,0.2648376644,0.0309451958,1.1265299385,0.0793275421,-0.079327542,16.0,-0.185216846,0.2365054747,-0.606220477,0.7096142126,5.5216880355,0.0591355911,0.0298372666,0.0494059691,-0.010381623,-0.342938058,-0.000424611,-0.476800485,0.0,3.3740518786,0.1377398417999999,0.0,0.0,0.0,0.1340667012,0.037250433,0.4364926629999999,0.7861043689,0.161737445,0.0344019045,0.2037845116,0.139751366,0.0807712776999999,0.3499202378,149598.04274,0.2356271198,0.0029701175,-0.32642459,-0.139054247,-0.088970471,-0.005559677,-0.137655269,0.2805618746,-0.114219881,0.0173223603,0.3108928881,-0.587514195,3.0,3.3519603724,0.0,0.0282206495,0.1607468321,,0.1995596348999999,1.3524712763999998,162.01901902,5.8874217954,0.0403575298,1.0,0.183000899,0.0,0.1755595996,0.6709903555,-0.3587478629999999,1.3841589863,0.4337480836,-0.004686587,-0.065998025,-0.004948013,1.0,0.0405673576,0.014912328,0.0547317779,0.0073745943,0.044564362,0.0915197742,8.0,0.0193066027,3.587803e-12,0.0274589508999999,0.0121584778,0.2759124883,1.7730934606,1.8365025e-08,73.0,72.88157594
2020-10-30,486684484.71,0.718222785,0.5158439688,0.3099300396,18.857977214,0.0268451999,0.2406797858,-0.100711107,0.4053714494,0.3405907048,0.2709699928,0.0281836029999999,1.1482749108,0.0793275421,-0.079327542,16.0,-0.185216846,0.2365054747,-0.601612276,0.7096142126,5.5216880355,0.0591355911,0.0298372666,0.0494059691,-0.010381623,-0.342938058,-0.000424611,-0.476800485,0.0,3.3740518786,0.1377398417999999,0.0,0.0,0.0,0.1340667012,0.037250433,0.4364926629999999,0.7861043689,0.161737445,0.0344019045,0.2037845116,0.139751366,0.0807712776999999,0.3499202378,151095.49060999998,0.2356271198,0.0029701175,-0.32642459,-0.139054247,-0.088970471,-0.005559677,-0.137655269,0.2805618746,-0.114219881,0.0173223603,0.3108928881,-0.587514195,3.0,3.3519603724,0.0,0.0282206495,0.1607468321,,0.1995596348999999,1.3524712763999998,162.01901902,5.8874217954,0.0403575298,1.0,0.183000899,0.0,0.1755595996,0.6709903555,-0.3587478629999999,-0.0525801959999999,0.4287772994,-0.00231507,-0.039938147,0.0516254108,0.0,0.0247762849,0.0149725923,0.0339353263,0.0060648668999999,0.0473805805999999,0.0948575619,8.0,0.0308801815,6.165348e-12,0.0406874605,0.023036332,0.3362268632999999,1.8673775771,1.7172734000000002e-08,73.0,80.39042148
2020-11-30,534717708.89,0.7141914007,0.5100693568,0.1316694667,19.040431578,0.0274636159,0.1870777146999999,0.103028059,0.0896741463,0.1662473921,0.2394849489,0.0192976638999999,1.1866701832,0.0793275421,-0.079327542,16.0,-0.185216846,0.2365054747,-0.59907554,0.7096142126,5.5216880355,0.0591355911,0.0298372666,0.0494059691,-0.010381623,-0.342938058,-0.000424611,-0.476800485,0.0,3.3740518786,0.1377398417999999,0.0,0.0,0.0,0.1340667012,0.037250433,0.4364926629999999,0.7861043689,0.161737445,0.0344019045,0.2037845116,0.139751366,0.0807712776999999,0.3499202378,151095.49060999998,0.2356271198,0.0029701175,-0.32642459,-0.139054247,-0.088970471,-0.005559677,-0.137655269,0.2805618746,-0.114219881,0.0173223603,0.3108928881,-0.587514195,3.0,3.3519603724,0.0,0.0282206495,0.1607468321,,0.1995596348999999,1.3524712763999998,162.01901902,5.8874217954,0.0403575298,1.0,0.183000899,0.0,0.1755595996,0.6709903555,-0.3587478629999999,-0.0525801959999999,0.4287772994,-0.00231507,-0.039938147,0.0516254108,0.0,0.0247762849,0.0149725923,0.0339353263,0.0060648668999999,0.0473805805999999,0.0948575619,8.0,0.0256232037999999,7.325224000000001e-12,0.0355922282,0.0231031994,0.3295683888,2.1018807077,1.680943e-08,73.0,87.32002315
2020-12-31,580810018.36,0.7044625814,0.4962675285,0.1372258013,18.882614703,0.0274497022,0.1340009155,0.0861993358,0.1344301668999999,0.2421913816,0.2776064539,0.0381021019,1.16159895,0.0793275421,-0.079327542,16.0,-0.185216846,0.2365054747,-0.5973462429999999,0.7096142126,5.5216880355,0.0591355911,0.0298372666,0.0494059691,-0.010381623,-0.342938058,-0.000424611,-0.476800485,0.0,3.3740518786,0.1377398417999999,0.0,0.0,0.0,0.1340667012,0.037250433,0.4364926629999999,0.7861043689,0.161737445,0.0344019045,0.2037845116,0.139751366,0.0807712776999999,0.3499202378,151095.49060999998,0.2356271198,0.0029701175,-0.32642459,-0.139054247,-0.088970471,-0.005559677,-0.137655269,0.2805618746,-0.114219881,0.0173223603,0.3108928881,-0.587514195,3.0,3.3519603724,0.0,0.0282206495,0.1607468321,,0.1995596348999999,1.3524712763999998,162.01901902,5.8874217954,0.0403575298,1.0,0.183000899,0.0,0.1755595996,0.6709903555,-0.3587478629999999,-0.0525801959999999,0.4287772994,-0.00231507,-0.039938147,0.0516254108,0.0,0.0247762849,0.0149725923,0.0339353263,0.0060648668999999,0.0473805805999999,0.0948575619,8.0,0.02058625,3.586211e-12,0.0599439144,0.0167579308,0.3539648836999999,2.0340395005,2.0651093e-08,73.0,86.88063096
2021-01-29,575753611.72,0.7073206384,0.5003024855,0.1820110623999999,19.152782909000003,0.0279680872,0.3784667324,-0.005031967,0.2455627849,0.3169137173999999,0.2777331818,0.0034475534,1.0729167939,0.0793275421,-0.079327542,16.0,-0.185216846,0.2365054747,-0.599644319,0.7096142126,5.5216880355,0.0591355911,0.0298372666,0.0494059691,-0.010381623,-0.342938058,-0.000424611,-0.476800485,0.0,3.3740518786,0.1377398417999999,0.0,0.0,0.0,0.1340667012,0.037250433,0.4364926629999999,0.7861043689,0.161737445,0.0344019045,0.2037845116,0.139751366,0.0807712776999999,0.3499202378,151095.49060999998,0.2356271198,0.0029701175,-0.32642459,-0.139054247,-0.088970471,-0.005559677,-0.137655269,0.2805618746,-0.114219881,0.0173223603,0.3108928881,-0.587514195,3.0,3.3519603724,0.0,0.0282206495,0.1607468321,,0.1995596348999999,1.3524712763999998,162.01901902,5.8874217954,0.0403575298,1.0,0.183000899,0.0,0.1755595996,0.6709903555,-0.3587478629999999,0.1277397136999999,0.4347701190999999,-0.003430558,-0.043221264,-0.011017037,1.0,0.0254532686,0.0150011201,0.0341698624,-0.0006697739999999,0.0518421271,0.0961652401,8.0,0.0185476431,3.517042e-12,0.0214164481,0.0105928022,0.4175002090999999,1.9896883016,2.0910793e-08,73.0,91.039483
2021-02-26,601307648.24,0.6957313479999999,0.4840421086,0.2039127009,19.141402657,0.0279295793,0.4825434613,0.0478685684999999,0.1813400563,0.2214777537,0.225900529,-0.0443510779999999,1.0103147757,0.0793275421,-0.079327542,16.0,-0.185216846,0.2365054747,-0.602678808,0.7096142126,5.5216880355,0.0591355911,0.0298372666,0.0494059691,-0.010381623,-0.342938058,-0.000424611,-0.476800485,0.0,3.3740518786,0.1377398417999999,0.0,0.0,0.0,0.1340667012,0.037250433,0.4364926629999999,0.7861043689,0.161737445,0.0344019045,0.2037845116,0.139751366,0.0807712776999999,0.3499202378,149598.04274,0.2356271198,0.0029701175,-0.32642459,-0.139054247,-0.088970471,-0.005559677,-0.137655269,0.2805618746,-0.114219881,0.0173223603,0.3108928881,-0.587514195,3.0,3.3519603724,0.0,0.0282206495,0.1607468321,,0.1995596348999999,1.3524712763999998,162.01901902,5.8874217954,0.0403575298,1.0,0.183000899,0.0,0.1755595996,0.6709903555,-0.3587478629999999,0.1277397136999999,0.4347701190999999,-0.003430558,-0.043221264,-0.011017037,1.0,0.0254532686,0.0150011201,0.0341698624,-0.0006697739999999,0.0518421271,0.0961652401,8.0,0.0267133902999999,4.698929e-12,0.0536278896,0.0216070233999999,0.309694227,1.5947954265000002,2.2934429e-08,73.0,101.0135865
2021-03-31,667185709.36,0.6796850151,0.4619717197,0.0262635149,19.214711874,0.0277399967,0.7800862563,0.1095579937,0.1233401039,0.3706405936,0.212359573,-0.032327687,0.9621081155,0.0793275421,-0.079327542,16.0,-0.185216846,0.2365054747,-0.608012565,0.7096142126,5.5216880355,0.0591355911,0.0298372666,0.0494059691,-0.010381623,-0.342938058,-0.000424611,-0.476800485,0.0,3.3740518786,0.1377398417999999,0.0,0.0,0.0,0.1340667012,0.037250433,0.4364926629999999,0.7861043689,0.161737445,0.0344019045,0.2037845116,0.139751366,0.0807712776999999,0.3499202378,149598.04274,0.2356271198,0.0029701175,-0.32642459,-0.139054247,-0.088970471,-0.005559677,-0.137655269,0.2805618746,-0.114219881,0.0173223603,0.3108928881,-0.587514195,3.0,3.3519603724,0.0,0.0282206495,0.1607468321,,0.1995596348999999,1.3524712763999998,162.01901902,5.8874217954,0.0403575298,1.0,0.183000899,0.0,0.1755595996,0.6709903555,-0.3587478629999999,0.1277397136999999,0.4347701190999999,-0.003430558,-0.043221264,-0.011017037,1.0,0.0254532686,0.0150011201,0.0341698624,-0.0006697739999999,0.0518421271,0.0961652401,8.0,0.0232956584,3.575864e-12,0.0739607363999999,0.0214094281,0.3658868296,2.2492807399,2.5719466e-08,73.0,102.5891497
2021-04-30,671293151.9,0.6836607428,0.4673920113,0.1437793274,19.146159048,0.0286050165,1.6620682527,0.0155974868999999,0.3859962043,0.7516704223,0.1269832338,-0.020209658,0.9988956878,0.0793275421,-0.079327542,16.0,-0.185216846,0.2365054747,-0.636758946,0.7096142126,5.5216880355,0.0591355911,0.0298372666,0.0494059691,-0.010381623,-0.342938058,-0.000424611,-0.476800485,0.0,3.3740518786,0.1377398417999999,0.0,0.0,0.0,0.1340667012,0.037250433,0.4364926629999999,0.7861043689,0.161737445,0.0344019045,0.2037845116,0.139751366,0.0807712776999999,0.3499202378,151707.80274,0.2356271198,0.0029701175,-0.32642459,-0.139054247,-0.088970471,-0.005559677,-0.137655269,0.2805618746,-0.114219881,0.0173223603,0.3108928881,-0.587514195,3.0,3.3519603724,0.0,0.0282206495,0.1607468321,,0.1995596348999999,1.3524712763999998,162.01901902,5.8874217954,0.0403575298,1.0,0.183000899,0.0,0.1755595996,0.6709903555,-0.3587478629999999,0.5922429610000001,0.4431047677,0.0020985082,-0.0131847489999999,0.0130560249,2.0,0.0403853612,0.0152241527,0.0542489461,0.0057124316,0.0503206784999999,0.0966690798,8.0,0.022564172,3.823706e-12,0.0290701296,0.0170035516999999,0.2142891336,1.0555817645,1.7964697000000002e-08,73.0,119.5245943
2021-05-28,779866667.52,0.6557431612,0.4299990934,0.2848603526,19.459949862,0.0289347164,1.3932585609,0.1650803983,0.2761364051,0.5338408692000001,0.3256858961,-0.020318538,0.974876898,0.0793275421,-0.079327542,16.0,-0.185216846,0.2365054747,-0.636345151,0.7096142126,5.5216880355,0.0591355911,0.0298372666,0.0494059691,-0.010381623,-0.342938058,-0.000424611,-0.476800485,0.0,3.3740518786,0.1377398417999999,0.0,0.0,0.0,0.1340667012,0.037250433,0.4364926629999999,0.7861043689,0.161737445,0.0344019045,0.2037845116,0.139751366,0.0807712776999999,0.3499202378,151707.80274,0.2356271198,0.0029701175,-0.32642459,-0.139054247,-0.088970471,-0.005559677,-0.137655269,0.2805618746,-0.114219881,0.0173223603,0.3108928881,-0.587514195,3.0,3.3519603724,0.0,0.0282206495,0.1607468321,,0.1995596348999999,1.3524712763999998,162.01901902,5.8874217954,0.0403575298,1.0,0.183000899,0.0,0.1755595996,0.6709903555,-0.3587478629999999,0.5922429610000001,0.4431047677,0.0020985082,-0.0131847489999999,0.0130560249,2.0,0.0403853612,0.0152241527,0.0542489461,0.0057124316,0.0503206784999999,0.0966690798,8.0,0.016534906,3.354913e-12,0.0410712436,0.0152828304,0.2930157338,1.4843103380000002,2.2035031000000002e-08,73.0,119.5960079
2021-06-30,780332603.76,0.654616137,0.4285222868,0.1374114301,19.084001787,0.0294441798,1.0979827534,0.0005974563,0.3688109192,0.6866724865,0.3169891693,-0.021209652,0.9408183331,0.0793275421,-0.079327542,16.0,-0.185216846,0.2365054747,-0.6364081220000001,0.7096142126,5.5216880355,0.0591355911,0.0298372666,0.0494059691,-0.010381623,-0.342938058,-0.000424611,-0.476800485,0.0,3.3740518786,0.1377398417999999,0.0,0.0,0.0,0.1340667012,0.037250433,0.4364926629999999,0.7861043689,0.161737445,0.0344019045,0.2037845116,0.139751366,0.0807712776999999,0.3499202378,153503.63753,0.2356271198,0.0029701175,-0.32642459,-0.139054247,-0.088970471,-0.005559677,-0.137655269,0.2805618746,-0.114219881,0.0173223603,0.3108928881,-0.587514195,3.0,3.3519603724,0.0,0.0282206495,0.1607468321,,0.1995596348999999,1.3524712763999998,162.01901902,5.8874217954,0.0403575298,1.0,0.183000899,0.0,0.1755595996,0.6709903555,-0.3587478629999999,0.5922429610000001,0.4431047677,0.0020985082,-0.0131847489999999,0.0130560249,2.0,0.0403853612,0.0152241527,0.0542489461,0.0057124316,0.0503206784999999,0.0966690798,8.0,0.016503036,3.86942e-12,0.026254667,0.0150935919,0.2322518935999999,0.9647588603,2.7971271e-08,73.0,124.2954215
2021-07-30,804656564.27,0.655752633,0.4300115157,0.1913508223999999,19.135683394,0.029093413,0.7789107893,0.0392940715,0.3765555057999999,0.7059585675,0.2670729844,0.0003478276999999,0.8663347576,0.0834725662,-0.083472566,17.0,-0.158410925,0.2050234544,-0.657440418,0.6289881601,6.5027220367,0.0550302853,0.0302538588,0.0733078305,-0.019050317,-0.075555095,-0.000910121,-5.558629329,0.0,3.0667558152,0.1410787953999999,0.0,0.0,0.0,0.1047547185,0.0340276175,0.4040245153,-0.113687895,0.0966945132,0.0375061151,0.1379490156,0.0842814116,0.0820265932,0.3035572804,155359.10572999998,0.2412595918,0.0028906356,-34.439649200000005,-0.091076271,0.0242410149,-0.030649854,-0.088907313,0.3989765914,-0.013863136,0.069888233,0.5474967236,-0.617224167,4.0,3.0539465813,0.0,0.0232993989,0.1510625825,,0.1859426421999999,1.3352963554,250.7239011,5.8159253123,0.043863147,1.0,0.1277053201,0.0,0.1542367312,0.6614355225999999,-2.012049615,0.5922429610000001,0.4431047677,0.0020985082,-0.0131847489999999,0.0130560249,2.0,0.0403853612,0.0152241527,0.0542489461,0.0057124316,0.0503206784999999,0.0966690798,8.0,0.0116081684,1.977323e-12,0.019608127,0.0068899506,0.252901521,1.1586209756,2.35921e-08,73.0,134.1197548
2021-08-31,865868717.55,0.6566759998,0.4312233687,0.2353151217,19.2236059,0.0290073533999999,0.8323797161,0.079040125,0.36529143,0.6900793982,0.2182770936,-0.0239774579999999,0.7839165687999999,0.0834725662,-0.083472566,17.0,-0.158410925,0.2050234544,-0.687439992,0.6289881601,6.5027220367,0.0550302853,0.0302538588,0.0733078305,-0.019050317,-0.075555095,-0.000910121,-5.558629329,0.0,3.0667558152,0.1410787953999999,0.0,0.0,0.0,0.1047547185,0.0340276175,0.4040245153,-0.113687895,0.0966945132,0.0375061151,0.1379490156,0.0842814116,0.0820265932,0.3035572804,182128.61287,0.2412595918,0.0028906356,-34.439649200000005,-0.091076271,0.0242410149,-0.030649854,-0.088907313,0.3989765914,-0.013863136,0.069888233,0.5474967236,-0.617224167,4.0,3.0539465813,0.0,0.0232993989,0.1510625825,,0.1859426421999999,1.3352963554,250.7239011,5.8159253123,0.043863147,1.0,0.1277053201,0.0,0.1542367312,0.6614355225999999,-2.012049615,0.90071245,0.4276819684,0.0124280107,-0.0120267,0.1234597489,3.0,0.0508850667,0.0160761894,0.0715151231,0.009145519,0.0470933896,0.0992585125,8.0,0.0146884844,3.536372e-12,0.0336574689,0.0123180629,0.3557498914,1.519647812,2.9391945000000002e-08,73.0,144.2773516
2021-09-30,931445549.19,0.6478180796,0.4196682643,0.18188552,18.968599939,0.0290936150999999,0.5887041214000001,0.0757353082,0.3277397339,0.6549093988,0.3414821671,-0.0267883279999999,0.7172525265,0.0834725662,-0.083472566,17.0,-0.158410925,0.2050234544,-0.693199007,0.6289881601,6.5027220367,0.0550302853,0.0302538588,0.0733078305,-0.019050317,-0.075555095,-0.000910121,-5.558629329,0.0,3.0667558152,0.1410787953999999,0.0,0.0,0.0,0.1047547185,0.0340276175,0.4040245153,-0.113687895,0.0966945132,0.0375061151,0.1379490156,0.0842814116,0.0820265932,0.3035572804,182964.98168,0.2412595918,0.0028906356,-34.439649200000005,-0.091076271,0.0242410149,-0.030649854,-0.088907313,0.3989765914,-0.013863136,0.069888233,0.5474967236,-0.617224167,4.0,3.0539465813,0.0,0.0232993989,0.1510625825,,0.1859426421999999,1.3352963554,250.7239011,5.8159253123,0.043863147,1.0,0.1277053201,0.0,0.1542367312,0.6614355225999999,-2.012049615,0.90071245,0.4276819684,0.0124280107,-0.0120267,0.1234597489,3.0,0.0508850667,0.0160761894,0.0715151231,0.009145519,0.0470933896,0.0992585125,8.0,0.0123958559,2.454293e-12,0.0192325749,0.0071257867,0.2276173128,0.6106560068,3.4287322999999995e-08,73.0,132.1801804
2021-10-29,849221090.87,0.6461480239999999,0.4175072689,-0.119172037,19.031238475,0.0290647817,0.7485631744,-0.083846614,0.4063608175,0.9796135442,0.2313673839,-0.05986508,0.6974341543000001,0.0834725662,-0.083472566,17.0,-0.158410925,0.2050234544,-0.689601736,0.6289881601,6.5027220367,0.0550302853,0.0302538588,0.0733078305,-0.019050317,-0.075555095,-0.000910121,-5.558629329,0.0,3.0667558152,0.1410787953999999,0.0,0.0,0.0,0.1047547185,0.0340276175,0.4040245153,-0.113687895,0.0966945132,0.0375061151,0.1379490156,0.0842814116,0.0820265932,0.3035572804,183570.59494,0.2412595918,0.0028906356,-34.439649200000005,-0.091076271,0.0242410149,-0.030649854,-0.088907313,0.3989765914,-0.013863136,0.069888233,0.5474967236,-0.617224167,4.0,3.0539465813,0.0,0.0232993989,0.1510625825,,0.1859426421999999,1.3352963554,250.7239011,5.8159253123,0.043863147,1.0,0.1277053201,0.0,0.1542367312,0.6614355225999999,-2.012049615,0.2833786714,0.4130420825999999,0.0088952938,-0.00517348,0.0280587426,4.0,0.0560985683,0.0172379385,0.080568337,0.0102265312,0.0501295368,0.099890513,8.0,0.0156989779,2.663772e-12,0.0125517752,0.0125909552,0.3678076121,1.762195126,2.6473647000000013e-08,73.0,147.0629791
2021-11-30,942223414.65,0.6378148961,0.4068078417,-0.256402284,19.042739339,0.0288707429999999,0.6849164126999999,0.1125947237,0.1058826731,0.6442280295,0.5054375622,-0.0235949879999999,0.7181745128,0.0834725662,-0.083472566,17.0,-0.158410925,0.2050234544,-0.697014417,0.6289881601,6.5027220367,0.0550302853,0.0302538588,0.0733078305,-0.019050317,-0.075555095,-0.000910121,-5.558629329,0.0,3.0667558152,0.1410787953999999,0.0,0.0,0.0,0.1047547185,0.0340276175,0.4040245153,-0.113687895,0.0966945132,0.0375061151,0.1379490156,0.0842814116,0.0820265932,0.3035572804,183570.59494,0.2412595918,0.0028906356,-34.439649200000005,-0.091076271,0.0242410149,-0.030649854,-0.088907313,0.3989765914,-0.013863136,0.069888233,0.5474967236,-0.617224167,4.0,3.0539465813,0.0,0.0232993989,0.1510625825,,0.1859426421999999,1.3352963554,250.7239011,5.8159253123,0.043863147,1.0,0.1277053201,0.0,0.1542367312,0.6614355225999999,-2.012049615,0.2833786714,0.4130420825999999,0.0088952938,-0.00517348,0.0280587426,4.0,0.0560985683,0.0172379385,0.080568337,0.0102265312,0.0501295368,0.099890513,8.0,0.0197962293,3.806192e-12,0.0483669266,0.0169063554,0.3183948599,1.3402032522,2.6837098e-08,73.0,141.2918652
2021-12-31,905248283.93,0.6406818697,0.4104732581,-0.188219186,18.992409759,0.0290903464,0.4062904453,-0.039242424,0.2296645563,0.684183897,0.6088191447,-0.090709161,0.7547560149,0.0834725662,-0.083472566,17.0,-0.158410925,0.2050234544,-0.70194013,0.6289881601,6.5027220367,0.0550302853,0.0302538588,0.0733078305,-0.019050317,-0.075555095,-0.000910121,-5.558629329,0.0,3.0667558152,0.1410787953999999,0.0,0.0,0.0,0.1047547185,0.0340276175,0.4040245153,-0.113687895,0.0966945132,0.0375061151,0.1379490156,0.0842814116,0.0820265932,0.3035572804,187263.28346,0.2412595918,0.0028906356,-34.439649200000005,-0.091076271,0.0242410149,-0.030649854,-0.088907313,0.3989765914,-0.013863136,0.069888233,0.5474967236,-0.617224167,4.0,3.0539465813,0.0,0.0232993989,0.1510625825,,0.1859426421999999,1.3352963554,250.7239011,5.8159253123,0.043863147,1.0,0.1277053201,0.0,0.1542367312,0.6614355225999999,-2.012049615,0.2833786714,0.4130420825999999,0.0088952938,-0.00517348,0.0280587426,4.0,0.0560985683,0.0172379385,0.080568337,0.0102265312,0.0501295368,0.099890513,8.0,0.0177048829,3.15358e-12,0.0231642611,0.014809076,0.271036469,1.0393548372,3.0011759999999994e-08,73.0,143.5012244
