tradeDate,mvel1,beta,betasq,chmom,dolvol,idiovol,indmom,mom1m,mom6m,mom12m,mom36m,pricedelay,turn,absacc,acc,age,agr,bm,bm_ia,cashdebt,cashpr,cfp,cfp_ia,chatoia,chcsho,chempia,chinv,chpmia,convind,currat,depr,divi,divo,dy,egr,ep,gma,grcapx,grltnoa,herf,hire,invest,lev,lgr,mve_ia,operprof,orgcap,pchcapx_ia,pchcurrat,pchdepr,pchgm_pchsale,pchquick,pchsale_pchinvt,pchsale_pchrect,pchsale_pchxsga,pchsaleinv,pctacc,ps,quick,rd,rd_mve,rd_sale,realestate,roic,salecash,saleinv,salerec,secured,securedind,sgr,sin,sp,tang,tb,aeavol,cash,chtx,cinvest,ear,nincr,roaq,roavol,roeq,rsup,stdacc,stdcf,ms,baspread,ill,maxret,retvol,std_dolvol,std_turn,zerotrade,sic2,close
1990-01-31,,,,,,,,,,,,,,,,,,,,,,,,,,,,,,,,,,,,,,,,,,,,,,,,,,,,,,,,,,,,,,,,,,,,,,,,,,,,,,,,,,,,,,,,,,,,,,,,
1990-02-28,,,,,,,,,,,,,,,,,,,,,,,,,,,,,,,,,,,,,,,,,,,,,,,,,,,,,,,,,,,,,,,,,,,,,,,,,,,,,,,,,,,,,,,,,,,,,,,,
1990-03-30,,,,,,,,,,,,,,,,,,,,,,,,,,,,,,,,,,,,,,,,,,,,,,,,,,,,,,,,,,,,,,,,,,,,,,,,,,,,,,,,,,,,,,,,,,,,,,,,
1990-04-30,,,,,,,,,,,,,,,,,,,,,,,,,,,,,,,,,,,,,,,,,,,,,,,,,,,,,,,,,,,,,,,,,,,,,,,,,,,,,,,,,,,,,,,,,,,,,,,,
1990-05-31,,,,,,,,,,,,,,,,,,,,,,,,,,,,,,,,,,,,,,,,,,,,,,,,,,,,,,,,,,,,,,,,,,,,,,,,,,,,,,,,,,,,,,,,,,,,,,,,
1990-06-29,,,,,,,,,,,,,,,,,,,,,,,,,,,,,,,,,,,,,,,,,,,,,,,,,,,,,,,,,,,,,,,,,,,,,,,,,,,,,,,,,,,,,,,,,,,,,,,,
1990-07-31,,,,,,,,,,,,,,,,,,,,,,,,,,,,,,,,,,,,,,,,,,,,,,,,,,,,,,,,,,,,,,,,,,,,,,,,,,,,,,,,,,,,,,,,,,,,,,,,
1990-08-31,,,,,,,,,,,,,,,,,,,,,,,,,,,,,,,,,,,,,,,,,,,,,,,,,,,,,,,,,,,,,,,,,,,,,,,,,,,,,,,,,,,,,,,,,,,,,,,,
1990-09-28,,,,,,,,,,,,,,,,,,,,,,,,,,,,,,,,,,,,,,,,,,,,,,,,,,,,,,,,,,,,,,,,,,,,,,,,,,,,,,,,,,,,,,,,,,,,,,,,
1990-10-31,,,,,,,,,,,,,,,,,,,,,,,,,,,,,,,,,,,,,,,,,,,,,,,,,,,,,,,,,,,,,,,,,,,,,,,,,,,,,,,,,,,,,,,,,,,,,,,,
1990-11-30,,,,,,,,,,,,,,,,,,,,,,,,,,,,,,,,,,,,,,,,,,,,,,,,,,,,,,,,,,,,,,,,,,,,,,,,,,,,,,,,,,,,,,,,,,,,,,,,
1990-12-31,,,,,,,,,,,,,,,,,,,,,,,,,,,,,,,,,,,,,,,,,,,,,,,,,,,,,,,,,,,,,,,,,,,,,,,,,,,,,,,,,,,,,,,,,,,,,,,,
1991-01-31,,,,,,,,,,,,,,,,,,,,,,,,,,,,,,,,,,,,,,,,,,,,,,,,,,,,,,,,,,,,,,,,,,,,,,,,,,,,,,,,,,,,,,,,,,,,,,,,
1991-02-28,,,,,,,,,,,,,,,,,,,,,,,,,,,,,,,,,,,,,,,,,,,,,,,,,,,,,,,,,,,,,,,,,,,,,,,,,,,,,,,,,,,,,,,,,,,,,,,,
1991-03-28,,,,,,,,,,,,,,,,,,,,,,,,,,,,,,,,,,,,,,,,,,,,,,,,,,,,,,,,,,,,,,,,,,,,,,,,,,,,,,,,,,,,,,,,,,,,,,,,
1991-04-30,,,,,,,,,,,,,,,,,,,,,,,,,,,,,,,,,,,,,,,,,,,,,,,,,,,,,,,,,,,,,,,,,,,,,,,,,,,,,,,,,,,,,,,,,,,,,,,,
1991-05-31,,,,,,,,,,,,,,,,,,,,,,,,,,,,,,,,,,,,,,,,,,,,,,,,,,,,,,,,,,,,,,,,,,,,,,,,,,,,,,,,,,,,,,,,,,,,,,,,
1991-06-28,,,,,,,,,,,,,,,,,,,,,,,,,,,,,,,,,,,,,,,,,,,,,,,,,,,,,,,,,,,,,,,,,,,,,,,,,,,,,,,,,,,,,,,,,,,,,,,,
1991-07-31,,,,,,,,,,,,,,,,,,,,,,,,,,,,,,,,,,,,,,,,,,,,,,,,,,,,,,,,,,,,,,,,,,,,,,,,,,,,,,,,,,,,,,,,,,,,,,,,
1991-08-30,,,,,,,,,,,,,,,,,,,,,,,,,,,,,,,,,,,,,,,,,,,,,,,,,,,,,,,,,,,,,,,,,,,,,,,,,,,,,,,,,,,,,,,,,,,,,,,,
1991-09-30,,,,,,,,,,,,,,,,,,,,,,,,,,,,,,,,,,,,,,,,,,,,,,,,,,,,,,,,,,,,,,,,,,,,,,,,,,,,,,,,,,,,,,,,,,,,,,,,
1991-10-31,,,,,,,,,,,,,,,,,,,,,,,,,,,,,,,,,,,,,,,,,,,,,,,,,,,,,,,,,,,,,,,,,,,,,,,,,,,,,,,,,,,,,,,,,,,,,,,,
1991-11-29,,,,,,,,,,,,,,,,,,,,,,,,,,,,,,,,,,,,,,,,,,,,,,,,,,,,,,,,,,,,,,,,,,,,,,,,,,,,,,,,,,,,,,,,,,,,,,,,
1991-12-31,,,,,,,,,,,,,,,,,,,,,,,,,,,,,,,,,,,,,,,,,,,,,,,,,,,,,,,,,,,,,,,,,,,,,,,,,,,,,,,,,,,,,,,,,,,,,,,,
1992-01-31,,,,,,,,,,,,,,,,,,,,,,,,,,,,,,,,,,,,,,,,,,,,,,,,,,,,,,,,,,,,,,,,,,,,,,,,,,,,,,,,,,,,,,,,,,,,,,,,
1992-02-28,,,,,,,,,,,,,,,,,,,,,,,,,,,,,,,,,,,,,,,,,,,,,,,,,,,,,,,,,,,,,,,,,,,,,,,,,,,,,,,,,,,,,,,,,,,,,,,,
1992-03-31,,,,,,,,,,,,,,,,,,,,,,,,,,,,,,,,,,,,,,,,,,,,,,,,,,,,,,,,,,,,,,,,,,,,,,,,,,,,,,,,,,,,,,,,,,,,,,,,
1992-04-30,,,,,,,,,,,,,,,,,,,,,,,,,,,,,,,,,,,,,,,,,,,,,,,,,,,,,,,,,,,,,,,,,,,,,,,,,,,,,,,,,,,,,,,,,,,,,,,,
1992-05-29,,,,,,,,,,,,,,,,,,,,,,,,,,,,,,,,,,,,,,,,,,,,,,,,,,,,,,,,,,,,,,,,,,,,,,,,,,,,,,,,,,,,,,,,,,,,,,,,
1992-06-30,,,,,,,,,,,,,,,,,,,,,,,,,,,,,,,,,,,,,,,,,,,,,,,,,,,,,,,,,,,,,,,,,,,,,,,,,,,,,,,,,,,,,,,,,,,,,,,,0.257970892
1992-07-31,290852.0,,,,,,0.3194640739,,,,,,,,,,,,,,,,,,,,,,,,,,,,,,,,,,,,,,,,,,,,,,,,,,,,,,,,,,,,,,,,,,,,,,,,,,,,,,,,,0.0863109122,2.9766103e-09,0.0697674453,0.0723908633,0.9357047767,30.376776643000003,3.8190322e-08,58.0,0.308695506
1992-08-31,348042.0,,,,,,0.2697623119,0.1966292113,,,,,,,,,,,,,,,,,,,,,,,,,,,,,,,,,,,,,,,,,,,,,,,,,,,,,,,,,,,,,,,,,,,,,,,,,,,,,,,,0.0450418926,4.7482243e-09,0.0663265287999999,0.0261413775999999,0.5385085677,7.5665506549,6.0076386e-09,58.0,0.28840566
1992-09-30,325166.0,,,,13.957088568,,0.3028762322,-0.065727696,,,,,1.9591493268,,,,,,,,,,,,,,,,,,,,,,,,,,,,,,,,,,,,,,,,,,,,,,,,,,,,,,,,,,,,,,,,,,,,,,,,,,,0.0392875274,7.5150885e-09,0.0380952395,0.0234645541999999,0.8056742870999999,12.331093173,9.7380674e-09,58.0,0.350724471
1992-10-30,395428.0,,,,13.452608049,,0.2693797216,0.2160803973999999,,,,,2.9832721338,,,,,,,,,,,,,,,,,,,,,,,,,,,,,,,,,,,,,,,,,,,,,,,,,,,,,,,,,,,,,,,,,,,,,,,,,,,0.0577750792,6.4385191e-09,0.0940594077,0.0446794683,0.6229948681,7.916888967699999,5.9520388e-09,58.0,0.342028823
1992-11-30,385624.0,,,,14.140552539000002,,0.2581713680999999,-0.024793388,,,,,2.5850673195,,,,,,,,,,,,,,,,,,,,,,,,,,,,,,,,,,,,,,,,,,,,,,,,,,,,,,,,,,,,,,,,,,,,,,,,,,,0.0414172586,8.6994778e-09,0.0619469024,0.0315720449,0.671084884,7.3175710389,9.3997753e-09,58.0,0.437680951
1992-12-31,493468.0,,,,13.611952086,,0.2769888139,0.2796610296,0.3636402972999999,,,,2.93340418,,,,,,,,,,,,,,,,,,,,,,,,,,,,,,,,,,,,,,,,,,,,,,,,,,,,,,,,,,,,,,,,,,,,,,,,,,,0.0422193566,4.2615828e-09,0.0672268942,0.0276771031999999,0.7474128848999999,12.268248447,6.7243874e-09,58.0,0.428985303
1993-01-29,487438.0,,,,14.288809377,,0.3150247171999999,-0.019867551,0.6966292276,,,,2.9220687212,,,,,,,,,,,,,,,,,,,,,,,,,,,,,,,,,,,,,,,,,,,,,,,,,,,,,,,,,,,,,,-0.476951384,0.1783363142,,,-0.049084996,1.0,0.0175258132,,0.0206433029,0.0774157737,,,,0.0384590784,3.5604437e-09,0.0370370373,0.021470084,0.7375503221999999,13.112134455,5.7434209e-09,58.0,0.4463766
1993-02-26,507199.0,,,,14.332134738,,0.1924719811,0.0405405387,0.3896713743,,,,3.353929457,,,,,,,,,,,,,,,,,,,,,,,,,,,,,,,,,,,,,,,,,,,,,,,,,,,,,,,,,,,,,,-0.476951384,0.1783363142,,,-0.049084996,1.0,0.0175258132,,0.0206433029,0.0774157737,,,,0.038495233,2.9041711e-09,0.0789473653,0.024827051,0.6380559445,9.784772414,6.4436389999999996e-09,58.0,0.420289655
1993-03-31,477557.5,,,,14.358901431,,0.2231478857999999,-0.058441557,0.5477386989,,,,3.0564617315,,,,,,,,,,,,,,,,,,,,,,,,,,,,,,,,,,,,,,,,,,,,,,,,,,,,,,,,,,,,,,-0.476951384,0.1783363142,,,-0.049084996,1.0,0.0175258132,,0.0206433029,0.0774157737,,,,0.0420609978,3.5552468e-09,0.0592592582,0.0264910054999999,0.5587090386,7.557054475399999,8.8681747e-09,58.0,0.440579501
1993-04-30,514862.0,,,,14.030595728,,0.1961532049,0.0482758619,0.198347118,,,,2.6205624031,,,1.0,,,,0.8549195737999999,8.171939586599999,0.0223455933,-0.092407466,,,,,,0.0,4.22714263,0.1215741182,,,0.0064727777,,0.0103564444,,,,0.1132173299,,,0.0317405842,,6.1770909809,,,,,,,,,,,,,,3.2953569725,,,,0.5766885444,0.1141124367,2.4662957075,7.9418088737,59.247612985,,0.0,,0.0,0.2348823418,0.7196524822,0.750047025,-0.476951384,0.1783363142,,,-0.049084996,1.0,0.0175258132,,0.0206433029,0.0774157737,,,3.0,0.0317675539,4.5092589e-09,0.0787671208,0.0253771858,0.6256153179999999,7.4108490075,9.12276e-09,58.0,0.449275149
1993-05-28,525023.75,,,,13.862758581,,0.2726122681,0.0197368413,0.2881356043,,,,2.2030162128,,,1.0,,,,0.8549195737999999,8.171939586599999,0.0223455933,-0.092407466,,,,,,0.0,4.22714263,0.1215741182,,,0.0064727777,,0.0103564444,,,,0.1132173299,,,0.0317405842,,6.1770909809,,,,,,,,,,,,,,3.2953569725,,,,0.5766885444,0.1141124367,2.4662957075,7.9418088737,59.247612985,,0.0,,0.0,0.2348823418,0.7196524822,0.750047025,0.4920701925,0.4295176746,0.0107907961,-0.012125353,0.0169668421,2.0,0.0200920887,,0.023347852,0.027213425,,,3.0,0.0385378657,3.526505e-09,0.0833333358,0.0299082029999999,0.6088407069,6.6570258187,1.0171709e-08,58.0,0.556521475
1993-06-30,650352.0,,,-0.473474175,13.88815791,,0.3081795169,0.2387096732999999,0.0264900641,0.7912224384000001,,,2.5579545176,,,1.0,,,,0.8549195737999999,8.171939586599999,0.0223455933,-0.092407466,,,,,,0.0,4.22714263,0.1215741182,,,0.0064727777,,0.0103564444,,,,0.1132173299,,,0.0317405842,,6.1770909809,,,,,,,,,,,,,,3.2953569725,,,,0.5766885444,0.1141124367,2.4662957075,7.9418088737,59.247612985,,0.0,,0.0,0.2348823418,0.7196524822,0.750047025,0.4920701925,0.4295176746,0.0107907961,-0.012125353,0.0169668421,2.0,0.0200920887,,0.023347852,0.027213425,,,3.0,0.0339718922,2.0763717e-09,0.0670391098,0.0236333933,0.5556151728000001,10.735377928,6.0296072e-09,58.0,0.568115672
1993-07-30,667233.0,,,-0.338597041,14.673934861,,0.5392528696,0.020833334,0.2972972915,1.157303377,,,2.6587843627,,,1.0,,0.1544565668,-0.06232405,0.8549195737999999,8.171939586599999,0.0223455933,-0.092407466,,,,,,0.0,4.22714263,0.1215741182,,,0.0064727777,,0.0103564444,,,,0.1132173299,,,0.0317405842,,6.1770909809,,,,,,,,,,,,,,3.2953569725,,,,0.5766885444,0.1141124367,2.4662957075,7.9418088737,59.247612985,,0.0,,0.0,0.2348823418,0.7196524822,0.750047025,0.9088102295,0.4569627415,,-0.0442591779999999,0.0730770435,3.0,0.0363849498,,0.0424636064,0.0329908624,,,3.0,0.0325612504,3.1467835e-09,0.0370370373,0.024999035,0.4602705558,4.810936723399999,8.502659e-09,58.0,0.550724376
1993-08-31,646807.5,0.9712450904,0.9433170256,-0.21224317,14.256144592,0.0540214873,0.4747392206,-0.030612245,0.27272727,0.8403755967000001,,0.7967862372,3.0884188882,,,1.0,,0.1544565668,-0.060193474,0.8549195737999999,8.171939586599999,0.0223455933,-0.092407466,,,,,,0.0,4.22714263,0.1215741182,,,0.0064727777,,0.0103564444,,,,0.1132173299,,,0.0317405842,,6.1770909809,,,,,,,,,,,,,,3.2953569725,,,,0.5766885444,0.1141124367,2.4662957075,7.9418088737,59.247612985,,0.0,,0.0,0.2348823418,0.7196524822,0.750047025,0.9088102295,0.4569627415,,-0.0442591779999999,0.0730770435,3.0,0.0363849498,,0.0424636064,0.0329908624,,,3.0,0.0325924055,2.0919588e-09,0.0404040404,0.0245106595999999,0.5012498447,6.2365807748,6.2621905e-09,58.0,0.562318573
1993-09-30,660424.5,1.0782030777,1.1625218768,-0.119355409,14.581836172,0.0522913329999999,0.4629139919,0.0210526325,0.3103448224,0.9095477407,,0.7286588316,1.5081393356,,,1.0,,0.1544565668,-0.060154598,0.8549195737999999,8.171939586599999,0.0223455933,-0.092407466,,,,,,0.0,4.22714263,0.1215741182,,,0.0064727777,,0.0103564444,,,,0.1132173299,,,0.0317405842,,6.1770909809,,,,,,,,,,,,,,3.2953569725,,,,0.5766885444,0.1141124367,2.4662957075,7.9418088737,59.247612985,,0.0,,0.0,0.2348823418,0.7196524822,0.750047025,0.9088102295,0.4569627415,,-0.0442591779999999,0.0730770435,3.0,0.0363849498,,0.0424636064,0.0329908624,,,3.0,0.0312860785,1.9049317e-09,0.042328041,0.0232390381,0.6545080913,9.1788456548,5.8602833e-09,58.0,0.634782307
1993-10-29,745530.75,0.9782713686,0.9570148706,0.1845911022,14.62247202,0.0518805713,0.5433394839,0.1288659722,0.2763157857,0.6033057943,,0.7745409856000001,1.7321138955000002,,,1.0,,0.1544565668,-0.063428543,0.8549195737999999,8.171939586599999,0.0223455933,-0.092407466,,,,,,0.0,4.22714263,0.1215741182,,,0.0064727777,,0.0103564444,,,,0.1132173299,,,0.0317405842,,6.1770909809,,,,,,,,,,,,,,3.2953569725,,,,0.5766885444,0.1141124367,2.4662957075,7.9418088737,59.247612985,,0.0,,0.0,0.2348823418,0.7196524822,0.750047025,0.6301737501,0.336114385,0.0054343607,0.0503911821999999,0.0015181359,0.0,0.0106481856,,0.0132787402,0.0380781646,,,3.0,0.0347703922,1.8019204e-09,0.0425531901,0.0232246758,0.6359622768,8.4552145832,6.0660785e-09,58.0,0.62028956
1993-11-30,731211.25,1.1413889359,1.3027687031,0.0670858166,14.139992265999998,0.0508935671999999,0.4270998717,-0.022831051,0.4129032137,0.855932202,,0.6522488061999999,1.8952137065,,,1.0,,0.1544565668,-0.058812961,0.8549195737999999,8.171939586599999,0.0223455933,-0.092407466,,,,,,0.0,4.22714263,0.1215741182,,,0.0064727777,,0.0103564444,,,,0.1132173299,,,0.0317405842,,6.1770909809,,,,,,,,,,,,,,3.2953569725,,,,0.5766885444,0.1141124367,2.4662957075,7.9418088737,59.247612985,,0.0,,0.0,0.2348823418,0.7196524822,0.750047025,0.6301737501,0.336114385,0.0054343607,0.0503911821999999,0.0015181359,0.0,0.0106481856,,0.0132787402,0.0380781646,,,3.0,0.0433238776999999,2.5498526e-09,0.0686274543,0.0259435768,0.6186058992,6.2420146235,9.705292e-09,58.0,0.515941784
1993-12-31,608203.75,1.1506794412,1.3240631764,-0.34443985,14.26633758,0.049439882,0.3110581085,-0.168224305,0.114583327,0.4172185273,,0.7012459024,1.6332222634,,,1.0,,0.1544565668,-0.057616164,0.8549195737999999,8.171939586599999,0.0223455933,-0.092407466,,,,,,0.0,4.22714263,0.1215741182,,,0.0064727777,,0.0103564444,,,,0.1132173299,,,0.0317405842,,6.1770909809,,,,,,,,,,,,,,3.2953569725,,,,0.5766885444,0.1141124367,2.4662957075,7.9418088737,59.247612985,,0.0,,0.0,0.2348823418,0.7196524822,0.750047025,0.6301737501,0.336114385,0.0054343607,0.0503911821999999,0.0015181359,0.0,0.0106481856,,0.0132787402,0.0380781646,,,3.0,0.045932938,3.8403619999999996e-09,0.0697674453,0.0272787465,0.7992153087,12.504564248,9.0633207e-09,58.0,0.515941784
1994-01-31,781264.25,1.402610542,1.9673163326,-0.416161066,14.150577701,0.0508114775999999,0.3186086889,0.0,-0.091836747,0.202702682,,0.2905748251,1.6505377875,,,1.0,,0.1544565668,-0.050437458,0.8549195737999999,8.171939586599999,0.0223455933,-0.092407466,,,,,,0.0,4.22714263,0.1215741182,,,0.0064727777,,0.0103564444,,,,0.1132173299,,,0.0317405842,,6.1770909809,,,,,,,,,,,,,,3.2953569725,,,,0.5766885444,0.1141124367,2.4662957075,7.9418088737,59.247612985,,0.0,,0.0,0.2348823418,0.7196524822,0.750047025,0.4386708739,0.263878045,0.0108451614999999,0.0360553044,0.0053555975,1.0,0.0189814528,,0.0222203396,0.0307523759,,,3.0,0.0351651117,5.1576752e-09,0.0489130429999999,0.0242323171,0.7107962258,6.268714280299999,1.0532389e-08,58.0,0.556521475
1994-02-28,842712.0,1.4176779619,2.0098108036,-0.223239925,13.968163832,0.050324118,0.2834091592,0.078651689,-0.063157907,0.155844138,,0.25817671,2.2366265106,,,1.0,,0.1544565668,-0.054829444,0.8549195737999999,8.171939586599999,0.0223455933,-0.092407466,,,,,,0.0,4.22714263,0.1215741182,,,0.0064727777,,0.0103564444,,,,0.1132173299,,,0.0317405842,,6.1770909809,,,,,,,,,,,,,,3.2953569725,,,,0.5766885444,0.1141124367,2.4662957075,7.9418088737,59.247612985,,0.0,,0.0,0.2348823418,0.7196524822,0.750047025,0.4386708739,0.263878045,0.0108451614999999,0.0360553044,0.0053555975,1.0,0.0189814528,,0.0222203396,0.0307523759,,,3.0,0.0476954715,2.9972688e-09,0.094339624,0.0413141773,0.9227191924,18.082218053,6.0750218e-09,58.0,0.539130179
1994-03-31,816377.25,1.2935017661,1.6731468188,-0.379168154,14.876753219,0.052100464,0.3911687033,-0.03125,-0.010309289,0.324137913,,-0.34376751,2.6975111143,,,1.0,,0.1544565668,-0.05577589,0.8549195737999999,8.171939586599999,0.0223455933,-0.092407466,,,,,,0.0,4.22714263,0.1215741182,,,0.0064727777,,0.0103564444,,,,0.1132173299,,,0.0317405842,,6.1770909809,,,,,,,,,,,,,,3.2953569725,,,,0.5766885444,0.1141124367,2.4662957075,7.9418088737,59.247612985,,0.0,,0.0,0.2348823418,0.7196524822,0.750047025,0.4386708739,0.263878045,0.0108451614999999,0.0360553044,0.0053555975,1.0,0.0189814528,,0.0222203396,0.0307523759,,,3.0,0.0411708313,3.635097e-09,0.0335195549,0.0260145118,0.5321122902000001,3.9370892247,1.544772e-08,58.0,0.565217123
1994-04-29,678039.375,1.3286246703,1.7652435144,-0.550378506,14.011802202,0.0508825395,0.4008521647,0.0483870953,-0.150684935,0.2236841939999999,,-0.197978185,3.2435800649,0.0035109334,-0.003510933,2.0,-1.196196481,0.1806855436,-0.034789671,0.2627941026,18.4318363,0.0120219866,-0.08535946,,1.0866412214,0.5902063707999999,0.0892118916,0.0079378685,1.0,2.7146077547000003,0.1054400559999999,0.0,1.0,0.0,0.1698145787,0.0113631561,0.3684929324,,0.299518938,0.1010145984,0.8187227291,0.581806387,0.1401825649,5.7898550725,312.11979125,0.2176830584,0.0020055896,0.6462191741,-0.357814961,-0.132709679,-0.007316484,-0.477811721,-0.3125125139999999,-0.549193732,0.2091977394999999,-0.151055663,-0.057979537,3.0,1.7207967866,0.0,,,0.5856056891,0.0712730715,4.7390132189,6.7421536685,45.134456102,0.0,0.0,0.7563441415000001,0.0,0.2184657969,0.4432100886,1.1730949779000002,0.4386708739,0.263878045,0.0108451614999999,0.0360553044,0.0053555975,1.0,0.0189814528,,0.0222203396,0.0307523759,,,5.0,0.0479622075,2.7539725e-09,0.1011235936999999,0.0308425754,0.6394348371999999,10.019482766,6.7132865e-09,58.0,0.689854745
1994-05-31,827555.75,1.2591062241,1.5853484836000002,-0.26849562,14.685525387,0.0500437258,0.2101266805,0.2205128223,-0.0887850509999999,0.2580644984,,-0.1179486719999999,2.9958418713,0.0035109334,-0.003510933,2.0,-1.196196481,0.1806855436,-0.03866178,0.2627941026,18.4318363,0.0120219866,-0.08535946,,1.0866412214,0.5902063707999999,0.0892118916,0.0079378685,1.0,2.7146077547000003,0.1054400559999999,0.0,1.0,0.0,0.1698145787,0.0113631561,0.3684929324,,0.299518938,0.1010145984,0.8187227291,0.581806387,0.1401825649,5.7898550725,312.11979125,0.2176830584,0.0020055896,0.6462191741,-0.357814961,-0.132709679,-0.007316484,-0.477811721,-0.3125125139999999,-0.549193732,0.2091977394999999,-0.151055663,-0.057979537,3.0,1.7207967866,0.0,,,0.5856056891,0.0712730715,4.7390132189,6.7421536685,45.134456102,0.0,0.0,0.7563441415000001,0.0,0.2184657969,0.4432100886,1.1730949779000002,0.7470168931000001,0.178762612,0.0097876312,0.1417827456,-0.098127225,2.0,0.0214221579999999,,0.0256242631,0.0364267799,,,5.0,0.0570419363,1.8554494e-09,0.0673575103,0.0288500754,0.7535868984999999,19.996811989,6.4218365e-09,58.0,0.660869251
1994-06-30,792784.5,1.1406323668,1.3010421962999998,0.3538155576,14.903161237,0.0501285206,0.0890718636999999,-0.0420168079999999,0.3370786562,0.2395833218,,0.533444667,3.3562090328,0.0035109334,-0.003510933,2.0,-1.196196481,0.1806855436,-0.035270233,0.2627941026,18.4318363,0.0120219866,-0.08535946,,1.0866412214,0.5902063707999999,0.0892118916,0.0079378685,1.0,2.7146077547000003,0.1054400559999999,0.0,1.0,0.0,0.1698145787,0.0113631561,0.3684929324,,0.299518938,0.1010145984,0.8187227291,0.581806387,0.1401825649,5.9075907591,312.11979125,0.2176830584,0.0020055896,0.6462191741,-0.357814961,-0.132709679,-0.007316484,-0.477811721,-0.3125125139999999,-0.549193732,0.2091977394999999,-0.151055663,-0.057979537,3.0,1.7207967866,0.0,,,0.5856056891,0.0712730715,4.7390132189,6.7421536685,45.134456102,0.0,0.0,0.7563441415000001,0.0,0.2184657969,0.4432100886,1.1730949779000002,0.7470168931000001,0.178762612,0.0097876312,0.1417827456,-0.098127225,2.0,0.0214221579999999,,0.0256242631,0.0364267799,,,5.0,0.042551052,2.3338132e-09,0.0545454546999999,0.0269460911,0.7418174375,10.885522625,7.0320299e-09,58.0,0.585506968
1994-07-29,702379.25,1.2956391599,1.6786808326,0.2266682136,14.669390424,0.0513434313,0.0795022579999999,-0.114035085,0.2808988791,0.1632652931,,0.5248845489,3.2809917355,0.0035109334,-0.003510933,2.0,-1.196196481,0.1127313838,0.8766446025,0.2627941026,18.4318363,0.0120219866,-0.08535946,,1.0866412214,0.5902063707999999,0.0892118916,0.0079378685,1.0,2.7146077547000003,0.1054400559999999,0.0,1.0,0.0,0.1698145787,0.0113631561,0.3684929324,,0.299518938,0.1010145984,0.8187227291,0.581806387,0.1401825649,5.666322313999999,312.11979125,0.2176830584,0.0020055896,0.6462191741,-0.357814961,-0.132709679,-0.007316484,-0.477811721,-0.3125125139999999,-0.549193732,0.2091977394999999,-0.151055663,-0.057979537,3.0,1.7207967866,0.0,,,0.5856056891,0.0712730715,4.7390132189,6.7421536685,45.134456102,0.0,0.0,0.7563441415000001,0.0,0.2184657969,0.4432100886,1.1730949779000002,1.2330468203,0.2573554609,0.0111836256,-0.049770529,0.0472955015,3.0,0.0245373656999999,,0.05376222,0.0519090974,,,5.0,0.0478649145,1.6344056e-09,0.0775862038,0.0289726479999999,0.6968326965999999,11.845874898,5.5255155e-09,58.0,0.672463449
1994-08-31,831633.0,1.4925062477000002,2.2275748994,0.1978070301999999,14.742890971,0.0519017562,-0.030895152,0.1485148519,0.0520833355,0.0631578866,,0.3890335426,3.3674489428,0.0035109334,-0.003510933,2.0,-1.196196481,0.1127313838,0.8754931781999999,0.2627941026,18.4318363,0.0120219866,-0.08535946,,1.0866412214,0.5902063707999999,0.0892118916,0.0079378685,1.0,2.7146077547000003,0.1054400559999999,0.0,1.0,0.0,0.1698145787,0.0113631561,0.3684929324,,0.299518938,0.1010145984,0.8187227291,0.581806387,0.1401825649,5.9075907591,312.11979125,0.2176830584,0.0020055896,0.6462191741,-0.357814961,-0.132709679,-0.007316484,-0.477811721,-0.3125125139999999,-0.549193732,0.2091977394999999,-0.151055663,-0.057979537,3.0,1.7207967866,0.0,,,0.5856056891,0.0712730715,4.7390132189,6.7421536685,45.134456102,0.0,0.0,0.7563441415000001,0.0,0.2184657969,0.4432100886,1.1730949779000002,1.2330468203,0.2573554609,0.0111836256,-0.049770529,0.0472955015,3.0,0.0245373656999999,,0.05376222,0.0519090974,,,5.0,0.0494241942,2.0196109e-09,0.0631067976,0.0294334513,0.6688273795,12.260023731,5.8529339e-09,58.0,0.655072153
1994-09-30,810125.25,1.5358313069,2.3587778032,0.2562908889,14.949551443,0.0520545294,-0.043062569,-0.02586207,0.247311831,0.1958762789,,0.3322117223999999,3.1956296603,0.0035109334,-0.003510933,2.0,-1.196196481,0.1127313838,0.8755105298,0.2627941026,18.4318363,0.0120219866,-0.08535946,,1.0866412214,0.5902063707999999,0.0892118916,0.0079378685,1.0,2.7146077547000003,0.1054400559999999,0.0,1.0,0.0,0.1698145787,0.0113631561,0.3684929324,,0.299518938,0.1010145984,0.8187227291,0.581806387,0.1401825649,5.666322313999999,312.11979125,0.2176830584,0.0020055896,0.6462191741,-0.357814961,-0.132709679,-0.007316484,-0.477811721,-0.3125125139999999,-0.549193732,0.2091977394999999,-0.151055663,-0.057979537,3.0,1.7207967866,0.0,,,0.5856056891,0.0712730715,4.7390132189,6.7421536685,45.134456102,0.0,0.0,0.7563441415000001,0.0,0.2184657969,0.4432100886,1.1730949779000002,1.2330468203,0.2573554609,0.0111836256,-0.049770529,0.0472955015,3.0,0.0245373656999999,,0.05376222,0.0519090974,,,5.0,0.0390105725999999,2.2933515e-09,0.0331858397,0.0221412858,0.4831281419,4.994973293,7.746187e-09,58.0,0.534782355
1994-10-31,668074.5,1.5513879833000002,2.4068046749,0.0557428925,14.50332605,0.051631248,-0.087324378,-0.183628321,0.1589743624,0.0319634675999999,,0.3038529862,3.5927690325,0.0035109334,-0.003510933,2.0,-1.196196481,0.1127313838,0.8718076809,0.2627941026,18.4318363,0.0120219866,-0.08535946,,1.0866412214,0.5902063707999999,0.0892118916,0.0079378685,1.0,2.7146077547000003,0.1054400559999999,0.0,1.0,0.0,0.1698145787,0.0113631561,0.3684929324,,0.299518938,0.1010145984,0.8187227291,0.581806387,0.1401825649,5.666322313999999,312.11979125,0.2176830584,0.0020055896,0.6462191741,-0.357814961,-0.132709679,-0.007316484,-0.477811721,-0.3125125139999999,-0.549193732,0.2091977394999999,-0.151055663,-0.057979537,3.0,1.7207967866,0.0,,,0.5856056891,0.0712730715,4.7390132189,6.7421536685,45.134456102,0.0,0.0,0.7563441415000001,0.0,0.2184657969,0.4432100886,1.1730949779000002,-0.464270753,0.1694419127,0.0022124351,0.2368104578,0.0259714946,0.0,0.0061438292,,0.0132074677,0.0312784195,,,5.0,0.04905073,1.9321212e-09,0.0364077687,0.0307654141,0.8107512586,17.363419695999998,4.4412640000000005e-09,58.0,0.628985208
1994-11-30,785757.0,1.7244033418,2.9735668851,-0.200384819,14.948471192,0.0534991805999999,-0.120594911,0.1761517674,-0.224789917,-0.137850471,,0.3272312213,2.7448762568,0.0035109334,-0.003510933,2.0,-1.196196481,0.1127313838,0.8765219108,0.2627941026,18.4318363,0.0120219866,-0.08535946,,1.0866412214,0.5902063707999999,0.0892118916,0.0079378685,1.0,2.7146077547000003,0.1054400559999999,0.0,1.0,0.0,0.1698145787,0.0113631561,0.3684929324,,0.299518938,0.1010145984,0.8187227291,0.581806387,0.1401825649,5.7898550725,312.11979125,0.2176830584,0.0020055896,0.6462191741,-0.357814961,-0.132709679,-0.007316484,-0.477811721,-0.3125125139999999,-0.549193732,0.2091977394999999,-0.151055663,-0.057979537,3.0,1.7207967866,0.0,,,0.5856056891,0.0712730715,4.7390132189,6.7421536685,45.134456102,0.0,0.0,0.7563441415000001,0.0,0.2184657969,0.4432100886,1.1730949779000002,-0.464270753,0.1694419127,0.0022124351,0.2368104578,0.0259714946,0.0,0.0061438292,,0.0132074677,0.0312784195,,,5.0,0.0424088699,2.8290632e-09,0.0873786434999999,0.0338668143,0.6681576126,8.339218449299999,7.6506186e-09,58.0,0.621738835
1994-12-30,924495.0,1.6956554312999998,2.8752473416,-0.340109401,14.576176833,0.0536649386,-0.137092759,-0.011520738,-0.048245609,0.2191011325,,0.3380976174,3.0752706883,0.0035109334,-0.003510933,2.0,-1.196196481,0.1127313838,0.8747254322,0.2627941026,18.4318363,0.0120219866,-0.08535946,,1.0866412214,0.5902063707999999,0.0892118916,0.0079378685,1.0,2.7146077547000003,0.1054400559999999,0.0,1.0,0.0,0.1698145787,0.0113631561,0.3684929324,,0.299518938,0.1010145984,0.8187227291,0.581806387,0.1401825649,5.666322313999999,312.11979125,0.2176830584,0.0020055896,0.6462191741,-0.357814961,-0.132709679,-0.007316484,-0.477811721,-0.3125125139999999,-0.549193732,0.2091977394999999,-0.151055663,-0.057979537,3.0,1.7207967866,0.0,,,0.5856056891,0.0712730715,4.7390132189,6.7421536685,45.134456102,0.0,0.0,0.7563441415000001,0.0,0.2184657969,0.4432100886,1.1730949779000002,-0.464270753,0.1694419127,0.0022124351,0.2368104578,0.0259714946,0.0,0.0061438292,,0.0132074677,0.0312784195,,,5.0,0.024566596,1.3022135e-09,0.0394431539,0.0183376837,0.6853313752,14.693570200999998,5.7940703e-09,58.0,0.637680856
1995-01-31,948200.0,1.7375567433,3.0191034361,-0.045722554,14.846728786,0.0529845986,-0.241296888,0.025641026,0.0618811897,0.205056188,,0.317470488,2.4618329466,0.0035109334,-0.003510933,2.0,-1.196196481,0.1127313838,0.9260418124,0.2627941026,18.4318363,0.0120219866,-0.08535946,,1.0866412214,0.5902063707999999,0.0892118916,0.0079378685,1.0,2.7146077547000003,0.1054400559999999,0.0,1.0,0.0,0.1698145787,0.0113631561,0.3684929324,,0.299518938,0.1010145984,0.8187227291,0.581806387,0.1401825649,6.380952381,312.11979125,0.2176830584,0.0020055896,0.6462191741,-0.357814961,-0.132709679,-0.007316484,-0.477811721,-0.3125125139999999,-0.549193732,0.2091977394999999,-0.151055663,-0.057979537,3.0,1.7207967866,0.0,,,0.5856056891,0.0712730715,4.7390132189,6.7421536685,45.134456102,0.0,0.0,0.7563441415000001,0.0,0.2184657969,0.4432100886,1.1730949779000002,1.105500967,0.1495574385,-4.8798e-05,-0.016261319,0.0415763101,0.0,0.0010175098,,0.002157376,0.0400307004,,,5.0,0.0283258056,1.9812173e-09,0.0532687642,0.0230836749,0.5026467988000001,5.1528269277,1.0092774e-08,58.0,0.556521475
1995-02-28,827520.0,1.7988848118,3.2359865662,-0.380747126,14.487054817,0.0524519869,-0.257908199,-0.127272725,-0.051724137,0.1458333376999999,,0.3035864571,2.4919566899000003,0.0035109334,-0.003510933,2.0,-1.196196481,0.1127313838,0.953214424,0.2627941026,18.4318363,0.0120219866,-0.08535946,,1.0866412214,0.5902063707999999,0.0892118916,0.0079378685,1.0,2.7146077547000003,0.1054400559999999,0.0,1.0,0.0,0.1698145787,0.0113631561,0.3684929324,,0.299518938,0.1010145984,0.8187227291,0.581806387,0.1401825649,5.666322313999999,312.11979125,0.2176830584,0.0020055896,0.6462191741,-0.357814961,-0.132709679,-0.007316484,-0.477811721,-0.3125125139999999,-0.549193732,0.2091977394999999,-0.151055663,-0.057979537,3.0,1.7207967866,0.0,,,0.5856056891,0.0712730715,4.7390132189,6.7421536685,45.134456102,0.0,0.0,0.7563441415000001,0.0,0.2184657969,0.4432100886,1.1730949779000002,1.105500967,0.1495574385,-4.8798e-05,-0.016261319,0.0415763101,0.0,0.0010175098,,0.002157376,0.0400307004,,,5.0,0.0272954343,1.8402652e-09,0.0303030312,0.0163202781,0.521280299,6.6674951715,8.7603111e-09,58.0,0.553622925
1995-03-31,823210.0,1.7087681087,2.9198884494,-0.369921018,14.492516161,0.0533467131,-0.2291062519999999,-0.005208333,-0.150442474,0.032258071,,0.2447942786,2.1838372368,0.0035109334,-0.003510933,2.0,-1.196196481,0.1127313838,0.9743587493,0.2627941026,18.4318363,0.0120219866,-0.08535946,,1.0866412214,0.5902063707999999,0.0892118916,0.0079378685,1.0,2.7146077547000003,0.1054400559999999,0.0,1.0,0.0,0.1698145787,0.0113631561,0.3684929324,,0.299518938,0.1010145984,0.8187227291,0.581806387,0.1401825649,6.116838488,312.11979125,0.2176830584,0.0020055896,0.6462191741,-0.357814961,-0.132709679,-0.007316484,-0.477811721,-0.3125125139999999,-0.549193732,0.2091977394999999,-0.151055663,-0.057979537,3.0,1.7207967866,0.0,,,0.5856056891,0.0712730715,4.7390132189,6.7421536685,45.134456102,0.0,0.0,0.7563441415000001,0.0,0.2184657969,0.4432100886,1.1730949779000002,1.105500967,0.1495574385,-4.8798e-05,-0.016261319,0.0415763101,0.0,0.0010175098,,0.002157376,0.0400307004,,,5.0,0.0331526752,2.3482168e-09,0.0520833321,0.0230064512999999,0.6361356948,9.6336823326,1.0230567e-08,58.0,0.556521475
1995-04-28,845400.0,1.7046990225999998,2.9059987576,0.0944965675,14.432219023,0.0529381319,-0.171224092,0.0052356021,0.0352303597,-0.020512813,,0.2502044646,2.8565885971,0.05531207,0.05531207,3.0,-0.1992527369999999,0.1414412601,0.9810713482,0.2099098582,32.481559792,-0.002291711,-0.1395379709999999,0.1102907621,0.0597402597,-0.002764007,0.1499415634999999,-0.020201727,1.0,2.0926319956,0.0963240832,1.0,0.0,0.0004041554,0.2478057975,0.0152770729,0.2944950278,4.3640251572,0.4268553600999999,0.0930215354,0.3365321700999999,0.6271201372,0.1819043435,0.1584872924,299.70867407,0.2990778531,0.0017632245,-0.15544593,-0.229121779,-0.086456449,0.0122797701,-0.589999676,-0.569310076,-0.37886244,0.141209454,-0.246219703,1.1500097982,5.0,0.7055272403,0.0,,,0.6142165274,0.0982273782,17.896049243,5.082102597,37.075211451,0.0,0.0,0.7428934957,0.0,0.4264931846,0.5504520895,0.9704758965,1.105500967,0.1495574385,-4.8798e-05,-0.016261319,0.0415763101,0.0,0.0010175098,,0.002157376,0.0400307004,,,4.0,0.0332349685,1.7183574e-09,0.0408163256999999,0.0226858766,0.6843807693,15.828033107,4.6143420000000015e-09,58.0,0.544927277
1995-05-31,827787.5,1.6805299922,2.8241810546,-0.0454052609999999,15.043507654,0.0534521714,-0.166183884,-0.020833334,-0.115207371,-0.193277306,,0.2442367907,3.1897421339,0.05531207,0.05531207,3.0,-0.1992527369999999,0.1414412601,0.9788756154,0.2099098582,32.481559792,-0.002291711,-0.1395379709999999,0.1102907621,0.0597402597,-0.002764007,0.1499415634999999,-0.020201727,1.0,2.0926319956,0.0963240832,1.0,0.0,0.0004041554,0.2478057975,0.0152770729,0.2944950278,4.3640251572,0.4268553600999999,0.0930215354,0.3365321700999999,0.6271201372,0.1819043435,0.1584872924,299.70867407,0.2990778531,0.0017632245,-0.15544593,-0.229121779,-0.086456449,0.0122797701,-0.589999676,-0.569310076,-0.37886244,0.141209454,-0.246219703,1.1500097982,5.0,0.7055272403,0.0,,,0.6142165274,0.0982273782,17.896049243,5.082102597,37.075211451,0.0,0.0,0.7428934957,0.0,0.4264931846,0.5504520895,0.9704758965,2.4910613193,0.0687966952,0.0051199403,-0.065573782,-0.004174934,1.0,0.0180219503,,0.0388880258,0.0392539643,,,4.0,0.0284751519,9.902771e-10,0.051282052,0.0193958106,0.5312734217,10.360466297,6.9203795e-09,58.0,0.673912723
1995-06-30,1023726.5625,1.6546555668,2.7378850448,0.1431266094,14.828680238,0.0531402861,-0.147673157,0.2367021292,-0.1235431219999999,-0.175438591,1.6348303888,0.2599738172,4.1833361635,0.05531207,0.05531207,3.0,-0.1992527369999999,0.1414412601,0.9788756154,0.2099098582,32.481559792,-0.002291711,-0.1395379709999999,0.1102907621,0.0597402597,-0.002764007,0.1499415634999999,-0.020201727,1.0,2.0926319956,0.0963240832,1.0,0.0,0.0004041554,0.2478057975,0.0152770729,0.2944950278,4.3640251572,0.4268553600999999,0.0930215354,0.3365321700999999,0.6271201372,0.1819043435,0.1584872924,299.70867407,0.2990778531,0.0017632245,-0.15544593,-0.229121779,-0.086456449,0.0122797701,-0.589999676,-0.569310076,-0.37886244,0.141209454,-0.246219703,1.1500097982,5.0,0.7055272403,0.0,,,0.6142165274,0.0982273782,17.896049243,5.082102597,37.075211451,0.0,0.0,0.7428934957,0.0,0.4264931846,0.5504520895,0.9704758965,2.4910613193,0.0687966952,0.0051199403,-0.065573782,-0.004174934,1.0,0.0180219503,,0.0388880258,0.0392539643,,,4.0,0.0403983991,1.2133153e-09,0.0700000003,0.0289242765,0.7286663351,20.76796576,3.8076424e-09,58.0,0.826086564
1995-07-31,1258773.75,1.6742813415,2.8032180104,0.2063456294,15.491982099,0.0541531586,-0.032784872,0.2258064449,0.056818185,0.1509901046,1.2696629113,0.201128653,4.8243995396,0.05531207,0.05531207,3.0,-0.1992527369999999,0.1165397594999999,5.1161140312,0.2099098582,32.481559792,-0.002291711,-0.1395379709999999,0.1102907621,0.0597402597,-0.002764007,0.1499415634999999,-0.020201727,1.0,2.0926319956,0.0963240832,1.0,0.0,0.0004041554,0.2478057975,0.0152770729,0.2944950278,4.3640251572,0.4268553600999999,0.0930215354,0.3365321700999999,0.6271201372,0.1819043435,0.1584872924,299.70867407,0.2990778531,0.0017632245,-0.15544593,-0.229121779,-0.086456449,0.0122797701,-0.589999676,-0.569310076,-0.37886244,0.141209454,-0.246219703,1.1500097982,5.0,0.7055272403,0.0,,,0.6142165274,0.0982273782,17.896049243,5.082102597,37.075211451,0.0,0.0,0.7428934957,0.0,0.4264931846,0.5504520895,0.9704758965,1.1949552854,0.4079856485,0.0122435992,-0.133485073,-0.020349142,2.0,0.0372481322,,0.0784363683,0.0466203917999999,,,4.0,0.0381006953,6.22528e-10,0.0465949811,0.0226002584,0.5217932989999999,12.787140201,3.3323158e-09,58.0,0.866666255
1995-08-31,1320608.25,1.6653815464,2.7734956952,0.7297054483,15.828957519,0.0536367601,-0.007209406,0.0491228066,0.4843749927,0.2284482746,1.1784037509999998,0.24979598,5.3926907039,0.05531207,0.05531207,3.0,-0.1992527369999999,0.1165397594999999,5.1167584198,0.2099098582,32.481559792,-0.002291711,-0.1395379709999999,0.1102907621,0.0597402597,-0.002764007,0.1499415634999999,-0.020201727,1.0,2.0926319956,0.0963240832,1.0,0.0,0.0004041554,0.2478057975,0.0152770729,0.2944950278,4.3640251572,0.4268553600999999,0.0930215354,0.3365321700999999,0.6271201372,0.1819043435,0.1584872924,299.70867407,0.2990778531,0.0017632245,-0.15544593,-0.229121779,-0.086456449,0.0122797701,-0.589999676,-0.569310076,-0.37886244,0.141209454,-0.246219703,1.1500097982,5.0,0.7055272403,0.0,,,0.6142165274,0.0982273782,17.896049243,5.082102597,37.075211451,0.0,0.0,0.7428934957,0.0,0.4264931846,0.5504520895,0.9704758965,1.1949552854,0.4079856485,0.0122435992,-0.133485073,-0.020349142,2.0,0.0372481322,,0.0784363683,0.0466203917999999,,,4.0,0.0407696025,9.204611e-10,0.0643478259,0.0335240802,0.7551694391,18.021030517,4.355903000000001e-09,58.0,0.927535791
1995-09-29,1413360.0,1.7594020987,3.0954957449,0.8302599123000001,15.707418012,0.050526233,-0.025247618,0.0702341124,0.5654450181,0.3230088487999999,1.2713567679,0.3030541693,4.5285749325,0.05531207,0.05531207,3.0,-0.1992527369999999,0.1165397594999999,5.1943295306,0.2099098582,32.481559792,-0.002291711,-0.1395379709999999,0.1102907621,0.0597402597,-0.002764007,0.1499415634999999,-0.020201727,1.0,2.0926319956,0.0963240832,1.0,0.0,0.0004041554,0.2478057975,0.0152770729,0.2944950278,4.3640251572,0.4268553600999999,0.0930215354,0.3365321700999999,0.6271201372,0.1819043435,0.1584872924,299.70867407,0.2990778531,0.0017632245,-0.15544593,-0.229121779,-0.086456449,0.0122797701,-0.589999676,-0.569310076,-0.37886244,0.141209454,-0.246219703,1.1500097982,5.0,0.7055272403,0.0,,,0.6142165274,0.0982273782,17.896049243,5.082102597,37.075211451,0.0,0.0,0.7428934957,0.0,0.4264931846,0.5504520895,0.9704758965,1.1949552854,0.4079856485,0.0122435992,-0.133485073,-0.020349142,2.0,0.0372481322,,0.0784363683,0.0466203917999999,,,4.0,0.0258859091999999,1.0702609e-09,0.0535117051999999,0.0201838967,0.8728039216,9.0074847767,7.2760972e-09,58.0,0.878260452
1995-10-31,1338275.25,1.8186843887,3.3076129058,0.5374745734,15.122469461,0.0502565696999999,0.0102700479,-0.053125001,0.666666656,0.7344173456,0.5247933795,0.14088335,4.2911265825,0.05531207,0.05531207,3.0,-0.1992527369999999,0.1165397594999999,5.1436251681,0.2099098582,32.481559792,-0.002291711,-0.1395379709999999,0.1102907621,0.0597402597,-0.002764007,0.1499415634999999,-0.020201727,1.0,2.0926319956,0.0963240832,1.0,0.0,0.0004041554,0.2478057975,0.0152770729,0.2944950278,4.3640251572,0.4268553600999999,0.0930215354,0.3365321700999999,0.6271201372,0.1819043435,0.1584872924,299.70867407,0.2990778531,0.0017632245,-0.15544593,-0.229121779,-0.086456449,0.0122797701,-0.589999676,-0.569310076,-0.37886244,0.141209454,-0.246219703,1.1500097982,5.0,0.7055272403,0.0,,,0.6142165274,0.0982273782,17.896049243,5.082102597,37.075211451,0.0,0.0,0.7428934957,0.0,0.4264931846,0.5504520895,0.9704758965,-0.031550083,0.3182358853,0.0124126557,0.022836122,-0.045815297,0.0,0.0122078305,0.0121870395,0.018049043,0.0473432695,0.1031623249,0.1166466061999999,4.0,0.0360812187,8.002581e-10,0.0299401189999999,0.0306268173,0.7490626742000001,42.408080856,4.176884e-09,58.0,0.910144495
1995-11-30,1386859.5,1.8888163125,3.5676270625,0.8038533079000001,15.762672602,0.0490722024,-0.003327255,0.036303632,0.6117021158,0.3963133561,0.8389830491,0.2289023587999999,4.2060244146,0.05531207,0.05531207,3.0,-0.1992527369999999,0.1165397594999999,5.1422285289,0.2099098582,32.481559792,-0.002291711,-0.1395379709999999,0.1102907621,0.0597402597,-0.002764007,0.1499415634999999,-0.020201727,1.0,2.0926319956,0.0963240832,1.0,0.0,0.0004041554,0.2478057975,0.0152770729,0.2944950278,4.3640251572,0.4268553600999999,0.0930215354,0.3365321700999999,0.6271201372,0.1819043435,0.1584872924,299.70867407,0.2990778531,0.0017632245,-0.15544593,-0.229121779,-0.086456449,0.0122797701,-0.589999676,-0.569310076,-0.37886244,0.141209454,-0.246219703,1.1500097982,5.0,0.7055272403,0.0,,,0.6142165274,0.0982273782,17.896049243,5.082102597,37.075211451,0.0,0.0,0.7428934957,0.0,0.4264931846,0.5504520895,0.9704758965,-0.031550083,0.3182358853,0.0124126557,0.022836122,-0.045815297,0.0,0.0122078305,0.0121870395,0.018049043,0.0473432695,0.1031623249,0.1166466061999999,4.0,0.03329292,6.845682e-10,0.0545454546999999,0.0251773939,0.5115105156,11.473967421,4.1719996e-09,58.0,0.97970968
1995-12-29,1492861.5,1.8096864864,3.2749651789,0.3698473446,15.704191333,0.0486853628,0.019324228,0.0764331222,0.3505376249,0.4638694584,0.4205297853,0.2788339247,2.3531028219,0.05531207,0.05531207,3.0,-0.1992527369999999,0.1165397594999999,5.1968071857,0.2099098582,32.481559792,-0.002291711,-0.1395379709999999,0.1102907621,0.0597402597,-0.002764007,0.1499415634999999,-0.020201727,1.0,2.0926319956,0.0963240832,1.0,0.0,0.0004041554,0.2478057975,0.0152770729,0.2944950278,4.3640251572,0.4268553600999999,0.0930215354,0.3365321700999999,0.6271201372,0.1819043435,0.1584872924,299.70867407,0.2990778531,0.0017632245,-0.15544593,-0.229121779,-0.086456449,0.0122797701,-0.589999676,-0.569310076,-0.37886244,0.141209454,-0.246219703,1.1500097982,5.0,0.7055272403,0.0,,,0.6142165274,0.0982273782,17.896049243,5.082102597,37.075211451,0.0,0.0,0.7428934957,0.0,0.4264931846,0.5504520895,0.9704758965,-0.031550083,0.3182358853,0.0124126557,0.022836122,-0.045815297,0.0,0.0122078305,0.0121870395,0.018049043,0.0473432695,0.1031623249,0.1166466061999999,4.0,0.0316197058999999,6.346698e-10,0.0595238097,0.0240274467,0.7528450882,12.132760809,4.9345724e-09,58.0,0.973912581
1996-01-31,1495284.0,1.8414661172,3.3909974610000004,-0.116507175,15.656493153,0.048660415,0.0768267041,-0.00591716,0.1859649117,0.5363636318,0.4864864715999999,0.2186032514999999,2.3226504129,0.05531207,0.05531207,3.0,-0.1992527369999999,0.1165397594999999,5.1397934417,0.2099098582,32.481559792,-0.002291711,-0.1395379709999999,0.1102907621,0.0597402597,-0.002764007,0.1499415634999999,-0.020201727,1.0,2.0926319956,0.0963240832,1.0,0.0,0.0004041554,0.2478057975,0.0152770729,0.2944950278,4.3640251572,0.4268553600999999,0.0930215354,0.3365321700999999,0.6271201372,0.1819043435,0.1584872924,299.70867407,0.2990778531,0.0017632245,-0.15544593,-0.229121779,-0.086456449,0.0122797701,-0.589999676,-0.569310076,-0.37886244,0.141209454,-0.246219703,1.1500097982,5.0,0.7055272403,0.0,,,0.6142165274,0.0982273782,17.896049243,5.082102597,37.075211451,0.0,0.0,0.7428934957,0.0,0.4264931846,0.5504520895,0.9704758965,-0.115775369,0.2369403657,0.0150790401,0.0227061826,0.0081742592,1.0,0.0161868163999999,0.0117650481,0.0235722354,0.0367063581,0.1003740608,0.1125937677,4.0,0.0425911659999999,1.0883042e-09,0.0379008763,0.0247577897,0.4923427547999999,5.951455279099999,8.2385727e-09,58.0,0.776811225
1996-02-29,1192667.0,1.8807790745,3.5373299271,-0.6609705920000001,15.137118387,0.0503573619,0.0220771905,-0.202380955,0.1237458191,0.7499999903,0.2467532395,0.1122148589,3.5359015411000003,0.05531207,0.05531207,3.0,-0.1992527369999999,0.1165397594999999,-0.467507897,0.2099098582,32.481559792,-0.002291711,-0.1395379709999999,0.1102907621,0.0597402597,-0.002764007,0.1499415634999999,-0.020201727,1.0,2.0926319956,0.0963240832,1.0,0.0,0.0004041554,0.2478057975,0.0152770729,0.2944950278,4.3640251572,0.4268553600999999,0.0930215354,0.3365321700999999,0.6271201372,0.1819043435,0.1584872924,299.70867407,0.2990778531,0.0017632245,-0.15544593,-0.229121779,-0.086456449,0.0122797701,-0.589999676,-0.569310076,-0.37886244,0.141209454,-0.246219703,1.1500097982,5.0,0.7055272403,0.0,,,0.6142165274,0.0982273782,17.896049243,5.082102597,37.075211451,0.0,0.0,0.7428934957,0.0,0.4264931846,0.5504520895,0.9704758965,-0.115775369,0.2369403657,0.0150790401,0.0227061826,0.0081742592,1.0,0.0161868163999999,0.0117650481,0.0235722354,0.0367063581,0.1003740608,0.1125937677,4.0,0.0577885124,1.4461765e-09,0.0588235296,0.0428778553,0.8518052168000001,23.531924521,3.3115665e-09,58.0,0.817390916
1996-03-29,1254970.5,1.6930913056,2.8665581692,-0.794142661,15.784315991,0.0530572062,-0.012106984,0.0522388071,-0.162500002,0.4031413486999999,0.3172413694,0.140664761,3.894020039,0.05531207,0.05531207,3.0,-0.1992527369999999,0.1165397594999999,-0.470307222,0.2099098582,32.481559792,-0.002291711,-0.1395379709999999,0.1102907621,0.0597402597,-0.002764007,0.1499415634999999,-0.020201727,1.0,2.0926319956,0.0963240832,1.0,0.0,0.0004041554,0.2478057975,0.0152770729,0.2944950278,4.3640251572,0.4268553600999999,0.0930215354,0.3365321700999999,0.6271201372,0.1819043435,0.1584872924,299.70867407,0.2990778531,0.0017632245,-0.15544593,-0.229121779,-0.086456449,0.0122797701,-0.589999676,-0.569310076,-0.37886244,0.141209454,-0.246219703,1.1500097982,5.0,0.7055272403,0.0,,,0.6142165274,0.0982273782,17.896049243,5.082102597,37.075211451,0.0,0.0,0.7428934957,0.0,0.4264931846,0.5504520895,0.9704758965,-0.115775369,0.2369403657,0.0150790401,0.0227061826,0.0081742592,1.0,0.0161868163999999,0.0117650481,0.0235722354,0.0367063581,0.1003740608,0.1125937677,4.0,0.045199954,1.2684747e-09,0.0852713211999999,0.0365493775,0.5872671982,10.668387608,6.8346569999999995e-09,58.0,1.081158907
1996-04-30,1664372.625,1.7461223525,3.04894327,-0.347101875,15.205958624,0.0533731768,0.0221314013,0.3226950467,-0.069306931,0.4687499883,0.2631578855,0.1576529232,4.5088242709,0.0420383676999999,0.0420383676999999,4.0,-1.023057544,0.332968783,-0.254638916,0.3502216456,15.324016029,0.0084813803,-0.196546,-0.013038477,0.2247652582,0.4679195322999999,0.1932335523999999,0.0362979891,1.0,2.8946738733,0.0918815992,0.0,1.0,0.0,1.8410981092,0.0194244966,0.3991383669,2.2725295293,0.3617500883,0.0890528035,0.8766318538,0.8373354190000001,0.1160521024,0.2832714795,848.91597048,0.1900190357999999,0.0014458655,-8.957229573,0.3832694325999999,-0.046120179,-0.007382523,0.6358739690999999,-0.572872533,0.2466906764999999,0.2002835962,-0.259730753,0.5633667918,5.0,1.1541536469,0.0,,,0.5768312436999999,0.0878324588,7.449248210599999,3.7621242631,43.673770184,0.012443036,1.0,0.6327674495000001,0.0,0.3462006111999999,0.5737925298,0.4677972426,-0.115775369,0.2369403657,0.0150790401,0.0227061826,0.0081742592,1.0,0.0161868163999999,0.0117650481,0.0235722354,0.0367063581,0.1003740608,0.1125937677,4.0,0.0503576529999999,9.31606e-10,0.0979020967999999,0.0360621118,0.5819629566,11.300930398,4.782292999999999e-09,58.0,1.257970417
1996-05-31,1936562.25,1.7331325018,3.0037482689,-0.288047143,15.794042817,0.0552716204,0.0628788472,0.1635388732,0.1878980974,0.9840425555,0.2129032171,0.0831685101999999,4.105335649100001,0.0420383676999999,0.0420383676999999,4.0,-1.023057544,0.332968783,-0.261978247,0.3502216456,15.324016029,0.0084813803,-0.196546,-0.013038477,0.2247652582,0.4679195322999999,0.1932335523999999,0.0362979891,1.0,2.8946738733,0.0918815992,0.0,1.0,0.0,1.8410981092,0.0194244966,0.3991383669,2.2725295293,0.3617500883,0.0890528035,0.8766318538,0.8373354190000001,0.1160521024,0.2832714795,848.91597048,0.1900190357999999,0.0014458655,-8.957229573,0.3832694325999999,-0.046120179,-0.007382523,0.6358739690999999,-0.572872533,0.2466906764999999,0.2002835962,-0.259730753,0.5633667918,5.0,1.1541536469,0.0,,,0.5768312436999999,0.0878324588,7.449248210599999,3.7621242631,43.673770184,0.012443036,1.0,0.6327674495000001,0.0,0.3462006111999999,0.5737925298,0.4677972426,0.6254860126,0.1333915733,0.0046106446999999,0.0156598313,0.0256575741999999,0.0,0.0123997838,0.0115134398,0.0183853238,0.0364973953,0.1116104922,0.1222736171,4.0,0.0446759016,8.075091e-10,0.1470588297,0.0446481462,0.6849232734999999,16.546872795,4.3596392e-09,58.0,1.257970417
1996-06-28,1936562.25,1.7579842150999998,3.0905085007,-0.169739757,16.040589047,0.0555631988,0.0903761074,0.0,0.2840236753,0.8666666651999999,0.2109374969,0.1622942232,3.5968078353,0.0420383676999999,0.0420383676999999,4.0,-1.023057544,0.332968783,-0.267491296,0.3502216456,15.324016029,0.0084813803,-0.196546,-0.013038477,0.2247652582,0.4679195322999999,0.1932335523999999,0.0362979891,1.0,2.8946738733,0.0918815992,0.0,1.0,0.0,1.8410981092,0.0194244966,0.3991383669,2.2725295293,0.3617500883,0.0890528035,0.8766318538,0.8373354190000001,0.1160521024,0.2832714795,848.91597048,0.1900190357999999,0.0014458655,-8.957229573,0.3832694325999999,-0.046120179,-0.007382523,0.6358739690999999,-0.572872533,0.2466906764999999,0.2002835962,-0.259730753,0.5633667918,5.0,1.1541536469,0.0,,,0.5768312436999999,0.0878324588,7.449248210599999,3.7621242631,43.673770184,0.012443036,1.0,0.6327674495000001,0.0,0.3462006111999999,0.5737925298,0.4677972426,0.6254860126,0.1333915733,0.0046106446999999,0.0156598313,0.0256575741999999,0.0,0.0123997838,0.0115134398,0.0183853238,0.0364973953,0.1116104922,0.1222736171,4.0,0.0342349854,8.322216e-10,0.0882352963,0.0270539196,0.5306160319,6.5987466898000005,7.8220533e-09,58.0,1.310144305
1996-07-31,2180589.25,1.7103337502,2.9252415371,0.1662907358,15.409510821,0.055303479,0.1242395269,0.0414746552999999,0.2916666735,0.5228070247,0.4540816200999999,0.1711427630999999,2.9091019014,0.0420383676999999,0.0420383676999999,4.0,-1.023057544,0.211144505,-0.425079063,0.3502216456,15.324016029,0.0084813803,-0.196546,-0.013038477,0.2247652582,0.4679195322999999,0.1932335523999999,0.0362979891,1.0,2.8946738733,0.0918815992,0.0,1.0,0.0,1.8410981092,0.0194244966,0.3991383669,2.2725295293,0.3617500883,0.0890528035,0.8766318538,0.8373354190000001,0.1160521024,0.2832714795,848.91597048,0.1900190357999999,0.0014458655,-8.957229573,0.3832694325999999,-0.046120179,-0.007382523,0.6358739690999999,-0.572872533,0.2466906764999999,0.2002835962,-0.259730753,0.5633667918,5.0,1.1541536469,0.0,,,0.5768312436999999,0.0878324588,7.449248210599999,3.7621242631,43.673770184,0.012443036,1.0,0.6327674495000001,0.0,0.3462006111999999,0.5737925298,0.4677972426,1.6051295796,0.340894725,0.0015845674,-0.065541035,-0.062826258,1.0,0.0204323995999999,0.0097282549,0.0306375728,0.0361081908,0.1139495999,0.1245926148,4.0,0.037177566,1.0498305e-09,0.0735294148,0.0274470483,0.5314546795,5.2728660159,1.0422455e-08,58.0,1.205796529
1996-08-30,2006914.0,1.6346277541999998,2.6720078948,0.6559177484000001,15.265962997,0.0551672426,0.1090889978999999,-0.079646021,0.6865671805,0.5117056945,0.5736841968999999,0.2674857869,2.3809782914,0.0420383676999999,0.0420383676999999,4.0,-1.023057544,0.211144505,-0.405835419,0.3502216456,15.324016029,0.0084813803,-0.196546,-0.013038477,0.2247652582,0.4679195322999999,0.1932335523999999,0.0362979891,1.0,2.8946738733,0.0918815992,0.0,1.0,0.0,1.8410981092,0.0194244966,0.3991383669,2.2725295293,0.3617500883,0.0890528035,0.8766318538,0.8373354190000001,0.1160521024,0.2832714795,848.91597048,0.1900190357999999,0.0014458655,-8.957229573,0.3832694325999999,-0.046120179,-0.007382523,0.6358739690999999,-0.572872533,0.2466906764999999,0.2002835962,-0.259730753,0.5633667918,5.0,1.1541536469,0.0,,,0.5768312436999999,0.0878324588,7.449248210599999,3.7621242631,43.673770184,0.012443036,1.0,0.6327674495000001,0.0,0.3462006111999999,0.5737925298,0.4677972426,1.6051295796,0.340894725,0.0015845674,-0.065541035,-0.062826258,1.0,0.0204323995999999,0.0097282549,0.0306375728,0.0361081908,0.1139495999,0.1245926148,4.0,0.0478949948,1.3561137e-09,0.1233595833,0.0416241804999999,0.4324966107,6.2435076786,7.0132307e-09,58.0,1.518839858
1996-09-30,2527939.75,1.5735217463999998,2.4759706863,0.976906049,15.55434347,0.0564275304999999,-0.036689947,0.2596153914999999,0.4751773122,0.3000000044,0.6494845184,0.1476050259,2.4598499691,0.0420383676999999,0.0420383676999999,4.0,-1.023057544,0.211144505,-0.406038544,0.3502216456,15.324016029,0.0084813803,-0.196546,-0.013038477,0.2247652582,0.4679195322999999,0.1932335523999999,0.0362979891,1.0,2.8946738733,0.0918815992,0.0,1.0,0.0,1.8410981092,0.0194244966,0.3991383669,2.2725295293,0.3617500883,0.0890528035,0.8766318538,0.8373354190000001,0.1160521024,0.2832714795,848.91597048,0.1900190357999999,0.0014458655,-8.957229573,0.3832694325999999,-0.046120179,-0.007382523,0.6358739690999999,-0.572872533,0.2466906764999999,0.2002835962,-0.259730753,0.5633667918,5.0,1.1541536469,0.0,,,0.5768312436999999,0.0878324588,7.449248210599999,3.7621242631,43.673770184,0.012443036,1.0,0.6327674495000001,0.0,0.3462006111999999,0.5737925298,0.4677972426,1.6051295796,0.340894725,0.0015845674,-0.065541035,-0.062826258,1.0,0.0204323995999999,0.0097282549,0.0306375728,0.0361081908,0.1139495999,0.1245926148,4.0,0.0348618446,8.23692e-10,0.0701754391,0.0261422053,0.6696932294,8.8875296995,7.5732864e-09,58.0,1.530434056
1996-10-31,2560272.0,1.5635328861000002,2.444635086,0.1845264878,15.708321158,0.0566099417999999,0.0085011893,0.0076335878,0.4048257399,0.7293729553,0.3835616357,0.1280276862,2.7327198048000003,0.0420383676999999,0.0420383676999999,4.0,-1.023057544,0.211144505,-0.4108453829999999,0.3502216456,15.324016029,0.0084813803,-0.196546,-0.013038477,0.2247652582,0.4679195322999999,0.1932335523999999,0.0362979891,1.0,2.8946738733,0.0918815992,0.0,1.0,0.0,1.8410981092,0.0194244966,0.3991383669,2.2725295293,0.3617500883,0.0890528035,0.8766318538,0.8373354190000001,0.1160521024,0.2832714795,848.91597048,0.1900190357999999,0.0014458655,-8.957229573,0.3832694325999999,-0.046120179,-0.007382523,0.6358739690999999,-0.572872533,0.2466906764999999,0.2002835962,-0.259730753,0.5633667918,5.0,1.1541536469,0.0,,,0.5768312436999999,0.0878324588,7.449248210599999,3.7621242631,43.673770184,0.012443036,1.0,0.6327674495000001,0.0,0.3462006111999999,0.5737925298,0.4677972426,0.6974068629000001,0.3420481876,0.0073851611,-0.030340946,0.073615605,2.0,0.0161379749,0.0094127438,0.0321688843,0.0315404934,0.1153182919,0.1267544005,4.0,0.0338873608,5.536284e-10,0.078125,0.0291442004,0.4018885656,6.3292162504,7.8748943e-09,58.0,1.507245661
1996-11-29,2521480.0,1.5627760697,2.4422690441,-0.184008929,15.772507309000002,0.0564303812,0.0713422291,-0.015151516,0.2165898648999999,0.6815286773,0.4672897139,0.0938018054,3.14785265,0.0420383676999999,0.0420383676999999,4.0,-1.023057544,0.211144505,-0.39627195,0.3502216456,15.324016029,0.0084813803,-0.196546,-0.013038477,0.2247652582,0.4679195322999999,0.1932335523999999,0.0362979891,1.0,2.8946738733,0.0918815992,0.0,1.0,0.0,1.8410981092,0.0194244966,0.3991383669,2.2725295293,0.3617500883,0.0890528035,0.8766318538,0.8373354190000001,0.1160521024,0.2832714795,848.91597048,0.1900190357999999,0.0014458655,-8.957229573,0.3832694325999999,-0.046120179,-0.007382523,0.6358739690999999,-0.572872533,0.2466906764999999,0.2002835962,-0.259730753,0.5633667918,5.0,1.1541536469,0.0,,,0.5768312436999999,0.0878324588,7.449248210599999,3.7621242631,43.673770184,0.012443036,1.0,0.6327674495000001,0.0,0.3462006111999999,0.5737925298,0.4677972426,0.6974068629000001,0.3420481876,0.0073851611,-0.030340946,0.073615605,2.0,0.0161379749,0.0094127438,0.0321688843,0.0315404934,0.1153182919,0.1267544005,4.0,0.0386982839,5.416346e-10,0.0643939375999999,0.0336274336,0.7924408766,15.203259211,4.6776661e-09,58.0,1.605796339
1996-12-31,2686346.0,1.5928429141999998,2.5371485493,-0.007525972,16.143141372,0.0587555862,-0.020572821,0.0653846189,0.1981566846,0.5384615497999999,0.8988764123999999,0.1006978095,3.1108090548000003,0.0420383676999999,0.0420383676999999,4.0,-1.023057544,0.211144505,-0.397664037,0.3502216456,15.324016029,0.0084813803,-0.196546,-0.013038477,0.2247652582,0.4679195322999999,0.1932335523999999,0.0362979891,1.0,2.8946738733,0.0918815992,0.0,1.0,0.0,1.8410981092,0.0194244966,0.3991383669,2.2725295293,0.3617500883,0.0890528035,0.8766318538,0.8373354190000001,0.1160521024,0.2832714795,848.91597048,0.1900190357999999,0.0014458655,-8.957229573,0.3832694325999999,-0.046120179,-0.007382523,0.6358739690999999,-0.572872533,0.2466906764999999,0.2002835962,-0.259730753,0.5633667918,5.0,1.1541536469,0.0,,,0.5768312436999999,0.0878324588,7.449248210599999,3.7621242631,43.673770184,0.012443036,1.0,0.6327674495000001,0.0,0.3462006111999999,0.5737925298,0.4677972426,0.6974068629000001,0.3420481876,0.0073851611,-0.030340946,0.073615605,2.0,0.0161379749,0.0094127438,0.0321688843,0.0315404934,0.1153182919,0.1267544005,4.0,0.0353023855,5.472681e-10,0.0784313753,0.0270966852,0.5001373352,6.1190309759,8.5802013e-09,58.0,1.327535601
1997-01-31,2232292.0,1.5945622223,2.5426286807,-0.331963766,15.739577550999998,0.0581649597,0.0489598891,-0.173285201,0.2256637225,0.6488095415999999,0.8876404572,0.2049378853,3.0847054097,0.0420383676999999,0.0420383676999999,4.0,-1.023057544,0.211144505,-0.3927103879999999,0.3502216456,15.324016029,0.0084813803,-0.196546,-0.013038477,0.2247652582,0.4679195322999999,0.1932335523999999,0.0362979891,1.0,2.8946738733,0.0918815992,0.0,1.0,0.0,1.8410981092,0.0194244966,0.3991383669,2.2725295293,0.3617500883,0.0890528035,0.8766318538,0.8373354190000001,0.1160521024,0.2832714795,848.91597048,0.1900190357999999,0.0014458655,-8.957229573,0.3832694325999999,-0.046120179,-0.007382523,0.6358739690999999,-0.572872533,0.2466906764999999,0.2002835962,-0.259730753,0.5633667918,5.0,1.1541536469,0.0,,,0.5768312436999999,0.0878324588,7.449248210599999,3.7621242631,43.673770184,0.012443036,1.0,0.6327674495000001,0.0,0.3462006111999999,0.5737925298,0.4677972426,1.0914568078,0.3378501753,0.0035379696,-0.0194450969999999,0.1166309807,0.0,0.0144887966999999,0.0094553351,0.0281357881,0.0264955906,0.1207814129,0.1322434172,4.0,0.0405271978,8.156356e-10,0.0632911399,0.0297192892,0.3038299319999999,4.088162659,7.7630203e-09,58.0,1.588405043
1997-02-28,2670952.0,1.7036454939,2.9024079689,-0.234931122,15.601394278,0.0587255675,0.0011708979,0.1965065449,0.1009615442,0.7089552429000001,0.3958333294,0.0927323561999999,2.8325938654,0.0420383676999999,0.0420383676999999,4.0,-1.023057544,0.211144505,-0.391918859,0.3502216456,15.324016029,0.0084813803,-0.196546,-0.013038477,0.2247652582,0.4679195322999999,0.1932335523999999,0.0362979891,1.0,2.8946738733,0.0918815992,0.0,1.0,0.0,1.8410981092,0.0194244966,0.3991383669,2.2725295293,0.3617500883,0.0890528035,0.8766318538,0.8373354190000001,0.1160521024,0.2832714795,848.91597048,0.1900190357999999,0.0014458655,-8.957229573,0.3832694325999999,-0.046120179,-0.007382523,0.6358739690999999,-0.572872533,0.2466906764999999,0.2002835962,-0.259730753,0.5633667918,5.0,1.1541536469,0.0,,,0.5768312436999999,0.0878324588,7.449248210599999,3.7621242631,43.673770184,0.012443036,1.0,0.6327674495000001,0.0,0.3462006111999999,0.5737925298,0.4677972426,1.0914568078,0.3378501753,0.0035379696,-0.0194450969999999,0.1166309807,0.0,0.0144887966999999,0.0094553351,0.0281357881,0.0264955906,0.1207814129,0.1322434172,4.0,0.0431757771999999,5.346335e-10,0.0810810775,0.0311251193,0.5699606104,9.5549870769,6.0457528e-09,58.0,1.559419549
1997-03-31,2622212.0,1.6319561237,2.6632807898,-0.831438494,15.988625088,0.0590930876,-0.025970971,-0.018248174,0.0458015217999999,0.9432624224,0.5161290296,0.0854822884999999,2.6310492715,0.0420383676999999,0.0420383676999999,4.0,-1.023057544,0.211144505,-0.394426061,0.3502216456,15.324016029,0.0084813803,-0.196546,-0.013038477,0.2247652582,0.4679195322999999,0.1932335523999999,0.0362979891,1.0,2.8946738733,0.0918815992,0.0,1.0,0.0,1.8410981092,0.0194244966,0.3991383669,2.2725295293,0.3617500883,0.0890528035,0.8766318538,0.8373354190000001,0.1160521024,0.2832714795,848.91597048,0.1900190357999999,0.0014458655,-8.957229573,0.3832694325999999,-0.046120179,-0.007382523,0.6358739690999999,-0.572872533,0.2466906764999999,0.2002835962,-0.259730753,0.5633667918,5.0,1.1541536469,0.0,,,0.5768312436999999,0.0878324588,7.449248210599999,3.7621242631,43.673770184,0.012443036,1.0,0.6327674495000001,0.0,0.3462006111999999,0.5737925298,0.4677972426,1.0914568078,0.3378501753,0.0035379696,-0.0194450969999999,0.1166309807,0.0,0.0144887966999999,0.0094553351,0.0281357881,0.0264955906,0.1207814129,0.1322434172,4.0,0.0353129309,6.385372e-10,0.0724637657,0.0256937158,0.3008995705,3.1121118591,1.1745709999999998e-08,58.0,1.373912391
1997-04-30,2318659.875,1.677929449,2.8154472358,-0.51782233,15.452678417,0.0587600919,-0.107603554,-0.118959107,0.01893939,0.4423592464999999,0.9128205283,0.0894423932,2.6997159297000004,0.1582720325,-0.158272033,5.0,-0.552001589,0.3068139564,-0.288809804,0.3623949871999999,8.7188017574,0.0533845623,-0.031620855,-0.162745581,1.1867583641,-0.194281138,-0.067437736,0.0187362164,1.0,3.3587658644,0.0972996966,0.0,0.0,0.0,0.4465571964,0.0164545017,0.2789558672,0.8972657349,0.2807620747,0.0934667288,0.4434782609,0.2568467549,0.1073921051999999,0.7631182389,2064.9761803,0.1844132405,0.0011171191,-0.708840637,0.1603261754,0.0589682535,-0.083217725,1.1956031377,0.8229191793999999,-0.157120511,0.1948964069,1.2205795485,-2.244374288,5.0,2.5340633686,0.0,,,0.5768667483,0.0940590574,3.0356221343,8.3540961977,39.525622836,0.0103629429,1.0,0.4971228232999999,0.0,0.272033987,0.6679051985,0.0336462605,1.0914568078,0.3378501753,0.0035379696,-0.0194450969999999,0.1166309807,0.0,0.0144887966999999,0.0094553351,0.0281357881,0.0264955906,0.1207814129,0.1322434172,6.0,0.0401233872,7.645294e-10,0.0447154455,0.0277024217,0.4969423175999999,7.0356342467,7.6006999e-09,58.0,1.385506588
1997-05-30,2338226.625,1.7194506594,2.9565105702,-0.278925918,15.710258494,0.0573968208,-0.1798684639999999,0.0084388182,-0.08846154,0.0921658989,0.8235294227,-0.120943607,2.7548988292,0.1582720325,-0.158272033,5.0,-0.552001589,0.3068139564,-0.303751906,0.3623949871999999,8.7188017574,0.0533845623,-0.031620855,-0.162745581,1.1867583641,-0.194281138,-0.067437736,0.0187362164,1.0,3.3587658644,0.0972996966,0.0,0.0,0.0,0.4465571964,0.0164545017,0.2789558672,0.8972657349,0.2807620747,0.0934667288,0.4434782609,0.2568467549,0.1073921051999999,0.7631182389,2064.9761803,0.1844132405,0.0011171191,-0.708840637,0.1603261754,0.0589682535,-0.083217725,1.1956031377,0.8229191793999999,-0.157120511,0.1948964069,1.2205795485,-2.244374288,5.0,2.5340633686,0.0,,,0.5768667483,0.0940590574,3.0356221343,8.3540961977,39.525622836,0.0103629429,1.0,0.4971228232999999,0.0,0.272033987,0.6679051985,0.0336462605,0.2376079723,0.3157609346,0.0084839527,-0.000459785,0.0191140366,1.0,0.0187078705,0.0094402317,0.0295321047,0.0261714379999999,0.1240341815,0.1361789305,6.0,0.0516421068,7.418808e-10,0.0642201826,0.0306630625,0.4579553956,7.5358126495,5.7759329e-09,58.0,1.460868871
1997-06-30,2465410.5,1.6542907543,2.7366778998,-0.366750415,15.901238067,0.0573606615,-0.230511193,0.0543933063999999,-0.13718412,0.1013824883,0.9035087857,-0.467398705,3.2988366919,0.1582720325,-0.158272033,5.0,-0.552001589,0.3068139564,-0.407591386,0.3623949871999999,8.7188017574,0.0533845623,-0.031620855,-0.162745581,1.1867583641,-0.194281138,-0.067437736,0.0187362164,1.0,3.3587658644,0.0972996966,0.0,0.0,0.0,0.4465571964,0.0164545017,0.2789558672,0.8972657349,0.2807620747,0.0934667288,0.4434782609,0.2568467549,0.1073921051999999,0.7631182389,2064.9761803,0.1844132405,0.0011171191,-0.708840637,0.1603261754,0.0589682535,-0.083217725,1.1956031377,0.8229191793999999,-0.157120511,0.1948964069,1.2205795485,-2.244374288,5.0,2.5340633686,0.0,,,0.5768667483,0.0940590574,3.0356221343,8.3540961977,39.525622836,0.0103629429,1.0,0.4971228232999999,0.0,0.272033987,0.6679051985,0.0336462605,0.2376079723,0.3157609346,0.0084839527,-0.000459785,0.0191140366,1.0,0.0187078705,0.0094402317,0.0295321047,0.0261714379999999,0.1240341815,0.1361789305,6.0,0.0377633172,4.148537e-10,0.0588235296,0.0244463275,0.4789361894,8.135300922999999,5.7325899e-09,58.0,1.805796244
1997-07-31,3062629.0625,1.5874390133,2.5199626209,0.3469876615,16.008254613,0.0585864163999999,-0.170355562,0.2361111045,0.1004366794999999,0.1150442476,1.2376237733,-0.246065116,3.8092089929,0.1582720325,-0.158272033,5.0,-0.552001589,0.2055170201999999,-0.501387591,0.3623949871999999,8.7188017574,0.0533845623,-0.031620855,-0.162745581,1.1867583641,-0.194281138,-0.067437736,0.0187362164,1.0,3.3587658644,0.0972996966,0.0,0.0,0.0,0.4465571964,0.0164545017,0.2789558672,0.8972657349,0.2807620747,0.0934667288,0.4434782609,0.2568467549,0.1073921051999999,0.7631182389,2064.9761803,0.1844132405,0.0011171191,-0.708840637,0.1603261754,0.0589682535,-0.083217725,1.1956031377,0.8229191793999999,-0.157120511,0.1948964069,1.2205795485,-2.244374288,5.0,2.5340633686,0.0,,,0.5768667483,0.0940590574,3.0356221343,8.3540961977,39.525622836,0.0103629429,1.0,0.4971228232999999,0.0,0.272033987,0.6679051985,0.0336462605,0.684384735,0.3311445313,0.0042895859,-0.077866115,0.0697635505,2.0,0.0198042149,0.0080769208,0.0318602489,0.0311809566,0.1176814092,0.1275472627,6.0,0.0348354363,3.285681e-10,0.0773195848,0.0279985302,0.4957042222,10.841938723,4.7285592e-09,58.0,1.898549823
1997-08-29,3219939.0625,1.5440918888,2.3842197612,-0.1220522219999999,16.413060372,0.0609389279,-0.0247470739999999,0.0513643659999999,0.1368613109999999,0.4975961511999999,0.7931034495999999,-0.3578597329999999,3.8470493505,0.1582720325,-0.158272033,5.0,-0.552001589,0.2055170201999999,-0.519772663,0.3623949871999999,8.7188017574,0.0533845623,-0.031620855,-0.162745581,1.1867583641,-0.194281138,-0.067437736,0.0187362164,1.0,3.3587658644,0.0972996966,0.0,0.0,0.0,0.4465571964,0.0164545017,0.2789558672,0.8972657349,0.2807620747,0.0934667288,0.4434782609,0.2568467549,0.1073921051999999,0.7631182389,2064.9761803,0.1844132405,0.0011171191,-0.708840637,0.1603261754,0.0589682535,-0.083217725,1.1956031377,0.8229191793999999,-0.157120511,0.1948964069,1.2205795485,-2.244374288,5.0,2.5340633686,0.0,,,0.5768667483,0.0940590574,3.0356221343,8.3540961977,39.525622836,0.0103629429,1.0,0.4971228232999999,0.0,0.272033987,0.6679051985,0.0336462605,0.684384735,0.3311445313,0.0042895859,-0.077866115,0.0697635505,2.0,0.0198042149,0.0080769208,0.0318602489,0.0311809566,0.1176814092,0.1275472627,6.0,0.0382504807,4.444001e-10,0.0483333319,0.0243850452999999,0.4785490659,8.7856121376,5.6183921e-09,58.0,1.901448372
1997-09-30,3224855.0,1.4810626943,2.1935467045,0.1926132976,16.248860721,0.0592010785,-0.006533235,0.0015267176,0.2174721148,0.249999991,1.3185840872,-0.6836404420000001,3.606867445,0.1582720325,-0.158272033,5.0,-0.552001589,0.2055170201999999,-0.520880054,0.3623949871999999,8.7188017574,0.0533845623,-0.031620855,-0.162745581,1.1867583641,-0.194281138,-0.067437736,0.0187362164,1.0,3.3587658644,0.0972996966,0.0,0.0,0.0,0.4465571964,0.0164545017,0.2789558672,0.8972657349,0.2807620747,0.0934667288,0.4434782609,0.2568467549,0.1073921051999999,0.7631182389,2064.9761803,0.1844132405,0.0011171191,-0.708840637,0.1603261754,0.0589682535,-0.083217725,1.1956031377,0.8229191793999999,-0.157120511,0.1948964069,1.2205795485,-2.244374288,5.0,2.5340633686,0.0,,,0.5768667483,0.0940590574,3.0356221343,8.3540961977,39.525622836,0.0103629429,1.0,0.4971228232999999,0.0,0.272033987,0.6679051985,0.0336462605,0.684384735,0.3311445313,0.0042895859,-0.077866115,0.0697635505,2.0,0.0198042149,0.0080769208,0.0318602489,0.0311809566,0.1176814092,0.1275472627,6.0,0.0387766143,4.897135e-10,0.0583333336,0.0269369877,0.4554753732,5.8623630458,7.0590435e-09,58.0,1.939129514
1997-10-31,3305654.4375,1.317783302,1.7365528311000002,0.5136651272,16.068642137,0.0591521441,0.0111505656,0.0198170729,0.3839662379999999,0.2424242334,1.8617886456,-0.522869415,2.9504673725,0.1582720325,-0.158272033,5.0,-0.552001589,0.2055170201999999,-0.516947078,0.3623949871999999,8.7188017574,0.0533845623,-0.031620855,-0.162745581,1.1867583641,-0.194281138,-0.067437736,0.0187362164,1.0,3.3587658644,0.0972996966,0.0,0.0,0.0,0.4465571964,0.0164545017,0.2789558672,0.8972657349,0.2807620747,0.0934667288,0.4434782609,0.2568467549,0.1073921051999999,0.7631182389,2064.9761803,0.1844132405,0.0011171191,-0.708840637,0.1603261754,0.0589682535,-0.083217725,1.1956031377,0.8229191793999999,-0.157120511,0.1948964069,1.2205795485,-2.244374288,5.0,2.5340633686,0.0,,,0.5768667483,0.0940590574,3.0356221343,8.3540961977,39.525622836,0.0103629429,1.0,0.4971228232999999,0.0,0.272033987,0.6679051985,0.0336462605,1.2660952784,0.2761034005,-0.000733183,-0.062431435,-0.053465713,0.0,0.0116077798,0.0080318372,0.0185272353,0.0274615525,0.1075294028999999,0.1158805281,6.0,0.0307803342,5.424752e-10,0.0373831764,0.0227154614,0.4906946204999999,6.2115657001,8.662412e-09,58.0,1.530434056
1997-11-28,2608947.0,1.2663626012,1.6036742378,0.1853717311,15.884014225,0.0590852807,0.1739539358,-0.210762337,0.3995815833,0.2865384524,1.3963133741999998,-0.893645317,3.1486864241,0.1582720325,-0.158272033,5.0,-0.552001589,0.2055170201999999,-0.501437306,0.3623949871999999,8.7188017574,0.0533845623,-0.031620855,-0.162745581,1.1867583641,-0.194281138,-0.067437736,0.0187362164,1.0,3.3587658644,0.0972996966,0.0,0.0,0.0,0.4465571964,0.0164545017,0.2789558672,0.8972657349,0.2807620747,0.0934667288,0.4434782609,0.2568467549,0.1073921051999999,0.7631182389,2064.9761803,0.1844132405,0.0011171191,-0.708840637,0.1603261754,0.0589682535,-0.083217725,1.1956031377,0.8229191793999999,-0.157120511,0.1948964069,1.2205795485,-2.244374288,5.0,2.5340633686,0.0,,,0.5768667483,0.0940590574,3.0356221343,8.3540961977,39.525622836,0.0103629429,1.0,0.4971228232999999,0.0,0.272033987,0.6679051985,0.0336462605,1.2660952784,0.2761034005,-0.000733183,-0.062431435,-0.053465713,0.0,0.0116077798,0.0080318372,0.0185272353,0.0274615525,0.1075294028999999,0.1158805281,6.0,0.0425940965,4.85588e-10,0.0272108838,0.0279391929999999,0.4556009859,9.8463934225,4.6213221e-09,58.0,1.617390536
1997-12-31,2757182.625,1.1947109786,1.4273343224,0.1973955576,16.189357985,0.0594333441,0.1307630457,0.0568181834999999,0.0476190351,-0.046931424,1.5827506035,-0.8447275129999999,2.6441221409,0.1582720325,-0.158272033,5.0,-0.552001589,0.2055170201999999,-0.50522845,0.3623949871999999,8.7188017574,0.0533845623,-0.031620855,-0.162745581,1.1867583641,-0.194281138,-0.067437736,0.0187362164,1.0,3.3587658644,0.0972996966,0.0,0.0,0.0,0.4465571964,0.0164545017,0.2789558672,0.8972657349,0.2807620747,0.0934667288,0.4434782609,0.2568467549,0.1073921051999999,0.7631182389,2064.9761803,0.1844132405,0.0011171191,-0.708840637,0.1603261754,0.0589682535,-0.083217725,1.1956031377,0.8229191793999999,-0.157120511,0.1948964069,1.2205795485,-2.244374288,5.0,2.5340633686,0.0,,,0.5768667483,0.0940590574,3.0356221343,8.3540961977,39.525622836,0.0103629429,1.0,0.4971228232999999,0.0,0.272033987,0.6679051985,0.0336462605,1.2660952784,0.2761034005,-0.000733183,-0.062431435,-0.053465713,0.0,0.0116077798,0.0080318372,0.0185272353,0.0274615525,0.1075294028999999,0.1158805281,6.0,0.0353041533999999,7.677657e-10,0.0817120596999999,0.026760877,0.5765743546000001,5.8279090762,1.066883e-08,58.0,1.779709299
1998-01-30,3315293.0,1.0336769604,1.0684880584999998,-0.374708229,15.599028849000002,0.0586320946,0.1207012235,0.1003584266,-0.104333873,0.2183405968,1.0818181912,0.1743355958,2.6235222397,0.1582720325,-0.158272033,5.0,-0.552001589,0.2055170201999999,-0.499417165,0.3623949871999999,8.7188017574,0.0533845623,-0.031620855,-0.162745581,1.1867583641,-0.194281138,-0.067437736,0.0187362164,1.0,3.3587658644,0.0972996966,0.0,0.0,0.0,0.4465571964,0.0164545017,0.2789558672,0.8972657349,0.2807620747,0.0934667288,0.4434782609,0.2568467549,0.1073921051999999,0.7631182389,2064.9761803,0.1844132405,0.0011171191,-0.708840637,0.1603261754,0.0589682535,-0.083217725,1.1956031377,0.8229191793999999,-0.157120511,0.1948964069,1.2205795485,-2.244374288,5.0,2.5340633686,0.0,,,0.5768667483,0.0940590574,3.0356221343,8.3540961977,39.525622836,0.0103629429,1.0,0.4971228232999999,0.0,0.272033987,0.6679051985,0.0336462605,-0.415086492,0.2268485542,0.0045692779,-0.012371326,0.0138618057,1.0,0.0184195198,0.0080230454,0.0293200572,0.0219719296,0.1077692986999999,0.1158628664,6.0,0.0304290529999999,4.985185e-10,0.0663082451,0.0216227467,0.5310750603,5.2163693385,8.6448703e-09,58.0,1.695651368
1998-02-27,3158707.5,1.0567996856,1.1168255755,-0.302125703,15.769607992,0.0594353032,0.0129943944,-0.047231272,-0.062595421,0.1204379514,1.8541666599,-0.01208487,2.1950373491,0.1582720325,-0.158272033,5.0,-0.552001589,0.2055170201999999,-0.502075081,0.3623949871999999,8.7188017574,0.0533845623,-0.031620855,-0.162745581,1.1867583641,-0.194281138,-0.067437736,0.0187362164,1.0,3.3587658644,0.0972996966,0.0,0.0,0.0,0.4465571964,0.0164545017,0.2789558672,0.8972657349,0.2807620747,0.0934667288,0.4434782609,0.2568467549,0.1073921051999999,0.7631182389,2064.9761803,0.1844132405,0.0011171191,-0.708840637,0.1603261754,0.0589682535,-0.083217725,1.1956031377,0.8229191793999999,-0.157120511,0.1948964069,1.2205795485,-2.244374288,5.0,2.5340633686,0.0,,,0.5768667483,0.0940590574,3.0356221343,8.3540961977,39.525622836,0.0103629429,1.0,0.4971228232999999,0.0,0.272033987,0.6679051985,0.0336462605,-0.415086492,0.2268485542,0.0045692779,-0.012371326,0.0138618057,1.0,0.0184195198,0.0080230454,0.0293200572,0.0219719296,0.1077692986999999,0.1158628664,6.0,0.0390167516,6.089419e-10,0.0483870953,0.0252435006999999,0.4922014694,6.4913994183,8.8161291e-09,58.0,1.834781737
1998-03-31,3417883.5,0.9709059739,0.9426584101,-0.254391827,15.874435249,0.0592994289,0.0250473341,0.0820512846,-0.10823171,0.0873605875,1.8167539229,-0.277552812,2.2650781292,0.1582720325,-0.158272033,5.0,-0.552001589,0.2055170201999999,-0.498147584,0.3623949871999999,8.7188017574,0.0533845623,-0.031620855,-0.162745581,1.1867583641,-0.194281138,-0.067437736,0.0187362164,1.0,3.3587658644,0.0972996966,0.0,0.0,0.0,0.4465571964,0.0164545017,0.2789558672,0.8972657349,0.2807620747,0.0934667288,0.4434782609,0.2568467549,0.1073921051999999,0.7631182389,2064.9761803,0.1844132405,0.0011171191,-0.708840637,0.1603261754,0.0589682535,-0.083217725,1.1956031377,0.8229191793999999,-0.157120511,0.1948964069,1.2205795485,-2.244374288,5.0,2.5340633686,0.0,,,0.5768667483,0.0940590574,3.0356221343,8.3540961977,39.525622836,0.0103629429,1.0,0.4971228232999999,0.0,0.272033987,0.6679051985,0.0336462605,-0.415086492,0.2268485542,0.0045692779,-0.012371326,0.0138618057,1.0,0.0184195198,0.0080230454,0.0293200572,0.0219719296,0.1077692986999999,0.1158628664,6.0,0.0339792553,4.788124e-10,0.0562913901999999,0.0248587374,0.4281282897,5.487137797100001,1.0191804e-08,58.0,2.101448277
1998-04-30,3957321.875,1.0076674313,1.0153936521,-0.327685373,15.859584806,0.0590708202,0.1473804008,0.1453396529,-0.05381166,0.3354430302,1.4687500002,-0.416956909,2.2769864352,0.0552582444,-0.055258244,6.0,-0.170736004,0.2439707708,-0.399459912,0.3689926658,17.066794429,0.0305513532,-0.8558806609999999,0.1026180706,0.0190116519,0.231976511,0.0458458681,0.0452092292999999,1.0,2.2772730869,0.1078945244999999,0.0,0.0,0.0,0.1775007749,0.0173680258,0.2718186985,0.3113242546,0.2143823087999999,0.0883101336,0.5060240964,0.2825080201,0.0964546796,0.1596236448,2675.9762207,0.2443877682,0.0011707396,-0.44602271,-0.321991119,0.1088886013,0.1239624021,-0.44060074,-0.045350415,-0.343920525,-0.145406955,-0.031632148,-0.75905734,7.0,1.4175531724,0.0,,,0.5721547148,0.108786845,6.2939920588,8.0898381942,31.678220417,0.0120278514999999,1.0,0.3883307657,0.0,0.2925162515,0.5870405362,0.3885183164999999,-0.415086492,0.2268485542,0.0045692779,-0.012371326,0.0138618057,1.0,0.0184195198,0.0080230454,0.0293200572,0.0219719296,0.1077692986999999,0.1158628664,6.0,0.0291746029,5.456143e-10,0.0497076027,0.0195272475,0.6548265376,5.8414119427,9.208202e-09,58.0,2.231882998
1998-05-29,4202948.75,1.0211176115,1.0426811766,0.3537308436999999,15.952607243,0.0577410066,0.2422371782,0.0620689653,0.373106069,0.5167363940999999,1.5425531923,-0.234074095,2.2520820452000003,0.0552582444,-0.055258244,6.0,-0.170736004,0.2439707708,-0.3884226529999999,0.3689926658,17.066794429,0.0305513532,-0.924307565,0.1026180706,0.0190116519,0.231976511,0.0458458681,0.0452092292999999,1.0,2.2772730869,0.1078945244999999,0.0,0.0,0.0,0.1775007749,0.0173680258,0.2718186985,0.3113242546,0.2143823087999999,0.0883101336,0.5060240964,0.2825080201,0.0964546796,0.1596236448,2675.9762207,0.2443877682,0.0011707396,-0.44602271,-0.321991119,0.1088886013,0.1239624021,-0.44060074,-0.045350415,-0.343920525,-0.145406955,-0.031632148,-0.75905734,7.0,1.4175531724,0.0,,,0.5721547148,0.108786845,6.2939920588,8.0898381942,31.678220417,0.0120278514999999,1.0,0.3883307657,0.0,0.2925162515,0.5870405362,0.3885183164999999,0.0776058427,0.1805983975,0.0059646607,0.0505313226,0.0671823807,2.0,0.0221928258999999,0.0080549012,0.0354756804,0.0236984672,0.1078490258999999,0.1158548293,6.0,0.0337593139,3.962168e-10,0.0349462368,0.0228976612,0.5846452789,6.392783833099999,8.7543252e-09,58.0,2.226085899
1998-06-30,4192032.0,1.0646723059999998,1.1335271191,0.2692012463,16.118301567,0.0576645076999999,0.1721996414,-0.002597403,0.3799283213,0.5277777684,1.1677419353,-0.199202527,2.0280224389,0.0552582444,-0.055258244,6.0,-0.170736004,0.2439707708,-0.3884226529999999,0.3689926658,17.066794429,0.0305513532,-0.901464753,0.1026180706,0.0190116519,0.231976511,0.0458458681,0.0452092292999999,1.0,2.2772730869,0.1078945244999999,0.0,0.0,0.0,0.1775007749,0.0173680258,0.2718186985,0.3113242546,0.2143823087999999,0.0883101336,0.5060240964,0.2825080201,0.0964546796,0.1596236448,2675.9762207,0.2443877682,0.0011707396,-0.44602271,-0.321991119,0.1088886013,0.1239624021,-0.44060074,-0.045350415,-0.343920525,-0.145406955,-0.031632148,-0.75905734,7.0,1.4175531724,0.0,,,0.5721547148,0.108786845,6.2939920588,8.0898381942,31.678220417,0.0120278514999999,1.0,0.3883307657,0.0,0.2925162515,0.5870405362,0.3885183164999999,0.0776058427,0.1805983975,0.0059646607,0.0505313226,0.0671823807,2.0,0.0221928258999999,0.0080549012,0.0354756804,0.0236984672,0.1078490258999999,0.1158548293,6.0,0.0292123673,4.678546e-10,0.0526315792999999,0.0207826768999999,0.3719465997999999,3.0710609979,1.3023591000000002e-08,58.0,2.478259692
1998-07-31,4756578.75,0.9961586732,0.9923321022,0.4069543743,15.767277806,0.0569466301999999,0.0936937397,0.11328125,0.2508143335,0.2327447824,1.1859649124,-0.270963888,2.1807172067,0.0552582444,-0.055258244,6.0,-0.170736004,0.1642732633,-0.486974895,0.3689926658,17.066794429,0.0305513532,-1.64187219,0.1026180706,0.0190116519,0.231976511,0.0458458681,0.0452092292999999,1.0,2.2772730869,0.1078945244999999,0.0,0.0,0.0,0.1775007749,0.0173680258,0.2718186985,0.3113242546,0.2143823087999999,0.0883101336,0.5060240964,0.2825080201,0.0964546796,0.1596236448,2675.9762207,0.2443877682,0.0011707396,-0.44602271,-0.321991119,0.1088886013,0.1239624021,-0.44060074,-0.045350415,-0.343920525,-0.145406955,-0.031632148,-0.75905734,7.0,1.4175531724,0.0,,,0.5721547148,0.108786845,6.2939920588,8.0898381942,31.678220417,0.0120278514999999,1.0,0.3883307657,0.0,0.2925162515,0.5870405362,0.3885183164999999,0.4000139808,0.2001309351,0.0064162939,-0.034274691,-0.006491728,3.0,0.0246334662,0.0080610513,0.0394016885,0.0247890609,0.1103177053,0.1186608514,6.0,0.0351924424,4.729525e-10,0.0695652142,0.0270284425999999,0.7377941698999999,8.5310126644,7.6387373e-09,58.0,1.942028063
1998-08-31,3727377.5,0.9313649959,0.8674407556,0.2521693887,16.314758026,0.0574411913,0.0244739222,-0.216374263,0.4615384653,0.3053435105,1.1906354524,-0.290580153,2.7998022739,0.0552582444,-0.055258244,6.0,-0.170736004,0.1642732633,-0.4775586879999999,0.3689926658,17.066794429,0.0305513532,-1.640342152,0.1026180706,0.0190116519,0.231976511,0.0458458681,0.0452092292999999,1.0,2.2772730869,0.1078945244999999,0.0,0.0,0.0,0.1775007749,0.0173680258,0.2718186985,0.3113242546,0.2143823087999999,0.0883101336,0.5060240964,0.2825080201,0.0964546796,0.1596236448,2675.9762207,0.2443877682,0.0011707396,-0.44602271,-0.321991119,0.1088886013,0.1239624021,-0.44060074,-0.045350415,-0.343920525,-0.145406955,-0.031632148,-0.75905734,7.0,1.4175531724,0.0,,,0.5721547148,0.108786845,6.2939920588,8.0898381942,31.678220417,0.0120278514999999,1.0,0.3883307657,0.0,0.2925162515,0.5870405362,0.3885183164999999,0.4000139808,0.2001309351,0.0064162939,-0.034274691,-0.006491728,3.0,0.0246334662,0.0080610513,0.0394016885,0.0247890609,0.1103177053,0.1186608514,6.0,0.0399243858,3.549626e-10,0.0760095045,0.0449208255,0.7932467128,24.363421898,4.7436961e-09,58.0,1.463767421
1998-09-30,2809441.25,1.1833065702,1.400214439,-0.167150711,16.564432792,0.0584957523,-0.084561044,-0.24626866,0.0584518249,0.0213414703,1.0500000033,-0.0875627009999999,3.7587705601,0.0552582444,-0.055258244,6.0,-0.170736004,0.1642732633,-0.439297836,0.3689926658,17.066794429,0.0305513532,-1.640342152,0.1026180706,0.0190116519,0.231976511,0.0458458681,0.0452092292999999,1.0,2.2772730869,0.1078945244999999,0.0,0.0,0.0,0.1775007749,0.0173680258,0.2718186985,0.3113242546,0.2143823087999999,0.0883101336,0.5060240964,0.2825080201,0.0964546796,0.1596236448,2675.9762207,0.2443877682,0.0011707396,-0.44602271,-0.321991119,0.1088886013,0.1239624021,-0.44060074,-0.045350415,-0.343920525,-0.145406955,-0.031632148,-0.75905734,7.0,1.4175531724,0.0,,,0.5721547148,0.108786845,6.2939920588,8.0898381942,31.678220417,0.0120278514999999,1.0,0.3883307657,0.0,0.2925162515,0.5870405362,0.3885183164999999,0.4000139808,0.2001309351,0.0064162939,-0.034274691,-0.006491728,3.0,0.0246334662,0.0080610513,0.0394016885,0.0247890609,0.1103177053,0.1186608514,6.0,0.0558784680999999,5.111699e-10,0.0642633215,0.0391900802,0.4849576285,10.212285302,4.5226286e-09,58.0,1.678260072
1998-10-30,3244426.5,1.3192033473,1.7402974715,-0.285086334,16.375957752999998,0.0585442133999999,-0.269921554,0.1465346515,-0.3034482739999999,-0.245142001,1.2079207985,-0.0316281189999999,4.5198982779,0.0552582444,-0.055258244,6.0,-0.170736004,0.1642732633,-0.434593436,0.3689926658,17.066794429,0.0305513532,-1.622027045,0.1026180706,0.0190116519,0.231976511,0.0458458681,0.0452092292999999,1.0,2.2772730869,0.1078945244999999,0.0,0.0,0.0,0.1775007749,0.0173680258,0.2718186985,0.3113242546,0.2143823087999999,0.0883101336,0.5060240964,0.2825080201,0.0964546796,0.1596236448,2675.9762207,0.2443877682,0.0011707396,-0.44602271,-0.321991119,0.1088886013,0.1239624021,-0.44060074,-0.045350415,-0.343920525,-0.145406955,-0.031632148,-0.75905734,7.0,1.4175531724,0.0,,,0.5721547148,0.108786845,6.2939920588,8.0898381942,31.678220417,0.0120278514999999,1.0,0.3883307657,0.0,0.2925162515,0.5870405362,0.3885183164999999,0.3848144368,0.1672176925,0.0044599133,-0.041437791,0.0624375534,0.0,0.0154163428,0.0075573762,0.0194002645,0.0197110455,0.1105711833,0.1193288025,6.0,0.0567596925999999,5.370013e-10,0.1448516548,0.0535245715,0.6704744245,14.337244763,4.2965585e-09,58.0,2.011593247
1998-11-30,3888829.0,1.3486060361,1.8187382406,-0.5570346389999999,16.56610685,0.059412467,-0.240713247,0.1986183077,-0.248051947,0.0965909174,0.6815286540000001,0.1772460428,4.5385956694,0.0552582444,-0.055258244,6.0,-0.170736004,0.1642732633,-0.436570176,0.3689926658,17.066794429,0.0305513532,-1.632239236,0.1026180706,0.0190116519,0.231976511,0.0458458681,0.0452092292999999,1.0,2.2772730869,0.1078945244999999,0.0,0.0,0.0,0.1775007749,0.0173680258,0.2718186985,0.3113242546,0.2143823087999999,0.0883101336,0.5060240964,0.2825080201,0.0964546796,0.1596236448,2675.9762207,0.2443877682,0.0011707396,-0.44602271,-0.321991119,0.1088886013,0.1239624021,-0.44060074,-0.045350415,-0.343920525,-0.145406955,-0.031632148,-0.75905734,7.0,1.4175531724,0.0,,,0.5721547148,0.108786845,6.2939920588,8.0898381942,31.678220417,0.0120278514999999,1.0,0.3883307657,0.0,0.2925162515,0.5870405362,0.3885183164999999,0.3848144368,0.1672176925,0.0044599133,-0.041437791,0.0624375534,0.0,0.0154163428,0.0075573762,0.0194002645,0.0197110455,0.1105711833,0.1193288025,6.0,0.0613241576,5.468237e-10,0.1039697528,0.0451645633999999,0.5731145759,12.377346103,4.7144844e-09,58.0,2.139129419
1998-12-31,4135383.0,1.1727666840000002,1.375381695,-0.415406592,16.613014078,0.0584466032,-0.20549889,0.063400574,-0.096354165,0.2437276062,0.6508875665999999,0.3220275937,4.069081675,0.0552582444,-0.055258244,6.0,-0.170736004,0.1642732633,-0.4285072479999999,0.3689926658,17.066794429,0.0305513532,-1.627091134,0.1026180706,0.0190116519,0.231976511,0.0458458681,0.0452092292999999,1.0,2.2772730869,0.1078945244999999,0.0,0.0,0.0,0.1775007749,0.0173680258,0.2718186985,0.3113242546,0.2143823087999999,0.0883101336,0.5060240964,0.2825080201,0.0964546796,0.1596236448,2675.9762207,0.2443877682,0.0011707396,-0.44602271,-0.321991119,0.1088886013,0.1239624021,-0.44060074,-0.045350415,-0.343920525,-0.145406955,-0.031632148,-0.75905734,7.0,1.4175531724,0.0,,,0.5721547148,0.108786845,6.2939920588,8.0898381942,31.678220417,0.0120278514999999,1.0,0.3883307657,0.0,0.2925162515,0.5870405362,0.3885183164999999,0.3848144368,0.1672176925,0.0044599133,-0.041437791,0.0624375534,0.0,0.0154163428,0.0075573762,0.0194002645,0.0197110455,0.1105711833,0.1193288025,6.0,0.0451102216,4.747287e-10,0.0792507230999999,0.0351592785,0.6988874251,8.971477699,6.7972506e-09,58.0,2.602897314
1999-01-29,5053944.0,1.2471355062,1.5553469708,-0.34221575,16.40391638,0.0570674661,-0.104494135,0.2168021648999999,-0.136842106,0.2019543982,0.8273809504,0.3500616351,3.3015058635,0.0552582444,-0.055258244,6.0,-0.170736004,0.1642732633,-0.404753915,0.3689926658,17.066794429,0.0305513532,-1.622621626,0.1026180706,0.0190116519,0.231976511,0.0458458681,0.0452092292999999,1.0,2.2772730869,0.1078945244999999,0.0,0.0,0.0,0.1775007749,0.0173680258,0.2718186985,0.3113242546,0.2143823087999999,0.0883101336,0.5060240964,0.2825080201,0.0964546796,0.1596236448,2675.9762207,0.2443877682,0.0011707396,-0.44602271,-0.321991119,0.1088886013,0.1239624021,-0.44060074,-0.045350415,-0.343920525,-0.145406955,-0.031632148,-0.75905734,7.0,1.4175531724,0.0,,,0.5721547148,0.108786845,6.2939920588,8.0898381942,31.678220417,0.0120278514999999,1.0,0.3883307657,0.0,0.2925162515,0.5870405362,0.3885183164999999,1.6978699066999998,0.1317920731,0.0024309856,0.0008748403,-0.153238337,0.0,0.0086704251,0.0066350964,0.0106070128,0.0188707976,0.1077870608,0.1134793012,6.0,0.0436676738,5.295118e-10,0.0853658542,0.0315093514,0.4690947935,6.0478809102,7.9237916e-09,58.0,2.414491607
1999-02-26,4688124.0,1.2648071116,1.5997370295,0.0979844091,16.352183415,0.0573568113,-0.054609708,-0.0723830759999999,0.3402984936,0.5350427346,1.1828358229,0.2368407501,3.0137260128,0.0552582444,-0.055258244,6.0,-0.170736004,0.1642732633,-0.383135492,0.3689926658,17.066794429,0.0305513532,-1.622027045,0.1026180706,0.0190116519,0.231976511,0.0458458681,0.0452092292999999,1.0,2.2772730869,0.1078945244999999,0.0,0.0,0.0,0.1775007749,0.0173680258,0.2718186985,0.3113242546,0.2143823087999999,0.0883101336,0.5060240964,0.2825080201,0.0964546796,0.1596236448,2675.9762207,0.2443877682,0.0011707396,-0.44602271,-0.321991119,0.1088886013,0.1239624021,-0.44060074,-0.045350415,-0.343920525,-0.145406955,-0.031632148,-0.75905734,7.0,1.4175531724,0.0,,,0.5721547148,0.108786845,6.2939920588,8.0898381942,31.678220417,0.0120278514999999,1.0,0.3883307657,0.0,0.2925162515,0.5870405362,0.3885183164999999,1.6978699066999998,0.1317920731,0.0024309856,0.0008748403,-0.153238337,0.0,0.0086704251,0.0066350964,0.0106070128,0.0188707976,0.1077870608,0.1134793012,6.0,0.0383811442,2.796942e-10,0.0638569593,0.0278563821,0.4998693047999999,13.034553986,6.9014538e-09,58.0,2.452172748
1999-03-31,4761288.0,1.1674750734,1.3629980469999998,0.8774591970000001,16.565448266,0.0565539334,-0.0972407719999999,0.0156062422,0.6495049359,0.3159557592,1.244680856,0.2794500446,1.3528803157,0.0552582444,-0.055258244,6.0,-0.170736004,0.1642732633,-0.384407234,0.3689926658,17.066794429,0.0305513532,-1.614644613,0.1026180706,0.0190116519,0.231976511,0.0458458681,0.0452092292999999,1.0,2.2772730869,0.1078945244999999,0.0,0.0,0.0,0.1775007749,0.0173680258,0.2718186985,0.3113242546,0.2143823087999999,0.0883101336,0.5060240964,0.2825080201,0.0964546796,0.1596236448,2675.9762207,0.2443877682,0.0011707396,-0.44602271,-0.321991119,0.1088886013,0.1239624021,-0.44060074,-0.045350415,-0.343920525,-0.145406955,-0.031632148,-0.75905734,7.0,1.4175531724,0.0,,,0.5721547148,0.108786845,6.2939920588,8.0898381942,31.678220417,0.0120278514999999,1.0,0.3883307657,0.0,0.2925162515,0.5870405362,0.3885183164999999,1.6978699066999998,0.1317920731,0.0024309856,0.0008748403,-0.153238337,0.0,0.0086704251,0.0066350964,0.0106070128,0.0188707976,0.1077870608,0.1134793012,6.0,0.0359891869,4.530457e-10,0.0501253121,0.0264941793999999,0.4156620279,5.7687041281,1.0097905e-08,58.0,2.602897314
1999-04-30,5053944.0,1.1695044175,1.3677405826,0.7523292120999999,16.200338448,0.0566252430999999,-0.17765261,0.0614657216,0.4611398854999999,0.1668965448,0.9436997205,0.1836885495,1.5347166696,0.0808353138,-0.080835314,7.0,-0.167024423,0.2453116512,-0.298642584,0.5448095882,18.219959911,0.0440495917999999,-0.103735974,0.1752370703,0.1337482134,-0.611274555,0.0255958061,-0.036584478,0.0,1.8792589497,0.1207452138,0.0,0.0,0.0,0.4935167253,0.0210790857,0.3153553896,0.2474507768,0.2055953395,0.0860915134,0.04,0.2542025598999999,0.0611845959999999,-0.3775663179999999,2301.1021032,0.2344690635,0.0013678014,-0.584583038,-0.1747766389999999,0.1191041847,0.0048120356,-0.236830656,0.1560589085,-0.316460538,-0.004096791,0.1303336903,-1.089729714,7.0,1.0818331244,0.0,0.0012331999,0.0030564636,0.5716918788,0.1277147965,10.593603536,9.1442166604,25.674919564,,0.0,0.3534385581,0.0,0.4034727911,0.5637768795,0.6827875404000001,1.6978699066999998,0.1317920731,0.0024309856,0.0008748403,-0.153238337,0.0,0.0086704251,0.0066350964,0.0106070128,0.0188707976,0.1077870608,0.1134793012,7.0,0.0383906684,3.853964e-10,0.0590858421999999,0.0300801988,0.4181361287,4.7510009264,6.7925079e-09,58.0,3.426085329
1999-05-28,6652296.0,1.1337127355,1.2853045667,0.8018712995999999,16.021116497,0.057505797,-0.201493084,0.3162583411,0.2939481175,0.1662337601,0.7741935388,0.2179825542,1.6695928838,0.0808353138,-0.080835314,7.0,-0.167024423,0.2453116512,-0.2814385219999999,0.5448095882,18.219959911,0.0440495917999999,-0.103735974,0.1752370703,0.1337482134,-0.611274555,0.0255958061,-0.036584478,0.0,1.8792589497,0.1207452138,0.0,0.0,0.0,0.4935167253,0.0210790857,0.3153553896,0.2474507768,0.2055953395,0.0860915134,0.04,0.2542025598999999,0.0611845959999999,-0.3775663179999999,2301.1021032,0.2344690635,0.0013678014,-0.584583038,-0.1747766389999999,0.1191041847,0.0048120356,-0.236830656,0.1560589085,-0.316460538,-0.004096791,0.1303336903,-1.089729714,7.0,1.0818331244,0.0,0.0012331999,0.0030564636,0.5716918788,0.1277147965,10.593603536,9.1442166604,25.674919564,,0.0,0.3534385581,0.0,0.4034727911,0.5637768795,0.6827875404000001,-0.100011826,0.1244385573,0.0019419941,0.0049018824,-0.08342263,1.0,0.0269123752,0.0070068532999999,0.0333720327,0.02558304,0.0940181093,0.0996998103999999,7.0,0.0584521377,6.498431e-10,0.1366120279,0.0464763548,0.524055197,5.2407114435,1.0050587e-08,58.0,3.42028823
1999-06-30,6641040.0,1.1558062087999998,1.3358879922,0.6379784685000001,16.439397105,0.05859898,-0.147317787,-0.001692047,0.6016259952,0.5390624792,0.7695852440000001,0.2104737686,1.914993485,0.0808353138,-0.080835314,7.0,-0.167024423,0.2453116512,-0.284438321,0.5448095882,18.219959911,0.0440495917999999,-0.103735974,0.1752370703,0.1337482134,-0.611274555,0.0255958061,-0.036584478,0.0,1.8792589497,0.1207452138,0.0,0.0,0.0,0.4935167253,0.0210790857,0.3153553896,0.2474507768,0.2055953395,0.0860915134,0.04,0.2542025598999999,0.0611845959999999,-0.3775663179999999,2301.1021032,0.2344690635,0.0013678014,-0.584583038,-0.1747766389999999,0.1191041847,0.0048120356,-0.236830656,0.1560589085,-0.316460538,-0.004096791,0.1303336903,-1.089729714,7.0,1.0818331244,0.0,0.0012331999,0.0030564636,0.5716918788,0.1277147965,10.593603536,9.1442166604,25.674919564,,0.0,0.3534385581,0.0,0.4034727911,0.5637768795,0.6827875404000001,-0.100011826,0.1244385573,0.0019419941,0.0049018824,-0.08342263,1.0,0.0269123752,0.0070068532999999,0.0333720327,0.02558304,0.0940181093,0.0996998103999999,7.0,0.061475417,5.825452e-10,0.0776340142,0.0409154479,0.4093944232,5.1696528047,1.1658243000000002e-08,58.0,3.484056316
1999-07-30,6764856.0,1.1541713361,1.332111473,0.2882376587999999,16.338110112,0.0584367663,-0.070265833,0.0186440684,0.3140311664999999,0.3801169404999999,0.8915929086,0.2364928723999999,2.0187437071,0.0808353138,-0.080835314,7.0,-0.167024423,0.1609198677,-0.593452844,0.5448095882,18.219959911,0.0440495917999999,-0.103735974,0.1752370703,0.1337482134,-0.611274555,0.0255958061,-0.036584478,0.0,1.8792589497,0.1207452138,0.0,0.0,0.0,0.4935167253,0.0210790857,0.3153553896,0.2474507768,0.2055953395,0.0860915134,0.04,0.2542025598999999,0.0611845959999999,-0.3775663179999999,2301.1021032,0.2344690635,0.0013678014,-0.584583038,-0.1747766389999999,0.1191041847,0.0048120356,-0.236830656,0.1560589085,-0.316460538,-0.004096791,0.1303336903,-1.089729714,7.0,1.0818331244,0.0,0.0012331999,0.0030564636,0.5716918788,0.1277147965,10.593603536,9.1442166604,25.674919564,,0.0,0.3534385581,0.0,0.4034727911,0.5637768795,0.6827875404000001,0.0931705675,0.1746041061,0.0028107998,-0.023337307,-0.073644958,2.0,0.0269291012999999,0.0054690276,0.0336574354,0.0166161853,0.0985237921,0.1047024097,7.0,0.0511345823,5.273574e-10,0.0747330933999999,0.0379622959,0.3604360489,3.6603546643,9.4381126e-09,58.0,2.156520715
1999-08-31,4187232.0,1.1691179194,1.3668367094999998,-0.350126293,16.472529127999998,0.0587163662,0.0056540953,-0.353383452,0.4429771803,0.7940298142000001,0.6105769311,0.2073997618,4.268584532699999,0.0808353138,-0.080835314,7.0,-0.167024423,0.1609198677,-0.587553008,0.5448095882,18.219959911,0.0440495917999999,-0.103735974,0.1752370703,0.1337482134,-0.611274555,0.0255958061,-0.036584478,0.0,1.8792589497,0.1207452138,0.0,0.0,0.0,0.4935167253,0.0210790857,0.3153553896,0.2474507768,0.2055953395,0.0860915134,0.04,0.2542025598999999,0.0611845959999999,-0.3775663179999999,2301.1021032,0.2344690635,0.0013678014,-0.584583038,-0.1747766389999999,0.1191041847,0.0048120356,-0.236830656,0.1560589085,-0.316460538,-0.004096791,0.1303336903,-1.089729714,7.0,1.0818331244,0.0,0.0012331999,0.0030564636,0.5716918788,0.1277147965,10.593603536,9.1442166604,25.674919564,,0.0,0.3534385581,0.0,0.4034727911,0.5637768795,0.6827875404000001,0.0931705675,0.1746041061,0.0028107998,-0.023337307,-0.073644958,2.0,0.0269291012999999,0.0054690276,0.0336574354,0.0166161853,0.0985237921,0.1047024097,7.0,0.0485897573,3.029232e-10,0.0809399486,0.0682519967999999,0.9280405037,74.543736337,2.361421e-09,58.0,2.121738122
1999-09-30,4119696.0,0.9985588401,0.9971197572,-0.809999272,17.248730979,0.0628854327,0.1884943214,-0.0161290319999999,-0.120567366,0.4732673299,-0.036259546,0.2985092305,4.7751847163,0.0808353138,-0.080835314,7.0,-0.167024423,0.1609198677,-0.565646616,0.5448095882,18.219959911,0.0440495917999999,-0.103735974,0.1752370703,0.1337482134,-0.611274555,0.0255958061,-0.036584478,0.0,1.8792589497,0.1207452138,0.0,0.0,0.0,0.4935167253,0.0210790857,0.3153553896,0.2474507768,0.2055953395,0.0860915134,0.04,0.2542025598999999,0.0611845959999999,-0.3775663179999999,2301.1021032,0.2344690635,0.0013678014,-0.584583038,-0.1747766389999999,0.1191041847,0.0048120356,-0.236830656,0.1560589085,-0.316460538,-0.004096791,0.1303336903,-1.089729714,7.0,1.0818331244,0.0,0.0012331999,0.0030564636,0.5716918788,0.1277147965,10.593603536,9.1442166604,25.674919564,,0.0,0.3534385581,0.0,0.4034727911,0.5637768795,0.6827875404000001,0.0931705675,0.1746041061,0.0028107998,-0.023337307,-0.073644958,2.0,0.0269291012999999,0.0054690276,0.0336574354,0.0166161853,0.0985237921,0.1047024097,7.0,0.0489349668,4.447767e-10,0.0919540226,0.0379425666,0.4046061121,6.931956541900001,5.8555540000000006e-09,58.0,2.298549633
1999-10-29,4463004.0,1.0276103005,1.0559829298,-0.667876394,16.453933955,0.0616331359,0.1175169248,0.0833333358,-0.184855225,0.2642487101,0.0965909021,0.3213987737,4.9735383975,0.0808353138,-0.080835314,7.0,-0.167024423,0.1609198677,-0.586344437,0.5448095882,18.219959911,0.0440495917999999,-0.103735974,0.1752370703,0.1337482134,-0.611274555,0.0255958061,-0.036584478,0.0,1.8792589497,0.1207452138,0.0,0.0,0.0,0.4935167253,0.0210790857,0.3153553896,0.2474507768,0.2055953395,0.0860915134,0.04,0.2542025598999999,0.0611845959999999,-0.3775663179999999,2301.1021032,0.2344690635,0.0013678014,-0.584583038,-0.1747766389999999,0.1191041847,0.0048120356,-0.236830656,0.1560589085,-0.316460538,-0.004096791,0.1303336903,-1.089729714,7.0,1.0818331244,0.0,0.0012331999,0.0030564636,0.5716918788,0.1277147965,10.593603536,9.1442166604,25.674919564,,0.0,0.3534385581,0.0,0.4034727911,0.5637768795,0.6827875404000001,0.2415958585,0.1514128619999999,0.0016838120999999,-0.019209792,0.0393698215,0.0,0.0169971698,0.0052686776,0.0213762612,0.0157292828,0.0989373157,0.1053980546,7.0,0.0487086984999999,6.156435e-10,0.1122994646,0.042614,0.5951986565,10.072216728,7.1518079e-09,58.0,2.521737932
1999-11-30,4965579.375,0.9348724789,0.8739865518000001,-0.967129376,16.380522507000002,0.0621402661,0.0377450238,0.0970996246,-0.3291032,0.1426513041,0.3346153771,0.3081814407,3.060427868,0.0808353138,-0.080835314,7.0,-0.167024423,0.1609198677,-0.590255997,0.5448095882,18.219959911,0.0440495917999999,-0.103735974,0.1752370703,0.1337482134,-0.611274555,0.0255958061,-0.036584478,0.0,1.8792589497,0.1207452138,0.0,0.0,0.0,0.4935167253,0.0210790857,0.3153553896,0.2474507768,0.2055953395,0.0860915134,0.04,0.2542025598999999,0.0611845959999999,-0.3775663179999999,2301.1021032,0.2344690635,0.0013678014,-0.584583038,-0.1747766389999999,0.1191041847,0.0048120356,-0.236830656,0.1560589085,-0.316460538,-0.004096791,0.1303336903,-1.089729714,7.0,1.0818331244,0.0,0.0012331999,0.0030564636,0.5716918788,0.1277147965,10.593603536,9.1442166604,25.674919564,,0.0,0.3534385581,0.0,0.4034727911,0.5637768795,0.6827875404000001,0.2415958585,0.1514128619999999,0.0016838120999999,-0.019209792,0.0393698215,0.0,0.0169971698,0.0052686776,0.0213762612,0.0157292828,0.0989373157,0.1053980546,7.0,0.0479999011,4.510207e-10,0.0637119114,0.0306377137999999,0.4384715396,6.25589876,7.038144e-09,58.0,2.463766945
1999-12-31,4851428.125,0.9894774644,0.9790656526,-0.878576967,16.503249564,0.0632018442,-0.040426115,-0.022988506,-0.262711846,0.1788618018,0.332129949,0.2633411759,2.9048557652,0.0808353138,-0.080835314,7.0,-0.167024423,0.1609198677,-0.595765955,0.5448095882,18.219959911,0.0440495917999999,-0.103735974,0.1752370703,0.1337482134,-0.611274555,0.0255958061,-0.036584478,0.0,1.8792589497,0.1207452138,0.0,0.0,0.0,0.4935167253,0.0210790857,0.3153553896,0.2474507768,0.2055953395,0.0860915134,0.04,0.2542025598999999,0.0611845959999999,-0.3775663179999999,2301.1021032,0.2344690635,0.0013678014,-0.584583038,-0.1747766389999999,0.1191041847,0.0048120356,-0.236830656,0.1560589085,-0.316460538,-0.004096791,0.1303336903,-1.089729714,7.0,1.0818331244,0.0,0.0012331999,0.0030564636,0.5716918788,0.1277147965,10.593603536,9.1442166604,25.674919564,,0.0,0.3534385581,0.0,0.4034727911,0.5637768795,0.6827875404000001,0.2415958585,0.1514128619999999,0.0016838120999999,-0.019209792,0.0393698215,0.0,0.0169971698,0.0052686776,0.0213762612,0.0157292828,0.0989373157,0.1053980546,7.0,0.0437626207,2.916499e-10,0.0823529437,0.0280433903,0.5163650332,6.562975712,7.228526999999998e-09,58.0,2.249274294
2000-01-31,4429068.5,0.9555189011,0.9130163703,-0.692939353,16.453301908,0.06332081,-0.047255423,-0.08705882,-0.292845241,-0.053452103,0.9606986693,0.2637323573,2.7466592204,0.0808353138,-0.080835314,7.0,-0.167024423,0.1609198677,-0.589653725,0.5448095882,18.219959911,0.0440495917999999,-0.103735974,0.1752370703,0.1337482134,-0.611274555,0.0255958061,-0.036584478,0.0,1.8792589497,0.1207452138,0.0,0.0,0.0,0.4935167253,0.0210790857,0.3153553896,0.2474507768,0.2055953395,0.0860915134,0.04,0.2542025598999999,0.0611845959999999,-0.3775663179999999,2301.1021032,0.2344690635,0.0013678014,-0.584583038,-0.1747766389999999,0.1191041847,0.0048120356,-0.236830656,0.1560589085,-0.316460538,-0.004096791,0.1303336903,-1.089729714,7.0,1.0818331244,0.0,0.0012331999,0.0030564636,0.5716918788,0.1277147965,10.593603536,9.1442166604,25.674919564,,0.0,0.3534385581,0.0,0.4034727911,0.5637768795,0.6827875404000001,-0.464240042,0.1278580584999999,0.0042010434999999,0.0119221608,0.0440351283,1.0,0.0225113058999999,0.0053504987,0.0277004104999999,0.0130071582,0.0954961595,0.1022756718999999,7.0,0.0468415,3.732354e-10,0.0519480519,0.0273240864,0.3705329003,4.254136748600001,8.2935034e-09,58.0,2.968114532
2000-02-29,5844544.0,0.9029349558,0.8152915343000001,0.4831868152,16.178260661,0.0637026178,-0.112772031,0.3195876180999999,0.0430107625999999,-0.068427352,0.5200729793,0.3148218214,3.1488193661,0.0808353138,-0.080835314,7.0,-0.167024423,0.1609198677,-0.5896046460000001,0.5448095882,18.219959911,0.0440495917999999,-0.103735974,0.1752370703,0.1337482134,-0.611274555,0.0255958061,-0.036584478,0.0,1.8792589497,0.1207452138,0.0,0.0,0.0,0.4935167253,0.0210790857,0.3153553896,0.2474507768,0.2055953395,0.0860915134,0.04,0.2542025598999999,0.0611845959999999,-0.3775663179999999,2301.1021032,0.2344690635,0.0013678014,-0.584583038,-0.1747766389999999,0.1191041847,0.0048120356,-0.236830656,0.1560589085,-0.316460538,-0.004096791,0.1303336903,-1.089729714,7.0,1.0818331244,0.0,0.0012331999,0.0030564636,0.5716918788,0.1277147965,10.593603536,9.1442166604,25.674919564,,0.0,0.3534385581,0.0,0.4034727911,0.5637768795,0.6827875404000001,-0.464240042,0.1278580584999999,0.0042010434999999,0.0119221608,0.0440351283,1.0,0.0225113058999999,0.0053504987,0.0277004104999999,0.0130071582,0.0954961595,0.1022756718999999,7.0,0.0547392015,3.116971e-10,0.115384616,0.0405982804,0.5599735493,11.614033053,5.2501614e-09,58.0,3.257969467
2000-03-31,6415300.25,0.8183662651000001,0.6697233438,0.67027089,17.008104829,0.0662601911,-0.055700779,0.09765625,0.3989071051,0.2104019066,0.5724906907,0.278745707,3.0603740903,0.0808353138,-0.080835314,7.0,-0.167024423,0.1609198677,-0.578370713,0.5448095882,18.219959911,0.0440495917999999,-0.103735974,0.1752370703,0.1337482134,-0.611274555,0.0255958061,-0.036584478,0.0,1.8792589497,0.1207452138,0.0,0.0,0.0,0.4935167253,0.0210790857,0.3153553896,0.2474507768,0.2055953395,0.0860915134,0.04,0.2542025598999999,0.0611845959999999,-0.3775663179999999,2301.1021032,0.2344690635,0.0013678014,-0.584583038,-0.1747766389999999,0.1191041847,0.0048120356,-0.236830656,0.1560589085,-0.316460538,-0.004096791,0.1303336903,-1.089729714,7.0,1.0818331244,0.0,0.0012331999,0.0030564636,0.5716918788,0.1277147965,10.593603536,9.1442166604,25.674919564,,0.0,0.3534385581,0.0,0.4034727911,0.5637768795,0.6827875404000001,-0.464240042,0.1278580584999999,0.0042010434999999,0.0119221608,0.0440351283,1.0,0.0225113058999999,0.0053504987,0.0277004104999999,0.0130071582,0.0954961595,0.1022756718999999,7.0,0.0510738126,3.15416e-10,0.0934393628999999,0.0355988214,0.363162676,6.342244265,7.8130966e-09,58.0,4.156519765
2000-04-28,8347806.9375,0.8530529220999999,0.7276992879999999,0.925249304,16.703740294,0.0665702537,-0.037388013,0.275800705,0.4174022679,0.2516703938,0.8945147473,0.3307603238,3.1948540661,0.0969870425,-0.096987043,8.0,-0.261654688,0.1966580951,-0.560747669,0.8143130344,27.986866542,0.046361953,-0.152676456,-0.018346795,1.0448049268,0.2403478724,0.0336422941,0.0015650003,0.0,1.5361868385,0.1286313493999999,0.0,0.0,0.0,0.2098912623,0.0223896877,0.3467008476,0.5429105247,0.2486944771,0.0814450729999999,0.4230769231,0.3019778294,0.0641796028,0.4688296768,3616.7652352,0.2560702848,0.0014340502,-1.010360225,-0.182557125,0.0653122001,-0.000802061,-0.244582661,0.0199313711,0.349077011,0.1277700702,0.0157698106,-1.070683331,5.0,0.8172354996,0.0,0.001100847,0.0029759336,0.5654780346,0.1316579832,14.26438626,9.2884192254,35.263086093000005,0.0,0.0,0.2838255004,0.0,0.3699165309,0.524985866,0.5280015532,-0.464240042,0.1278580584999999,0.0042010434999999,0.0119221608,0.0440351283,1.0,0.0225113058999999,0.0053504987,0.0277004104999999,0.0130071582,0.0954961595,0.1022756718999999,7.0,0.0646536363999999,5.400263e-10,0.1273584962,0.0560910686,0.4555522679,5.4309908648,6.7828853e-09,58.0,2.804346494
2000-05-31,5632150.0781,0.7634648444,0.5828785686,0.3760283297,16.950707308,0.0676781732,-0.058743177,-0.325313807,0.6482758467,0.2131979878,1.472803301,0.0958271961,2.9772524331,0.0969870425,-0.096987043,8.0,-0.261654688,0.1966580951,-0.553234863,0.8143130344,27.986866542,0.046361953,-0.152676456,-0.018346795,1.0448049268,0.2403478724,0.0336422941,0.0015650003,0.0,1.5361868385,0.1286313493999999,0.0,0.0,0.0,0.2098912623,0.0223896877,0.3467008476,0.5429105247,0.2486944771,0.0814450729999999,0.4230769231,0.3019778294,0.0641796028,0.4688296768,3616.7652352,0.2560702848,0.0014340502,-1.010360225,-0.182557125,0.0653122001,-0.000802061,-0.244582661,0.0199313711,0.349077011,0.1277700702,0.0157698106,-1.070683331,5.0,0.8172354996,0.0,0.001100847,0.0029759336,0.5654780346,0.1316579832,14.26438626,9.2884192254,35.263086093000005,0.0,0.0,0.2838255004,0.0,0.3699165309,0.524985866,0.5280015532,0.3199260319,0.0940396674,0.0063318744,0.0692584669,0.0028199032,2.0,0.0276987141,0.0055479297999999,0.0351092425,0.0258012125999999,0.0697047496,0.0749265443,7.0,0.079350337,4.861041e-10,0.0667779669,0.068963379,0.5780151018999999,18.01083093,6.7801393e-09,58.0,3.15362169
2000-06-30,6307986.0,0.7826285293999999,0.6125074151,0.5596609872999999,16.766642664000003,0.0669767091,-0.041615145,0.1245478018999999,0.1382352851,-0.180084732,1.3412697955,0.434141238,2.9463473742,0.0969870425,-0.096987043,8.0,-0.261654688,0.1966580951,-0.553234863,0.8143130344,27.986866542,0.046361953,-0.152676456,-0.018346795,1.0448049268,0.2403478724,0.0336422941,0.0015650003,0.0,1.5361868385,0.1286313493999999,0.0,0.0,0.0,0.2098912623,0.0223896877,0.3467008476,0.5429105247,0.2486944771,0.0814450729999999,0.4230769231,0.3019778294,0.0641796028,0.4688296768,3616.7652352,0.2560702848,0.0014340502,-1.010360225,-0.182557125,0.0653122001,-0.000802061,-0.244582661,0.0199313711,0.349077011,0.1277700702,0.0157698106,-1.070683331,5.0,0.8172354996,0.0,0.001100847,0.0029759336,0.5654780346,0.1316579832,14.26438626,9.2884192254,35.263086093000005,0.0,0.0,0.2838255004,0.0,0.3699165309,0.524985866,0.5280015532,0.3199260319,0.0940396674,0.0063318744,0.0692584669,0.0028199032,2.0,0.0276987141,0.0055479297999999,0.0351092425,0.0258012125999999,0.0697047496,0.0749265443,7.0,0.0570925708,5.890367e-10,0.1351931393,0.0450569154,0.5464415705,8.072806718999999,7.3173439e-09,58.0,3.542027303
2000-07-31,7132966.75,0.8053639029,0.6486110161,0.9291515441,16.659240409000002,0.0668801911,-0.004948126,0.123161763,0.4020618367,-0.094841917,0.9293739705,0.4407049385,3.5228333726,0.0969870425,-0.096987043,8.0,-0.261654688,0.224403619,-0.587942585,0.8143130344,27.986866542,0.046361953,-0.152676456,-0.018346795,1.0448049268,0.2403478724,0.0336422941,0.0015650003,0.0,1.5361868385,0.1286313493999999,0.0,0.0,0.0,0.2098912623,0.0223896877,0.3467008476,0.5429105247,0.2486944771,0.0814450729999999,0.4230769231,0.3019778294,0.0641796028,0.4688296768,3616.7652352,0.2560702848,0.0014340502,-1.010360225,-0.182557125,0.0653122001,-0.000802061,-0.244582661,0.0199313711,0.349077011,0.1277700702,0.0157698106,-1.070683331,5.0,0.8172354996,0.0,0.001100847,0.0029759336,0.5654780346,0.1316579832,14.26438626,9.2884192254,35.263086093000005,0.0,0.0,0.2838255004,0.0,0.3699165309,0.524985866,0.5280015532,2.1202612842,0.1133782842,0.0046513389,-0.03220055,0.143541804,3.0,0.0277434025,0.0059208015,0.03615872,0.0277623877999999,0.0697766789,0.0756321051,7.0,0.0474292216,3.454478e-10,0.0670289844,0.0344042907,0.8410715739,41.571631706,4.4134023e-09,58.0,3.478259217
2000-08-31,7004550.0,0.9512710578,0.9049166255,-0.204469097,17.279058383,0.0686150163999999,-0.067323731,-0.018003274,0.1933593667,0.6424731092,0.135877868,0.3333216704,3.1524488134,0.0969870425,-0.096987043,8.0,-0.261654688,0.224403619,-0.619281333,0.8143130344,27.986866542,0.046361953,-0.152676456,-0.018346795,1.0448049268,0.2403478724,0.0336422941,0.0015650003,0.0,1.5361868385,0.1286313493999999,0.0,0.0,0.0,0.2098912623,0.0223896877,0.3467008476,0.5429105247,0.2486944771,0.0814450729999999,0.4230769231,0.3019778294,0.0641796028,0.4688296768,3616.7652352,0.2560702848,0.0014340502,-1.010360225,-0.182557125,0.0653122001,-0.000802061,-0.244582661,0.0199313711,0.349077011,0.1277700702,0.0157698106,-1.070683331,5.0,0.8172354996,0.0,0.001100847,0.0029759336,0.5654780346,0.1316579832,14.26438626,9.2884192254,35.263086093000005,0.0,0.0,0.2838255004,0.0,0.3699165309,0.524985866,0.5280015532,2.1202612842,0.1133782842,0.0046513389,-0.03220055,0.143541804,3.0,0.0277434025,0.0059208015,0.03615872,0.0277623877999999,0.0697766789,0.0756321051,7.0,0.0390655316999999,1.647628e-10,0.0985221639,0.0293663696,0.6164850643,7.6761473617,9.5505655e-09,58.0,3.397099835
2000-09-29,6851695.125,0.9640882228,0.9294661012,-0.492814509,16.59081512,0.0691923463,-0.067724265,-0.0233333329999999,0.0676156505,0.6393442517,0.1158536644,0.3067527095,3.130679181,0.0969870425,-0.096987043,8.0,-0.261654688,0.224403619,-0.618833854,0.8143130344,27.986866542,0.046361953,-0.152676456,-0.018346795,1.0448049268,0.2403478724,0.0336422941,0.0015650003,0.0,1.5361868385,0.1286313493999999,0.0,0.0,0.0,0.2098912623,0.0223896877,0.3467008476,0.5429105247,0.2486944771,0.0814450729999999,0.4230769231,0.3019778294,0.0641796028,0.4688296768,3616.7652352,0.2560702848,0.0014340502,-1.010360225,-0.182557125,0.0653122001,-0.000802061,-0.244582661,0.0199313711,0.349077011,0.1277700702,0.0157698106,-1.070683331,5.0,0.8172354996,0.0,0.001100847,0.0029759336,0.5654780346,0.1316579832,14.26438626,9.2884192254,35.263086093000005,0.0,0.0,0.2838255004,0.0,0.3699165309,0.524985866,0.5280015532,2.1202612842,0.1133782842,0.0046513389,-0.03220055,0.143541804,3.0,0.0277434025,0.0059208015,0.03615872,0.0277623877999999,0.0697766789,0.0756321051,7.0,0.0396013329999999,2.419425e-10,0.0444839858,0.0264075711,0.4228800423,5.3993593658000005,7.0673729e-09,58.0,3.715940264
2000-10-31,7538079.875,0.9640424106,0.9293777694,-0.914320025,16.729515784,0.0705374044,0.0160908591,0.0938566550999999,-0.18270572,0.4779318911,0.1853512798,0.2985107639,2.1407416462,0.0969870425,-0.096987043,8.0,-0.261654688,0.224403619,-0.62733659,0.8143130344,27.986866542,0.046361953,-0.152676456,-0.018346795,1.0448049268,0.2403478724,0.0336422941,0.0015650003,0.0,1.5361868385,0.1286313493999999,0.0,0.0,0.0,0.2098912623,0.0223896877,0.3467008476,0.5429105247,0.2486944771,0.0814450729999999,0.4230769231,0.3019778294,0.0641796028,0.4688296768,3616.7652352,0.2560702848,0.0014340502,-1.010360225,-0.182557125,0.0653122001,-0.000802061,-0.244582661,0.0199313711,0.349077011,0.1277700702,0.0157698106,-1.070683331,5.0,0.8172354996,0.0,0.001100847,0.0029759336,0.5654780346,0.1316579832,14.26438626,9.2884192254,35.263086093000005,0.0,0.0,0.2838255004,0.0,0.3699165309,0.524985866,0.5280015532,1.6530920506,0.0926217763,0.0027742774,-0.012837843,-0.213739455,0.0,0.0176708137,0.0058675245,0.0229839684,0.0156742964,0.0669556384,0.0724434594,7.0,0.0403978859,3.943046e-10,0.0418060198,0.0227026429,0.3020803198,2.1953888057,1.4759473e-08,58.0,4.144925567
2000-11-30,8408310.625,0.9766312394,0.9538085778,0.3659672102,16.223458232,0.0698872112,0.0727365912,0.1154446155,0.3250645944,0.4735632011999999,0.6477273003,0.2850038401,2.1030959796,0.0969870425,-0.096987043,8.0,-0.261654688,0.224403619,-0.628913348,0.8143130344,27.986866542,0.046361953,-0.152676456,-0.018346795,1.0448049268,0.2403478724,0.0336422941,0.0015650003,0.0,1.5361868385,0.1286313493999999,0.0,0.0,0.0,0.2098912623,0.0223896877,0.3467008476,0.5429105247,0.2486944771,0.0814450729999999,0.4230769231,0.3019778294,0.0641796028,0.4688296768,3616.7652352,0.2560702848,0.0014340502,-1.010360225,-0.182557125,0.0653122001,-0.000802061,-0.244582661,0.0199313711,0.349077011,0.1277700702,0.0157698106,-1.070683331,5.0,0.8172354996,0.0,0.001100847,0.0029759336,0.5654780346,0.1316579832,14.26438626,9.2884192254,35.263086093000005,0.0,0.0,0.2838255004,0.0,0.3699165309,0.524985866,0.5280015532,1.6530920506,0.0926217763,0.0027742774,-0.012837843,-0.213739455,0.0,0.0176708137,0.0058675245,0.0229839684,0.0156742964,0.0669556384,0.0724434594,7.0,0.0533070684,2.880183e-10,0.0735735744,0.0268928334,0.4292132025,5.2952824217000005,9.203128000000001e-09,58.0,4.226084949
2000-12-29,8572948.875,0.9483263759,0.8993229151000001,0.0600735363,16.715222432,0.0696526266,0.0546079003,0.0195804201,0.3143382295,0.6823529179000001,0.5232975143,0.2700991782,2.2968223022,0.0969870425,-0.096987043,8.0,-0.261654688,0.224403619,-0.622518994,0.8143130344,27.986866542,0.046361953,-0.152676456,-0.018346795,1.0448049268,0.2403478724,0.0336422941,0.0015650003,0.0,1.5361868385,0.1286313493999999,0.0,0.0,0.0,0.2098912623,0.0223896877,0.3467008476,0.5429105247,0.2486944771,0.0814450729999999,0.4230769231,0.3019778294,0.0641796028,0.4688296768,3616.7652352,0.2560702848,0.0014340502,-1.010360225,-0.182557125,0.0653122001,-0.000802061,-0.244582661,0.0199313711,0.349077011,0.1277700702,0.0157698106,-1.070683331,5.0,0.8172354996,0.0,0.001100847,0.0029759336,0.5654780346,0.1316579832,14.26438626,9.2884192254,35.263086093000005,0.0,0.0,0.2838255004,0.0,0.3699165309,0.524985866,0.5280015532,1.6530920506,0.0926217763,0.0027742774,-0.012837843,-0.213739455,0.0,0.0176708137,0.0058675245,0.0229839684,0.0156742964,0.0669556384,0.0724434594,7.0,0.0468995269,1.795215e-10,0.0605633817999999,0.0309915912,0.4950982958,7.0461786146000005,6.3203122e-09,58.0,4.104345876
2001-01-31,8375064.75,0.9804044816,0.9611929476,-0.415986109,17.156908093,0.0694149459,0.0427049734999999,-0.028806584,0.1931260202,0.8788659468000001,0.2638436684,0.3539280863,2.6156411345,0.0969870425,-0.096987043,8.0,-0.261654688,0.224403619,-0.582531264,0.8143130344,27.986866542,0.046361953,-0.152676456,-0.018346795,1.0448049268,0.2403478724,0.0336422941,0.0015650003,0.0,1.5361868385,0.1286313493999999,0.0,0.0,0.0,0.2098912623,0.0223896877,0.3467008476,0.5429105247,0.2486944771,0.0814450729999999,0.4230769231,0.3019778294,0.0641796028,0.4688296768,3616.7652352,0.2560702848,0.0014340502,-1.010360225,-0.182557125,0.0653122001,-0.000802061,-0.244582661,0.0199313711,0.349077011,0.1277700702,0.0157698106,-1.070683331,5.0,0.8172354996,0.0,0.001100847,0.0029759336,0.5654780346,0.1316579832,14.26438626,9.2884192254,35.263086093000005,0.0,0.0,0.2838255004,0.0,0.3699165309,0.524985866,0.5280015532,0.6777297015000001,0.0849212731,0.0050053999,-0.0256690279999999,-0.039928354,1.0,0.0252270492,0.0058058419,0.0326845663,0.0187473186,0.0617546625,0.0679492968,7.0,0.0410783902999999,1.919165e-10,0.0402985066,0.0257993299,0.3142607289999999,4.163949912900001,9.0982239e-09,58.0,4.631881858
2001-02-28,9414217.5,0.975743444,0.9520752686,0.1597916676,16.812418303,0.0701311562,-0.009833702,0.1285310686,0.1799999983,0.3828124878,0.7504273669,0.3647778082,2.8006322652,0.0969870425,-0.096987043,8.0,-0.261654688,0.224403619,-0.556629409,0.8143130344,27.986866542,0.046361953,-0.152676456,-0.018346795,1.0448049268,0.2403478724,0.0336422941,0.0015650003,0.0,1.5361868385,0.1286313493999999,0.0,0.0,0.0,0.2098912623,0.0223896877,0.3467008476,0.5429105247,0.2486944771,0.0814450729999999,0.4230769231,0.3019778294,0.0641796028,0.4688296768,3616.7652352,0.2560702848,0.0014340502,-1.010360225,-0.182557125,0.0653122001,-0.000802061,-0.244582661,0.0199313711,0.349077011,0.1277700702,0.0157698106,-1.070683331,5.0,0.8172354996,0.0,0.001100847,0.0029759336,0.5654780346,0.1316579832,14.26438626,9.2884192254,35.263086093000005,0.0,0.0,0.2838255004,0.0,0.3699165309,0.524985866,0.5280015532,0.6777297015000001,0.0849212731,0.0050053999,-0.0256690279999999,-0.039928354,1.0,0.0252270492,0.0058058419,0.0326845663,0.0187473186,0.0617546625,0.0679492968,7.0,0.045587575,2.465912e-10,0.0794520527,0.036057909,0.4349153279,6.0192583589,7.5880712e-09,58.0,4.417389206
2001-03-30,9018841.5,0.9139435721,0.8352928529000001,0.257636672,17.069195555,0.07047324,0.1084720821,-0.046307884,0.3634812209,0.4217081664,0.7756714185,0.4029424794,2.4437298017,0.0969870425,-0.096987043,8.0,-0.261654688,0.224403619,-0.607973014,0.8143130344,27.986866542,0.046361953,-0.152676456,-0.018346795,1.0448049268,0.2403478724,0.0336422941,0.0015650003,0.0,1.5361868385,0.1286313493999999,0.0,0.0,0.0,0.2098912623,0.0223896877,0.3467008476,0.5429105247,0.2486944771,0.0814450729999999,0.4230769231,0.3019778294,0.0641796028,0.4688296768,3616.7652352,0.2560702848,0.0014340502,-1.010360225,-0.182557125,0.0653122001,-0.000802061,-0.244582661,0.0199313711,0.349077011,0.1277700702,0.0157698106,-1.070683331,5.0,0.8172354996,0.0,0.001100847,0.0029759336,0.5654780346,0.1316579832,14.26438626,9.2884192254,35.263086093000005,0.0,0.0,0.2838255004,0.0,0.3699165309,0.524985866,0.5280015532,0.6777297015000001,0.0849212731,0.0050053999,-0.0256690279999999,-0.039928354,1.0,0.0252270492,0.0058058419,0.0326845663,0.0187473186,0.0617546625,0.0679492968,7.0,0.035396521,1.436369e-10,0.0404172093,0.0194810299,0.296178581,3.4360199414,1.0426836e-08,58.0,3.936230014
2001-04-30,8036474.25,0.9070364598,0.8227151393000001,0.1652795817,16.805287471,0.0699631882,0.0818867608,-0.1089238819999999,0.1887675451,0.0627614988,0.9779310372,0.4001162968,1.3526797344,0.1735759721,-0.173575972,9.0,-0.192107234,0.2641207739,-0.597798183,0.7106544745000001,45.791104818,0.044156205,-0.1999761789999999,0.0551201066,0.0266038127,0.0120511796,0.0151294139999999,-1.336348982,0.0,1.4678931592,0.1399202157,0.0,0.0,0.0,0.194987997,0.0125448392,0.3452145046,0.5677094944,0.2256307716,0.1079499747,0.2702702703,0.2528203278,0.0452560871999999,0.1703013026,6515.2248202,0.2754159012,0.0014629657,0.0367697364,-0.044456623,0.0877613917999999,-0.034843915,0.0084498589,0.176266056,-0.312087844,0.0622675986,0.1581111486999999,-2.519870141,5.0,0.8241410243,0.0,0.0005306391,0.0018439825,0.5491481757,0.121219399,16.414443864000003,10.757021859000002,28.398481377,0.0,0.0,0.2910897571,0.0,0.2877679775,0.5324584193,1.1753739779,0.6777297015000001,0.0849212731,0.0050053999,-0.0256690279999999,-0.039928354,1.0,0.0252270492,0.0058058419,0.0326845663,0.0187473186,0.0617546625,0.0679492968,7.0,0.0402541181,1.5755500000000003e-10,0.0297699589,0.0220084921,0.3136524757,5.2846262434,6.2645798e-09,58.0,3.589563512
2001-05-31,7328696.5445,0.9115220931,0.8308725262000001,-0.612022165,17.054623854000003,0.0704455255,0.0491945700999999,-0.088070676,-0.05034965,0.4036175626,0.2564935103,0.3476002994,1.5958638903,0.1735759721,-0.173575972,9.0,-0.192107234,0.2641207739,-0.5908967270000001,0.7106544745000001,45.791104818,0.044156205,-0.1999761789999999,0.0551201066,0.0266038127,0.0120511796,0.0151294139999999,-1.336348982,0.0,1.4678931592,0.1399202157,0.0,0.0,0.0,0.194987997,0.0125448392,0.3452145046,0.5677094944,0.2256307716,0.1079499747,0.2702702703,0.2528203278,0.0452560871999999,0.1703013026,6515.2248202,0.2754159012,0.0014629657,0.0367697364,-0.044456623,0.0877613917999999,-0.034843915,0.0084498589,0.176266056,-0.312087844,0.0622675986,0.1581111486999999,-2.519870141,5.0,0.8241410243,0.0,0.0005306391,0.0018439825,0.5491481757,0.121219399,16.414443864000003,10.757021859000002,28.398481377,0.0,0.0,0.2910897571,0.0,0.2877679775,0.5324584193,1.1753739779,0.3291011292,0.0885073044,-0.00808454,0.0057922915,0.0195153896,0.0,0.0010281575,0.0076112491,0.0013472185999999,0.014487111,0.0587612480999999,0.0677905182,7.0,0.0451843766,2.213488e-10,0.0649050474,0.0403715229,0.5131378944,15.631959628,5.4108658e-09,58.0,3.621099729
2001-06-29,7420801.454,0.9245733475,0.8548358748999999,-0.4832285129999999,16.556896507,0.0715919033,0.1160141084,0.0087855337,-0.150617269,0.1382353096,0.4166666688,0.2930973594,2.0581242043,0.1735759721,-0.173575972,9.0,-0.192107234,0.2641207739,-0.57851669,0.7106544745000001,45.791104818,0.044156205,-0.1999761789999999,0.0551201066,0.0266038127,0.0120511796,0.0151294139999999,-1.336348982,0.0,1.4678931592,0.1399202157,0.0,0.0,0.0,0.194987997,0.0125448392,0.3452145046,0.5677094944,0.2256307716,0.1079499747,0.2702702703,0.2528203278,0.0452560871999999,0.1703013026,6515.2248202,0.2754159012,0.0014629657,0.0367697364,-0.044456623,0.0877613917999999,-0.034843915,0.0084498589,0.176266056,-0.312087844,0.0622675986,0.1581111486999999,-2.519870141,5.0,0.8241410243,0.0,0.0005306391,0.0018439825,0.5491481757,0.121219399,16.414443864000003,10.757021859000002,28.398481377,0.0,0.0,0.2910897571,0.0,0.2877679775,0.5324584193,1.1753739779,0.3291011292,0.0885073044,-0.00808454,0.0057922915,0.0195153896,0.0,0.0010281575,0.0076112491,0.0013472185999999,0.014487111,0.0587612480999999,0.0677905182,7.0,0.0422859944,2.061861e-10,0.0354644879999999,0.0227677173,0.3553525363,3.6963742293,7.8566016e-09,58.0,4.26666464
2001-07-31,8803894.0,0.9328758382,0.8702573294,-0.119208121,16.746959073,0.0709903401,0.1412472693,0.1782786548,-0.117740094,0.0223240784,0.429239766,0.2613270231,2.1916297872,0.1735759721,-0.173575972,9.0,-0.192107234,0.1396776067,-0.922396687,0.7106544745000001,45.791104818,0.044156205,-0.1999761789999999,0.0551201066,0.0266038127,0.0120511796,0.0151294139999999,-1.336348982,0.0,1.4678931592,0.1399202157,0.0,0.0,0.0,0.194987997,0.0125448392,0.3452145046,0.5677094944,0.2256307716,0.1079499747,0.2702702703,0.2528203278,0.0452560871999999,0.1703013026,6515.2248202,0.2754159012,0.0014629657,0.0367697364,-0.044456623,0.0877613917999999,-0.034843915,0.0084498589,0.176266056,-0.312087844,0.0622675986,0.1581111486999999,-2.519870141,5.0,0.8241410243,0.0,0.0005306391,0.0018439825,0.5491481757,0.121219399,16.414443864000003,10.757021859000002,28.398481377,0.0,0.0,0.2910897571,0.0,0.2877679775,0.5324584193,1.1753739779,0.2205296843,0.1421664228,0.0056449062,-0.037204177,-0.011964893,1.0,0.0328135977,0.008299276,0.0426637432,0.0164840517,0.0597637105,0.0700537471,7.0,0.0408056452,2.724711e-10,0.0896519348,0.0270024567,0.4413759245,5.5702201468,1.0501611000000002e-08,58.0,3.346549135
2001-08-31,6905315.4704,0.8676255012999999,0.7527740106,-0.609163499,16.669243804,0.070710355,0.2064842912,-0.215652138,-0.078848564,0.2266666555,0.7910447618,0.3281136339,2.3319817457,0.1735759721,-0.173575972,9.0,-0.192107234,0.1396776067,-0.843400826,0.7106544745000001,45.791104818,0.044156205,-0.1999761789999999,0.0551201066,0.0266038127,0.0120511796,0.0151294139999999,-1.336348982,0.0,1.4678931592,0.1399202157,0.0,0.0,0.0,0.194987997,0.0125448392,0.3452145046,0.5677094944,0.2256307716,0.1079499747,0.2702702703,0.2528203278,0.0452560871999999,0.1703013026,6515.2248202,0.2754159012,0.0014629657,0.0367697364,-0.044456623,0.0877613917999999,-0.034843915,0.0084498589,0.176266056,-0.312087844,0.0622675986,0.1581111486999999,-2.519870141,5.0,0.8241410243,0.0,0.0005306391,0.0018439825,0.5491481757,0.121219399,16.414443864000003,10.757021859000002,28.398481377,0.0,0.0,0.2910897571,0.0,0.2877679775,0.5324584193,1.1753739779,0.2205296843,0.1421664228,0.0056449062,-0.037204177,-0.011964893,1.0,0.0328135977,0.008299276,0.0426637432,0.0164840517,0.0597637105,0.0700537471,7.0,0.0368995547,2.320873e-10,0.0416666381,0.0222782589,0.3697261132,4.5701595142,8.3751899e-09,58.0,3.12950576
2001-09-28,6432193.92,0.7922865607999999,0.6277179943,-0.591889816,16.659082033,0.0691697715,0.1978048216,-0.064855874,-0.242414667,-0.01488051,1.3207920701,0.4320737007999999,2.286014251,0.1735759721,-0.173575972,9.0,-0.192107234,0.1396776067,-0.887981006,0.7106544745000001,45.791104818,0.044156205,-0.1999761789999999,0.0551201066,0.0266038127,0.0120511796,0.0151294139999999,-1.336348982,0.0,1.4678931592,0.1399202157,0.0,0.0,0.0,0.194987997,0.0125448392,0.3452145046,0.5677094944,0.2256307716,0.1079499747,0.2702702703,0.2528203278,0.0452560871999999,0.1703013026,6515.2248202,0.2754159012,0.0014629657,0.0367697364,-0.044456623,0.0877613917999999,-0.034843915,0.0084498589,0.176266056,-0.312087844,0.0622675986,0.1581111486999999,-2.519870141,5.0,0.8241410243,0.0,0.0005306391,0.0018439825,0.5491481757,0.121219399,16.414443864000003,10.757021859000002,28.398481377,0.0,0.0,0.2910897571,0.0,0.2877679775,0.5324584193,1.1753739779,0.2205296843,0.1421664228,0.0056449062,-0.037204177,-0.011964893,1.0,0.0328135977,0.008299276,0.0426637432,0.0164840517,0.0597637105,0.0700537471,7.0,0.0354930978,2.394544e-10,0.0412027687,0.0206002288,0.247016254,3.091611653,8.0708097e-09,58.0,2.771476944
2001-10-31,5677857.2005,0.7849652826000001,0.6161704949,-0.355188137,16.535400280999998,0.0693270494,0.2182388594,-0.114404336,-0.204948421,-0.157815879,1.2141623435,0.4093230361,2.3788508699,0.1735759721,-0.173575972,9.0,-0.192107234,0.1396776067,-0.893902599,0.7106544745000001,45.791104818,0.044156205,-0.1999761789999999,0.0551201066,0.0266038127,0.0120511796,0.0151294139999999,-1.336348982,0.0,1.4678931592,0.1399202157,0.0,0.0,0.0,0.194987997,0.0125448392,0.3452145046,0.5677094944,0.2256307716,0.1079499747,0.2702702703,0.2528203278,0.0452560871999999,0.1703013026,6515.2248202,0.2754159012,0.0014629657,0.0367697364,-0.044456623,0.0877613917999999,-0.034843915,0.0084498589,0.176266056,-0.312087844,0.0622675986,0.1581111486999999,-2.519870141,5.0,0.8241410243,0.0,0.0005306391,0.0018439825,0.5491481757,0.121219399,16.414443864000003,10.757021859000002,28.398481377,0.0,0.0,0.2910897571,0.0,0.2877679775,0.5324584193,1.1753739779,0.897985829,0.1595480105,0.0044517472,-0.00806412,-0.011199849,0.0,0.0201080252,0.0079639162,0.0262360084,0.0151402487,0.0580424086,0.0675915628,7.0,0.0574012115,3.408944e-10,0.0483193658,0.0341075773,0.332076515,5.3248926599,1.2924582e-08,58.0,3.175882549
2001-11-30,6506353.5989,0.8328046214,0.6935635375,0.0187405404,16.369078595999998,0.0676619812,0.0791295556,0.1459170877999999,-0.227907018,-0.331356667,1.0605187222,0.3482599574,2.4065923946,0.1735759721,-0.173575972,9.0,-0.192107234,0.1396776067,-0.8709194490000001,0.7106544745000001,45.791104818,0.044156205,-0.1999761789999999,0.0551201066,0.0266038127,0.0120511796,0.0151294139999999,-1.336348982,0.0,1.4678931592,0.1399202157,0.0,0.0,0.0,0.194987997,0.0125448392,0.3452145046,0.5677094944,0.2256307716,0.1079499747,0.2702702703,0.2528203278,0.0452560871999999,0.1703013026,6515.2248202,0.2754159012,0.0014629657,0.0367697364,-0.044456623,0.0877613917999999,-0.034843915,0.0084498589,0.176266056,-0.312087844,0.0622675986,0.1581111486999999,-2.519870141,5.0,0.8241410243,0.0,0.0005306391,0.0018439825,0.5491481757,0.121219399,16.414443864000003,10.757021859000002,28.398481377,0.0,0.0,0.2910897571,0.0,0.2877679775,0.5324584193,1.1753739779,0.897985829,0.1595480105,0.0044517472,-0.00806412,-0.011199849,0.0,0.0201080252,0.0079639162,0.0262360084,0.0151402487,0.0580424086,0.0675915628,7.0,0.0569212591,4.344854e-10,0.1254146993,0.0420562994,0.3546002598,5.2892923824,7.3482038e-09,58.0,3.287186844
2001-12-31,6734379.419,0.7997087423999999,0.6395340727000001,0.05094181,16.639416175,0.069632205,0.165939469,0.0350466371,-0.122950803,-0.248504771,0.9756097521,0.2659878058,2.4368368023,0.1735759721,-0.173575972,9.0,-0.192107234,0.1396776067,-0.816030577,0.7106544745000001,45.791104818,0.044156205,-0.1999761789999999,0.0551201066,0.0266038127,0.0120511796,0.0151294139999999,-1.336348982,0.0,1.4678931592,0.1399202157,0.0,0.0,0.0,0.194987997,0.0125448392,0.3452145046,0.5677094944,0.2256307716,0.1079499747,0.2702702703,0.2528203278,0.0452560871999999,0.1703013026,6515.2248202,0.2754159012,0.0014629657,0.0367697364,-0.044456623,0.0877613917999999,-0.034843915,0.0084498589,0.176266056,-0.312087844,0.0622675986,0.1581111486999999,-2.519870141,5.0,0.8241410243,0.0,0.0005306391,0.0018439825,0.5491481757,0.121219399,16.414443864000003,10.757021859000002,28.398481377,0.0,0.0,0.2910897571,0.0,0.2877679775,0.5324584193,1.1753739779,0.897985829,0.1595480105,0.0044517472,-0.00806412,-0.011199849,0.0,0.0201080252,0.0079639162,0.0262360084,0.0151402487,0.0580424086,0.0675915628,7.0,0.0379271997,1.722804e-10,0.0485206917,0.0273977329999999,0.5896571403,9.840054734,8.2978335e-09,58.0,3.533911365
2002-01-31,7291825.357999999,0.7983665499,0.6373891479,-0.211287179,16.643296278,0.0692724258,0.342594609,0.0750564337,-0.2295652489999999,-0.199096085,0.576837418,0.2894260148,2.3339664327,0.1735759721,-0.173575972,9.0,-0.192107234,0.1396776067,-0.793893581,0.7106544745000001,45.791104818,0.044156205,-0.1999761789999999,0.0551201066,0.0266038127,0.0120511796,0.0151294139999999,-1.336348982,0.0,1.4678931592,0.1399202157,0.0,0.0,0.0,0.194987997,0.0125448392,0.3452145046,0.5677094944,0.2256307716,0.1079499747,0.2702702703,0.2528203278,0.0452560871999999,0.1703013026,6515.2248202,0.2754159012,0.0014629657,0.0367697364,-0.044456623,0.0877613917999999,-0.034843915,0.0084498589,0.176266056,-0.312087844,0.0622675986,0.1581111486999999,-2.519870141,5.0,0.8241410243,0.0,0.0005306391,0.0018439825,0.5491481757,0.121219399,16.414443864000003,10.757021859000002,28.398481377,0.0,0.0,0.2910897571,0.0,0.2877679775,0.5324584193,1.1753739779,0.0762160615,0.153668693,0.0044755090999999,0.0142203348,-0.0563551709999999,1.0,0.0280272546,0.0081221828,0.0361837472,0.011955278,0.0565476395,0.0662193812,7.0,0.0368111389,2.755074e-10,0.0638528317,0.0247217274,0.5772214943,5.2299437157,1.1208798999999998e-08,58.0,4.409505152
2002-02-28,9098514.3852,0.8296123814,0.6882567034,0.5951242977000001,16.464403363,0.0691659182,0.2506454091,0.2477691025,0.0559866042,-0.237046342,0.9183673455,0.2386471612,2.4143591595,0.1735759721,-0.173575972,9.0,-0.192107234,0.1396776067,-0.7940915829999999,0.7106544745000001,45.791104818,0.044156205,-0.1999761789999999,0.0551201066,0.0266038127,0.0120511796,0.0151294139999999,-1.336348982,0.0,1.4678931592,0.1399202157,0.0,0.0,0.0,0.194987997,0.0125448392,0.3452145046,0.5677094944,0.2256307716,0.1079499747,0.2702702703,0.2528203278,0.0452560871999999,0.1703013026,6515.2248202,0.2754159012,0.0014629657,0.0367697364,-0.044456623,0.0877613917999999,-0.034843915,0.0084498589,0.176266056,-0.312087844,0.0622675986,0.1581111486999999,-2.519870141,5.0,0.8241410243,0.0,0.0005306391,0.0018439825,0.5491481757,0.121219399,16.414443864000003,10.757021859000002,28.398481377,0.0,0.0,0.2910897571,0.0,0.2877679775,0.5324584193,1.1753739779,0.0762160615,0.153668693,0.0044755090999999,0.0142203348,-0.0563551709999999,1.0,0.0280272546,0.0081221828,0.0361837472,0.011955278,0.0565476395,0.0662193812,7.0,0.0380096133999999,2.510228e-10,0.0827620253,0.0326383038,0.4468425864999999,7.4247864366,7.4321582e-09,58.0,4.268519711
2002-03-28,8797620.4775,0.8529497858,0.7275233371,0.655508165,17.054359770999998,0.0688635797,0.4118477713,-0.031973083,0.4090100339999999,-0.001784763,0.8014184402,0.2460321677,2.0612592847,0.1735759721,-0.173575972,9.0,-0.192107234,0.1396776067,-0.800151935,0.7106544745000001,45.791104818,0.044156205,-0.1999761789999999,0.0551201066,0.0266038127,0.0120511796,0.0151294139999999,-1.336348982,0.0,1.4678931592,0.1399202157,0.0,0.0,0.0,0.194987997,0.0125448392,0.3452145046,0.5677094944,0.2256307716,0.1079499747,0.2702702703,0.2528203278,0.0452560871999999,0.1703013026,6515.2248202,0.2754159012,0.0014629657,0.0367697364,-0.044456623,0.0877613917999999,-0.034843915,0.0084498589,0.176266056,-0.312087844,0.0622675986,0.1581111486999999,-2.519870141,5.0,0.8241410243,0.0,0.0005306391,0.0018439825,0.5491481757,0.121219399,16.414443864000003,10.757021859000002,28.398481377,0.0,0.0,0.2910897571,0.0,0.2877679775,0.5324584193,1.1753739779,0.0762160615,0.153668693,0.0044755090999999,0.0142203348,-0.0563551709999999,1.0,0.0280272546,0.0081221828,0.0361837472,0.011955278,0.0565476395,0.0662193812,7.0,0.0360342554,2.622468e-10,0.0254010558,0.0192956151,0.37352051,2.8695149066,1.5317162e-08,58.0,4.29078057
2002-04-30,8940230.4056,0.8560701624,0.7328561229999999,0.8440985269,16.398095972,0.0684557083,0.4342261122999999,0.0052150771999999,0.5401607016,0.0844182659999999,0.5122494467,0.2354558375,1.9979406035,0.1773109621,-0.177310962,10.0,-0.239703013,0.1665730405,-0.761701938,0.8497461566,17.377563988,0.0841319126999999,-0.097036979,0.0100738578,1.0198131358,0.1118490385999999,0.011720098,0.0418116537,0.0,1.3338715908,0.1439543082,0.0,0.0,0.0,0.198126261,0.0319152081999999,0.3800041657,0.4676962804999999,0.2272880864,0.1071849669999999,0.1489361702,0.2568200646999999,0.0828099351999999,0.3782537579,4611.2753877,0.2981807234,0.0015322832999999,-0.000359414,-0.091301991,0.0288313775,0.0910759709,0.0155648186,0.1239878346,0.0373624603,-0.152817772,0.1130058836999999,-1.636107279,6.0,0.8369686298000001,0.0,0.0007044911,0.0015100151999999,0.5631875596,0.1310907434,12.010845662,11.97262862,29.294774675,0.0,0.0,0.2211681813,0.0,0.4665457112,0.5477316825999999,0.6132212806,0.0762160615,0.153668693,0.0044755090999999,0.0142203348,-0.0563551709999999,1.0,0.0280272546,0.0081221828,0.0361837472,0.011955278,0.0565476395,0.0662193812,7.0,0.0299518116,1.562301e-10,0.0300088394,0.0152201083,0.3095456516,2.8900178375,1.2510743999999998e-08,58.0,4.233273351
2002-05-31,8820409.102,0.8559337645999999,0.7326226094,0.4481893021,16.554296017000002,0.0668953674,0.5225235938,-0.013402485,0.351051289,0.1953487644,0.047715766,0.2279108171999999,1.771344796,0.1773109621,-0.177310962,10.0,-0.239703013,0.1665730405,-0.751710016,0.8497461566,17.377563988,0.0841319126999999,-0.097036979,0.0100738578,1.0198131358,0.1118490385999999,0.011720098,0.0418116537,0.0,1.3338715908,0.1439543082,0.0,0.0,0.0,0.198126261,0.0319152081999999,0.3800041657,0.4676962804999999,0.2272880864,0.1071849669999999,0.1489361702,0.2568200646999999,0.0828099351999999,0.3782537579,4611.2753877,0.2981807234,0.0015322832999999,-0.000359414,-0.091301991,0.0288313775,0.0910759709,0.0155648186,0.1239878346,0.0373624603,-0.152817772,0.1130058836999999,-1.636107279,6.0,0.8369686298000001,0.0,0.0007044911,0.0015100151999999,0.5631875596,0.1310907434,12.010845662,11.97262862,29.294774675,0.0,0.0,0.2211681813,0.0,0.4665457112,0.5477316825999999,0.6132212806,1.0614730928,0.1191487592,0.0144367775,0.0671796815,-0.094339655,2.0,0.0298669203,0.0083858453,0.039307251,0.0185700333,0.0566529573,0.0679263794,7.0,0.0251653027,1.257902e-10,0.0200408902,0.0193400755,0.3862708547,4.9868083384,9.515414e-09,58.0,4.504113802
2002-06-28,9373682.7451,0.8432948923,0.7111462753,0.4624164303999999,16.729699686,0.0669878333,0.5588716004,0.0639790073,0.2878104196,0.1690573276,0.0587118988,0.2384777751,2.0377579132,0.1773109621,-0.177310962,10.0,-0.239703013,0.1665730405,-0.754092777,0.8497461566,17.377563988,0.0841319126999999,-0.097036979,0.0100738578,1.0198131358,0.1118490385999999,0.011720098,0.0418116537,0.0,1.3338715908,0.1439543082,0.0,0.0,0.0,0.198126261,0.0319152081999999,0.3800041657,0.4676962804999999,0.2272880864,0.1071849669999999,0.1489361702,0.2568200646999999,0.0828099351999999,0.3782537579,4611.2753877,0.2981807234,0.0015322832999999,-0.000359414,-0.091301991,0.0288313775,0.0910759709,0.0155648186,0.1239878346,0.0373624603,-0.152817772,0.1130058836999999,-1.636107279,6.0,0.8369686298000001,0.0,0.0007044911,0.0015100151999999,0.5631875596,0.1310907434,12.010845662,11.97262862,29.294774675,0.0,0.0,0.2211681813,0.0,0.4665457112,0.5477316825999999,0.6132212806,1.0614730928,0.1191487592,0.0144367775,0.0671796815,-0.094339655,2.0,0.0298669203,0.0083858453,0.039307251,0.0185700333,0.0566529573,0.0679263794,7.0,0.0300964982,1.85955e-10,0.0498442762,0.0227443572,0.3000585414,3.1829650907,8.5475303e-09,58.0,4.609852882
2002-07-31,9654697.2982,0.8619381537,0.7429373806999999,0.4762011779999999,16.8982229,0.063292764,0.5370103764999999,0.0234760996,0.2745407673,0.0556522005999999,0.224625628,0.4090001419,2.244417047,0.1773109621,-0.177310962,10.0,-0.239703013,0.1913183506,-0.576879148,0.8497461566,17.377563988,0.0841319126999999,-0.097036979,0.0100738578,1.0198131358,0.1118490385999999,0.011720098,0.0418116537,0.0,1.3338715908,0.1439543082,0.0,0.0,0.0,0.198126261,0.0319152081999999,0.3800041657,0.4676962804999999,0.2272880864,0.1071849669999999,0.1489361702,0.2568200646999999,0.0828099351999999,0.3782537579,4611.2753877,0.2981807234,0.0015322832999999,-0.000359414,-0.091301991,0.0288313775,0.0910759709,0.0155648186,0.1239878346,0.0373624603,-0.152817772,0.1130058836999999,-1.636107279,6.0,0.8369686298000001,0.0,0.0007044911,0.0015100151999999,0.5631875596,0.1310907434,12.010845662,11.97262862,29.294774675,0.0,0.0,0.2211681813,0.0,0.4665457112,0.5477316825999999,0.6132212806,0.3958154829,0.1571252149,0.007098676,-0.058099162,0.0684860338999999,3.0,0.0365848586,0.0091334992,0.0492177274,0.0189181704,0.0549170449,0.0671885573,7.0,0.0351401494,1.558909e-10,0.0313790366,0.0197031604,0.2946407709,3.3552312966000004,9.2869632e-09,58.0,3.641505516
2002-08-30,7626627.6439,0.9241986462,0.8541431376,-0.4917966239999999,16.933643275,0.0613685581,0.5243818883,-0.210060403,0.0454354180999999,0.3774944118,0.5518280047,0.2907145605,2.5980225283,0.1773109621,-0.177310962,10.0,-0.239703013,0.1913183506,-0.587086339,0.8497461566,17.377563988,0.0841319126999999,-0.097036979,0.0100738578,1.0198131358,0.1118490385999999,0.011720098,0.0418116537,0.0,1.3338715908,0.1439543082,0.0,0.0,0.0,0.198126261,0.0319152081999999,0.3800041657,0.4676962804999999,0.2272880864,0.1071849669999999,0.1489361702,0.2568200646999999,0.0828099351999999,0.3782537579,4611.2753877,0.2981807234,0.0015322832999999,-0.000359414,-0.091301991,0.0288313775,0.0910759709,0.0155648186,0.1239878346,0.0373624603,-0.152817772,0.1130058836999999,-1.636107279,6.0,0.8369686298000001,0.0,0.0007044911,0.0015100151999999,0.5631875596,0.1310907434,12.010845662,11.97262862,29.294774675,0.0,0.0,0.2211681813,0.0,0.4665457112,0.5477316825999999,0.6132212806,0.3958154829,0.1571252149,0.007098676,-0.058099162,0.0684860338999999,3.0,0.0365848586,0.0091334992,0.0492177274,0.0189181704,0.0549170449,0.0671885573,7.0,0.0577817038999999,2.424964e-10,0.1171170622,0.0366263647,0.3151672373999999,4.7504261558,6.3404906e-09,58.0,3.728693881
2002-09-30,7805654.2481,0.9451975529,0.8933984140000001,-0.490426382,16.990234433,0.060830769,0.3090681744,0.023943007,-0.146892697,0.1636039302,0.4749727258,0.2953077887999999,2.5389696974,0.1773109621,-0.177310962,10.0,-0.239703013,0.1913183506,-0.6149727460000001,0.8497461566,17.377563988,0.0841319126999999,-0.097036979,0.0100738578,1.0198131358,0.1118490385999999,0.011720098,0.0418116537,0.0,1.3338715908,0.1439543082,0.0,0.0,0.0,0.198126261,0.0319152081999999,0.3800041657,0.4676962804999999,0.2272880864,0.1071849669999999,0.1489361702,0.2568200646999999,0.0828099351999999,0.3782537579,4611.2753877,0.2981807234,0.0015322832999999,-0.000359414,-0.091301991,0.0288313775,0.0910759709,0.0155648186,0.1239878346,0.0373624603,-0.152817772,0.1130058836999999,-1.636107279,6.0,0.8369686298000001,0.0,0.0007044911,0.0015100151999999,0.5631875596,0.1310907434,12.010845662,11.97262862,29.294774675,0.0,0.0,0.2211681813,0.0,0.4665457112,0.5477316825999999,0.6132212806,0.3958154829,0.1571252149,0.007098676,-0.058099162,0.0684860338999999,3.0,0.0365848586,0.0091334992,0.0492177274,0.0189181704,0.0549170449,0.0671885573,7.0,0.0428517583,2.942154e-10,0.0813093409,0.030222536,0.2443040880999999,2.442655591,9.3179739e-09,58.0,3.828867746
2002-10-31,8013046.323,0.9801850166,0.9607626667,-0.6558451479999999,16.628608413,0.0609024987999999,0.386465727,0.026865622,-0.130998652,0.3453815947999999,0.2057502597,0.2016762396999999,2.3899734435,0.1773109621,-0.177310962,10.0,-0.239703013,0.1913183506,-0.623049331,0.8497461566,17.377563988,0.0841319126999999,-0.097036979,0.0100738578,1.0198131358,0.1118490385999999,0.011720098,0.0418116537,0.0,1.3338715908,0.1439543082,0.0,0.0,0.0,0.198126261,0.0319152081999999,0.3800041657,0.4676962804999999,0.2272880864,0.1071849669999999,0.1489361702,0.2568200646999999,0.0828099351999999,0.3782537579,4611.2753877,0.2981807234,0.0015322832999999,-0.000359414,-0.091301991,0.0288313775,0.0910759709,0.0155648186,0.1239878346,0.0373624603,-0.152817772,0.1130058836999999,-1.636107279,6.0,0.8369686298000001,0.0,0.0007044911,0.0015100151999999,0.5631875596,0.1310907434,12.010845662,11.97262862,29.294774675,0.0,0.0,0.2211681813,0.0,0.4665457112,0.5477316825999999,0.6132212806,0.7420076328,0.1600760942,-0.000818813,-0.031713917,-0.064945931,0.0,0.0161485732,0.0090959921,0.0211439868,0.0172175646,0.0518871742,0.064466358,7.0,0.0355920439,2.193969e-10,0.0360360964999999,0.020583265,0.2174359484,1.865385045,1.1540303e-08,58.0,4.422490653
2002-11-29,9255379.4192,0.9219451458,0.8499828519,-0.288246183,16.536337225,0.0595838459999999,0.2252929162999999,0.1550388038,-0.095530247,0.2056073889999999,0.2594023326,0.2711913065,2.2938463295,0.1773109621,-0.177310962,10.0,-0.239703013,0.1913183506,-0.604610461,0.8497461566,17.377563988,0.0841319126999999,-0.097036979,0.0100738578,1.0198131358,0.1118490385999999,0.011720098,0.0418116537,0.0,1.3338715908,0.1439543082,0.0,0.0,0.0,0.198126261,0.0319152081999999,0.3800041657,0.4676962804999999,0.2272880864,0.1071849669999999,0.1489361702,0.2568200646999999,0.0828099351999999,0.3782537579,4611.2753877,0.2981807234,0.0015322832999999,-0.000359414,-0.091301991,0.0288313775,0.0910759709,0.0155648186,0.1239878346,0.0373624603,-0.152817772,0.1130058836999999,-1.636107279,6.0,0.8369686298000001,0.0,0.0007044911,0.0015100151999999,0.5631875596,0.1310907434,12.010845662,11.97262862,29.294774675,0.0,0.0,0.2211681813,0.0,0.4665457112,0.5477316825999999,0.6132212806,0.7420076328,0.1600760942,-0.000818813,-0.031713917,-0.064945931,0.0,0.0161485732,0.0090959921,0.0211439868,0.0172175646,0.0518871742,0.064466358,7.0,0.0421648708,2.250281e-10,0.065924257,0.029669339,0.2546037837,4.1597105595,6.6734323e-09,58.0,4.03292562
2002-12-31,8440098.3711,0.9075340836,0.8236181129000001,-0.474816125,17.088164043,0.0594295256,0.1379075976,-0.088087261,-0.018121923,0.3453725335,0.3342116818,0.2825156164,2.2545121628,0.1773109621,-0.177310962,10.0,-0.239703013,0.1913183506,-0.60677235,0.8497461566,17.377563988,0.0841319126999999,-0.097036979,0.0100738578,1.0198131358,0.1118490385999999,0.011720098,0.0418116537,0.0,1.3338715908,0.1439543082,0.0,0.0,0.0,0.198126261,0.0319152081999999,0.3800041657,0.4676962804999999,0.2272880864,0.1071849669999999,0.1489361702,0.2568200646999999,0.0828099351999999,0.3782537579,4611.2753877,0.2981807234,0.0015322832999999,-0.000359414,-0.091301991,0.0288313775,0.0910759709,0.0155648186,0.1239878346,0.0373624603,-0.152817772,0.1130058836999999,-1.636107279,6.0,0.8369686298000001,0.0,0.0007044911,0.0015100151999999,0.5631875596,0.1310907434,12.010845662,11.97262862,29.294774675,0.0,0.0,0.2211681813,0.0,0.4665457112,0.5477316825999999,0.6132212806,0.7420076328,0.1600760942,-0.000818813,-0.031713917,-0.064945931,0.0,0.0161485732,0.0090959921,0.0211439868,0.0172175646,0.0518871742,0.064466358,7.0,0.0321155317,2.185804e-10,0.0287803151,0.0207907816,0.2823622778,2.9914056339,1.0958181e-08,58.0,3.780635885
2003-01-31,7887630.3152,0.8823931449,0.7786176622,-0.484341325,16.639763147,0.0591444780999999,0.0657100247,-0.062557526,-0.125150918,0.1412073952,0.571133917,0.2927155879,2.2565154631,0.1773109621,-0.177310962,10.0,-0.239703013,0.1913183506,-0.5988509120000001,0.8497461566,17.377563988,0.0841319126999999,-0.097036979,0.0100738578,1.0198131358,0.1118490385999999,0.011720098,0.0418116537,0.0,1.3338715908,0.1439543082,0.0,0.0,0.0,0.198126261,0.0319152081999999,0.3800041657,0.4676962804999999,0.2272880864,0.1071849669999999,0.1489361702,0.2568200646999999,0.0828099351999999,0.3782537579,4611.2753877,0.2981807234,0.0015322832999999,-0.000359414,-0.091301991,0.0288313775,0.0910759709,0.0155648186,0.1239878346,0.0373624603,-0.152817772,0.1130058836999999,-1.636107279,6.0,0.8369686298000001,0.0,0.0007044911,0.0015100151999999,0.5631875596,0.1310907434,12.010845662,11.97262862,29.294774675,0.0,0.0,0.2211681813,0.0,0.4665457112,0.5477316825999999,0.6132212806,0.9228876891,0.1924468354,0.0031017892,-0.033030303,0.040870795,1.0,0.0275118563,0.00833107,0.0350740644,0.0177778028,0.0514798692999999,0.0620998533,7.0,0.0297978515,2.341462e-10,0.0461688899,0.0196958541,0.487533504,4.4614777723,1.0940484e-08,58.0,4.214722635
2003-02-28,8793275.8942,0.9455133768,0.8939955457,0.3315813118,16.526815263,0.0562143412,-0.068571227,0.1148184611999999,0.0382068338,-0.142616786,0.4856250018,0.2071767412,2.0998390982,0.1773109621,-0.177310962,10.0,-0.239703013,0.1913183506,-0.59832766,0.8497461566,17.377563988,0.0841319126999999,-0.097036979,0.0100738578,1.0198131358,0.1118490385999999,0.011720098,0.0418116537,0.0,1.3338715908,0.1439543082,0.0,0.0,0.0,0.198126261,0.0319152081999999,0.3800041657,0.4676962804999999,0.2272880864,0.1071849669999999,0.1489361702,0.2568200646999999,0.0828099351999999,0.3782537579,4611.2753877,0.2981807234,0.0015322832999999,-0.000359414,-0.091301991,0.0288313775,0.0910759709,0.0155648186,0.1239878346,0.0373624603,-0.152817772,0.1130058836999999,-1.636107279,6.0,0.8369686298000001,0.0,0.0007044911,0.0015100151999999,0.5631875596,0.1310907434,12.010845662,11.97262862,29.294774675,0.0,0.0,0.2211681813,0.0,0.4665457112,0.5477316825999999,0.6132212806,0.9228876891,0.1924468354,0.0031017892,-0.033030303,0.040870795,1.0,0.0275118563,0.00833107,0.0350740644,0.0177778028,0.0514798692999999,0.0620998533,7.0,0.0278160875999999,1.592432e-10,0.146353662,0.0351727482,0.4643249688,9.1138157113,8.685591999999998e-09,58.0,4.350142861
2003-03-31,9089384.4457,0.9054059208,0.8197598814,0.293133431,16.864387038,0.0571961276,-0.085917121,0.0321303457,0.1303482098,-0.012603246,0.3101779277,0.1931345167,2.0616697363,0.1773109621,-0.177310962,10.0,-0.239703013,0.1913183506,-0.5979750420000001,0.8497461566,17.377563988,0.0841319126999999,-0.097036979,0.0100738578,1.0198131358,0.1118490385999999,0.011720098,0.0418116537,0.0,1.3338715908,0.1439543082,0.0,0.0,0.0,0.198126261,0.0319152081999999,0.3800041657,0.4676962804999999,0.2272880864,0.1071849669999999,0.1489361702,0.2568200646999999,0.0828099351999999,0.3782537579,4611.2753877,0.2981807234,0.0015322832999999,-0.000359414,-0.091301991,0.0288313775,0.0910759709,0.0155648186,0.1239878346,0.0373624603,-0.152817772,0.1130058836999999,-1.636107279,6.0,0.8369686298000001,0.0,0.0007044911,0.0015100151999999,0.5631875596,0.1310907434,12.010845662,11.97262862,29.294774675,0.0,0.0,0.2211681813,0.0,0.4665457112,0.5477316825999999,0.6132212806,0.9228876891,0.1924468354,0.0031017892,-0.033030303,0.040870795,1.0,0.0275118563,0.00833107,0.0350740644,0.0177778028,0.0514798692999999,0.0620998533,7.0,0.0267620268,1.5243799999999998e-10,0.0400900617,0.0189078424,0.23994667,2.3768644666,1.182543e-08,58.0,4.778664397
2003-04-30,10084190.01,0.8968028904,0.8042554243000001,0.3557144565999999,16.688658553,0.05452763,-0.2025399819999999,0.0985074341,0.1361434871,0.0138349255,0.0323012062999999,0.2344463451,2.2543918134,0.1377709938,-0.137770994,11.0,-0.23862112,0.2398760137999999,-0.559373134,0.8118068362,14.233969679,0.0624630091,-0.115562275,0.0056911853,0.0215369799,-0.22658868,0.0202332413999999,-0.032471103,0.0,1.5768442204,0.1623985982,0.0,0.0,0.0,0.2548907028,0.0268403532,0.3730937058,0.1865191973,0.1687910178999999,0.0914100566,0.1481481481,0.2058697844999999,0.0706470374,0.2039950402,6950.506252699999,0.2895432826,0.0015452532999999,-0.15089772,0.1821559371,0.1281260017,-0.024416509,0.2989842457,0.0521043706,0.1625263122,0.0253167283,0.0438046627,-1.3272051809999998,6.0,1.0872090644,0.0,0.0004492673,0.0010945882,0.558769589,0.135287347,8.1766036685,12.497085578,33.707152593,0.0,0.0,0.2415752478,0.0,0.4104441395,0.5640136208,0.6411895247,0.9228876891,0.1924468354,0.0031017892,-0.033030303,0.040870795,1.0,0.0275118563,0.00833107,0.0350740644,0.0177778028,0.0514798692999999,0.0620998533,7.0,0.0309248589,1.349791e-10,0.0693333074,0.0251401213,0.2970420693,3.4521871754,8.3773196e-09,58.0,4.357563147
2003-05-30,9203389.2596,0.9633781567,0.9280974728,-0.058539941,17.028445116,0.0513657923,-0.221115019,-0.087344721,0.0805369158999999,0.1288343889,0.509540012,0.2142535256,2.3931788948,0.1377709938,-0.137770994,11.0,-0.23862112,0.2398760137999999,-0.563742584,0.8118068362,14.233969679,0.0624630091,-0.115562275,0.0056911853,0.0215369799,-0.22658868,0.0202332413999999,-0.032471103,0.0,1.5768442204,0.1623985982,0.0,0.0,0.0,0.2548907028,0.0268403532,0.3730937058,0.1865191973,0.1687910178999999,0.0914100566,0.1481481481,0.2058697844999999,0.0706470374,0.2039950402,6950.506252699999,0.2895432826,0.0015452532999999,-0.15089772,0.1821559371,0.1281260017,-0.024416509,0.2989842457,0.0521043706,0.1625263122,0.0253167283,0.0438046627,-1.3272051809999998,6.0,1.0872090644,0.0,0.0004492673,0.0010945882,0.558769589,0.135287347,8.1766036685,12.497085578,33.707152593,0.0,0.0,0.2415752478,0.0,0.4104441395,0.5640136208,0.6411895247,-0.065984817,0.1754384281,0.001656367,0.0115118857,0.0079790506999999,2.0,0.0260317002,0.0083133387,0.0336898571,0.0219219992,0.0507825621,0.0619153838999999,7.0,0.0305008541,1.5655600000000002e-10,0.0367153697,0.0253923366,0.3566090292,6.0982071452,7.5193173e-09,58.0,4.571081886
2003-06-30,9634449.1398,0.9183630379,0.8433906693000001,0.2393874928,17.054161516,0.050460314,-0.229441916,0.0493406988999999,0.0814167606,-0.031713354,0.4282353143999999,0.033619431,2.5818013166,0.1377709938,-0.137770994,11.0,-0.23862112,0.2398760137999999,-0.525629825,0.8118068362,14.233969679,0.0624630091,-0.115562275,0.0056911853,0.0215369799,-0.22658868,0.0202332413999999,-0.032471103,0.0,1.5768442204,0.1623985982,0.0,0.0,0.0,0.2548907028,0.0268403532,0.3730937058,0.1865191973,0.1687910178999999,0.0914100566,0.1481481481,0.2058697844999999,0.0706470374,0.2039950402,6950.506252699999,0.2895432826,0.0015452532999999,-0.15089772,0.1821559371,0.1281260017,-0.024416509,0.2989842457,0.0521043706,0.1625263122,0.0253167283,0.0438046627,-1.3272051809999998,6.0,1.0872090644,0.0,0.0004492673,0.0010945882,0.558769589,0.135287347,8.1766036685,12.497085578,33.707152593,0.0,0.0,0.2415752478,0.0,0.4104441395,0.5640136208,0.6411895247,-0.065984817,0.1754384281,0.001656367,0.0115118857,0.0079790506999999,2.0,0.0260317002,0.0083133387,0.0336898571,0.0219219992,0.0507825621,0.0619153838999999,7.0,0.0275998973,1.211998e-10,0.0453389696999999,0.0182048333,0.3001386647,3.4357894675,8.3895704e-09,58.0,4.54863552
2003-07-31,9572044.7025,0.7839738783,0.6146150418,0.3844916831,16.99122674,0.0495056275,-0.1770772169999999,-0.004864241,0.2105005381,-0.007243466,0.3014729998,0.2265698948,2.3655655296,0.1377709938,-0.137770994,11.0,-0.23862112,0.2217565898,-3.028224695,0.8118068362,14.233969679,0.0624630091,-0.115562275,0.0056911853,0.0215369799,-0.22658868,0.0202332413999999,-0.032471103,0.0,1.5768442204,0.1623985982,0.0,0.0,0.0,0.2548907028,0.0268403532,0.3730937058,0.1865191973,0.1687910178999999,0.0914100566,0.1481481481,0.2058697844999999,0.0706470374,0.2039950402,6950.506252699999,0.2895432826,0.0015452532999999,-0.15089772,0.1821559371,0.1281260017,-0.024416509,0.2989842457,0.0521043706,0.1625263122,0.0253167283,0.0438046627,-1.3272051809999998,6.0,1.0872090644,0.0,0.0004492673,0.0010945882,0.558769589,0.135287347,8.1766036685,12.497085578,33.707152593,0.0,0.0,0.2415752478,0.0,0.4104441395,0.5640136208,0.6411895247,1.6593364683,0.194103788,0.0034727347999999,-0.004797355,0.1574837268999999,3.0,0.0341788152,0.0086772343999999,0.0453847303,0.0250645099,0.049996516,0.0626228132,7.0,0.0245565949,7.950334e-11,0.0325271338,0.0100911145,0.243060523,2.2253402999,1.1428111e-08,58.0,5.069910635
2003-08-29,10655966.97,0.7520296741,0.5655486308,0.0454928111,16.676287958,0.0476138922,-0.005405096,0.1132383198,0.0805457688,0.2506367959,0.0469332837999999,0.2259487164999999,2.1756109909,0.1377709938,-0.137770994,11.0,-0.23862112,0.2217565898,-3.020687467,0.8118068362,14.233969679,0.0624630091,-0.115562275,0.0056911853,0.0215369799,-0.22658868,0.0202332413999999,-0.032471103,0.0,1.5768442204,0.1623985982,0.0,0.0,0.0,0.2548907028,0.0268403532,0.3730937058,0.1865191973,0.1687910178999999,0.0914100566,0.1481481481,0.2058697844999999,0.0706470374,0.2039950402,6950.506252699999,0.2895432826,0.0015452532999999,-0.15089772,0.1821559371,0.1281260017,-0.024416509,0.2989842457,0.0521043706,0.1625263122,0.0253167283,0.0438046627,-1.3272051809999998,6.0,1.0872090644,0.0,0.0004492673,0.0010945882,0.558769589,0.135287347,8.1766036685,12.497085578,33.707152593,0.0,0.0,0.2415752478,0.0,0.4104441395,0.5640136208,0.6411895247,1.6593364683,0.194103788,0.0034727347999999,-0.004797355,0.1574837268999999,3.0,0.0341788152,0.0086772343999999,0.0453847303,0.0250645099,0.049996516,0.0626228132,7.0,0.0290365575,1.260213e-10,0.0647453368,0.0194394298,0.4108372633,6.1240578787,8.9105958e-09,58.0,5.275823581
2003-09-30,11102931.301,0.7658854512000001,0.5865805244,0.0439942195,16.984424274000002,0.0474585016,0.0404793649,0.0387851968,0.1654583755,0.3597014636,0.0976109367,0.1372182166,1.7714677125,0.1377709938,-0.137770994,11.0,-0.23862112,0.2217565898,-3.0159532330000003,0.8118068362,14.233969679,0.0624630091,-0.115562275,0.0056911853,0.0215369799,-0.22658868,0.0202332413999999,-0.032471103,0.0,1.5768442204,0.1623985982,0.0,0.0,0.0,0.2548907028,0.0268403532,0.3730937058,0.1865191973,0.1687910178999999,0.0914100566,0.1481481481,0.2058697844999999,0.0706470374,0.2039950402,6950.506252699999,0.2895432826,0.0015452532999999,-0.15089772,0.1821559371,0.1281260017,-0.024416509,0.2989842457,0.0521043706,0.1625263122,0.0253167283,0.0438046627,-1.3272051809999998,6.0,1.0872090644,0.0,0.0004492673,0.0010945882,0.558769589,0.135287347,8.1766036685,12.497085578,33.707152593,0.0,0.0,0.2415752478,0.0,0.4104441395,0.5640136208,0.6411895247,1.6593364683,0.194103788,0.0034727347999999,-0.004797355,0.1574837268999999,3.0,0.0341788152,0.0086772343999999,0.0453847303,0.0250645099,0.049996516,0.0626228132,7.0,0.0233949474,1.338346e-10,0.0271345879999999,0.0118569325,0.3513643997,2.1653463823,1.5957613000000002e-08,58.0,5.342606158
2003-10-31,11338329.3,0.7824135164,0.6121709107,-0.130049688,16.488702829,0.047573782,0.1616569602999999,0.0144416997,0.1020962357,0.3754845057,0.0303899802999999,0.1078944834,1.8533955478,0.1377709938,-0.137770994,11.0,-0.23862112,0.2217565898,-3.021278323,0.8118068362,14.233969679,0.0624630091,-0.115562275,0.0056911853,0.0215369799,-0.22658868,0.0202332413999999,-0.032471103,0.0,1.5768442204,0.1623985982,0.0,0.0,0.0,0.2548907028,0.0268403532,0.3730937058,0.1865191973,0.1687910178999999,0.0914100566,0.1481481481,0.2058697844999999,0.0706470374,0.2039950402,6950.506252699999,0.2895432826,0.0015452532999999,-0.15089772,0.1821559371,0.1281260017,-0.024416509,0.2989842457,0.0521043706,0.1625263122,0.0253167283,0.0438046627,-1.3272051809999998,6.0,1.0872090644,0.0,0.0004492673,0.0010945882,0.558769589,0.135287347,8.1766036685,12.497085578,33.707152593,0.0,0.0,0.2415752478,0.0,0.4104441395,0.5640136208,0.6411895247,0.6452933027000001,0.209170702,0.007855013,-0.012911525,-0.064810839,0.0,0.0221036793,0.0084790647,0.0290494377999999,0.0169561463,0.0486628766,0.0609477817999999,7.0,0.0237264988,1.056245e-10,0.0381705835,0.0141841524,0.3404802547,3.578991587,1.0087162e-08,58.0,5.862026201
2003-11-28,12440667.35,0.7808652446,0.6097505302,0.3579511650999999,16.963410262,0.0456671754,0.2077554864999999,0.0972222611,0.2250105864,0.2080536475,0.0669650414,0.06102896,1.6070202087,0.1377709938,-0.137770994,11.0,-0.23862112,0.2217565898,-3.043029435,0.8118068362,14.233969679,0.0624630091,-0.115562275,0.0056911853,0.0215369799,-0.22658868,0.0202332413999999,-0.032471103,0.0,1.5768442204,0.1623985982,0.0,0.0,0.0,0.2548907028,0.0268403532,0.3730937058,0.1865191973,0.1687910178999999,0.0914100566,0.1481481481,0.2058697844999999,0.0706470374,0.2039950402,6950.506252699999,0.2895432826,0.0015452532999999,-0.15089772,0.1821559371,0.1281260017,-0.024416509,0.2989842457,0.0521043706,0.1625263122,0.0253167283,0.0438046627,-1.3272051809999998,6.0,1.0872090644,0.0,0.0004492673,0.0010945882,0.558769589,0.135287347,8.1766036685,12.497085578,33.707152593,0.0,0.0,0.2415752478,0.0,0.4104441395,0.5640136208,0.6411895247,0.6452933027000001,0.209170702,0.007855013,-0.012911525,-0.064810839,0.0,0.0221036793,0.0084790647,0.0290494377999999,0.0169561463,0.0486628766,0.0609477817999999,7.0,0.0188529692999999,1.091991e-10,0.0329889953,0.0111784114999999,0.3381109364,2.1117212444,1.2929888e-08,58.0,5.949214565
2003-12-31,12665070.919000002,0.7452090238,0.5553364891,0.1692382662,16.722522269000002,0.0437063976999999,0.2860626488,0.0180379041,0.2809079901,0.4535418769,-0.045706455,0.1345055042,1.6436038642,0.1377709938,-0.137770994,11.0,-0.23862112,0.2217565898,-3.040266784,0.8118068362,14.233969679,0.0624630091,-0.115562275,0.0056911853,0.0215369799,-0.22658868,0.0202332413999999,-0.032471103,0.0,1.5768442204,0.1623985982,0.0,0.0,0.0,0.2548907028,0.0268403532,0.3730937058,0.1865191973,0.1687910178999999,0.0914100566,0.1481481481,0.2058697844999999,0.0706470374,0.2039950402,6950.506252699999,0.2895432826,0.0015452532999999,-0.15089772,0.1821559371,0.1281260017,-0.024416509,0.2989842457,0.0521043706,0.1625263122,0.0253167283,0.0438046627,-1.3272051809999998,6.0,1.0872090644,0.0,0.0004492673,0.0010945882,0.558769589,0.135287347,8.1766036685,12.497085578,33.707152593,0.0,0.0,0.2415752478,0.0,0.4104441395,0.5640136208,0.6411895247,0.6452933027000001,0.209170702,0.007855013,-0.012911525,-0.064810839,0.0,0.0221036793,0.0084790647,0.0290494377999999,0.0169561463,0.0486628766,0.0609477817999999,7.0,0.0256465854,1.254004e-10,0.0193379261,0.0142848834,0.3746795302,2.5106462431,1.6328553e-08,58.0,6.132866652
2004-01-30,13066366.34,0.7787734981000001,0.6064881613,0.1461004867,16.698080148,0.0425806733,0.3320455553,0.0307740662,0.310386924,0.5785082997,-0.078870092,0.218054067,1.3971551112,0.1377709938,-0.137770994,11.0,-0.23862112,0.2217565898,-3.043974148,0.8118068362,14.233969679,0.0624630091,-0.115562275,0.0056911853,0.0215369799,-0.22658868,0.0202332413999999,-0.032471103,0.0,1.5768442204,0.1623985982,0.0,0.0,0.0,0.2548907028,0.0268403532,0.3730937058,0.1865191973,0.1687910178999999,0.0914100566,0.1481481481,0.2058697844999999,0.0706470374,0.2039950402,6950.506252699999,0.2895432826,0.0015452532999999,-0.15089772,0.1821559371,0.1281260017,-0.024416509,0.2989842457,0.0521043706,0.1625263122,0.0253167283,0.0438046627,-1.3272051809999998,6.0,1.0872090644,0.0,0.0004492673,0.0010945882,0.558769589,0.135287347,8.1766036685,12.497085578,33.707152593,0.0,0.0,0.2415752478,0.0,0.4104441395,0.5640136208,0.6411895247,-0.209418632,0.2170809773,,-0.021751938,-0.006878522,1.0,0.0278091822,0.0084911886,0.0355357091,0.0209719324,0.0479512536,0.0602904659,7.0,0.0210681571,1.35972e-10,0.0176267344999999,0.0109608389999999,0.4298645208,1.9246401724,1.5140044e-08,58.0,6.819243137
2004-02-27,14425804.641,0.8187428883,0.6703399171,0.1366486703999999,16.657622055,0.0425405175,0.3964596444,0.1040410399,0.2133186884,0.4595070635,-0.0900626,0.1699934343,1.4785000252,0.1377709938,-0.137770994,11.0,-0.23862112,0.2217565898,-3.04444999,0.8118068362,14.233969679,0.0624630091,-0.115562275,0.0056911853,0.0215369799,-0.22658868,0.0202332413999999,-0.032471103,0.0,1.5768442204,0.1623985982,0.0,0.0,0.0,0.2548907028,0.0268403532,0.3730937058,0.1865191973,0.1687910178999999,0.0914100566,0.1481481481,0.2058697844999999,0.0706470374,0.2039950402,6950.506252699999,0.2895432826,0.0015452532999999,-0.15089772,0.1821559371,0.1281260017,-0.024416509,0.2989842457,0.0521043706,0.1625263122,0.0253167283,0.0438046627,-1.3272051809999998,6.0,1.0872090644,0.0,0.0004492673,0.0010945882,0.558769589,0.135287347,8.1766036685,12.497085578,33.707152593,0.0,0.0,0.2415752478,0.0,0.4104441395,0.5640136208,0.6411895247,-0.209418632,0.2170809773,,-0.021751938,-0.006878522,1.0,0.0278091822,0.0084911886,0.0355357091,0.0209719324,0.0479512536,0.0602904659,7.0,0.0208189901,9.512292e-11,0.0287648197,0.0121222015999999,0.28020282,2.3313674446,1.2589787e-08,58.0,6.93982279
2004-03-31,14815636.604,0.8268669431,0.6837089417000001,0.1067044411999999,17.036987403,0.0422483419,0.5409452811,0.0215788279,0.2895386174,0.5611939934000001,-0.01522306,0.1189774106,1.5939943293,0.1377709938,-0.137770994,11.0,-0.23862112,0.2217565898,-3.166128388,0.8118068362,14.233969679,0.0624630091,-0.115562275,0.0056911853,0.0215369799,-0.22658868,0.0202332413999999,-0.032471103,0.0,1.5768442204,0.1623985982,0.0,0.0,0.0,0.2548907028,0.0268403532,0.3730937058,0.1865191973,0.1687910178999999,0.0914100566,0.1481481481,0.2058697844999999,0.0706470374,0.2039950402,6950.506252699999,0.2895432826,0.0015452532999999,-0.15089772,0.1821559371,0.1281260017,-0.024416509,0.2989842457,0.0521043706,0.1625263122,0.0253167283,0.0438046627,-1.3272051809999998,6.0,1.0872090644,0.0,0.0004492673,0.0010945882,0.558769589,0.135287347,8.1766036685,12.497085578,33.707152593,0.0,0.0,0.2415752478,0.0,0.4104441395,0.5640136208,0.6411895247,-0.209418632,0.2170809773,,-0.021751938,-0.006878522,1.0,0.0278091822,0.0084911886,0.0355357091,0.0209719324,0.0479512536,0.0602904659,7.0,0.023223554,8.524419e-11,0.055858288,0.019450717,0.3970634503,4.2463859194,1.3041614e-08,58.0,7.002895224
2004-04-30,15057187.315,0.7954967113,0.6328150177,0.1969181725,17.079686023,0.0416924878,0.5975312872,0.0125667751,0.2986111963,0.4518633924,0.2140206295,0.0219312067,1.7787636883000002,0.1302411835,-0.130241184,12.0,-0.190606332,0.268223017,-3.155572673,0.8342606046,24.607702044,0.0525131575,-0.078843071,0.0138729799,0.0140741676,-0.128054545,0.0317651710999999,0.0128183502,0.0,1.5180293181,0.1717139552,0.0,0.0,0.0,0.2060588265,0.0236670945,0.3788809527,-0.070098773,0.1687958264,0.086987884,0.1935483871,0.1894239023,0.0570910688,0.143475158,9782.2260542,0.2950042635,0.0016130341,-0.990531028,-0.03729912,0.0573610682,0.0186622191,-0.121946137,-0.063935664,0.0662243517,-0.088742376,-0.0490639999999999,-1.218825695,7.0,0.9546281191,0.0,0.0004762594,0.0013249835999999,0.5649337581,0.1413178358,11.643982618,11.883928570999998,35.610250944,0.0,0.0,0.2391717859,0.0,0.3594455084,0.4983446291,0.7090896154,-0.209418632,0.2170809773,,-0.021751938,-0.006878522,1.0,0.0278091822,0.0084911886,0.0355357091,0.0209719324,0.0479512536,0.0602904659,7.0,0.0188043079,7.307925e-11,0.0230852384,0.0102233664,0.2230772580999999,1.8309642973,1.022077e-08,58.0,7.20880817
2004-05-28,15474669.112,0.7650586098000001,0.5853146764,-0.112463386,17.145373105,0.0412331935999999,0.6012567822,0.0277264137,0.198417675,0.6108038455,0.2149870685,0.071097667,1.7195725163999998,0.1302411835,-0.130241184,12.0,-0.190606332,0.268223017,-3.192250424,0.8342606046,24.607702044,0.0525131575,-0.078843071,0.0138729799,0.0140741676,-0.128054545,0.0317651710999999,0.0128183502,0.0,1.5180293181,0.1717139552,0.0,0.0,0.0,0.2060588265,0.0236670945,0.3788809527,-0.070098773,0.1687958264,0.086987884,0.1935483871,0.1894239023,0.0570910688,0.143475158,9782.2260542,0.2950042635,0.0016130341,-0.990531028,-0.03729912,0.0573610682,0.0186622191,-0.121946137,-0.063935664,0.0662243517,-0.088742376,-0.0490639999999999,-1.218825695,7.0,0.9546281191,0.0,0.0004762594,0.0013249835999999,0.5649337581,0.1413178358,11.643982618,11.883928570999998,35.610250944,0.0,0.0,0.2391717859,0.0,0.3594455084,0.4983446291,0.7090896154,0.5873665429,0.1282210872,0.0222912712,0.0084029686,0.003063729,2.0,0.0265463447,0.0084719497,0.0349703235,0.0190341487,0.0479129196,0.0605726951,7.0,0.0212996731,8.154990999999999e-11,0.0491539575,0.0152909904,0.2389429098999999,1.9659457501,1.3613297e-08,58.0,7.539010911
2004-06-30,16098792.595,0.7636401153,0.5831462257,-0.041967473,16.980222602999998,0.0393286381,0.4869544508,0.0431654789,0.209822831,0.5776245609,0.2638319414,0.2320744569999999,1.6207676780000002,0.1302411835,-0.130241184,12.0,-0.190606332,0.268223017,-3.192697939,0.8342606046,24.607702044,0.0525131575,-0.078843071,0.0138729799,0.0140741676,-0.128054545,0.0317651710999999,0.0128183502,0.0,1.5180293181,0.1717139552,0.0,0.0,0.0,0.2060588265,0.0236670945,0.3788809527,-0.070098773,0.1687958264,0.086987884,0.1935483871,0.1894239023,0.0570910688,0.143475158,9782.2260542,0.2950042635,0.0016130341,-0.990531028,-0.03729912,0.0573610682,0.0186622191,-0.121946137,-0.063935664,0.0662243517,-0.088742376,-0.0490639999999999,-1.218825695,7.0,0.9546281191,0.0,0.0004762594,0.0013249835999999,0.5649337581,0.1413178358,11.643982618,11.883928570999998,35.610250944,0.0,0.0,0.2391717859,0.0,0.3594455084,0.4983446291,0.7090896154,0.5873665429,0.1282210872,0.0222912712,0.0084029686,0.003063729,2.0,0.0265463447,0.0084719497,0.0349703235,0.0190341487,0.0479129196,0.0605726951,7.0,0.0201990805,7.555813e-11,0.0247735828,0.0125155433,0.2926978554,2.070415767,1.4791451999999998e-08,58.0,8.065851241
2004-07-30,17285840.497,0.8182844801000001,0.6695894904,-0.039192892,16.985672105,0.0383565665,0.377997443,0.0711823478,0.2243666718,0.6537678065,0.0673912767,0.0385554454,1.5257493075,0.1302411835,-0.130241184,12.0,-0.190606332,0.1619152521,-4.518122568,0.8342606046,24.607702044,0.0525131575,-0.078843071,0.0138729799,0.0140741676,-0.128054545,0.0317651710999999,0.0128183502,0.0,1.5180293181,0.1717139552,0.0,0.0,0.0,0.2060588265,0.0236670945,0.3788809527,-0.070098773,0.1687958264,0.086987884,0.1935483871,0.1894239023,0.0570910688,0.143475158,9782.2260542,0.2950042635,0.0016130341,-0.990531028,-0.03729912,0.0573610682,0.0186622191,-0.121946137,-0.063935664,0.0662243517,-0.088742376,-0.0490639999999999,-1.218825695,7.0,0.9546281191,0.0,0.0004762594,0.0013249835999999,0.5649337581,0.1413178358,11.643982618,11.883928570999998,35.610250944,0.0,0.0,0.2391717859,0.0,0.3594455084,0.4983446291,0.7090896154,0.4663688467,0.2161249479,0.0088217602,-0.029078835,0.0335504394,3.0,0.0403462447,0.0092937535,0.0528878083,0.0211611065,0.0570350025,0.0713102216,7.0,0.0201265256,6.552175e-11,0.0232108085999999,0.0104134887,0.2295611291,1.7690343613,1.3237799e-08,58.0,8.711416151
2004-08-31,18676974.997,0.7714382973999999,0.5951170467,-0.056024512,17.116984639000002,0.0382663356,0.3196207872,0.0804782659,0.187926824,0.5912916851,0.5149666735,0.084983789,1.6658179589,0.1302411835,-0.130241184,12.0,-0.190606332,0.1619152521,-4.585341875,0.8342606046,24.607702044,0.0525131575,-0.078843071,0.0138729799,0.0140741676,-0.128054545,0.0317651710999999,0.0128183502,0.0,1.5180293181,0.1717139552,0.0,0.0,0.0,0.2060588265,0.0236670945,0.3788809527,-0.070098773,0.1687958264,0.086987884,0.1935483871,0.1894239023,0.0570910688,0.143475158,9782.2260542,0.2950042635,0.0016130341,-0.990531028,-0.03729912,0.0573610682,0.0186622191,-0.121946137,-0.063935664,0.0662243517,-0.088742376,-0.0490639999999999,-1.218825695,7.0,0.9546281191,0.0,0.0004762594,0.0013249835999999,0.5649337581,0.1413178358,11.643982618,11.883928570999998,35.610250944,0.0,0.0,0.2391717859,0.0,0.3594455084,0.4983446291,0.7090896154,0.4663688467,0.2161249479,0.0088217602,-0.029078835,0.0335504394,3.0,0.0403462447,0.0092937535,0.0528878083,0.0211611065,0.0570350025,0.0713102216,7.0,0.0225023977999999,6.655720999999999e-11,0.0464504584999999,0.0160790067,0.2654712042,2.3784651185,1.0677774e-08,58.0,8.021329523
2004-09-30,17186473.747,0.757262746,0.5734468665,-0.16121562,17.411191663,0.0376056799,0.2943719721,-0.079804212,0.2564171063,0.65516036,0.6828688859,-0.454536328,1.8681324487,0.1302411835,-0.130241184,12.0,-0.190606332,0.1619152521,-4.673684094,0.8342606046,24.607702044,0.0525131575,-0.078843071,0.0138729799,0.0140741676,-0.128054545,0.0317651710999999,0.0128183502,0.0,1.5180293181,0.1717139552,0.0,0.0,0.0,0.2060588265,0.0236670945,0.3788809527,-0.070098773,0.1687958264,0.086987884,0.1935483871,0.1894239023,0.0570910688,0.143475158,9782.2260542,0.2950042635,0.0016130341,-0.990531028,-0.03729912,0.0573610682,0.0186622191,-0.121946137,-0.063935664,0.0662243517,-0.088742376,-0.0490639999999999,-1.218825695,7.0,0.9546281191,0.0,0.0004762594,0.0013249835999999,0.5649337581,0.1413178358,11.643982618,11.883928570999998,35.610250944,0.0,0.0,0.2391717859,0.0,0.3594455084,0.4983446291,0.7090896154,0.4663688467,0.2161249479,0.0088217602,-0.029078835,0.0335504394,3.0,0.0403462447,0.0092937535,0.0528878083,0.0211611065,0.0570350025,0.0713102216,7.0,0.0218069631999999,7.844445e-11,0.0254777707,0.0194574358,0.3896058299,6.1563692944,9.5492346e-09,58.0,8.433155414
2004-10-29,18068849.456,0.6696856712,0.4484788982,-0.114508045,17.393203492,0.035998208,0.235824806,0.0513412878,0.1418009734,0.5013889831,0.9277108524,0.2024942466,1.8191991733,0.1302411835,-0.130241184,12.0,-0.190606332,0.1619152521,-4.677190387,0.8342606046,24.607702044,0.0525131575,-0.078843071,0.0138729799,0.0140741676,-0.128054545,0.0317651710999999,0.0128183502,0.0,1.5180293181,0.1717139552,0.0,0.0,0.0,0.2060588265,0.0236670945,0.3788809527,-0.070098773,0.1687958264,0.086987884,0.1935483871,0.1894239023,0.0570910688,0.143475158,9782.2260542,0.2950042635,0.0016130341,-0.990531028,-0.03729912,0.0573610682,0.0186622191,-0.121946137,-0.063935664,0.0662243517,-0.088742376,-0.0490639999999999,-1.218825695,7.0,0.9546281191,0.0,0.0004762594,0.0013249835999999,0.5649337581,0.1413178358,11.643982618,11.883928570999998,35.610250944,0.0,0.0,0.2391717859,0.0,0.3594455084,0.4983446291,0.7090896154,0.1499768108,0.2124377555,0.0057238405,-0.023726847,0.0265758373,0.0,0.0256365008,0.0090420449,0.0351156075,0.0190514992,0.0616373130999999,0.0745078835,7.0,0.0173959892999999,7.047245e-11,0.0270645842,0.0115437907,0.302983628,2.5462657451,1.4638726e-08,58.0,9.809618528
2004-11-30,21014829.704,0.6502966612,0.4228857476,0.1270390758,17.062583036,0.0351432071,0.186104896,0.1632204652,0.1680370279,0.4386075483,0.8457943273,0.232602825,1.7805801093,0.1302411835,-0.130241184,12.0,-0.190606332,0.1619152521,-4.801065764,0.8342606046,24.607702044,0.0525131575,-0.078843071,0.0138729799,0.0140741676,-0.128054545,0.0317651710999999,0.0128183502,0.0,1.5180293181,0.1717139552,0.0,0.0,0.0,0.2060588265,0.0236670945,0.3788809527,-0.070098773,0.1687958264,0.086987884,0.1935483871,0.1894239023,0.0570910688,0.143475158,9782.2260542,0.2950042635,0.0016130341,-0.990531028,-0.03729912,0.0573610682,0.0186622191,-0.121946137,-0.063935664,0.0662243517,-0.088742376,-0.0490639999999999,-1.218825695,7.0,0.9546281191,0.0,0.0004762594,0.0013249835999999,0.5649337581,0.1413178358,11.643982618,11.883928570999998,35.610250944,0.0,0.0,0.2391717859,0.0,0.3594455084,0.4983446291,0.7090896154,0.1499768108,0.2124377555,0.0057238405,-0.023726847,0.0265758373,0.0,0.0256365008,0.0090420449,0.0351156075,0.0190514992,0.0616373130999999,0.0745078835,7.0,0.0244364054999999,7.435681e-11,0.0387154035,0.0147600615,0.3588143283,3.0469111338,1.1190703000000002e-08,58.0,10.43663272
2004-12-31,22467430.33,0.6893082442,0.4751458556,0.1236688882,17.482210386,0.0349239683,0.1690623480999999,0.0639182553,0.3024631302,0.6437676189,0.8154627251000001,0.1500862659,1.5989697248,0.1302411835,-0.130241184,12.0,-0.190606332,0.1619152521,-4.803165169,0.8342606046,24.607702044,0.0525131575,-0.078843071,0.0138729799,0.0140741676,-0.128054545,0.0317651710999999,0.0128183502,0.0,1.5180293181,0.1717139552,0.0,0.0,0.0,0.2060588265,0.0236670945,0.3788809527,-0.070098773,0.1687958264,0.086987884,0.1935483871,0.1894239023,0.0570910688,0.143475158,9782.2260542,0.2950042635,0.0016130341,-0.990531028,-0.03729912,0.0573610682,0.0186622191,-0.121946137,-0.063935664,0.0662243517,-0.088742376,-0.0490639999999999,-1.218825695,7.0,0.9546281191,0.0,0.0004762594,0.0013249835999999,0.5649337581,0.1413178358,11.643982618,11.883928570999998,35.610250944,0.0,0.0,0.2391717859,0.0,0.3594455084,0.4983446291,0.7090896154,0.1499768108,0.2124377555,0.0057238405,-0.023726847,0.0265758373,0.0,0.0256365008,0.0090420449,0.0351156075,0.0190514992,0.0616373130999999,0.0745078835,7.0,0.0187570958,4.934673e-11,0.0231842529,0.009373827,0.456608607,3.7298234235,1.3236488000000002e-08,58.0,11.56822639
2005-01-31,25118920.046,0.6758443465999999,0.4567655809,0.1223728487,17.378240518,0.0339260397,0.2445701719,0.1084252149,0.2936306352,0.6966224069,0.7406824764,0.0815157432,1.6947538718,0.1302411835,-0.130241184,12.0,-0.190606332,0.1619152521,-4.802982466,0.8342606046,24.607702044,0.0525131575,-0.078843071,0.0138729799,0.0140741676,-0.128054545,0.0317651710999999,0.0128183502,0.0,1.5180293181,0.1717139552,0.0,0.0,0.0,0.2060588265,0.0236670945,0.3788809527,-0.070098773,0.1687958264,0.086987884,0.1935483871,0.1894239023,0.0570910688,0.143475158,9782.2260542,0.2950042635,0.0016130341,-0.990531028,-0.03729912,0.0573610682,0.0186622191,-0.121946137,-0.063935664,0.0662243517,-0.088742376,-0.0490639999999999,-1.218825695,7.0,0.9546281191,0.0,0.0004762594,0.0013249835999999,0.5649337581,0.1413178358,11.643982618,11.883928570999998,35.610250944,0.0,0.0,0.2391717859,0.0,0.3594455084,0.4983446291,0.7090896154,-0.229990957,0.223029738,,-1.6170999999999998e-05,0.0143663329,1.0,0.0314473028,0.0091285276,0.0413664044,0.0162766625,0.0632865298,0.0753774436,7.0,0.0190111296,6.25418e-11,0.0369742252,0.0149696079,0.3311491923,2.9778229691000004,1.1627286e-08,58.0,10.01738655
2005-02-28,21751470.0,0.6330773902,0.400786982,-0.134348478,17.564840579000002,0.0338335659,0.2375031283999999,-0.134060308,0.327090845,0.7033597375,0.5401766943,0.1433088433,2.0685515351,0.1302411835,-0.130241184,12.0,-0.190606332,0.1619152521,-4.803829904,0.8342606046,24.607702044,0.0525131575,-0.078843071,0.0138729799,0.0140741676,-0.128054545,0.0317651710999999,0.0128183502,0.0,1.5180293181,0.1717139552,0.0,0.0,0.0,0.2060588265,0.0236670945,0.3788809527,-0.070098773,0.1687958264,0.086987884,0.1935483871,0.1894239023,0.0570910688,0.143475158,9782.2260542,0.2950042635,0.0016130341,-0.990531028,-0.03729912,0.0573610682,0.0186622191,-0.121946137,-0.063935664,0.0662243517,-0.088742376,-0.0490639999999999,-1.218825695,7.0,0.9546281191,0.0,0.0004762594,0.0013249835999999,0.5649337581,0.1413178358,11.643982618,11.883928570999998,35.610250944,0.0,0.0,0.2391717859,0.0,0.3594455084,0.4983446291,0.7090896154,-0.229990957,0.223029738,,-1.6170999999999998e-05,0.0143663329,1.0,0.0314473028,0.0091285276,0.0413664044,0.0162766625,0.0632865298,0.0753774436,7.0,0.03224136,4.946548e-11,0.0309553760999999,0.0201303649,0.3271366538,5.9106940041,7.5528695e-09,58.0,9.611125869
2005-03-31,20661310.448,0.6435015521999999,0.4140942475999999,0.0420463744,17.76050486,0.0339774863,0.1901644031,-0.040555529,0.2488436177,0.4438502107,0.6253803213,0.1028878653999999,2.2062078468,0.1302411835,-0.130241184,12.0,-0.190606332,0.1619152521,-5.014869633,0.8342606046,24.607702044,0.0525131575,-0.078843071,0.0138729799,0.0140741676,-0.128054545,0.0317651710999999,0.0128183502,0.0,1.5180293181,0.1717139552,0.0,0.0,0.0,0.2060588265,0.0236670945,0.3788809527,-0.070098773,0.1687958264,0.086987884,0.1935483871,0.1894239023,0.0570910688,0.143475158,9782.2260542,0.2950042635,0.0016130341,-0.990531028,-0.03729912,0.0573610682,0.0186622191,-0.121946137,-0.063935664,0.0662243517,-0.088742376,-0.0490639999999999,-1.218825695,7.0,0.9546281191,0.0,0.0004762594,0.0013249835999999,0.5649337581,0.1413178358,11.643982618,11.883928570999998,35.610250944,0.0,0.0,0.2391717859,0.0,0.3594455084,0.4983446291,0.7090896154,-0.229990957,0.223029738,,-1.6170999999999998e-05,0.0143663329,1.0,0.0314473028,0.0091285276,0.0413664044,0.0162766625,0.0632865298,0.0753774436,7.0,0.0217070554,5.355841e-11,0.0250500999,0.0224338683999999,0.4074373723,7.6566061792,1.1592938e-08,58.0,9.583299795
2005-04-29,20645092.379,0.6284289777000001,0.39492298,-0.064038848,17.536186892,0.0341603663,0.1550236928,-0.0028952229999999,0.1396832957,0.3681014776,0.6372676331,0.0174387445,2.2228499623,0.1529266405,-0.15292664,13.0,-0.242074537,0.1910238803,-4.827240814,0.8694291366,22.479241113,0.0475220498,-0.0859335359999999,0.0464514857,0.0094312065,0.2552968606,0.0260507093,-0.000887786,0.0,1.8102227243,0.186398748,0.0,0.0,0.0,0.1881415291,0.0216183627,0.4179843106,0.0987098974,0.1153441322,0.0831668713,0.3067567568,0.1914789874,0.0507210288,0.4155771729,16051.828838999998,0.3352171565,0.0016515475,-0.054579233,0.1924820573,0.0855189245,0.0144505279,0.3029649457,0.0665804523,0.0737976512,0.0547376241,0.0540226295,-1.198226132,8.0,1.2438469754,0.0,0.0003597902999999,0.0012277478,0.5811535118,0.1726802796,8.1074640625,12.525929641,37.755102477,0.0,0.0,0.2990353138,0.0,0.2930490704,0.5351567979999999,0.5357791646,-0.229990957,0.223029738,,-1.6170999999999998e-05,0.0143663329,1.0,0.0314473028,0.0091285276,0.0413664044,0.0162766625,0.0632865298,0.0753774436,7.0,0.0220253396,5.5761919999999993e-11,0.0158611387,0.0114168831,0.2596865662,2.2083853027,1.1521171000000001e-08,58.0,9.186314477
2005-05-31,19704008.182,0.6333610507,0.4011462205,-0.422224676,17.388836415,0.0334131011,0.1536154294,-0.041424688,-0.023071127,0.3273381904,0.7055214184999999,-0.2005185739999999,2.1931771634,0.1529266405,-0.15292664,13.0,-0.242074537,0.1910238803,-4.827920209,0.8694291366,22.479241113,0.0475220498,-0.0859335359999999,0.0464514857,0.0094312065,0.2552968606,0.0260507093,-0.000887786,0.0,1.8102227243,0.186398748,0.0,0.0,0.0,0.1881415291,0.0216183627,0.4179843106,0.0987098974,0.1153441322,0.0831668713,0.3067567568,0.1914789874,0.0507210288,0.4155771729,16051.828838999998,0.3352171565,0.0016515475,-0.054579233,0.1924820573,0.0855189245,0.0144505279,0.3029649457,0.0665804523,0.0737976512,0.0547376241,0.0540226295,-1.198226132,8.0,1.2438469754,0.0,0.0003597902999999,0.0012277478,0.5811535118,0.1726802796,8.1074640625,12.525929641,37.755102477,0.0,0.0,0.2990353138,0.0,0.2930490704,0.5351567979999999,0.5357791646,0.534969871,0.1925968898999999,-0.0109819739999999,0.1164852768999999,0.0190432386,2.0,0.0318218697,0.0061197276,0.0418875805,0.020606743,0.0619709244,0.0691573575,7.0,0.0271437327999999,7.088686e-11,0.0463262573,0.0214002812,0.4188398164,5.4720545623,7.6909447e-09,58.0,10.15651691
2005-06-30,21356539.667,0.5582645200999999,0.3116592744,-0.411842946,17.792843451,0.0333088233,0.1286473196,0.1064216569,-0.1198008919999999,0.2197044916,0.6721580548,0.1275533708,2.0807453947,0.1529266405,-0.15292664,13.0,-0.242074537,0.1910238803,-4.827140324,0.8694291366,22.479241113,0.0475220498,-0.0859335359999999,0.0464514857,0.0094312065,0.2552968606,0.0260507093,-0.000887786,0.0,1.8102227243,0.186398748,0.0,0.0,0.0,0.1881415291,0.0216183627,0.4179843106,0.0987098974,0.1153441322,0.0831668713,0.3067567568,0.1914789874,0.0507210288,0.4155771729,16051.828838999998,0.3352171565,0.0016515475,-0.054579233,0.1924820573,0.0855189245,0.0144505279,0.3029649457,0.0665804523,0.0737976512,0.0547376241,0.0540226295,-1.198226132,8.0,1.2438469754,0.0,0.0003597902999999,0.0012277478,0.5811535118,0.1726802796,8.1074640625,12.525929641,37.755102477,0.0,0.0,0.2990353138,0.0,0.2930490704,0.5351567979999999,0.5357791646,0.534969871,0.1925968898999999,-0.0109819739999999,0.1164852768999999,0.0190432386,2.0,0.0318218697,0.0061197276,0.0418875805,0.020606743,0.0619709244,0.0691573575,7.0,0.016176705,4.555907e-11,0.0322070941,0.0104583089,0.2782594932,2.5912344522,1.228753e-08,58.0,9.583299795
2005-07-29,20136499.681,0.5890231101,0.3469482242,-0.6054771760000001,17.411833184000002,0.0326777481,0.2068614933999999,-0.05712723,-0.121391915,0.25982982,0.7501006539,-0.531476394,1.9933733976,0.1529266405,-0.15292664,13.0,-0.242074537,0.0993668516,-3.09654429,0.8694291366,22.479241113,0.0475220498,-0.0859335359999999,0.0464514857,0.0094312065,0.2552968606,0.0260507093,-0.000887786,0.0,1.8102227243,0.186398748,0.0,0.0,0.0,0.1881415291,0.0216183627,0.4179843106,0.0987098974,0.1153441322,0.0831668713,0.3067567568,0.1914789874,0.0507210288,0.4155771729,16051.828838999998,0.3352171565,0.0016515475,-0.054579233,0.1924820573,0.0855189245,0.0144505279,0.3029649457,0.0665804523,0.0737976512,0.0547376241,0.0540226295,-1.198226132,8.0,1.2438469754,0.0,0.0003597902999999,0.0012277478,0.5811535118,0.1726802796,8.1074640625,12.525929641,37.755102477,0.0,0.0,0.2990353138,0.0,0.2930490704,0.5351567979999999,0.5357791646,0.9575693985,0.2561420208,0.0064571418999999,0.0263283265,-0.015257712,3.0,0.0426697984999999,0.0070078992,0.0584726163999999,0.0122757268999999,0.0617315664,0.0703049853,7.0,0.0198939504,6.224828000000001e-11,0.0211701747,0.0103917363,0.3352798347,2.5049706117,1.322454e-08,58.0,9.748401166
2005-08-31,20470379.253,0.4706833447,0.221542811,-0.1760324989999999,17.226004557,0.0320623231,0.2554246503,0.0172280185,-0.0433333329999999,0.0993828101999999,1.3937852036000002,0.2362014287,1.6845628326,0.1529266405,-0.15292664,13.0,-0.242074537,0.0993668516,-2.195979756,0.8694291366,22.479241113,0.0475220498,-0.0859335359999999,0.0464514857,0.0094312065,0.2552968606,0.0260507093,-0.000887786,0.0,1.8102227243,0.186398748,0.0,0.0,0.0,0.1881415291,0.0216183627,0.4179843106,0.0987098974,0.1153441322,0.0831668713,0.3067567568,0.1914789874,0.0507210288,0.4155771729,16051.828838999998,0.3352171565,0.0016515475,-0.054579233,0.1924820573,0.0855189245,0.0144505279,0.3029649457,0.0665804523,0.0737976512,0.0547376241,0.0540226295,-1.198226132,8.0,1.2438469754,0.0,0.0003597902999999,0.0012277478,0.5811535118,0.1726802796,8.1074640625,12.525929641,37.755102477,0.0,0.0,0.2990353138,0.0,0.2930490704,0.5351567979999999,0.5357791646,0.9575693985,0.2561420208,0.0064571418999999,0.0263283265,-0.015257712,3.0,0.0426697984999999,0.0070078992,0.0584726163999999,0.0122757268999999,0.0617315664,0.0703049853,7.0,0.0193136831,6.528935e-11,0.0462761037,0.0168004827,0.430305607,6.1368432139,1.2347085e-08,58.0,9.097271041
2005-09-30,18839041.581,0.4398518235999999,0.1934696267,-0.251853743,17.406413388,0.0318901749,0.3773204749,-0.066983834,0.014282919,0.2153098417,1.1512438163,0.3351773794,1.5928699932,0.1529266405,-0.15292664,13.0,-0.242074537,0.0993668516,-2.221594283,0.8694291366,22.479241113,0.0475220498,-0.0859335359999999,0.0464514857,0.0094312065,0.2552968606,0.0260507093,-0.000887786,0.0,1.8102227243,0.186398748,0.0,0.0,0.0,0.1881415291,0.0216183627,0.4179843106,0.0987098974,0.1153441322,0.0831668713,0.3067567568,0.1914789874,0.0507210288,0.4155771729,16051.828838999998,0.3352171565,0.0016515475,-0.054579233,0.1924820573,0.0855189245,0.0144505279,0.3029649457,0.0665804523,0.0737976512,0.0547376241,0.0540226295,-1.198226132,8.0,1.2438469754,0.0,0.0003597902999999,0.0012277478,0.5811535118,0.1726802796,8.1074640625,12.525929641,37.755102477,0.0,0.0,0.2990353138,0.0,0.2930490704,0.5351567979999999,0.5357791646,0.9575693985,0.2561420208,0.0064571418999999,0.0263283265,-0.015257712,3.0,0.0426697984999999,0.0070078992,0.0584726163999999,0.0122757268999999,0.0617315664,0.0703049853,7.0,0.0163425398,6.792416e-11,0.0196613222,0.0101799587,0.3263495834,2.0428295703,1.3150296000000002e-08,58.0,9.293908628
2005-10-31,19224421.514,0.4987875893999999,0.2487890594,-0.166581126,17.123416902,0.0312543744,0.2853624147,0.0218233671,-0.050909811,0.0785305801999999,1.2025193908,0.32062615,0.8336497512000001,0.1529266405,-0.15292664,13.0,-0.242074537,0.0993668516,-2.250009851,0.8694291366,22.479241113,0.0475220498,-0.0859335359999999,0.0464514857,0.0094312065,0.2552968606,0.0260507093,-0.000887786,0.0,1.8102227243,0.186398748,0.0,0.0,0.0,0.1881415291,0.0216183627,0.4179843106,0.0987098974,0.1153441322,0.0831668713,0.3067567568,0.1914789874,0.0507210288,0.4155771729,16051.828838999998,0.3352171565,0.0016515475,-0.054579233,0.1924820573,0.0855189245,0.0144505279,0.3029649457,0.0665804523,0.0737976512,0.0547376241,0.0540226295,-1.198226132,8.0,1.2438469754,0.0,0.0003597902999999,0.0012277478,0.5811535118,0.1726802796,8.1074640625,12.525929641,37.755102477,0.0,0.0,0.2990353138,0.0,0.2930490704,0.5351567979999999,0.5357791646,0.1200720891,0.194427678,0.003964266,-0.034394496,0.0243324683999999,0.0,0.0262998339999999,0.0066347069,0.0358644035,0.0135072273,0.0626108066,0.0712433178,7.0,0.0185331543,5.786327e-11,0.0351404175,0.0127283561,0.2947082086,2.4258437279,1.1914108e-08,58.0,10.49228487
2005-11-30,21703345.127,0.5363269502,0.2876465975,0.205704903,17.331784566,0.0308883197,0.2440599363,0.1289421767,0.0117124027,-0.052571905,1.2181208301000002,0.289490717,0.9186712396,0.1529266405,-0.15292664,13.0,-0.242074537,0.0993668516,-2.250009851,0.8694291366,22.479241113,0.0475220498,-0.0859335359999999,0.0464514857,0.0094312065,0.2552968606,0.0260507093,-0.000887786,0.0,1.8102227243,0.186398748,0.0,0.0,0.0,0.1881415291,0.0216183627,0.4179843106,0.0987098974,0.1153441322,0.0831668713,0.3067567568,0.1914789874,0.0507210288,0.4155771729,16051.828838999998,0.3352171565,0.0016515475,-0.054579233,0.1924820573,0.0855189245,0.0144505279,0.3029649457,0.0665804523,0.0737976512,0.0547376241,0.0540226295,-1.198226132,8.0,1.2438469754,0.0,0.0003597902999999,0.0012277478,0.5811535118,0.1726802796,8.1074640625,12.525929641,37.755102477,0.0,0.0,0.2990353138,0.0,0.2930490704,0.5351567979999999,0.5357791646,0.1200720891,0.194427678,0.003964266,-0.034394496,0.0243324683999999,0.0,0.0262998339999999,0.0066347069,0.0358644035,0.0135072273,0.0626108066,0.0712433178,7.0,0.0230313344,8.134557e-11,0.042981077,0.0196125922,0.3444475062,3.5659359139,1.1305086000000002e-08,58.0,11.29738594
2005-12-30,23234781.732,0.5499923553,0.3024915909,0.1376453548,17.02272275,0.0310856502999999,0.1597222732,0.0767326728,0.032305175,0.0053324399,1.5878564273,0.1388402966,1.1841647058,0.1529266405,-0.15292664,13.0,-0.242074537,0.0993668516,-2.2528864090000003,0.8694291366,22.479241113,0.0475220498,-0.0859335359999999,0.0464514857,0.0094312065,0.2552968606,0.0260507093,-0.000887786,0.0,1.8102227243,0.186398748,0.0,0.0,0.0,0.1881415291,0.0216183627,0.4179843106,0.0987098974,0.1153441322,0.0831668713,0.3067567568,0.1914789874,0.0507210288,0.4155771729,16051.828838999998,0.3352171565,0.0016515475,-0.054579233,0.1924820573,0.0855189245,0.0144505279,0.3029649457,0.0665804523,0.0737976512,0.0547376241,0.0540226295,-1.198226132,8.0,1.2438469754,0.0,0.0003597902999999,0.0012277478,0.5811535118,0.1726802796,8.1074640625,12.525929641,37.755102477,0.0,0.0,0.2990353138,0.0,0.2930490704,0.5351567979999999,0.5357791646,0.1200720891,0.194427678,0.003964266,-0.034394496,0.0243324683999999,0.0,0.0262998339999999,0.0066347069,0.0358644035,0.0135072273,0.0626108066,0.0712433178,7.0,0.0219187717,6.95123e-11,0.0316004193999999,0.0163711287,0.38335947,2.4441921164,1.3477156e-08,58.0,11.13413964
2006-01-31,23020821.226,0.560074561,0.3136835138,0.3334117043,17.396719414,0.0291915094,0.1314731737,-0.014449935,0.1788618203,-0.023412432,2.0598627606,0.379807933,1.2902766462000002,0.1529266405,-0.15292664,13.0,-0.242074537,0.0993668516,-2.253440108,0.8694291366,22.479241113,0.0475220498,-0.0859335359999999,0.0464514857,0.0094312065,0.2552968606,0.0260507093,-0.000887786,0.0,1.8102227243,0.186398748,0.0,0.0,0.0,0.1881415291,0.0216183627,0.4179843106,0.0987098974,0.1153441322,0.0831668713,0.3067567568,0.1914789874,0.0507210288,0.4155771729,16051.828838999998,0.3352171565,0.0016515475,-0.054579233,0.1924820573,0.0855189245,0.0144505279,0.3029649457,0.0665804523,0.0737976512,0.0547376241,0.0540226295,-1.198226132,8.0,1.2438469754,0.0,0.0003597902999999,0.0012277478,0.5811535118,0.1726802796,8.1074640625,12.525929641,37.755102477,0.0,0.0,0.2990353138,0.0,0.2930490704,0.5351567979999999,0.5357791646,1.4421318856,0.1047304657,0.005365519,-0.044961219,0.0442929537,1.0,0.0348316612,0.0067467386,0.0481948205,0.0140683954,0.0623344945,0.0708421795,7.0,0.0214881372,7.58848e-11,0.0253693293999999,0.0131294531,0.3988985355,2.3920201014,1.7413543000000003e-08,58.0,11.76115383
2006-02-28,24317229.085,0.6429641567000001,0.4134029067,0.2333219351,17.12933397,0.0290881583999999,0.1272551149,0.0563145801,0.1421503557,0.1114814924,1.3767606185,0.0692104506,1.2847971648,0.1529266405,-0.15292664,13.0,-0.242074537,0.0993668516,-2.253482335,0.8694291366,22.479241113,0.0475220498,-0.0859335359999999,0.0464514857,0.0094312065,0.2552968606,0.0260507093,-0.000887786,0.0,1.8102227243,0.186398748,0.0,0.0,0.0,0.1881415291,0.0216183627,0.4179843106,0.0987098974,0.1153441322,0.0831668713,0.3067567568,0.1914789874,0.0507210288,0.4155771729,16051.828838999998,0.3352171565,0.0016515475,-0.054579233,0.1924820573,0.0855189245,0.0144505279,0.3029649457,0.0665804523,0.0737976512,0.0547376241,0.0540226295,-1.198226132,8.0,1.2438469754,0.0,0.0003597902999999,0.0012277478,0.5811535118,0.1726802796,8.1074640625,12.525929641,37.755102477,0.0,0.0,0.2990353138,0.0,0.2930490704,0.5351567979999999,0.5357791646,1.4421318856,0.1047304657,0.005365519,-0.044961219,0.0442929537,1.0,0.0348316612,0.0067467386,0.0481948205,0.0140683954,0.0623344945,0.0708421795,7.0,0.0213128493,7.885026999999999e-11,0.0372199975,0.0159787791999999,0.2286926805999999,1.3723558225,1.9817946e-08,58.0,13.47523998
2006-03-31,27725307.607,0.6638637459000001,0.4407150731,0.5351995691,17.105452675,0.0288343262999999,0.1613151049,0.1457412839,0.2930859264,0.2237019878,1.2093816378,-0.029699291,1.3071220738,0.1529266405,-0.15292664,13.0,-0.242074537,0.0993668516,-2.222742059,0.8694291366,22.479241113,0.0475220498,-0.0859335359999999,0.0464514857,0.0094312065,0.2552968606,0.0260507093,-0.000887786,0.0,1.8102227243,0.186398748,0.0,0.0,0.0,0.1881415291,0.0216183627,0.4179843106,0.0987098974,0.1153441322,0.0831668713,0.3067567568,0.1914789874,0.0507210288,0.4155771729,16051.828838999998,0.3352171565,0.0016515475,-0.054579233,0.1924820573,0.0855189245,0.0144505279,0.3029649457,0.0665804523,0.0737976512,0.0547376241,0.0540226295,-1.198226132,8.0,1.2438469754,0.0,0.0003597902999999,0.0012277478,0.5811535118,0.1726802796,8.1074640625,12.525929641,37.755102477,0.0,0.0,0.2990353138,0.0,0.2930490704,0.5351567979999999,0.5357791646,1.4421318856,0.1047304657,0.005365519,-0.044961219,0.0442929537,1.0,0.0348316612,0.0067467386,0.0481948205,0.0140683954,0.0623344945,0.0708421795,7.0,0.0248703298,6.772477e-11,0.0969388038,0.0257977194,0.3538450333,4.7413388963,1.4046453000000001e-08,58.0,13.96497887
2006-04-28,28947819.072,0.5948177286,0.3538081303,0.5323931582,17.634098719,0.0281650206,0.172131977,0.0360683203,0.4499002246,0.4061169092,1.0054347525,0.2119538549,1.4023944623,0.1243055910999999,-0.124305591,14.0,-0.0364298039999999,0.083229454,-2.273787127,0.7168540175,51.183011438,0.0480434728,-0.050296229,0.1315576673,-0.034435816,0.0527641345,0.0358125792,0.0055159992,0.0,0.985605495,0.1846718192999999,0.0,0.0,0.0,-0.155032418,0.0257207731999999,0.4132526659,0.8024669589,0.1779413271,0.0849739885,0.1892450879,0.2104488714,0.0734627024,0.5412329619,17156.935665,0.4987668811999999,0.0017740088,-0.051882501,-0.455533575,-0.009264701,0.0249534633,-0.565563453,-0.089456128,-0.157329051,0.0294746207,-0.069210808,-0.8678860270000001,6.0,0.5403725847999999,1.0,0.0005461802999999,0.0016485328,0.581426025,0.1908697334,20.744472961,11.658999925,33.388725218000005,0.3854389722,1.0,0.2030606052,0.0,0.3313129501,0.4916632299,0.6439622237,1.4421318856,0.1047304657,0.005365519,-0.044961219,0.0442929537,1.0,0.0348316612,0.0067467386,0.0481948205,0.0140683954,0.0623344945,0.0708421795,7.0,0.0236216889999999,5.764424e-11,0.0348273255,0.0134544004,0.2417727164,1.6403115352000002,1.278695e-08,58.0,13.82770358
2006-05-31,28670879.602,0.6522353238,0.4254109177,0.1757276805,17.57073836,0.0279045591999999,0.2908631066,-0.009566851,0.3306223483,0.5197900112,1.1063377244,0.0747102288,1.4660391683,0.1243055910999999,-0.124305591,14.0,-0.0364298039999999,0.083229454,-2.273402924,0.7168540175,51.183011438,0.0480434728,-0.050296229,0.1315576673,-0.034435816,0.0527641345,0.0358125792,0.0055159992,0.0,0.985605495,0.1846718192999999,0.0,0.0,0.0,-0.155032418,0.0257207731999999,0.4132526659,0.8024669589,0.1779413271,0.0849739885,0.1892450879,0.2104488714,0.0734627024,0.5412329619,17156.935665,0.4987668811999999,0.0017740088,-0.051882501,-0.455533575,-0.009264701,0.0249534633,-0.565563453,-0.089456128,-0.157329051,0.0294746207,-0.069210808,-0.8678860270000001,6.0,0.5403725847999999,1.0,0.0005461802999999,0.0016485328,0.581426025,0.1908697334,20.744472961,11.658999925,33.388725218000005,0.3854389722,1.0,0.2030606052,0.0,0.3313129501,0.4916632299,0.6439622237,0.171757801,0.087373455,0.0061293927,0.0225260787,0.0232345844,0.0,0.037176294,0.0069812614,0.0543628180999999,0.0107126237,0.0618268571999999,0.0699735961,7.0,0.020480979,4.917385e-11,0.0187532771,0.0114348547,0.3253905627,2.2970474136,1.7969311999999997e-08,58.0,13.22666038
2006-06-30,27361090.971,0.6809736241,0.4637250767,0.0592550666,17.419365038,0.0279020795,0.1924932173999999,-0.043466564,0.2239737086,0.3604672299,1.2209161215,0.0484467962,1.6512219913,0.1243055910999999,-0.124305591,14.0,-0.0364298039999999,0.083229454,-2.270066855,0.7168540175,51.183011438,0.0480434728,-0.050296229,0.1315576673,-0.034435816,0.0527641345,0.0358125792,0.0055159992,0.0,0.985605495,0.1846718192999999,0.0,0.0,0.0,-0.155032418,0.0257207731999999,0.4132526659,0.8024669589,0.1779413271,0.0849739885,0.1892450879,0.2104488714,0.0734627024,0.5412329619,17156.935665,0.4987668811999999,0.0017740088,-0.051882501,-0.455533575,-0.009264701,0.0249534633,-0.565563453,-0.089456128,-0.157329051,0.0294746207,-0.069210808,-0.8678860270000001,6.0,0.5403725847999999,1.0,0.0005461802999999,0.0016485328,0.581426025,0.1908697334,20.744472961,11.658999925,33.388725218000005,0.3854389722,1.0,0.2030606052,0.0,0.3313129501,0.4916632299,0.6439622237,0.171757801,0.087373455,0.0061293927,0.0225260787,0.0232345844,0.0,0.037176294,0.0069812614,0.0543628180999999,0.0107126237,0.0618268571999999,0.0699735961,7.0,0.0262422555,5.428869e-11,0.0385542847,0.0191724597,0.3341743289,3.2579515277,9.0674006e-09,58.0,14.00950059
2006-07-31,29013914.23,0.7779565048999999,0.6052163235,0.0964198419,17.910796205,0.0287382275,0.0855144971,0.0591864437,0.1879373953999999,0.380178148,1.1042770474,-0.110786494,1.7151324588,0.1243055910999999,-0.124305591,14.0,-0.0364298039999999,0.0908149184,-1.1441757609999998,0.7168540175,51.183011438,0.0480434728,-0.050296229,0.1315576673,-0.034435816,0.0527641345,0.0358125792,0.0055159992,0.0,0.985605495,0.1846718192999999,0.0,0.0,0.0,-0.155032418,0.0257207731999999,0.4132526659,0.8024669589,0.1779413271,0.0849739885,0.1892450879,0.2104488714,0.0734627024,0.5412329619,17156.935665,0.4987668811999999,0.0017740088,-0.051882501,-0.455533575,-0.009264701,0.0249534633,-0.565563453,-0.089456128,-0.157329051,0.0294746207,-0.069210808,-0.8678860270000001,6.0,0.5403725847999999,1.0,0.0005461802999999,0.0016485328,0.581426025,0.1908697334,20.744472961,11.658999925,33.388725218000005,0.3854389722,1.0,0.2030606052,0.0,0.3313129501,0.4916632299,0.6439622237,0.171757801,0.087373455,0.0061293927,0.0225260787,0.0232345844,0.0,0.037176294,0.0069812614,0.0543628180999999,0.0107126237,0.0618268571999999,0.0699735961,7.0,0.0237709118,6.169022e-11,0.0626924634,0.0187776506,0.2539963432,2.0351260840000003,1.1894606e-08,58.0,12.71095048
2006-08-31,26301544.358000003,0.7510578245999999,0.5640878559,-0.1266593869999999,17.696135737,0.0286387666,0.0010249079,-0.093485139,0.1911671095,0.4371074701,0.9227954458,-0.148836991,1.9937236603,0.1243055910999999,-0.124305591,14.0,-0.0364298039999999,0.0908149184,-1.14857349,0.7168540175,51.183011438,0.0480434728,-0.050296229,0.1315576673,-0.034435816,0.0527641345,0.0358125792,0.0055159992,0.0,0.985605495,0.1846718192999999,0.0,0.0,0.0,-0.155032418,0.0257207731999999,0.4132526659,0.8024669589,0.1779413271,0.0849739885,0.1892450879,0.2104488714,0.0734627024,0.5412329619,17156.935665,0.4987668811999999,0.0017740088,-0.051882501,-0.455533575,-0.009264701,0.0249534633,-0.565563453,-0.089456128,-0.157329051,0.0294746207,-0.069210808,-0.8678860270000001,6.0,0.5403725847999999,1.0,0.0005461802999999,0.0016485328,0.581426025,0.1908697334,20.744472961,11.658999925,33.388725218000005,0.3854389722,1.0,0.2030606052,0.0,0.3313129501,0.4916632299,0.6439622237,1.886177907,0.1450974739,0.0048263877,-0.023769973,0.0808790745,1.0,0.049559698,0.0083593563,0.0833029598,0.0149667989,0.0727818808,0.0820211441,7.0,0.0286198348,6.580496e-11,0.0272269360999999,0.0216747077999999,0.465295616,4.6685048076,1.0813829e-08,58.0,11.50515395
2006-09-29,23445637.843,0.7676729487,0.5893217561999999,-0.6277423529999999,17.789656938,0.0287679202,-0.027312099,-0.094069511,-0.057544053,0.3962880017,0.7270165578,0.0003877149,2.4259997686,0.1243055910999999,-0.124305591,14.0,-0.0364298039999999,0.0908149184,-1.14857349,0.7168540175,51.183011438,0.0480434728,-0.050296229,0.1315576673,-0.034435816,0.0527641345,0.0358125792,0.0055159992,0.0,0.985605495,0.1846718192999999,0.0,0.0,0.0,-0.155032418,0.0257207731999999,0.4132526659,0.8024669589,0.1779413271,0.0849739885,0.1892450879,0.2104488714,0.0734627024,0.5412329619,17156.935665,0.4987668811999999,0.0017740088,-0.051882501,-0.455533575,-0.009264701,0.0249534633,-0.565563453,-0.089456128,-0.157329051,0.0294746207,-0.069210808,-0.8678860270000001,6.0,0.5403725847999999,1.0,0.0005461802999999,0.0016485328,0.581426025,0.1908697334,20.744472961,11.658999925,33.388725218000005,0.3854389722,1.0,0.2030606052,0.0,0.3313129501,0.4916632299,0.6439622237,1.886177907,0.1450974739,0.0048263877,-0.023769973,0.0808790745,1.0,0.049559698,0.0083593563,0.0833029598,0.0149667989,0.0727818808,0.0820211441,7.0,0.0277044612,4.583158e-11,0.0212141499,0.0221439062,0.5584670694,13.978712669,5.4564756e-09,58.0,12.63303748
2006-10-31,25702914.324,0.8375746794,0.7015313434999999,-0.59733259,17.993738222,0.0299053741,0.0606387837,0.0980328618999999,-0.175923479,0.2379241982999999,0.7395833340000001,0.0214807066999999,2.5655955601,0.1243055910999999,-0.124305591,14.0,-0.0364298039999999,0.0908149184,-1.150389521,0.7168540175,51.183011438,0.0480434728,-0.050296229,0.1315576673,-0.034435816,0.0527641345,0.0358125792,0.0055159992,0.0,0.985605495,0.1846718192999999,0.0,0.0,0.0,-0.155032418,0.0257207731999999,0.4132526659,0.8024669589,0.1779413271,0.0849739885,0.1892450879,0.2104488714,0.0734627024,0.5412329619,17156.935665,0.4987668811999999,0.0017740088,-0.051882501,-0.455533575,-0.009264701,0.0249534633,-0.565563453,-0.089456128,-0.157329051,0.0294746207,-0.069210808,-0.8678860270000001,6.0,0.5403725847999999,1.0,0.0005461802999999,0.0016485328,0.581426025,0.1908697334,20.744472961,11.658999925,33.388725218000005,0.3854389722,1.0,0.2030606052,0.0,0.3313129501,0.4916632299,0.6439622237,1.886177907,0.1450974739,0.0048263877,-0.023769973,0.0808790745,1.0,0.049559698,0.0083593563,0.0833029598,0.0149667989,0.0727818808,0.0820211441,7.0,0.0249258814,4.317797e-11,0.0296912119,0.0146890049,0.2625197453,3.2810102679,1.0340563e-08,58.0,14.00579045
2006-11-30,28495889.5,0.8975053939000001,0.8055159320999999,-0.3050134989999999,17.812936614,0.0302166964,0.1126746596,0.1086637526999999,-0.086396592,0.2040310641,0.7898734516,-0.051696247,2.7001996844,0.1243055910999999,-0.124305591,14.0,-0.0364298039999999,0.0908149184,-1.150389521,0.7168540175,51.183011438,0.0480434728,-0.050296229,0.1315576673,-0.034435816,0.0527641345,0.0358125792,0.0055159992,0.0,0.985605495,0.1846718192999999,0.0,0.0,0.0,-0.155032418,0.0257207731999999,0.4132526659,0.8024669589,0.1779413271,0.0849739885,0.1892450879,0.2104488714,0.0734627024,0.5412329619,17156.935665,0.4987668811999999,0.0017740088,-0.051882501,-0.455533575,-0.009264701,0.0249534633,-0.565563453,-0.089456128,-0.157329051,0.0294746207,-0.069210808,-0.8678860270000001,6.0,0.5403725847999999,1.0,0.0005461802999999,0.0016485328,0.581426025,0.1908697334,20.744472961,11.658999925,33.388725218000005,0.3854389722,1.0,0.2030606052,0.0,0.3313129501,0.4916632299,0.6439622237,1.1678862255,0.1166797067999999,0.0046650165999999,0.0152477374,0.0414289702,0.0,0.0343030656999999,0.0073420284,0.0570209854,0.0126816465999999,0.0737063585,0.0819385953,7.0,0.0239461546,4.201723e-11,0.0759176761,0.0230319436,0.5048944432,8.1652617664,8.0743254e-09,58.0,13.09309523
2006-12-29,26642711.728,0.8519513917,0.7258211737000001,-0.180729791,18.066615428,0.0319320074,0.1533452374,-0.06503316,0.0589059885,0.2397372455,0.8930682420999999,-0.005858323,2.2566268624,0.1243055910999999,-0.124305591,14.0,-0.0364298039999999,0.0908149184,-1.15581917,0.7168540175,51.183011438,0.0480434728,-0.050296229,0.1315576673,-0.034435816,0.0527641345,0.0358125792,0.0055159992,0.0,0.985605495,0.1846718192999999,0.0,0.0,0.0,-0.155032418,0.0257207731999999,0.4132526659,0.8024669589,0.1779413271,0.0849739885,0.1892450879,0.2104488714,0.0734627024,0.5412329619,17156.935665,0.4987668811999999,0.0017740088,-0.051882501,-0.455533575,-0.009264701,0.0249534633,-0.565563453,-0.089456128,-0.157329051,0.0294746207,-0.069210808,-0.8678860270000001,6.0,0.5403725847999999,1.0,0.0005461802999999,0.0016485328,0.581426025,0.1908697334,20.744472961,11.658999925,33.388725218000005,0.3854389722,1.0,0.2030606052,0.0,0.3313129501,0.4916632299,0.6439622237,1.1678862255,0.1166797067999999,0.0046650165999999,0.0152477374,0.0414289702,0.0,0.0343030656999999,0.0073420284,0.0570209854,0.0126816465999999,0.0737063585,0.0819385953,7.0,0.0221401901,4.5828529999999996e-11,0.0276939477999999,0.0176071425,0.3693536109,4.7717760897,9.4235495e-09,58.0,13.14132709
2007-01-31,26826114.853,0.8594967907,0.7387347333,-0.320217528,17.891368607,0.032168951,0.1371388479,0.0035415783,-0.065280724,0.1761078979,0.8100120961,-0.0468428829999999,2.0213122922,0.1243055910999999,-0.124305591,14.0,-0.0364298039999999,0.0908149184,-1.162253163,0.7168540175,51.183011438,0.0480434728,-0.050296229,0.1315576673,-0.034435816,0.0527641345,0.0358125792,0.0055159992,0.0,0.985605495,0.1846718192999999,0.0,0.0,0.0,-0.155032418,0.0257207731999999,0.4132526659,0.8024669589,0.1779413271,0.0849739885,0.1892450879,0.2104488714,0.0734627024,0.5412329619,17156.935665,0.4987668811999999,0.0017740088,-0.051882501,-0.455533575,-0.009264701,0.0249534633,-0.565563453,-0.089456128,-0.157329051,0.0294746207,-0.069210808,-0.8678860270000001,6.0,0.5403725847999999,1.0,0.0005461802999999,0.0016485328,0.581426025,0.1908697334,20.744472961,11.658999925,33.388725218000005,0.3854389722,1.0,0.2030606052,0.0,0.3313129501,0.4916632299,0.6439622237,1.1678862255,0.1166797067999999,0.0046650165999999,0.0152477374,0.0414289702,0.0,0.0343030656999999,0.0073420284,0.0570209854,0.0126816465999999,0.0737063585,0.0819385953,7.0,0.0172348403,3.683274e-11,0.0304895154999999,0.0105200285,0.2790078574,2.266667977,1.5512822e-08,58.0,12.96324022
2007-02-28,26462576.64,0.8730751259999999,0.7622601756999999,-0.059068672,17.445467059000002,0.0320729154,0.1032810231,-0.013551653,0.0347647877999999,0.1173500757,0.7317672969,0.0365367593,1.9393599625,0.1243055910999999,-0.124305591,14.0,-0.0364298039999999,0.0908149184,-1.191069812,0.7168540175,51.183011438,0.0480434728,-0.050296229,0.1315576673,-0.034435816,0.0527641345,0.0358125792,0.0055159992,0.0,0.985605495,0.1846718192999999,0.0,0.0,0.0,-0.155032418,0.0257207731999999,0.4132526659,0.8024669589,0.1779413271,0.0849739885,0.1892450879,0.2104488714,0.0734627024,0.5412329619,17156.935665,0.4987668811999999,0.0017740088,-0.051882501,-0.455533575,-0.009264701,0.0249534633,-0.565563453,-0.089456128,-0.157329051,0.0294746207,-0.069210808,-0.8678860270000001,6.0,0.5403725847999999,1.0,0.0005461802999999,0.0016485328,0.581426025,0.1908697334,20.744472961,11.658999925,33.388725218000005,0.3854389722,1.0,0.2030606052,0.0,0.3313129501,0.4916632299,0.6439622237,3.2961612358,0.1090648551999999,-0.0009582389999999,0.0226661448,-0.106666313,1.0,0.0381114383,0.0073505215,0.0601751348,0.0124724289999999,0.0743713186,0.082341706,7.0,0.0219771892,2.9631790000000005e-11,0.0305036362,0.0116821184,0.2778785655,3.2306843791000004,1.0129216e-08,58.0,11.46434238
2007-03-30,23204540.114,0.888641769,0.7896841937000001,0.1426531592,17.861162315,0.0322842722,0.1344088721,-0.1156267669999999,0.1267332606,-0.037995619,0.9422458962,-0.001884483,2.0761751448,0.1243055910999999,-0.124305591,14.0,-0.0364298039999999,0.0908149184,-1.249856436,0.7168540175,51.183011438,0.0480434728,-0.050296229,0.1315576673,-0.034435816,0.0527641345,0.0358125792,0.0055159992,0.0,0.985605495,0.1846718192999999,0.0,0.0,0.0,-0.155032418,0.0257207731999999,0.4132526659,0.8024669589,0.1779413271,0.0849739885,0.1892450879,0.2104488714,0.0734627024,0.5412329619,17156.935665,0.4987668811999999,0.0017740088,-0.051882501,-0.455533575,-0.009264701,0.0249534633,-0.565563453,-0.089456128,-0.157329051,0.0294746207,-0.069210808,-0.8678860270000001,6.0,0.5403725847999999,1.0,0.0005461802999999,0.0016485328,0.581426025,0.1908697334,20.744472961,11.658999925,33.388725218000005,0.3854389722,1.0,0.2030606052,0.0,0.3313129501,0.4916632299,0.6439622237,3.2961612358,0.1090648551999999,-0.0009582389999999,0.0226661448,-0.106666313,1.0,0.0381114383,0.0073505215,0.0601751348,0.0124724289999999,0.0743713186,0.082341706,7.0,0.0210184559,3.079274e-11,0.0208205840999999,0.0132123868,0.2551719038,3.9442225576,8.8917342e-09,58.0,11.63500897
2007-04-30,23396347.975,0.8856607543,0.7843949717,0.0161354664999999,17.912316570999998,0.0322825474,0.0833233072,0.0148867638999999,-0.0925110069999999,-0.178846696,0.9873251748,-0.103279924,2.8477127083,0.1385269003,-0.1385269,15.0,-0.26034692,0.0968039315,-1.256908847,0.5378628496,47.036255522,0.0439259338,-0.068788192,0.1118383051,0.9717503082,0.1847428343,0.0226420577,-0.00525984,0.0,0.7903348798000001,0.1692430479,0.0,0.0,0.0,0.065947459,0.0225706961,0.4724582499,0.8694807981,0.2390931091,0.0936186031,0.267826087,0.2504344683,0.084996144,0.5504709413000001,23277.262929,0.5277643408,0.001901573,-0.130356673,-0.19812249,-0.083546973,-0.037657944,-0.145694451,0.0579702243,0.0469155491,-0.101997202,0.0497767691,-0.946148832,4.0,0.4616432978,0.0,0.0002523066999999,0.0008347308,0.5978885798,0.172197506,17.165314652,12.239347272,34.721127564,0.5507113355,1.0,0.2225742232,0.0,0.3022611557999999,0.493580105,0.6477330546,3.2961612358,0.1090648551999999,-0.0009582389999999,0.0226661448,-0.106666313,1.0,0.0381114383,0.0073505215,0.0601751348,0.0124724289999999,0.0743713186,0.082341706,7.0,0.0214902773,3.430375e-11,0.033457242,0.0163187527,0.2618685933,4.9218211859,5.3487847e-09,58.0,11.5088641
2007-05-31,23142688.482,0.9017796387,0.8132065168000001,-0.191157118,18.287629665,0.0323012628,0.1210718818,-0.0108418419999999,-0.169271508,-0.15857257,0.915210804,0.0344769589,2.929622545,0.1385269003,-0.1385269,15.0,-0.26034692,0.0968039315,-1.256743694,0.5378628496,47.036255522,0.0439259338,-0.068788192,0.1118383051,0.9717503082,0.1847428343,0.0226420577,-0.00525984,0.0,0.7903348798000001,0.1692430479,0.0,0.0,0.0,0.065947459,0.0225706961,0.4724582499,0.8694807981,0.2390931091,0.0936186031,0.267826087,0.2504344683,0.084996144,0.5504709413000001,23277.262929,0.5277643408,0.001901573,-0.130356673,-0.19812249,-0.083546973,-0.037657944,-0.145694451,0.0579702243,0.0469155491,-0.101997202,0.0497767691,-0.946148832,4.0,0.4616432978,0.0,0.0002523066999999,0.0008347308,0.5978885798,0.172197506,17.165314652,12.239347272,34.721127564,0.5507113355,1.0,0.2225742232,0.0,0.3022611557999999,0.493580105,0.6477330546,0.7513366081999999,0.1024271942,-0.002636263,0.0553592354,-0.026438607,0.0,0.0331906046,0.0071084312,0.0536917762,0.0133572711,0.0746480519,0.0827141687,7.0,0.0169689004,2.431638e-11,0.0285899658,0.0101715665,0.3088323726,4.6107369078,9.2071277e-09,58.0,10.68892246
2007-06-29,21341784.974,0.9301336639,0.8651486326000001,-0.173779033,17.822555712,0.0321641941999999,0.1894849876,-0.071244389,-0.121121916,-0.1298737959999999,0.756157779,0.0801467029,3.4642539599,0.1385269003,-0.1385269,15.0,-0.26034692,0.0968039315,-1.256743694,0.5378628496,47.036255522,0.0439259338,-0.068788192,0.1118383051,0.9717503082,0.1847428343,0.0226420577,-0.00525984,0.0,0.7903348798000001,0.1692430479,0.0,0.0,0.0,0.065947459,0.0225706961,0.4724582499,0.8694807981,0.2390931091,0.0936186031,0.267826087,0.2504344683,0.084996144,0.5504709413000001,23277.262929,0.5277643408,0.001901573,-0.130356673,-0.19812249,-0.083546973,-0.037657944,-0.145694451,0.0579702243,0.0469155491,-0.101997202,0.0497767691,-0.946148832,4.0,0.4616432978,0.0,0.0002523066999999,0.0008347308,0.5978885798,0.172197506,17.165314652,12.239347272,34.721127564,0.5507113355,1.0,0.2225742232,0.0,0.3022611557999999,0.493580105,0.6477330546,0.7513366081999999,0.1024271942,-0.002636263,0.0553592354,-0.026438607,0.0,0.0331906046,0.0071084312,0.0536917762,0.0133572711,0.0746480519,0.0827141687,7.0,0.0203535439999999,2.488237e-11,0.0168599039,0.0126639802,0.4287106807999999,9.4226347543,4.6362049e-09,58.0,9.735415665
2007-07-31,19556776.789,0.9545729317,0.9112094819,-0.197205236,18.333651562,0.0318699411,0.2314940786,-0.089205131,-0.186617705,-0.2370232839999999,0.7364910056999999,0.1183730445,3.7812355764,0.1385269003,-0.1385269,15.0,-0.26034692,0.0830722605,-1.26158759,0.5378628496,47.036255522,0.0439259338,-0.068788192,0.1118383051,0.9717503082,0.1847428343,0.0226420577,-0.00525984,0.0,0.7903348798000001,0.1692430479,0.0,0.0,0.0,0.065947459,0.0225706961,0.4724582499,0.8694807981,0.2390931091,0.0936186031,0.267826087,0.2504344683,0.084996144,0.5504709413000001,23277.262929,0.5277643408,0.001901573,-0.130356673,-0.19812249,-0.083546973,-0.037657944,-0.145694451,0.0579702243,0.0469155491,-0.101997202,0.0497767691,-0.946148832,4.0,0.4616432978,0.0,0.0002523066999999,0.0008347308,0.5978885798,0.172197506,17.165314652,12.239347272,34.721127564,0.5507113355,1.0,0.2225742232,0.0,0.3022611557999999,0.493580105,0.6477330546,0.7513366081999999,0.1024271942,-0.002636263,0.0553592354,-0.026438607,0.0,0.0331906046,0.0071084312,0.0536917762,0.0133572711,0.0746480519,0.0827141687,7.0,0.0200963516,2.43939e-11,0.0139696812,0.0138047677,0.4444501792,11.859309101,4.4112559e-09,58.0,9.898661964
2007-08-31,19884710.947,1.0689182979,1.1425863275,-0.257147245,18.335633336,0.032149177,0.2833039981,0.0167683138999999,-0.248998264,-0.233420975,0.456905661,-0.127891483,4.4740526745,0.1385269003,-0.1385269,15.0,-0.26034692,0.0830722605,-0.259391413,0.5378628496,47.036255522,0.0439259338,-0.068788192,0.1118383051,0.9717503082,0.1847428343,0.0226420577,-0.00525984,0.0,0.7903348798000001,0.1692430479,0.0,0.0,0.0,0.065947459,0.0225706961,0.4724582499,0.8694807981,0.2390931091,0.0936186031,0.267826087,0.2504344683,0.084996144,0.5504709413000001,23277.262929,0.5277643408,0.001901573,-0.130356673,-0.19812249,-0.083546973,-0.037657944,-0.145694451,0.0579702243,0.0469155491,-0.101997202,0.0497767691,-0.946148832,4.0,0.4616432978,0.0,0.0002523066999999,0.0008347308,0.5978885798,0.172197506,17.165314652,12.239347272,34.721127564,0.5507113355,1.0,0.2225742232,0.0,0.3022611557999999,0.493580105,0.6477330546,1.178830218,0.0964013433999999,0.0040848658,-0.0245632579999999,-0.004173537,1.0,0.0462864599,0.0077964459999999,0.0919898802,0.0157163263999999,0.0765973326,0.0854419907,7.0,0.0220655173,2.34189e-11,0.045660343,0.0148910605,0.4303639590999999,9.6743028565,4.6559552e-09,58.0,10.22144442
2007-09-28,20560399.131,0.9607205083,0.9229838952,-0.1048669919999999,18.303868984,0.0326062447,0.1249357436,0.0326086544,-0.13656956,-0.139632376,0.4343200386,-0.020775919,4.3365317368000005,0.1385269003,-0.1385269,15.0,-0.26034692,0.0830722605,-0.2773778839999999,0.5378628496,47.036255522,0.0439259338,-0.068788192,0.1118383051,0.9717503082,0.1847428343,0.0226420577,-0.00525984,0.0,0.7903348798000001,0.1692430479,0.0,0.0,0.0,0.065947459,0.0225706961,0.4724582499,0.8694807981,0.2390931091,0.0936186031,0.267826087,0.2504344683,0.084996144,0.5504709413000001,23277.262929,0.5277643408,0.001901573,-0.130356673,-0.19812249,-0.083546973,-0.037657944,-0.145694451,0.0579702243,0.0469155491,-0.101997202,0.0497767691,-0.946148832,4.0,0.4616432978,0.0,0.0002523066999999,0.0008347308,0.5978885798,0.172197506,17.165314652,12.239347272,34.721127564,0.5507113355,1.0,0.2225742232,0.0,0.3022611557999999,0.493580105,0.6477330546,1.178830218,0.0964013433999999,0.0040848658,-0.0245632579999999,-0.004173537,1.0,0.0462864599,0.0077964459999999,0.0919898802,0.0157163263999999,0.0765973326,0.0854419907,7.0,0.0257777227,3.865322e-11,0.022321444,0.0144311051,0.4040687938,6.203243241,5.1241188e-09,58.0,9.720575092
2007-10-31,19343067.563,0.9763665152,0.9532915721,-0.085539378,18.150223915,0.0324939552,0.076437222,-0.049001761,-0.1214923909999999,-0.190895751,0.4980202482,0.0342074365,3.6148244467,0.1385269003,-0.1385269,15.0,-0.26034692,0.0830722605,-0.2791418519999999,0.5378628496,47.036255522,0.0439259338,-0.068788192,0.1118383051,0.9717503082,0.1847428343,0.0226420577,-0.00525984,0.0,0.7903348798000001,0.1692430479,0.0,0.0,0.0,0.065947459,0.0225706961,0.4724582499,0.8694807981,0.2390931091,0.0936186031,0.267826087,0.2504344683,0.084996144,0.5504709413000001,23277.262929,0.5277643408,0.001901573,-0.130356673,-0.19812249,-0.083546973,-0.037657944,-0.145694451,0.0579702243,0.0469155491,-0.101997202,0.0497767691,-0.946148832,4.0,0.4616432978,0.0,0.0002523066999999,0.0008347308,0.5978885798,0.172197506,17.165314652,12.239347272,34.721127564,0.5507113355,1.0,0.2225742232,0.0,0.3022611557999999,0.493580105,0.6477330546,1.178830218,0.0964013433999999,0.0040848658,-0.0245632579999999,-0.004173537,1.0,0.0462864599,0.0077964459999999,0.0919898802,0.0157163263999999,0.0765973326,0.0854419907,7.0,0.0195705055,3.832207e-11,0.0221484079999999,0.0134078135,0.4564700668,8.145440944099999,9.0239506e-09,58.0,9.898661964
2007-11-30,19697444.025,0.948526428,0.8997023847,0.0383683939,17.724062917,0.0327133208,-0.028200975,0.0183205920999999,-0.155383613,-0.305960248,0.4277609443999999,-8.772299999999999e-05,3.0768695376,0.1385269003,-0.1385269,15.0,-0.26034692,0.0830722605,-0.271020453,0.5378628496,47.036255522,0.0439259338,-0.068788192,0.1118383051,0.9717503082,0.1847428343,0.0226420577,-0.00525984,0.0,0.7903348798000001,0.1692430479,0.0,0.0,0.0,0.065947459,0.0225706961,0.4724582499,0.8694807981,0.2390931091,0.0936186031,0.267826087,0.2504344683,0.084996144,0.5504709413000001,23277.262929,0.5277643408,0.001901573,-0.130356673,-0.19812249,-0.083546973,-0.037657944,-0.145694451,0.0579702243,0.0469155491,-0.101997202,0.0497767691,-0.946148832,4.0,0.4616432978,0.0,0.0002523066999999,0.0008347308,0.5978885798,0.172197506,17.165314652,12.239347272,34.721127564,0.5507113355,1.0,0.2225742232,0.0,0.3022611557999999,0.493580105,0.6477330546,0.9018420627,0.074151449,0.0031063214,-0.013445027,-0.0095160519999999,0.0,0.0333065791,0.0071043902,0.0618322943,0.0158049456,0.0803814063,0.0887793017,7.0,0.0169821337,2.622052e-11,0.0202677138,0.008835276,0.2957255439,3.7462805259,6.9015637e-09,58.0,8.678024863
2007-12-31,16993325.747,0.9161035885,0.8392457848,-0.004392082,17.809834119,0.0325743811,0.0059030683,-0.123313375,-0.073932638,-0.244085521,0.2547102483,0.0352179915,3.7059679647,0.1385269003,-0.1385269,15.0,-0.26034692,0.0830722605,-0.266284268,0.5378628496,47.036255522,0.0439259338,-0.068788192,0.1118383051,0.9717503082,0.1847428343,0.0226420577,-0.00525984,0.0,0.7903348798000001,0.1692430479,0.0,0.0,0.0,0.065947459,0.0225706961,0.4724582499,0.8694807981,0.2390931091,0.0936186031,0.267826087,0.2504344683,0.084996144,0.5504709413000001,23277.262929,0.5277643408,0.001901573,-0.130356673,-0.19812249,-0.083546973,-0.037657944,-0.145694451,0.0579702243,0.0469155491,-0.101997202,0.0497767691,-0.946148832,4.0,0.4616432978,0.0,0.0002523066999999,0.0008347308,0.5978885798,0.172197506,17.165314652,12.239347272,34.721127564,0.5507113355,1.0,0.2225742232,0.0,0.3022611557999999,0.493580105,0.6477330546,0.9018420627,0.074151449,0.0031063214,-0.013445027,-0.0095160519999999,0.0,0.0333065791,0.0071043902,0.0618322943,0.0158049456,0.0803814063,0.0887793017,7.0,0.0314000563,4.917979e-11,0.0367329456,0.0231176049,0.5195859093,17.210464427,3.7153622e-09,58.0,7.594663059
2008-01-31,14824373.503,0.9635526073,0.9284336271,0.0392822706,18.382452357,0.0326505541,-0.107802266,-0.124839678,-0.108612819,-0.3396386079999999,0.1359845356,0.0826598775,3.8988405597,0.1385269003,-0.1385269,15.0,-0.26034692,0.0830722605,-0.265967402,0.5378628496,47.036255522,0.0439259338,-0.068788192,0.1118383051,0.9717503082,0.1847428343,0.0226420577,-0.00525984,0.0,0.7903348798000001,0.1692430479,0.0,0.0,0.0,0.065947459,0.0225706961,0.4724582499,0.8694807981,0.2390931091,0.0936186031,0.267826087,0.2504344683,0.084996144,0.5504709413000001,23277.262929,0.5277643408,0.001901573,-0.130356673,-0.19812249,-0.083546973,-0.037657944,-0.145694451,0.0579702243,0.0469155491,-0.101997202,0.0497767691,-0.946148832,4.0,0.4616432978,0.0,0.0002523066999999,0.0008347308,0.5978885798,0.172197506,17.165314652,12.239347272,34.721127564,0.5507113355,1.0,0.2225742232,0.0,0.3022611557999999,0.493580105,0.6477330546,0.9018420627,0.074151449,0.0031063214,-0.013445027,-0.0095160519999999,0.0,0.0333065791,0.0071043902,0.0618322943,0.0158049456,0.0803814063,0.0887793017,7.0,0.0232681834,7.757059e-11,0.0258158185,0.0216278429,0.3604814639,5.5584007604,6.8457347e-09,58.0,7.015880725
2008-02-29,13694621.889,0.9613904076,0.9242715158,-0.054824164,17.676391496,0.0322969623,-0.188761519,-0.076209061,-0.2327586519999999,-0.41413852,0.2940740303999999,0.2126761219,5.1283703397,0.1385269003,-0.1385269,15.0,-0.26034692,0.0830722605,-0.262957265,0.5378628496,47.036255522,0.0439259338,-0.068788192,0.1118383051,0.9717503082,0.1847428343,0.0226420577,-0.00525984,0.0,0.7903348798000001,0.1692430479,0.0,0.0,0.0,0.065947459,0.0225706961,0.4724582499,0.8694807981,0.2390931091,0.0936186031,0.267826087,0.2504344683,0.084996144,0.5504709413000001,23277.262929,0.5277643408,0.001901573,-0.130356673,-0.19812249,-0.083546973,-0.037657944,-0.145694451,0.0579702243,0.0469155491,-0.101997202,0.0497767691,-0.946148832,4.0,0.4616432978,0.0,0.0002523066999999,0.0008347308,0.5978885798,0.172197506,17.165314652,12.239347272,34.721127564,0.5507113355,1.0,0.2225742232,0.0,0.3022611557999999,0.493580105,0.6477330546,0.1539633162,0.0672977532,0.0026107714999999,0.0021656665,-0.0019231889999999,1.0,0.0341469201,0.0068513524,0.0715703438,0.0202277196,0.0804387429,0.0889266812,7.0,0.0478719576999999,6.88644e-11,0.0805223882,0.0366331159,0.4175174712,16.206700372,3.19654e-09,58.0,6.667127267
2008-03-31,13035848.265,1.0468782521,1.0959540745999998,-0.2390267139999999,18.306999003,0.0332821271,-0.238458195,-0.049286049,-0.313611597,-0.388025885,0.1928198751,0.1894743641,4.3799596682,0.1385269003,-0.1385269,15.0,-0.26034692,0.0830722605,-0.258470924,0.5378628496,47.036255522,0.0439259338,-0.068788192,0.1118383051,0.9717503082,0.1847428343,0.0226420577,-0.00525984,0.0,0.7903348798000001,0.1692430479,0.0,0.0,0.0,0.065947459,0.0225706961,0.4724582499,0.8694807981,0.2390931091,0.0936186031,0.267826087,0.2504344683,0.084996144,0.5504709413000001,23277.262929,0.5277643408,0.001901573,-0.130356673,-0.19812249,-0.083546973,-0.037657944,-0.145694451,0.0579702243,0.0469155491,-0.101997202,0.0497767691,-0.946148832,4.0,0.4616432978,0.0,0.0002523066999999,0.0008347308,0.5978885798,0.172197506,17.165314652,12.239347272,34.721127564,0.5507113355,1.0,0.2225742232,0.0,0.3022611557999999,0.493580105,0.6477330546,0.1539633162,0.0672977532,0.0026107714999999,0.0021656665,-0.0019231889999999,1.0,0.0341469201,0.0068513524,0.0715703438,0.0202277196,0.0804387429,0.0889266812,7.0,0.0321415342,7.314041e-11,0.0302702412,0.0206961519,0.1681760185,2.953174662,6.3041207e-09,58.0,6.492750539
2008-04-30,12727750.0,0.9723729257,0.9455091067,-0.167520271,17.627276858,0.0328915122,-0.288606755,-0.026588086,-0.313816783,-0.426721926,0.214092171,0.2737893878,4.692770062799999,0.1347785117,-0.134778512,16.0,-0.206581438,0.0851452777,-0.262883443,0.4356855284,33.169384582,0.0688216093,-0.064333166,-0.048887082,-0.024209558,0.101082751,0.0113449354,-0.035158962,0.0,0.7870262381,0.1616228434,0.0,0.0,0.0,0.0249543865,0.0347741131,0.4295266069,0.6775876607,0.2200450044,0.1019170023,0.1796982167,0.2493390632,0.1572919641,0.3894663917,16646.309172,0.6002315118,0.0017965974,0.0639895038,-0.004186379,-0.045025214,-0.062804645,0.0097742718,0.121492435,-0.075200721,0.1743227709,0.1117548846,-0.97910466,4.0,0.4661555247999999,0.0,0.0003618868,0.0007437711999999,0.6152463689,0.1623209978999999,21.45344363,13.607154114,32.687321351,0.003441898,1.0,0.2086255426,0.0,0.4865566045,0.4807892239,0.5676550570000001,0.1539633162,0.0672977532,0.0026107714999999,0.0021656665,-0.0019231889999999,1.0,0.0341469201,0.0068513524,0.0715703438,0.0202277196,0.0804387429,0.0889266812,7.0,0.0340613299,7.468262e-11,0.0567786507,0.0262128359,0.3224244199,7.091054446499999,5.2825681e-09,58.0,6.021562357
2008-05-30,11804078.667,1.003563017,1.0071387292,-0.251769439,17.777436775,0.0314649751,-0.287900867,-0.0725714559999999,-0.344077962,-0.435847845,0.2528271495,0.2930873559,4.0532504579,0.1347785117,-0.134778512,16.0,-0.206581438,0.0851452777,-0.260007302,0.4356855284,33.169384582,0.0688216093,-0.064333166,-0.048887082,-0.024209558,0.101082751,0.0113449354,-0.035158962,0.0,0.7870262381,0.1616228434,0.0,0.0,0.0,0.0249543865,0.0347741131,0.4295266069,0.6775876607,0.2200450044,0.1019170023,0.1796982167,0.2493390632,0.1572919641,0.3894663917,16646.309172,0.6002315118,0.0017965974,0.0639895038,-0.004186379,-0.045025214,-0.062804645,0.0097742718,0.121492435,-0.075200721,0.1743227709,0.1117548846,-0.97910466,4.0,0.4661555247999999,0.0,0.0003618868,0.0007437711999999,0.6152463689,0.1623209978999999,21.45344363,13.607154114,32.687321351,0.003441898,1.0,0.2086255426,0.0,0.4865566045,0.4807892239,0.5676550570000001,2.7565046186,0.0820928172,0.0048219202,0.0261231405,-0.033936917,2.0,0.0323216739,0.0064994308,0.0672824557,0.0226220587999999,0.0787545766,0.0869695851999999,7.0,0.0295030829,7.922921e-11,0.0571428575,0.0309832052999999,0.4690398945,18.148762491,4.3393212e-09,58.0,6.748750417
2008-06-30,13242320.389,1.0855104289,1.1783328912,-0.03418805,17.806272013,0.0332076803,-0.291674643,0.1207640842,-0.306113721,-0.436653943,0.0516517258,0.297223518,4.358253185400001,0.1347785117,-0.134778512,16.0,-0.206581438,0.0851452777,-0.260007302,0.4356855284,33.169384582,0.0688216093,-0.064333166,-0.048887082,-0.024209558,0.101082751,0.0113449354,-0.035158962,0.0,0.7870262381,0.1616228434,0.0,0.0,0.0,0.0249543865,0.0347741131,0.4295266069,0.6775876607,0.2200450044,0.1019170023,0.1796982167,0.2493390632,0.1572919641,0.3894663917,16646.309172,0.6002315118,0.0017965974,0.0639895038,-0.004186379,-0.045025214,-0.062804645,0.0097742718,0.121492435,-0.075200721,0.1743227709,0.1117548846,-0.97910466,4.0,0.4661555247999999,0.0,0.0003618868,0.0007437711999999,0.6152463689,0.1623209978999999,21.45344363,13.607154114,32.687321351,0.003441898,1.0,0.2086255426,0.0,0.4865566045,0.4807892239,0.5676550570000001,2.7565046186,0.0820928172,0.0048219202,0.0261231405,-0.033936917,2.0,0.0323216739,0.0064994308,0.0672824557,0.0226220587999999,0.0787545766,0.0869695851999999,7.0,0.0299744597,5.506565e-11,0.0608338601999999,0.0200309591,0.2612057445,5.6030518637,4.7289577e-09,58.0,5.839765342
2008-07-31,11488625.833,1.1433794845999998,1.3073166459,-0.011176525,17.881667049,0.0332325787999999,-0.291515686,-0.13468942,-0.111382451,-0.306783504,0.0158730066,0.3110094859,4.1519833767000005,0.1347785117,-0.134778512,16.0,-0.206581438,0.1540784842999999,-0.346049075,0.4356855284,33.169384582,0.0688216093,-0.064333166,-0.048887082,-0.024209558,0.101082751,0.0113449354,-0.035158962,0.0,0.7870262381,0.1616228434,0.0,0.0,0.0,0.0249543865,0.0347741131,0.4295266069,0.6775876607,0.2200450044,0.1019170023,0.1796982167,0.2493390632,0.1572919641,0.3894663917,16646.309172,0.6002315118,0.0017965974,0.0639895038,-0.004186379,-0.045025214,-0.062804645,0.0097742718,0.121492435,-0.075200721,0.1743227709,0.1117548846,-0.97910466,4.0,0.4661555247999999,0.0,0.0003618868,0.0007437711999999,0.6152463689,0.1623209978999999,21.45344363,13.607154114,32.687321351,0.003441898,1.0,0.2086255426,0.0,0.4865566045,0.4807892239,0.5676550570000001,0.4000734852,0.0972323115,-0.000574251,-0.032547162,-0.03791731,3.0,0.0389417573,0.0064419565,0.091107417,0.0276554837,0.0751055374,0.0823020816,7.0,0.0354160853,1.094719e-10,0.0325890705,0.0266861316,0.2530193729,4.4530845476,5.9456212e-09,58.0,5.450200309
2008-08-29,10722230.694,1.1644828396,1.3560202838,0.06806704,17.508464617,0.0333269692,-0.352202832,-0.066709034,-0.167636167,-0.410044983,0.0154139144999999,0.286786128,4.2058399489,0.1347785117,-0.134778512,16.0,-0.206581438,0.1540784842999999,-0.312106564,0.4356855284,33.169384582,0.0688216093,-0.064333166,-0.048887082,-0.024209558,0.101082751,0.0113449354,-0.035158962,0.0,0.7870262381,0.1616228434,0.0,0.0,0.0,0.0249543865,0.0347741131,0.4295266069,0.6775876607,0.2200450044,0.1019170023,0.1796982167,0.2493390632,0.1572919641,0.3894663917,16646.309172,0.6002315118,0.0017965974,0.0639895038,-0.004186379,-0.045025214,-0.062804645,0.0097742718,0.121492435,-0.075200721,0.1743227709,0.1117548846,-0.97910466,4.0,0.4661555247999999,0.0,0.0003618868,0.0007437711999999,0.6152463689,0.1623209978999999,21.45344363,13.607154114,32.687321351,0.003441898,1.0,0.2086255426,0.0,0.4865566045,0.4807892239,0.5676550570000001,0.4000734852,0.0972323115,-0.000574251,-0.032547162,-0.03791731,3.0,0.0389417573,0.0064419565,0.091107417,0.0276554837,0.0751055374,0.0823020816,7.0,0.0475132579999999,1.097828e-10,0.0738112107,0.032265268,0.327316183,6.4001242801,4.1952812e-09,58.0,5.772982765
2008-09-30,11368136.307,1.177107328,1.3855816616,0.2129432510999999,17.743903622,0.0339186374,-0.364942624,0.0592240207,-0.182890243,-0.4667876489999999,0.1238017452999999,0.2643212296,3.9177598689,0.1347785117,-0.134778512,16.0,-0.206581438,0.1540784842999999,-0.312106564,0.4356855284,33.169384582,0.0688216093,-0.064333166,-0.048887082,-0.024209558,0.101082751,0.0113449354,-0.035158962,0.0,0.7870262381,0.1616228434,0.0,0.0,0.0,0.0249543865,0.0347741131,0.4295266069,0.6775876607,0.2200450044,0.1019170023,0.1796982167,0.2493390632,0.1572919641,0.3894663917,16646.309172,0.6002315118,0.0017965974,0.0639895038,-0.004186379,-0.045025214,-0.062804645,0.0097742718,0.121492435,-0.075200721,0.1743227709,0.1117548846,-0.97910466,4.0,0.4661555247999999,0.0,0.0003618868,0.0007437711999999,0.6152463689,0.1623209978999999,21.45344363,13.607154114,32.687321351,0.003441898,1.0,0.2086255426,0.0,0.4865566045,0.4807892239,0.5676550570000001,0.4000734852,0.0972323115,-0.000574251,-0.032547162,-0.03791731,3.0,0.0389417573,0.0064419565,0.091107417,0.0276554837,0.0751055374,0.0823020816,7.0,0.0376674653,1.273406e-10,0.0780422837,0.0293731146,0.419233278,7.704138609,5.8695746e-09,58.0,5.516982886
2008-10-31,10886326.916,1.2416627609,1.5417264118,0.1817753680999999,17.513049278,0.0341954909,-0.315870067,-0.044344507,-0.110857111,-0.40610686,0.0459082415,0.2493878845,4.016255976,0.1347785117,-0.134778512,16.0,-0.206581438,0.1540784842999999,-0.272465956,0.4356855284,33.169384582,0.0688216093,-0.064333166,-0.048887082,-0.024209558,0.101082751,0.0113449354,-0.035158962,0.0,0.7870262381,0.1616228434,0.0,0.0,0.0,0.0249543865,0.0347741131,0.4295266069,0.6775876607,0.2200450044,0.1019170023,0.1796982167,0.2493390632,0.1572919641,0.3894663917,16646.309172,0.6002315118,0.0017965974,0.0639895038,-0.004186379,-0.045025214,-0.062804645,0.0097742718,0.121492435,-0.075200721,0.1743227709,0.1117548846,-0.97910466,4.0,0.4661555247999999,0.0,0.0003618868,0.0007437711999999,0.6152463689,0.1623209978999999,21.45344363,13.607154114,32.687321351,0.003441898,1.0,0.2086255426,0.0,0.4865566045,0.4807892239,0.5676550570000001,0.4000734852,0.0972323115,-0.000574251,-0.032547162,-0.03791731,3.0,0.0389417573,0.0064419565,0.091107417,0.0276554837,0.0751055374,0.0823020816,7.0,0.0456411878,1.182628e-10,0.0629974008,0.0323491989,0.3147125003,5.684085831900001,5.5006406e-09,58.0,4.871417976
2008-11-28,9612473.0838,1.2899182872,1.6638891877000002,0.2006749026,17.532980987000002,0.0340142192,-0.39530211,-0.11701411,-0.083795413,-0.442653674,-0.056577102,0.1759762118,4.1984972044,0.1347785117,-0.134778512,16.0,-0.206581438,0.1540784842999999,-0.272465956,0.4356855284,33.169384582,0.0688216093,-0.064333166,-0.048887082,-0.024209558,0.101082751,0.0113449354,-0.035158962,0.0,0.7870262381,0.1616228434,0.0,0.0,0.0,0.0249543865,0.0347741131,0.4295266069,0.6775876607,0.2200450044,0.1019170023,0.1796982167,0.2493390632,0.1572919641,0.3894663917,16646.309172,0.6002315118,0.0017965974,0.0639895038,-0.004186379,-0.045025214,-0.062804645,0.0097742718,0.121492435,-0.075200721,0.1743227709,0.1117548846,-0.97910466,4.0,0.4661555247999999,0.0,0.0003618868,0.0007437711999999,0.6152463689,0.1623209978999999,21.45344363,13.607154114,32.687321351,0.003441898,1.0,0.2086255426,0.0,0.4865566045,0.4807892239,0.5676550570000001,0.3378505281,0.0671292532,-0.0066855369999999,-0.039706221,0.0622126029,0.0,0.0197406654,0.0071781585,0.0482424996,0.0211460635,0.0806751136,0.0902908772,7.0,0.0800927369,2.787677e-10,0.1324295550999999,0.0601751180999999,0.3207906387,7.2116437612,3.5935512e-09,58.0,3.313157846
2008-12-31,6548369.2238,1.2608742870999998,1.5898039678,-0.286753738,17.745013723,0.0393073487,-0.50522921,-0.319878131,-0.278174832,-0.438648968,-0.231855541,0.1488345739,4.507193937699999,0.1347785117,-0.134778512,16.0,-0.206581438,0.1540784842999999,-0.274110931,0.4356855284,33.169384582,0.0688216093,-0.064333166,-0.048887082,-0.024209558,0.101082751,0.0113449354,-0.035158962,0.0,0.7870262381,0.1616228434,0.0,0.0,0.0,0.0249543865,0.0347741131,0.4295266069,0.6775876607,0.2200450044,0.1019170023,0.1796982167,0.2493390632,0.1572919641,0.3894663917,16646.309172,0.6002315118,0.0017965974,0.0639895038,-0.004186379,-0.045025214,-0.062804645,0.0097742718,0.121492435,-0.075200721,0.1743227709,0.1117548846,-0.97910466,4.0,0.4661555247999999,0.0,0.0003618868,0.0007437711999999,0.6152463689,0.1623209978999999,21.45344363,13.607154114,32.687321351,0.003441898,1.0,0.2086255426,0.0,0.4865566045,0.4807892239,0.5676550570000001,0.3378505281,0.0671292532,-0.0066855369999999,-0.039706221,0.0622126029,0.0,0.0197406654,0.0071781585,0.0482424996,0.0211460635,0.0806751136,0.0902908772,7.0,0.083958586,3.564736e-10,0.0920501873,0.0525483119,0.5156420276,9.4632909675,5.1290154e-09,58.0,3.509795434
2009-01-30,6949316.028,1.210650377,1.4656743353,-0.167913645,17.195732786,0.0421957946,-0.551831162,0.0593504719,-0.432655634,-0.5637518020000001,-0.317894062,0.1080750796,4.3022751611,0.1347785117,-0.134778512,16.0,-0.206581438,0.1540784842999999,-0.272798724,0.4356855284,33.169384582,0.0688216093,-0.064333166,-0.048887082,-0.024209558,0.101082751,0.0113449354,-0.035158962,0.0,0.7870262381,0.1616228434,0.0,0.0,0.0,0.0249543865,0.0347741131,0.4295266069,0.6775876607,0.2200450044,0.1019170023,0.1796982167,0.2493390632,0.1572919641,0.3894663917,16646.309172,0.6002315118,0.0017965974,0.0639895038,-0.004186379,-0.045025214,-0.062804645,0.0097742718,0.121492435,-0.075200721,0.1743227709,0.1117548846,-0.97910466,4.0,0.4661555247999999,0.0,0.0003618868,0.0007437711999999,0.6152463689,0.1623209978999999,21.45344363,13.607154114,32.687321351,0.003441898,1.0,0.2086255426,0.0,0.4865566045,0.4807892239,0.5676550570000001,0.1719070008,0.062982908,-0.022672256,-0.088717258,0.0334240574,0.0,-0.001210676,0.011609726,-0.002745002,0.0186046923,0.0797448569,0.0921904666,7.0,0.063312149,4.305135e-10,0.080000028,0.0468023987,0.5567759876,5.68534418,6.2971116e-09,58.0,3.502375148
2009-02-27,6934623.6917,1.1961608067,1.4308006755000002,-0.134223641,16.90259677,0.0435548759,-0.4757687889999999,-0.0021142129999999,-0.3560244939999999,-0.499735585,-0.4034700479999999,0.0643661932,3.5954065705,0.1347785117,-0.134778512,16.0,-0.206581438,0.1540784842999999,-0.272330019,0.4356855284,33.169384582,0.0688216093,-0.064333166,-0.048887082,-0.024209558,0.101082751,0.0113449354,-0.035158962,0.0,0.7870262381,0.1616228434,0.0,0.0,0.0,0.0249543865,0.0347741131,0.4295266069,0.6775876607,0.2200450044,0.1019170023,0.1796982167,0.2493390632,0.1572919641,0.3894663917,16646.309172,0.6002315118,0.0017965974,0.0639895038,-0.004186379,-0.045025214,-0.062804645,0.0097742718,0.121492435,-0.075200721,0.1743227709,0.1117548846,-0.97910466,4.0,0.4661555247999999,0.0,0.0003618868,0.0007437711999999,0.6152463689,0.1623209978999999,21.45344363,13.607154114,32.687321351,0.003441898,1.0,0.2086255426,0.0,0.4865566045,0.4807892239,0.5676550570000001,0.1719070008,0.062982908,-0.022672256,-0.088717258,0.0334240574,0.0,-0.001210676,0.011609726,-0.002745002,0.0186046923,0.0797448569,0.0921904666,7.0,0.0517684868,2.3711599999999997e-10,0.0546448119,0.0287380184,0.2745873027,4.5790092943000005,6.9341437e-09,58.0,3.394780996
2009-03-31,6721589.7198,1.1709664002,1.3711623105,-0.277456058,16.900924012,0.0437207458,-0.483164045,-0.030720336,-0.393316247,-0.474913827,-0.505010987,0.0468068553,3.2200036247000003,0.1347785117,-0.134778512,16.0,-0.206581438,0.1540784842999999,-0.27371567,0.4356855284,33.169384582,0.0688216093,-0.064333166,-0.048887082,-0.024209558,0.101082751,0.0113449354,-0.035158962,0.0,0.7870262381,0.1616228434,0.0,0.0,0.0,0.0249543865,0.0347741131,0.4295266069,0.6775876607,0.2200450044,0.1019170023,0.1796982167,0.2493390632,0.1572919641,0.3894663917,16646.309172,0.6002315118,0.0017965974,0.0639895038,-0.004186379,-0.045025214,-0.062804645,0.0097742718,0.121492435,-0.075200721,0.1743227709,0.1117548846,-0.97910466,4.0,0.4661555247999999,0.0,0.0003618868,0.0007437711999999,0.6152463689,0.1623209978999999,21.45344363,13.607154114,32.687321351,0.003441898,1.0,0.2086255426,0.0,0.4865566045,0.4807892239,0.5676550570000001,0.1719070008,0.062982908,-0.022672256,-0.088717258,0.0334240574,0.0,-0.001210676,0.011609726,-0.002745002,0.0186046923,0.0797448569,0.0921904666,7.0,0.050428117,1.797012e-10,0.0413135960999999,0.0329068591,0.2084710376,3.7581738403,6.8398019e-09,58.0,4.121969056
2009-04-30,8173626.7474,1.1652254893,1.3577504409,-0.102572416,16.934714176,0.0441180398,-0.4883592639999999,0.2142076641,-0.3846671439999999,-0.477142881,-0.534945531,0.0495132585,3.4932739794,0.1712344,-0.1712344,17.0,-0.061513755,0.1680273368,-0.2620411139999999,0.2787021208,18.038737201,0.1150876141,-0.150796199,-0.072132599,-0.003772256,-0.0049786679999999,0.0002073258,-0.00462727,0.0,0.7982828698000001,0.1858002977,0.0,0.0,0.0,0.0905308266,0.0288473363,0.3246705857,0.2765322926,0.1167703507,0.107111791,0.023255814,0.0770726802,0.2892414064999999,0.0397339827,8497.210451199999,0.4891404713,0.0017392164,-0.1028922769999999,0.01430274,0.1495918139,-0.191194313,0.033759059,0.1015740248,-0.041170112,0.1711843898999999,0.1014065919,-2.989540412,6.0,0.4818924967,0.0,0.0006583227,0.0006934412,0.6263096217,0.1125093773,32.215327335,14.987009238,31.51138088,0.0121906841,1.0,0.1032251299,0.0,0.9493562381,0.4439812608,1.8171826579,0.1719070008,0.062982908,-0.022672256,-0.088717258,0.0334240574,0.0,-0.001210676,0.011609726,-0.002745002,0.0186046923,0.0797448569,0.0921904666,7.0,0.0584042885,2.998084e-10,0.1102150977,0.0513560942999999,0.3346985368,4.6923315786,5.0045566e-09,58.0,5.364867017
2009-05-29,10638222.028,1.2141479481,1.4741552398,0.2922989926,17.294780145,0.0445675625,-0.426407306,0.3015301823999999,-0.153846195,-0.315465191,-0.564529126,0.0610379835,3.9464456221,0.1712344,-0.1712344,17.0,-0.061513755,0.1680273368,-0.2620411139999999,0.2787021208,18.038737201,0.1150876141,-0.150796199,-0.072132599,-0.003772256,-0.0049786679999999,0.0002073258,-0.00462727,0.0,0.7982828698000001,0.1858002977,0.0,0.0,0.0,0.0905308266,0.0288473363,0.3246705857,0.2765322926,0.1167703507,0.107111791,0.023255814,0.0770726802,0.2892414064999999,0.0397339827,8497.210451199999,0.4891404713,0.0017392164,-0.1028922769999999,0.01430274,0.1495918139,-0.191194313,0.033759059,0.1015740248,-0.041170112,0.1711843898999999,0.1014065919,-2.989540412,6.0,0.4818924967,0.0,0.0006583227,0.0006934412,0.6263096217,0.1125093773,32.215327335,14.987009238,31.51138088,0.0121906841,1.0,0.1032251299,0.0,0.9493562381,0.4439812608,1.8171826579,0.2344778859,0.0568169799,-0.017766686,-0.003016063,-0.102456143,1.0,0.0009725699,0.0141425172,0.0021797925,0.0068086114,0.0801964547,0.095626166,7.0,0.0502947832,1.520755e-10,0.0643521771,0.0338277315,0.4204908947,8.3473291729,4.6166053e-09,58.0,5.338896014
2009-06-30,10589601.253,1.189633586,1.4152280687999998,1.1204930571,17.686858548,0.046020553,-0.223132169,-0.004840919,0.6192608502,-0.2050577569999999,-0.4897615729999999,0.0486334301,4.0913270893,0.1712344,-0.1712344,17.0,-0.061513755,0.1680273368,-0.2620411139999999,0.2787021208,18.038737201,0.1150876141,-0.150796199,-0.072132599,-0.003772256,-0.0049786679999999,0.0002073258,-0.00462727,0.0,0.7982828698000001,0.1858002977,0.0,0.0,0.0,0.0905308266,0.0288473363,0.3246705857,0.2765322926,0.1167703507,0.107111791,0.023255814,0.0770726802,0.2892414064999999,0.0397339827,8497.210451199999,0.4891404713,0.0017392164,-0.1028922769999999,0.01430274,0.1495918139,-0.191194313,0.033759059,0.1015740248,-0.041170112,0.1711843898999999,0.1014065919,-2.989540412,6.0,0.4818924967,0.0,0.0006583227,0.0006934412,0.6263096217,0.1125093773,32.215327335,14.987009238,31.51138088,0.0121906841,1.0,0.1032251299,0.0,0.9493562381,0.4439812608,1.8171826579,0.2344778859,0.0568169799,-0.017766686,-0.003016063,-0.102456143,1.0,0.0009725699,0.0141425172,0.0021797925,0.0068086114,0.0801964547,0.095626166,7.0,0.0446969825,1.078316e-10,0.049598854,0.0259996929,0.3139151069999999,5.3648392081,5.7435353e-09,58.0,5.153388856
2009-07-31,10232763.253,1.1681758497,1.3646348158,0.8672710172,17.512633763,0.0468660884,-0.048156475,-0.034746353,0.5211416635,-0.085768728,-0.58315676,0.0317605932,3.957518202,0.1712344,-0.1712344,17.0,-0.061513755,0.3584381528,-0.756322095,0.2787021208,18.038737201,0.1150876141,-0.150796199,-0.072132599,-0.003772256,-0.0049786679999999,0.0002073258,-0.00462727,0.0,0.7982828698000001,0.1858002977,0.0,0.0,0.0,0.0905308266,0.0288473363,0.3246705857,0.2765322926,0.1167703507,0.107111791,0.023255814,0.0770726802,0.2892414064999999,0.0397339827,8497.210451199999,0.4891404713,0.0017392164,-0.1028922769999999,0.01430274,0.1495918139,-0.191194313,0.033759059,0.1015740248,-0.041170112,0.1711843898999999,0.1014065919,-2.989540412,6.0,0.4818924967,0.0,0.0006583227,0.0006934412,0.6263096217,0.1125093773,32.215327335,14.987009238,31.51138088,0.0121906841,1.0,0.1032251299,0.0,0.9493562381,0.4439812608,1.8171826579,0.8200464676000001,0.0715138146,-0.01536394,-0.046634046,0.0713114366,2.0,0.0113351902,0.0146230937999999,0.0258139628,-0.021829182,0.083536617,0.0940117514,7.0,0.037620141,1.212353e-10,0.0443349816,0.0264461072,0.2646895573,4.5091286488,5.5684649e-09,58.0,6.566953402
2009-08-31,13046670.562,1.1629013367,1.3523395188,1.2323861259,17.413112864000002,0.0463861776999999,-0.075315838,0.2742980719,0.471398389,-0.05445879,-0.570844289,0.0493653188999999,3.9904219238,0.1712344,-0.1712344,17.0,-0.061513755,0.3584381528,-0.756168952,0.2787021208,18.038737201,0.1150876141,-0.150796199,-0.072132599,-0.003772256,-0.0049786679999999,0.0002073258,-0.00462727,0.0,0.7982828698000001,0.1858002977,0.0,0.0,0.0,0.0905308266,0.0288473363,0.3246705857,0.2765322926,0.1167703507,0.107111791,0.023255814,0.0770726802,0.2892414064999999,0.0397339827,8497.210451199999,0.4891404713,0.0017392164,-0.1028922769999999,0.01430274,0.1495918139,-0.191194313,0.033759059,0.1015740248,-0.041170112,0.1711843898999999,0.1014065919,-2.989540412,6.0,0.4818924967,0.0,0.0006583227,0.0006934412,0.6263096217,0.1125093773,32.215327335,14.987009238,31.51138088,0.0121906841,1.0,0.1032251299,0.0,0.9493562381,0.4439812608,1.8171826579,0.8200464676000001,0.0715138146,-0.01536394,-0.046634046,0.0713114366,2.0,0.0113351902,0.0146230937999999,0.0258139628,-0.021829182,0.083536617,0.0940117514,7.0,0.0372118979,8.76353e-11,0.1837984919999999,0.0440850262999999,0.5232976349,19.205898828,4.318181e-09,58.0,7.04556187
2009-09-30,13997528.830999998,1.1900086969,1.4161206987,1.4873636349,17.910716043,0.0476439705,-0.0891014669999999,0.0728812963,0.9344263584,0.1375321158,-0.498226361,0.0283280455,3.8373175569,0.1712344,-0.1712344,17.0,-0.061513755,0.3584381528,-0.756168952,0.2787021208,18.038737201,0.1150876141,-0.150796199,-0.072132599,-0.003772256,-0.0049786679999999,0.0002073258,-0.00462727,0.0,0.7982828698000001,0.1858002977,0.0,0.0,0.0,0.0905308266,0.0288473363,0.3246705857,0.2765322926,0.1167703507,0.107111791,0.023255814,0.0770726802,0.2892414064999999,0.0397339827,8497.210451199999,0.4891404713,0.0017392164,-0.1028922769999999,0.01430274,0.1495918139,-0.191194313,0.033759059,0.1015740248,-0.041170112,0.1711843898999999,0.1014065919,-2.989540412,6.0,0.4818924967,0.0,0.0006583227,0.0006934412,0.6263096217,0.1125093773,32.215327335,14.987009238,31.51138088,0.0121906841,1.0,0.1032251299,0.0,0.9493562381,0.4439812608,1.8171826579,0.8200464676000001,0.0715138146,-0.01536394,-0.046634046,0.0713114366,2.0,0.0113351902,0.0146230937999999,0.0258139628,-0.021829182,0.083536617,0.0940117514,7.0,0.0295551116,7.715243000000001e-11,0.0398907922,0.0201120603,0.2524677367,4.1443087499,6.162747e-09,58.0,7.661445636
2009-10-30,15270674.718,1.1878262752,1.4109312599,1.1115439849,17.672423194,0.046853608,0.0592223101999999,0.0874144211,0.7092709265,0.2770678766,-0.563289269,0.0467383724,3.7868235294,0.1712344,-0.1712344,17.0,-0.061513755,0.3584381528,-0.750197821,0.2787021208,18.038737201,0.1150876141,-0.150796199,-0.072132599,-0.003772256,-0.0049786679999999,0.0002073258,-0.00462727,0.0,0.7982828698000001,0.1858002977,0.0,0.0,0.0,0.0905308266,0.0288473363,0.3246705857,0.2765322926,0.1167703507,0.107111791,0.023255814,0.0770726802,0.2892414064999999,0.0397339827,8497.210451199999,0.4891404713,0.0017392164,-0.1028922769999999,0.01430274,0.1495918139,-0.191194313,0.033759059,0.1015740248,-0.041170112,0.1711843898999999,0.1014065919,-2.989540412,6.0,0.4818924967,0.0,0.0006583227,0.0006934412,0.6263096217,0.1125093773,32.215327335,14.987009238,31.51138088,0.0121906841,1.0,0.1032251299,0.0,0.9493562381,0.4439812608,1.8171826579,0.6868940167,0.0557627857,-0.0087819159999999,-0.041042206,0.0930468002,0.0,0.0045204687,0.0158835335,0.0096726766,-0.023467372,0.0864247655,0.1004265702,6.0,0.0330057237,6.835144e-11,0.0463541336,0.0220492505,0.3063760955,5.081642592300001,6.1064612e-09,58.0,7.041851727
2009-11-30,14035709.660999998,1.1895694793,1.4150755461000002,0.2112916789,17.766107225,0.046681363,0.533090164,-0.080871679,0.4280774125,0.5727341078,-0.652185424,0.0286932456,3.2206817977,0.1712344,-0.1712344,17.0,-0.061513755,0.3584381528,-0.750197821,0.2787021208,18.038737201,0.1150876141,-0.150796199,-0.072132599,-0.003772256,-0.0049786679999999,0.0002073258,-0.00462727,0.0,0.7982828698000001,0.1858002977,0.0,0.0,0.0,0.0905308266,0.0288473363,0.3246705857,0.2765322926,0.1167703507,0.107111791,0.023255814,0.0770726802,0.2892414064999999,0.0397339827,8497.210451199999,0.4891404713,0.0017392164,-0.1028922769999999,0.01430274,0.1495918139,-0.191194313,0.033759059,0.1015740248,-0.041170112,0.1711843898999999,0.1014065919,-2.989540412,6.0,0.4818924967,0.0,0.0006583227,0.0006934412,0.6263096217,0.1125093773,32.215327335,14.987009238,31.51138088,0.0121906841,1.0,0.1032251299,0.0,0.9493562381,0.4439812608,1.8171826579,0.6868940167,0.0557627857,-0.0087819159999999,-0.041042206,0.0930468002,0.0,0.0045204687,0.0158835335,0.0096726766,-0.023467372,0.0864247655,0.1004265702,6.0,0.029824927,8.657366e-11,0.0416222364,0.0206370909,0.244881094,3.5841914933,6.8606356e-09,58.0,8.125213531
2009-12-31,16210379.718,1.1815182886,1.3959854663,-0.0895320209999999,17.521349397,0.0465491254999999,0.8365934733,0.1538461596,0.3189714288,1.1254197612,-0.746989637,0.024389316,3.0793939802,0.1712344,-0.1712344,17.0,-0.061513755,0.3584381528,-0.7472721179999999,0.2787021208,18.038737201,0.1150876141,-0.150796199,-0.072132599,-0.003772256,-0.0049786679999999,0.0002073258,-0.00462727,0.0,0.7982828698000001,0.1858002977,0.0,0.0,0.0,0.0905308266,0.0288473363,0.3246705857,0.2765322926,0.1167703507,0.107111791,0.023255814,0.0770726802,0.2892414064999999,0.0397339827,8497.210451199999,0.4891404713,0.0017392164,-0.1028922769999999,0.01430274,0.1495918139,-0.191194313,0.033759059,0.1015740248,-0.041170112,0.1711843898999999,0.1014065919,-2.989540412,6.0,0.4818924967,0.0,0.0006583227,0.0006934412,0.6263096217,0.1125093773,32.215327335,14.987009238,31.51138088,0.0121906841,1.0,0.1032251299,0.0,0.9493562381,0.4439812608,1.8171826579,0.6868940167,0.0557627857,-0.0087819159999999,-0.041042206,0.0930468002,0.0,0.0045204687,0.0158835335,0.0096726766,-0.023467372,0.0864247655,0.1004265702,6.0,0.0248185914,6.224987e-11,0.0720812157,0.0202336932,0.3675912686,6.6839985055,7.3398825e-09,58.0,8.555590138
2010-01-29,17135885.603,1.1902397487,1.4166706594999998,0.1918995443,17.692649399999997,0.0470279968,0.6442232641,0.0529680289,0.5766737808,1.3150104653,-0.73291924,0.0277930398,2.8415814725,0.1712344,-0.1712344,17.0,-0.061513755,0.3584381528,-0.763525971,0.2787021208,18.038737201,0.1150876141,-0.150796199,-0.072132599,-0.003772256,-0.0049786679999999,0.0002073258,-0.00462727,0.0,0.7982828698000001,0.1858002977,0.0,0.0,0.0,0.0905308266,0.0288473363,0.3246705857,0.2765322926,0.1167703507,0.107111791,0.023255814,0.0770726802,0.2892414064999999,0.0397339827,8497.210451199999,0.4891404713,0.0017392164,-0.1028922769999999,0.01430274,0.1495918139,-0.191194313,0.033759059,0.1015740248,-0.041170112,0.1711843898999999,0.1014065919,-2.989540412,6.0,0.4818924967,0.0,0.0006583227,0.0006934412,0.6263096217,0.1125093773,32.215327335,14.987009238,31.51138088,0.0121906841,1.0,0.1032251299,0.0,0.9493562381,0.4439812608,1.8171826579,1.8662882763,0.0631340121,0.0166237415,0.012834368,0.2016239427,1.0,0.0286861189,0.0157805377,0.0575958029,-0.01654671,0.0863259168,0.1005418383,6.0,0.0239859183999999,6.831971e-11,0.0642696768,0.021668926,0.5642071313,8.3186398629,7.416341999999999e-09,58.0,8.084401957
2010-02-26,16198686.681,1.1858588113,1.4062611204,-0.643926695,17.641208364,0.0473060945,0.7790638547,-0.05507366,0.3028247628,1.4427965996,-0.7298225540000001,0.0273096387999999,2.7982400682,0.1712344,-0.1712344,17.0,-0.061513755,0.3584381528,-0.7653344740000001,0.2787021208,18.038737201,0.1150876141,-0.150796199,-0.072132599,-0.003772256,-0.0049786679999999,0.0002073258,-0.00462727,0.0,0.7982828698000001,0.1858002977,0.0,0.0,0.0,0.0905308266,0.0288473363,0.3246705857,0.2765322926,0.1167703507,0.107111791,0.023255814,0.0770726802,0.2892414064999999,0.0397339827,8497.210451199999,0.4891404713,0.0017392164,-0.1028922769999999,0.01430274,0.1495918139,-0.191194313,0.033759059,0.1015740248,-0.041170112,0.1711843898999999,0.1014065919,-2.989540412,6.0,0.4818924967,0.0,0.0006583227,0.0006934412,0.6263096217,0.1125093773,32.215327335,14.987009238,31.51138088,0.0121906841,1.0,0.1032251299,0.0,0.9493562381,0.4439812608,1.8171826579,1.8662882763,0.0631340121,0.0166237415,0.012834368,0.2016239427,1.0,0.0286861189,0.0157805377,0.0575958029,-0.01654671,0.0863259168,0.1005418383,6.0,0.0292433535,5.123075e-11,0.024320785,0.0151853081,0.4246118183,6.983684407,8.3602858e-09,58.0,8.499937991
2010-03-31,17031293.887000002,1.1827932849,1.3989999549,-0.868985427,17.613272569,0.0471936626,0.9808085005,0.0513996742999999,0.1474460774,1.3814209017,-0.703883503,0.0176785265999999,2.4884608844,0.1712344,-0.1712344,17.0,-0.061513755,0.3584381528,-0.762870739,0.2787021208,18.038737201,0.1150876141,-0.150796199,-0.072132599,-0.003772256,-0.0049786679999999,0.0002073258,-0.00462727,0.0,0.7982828698000001,0.1858002977,0.0,0.0,0.0,0.0905308266,0.0288473363,0.3246705857,0.2765322926,0.1167703507,0.107111791,0.023255814,0.0770726802,0.2892414064999999,0.0397339827,8497.210451199999,0.4891404713,0.0017392164,-0.1028922769999999,0.01430274,0.1495918139,-0.191194313,0.033759059,0.1015740248,-0.041170112,0.1711843898999999,0.1014065919,-2.989540412,6.0,0.4818924967,0.0,0.0006583227,0.0006934412,0.6263096217,0.1125093773,32.215327335,14.987009238,31.51138088,0.0121906841,1.0,0.1032251299,0.0,0.9493562381,0.4439812608,1.8171826579,1.8662882763,0.0631340121,0.0166237415,0.012834368,0.2016239427,1.0,0.0286861189,0.0157805377,0.0575958029,-0.01654671,0.0863259168,0.1005418383,6.0,0.0226647802,5.638535e-11,0.0201926846,0.0123378931,0.2242463218,2.4083759278,1.1229065e-08,58.0,9.004517461
2010-04-30,18076296.341,1.1794222321,1.3910368017,-0.683383156,17.368695434,0.0472960522,0.7382025593000001,0.0593627505,0.1094431052,1.0621062066,-0.645727058,0.0272149464,2.5284538988,0.1774672427,-0.177467243,18.0,0.0168881993999999,0.4382733477,-0.700336704,0.3256910598,15.483238253,0.0905423643999999,-0.092253641,-0.151884879,0.0100611829,-0.145830471,-0.004960265,-0.0122589769999999,0.0,1.2876660342,0.2108105977,0.0,0.0,0.0,0.2227307398999999,0.0254744104,0.3145294926,-0.587540311,0.0241968461,0.1059928052,-0.193181818,-0.00780947,0.1642604061,-0.20342037,12604.891775,0.4232852875,0.0018231267,-0.16850902,0.6130448025999999,0.1346085035999999,0.0869531302999999,0.7993835355,-0.0183244189999999,0.1189459483,-0.052016834,-0.019093334,-2.554247697,6.0,0.8671094243999999,0.0,0.0004237044,0.0006649888,0.6280587276,0.1296867027,14.674373217,14.700857272,36.068634686,0.0141998908,1.0,-0.058595782,0.0,0.6371601117,0.4627276036,0.5001776504,1.8662882763,0.0631340121,0.0166237415,0.012834368,0.2016239427,1.0,0.0286861189,0.0157805377,0.0575958029,-0.01654671,0.0863259168,0.1005418383,6.0,0.0209846876,5.053429e-11,0.0356265716,0.0162089308,0.3800318186,4.8602634948,6.7985064e-09,58.0,9.678877312
2010-05-28,19357697.659,1.1756392809,1.3821277187,0.0614915875999999,17.737393010999998,0.0473696255999999,0.3717384703,0.0745776296,0.2787144868,0.6784232379,-0.533849139,0.0261694513,2.5149147765,0.1774672427,-0.177467243,18.0,0.0168881993999999,0.4382733477,-0.700336704,0.3256910598,15.483238253,0.0905423643999999,-0.092253641,-0.151884879,0.0100611829,-0.145830471,-0.004960265,-0.0122589769999999,0.0,1.2876660342,0.2108105977,0.0,0.0,0.0,0.2227307398999999,0.0254744104,0.3145294926,-0.587540311,0.0241968461,0.1059928052,-0.193181818,-0.00780947,0.1642604061,-0.20342037,12604.891775,0.4232852875,0.0018231267,-0.16850902,0.6130448025999999,0.1346085035999999,0.0869531302999999,0.7993835355,-0.0183244189999999,0.1189459483,-0.052016834,-0.019093334,-2.554247697,6.0,0.8671094243999999,0.0,0.0004237044,0.0006649888,0.6280587276,0.1296867027,14.674373217,14.700857272,36.068634686,0.0141998908,1.0,-0.058595782,0.0,0.6371601117,0.4627276036,0.5001776504,0.7942267327,0.1194412566,0.0115114762,0.0255513575999999,0.086775207,0.0,0.0281262305,0.0155747535,0.0532292406,-0.006075269,0.0860839159,0.1006521122,6.0,0.0246867721,4.68638e-11,0.0732572153,0.020224288,0.3770642488,7.1163790939,7.695129e-09,58.0,9.645347713
2010-06-30,19290638.545,1.1816884038,1.3963874836,-0.335147953,17.77425246,0.0471466923,0.3760837407999999,-0.003464209,0.1908675786,0.8123695993000001,-0.500520636,0.025271396,2.9273019947,0.1774672427,-0.177467243,18.0,0.0168881993999999,0.4382733477,-0.700336704,0.3256910598,15.483238253,0.0905423643999999,-0.092253641,-0.151884879,0.0100611829,-0.145830471,-0.004960265,-0.0122589769999999,0.0,1.2876660342,0.2108105977,0.0,0.0,0.0,0.2227307398999999,0.0254744104,0.3145294926,-0.587540311,0.0241968461,0.1059928052,-0.193181818,-0.00780947,0.1642604061,-0.20342037,12604.891775,0.4232852875,0.0018231267,-0.16850902,0.6130448025999999,0.1346085035999999,0.0869531302999999,0.7993835355,-0.0183244189999999,0.1189459483,-0.052016834,-0.019093334,-2.554247697,6.0,0.8671094243999999,0.0,0.0004237044,0.0006649888,0.6280587276,0.1296867027,14.674373217,14.700857272,36.068634686,0.0141998908,1.0,-0.058595782,0.0,0.6371601117,0.4627276036,0.5001776504,0.7942267327,0.1194412566,0.0115114762,0.0255513575999999,0.086775207,0.0,0.0281262305,0.0155747535,0.0532292406,-0.006075269,0.0860839159,0.1006521122,6.0,0.036184494,7.585357e-11,0.062454585,0.0301188091,0.2383905341,4.523457494800001,6.7797717e-09,58.0,9.052991481
2010-07-30,17989289.435,1.1529851642,1.3293747889,-0.602358231,17.946531294,0.0471245209999999,0.3281771046,-0.061413679,0.1270448215,0.8711052548999999,-0.4706554739999999,0.0333557946,2.9818938882,0.1774672427,-0.177467243,18.0,0.0168881993999999,0.1777381146999999,-0.444269481,0.3256910598,15.483238253,0.0905423643999999,-0.092253641,-0.151884879,0.0100611829,-0.145830471,-0.004960265,-0.0122589769999999,0.0,1.2876660342,0.2108105977,0.0,0.0,0.0,0.2227307398999999,0.0254744104,0.3145294926,-0.587540311,0.0241968461,0.1059928052,-0.193181818,-0.00780947,0.1642604061,-0.20342037,12604.891775,0.4232852875,0.0018231267,-0.16850902,0.6130448025999999,0.1346085035999999,0.0869531302999999,0.7993835355,-0.0183244189999999,0.1189459483,-0.052016834,-0.019093334,-2.554247697,6.0,0.8671094243999999,0.0,0.0004237044,0.0006649888,0.6280587276,0.1296867027,14.674373217,14.700857272,36.068634686,0.0141998908,1.0,-0.058595782,0.0,0.6371601117,0.4627276036,0.5001776504,0.9086309787,0.2223515144,0.0166353248,0.0205782033,0.0175969573,1.0,0.043304404,0.0150406275,0.0792921167999999,0.0062448117,0.0824766119,0.0966247471,6.0,0.0268220702,5.852115999999999e-11,0.0342412107,0.0209426932,0.230861733,4.0464447089,6.7246571e-09,58.0,9.25789458
2010-08-31,18391485.282,1.1627680226,1.3520294743,-0.08625242,17.794454692000002,0.0470494987,0.1307638956,0.0226337927999999,0.1194828712,0.3781656236,-0.336581697,0.0188086942999999,2.9744169707,0.1774672427,-0.177467243,18.0,0.0168881993999999,0.1777381146999999,-0.448306469,0.3256910598,15.483238253,0.0905423643999999,-0.092253641,-0.151884879,0.0100611829,-0.145830471,-0.004960265,-0.0122589769999999,0.0,1.2876660342,0.2108105977,0.0,0.0,0.0,0.2227307398999999,0.0254744104,0.3145294926,-0.587540311,0.0241968461,0.1059928052,-0.193181818,-0.00780947,0.1642604061,-0.20342037,12604.891775,0.4232852875,0.0018231267,-0.16850902,0.6130448025999999,0.1346085035999999,0.0869531302999999,0.7993835355,-0.0183244189999999,0.1189459483,-0.052016834,-0.019093334,-2.554247697,6.0,0.8671094243999999,0.0,0.0004237044,0.0006649888,0.6280587276,0.1296867027,14.674373217,14.700857272,36.068634686,0.0141998908,1.0,-0.058595782,0.0,0.6371601117,0.4627276036,0.5001776504,0.9086309787,0.2223515144,0.0166353248,0.0205782033,0.0175969573,1.0,0.043304404,0.0150406275,0.0792921167999999,0.0062448117,0.0824766119,0.0966247471,6.0,0.0293593641999999,5.379291e-11,0.0334384814,0.0167814698,0.2992820631,4.6607331662,7.7110171e-09,58.0,8.609988403
2010-09-30,17007497.661,1.1567704733,1.3381179278,-0.193811915,17.721517006,0.0471880139,0.1918687701,-0.070020154,0.0888542602999999,0.3136203825,-0.310707803,0.0184150913,2.6456915732,0.1774672427,-0.177467243,18.0,0.0168881993999999,0.1777381146999999,-0.429989654,0.3256910598,15.483238253,0.0905423643999999,-0.092253641,-0.151884879,0.0100611829,-0.145830471,-0.004960265,-0.0122589769999999,0.0,1.2876660342,0.2108105977,0.0,0.0,0.0,0.2227307398999999,0.0254744104,0.3145294926,-0.587540311,0.0241968461,0.1059928052,-0.193181818,-0.00780947,0.1642604061,-0.20342037,12604.891775,0.4232852875,0.0018231267,-0.16850902,0.6130448025999999,0.1346085035999999,0.0869531302999999,0.7993835355,-0.0183244189999999,0.1189459483,-0.052016834,-0.019093334,-2.554247697,6.0,0.8671094243999999,0.0,0.0004237044,0.0006649888,0.6280587276,0.1296867027,14.674373217,14.700857272,36.068634686,0.0141998908,1.0,-0.058595782,0.0,0.6371601117,0.4627276036,0.5001776504,0.9086309787,0.2223515144,0.0166353248,0.0205782033,0.0175969573,1.0,0.043304404,0.0150406275,0.0792921167999999,0.0062448117,0.0824766119,0.0966247471,6.0,0.0234223045,6.438557e-11,0.0236634929,0.0156853409,0.2175937938,2.6984700664,8.7909855e-09,58.0,9.579969697
2010-10-29,18909554.435,1.1616098473,1.3493374374,-0.112532255,17.465472042000002,0.0471161161,0.0820334912,0.1118363664,-0.044130524,0.1234359754,-0.21183211,0.0176596135,2.3454130592,0.1774672427,-0.177467243,18.0,0.0168881993999999,0.1777381146999999,-0.42412423,0.3256910598,15.483238253,0.0905423643999999,-0.092253641,-0.151884879,0.0100611829,-0.145830471,-0.004960265,-0.0122589769999999,0.0,1.2876660342,0.2108105977,0.0,0.0,0.0,0.2227307398999999,0.0254744104,0.3145294926,-0.587540311,0.0241968461,0.1059928052,-0.193181818,-0.00780947,0.1642604061,-0.20342037,12604.891775,0.4232852875,0.0018231267,-0.16850902,0.6130448025999999,0.1346085035999999,0.0869531302999999,0.7993835355,-0.0183244189999999,0.1189459483,-0.052016834,-0.019093334,-2.554247697,6.0,0.8671094243999999,0.0,0.0004237044,0.0006649888,0.6280587276,0.1296867027,14.674373217,14.700857272,36.068634686,0.0141998908,1.0,-0.058595782,0.0,0.6371601117,0.4627276036,0.5001776504,0.8150701853,0.2105717121999999,0.0206009884,-0.003491792,0.092861515,0.0,0.0356136095,0.0150886901,0.0648405096999999,0.0110910327,0.0823574007,0.0963094135,6.0,0.021739566,6.355501999999999e-11,0.0413851141999999,0.0165741286,0.2419083892,2.5325066622,1.0097532e-08,58.0,10.66604914
2010-11-30,21111551.605,1.1696058516,1.3679778481,-0.268551943,17.479441083,0.0465826799,0.2875186907,0.1178082301999999,-0.010987745,0.358979964,-0.288605734,0.0186785283,2.0878486934,0.1774672427,-0.177467243,18.0,0.0168881993999999,0.1777381146999999,-0.422358013,0.3256910598,15.483238253,0.0905423643999999,-0.092253641,-0.151884879,0.0100611829,-0.145830471,-0.004960265,-0.0122589769999999,0.0,1.2876660342,0.2108105977,0.0,0.0,0.0,0.2227307398999999,0.0254744104,0.3145294926,-0.587540311,0.0241968461,0.1059928052,-0.193181818,-0.00780947,0.1642604061,-0.20342037,12604.891775,0.4232852875,0.0018231267,-0.16850902,0.6130448025999999,0.1346085035999999,0.0869531302999999,0.7993835355,-0.0183244189999999,0.1189459483,-0.052016834,-0.019093334,-2.554247697,6.0,0.8671094243999999,0.0,0.0004237044,0.0006649888,0.6280587276,0.1296867027,14.674373217,14.700857272,36.068634686,0.0141998908,1.0,-0.058595782,0.0,0.6371601117,0.4627276036,0.5001776504,0.8150701853,0.2105717121999999,0.0206009884,-0.003491792,0.092861515,0.0,0.0356136095,0.0150886901,0.0648405096999999,0.0110910327,0.0823574007,0.0963094135,6.0,0.0227718531999999,4.872062e-11,0.0442477725,0.0155243965999999,0.2958423017,3.2656080227999995,1.0689031999999998e-08,58.0,11.50861153
2010-12-31,22677660.283000004,1.1617351001,1.3496284428999998,0.0069172986,17.532666912,0.0463807678,0.4228019564999999,0.0759804249,0.1093691253999999,0.3165351168,-0.063702448,0.0227163383999999,2.0724474555000003,0.1774672427,-0.177467243,18.0,0.0168881993999999,0.1777381146999999,-0.404384068,0.3256910598,15.483238253,0.0905423643999999,-0.092253641,-0.151884879,0.0100611829,-0.145830471,-0.004960265,-0.0122589769999999,0.0,1.2876660342,0.2108105977,0.0,0.0,0.0,0.2227307398999999,0.0254744104,0.3145294926,-0.587540311,0.0241968461,0.1059928052,-0.193181818,-0.00780947,0.1642604061,-0.20342037,12604.891775,0.4232852875,0.0018231267,-0.16850902,0.6130448025999999,0.1346085035999999,0.0869531302999999,0.7993835355,-0.0183244189999999,0.1189459483,-0.052016834,-0.019093334,-2.554247697,6.0,0.8671094243999999,0.0,0.0004237044,0.0006649888,0.6280587276,0.1296867027,14.674373217,14.700857272,36.068634686,0.0141998908,1.0,-0.058595782,0.0,0.6371601117,0.4627276036,0.5001776504,0.8150701853,0.2105717121999999,0.0206009884,-0.003491792,0.092861515,0.0,0.0356136095,0.0150886901,0.0648405096999999,0.0110910327,0.0823574007,0.0963094135,6.0,0.0235843655,5.873108e-11,0.0376470871,0.0171595823,0.4094891254,4.625692269,9.2522219e-09,58.0,12.0840421
2011-01-31,23949702.796,1.1662156404,1.36005892,0.2775224477,17.747353803,0.0452652246,0.4104273378999999,0.0500000231,0.2717631149,0.3453077163,0.1265266076,0.0361610074,1.9218194817,0.1774672427,-0.177467243,18.0,0.0168881993999999,0.1777381146999999,-0.405486397,0.3256910598,15.483238253,0.0905423643999999,-0.092253641,-0.151884879,0.0100611829,-0.145830471,-0.004960265,-0.0122589769999999,0.0,1.2876660342,0.2108105977,0.0,0.0,0.0,0.2227307398999999,0.0254744104,0.3145294926,-0.587540311,0.0241968461,0.1059928052,-0.193181818,-0.00780947,0.1642604061,-0.20342037,12604.891775,0.4232852875,0.0018231267,-0.16850902,0.6130448025999999,0.1346085035999999,0.0869531302999999,0.7993835355,-0.0183244189999999,0.1189459483,-0.052016834,-0.019093334,-2.554247697,6.0,0.8671094243999999,0.0,0.0004237044,0.0006649888,0.6280587276,0.1296867027,14.674373217,14.700857272,36.068634686,0.0141998908,1.0,-0.058595782,0.0,0.6371601117,0.4627276036,0.5001776504,0.2607646960999999,0.2247659862,0.0082691118,0.0031550031,-0.01309279,0.0,0.0338340358,0.0149100912,0.0587122282,0.0115151083,0.0818097959999999,0.0968060752,6.0,0.01788273,4.561881e-11,0.0359477252,0.0130817812,0.4660603873,3.3928606037,1.2388942e-08,58.0,11.85838306
2011-02-28,23521380.512,1.1620092055,1.3502653937,0.1365905338,17.462280579,0.0446410243,0.3600029515999999,-0.018674148,0.3057961798,0.4949029074,0.1523003953,0.0379027973,2.1034517426,0.1774672427,-0.177467243,18.0,0.0168881993999999,0.1777381146999999,-0.4069216679999999,0.3256910598,15.483238253,0.0905423643999999,-0.092253641,-0.151884879,0.0100611829,-0.145830471,-0.004960265,-0.0122589769999999,0.0,1.2876660342,0.2108105977,0.0,0.0,0.0,0.2227307398999999,0.0254744104,0.3145294926,-0.587540311,0.0241968461,0.1059928052,-0.193181818,-0.00780947,0.1642604061,-0.20342037,12604.891775,0.4232852875,0.0018231267,-0.16850902,0.6130448025999999,0.1346085035999999,0.0869531302999999,0.7993835355,-0.0183244189999999,0.1189459483,-0.052016834,-0.019093334,-2.554247697,6.0,0.8671094243999999,0.0,0.0004237044,0.0006649888,0.6280587276,0.1296867027,14.674373217,14.700857272,36.068634686,0.0141998908,1.0,-0.058595782,0.0,0.6371601117,0.4627276036,0.5001776504,0.2607646960999999,0.2247659862,0.0082691118,0.0031550031,-0.01309279,0.0,0.0338340358,0.0149100912,0.0587122282,0.0115151083,0.0818097959999999,0.0968060752,6.0,0.0238933666999999,4.102615e-11,0.0348583534,0.0162605244,0.3556372442,4.9617917632,8.8281184e-09,58.0,12.45342739
2011-03-31,24603079.659,1.1699670678,1.3688229397,0.4343267145,17.880132942,0.0449184537,0.3142528188,0.0501109697,0.3778917404,0.3952704236,0.2743352076,0.0207456728,1.989963807,0.1774672427,-0.177467243,18.0,0.0168881993999999,0.1777381146999999,-0.4070814829999999,0.3256910598,15.483238253,0.0905423643999999,-0.092253641,-0.151884879,0.0100611829,-0.145830471,-0.004960265,-0.0122589769999999,0.0,1.2876660342,0.2108105977,0.0,0.0,0.0,0.2227307398999999,0.0254744104,0.3145294926,-0.587540311,0.0241968461,0.1059928052,-0.193181818,-0.00780947,0.1642604061,-0.20342037,12604.891775,0.4232852875,0.0018231267,-0.16850902,0.6130448025999999,0.1346085035999999,0.0869531302999999,0.7993835355,-0.0183244189999999,0.1189459483,-0.052016834,-0.019093334,-2.554247697,6.0,0.8671094243999999,0.0,0.0004237044,0.0006649888,0.6280587276,0.1296867027,14.674373217,14.700857272,36.068634686,0.0141998908,1.0,-0.058595782,0.0,0.6371601117,0.4627276036,0.5001776504,0.2607646960999999,0.2247659862,0.0082691118,0.0031550031,-0.01309279,0.0,0.0338340358,0.0149100912,0.0587122282,0.0115151083,0.0818097959999999,0.0968060752,6.0,0.0204145358,4.644396e-11,0.0238021798,0.0153244455,0.2354583361,2.3329118445,1.2159351000000001e-08,58.0,13.95252098
2011-04-29,27564700.569,1.1745605954,1.3795925923,0.3952822575,17.656921707000002,0.043283036,0.2077699078,0.1203760207,0.3013958487,0.3830850450999999,0.3868571272,0.0428448641,2.5142649413,0.1269445861,-0.126944586,19.0,-0.145083202,0.2144447089,-0.359585511,0.5574806164,9.0618265848,0.0898572372,-0.0480620999999999,0.0024799097,-0.000403823,-0.847286698,-0.020329859,0.031891377,0.0,1.5493226912,0.2112145664999999,1.0,0.0,0.0141039338,0.2065206685,0.0498381157,0.431394348,-0.552361605,0.0841950396,0.1173967606,-0.035211268,0.0118706067999999,0.1424940035,0.0728997182,15439.395536000002,0.4894821346,0.0018938992,-0.1443007359999999,0.2032022669,0.0019162642999999,0.2529604209,0.4345866068999999,0.2783156594,-0.021543155,-0.161743378,0.34060755,-0.802982234,7.0,1.243943567,1.0,0.0004743475,0.0008405402,0.6285428022999999,0.2277725926,7.385941918999999,19.70808025,35.372976544000004,0.0047324353999999,1.0,0.0954310151,0.0,0.5643365485,0.5098957234,0.8088124615000001,0.2607646960999999,0.2247659862,0.0082691118,0.0031550031,-0.01309279,0.0,0.0338340358,0.0149100912,0.0587122282,0.0115151083,0.0818097959999999,0.0968060752,6.0,0.0261550729999999,4.181015e-11,0.0993051602999999,0.0275924885,0.4509688846999999,8.702337398400001,5.927045999999999e-09,58.0,13.66554085
2011-05-31,27135520.572,1.1539705985,1.3316481421,0.1723833104,18.298103235,0.0444208584999999,0.1479290277,-0.020297699,0.3043853703,0.4420319914,0.6069007738000001,0.0182099041,2.2983577908,0.1269445861,-0.126944586,19.0,-0.145083202,0.2144447089,-0.359585511,0.5574806164,9.0618265848,0.0898572372,-0.0480620999999999,0.0024799097,-0.000403823,-0.847286698,-0.020329859,0.031891377,0.0,1.5493226912,0.2112145664999999,1.0,0.0,0.0141039338,0.2065206685,0.0498381157,0.431394348,-0.552361605,0.0841950396,0.1173967606,-0.035211268,0.0118706067999999,0.1424940035,0.0728997182,15439.395536000002,0.4894821346,0.0018938992,-0.1443007359999999,0.2032022669,0.0019162642999999,0.2529604209,0.4345866068999999,0.2783156594,-0.021543155,-0.161743378,0.34060755,-0.802982234,7.0,1.243943567,1.0,0.0004743475,0.0008405402,0.6285428022999999,0.2277725926,7.385941918999999,19.70808025,35.372976544000004,0.0047324353999999,1.0,0.0954310151,0.0,0.5643365485,0.5098957234,0.8088124615000001,0.8174719578,0.2270157691,0.0135202984,0.0416863128,0.0676016151,1.0,0.0449338638999999,0.0155400197,0.0792127013,0.0219148567,0.0844209405,0.1001470792,6.0,0.0202299977,3.791567e-11,0.020188041,0.0109668407,0.3695532378,4.7751163819,1.1984506e-08,58.0,13.9417227
2011-06-30,27577784.686,1.1434556915,1.3074909184,0.0176324009,17.713296273,0.0444128175,0.2379923196,0.0198895056,0.1876697006,0.417673177,0.4287878743,0.0131556237999999,2.2472509783000003,0.1269445861,-0.126944586,19.0,-0.145083202,0.2144447089,-0.359585511,0.5574806164,9.0618265848,0.0898572372,-0.0480620999999999,0.0024799097,-0.000403823,-0.847286698,-0.020329859,0.031891377,0.0,1.5493226912,0.2112145664999999,1.0,0.0,0.0141039338,0.2065206685,0.0498381157,0.431394348,-0.552361605,0.0841950396,0.1173967606,-0.035211268,0.0118706067999999,0.1424940035,0.0728997182,15439.395536000002,0.4894821346,0.0018938992,-0.1443007359999999,0.2032022669,0.0019162642999999,0.2529604209,0.4345866068999999,0.2783156594,-0.021543155,-0.161743378,0.34060755,-0.802982234,7.0,1.243943567,1.0,0.0004743475,0.0008405402,0.6285428022999999,0.2277725926,7.385941918999999,19.70808025,35.372976544000004,0.0047324353999999,1.0,0.0954310151,0.0,0.5643365485,0.5098957234,0.8088124615000001,0.8174719578,0.2270157691,0.0135202984,0.0416863128,0.0676016151,1.0,0.0449338638999999,0.0155400197,0.0792127013,0.0219148567,0.0844209405,0.1001470792,6.0,0.019525418,4.289557e-11,0.0371105224,0.0136405553,0.2703331501,2.3074898231,1.2033356000000002e-08,58.0,14.96489887
2011-07-29,29601705.258,1.1361862078,1.2909190988,-0.0970770369999999,17.681392535,0.0436984251999999,0.4409944231,0.0733895302,0.1536112735,0.5404763138,0.5497796812,0.0291885406,1.8423486575,0.1269445861,-0.126944586,19.0,-0.145083202,0.1534340542999999,-0.287565261,0.5574806164,9.0618265848,0.0898572372,-0.0480620999999999,0.0024799097,-0.000403823,-0.847286698,-0.020329859,0.031891377,0.0,1.5493226912,0.2112145664999999,1.0,0.0,0.0141039338,0.2065206685,0.0498381157,0.431394348,-0.552361605,0.0841950396,0.1173967606,-0.035211268,0.0118706067999999,0.1424940035,0.0728997182,15439.395536000002,0.4894821346,0.0018938992,-0.1443007359999999,0.2032022669,0.0019162642999999,0.2529604209,0.4345866068999999,0.2783156594,-0.021543155,-0.161743378,0.34060755,-0.802982234,7.0,1.243943567,1.0,0.0004743475,0.0008405402,0.6285428022999999,0.2277725926,7.385941918999999,19.70808025,35.372976544000004,0.0047324353999999,1.0,0.0954310151,0.0,0.5643365485,0.5098957234,0.8088124615000001,1.6253788944999998,0.2958549148,0.0057034220999999,0.0015115559,-0.013668351,2.0,0.0542758264,0.0163044798,0.0943206248,0.0094808816,0.0811004818,0.0948575906,6.0,0.0197111286,4.755287e-11,0.0331665762,0.0142339335,0.2603158838,2.2301818966,1.0180456e-08,58.0,15.19227135
2011-08-31,29911149.114,1.1299622933,1.2768147843000002,-0.000401572,17.872906705,0.0430300933,0.365259591,0.0151936803,0.261838013,0.616933802,0.6981382348999999,0.0394707301,1.8720966805,0.1269445861,-0.126944586,19.0,-0.145083202,0.1534340542999999,-0.287211983,0.5574806164,9.0618265848,0.0898572372,-0.0480620999999999,0.0024799097,-0.000403823,-0.8470201009999999,-0.020329859,0.031891377,0.0,1.5493226912,0.2112145664999999,1.0,0.0,0.0141039338,0.2065206685,0.0498381157,0.431394348,-0.552361605,0.0841950396,0.1173967606,-0.035211268,0.0118706067999999,0.1424940035,0.0728997182,15439.395536000002,0.4894821346,0.0018938992,-0.1443007359999999,0.2032022669,0.0019162642999999,0.2529604209,0.4345866068999999,0.2783156594,-0.021543155,-0.161743378,0.34060755,-0.802982234,7.0,1.243943567,1.0,0.0004743475,0.0008405402,0.6285428022999999,0.2277725926,7.385941918999999,19.70808025,35.372976544000004,0.0047324353999999,1.0,0.0954310151,0.0,0.5643365485,0.5098957234,0.8088124615000001,1.6253788944999998,0.2958549148,0.0057034220999999,0.0015115559,-0.013668351,2.0,0.0542758264,0.0163044798,0.0943206248,0.0094808816,0.0811004818,0.0948575906,6.0,0.0223122831999999,4.143528e-11,0.0259173289,0.0146954447,0.3664005603,4.2447029177,1.1412044e-08,58.0,14.68720147
2011-09-30,28814381.203,1.122840957,1.2607718146,-0.267832948,17.863104911,0.0428142121,0.3839607134,-0.033424824,0.2198805777,0.7650930658,0.4909351593,0.0258521985,2.3662552828,0.1269445861,-0.126944586,19.0,-0.145083202,0.1534340542999999,-0.287211983,0.5574806164,9.0618265848,0.0898572372,-0.0480620999999999,0.0024799097,-0.000403823,-0.8470201009999999,-0.020329859,0.031891377,0.0,1.5493226912,0.2112145664999999,1.0,0.0,0.0141039338,0.2065206685,0.0498381157,0.431394348,-0.552361605,0.0841950396,0.1173967606,-0.035211268,0.0118706067999999,0.1424940035,0.0728997182,15439.395536000002,0.4894821346,0.0018938992,-0.1443007359999999,0.2032022669,0.0019162642999999,0.2529604209,0.4345866068999999,0.2783156594,-0.021543155,-0.161743378,0.34060755,-0.802982234,7.0,1.243943567,1.0,0.0004743475,0.0008405402,0.6285428022999999,0.2277725926,7.385941918999999,19.70808025,35.372976544000004,0.0047324353999999,1.0,0.0954310151,0.0,0.5643365485,0.5098957234,0.8088124615000001,1.6253788944999998,0.2958549148,0.0057034220999999,0.0015115559,-0.013668351,2.0,0.0542758264,0.0163044798,0.0943206248,0.0094808816,0.0811004818,0.0948575906,6.0,0.0438774598,7.29694e-11,0.0676065162,0.0401356473,0.3597782763,5.7570664016,5.9869922e-09,58.0,14.18140193
2011-10-31,27646806.679,1.1217583491,1.2583417938,-0.441875881,18.332378336,0.0404728754,0.1648294894,-0.034438066,0.0524201355,0.5344840225,0.7345957223999999,0.0455528843,2.5069908282,0.1269445861,-0.126944586,19.0,-0.145083202,0.1534340542999999,-0.288230692,0.5574806164,9.0618265848,0.0898572372,-0.0480620999999999,0.0024799097,-0.000403823,-0.847286698,-0.020329859,0.031891377,0.0,1.5493226912,0.2112145664999999,1.0,0.0,0.0141039338,0.2065206685,0.0498381157,0.431394348,-0.552361605,0.0841950396,0.1173967606,-0.035211268,0.0118706067999999,0.1424940035,0.0728997182,15439.395536000002,0.4894821346,0.0018938992,-0.1443007359999999,0.2032022669,0.0019162642999999,0.2529604209,0.4345866068999999,0.2783156594,-0.021543155,-0.161743378,0.34060755,-0.802982234,7.0,1.243943567,1.0,0.0004743475,0.0008405402,0.6285428022999999,0.2277725926,7.385941918999999,19.70808025,35.372976544000004,0.0047324353999999,1.0,0.0954310151,0.0,0.5643365485,0.5098957234,0.8088124615000001,0.3139630228,0.2742757128999999,0.0012693866,-0.002517203,0.0004616751999999,0.0,0.0377284991,0.0164431339,0.06454081,0.0090717995,0.0795970263999999,0.0958405995,6.0,0.0351768333,5.4088609999999996e-11,0.0499999747,0.0232051504,0.241143775,2.6170959474,8.7430504e-09,58.0,16.10191896
2011-11-30,31405704.453,1.1627709225,1.3520362181,-0.099655903,18.009321008,0.0338420043,0.008928115,0.1359613687,0.0372302074,0.3254861793,1.1958962162,0.0059544203,2.5512740363,0.1269445861,-0.126944586,19.0,-0.145083202,0.1534340542999999,-0.288230692,0.5574806164,9.0618265848,0.0898572372,-0.0480620999999999,0.0024799097,-0.000403823,-0.8470201009999999,-0.020329859,0.031891377,0.0,1.5493226912,0.2112145664999999,1.0,0.0,0.0141039338,0.2065206685,0.0498381157,0.431394348,-0.552361605,0.0841950396,0.1173967606,-0.035211268,0.0118706067999999,0.1424940035,0.0728997182,15439.395536000002,0.4894821346,0.0018938992,-0.1443007359999999,0.2032022669,0.0019162642999999,0.2529604209,0.4345866068999999,0.2783156594,-0.021543155,-0.161743378,0.34060755,-0.802982234,7.0,1.243943567,1.0,0.0004743475,0.0008405402,0.6285428022999999,0.2277725926,7.385941918999999,19.70808025,35.372976544000004,0.0047324353999999,1.0,0.0954310151,0.0,0.5643365485,0.5098957234,0.8088124615000001,0.3139630228,0.2742757128999999,0.0012693866,-0.002517203,0.0004616751999999,0.0,0.0377284991,0.0164431339,0.06454081,0.0090717995,0.0795970263999999,0.0958405995,6.0,0.0316237234,6.723643e-11,0.04228222,0.0235085806999999,0.2273344819,3.092152987,9.9178005e-09,58.0,16.60011888
2011-12-30,32409991.659,1.0074550256,1.0149656285,-0.020834401,18.004723226,0.0330565687,0.0643394326999999,0.030453233,0.1552755858,0.3993759175999999,2.4739970172,0.1062865698,2.1459810464,0.1269445861,-0.126944586,19.0,-0.145083202,0.1534340542999999,-0.279222827,0.5574806164,9.0618265848,0.0898572372,-0.0480620999999999,0.0024799097,-0.000403823,-0.8470201009999999,-0.020329859,0.031891377,0.0,1.5493226912,0.2112145664999999,1.0,0.0,0.0141039338,0.2065206685,0.0498381157,0.431394348,-0.552361605,0.0841950396,0.1173967606,-0.035211268,0.0118706067999999,0.1424940035,0.0728997182,15439.395536000002,0.4894821346,0.0018938992,-0.1443007359999999,0.2032022669,0.0019162642999999,0.2529604209,0.4345866068999999,0.2783156594,-0.021543155,-0.161743378,0.34060755,-0.802982234,7.0,1.243943567,1.0,0.0004743475,0.0008405402,0.6285428022999999,0.2277725926,7.385941918999999,19.70808025,35.372976544000004,0.0047324353999999,1.0,0.0954310151,0.0,0.5643365485,0.5098957234,0.8088124615000001,0.3139630228,0.2742757128999999,0.0012693866,-0.002517203,0.0004616751999999,0.0,0.0377284991,0.0164431339,0.06454081,0.0090717995,0.0795970263999999,0.0958405995,6.0,0.0241711851,5.934277e-11,0.0673912317,0.0232382805,0.3895824179,4.1583507986,1.0402898e-08,58.0,17.56604116
2012-01-31,34470690.742,1.0076135117,1.015284989,-0.064676661,17.985674561,0.0333054535,0.0400670616999999,0.0581876449,0.1090637919,0.3733251493,2.4433334811000003,0.0787051962,1.8138868242,0.1269445861,-0.126944586,19.0,-0.145083202,0.1534340542999999,-0.275954015,0.5574806164,9.0618265848,0.0898572372,-0.0480620999999999,0.0024799097,-0.000403823,-0.847286698,-0.020329859,0.031891377,0.0,1.5493226912,0.2112145664999999,1.0,0.0,0.0141039338,0.2065206685,0.0498381157,0.431394348,-0.552361605,0.0841950396,0.1173967606,-0.035211268,0.0118706067999999,0.1424940035,0.0728997182,15439.395536000002,0.4894821346,0.0018938992,-0.1443007359999999,0.2032022669,0.0019162642999999,0.2529604209,0.4345866068999999,0.2783156594,-0.021543155,-0.161743378,0.34060755,-0.802982234,7.0,1.243943567,1.0,0.0004743475,0.0008405402,0.6285428022999999,0.2277725926,7.385941918999999,19.70808025,35.372976544000004,0.0047324353999999,1.0,0.0954310151,0.0,0.5643365485,0.5098957234,0.8088124615000001,0.8175308454000001,0.2750852377,0.0032222203999999,8.2325e-05,-0.001445743,1.0,0.0397432979,0.0166419602,0.0646857196,0.0108342889999999,0.0829638714,0.1001017206,6.0,0.0182745879,4.586071e-11,0.0330124348,0.0126881553,0.2886199372,1.9009311292,1.4832461e-08,58.0,18.29907308
2012-02-29,36102926.62,1.0251576256,1.0509481574,-0.076986699,17.696697944,0.0330052641,0.0574823077,0.0415127128,0.1560332031,0.4808900661,2.3861912919,0.0397968607,1.6831864437,0.1269445861,-0.126944586,19.0,-0.145083202,0.1534340542999999,-0.275163203,0.5574806164,9.0618265848,0.0898572372,-0.0480620999999999,0.0024799097,-0.000403823,-0.847286698,-0.020329859,0.031891377,0.0,1.5493226912,0.2112145664999999,1.0,0.0,0.0141039338,0.2065206685,0.0498381157,0.431394348,-0.552361605,0.0841950396,0.1173967606,-0.035211268,0.0118706067999999,0.1424940035,0.0728997182,15439.395536000002,0.4894821346,0.0018938992,-0.1443007359999999,0.2032022669,0.0019162642999999,0.2529604209,0.4345866068999999,0.2783156594,-0.021543155,-0.161743378,0.34060755,-0.802982234,7.0,1.243943567,1.0,0.0004743475,0.0008405402,0.6285428022999999,0.2277725926,7.385941918999999,19.70808025,35.372976544000004,0.0047324353999999,1.0,0.0954310151,0.0,0.5643365485,0.5098957234,0.8088124615000001,0.8175308454000001,0.2750852377,0.0032222203999999,8.2325e-05,-0.001445743,1.0,0.0397432979,0.0166419602,0.0646857196,0.0108342889999999,0.0829638714,0.1001017206,6.0,0.0180602461,2.864677e-11,0.019542858,0.0097798549,0.3686009302,3.6205274128,1.3014375e-08,58.0,18.60505176
2012-03-30,36585105.035,1.0100861061,1.0202739417,0.0876086117,17.91772222,0.0312430109,0.0670482673,0.0169032402,0.2456592182,0.4687646111999999,2.6685765259,-0.117039908,1.4315568809,0.1269445861,-0.126944586,19.0,-0.145083202,0.1534340542999999,-0.278578856,0.5574806164,9.0618265848,0.0898572372,-0.0480620999999999,0.0024799097,-0.000403823,-0.847286698,-0.020329859,0.031891377,0.0,1.5493226912,0.2112145664999999,1.0,0.0,0.0141039338,0.2065206685,0.0498381157,0.431394348,-0.552361605,0.0841950396,0.1173967606,-0.035211268,0.0118706067999999,0.1424940035,0.0728997182,15439.395536000002,0.4894821346,0.0018938992,-0.1443007359999999,0.2032022669,0.0019162642999999,0.2529604209,0.4345866068999999,0.2783156594,-0.021543155,-0.161743378,0.34060755,-0.802982234,7.0,1.243943567,1.0,0.0004743475,0.0008405402,0.6285428022999999,0.2277725926,7.385941918999999,19.70808025,35.372976544000004,0.0047324353999999,1.0,0.0954310151,0.0,0.5643365485,0.5098957234,0.8088124615000001,0.8175308454000001,0.2750852377,0.0032222203999999,8.2325e-05,-0.001445743,1.0,0.0397432979,0.0166419602,0.0646857196,0.0108342889999999,0.0829638714,0.1001017206,6.0,0.0126354440999999,2.776896e-11,0.0140991146,0.007687831,0.2392709518,1.6846314876,1.7823994e-08,58.0,21.41343375
2012-04-30,42169004.539000005,0.8897978783,0.7917402642,0.4937439464,17.619950193,0.0299439721,0.112039124,0.150947243,0.3118939872,0.3331162617,2.3850759562,0.1308905168,1.6446007471,0.0533525385,-0.053352539,20.0,-0.152601826,0.1833592691,-0.257363678,0.6232494231,10.222212903,0.0580551482,-0.063660678,-0.146229005,0.002962564,0.081505342,0.0614710868,0.0044399125,0.0,1.8281626361,0.2222080679,0.0,0.0,0.015104276,0.1932674776,0.0448519587,0.4203009756,0.1936714542,0.0795996013,0.1194744182,0.0875912408999999,0.1091310544,0.1070477308,0.0996819056,23127.903574,0.4577583459,0.0018123772,-0.4202353729999999,0.1799753831,0.0520489737,0.0228976093999999,0.0956254519999999,-0.68491547,-0.184102157,-0.024205088,-0.385291546,-0.294372642,7.0,1.3628962328,1.0,0.0005400814,0.0012820075,0.6224464961,0.2422323969,5.7055639538,12.114723545,30.272703752,0.0025477707,1.0,0.0927396007,0.0,0.4212778815,0.5591088935,0.2772262007,0.8175308454000001,0.2750852377,0.0032222203999999,8.2325e-05,-0.001445743,1.0,0.0397432979,0.0166419602,0.0646857196,0.0108342889999999,0.0829638714,0.1001017206,6.0,0.0168589497,2.611155e-11,0.0291840639,0.0117006171,0.3638227066,3.5707182767,9.631165e-09,58.0,21.98430539
2012-05-31,43515144.19,0.9181165748,0.8429380448999999,0.1861453686,18.228794761,0.0293353833,0.1505529108,0.0264805797,0.3292008067,0.566135431,1.5480520922999998,0.1073186173,2.0463142167,0.0533525385,-0.053352539,20.0,-0.152601826,0.1833592691,-0.240499295,0.6232494231,10.222212903,0.0580551482,-0.063660678,-0.146229005,0.002962564,0.081505342,0.0614710868,0.0044399125,0.0,1.8281626361,0.2222080679,0.0,0.0,0.015104276,0.1932674776,0.0448519587,0.4203009756,0.1936714542,0.0795996013,0.1194744182,0.0875912408999999,0.1091310544,0.1070477308,0.0996819056,23127.903574,0.4577583459,0.0018123772,-0.4202353729999999,0.1799753831,0.0520489737,0.0228976093999999,0.0956254519999999,-0.68491547,-0.184102157,-0.024205088,-0.385291546,-0.294372642,7.0,1.3628962328,1.0,0.0005400814,0.0012820075,0.6224464961,0.2422323969,5.7055639538,12.114723545,30.272703752,0.0025477707,1.0,0.0927396007,0.0,0.4212778815,0.5591088935,0.2772262007,0.4355528699,0.2786125754,0.001847821,-0.006151938,0.07152097,2.0,0.0504804305999999,0.0175297046,0.0825785337,0.0069742508999999,0.0868657899,0.1049875597,6.0,0.0255477103,2.904396e-11,0.0442937538,0.0235394175999999,0.3958694063,6.7216006486,7.5956786e-09,58.0,21.09484865
2012-06-29,41634064.537,0.9347765942,0.8738072809999999,0.0803050903,18.157035775,0.0304186933,0.1396163094999999,-0.040264938,0.3240764071999999,0.5762566399,1.6113730347,0.0085569349,2.4417243963,0.0533525385,-0.053352539,20.0,-0.152601826,0.1833592691,-0.240499295,0.6232494231,10.222212903,0.0580551482,-0.063660678,-0.146229005,0.002962564,0.081505342,0.0614710868,0.0044399125,0.0,1.8281626361,0.2222080679,0.0,0.0,0.015104276,0.1932674776,0.0448519587,0.4203009756,0.1936714542,0.0795996013,0.1194744182,0.0875912408999999,0.1091310544,0.1070477308,0.0996819056,23127.903574,0.4577583459,0.0018123772,-0.4202353729999999,0.1799753831,0.0520489737,0.0228976093999999,0.0956254519999999,-0.68491547,-0.184102157,-0.024205088,-0.385291546,-0.294372642,7.0,1.3628962328,1.0,0.0005400814,0.0012820075,0.6224464961,0.2422323969,5.7055639538,12.114723545,30.272703752,0.0025477707,1.0,0.0927396007,0.0,0.4212778815,0.5591088935,0.2772262007,0.4355528699,0.2786125754,0.001847821,-0.006151938,0.07152097,2.0,0.0504804305999999,0.0175297046,0.0825785337,0.0069742508999999,0.0868657899,0.1049875597,6.0,0.0238034965,2.956426e-11,0.0421114303,0.0178673968,0.2107667895,2.32340786,8.3381813e-09,58.0,20.49147987
2012-07-31,40331247.769,0.9588962043,0.9194819306,-0.00706029,18.315157452,0.0276300991,0.0939396046,-0.0286026539999999,0.2008858342,0.4093567353,1.9039211428,0.0012274408,2.4780671053,0.0533525385,-0.053352539,20.0,-0.152601826,0.1273951843,-0.387513193,0.6232494231,10.222212903,0.0580551482,-0.063660678,-0.146229005,0.002962564,0.081505342,0.0614710868,0.0044399125,0.0,1.8281626361,0.2222080679,0.0,0.0,0.015104276,0.1932674776,0.0448519587,0.4203009756,0.1936714542,0.0795996013,0.1194744182,0.0875912408999999,0.1091310544,0.1070477308,0.0996819056,23127.903574,0.4577583459,0.0018123772,-0.4202353729999999,0.1799753831,0.0520489737,0.0228976093999999,0.0956254519999999,-0.68491547,-0.184102157,-0.024205088,-0.385291546,-0.294372642,7.0,1.3628962328,1.0,0.0005400814,0.0012820075,0.6224464961,0.2422323969,5.7055639538,12.114723545,30.272703752,0.0025477707,1.0,0.0927396007,0.0,0.4212778815,0.5591088935,0.2772262007,1.3977449206,0.2901117974,0.0039820519,0.0021261075,0.0043139406,3.0,0.0519129395,0.0182822578,0.0871399576,0.0140092481,0.0827203629,0.0994051432,6.0,0.0260527928,4.6604629999999997e-11,0.0335570462,0.0232211993,0.2795123644,2.9513726232,9.4898736e-09,58.0,17.40161681
2012-08-31,34412799.072,0.8832331078,0.7801007226000001,-0.252870393,18.276709205,0.0277137158999999,0.1397329927999999,-0.150787711,0.1200413568999999,0.3485558654,1.3134637471,0.0212698591,2.2634407895,0.0533525385,-0.053352539,20.0,-0.152601826,0.1273951843,-0.387513193,0.6232494231,10.222212903,0.0580551482,-0.063660678,-0.146229005,0.002962564,0.081505342,0.0614710868,0.0044399125,0.0,1.8281626361,0.2222080679,0.0,0.0,0.015104276,0.1932674776,0.0448519587,0.4203009756,0.1936714542,0.0795996013,0.1194744182,0.0875912408999999,0.1091310544,0.1070477308,0.0996819056,23127.903574,0.4577583459,0.0018123772,-0.4202353729999999,0.1799753831,0.0520489737,0.0228976093999999,0.0956254519999999,-0.68491547,-0.184102157,-0.024205088,-0.385291546,-0.294372642,7.0,1.3628962328,1.0,0.0005400814,0.0012820075,0.6224464961,0.2422323969,5.7055639538,12.114723545,30.272703752,0.0025477707,1.0,0.0927396007,0.0,0.4212778815,0.5591088935,0.2772262007,1.3977449206,0.2901117974,0.0039820519,0.0021261075,0.0043139406,3.0,0.0519129395,0.0182822578,0.0871399576,0.0140092481,0.0827203629,0.0994051432,6.0,0.0241566477,4.022005e-11,0.0395754612999999,0.027176682,0.4753223283,7.5484181297,9.3619291e-09,58.0,19.13979414
2012-09-28,37703600.464,0.8664763590000001,0.7507812806,-0.238416425,18.15116593,0.0291626872,0.1868428915,0.0993816704,-0.064657436,0.1848123582,1.0842348871,-0.010074968,2.4376310497,0.0533525385,-0.053352539,20.0,-0.152601826,0.1273951843,-0.3834203129999999,0.6232494231,10.222212903,0.0580551482,-0.063660678,-0.146229005,0.002962564,0.081505342,0.0614710868,0.0044399125,0.0,1.8281626361,0.2222080679,0.0,0.0,0.015104276,0.1932674776,0.0448519587,0.4203009756,0.1936714542,0.0795996013,0.1194744182,0.0875912408999999,0.1091310544,0.1070477308,0.0996819056,23127.903574,0.4577583459,0.0018123772,-0.4202353729999999,0.1799753831,0.0520489737,0.0228976093999999,0.0956254519999999,-0.68491547,-0.184102157,-0.024205088,-0.385291546,-0.294372642,7.0,1.3628962328,1.0,0.0005400814,0.0012820075,0.6224464961,0.2422323969,5.7055639538,12.114723545,30.272703752,0.0025477707,1.0,0.0927396007,0.0,0.4212778815,0.5591088935,0.2772262007,1.3977449206,0.2901117974,0.0039820519,0.0021261075,0.0043139406,3.0,0.0519129395,0.0182822578,0.0871399576,0.0140092481,0.0827203629,0.0994051432,6.0,0.018058918,2.195256e-11,0.0420883596,0.0153716034,0.2846884046,4.1481611225,6.8740869e-09,58.0,19.57961202
2012-10-31,37824588.317,0.8643342761,0.7470737408,-0.5966739999999999,18.147368555,0.0299801347,0.2830963503,0.0221729185,-0.106563331,0.3490185806,0.8506816067,0.0155742587,2.3134790186000003,0.0533525385,-0.053352539,20.0,-0.152601826,0.1273951843,-0.3834203129999999,0.6232494231,10.222212903,0.0580551482,-0.063660678,-0.146229005,0.002962564,0.081505342,0.0614710868,0.0044399125,0.0,1.8281626361,0.2222080679,0.0,0.0,0.015104276,0.1932674776,0.0448519587,0.4203009756,0.1936714542,0.0795996013,0.1194744182,0.0875912408999999,0.1091310544,0.1070477308,0.0996819056,23127.903574,0.4577583459,0.0018123772,-0.4202353729999999,0.1799753831,0.0520489737,0.0228976093999999,0.0956254519999999,-0.68491547,-0.184102157,-0.024205088,-0.385291546,-0.294372642,7.0,1.3628962328,1.0,0.0005400814,0.0012820075,0.6224464961,0.2422323969,5.7055639538,12.114723545,30.272703752,0.0025477707,1.0,0.0927396007,0.0,0.4212778815,0.5591088935,0.2772262007,1.1904500409,0.2790607631,0.0028886106,0.0143214299,-0.008773323,0.0,0.0395374955,0.0181932906,0.0649094871,0.0096838854,0.0714273248,0.0917535359,6.0,0.0189915277,2.8462759999999998e-11,0.0215321705,0.0129764701,0.2503468879,2.6223128314,1.2602328e-08,58.0,17.70845698
2012-11-30,34236811.138000004,0.8519477234,0.7258149234000001,-0.5591010279999999,18.068848186,0.0295914947,0.186335788,-0.094853036,-0.110312669,0.2138883396,1.2872788953,-0.022519231,2.4891281155,0.0533525385,-0.053352539,20.0,-0.152601826,0.1273951843,-0.363941422,0.6232494231,10.222212903,0.0580551482,-0.063660678,-0.146229005,0.002962564,0.081505342,0.0614710868,0.0044399125,0.0,1.8281626361,0.2222080679,0.0,0.0,0.015104276,0.1932674776,0.0448519587,0.4203009756,0.1936714542,0.0795996013,0.1194744182,0.0875912408999999,0.1091310544,0.1070477308,0.0996819056,23127.903574,0.4577583459,0.0018123772,-0.4202353729999999,0.1799753831,0.0520489737,0.0228976093999999,0.0956254519999999,-0.68491547,-0.184102157,-0.024205088,-0.385291546,-0.294372642,7.0,1.3628962328,1.0,0.0005400814,0.0012820075,0.6224464961,0.2422323969,5.7055639538,12.114723545,30.272703752,0.0025477707,1.0,0.0927396007,0.0,0.4212778815,0.5591088935,0.2772262007,1.1904500409,0.2790607631,0.0028886106,0.0143214299,-0.008773323,0.0,0.0395374955,0.0181932906,0.0649094871,0.0096838854,0.0714273248,0.0917535359,6.0,0.0214928026,2.412291e-11,0.0270610656999999,0.0148942237,0.2228535985999999,3.4797028745,7.5339715e-09,58.0,20.09498743
2012-12-31,38570531.206,0.8295078876,0.6880833355,-0.318704549,18.178981935,0.0295711597,0.1521724679,0.1346404552,-0.160916571,0.0662757997,1.0426760648,0.0135740582,2.2620154004,0.0533525385,-0.053352539,20.0,-0.152601826,0.1273951843,-0.360871603,0.6232494231,10.222212903,0.0580551482,-0.063660678,-0.146229005,0.002962564,0.081505342,0.0614710868,0.0044399125,0.0,1.8281626361,0.2222080679,0.0,0.0,0.015104276,0.1932674776,0.0448519587,0.4203009756,0.1936714542,0.0795996013,0.1194744182,0.0875912408999999,0.1091310544,0.1070477308,0.0996819056,23127.903574,0.4577583459,0.0018123772,-0.4202353729999999,0.1799753831,0.0520489737,0.0228976093999999,0.0956254519999999,-0.68491547,-0.184102157,-0.024205088,-0.385291546,-0.294372642,7.0,1.3628962328,1.0,0.0005400814,0.0012820075,0.6224464961,0.2422323969,5.7055639538,12.114723545,30.272703752,0.0025477707,1.0,0.0927396007,0.0,0.4212778815,0.5591088935,0.2772262007,1.1904500409,0.2790607631,0.0028886106,0.0143214299,-0.008773323,0.0,0.0395374955,0.0181932906,0.0649094871,0.0096838854,0.0714273248,0.0917535359,6.0,0.0206088878,3.5933190000000005e-11,0.0905260816,0.0231203775,0.4908618883,6.758867716599999,9.5035967e-09,58.0,20.77295597
2013-01-31,40163507.8,0.8532908623000001,0.7281052956,-0.1531905999999999,18.197179541,0.0304970666,0.1513988935,0.0339310244,-0.019908787,0.1433129697,1.0528017138,-0.007340691,2.3307664932,0.0533525385,-0.053352539,20.0,-0.152601826,0.1273951843,-0.35944527,0.6232494231,10.222212903,0.0580551482,-0.063660678,-0.146229005,0.002962564,0.081505342,0.0614710868,0.0044399125,0.0,1.8281626361,0.2222080679,0.0,0.0,0.015104276,0.1932674776,0.0448519587,0.4203009756,0.1936714542,0.0795996013,0.1194744182,0.0875912408999999,0.1091310544,0.1070477308,0.0996819056,23127.903574,0.4577583459,0.0018123772,-0.4202353729999999,0.1799753831,0.0520489737,0.0228976093999999,0.0956254519999999,-0.68491547,-0.184102157,-0.024205088,-0.385291546,-0.294372642,7.0,1.3628962328,1.0,0.0005400814,0.0012820075,0.6224464961,0.2422323969,5.7055639538,12.114723545,30.272703752,0.0025477707,1.0,0.0927396007,0.0,0.4212778815,0.5591088935,0.2772262007,1.6153312824,0.3005933396999999,0.0040998619,0.0190292938999999,-0.055981582,1.0,0.0415787173,0.016089741,0.0648434913,0.0091650643999999,0.0756987001,0.0935485214,6.0,0.0201805937,2.5331e-11,0.0572947375,0.0162380624,0.5657106928,6.504510595399999,1.0576676e-08,58.0,21.74148245
2013-02-28,42050715.2,0.8539657767000001,0.7292575478,0.2975285132,18.097013441,0.0305928057,0.1260515835,0.0464291982,0.1932784364,0.1349902266,1.26263042,-0.0460641429999999,2.0508261044,0.0533525385,-0.053352539,20.0,-0.152601826,0.1273951843,-0.365145655,0.6232494231,10.222212903,0.0580551482,-0.063660678,-0.146229005,0.002962564,0.081505342,0.0614710868,0.0044399125,0.0,1.8281626361,0.2222080679,0.0,0.0,0.015104276,0.1932674776,0.0448519587,0.4203009756,0.1936714542,0.0795996013,0.1194744182,0.0875912408999999,0.1091310544,0.1070477308,0.0996819056,23127.903574,0.4577583459,0.0018123772,-0.4202353729999999,0.1799753831,0.0520489737,0.0228976093999999,0.0956254519999999,-0.68491547,-0.184102157,-0.024205088,-0.385291546,-0.294372642,7.0,1.3628962328,1.0,0.0005400814,0.0012820075,0.6224464961,0.2422323969,5.7055639538,12.114723545,30.272703752,0.0025477707,1.0,0.0927396007,0.0,0.4212778815,0.5591088935,0.2772262007,1.6153312824,0.3005933396999999,0.0040998619,0.0190292938999999,-0.055981582,1.0,0.0415787173,0.016089741,0.0648434913,0.0091650643999999,0.0756987001,0.0935485214,6.0,0.0150231662999999,2.006669e-11,0.041048225,0.0126843911,0.3040331412,3.4234168691000004,1.0887588e-08,58.0,21.31766201
2013-03-28,41099103.857,0.8527024617,0.7271014882,0.0860517186999999,18.202999017,0.0305333652,0.110057448,-0.018888105,0.1358033622,0.1679448602,1.1883934928,-0.017865882,1.7618325983,0.0533525385,-0.053352539,20.0,-0.152601826,0.1273951843,-0.36721365,0.6232494231,10.222212903,0.0580551482,-0.063660678,-0.146229005,0.002962564,0.081505342,0.0614710868,0.0044399125,0.0,1.8281626361,0.2222080679,0.0,0.0,0.015104276,0.1932674776,0.0448519587,0.4203009756,0.1936714542,0.0795996013,0.1194744182,0.0875912408999999,0.1091310544,0.1070477308,0.0996819056,23127.903574,0.4577583459,0.0018123772,-0.4202353729999999,0.1799753831,0.0520489737,0.0228976093999999,0.0956254519999999,-0.68491547,-0.184102157,-0.024205088,-0.385291546,-0.294372642,7.0,1.3628962328,1.0,0.0005400814,0.0012820075,0.6224464961,0.2422323969,5.7055639538,12.114723545,30.272703752,0.0025477707,1.0,0.0927396007,0.0,0.4212778815,0.5591088935,0.2772262007,1.6153312824,0.3005933396999999,0.0040998619,0.0190292938999999,-0.055981582,1.0,0.0415787173,0.016089741,0.0648434913,0.0091650643999999,0.0756987001,0.0935485214,6.0,0.0171189495,3.186831e-11,0.0242117289,0.0121607183,0.263846155,1.9690505079,1.7651572e-08,58.0,22.14983633
2013-04-30,42615685.571,0.8606437867,0.7407077276,0.2186698464,17.797309693,0.0301815725999999,0.1237969801999999,0.0382862762,0.0901777665,-0.004398679,1.3775854455,-0.033816136,1.571130849,0.0470487047,-0.047048705,21.0,-0.116678441,0.1485203774,-0.348915537,0.6364473987,14.888268532,0.0460641593,-0.075831811,0.0115533613999999,0.0060418904,0.0174077804,0.0353924362999999,-0.0069320619999999,0.0,1.900443479,0.2069652864,0.0,0.0,0.0143090233,0.1651348948,0.0364186618,0.4263626977,0.9428182437,0.1173842717,0.1096711083,0.0738255033999999,0.1379952177,0.0817090758,0.0442635633,33497.909171,0.4494687085,0.0018072181,0.352187054,0.0395374249,-0.068596886,0.0325544961,-0.01780642,-0.148792288,-0.120509278,-0.122879844,-0.115749973,-0.264850412,7.0,1.3386279301,0.0,,,0.6059306688,0.2440461735,6.528964163,10.712444623,27.370858201,,0.0,0.1366705412,0.0,0.3500144471999999,0.545798922,0.2766168817,1.6153312824,0.3005933396999999,0.0040998619,0.0190292938999999,-0.055981582,1.0,0.0415787173,0.016089741,0.0648434913,0.0091650643999999,0.0756987001,0.0935485214,5.0,0.0142993343999999,2.37297e-11,0.0201401319,0.0096664623999999,0.2990549873,2.2004640908,1.4658453000000002e-08,58.0,23.65863839
2013-05-31,45550908.11399999,0.8539541706999999,0.7292377256999999,0.5306540725,17.969349063,0.0300705146,0.1374119573,0.0683055222,0.2505335141,0.0070518707,1.2711670328,-0.051193929,1.415252215,0.0470487047,-0.047048705,21.0,-0.116678441,0.1485203774,-0.363315609,0.6364473987,14.888268532,0.0460641593,-0.075831811,0.0115533613999999,0.0060418904,0.0174077804,0.0353924362999999,-0.0069320619999999,0.0,1.900443479,0.2069652864,0.0,0.0,0.0143090233,0.1651348948,0.0364186618,0.4263626977,0.9428182437,0.1173842717,0.1096711083,0.0738255033999999,0.1379952177,0.0817090758,0.0442635633,33497.909171,0.4494687085,0.0018072181,0.352187054,0.0395374249,-0.068596886,0.0325544961,-0.01780642,-0.148792288,-0.120509278,-0.122879844,-0.115749973,-0.264850412,7.0,1.3386279301,0.0,,,0.6059306688,0.2440461735,6.528964163,10.712444623,27.370858201,,0.0,0.1366705412,0.0,0.3500144471999999,0.545798922,0.2766168817,0.8744312469,0.2478343391,0.0046600728,0.0546689593,0.1068598960999999,2.0,0.043206682,0.0135450503,0.0666666667,0.0087506902,0.0787217918,0.0910205406,5.0,0.0169868287,3.370407e-11,0.0244416986,0.011115265,0.2677483974,1.8196856862,1.373989e-08,58.0,24.60851994
2013-06-28,47272917.543000005,0.874073358,0.7640042351,0.2739405348,18.003682267000002,0.0300238052999999,0.1812247476,0.0412557386,0.1774230794,0.1209750662,1.1872958834,-0.031539744,1.3586810456,0.0470487047,-0.047048705,21.0,-0.116678441,0.1485203774,-0.363315609,0.6364473987,14.888268532,0.0460641593,-0.075831811,0.0115533613999999,0.0060418904,0.0174077804,0.0353924362999999,-0.0069320619999999,0.0,1.900443479,0.2069652864,0.0,0.0,0.0143090233,0.1651348948,0.0364186618,0.4263626977,0.9428182437,0.1173842717,0.1096711083,0.0738255033999999,0.1379952177,0.0817090758,0.0442635633,33497.909171,0.4494687085,0.0018072181,0.352187054,0.0395374249,-0.068596886,0.0325544961,-0.01780642,-0.148792288,-0.120509278,-0.122879844,-0.115749973,-0.264850412,7.0,1.3386279301,0.0,,,0.6059306688,0.2440461735,6.528964163,10.712444623,27.370858201,,0.0,0.1366705412,0.0,0.3500144471999999,0.545798922,0.2766168817,0.8744312469,0.2478343391,0.0046600728,0.0546689593,0.1068598960999999,2.0,0.043206682,0.0135450503,0.0666666667,0.0087506902,0.0787217918,0.0910205406,5.0,0.0131719574,3.094172e-11,0.0246770102999999,0.0092587285,0.1884568528,0.9926311896,1.7309211e-08,58.0,25.55275045
2013-07-31,49204562.605,0.8755545982999999,0.7665958545,0.2169260964,17.810243284000002,0.0295371718,0.2804394498999999,0.0375356786,0.1857643395,0.2015903949,1.2637591971,-0.095436965,1.3177876852,0.0470487047,-0.047048705,21.0,-0.116678441,0.1274689458,-0.35444832,0.6364473987,14.888268532,0.0460641593,-0.075831811,0.0115533613999999,0.0060418904,0.0174077804,0.0353924362999999,-0.0069320619999999,0.0,1.900443479,0.2069652864,0.0,0.0,0.0143090233,0.1651348948,0.0364186618,0.4263626977,0.9428182437,0.1173842717,0.1096711083,0.0738255033999999,0.1379952177,0.0817090758,0.0442635633,33497.909171,0.4494687085,0.0018072181,0.352187054,0.0395374249,-0.068596886,0.0325544961,-0.01780642,-0.148792288,-0.120509278,-0.122879844,-0.115749973,-0.264850412,7.0,1.3386279301,0.0,,,0.6059306688,0.2440461735,6.528964163,10.712444623,27.370858201,,0.0,0.1366705412,0.0,0.3500144471999999,0.545798922,0.2766168817,0.8348570198,0.2897139021,3.82868e-05,-0.017408635,0.0334299041,3.0,0.0525841930999999,0.0122373082,0.0845958113,0.0088961355,0.0724698425,0.0950784888,5.0,0.0188106657,3.518225e-11,0.0320533216,0.0142273358,0.2087980273999999,1.4175343063,1.5947176e-08,58.0,27.79627335
2013-08-30,53566555.701000005,0.8591365223999999,0.7381155640000001,0.0307190422,18.024529603,0.0294371452,0.329060629,0.0882155299,0.1756866214,0.4680580134,0.879863684,-0.074047352,1.3276222163,0.0470487047,-0.047048705,21.0,-0.116678441,0.1274689458,-0.35444832,0.6364473987,14.888268532,0.0460641593,-0.075831811,0.0115533613999999,0.0060418904,0.0174077804,0.0353924362999999,-0.0069320619999999,0.0,1.900443479,0.2069652864,0.0,0.0,0.0143090233,0.1651348948,0.0364186618,0.4263626977,0.9428182437,0.1173842717,0.1096711083,0.0738255033999999,0.1379952177,0.0817090758,0.0442635633,33497.909171,0.4494687085,0.0018072181,0.352187054,0.0395374249,-0.068596886,0.0325544961,-0.01780642,-0.148792288,-0.120509278,-0.122879844,-0.115749973,-0.264850412,7.0,1.3386279301,0.0,,,0.6059306688,0.2440461735,6.528964163,10.712444623,27.370858201,,0.0,0.1366705412,0.0,0.3500144471999999,0.545798922,0.2766168817,0.8348570198,0.2897139021,3.82868e-05,-0.017408635,0.0334299041,3.0,0.0525841930999999,0.0122373082,0.0845958113,0.0088961355,0.0724698425,0.0950784888,5.0,0.0164458623,2.981997e-11,0.0761332363,0.0195717788,0.4290670843,3.883172371,1.3515135e-08,58.0,27.59368374
2013-09-30,52988725.478,0.8402258570000001,0.7059794906999999,0.1794555105999999,18.182436356,0.0298268016,0.3577426457,-0.00784139,0.304031116,0.453147321,1.2222929735,-0.071243845,1.2762258807,0.0470487047,-0.047048705,21.0,-0.116678441,0.1274689458,-0.35444832,0.6364473987,14.888268532,0.0460641593,-0.075831811,0.0115533613999999,0.0060418904,0.0174077804,0.0353924362999999,-0.0069320619999999,0.0,1.900443479,0.2069652864,0.0,0.0,0.0143090233,0.1651348948,0.0364186618,0.4263626977,0.9428182437,0.1173842717,0.1096711083,0.0738255033999999,0.1379952177,0.0817090758,0.0442635633,33497.909171,0.4494687085,0.0018072181,0.352187054,0.0395374249,-0.068596886,0.0325544961,-0.01780642,-0.148792288,-0.120509278,-0.122879844,-0.115749973,-0.264850412,7.0,1.3386279301,0.0,,,0.6059306688,0.2440461735,6.528964163,10.712444623,27.370858201,,0.0,0.1366705412,0.0,0.3500144471999999,0.545798922,0.2766168817,0.8348570198,0.2897139021,3.82868e-05,-0.017408635,0.0334299041,3.0,0.0525841930999999,0.0122373082,0.0845958113,0.0088961355,0.0724698425,0.0950784888,5.0,0.0142609523,3.316345e-11,0.0307340808,0.011815096,0.2300296802,1.1907948145,1.9891482e-08,58.0,30.11749627
2013-10-31,57973804.919,0.8395395437000001,0.7048266454000001,0.22815306,17.785332835,0.029464827,0.2767041994999999,0.0914634839,0.2460972755,0.4104782083,1.0430773478,-0.019371626,1.1606266596,0.0470487047,-0.047048705,21.0,-0.116678441,0.1274689458,-0.35444832,0.6364473987,14.888268532,0.0460641593,-0.075831811,0.0115533613999999,0.0060418904,0.0174077804,0.0353924362999999,-0.0069320619999999,0.0,1.900443479,0.2069652864,0.0,0.0,0.0143090233,0.1651348948,0.0364186618,0.4263626977,0.9428182437,0.1173842717,0.1096711083,0.0738255033999999,0.1379952177,0.0817090758,0.0442635633,33497.909171,0.4494687085,0.0018072181,0.352187054,0.0395374249,-0.068596886,0.0325544961,-0.01780642,-0.148792288,-0.120509278,-0.122879844,-0.115749973,-0.264850412,7.0,1.3386279301,0.0,,,0.6059306688,0.2440461735,6.528964163,10.712444623,27.370858201,,0.0,0.1366705412,0.0,0.3500144471999999,0.545798922,0.2766168817,0.4341803832,0.1996636402,0.0064072941,0.0057211888,0.0103425975,0.0,0.04597119,0.0080300093,0.0755034530999999,0.008299761,0.0603503968,0.0654449813,6.0,0.0162126201,3.148188e-11,0.0245029517,0.0103891861,0.251182444,1.2372931396,2.1464049e-08,58.0,31.71395444
2013-11-29,61046862.299,0.8451740405,0.7143191587000001,0.0046420005,17.89231534,0.0294040649,0.4131527104999999,0.0530076883999999,0.2731092794,0.7008127084,0.65438508,-0.081726963,1.1355316702,0.0470487047,-0.047048705,21.0,-0.116678441,0.1274689458,-0.35444832,0.6364473987,14.888268532,0.0460641593,-0.075831811,0.0115533613999999,0.0060418904,0.0174077804,0.0353924362999999,-0.0069320619999999,0.0,1.900443479,0.2069652864,0.0,0.0,0.0143090233,0.1651348948,0.0364186618,0.4263626977,0.9428182437,0.1173842717,0.1096711083,0.0738255033999999,0.1379952177,0.0817090758,0.0442635633,33497.909171,0.4494687085,0.0018072181,0.352187054,0.0395374249,-0.068596886,0.0325544961,-0.01780642,-0.148792288,-0.120509278,-0.122879844,-0.115749973,-0.264850412,7.0,1.3386279301,0.0,,,0.6059306688,0.2440461735,6.528964163,10.712444623,27.370858201,,0.0,0.1366705412,0.0,0.3500144471999999,0.545798922,0.2766168817,0.4341803832,0.1996636402,0.0064072941,0.0057211888,0.0103425975,0.0,0.04597119,0.0080300093,0.0755034530999999,0.008299761,0.0603503968,0.0654449813,6.0,0.015957565,2.993246e-11,0.0247143302,0.0118940255,0.3833843563,2.6584333219,1.3644512e-08,58.0,31.97702909
2013-12-31,61388255.31,0.8182618285,0.6695524199,0.0721223413,18.259397484,0.0292541721,0.4347479192,0.0082664527,0.2874780034,0.5784461501,0.74457843,-0.038568461,1.1981066314,0.0470487047,-0.047048705,21.0,-0.116678441,0.1274689458,-0.342663281,0.6364473987,14.888268532,0.0460641593,-0.075831811,0.0115533613999999,0.0060418904,0.0174077804,0.0353924362999999,-0.0069320619999999,0.0,1.900443479,0.2069652864,0.0,0.0,0.0143090233,0.1651348948,0.0364186618,0.4263626977,0.9428182437,0.1173842717,0.1096711083,0.0738255033999999,0.1379952177,0.0817090758,0.0442635633,33497.909171,0.4494687085,0.0018072181,0.352187054,0.0395374249,-0.068596886,0.0325544961,-0.01780642,-0.148792288,-0.120509278,-0.122879844,-0.115749973,-0.264850412,7.0,1.3386279301,0.0,,,0.6059306688,0.2440461735,6.528964163,10.712444623,27.370858201,,0.0,0.1366705412,0.0,0.3500144471999999,0.545798922,0.2766168817,0.4341803832,0.1996636402,0.0064072941,0.0057211888,0.0103425975,0.0,0.04597119,0.0080300093,0.0755034530999999,0.008299761,0.0603503968,0.0654449813,6.0,0.0154788321999999,2.081793e-11,0.0269381218,0.0124023394,0.3146601491,1.7900955484,1.8250932e-08,58.0,30.77190413
2014-01-31,59302034.538,0.8094486517,0.6552071197,-0.0262676279999999,18.113700659000003,0.0289738586,0.4652066253,-0.037687205,0.2511578216,0.5392654472,0.7178797367,-0.000842813,1.2722758742,0.0470487047,-0.047048705,21.0,-0.116678441,0.1274689458,-0.341123766,0.6364473987,14.888268532,0.0460641593,-0.075831811,0.0115533613999999,0.0060418904,0.0174077804,0.0353924362999999,-0.0069320619999999,0.0,1.900443479,0.2069652864,0.0,0.0,0.0143090233,0.1651348948,0.0364186618,0.4263626977,0.9428182437,0.1173842717,0.1096711083,0.0738255033999999,0.1379952177,0.0817090758,0.0442635633,33497.909171,0.4494687085,0.0018072181,0.352187054,0.0395374249,-0.068596886,0.0325544961,-0.01780642,-0.148792288,-0.120509278,-0.122879844,-0.115749973,-0.264850412,7.0,1.3386279301,0.0,,,0.6059306688,0.2440461735,6.528964163,10.712444623,27.370858201,,0.0,0.1366705412,0.0,0.3500144471999999,0.545798922,0.2766168817,1.3397973569,0.2255804202,0.0042845623,-0.000500382,0.084034292,1.0,0.049136755,0.0073755616,0.0785131732,0.0087756092,0.0689532833,0.0733132304,6.0,0.0135557267999999,1.753334e-11,0.0208963603,0.0097278479,0.4469820132,3.2436712712,1.6901549999999997e-08,58.0,27.91807401
2014-02-28,53759610.076000005,0.8337266454000001,0.6951001192,-0.2756065669999999,18.106793038,0.0288525896,0.4383753143,-0.092741378,0.106403233,0.4155327829,0.8318477112,-0.066547688,1.4486625215,0.0470487047,-0.047048705,21.0,-0.116678441,0.1274689458,-0.342475993,0.6364473987,14.888268532,0.0460641593,-0.075831811,0.0115533613999999,0.0060418904,0.0174077804,0.0353924362999999,-0.0069320619999999,0.0,1.900443479,0.2069652864,0.0,0.0,0.0143090233,0.1651348948,0.0364186618,0.4263626977,0.9428182437,0.1173842717,0.1096711083,0.0738255033999999,0.1379952177,0.0817090758,0.0442635633,33497.909171,0.4494687085,0.0018072181,0.352187054,0.0395374249,-0.068596886,0.0325544961,-0.01780642,-0.148792288,-0.120509278,-0.122879844,-0.115749973,-0.264850412,7.0,1.3386279301,0.0,,,0.6059306688,0.2440461735,6.528964163,10.712444623,27.370858201,,0.0,0.1366705412,0.0,0.3500144471999999,0.545798922,0.2766168817,1.3397973569,0.2255804202,0.0042845623,-0.000500382,0.084034292,1.0,0.049136755,0.0073755616,0.0785131732,0.0087756092,0.0689532833,0.0733132304,6.0,0.0177561671,2.2734879999999998e-11,0.0216651317,0.0134704998,0.4317823739999999,4.6221012656000005,1.0864633999999996e-08,58.0,27.96067795
2014-03-31,53638663.308,0.8186221103,0.6701421595,-0.280655968,18.406663989,0.0275026425,0.3089774437,0.0014060226,0.0117272203,0.3089784444,0.7114834829000001,0.0866846274,1.6302493038,0.0470487047,-0.047048705,21.0,-0.116678441,0.1274689458,-0.346667994,0.6364473987,14.888268532,0.0460641593,-0.075831811,0.0115533613999999,0.0060418904,0.0174077804,0.0353924362999999,-0.0069320619999999,0.0,1.900443479,0.2069652864,0.0,0.0,0.0143090233,0.1651348948,0.0364186618,0.4263626977,0.9428182437,0.1173842717,0.1096711083,0.0738255033999999,0.1379952177,0.0817090758,0.0442635633,33497.909171,0.4494687085,0.0018072181,0.352187054,0.0395374249,-0.068596886,0.0325544961,-0.01780642,-0.148792288,-0.120509278,-0.122879844,-0.115749973,-0.264850412,7.0,1.3386279301,0.0,,,0.6059306688,0.2440461735,6.528964163,10.712444623,27.370858201,,0.0,0.1366705412,0.0,0.3500144471999999,0.545798922,0.2766168817,1.3397973569,0.2255804202,0.0042845623,-0.000500382,0.084034292,1.0,0.049136755,0.0073755616,0.0785131732,0.0087756092,0.0689532833,0.0733132304,6.0,0.0203929649,2.547703e-11,0.0281281750999999,0.0168798451,0.3098795491,3.0478892268,1.3326583e-08,58.0,28.9142411
2014-04-30,55335855.929,0.8225725181999999,0.6766255476999999,-0.4001640999999999,18.344657933,0.0278301944,0.3325326137,0.0341036953,-0.071751143,0.2624831203,0.5860834036,-0.014419307,1.761619288,0.2938806946,-0.293880695,22.0,-0.4011947629999999,0.1118004936999999,-0.395374888,0.1242122082,14.767921330999998,0.0501657611,-0.049267528,-0.179878028,0.0052048579,0.0755603872,-0.013204364,-0.101919464,0.0,1.0174994886,0.1941571628999999,0.0,0.0,0.0115327951,-0.123076923,0.0001431681,0.4582684446,1.1643166009,0.2690832442,0.1104651576,0.1375,0.0910915903999999,0.1213375614,1.2657261571,52411.233584,0.6213838719,0.0016273676,-0.165721071,-0.464598921,-0.0618853709999999,0.0804857952,-0.394265567,0.2247100669,-0.0356253839999999,-0.05086269,0.2510597084,-55.57362945,4.0,0.8108530303,0.0,,,0.6028192904,0.2241450101,4.605170387799999,13.401907847,26.526897043,,0.0,0.1197563817999999,0.0,0.2568780893,0.5171008101,5.2025819614,1.0252572366,0.2807922408,-0.043591209,0.0264818254,0.0294804261,0.0,-0.135946328,0.0454719242999999,-0.2145780719999999,0.0073222727,0.0833885464,0.0855461358,4.0,0.018689847,2.236475e-11,0.0199837033,0.0114958678,0.3513251536,2.9389964943,1.2881663000000001e-08,58.0,27.82670627
2014-05-30,53162738.068,0.8391252729,0.7041312234999999,-0.463296121,18.311925722,0.0278719416,0.2916140903999999,-0.037612356,-0.088415418,0.2220646929,0.7295270782,-0.007500669,1.6289085193,0.2938806946,-0.293880695,22.0,-0.4011947629999999,0.1118004936999999,-0.395374888,0.1242122082,14.767921330999998,0.0501657611,-0.049267528,-0.179878028,0.0052048579,0.0755603872,-0.013204364,-0.101919464,0.0,1.0174994886,0.1941571628999999,0.0,0.0,0.0115327951,-0.123076923,0.0001431681,0.4582684446,1.1643166009,0.2690832442,0.1104651576,0.1375,0.0910915903999999,0.1213375614,1.2657261571,52411.233584,0.6213838719,0.0016273676,-0.165721071,-0.464598921,-0.0618853709999999,0.0804857952,-0.394265567,0.2247100669,-0.0356253839999999,-0.05086269,0.2510597084,-57.17218543,4.0,0.8108530303,0.0,,,0.6028192904,0.2241450101,4.605170387799999,13.401907847,26.526897043,,0.0,0.1197563817999999,0.0,0.2568780893,0.5171008101,5.236359412,1.0252572366,0.2807922408,-0.038789427,0.0264818254,0.0294804261,0.0,-0.135946328,0.0454719242999999,-0.2145780719999999,0.0073222727,0.0833885464,0.0855461358,4.0,0.0210856422,2.95236e-11,0.0275802221,0.0141318266,0.2803585181,2.1523583045,1.3650333000000002e-08,58.0,28.96526294
2014-06-30,55135070.392,0.8601246853,0.7398144742,-0.392531568,18.212855459,0.0278998549,0.170472276,0.0407815762,-0.129894944,0.12950154,0.7657599037999999,-0.050819407,1.4205343986,0.2938806946,-0.293880695,22.0,-0.4011947629999999,0.1118004936999999,-0.395374888,0.1242122082,14.767921330999998,0.0501657611,-0.049267528,-0.179878028,0.0052048579,0.0755603872,-0.013204364,-0.101919464,0.0,1.0174994886,0.1941571628999999,0.0,0.0,0.0115327951,-0.123076923,0.0001431681,0.4582684446,1.1643166009,0.2690832442,0.1104651576,0.1375,0.0910915903999999,0.1213375614,1.2657261571,52411.233584,0.6213838719,0.0016273676,-0.165721071,-0.464598921,-0.0618853709999999,0.0804857952,-0.394265567,0.2247100669,-0.0356253839999999,-0.05086269,0.2510597084,-59.5,4.0,0.8108530303,0.0,,,0.6028192904,0.2241450101,4.605170387799999,13.401907847,26.526897043,,0.0,0.1197563817999999,0.0,0.2568780893,0.5171008101,5.236359412,1.0252572366,0.2807922408,-0.046915973,0.0264818254,0.0294804261,0.0,-0.135946328,0.0454719242999999,-0.2145780719999999,0.0073222727,0.0833885464,0.0855461358,4.0,0.0135787531,2.677808e-11,0.0233398192,0.0099419883,0.193067992,1.0410929618,1.8945393e-08,58.0,30.60256754
2014-07-31,58112377.937,0.8552656633,0.7314793547,-0.2097556039999999,17.920290293,0.0276887750999999,0.1199102623,0.0565264821,-0.058944955,0.1330351499,0.706779178,-0.108493623,1.2275421548,0.2938806946,-0.293880695,22.0,-0.4011947629999999,0.0757191559,-0.2896647519999999,0.1242122082,14.767921330999998,0.0501657611,-0.049267528,-0.179878028,0.0052048579,0.0755603872,-0.013204364,-0.101919464,0.0,1.0174994886,0.1941571628999999,0.0,0.0,0.0115327951,-0.123076923,0.0001431681,0.4582684446,1.1643166009,0.2690832442,0.1104651576,0.1375,0.0910915903999999,0.1213375614,1.2657261571,52411.233584,0.6213838719,0.0016273676,-0.165721071,-0.464598921,-0.0618853709999999,0.0804857952,-0.394265567,0.2247100669,-0.0356253839999999,-0.05086269,0.2510597084,-50.27741935,4.0,0.8108530303,0.0,,,0.6028192904,0.2241450101,4.605170387799999,13.401907847,26.526897043,,0.0,0.1197563817999999,0.0,0.2568780893,0.5171008101,5.6535071064,2.21875545,0.166042593,0.0105299112999999,-0.036365719,0.0181329551,1.0,0.0469492129,0.045536107,0.1206865765,0.0075275663,0.0448586605,0.040519934,4.0,0.0125342236,2.126083e-11,0.0221017189,0.0076493685999999,0.2762837532,1.4603077899,1.9890589e-08,58.0,30.7212128
2014-08-29,58353216.229,0.8507917389,0.7238465829999999,0.096338182,17.926312846,0.0273826509,0.1254226132,0.0038770104,0.095883304,0.1000409461,0.8295460695999999,-0.359940066,1.1041533546,0.2938806946,-0.293880695,22.0,-0.4011947629999999,0.0757191559,-0.2896647519999999,0.1242122082,14.767921330999998,0.0501657611,-0.049267528,-0.179878028,0.0052048579,0.0755603872,-0.013204364,-0.101919464,0.0,1.0174994886,0.1941571628999999,0.0,0.0,0.0115327951,-0.123076923,0.0001431681,0.4582684446,1.1643166009,0.2690832442,0.1104651576,0.1375,0.0910915903999999,0.1213375614,1.2657261571,52411.233584,0.6213838719,0.0016273676,-0.165721071,-0.464598921,-0.0618853709999999,0.0804857952,-0.394265567,0.2247100669,-0.0356253839999999,-0.05086269,0.2510597084,-51.17177914,4.0,0.8108530303,0.0,,,0.6028192904,0.2241450101,4.605170387799999,13.401907847,26.526897043,,0.0,0.1197563817999999,0.0,0.2568780893,0.5171008101,5.6535071064,2.21875545,0.166042593,0.0105299112999999,-0.036365719,0.0181329551,1.0,0.0469492129,0.045536107,0.1206865765,0.0075275663,0.0448586605,0.040519934,4.0,0.0113571177,2.490692e-11,0.0165529139,0.0101338543,0.365640298,2.3085946293,1.7124122e-08,58.0,30.87615348
2014-09-30,58450870.166,0.7871196051,0.6195572728000001,0.0909532105,18.031418869,0.0271212808,0.0844687587,0.0050205616,0.0985874163,0.113033546,0.877970728,-0.068656984,1.0137820769,0.2938806946,-0.293880695,22.0,-0.4011947629999999,0.0757191559,-0.2896647519999999,0.1242122082,14.767921330999998,0.0501657611,-0.049267528,-0.179878028,0.0052048579,0.0755603872,-0.013204364,-0.101919464,0.0,1.0174994886,0.1941571628999999,0.0,0.0,0.0115327951,-0.123076923,0.0001431681,0.4582684446,1.1643166009,0.2690832442,0.1104651576,0.1375,0.0910915903999999,0.1213375614,1.2657261571,52411.233584,0.6213838719,0.0016273676,-0.165721071,-0.464598921,-0.0618853709999999,0.0804857952,-0.394265567,0.2247100669,-0.0356253839999999,-0.05086269,0.2510597084,-50.27741935,4.0,0.8108530303,0.0,,,0.6028192904,0.2241450101,4.605170387799999,13.401907847,26.526897043,,0.0,0.1197563817999999,0.0,0.2568780893,0.5171008101,5.7096142683,2.21875545,0.166042593,0.0105299112999999,-0.036365719,0.0181329551,1.0,0.0469492129,0.045536107,0.1206865765,0.0075275663,0.0448586605,0.040519934,4.0,0.0105552401,2.179504e-11,0.0118629076,0.0062360185,0.2388126667,1.0687971063,2.5283231000000003e-08,58.0,29.94363889
2014-10-31,56557269.314,0.8420154640999999,0.7089900418999999,0.0755390342,17.690109476,0.0266893325999999,0.0422504719,-0.030201755,0.0676907424,0.0248822943,1.122843084,-0.25360626,1.0344883256,0.2938806946,-0.293880695,22.0,-0.4011947629999999,0.0757191559,-0.2896647519999999,0.1242122082,14.767921330999998,0.0501657611,-0.049267528,-0.179878028,0.0052048579,0.0755603872,-0.013204364,-0.101919464,0.0,1.0174994886,0.1941571628999999,0.0,0.0,0.0115327951,-0.123076923,0.0001431681,0.4582684446,1.1643166009,0.2690832442,0.1104651576,0.1375,0.0910915903999999,0.1213375614,1.2657261571,52411.233584,0.6213838719,0.0016273676,-0.165721071,-0.464598921,-0.0618853709999999,0.0804857952,-0.394265567,0.2247100669,-0.0356253839999999,-0.05086269,0.2510597084,-51.17177914,4.0,0.8108530303,0.0,,,0.6028192904,0.2241450101,4.605170387799999,13.401907847,26.526897043,,0.0,0.1197563817999999,0.0,0.2568780893,0.5171008101,5.7096142683,0.2941907525,0.1475190650999999,0.002375688,-0.022342135,0.0043407721,0.0,0.0416276621,0.0455819695,0.0873470557,0.0058587688,,,4.0,0.0127193124,2.6501820000000003e-11,0.0184571408,0.0097153281,0.2664208685999999,1.5472781463,1.8741015e-08,58.0,29.98332036
2014-11-28,56632218.17,0.8485856809000001,0.7200976579,0.2000402456,17.958572915999998,0.0261112973,0.042998417,0.0013251851999999,0.0759122006,-0.05610466,0.9678222784,-0.057279179,1.1659396855,0.2938806946,-0.293880695,22.0,-0.4011947629999999,0.0757191559,-0.2939990819999999,0.1242122082,14.767921330999998,0.0501657611,-0.049267528,-0.179878028,0.0052048579,0.0755603872,-0.013204364,-0.101919464,0.0,1.0174994886,0.1941571628999999,0.0,0.0,0.0115327951,-0.123076923,0.0001431681,0.4582684446,1.1643166009,0.2690832442,0.1104651576,0.1375,0.0910915903999999,0.1213375614,1.2657261571,52411.233584,0.6213838719,0.0016273676,-0.165721071,-0.464598921,-0.0618853709999999,0.0804857952,-0.394265567,0.2247100669,-0.0356253839999999,-0.05086269,0.2510597084,-50.27741935,4.0,0.8108530303,0.0,,,0.6028192904,0.2241450101,4.605170387799999,13.401907847,26.526897043,,0.0,0.1197563817999999,0.0,0.2568780893,0.5171008101,5.6535071064,0.2941907525,0.1475190650999999,0.002375688,-0.022342135,0.0043407721,0.0,0.0416276621,0.0455819695,0.0873470557,0.0058587688,,,4.0,0.0184410725,3.048671e-11,0.019341873,0.0129638213999999,0.3959505395,4.0862210909,1.2252188999999998e-08,58.0,32.35844619
2014-12-31,60769442.315,0.8356554587,0.6983200457,0.2113199183,18.291966529,0.0262255468,0.0425280316999999,0.0790100842999999,0.0351239955,-0.062602774,0.9254529216,-0.3353897,1.1994123134,0.2938806946,-0.293880695,22.0,-0.4011947629999999,0.0757191559,-0.29328798,0.1242122082,14.767921330999998,0.0501657611,-0.049267528,-0.179878028,0.0052048579,0.0755603872,-0.013204364,-0.101919464,0.0,1.0174994886,0.1941571628999999,0.0,0.0,0.0115327951,-0.123076923,0.0001431681,0.4582684446,1.1643166009,0.2690832442,0.1104651576,0.1375,0.0910915903999999,0.1213375614,1.2657261571,52411.233584,0.6213838719,0.0016273676,-0.165721071,-0.464598921,-0.0618853709999999,0.0804857952,-0.394265567,0.2247100669,-0.0356253839999999,-0.05086269,0.2510597084,-50.27741935,4.0,0.8108530303,0.0,,,0.6028192904,0.2241450101,4.605170387799999,13.401907847,26.526897043,,0.0,0.1197563817999999,0.0,0.2568780893,0.5171008101,5.7096142683,0.2941907525,0.1475190650999999,0.002375688,-0.022342135,0.0043407721,0.0,0.0416276621,0.0455819695,0.0873470557,0.0058587688,,,4.0,0.0116524279,1.933169e-11,0.0199489165,0.007112057,0.2745420927,1.5298874416,2.4565628e-08,58.0,32.69314751
2015-01-30,61570322.29,0.7913259183,0.626196709,0.0738373234,17.858279671,0.0263860907,0.0695978374,0.0103436029,0.0571521382,0.0510730658,0.7510013389,-0.076975142,1.3249342047,0.2938806946,-0.293880695,22.0,-0.4011947629999999,0.0757191559,-0.300795243,0.1242122082,14.767921330999998,0.0501657611,-0.049267528,-0.179878028,0.0052048579,0.0755603872,-0.013204364,-0.101919464,0.0,1.0174994886,0.1941571628999999,0.0,0.0,0.0115327951,-0.123076923,0.0001431681,0.4582684446,1.1643166009,0.2690832442,0.1104651576,0.1375,0.0910915903999999,0.1213375614,1.2657261571,52411.233584,0.6213838719,0.0016273676,-0.165721071,-0.464598921,-0.0618853709999999,0.0804857952,-0.394265567,0.2247100669,-0.0356253839999999,-0.05086269,0.2510597084,-47.7752809,4.0,0.8108530303,0.0,,,0.6028192904,0.2241450101,4.605170387799999,13.401907847,26.526897043,,0.0,0.1197563817999999,0.0,0.2568780893,0.5171008101,5.236359412,0.7938108543000001,0.1151916650999999,0.0071062853,-0.0021955489999999,0.0003775158,1.0,0.0507774587,0.0457842064,0.1036783887,0.0071998428,,,4.0,0.0157286775,2.310249e-11,0.0277948864,0.0123004228,0.4783564877,2.8268846853,1.3373739e-08,58.0,34.87667522
2015-02-27,65629993.085,0.735258304,0.5406047735,0.0348902598,18.331701889,0.0271455423,0.1526647552999999,0.0667884871,0.0639619086,0.170498601,0.5252920515,-0.0937793719999999,1.4019298480000002,0.2938806946,-0.293880695,22.0,-0.4011947629999999,0.0757191559,-0.301175368,0.1242122082,14.767921330999998,0.0501657611,-0.049267528,-0.179878028,0.0052048579,0.0755603872,-0.013204364,-0.101919464,0.0,1.0174994886,0.1941571628999999,0.0,0.0,0.0115327951,-0.123076923,0.0001431681,0.4582684446,1.1643166009,0.2690832442,0.1104651576,0.1375,0.0910915903999999,0.1213375614,1.2657261571,52411.233584,0.6213838719,0.0016273676,-0.165721071,-0.464598921,-0.0618853709999999,0.0804857952,-0.394265567,0.2247100669,-0.0356253839999999,-0.05086269,0.2510597084,-47.7752809,4.0,0.8108530303,0.0,,,0.6028192904,0.2241450101,4.605170387799999,13.401907847,26.526897043,,0.0,0.1197563817999999,0.0,0.2568780893,0.5171008101,5.3172079204000005,0.7938108543000001,0.1151916650999999,0.0071062853,-0.0021955489999999,0.0003775158,1.0,0.0507774587,0.0457842064,0.1036783887,0.0071998428,,,4.0,0.0198641496,2.5019389999999998e-11,0.0662316084,0.020543471,0.4444379467,5.1376041278,1.2274399999999998e-08,58.0,37.3854394
2015-03-31,70095053.458,0.7697973753,0.592587999,0.1062123478,18.52101263,0.027511083,0.1420457464,0.0716897249,0.1293523319,0.2469212323,0.5020471822,-0.126185249,1.4227461692,0.2938806946,-0.293880695,22.0,-0.4011947629999999,0.0757191559,-0.300696763,0.1242122082,14.767921330999998,0.0501657611,-0.049267528,-0.179878028,0.0052048579,0.0755603872,-0.013204364,-0.101919464,0.0,1.0174994886,0.1941571628999999,0.0,0.0,0.0115327951,-0.123076923,0.0001431681,0.4582684446,1.1643166009,0.2690832442,0.1104651576,0.1375,0.0910915903999999,0.1213375614,1.2657261571,52411.233584,0.6213838719,0.0016273676,-0.165721071,-0.464598921,-0.0618853709999999,0.0804857952,-0.394265567,0.2247100669,-0.0356253839999999,-0.05086269,0.2510597084,-47.96086957,4.0,0.8108530303,0.0,,,0.6028192904,0.2241450101,4.605170387799999,13.401907847,26.526897043,,0.0,0.1197563817999999,0.0,0.2568780893,0.5171008101,5.6284152552,0.7938108543000001,0.1151916650999999,0.0071062853,-0.0021955489999999,0.0003775158,1.0,0.0507774587,0.0457842064,0.1036783887,0.0071998428,,,4.0,0.013744589,1.773361e-11,0.0265705995,0.008351584,0.2396696706,1.5183815313,2.2974278e-08,58.0,37.87132814
2015-04-30,71072347.71,0.7755727882,0.6015131497999999,0.2287826673,18.067624829,0.0262045543,0.187280433,0.0129966978,0.2480073012,0.2922424304,0.3495601568,0.1298365984999999,0.6817649672,0.1311473938,0.1311473938,23.0,0.0663210816,0.0890171819999999,-0.30743742,0.4439489835,25.953286691,0.0107466289999999,-0.06320669,0.0056515146,-0.004912374,-0.0483648759999999,-0.001823113,0.1200859931,0.0,1.3718695495,0.2016481955,0.0,0.0,0.0146223465,0.1767331816,0.036566475,0.3901725321,0.3558747956,0.0837284909,0.0991300944,0.0494505495,0.0676148549,0.0968787921,-0.2210849539999999,51513.531264,0.6510636686,0.0016111564,-0.19974202,0.3482754192,0.0385823137,0.0885283496,0.2491380148,0.1227259055,-0.019518408,0.0528527183,0.125009649,0.7061070548,6.0,1.0128673445999998,0.0,,,0.5985829322999999,0.2748501246,8.920598763400001,15.077275644,26.066244057,,0.0,0.1044573669,0.0,0.2908167244,0.444006017,0.5026730462,1.2113205483,0.171470022,0.0424209673,0.0206470263,-0.019190945,2.0,0.0565992316,0.0460508896,0.1159643308,0.0069310276,,,2.0,0.016964036,2.279294e-11,0.0214395002,0.0112958395,0.3735710537,2.7571812978,1.5206548999999997e-08,58.0,39.65491973
2015-05-29,74394792.747,0.8770182259999999,0.7691609688,0.2446776345,18.346696081,0.0260717868,0.2206851232,0.0470961668,0.2625541569,0.3601975495,0.2652942929,-0.460938205,0.7374506276,0.1311473938,0.1311473938,23.0,0.0663210816,0.0890171819999999,-0.30743742,0.4439489835,25.953286691,0.0107466289999999,-0.06320669,0.0056515146,-0.004912374,-0.0483648759999999,-0.001823113,0.1200859931,0.0,1.3718695495,0.2016481955,0.0,0.0,0.0146223465,0.1767331816,0.036566475,0.3901725321,0.3558747956,0.0837284909,0.0991300944,0.0494505495,0.0676148549,0.0968787921,-0.2210849539999999,51513.531264,0.6510636686,0.0016111564,-0.19974202,0.3482754192,0.0385823137,0.0885283496,0.2491380148,0.1227259055,-0.019518408,0.0528527183,0.125009649,0.7061070548,6.0,1.0128673445999998,0.0,,,0.5985829322999999,0.2748501246,8.920598763400001,15.077275644,26.066244057,,0.0,0.1044573669,0.0,0.2908167244,0.444006017,0.5026730462,1.2113205483,0.171470022,0.0376103128,0.0206470263,-0.019190945,2.0,0.0565992316,0.0460508896,0.1159643308,0.0069310276,,,2.0,0.0158792343,2.272415e-11,0.0487558134,0.0154164819999999,0.4067275803,2.8206850243,1.7431195e-08,58.0,41.69072684
2015-06-30,77965978.626,0.8309750869,0.6905195951,0.1710702488,18.181242825,0.026432273,0.1724774948999999,0.0512302779,0.2252115502,0.3684500886,0.3721442935,-0.1896715139999999,0.8748949109999999,0.1311473938,0.1311473938,23.0,0.0663210816,0.0890171819999999,-0.30743742,0.4439489835,25.953286691,0.0107466289999999,-0.06320669,0.0056515146,-0.004912374,-0.0483648759999999,-0.001823113,0.1200859931,0.0,1.3718695495,0.2016481955,0.0,0.0,0.0146223465,0.1767331816,0.036566475,0.3901725321,0.3558747956,0.0837284909,0.0991300944,0.0494505495,0.0676148549,0.0968787921,-0.2210849539999999,51513.531264,0.6510636686,0.0016111564,-0.19974202,0.3482754192,0.0385823137,0.0885283496,0.2491380148,0.1227259055,-0.019518408,0.0528527183,0.125009649,0.7061070548,6.0,1.0128673445999998,0.0,,,0.5985829322999999,0.2748501246,8.920598763400001,15.077275644,26.066244057,,0.0,0.1044573669,0.0,0.2908167244,0.444006017,0.5026730462,1.2113205483,0.171470022,0.0395684739,0.0206470263,-0.019190945,2.0,0.0565992316,0.0460508896,0.1159643308,0.0069310276,,,2.0,0.0156121996,2.377996e-11,0.0194595717,0.0093632543,0.2170491437999999,1.0404333384,2.4408692e-08,58.0,43.01863586
2015-07-31,79929244.502,0.8426461251999999,0.7100524923999999,0.2473106732999999,18.062188393,0.0246787716,0.1720019807,0.0318514742,0.2747935205,0.3615902595,0.4923931895,0.0737979729,0.9974403719,0.1311473938,0.1311473938,23.0,0.0663210816,0.0857377353999999,-0.312555682,0.4439489835,25.953286691,0.0107466289999999,-0.06320669,0.0056515146,-0.004912374,-0.0483648759999999,-0.001823113,0.1200859931,0.0,1.3718695495,0.2016481955,0.0,0.0,0.0146223465,0.1767331816,0.036566475,0.3901725321,0.3558747956,0.0837284909,0.0991300944,0.0494505495,0.0676148549,0.0968787921,-0.2210849539999999,51513.531264,0.6510636686,0.0016111564,-0.19974202,0.3482754192,0.0385823137,0.0885283496,0.2491380148,0.1227259055,-0.019518408,0.0528527183,0.125009649,0.7061070548,6.0,1.0128673445999998,0.0,,,0.5985829322999999,0.2748501246,8.920598763400001,15.077275644,26.066244057,,0.0,0.1044573669,0.0,0.2908167244,0.444006017,0.5026730462,1.5032729631,0.1581316643999999,0.0035884234,0.0400064600999999,0.0848692191,3.0,0.0914543983,0.0479658038,0.1865326252,0.0091553853,,,2.0,0.0133360546999999,2.2142889999999998e-11,0.0223127212,0.0099462526,0.2244808907999999,1.1009287404,1.9754999e-08,58.0,46.48082767
2015-08-31,85979706.453,0.853624176,0.7286742339,0.1972589557,18.208776046,0.0235936775,0.2500796853,0.0804811791,0.2330444031,0.3995329128,0.764198697,-0.073278844,1.0412082828,0.1311473938,0.1311473938,23.0,0.0663210816,0.0857377353999999,-0.310042638,0.4439489835,25.953286691,0.0107466289999999,-0.06320669,0.0056515146,-0.004912374,-0.0483648759999999,-0.001823113,0.1200859931,0.0,1.3718695495,0.2016481955,0.0,0.0,0.0146223465,0.1767331816,0.036566475,0.3901725321,0.3558747956,0.0837284909,0.0991300944,0.0494505495,0.0676148549,0.0968787921,-0.2210849539999999,51513.531264,0.6510636686,0.0016111564,-0.19974202,0.3482754192,0.0385823137,0.0885283496,0.2491380148,0.1227259055,-0.019518408,0.0528527183,0.125009649,0.7061070548,6.0,1.0128673445999998,0.0,,,0.5985829322999999,0.2748501246,8.920598763400001,15.077275644,26.066244057,,0.0,0.1044573669,0.0,0.2908167244,0.444006017,0.5026730462,1.5032729631,0.1581316643999999,0.0035884234,0.0400064600999999,0.0848692191,3.0,0.0914543983,0.0479658038,0.1865326252,0.0091553853,,,2.0,0.0144051198999999,1.564733e-11,0.0207073689,0.0082062114,0.2377660928,1.4022864353,1.6602646e-08,58.0,44.01827244
2015-09-30,81200580.641,0.7542456783,0.5688865433,-0.032822442,18.452682033,0.0235900912,0.2534507348,-0.052822392,0.2431595073999999,0.5046149596,0.6127756294,-0.003091632,1.2380205598,0.1311473938,0.1311473938,23.0,0.0663210816,0.0857377353999999,-0.303937138,0.4439489835,25.953286691,0.0107466289999999,-0.06320669,0.0056515146,-0.004912374,-0.0483648759999999,-0.001823113,0.1200859931,0.0,1.3718695495,0.2016481955,0.0,0.0,0.0146223465,0.1767331816,0.036566475,0.3901725321,0.3558747956,0.0837284909,0.0991300944,0.0494505495,0.0676148549,0.0968787921,-0.2210849539999999,51513.531264,0.6510636686,0.0016111564,-0.19974202,0.3482754192,0.0385823137,0.0885283496,0.2491380148,0.1227259055,-0.019518408,0.0528527183,0.125009649,0.7061070548,6.0,1.0128673445999998,0.0,,,0.5985829322999999,0.2748501246,8.920598763400001,15.077275644,26.066244057,,0.0,0.1044573669,0.0,0.2908167244,0.444006017,0.5026730462,1.5032729631,0.1581316643999999,0.0035884234,0.0400064600999999,0.0848692191,3.0,0.0914543983,0.0479658038,0.1865326252,0.0091553853,,,2.0,0.033083438,2.596611e-11,0.0561753549,0.0250510114999999,0.4384413749,3.9540668356,1.3900674e-08,58.0,45.73201619
2015-10-30,84413084.227,0.8563712075,0.733371645,-0.056586937,18.610196967,0.0236181054999999,0.0878679902999999,0.0389325731,0.1623856726999999,0.4695196714999999,0.5301393197,-0.042585683,1.3207882746,0.1311473938,0.1311473938,23.0,0.0663210816,0.0857377353999999,-0.303937138,0.4439489835,25.953286691,0.0107466289999999,-0.06320669,0.0056515146,-0.004912374,-0.0483648759999999,-0.001823113,0.1200859931,0.0,1.3718695495,0.2016481955,0.0,0.0,0.0146223465,0.1767331816,0.036566475,0.3901725321,0.3558747956,0.0837284909,0.0991300944,0.0494505495,0.0676148549,0.0968787921,-0.2210849539999999,51513.531264,0.6510636686,0.0016111564,-0.19974202,0.3482754192,0.0385823137,0.0885283496,0.2491380148,0.1227259055,-0.019518408,0.0528527183,0.125009649,0.7061070548,6.0,1.0128673445999998,0.0,,,0.5985829322999999,0.2748501246,8.920598763400001,15.077275644,26.066244057,,0.0,0.1044573669,0.0,0.2908167244,0.444006017,0.5026730462,2.0984184341,0.1517386204,0.0047538873,-0.02378248,0.0706866436,0.0,0.0400693056,0.0479694374,0.0856910343999999,0.0097041957999999,,,2.0,0.0223951837,2.54347e-11,0.0328971631999999,0.0161595017,0.258725963,1.7105783812,1.6469254e-08,58.0,50.34222823
2015-11-30,92922706.547,0.8193177702,0.6712816086,-0.052426695,18.485819257,0.022510297,0.0361249597,0.1008092836,0.1533232345,0.5247113286,0.6927273678,-0.135833232,1.3602305585,0.1311473938,0.1311473938,23.0,0.0663210816,0.0857377353999999,-0.303937138,0.4439489835,25.953286691,0.0107466289999999,-0.06320669,0.0056515146,-0.004912374,-0.0483648759999999,-0.001823113,0.1200859931,0.0,1.3718695495,0.2016481955,0.0,0.0,0.0146223465,0.1767331816,0.036566475,0.3901725321,0.3558747956,0.0837284909,0.0991300944,0.0494505495,0.0676148549,0.0968787921,-0.2210849539999999,51513.531264,0.6510636686,0.0016111564,-0.19974202,0.3482754192,0.0385823137,0.0885283496,0.2491380148,0.1227259055,-0.019518408,0.0528527183,0.125009649,0.7061070548,6.0,1.0128673445999998,0.0,,,0.5985829322999999,0.2748501246,8.920598763400001,15.077275644,26.066244057,,0.0,0.1044573669,0.0,0.2908167244,0.444006017,0.5026730462,2.0984184341,0.1517386204,0.0047538873,-0.02378248,0.0706866436,0.0,0.0400693056,0.0479694374,0.0856910343999999,0.0097041957999999,,,2.0,0.0201943829,2.087898e-11,0.0182143263999999,0.0115893479,0.2915570471,1.8770426315,1.5092166e-08,58.0,49.55273697
2015-12-31,91151871.094,0.7643116896,0.5841723589,-0.0991780709999999,18.590850482,0.0224938163,-0.046393904,-0.015662463,0.2077172339999999,0.555515013,0.6097345122,-0.071109304,1.1787019835,0.1311473938,0.1311473938,23.0,0.0663210816,0.0857377353999999,-0.3046429639999999,0.4439489835,25.953286691,0.0107466289999999,-0.06320669,0.0056515146,-0.004912374,-0.0483648759999999,-0.001823113,0.1200859931,0.0,1.3718695495,0.2016481955,0.0,0.0,0.0146223465,0.1767331816,0.036566475,0.3901725321,0.3558747956,0.0837284909,0.0991300944,0.0494505495,0.0676148549,0.0968787921,-0.2210849539999999,51513.531264,0.6510636686,0.0016111564,-0.19974202,0.3482754192,0.0385823137,0.0885283496,0.2491380148,0.1227259055,-0.019518408,0.0528527183,0.125009649,0.7061070548,6.0,1.0128673445999998,0.0,,,0.5985829322999999,0.2748501246,8.920598763400001,15.077275644,26.066244057,,0.0,0.1044573669,0.0,0.2908167244,0.444006017,0.5026730462,2.0984184341,0.1517386204,0.0047538873,-0.02378248,0.0706866436,0.0,0.0400693056,0.0479694374,0.0856910343999999,0.0097041957999999,,,2.0,0.016175266,2.047474e-11,0.0206440967,0.0112776858,0.3253316928,1.2473573873,2.2896217000000002e-08,58.0,48.45497313
2016-01-29,89180566.187,0.7729016448,0.5973769526,-0.188815525,18.282456875,0.0225086013,-0.079752279,-0.022153456,0.1521051593,0.5154763308,0.5730110891,-0.211429498,1.1558306834999998,0.1311473938,0.1311473938,23.0,0.0663210816,0.0857377353999999,-0.303926943,0.4439489835,25.953286691,0.0107466289999999,-0.06320669,0.0056515146,-0.004912374,-0.0483648759999999,-0.001823113,0.1200859931,0.0,1.3718695495,0.2016481955,0.0,0.0,0.0146223465,0.1767331816,0.036566475,0.3901725321,0.3558747956,0.0837284909,0.0991300944,0.0494505495,0.0676148549,0.0968787921,-0.2210849539999999,51513.531264,0.6510636686,0.0016111564,-0.19974202,0.3482754192,0.0385823137,0.0885283496,0.2491380148,0.1227259055,-0.019518408,0.0528527183,0.125009649,0.7061070548,6.0,1.0128673445999998,0.0,,,0.5985829322999999,0.2748501246,8.920598763400001,15.077275644,26.066244057,,0.0,0.1044573669,0.0,0.2908167244,0.444006017,0.5026730462,0.6114961611999999,0.1690289693,0.0057292518999999,-0.021750732,0.0193323379,1.0,0.0513998376,0.0480883941,0.1042821243,0.0091005492,,,2.0,0.0177923654,2.214112e-11,0.0369437597999999,0.0151731290999999,0.4626263009,2.438017593,1.6887677e-08,58.0,49.05228581
2016-02-29,89824137.677,0.7606982264,0.5786617916,-0.276761128,18.469856471,0.0222987523,-0.120873156,0.0123271979,0.0426669805999999,0.3891256897,0.6036155363,-0.0727174159999999,1.307375685,0.1311473938,0.1311473938,23.0,0.0663210816,0.0857377353999999,-0.303937868,0.4439489835,25.953286691,0.0107466289999999,-0.06320669,0.0056515146,-0.004912374,-0.0483648759999999,-0.001823113,0.1200859931,0.0,1.3718695495,0.2016481955,0.0,0.0,0.0146223465,0.1767331816,0.036566475,0.3901725321,0.3558747956,0.0837284909,0.0991300944,0.0494505495,0.0676148549,0.0968787921,-0.2210849539999999,51513.531264,0.6510636686,0.0016111564,-0.19974202,0.3482754192,0.0385823137,0.0885283496,0.2491380148,0.1227259055,-0.019518408,0.0528527183,0.125009649,0.7061070548,6.0,1.0128673445999998,0.0,,,0.5985829322999999,0.2748501246,8.920598763400001,15.077275644,26.066244057,,0.0,0.1044573669,0.0,0.2908167244,0.444006017,0.5026730462,0.6114961611999999,0.1690289693,0.0057292518999999,-0.021750732,0.0193323379,1.0,0.0513998376,0.0480883941,0.1042821243,0.0091005492,,,2.0,0.0272771968,2.588885e-11,0.0370695814,0.0223934798,0.3380534408,3.9689417911,1.2978277e-08,58.0,47.13943997
2016-03-31,86040199.64700001,0.7297919466,0.5325962853,-0.106385342,18.612660837,0.0222401102,-0.166361739,-0.038834974,0.1143846036999999,0.3121799009,0.7516639043000001,-0.126443929,1.5061779902,0.1311473938,0.1311473938,23.0,0.0663210816,0.0857377353999999,-0.303375157,0.4439489835,25.953286691,0.0107466289999999,-0.06320669,0.0056515146,-0.004912374,-0.0483648759999999,-0.001823113,0.1200859931,0.0,1.3718695495,0.2016481955,0.0,0.0,0.0146223465,0.1767331816,0.036566475,0.3901725321,0.3558747956,0.0837284909,0.0991300944,0.0494505495,0.0676148549,0.0968787921,-0.2210849539999999,51513.531264,0.6510636686,0.0016111564,-0.19974202,0.3482754192,0.0385823137,0.0885283496,0.2491380148,0.1227259055,-0.019518408,0.0528527183,0.125009649,0.7061070548,6.0,1.0128673445999998,0.0,,,0.5985829322999999,0.2748501246,8.920598763400001,15.077275644,26.066244057,,0.0,0.1044573669,0.0,0.2908167244,0.444006017,0.5026730462,0.6114961611999999,0.1690289693,0.0057292518999999,-0.021750732,0.0193323379,1.0,0.0513998376,0.0480883941,0.1042821243,0.0091005492,,,2.0,0.0261823013,2.111596e-11,0.0216273925999999,0.0195501885,0.3225383096999999,3.0804446363,1.444271e-08,58.0,48.3460671
2016-04-29,87430651.11700001,0.7357396417000001,0.5413128203,-0.150281391,18.554821586,0.0233561548,-0.146206133,0.0255970061,0.0309692219,0.2450400194,0.7089985598,-0.042490782,1.5187928641,0.0854950644,-0.085495064,24.0,-0.157464498,0.0955947569999999,-0.304048056,0.6032464582,46.117962021,0.0444137309,-0.042521579,0.2098897489,0.9814543029,-1.194101319,0.018578387,0.0196117646,0.0,1.1913781306,0.2186483379,0.0,0.0,0.0120384181,0.1035660091,0.0326655522,0.5060681305,0.1324704656,0.2068796069,0.0876641433,0.2460732984,0.1186842618999999,0.0784984944,0.2093553803,79130.797598,0.7106595535,0.0017464553,-0.08668741,-0.131566022,0.0843059487,0.0459543230999999,-0.176789333,-0.032481724,0.025600416,-0.036195635,-0.027123632,-0.359650395,7.0,0.8338032023999999,0.0,,,0.603735817,0.2830728614,11.891957304000002,14.668325168,26.651877608000003,,0.0,0.1650615888,0.0,0.2270110164,0.4039278408,0.197506121,0.5882089271000001,0.1294702758,-0.00861163,-0.009515289,-0.002025862,2.0,0.0507040283,0.0480921142999999,0.1114146675,0.0086965191,,,5.0,0.0171759404,1.987836e-11,0.0314379297,0.0109883385,0.2696905684,1.7135928096000002,1.6242044e-08,58.0,45.53600257
2016-05-31,82371326.329,0.7029897622,0.4941946057999999,-0.364889935,18.491889109,0.0236052344,-0.1134561869999999,-0.058123972,-0.039471266,0.2194766410999999,0.6750693541,-0.021573419,1.3701606481,0.0854950644,-0.085495064,24.0,-0.157464498,0.0955947569999999,-0.196108308,0.6032464582,46.117962021,0.0444137309,-0.042521579,0.2098897489,0.9814543029,-1.56248598,0.018578387,0.0196117646,0.0,1.1913781306,0.2186483379,0.0,0.0,0.0120384181,0.1035660091,0.0326655522,0.5060681305,0.1324704656,0.2068796069,0.0876641433,0.2460732984,0.1186842618999999,0.0784984944,0.2093553803,79130.797598,0.7106595535,0.0017464553,-0.08668741,-0.131566022,0.0843059487,0.0459543230999999,-0.176789333,-0.032481724,0.025600416,-0.036195635,-0.027123632,-0.359650395,7.0,0.8338032023999999,0.0,,,0.603735817,0.2830728614,11.891957304000002,14.668325168,26.651877608000003,,0.0,0.1650615888,0.0,0.2270110164,0.4039278408,0.197506121,0.5882089271000001,0.1294702758,-0.00861163,-0.009515289,-0.002025862,2.0,0.0507040283,0.0480921142999999,0.1114146675,0.0086965191,,,5.0,0.0164475325,1.462504e-11,0.0221105479,0.0144159795,0.4413794260999999,3.8765327275,1.5445258e-08,58.0,44.60639045
2016-06-30,80408360.106,0.6661978941,0.4438196340999999,-0.288340743,18.373516756,0.0241826609,-0.141215779,-0.020273877,-0.080905731,0.0926205598,0.6911154073000001,0.0470764256,1.2346553919,0.0854950644,-0.085495064,24.0,-0.157464498,0.0955947569999999,-0.196108308,0.6032464582,46.117962021,0.0444137309,-0.042521579,0.2098897489,0.9814543029,-2.136776129,0.018578387,0.0196117646,0.0,1.1913781306,0.2186483379,0.0,0.0,0.0120384181,0.1035660091,0.0326655522,0.5060681305,0.1324704656,0.2068796069,0.0876641433,0.2460732984,0.1186842618999999,0.0784984944,0.2093553803,79130.797598,0.7106595535,0.0017464553,-0.08668741,-0.131566022,0.0843059487,0.0459543230999999,-0.176789333,-0.032481724,0.025600416,-0.036195635,-0.027123632,-0.359650395,7.0,0.8338032023999999,0.0,,,0.603735817,0.2830728614,11.891957304000002,14.668325168,26.651877608000003,,0.0,0.1650615888,0.0,0.2270110164,0.4039278408,0.197506121,0.5882089271000001,0.1294702758,-0.00861163,-0.009515289,-0.002025862,2.0,0.0507040283,0.0480921142999999,0.1114146675,0.0086965191,,,5.0,0.0147658892,1.6068329999999998e-11,0.0200960524,0.0098812279,0.1883527032999999,1.0805519925,1.8509796000000003e-08,58.0,46.41860124
2016-07-29,83760766.434,0.6544171119,0.4282617564,-0.1683095919999999,18.320882808,0.0237408016999999,-0.181048915,0.040626701,-0.079139084,0.037425377,0.6818505253,0.0572248715,1.2492824674,0.0854950644,-0.085495064,24.0,-0.157464498,0.0659986839,-0.307196673,0.6032464582,46.117962021,0.0444137309,-0.042521579,0.2098897489,0.9814543029,-30.20545604,0.018578387,0.0196117646,0.0,1.1913781306,0.2186483379,0.0,0.0,0.0120384181,0.1035660091,0.0326655522,0.5060681305,0.1324704656,0.2068796069,0.0876641433,0.2460732984,0.1186842618999999,0.0784984944,0.2093553803,79130.797598,0.7106595535,0.0017464553,-0.08668741,-0.131566022,0.0843059487,0.0459543230999999,-0.176789333,-0.032481724,0.025600416,-0.036195635,-0.027123632,-0.359650395,7.0,0.8338032023999999,0.0,,,0.603735817,0.2830728614,11.891957304000002,14.668325168,26.651877608000003,,0.0,0.1650615888,0.0,0.2270110164,0.4039278408,0.197506121,2.0726663994,0.1838683509,0.0038053290999999,-0.012107304,0.0116017739999999,3.0,0.0552462217,0.0481608107,0.1181849433,0.0063937694999999,,,5.0,0.0147551837,1.802976e-11,0.0344576724,0.0129040137,0.2213846775,1.4092429515,1.5565308e-08,58.0,47.17436628
2016-08-31,85136128.881,0.640259669,0.4099324437,-0.093504512,18.487748621,0.0236576256,-0.213118525,0.0162815191,-0.053396512,-0.000840951,0.6698969907,0.0391292834,1.2637199418,0.0854950644,-0.085495064,24.0,-0.157464498,0.0659986839,-0.308127516,0.6032464582,46.117962021,0.0444137309,-0.042521579,0.2098897489,0.9814543029,-30.20545604,0.018578387,0.0196117646,0.0,1.1913781306,0.2186483379,0.0,0.0,0.0120384181,0.1035660091,0.0326655522,0.5060681305,0.1324704656,0.2068796069,0.0876641433,0.2460732984,0.1186842618999999,0.0784984944,0.2093553803,79130.797598,0.7106595535,0.0017464553,-0.08668741,-0.131566022,0.0843059487,0.0459543230999999,-0.176789333,-0.032481724,0.025600416,-0.036195635,-0.027123632,-0.359650395,7.0,0.8338032023999999,0.0,,,0.603735817,0.2830728614,11.891957304000002,14.668325168,26.651877608000003,,0.0,0.1650615888,0.0,0.2270110164,0.4039278408,0.197506121,2.0726663994,0.1838683509,0.0038053290999999,-0.012107304,0.0116017739999999,3.0,0.0552462217,0.0481608107,0.1181849433,0.0063937694999999,,,5.0,0.0122854315,1.214148e-11,0.020596588,0.0092991634999999,0.323509168,2.752573734,1.5731515e-08,58.0,45.85445719
2016-09-30,82466917.329,0.633431885,0.401235953,-0.098154201,18.387434646,0.0233746542,-0.103443465,-0.027906971,0.0008849731,0.0720554078,0.5941896991,0.0764578633,1.3021812165,0.0854950644,-0.085495064,24.0,-0.157464498,0.0659986839,-0.308127516,0.6032464582,46.117962021,0.0444137309,-0.042521579,0.2098897489,0.9814543029,-30.20545604,0.018578387,0.0196117646,0.0,1.1913781306,0.2186483379,0.0,0.0,0.0120384181,0.1035660091,0.0326655522,0.5060681305,0.1324704656,0.2068796069,0.0876641433,0.2460732984,0.1186842618999999,0.0784984944,0.2093553803,79130.797598,0.7106595535,0.0017464553,-0.08668741,-0.131566022,0.0843059487,0.0459543230999999,-0.176789333,-0.032481724,0.025600416,-0.036195635,-0.027123632,-0.359650395,7.0,0.8338032023999999,0.0,,,0.603735817,0.2830728614,11.891957304000002,14.668325168,26.651877608000003,,0.0,0.1650615888,0.0,0.2270110164,0.4039278408,0.197506121,2.0726663994,0.1838683509,0.0038053290999999,-0.012107304,0.0116017739999999,3.0,0.0552462217,0.0481608107,0.1181849433,0.0063937694999999,,,5.0,0.0120705129,1.54959e-11,0.0165635217,0.0084511302,0.2444167306,1.3819060172,1.5548758e-08,58.0,44.15010337
2016-10-31,79071469.109,0.6072871294,0.3687976575,-0.143949667,18.335704988,0.0239370486,-0.074491972,-0.037168775,-0.0513298109999999,0.0030849119,0.5174631405,0.0892911418,1.3148088554,0.0854950644,-0.085495064,24.0,-0.157464498,0.0659986839,-0.308127516,0.6032464582,46.117962021,0.0444137309,-0.042521579,0.2098897489,0.9814543029,-30.20545604,0.018578387,0.0196117646,0.0,1.1913781306,0.2186483379,0.0,0.0,0.0120384181,0.1035660091,0.0326655522,0.5060681305,0.1324704656,0.2068796069,0.0876641433,0.2460732984,0.1186842618999999,0.0784984944,0.2093553803,79130.797598,0.7106595535,0.0017464553,-0.08668741,-0.131566022,0.0843059487,0.0459543230999999,-0.176789333,-0.032481724,0.025600416,-0.036195635,-0.027123632,-0.359650395,7.0,0.8338032023999999,0.0,,,0.603735817,0.2830728614,11.891957304000002,14.668325168,26.651877608000003,,0.0,0.1650615888,0.0,0.2270110164,0.4039278408,0.197506121,1.1016712744,0.1132322635,0.0015749711,0.0098274593,-0.053081979,0.0,0.0444238421,0.0481812467,0.0961297333,0.0049158961999999,,,5.0,0.0128390782,1.384733e-11,0.0129092354,0.0091122004,0.2330659026,1.4891707102,1.5847222e-08,58.0,43.27753945
2016-11-30,77508734.55399999,0.6093628176,0.3713230435,0.0459113098,18.43161116,0.0240671905,-0.069514466,-0.01976357,-0.030223455,-0.122644141,0.5863488282,0.1042369248,1.1926040951,0.0854950644,-0.085495064,24.0,-0.157464498,0.0659986839,-0.299710225,0.6032464582,46.117962021,0.0444137309,-0.042521579,0.2098897489,0.9814543029,-30.20545604,0.018578387,0.0196117646,0.0,1.1913781306,0.2186483379,0.0,0.0,0.0120384181,0.1035660091,0.0326655522,0.5060681305,0.1324704656,0.2068796069,0.0876641433,0.2460732984,0.1186842618999999,0.0784984944,0.2093553803,79130.797598,0.7106595535,0.0017464553,-0.08668741,-0.131566022,0.0843059487,0.0459543230999999,-0.176789333,-0.032481724,0.025600416,-0.036195635,-0.027123632,-0.359650395,7.0,0.8338032023999999,0.0,,,0.603735817,0.2830728614,11.891957304000002,14.668325168,26.651877608000003,,0.0,0.1650615888,0.0,0.2270110164,0.4039278408,0.197506121,1.1016712744,0.1132322635,0.0015749711,0.0098274593,-0.053081979,0.0,0.0444238421,0.0481812467,0.0961297333,0.0049158961999999,,,5.0,0.0110575895999999,1.31741e-11,0.0102642253,0.0059138498999999,0.173900555,0.8801280359,2.0482777e-08,58.0,47.49238028
2016-12-30,84369539.777,0.6158126423,0.3792252104,0.1639787627999999,18.182871072,0.0238762074,-0.081635409,0.097041674,-0.02971833,-0.126299523,0.5487004388000001,0.0705295809,1.3230130845,0.0854950644,-0.085495064,24.0,-0.157464498,0.0659986839,-0.295728107,0.6032464582,46.117962021,0.0444137309,-0.042521579,0.2098897489,0.9814543029,-30.20545604,0.018578387,0.0196117646,0.0,1.1913781306,0.2186483379,0.0,0.0,0.0120384181,0.1035660091,0.0326655522,0.5060681305,0.1324704656,0.2068796069,0.0876641433,0.2460732984,0.1186842618999999,0.0784984944,0.2093553803,79130.797598,0.7106595535,0.0017464553,-0.08668741,-0.131566022,0.0843059487,0.0459543230999999,-0.176789333,-0.032481724,0.025600416,-0.036195635,-0.027123632,-0.359650395,7.0,0.8338032023999999,0.0,,,0.603735817,0.2830728614,11.891957304000002,14.668325168,26.651877608000003,,0.0,0.1650615888,0.0,0.2270110164,0.4039278408,0.197506121,1.1016712744,0.1132322635,0.0015749711,0.0098274593,-0.053081979,0.0,0.0444238421,0.0481812467,0.0961297333,0.0049158961999999,,,5.0,0.0200957885,1.581652e-11,0.0329858139,0.0125597899,0.3773347285,3.0251352760000003,1.2812702e-08,58.0,45.48519843
2017-01-31,80903744.667,0.6071292389999999,0.3686059128,0.0213802425,18.566254568,0.0238200461,0.0205950669,-0.0422632509999999,0.0228830628,-0.019799334,0.5736997156,0.0844758360999999,1.2614878093000002,0.0854950644,-0.085495064,24.0,-0.157464498,0.0659986839,-0.294915209,0.6032464582,46.117962021,0.0444137309,-0.042521579,0.2098897489,0.9814543029,-30.20545604,0.018578387,0.0196117646,0.0,1.1913781306,0.2186483379,0.0,0.0,0.0120384181,0.1035660091,0.0326655522,0.5060681305,0.1324704656,0.2068796069,0.0876641433,0.2460732984,0.1186842618999999,0.0784984944,0.2093553803,79130.797598,0.7106595535,0.0017464553,-0.08668741,-0.131566022,0.0843059487,0.0459543230999999,-0.176789333,-0.032481724,0.025600416,-0.036195635,-0.027123632,-0.359650395,7.0,0.8338032023999999,0.0,,,0.603735817,0.2830728614,11.891957304000002,14.668325168,26.651877608000003,,0.0,0.1650615888,0.0,0.2270110164,0.4039278408,0.197506121,0.9446179945,0.1674449874,2.33122e-05,0.0035127534999999,0.0199932151,1.0,0.0602425036,0.048470027,0.1480391002,0.0042597508,0.0434240531,0.0638132625,5.0,0.0127001283,1.3205779999999999e-11,0.0229804963,0.0097245912,0.3864694981,2.1549350469,1.8280149e-08,58.0,45.23942106
2017-02-28,80477629.779,0.6257880173,0.3916106426,-0.003266326,18.338628013,0.0230772531999999,0.0776538825,-0.005403445,-0.036042001,-0.072657337,0.7559480663,0.0775427413,1.3535924706,0.0854950644,-0.085495064,24.0,-0.157464498,0.0659986839,-0.29486904,0.6032464582,46.117962021,0.0444137309,-0.042521579,0.2098897489,0.9814543029,-30.20545604,0.018578387,0.0196117646,0.0,1.1913781306,0.2186483379,0.0,0.0,0.0120384181,0.1035660091,0.0326655522,0.5060681305,0.1324704656,0.2068796069,0.0876641433,0.2460732984,0.1186842618999999,0.0784984944,0.2093553803,79130.797598,0.7106595535,0.0017464553,-0.08668741,-0.131566022,0.0843059487,0.0459543230999999,-0.176789333,-0.032481724,0.025600416,-0.036195635,-0.027123632,-0.359650395,7.0,0.8338032023999999,0.0,,,0.603735817,0.2830728614,11.891957304000002,14.668325168,26.651877608000003,,0.0,0.1650615888,0.0,0.2270110164,0.4039278408,0.197506121,0.9446179945,0.1674449874,2.33122e-05,0.0035127534999999,0.0199932151,1.0,0.0602425036,0.048470027,0.1480391002,0.0042597508,0.0434240531,0.0638132625,5.0,0.0129843615,1.421173e-11,0.018729208,0.0123080276,0.4203988754,3.6800154733,1.6882785e-08,58.0,46.80114653
2017-03-31,82882336.443,0.6294907353,0.3962585858,0.0472553686,18.446042341,0.0229886974,0.0144322162,0.0344077796,-0.0137267969999999,-0.040402228,0.6853861774,0.0315883016,1.2685231747,0.0854950644,-0.085495064,24.0,-0.157464498,0.0659986839,-0.292658535,0.6032464582,46.117962021,0.0444137309,-0.042521579,0.2098897489,0.9814543029,-30.20545604,0.018578387,0.0196117646,0.0,1.1913781306,0.2186483379,0.0,0.0,0.0120384181,0.1035660091,0.0326655522,0.5060681305,0.1324704656,0.2068796069,0.0876641433,0.2460732984,0.1186842618999999,0.0784984944,0.2093553803,79130.797598,0.7106595535,0.0017464553,-0.08668741,-0.131566022,0.0843059487,0.0459543230999999,-0.176789333,-0.032481724,0.025600416,-0.036195635,-0.027123632,-0.359650395,7.0,0.8338032023999999,0.0,,,0.603735817,0.2830728614,11.891957304000002,14.668325168,26.651877608000003,,0.0,0.1650615888,0.0,0.2270110164,0.4039278408,0.197506121,0.9446179945,0.1674449874,2.33122e-05,0.0035127534999999,0.0199932151,1.0,0.0602425036,0.048470027,0.1480391002,0.0042597508,0.0434240531,0.0638132625,5.0,0.0123324502,1.10777e-11,0.0220902637,0.0097896141,0.2605365827,2.1688521511000003,1.7105452000000002e-08,58.0,48.05203
2017-04-28,84531202.116,0.6257082716,0.3915108411999999,0.1745035441,18.375192665,0.0226771719,-0.002581918,0.0267276335999999,0.059592426,-0.032158445,0.6715219427,0.0042422237,1.4055495707,0.1312687671,-0.1312687669999999,25.0,-0.151324511,0.0661433343,-0.29804117,0.5042780997,30.021284023000003,0.057860313,-0.049369617,-0.05504403,-0.016564541,0.0471063908999999,0.0053855002,-0.004455488,0.0,1.0469770613,0.2163306717999999,0.0,0.0,0.0157604253,0.0113441044999999,0.0356348503,0.4977543165999999,0.2406753381,0.1125801102,0.0848012894999999,0.0672268908,0.0806357011,0.1067237019999999,0.2735312316,73631.303826,0.8056520928,0.0017057532,0.09800391,-0.12120507,-0.010599971,0.0260852575999999,-0.107938818,0.0571742894,0.043101259,-0.036015349,0.0541838895,-0.623700181,4.0,0.7438034705,0.0,,,0.6006923099,0.2841885303,9.4184782609,15.463112078,27.72619667,,0.0,0.1123641241,0.0,0.2695776365,0.4181942496,0.0206001918,0.9446179945,0.1674449874,2.33122e-05,0.0035127534999999,0.0199932151,1.0,0.0602425036,0.048470027,0.1480391002,0.0042597508,0.0434240531,0.0638132625,5.0,0.0126139682,1.048495e-11,0.0178832039,0.0079752241,0.2782602812,2.178347712,1.2284523e-08,58.0,49.42635591
2017-05-31,86972887.989,0.626187947,0.392111345,0.1909796188,18.575650542,0.0229242733,0.0669967683,0.0286008213,0.1098473706,0.0550323398,0.6358963645,0.0186701587,1.3888997077,0.1312687671,-0.1312687669999999,25.0,-0.151324511,0.0661433343,-0.29804117,0.5042780997,30.021284023000003,0.057860313,-0.049369617,-0.05504403,-0.016564541,0.0471063908999999,0.0053855002,-0.004455488,0.0,1.0469770613,0.2163306717999999,0.0,0.0,0.0157604253,0.0113441044999999,0.0356348503,0.4977543165999999,0.2406753381,0.1125801102,0.0848012894999999,0.0672268908,0.0806357011,0.1067237019999999,0.2735312316,73631.303826,0.8056520928,0.0017057532,0.09800391,-0.12120507,-0.010599971,0.0260852575999999,-0.107938818,0.0571742894,0.043101259,-0.036015349,0.0541838895,-0.623700181,4.0,0.7438034705,0.0,,,0.6006923099,0.2841885303,9.4184782609,15.463112078,27.72619667,,0.0,0.1123641241,0.0,0.2695776365,0.4181942496,0.0206001918,1.3336278837,0.1579399142,0.0136187238999999,0.012998895,0.0052339314,2.0,0.0578969436,0.0486679349,0.1399734349,0.0100719008,0.0637947819,0.0767419186,5.0,0.0124932082,1.085888e-11,0.0176151916,0.008401824,0.4542120836,3.3694732127,1.8359123e-08,58.0,52.56344241
2017-06-30,92113641.884,0.6316630339,0.3989981884,0.042007478,18.342347683,0.0232432431,0.0991556988,0.0632700473,0.0406076122,0.1076637706,0.5399296442,-0.0053827519999999,1.3089824998,0.1312687671,-0.1312687669999999,25.0,-0.151324511,0.0661433343,-0.29804117,0.5042780997,30.021284023000003,0.057860313,-0.049369617,-0.05504403,-0.016564541,0.0471063908999999,0.0053855002,-0.004455488,0.0,1.0469770613,0.2163306717999999,0.0,0.0,0.0157604253,0.0113441044999999,0.0356348503,0.4977543165999999,0.2406753381,0.1125801102,0.0848012894999999,0.0672268908,0.0806357011,0.1067237019999999,0.2735312316,73631.303826,0.8056520928,0.0017057532,0.09800391,-0.12120507,-0.010599971,0.0260852575999999,-0.107938818,0.0571742894,0.043101259,-0.036015349,0.0541838895,-0.623700181,4.0,0.7438034705,0.0,,,0.6006923099,0.2841885303,9.4184782609,15.463112078,27.72619667,,0.0,0.1123641241,0.0,0.2695776365,0.4181942496,0.0206001918,1.3336278837,0.1579399142,0.0136187238999999,0.012998895,0.0052339314,2.0,0.0578969436,0.0486679349,0.1399734349,0.0100719008,0.0637947819,0.0767419186,5.0,0.0113554588999999,1.261915e-11,0.0257439129,0.0078975982,0.2233745767,1.2469009481,1.7939494999999998e-08,58.0,48.18384416
2017-07-31,84298768.985,0.6230106767,0.3881423032,0.0793622161,18.441563258,0.0234169661,0.1174436651,-0.083320223,0.1552724755,0.1317657991,0.5167550766,0.0174263705,1.1831585752,0.1312687671,-0.1312687669999999,25.0,-0.151324511,0.0729100986,-0.283846981,0.5042780997,30.021284023000003,0.057860313,-0.049369617,-0.05504403,-0.016564541,0.0471063908999999,0.0053855002,-0.004455488,0.0,1.0469770613,0.2163306717999999,0.0,0.0,0.0157604253,0.0113441044999999,0.0356348503,0.4977543165999999,0.2406753381,0.1125801102,0.0848012894999999,0.0672268908,0.0806357011,0.1067237019999999,0.2735312316,73631.303826,0.8056520928,0.0017057532,0.09800391,-0.12120507,-0.010599971,0.0260852575999999,-0.107938818,0.0571742894,0.043101259,-0.036015349,0.0541838895,-0.623700181,4.0,0.7438034705,0.0,,,0.6006923099,0.2841885303,9.4184782609,15.463112078,27.72619667,,0.0,0.1123641241,0.0,0.2695776365,0.4181942496,0.0206001918,1.286763082,0.1551939389,0.0015065476999999,-0.035287672,-0.0396669429999999,0.0,0.0524651942,0.0486660876,0.1277702242999999,0.004442316,0.0595812341,0.0686035433,5.0,0.0135068723,1.60446e-11,0.0128627401,0.0087521136,0.2638032589,1.4382211891,1.6898867e-08,58.0,44.60579502
2017-08-31,77941721.339,0.6257003529999999,0.3915009317,0.0269511352999999,18.414245009,0.0238193762,0.0574208775999999,-0.074258305,0.0647683322,0.0208458986,0.5354970153999999,0.015403491,1.2752956114,0.1312687671,-0.1312687669999999,25.0,-0.151324511,0.0729100986,-0.2893684239999999,0.5042780997,30.021284023000003,0.057860313,-0.049369617,-0.05504403,-0.016564541,0.0471063908999999,0.0053855002,-0.004455488,0.0,1.0469770613,0.2163306717999999,0.0,0.0,0.0157604253,0.0113441044999999,0.0356348503,0.4977543165999999,0.2406753381,0.1125801102,0.0848012894999999,0.0672268908,0.0806357011,0.1067237019999999,0.2735312316,73631.303826,0.8056520928,0.0017057532,0.09800391,-0.12120507,-0.010599971,0.0260852575999999,-0.107938818,0.0571742894,0.043101259,-0.036015349,0.0541838895,-0.623700181,4.0,0.7438034705,0.0,,,0.6006923099,0.2841885303,9.4184782609,15.463112078,27.72619667,,0.0,0.1123641241,0.0,0.2695776365,0.4181942496,0.0206001918,1.286763082,0.1551939389,0.0015065476999999,-0.035287672,-0.0396669429999999,0.0,0.0524651942,0.0486660876,0.1277702242999999,0.004442316,0.0595812341,0.0686035433,5.0,0.014350433,1.205337e-11,0.0269244295,0.0224532989,0.5680865836,7.637925396699999,1.4269184e-08,58.0,45.53761966
2017-09-29,79212354.881,0.6305147877,0.3975488975,-0.047347858,18.40338339,0.0244696682,0.0031244395,0.0209336989,-0.047087174,-0.02783007,0.4851894595,0.0142613948,1.4618159169,0.1312687671,-0.1312687669999999,25.0,-0.151324511,0.0729100986,-0.2893684239999999,0.5042780997,30.021284023000003,0.057860313,-0.049369617,-0.05504403,-0.016564541,0.0471063908999999,0.0053855002,-0.004455488,0.0,1.0469770613,0.2163306717999999,0.0,0.0,0.0157604253,0.0113441044999999,0.0356348503,0.4977543165999999,0.2406753381,0.1125801102,0.0848012894999999,0.0672268908,0.0806357011,0.1067237019999999,0.2735312316,73631.303826,0.8056520928,0.0017057532,0.09800391,-0.12120507,-0.010599971,0.0260852575999999,-0.107938818,0.0571742894,0.043101259,-0.036015349,0.0541838895,-0.623700181,4.0,0.7438034705,0.0,,,0.6006923099,0.2841885303,9.4184782609,15.463112078,27.72619667,,0.0,0.1123641241,0.0,0.2695776365,0.4181942496,0.0206001918,1.286763082,0.1551939389,0.0015065476999999,-0.035287672,-0.0396669429999999,0.0,0.0524651942,0.0486660876,0.1277702242999999,0.004442316,0.0595812341,0.0686035433,5.0,0.0125183916,1.324761e-11,0.0244590620999999,0.0096895571,0.3377085659,2.4530897435,1.1641556e-08,58.0,44.58303959
2017-10-31,76891234.689,0.6377263295000001,0.4066948714,-0.1602400769999999,18.433117429,0.0245942825,0.0066038355,-0.020962477,-0.052464564,0.0308359523,0.4745198757,0.0192941362,1.4946304834,0.1312687671,-0.1312687669999999,25.0,-0.151324511,0.0729100986,-0.2893684239999999,0.5042780997,30.021284023000003,0.057860313,-0.049369617,-0.05504403,-0.016564541,0.0471063908999999,0.0053855002,-0.004455488,0.0,1.0469770613,0.2163306717999999,0.0,0.0,0.0157604253,0.0113441044999999,0.0356348503,0.4977543165999999,0.2406753381,0.1125801102,0.0848012894999999,0.0672268908,0.0806357011,0.1067237019999999,0.2735312316,73631.303826,0.8056520928,0.0017057532,0.09800391,-0.12120507,-0.010599971,0.0260852575999999,-0.107938818,0.0571742894,0.043101259,-0.036015349,0.0541838895,-0.623700181,4.0,0.7438034705,0.0,,,0.6006923099,0.2841885303,9.4184782609,15.463112078,27.72619667,,0.0,0.1123641241,0.0,0.2695776365,0.4181942496,0.0206001918,0.8981426276000001,0.1683242080999999,0.0033627809999999,0.002122725,-0.0146093489999999,0.0,0.0465638888999999,0.0486701962,0.1126004899,0.0035584493,0.0699789347,0.0785927085,5.0,0.0121162129,1.139804e-11,0.0140082175,0.0081806243,0.2504504892,1.6158405507,1.7110816e-08,58.0,45.52101827
2017-11-30,78508944.218,0.6392691765,0.4086650800999999,-0.220737073,18.411535904,0.0244908502,0.0591825395,0.0210389327,-0.098121713,0.0295751587,0.4434652397999999,0.1013047105,1.4041469872,0.1312687671,-0.1312687669999999,25.0,-0.151324511,0.0729100986,-0.2893684239999999,0.5042780997,30.021284023000003,0.057860313,-0.049369617,-0.05504403,-0.016564541,0.0471063908999999,0.0053855002,-0.004455488,0.0,1.0469770613,0.2163306717999999,0.0,0.0,0.0157604253,0.0113441044999999,0.0356348503,0.4977543165999999,0.2406753381,0.1125801102,0.0848012894999999,0.0672268908,0.0806357011,0.1067237019999999,0.2735312316,73631.303826,0.8056520928,0.0017057532,0.09800391,-0.12120507,-0.010599971,0.0260852575999999,-0.107938818,0.0571742894,0.043101259,-0.036015349,0.0541838895,-0.623700181,4.0,0.7438034705,0.0,,,0.6006923099,0.2841885303,9.4184782609,15.463112078,27.72619667,,0.0,0.1123641241,0.0,0.2695776365,0.4181942496,0.0206001918,0.8981426276000001,0.1683242080999999,0.0033627809999999,0.002122725,-0.0146093489999999,0.0,0.0465638888999999,0.0486701962,0.1126004899,0.0035584493,0.0699789347,0.0785927085,5.0,0.0142305288,1.385207e-11,0.0138478586,0.0080054803,0.2494041552,1.4483664484,1.5910906e-08,58.0,48.24889744
2017-12-29,82266295.566,0.6571528888,0.4318499193,-0.18859036,18.401752662,0.0235673445999999,-0.041279311,0.0598103479,-0.133942646,-0.041753521,0.4675873247,0.2465819989,1.3704648574,0.1312687671,-0.1312687669999999,25.0,-0.151324511,0.0729100986,-0.294728588,0.5042780997,30.021284023000003,0.057860313,-0.049369617,-0.05504403,-0.016564541,0.0471063908999999,0.0053855002,-0.004455488,0.0,1.0469770613,0.2163306717999999,0.0,0.0,0.0157604253,0.0113441044999999,0.0356348503,0.4977543165999999,0.2406753381,0.1125801102,0.0848012894999999,0.0672268908,0.0806357011,0.1067237019999999,0.2735312316,73631.303826,0.8056520928,0.0017057532,0.09800391,-0.12120507,-0.010599971,0.0260852575999999,-0.107938818,0.0571742894,0.043101259,-0.036015349,0.0541838895,-0.623700181,4.0,0.7438034705,0.0,,,0.6006923099,0.2841885303,9.4184782609,15.463112078,27.72619667,,0.0,0.1123641241,0.0,0.2695776365,0.4181942496,0.0206001918,0.8981426276000001,0.1683242080999999,0.0033627809999999,0.002122725,-0.0146093489999999,0.0,0.0465638888999999,0.0486701962,0.1126004899,0.0035584493,0.0699789347,0.0785927085,5.0,0.0147803276,1.5113829999999998e-11,0.0211408752999999,0.0095014506,0.4317622142,3.6759268968,1.3808283e-08,58.0,47.92345521
2018-01-31,80838468.43,0.7021346465,0.4929930618,-0.064484906,18.574968293,0.0225568512,-0.000525245,-0.00674506,0.0012837288,0.0603744034,0.3911725768999999,0.1622159471,1.3500692468000002,0.1312687671,-0.1312687669999999,25.0,-0.151324511,0.0729100986,-0.261207024,0.5042780997,30.021284023000003,0.057860313,-0.049369617,-0.05504403,-0.016564541,0.0471063908999999,0.0053855002,-0.004455488,0.0,1.0469770613,0.2163306717999999,0.0,0.0,0.0157604253,0.0113441044999999,0.0356348503,0.4977543165999999,0.2406753381,0.1125801102,0.0848012894999999,0.0672268908,0.0806357011,0.1067237019999999,0.2735312316,73631.303826,0.8056520928,0.0017057532,0.09800391,-0.12120507,-0.010599971,0.0260852575999999,-0.107938818,0.0571742894,0.043101259,-0.036015349,0.0541838895,-0.623700181,4.0,0.7438034705,0.0,,,0.6006923099,0.2841885303,9.4184782609,15.463112078,27.72619667,,0.0,0.1123641241,0.0,0.2695776365,0.4181942496,0.0206001918,3.1439079259,0.20699319,0.0030578608,0.0115082837,-0.075931003,1.0,0.0486087195,0.0486646529,0.1233898305,0.0050249845,0.0633431233,0.0705701153,5.0,0.0131682274,1.244937e-11,0.0251220968,0.00963662,0.391237269,2.8717709684,1.7731836e-08,58.0,47.4060855
2018-02-28,79852137.93,0.6822600890999999,0.4654788291,0.0770078016,18.426078806,0.0226335466,0.0332669867,-0.010795733,0.0743061645,0.0589440595,0.2970288577,0.1078871149,1.5014854866,0.1312687671,-0.1312687669999999,25.0,-0.151324511,0.0729100986,-0.263825216,0.5042780997,30.021284023000003,0.057860313,-0.049369617,-0.05504403,-0.016564541,0.0471063908999999,0.0053855002,-0.004455488,0.0,1.0469770613,0.2163306717999999,0.0,0.0,0.0157604253,0.0113441044999999,0.0356348503,0.4977543165999999,0.2406753381,0.1125801102,0.0848012894999999,0.0672268908,0.0806357011,0.1067237019999999,0.2735312316,73631.303826,0.8056520928,0.0017057532,0.09800391,-0.12120507,-0.010599971,0.0260852575999999,-0.107938818,0.0571742894,0.043101259,-0.036015349,0.0541838895,-0.623700181,4.0,0.7438034705,0.0,,,0.6006923099,0.2841885303,9.4184782609,15.463112078,27.72619667,,0.0,0.1123641241,0.0,0.2695776365,0.4181942496,0.0206001918,3.1439079259,0.20699319,0.0030578608,0.0115082837,-0.075931003,1.0,0.0486087195,0.0486646529,0.1233898305,0.0050249845,0.0633431233,0.0705701153,5.0,0.0152639992999999,1.251312e-11,0.0187402051,0.0125248159,0.519266474,7.0762189195000005,1.2069951e-08,58.0,47.90653677
2018-03-29,80259757.855,0.6742106125,0.45455995,0.0788675582,18.742203503,0.0231303231999999,0.0736635884,0.0103854443999999,0.0409179785,0.0126683141,0.2519078139,0.0749541528,1.5827044753,0.1312687671,-0.1312687669999999,25.0,-0.151324511,0.0729100986,-0.25857401,0.5042780997,30.021284023000003,0.057860313,-0.049369617,-0.05504403,-0.016564541,0.0471063908999999,0.0053855002,-0.004455488,0.0,1.0469770613,0.2163306717999999,0.0,0.0,0.0157604253,0.0113441044999999,0.0356348503,0.4977543165999999,0.2406753381,0.1125801102,0.0848012894999999,0.0672268908,0.0806357011,0.1067237019999999,0.2735312316,73631.303826,0.8056520928,0.0017057532,0.09800391,-0.12120507,-0.010599971,0.0260852575999999,-0.107938818,0.0571742894,0.043101259,-0.036015349,0.0541838895,-0.623700181,4.0,0.7438034705,0.0,,,0.6006923099,0.2841885303,9.4184782609,15.463112078,27.72619667,,0.0,0.1123641241,0.0,0.2695776365,0.4181942496,0.0206001918,3.1439079259,0.20699319,0.0030578608,0.0115082837,-0.075931003,1.0,0.0486087195,0.0486646529,0.1233898305,0.0050249845,0.0633431233,0.0705701153,5.0,0.0196003149,1.622295e-11,0.0183469689999999,0.0125536605,0.2582767031,2.4462337896,1.3568691e-08,58.0,48.56934175
2018-04-30,80027135.156,0.6673848858,0.4454025858,0.1614371436,18.729651708,0.0220707271,0.0125624298,0.0138353929,0.0742472574,-0.0034500959999999,0.2688771346,0.1520736207,1.6115036232,0.0898829417,-0.089882942,26.0,-0.002519278,0.0674431081,-0.256291985,0.4491854687,24.69740087,0.0542883717,-0.0610241979999999,-0.072882208,-0.019787744,0.10484864,-0.001010626,-0.010146212,0.0,1.2517828796,0.205589999,0.0,0.0,0.0197148606,-0.073742352,0.0375166293,0.4405457272999999,0.1654521746,0.0643245711,0.0878744005,0.0905511810999999,0.0695209183999999,0.1158597581,0.0556714225,70466.525832,0.8844476211,0.0017473569,0.0409588448,0.1956163376,-0.04964933,-0.031240606,0.248466529,0.0607581723,-0.170364045,0.0262059779999999,0.061404062,-0.44704822,6.0,0.9286137371,0.0,,,0.594155732,0.2777130222,8.3194470252,16.412609971,23.856351236,,0.0,0.0502394926,0.0,0.2911489158999999,0.4691691611,0.2704964542,3.1439079259,0.20699319,0.0030578608,0.0115082837,-0.075931003,1.0,0.0486087195,0.0486646529,0.1233898305,0.0050249845,0.0633431233,0.0705701153,5.0,0.0191609092,1.816877e-11,0.0264606252,0.0122275398,0.2245985023,1.445369982,1.5739291000000003e-08,58.0,48.30086378
2018-05-31,79446599.579,0.6662247239,0.4438553828,0.1399192399,18.493829221,0.0221280832,0.0037288412,-0.00552772,0.0666683271,-0.017755438,0.2464643689,0.1156900398,1.4559830918,0.0898829417,-0.089882942,26.0,-0.002519278,0.0674431081,-0.256291985,0.4491854687,24.69740087,0.0542883717,-0.0610241979999999,-0.072882208,-0.019787744,0.10484864,-0.001010626,-0.010146212,0.0,1.2517828796,0.205589999,0.0,0.0,0.0197148606,-0.073742352,0.0375166293,0.4405457272999999,0.1654521746,0.0643245711,0.0878744005,0.0905511810999999,0.0695209183999999,0.1158597581,0.0556714225,70466.525832,0.8844476211,0.0017473569,0.0409588448,0.1956163376,-0.04964933,-0.031240606,0.248466529,0.0607581723,-0.170364045,0.0262059779999999,0.061404062,-0.44704822,6.0,0.9286137371,0.0,,,0.594155732,0.2777130222,8.3194470252,16.412609971,23.856351236,,0.0,0.0502394926,0.0,0.2911489158999999,0.4691691611,0.2704964542,1.2542352392,0.1873155315,-0.003559091,0.0283897983,0.0217128387,2.0,0.0543011974,0.0117053187,0.1349556765,-0.000167769,0.0586176759999999,0.0657277531,6.0,0.0184552177,1.910917e-11,0.0312944204,0.0146568256,0.3035506483,2.2096230882,1.6137391e-08,58.0,47.79439596
2018-06-29,78204597.473,0.6564362202,0.4309085111999999,0.0726193362,18.447332629,0.0221230035,0.0461122287,-0.010422121,0.0009074600999999,-0.081310536,0.2607401598,0.1520550116,1.255250921,0.0898829417,-0.089882942,26.0,-0.002519278,0.0674431081,-0.2695732389999999,0.4491854687,24.69740087,0.0542883717,-0.0610241979999999,-0.072882208,-0.019787744,0.10484864,-0.001010626,-0.010146212,0.0,1.2517828796,0.205589999,0.0,0.0,0.0197148606,-0.073742352,0.0375166293,0.4405457272999999,0.1654521746,0.0643245711,0.0878744005,0.0905511810999999,0.0695209183999999,0.1158597581,0.0556714225,70466.525832,0.8844476211,0.0017473569,0.0409588448,0.1956163376,-0.04964933,-0.031240606,0.248466529,0.0607581723,-0.170364045,0.0262059779999999,0.061404062,-0.44704822,6.0,0.9286137371,0.0,,,0.594155732,0.2777130222,8.3194470252,16.412609971,23.856351236,,0.0,0.0502394926,0.0,0.2911489158999999,0.4691691611,0.2704964542,1.2542352392,0.1873155315,-0.003559091,0.0283897983,0.0217128387,2.0,0.0543011974,0.0117053187,0.1349556765,-0.000167769,0.0586176759999999,0.0657277531,6.0,0.0143678044,2.076502e-11,0.0276144519,0.0108468087,0.200894695,1.0583859194,1.8262494e-08,58.0,41.19915727
2018-07-31,66743752.915,0.6518726918,0.4249380064,-0.134933723,18.260023644,0.0218053257,0.0740035604,-0.137991875,-0.00279793,-0.0082526159999999,0.1200206984,0.2043431348999999,1.6479082350999998,0.0898829417,-0.089882942,26.0,-0.002519278,0.0674975678,-0.267060239,0.4491854687,24.69740087,0.0542883717,-0.0610241979999999,-0.072882208,-0.019787744,0.10484864,-0.001010626,-0.010146212,0.0,1.2517828796,0.205589999,0.0,0.0,0.0197148606,-0.073742352,0.0375166293,0.4405457272999999,0.1654521746,0.0643245711,0.0878744005,0.0905511810999999,0.0695209183999999,0.1158597581,0.0556714225,70466.525832,0.8844476211,0.0017473569,0.0409588448,0.1956163376,-0.04964933,-0.031240606,0.248466529,0.0607581723,-0.170364045,0.0262059779999999,0.061404062,-0.44704822,6.0,0.9286137371,0.0,,,0.594155732,0.2777130222,8.3194470252,16.412609971,23.856351236,,0.0,0.0502394926,0.0,0.2911489158999999,0.4691691611,0.2704964542,2.5700404781,0.2034722035,0.0267098514,0.0493719503,-0.060822722,3.0,0.1268010523,0.028271597,0.4128731583,0.0042158147,0.1163531552,0.1973417535,5.0,0.0204928292999999,1.285803e-11,0.0267600193999999,0.0234838279,0.5640440749,9.3881094683,8.4941615e-09,58.0,44.18472568
2018-08-31,70679348.177,0.7009077298,0.4912716457,-0.130758726,18.706464008,0.0232550089,0.1984394739999999,0.0724667534,-0.131022464,-0.0765304109999999,-0.0403813779999999,0.0204149213999999,1.8112183431,0.0898829417,-0.089882942,26.0,-0.002519278,0.0674975678,-0.2668745919999999,0.4491854687,24.69740087,0.0542883717,-0.0610241979999999,-0.072882208,-0.019787744,0.10484864,-0.001010626,-0.010146212,0.0,1.2517828796,0.205589999,0.0,0.0,0.0197148606,-0.073742352,0.0375166293,0.4405457272999999,0.1654521746,0.0643245711,0.0878744005,0.0905511810999999,0.0695209183999999,0.1158597581,0.0556714225,70466.525832,0.8844476211,0.0017473569,0.0409588448,0.1956163376,-0.04964933,-0.031240606,0.248466529,0.0607581723,-0.170364045,0.0262059779999999,0.061404062,-0.44704822,6.0,0.9286137371,0.0,,,0.594155732,0.2777130222,8.3194470252,16.412609971,23.856351236,,0.0,0.0502394926,0.0,0.2911489158999999,0.4691691611,0.2704964542,2.5700404781,0.2034722035,0.0267098514,0.0493719503,-0.060822722,3.0,0.1376336589,0.028271597,0.4128731583,0.0042158147,0.1163531552,0.1973417535,5.0,0.0148766004,1.275377e-11,0.02726366,0.0096092045999999,0.2641421249,2.4451881813,1.1604979e-08,58.0,45.39255355
2018-09-28,72109396.029,0.6395162589,0.4089810455,-0.104357757,18.641366278,0.023433262,0.2091592923999999,0.0271044355,-0.077629709,-0.029916993,0.0343434864,0.1035355992,1.9883156367,0.0898829417,-0.089882942,26.0,-0.002519278,0.0674975678,-0.2668745919999999,0.4491854687,24.69740087,0.0542883717,-0.0610241979999999,-0.072882208,-0.019787744,0.10484864,-0.001010626,-0.010146212,0.0,1.2517828796,0.205589999,0.0,0.0,0.0197148606,-0.073742352,0.0375166293,0.4405457272999999,0.1654521746,0.0643245711,0.0878744005,0.0905511810999999,0.0695209183999999,0.1158597581,0.0556714225,70466.525832,0.8844476211,0.0017473569,0.0409588448,0.1956163376,-0.04964933,-0.031240606,0.248466529,0.0607581723,-0.170364045,0.0262059779999999,0.061404062,-0.44704822,6.0,0.9286137371,0.0,,,0.594155732,0.2777130222,8.3194470252,16.412609971,23.856351236,,0.0,0.0502394926,0.0,0.2911489158999999,0.4691691611,0.2704964542,2.5700404781,0.2034722035,0.0267098514,0.0493719503,-0.060822722,3.0,0.1566380799,0.028271597,0.4128731583,0.0042158147,0.1163531552,0.1973417535,5.0,0.0123084476,1.285845e-11,0.0150549849,0.0077792052,0.2296809674,1.4985365413999998,1.2954999e-08,58.0,48.27152
2018-10-31,74409244.2,0.6500452650999999,0.4225588467,-0.095401822,18.477795876,0.0233352755,0.2158960871,0.0634237453,-0.065557759,0.0177102871,-0.025287,0.0606060324,1.5787082729,0.0898829417,-0.089882942,26.0,-0.002519278,0.0674975678,-0.275535571,0.4491854687,24.69740087,0.0542883717,-0.0610241979999999,-0.072882208,-0.019787744,0.10484864,-0.001010626,-0.010146212,0.0,1.2517828796,0.205589999,0.0,0.0,0.0197148606,-0.073742352,0.0375166293,0.4405457272999999,0.1654521746,0.0643245711,0.0878744005,0.0905511810999999,0.0695209183999999,0.1158597581,0.0556714225,70466.525832,0.8844476211,0.0017473569,0.0409588448,0.1956163376,-0.04964933,-0.031240606,0.248466529,0.0607581723,-0.170364045,0.0262059779999999,0.061404062,-0.44704822,6.0,0.9286137371,0.0,,,0.594155732,0.2777130222,8.3194470252,16.412609971,23.856351236,,0.0,0.0502394926,0.0,0.2911489158999999,0.4691691611,0.2704964542,0.3487883699,0.1277523001,-0.012074867,-0.0131768239999999,0.0100304744999999,0.0,0.0356454356,0.0285679066,0.1147580884,0.0092181232,0.1612084249,0.2292721055,5.0,0.0136320026,1.223474e-11,0.0180754997,0.008003065,0.3025305172,3.0794164492,1.7481319e-08,58.0,49.48595127
2018-11-30,76281257.59899999,0.6447016935000001,0.4156402736,-0.036401533,18.42915008,0.0237425081999999,0.2423672243,0.0251583438,-0.00076846,0.0599569228,-0.09591976,0.0258736008,1.7702205922,0.0898829417,-0.089882942,26.0,-0.002519278,0.0674975678,-0.275535571,0.4491854687,24.69740087,0.0542883717,-0.0610241979999999,-0.072882208,-0.019787744,0.10484864,-0.001010626,-0.010146212,0.0,1.2517828796,0.205589999,0.0,0.0,0.0197148606,-0.073742352,0.0375166293,0.4405457272999999,0.1654521746,0.0643245711,0.0878744005,0.0905511810999999,0.0695209183999999,0.1158597581,0.0556714225,70466.525832,0.8844476211,0.0017473569,0.0409588448,0.1956163376,-0.04964933,-0.031240606,0.248466529,0.0607581723,-0.170364045,0.0262059779999999,0.061404062,-0.44704822,6.0,0.9286137371,0.0,,,0.594155732,0.2777130222,8.3194470252,16.412609971,23.856351236,,0.0,0.0502394926,0.0,0.2911489158999999,0.4691691611,0.2704964542,0.3487883699,0.1277523001,-0.012074867,-0.0131768239999999,0.0100304744999999,0.0,0.0356454356,0.0285679066,0.1147580884,0.0092181232,0.1612084249,0.2292721055,5.0,0.0219156221,1.6103320000000002e-11,0.0289828683999999,0.0149786339,0.2712409647,2.7379176439,8.7889911e-09,58.0,56.96633631
2018-12-31,82772833.514,0.5916406786,0.3500386925,0.2011917634,18.839129139,0.0237990231999999,0.0901611224,0.1511927396,0.0351591041,0.0253001263,-0.026600574,0.1278159963,2.1115005764,0.0898829417,-0.089882942,26.0,-0.002519278,0.0674975678,-0.273911336,0.4491854687,24.69740087,0.0542883717,-0.0610241979999999,-0.072882208,-0.019787744,0.10484864,-0.001010626,-0.010146212,0.0,1.2517828796,0.205589999,0.0,0.0,0.0197148606,-0.073742352,0.0375166293,0.4405457272999999,0.1654521746,0.0643245711,0.0878744005,0.0905511810999999,0.0695209183999999,0.1158597581,0.0556714225,70466.525832,0.8844476211,0.0017473569,0.0409588448,0.1956163376,-0.04964933,-0.031240606,0.248466529,0.0607581723,-0.170364045,0.0262059779999999,0.061404062,-0.44704822,6.0,0.9286137371,0.0,,,0.594155732,0.2777130222,8.3194470252,16.412609971,23.856351236,,0.0,0.0502394926,0.0,0.2911489158999999,0.4691691611,0.2704964542,0.3487883699,0.1277523001,-0.012074867,-0.0131768239999999,0.0100304744999999,0.0,0.0356454356,0.0285679066,0.1147580884,0.0092181232,0.1612084249,0.2292721055,5.0,0.0207580454,1.068445e-11,0.0970492660999999,0.0234730719,0.3966868117,6.318333368899999,8.0819308e-09,58.0,54.98549248
2019-01-31,80068521.897,0.6457901511999999,0.4170449194,0.4747655775,18.732202725,0.0250251258,0.0568580307,-0.034772176,0.382432034,0.1883334421999999,-0.011262254,0.1633609821,2.3058700547,0.0898829417,-0.089882942,26.0,-0.002519278,0.0674975678,-0.28127541,0.4491854687,24.69740087,0.0542883717,-0.0610241979999999,-0.072882208,-0.019787744,0.10484864,-0.001010626,-0.010146212,0.0,1.2517828796,0.205589999,0.0,0.0,0.0197148606,-0.073742352,0.0375166293,0.4405457272999999,0.1654521746,0.0643245711,0.0878744005,0.0905511810999999,0.0695209183999999,0.1158597581,0.0556714225,70466.525832,0.8844476211,0.0017473569,0.0409588448,0.1956163376,-0.04964933,-0.031240606,0.248466529,0.0607581723,-0.170364045,0.0262059779999999,0.061404062,-0.44704822,6.0,0.9286137371,0.0,,,0.594155732,0.2777130222,8.3194470252,16.412609971,23.856351236,,0.0,0.0502394926,0.0,0.2911489158999999,0.4691691611,0.2704964542,-0.2330300039999999,0.1150383248,-0.0128213069999999,-0.0311256179999999,0.0191064253,1.0,0.0485487225,0.0286189975999999,0.1808880964999999,0.0097222579,0.1520496781,0.2164189606,5.0,0.0236413337,1.5228089999999998e-11,0.0416116304999999,0.0164446338,0.3390656864999999,3.5342230357,1.1432931999999995e-08,58.0,58.17874934
2019-02-28,84738903.241,0.6962473113,0.4847603185,0.3845055231,18.717803603,0.0239479016,-0.092484403,0.0580745004,0.2441988148999999,0.1595304837,-0.033846369,0.1151844198,2.2886522998,0.0898829417,-0.089882942,26.0,-0.002519278,0.0674975678,-0.271821795,0.4491854687,24.69740087,0.0542883717,-0.0610241979999999,-0.072882208,-0.019787744,0.10484864,-0.001010626,-0.010146212,0.0,1.2517828796,0.205589999,0.0,0.0,0.0197148606,-0.073742352,0.0375166293,0.4405457272999999,0.1654521746,0.0643245711,0.0878744005,0.0905511810999999,0.0695209183999999,0.1158597581,0.0556714225,70466.525832,0.8844476211,0.0017473569,0.0409588448,0.1956163376,-0.04964933,-0.031240606,0.248466529,0.0607581723,-0.170364045,0.0262059779999999,0.061404062,-0.44704822,6.0,0.9286137371,0.0,,,0.594155732,0.2777130222,8.3194470252,16.412609971,23.856351236,,0.0,0.0502394926,0.0,0.2911489158999999,0.4691691611,0.2704964542,-0.2330300039999999,0.1150383248,-0.0128213069999999,-0.0311256179999999,0.0191064253,1.0,0.0485487225,0.0286189975999999,0.1808880964999999,0.0097222579,0.1520496781,0.2164189606,5.0,0.0232260813,1.318867e-11,0.0362990200999999,0.0170467994,0.3751587996,4.571809311,9.355281e-09,58.0,60.30191833
2019-03-29,87375338.657,0.6196380925,0.3839513656,0.3809931681,18.795005562,0.0243417010999999,-0.02695805,0.0363956951,0.2817148811,0.2142590177,0.0156295114,0.0679938621,2.0449955923,0.0898829417,-0.089882942,26.0,-0.002519278,0.0674975678,-0.263535853,0.4491854687,24.69740087,0.0542883717,-0.0610241979999999,-0.072882208,-0.019787744,0.10484864,-0.001010626,-0.010146212,0.0,1.2517828796,0.205589999,0.0,0.0,0.0197148606,-0.073742352,0.0375166293,0.4405457272999999,0.1654521746,0.0643245711,0.0878744005,0.0905511810999999,0.0695209183999999,0.1158597581,0.0556714225,70466.525832,0.8844476211,0.0017473569,0.0409588448,0.1956163376,-0.04964933,-0.031240606,0.248466529,0.0607581723,-0.170364045,0.0262059779999999,0.061404062,-0.44704822,6.0,0.9286137371,0.0,,,0.594155732,0.2777130222,8.3194470252,16.412609971,23.856351236,,0.0,0.0502394926,0.0,0.2911489158999999,0.4691691611,0.2704964542,-0.2330300039999999,0.1150383248,-0.0128213069999999,-0.0311256179999999,0.0191064253,1.0,0.0485487225,0.0286189975999999,0.1808880964999999,0.0097222579,0.1520496781,0.2164189606,5.0,0.0137217883,7.857689e-12,0.0260431264,0.0084860176,0.1968364997,1.984152321,1.3300389e-08,58.0,63.80365227
2019-04-30,89951395.56899999,0.6417186289,0.4118027986,0.3279680721,18.677403902,0.0238679451,-0.003039734,0.0580699407,0.2491387285,0.2412792328,0.0039822061,0.0748418194,1.8846427785,0.3852084522999999,-0.385208452,27.0,-0.6815448009999999,0.0178095903,-0.314491026,0.3615832318999999,6.639558280599999,0.1604343675,0.0512622841,-0.309558766,-0.085568595,0.0367993577999999,0.001895021,0.0569296829,0.0,2.1980577742,0.2103185980999999,0.0,0.0,0.0236596948,-0.7854167809999999,0.0607222941,0.4786364649,0.3722141221,-0.152562172,0.0878700336,0.0505415162,0.1148298714,0.3088406596,1.5795972431,67486.87480199999,2.3663336588,0.0014693208,0.1425163514,0.7559417131999999,0.0230001417,-0.015000075,1.1017059955,0.0774402655,-0.652513759,-0.155686804,0.075422008,-1.642099905,4.0,1.9516730587,0.0,,,0.6008971668,0.2226159095,2.7657253463,17.650481970999998,14.995147103,,0.0,0.1041997963,0.0,0.3322100679,0.5818176343,-0.496663752,-0.2330300039999999,0.1150383248,-0.0128213069999999,-0.0311256179999999,0.0191064253,1.0,0.0485487225,0.0286189975999999,0.1808880964999999,0.0097222579,0.1520496781,0.2164189606,5.0,0.012239471,1.057327e-11,0.0167720821,0.0075550003,0.2350337743,1.8617022756,1.3433952e-08,58.0,66.67026781
2019-05-31,94086016.37,0.6626412042000001,0.4390933654999999,0.3227944239999999,18.736985397,0.0238026081,-0.02960124,0.0449287631,0.2892409727,0.3206604854,0.0600465924,0.0286553900999999,1.5254912483,0.3852084522999999,-0.385208452,27.0,-0.6815448009999999,0.0178095903,-0.31474564,0.3615832318999999,6.639558280599999,0.1604343675,0.0512622841,-0.309558766,-0.085568595,0.0367993577999999,0.001895021,0.0569296829,0.0,2.1980577742,0.2103185980999999,0.0,0.0,0.0236596948,-0.7854167809999999,0.0607222941,0.4786364649,0.3722141221,-0.152562172,0.0878700336,0.0505415162,0.1148298714,0.3088406596,1.5795972431,67486.87480199999,2.3663336588,0.0014693208,0.1425163514,0.7559417131999999,0.0230001417,-0.015000075,1.1017059955,0.0774402655,-0.652513759,-0.155686804,0.075422008,-1.642099905,4.0,1.9516730587,0.0,,,0.6008971668,0.2226159095,2.7657253463,17.650481970999998,14.995147103,,0.0,0.1041997963,0.0,0.3322100679,0.5818176343,-0.496663752,1.0737513854,0.369997185,-0.013017208,-0.0041133409999999,0.0977657354,0.0,0.0439876383,0.0288745604999999,0.1893903325,0.008134742,0.1464855396,0.2059011935,5.0,0.0123978320999999,1.2226e-11,0.0125132427,0.0067438751,0.2860361958,1.7768499011,1.7224203999999998e-08,58.0,65.58273451
2019-06-28,92123869.043,0.6739393156,0.4541942012,-0.040415262,18.549277386,0.0237979624,-0.016219238,-0.016220426,0.1702340785,0.3945300884,0.0707060213,0.0264721516999999,1.4023171709,0.3852084522999999,-0.385208452,27.0,-0.6815448009999999,0.0178095903,-0.29231312,0.3615832318999999,6.639558280599999,0.1604343675,0.0512622841,-0.309558766,-0.085568595,0.0367993577999999,0.001895021,0.0569296829,0.0,2.1980577742,0.2103185980999999,0.0,0.0,0.0236596948,-0.7854167809999999,0.0607222941,0.4786364649,0.3722141221,-0.152562172,0.0878700336,0.0505415162,0.1148298714,0.3088406596,1.5795972431,67486.87480199999,2.3663336588,0.0014693208,0.1425163514,0.7559417131999999,0.0230001417,-0.015000075,1.1017059955,0.0774402655,-0.652513759,-0.155686804,0.075422008,-1.642099905,4.0,1.9516730587,0.0,,,0.6008971668,0.2226159095,2.7657253463,17.650481970999998,14.995147103,,0.0,0.1041997963,0.0,0.3322100679,0.5818176343,-0.496663752,1.0737513854,0.369997185,-0.013017208,-0.0041133409999999,0.0977657354,0.0,0.0439876383,0.0288745604999999,0.1893903325,0.008134742,0.1464855396,0.2059011935,5.0,0.0157409598,1.210308e-11,0.014660486,0.010327531,0.276523627,2.1098640432,1.4289097e-08,58.0,72.28241696
2019-07-31,101140897.21,0.6681385561,0.4464091302,-0.019791376,18.641843602,0.0238253979999999,-0.102388439,0.1021562517,0.1927260639999999,0.5915281735,-0.113075526,-0.03123589,1.3307259816,0.3852084522999999,-0.385208452,27.0,-0.6815448009999999,0.017980849,-0.40265596,0.3615832318999999,6.639558280599999,0.1604343675,0.0512622841,-0.309558766,-0.085568595,0.0367993577999999,0.001895021,0.0569296829,0.0,2.1980577742,0.2103185980999999,0.0,0.0,0.0236596948,-0.7854167809999999,0.0607222941,0.4786364649,0.3722141221,-0.152562172,0.0878700336,0.0505415162,0.1148298714,0.3088406596,1.5795972431,67486.87480199999,2.1732026144,0.0014693208,0.1425163514,0.7559417131999999,0.0230001417,-0.015000075,1.1017059955,0.0774402655,-0.652513759,-0.155686804,0.075422008,-1.642099905,4.0,1.9516730587,0.0,,,0.6008971668,0.2226159095,2.7657253463,17.650481970999998,14.995147103,,0.0,0.1041997963,0.0,0.3322100679,0.5818176343,-0.496663752,0.6789205211,0.2498235851,-0.02973783,-0.012956021,0.0267632566,1.0,0.0314864798,0.0282152949,0.6503634032,0.0069815203,0.1458739226,0.1988966473,5.0,0.0154288294,1.391882e-11,0.0301757454999999,0.010867772,0.2551774523,1.8057114021,1.6262008e-08,58.0,81.6464519
2019-08-30,113343932.92,0.6777911083,0.4594007864,0.0869152578999999,18.568161729,0.0240010508,-0.038786281,0.129547894,0.2424177007,0.6355870432,-0.06404181,0.1157406888,1.3844514063,0.3852084522999999,-0.385208452,27.0,-0.6815448009999999,0.017980849,-0.4023004089999999,0.3615832318999999,6.639558280599999,0.1604343675,0.0512622841,-0.309558766,-0.085568595,0.0367993577999999,0.001895021,0.0569296829,0.0,2.1980577742,0.2103185980999999,0.0,0.0,0.0236596948,-0.7854167809999999,0.0607222941,0.4786364649,0.3722141221,-0.152562172,0.0878700336,0.0505415162,0.1148298714,0.3088406596,1.5795972431,67486.87480199999,2.0807151395,0.0014693208,0.1425163514,0.7559417131999999,0.0230001417,-0.015000075,1.1017059955,0.0774402655,-0.652513759,-0.155686804,0.075422008,-1.642099905,4.0,1.9516730587,0.0,,,0.6008971668,0.2226159095,2.7657253463,17.650481970999998,14.995147103,,0.0,0.1041997963,0.0,0.3322100679,0.5818176343,-0.496663752,0.6789205211,0.2498235851,-0.02973783,-0.012956021,0.0267632566,1.0,0.0314864798,0.0282152949,0.6251283807,0.0069815203,0.1458739226,0.1988966473,5.0,0.0155355937999999,1.5155920000000003e-11,0.0893602669,0.0215760135,0.3657214311,2.9036570076,1.4437125e-08,58.0,83.57443646
2019-09-30,115582317.08,0.7011588972,0.4916237991,0.0576129698,18.634643355,0.0252276729,-0.10159168,0.0235504806,0.3540873471,0.7987205937999999,-0.0110752989999999,0.0200326225,1.3245162924,0.3852084522999999,-0.385208452,27.0,-0.6815448009999999,0.017980849,-0.4023004089999999,0.3615832318999999,6.639558280599999,0.1604343675,0.0512622841,-0.309558766,-0.085568595,0.0367993577999999,0.001895021,0.0569296829,0.0,2.1980577742,0.2103185980999999,0.0,0.0,0.0236596948,-0.7854167809999999,0.0607222941,0.4786364649,0.3722141221,-0.152562172,0.0878700336,0.0505415162,0.1148298714,0.3088406596,1.5795972431,67486.87480199999,2.0807151395,0.0014693208,0.1425163514,0.7559417131999999,0.0230001417,-0.015000075,1.1017059955,0.0774402655,-0.652513759,-0.155686804,0.075422008,-1.642099905,4.0,1.9516730587,0.0,,,0.6008971668,0.2226159095,2.7657253463,17.650481970999998,14.995147103,,0.0,0.1041997963,0.0,0.3322100679,0.5818176343,-0.496663752,0.6789205211,0.2498235851,-0.02973783,-0.012956021,0.0267632566,1.0,0.0314864798,0.0282152949,0.6503634032,0.0069815203,0.1458739226,0.1988966473,5.0,0.0174896815,1.557326e-11,0.0190074239,0.0119435829,0.2268946097,1.3152442147,1.674983e-08,58.0,76.52911839
2019-10-31,104742329.83,0.7076678584999999,0.5007937979,-0.122191131,18.736044143,0.02530385,-0.085012037,-0.084299915,0.3099103393,0.7312772414,0.0922433572,-0.00010206,1.2497487197,0.3852084522999999,-0.385208452,27.0,-0.6815448009999999,0.017980849,-0.390034758,0.3615832318999999,6.639558280599999,0.1604343675,0.0512622841,-0.309558766,-0.085568595,0.0367993577999999,0.001895021,0.0569296829,0.0,2.1980577742,0.2103185980999999,0.0,0.0,0.0236596948,-0.7854167809999999,0.0607222941,0.4786364649,0.3722141221,-0.152562172,0.0878700336,0.0505415162,0.1148298714,0.3088406596,1.5795972431,67486.87480199999,2.1732026144,0.0014693208,0.1425163514,0.7559417131999999,0.0230001417,-0.015000075,1.1017059955,0.0774402655,-0.652513759,-0.155686804,0.075422008,-1.642099905,4.0,1.9516730587,0.0,,,0.6008971668,0.2226159095,2.7657253463,17.650481970999998,14.995147103,,0.0,0.1041997963,0.0,0.3322100679,0.5818176343,-0.496663752,0.5157903382,0.1208316565,0.0003133277999999,-0.008906043,0.019098442,0.0,0.0331810243,0.0285075356,-0.229817325,0.0030483128,0.1409971565,0.1929283852,5.0,0.0202926476,1.584169e-11,0.0148736509,0.0130969428,0.3218089858,2.1263405015,1.9188181e-08,58.0,73.18821817
2019-11-29,100169773.11,0.6532736903,0.4267665143999999,-0.249366558,18.597487034,0.025982669,-0.012307017,-0.043655291,0.1479107974,0.5464252205,0.1422982834999999,0.016771247,1.1786934801,0.3852084522999999,-0.385208452,27.0,-0.6815448009999999,0.017980849,-0.390034758,0.3615832318999999,6.639558280599999,0.1604343675,0.0512622841,-0.309558766,-0.085568595,0.0367993577999999,0.001895021,0.0569296829,0.0,2.1980577742,0.2103185980999999,0.0,0.0,0.0236596948,-0.7854167809999999,0.0607222941,0.4786364649,0.3722141221,-0.152562172,0.0878700336,0.0505415162,0.1148298714,0.3088406596,1.5795972431,67486.87480199999,2.0441953593,0.0014693208,0.1425163514,0.7559417131999999,0.0230001417,-0.015000075,1.1017059955,0.0774402655,-0.652513759,-0.155686804,0.075422008,-1.642099905,4.0,1.9516730587,0.0,,,0.6008971668,0.2226159095,2.7657253463,17.650481970999998,14.995147103,,0.0,0.1041997963,0.0,0.3322100679,0.5818176343,-0.496663752,0.5157903382,0.1208316565,0.0003133277999999,-0.008906043,0.019098442,0.0,0.0331810243,0.0285075356,-0.229817325,0.0030483128,0.1409971565,0.1929283852,5.0,0.0165635925,1.4380229999999998e-11,0.0147631987999999,0.0102466188,0.3002633715,1.9256227855,1.6191363000000002e-08,58.0,74.31084112
2019-12-31,100892830.36,0.6478542288,0.4197151018,-0.018462014,18.583481365,0.026264962,-0.051002989,0.0151372133,0.1158987709,0.2846811192,0.1986832603,0.027847184,1.1757746559,0.3852084522999999,-0.385208452,27.0,-0.6815448009999999,0.017980849,-0.390447977,0.3615832318999999,6.639558280599999,0.1604343675,0.0512622841,-0.309558766,-0.085568595,0.0367993577999999,0.001895021,0.0569296829,0.0,2.1980577742,0.2103185980999999,0.0,0.0,0.0236596948,-0.7854167809999999,0.0607222941,0.4786364649,0.3722141221,-0.152562172,0.0878700336,0.0505415162,0.1148298714,0.3088406596,1.5795972431,67486.87480199999,2.1732026144,0.0014693208,0.1425163514,0.7559417131999999,0.0230001417,-0.015000075,1.1017059955,0.0774402655,-0.652513759,-0.155686804,0.075422008,-1.642099905,4.0,1.9516730587,0.0,,,0.6008971668,0.2226159095,2.7657253463,17.650481970999998,14.995147103,,0.0,0.1041997963,0.0,0.3322100679,0.5818176343,-0.496663752,0.5157903382,0.1208316565,0.0003133277999999,-0.008906043,0.019098442,0.0,0.0331810243,0.0285075356,-0.229817325,0.0030483128,0.1409971565,0.1929283852,5.0,0.0155477117,1.40877e-11,0.0157709493999999,0.0098796375,0.2113350044,1.2244428353,1.8630433e-08,58.0,76.47675467
2020-01-31,103262037.85,0.6390471926,0.4083813144,-0.256819007,18.590983851,0.0262845623,0.1333750566,0.0291466452,0.0277947131999999,0.3511085977,0.2080589323,0.0735392188,1.1654392093,0.3852084522999999,-0.385208452,27.0,-0.6815448009999999,0.017980849,-0.389697355,0.3615832318999999,6.639558280599999,0.1604343675,0.0512622841,-0.309558766,-0.085568595,0.0367993577999999,0.001895021,0.0569296829,0.0,2.1980577742,0.2103185980999999,0.0,0.0,0.0236596948,-0.7854167809999999,0.0607222941,0.4786364649,0.3722141221,-0.152562172,0.0878700336,0.0505415162,0.1148298714,0.3088406596,1.5795972431,67486.87480199999,2.220700807,0.0014693208,0.1425163514,0.7559417131999999,0.0230001417,-0.015000075,1.1017059955,0.0774402655,-0.652513759,-0.155686804,0.075422008,-1.642099905,4.0,1.9516730587,0.0,,,0.6008971668,0.2226159095,2.7657253463,17.650481970999998,14.995147103,,0.0,0.1041997963,0.0,0.3322100679,0.5818176343,-0.496663752,0.5829468885,0.2314208592,0.0074961733,-0.01562268,0.098993348,1.0,0.0778147478,0.0290777476,-0.272548591,0.0050671887,0.1373217052,0.1891847189999999,5.0,0.0124672854,1.180974e-11,0.0221433137,0.0083208713,0.4086202563,2.1857341076,1.8545558e-08,58.0,73.78893424
2020-02-28,99564973.149,0.6374785125,0.4063788539,-0.4998439999999999,18.572650439,0.0262234656,0.045001432,-0.035145547,-0.063562079,0.314169163,0.2851606457,0.0740659475,1.2532654568,0.3852084522999999,-0.385208452,27.0,-0.6815448009999999,0.017980849,-0.389779796,0.3615832318999999,6.639558280599999,0.1604343675,0.0512622841,-0.309558766,-0.085568595,0.0367993577999999,0.001895021,0.0569296829,0.0,2.1980577742,0.2103185980999999,0.0,0.0,0.0236596948,-0.7854167809999999,0.0607222941,0.4786364649,0.3722141221,-0.152562172,0.0878700336,0.0505415162,0.1148298714,0.3088406596,1.5795972431,67486.87480199999,2.220700807,0.0014693208,0.1425163514,0.7559417131999999,0.0230001417,-0.015000075,1.1017059955,0.0774402655,-0.652513759,-0.155686804,0.075422008,-1.642099905,4.0,1.9516730587,0.0,,,0.6008971668,0.2226159095,2.7657253463,17.650481970999998,14.995147103,,0.0,0.1041997963,0.0,0.3322100679,0.5818176343,-0.496663752,0.5829468885,0.2314208592,0.0074961733,-0.01562268,0.098993348,1.0,0.0778147478,0.0290777476,-0.272548591,0.0050671887,0.1373217052,0.1891847189999999,5.0,0.0166019797,1.515795e-11,0.0185643733,0.0138456647,0.3201213974,2.6900454957,1.4380711000000002e-08,58.0,68.53988405
2020-03-31,92053291.358,0.6932469837999999,0.4805913804999999,-0.565571049,18.78733029,0.0264434075,0.0264613399,-0.070611827,-0.117262593,0.2234535271,0.2876304557,0.0444900161,1.3396835317,0.3852084522999999,-0.385208452,27.0,-0.6815448009999999,0.017980849,-0.405823114,0.3615832318999999,6.639558280599999,0.1604343675,0.0512622841,-0.309558766,-0.085568595,0.0367993577999999,0.001895021,0.0569296829,0.0,2.1980577742,0.2103185980999999,0.0,0.0,0.0236596948,-0.7854167809999999,0.0607222941,0.4786364649,0.3722141221,-0.152562172,0.0878700336,0.0505415162,0.1148298714,0.3088406596,1.5795972431,67486.87480199999,2.2306338028,0.0014693208,0.1425163514,0.7559417131999999,0.0230001417,-0.015000075,1.1017059955,0.0774402655,-0.652513759,-0.155686804,0.075422008,-1.642099905,4.0,1.9516730587,0.0,,,0.6008971668,0.2226159095,2.7657253463,17.650481970999998,14.995147103,,0.0,0.1041997963,0.0,0.3322100679,0.5818176343,-0.496663752,0.5829468885,0.2314208592,0.0074961733,-0.01562268,0.098993348,1.0,0.0778147478,0.0290777476,-0.272548591,0.0050671887,0.1373217052,0.1891847189999999,5.0,0.0235559896,1.906746e-11,0.0275548771,0.0169963335,0.3326176096,3.180558795,1.6186538000000003e-08,58.0,57.45010809
2020-04-30,76790891.505,0.7707682064,0.5940836279999999,-0.448514487,18.690335884,0.0263995608999999,-0.080634456,-0.161800355,-0.104067239,0.0746579168,0.3269371889999999,0.0477646931,2.2305412423,0.0667558097,-0.06675581,28.0,0.2043682006,-0.075507826,-0.491570878,0.2055080196,35.069359835,0.0481849115,-0.070976994,0.1814741978,-0.0951035059999999,0.1396346689,0.0059433788,-0.037216495,0.0,0.916546436,0.2141424507,0.0,0.0,0.0172003045,-2.650060846,0.03436242,0.2950729413,0.1890219823999999,0.1509913316,0.090727518,0.1890034364,0.0498956798,0.2429829422,0.107481963,95601.677498,,0.0014377632999999,-0.294650131,-0.583019861,0.0181812384,-0.035726312,-0.657413227,-0.019662498,0.4534497628,0.0342650875,-0.018005315,-0.402256057,5.0,0.6686173747999999,0.0,,,0.6053245525,0.2146732032,9.6146675855,17.332679482,25.981182005,,0.0,0.0723760594,0.0,0.2530839203,0.4039707278,0.8087585556999999,0.6307724097,0.1434525172,0.0010763193,0.0229709575999999,0.0114477054,0.0,0.0384217781,0.0293904102,-0.185807527,0.0042332454,0.1325287449,0.1823030105999999,5.0,0.0780473128,4.374212e-11,0.1473032385,0.0739538657,0.1979238002,4.6654656542,5.2453255e-09,58.0,67.05425607
2020-05-29,89643662.922,0.848534839,0.7200113729000001,-0.181274163,19.373147253,0.0271991181,-0.445640059,0.1671738029,-0.214749122,-0.137952828,0.3480009026,0.0597451244,2.5513546749,0.0667558097,-0.06675581,28.0,0.2043682006,-0.075507826,-0.491570878,0.2055080196,35.069359835,0.0481849115,-0.070976994,0.1814741978,-0.0951035059999999,0.1396346689,0.0059433788,-0.037216495,0.0,0.916546436,0.2141424507,0.0,0.0,0.0172003045,-2.657053169,0.03436242,0.2950729413,0.1890219823999999,0.1509913316,0.090727518,0.1890034364,0.0498956798,0.2429829422,0.107481963,95601.677498,,0.0014377632999999,-0.294650131,-0.583019861,0.0181812384,-0.035726312,-0.657413227,-0.019662498,0.4534497628,0.0342650875,-0.018005315,-0.402256057,5.0,0.6686173747999999,0.0,,,0.6053245525,0.2146732032,9.6146675855,17.332679482,25.981182005,,0.0,0.0723760594,0.0,0.2530839203,0.4039707278,0.8087585556999999,0.6307724097,0.1434525172,0.0010763193,0.0229709575999999,0.0114477054,0.0,0.0384217781,0.0293904102,-0.185807527,0.0042332454,0.1325287449,0.1823030105999999,5.0,0.0415999402,3.249049e-11,0.0751784593,0.0350551342,0.274248532,3.4621532397,8.6137686e-09,58.0,68.54049763
2020-06-30,91115714.504,0.903200993,0.8157720338,-0.210282568,19.05841057,0.0275471848,-0.228516871,0.0217645559,-0.097142493,0.0227482886,0.247223842,0.0265155039,2.6491028602,0.0667558097,-0.06675581,28.0,0.2043682006,-0.075507826,-0.491570878,0.2055080196,35.069359835,0.0481849115,-0.070976994,0.1814741978,-0.0951035059999999,0.1396346689,0.0059433788,-0.037216495,0.0,0.916546436,0.2141424507,0.0,0.0,0.0172003045,-2.657053169,0.03436242,0.2950729413,0.1890219823999999,0.1509913316,0.090727518,0.1890034364,0.0498956798,0.2429829422,0.107481963,95601.677498,,0.0014377632999999,-0.294650131,-0.583019861,0.0181812384,-0.035726312,-0.657413227,-0.019662498,0.4534497628,0.0342650875,-0.018005315,-0.402256057,5.0,0.6686173747999999,0.0,,,0.6053245525,0.2146732032,9.6146675855,17.332679482,25.981182005,,0.0,0.0723760594,0.0,0.2530839203,0.4039707278,0.8087585556999999,0.6307724097,0.1434525172,0.0010763193,0.0229709575999999,0.0114477054,0.0,0.0384217781,0.0293904102,-0.185807527,0.0042332454,0.1325287449,0.1823030105999999,5.0,0.0263307265,1.944362e-11,0.0472861975,0.020518303,0.1960400966,1.7893383156,1.2670428e-08,58.0,64.67361483
2020-07-31,86019346.719,0.8918420923,0.7953823176,-0.211941789,18.873714302,0.0278776234,-0.239604496,-0.05641751,-0.1036187069999999,-0.05185136,0.4995809757,0.0153366494,2.1162192757,0.0667558097,-0.06675581,28.0,0.2043682006,-0.058548138,-0.450643544,0.2055080196,35.069359835,0.0481849115,-0.070976994,0.1814741978,-0.0951035059999999,0.1396346689,0.0059433788,-0.037216495,0.0,0.916546436,0.2141424507,0.0,0.0,0.0172003045,-2.343598055,0.03436242,0.2950729413,0.1890219823999999,0.1509913316,0.090727518,0.1890034364,0.0498956798,0.2429829422,0.107481963,95601.677498,,0.0014377632999999,-0.294650131,-0.583019861,0.0181812384,-0.035726312,-0.657413227,-0.019662498,0.4534497628,0.0342650875,-0.018005315,-0.402256057,5.0,0.6686173747999999,0.0,,,0.6053245525,0.2146732032,9.6146675855,17.332679482,25.981182005,,0.0,0.0723760594,0.0,0.2530839203,0.4039707278,0.8087585556999999,1.2008013219,0.1121079791,0.0026724988,1.1522957159,-0.058541928,1.0,0.0460831651,0.0294815342,-0.142116748,0.0044972964,0.1283260903999999,0.1761533335,5.0,0.0278617115,1.922954e-11,0.0525010005,0.0283138549,0.3474142301,4.189791695799999,9.008543e-09,58.0,67.25739561
2020-08-31,89463568.573,0.8843955707,0.7821555255,0.0081145522,19.061505132,0.0274850288,-0.191665996,0.0399511158,-0.123381055,-0.207951731,0.8297204743000001,0.0255847593,1.8388343313,0.0667558097,-0.06675581,28.0,0.2043682006,-0.058548138,-0.430304032,0.2055080196,35.069359835,0.0481849115,-0.070976994,0.1814741978,-0.0951035059999999,0.1396346689,0.0059433788,-0.037216495,0.0,0.916546436,0.2141424507,0.0,0.0,0.0172003045,-2.343598055,0.03436242,0.2950729413,0.1890219823999999,0.1509913316,0.090727518,0.1890034364,0.0498956798,0.2429829422,0.107481963,95601.677498,,0.0014377632999999,-0.294650131,-0.583019861,0.0181812384,-0.035726312,-0.657413227,-0.019662498,0.4534497628,0.0342650875,-0.018005315,-0.402256057,5.0,0.6686173747999999,0.0,,,0.6053245525,0.2146732032,9.6146675855,17.332679482,25.981182005,,0.0,0.0723760594,0.0,0.2530839203,0.4039707278,0.8087585556999999,1.2008013219,0.1121079791,0.0026724988,1.1522957159,-0.058541928,1.0,0.0460831651,0.0294815342,-0.142116748,0.0044972964,0.1283260903999999,0.1761533335,5.0,0.0208549549,2.048586e-11,0.0395984761,0.0178507187,0.2420236267,1.9052516475,1.2548068e-08,58.0,74.63915924
2020-09-30,98745431.427,0.8789676948999999,0.7725842086,0.2675226780999999,18.769757511,0.0274286373,-0.172652446,0.1091075763,-0.019095706,-0.19526052,0.8344102784,0.0240344129999999,1.7012128185,0.0667558097,-0.06675581,28.0,0.2043682006,-0.058548138,-0.430304032,0.2055080196,35.069359835,0.0481849115,-0.070976994,0.1814741978,-0.0951035059999999,0.1396346689,0.0059433788,-0.037216495,0.0,0.916546436,0.2141424507,0.0,0.0,0.0172003045,-2.343598055,0.03436242,0.2950729413,0.1890219823999999,0.1509913316,0.090727518,0.1890034364,0.0498956798,0.2429829422,0.107481963,95601.677498,,0.0014377632999999,-0.294650131,-0.583019861,0.0181812384,-0.035726312,-0.657413227,-0.019662498,0.4534497628,0.0342650875,-0.018005315,-0.402256057,5.0,0.6686173747999999,0.0,,,0.6053245525,0.2146732032,9.6146675855,17.332679482,25.981182005,,0.0,0.0723760594,0.0,0.2530839203,0.4039707278,0.8087585556999999,1.2008013219,0.1121079791,0.0026724988,1.1522957159,-0.058541928,1.0,0.0460831651,0.0294815342,-0.142116748,0.0044972964,0.1283260903999999,0.1761533335,5.0,0.0160918579,1.804153e-11,0.0513472408,0.0153309485,0.3687321375,2.6907611868,1.5648448e-08,58.0,75.92040443
2020-10-30,100809933.85,0.8811493945000001,0.7764242554,0.5692442665999999,18.694238142,0.0285268567,-0.060803602,0.017165821,0.297934675,-0.0252893189999999,0.7157357188,0.016530931,1.425924316,0.0667558097,-0.06675581,28.0,0.2043682006,-0.058548138,-0.430304032,0.2055080196,35.069359835,0.0481849115,-0.070976994,0.1814741978,-0.0951035059999999,0.1396346689,0.0059433788,-0.037216495,0.0,0.916546436,0.2141424507,0.0,0.0,0.0172003045,-2.343598055,0.03436242,0.2950729413,0.1890219823999999,0.1509913316,0.090727518,0.1890034364,0.0498956798,0.2429829422,0.107481963,95601.677498,,0.0014377632999999,-0.294650131,-0.583019861,0.0181812384,-0.035726312,-0.657413227,-0.019662498,0.4534497628,0.0342650875,-0.018005315,-0.402256057,5.0,0.6686173747999999,0.0,,,0.6053245525,0.2146732032,9.6146675855,17.332679482,25.981182005,,0.0,0.0723760594,0.0,0.2530839203,0.4039707278,0.8087585556999999,-0.215063925,0.0955351197,-0.005430254,-0.422212312,0.0175433792,0.0,0.0118422143999999,0.0313121635,-0.0485806,-0.004040844,0.1566591682,0.20849297,5.0,0.0239340015,1.968572e-11,0.0267285928,0.0147792846,0.3110364446,1.9188734567,1.5133669000000002e-08,58.0,76.8393665
2020-11-30,102030166.93,0.8656444139,0.7493402512999999,0.228288159,18.745302951,0.0287126237,-0.0434051259999999,0.0121042942999999,0.1311209917,0.0366998231,0.607024692,0.0193572051,1.3105807844,0.0667558097,-0.06675581,28.0,0.2043682006,-0.058548138,-0.430304032,0.2055080196,35.069359835,0.0481849115,-0.070976994,0.1814741978,-0.0951035059999999,0.1396346689,0.0059433788,-0.037216495,0.0,0.916546436,0.2141424507,0.0,0.0,0.0172003045,-2.343598055,0.03436242,0.2950729413,0.1890219823999999,0.1509913316,0.090727518,0.1890034364,0.0498956798,0.2429829422,0.107481963,95601.677498,,0.0014377632999999,-0.294650131,-0.583019861,0.0181812384,-0.035726312,-0.657413227,-0.019662498,0.4534497628,0.0342650875,-0.018005315,-0.402256057,5.0,0.6686173747999999,0.0,,,0.6053245525,0.2146732032,9.6146675855,17.332679482,25.981182005,,0.0,0.0723760594,0.0,0.2530839203,0.4039707278,0.8087585556999999,-0.215063925,0.0955351197,-0.005430254,-0.422212312,0.0175433792,0.0,0.0118422143999999,0.0313121635,-0.0485806,-0.004040844,0.1566591682,0.20849297,5.0,0.0188675883,1.901579e-11,0.0219475739,0.0134072732,0.2986395045,1.888439334,1.6112311000000002e-08,58.0,87.02056211
2020-12-31,115046070.06,0.8674860225,0.7525319992,0.3462183600999999,18.651229788,0.0284971249,-0.1123967219999999,0.1323596835,0.1204268208,0.0336024816,0.5392853739,0.0228288958,1.2677092536,0.0667558097,-0.06675581,28.0,0.2043682006,-0.058548138,-0.430028206,0.2055080196,35.069359835,0.0481849115,-0.070976994,0.1814741978,-0.0951035059999999,0.1396346689,0.0059433788,-0.037216495,0.0,0.916546436,0.2141424507,0.0,0.0,0.0172003045,-2.384245816,0.03436242,0.2950729413,0.1890219823999999,0.1509913316,0.090727518,0.1890034364,0.0498956798,0.2429829422,0.107481963,95601.677498,,0.0014377632999999,-0.294650131,-0.583019861,0.0181812384,-0.035726312,-0.657413227,-0.019662498,0.4534497628,0.0342650875,-0.018005315,-0.402256057,5.0,0.6686173747999999,0.0,,,0.6053245525,0.2146732032,9.6146675855,17.332679482,25.981182005,,0.0,0.0723760594,0.0,0.2530839203,0.4039707278,0.8087585556999999,-0.215063925,0.0955351197,-0.005430254,-0.422212312,0.0175433792,0.0,0.0118422143999999,0.0313121635,-0.0485806,-0.004040844,0.1566591682,0.20849297,5.0,0.0173620857,1.803362e-11,0.0576943792,0.0176013353,0.4202476697999999,2.6185610505000003,1.809609e-08,58.0,94.97510441
2021-01-29,125936859.95,0.8668925317,0.7515026616,0.6216829953,18.750413859,0.0281040314,0.0501344242999999,0.0914099886999999,0.3445842557999999,0.1372623954,0.5949081303,0.0325613005,1.1553096067,0.0667558097,-0.06675581,28.0,0.2043682006,-0.058548138,-0.444549622,0.2055080196,35.069359835,0.0481849115,-0.070976994,0.1814741978,-0.0951035059999999,0.1396346689,0.0059433788,-0.037216495,0.0,0.916546436,0.2141424507,0.0,0.0,0.0172003045,-2.549833887,0.03436242,0.2950729413,0.1890219823999999,0.1509913316,0.090727518,0.1890034364,0.0498956798,0.2429829422,0.107481963,95601.677498,,0.0014377632999999,-0.294650131,-0.583019861,0.0181812384,-0.035726312,-0.657413227,-0.019662498,0.4534497628,0.0342650875,-0.018005315,-0.402256057,5.0,0.6686173747999999,0.0,,,0.6053245525,0.2146732032,9.6146675855,17.332679482,25.981182005,,0.0,0.0723760594,0.0,0.2530839203,0.4039707278,0.8087585556999999,0.2388142828999999,0.1439846812,-0.0209481969999999,-0.429795747,0.0224154862,0.0,-0.0246880329999999,0.036691116,0.090091765,-0.030235057,0.1579013318,0.2291740695,5.0,0.0157064939999999,1.555264e-11,0.0497011729,0.0145136986,0.4011357968,2.0322027009,1.9262493e-08,58.0,85.94634378
2021-02-26,113974410.13,0.8669178492,0.7515465573000001,0.365328937,18.681763415,0.0281647979999999,0.1345928873,-0.095064551,0.4111169890999999,0.2864318909,0.5556485779,0.0064449043,1.0951490699,0.0667558097,-0.06675581,28.0,0.2043682006,-0.058548138,-0.4432708929999999,0.2055080196,35.069359835,0.0481849115,-0.070976994,0.1814741978,-0.0951035059999999,0.1396346689,0.0059433788,-0.037216495,0.0,0.916546436,0.2141424507,0.0,0.0,0.0172003045,-2.549833887,0.03436242,0.2950729413,0.1890219823999999,0.1509913316,0.090727518,0.1890034364,0.0498956798,0.2429829422,0.107481963,95601.677498,,0.0014377632999999,-0.294650131,-0.583019861,0.0181812384,-0.035726312,-0.657413227,-0.019662498,0.4534497628,0.0342650875,-0.018005315,-0.402256057,5.0,0.6686173747999999,0.0,,,0.6053245525,0.2146732032,9.6146675855,17.332679482,25.981182005,,0.0,0.0723760594,0.0,0.2530839203,0.4039707278,0.8087585556999999,0.2388142828999999,0.1439846812,-0.0209481969999999,-0.429795747,0.0224154862,0.0,-0.0246880329999999,0.036691116,0.090091765,-0.030235057,0.1579013318,0.2291740695,5.0,0.0225997037,1.926535e-11,0.0284766741,0.0204371385,0.3231088037,2.6307984951,2.1938137e-08,58.0,96.31555899
2021-03-31,127183717.56,0.8556933599,0.7322111260999999,0.2022103478,18.599854738,0.0290884614,0.3133460517999999,0.1205454171,0.1513488988,0.2525851471,0.4309404371999999,0.0140436782,1.0189385064,0.0667558097,-0.06675581,28.0,0.2043682006,-0.058548138,-0.433618476,0.2055080196,35.069359835,0.0481849115,-0.070976994,0.1814741978,-0.0951035059999999,0.1396346689,0.0059433788,-0.037216495,0.0,0.916546436,0.2141424507,0.0,0.0,0.0172003045,-2.6402266290000003,0.03436242,0.2950729413,0.1890219823999999,0.1509913316,0.090727518,0.1890034364,0.0498956798,0.2429829422,0.107481963,95601.677498,,0.0014377632999999,-0.294650131,-0.583019861,0.0181812384,-0.035726312,-0.657413227,-0.019662498,0.4534497628,0.0342650875,-0.018005315,-0.402256057,5.0,0.6686173747999999,0.0,,,0.6053245525,0.2146732032,9.6146675855,17.332679482,25.981182005,,0.0,0.0723760594,0.0,0.2530839203,0.4039707278,0.8087585556999999,0.2388142828999999,0.1439846812,-0.0209481969999999,-0.429795747,0.0224154862,0.0,-0.0246880329999999,0.036691116,0.090091765,-0.030235057,0.1579013318,0.2291740695,5.0,0.0231074335999999,1.972875e-11,0.0440707207,0.0177919923,0.4008468997,2.3716511774,2.3545229e-08,58.0,97.4210972
2021-04-30,128709129.05,0.8405609784,0.7065427584,-0.037289951,18.638857286,0.0302473225999999,1.7606202731,0.0114782732,0.268366185,0.6745157958,0.1830458625,0.0123837179,1.1360938075,0.0275547854999999,-0.027554785,29.0,-0.5283616720000001,-0.07405432,-0.427553921,0.0753570887,20.240654563,0.0158496282,-0.049774933,0.1296196824,-0.009539085,-6.888883419,0.0009054597,-0.062362557,0.0,1.0625578483,0.0995652325,0.0,0.0,0.0142505794,0.2523827862,0.0092084177,0.2293544089999999,-0.249342238,0.4093377591,0.0932973850999999,0.0086705202,0.4182136985,0.368752342,0.4606296118999999,90866.890156,,0.0013575952,-0.107607733,0.1593060717,-0.535051401,-0.268754792,0.2733606901,-0.127200944,-0.480453188,-0.033191568,-0.125397141,-0.721210815,4.0,0.8513910818000001,0.0,,,0.7619541126999999,0.0378951113,5.0771788174,15.159211035,16.853948689,,0.0,-0.112816218,0.0,0.2332904962999999,0.4823680165,0.1759381036,0.7242081557,0.1576911947,-0.007898187,-0.395720802,-0.034194634,1.0,0.0134726121,0.0375173847,-0.0455367909999999,-0.0053953019999999,0.1569760359999999,0.2282937267999999,5.0,0.0237972258,1.558027e-11,0.023754105,0.0134299233,0.3774518364,3.0746730877,1.3748403999999998e-08,58.0,102.0750565
2021-05-28,134903564.48,0.8275980166,0.6849184770000001,0.1833236328999999,18.997285849,0.0306435438,1.0849711633,0.047771588,0.2675816572,0.4511432157,0.3884953516,0.0078679928,1.1452564429,0.0275547854999999,-0.027554785,29.0,-0.5283616720000001,-0.07405432,-0.427553921,0.0753570887,20.240654563,0.0158496282,-0.049774933,0.1296196824,-0.009539085,-6.888883419,0.0009054597,-0.062362557,0.0,1.0625578483,0.0995652325,0.0,0.0,0.0142505794,0.2523827862,0.0092084177,0.2293544089999999,-0.249342238,0.4093377591,0.0932973850999999,0.0086705202,0.4182136985,0.368752342,0.4606296118999999,90866.890156,,0.0013575952,-0.107607733,0.1593060717,-0.535051401,-0.268754792,0.2733606901,-0.127200944,-0.480453188,-0.033191568,-0.125397141,-0.721210815,4.0,0.8513910818000001,0.0,,,0.7619541126999999,0.0378951113,5.0771788174,15.159211035,16.853948689,,0.0,-0.112816218,0.0,0.2332904962999999,0.4823680165,0.1759381036,0.7242081557,0.1576911947,-0.007898187,-0.395720802,-0.034194634,1.0,0.0134726121,0.0375173847,-0.0455367909999999,-0.0053953019999999,0.1569760359999999,0.2282937267999999,5.0,0.0152719765,1.290898e-11,0.0198398194999999,0.0125531464,0.2893244889,1.9718131599,1.9355461e-08,58.0,101.9351721
2021-06-30,134184800.76,0.824551383,0.6798849833,-0.097472904,18.79346648,0.0297692981,1.2653704392,-0.001397507,0.1728923815,0.4880792475,0.4336570836999999,0.0464825955,1.1408323438,0.0275547854999999,-0.027554785,29.0,-0.5283616720000001,-0.07405432,-0.427553921,0.0753570887,20.240654563,0.0158496282,-0.049774933,0.1296196824,-0.009539085,-6.888883419,0.0009054597,-0.062362557,0.0,1.0625578483,0.0995652325,0.0,0.0,0.0142505794,0.2523827862,0.0092084177,0.2293544089999999,-0.249342238,0.4093377591,0.0932973850999999,0.0086705202,0.4182136985,0.368752342,0.4606296118999999,90866.890156,,0.0013575952,-0.107607733,0.1593060717,-0.535051401,-0.268754792,0.2733606901,-0.127200944,-0.480453188,-0.033191568,-0.125397141,-0.721210815,4.0,0.8513910818000001,0.0,,,0.7619541126999999,0.0378951113,5.0771788174,15.159211035,16.853948689,,0.0,-0.112816218,0.0,0.2332904962999999,0.4823680165,0.1759381036,0.7242081557,0.1576911947,-0.007898187,-0.395720802,-0.034194634,1.0,0.0134726121,0.0375173847,-0.0455367909999999,-0.0053953019999999,0.1569760359999999,0.2282937267999999,5.0,0.0140384399,1.186251e-11,0.0158658288,0.0106176363999999,0.2146337648,1.0870572118,2.2647478e-08,58.0,100.0822935
2021-07-30,131823987.12,0.8207704749,0.6736641725,-0.4138434029999999,18.680024788,0.0293522085,1.2275341581,-0.018177027,0.0731560714,0.5748486871,0.5693282724000001,0.0199891289999999,0.9804704153,0.0275547854999999,-0.027554785,29.0,-0.5283616720000001,-0.060720904,-0.32467051,0.0753570887,20.240654563,0.0158496282,-0.049774933,0.1296196824,-0.009539085,-6.888883419,0.0009054597,-0.062362557,0.0,1.0625578483,0.0995652325,0.0,0.0,0.0142505794,0.2523827862,0.0092084177,0.2293544089999999,-0.249342238,0.4093377591,0.0932973850999999,0.0086705202,0.4182136985,0.368752342,0.4606296118999999,90866.890156,,0.0013575952,-0.107607733,0.1593060717,-0.535051401,-0.268754792,0.2733606901,-0.127200944,-0.480453188,-0.033191568,-0.125397141,-0.721210815,4.0,0.8513910818000001,0.0,,,0.7619541126999999,0.0378951113,5.0771788174,15.159211035,16.853948689,,0.0,-0.112816218,0.0,0.2332904962999999,0.4823680165,0.1759381036,0.940578682,0.1756383391,-0.002610768,0.0240320994,-0.0575851629999999,2.0,0.0211816371,0.0378961094,-0.079717108,-0.002760907,0.1616375772,0.2302123152,5.0,0.0116528118999999,1.030417e-11,0.0115770679,0.0072700578,0.3009758048,1.6340219261000002,2.2065974e-08,58.0,108.6932556
2021-08-31,143178113.36,0.8236452237999999,0.6783914548000001,-0.0124552289999999,18.592534197,0.0291566945,1.3474785505000002,0.0860388427999999,0.1643364014,0.486822406,0.5217485137,0.0172993662,0.9714983179,0.0275547854999999,-0.027554785,29.0,-0.5283616720000001,-0.060720904,-0.327812768,0.0753570887,20.240654563,0.0158496282,-0.049774933,0.1296196824,-0.009539085,-6.888883419,0.0009054597,-0.062362557,0.0,1.0625578483,0.0995652325,0.0,0.0,0.0142505794,0.2523827862,0.0092084177,0.2293544089999999,-0.249342238,0.4093377591,0.0932973850999999,0.0086705202,0.4182136985,0.368752342,0.4606296118999999,90866.890156,,0.0013575952,-0.107607733,0.1593060717,-0.535051401,-0.268754792,0.2733606901,-0.127200944,-0.480453188,-0.033191568,-0.125397141,-0.721210815,4.0,0.8513910818000001,0.0,,,0.7619541126999999,0.0378951113,5.0771788174,15.159211035,16.853948689,,0.0,-0.112816218,0.0,0.2332904962999999,0.4823680165,0.1759381036,0.940578682,0.1756383391,-0.002610768,0.0240320994,-0.0575851629999999,2.0,0.0211816371,0.0378961094,-0.079717108,-0.002760907,0.1616375772,0.2302123152,5.0,0.0161389783,1.710285e-11,0.028171381,0.0150660044999999,0.2698311642,1.4656787361,1.9868526000000002e-08,58.0,105.5746723
2021-09-30,138532456.48,0.8197102345999999,0.6719248687,-0.194090946,18.826969956,0.0294346316,0.724998005,-0.028740859,0.1284813081,0.4558974438,0.6432436153,0.0165242161,0.9725584485,0.0275547854999999,-0.027554785,29.0,-0.5283616720000001,-0.060720904,-0.327812768,0.0753570887,20.240654563,0.0158496282,-0.049774933,0.1296196824,-0.009539085,-6.888883419,0.0009054597,-0.062362557,0.0,1.0625578483,0.0995652325,0.0,0.0,0.0142505794,0.2523827862,0.0092084177,0.2293544089999999,-0.249342238,0.4093377591,0.0932973850999999,0.0086705202,0.4182136985,0.368752342,0.4606296118999999,90866.890156,,0.0013575952,-0.107607733,0.1593060717,-0.535051401,-0.268754792,0.2733606901,-0.127200944,-0.480453188,-0.033191568,-0.125397141,-0.721210815,4.0,0.8513910818000001,0.0,,,0.7619541126999999,0.0378951113,5.0771788174,15.159211035,16.853948689,,0.0,-0.112816218,0.0,0.2332904962999999,0.4823680165,0.1759381036,0.940578682,0.1756383391,-0.002610768,0.0240320994,-0.0575851629999999,2.0,0.0211816371,0.0378961094,-0.079717108,-0.002760907,0.1616375772,0.2302123152,5.0,0.0129402337,1.2032e-11,0.0162615459,0.0083048179,0.2856471037999999,1.3135573466,2.0534924e-08,58.0,99.12283683
2021-10-29,130066518.12,0.8150046734999999,0.6642326178,-0.265536139,18.714522275,0.0295076203,0.7317482609999999,-0.061111588,0.0836098168,0.3901899493,0.5717640766,0.0130779863999999,0.9987175141,0.0275547854999999,-0.027554785,29.0,-0.5283616720000001,-0.060720904,-0.310228527,0.0753570887,20.240654563,0.0158496282,-0.049774933,0.1296196824,-0.009539085,-6.888883419,0.0009054597,-0.062362557,0.0,1.0625578483,0.0995652325,0.0,0.0,0.0142505794,0.2523827862,0.0092084177,0.2293544089999999,-0.249342238,0.4093377591,0.0932973850999999,0.0086705202,0.4182136985,0.368752342,0.4606296118999999,90866.890156,,0.0013575952,-0.107607733,0.1593060717,-0.535051401,-0.268754792,0.2733606901,-0.127200944,-0.480453188,-0.033191568,-0.125397141,-0.721210815,4.0,0.8513910818000001,0.0,,,0.7619541126999999,0.0378951113,5.0771788174,15.159211035,16.853948689,,0.0,-0.112816218,0.0,0.2332904962999999,0.4823680165,0.1759381036,0.2970481425,0.1411159712,0.006000968,-0.014574971,-0.044251998,3.0,0.0220031766999999,0.0382248731,-0.083365994,0.0052241825,0.1597628844999999,0.2292255076,5.0,0.0155740871,1.190813e-11,0.0194317289,0.0117423054,0.3286110405,1.7725061481,2.1225742e-08,58.0,95.3128393
2021-11-30,125162599.64,0.8269782379999999,0.6838930061,-0.394456199,18.664896554,0.0287308312,0.708097202,-0.0384371129999999,-0.028997625,0.2896232545,0.5517497185,0.0091444639,1.031577452,0.0275547854999999,-0.027554785,29.0,-0.5283616720000001,-0.060720904,-0.310228527,0.0753570887,20.240654563,0.0158496282,-0.049774933,0.1296196824,-0.009539085,-6.888883419,0.0009054597,-0.062362557,0.0,1.0625578483,0.0995652325,0.0,0.0,0.0142505794,0.2523827862,0.0092084177,0.2293544089999999,-0.249342238,0.4093377591,0.0932973850999999,0.0086705202,0.4182136985,0.368752342,0.4606296118999999,90866.890156,,0.0013575952,-0.107607733,0.1593060717,-0.535051401,-0.268754792,0.2733606901,-0.127200944,-0.480453188,-0.033191568,-0.125397141,-0.721210815,4.0,0.8513910818000001,0.0,,,0.7619541126999999,0.0378951113,5.0771788174,15.159211035,16.853948689,,0.0,-0.112816218,0.0,0.2332904962999999,0.4823680165,0.1759381036,0.2970481425,0.1411159712,0.006000968,-0.014574971,-0.044251998,3.0,0.0220031766999999,0.0382248731,-0.083365994,0.0052241825,0.1597628844999999,0.2292255076,5.0,0.0173439977,1.159733e-11,0.0236605983,0.0164931008,0.4138023761,4.1840089879,1.8461798e-08,58.0,98.94555862
2021-12-31,128629647.28,0.8157817567,0.6654998745,-0.20047865,18.765974514,0.0293739736,0.3685273753,0.0382766052999999,-0.065013503,0.0951059787,0.5263637093,-0.0390224329999999,1.1655344357,0.0275547854999999,-0.027554785,29.0,-0.5283616720000001,-0.060720904,-0.3126180739999999,0.0753570887,20.240654563,0.0158496282,-0.049774933,0.1296196824,-0.009539085,-6.888883419,0.0009054597,-0.062362557,0.0,1.0625578483,0.0995652325,0.0,0.0,0.0142505794,0.2523827862,0.0092084177,0.2293544089999999,-0.249342238,0.4093377591,0.0932973850999999,0.0086705202,0.4182136985,0.368752342,0.4606296118999999,90866.890156,,0.0013575952,-0.107607733,0.1593060717,-0.535051401,-0.268754792,0.2733606901,-0.127200944,-0.480453188,-0.033191568,-0.125397141,-0.721210815,4.0,0.8513910818000001,0.0,,,0.7619541126999999,0.0378951113,5.0771788174,15.159211035,16.853948689,,0.0,-0.112816218,0.0,0.2332904962999999,0.4823680165,0.1759381036,0.2970481425,0.1411159712,0.006000968,-0.014574971,-0.044251998,3.0,0.0220031766999999,0.0382248731,-0.083365994,0.0052241825,0.1597628844999999,0.2292255076,5.0,0.0193371358,1.279625e-11,0.042350214,0.0167599290999999,0.2573844889,1.8530682283,1.5193044e-08,58.0,105.56058
