tradeDate,mvel1,beta,betasq,chmom,dolvol,idiovol,indmom,mom1m,mom6m,mom12m,mom36m,pricedelay,turn,absacc,acc,age,agr,bm,bm_ia,cashdebt,cashpr,cfp,cfp_ia,chatoia,chcsho,chempia,chinv,chpmia,convind,currat,depr,divi,divo,dy,egr,ep,gma,grcapx,grltnoa,herf,hire,invest,lev,lgr,mve_ia,operprof,orgcap,pchcapx_ia,pchcurrat,pchdepr,pchgm_pchsale,pchquick,pchsale_pchinvt,pchsale_pchrect,pchsale_pchxsga,pchsaleinv,pctacc,ps,quick,rd,rd_mve,rd_sale,realestate,roic,salecash,saleinv,salerec,secured,securedind,sgr,sin,sp,tang,tb,aeavol,cash,chtx,cinvest,ear,nincr,roaq,roavol,roeq,rsup,stdacc,stdcf,ms,baspread,ill,maxret,retvol,std_dolvol,std_turn,zerotrade,sic2,close
1990-01-31,,,,,,,,,,,,,,,,,,,,,,,,,,,,,,,,,,,,,,,,,,,,,,,,,,,,,,,,,,,,,,,,,,,,,,,,,,,,,,,,,,,,,,,,,,,,,,,,
1990-02-28,,,,,,,,,,,,,,,,,,,,,,,,,,,,,,,,,,,,,,,,,,,,,,,,,,,,,,,,,,,,,,,,,,,,,,,,,,,,,,,,,,,,,,,,,,,,,,,,
1990-03-30,,,,,,,,,,,,,,,,,,,,,,,,,,,,,,,,,,,,,,,,,,,,,,,,,,,,,,,,,,,,,,,,,,,,,,,,,,,,,,,,,,,,,,,,,,,,,,,,
1990-04-30,,,,,,,,,,,,,,,,,,,,,,,,,,,,,,,,,,,,,,,,,,,,,,,,,,,,,,,,,,,,,,,,,,,,,,,,,,,,,,,,,,,,,,,,,,,,,,,,
1990-05-31,,,,,,,,,,,,,,,,,,,,,,,,,,,,,,,,,,,,,,,,,,,,,,,,,,,,,,,,,,,,,,,,,,,,,,,,,,,,,,,,,,,,,,,,,,,,,,,,
1990-06-29,,,,,,,,,,,,,,,,,,,,,,,,,,,,,,,,,,,,,,,,,,,,,,,,,,,,,,,,,,,,,,,,,,,,,,,,,,,,,,,,,,,,,,,,,,,,,,,,
1990-07-31,,,,,,,,,,,,,,,,,,,,,,,,,,,,,,,,,,,,,,,,,,,,,,,,,,,,,,,,,,,,,,,,,,,,,,,,,,,,,,,,,,,,,,,,,,,,,,,,
1990-08-31,,,,,,,,,,,,,,,,,,,,,,,,,,,,,,,,,,,,,,,,,,,,,,,,,,,,,,,,,,,,,,,,,,,,,,,,,,,,,,,,,,,,,,,,,,,,,,,,
1990-09-28,,,,,,,,,,,,,,,,,,,,,,,,,,,,,,,,,,,,,,,,,,,,,,,,,,,,,,,,,,,,,,,,,,,,,,,,,,,,,,,,,,,,,,,,,,,,,,,,
1990-10-31,,,,,,,,,,,,,,,,,,,,,,,,,,,,,,,,,,,,,,,,,,,,,,,,,,,,,,,,,,,,,,,,,,,,,,,,,,,,,,,,,,,,,,,,,,,,,,,,
1990-11-30,,,,,,,,,,,,,,,,,,,,,,,,,,,,,,,,,,,,,,,,,,,,,,,,,,,,,,,,,,,,,,,,,,,,,,,,,,,,,,,,,,,,,,,,,,,,,,,,
1990-12-31,,,,,,,,,,,,,,,,,,,,,,,,,,,,,,,,,,,,,,,,,,,,,,,,,,,,,,,,,,,,,,,,,,,,,,,,,,,,,,,,,,,,,,,,,,,,,,,,
1991-01-31,,,,,,,,,,,,,,,,,,,,,,,,,,,,,,,,,,,,,,,,,,,,,,,,,,,,,,,,,,,,,,,,,,,,,,,,,,,,,,,,,,,,,,,,,,,,,,,,
1991-02-28,,,,,,,,,,,,,,,,,,,,,,,,,,,,,,,,,,,,,,,,,,,,,,,,,,,,,,,,,,,,,,,,,,,,,,,,,,,,,,,,,,,,,,,,,,,,,,,,
1991-03-28,,,,,,,,,,,,,,,,,,,,,,,,,,,,,,,,,,,,,,,,,,,,,,,,,,,,,,,,,,,,,,,,,,,,,,,,,,,,,,,,,,,,,,,,,,,,,,,,
1991-04-30,,,,,,,,,,,,,,,,,,,,,,,,,,,,,,,,,,,,,,,,,,,,,,,,,,,,,,,,,,,,,,,,,,,,,,,,,,,,,,,,,,,,,,,,,,,,,,,,
1991-05-31,,,,,,,,,,,,,,,,,,,,,,,,,,,,,,,,,,,,,,,,,,,,,,,,,,,,,,,,,,,,,,,,,,,,,,,,,,,,,,,,,,,,,,,,,,,,,,,,
1991-06-28,,,,,,,,,,,,,,,,,,,,,,,,,,,,,,,,,,,,,,,,,,,,,,,,,,,,,,,,,,,,,,,,,,,,,,,,,,,,,,,,,,,,,,,,,,,,,,,,
1991-07-31,,,,,,,,,,,,,,,,,,,,,,,,,,,,,,,,,,,,,,,,,,,,,,,,,,,,,,,,,,,,,,,,,,,,,,,,,,,,,,,,,,,,,,,,,,,,,,,,
1991-08-30,,,,,,,,,,,,,,,,,,,,,,,,,,,,,,,,,,,,,,,,,,,,,,,,,,,,,,,,,,,,,,,,,,,,,,,,,,,,,,,,,,,,,,,,,,,,,,,,
1991-09-30,,,,,,,,,,,,,,,,,,,,,,,,,,,,,,,,,,,,,,,,,,,,,,,,,,,,,,,,,,,,,,,,,,,,,,,,,,,,,,,,,,,,,,,,,,,,,,,,
1991-10-31,,,,,,,,,,,,,,,,,,,,,,,,,,,,,,,,,,,,,,,,,,,,,,,,,,,,,,,,,,,,,,,,,,,,,,,,,,,,,,,,,,,,,,,,,,,,,,,,
1991-11-29,,,,,,,,,,,,,,,,,,,,,,,,,,,,,,,,,,,,,,,,,,,,,,,,,,,,,,,,,,,,,,,,,,,,,,,,,,,,,,,,,,,,,,,,,,,,,,,,
1991-12-31,,,,,,,,,,,,,,,,,,,,,,,,,,,,,,,,,,,,,,,,,,,,,,,,,,,,,,,,,,,,,,,,,,,,,,,,,,,,,,,,,,,,,,,,,,,,,,,,
1992-01-31,,,,,,,,,,,,,,,,,,,,,,,,,,,,,,,,,,,,,,,,,,,,,,,,,,,,,,,,,,,,,,,,,,,,,,,,,,,,,,,,,,,,,,,,,,,,,,,,
1992-02-28,,,,,,,,,,,,,,,,,,,,,,,,,,,,,,,,,,,,,,,,,,,,,,,,,,,,,,,,,,,,,,,,,,,,,,,,,,,,,,,,,,,,,,,,,,,,,,,,
1992-03-31,,,,,,,,,,,,,,,,,,,,,,,,,,,,,,,,,,,,,,,,,,,,,,,,,,,,,,,,,,,,,,,,,,,,,,,,,,,,,,,,,,,,,,,,,,,,,,,,
1992-04-30,,,,,,,,,,,,,,,,,,,,,,,,,,,,,,,,,,,,,,,,,,,,,,,,,,,,,,,,,,,,,,,,,,,,,,,,,,,,,,,,,,,,,,,,,,,,,,,,
1992-05-29,,,,,,,,,,,,,,,,,,,,,,,,,,,,,,,,,,,,,,,,,,,,,,,,,,,,,,,,,,,,,,,,,,,,,,,,,,,,,,,,,,,,,,,,,,,,,,,,
1992-06-30,,,,,,,,,,,,,,,,,,,,,,,,,,,,,,,,,,,,,,,,,,,,,,,,,,,,,,,,,,,,,,,,,,,,,,,,,,,,,,,,,,,,,,,,,,,,,,,,
1992-07-31,,,,,,,,,,,,,,,,,,,,,,,,,,,,,,,,,,,,,,,,,,,,,,,,,,,,,,,,,,,,,,,,,,,,,,,,,,,,,,,,,,,,,,,,,,,,,,,,
1992-08-31,,,,,,,,,,,,,,,,,,,,,,,,,,,,,,,,,,,,,,,,,,,,,,,,,,,,,,,,,,,,,,,,,,,,,,,,,,,,,,,,,,,,,,,,,,,,,,,,
1992-09-30,,,,,,,,,,,,,,,,,,,,,,,,,,,,,,,,,,,,,,,,,,,,,,,,,,,,,,,,,,,,,,,,,,,,,,,,,,,,,,,,,,,,,,,,,,,,,,,,
1992-10-30,,,,,,,,,,,,,,,,,,,,,,,,,,,,,,,,,,,,,,,,,,,,,,,,,,,,,,,,,,,,,,,,,,,,,,,,,,,,,,,,,,,,,,,,,,,,,,,,
1992-11-30,,,,,,,,,,,,,,,,,,,,,,,,,,,,,,,,,,,,,,,,,,,,,,,,,,,,,,,,,,,,,,,,,,,,,,,,,,,,,,,,,,,,,,,,,,,,,,,,
1992-12-31,,,,,,,,,,,,,,,,,,,,,,,,,,,,,,,,,,,,,,,,,,,,,,,,,,,,,,,,,,,,,,,,,,,,,,,,,,,,,,,,,,,,,,,,,,,,,,,,
1993-01-29,,,,,,,,,,,,,,,,,,,,,,,,,,,,,,,,,,,,,,,,,,,,,,,,,,,,,,,,,,,,,,,,,,,,,,,,,,,,,,,,,,,,,,,,,,,,,,,,
1993-02-26,,,,,,,,,,,,,,,,,,,,,,,,,,,,,,,,,,,,,,,,,,,,,,,,,,,,,,,,,,,,,,,,,,,,,,,,,,,,,,,,,,,,,,,,,,,,,,,,
1993-03-31,,,,,,,,,,,,,,,,,,,,,,,,,,,,,,,,,,,,,,,,,,,,,,,,,,,,,,,,,,,,,,,,,,,,,,,,,,,,,,,,,,,,,,,,,,,,,,,,
1993-04-30,,,,,,,,,,,,,,,,,,,,,,,,,,,,,,,,,,,,,,,,,,,,,,,,,,,,,,,,,,,,,,,,,,,,,,,,,,,,,,,,,,,,,,,,,,,,,,,,
1993-05-28,,,,,,,,,,,,,,,,,,,,,,,,,,,,,,,,,,,,,,,,,,,,,,,,,,,,,,,,,,,,,,,,,,,,,,,,,,,,,,,,,,,,,,,,,,,,,,,,
1993-06-30,,,,,,,,,,,,,,,,,,,,,,,,,,,,,,,,,,,,,,,,,,,,,,,,,,,,,,,,,,,,,,,,,,,,,,,,,,,,,,,,,,,,,,,,,,,,,,,,
1993-07-30,,,,,,,,,,,,,,,,,,,,,,,,,,,,,,,,,,,,,,,,,,,,,,,,,,,,,,,,,,,,,,,,,,,,,,,,,,,,,,,,,,,,,,,,,,,,,,,,
1993-08-31,,,,,,,,,,,,,,,,,,,,,,,,,,,,,,,,,,,,,,,,,,,,,,,,,,,,,,,,,,,,,,,,,,,,,,,,,,,,,,,,,,,,,,,,,,,,,,,,
1993-09-30,,,,,,,,,,,,,,,,,,,,,,,,,,,,,,,,,,,,,,,,,,,,,,,,,,,,,,,,,,,,,,,,,,,,,,,,,,,,,,,,,,,,,,,,,,,,,,,,
1993-10-29,,,,,,,,,,,,,,,,,,,,,,,,,,,,,,,,,,,,,,,,,,,,,,,,,,,,,,,,,,,,,,,,,,,,,,,,,,,,,,,,,,,,,,,,,,,,,,,,
1993-11-30,,,,,,,,,,,,,,,,,,,,,,,,,,,,,,,,,,,,,,,,,,,,,,,,,,,,,,,,,,,,,,,,,,,,,,,,,,,,,,,,,,,,,,,,,,,,,,,,
1993-12-31,,,,,,,,,,,,,,,,,,,,,,,,,,,,,,,,,,,,,,,,,,,,,,,,,,,,,,,,,,,,,,,,,,,,,,,,,,,,,,,,,,,,,,,,,,,,,,,,
1994-01-31,,,,,,,,,,,,,,,,,,,,,,,,,,,,,,,,,,,,,,,,,,,,,,,,,,,,,,,,,,,,,,,,,,,,,,,,,,,,,,,,,,,,,,,,,,,,,,,,
1994-02-28,,,,,,,,,,,,,,,,,,,,,,,,,,,,,,,,,,,,,,,,,,,,,,,,,,,,,,,,,,,,,,,,,,,,,,,,,,,,,,,,,,,,,,,,,,,,,,,,
1994-03-31,,,,,,,,,,,,,,,,,,,,,,,,,,,,,,,,,,,,,,,,,,,,,,,,,,,,,,,,,,,,,,,,,,,,,,,,,,,,,,,,,,,,,,,,,,,,,,,,
1994-04-29,,,,,,,,,,,,,,,,,,,,,,,,,,,,,,,,,,,,,,,,,,,,,,,,,,,,,,,,,,,,,,,,,,,,,,,,,,,,,,,,,,,,,,,,,,,,,,,,
1994-05-31,,,,,,,,,,,,,,,,,,,,,,,,,,,,,,,,,,,,,,,,,,,,,,,,,,,,,,,,,,,,,,,,,,,,,,,,,,,,,,,,,,,,,,,,,,,,,,,,
1994-06-30,,,,,,,,,,,,,,,,,,,,,,,,,,,,,,,,,,,,,,,,,,,,,,,,,,,,,,,,,,,,,,,,,,,,,,,,,,,,,,,,,,,,,,,,,,,,,,,,
1994-07-29,,,,,,,,,,,,,,,,,,,,,,,,,,,,,,,,,,,,,,,,,,,,,,,,,,,,,,,,,,,,,,,,,,,,,,,,,,,,,,,,,,,,,,,,,,,,,,,,
1994-08-31,,,,,,,,,,,,,,,,,,,,,,,,,,,,,,,,,,,,,,,,,,,,,,,,,,,,,,,,,,,,,,,,,,,,,,,,,,,,,,,,,,,,,,,,,,,,,,,,
1994-09-30,,,,,,,,,,,,,,,,,,,,,,,,,,,,,,,,,,,,,,,,,,,,,,,,,,,,,,,,,,,,,,,,,,,,,,,,,,,,,,,,,,,,,,,,,,,,,,,,
1994-10-31,,,,,,,,,,,,,,,,,,,,,,,,,,,,,,,,,,,,,,,,,,,,,,,,,,,,,,,,,,,,,,,,,,,,,,,,,,,,,,,,,,,,,,,,,,,,,,,,
1994-11-30,,,,,,,,,,,,,,,,,,,,,,,,,,,,,,,,,,,,,,,,,,,,,,,,,,,,,,,,,,,,,,,,,,,,,,,,,,,,,,,,,,,,,,,,,,,,,,,,
1994-12-30,,,,,,,,,,,,,,,,,,,,,,,,,,,,,,,,,,,,,,,,,,,,,,,,,,,,,,,,,,,,,,,,,,,,,,,,,,,,,,,,,,,,,,,,,,,,,,,,
1995-01-31,,,,,,,,,,,,,,,,,,,,,,,,,,,,,,,,,,,,,,,,,,,,,,,,,,,,,,,,,,,,,,,,,,,,,,,,,,,,,,,,,,,,,,,,,,,,,,,,
1995-02-28,,,,,,,,,,,,,,,,,,,,,,,,,,,,,,,,,,,,,,,,,,,,,,,,,,,,,,,,,,,,,,,,,,,,,,,,,,,,,,,,,,,,,,,,,,,,,,,,
1995-03-31,,,,,,,,,,,,,,,,,,,,,,,,,,,,,,,,,,,,,,,,,,,,,,,,,,,,,,,,,,,,,,,,,,,,,,,,,,,,,,,,,,,,,,,,,,,,,,,,
1995-04-28,,,,,,,,,,,,,,,,,,,,,,,,,,,,,,,,,,,,,,,,,,,,,,,,,,,,,,,,,,,,,,,,,,,,,,,,,,,,,,,,,,,,,,,,,,,,,,,,
1995-05-31,,,,,,,,,,,,,,,,,,,,,,,,,,,,,,,,,,,,,,,,,,,,,,,,,,,,,,,,,,,,,,,,,,,,,,,,,,,,,,,,,,,,,,,,,,,,,,,,
1995-06-30,,,,,,,,,,,,,,,,,,,,,,,,,,,,,,,,,,,,,,,,,,,,,,,,,,,,,,,,,,,,,,,,,,,,,,,,,,,,,,,,,,,,,,,,,,,,,,,,
1995-07-31,,,,,,,,,,,,,,,,,,,,,,,,,,,,,,,,,,,,,,,,,,,,,,,,,,,,,,,,,,,,,,,,,,,,,,,,,,,,,,,,,,,,,,,,,,,,,,,,
1995-08-31,,,,,,,,,,,,,,,,,,,,,,,,,,,,,,,,,,,,,,,,,,,,,,,,,,,,,,,,,,,,,,,,,,,,,,,,,,,,,,,,,,,,,,,,,,,,,,,,
1995-09-29,,,,,,,,,,,,,,,,,,,,,,,,,,,,,,,,,,,,,,,,,,,,,,,,,,,,,,,,,,,,,,,,,,,,,,,,,,,,,,,,,,,,,,,,,,,,,,,,
1995-10-31,,,,,,,,,,,,,,,,,,,,,,,,,,,,,,,,,,,,,,,,,,,,,,,,,,,,,,,,,,,,,,,,,,,,,,,,,,,,,,,,,,,,,,,,,,,,,,,,
1995-11-30,,,,,,,,,,,,,,,,,,,,,,,,,,,,,,,,,,,,,,,,,,,,,,,,,,,,,,,,,,,,,,,,,,,,,,,,,,,,,,,,,,,,,,,,,,,,,,,,
1995-12-29,,,,,,,,,,,,,,,,,,,,,,,,,,,,,,,,,,,,,,,,,,,,,,,,,,,,,,,,,,,,,,,,,,,,,,,,,,,,,,,,,,,,,,,,,,,,,,,,
1996-01-31,,,,,,,,,,,,,,,,,,,,,,,,,,,,,,,,,,,,,,,,,,,,,,,,,,,,,,,,,,,,,,,,,,,,,,,,,,,,,,,,,,,,,,,,,,,,,,,,
1996-02-29,,,,,,,,,,,,,,,,,,,,,,,,,,,,,,,,,,,,,,,,,,,,,,,,,,,,,,,,,,,,,,,,,,,,,,,,,,,,,,,,,,,,,,,,,,,,,,,,
1996-03-29,,,,,,,,,,,,,,,,,,,,,,,,,,,,,,,,,,,,,,,,,,,,,,,,,,,,,,,,,,,,,,,,,,,,,,,,,,,,,,,,,,,,,,,,,,,,,,,,
1996-04-30,,,,,,,,,,,,,,,,,,,,,,,,,,,,,,,,,,,,,,,,,,,,,,,,,,,,,,,,,,,,,,,,,,,,,,,,,,,,,,,,,,,,,,,,,,,,,,,,
1996-05-31,,,,,,,,,,,,,,,,,,,,,,,,,,,,,,,,,,,,,,,,,,,,,,,,,,,,,,,,,,,,,,,,,,,,,,,,,,,,,,,,,,,,,,,,,,,,,,,,
1996-06-28,,,,,,,,,,,,,,,,,,,,,,,,,,,,,,,,,,,,,,,,,,,,,,,,,,,,,,,,,,,,,,,,,,,,,,,,,,,,,,,,,,,,,,,,,,,,,,,,
1996-07-31,,,,,,,,,,,,,,,,,,,,,,,,,,,,,,,,,,,,,,,,,,,,,,,,,,,,,,,,,,,,,,,,,,,,,,,,,,,,,,,,,,,,,,,,,,,,,,,,
1996-08-30,,,,,,,,,,,,,,,,,,,,,,,,,,,,,,,,,,,,,,,,,,,,,,,,,,,,,,,,,,,,,,,,,,,,,,,,,,,,,,,,,,,,,,,,,,,,,,,,
1996-09-30,,,,,,,,,,,,,,,,,,,,,,,,,,,,,,,,,,,,,,,,,,,,,,,,,,,,,,,,,,,,,,,,,,,,,,,,,,,,,,,,,,,,,,,,,,,,,,,,
1996-10-31,,,,,,,,,,,,,,,,,,,,,,,,,,,,,,,,,,,,,,,,,,,,,,,,,,,,,,,,,,,,,,,,,,,,,,,,,,,,,,,,,,,,,,,,,,,,,,,,
1996-11-29,,,,,,,,,,,,,,,,,,,,,,,,,,,,,,,,,,,,,,,,,,,,,,,,,,,,,,,,,,,,,,,,,,,,,,,,,,,,,,,,,,,,,,,,,,,,,,,,
1996-12-31,,,,,,,,,,,,,,,,,,,,,,,,,,,,,,,,,,,,,,,,,,,,,,,,,,,,,,,,,,,,,,,,,,,,,,,,,,,,,,,,,,,,,,,,,,,,,,,,
1997-01-31,,,,,,,,,,,,,,,,,,,,,,,,,,,,,,,,,,,,,,,,,,,,,,,,,,,,,,,,,,,,,,,,,,,,,,,,,,,,,,,,,,,,,,,,,,,,,,,,
1997-02-28,,,,,,,,,,,,,,,,,,,,,,,,,,,,,,,,,,,,,,,,,,,,,,,,,,,,,,,,,,,,,,,,,,,,,,,,,,,,,,,,,,,,,,,,,,,,,,,,
1997-03-31,,,,,,,,,,,,,,,,,,,,,,,,,,,,,,,,,,,,,,,,,,,,,,,,,,,,,,,,,,,,,,,,,,,,,,,,,,,,,,,,,,,,,,,,,,,,,,,,
1997-04-30,,,,,,,,,,,,,,,,,,,,,,,,,,,,,,,,,,,,,,,,,,,,,,,,,,,,,,,,,,,,,,,,,,,,,,,,,,,,,,,,,,,,,,,,,,,,,,,,
1997-05-30,,,,,,,,,,,,,,,,,,,,,,,,,,,,,,,,,,,,,,,,,,,,,,,,,,,,,,,,,,,,,,,,,,,,,,,,,,,,,,,,,,,,,,,,,,,,,,,,
1997-06-30,,,,,,,,,,,,,,,,,,,,,,,,,,,,,,,,,,,,,,,,,,,,,,,,,,,,,,,,,,,,,,,,,,,,,,,,,,,,,,,,,,,,,,,,,,,,,,,,
1997-07-31,,,,,,,,,,,,,,,,,,,,,,,,,,,,,,,,,,,,,,,,,,,,,,,,,,,,,,,,,,,,,,,,,,,,,,,,,,,,,,,,,,,,,,,,,,,,,,,,
1997-08-29,,,,,,,,,,,,,,,,,,,,,,,,,,,,,,,,,,,,,,,,,,,,,,,,,,,,,,,,,,,,,,,,,,,,,,,,,,,,,,,,,,,,,,,,,,,,,,,,
1997-09-30,,,,,,,,,,,,,,,,,,,,,,,,,,,,,,,,,,,,,,,,,,,,,,,,,,,,,,,,,,,,,,,,,,,,,,,,,,,,,,,,,,,,,,,,,,,,,,,,
1997-10-31,,,,,,,,,,,,,,,,,,,,,,,,,,,,,,,,,,,,,,,,,,,,,,,,,,,,,,,,,,,,,,,,,,,,,,,,,,,,,,,,,,,,,,,,,,,,,,,,
1997-11-28,,,,,,,,,,,,,,,,,,,,,,,,,,,,,,,,,,,,,,,,,,,,,,,,,,,,,,,,,,,,,,,,,,,,,,,,,,,,,,,,,,,,,,,,,,,,,,,,
1997-12-31,,,,,,,,,,,,,,,,,,,,,,,,,,,,,,,,,,,,,,,,,,,,,,,,,,,,,,,,,,,,,,,,,,,,,,,,,,,,,,,,,,,,,,,,,,,,,,,,
1998-01-30,,,,,,,,,,,,,,,,,,,,,,,,,,,,,,,,,,,,,,,,,,,,,,,,,,,,,,,,,,,,,,,,,,,,,,,,,,,,,,,,,,,,,,,,,,,,,,,,
1998-02-27,,,,,,,,,,,,,,,,,,,,,,,,,,,,,,,,,,,,,,,,,,,,,,,,,,,,,,,,,,,,,,,,,,,,,,,,,,,,,,,,,,,,,,,,,,,,,,,,
1998-03-31,,,,,,,,,,,,,,,,,,,,,,,,,,,,,,,,,,,,,,,,,,,,,,,,,,,,,,,,,,,,,,,,,,,,,,,,,,,,,,,,,,,,,,,,,,,,,,,,
1998-04-30,,,,,,,,,,,,,,,,,,,,,,,,,,,,,,,,,,,,,,,,,,,,,,,,,,,,,,,,,,,,,,,,,,,,,,,,,,,,,,,,,,,,,,,,,,,,,,,,
1998-05-29,,,,,,,,,,,,,,,,,,,,,,,,,,,,,,,,,,,,,,,,,,,,,,,,,,,,,,,,,,,,,,,,,,,,,,,,,,,,,,,,,,,,,,,,,,,,,,,,
1998-06-30,,,,,,,,,,,,,,,,,,,,,,,,,,,,,,,,,,,,,,,,,,,,,,,,,,,,,,,,,,,,,,,,,,,,,,,,,,,,,,,,,,,,,,,,,,,,,,,,
1998-07-31,,,,,,,,,,,,,,,,,,,,,,,,,,,,,,,,,,,,,,,,,,,,,,,,,,,,,,,,,,,,,,,,,,,,,,,,,,,,,,,,,,,,,,,,,,,,,,,,
1998-08-31,,,,,,,,,,,,,,,,,,,,,,,,,,,,,,,,,,,,,,,,,,,,,,,,,,,,,,,,,,,,,,,,,,,,,,,,,,,,,,,,,,,,,,,,,,,,,,,,
1998-09-30,,,,,,,,,,,,,,,,,,,,,,,,,,,,,,,,,,,,,,,,,,,,,,,,,,,,,,,,,,,,,,,,,,,,,,,,,,,,,,,,,,,,,,,,,,,,,,,,
1998-10-30,,,,,,,,,,,,,,,,,,,,,,,,,,,,,,,,,,,,,,,,,,,,,,,,,,,,,,,,,,,,,,,,,,,,,,,,,,,,,,,,,,,,,,,,,,,,,,,,
1998-11-30,,,,,,,,,,,,,,,,,,,,,,,,,,,,,,,,,,,,,,,,,,,,,,,,,,,,,,,,,,,,,,,,,,,,,,,,,,,,,,,,,,,,,,,,,,,,,,,,
1998-12-31,,,,,,,,,,,,,,,,,,,,,,,,,,,,,,,,,,,,,,,,,,,,,,,,,,,,,,,,,,,,,,,,,,,,,,,,,,,,,,,,,,,,,,,,,,,,,,,,
1999-01-29,,,,,,,,,,,,,,,,,,,,,,,,,,,,,,,,,,,,,,,,,,,,,,,,,,,,,,,,,,,,,,,,,,,,,,,,,,,,,,,,,,,,,,,,,,,,,,,,
1999-02-26,,,,,,,,,,,,,,,,,,,,,,,,,,,,,,,,,,,,,,,,,,,,,,,,,,,,,,,,,,,,,,,,,,,,,,,,,,,,,,,,,,,,,,,,,,,,,,,,
1999-03-31,,,,,,,,,,,,,,,,,,,,,,,,,,,,,,,,,,,,,,,,,,,,,,,,,,,,,,,,,,,,,,,,,,,,,,,,,,,,,,,,,,,,,,,,,,,,,,,,
1999-04-30,,,,,,,,,,,,,,,,,,,,,,,,,,,,,,,,,,,,,,,,,,,,,,,,,,,,,,,,,,,,,,,,,,,,,,,,,,,,,,,,,,,,,,,,,,,,,,,,
1999-05-28,,,,,,,,,,,,,,,,,,,,,,,,,,,,,,,,,,,,,,,,,,,,,,,,,,,,,,,,,,,,,,,,,,,,,,,,,,,,,,,,,,,,,,,,,,,,,,,,
1999-06-30,,,,,,,,,,,,,,,,,,,,,,,,,,,,,,,,,,,,,,,,,,,,,,,,,,,,,,,,,,,,,,,,,,,,,,,,,,,,,,,,,,,,,,,,,,,,,,,,
1999-07-30,,,,,,,,,,,,,,,,,,,,,,,,,,,,,,,,,,,,,,,,,,,,,,,,,,,,,,,,,,,,,,,,,,,,,,,,,,,,,,,,,,,,,,,,,,,,,,,,
1999-08-31,,,,,,,,,,,,,,,,,,,,,,,,,,,,,,,,,,,,,,,,,,,,,,,,,,,,,,,,,,,,,,,,,,,,,,,,,,,,,,,,,,,,,,,,,,,,,,,,
1999-09-30,,,,,,,,,,,,,,,,,,,,,,,,,,,,,,,,,,,,,,,,,,,,,,,,,,,,,,,,,,,,,,,,,,,,,,,,,,,,,,,,,,,,,,,,,,,,,,,,
1999-10-29,,,,,,,,,,,,,,,,,,,,,,,,,,,,,,,,,,,,,,,,,,,,,,,,,,,,,,,,,,,,,,,,,,,,,,,,,,,,,,,,,,,,,,,,,,,,,,,,
1999-11-30,,,,,,,,,,,,,,,,,,,,,,,,,,,,,,,,,,,,,,,,,,,,,,,,,,,,,,,,,,,,,,,,,,,,,,,,,,,,,,,,,,,,,,,,,,,,,,,,
1999-12-31,,,,,,,,,,,,,,,,,,,,,,,,,,,,,,,,,,,,,,,,,,,,,,,,,,,,,,,,,,,,,,,,,,,,,,,,,,,,,,,,,,,,,,,,,,,,,,,,
2000-01-31,,,,,,,,,,,,,,,,,,,,,,,,,,,,,,,,,,,,,,,,,,,,,,,,,,,,,,,,,,,,,,,,,,,,,,,,,,,,,,,,,,,,,,,,,,,,,,,,
2000-02-29,,,,,,,,,,,,,,,,,,,,,,,,,,,,,,,,,,,,,,,,,,,,,,,,,,,,,,,,,,,,,,,,,,,,,,,,,,,,,,,,,,,,,,,,,,,,,,,,
2000-03-31,,,,,,,,,,,,,,,,,,,,,,,,,,,,,,,,,,,,,,,,,,,,,,,,,,,,,,,,,,,,,,,,,,,,,,,,,,,,,,,,,,,,,,,,,,,,,,,,
2000-04-28,,,,,,,,,,,,,,,,,,,,,,,,,,,,,,,,,,,,,,,,,,,,,,,,,,,,,,,,,,,,,,,,,,,,,,,,,,,,,,,,,,,,,,,,,,,,,,,,
2000-05-31,,,,,,,,,,,,,,,,,,,,,,,,,,,,,,,,,,,,,,,,,,,,,,,,,,,,,,,,,,,,,,,,,,,,,,,,,,,,,,,,,,,,,,,,,,,,,,,,
2000-06-30,,,,,,,,,,,,,,,,,,,,,,,,,,,,,,,,,,,,,,,,,,,,,,,,,,,,,,,,,,,,,,,,,,,,,,,,,,,,,,,,,,,,,,,,,,,,,,,,
2000-07-31,,,,,,,,,,,,,,,,,,,,,,,,,,,,,,,,,,,,,,,,,,,,,,,,,,,,,,,,,,,,,,,,,,,,,,,,,,,,,,,,,,,,,,,,,,,,,,,,
2000-08-31,,,,,,,,,,,,,,,,,,,,,,,,,,,,,,,,,,,,,,,,,,,,,,,,,,,,,,,,,,,,,,,,,,,,,,,,,,,,,,,,,,,,,,,,,,,,,,,,
2000-09-29,,,,,,,,,,,,,,,,,,,,,,,,,,,,,,,,,,,,,,,,,,,,,,,,,,,,,,,,,,,,,,,,,,,,,,,,,,,,,,,,,,,,,,,,,,,,,,,,
2000-10-31,,,,,,,,,,,,,,,,,,,,,,,,,,,,,,,,,,,,,,,,,,,,,,,,,,,,,,,,,,,,,,,,,,,,,,,,,,,,,,,,,,,,,,,,,,,,,,,,
2000-11-30,,,,,,,,,,,,,,,,,,,,,,,,,,,,,,,,,,,,,,,,,,,,,,,,,,,,,,,,,,,,,,,,,,,,,,,,,,,,,,,,,,,,,,,,,,,,,,,,
2000-12-29,,,,,,,,,,,,,,,,,,,,,,,,,,,,,,,,,,,,,,,,,,,,,,,,,,,,,,,,,,,,,,,,,,,,,,,,,,,,,,,,,,,,,,,,,,,,,,,,
2001-01-31,,,,,,,,,,,,,,,,,,,,,,,,,,,,,,,,,,,,,,,,,,,,,,,,,,,,,,,,,,,,,,,,,,,,,,,,,,,,,,,,,,,,,,,,,,,,,,,,
2001-02-28,,,,,,,,,,,,,,,,,,,,,,,,,,,,,,,,,,,,,,,,,,,,,,,,,,,,,,,,,,,,,,,,,,,,,,,,,,,,,,,,,,,,,,,,,,,,,,,,
2001-03-30,,,,,,,,,,,,,,,,,,,,,,,,,,,,,,,,,,,,,,,,,,,,,,,,,,,,,,,,,,,,,,,,,,,,,,,,,,,,,,,,,,,,,,,,,,,,,,,,
2001-04-30,,,,,,,,,,,,,,,,,,,,,,,,,,,,,,,,,,,,,,,,,,,,,,,,,,,,,,,,,,,,,,,,,,,,,,,,,,,,,,,,,,,,,,,,,,,,,,,,
2001-05-31,,,,,,,,,,,,,,,,,,,,,,,,,,,,,,,,,,,,,,,,,,,,,,,,,,,,,,,,,,,,,,,,,,,,,,,,,,,,,,,,,,,,,,,,,,,,,,,,
2001-06-29,,,,,,,,,,,,,,,,,,,,,,,,,,,,,,,,,,,,,,,,,,,,,,,,,,,,,,,,,,,,,,,,,,,,,,,,,,,,,,,,,,,,,,,,,,,,,,,,
2001-07-31,,,,,,,,,,,,,,,,,,,,,,,,,,,,,,,,,,,,,,,,,,,,,,,,,,,,,,,,,,,,,,,,,,,,,,,,,,,,,,,,,,,,,,,,,,,,,,,,
2001-08-31,,,,,,,,,,,,,,,,,,,,,,,,,,,,,,,,,,,,,,,,,,,,,,,,,,,,,,,,,,,,,,,,,,,,,,,,,,,,,,,,,,,,,,,,,,,,,,,,
2001-09-28,,,,,,,,,,,,,,,,,,,,,,,,,,,,,,,,,,,,,,,,,,,,,,,,,,,,,,,,,,,,,,,,,,,,,,,,,,,,,,,,,,,,,,,,,,,,,,,,
2001-10-31,,,,,,,,,,,,,,,,,,,,,,,,,,,,,,,,,,,,,,,,,,,,,,,,,,,,,,,,,,,,,,,,,,,,,,,,,,,,,,,,,,,,,,,,,,,,,,,,
2001-11-30,,,,,,,,,,,,,,,,,,,,,,,,,,,,,,,,,,,,,,,,,,,,,,,,,,,,,,,,,,,,,,,,,,,,,,,,,,,,,,,,,,,,,,,,,,,,,,,,
2001-12-31,,,,,,,,,,,,,,,,,,,,,,,,,,,,,,,,,,,,,,,,,,,,,,,,,,,,,,,,,,,,,,,,,,,,,,,,,,,,,,,,,,,,,,,,,,,,,,,,
2002-01-31,,,,,,,,,,,,,,,,,,,,,,,,,,,,,,,,,,,,,,,,,,,,,,,,,,,,,,,,,,,,,,,,,,,,,,,,,,,,,,,,,,,,,,,,,,,,,,,,
2002-02-28,,,,,,,,,,,,,,,,,,,,,,,,,,,,,,,,,,,,,,,,,,,,,,,,,,,,,,,,,,,,,,,,,,,,,,,,,,,,,,,,,,,,,,,,,,,,,,,,
2002-03-28,,,,,,,,,,,,,,,,,,,,,,,,,,,,,,,,,,,,,,,,,,,,,,,,,,,,,,,,,,,,,,,,,,,,,,,,,,,,,,,,,,,,,,,,,,,,,,,,
2002-04-30,,,,,,,,,,,,,,,,,,,,,,,,,,,,,,,,,,,,,,,,,,,,,,,,,,,,,,,,,,,,,,,,,,,,,,,,,,,,,,,,,,,,,,,,,,,,,,,,
2002-05-31,,,,,,,,,,,,,,,,,,,,,,,,,,,,,,,,,,,,,,,,,,,,,,,,,,,,,,,,,,,,,,,,,,,,,,,,,,,,,,,,,,,,,,,,,,,,,,,,
2002-06-28,,,,,,,,,,,,,,,,,,,,,,,,,,,,,,,,,,,,,,,,,,,,,,,,,,,,,,,,,,,,,,,,,,,,,,,,,,,,,,,,,,,,,,,,,,,,,,,,
2002-07-31,19924233.569,,,,,,0.045015514,,,,,,,,,,,,,,,,,,,,,,,,,,,,,,,,,,,,,,,,,,,,,,,,,,,,,,,,,,,,,,,,,,,,,,,,,,,,,,,,,0.0112165212,7.900877e-10,0.0136629827,0.0073992381,1.1034354259,2.7878415346,2.030706200000001e-07,73.0,
2002-08-30,17256711.718,,,,11.517457213,,0.0252388999,-0.133883283,,,,,,,,,,,,,,,,,,,,,,,,,,,,,,,,,,,,,,,,,,,,,,,,,,,,,,,,,,,,,,,,,,,,,,,,,,,,,,,,0.0297147735,5.6789339e-09,0.0659999847,0.0268507748,0.4864805048,0.0891912407,4.6567566e-07,73.0,
2002-09-30,17642480.083,,,,13.510256572,,-0.028952956,0.003846165,,,,,0.0219769534,,,,,,,,,,,,,,,,,,,,,,,,,,,,,,,,,,,,,,,,,,,,,,,,,,,,,,,,,,,,,,,,,,,,,,,,,,,0.0227361608,1.7351131000000003e-08,0.0435956455999999,0.0199539291999999,0.621491414,0.0508046547,1.2839896e-06,73.0,
2002-10-31,16113422.764,,,,12.493742414000002,,0.052477944,-0.086669065,,,,,0.0243924273,,,,,,,,,,,,,,,,,,,,,,,,,,,,,,,,,,,,,,,,,,,,,,,,,,,,,,,,,,,,,,,,,,,,,,,,,,,0.0302280381,2.3837291e-08,0.0455319025,0.025170986,0.8822529535,0.0830415061,1.3339241e-06,73.0,
2002-11-29,17953474.667,,,,12.484627285,,-0.027044035,0.1141937301,,,,,0.0141558601,,,,,,,,,,,,,,,,,,,,,,,,,,,,,,,,,,,,,,,,,,,,,,,,,,,,,,,,,,,,,,,,,,,,,,,,,,,0.0305879337999999,3.2763194e-08,0.0454361401,0.025661503,0.4468964575,0.0193100229,1.7365504999999998e-06,73.0,
2002-12-31,17292611.485999998,,,,12.189220764000002,,-0.060499464,-0.030313915,-0.067193529,,,,0.0128722376,,,,,,,,,,,,,,,,,,,,,,,,,,,,,,,,,,,,,,,,,,,,,,,,,,,,,,,,,,,,,,,,,,,,,,,,,,,0.0234189995,1.3566387e-08,0.0184724852,0.0159511184,0.6365276645,0.0392819064,1.9420312e-06,73.0,
2003-01-31,17318527.083,,,,12.1796446,,-0.025295296,0.0014986514999999,-0.142046743,,,,0.0113216012,,,,,,,,,,,,,,,,,,,,,,,,,,,,,,,,,,,,,,,,,,,,,,,,,,,,,,,,,,,,,,,,,,,,,,,,,,,0.0239546242,1.9311955e-08,0.0487073511,0.0198812744,0.7088890354,0.0481408738,1.7734912e-06,73.0,
2003-02-28,17247258.264000002,,,,12.223136361,,-0.063248135,-0.004115178,-0.007940833,,,,0.0109290545,,,,,,,,,,,,,,,,,,,,,,,,,,,,,,,,,,,,,,,,,,,,,,,,,,,,,,,,,,,,,,-0.365772571,0.0252624488,0.000255216,-0.0171098589999999,-0.0212363689999999,1.0,0.0045085161,0.0073875012,0.0101325994,0.0052699643999999,0.085724671,0.1088313507,,0.0213090258,2.3471775000000004e-08,0.0405744761,0.0198872437,0.5116336054,0.0273502159,2.1310454e-06,73.0,
2003-03-31,17454587.985999998,,,,12.035350072,,-0.06203647,0.0348609947,-0.015808695,,,,0.0109854616,,,,,,,,,,,,,,,,,,,,,,,,,,,,,,,,,,,,,,,,,,,,,,,,,,,,,,,,,,,,,,-0.365772571,0.0252624488,0.000255216,-0.0171098589999999,-0.0212363689999999,1.0,0.0045085161,0.0073875012,0.0101325994,0.0052699643999999,0.085724671,0.1088313507,,0.0152336437999999,1.1865246e-08,0.0350194387,0.0108660767999999,0.8732559836,0.0736966831,1.9849505e-06,73.0,
2003-04-30,16911507.733,,,,12.218401551,,-0.0551607209999999,-0.036005985,0.11515022,,,,0.0107182601,,,,,,,,,,,,,,,,,,,,,,,,,,,,,,,,,,,,,,,,,,,,,,,,,,,,,,,,,,,,,,-0.365772571,0.0252624488,0.000255216,-0.0171098589999999,-0.0212363689999999,1.0,0.0045085161,0.0073875012,0.0101325994,0.0052699643999999,0.085724671,0.1088313507,,0.0176294169,1.4698852e-08,0.0208807606,0.0140859267999999,0.475754631,0.0244065729999999,1.9044868e-06,73.0,
2003-05-30,19184174.644,,,,12.123241565,,-0.058375304,0.1343858242,-0.035178435,,,,0.0109429755,,,,,,,,,,,,,,,,,,,,,,,,,,,,,,,,,,,,,,,,,,,,,,,,,,,,,,,,,,,,,,-0.198245006,0.0261579474,0.0008705588,-0.031109901,-0.008075003,2.0,0.0139224162,0.0076258743,0.0292832684,0.0016135616,0.0868184916,0.1005651931,,0.0166665414,1.7039365000000002e-08,0.0379746743,0.0148157899,0.4855223745,0.0249249962,2.0030329e-06,73.0,
2003-06-30,19763738.148,,,0.265160365,12.203732779,,-0.0248463989999999,0.0363204814,0.1286950718,0.0209379385,,,0.0111170148,,,,,,,,,,,,,,,,,,,,,,,,,,,,,,,,,,,,,,,,,,,,,,,,,,,,,,,,,,,,,,-0.198245006,0.0261579474,0.0008705588,-0.031109901,-0.008075003,2.0,0.0139224162,0.0076258743,0.0292832684,0.0016135616,0.0868184916,0.1005651931,,0.0143644006,1.6157751e-08,0.0352064557,0.0151723144999999,0.8183408420999999,0.0558173367,1.7269019e-06,73.0,
2003-07-31,20480051.797,,,0.351031061,12.38182938,,0.2730585521,0.0362438336,0.167939486,0.0035391904,,,0.0126956534,,,1.0,,0.5680621656,-1.859307445,0.0275727812,3.3148653032,0.0971546527999999,0.15213964,,,,,,0.0,0.9428482199,0.5361757106,,,0.027003363,,0.0348171021,,,,0.0404401588,,,0.5508686048,,15957.155530000002,,,,,,,,,,,,,,0.8532167395,,,,,0.0719912598,10.939351199,27.024390244,5.0560625815,0.0,0.0,,0.0,0.4456129432,0.1505220041,-0.517176741,-0.198245006,0.0261579474,0.0008705588,-0.031109901,-0.008075003,2.0,0.0139224162,0.0076258743,0.0292832684,0.0016135616,0.0868184916,0.1005651931,3.0,0.0174324357,8.0439474e-09,0.0311475656999999,0.0131707257,0.4604615764999999,0.0333186106,1.3335832e-06,73.0,
2003-08-29,19509771.644,0.9371718834,0.8782911391,0.1697187716,12.675891438,0.0281311839,0.6264413456,-0.0473768409999999,0.2152711471999999,0.200659538,,0.1712908372,0.0131757970999999,,,1.0,,0.5680621656,-1.850863718,0.0275727812,3.3148653032,0.0971546527999999,0.15213964,,,,,,0.0,0.9428482199,0.5361757106,,,0.027003363,,0.0348171021,,,,0.0404401588,,,0.5508686048,,15957.155530000002,,,,,,,,,,,,,,0.8532167395,,,,,0.0719912598,10.939351199,27.024390244,5.0560625815,0.0,0.0,,0.0,0.4456129432,0.1505220041,-0.517176741,2.4735642436000003,0.0382375148,0.0030974894,0.0317363491,0.0333274575,3.0,0.0146062424,0.0077660411,0.0304116558999999,-0.001034171,0.0819184472,0.0931295413,3.0,0.0156564962,7.8382072e-09,0.0188679062,0.0096304819,0.3672029402,0.0233372999,1.6794035e-06,73.0,
2003-09-30,19503260.797,0.8999071301999999,0.809832843,0.1065431782,12.350266288,0.0282243470999999,0.8716465354,0.0056742886,0.118696564,0.1393937851,,0.2128648487,0.0129347015,,,1.0,,0.5680621656,-1.854086472,0.0275727812,3.3148653032,0.0971546527999999,0.15213964,,,,,,0.0,0.9428482199,0.5361757106,,,0.027003363,,0.0348171021,,,,0.0404401588,,,0.5508686048,,15957.155530000002,,,,,,,,,,,,,,0.8532167395,,,,,0.0719912598,10.939351199,27.024390244,5.0560625815,0.0,0.0,,0.0,0.4456129432,0.1505220041,-0.517176741,2.4735642436000003,0.0382375148,0.0030974894,0.0317363491,0.0333274575,3.0,0.0146062424,0.0077660411,0.0304116558999999,-0.001034171,0.0819184472,0.0931295413,3.0,0.0140032602,7.206349e-09,0.0216811076,0.0103081663,0.4462240481,0.0235508077,1.8370402e-06,73.0,
2003-10-31,19659547.208,0.8650929741,0.7483858539,0.101419688,12.306735545,0.0277033350999999,1.264949561,0.0080133481,0.1670657221,0.254593478,,0.2277569330999999,0.011359646,,,1.0,,0.5680621656,-11.47389783,0.0275727812,3.3148653032,0.0971546527999999,0.15213964,,,,,,0.0,0.9428482199,0.5361757106,,,0.027003363,,0.0348171021,,,,0.0404401588,,,0.5508686048,,15957.155530000002,,,,,,,,,,,,,,0.8532167395,,,,,0.0719912598,10.939351199,27.024390244,5.0560625815,0.0,0.0,,0.0,0.4456129432,0.1505220041,-0.517176741,2.4735642436000003,0.0382375148,0.0030974894,0.0317363491,0.0333274575,3.0,0.0146062424,0.0077660411,0.0304116558999999,-0.001034171,0.0819184472,0.0931295413,3.0,0.0131333497,6.407519000000001e-09,0.0154838562,0.0080205835,0.580462037,0.031782491,1.9118576e-06,73.0,
2003-11-28,21287530.966,0.8285160145999999,0.6864387865,0.028449846,12.274797285,0.0275908739,1.0923338229,0.0828088149,0.0370526506999999,0.1350332874,,0.1777725056,0.0110340902,,,1.0,,0.5680621656,-11.72605703,0.0275727812,3.3148653032,0.0971546527999999,0.15213964,,,,,,0.0,0.9428482199,0.5361757106,,,0.027003363,,0.0348171021,,,,0.0404401588,,,0.5508686048,,15957.155530000002,,,,,,,,,,,,,,0.8532167395,,,,,0.0719912598,10.939351199,27.024390244,5.0560625815,0.0,0.0,,0.0,0.4456129432,0.1505220041,-0.517176741,0.3602260242,0.0308140512,0.0004452855,-0.029096836,0.027382154,0.0,0.0021033329999999,0.0065439357,0.0043555953,-0.0025356,0.0963597767999999,0.0958885436,3.0,0.0113937196,1.0498531e-08,0.019542899,0.0091046439,0.5577347415999999,0.0235841314,1.7507904e-06,73.0,
2003-12-31,21795463.975,0.8008386201000001,0.6413424955,-0.054129097,12.351391901,0.0270326123,0.9177458697,0.0295198113,0.0835738286,0.2674452768,,0.1634547082,0.0103430518999999,,,1.0,,0.5680621656,-11.82936046,0.0275727812,3.3148653032,0.0971546527999999,0.15213964,,,,,,0.0,0.9428482199,0.5361757106,,,0.027003363,,0.0348171021,,,,0.0404401588,,,0.5508686048,,15957.155530000002,,,,,,,,,,,,,,0.8532167395,,,,,0.0719912598,10.939351199,27.024390244,5.0560625815,0.0,0.0,,0.0,0.4456129432,0.1505220041,-0.517176741,0.3602260242,0.0308140512,0.0004452855,-0.029096836,0.027382154,0.0,0.0021033329999999,0.0065439357,0.0043555953,-0.0025356,0.0963597767999999,0.0958885436,3.0,0.0122849993,5.7345649e-09,0.0161191839999999,0.0079266652,0.4538036957,0.0221007769,2.4845157000000003e-06,73.0,
2004-01-30,23605782.5,0.7859551207,0.6177254518,-0.044310395,12.215980685,0.0266454431999999,1.2333439109,0.0830594152,0.0765426894,0.3029074181,,0.1664204008,0.010406525,,,1.0,,0.5680621656,-11.88927446,0.0275727812,3.3148653032,0.0971546527999999,0.15213964,,,,,,0.0,0.9428482199,0.5361757106,,,0.027003363,,0.0348171021,,,,0.0404401588,,,0.5508686048,,15957.155530000002,,,,,,,,,,,,,,0.8532167395,,,,,0.0719912598,10.939351199,27.024390244,5.0560625815,0.0,0.0,,0.0,0.4456129432,0.1505220041,-0.517176741,0.3602260242,0.0308140512,0.0004452855,-0.029096836,0.027382154,0.0,0.0021033329999999,0.0065439357,0.0043555953,-0.0025356,0.0963597767999999,0.0958885436,3.0,0.0164514334,1.2184562e-08,0.0343433916999999,0.0142507570999999,0.526225326,0.0289162419,1.7936123e-06,73.0,
2004-02-27,21619641.297,0.7887008317,0.6220490019,-0.03672932,12.475049613,0.0270790635999999,1.159529814,-0.084137909,0.2239464105,0.416957177,,0.0942361489,0.0117886017,,,1.0,,0.5680621656,-12.07203601,0.0275727812,3.3148653032,0.0971546527999999,0.15213964,,,,,,0.0,0.9428482199,0.5361757106,,,0.027003363,,0.0348171021,,,,0.0404401588,,,0.5508686048,,15957.155530000002,,,,,,,,,,,,,,0.8532167395,,,,,0.0719912598,10.939351199,27.024390244,5.0560625815,0.0,0.0,,0.0,0.4456129432,0.1505220041,-0.517176741,0.5556820338,0.032792279,0.0007298041,0.0090805677,-0.000288924,1.0,0.0056585803,0.0062239102,0.0120252411,-0.001311973,0.1234783793999999,0.12645991,3.0,0.0155593440999999,7.3182134e-09,0.0204138402,0.0125909038999999,0.5041290978,0.0520691942,1.4572756e-06,73.0,
2004-03-31,20825183.822,0.7653389309,0.5857436792,-0.045151696,12.690133284000002,0.0282026276,1.5045828208,-0.031174734,0.1146413221,0.2540209454,,0.1105310527999999,0.0138905014,,,1.0,,0.5680621656,-11.93518464,0.0275727812,3.3148653032,0.0971546527999999,0.15213964,,,,,,0.0,0.9428482199,0.5361757106,,,0.027003363,,0.0348171021,,,,0.0404401588,,,0.5508686048,,15957.155530000002,,,,,,,,,,,,,,0.8532167395,,,,,0.0719912598,10.939351199,27.024390244,5.0560625815,0.0,0.0,,0.0,0.4456129432,0.1505220041,-0.517176741,0.5556820338,0.032792279,0.0007298041,0.0090805677,-0.000288924,1.0,0.0056585803,0.0062239102,0.0120252411,-0.001311973,0.1234783793999999,0.12645991,3.0,0.0181666632,6.2381291e-09,0.0322788917,0.0171766314999999,0.5115691151,0.0454337341,1.458193e-06,73.0,
2004-04-30,20200832.96,0.7715381291,0.5952710846,-0.142629106,12.703358018,0.0283745610999999,1.4330536915,-0.035021856,0.0713079119,0.2603057246999999,,0.1592040841,0.015638876,,,1.0,,0.5680621656,-11.98898193,0.0275727812,3.3148653032,0.0971546527999999,0.15213964,,,,,,0.0,0.9428482199,0.5361757106,,,0.027003363,,0.0348171021,,,,0.0404401588,,,0.5508686048,,15957.155530000002,,,,,,,,,,,,,,0.8532167395,,,,,0.0719912598,10.939351199,27.024390244,5.0560625815,0.0,0.0,,0.0,0.4456129432,0.1505220041,-0.517176741,0.1180050468,0.0354364736,0.0023880929,-0.001064509,0.0162697826,2.0,0.0162316297,0.0065058514,0.0346360871,0.0020750426,0.1176401936999999,0.1204691676,3.0,0.0156990876,6.6523411e-09,0.01991372,0.0108738334,0.5083468599000001,0.0449005256,1.1630414e-06,73.0,
2004-05-28,20823080.13,0.7469115099,0.5578768036,-0.138810477,12.703151554000002,0.0280951524,1.1324961702,0.0307841487,-0.045271237,0.0720933324,,0.1577470649,0.0146540627,,,1.0,,0.5680621656,-12.05855832,0.0275727812,3.3148653032,0.0971546527999999,0.15213964,,,,,,0.0,0.9428482199,0.5361757106,,,0.027003363,,0.0348171021,,,,0.0404401588,,,0.5508686048,,15957.155530000002,,,,,,,,,,,,,,0.8532167395,,,,,0.0719912598,10.939351199,27.024390244,5.0560625815,0.0,0.0,,0.0,0.4456129432,0.1505220041,-0.517176741,0.1180050468,0.0354364736,0.0023880929,-0.001064509,0.0162697826,2.0,0.0162316297,0.0065058514,0.0346360871,0.0020750426,0.1176401936999999,0.1204691676,3.0,0.0188725032,9.7159733e-09,0.0300992206,0.0140333946,0.6116976043,0.0354185708,1.7392486e-06,73.0,
2004-06-30,21386042.161,0.6763415253,0.4574378588,-0.1281066559999999,12.426902345,0.0287231767,0.615226457,0.0330084488,-0.04409875,0.0663658905,,0.0739968574,0.0122150401,,,1.0,,0.5680621656,-12.13690562,0.0275727812,3.3148653032,0.0971546527999999,0.15213964,,,,,,0.0,0.9428482199,0.5361757106,,,0.027003363,,0.0348171021,,,,0.0404401588,,,0.5508686048,,15957.155530000002,,,,,,,,,,,,,,0.8532167395,,,,,0.0719912598,10.939351199,27.024390244,5.0560625815,0.0,0.0,,0.0,0.4456129432,0.1505220041,-0.517176741,0.1180050468,0.0354364736,0.0023880929,-0.001064509,0.0162697826,2.0,0.0162316297,0.0065058514,0.0346360871,0.0020750426,0.1176401936999999,0.1204691676,3.0,0.0117346571,8.7538878e-09,0.0292925723,0.0100649276,0.4680872785,0.0197198943,2.6049754e-06,73.0,
2004-07-30,21906662.921,0.663341913,0.4400224936,-0.23218643,12.098414937,0.0282584725,0.4904662635,0.0241812356,-0.08827341,0.0630364579,,0.0791837562,0.0105064008,0.0435226479,-0.043522648,2.0,-0.007442563,0.4498050425,-0.82286801,0.1800923012,12.785488653,0.0697052399,0.0521826919,,0.0052660677,-0.0528325179999999,0.0012358283,-0.062039922,0.0,0.9678855326,0.567251462,0.0,0.0,0.0320711533,0.0679041353,0.0355690583,0.1113148527999999,,0.0710869916,0.0432186832,0.0,0.0180670909,0.3995197545,-0.01126408,21635.870101,0.1697118101,,-0.642944646,0.0265549769,0.0579581484,0.0212816135,0.0188693387,-0.099479239,-0.01086529,,-0.092098521,-0.95971564,6.0,0.8693163751999999,0.0,,,,0.0703304075999999,11.136163982,24.535483871,5.0006574622,0.0,0.0,-0.019339866,0.0,0.3205429591,0.1479362955,-0.812739408,0.1180050468,0.0354364736,0.0023880929,-0.001064509,0.0162697826,2.0,0.0162316297,0.0065058514,0.0346360871,0.0020750426,0.1176401936999999,0.1204691676,6.0,0.0166777053,1.1444683999999998e-08,0.0330348797,0.0166505247,0.509452681,0.0317424572,1.8687047e-06,73.0,
2004-08-31,22378056.36,0.660645654,0.4364526802,-0.079470397,12.405706285,0.0279031073,0.3541552788,0.0215182677,0.0195566288,0.1428884369999999,,0.0967876448,0.0097653715,0.0435226479,-0.043522648,2.0,-0.007442563,0.4498050425,-0.830449133,0.1800923012,12.785488653,0.0697052399,0.0521826919,,0.0052660677,-0.0528325179999999,0.0012358283,-0.062039922,0.0,0.9678855326,0.567251462,0.0,0.0,0.0320711533,0.0679041353,0.0355690583,0.1113148527999999,,0.0710869916,0.0432186832,0.0,0.0180670909,0.3995197545,-0.01126408,21635.870101,0.1697118101,,-0.642944646,0.0265549769,0.0579581484,0.0212816135,0.0188693387,-0.099479239,-0.01086529,,-0.092098521,-0.95971564,6.0,0.8693163751999999,0.0,,,,0.0703304075999999,11.136163982,24.535483871,5.0006574622,0.0,0.0,-0.019339866,0.0,0.3205429591,0.1479362955,-0.812739408,0.5732977501,0.0365631692,-0.004098803,0.0296721168,-0.049776241,3.0,0.0214455488,0.0072936601,0.0453248088,0.0008850121,0.1158595582,0.1295638388,6.0,0.0169101483,1.090449e-08,0.0395564808999999,0.0165082951,0.5286343265,0.0256623714,2.1345592e-06,73.0,
2004-09-30,21577802.25,0.6467420161,0.4182752354,-0.037593281,12.294130234,0.0280144328,0.1401244884,-0.030427137,0.075008836,0.1608941678,,0.103744967,0.0096080872,0.0435226479,-0.043522648,2.0,-0.007442563,0.4498050425,-0.836528945,0.1800923012,12.785488653,0.0697052399,0.0521826919,,0.0052660677,-0.0528325179999999,0.0012358283,-0.062039922,0.0,0.9678855326,0.567251462,0.0,0.0,0.0320711533,0.0679041353,0.0355690583,0.1113148527999999,,0.0710869916,0.0432186832,0.0,0.0180670909,0.3995197545,-0.01126408,21635.870101,0.1697118101,,-0.642944646,0.0265549769,0.0579581484,0.0212816135,0.0188693387,-0.099479239,-0.01086529,,-0.092098521,-0.95971564,6.0,0.8693163751999999,0.0,,,,0.0703304075999999,11.136163982,24.535483871,5.0006574622,0.0,0.0,-0.019339866,0.0,0.3205429591,0.1479362955,-0.812739408,0.5732977501,0.0365631692,-0.004098803,0.0296721168,-0.049776241,3.0,0.0214455488,0.0072936601,0.0453248088,0.0008850121,0.1158595582,0.1295638388,6.0,0.0125195485,1.2501868999999998e-08,0.0184899364,0.009719281,0.4741726313,0.0169001989999999,2.5096253e-06,73.0,
2004-10-29,22717265.951,0.6327617144,0.4003873872,0.1033772712,12.04909483,0.0276605875999999,0.0507617372,0.0528072193,0.0801274634,0.1166235878999999,,0.0832185578,0.0086416775,0.0435226479,-0.043522648,2.0,-0.007442563,0.4498050425,-1.133936981,0.1800923012,12.785488653,0.0697052399,0.0521826919,,0.0052660677,-0.0528325179999999,0.0012358283,-0.062039922,0.0,0.9678855326,0.567251462,0.0,0.0,0.0320711533,0.0679041353,0.0355690583,0.1113148527999999,,0.0710869916,0.0432186832,0.0,0.0180670909,0.3995197545,-0.01126408,21635.870101,0.1697118101,,-0.642944646,0.0265549769,0.0579581484,0.0212816135,0.0188693387,-0.099479239,-0.01086529,,-0.092098521,-0.95971564,6.0,0.8693163751999999,0.0,,,,0.0703304075999999,11.136163982,24.535483871,5.0006574622,0.0,0.0,-0.019339866,0.0,0.3205429591,0.1479362955,-0.812739408,0.1494007611,0.0301466147,0.0,-0.0088073819999999,0.0459035505,0.0,0.0021948607999999,0.0067432889,0.0044565216999999,,0.1109278675,0.1253606098,6.0,0.0117981937,7.9909678e-09,0.0165463053,0.0076602745,0.5158548272,0.0199915964,2.5250825e-06,73.0,
2004-11-30,22722087.86,0.6306905534,0.3977705740999999,0.1190854967,12.141161055,0.0273553708,-0.002201016,0.0,0.1032047715,0.0856850798,,0.0658366755999999,0.0103520996,0.0435226479,-0.043522648,2.0,-0.007442563,0.4498050425,-1.122290897,0.1800923012,12.785488653,0.0697052399,0.0521826919,,0.0052660677,-0.0528325179999999,0.0012358283,-0.062039922,0.0,0.9678855326,0.567251462,0.0,0.0,0.0320711533,0.0679041353,0.0355690583,0.1113148527999999,,0.0710869916,0.0432186832,0.0,0.0180670909,0.3995197545,-0.01126408,21635.870101,0.1697118101,,-0.642944646,0.0265549769,0.0579581484,0.0212816135,0.0188693387,-0.099479239,-0.01086529,,-0.092098521,-0.95971564,6.0,0.8693163751999999,0.0,,,,0.0703304075999999,11.136163982,24.535483871,5.0006574622,0.0,0.0,-0.019339866,0.0,0.3205429591,0.1479362955,-0.812739408,0.1494007611,0.0301466147,0.0,-0.0088073819999999,0.0459035505,0.0,0.0021948607999999,0.0067432889,0.0044565216999999,,0.1109278675,0.1253606098,6.0,0.0154189898,5.0709988e-09,0.0230614897,0.0108890083,0.4777620824,0.034188943,1.3991588e-06,73.0,
2004-12-31,22787589.76,0.643020395,0.4134752284,0.0894271241,12.731576544,0.0268835895,0.0026120296,0.0083598243,0.0679532901,0.0545548205,,0.0697949413999999,0.0110976422,0.0435226479,-0.043522648,2.0,-0.007442563,0.4498050425,-1.132177103,0.1800923012,12.785488653,0.0697052399,0.0521826919,,0.0052660677,-0.0528325179999999,0.0012358283,-0.062039922,0.0,0.9678855326,0.567251462,0.0,0.0,0.0320711533,0.0679041353,0.0355690583,0.1113148527999999,,0.0710869916,0.0432186832,0.0,0.0180670909,0.3995197545,-0.01126408,21635.870101,0.1697118101,,-0.642944646,0.0265549769,0.0579581484,0.0212816135,0.0188693387,-0.099479239,-0.01086529,,-0.092098521,-0.95971564,6.0,0.8693163751999999,0.0,,,,0.0703304075999999,11.136163982,24.535483871,5.0006574622,0.0,0.0,-0.019339866,0.0,0.3205429591,0.1479362955,-0.812739408,0.1494007611,0.0301466147,0.0,-0.0088073819999999,0.0459035505,0.0,0.0021948607999999,0.0067432889,0.0044565216999999,,0.1109278675,0.1253606098,6.0,0.0138084136,7.5952869e-09,0.0173148066,0.0100256008,0.3419837615,0.0213517456999999,2.0510922e-06,73.0,
2005-01-31,23115091.76,0.6374734747,0.4063724309,0.1327938922,12.352153175,0.0265703427999999,0.0773385866,0.0143719455,0.0514556941,-0.018178783,,0.0860675339,0.0139424085,0.0435226479,-0.043522648,2.0,-0.007442563,0.4498050425,-1.091745576,0.1800923012,12.785488653,0.0697052399,0.0521826919,,0.0052660677,-0.0528325179999999,0.0012358283,-0.062039922,0.0,0.9678855326,0.567251462,0.0,0.0,0.0320711533,0.0679041353,0.0355690583,0.1113148527999999,,0.0710869916,0.0432186832,0.0,0.0180670909,0.3995197545,-0.01126408,21635.870101,0.1697118101,,-0.642944646,0.0265549769,0.0579581484,0.0212816135,0.0188693387,-0.099479239,-0.01086529,,-0.092098521,-0.95971564,6.0,0.8693163751999999,0.0,,,,0.0703304075999999,11.136163982,24.535483871,5.0006574622,0.0,0.0,-0.019339866,0.0,0.3205429591,0.1479362955,-0.812739408,0.8106995884999999,0.0324505781,0.0008773854,0.0268367992,0.063895382,1.0,0.009884136,0.0064813237,0.0197044335,0.0069838776,0.1069212248,0.1205480506,6.0,0.013837843,5.0487588e-09,0.016756475,0.0091961081,0.4311411168,0.0315640591,1.1849038e-06,73.0,
2005-02-28,22302885.7,0.6475957615,0.4193802703,-0.034082824,12.868613649,0.0263626214,0.0502943182,-0.035137478,0.0440999361,0.0874256160999999,,0.0967453621,0.014724296,0.0435226479,-0.043522648,2.0,-0.007442563,0.4498050425,-1.095741256,0.1800923012,12.785488653,0.0697052399,0.0521826919,,0.0052660677,-0.0528325179999999,0.0012358283,-0.062039922,0.0,0.9678855326,0.567251462,0.0,0.0,0.0320711533,0.0679041353,0.0355690583,0.1113148527999999,,0.0710869916,0.0432186832,0.0,0.0180670909,0.3995197545,-0.01126408,21635.870101,0.1697118101,,-0.642944646,0.0265549769,0.0579581484,0.0212816135,0.0188693387,-0.099479239,-0.01086529,,-0.092098521,-0.95971564,6.0,0.8693163751999999,0.0,,,,0.0703304075999999,11.136163982,24.535483871,5.0006574622,0.0,0.0,-0.019339866,0.0,0.3205429591,0.1479362955,-0.812739408,0.8106995884999999,0.0324505781,0.0008773854,0.0268367992,0.063895382,1.0,0.009884136,0.0064813237,0.0197044335,0.0069838776,0.1069212248,0.1205480506,6.0,0.0115880398,4.8137412e-09,0.0134581355,0.0101820914,0.6102363532,0.0639547211,1.268657e-06,73.0,
2005-03-31,22268651.57,0.6611618735,0.4371350229999999,0.0006951292999999,12.8598569,0.0263145839,0.0008235931,0.0038179865,0.0390275307,0.0829777662,,0.0844780404,0.0176283616999999,0.0435226479,-0.043522648,2.0,-0.007442563,0.4498050425,-1.096453804,0.1800923012,12.785488653,0.0697052399,0.0521826919,,0.0052660677,-0.0528325179999999,0.0012358283,-0.062039922,0.0,0.9678855326,0.567251462,0.0,0.0,0.0320711533,0.0679041353,0.0355690583,0.1113148527999999,,0.0710869916,0.0432186832,0.0,0.0180670909,0.3995197545,-0.01126408,21635.870101,0.1697118101,,-0.642944646,0.0265549769,0.0579581484,0.0212816135,0.0188693387,-0.099479239,-0.01086529,,-0.092098521,-0.95971564,6.0,0.8693163751999999,0.0,,,,0.0703304075999999,11.136163982,24.535483871,5.0006574622,0.0,0.0,-0.019339866,0.0,0.3205429591,0.1479362955,-0.812739408,0.8106995884999999,0.0324505781,0.0008773854,0.0268367992,0.063895382,1.0,0.009884136,0.0064813237,0.0197044335,0.0069838776,0.1069212248,0.1205480506,6.0,0.0164313607,5.0090562e-09,0.0278559141,0.0134021095,0.5802192742,0.0671176661,1.2197666e-06,73.0,
2005-04-29,21851986.2,0.6629444126,0.4394952942,-0.165140161,12.948691593,0.0268138656999999,-0.001801554,-0.018829161,-0.009320506,0.1265670294,,0.1034591665,0.0165350838,0.0435226479,-0.043522648,2.0,-0.007442563,0.4498050425,-1.08971932,0.1800923012,12.785488653,0.0697052399,0.0521826919,,0.0052660677,-0.0528325179999999,0.0012358283,-0.062039922,0.0,0.9678855326,0.567251462,0.0,0.0,0.0320711533,0.0679041353,0.0355690583,0.1113148527999999,,0.0710869916,0.0432186832,0.0,0.0180670909,0.3995197545,-0.01126408,21635.870101,0.1697118101,,-0.642944646,0.0265549769,0.0579581484,0.0212816135,0.0188693387,-0.099479239,-0.01086529,,-0.092098521,-0.95971564,6.0,0.8693163751999999,0.0,,,,0.0703304075999999,11.136163982,24.535483871,5.0006574622,0.0,0.0,-0.019339866,0.0,0.3205429591,0.1479362955,-0.812739408,1.0239353891,0.0199031451,-5.4019e-05,-0.020983158,0.0138516485,2.0,0.0174774871,0.0065970644,0.0355825559,0.007879469,0.1030834009,0.1169003948,6.0,0.0096091683,4.6091675e-09,0.0219619311,0.0079497016,0.5254016674,0.0330518453,1.4721745e-06,73.0,
2005-05-31,21672556.58,0.6613285687,0.4373554757,-0.139339842,12.595230465,0.0265767464999999,0.0156570334,-0.0083957659999999,-0.02797417,0.0723435342,,0.1043463743,0.0146527468,0.0435226479,-0.043522648,2.0,-0.007442563,0.4498050425,-1.109251157,0.1800923012,12.785488653,0.0697052399,0.0521826919,,0.0052660677,-0.0528325179999999,0.0012358283,-0.062039922,0.0,0.9678855326,0.567251462,0.0,0.0,0.0320711533,0.0679041353,0.0355690583,0.1113148527999999,,0.0710869916,0.0432186832,0.0,0.0180670909,0.3995197545,-0.01126408,21635.870101,0.1697118101,,-0.642944646,0.0265549769,0.0579581484,0.0212816135,0.0188693387,-0.099479239,-0.01086529,,-0.092098521,-0.95971564,6.0,0.8693163751999999,0.0,,,,0.0703304075999999,11.136163982,24.535483871,5.0006574622,0.0,0.0,-0.019339866,0.0,0.3205429591,0.1479362955,-0.812739408,1.0239353891,0.0199031451,-5.4019e-05,-0.020983158,0.0138516485,2.0,0.0174774871,0.0065970644,0.0355825559,0.007879469,0.1030834009,0.1169003948,6.0,0.0130021887999999,8.038380000000001e-09,0.0136096068,0.0095960197,0.636626413,0.0384527656,1.7975767e-06,73.0,
2005-06-30,22184341.2,0.6587159225,0.4339066665,-0.092680761,12.433740259,0.0264278474,-0.0707910529999999,0.0296340734,-0.044126009,0.0293627222,0.1654765579,0.1020913189,0.0132589690999999,0.0435226479,-0.043522648,2.0,-0.007442563,0.4498050425,-1.119353421,0.1800923012,12.785488653,0.0697052399,0.0521826919,,0.0052660677,-0.0528325179999999,0.0012358283,-0.062039922,0.0,0.9678855326,0.567251462,0.0,0.0,0.0320711533,0.0679041353,0.0355690583,0.1113148527999999,,0.0710869916,0.0432186832,0.0,0.0180670909,0.3995197545,-0.01126408,21635.870101,0.1697118101,,-0.642944646,0.0265549769,0.0579581484,0.0212816135,0.0188693387,-0.099479239,-0.01086529,,-0.092098521,-0.95971564,6.0,0.8693163751999999,0.0,,,,0.0703304075999999,11.136163982,24.535483871,5.0006574622,0.0,0.0,-0.019339866,0.0,0.3205429591,0.1479362955,-0.812739408,1.0239353891,0.0199031451,-5.4019e-05,-0.020983158,0.0138516485,2.0,0.0174774871,0.0065970644,0.0355825559,0.007879469,0.1030834009,0.1169003948,6.0,0.0129520217,7.9223007e-09,0.0155782037999999,0.0087073661,0.7536938998999999,0.0510504469,1.419845e-06,73.0,
2005-07-29,22019726.34,0.678683868,0.4606117925999999,-0.103190348,12.693122611,0.0249315893,-0.0259466729999999,-0.00709004,-0.029744035,0.0348431468,0.1321950988,0.03473153,0.0122056227,0.0493176420999999,-0.049317642,3.0,-0.051552463,0.4893772482999999,-0.901411105,0.1846458953,18.492859951,0.078202017,0.0621952842999999,0.0305328795,0.0008448178,-0.291872861,0.000104376,-0.293585071,0.0,0.9380473565,0.5578817734,0.0,0.0,0.0215401573,0.0838283828,0.0373276221,0.1195396146,0.1657250471,0.1074550531,0.0425026796,0.0,0.0256423983,0.4187354682999999,0.0212025316,20577.764265,0.1757425743,,-4.9982700730000005,-0.030828208,-0.016517698,0.0171940706,-0.037350209,0.0582341615,-0.018811924,,0.0578608656,-1.095017381,6.0,0.8368472267,0.0,,,,0.068747386,19.995061728,25.955128205,4.9138349515,0.0,0.0,0.0646857744,0.0,0.3502654501,0.1335246144,0.021309576,1.0239353891,0.0199031451,-5.4019e-05,-0.020983158,0.0138516485,2.0,0.0174774871,0.0065970644,0.0355825559,0.007879469,0.1030834009,0.1169003948,6.0,0.0100724452,7.1259658e-09,0.0168421473,0.0064466716,0.5988494089,0.0367238028,1.9319313e-06,73.0,
2005-08-31,22845850.082,0.6181001035,0.3820477379,0.0299636931,12.331528676,0.0244919732,0.1088525299,0.0389764234,-0.001539816,0.0058616664,0.3353373196999999,0.1984450776,0.0103299763,0.0493176420999999,-0.049317642,3.0,-0.051552463,0.4893772482999999,-0.814479287,0.1846458953,18.492859951,0.078202017,0.0621952842999999,0.0305328795,0.0008448178,-0.291872861,0.000104376,-0.293585071,0.0,0.9380473565,0.5578817734,0.0,0.0,0.0215401573,0.0838283828,0.0373276221,0.1195396146,0.1657250471,0.1074550531,0.0425026796,0.0,0.0256423983,0.4187354682999999,0.0212025316,20577.764265,0.1757425743,,-4.9982700730000005,-0.030828208,-0.016517698,0.0171940706,-0.037350209,0.0582341615,-0.018811924,,0.0578608656,-1.095017381,6.0,0.8368472267,0.0,,,,0.068747386,19.995061728,25.955128205,4.9138349515,0.0,0.0,0.0646857744,0.0,0.3502654501,0.1335246144,0.021309576,-0.121712744,0.0206180319,0.0054603854,0.0119657913999999,-0.0030017629999999,0.0,0.0167101272,0.0066035283999999,0.0331783601,0.0084776523,0.1019106527999999,0.1177359008,6.0,0.0107094447,1.1717959e-08,0.0155439898,0.0075675047,0.5392285308,0.0169299178,3.665090600000001e-06,73.0,
2005-09-30,24380096.259,0.6004437264,0.3605326685,0.065901832,11.824352332,0.0227220345,0.2257923664,0.0730241239,0.033430965,0.0778628371999999,0.2897462507,0.2031704916,0.0084423183,0.0493176420999999,-0.049317642,3.0,-0.051552463,0.4893772482999999,-0.825464476,0.1846458953,18.492859951,0.078202017,0.0621952842999999,0.0305328795,0.0008448178,-0.291872861,0.000104376,-0.293585071,0.0,0.9380473565,0.5578817734,0.0,0.0,0.0215401573,0.0838283828,0.0373276221,0.1195396146,0.1657250471,0.1074550531,0.0425026796,0.0,0.0256423983,0.4187354682999999,0.0212025316,20577.764265,0.1757425743,,-4.9982700730000005,-0.030828208,-0.016517698,0.0171940706,-0.037350209,0.0582341615,-0.018811924,,0.0578608656,-1.095017381,6.0,0.8368472267,0.0,,,,0.068747386,19.995061728,25.955128205,4.9138349515,0.0,0.0,0.0646857744,0.0,0.3502654501,0.1335246144,0.021309576,-0.121712744,0.0206180319,0.0054603854,0.0119657913999999,-0.0030017629999999,0.0,0.0167101272,0.0066035283999999,0.0331783601,0.0084776523,0.1019106527999999,0.1177359008,6.0,0.010437953,1.0802584e-08,0.0177346319,0.0087979307,0.667035458,0.0315779719,2.1114011000000004e-06,73.0,
2005-10-31,24511058.443000004,0.5586200826,0.3120563966,0.165428506,12.299878889,0.0224374238,0.1547506755,0.0064394381,0.130176634,0.0985608811999999,0.4867055433,-0.04310052,0.0090229757,0.0493176420999999,-0.049317642,3.0,-0.051552463,0.4893772482999999,-0.497774266,0.1846458953,18.492859951,0.078202017,0.0621952842999999,0.0305328795,0.0008448178,-0.291872861,0.000104376,-0.293585071,0.0,0.9380473565,0.5578817734,0.0,0.0,0.0215401573,0.0838283828,0.0373276221,0.1195396146,0.1657250471,0.1074550531,0.0425026796,0.0,0.0256423983,0.4187354682999999,0.0212025316,20577.764265,0.1757425743,,-4.9982700730000005,-0.030828208,-0.016517698,0.0171940706,-0.037350209,0.0582341615,-0.018811924,,0.0578608656,-1.095017381,6.0,0.8368472267,0.0,,,,0.068747386,19.995061728,25.955128205,4.9138349515,0.0,0.0,0.0646857744,0.0,0.3502654501,0.1335246144,0.021309576,1.4220867209,0.0170498983,-0.000109824,-0.03392646,0.007933232,0.0,0.0035127017,0.0068142085,0.00692632,0.0076864691,0.1034122411999999,0.1215646923,6.0,0.0126325912999999,8.3261904e-09,0.019691268,0.0093094436,0.6927007576,0.0492366383,1.7324606e-06,73.0,
2005-11-30,22220563.718,0.4908200459,0.2409043173999999,0.0771048385,12.594912472,0.0224452418,0.1505589335,-0.092508599,0.1470849934999999,0.105634996,0.3343330726,0.1436757062,0.010214291,0.0493176420999999,-0.049317642,3.0,-0.051552463,0.4893772482999999,-0.504346286,0.1846458953,18.492859951,0.078202017,0.0621952842999999,0.0305328795,0.0008448178,-0.291872861,0.000104376,-0.293585071,0.0,0.9380473565,0.5578817734,0.0,0.0,0.0215401573,0.0838283828,0.0373276221,0.1195396146,0.1657250471,0.1074550531,0.0425026796,0.0,0.0256423983,0.4187354682999999,0.0212025316,20577.764265,0.1757425743,,-4.9982700730000005,-0.030828208,-0.016517698,0.0171940706,-0.037350209,0.0582341615,-0.018811924,,0.0578608656,-1.095017381,6.0,0.8368472267,0.0,,,,0.068747386,19.995061728,25.955128205,4.9138349515,0.0,0.0,0.0646857744,0.0,0.3502654501,0.1335246144,0.021309576,1.4220867209,0.0170498983,-0.000109824,-0.03392646,0.007933232,0.0,0.0035127017,0.0068142085,0.00692632,0.0076864691,0.1034122411999999,0.1215646923,6.0,0.0175640656,1.1451938999999998e-08,0.0185238402,0.0108021622,0.6162147237,0.0343202527,2.1889469e-06,73.0,
2005-12-30,22963264.696,0.54354059,0.2954363728999999,0.0677958879,12.262900732,0.0220260613,0.0322799823,0.0405405499,0.0110094397,-0.004964074,0.3875499328,0.0777805554,0.0101405798,0.0493176420999999,-0.049317642,3.0,-0.051552463,0.4893772482999999,-0.526776334,0.1846458953,18.492859951,0.078202017,0.0621952842999999,0.0305328795,0.0008448178,-0.291872861,0.000104376,-0.293585071,0.0,0.9380473565,0.5578817734,0.0,0.0,0.0215401573,0.0838283828,0.0373276221,0.1195396146,0.1657250471,0.1074550531,0.0425026796,0.0,0.0256423983,0.4187354682999999,0.0212025316,20577.764265,0.1757425743,,-4.9982700730000005,-0.030828208,-0.016517698,0.0171940706,-0.037350209,0.0582341615,-0.018811924,,0.0578608656,-1.095017381,6.0,0.8368472267,0.0,,,,0.068747386,19.995061728,25.955128205,4.9138349515,0.0,0.0,0.0646857744,0.0,0.3502654501,0.1335246144,0.021309576,1.4220867209,0.0170498983,-0.000109824,-0.03392646,0.007933232,0.0,0.0035127017,0.0068142085,0.00692632,0.0076864691,0.1034122411999999,0.1215646923,6.0,0.0143397563,9.2226706e-09,0.0278746504,0.010863978,0.5736879412,0.0257478464999999,2.3816495e-06,73.0,
2006-01-31,22513734.607,0.5476109975,0.2998778045,0.0774801857,12.21158844,0.02208132,0.0098701285,-0.017603712,0.0595082749,0.0207057027,0.4053855417999999,-0.2332098719999999,0.0092579903,0.0493176420999999,-0.049317642,3.0,-0.051552463,0.4893772482999999,-0.532381229,0.1846458953,18.492859951,0.078202017,0.0621952842999999,0.0305328795,0.0008448178,-0.291872861,0.000104376,-0.293585071,0.0,0.9380473565,0.5578817734,0.0,0.0,0.0215401573,0.0838283828,0.0373276221,0.1195396146,0.1657250471,0.1074550531,0.0425026796,0.0,0.0256423983,0.4187354682999999,0.0212025316,20577.764265,0.1757425743,,-4.9982700730000005,-0.030828208,-0.016517698,0.0171940706,-0.037350209,0.0582341615,-0.018811924,,0.0578608656,-1.095017381,6.0,0.8368472267,0.0,,,,0.068747386,19.995061728,25.955128205,4.9138349515,0.0,0.0,0.0646857744,0.0,0.3502654501,0.1335246144,0.021309576,-0.41285897,0.016690285,-0.007140193,0.0002018827,0.0167968565,1.0,0.0157463893,0.0069377328,0.0306567861,0.0087313958,0.0993451842,0.1179845946,6.0,0.0109914212999999,6.9738031e-09,0.0140679823,0.0065488522,0.7632136002,0.0279961866,2.2234052000000004e-06,73.0,
2006-02-28,23307719.294,0.4950121827,0.245037061,0.0017841818,12.261208304,0.0220217946,0.0680269744,0.0372832641,0.0018100245,0.0392542675,0.3616070931,-0.0740168609999999,0.0089366222,0.0493176420999999,-0.049317642,3.0,-0.051552463,0.4893772482999999,-0.541477615,0.1846458953,18.492859951,0.078202017,0.0621952842999999,0.0305328795,0.0008448178,-0.291872861,0.000104376,-0.293585071,0.0,0.9380473565,0.5578817734,0.0,0.0,0.0215401573,0.0838283828,0.0373276221,0.1195396146,0.1657250471,0.1074550531,0.0425026796,0.0,0.0256423983,0.4187354682999999,0.0212025316,20577.764265,0.1757425743,,-4.9982700730000005,-0.030828208,-0.016517698,0.0171940706,-0.037350209,0.0582341615,-0.018811924,,0.0578608656,-1.095017381,6.0,0.8368472267,0.0,,,,0.068747386,19.995061728,25.955128205,4.9138349515,0.0,0.0,0.0646857744,0.0,0.3502654501,0.1335246144,0.021309576,-0.41285897,0.016690285,-0.007140193,0.0002018827,0.0167968565,1.0,0.0157463893,0.0069377328,0.0306567861,0.0087313958,0.0993451842,0.1179845946,6.0,0.0136347855,8.7810956e-09,0.0224050189999999,0.0093119429,0.4483110755,0.0218121448,2.5612686000000004e-06,73.0,
2006-03-31,24774760.053000003,0.4863857732,0.2365711204,-0.071377149,12.203092392,0.0217512777999999,0.1466483894,0.0713290647,-0.031558798,0.0739009196,0.3207625929,-0.179552033,0.0104515664,0.0493176420999999,-0.049317642,3.0,-0.051552463,0.4893772482999999,-0.548792786,0.1846458953,18.492859951,0.078202017,0.0621952842999999,0.0305328795,0.0008448178,-0.291872861,0.000104376,-0.293585071,0.0,0.9380473565,0.5578817734,0.0,0.0,0.0215401573,0.0838283828,0.0373276221,0.1195396146,0.1657250471,0.1074550531,0.0425026796,0.0,0.0256423983,0.4187354682999999,0.0212025316,20577.764265,0.1757425743,,-4.9982700730000005,-0.030828208,-0.016517698,0.0171940706,-0.037350209,0.0582341615,-0.018811924,,0.0578608656,-1.095017381,6.0,0.8368472267,0.0,,,,0.068747386,19.995061728,25.955128205,4.9138349515,0.0,0.0,0.0646857744,0.0,0.3502654501,0.1335246144,0.021309576,-0.41285897,0.016690285,-0.007140193,0.0002018827,0.0167968565,1.0,0.0157463893,0.0069377328,0.0306567861,0.0087313958,0.0993451842,0.1179845946,6.0,0.0137262165999999,5.8960522e-09,0.0365384072,0.0108980627,0.601456279,0.0454270894,1.7354467e-06,73.0,
2006-04-28,24164186.875,0.4555405979999999,0.2075172364,-0.130033149,12.704996755,0.0220073968,0.1790453087,-0.02275697,0.0308809132,0.1725799651,0.3442964590999999,-0.144641618,0.0109184508,0.0493176420999999,-0.049317642,3.0,-0.051552463,0.4893772482999999,-0.5535393,0.1846458953,18.492859951,0.078202017,0.0621952842999999,0.0305328795,0.0008448178,-0.291872861,0.000104376,-0.293585071,0.0,0.9380473565,0.5578817734,0.0,0.0,0.0215401573,0.0838283828,0.0373276221,0.1195396146,0.1657250471,0.1074550531,0.0425026796,0.0,0.0256423983,0.4187354682999999,0.0212025316,20577.764265,0.1757425743,,-4.9982700730000005,-0.030828208,-0.016517698,0.0171940706,-0.037350209,0.0582341615,-0.018811924,,0.0578608656,-1.095017381,6.0,0.8368472267,0.0,,,,0.068747386,19.995061728,25.955128205,4.9138349515,0.0,0.0,0.0646857744,0.0,0.3502654501,0.1335246144,0.021309576,-0.195552243,0.0234224877,0.0022883295,-0.0127506,-0.024367499,0.0,0.0157455518999999,0.0070654202,0.0302877335,0.0058908103,0.0925955501,0.1130415952,6.0,0.0111728556,8.488214e-09,0.0157291442,0.0085449821,0.6172272821,0.0379421603,1.7707379e-06,73.0,
2006-05-31,25749013.972,0.4649617822999999,0.2161894589999999,0.1449175223,12.468679051,0.0220736114,0.3432211753,0.0682547987,0.110116511,0.1555977265,0.1750940748999999,-0.208623151,0.0120560175,0.0493176420999999,-0.049317642,3.0,-0.051552463,0.4893772482999999,-0.559822126,0.1846458953,18.492859951,0.078202017,0.0621952842999999,0.0305328795,0.0008448178,-0.291872861,0.000104376,-0.293585071,0.0,0.9380473565,0.5578817734,0.0,0.0,0.0215401573,0.0838283828,0.0373276221,0.1195396146,0.1657250471,0.1074550531,0.0425026796,0.0,0.0256423983,0.4187354682999999,0.0212025316,20577.764265,0.1757425743,,-4.9982700730000005,-0.030828208,-0.016517698,0.0171940706,-0.037350209,0.0582341615,-0.018811924,,0.0578608656,-1.095017381,6.0,0.8368472267,0.0,,,,0.068747386,19.995061728,25.955128205,4.9138349515,0.0,0.0,0.0646857744,0.0,0.3502654501,0.1335246144,0.021309576,-0.195552243,0.0234224877,0.0022883295,-0.0127506,-0.024367499,0.0,0.0157455518999999,0.0070654202,0.0302877335,0.0058908103,0.0925955501,0.1130415952,6.0,0.0148552325,6.204234000000001e-09,0.015704127,0.0095107294999999,0.5041696519,0.0303003093,1.9287407e-06,73.0,
2006-06-30,26924717.109,0.441489807,0.1949132496999999,0.1479414389,12.638196558,0.0220922795,0.2982670647,0.0528689399,0.1396838788,0.1989432446,0.1675122905,-0.293056936,0.0120552602,0.0493176420999999,-0.049317642,3.0,-0.051552463,0.4893772482999999,-0.565465132,0.1846458953,18.492859951,0.078202017,0.0621952842999999,0.0305328795,0.0008448178,-0.291872861,0.000104376,-0.293585071,0.0,0.9380473565,0.5578817734,0.0,0.0,0.0215401573,0.0838283828,0.0373276221,0.1195396146,0.1657250471,0.1074550531,0.0425026796,0.0,0.0256423983,0.4187354682999999,0.0212025316,20577.764265,0.1757425743,,-4.9982700730000005,-0.030828208,-0.016517698,0.0171940706,-0.037350209,0.0582341615,-0.018811924,,0.0578608656,-1.095017381,6.0,0.8368472267,0.0,,,,0.068747386,19.995061728,25.955128205,4.9138349515,0.0,0.0,0.0646857744,0.0,0.3502654501,0.1335246144,0.021309576,-0.195552243,0.0234224877,0.0022883295,-0.0127506,-0.024367499,0.0,0.0157455518999999,0.0070654202,0.0302877335,0.0058908103,0.0925955501,0.1130415952,6.0,0.0134772,7.6756578e-09,0.0280913655,0.0127593465,0.6283831593,0.0401212968,1.4947143e-06,73.0,
2006-07-31,24778375.494000003,0.4334337532,0.1878648184,0.0847376401999999,12.790435103,0.0217299419,0.1831747044,-0.078468874,0.2214396289,0.2713439833,0.118689003,0.0143426529,0.0144286806,0.0487729983,-0.048772998,4.0,0.0105381052,0.5020490912,-0.8945980570000001,0.193902057,17.200578378,0.0836835535,0.0559824118,0.0522848472,-0.009437793,-0.171615921,0.0005117838,-0.139452466,0.0,0.9684583199,1.1920614597,0.0,0.0,0.0232033696,0.0001015021999999,0.0412405378,0.121926386,0.1263157895,0.0457534737,0.0385848355,0.0,-0.1101664719999999,0.4218915927,-0.021485384,19759.026128,0.1907458196999999,,-0.455700984,0.032419433,1.1367635877,-0.002161663,0.0334280183,0.0426585228,0.0437632029,,0.041333724,-1.029157667,5.0,0.8648213711,0.0,,,,0.077065384,21.383292383,27.027950311,5.1224249559,0.0,0.0,0.0747098049,0.0,0.3875987047999999,0.1140025725,-0.306997802,-0.195552243,0.0234224877,0.0022883295,-0.0127506,-0.024367499,0.0,0.0157455518999999,0.0070654202,0.0302877335,0.0058908103,0.0925955501,0.1130415952,6.0,0.0134914781,6.6359048e-09,0.0235151816,0.0124458344999999,0.5832724788,0.0747957342,1.1124863e-06,73.0,
2006-08-31,25338073.066,0.4723578831,0.2231219696999999,0.0716117830999999,13.002409709,0.0221347018,0.0989563091,0.0236240868,0.0851371803999999,0.1276319903999999,0.2200957835999999,0.0401129255,0.0139238495,0.0487729983,-0.048772998,4.0,0.0105381052,0.5020490912,-0.853286986,0.193902057,17.200578378,0.0836835535,0.0559824118,0.0522848472,-0.009437793,-0.171615921,0.0005117838,-0.139452466,0.0,0.9684583199,1.1920614597,0.0,0.0,0.0232033696,0.0001015021999999,0.0412405378,0.121926386,0.1263157895,0.0457534737,0.0385848355,0.0,-0.1101664719999999,0.4218915927,-0.021485384,19759.026128,0.1907458196999999,,-0.455700984,0.032419433,1.1367635877,-0.002161663,0.0334280183,0.0426585228,0.0437632029,,0.041333724,-1.029157667,5.0,0.8648213711,0.0,,,,0.077065384,21.383292383,27.027950311,5.1224249559,0.0,0.0,0.0747098049,0.0,0.3875987047999999,0.1140025725,-0.306997802,1.3927817238999998,0.0209405227,0.0057526854,-0.307623092,0.0345804477,0.0,0.0132433134,0.0070466198,0.0255306368,0.0044981579999999,0.0926118492,0.1121814479,6.0,0.0160290609,7.6527031e-09,0.0405369066,0.0135451787999999,0.3960955616,0.0212721713,2.0935097e-06,73.0,
2006-09-29,25827337.866,0.4873432184,0.2375034125,0.0261191579999999,12.487519188,0.0222657454,0.0554922962,0.0258686077,0.0368173439,0.0757179085,0.3018053898,0.009507316,0.0128933029,0.0487729983,-0.048772998,4.0,0.0105381052,0.5020490912,-0.865572463,0.193902057,17.200578378,0.0836835535,0.0559824118,0.0522848472,-0.009437793,-0.171615921,0.0005117838,-0.139452466,0.0,0.9684583199,1.1920614597,0.0,0.0,0.0232033696,0.0001015021999999,0.0412405378,0.121926386,0.1263157895,0.0457534737,0.0385848355,0.0,-0.1101664719999999,0.4218915927,-0.021485384,19759.026128,0.1907458196999999,,-0.455700984,0.032419433,1.1367635877,-0.002161663,0.0334280183,0.0426585228,0.0437632029,,0.041333724,-1.029157667,5.0,0.8648213711,0.0,,,,0.077065384,21.383292383,27.027950311,5.1224249559,0.0,0.0,0.0747098049,0.0,0.3875987047999999,0.1140025725,-0.306997802,1.3927817238999998,0.0209405227,0.0057526854,-0.307623092,0.0345804477,0.0,0.0132433134,0.0070466198,0.0255306368,0.0044981579999999,0.0926118492,0.1121814479,6.0,0.0138354088999999,7.2712998e-09,0.0283832438,0.0110970107,0.4303501179,0.0197852287,1.8601399e-06,73.0,
2006-10-31,25843946.211,0.4870056915999999,0.2371745435999999,0.0828798421,12.485034281,0.0221957347,0.065091367,0.0017399873999999,0.0884072149,0.0964844891,0.2997727535,0.1198457068,0.0103170728,0.0487729983,-0.048772998,4.0,0.0105381052,0.5020490912,-1.017411921,0.193902057,17.200578378,0.0836835535,0.0559824118,0.0522848472,-0.009437793,-0.171615921,0.0005117838,-0.139452466,0.0,0.9684583199,1.1920614597,0.0,0.0,0.0232033696,0.0001015021999999,0.0412405378,0.121926386,0.1263157895,0.0457534737,0.0385848355,0.0,-0.1101664719999999,0.4218915927,-0.021485384,19759.026128,0.1907458196999999,,-0.455700984,0.032419433,1.1367635877,-0.002161663,0.0334280183,0.0426585228,0.0437632029,,0.041333724,-1.029157667,5.0,0.8648213711,0.0,,,,0.077065384,21.383292383,27.027950311,5.1224249559,0.0,0.0,0.0747098049,0.0,0.3875987047999999,0.1140025725,-0.306997802,0.5479391991,0.0149394559,-0.000104281,0.0825782772,0.0049236687,0.0,0.0105474377,0.0061317672999999,0.0205761317,-0.01419456,0.0956297444999999,0.1107693235,6.0,0.0126460424,7.25877e-09,0.0221065916,0.0110924132,0.4650368017,0.0311688981,2.1442935e-06,73.0,
2006-11-30,26474992.811,0.4980978288,0.2481014471,-0.139923679,12.483419095,0.0223838876,0.1239762801,0.024813896,0.0206376148,0.2103611751,0.0893267404,0.150818591,0.0107805943,0.0487729983,-0.048772998,4.0,0.0105381052,0.5020490912,-0.953640299,0.193902057,17.200578378,0.0836835535,0.0559824118,0.0522848472,-0.009437793,-0.171615921,0.0005117838,-0.139452466,0.0,0.9684583199,1.1920614597,0.0,0.0,0.0232033696,0.0001015021999999,0.0412405378,0.121926386,0.1263157895,0.0457534737,0.0385848355,0.0,-0.1101664719999999,0.4218915927,-0.021485384,19759.026128,0.1907458196999999,,-0.455700984,0.032419433,1.1367635877,-0.002161663,0.0334280183,0.0426585228,0.0437632029,,0.041333724,-1.029157667,5.0,0.8648213711,0.0,,,,0.077065384,21.383292383,27.027950311,5.1224249559,0.0,0.0,0.0747098049,0.0,0.3875987047999999,0.1140025725,-0.306997802,0.5479391991,0.0149394559,-0.000104281,0.0825782772,0.0049236687,0.0,0.0105474377,0.0061317672999999,0.0205761317,-0.01419456,0.0956297444999999,0.1107693235,6.0,0.0133916356,7.7707714e-09,0.0389133655,0.0138128624,0.5585881427,0.0304793131,1.6770639e-06,73.0,
2006-12-29,27374165.102,0.4918670947,0.2419332389,-0.167047286,12.657292185,0.0226099222,0.1224619542,0.0397094935,-0.006558584,0.1920678646999999,0.1009876965,0.0802428421,0.0119487236,0.0487729983,-0.048772998,4.0,0.0105381052,0.5020490912,-0.96137209,0.193902057,17.200578378,0.0836835535,0.0559824118,0.0522848472,-0.009437793,-0.171615921,0.0005117838,-0.139452466,0.0,0.9684583199,1.1920614597,0.0,0.0,0.0232033696,0.0001015021999999,0.0412405378,0.121926386,0.1263157895,0.0457534737,0.0385848355,0.0,-0.1101664719999999,0.4218915927,-0.021485384,19759.026128,0.1907458196999999,,-0.455700984,0.032419433,1.1367635877,-0.002161663,0.0334280183,0.0426585228,0.0437632029,,0.041333724,-1.029157667,5.0,0.8648213711,0.0,,,,0.077065384,21.383292383,27.027950311,5.1224249559,0.0,0.0,0.0747098049,0.0,0.3875987047999999,0.1140025725,-0.306997802,0.5479391991,0.0149394559,-0.000104281,0.0825782772,0.0049236687,0.0,0.0105474377,0.0061317672999999,0.0205761317,-0.01419456,0.0956297444999999,0.1107693235,6.0,0.0131810288,5.0144503e-09,0.022286132,0.0080246793,0.6288199405,0.0425290313999999,1.5151876000000002e-06,73.0,
2007-01-31,26551021.52,0.4884031295,0.2385376169,-0.03833632,12.838763869,0.021694515,0.1468367267999999,-0.029962607,0.1208416541,0.2616133542,-0.001341745,0.1954472655999999,0.0135769662,0.0487729983,-0.048772998,4.0,0.0105381052,0.5020490912,-0.968980688,0.193902057,17.200578378,0.0836835535,0.0559824118,0.0522848472,-0.009437793,-0.171615921,0.0005117838,-0.139452466,0.0,0.9684583199,1.1920614597,0.0,0.0,0.0232033696,0.0001015021999999,0.0412405378,0.121926386,0.1263157895,0.0457534737,0.0385848355,0.0,-0.1101664719999999,0.4218915927,-0.021485384,19759.026128,0.1907458196999999,,-0.455700984,0.032419433,1.1367635877,-0.002161663,0.0334280183,0.0426585228,0.0437632029,,0.041333724,-1.029157667,5.0,0.8648213711,0.0,,,,0.077065384,21.383292383,27.027950311,5.1224249559,0.0,0.0,0.0747098049,0.0,0.3875987047999999,0.1140025725,-0.306997802,-0.158503401,0.0116484659,0.0071904687,0.104156717,0.0349834216999999,0.0,0.0103789904,0.0058568438,0.0200465728,-0.017394199,0.0969272702,0.1113193194999999,6.0,0.0129210405,4.503308e-09,0.0179742947,0.0082748289,0.6686320751,0.0444325429,1.4496827e-06,73.0,
2007-02-28,26944656.845,0.5137840793999999,0.2639740803,-0.032459116,12.900926735,0.0205860486,0.1052612994,0.015202729,0.0621656234999999,0.1798244238,0.1310561984,0.1531746849,0.0139485152,0.0487729983,-0.048772998,4.0,0.0105381052,0.5020490912,-0.924180066,0.193902057,17.200578378,0.0836835535,0.0559824118,0.0522848472,-0.009437793,-0.171615921,0.0005117838,-0.139452466,0.0,0.9684583199,1.1920614597,0.0,0.0,0.0232033696,0.0001015021999999,0.0412405378,0.121926386,0.1263157895,0.0457534737,0.0385848355,0.0,-0.1101664719999999,0.4218915927,-0.021485384,19759.026128,0.1907458196999999,,-0.455700984,0.032419433,1.1367635877,-0.002161663,0.0334280183,0.0426585228,0.0437632029,,0.041333724,-1.029157667,5.0,0.8648213711,0.0,,,,0.077065384,21.383292383,27.027950311,5.1224249559,0.0,0.0,0.0747098049,0.0,0.3875987047999999,0.1140025725,-0.306997802,-0.158503401,0.0116484659,0.0071904687,0.104156717,0.0349834216999999,0.0,0.0103789904,0.0058568438,0.0200465728,-0.017394199,0.0969272702,0.1113193194999999,6.0,0.0141814081,4.1686841e-09,0.0248962753,0.0093351374,0.3293603566,0.0208744745,1.686134e-06,73.0,
2007-03-30,25850161.786,0.5178652141,0.26818438,-0.04886931,12.764790423,0.0205152928,0.1301765302,-0.034585234,0.0511223675,0.1180140765,0.2507243792,0.1299765263,0.0175485739,0.0487729983,-0.048772998,4.0,0.0105381052,0.5020490912,-0.934538696,0.193902057,17.200578378,0.0836835535,0.0559824118,0.0522848472,-0.009437793,-0.171615921,0.0005117838,-0.139452466,0.0,0.9684583199,1.1920614597,0.0,0.0,0.0232033696,0.0001015021999999,0.0412405378,0.121926386,0.1263157895,0.0457534737,0.0385848355,0.0,-0.1101664719999999,0.4218915927,-0.021485384,19759.026128,0.1907458196999999,,-0.455700984,0.032419433,1.1367635877,-0.002161663,0.0334280183,0.0426585228,0.0437632029,,0.041333724,-1.029157667,5.0,0.8648213711,0.0,,,,0.077065384,21.383292383,27.027950311,5.1224249559,0.0,0.0,0.0747098049,0.0,0.3875987047999999,0.1140025725,-0.306997802,-0.158503401,0.0116484659,0.0071904687,0.104156717,0.0349834216999999,0.0,0.0103789904,0.0058568438,0.0200465728,-0.017394199,0.0969272702,0.1113193194999999,6.0,0.0169616639,4.3845525e-09,0.0117370896,0.011038466,0.7457909373999999,0.1285842238,9.3832496e-07,73.0,
2007-04-30,26602141.279,0.5352286843999999,0.2864697446,-0.047433802,13.360585116,0.0207616871,0.0758699887,0.0294773950999999,0.0130064362999999,0.1044819606,0.2666211051,-0.007344371,0.0172037498,0.0487729983,-0.048772998,4.0,0.0105381052,0.5020490912,-0.946098089,0.193902057,17.200578378,0.0836835535,0.0559824118,0.0522848472,-0.009437793,-0.171615921,0.0005117838,-0.139452466,0.0,0.9684583199,1.1920614597,0.0,0.0,0.0232033696,0.0001015021999999,0.0412405378,0.121926386,0.1263157895,0.0457534737,0.0385848355,0.0,-0.1101664719999999,0.4218915927,-0.021485384,19759.026128,0.1907458196999999,,-0.455700984,0.032419433,1.1367635877,-0.002161663,0.0334280183,0.0426585228,0.0437632029,,0.041333724,-1.029157667,5.0,0.8648213711,0.0,,,,0.077065384,21.383292383,27.027950311,5.1224249559,0.0,0.0,0.0747098049,0.0,0.3875987047999999,0.1140025725,-0.306997802,0.8759757155,0.0248280744,-0.00534926,0.1204759664,0.0075812079,1.0,0.0106084242999999,0.0058367814,0.020616473,-0.029357146,0.097175814,0.1113875732,6.0,0.0118979665999999,3.8021166e-09,0.0156061873,0.0068762806999999,0.4310191721,0.0281484269,1.4162683999999998e-06,73.0,
2007-05-31,28182440.662,0.5659555647,0.3203057012,0.0326213655,12.831117555,0.0204279731,0.0723440849,0.0599133261,0.0176162046,0.0643895194,0.312664805,0.1923642679,0.020474904,0.0487729983,-0.048772998,4.0,0.0105381052,0.5020490912,-0.956039023,0.193902057,17.200578378,0.0836835535,0.0559824118,0.0522848472,-0.009437793,-0.171615921,0.0005117838,-0.139452466,0.0,0.9684583199,1.1920614597,0.0,0.0,0.0232033696,0.0001015021999999,0.0412405378,0.121926386,0.1263157895,0.0457534737,0.0385848355,0.0,-0.1101664719999999,0.4218915927,-0.021485384,19759.026128,0.1907458196999999,,-0.455700984,0.032419433,1.1367635877,-0.002161663,0.0334280183,0.0426585228,0.0437632029,,0.041333724,-1.029157667,5.0,0.8648213711,0.0,,,,0.077065384,21.383292383,27.027950311,5.1224249559,0.0,0.0,0.0747098049,0.0,0.3875987047999999,0.1140025725,-0.306997802,0.8759757155,0.0248280744,-0.00534926,0.1204759664,0.0075812079,1.0,0.0106084242999999,0.0058367814,0.020616473,-0.029357146,0.097175814,0.1113875732,6.0,0.0113311067,2.3900326e-09,0.0161364861,0.0076468767,0.3912060602,0.047343359,9.5874178e-07,73.0,
2007-06-29,27116926.426,0.6518135325,0.4248608812,-0.029294443,13.374376078,0.0205634141999999,0.1721739666,-0.032576624,0.0373907161,0.0715109858,0.3379019343,-0.020038268,0.0277531255,0.0487729983,-0.048772998,4.0,0.0105381052,0.5020490912,-0.945485546,0.193902057,17.200578378,0.0836835535,0.0559824118,0.0522848472,-0.009437793,-0.171615921,0.0005117838,-0.139452466,0.0,0.9684583199,1.1920614597,0.0,0.0,0.0232033696,0.0001015021999999,0.0412405378,0.121926386,0.1263157895,0.0457534737,0.0385848355,0.0,-0.1101664719999999,0.4218915927,-0.021485384,19759.026128,0.1907458196999999,,-0.455700984,0.032419433,1.1367635877,-0.002161663,0.0334280183,0.0426585228,0.0437632029,,0.041333724,-1.029157667,5.0,0.8648213711,0.0,,,,0.077065384,21.383292383,27.027950311,5.1224249559,0.0,0.0,0.0747098049,0.0,0.3875987047999999,0.1140025725,-0.306997802,0.8759757155,0.0248280744,-0.00534926,0.1204759664,0.0075812079,1.0,0.0106084242999999,0.0058367814,0.020616473,-0.029357146,0.097175814,0.1113875732,6.0,0.019395739,2.1957548e-09,0.035996031,0.0153339723,0.5348266643,0.1208701428999999,4.285046100000001e-07,73.0,
2007-07-31,26259691.579,0.6502996514,0.4228896365999999,-0.0853833859999999,14.045073468,0.0207300052,0.2328589035,-0.031626154,0.0345951975,0.1248722326,0.2038086942,-0.005343529,0.034196125,0.0609583502,-0.06095835,5.0,-0.035809837,0.4240514811,-0.285622222,0.1673290107,30.205716407,0.0800686992,0.0670581311,-0.106511829,-0.013116593,-0.120442046,-0.012585928,-0.159447222,0.0,0.8732281359,1.0896,0.0,0.0,0.0215526099,0.0525728205,0.0346273575,0.1028503807,-0.268174475,0.0359381318,0.0376341387,0.0,-0.03539823,0.3636437724,0.018790246,23576.929964,0.1557864819,,-0.752697478,-0.0983317319999999,-0.085953169,0.0715853267,-0.0128548769999999,0.5363621311,-0.042697893,,2.3658713182,-1.312295974,6.0,0.853704199,0.0,,,,0.0657253149,19.883233533,90.97260274,4.8509861213,0.0,0.0,-0.2369297939999999,0.0,0.2502288149,0.083803944,-0.399396237,0.8759757155,0.0248280744,-0.00534926,0.1204759664,0.0075812079,1.0,0.0106084242999999,0.0058367814,0.020616473,-0.029357146,0.097175814,0.1113875732,6.0,0.0137985851,2.116962e-09,0.0181334615,0.0102952047,0.3065685084,0.0480450263999999,6.2369762e-07,73.0,
2007-08-31,26637474.091,0.6709722801,0.4502038007,-0.077491191,13.684421112,0.0206319799,0.2881323027,0.0141360434,-0.013128214,0.0641571105,0.2062902976999999,-0.083688453,0.0433466891999999,0.0609583502,-0.06095835,5.0,-0.035809837,0.4240514811,-0.294456391,0.1673290107,30.205716407,0.0800686992,0.0670581311,-0.106511829,-0.013116593,-0.120442046,-0.012585928,-0.159447222,0.0,0.8732281359,1.0896,0.0,0.0,0.0215526099,0.0525728205,0.0346273575,0.1028503807,-0.268174475,0.0359381318,0.0376341387,0.0,-0.03539823,0.3636437724,0.018790246,23576.929964,0.1557864819,,-0.752697478,-0.0983317319999999,-0.085953169,0.0715853267,-0.0128548769999999,0.5363621311,-0.042697893,,2.3658713182,-1.312295974,6.0,0.853704199,0.0,,,,0.0657253149,19.883233533,90.97260274,4.8509861213,0.0,0.0,-0.2369297939999999,0.0,0.2502288149,0.083803944,-0.399396237,0.7914387634000001,0.0165905027,-0.0104445359999999,-0.031441113,0.001804241,2.0,0.0154227346,0.0058680144,0.0299224958,-0.021778686,0.1034842994999999,0.1222309650999999,6.0,0.0167742579,1.7341282e-09,0.0342530571,0.0125718716999999,0.5787877503,0.1798681789,4.1397112e-07,73.0,
2007-09-28,27102489.565,0.6819258875,0.465022916,0.0456998209,14.10837278,0.0210114402999999,0.2017202264,0.0229511913,0.0366759281,0.0519866516,0.2763304295,-0.045806087,0.0426496574,0.0609583502,-0.06095835,5.0,-0.035809837,0.4240514811,-0.301264085,0.1673290107,30.205716407,0.0800686992,0.0670581311,-0.106511829,-0.013116593,-0.120442046,-0.012585928,-0.159447222,0.0,0.8732281359,1.0896,0.0,0.0,0.0215526099,0.0525728205,0.0346273575,0.1028503807,-0.268174475,0.0359381318,0.0376341387,0.0,-0.03539823,0.3636437724,0.018790246,23576.929964,0.1557864819,,-0.752697478,-0.0983317319999999,-0.085953169,0.0715853267,-0.0128548769999999,0.5363621311,-0.042697893,,2.3658713182,-1.312295974,6.0,0.853704199,0.0,,,,0.0657253149,19.883233533,90.97260274,4.8509861213,0.0,0.0,-0.2369297939999999,0.0,0.2502288149,0.083803944,-0.399396237,0.7914387634000001,0.0165905027,-0.0104445359999999,-0.031441113,0.001804241,2.0,0.0154227346,0.0058680144,0.0299224958,-0.021778686,0.1034842994999999,0.1222309650999999,6.0,0.0227787691,2.3369338e-09,0.0332666785,0.0145639255,0.4674936622,0.0904228798,4.294589000000001e-07,73.0,
2007-10-31,26853439.745,0.6890531243000001,0.4747942081,-0.022256047,13.997818441,0.0212248623,0.1622972283,-0.009215486,0.0301040902999999,0.0742617965,0.2144210305999999,-0.094009806,0.041183119,0.0609583502,-0.06095835,5.0,-0.035809837,0.4240514811,-0.203581286,0.1673290107,30.205716407,0.0800686992,0.0670581311,-0.106511829,-0.013116593,-0.120442046,-0.012585928,-0.159447222,0.0,0.8732281359,1.0896,0.0,0.0,0.0215526099,0.0525728205,0.0346273575,0.1028503807,-0.268174475,0.0359381318,0.0376341387,0.0,-0.03539823,0.3636437724,0.018790246,23576.929964,0.1557864819,,-0.752697478,-0.0983317319999999,-0.085953169,0.0715853267,-0.0128548769999999,0.5363621311,-0.042697893,,2.3658713182,-1.312295974,6.0,0.853704199,0.0,,,,0.0657253149,19.883233533,90.97260274,4.8509861213,0.0,0.0,-0.2369297939999999,0.0,0.2502288149,0.083803944,-0.399396237,0.6184573003,0.0174668131,-0.001100802,0.0059875806999999,0.0197185427,0.0,0.0103814822,0.0053051056,0.0199408453,0.0058276003,0.0929113391,0.1203426914,6.0,0.014762792,2.3725391e-09,0.0400195085,0.0138165637,0.3071331785,0.0487122868,7.9376101e-07,73.0,
2007-11-30,30273715.205,0.6840195983,0.4678828109,0.0067375219999999,13.565734932,0.0213478299,0.1480946455,0.1271165758,-0.037080528,0.0385904756,0.2445555478,-0.081766313,0.0369785515,0.0609583502,-0.06095835,5.0,-0.035809837,0.4240514811,-0.206226385,0.1673290107,30.205716407,0.0800686992,0.0670581311,-0.106511829,-0.013116593,-0.120442046,-0.012585928,-0.159447222,0.0,0.8732281359,1.0896,0.0,0.0,0.0215526099,0.0525728205,0.0346273575,0.1028503807,-0.268174475,0.0359381318,0.0376341387,0.0,-0.03539823,0.3636437724,0.018790246,23576.929964,0.1557864819,,-0.752697478,-0.0983317319999999,-0.085953169,0.0715853267,-0.0128548769999999,0.5363621311,-0.042697893,,2.3658713182,-1.312295974,6.0,0.853704199,0.0,,,,0.0657253149,19.883233533,90.97260274,4.8509861213,0.0,0.0,-0.2369297939999999,0.0,0.2502288149,0.083803944,-0.399396237,0.6184573003,0.0174668131,-0.001100802,0.0059875806999999,0.0197185427,0.0,0.0103814822,0.0053051056,0.0199408453,0.0058276003,0.0929113391,0.1203426914,6.0,0.0179282205,3.2104651e-09,0.0421589911,0.0165832351,0.4017101004,0.0582240538999999,5.0419585e-07,73.0,
2007-12-31,24936134.872,0.7714415609,0.5951220818,-0.074125229,13.948200665999998,0.0218716139,0.1409928821,-0.171498075,0.1218692098,0.1259034835,0.2832484864,-0.083393659,0.0408406328,0.0609583502,-0.06095835,5.0,-0.035809837,0.4240514811,-0.2094329589999999,0.1673290107,30.205716407,0.0800686992,0.0670581311,-0.106511829,-0.013116593,-0.120442046,-0.012585928,-0.159447222,0.0,0.8732281359,1.0896,0.0,0.0,0.0215526099,0.0525728205,0.0346273575,0.1028503807,-0.268174475,0.0359381318,0.0376341387,0.0,-0.03539823,0.3636437724,0.018790246,23576.929964,0.1557864819,,-0.752697478,-0.0983317319999999,-0.085953169,0.0715853267,-0.0128548769999999,0.5363621311,-0.042697893,,2.3658713182,-1.312295974,6.0,0.853704199,0.0,,,,0.0657253149,19.883233533,90.97260274,4.8509861213,0.0,0.0,-0.2369297939999999,0.0,0.2502288149,0.083803944,-0.399396237,0.6184573003,0.0174668131,-0.001100802,0.0059875806999999,0.0197185427,0.0,0.0103814822,0.0053051056,0.0199408453,0.0058276003,0.0929113391,0.1203426914,6.0,0.0255749675,3.469331e-09,0.0551138818,0.0259408343999999,0.2478879254,0.0778299436,3.7293176e-07,73.0,
2008-01-31,26117245.5,0.7958200725,0.6333295877,0.0033403527,14.146563318,0.0223082033999999,0.0199000589,0.047288619,-0.040173582,-0.038373974,0.2271623069,-0.1312993519999999,0.0502755285,0.0609583502,-0.06095835,5.0,-0.035809837,0.4240514811,-0.211114613,0.1673290107,30.205716407,0.0800686992,0.0670581311,-0.106511829,-0.013116593,-0.120442046,-0.012585928,-0.159447222,0.0,0.8732281359,1.0896,0.0,0.0,0.0215526099,0.0525728205,0.0346273575,0.1028503807,-0.268174475,0.0359381318,0.0376341387,0.0,-0.03539823,0.3636437724,0.018790246,23576.929964,0.1557864819,,-0.752697478,-0.0983317319999999,-0.085953169,0.0715853267,-0.0128548769999999,0.5363621311,-0.042697893,,2.3658713182,-1.312295974,6.0,0.853704199,0.0,,,,0.0657253149,19.883233533,90.97260274,4.8509861213,0.0,0.0,-0.2369297939999999,0.0,0.2502288149,0.083803944,-0.399396237,0.115446845,0.0210736579,-0.000624025,0.0284731933,-0.031055742,1.0,0.0130751572,0.0050113863,0.0249286394,0.0067692161,0.071586925,0.0948153849,6.0,0.0221322372,2.0145031e-09,0.0368639193,0.0158710126,0.5255814249,0.1574206377999999,3.8508432e-07,73.0,
2008-02-29,22704125.405,0.7309339673,0.5342644646,-0.136346755,14.209917247,0.0221006806,-0.0065803719999999,-0.127852738,-0.008796413,-0.007981398,0.2911875991,0.0039309715,0.0634611833,0.0609583502,-0.06095835,5.0,-0.035809837,0.4240514811,-0.2166415,0.1673290107,30.205716407,0.0800686992,0.0670581311,-0.106511829,-0.013116593,-0.120442046,-0.012585928,-0.159447222,0.0,0.8732281359,1.0896,0.0,0.0,0.0215526099,0.0525728205,0.0346273575,0.1028503807,-0.268174475,0.0359381318,0.0376341387,0.0,-0.03539823,0.3636437724,0.018790246,23576.929964,0.1557864819,,-0.752697478,-0.0983317319999999,-0.085953169,0.0715853267,-0.0128548769999999,0.5363621311,-0.042697893,,2.3658713182,-1.312295974,6.0,0.853704199,0.0,,,,0.0657253149,19.883233533,90.97260274,4.8509861213,0.0,0.0,-0.2369297939999999,0.0,0.2502288149,0.083803944,-0.399396237,0.115446845,0.0210736579,-0.000624025,0.0284731933,-0.031055742,1.0,0.0130751572,0.0050113863,0.0249286394,0.0067692161,0.071586925,0.0948153849,6.0,0.0332411694,2.2001068e-09,0.0633802712,0.0218231449,0.2617704882,0.0989948555,2.6995679e-07,73.0,
2008-03-31,21257068.312,0.8302272626,0.6892773076,-0.262945531,14.379376185999998,0.0233164591,-0.114476125,-0.05627463,-0.154920096,-0.103819065,0.241790435,-0.038936417,0.0631426008,0.0609583502,-0.06095835,5.0,-0.035809837,0.4240514811,-0.217473006,0.1673290107,30.205716407,0.0800686992,0.0670581311,-0.106511829,-0.013116593,-0.120442046,-0.012585928,-0.159447222,0.0,0.8732281359,1.0896,0.0,0.0,0.0215526099,0.0525728205,0.0346273575,0.1028503807,-0.268174475,0.0359381318,0.0376341387,0.0,-0.03539823,0.3636437724,0.018790246,23576.929964,0.1557864819,,-0.752697478,-0.0983317319999999,-0.085953169,0.0715853267,-0.0128548769999999,0.5363621311,-0.042697893,,2.3658713182,-1.312295974,6.0,0.853704199,0.0,,,,0.0657253149,19.883233533,90.97260274,4.8509861213,0.0,0.0,-0.2369297939999999,0.0,0.2502288149,0.083803944,-0.399396237,0.115446845,0.0210736579,-0.000624025,0.0284731933,-0.031055742,1.0,0.0130751572,0.0050113863,0.0249286394,0.0067692161,0.071586925,0.0948153849,6.0,0.024182232,2.9000440000000007e-09,0.0346088782,0.0221884423,0.3406233335,0.1019378461999999,3.972551e-07,73.0,
2008-04-30,21423657.42,0.8486155448,0.7201483428000001,-0.209379457,13.97283227,0.0238026718,-0.147004429,0.0078147976,-0.19505873,-0.178467941,0.3029282281,-0.064028107,0.0811803104999999,0.0609583502,-0.06095835,5.0,-0.035809837,0.4240514811,-0.224000607,0.1673290107,30.205716407,0.0800686992,0.0670581311,-0.106511829,-0.013116593,-0.120442046,-0.012585928,-0.159447222,0.0,0.8732281359,1.0896,0.0,0.0,0.0215526099,0.0525728205,0.0346273575,0.1028503807,-0.268174475,0.0359381318,0.0376341387,0.0,-0.03539823,0.3636437724,0.018790246,23576.929964,0.1557864819,,-0.752697478,-0.0983317319999999,-0.085953169,0.0715853267,-0.0128548769999999,0.5363621311,-0.042697893,,2.3658713182,-1.312295974,6.0,0.853704199,0.0,,,,0.0657253149,19.883233533,90.97260274,4.8509861213,0.0,0.0,-0.2369297939999999,0.0,0.2502288149,0.083803944,-0.399396237,0.1104672219999999,0.3252901648999999,-0.000505663,0.0340711172,0.0561410912,2.0,0.0156803995,0.0049870521,0.0291577677,0.0070288647,0.1998951786,0.2214791173,6.0,0.0404571612999999,2.2386439e-09,0.0600981787,0.03111749,0.5774845272,0.3408367059,1.9596637000000001e-07,73.0,
2008-05-30,24076783.023,0.7636431473999999,0.5831508566,-0.271402185,14.687386617,0.0258467916,-0.186923027,0.1308520734,-0.280259256,-0.218849178,0.3926836377,-0.046081683,0.082441489,0.0609583502,-0.06095835,5.0,-0.035809837,0.4240514811,-0.22955293,0.1673290107,30.205716407,0.0800686992,0.0670581311,-0.106511829,-0.013116593,-0.120442046,-0.012585928,-0.159447222,0.0,0.8732281359,1.0896,0.0,0.0,0.0215526099,0.0525728205,0.0346273575,0.1028503807,-0.268174475,0.0359381318,0.0376341387,0.0,-0.03539823,0.3636437724,0.018790246,23576.929964,0.1557864819,,-0.752697478,-0.0983317319999999,-0.085953169,0.0715853267,-0.0128548769999999,0.5363621311,-0.042697893,,2.3658713182,-1.312295974,6.0,0.853704199,0.0,,,,0.0657253149,19.883233533,90.97260274,4.8509861213,0.0,0.0,-0.2369297939999999,0.0,0.2502288149,0.083803944,-0.399396237,0.1104672219999999,0.3252901648999999,-0.000505663,0.0340711172,0.0561410912,2.0,0.0156803995,0.0049870521,0.0291577677,0.0070288647,0.1998951786,0.2214791173,6.0,0.0353491493,2.3504856e-09,0.052348569,0.0238655512,0.4588338286,0.1599078892,2.446541e-07,73.0,
2008-06-30,23414660.511,0.7420331557,0.5506132040999999,0.025495201,14.484887,0.0276125661,-0.190770558,-0.027925514,-0.0175999739999999,-0.086887862,0.3085374123,0.009623307,0.0858042028999999,0.0609583502,-0.06095835,5.0,-0.035809837,0.4240514811,-0.234616082,0.1673290107,30.205716407,0.0800686992,0.0670581311,-0.106511829,-0.013116593,-0.120442046,-0.012585928,-0.159447222,0.0,0.8732281359,1.0896,0.0,0.0,0.0215526099,0.0525728205,0.0346273575,0.1028503807,-0.268174475,0.0359381318,0.0376341387,0.0,-0.03539823,0.3636437724,0.018790246,23576.929964,0.1557864819,,-0.752697478,-0.0983317319999999,-0.085953169,0.0715853267,-0.0128548769999999,0.5363621311,-0.042697893,,2.3658713182,-1.312295974,6.0,0.853704199,0.0,,,,0.0657253149,19.883233533,90.97260274,4.8509861213,0.0,0.0,-0.2369297939999999,0.0,0.2502288149,0.083803944,-0.399396237,0.1104672219999999,0.3252901648999999,-0.000505663,0.0340711172,0.0561410912,2.0,0.0156803995,0.0049870521,0.0291577677,0.0070288647,0.1998951786,0.2214791173,6.0,0.0273213649,2.1654902e-09,0.0269744508,0.0140338803,0.6584788839,0.2104303087,3.1711461e-07,73.0,
2008-07-31,20675121.078,0.7527964881,0.5667025525,-0.202142125,14.245747572,0.0276536668,-0.170487093,-0.119288668,-0.08815394,-0.083398404,0.2762017289,-0.03399148,0.0649481396,0.0335172125,-0.033517212,6.0,-0.13406517,0.5484881627,-0.175681998,0.1924805669,0.9949756236,0.0697754867,0.0309220521,0.0184833206,-0.002738755,-0.184491022,-0.003398273,-0.095714526,0.0,2.9879592467,0.9904240766,0.0,0.0,0.0243599441,0.2979461961,0.0421111968,0.1100735148,-0.052959502,-0.1182412769999999,0.0387557636,0.0,0.0039241009,0.355793506,-0.040513936,22716.626722,0.1378010471,,1754.246309,2.4217395477,-0.091020488,0.0099245527,2.4999936163,1.0986297244,-0.044540473,,,-0.656934307,5.0,2.9879592467,0.0,,,,0.0828954283,0.9731892757,,4.6619808307,0.0,0.0,0.0986297244,0.0,0.2803314708,0.3945100959,-0.856627589,0.1104672219999999,0.3252901648999999,-0.000505663,0.0340711172,0.0561410912,2.0,0.0156803995,0.0049870521,0.0291577677,0.0070288647,0.1998951786,0.2214791173,4.0,0.026035065,3.7118845e-09,0.0516605265,0.022269103,0.4695681904,0.1374875375,4.2859798e-07,73.0,
2008-08-29,20702392.296,0.7711220252,0.5946291777,0.0574686913999999,13.818032692,0.0276694072,-0.203611783,0.0012426504,-0.079200047,-0.203991006,0.2456896448,-0.011857768,0.061303475,0.0335172125,-0.033517212,6.0,-0.13406517,0.5484881627,-0.182134099,0.1924805669,0.9949756236,0.0697754867,0.0309220521,0.0184833206,-0.002738755,-0.184491022,-0.003398273,-0.095714526,0.0,2.9879592467,0.9904240766,0.0,0.0,0.0243599441,0.2979461961,0.0421111968,0.1100735148,-0.052959502,-0.1182412769999999,0.0387557636,0.0,0.0039241009,0.355793506,-0.040513936,22716.626722,0.1378010471,,1754.246309,2.4217395477,-0.091020488,0.0099245527,2.4999936163,1.0986297244,-0.044540473,,,-0.656934307,5.0,2.9879592467,0.0,,,,0.0828954283,0.9731892757,,4.6619808307,0.0,0.0,0.0986297244,0.0,0.2803314708,0.3945100959,-0.856627589,-0.1054323,0.3283693224,0.0040731173999999,0.0403320819,-0.007803449,0.0,0.0135701196,0.0044145894,0.0228945819,0.0070313403,0.2415589805,0.2543253874,4.0,0.0371162327,2.9566701e-09,0.0552868135,0.0239385682,0.4606081337,0.1603535194999999,2.8405292e-07,73.0,
2008-09-30,21603875.114,0.8047871016,0.6476822789,0.2282738564,14.186559609,0.027935502,-0.203614204,0.0500319413999999,-0.0230800029999999,-0.2208834969999999,0.1875592335,-0.0652316709999999,0.0614433276,0.0335172125,-0.033517212,6.0,-0.13406517,0.5484881627,-0.184337654,0.1924805669,0.9949756236,0.0697754867,0.0309220521,0.0184833206,-0.002738755,-0.184491022,-0.003398273,-0.095714526,0.0,2.9879592467,0.9904240766,0.0,0.0,0.0243599441,0.2979461961,0.0421111968,0.1100735148,-0.052959502,-0.1182412769999999,0.0387557636,0.0,0.0039241009,0.355793506,-0.040513936,22716.626722,0.1378010471,,1754.246309,2.4217395477,-0.091020488,0.0099245527,2.4999936163,1.0986297244,-0.044540473,,,-0.656934307,5.0,2.9879592467,0.0,,,,0.0828954283,0.9731892757,,4.6619808307,0.0,0.0,0.0986297244,0.0,0.2803314708,0.3945100959,-0.856627589,-0.1054323,0.3283693224,0.0040731173999999,0.0403320819,-0.007803449,0.0,0.0135701196,0.0044145894,0.0228945819,0.0070313403,0.2415589805,0.2543253874,4.0,0.0325117353,2.8760004e-09,0.0586239286,0.0246433131,0.4309265757,0.1308686914,3.1605409000000004e-07,73.0,
2008-10-31,17523784.104000002,0.8259722278,0.6822301211,0.0143655098,14.168632259,0.0286933867,-0.207158031,-0.18887563,0.0178429643,-0.174293498,0.1690870342,-0.058677685,0.0839266286999999,0.0335172125,-0.033517212,6.0,-0.13406517,0.5484881627,-0.21092316,0.1924805669,0.9949756236,0.0697754867,0.0309220521,0.0184833206,-0.002738755,-0.184491022,-0.003398273,-0.095714526,0.0,2.9879592467,0.9904240766,0.0,0.0,0.0243599441,0.2979461961,0.0421111968,0.1100735148,-0.052959502,-0.1182412769999999,0.0387557636,0.0,0.0039241009,0.355793506,-0.040513936,22716.626722,0.1378010471,,1754.246309,2.4217395477,-0.091020488,0.0099245527,2.4999936163,1.0986297244,-0.044540473,,,-0.656934307,5.0,2.9879592467,0.0,,,,0.0828954283,0.9731892757,,4.6619808307,0.0,0.0,0.0986297244,0.0,0.2803314708,0.3945100959,-0.856627589,-0.1054323,0.3283693224,0.0040731173999999,0.0403320819,-0.007803449,0.0,0.0135701196,0.0044145894,0.0228945819,0.0070313403,0.2415589805,0.2543253874,4.0,0.0543073198,2.8813599e-09,0.0863473341,0.0466849955999999,0.3954307434,0.2469830442,1.7904888e-07,73.0,
2008-11-28,15114568.785,0.9030558633,0.8155098922,-0.185318878,14.527945853,0.0290341844,-0.330494571,-0.1389805969999999,-0.269933485,-0.405784033,0.4520218854,-0.018463201,0.1054941164,0.0335172125,-0.033517212,6.0,-0.13406517,0.5484881627,-0.1833455839999999,0.1924805669,0.9949756236,0.0697754867,0.0309220521,0.0184833206,-0.002738755,-0.184491022,-0.003398273,-0.095714526,0.0,2.9879592467,0.9904240766,0.0,0.0,0.0243599441,0.2979461961,0.0421111968,0.1100735148,-0.052959502,-0.1182412769999999,0.0387557636,0.0,0.0039241009,0.355793506,-0.040513936,22716.626722,0.1378010471,,1754.246309,2.4217395477,-0.091020488,0.0099245527,2.4999936163,1.0986297244,-0.044540473,,,-0.656934307,5.0,2.9879592467,0.0,,,,0.0828954283,0.9731892757,,4.6619808307,0.0,0.0,0.0986297244,0.0,0.2803314708,0.3945100959,-0.856627589,0.4021749063,0.3763774386,0.0032438366999999,-0.040389794,0.0230645314,0.0,0.0084534186,0.0036933585999999,0.0142215017,0.008007453,0.2417049123,0.2530381923,4.0,0.08202119,5.0176032e-09,0.0826365128,0.0463872094,0.3595010835,0.2052380599,1.4098803e-07,73.0,
2008-12-31,15932510.373,0.9702898881,0.941462467,-0.266168713,14.526404273,0.029941116,-0.4267394679999999,0.065161854,-0.35334026,-0.382461934,0.1561326727,0.0467997575,0.1287751163,0.0335172125,-0.033517212,6.0,-0.13406517,0.5484881627,-0.183991209,0.1924805669,0.9949756236,0.0697754867,0.0309220521,0.0184833206,-0.002738755,-0.184491022,-0.003398273,-0.095714526,0.0,2.9879592467,0.9904240766,0.0,0.0,0.0243599441,0.2979461961,0.0421111968,0.1100735148,-0.052959502,-0.1182412769999999,0.0387557636,0.0,0.0039241009,0.355793506,-0.040513936,22716.626722,0.1378010471,,1754.246309,2.4217395477,-0.091020488,0.0099245527,2.4999936163,1.0986297244,-0.044540473,,,-0.656934307,5.0,2.9879592467,0.0,,,,0.0828954283,0.9731892757,,4.6619808307,0.0,0.0,0.0986297244,0.0,0.2803314708,0.3945100959,-0.856627589,0.4021749063,0.3763774386,0.0032438366999999,-0.040389794,0.0230645314,0.0,0.0084534186,0.0036933585999999,0.0142215017,0.008007453,0.2417049123,0.2530381923,4.0,0.0658623923,4.3739517e-09,0.1458742321,0.0597147425,0.4207686126,0.3010475433,1.6971032e-07,73.0,
2009-01-30,18774144.704,0.9731706517,0.9470611173,0.1184297374,14.585996634,0.0314868978,-0.485338269,0.1782538295,-0.217907999,-0.371922907,0.2325011863,0.0416578637,0.1458683541,0.0335172125,-0.033517212,6.0,-0.13406517,0.5484881627,-0.181961091,0.1924805669,0.9949756236,0.0697754867,0.0309220521,0.0184833206,-0.002738755,-0.184491022,-0.003398273,-0.095714526,0.0,2.9879592467,0.9904240766,0.0,0.0,0.0243599441,0.2979461961,0.0421111968,0.1100735148,-0.052959502,-0.1182412769999999,0.0387557636,0.0,0.0039241009,0.355793506,-0.040513936,22716.626722,0.1378010471,,1754.246309,2.4217395477,-0.091020488,0.0099245527,2.4999936163,1.0986297244,-0.044540473,,,-0.656934307,5.0,2.9879592467,0.0,,,,0.0828954283,0.9731892757,,4.6619808307,0.0,0.0,0.0986297244,0.0,0.2803314708,0.3945100959,-0.856627589,0.4021749063,0.3763774386,0.0032438366999999,-0.040389794,0.0230645314,0.0,0.0084534186,0.0036933585999999,0.0142215017,0.008007453,0.2417049123,0.2530381923,4.0,0.0494263657,1.6760922e-09,0.0533024743,0.0241374666,0.6837855378000001,0.5190548548,1.1785260000000001e-07,73.0,
2009-02-27,15757061.545999998,0.9842003515,0.9686503319,-0.151873483,14.968507541,0.0337112156,-0.413474894,-0.163293317,-0.079640789,-0.151480177,0.0362863957,-0.004303354,0.152354132,0.0335172125,-0.033517212,6.0,-0.13406517,0.5484881627,-0.18256721,0.1924805669,0.9949756236,0.0697754867,0.0309220521,0.0184833206,-0.002738755,-0.184491022,-0.003398273,-0.095714526,0.0,2.9879592467,0.9904240766,0.0,0.0,0.0243599441,0.2979461961,0.0421111968,0.1100735148,-0.052959502,-0.1182412769999999,0.0387557636,0.0,0.0039241009,0.355793506,-0.040513936,22716.626722,0.1378010471,,1754.246309,2.4217395477,-0.091020488,0.0099245527,2.4999936163,1.0986297244,-0.044540473,,,-0.656934307,5.0,2.9879592467,0.0,,,,0.0828954283,0.9731892757,,4.6619808307,0.0,0.0,0.0986297244,0.0,0.2803314708,0.3945100959,-0.856627589,0.3701441177,0.0208564631,-0.0012484389999999,0.313872315,0.0150131592999999,0.0,0.0073055261,0.0038684953,0.0130276564999999,0.0499580282,0.2452391964,0.2534860535,4.0,0.0427651537,2.3528556e-09,0.0484342314,0.0328840783999999,0.3855213294,0.3073458154,1.4178512e-07,73.0,
2009-03-31,15975917.556,0.9579515119,0.9176710992,-0.282496136,14.70086929,0.0355160325,-0.4220958379999999,0.0135301324,-0.266621641,-0.247702532,-0.0871434419999999,-0.00612385,0.1586379851,0.0335172125,-0.033517212,6.0,-0.13406517,0.5484881627,-0.183999491,0.1924805669,0.9949756236,0.0697754867,0.0309220521,0.0184833206,-0.002738755,-0.184491022,-0.003398273,-0.095714526,0.0,2.9879592467,0.9904240766,0.0,0.0,0.0243599441,0.2979461961,0.0421111968,0.1100735148,-0.052959502,-0.1182412769999999,0.0387557636,0.0,0.0039241009,0.355793506,-0.040513936,22716.626722,0.1378010471,,1754.246309,2.4217395477,-0.091020488,0.0099245527,2.4999936163,1.0986297244,-0.044540473,,,-0.656934307,5.0,2.9879592467,0.0,,,,0.0828954283,0.9731892757,,4.6619808307,0.0,0.0,0.0986297244,0.0,0.2803314708,0.3945100959,-0.856627589,0.3701441177,0.0208564631,-0.0012484389999999,0.313872315,0.0150131592999999,0.0,0.0073055261,0.0038684953,0.0130276564999999,0.0499580282,0.2452391964,0.2534860535,4.0,0.0418250304,2.2909875e-09,0.115589045,0.0403279977,0.4456105969,0.4360437417,1.4921399e-07,73.0,
2009-04-30,16411722.657,0.9530495381,0.908303422,0.12563266,14.7175135,0.0362243696,-0.4371483439999999,0.0380258858,-0.083616405,-0.24343624,-0.058585922,0.0123665484,0.1498779687,0.0335172125,-0.033517212,6.0,-0.13406517,0.5484881627,-0.182586162,0.1924805669,0.9949756236,0.0697754867,0.0309220521,0.0184833206,-0.002738755,-0.184491022,-0.003398273,-0.095714526,0.0,2.9879592467,0.9904240766,0.0,0.0,0.0243599441,0.2979461961,0.0421111968,0.1100735148,-0.052959502,-0.1182412769999999,0.0387557636,0.0,0.0039241009,0.355793506,-0.040513936,22716.626722,0.1378010471,,1754.246309,2.4217395477,-0.091020488,0.0099245527,2.4999936163,1.0986297244,-0.044540473,,,-0.656934307,5.0,2.9879592467,0.0,,,,0.0828954283,0.9731892757,,4.6619808307,0.0,0.0,0.0986297244,0.0,0.2803314708,0.3945100959,-0.856627589,0.3701441177,0.0208564631,-0.0012484389999999,0.313872315,0.0150131592999999,0.0,0.0073055261,0.0038684953,0.0130276564999999,0.0499580282,0.2452391964,0.2534860535,4.0,0.036685106,2.4891858e-09,0.0799640938999999,0.0318974582,0.2722408663,0.1656503544,1.3987955e-07,73.0,
2009-05-29,18397110.057,0.8941738063,0.7995467958,0.6089344856000001,14.662221853,0.0369336638,-0.403115135,0.1201734169999999,0.1047717272,-0.3055389069999999,-0.003421221,0.0075949643999999,0.1408287174,0.0335172125,-0.033517212,6.0,-0.13406517,0.5484881627,-0.1850722119999999,0.1924805669,0.9949756236,0.0697754867,0.0309220521,0.0184833206,-0.002738755,-0.184491022,-0.003398273,-0.095714526,0.0,2.9879592467,0.9904240766,0.0,0.0,0.0243599441,0.2979461961,0.0421111968,0.1100735148,-0.052959502,-0.1182412769999999,0.0387557636,0.0,0.0039241009,0.355793506,-0.040513936,22716.626722,0.1378010471,,1754.246309,2.4217395477,-0.091020488,0.0099245527,2.4999936163,1.0986297244,-0.044540473,,,-0.656934307,5.0,2.9879592467,0.0,,,,0.0828954283,0.9731892757,,4.6619808307,0.0,0.0,0.0986297244,0.0,0.2803314708,0.3945100959,-0.856627589,0.4586695064,0.0272374619,0.0034907059999999,-0.17736522,0.0741663784999999,1.0,0.0103621464,0.0036442248,0.0180928644,0.0683777838,0.2458221426,0.2543504377,4.0,0.0298304658,1.9437224e-09,0.0525307058999999,0.0246073910999999,0.2930169296,0.1816567819,1.6442475e-07,73.0,
2009-06-30,19849099.941,0.8952544151,0.8014804678,0.5756061015,14.661126465,0.0371608931,-0.348179534,0.0882870033,0.1618289897,-0.199735343,-0.079896113,0.0353011019,0.1273364504,0.0335172125,-0.033517212,6.0,-0.13406517,0.5484881627,-0.1865377319999999,0.1924805669,0.9949756236,0.0697754867,0.0309220521,0.0184833206,-0.002738755,-0.184491022,-0.003398273,-0.095714526,0.0,2.9879592467,0.9904240766,0.0,0.0,0.0243599441,0.2979461961,0.0421111968,0.1100735148,-0.052959502,-0.1182412769999999,0.0387557636,0.0,0.0039241009,0.355793506,-0.040513936,22716.626722,0.1378010471,,1754.246309,2.4217395477,-0.091020488,0.0099245527,2.4999936163,1.0986297244,-0.044540473,,,-0.656934307,5.0,2.9879592467,0.0,,,,0.0828954283,0.9731892757,,4.6619808307,0.0,0.0,0.0986297244,0.0,0.2803314708,0.3945100959,-0.856627589,0.4586695064,0.0272374619,0.0034907059999999,-0.17736522,0.0741663784999999,1.0,0.0103621464,0.0036442248,0.0180928644,0.0683777838,0.2458221426,0.2543504377,4.0,0.0370670066,2.0449704e-09,0.0739571899,0.0292764593,0.3184114456,0.1643713032,1.9259992e-07,73.0,
2009-07-31,18975381.584000003,0.8948207489,0.8007041726,0.1043626749,14.627958737,0.037396634,-0.226970087,-0.044031322,0.0731162997,-0.011120223,-0.120652686,0.0442762805999999,0.1191976753,0.0460824795,-0.046082479,7.0,-0.577679471,1.202025464,-0.482358397,0.211067698,-6.029647741000001,0.1144927396,0.1018053746,0.0266774523,0.2952826363,-0.201280761,0.0,-0.353550861,0.0,0.8000435634999999,0.7987138264,0.0,0.0,0.032801071,0.4869623356,0.0582623321999999,0.1505409312,1.0,0.662554587,0.0400977124,0.0,0.0493189084999999,0.6561043555,0.7086393089,21810.819997,0.1351087872,,0.1204970358,-0.732244151,-0.1935638019999999,-0.053585071,-0.732244151,,0.4671976592,,,-0.965124555,4.0,0.8000435634999999,0.0,,,,0.0498614167,13.920332937,,6.576966292100001,0.0051214516,1.0,0.6045778509,0.0,0.4854641442,0.0817774847,-0.7651461559999999,0.4586695064,0.0272374619,0.0034907059999999,-0.17736522,0.0741663784999999,1.0,0.0103621464,0.0036442248,0.0180928644,0.0683777838,0.2458221426,0.2543504377,5.0,0.0250341724,1.5983146e-09,0.0224287341999999,0.0145861508,0.6111389133,0.4829004099,1.6912741e-07,73.0,
2009-08-31,20999560.248,0.8969439052,0.8045083691,0.5865185127,14.618021332,0.037300819,-0.178399022,0.1064483449,0.2260755067,-0.0558351729999999,-0.139879526,0.0519376799,0.0993711603999999,0.0460824795,-0.046082479,7.0,-0.577679471,1.202025464,-0.5133019560000001,0.211067698,-6.029647741000001,0.1144927396,0.1018053746,0.0266774523,0.2952826363,-0.201280761,0.0,-0.353550861,0.0,0.8000435634999999,0.7987138264,0.0,0.0,0.032801071,0.4869623356,0.0582623321999999,0.1505409312,1.0,0.662554587,0.0400977124,0.0,0.0493189084999999,0.6561043555,0.7086393089,21810.819997,0.1351087872,,0.1204970358,-0.732244151,-0.1935638019999999,-0.053585071,-0.732244151,,0.4671976592,,,-0.965124555,4.0,0.8000435634999999,0.0,,,,0.0498614167,13.920332937,,6.576966292100001,0.0051214516,1.0,0.6045778509,0.0,0.4854641442,0.0817774847,-0.7651461559999999,1.5624153439,0.0233481399,0.0033288072999999,-0.074243085,0.089907893,2.0,0.0177611527,0.0037443929,0.0319270807,0.057184168,0.2457970834,0.2556623551,5.0,0.0222770502999999,2.6291628e-09,0.0354343764,0.0184644112,0.2586782367,0.0721050464,2.9596274e-07,73.0,
2009-09-30,20658564.835,0.9059584857,0.8207607777,0.5844473603,14.159623135,0.0369786133,-0.13837226,-0.008017296,0.3384794115,-0.005106827,-0.119620227,0.0572363425,0.0771382759,0.0460824795,-0.046082479,7.0,-0.577679471,1.202025464,-0.51378592,0.211067698,-6.029647741000001,0.1144927396,0.1018053746,0.0266774523,0.2952826363,-0.201280761,0.0,-0.353550861,0.0,0.8000435634999999,0.7987138264,0.0,0.0,0.032801071,0.4869623356,0.0582623321999999,0.1505409312,1.0,0.662554587,0.0400977124,0.0,0.0493189084999999,0.6561043555,0.7086393089,21810.819997,0.1351087872,,0.1204970358,-0.732244151,-0.1935638019999999,-0.053585071,-0.732244151,,0.4671976592,,,-0.965124555,4.0,0.8000435634999999,0.0,,,,0.0498614167,13.920332937,,6.576966292100001,0.0051214516,1.0,0.6045778509,0.0,0.4854641442,0.0817774847,-0.7651461559999999,1.5624153439,0.0233481399,0.0033288072999999,-0.074243085,0.089907893,2.0,0.0177611527,0.0037443929,0.0319270807,0.057184168,0.2457970834,0.2556623551,5.0,0.0223916612999999,1.0260096e-09,0.0476480611,0.0156748141999999,0.4983539065999999,0.3025349784,1.8677107e-07,73.0,
2009-10-30,27831141.107,0.9100711422,0.8282294839,0.3952641562,14.649917057,0.0370659023,0.0421556009999999,0.0526811033,0.2791091667,0.2167268755,-0.287142875,0.065501097,0.1187497110999999,0.0460824795,-0.046082479,7.0,-0.577679471,1.202025464,-0.344255455,0.211067698,-6.029647741000001,0.1144927396,0.1018053746,0.0266774523,0.2952826363,-0.201280761,0.0,-0.353550861,0.0,0.8000435634999999,0.7987138264,0.0,0.0,0.032801071,0.4869623356,0.0582623321999999,0.1505409312,1.0,0.662554587,0.0400977124,0.0,0.0493189084999999,0.6561043555,0.7086393089,21810.819997,0.1351087872,,0.1204970358,-0.732244151,-0.1935638019999999,-0.053585071,-0.732244151,,0.4671976592,,,-0.965124555,4.0,0.8000435634999999,0.0,,,,0.0498614167,13.920332937,,6.576966292100001,0.0051214516,1.0,0.6045778509,0.0,0.4854641442,0.0817774847,-0.7651461559999999,1.5624153439,0.0233481399,0.0033288072999999,-0.074243085,0.089907893,2.0,0.0177611527,0.0037443929,0.0319270807,0.057184168,0.2457970834,0.2556623551,5.0,0.0302193502,7.040824e-10,0.0841424093,0.0245771757,0.7078198542,1.3416622381,8.633671099999998e-08,73.0,
2009-11-30,26244021.434,0.9180981375,0.8429041902,-0.10424464,15.612498784,0.0370234833,0.4840835159,-0.057193927,0.2020407095,0.4875685561,-0.401077777,0.0634997653,0.144035854,0.0460824795,-0.046082479,7.0,-0.577679471,1.202025464,-0.346162518,0.211067698,-6.029647741000001,0.1144927396,0.1018053746,0.0266774523,0.2952826363,-0.201280761,0.0,-0.353550861,0.0,0.8000435634999999,0.7987138264,0.0,0.0,0.032801071,0.4869623356,0.0582623321999999,0.1505409312,1.0,0.662554587,0.0400977124,0.0,0.0493189084999999,0.6561043555,0.7086393089,21810.819997,0.1351087872,,0.1204970358,-0.732244151,-0.1935638019999999,-0.053585071,-0.732244151,,0.4671976592,,,-0.965124555,4.0,0.8000435634999999,0.0,,,,0.0498614167,13.920332937,,6.576966292100001,0.0051214516,1.0,0.6045778509,0.0,0.4854641442,0.0817774847,-0.7651461559999999,0.0561111444,0.0364957115,0.0014284548,-0.115989632,-0.004464872,0.0,0.0051637978999999,0.0035107315999999,0.0092417768,0.0616724746,0.2465043997,0.2557833734,5.0,0.0275233321,1.0878215e-09,0.0226160716,0.0182367788,0.3564443408,0.2664860636,1.5479845999999998e-07,73.0,
2009-12-31,26301446.511,0.9104060062,0.8288390961,-0.211863357,15.030704126,0.0369162533,0.6809422286,0.010742479,0.0413533166,0.3166906632,-0.386416005,0.0663371247,0.1555516975,0.0460824795,-0.046082479,7.0,-0.577679471,1.202025464,-0.3397481479999999,0.211067698,-6.029647741000001,0.1144927396,0.1018053746,0.0266774523,0.2952826363,-0.201280761,0.0,-0.353550861,0.0,0.8000435634999999,0.7987138264,0.0,0.0,0.032801071,0.4869623356,0.0582623321999999,0.1505409312,1.0,0.662554587,0.0400977124,0.0,0.0493189084999999,0.6561043555,0.7086393089,21810.819997,0.1351087872,,0.1204970358,-0.732244151,-0.1935638019999999,-0.053585071,-0.732244151,,0.4671976592,,,-0.965124555,4.0,0.8000435634999999,0.0,,,,0.0498614167,13.920332937,,6.576966292100001,0.0051214516,1.0,0.6045778509,0.0,0.4854641442,0.0817774847,-0.7651461559999999,0.0561111444,0.0364957115,0.0014284548,-0.115989632,-0.004464872,0.0,0.0051637978999999,0.0035107315999999,0.0092417768,0.0616724746,0.2465043997,0.2557833734,5.0,0.0198734098,8.420922e-10,0.0209340267,0.012517476,0.4641671565999999,0.2145426430999999,1.7979610000000002e-07,73.0,
2010-01-29,26749343.25,0.909073043,0.8264137975,0.093903454,14.978378505,0.0370178456,0.6815031665000001,0.0170293581,0.1010193711999999,0.1294978652,-0.2547115219999999,0.0673730129,0.1092145742,0.0460824795,-0.046082479,7.0,-0.577679471,1.202025464,-0.336470622,0.211067698,-6.029647741000001,0.1144927396,0.1018053746,0.0266774523,0.2952826363,-0.201280761,0.0,-0.353550861,0.0,0.8000435634999999,0.7987138264,0.0,0.0,0.032801071,0.4869623356,0.0582623321999999,0.1505409312,1.0,0.662554587,0.0400977124,0.0,0.0493189084999999,0.6561043555,0.7086393089,21810.819997,0.1351087872,,0.1204970358,-0.732244151,-0.1935638019999999,-0.053585071,-0.732244151,,0.4671976592,,,-0.965124555,4.0,0.8000435634999999,0.0,,,,0.0498614167,13.920332937,,6.576966292100001,0.0051214516,1.0,0.6045778509,0.0,0.4854641442,0.0817774847,-0.7651461559999999,0.0561111444,0.0364957115,0.0014284548,-0.115989632,-0.004464872,0.0,0.0051637978999999,0.0035107315999999,0.0092417768,0.0616724746,0.2465043997,0.2557833734,5.0,0.0174532502,1.0387958e-09,0.0309050642,0.0129885872,0.5340932609000001,0.1443155841,2.5583952e-07,73.0,
2010-02-26,27697322.926,0.908423277,0.8252328501999999,-0.309089453,14.547504343,0.0370433968,0.8379691773000001,0.0350387916,0.0120391336,0.3729213738,-0.38575042,0.0697541017,0.0941120532,0.0460824795,-0.046082479,7.0,-0.577679471,1.202025464,-0.326902622,0.211067698,-6.029647741000001,0.1144927396,0.1018053746,0.0266774523,0.2952826363,-0.201280761,0.0,-0.353550861,0.0,0.8000435634999999,0.7987138264,0.0,0.0,0.032801071,0.4869623356,0.0582623321999999,0.1505409312,1.0,0.662554587,0.0400977124,0.0,0.0493189084999999,0.6561043555,0.7086393089,21810.819997,0.1351087872,,0.1204970358,-0.732244151,-0.1935638019999999,-0.053585071,-0.732244151,,0.4671976592,,,-0.965124555,4.0,0.8000435634999999,0.0,,,,0.0498614167,13.920332937,,6.576966292100001,0.0051214516,1.0,0.6045778509,0.0,0.4854641442,0.0817774847,-0.7651461559999999,1.3050643224,0.044260495,-0.000158604,0.0329508810999999,0.0485227723,1.0,0.0091312212,0.0034402878,0.0173109894,0.0067903821,0.2477368256,0.2563405314999999,5.0,0.020476084,1.0037109e-09,0.0327464119,0.0143803534,0.2647189581,0.1159474935,2.7682522e-07,73.0,
2010-03-31,28827497.2,0.9067666606,0.8222257769,-0.229075902,14.649731774,0.0372944447,0.933465451,0.040443331,0.0559657518,0.4020568647999999,-0.355136797,0.0649086196,0.0784583688999999,0.0460824795,-0.046082479,7.0,-0.577679471,1.202025464,-0.338936406,0.211067698,-6.029647741000001,0.1144927396,0.1018053746,0.0266774523,0.2952826363,-0.201280761,0.0,-0.353550861,0.0,0.8000435634999999,0.7987138264,0.0,0.0,0.032801071,0.4869623356,0.0582623321999999,0.1505409312,1.0,0.662554587,0.0400977124,0.0,0.0493189084999999,0.6561043555,0.7086393089,21810.819997,0.1351087872,,0.1204970358,-0.732244151,-0.1935638019999999,-0.053585071,-0.732244151,,0.4671976592,,,-0.965124555,4.0,0.8000435634999999,0.0,,,,0.0498614167,13.920332937,,6.576966292100001,0.0051214516,1.0,0.6045778509,0.0,0.4854641442,0.0817774847,-0.7651461559999999,1.3050643224,0.044260495,-0.000158604,0.0329508810999999,0.0485227723,1.0,0.0091312212,0.0034402878,0.0173109894,0.0067903821,0.2477368256,0.2563405314999999,5.0,0.0203076222,1.0781965e-09,0.0266990624,0.014113146,0.4040380239,0.1758365027,3.0848422e-07,73.0,
2010-04-30,30135424.467,0.9061557882,0.8211183125,-0.246908409,14.581476872,0.0374075687,0.8204442475,0.0535559952,0.0436897942999999,0.405322097,-0.3497820339999999,0.0741883182,0.0702304011,0.0460824795,-0.046082479,7.0,-0.577679471,1.202025464,-0.328713412,0.211067698,-6.029647741000001,0.1144927396,0.1018053746,0.0266774523,0.2952826363,-0.201280761,0.0,-0.353550861,0.0,0.8000435634999999,0.7987138264,0.0,0.0,0.032801071,0.4869623356,0.0582623321999999,0.1505409312,1.0,0.662554587,0.0400977124,0.0,0.0493189084999999,0.6561043555,0.7086393089,21810.819997,0.1351087872,,0.1204970358,-0.732244151,-0.1935638019999999,-0.053585071,-0.732244151,,0.4671976592,,,-0.965124555,4.0,0.8000435634999999,0.0,,,,0.0498614167,13.920332937,,6.576966292100001,0.0051214516,1.0,0.6045778509,0.0,0.4854641442,0.0817774847,-0.7651461559999999,1.3050643224,0.044260495,-0.000158604,0.0329508810999999,0.0485227723,1.0,0.0091312212,0.0034402878,0.0173109894,0.0067903821,0.2477368256,0.2563405314999999,5.0,0.0162957587999999,1.0912072e-09,0.0167316925,0.0097621419,0.2505969112,0.06313802,3.5781667e-07,73.0,
2010-05-28,29811616.487,0.9047921264,0.8186487921,0.0195048764,14.286622177,0.0371679298,0.6212618216,-0.011570198,0.1662903666,0.3217467028,-0.312814678,0.0778622231,0.0623237074,0.0460824795,-0.046082479,7.0,-0.577679471,1.202025464,-0.328640296,0.211067698,-6.029647741000001,0.1144927396,0.1018053746,0.0266774523,0.2952826363,-0.201280761,0.0,-0.353550861,0.0,0.8000435634999999,0.7987138264,0.0,0.0,0.032801071,0.4869623356,0.0582623321999999,0.1505409312,1.0,0.662554587,0.0400977124,0.0,0.0493189084999999,0.6561043555,0.7086393089,21810.819997,0.1351087872,,0.1204970358,-0.732244151,-0.1935638019999999,-0.053585071,-0.732244151,,0.4671976592,,,-0.965124555,4.0,0.8000435634999999,0.0,,,,0.0498614167,13.920332937,,6.576966292100001,0.0051214516,1.0,0.6045778509,0.0,0.4854641442,0.0817774847,-0.7651461559999999,0.7078068592,0.0522251859999999,-0.009476309,-0.0056570219999999,0.0116935262999999,0.0,0.0042514852,0.0037225452,0.0079269253,-0.004201952,0.247825153,0.2588074777,5.0,0.0150572369,1.1827391e-09,0.0225501508,0.0119392667,0.3805525675,0.1110750116,3.5059915e-07,73.0,
2010-06-30,29346954.271,0.9023344566,0.8142074716,0.0791032995,14.386528574000002,0.037054062,0.5716974654,-0.0078037819999999,0.1405438879,0.2004681011,-0.2269621819999999,0.0690845348,0.083492248,0.0460824795,-0.046082479,7.0,-0.577679471,1.202025464,-0.331420167,0.211067698,-6.029647741000001,0.1144927396,0.1018053746,0.0266774523,0.2952826363,-0.201280761,0.0,-0.353550861,0.0,0.8000435634999999,0.7987138264,0.0,0.0,0.032801071,0.4869623356,0.0582623321999999,0.1505409312,1.0,0.662554587,0.0400977124,0.0,0.0493189084999999,0.6561043555,0.7086393089,21810.819997,0.1351087872,,0.1204970358,-0.732244151,-0.1935638019999999,-0.053585071,-0.732244151,,0.4671976592,,,-0.965124555,4.0,0.8000435634999999,0.0,,,,0.0498614167,13.920332937,,6.576966292100001,0.0051214516,1.0,0.6045778509,0.0,0.4854641442,0.0817774847,-0.7651461559999999,0.7078068592,0.0522251859999999,-0.009476309,-0.0056570219999999,0.0116935262999999,0.0,0.0042514852,0.0037225452,0.0079269253,-0.004201952,0.247825153,0.2588074777,5.0,0.0304438573,8.308093e-10,0.0435023457,0.0207488848,0.3792171392,0.2428912255999999,1.5842444e-07,73.0,
2010-07-30,29780428.492,0.8846239312999999,0.7825594998000001,0.0093121731,15.214476921,0.0373492939,0.3735313296999999,0.0147267189,0.1126948531,0.24596123,-0.236865036,0.075425123,0.24870829,0.0522714717,-0.052271472,8.0,0.0401721266,0.7775518003,-0.255212928,0.1530585963,-0.8931633659999999,0.0996274416,-4.113709667,0.0168801186,0.0030014203,0.0377769632,0.0022381823,0.8658200308,0.0,0.77737691,1.0064683053,0.0,0.0,0.0347163891,-0.042915667,0.0306804687,0.1007218211999999,0.8042763158,-0.011247574,0.0400721386,0.0242085661,0.0151582454,0.5694384675999999,-0.036910631,23532.025185,0.1536612336999999,,0.5055282475,-0.028331774,0.260111284,-0.054618765,-0.049287764,,0.0528871135,,,-2.24725944,4.0,0.7606112054,0.0,,,,0.0673296479,11.698469847,164.51898734,6.905951115800001,0.0,0.0,0.1101904843,0.0,0.4856931201,0.0962298036,4.7996497687,0.7078068592,0.0522251859999999,-0.009476309,-0.0056570219999999,0.0116935262999999,0.0,0.0042514852,0.0037225452,0.0079269253,-0.004201952,0.247825153,0.2588074777,4.0,0.0220108743,3.394467e-10,0.0363345072,0.0160757365999999,0.7876586202,5.3973107659,3.6221073e-08,73.0,
2010-08-31,31129711.498000003,0.8921300496,0.7958960254999999,0.0923760613,16.609713265,0.0373682939999999,0.1846921403999999,0.0449343212,0.0908588225,0.1426743567999999,-0.167400248,0.072637649,0.3022929703999999,0.0522714717,-0.052271472,8.0,0.0401721266,0.7775518003,-0.268568706,0.1530585963,-0.8931633659999999,0.0996274416,-4.113709667,0.0168801186,0.0030014203,0.0377769632,0.0022381823,0.8658200308,0.0,0.77737691,1.0064683053,0.0,0.0,0.0347163891,-0.042915667,0.0306804687,0.1007218211999999,0.8042763158,-0.011247574,0.0400721386,0.0242085661,0.0151582454,0.5694384675999999,-0.036910631,23532.025185,0.1536612336999999,,0.5055282475,-0.028331774,0.260111284,-0.054618765,-0.049287764,,0.0528871135,,,-2.24725944,4.0,0.7606112054,0.0,,,,0.0673296479,11.698469847,164.51898734,6.905951115800001,0.0,0.0,0.1101904843,0.0,0.4856931201,0.0962298036,4.7996497687,0.2491746873,0.032134903,-0.009355913,0.0265031037,-0.016417512,1.0,0.0048013477,0.0039673414,0.0089463221,-0.00205533,0.248807411,0.2588016403,4.0,0.0203131174,3.1437599999999997e-10,0.0213802679999999,0.0115340177,0.265907962,0.2984042141,9.4491604e-08,73.0,
2010-09-30,28944725.365,0.8916823585,0.7950974285,-0.071870667,15.741373519,0.0372567182,0.1776036298,-0.062767081,0.0955674271,0.2036698306,-0.1926060989999999,0.0688091768,0.3228940616,0.0522714717,-0.052271472,8.0,0.0401721266,0.7775518003,-0.273506225,0.1530585963,-0.8931633659999999,0.0996274416,-4.113709667,0.0168801186,0.0030014203,0.0377769632,0.0022381823,0.8658200308,0.0,0.77737691,1.0064683053,0.0,0.0,0.0347163891,-0.042915667,0.0306804687,0.1007218211999999,0.8042763158,-0.011247574,0.0400721386,0.0242085661,0.0151582454,0.5694384675999999,-0.036910631,23532.025185,0.1536612336999999,,0.5055282475,-0.028331774,0.260111284,-0.054618765,-0.049287764,,0.0528871135,,,-2.24725944,4.0,0.7606112054,0.0,,,,0.0673296479,11.698469847,164.51898734,6.905951115800001,0.0,0.0,0.1101904843,0.0,0.4856931201,0.0962298036,4.7996497687,0.2491746873,0.032134903,-0.009355913,0.0265031037,-0.016417512,1.0,0.0048013477,0.0039673414,0.0089463221,-0.00205533,0.248807411,0.2588016403,4.0,0.0190149763999999,4.685431e-10,0.0340710022,0.0166686181,0.2988331510999999,0.2643591244,9.951891e-08,73.0,
2010-10-29,31216064.375,0.8898173992,0.791775004,-0.048523629,15.57025762,0.0371070904,0.0432387151,0.0784482658,-0.02539413,0.0716626197,-0.142166343,0.0629184196,0.1955322817999999,0.0522714717,-0.052271472,8.0,0.0401721266,0.7775518003,-0.304803956,0.1530585963,-0.8931633659999999,0.0996274416,-4.113709667,0.0168801186,0.0030014203,0.0377769632,0.0022381823,0.8658200308,0.0,0.77737691,1.0064683053,0.0,0.0,0.0347163891,-0.042915667,0.0306804687,0.1007218211999999,0.8042763158,-0.011247574,0.0400721386,0.0242085661,0.0151582454,0.5694384675999999,-0.036910631,23532.025185,0.1536612336999999,,0.5055282475,-0.028331774,0.260111284,-0.054618765,-0.049287764,,0.0528871135,,,-2.24725944,4.0,0.7606112054,0.0,,,,0.0673296479,11.698469847,164.51898734,6.905951115800001,0.0,0.0,0.1101904843,0.0,0.4856931201,0.0962298036,4.7996497687,0.2491746873,0.032134903,-0.009355913,0.0265031037,-0.016417512,1.0,0.0048013477,0.0039673414,0.0089463221,-0.00205533,0.248807411,0.2588016403,4.0,0.0161674502,3.70197e-10,0.0276583973,0.0113646289,0.2012822353,0.1584342115,1.2496691999999998e-07,73.0,
2010-11-30,31825071.0,0.8814228037999999,0.776906159,-0.069030468,15.464927965,0.0364845242,0.2093964968,0.0191846862,0.063365358,0.2258434978,-0.282442652,0.0799611801,0.1727818532,0.0522714717,-0.052271472,8.0,0.0401721266,0.7775518003,-0.325979905,0.1530585963,-0.8931633659999999,0.0996274416,-4.113709667,0.0168801186,0.0030014203,0.0377769632,0.0022381823,0.8658200308,0.0,0.77737691,1.0064683053,0.0,0.0,0.0347163891,-0.042915667,0.0306804687,0.1007218211999999,0.8042763158,-0.011247574,0.0400721386,0.0242085661,0.0151582454,0.5694384675999999,-0.036910631,23532.025185,0.1536612336999999,,0.5055282475,-0.028331774,0.260111284,-0.054618765,-0.049287764,,0.0528871135,,,-2.24725944,4.0,0.7606112054,0.0,,,,0.0673296479,11.698469847,164.51898734,6.905951115800001,0.0,0.0,0.1101904843,0.0,0.4856931201,0.0962298036,4.7996497687,0.391767614,0.0244644704,-0.001108583,-0.037926107,0.0312029104999999,0.0,0.0036733866999999,0.0043111829,0.0065915815,0.0002983119,0.2485913248,0.2625637934,4.0,0.0163057745,3.02626e-10,0.0172459949,0.0087574289,0.3115376887,0.2240631564999999,1.3683665e-07,73.0,
2010-12-31,30264391.948000003,0.8757774931,0.7669862174,-0.085044183,15.393223565,0.0357189662,0.2703368821999999,-0.0418300479999999,0.0922896791,0.2360823322,-0.124605905,0.102212459,0.1634080606,0.0522714717,-0.052271472,8.0,0.0401721266,0.7775518003,-0.329284693,0.1530585963,-0.8931633659999999,0.0996274416,-4.113709667,0.0168801186,0.0030014203,0.0377769632,0.0022381823,0.8658200308,0.0,0.77737691,1.0064683053,0.0,0.0,0.0347163891,-0.042915667,0.0306804687,0.1007218211999999,0.8042763158,-0.011247574,0.0400721386,0.0242085661,0.0151582454,0.5694384675999999,-0.036910631,23532.025185,0.1536612336999999,,0.5055282475,-0.028331774,0.260111284,-0.054618765,-0.049287764,,0.0528871135,,,-2.24725944,4.0,0.7606112054,0.0,,,,0.0673296479,11.698469847,164.51898734,6.905951115800001,0.0,0.0,0.1101904843,0.0,0.4856931201,0.0962298036,4.7996497687,0.391767614,0.0244644704,-0.001108583,-0.037926107,0.0312029104999999,0.0,0.0036733866999999,0.0043111829,0.0065915815,0.0002983119,0.2485913248,0.2625637934,4.0,0.0169338193,4.113622e-10,0.0247593279999999,0.0121791366,0.3374176672999999,0.2750373789999999,1.2143693e-07,73.0,
2011-01-31,31022057.581,0.8817799898,0.7775359504000001,-0.071857722,15.462284387,0.0349147705,0.2287135943,0.0250274986,0.0314098663,0.1645454868999999,-0.149898625,0.0904905761,0.1596419949,0.0522714717,-0.052271472,8.0,0.0401721266,0.7775518003,-0.332744462,0.1530585963,-0.8931633659999999,0.0996274416,-4.113709667,0.0168801186,0.0030014203,0.0377769632,0.0022381823,0.8658200308,0.0,0.77737691,1.0064683053,0.0,0.0,0.0347163891,-0.042915667,0.0306804687,0.1007218211999999,0.8042763158,-0.011247574,0.0400721386,0.0242085661,0.0151582454,0.5694384675999999,-0.036910631,23532.025185,0.1536612336999999,,0.5055282475,-0.028331774,0.260111284,-0.054618765,-0.049287764,,0.0528871135,,,-2.24725944,4.0,0.7606112054,0.0,,,,0.0673296479,11.698469847,164.51898734,6.905951115800001,0.0,0.0,0.1101904843,0.0,0.4856931201,0.0962298036,4.7996497687,-0.700427775,0.0152328406,0.0018301095,0.0028028909,-0.02697583,1.0,0.0087457527,0.0043209682,0.0157162578,-0.002583893,0.2487213305999999,0.262504551,4.0,0.0126823308,3.116087e-10,0.0197992828,0.008137927,0.5196734232,0.323953955,1.2756928e-07,73.0,
2011-02-28,33344172.561,0.8663555765000001,0.7505719848000001,-0.053732995,15.391576648,0.0346193199,0.3350531897,0.0735175163,0.0117606952,0.1532815552999999,0.008875379,0.090163819,0.1626484347,0.0522714717,-0.052271472,8.0,0.0401721266,0.7775518003,-0.3383989639999999,0.1530585963,-0.8931633659999999,0.0996274416,-4.113709667,0.0168801186,0.0030014203,0.0377769632,0.0022381823,0.8658200308,0.0,0.77737691,1.0064683053,0.0,0.0,0.0347163891,-0.042915667,0.0306804687,0.1007218211999999,0.8042763158,-0.011247574,0.0400721386,0.0242085661,0.0151582454,0.5694384675999999,-0.036910631,23532.025185,0.1536612336999999,,0.5055282475,-0.028331774,0.260111284,-0.054618765,-0.049287764,,0.0528871135,,,-2.24725944,4.0,0.7606112054,0.0,,,,0.0673296479,11.698469847,164.51898734,6.905951115800001,0.0,0.0,0.1101904843,0.0,0.4856931201,0.0962298036,4.7996497687,-0.700427775,0.0152328406,0.0018301095,0.0028028909,-0.02697583,1.0,0.0087457527,0.0043209682,0.0157162578,-0.002583893,0.2487213305999999,0.262504551,4.0,0.0158726473,3.819063e-10,0.0244164168999999,0.0120866439999999,0.3111957035,0.2641601754,1.3558753e-07,73.0,
2011-03-31,32889465.636,0.8629967934999999,0.7447634656000001,0.1248395076,15.496975655,0.03318458,0.319925221,-0.0062483769999999,0.1588825003,0.1899427042,0.1122702572,0.1295990635999999,0.1733144988,0.0522714717,-0.052271472,8.0,0.0401721266,0.7775518003,-0.350631591,0.1530585963,-0.8931633659999999,0.0996274416,-4.113709667,0.0168801186,0.0030014203,0.0377769632,0.0022381823,0.8658200308,0.0,0.77737691,1.0064683053,0.0,0.0,0.0347163891,-0.042915667,0.0306804687,0.1007218211999999,0.8042763158,-0.011247574,0.0400721386,0.0242085661,0.0151582454,0.5694384675999999,-0.036910631,23532.025185,0.1536612336999999,,0.5055282475,-0.028331774,0.260111284,-0.054618765,-0.049287764,,0.0528871135,,,-2.24725944,4.0,0.7606112054,0.0,,,,0.0673296479,11.698469847,164.51898734,6.905951115800001,0.0,0.0,0.1101904843,0.0,0.4856931201,0.0962298036,4.7996497687,-0.700427775,0.0152328406,0.0018301095,0.0028028909,-0.02697583,1.0,0.0087457527,0.0043209682,0.0157162578,-0.002583893,0.2487213305999999,0.262504551,4.0,0.0128322906,2.096222e-10,0.0234941877,0.0117864412999999,0.425467226,0.4627464182,1.1318858000000001e-07,73.0,
2011-04-29,32723453.84,0.8784346043000001,0.7716473541,0.0111224427,15.715890029,0.0318878362,0.2812367314,-0.005323171,0.0678689017999999,0.1223964350999999,0.1627523238,0.1261361466,0.1857147416,0.0522714717,-0.052271472,8.0,0.0401721266,0.7775518003,-0.362593661,0.1530585963,-0.8931633659999999,0.0996274416,-4.113709667,0.0168801186,0.0030014203,0.0377769632,0.0022381823,0.8658200308,0.0,0.77737691,1.0064683053,0.0,0.0,0.0347163891,-0.042915667,0.0306804687,0.1007218211999999,0.8042763158,-0.011247574,0.0400721386,0.0242085661,0.0151582454,0.5694384675999999,-0.036910631,23532.025185,0.1536612336999999,,0.5055282475,-0.028331774,0.260111284,-0.054618765,-0.049287764,,0.0528871135,,,-2.24725944,4.0,0.7606112054,0.0,,,,0.0673296479,11.698469847,164.51898734,6.905951115800001,0.0,0.0,0.1101904843,0.0,0.4856931201,0.0962298036,4.7996497687,-0.066489419,0.0332347961,0.0074406851,0.021264789,-0.014365403,0.0,0.0078563075,0.0043455621,0.0142794855,0.0012805878,0.2478644769,0.2628804355999999,4.0,0.0162911978,2.716759e-10,0.0193976089,0.0112377327,0.3279048337999999,0.2925331992,9.8080579e-08,73.0,
2011-05-31,33815518.92,0.8819638509000001,0.7778602343000001,-0.008907297,15.663126694,0.0319269702999999,0.2634350834,0.0313455537,0.0421903583,0.1294901515,0.0163124574,0.08778648,0.1784211284,0.0522714717,-0.052271472,8.0,0.0401721266,0.7775518003,-0.37308055,0.1530585963,-0.8931633659999999,0.0996274416,-4.113709667,0.0168801186,0.0030014203,0.0377769632,0.0022381823,0.8658200308,0.0,0.77737691,1.0064683053,0.0,0.0,0.0347163891,-0.042915667,0.0306804687,0.1007218211999999,0.8042763158,-0.011247574,0.0400721386,0.0242085661,0.0151582454,0.5694384675999999,-0.036910631,23532.025185,0.1536612336999999,,0.5055282475,-0.028331774,0.260111284,-0.054618765,-0.049287764,,0.0528871135,,,-2.24725944,4.0,0.7606112054,0.0,,,,0.0673296479,11.698469847,164.51898734,6.905951115800001,0.0,0.0,0.1101904843,0.0,0.4856931201,0.0962298036,4.7996497687,-0.066489419,0.0332347961,0.0074406851,0.021264789,-0.014365403,0.0,0.0078563075,0.0043455621,0.0142794855,0.0012805878,0.2478644769,0.2628804355999999,4.0,0.0136959415,3.103268e-10,0.0260978919,0.0108142132,0.2757403298,0.2147214853,1.5703992e-07,73.0,
2011-06-30,32573738.01,0.8822248398999999,0.7783206681999999,0.04219801,15.363439766,0.0318692439,0.3982708033,-0.029404497,0.1217826127,0.1740567283,0.0373499056,0.0877523244,0.1639950939,0.0522714717,-0.052271472,8.0,0.0401721266,0.7775518003,-0.3747752179999999,0.1530585963,-0.8931633659999999,0.0996274416,-4.113709667,0.0168801186,0.0030014203,0.0377769632,0.0022381823,0.8658200308,0.0,0.77737691,1.0064683053,0.0,0.0,0.0347163891,-0.042915667,0.0306804687,0.1007218211999999,0.8042763158,-0.011247574,0.0400721386,0.0242085661,0.0151582454,0.5694384675999999,-0.036910631,23532.025185,0.1536612336999999,,0.5055282475,-0.028331774,0.260111284,-0.054618765,-0.049287764,,0.0528871135,,,-2.24725944,4.0,0.7606112054,0.0,,,,0.0673296479,11.698469847,164.51898734,6.905951115800001,0.0,0.0,0.1101904843,0.0,0.4856931201,0.0962298036,4.7996497687,-0.066489419,0.0332347961,0.0074406851,0.021264789,-0.014365403,0.0,0.0078563075,0.0043455621,0.0142794855,0.0012805878,0.2478644769,0.2628804355999999,4.0,0.014069822,2.604725e-10,0.0094216336,0.0074150048,0.2100600798,0.148639954,1.3048182e-07,73.0,
2011-07-29,31398733.868,0.8805272566,0.7753282495999999,-0.033443472,15.464004505,0.0315731475,0.4323867144,-0.036181673,0.0622126342,0.1229961327,0.1952005473999999,0.0937213764,0.1605002177999999,0.0498117083,-0.0498117079999999,9.0,-0.027709484,0.6687499675,-0.525049112,0.1597092687,2.7808668056,0.0854778758,0.026497791,-0.016899682,0.0043844109,-0.064356891,0.0001997033,-2.657035683,0.0,0.7301935741,1.0044671347,0.0,0.0,0.03119701,0.0028710132,0.0292653066,0.1004251873,0.2108167769999999,0.0634485907,0.0403110848,0.0527272726999999,0.0109623116,0.5104848206,0.0405565035,27276.612717,0.1477875253,,-0.990511476,-0.060695572,-0.00198831,-0.048615578,-0.06255479,-0.082990914,-0.02254485,,-0.07623584,-1.920792079,5.0,0.7130313310999999,0.0,,,,0.0521868787,15.127314815,151.97674419,6.7545219638,0.0,0.0,0.0056166807999999,0.0,0.4207893922999999,0.0881740452,0.138026379,-0.066489419,0.0332347961,0.0074406851,0.021264789,-0.014365403,0.0,0.0078563075,0.0043455621,0.0142794855,0.0012805878,0.2478644769,0.2628804355999999,4.0,0.0134857052,3.450656e-10,0.0179591794,0.0111508004,0.2887505199,0.2548062855,1.0851701e-07,73.0,
2011-08-31,28800316.525,0.8754925198000001,0.7664871522,-0.211946587,15.565295614000002,0.0309937987,0.3074775564999999,-0.083333358,-0.046331347,0.0358203682,0.2473560451999999,0.1085267682,0.1892153184,0.0498117083,-0.0498117079999999,9.0,-0.027709484,0.6687499675,-0.525349593,0.1597092687,2.7808668056,0.0854778758,0.026497791,-0.016899682,0.0043844109,-0.064356891,0.0001997033,-2.657035683,0.0,0.7301935741,1.0044671347,0.0,0.0,0.03119701,0.0028710132,0.0292653066,0.1004251873,0.2108167769999999,0.0634485907,0.0403110848,0.0527272726999999,0.0109623116,0.5104848206,0.0405565035,27276.612717,0.1477875253,,-0.990511476,-0.060695572,-0.00198831,-0.048615578,-0.06255479,-0.082990914,-0.02254485,,-0.07623584,-1.920792079,5.0,0.7130313310999999,0.0,,,,0.0521868787,15.127314815,151.97674419,6.7545219638,0.0,0.0,0.0056166807999999,0.0,0.4207893922999999,0.0881740452,0.138026379,0.8784567035999999,0.0243167938,0.0042229484999999,0.0303489824,-0.03618758,0.0,0.0064288379,0.00413637,0.0116989607,0.0032517007,0.2482574594,0.2602848999,4.0,0.0153662608,3.681543e-10,0.0341855399,0.0153680562,0.3378604043,0.3910437311,9.7060394e-08,73.0,
2011-09-30,25890530.567,0.8737305654,0.7634051009999999,-0.353198058,15.685319927,0.0305358631,0.339125926,-0.092361309,-0.120307105,0.0130907261,0.1133596048,0.0870522733,0.2854252775,0.0498117083,-0.0498117079999999,9.0,-0.027709484,0.6687499675,-0.529311203,0.1597092687,2.7808668056,0.0854778758,0.026497791,-0.016899682,0.0043844109,-0.064356891,0.0001997033,-2.657035683,0.0,0.7301935741,1.0044671347,0.0,0.0,0.03119701,0.0028710132,0.0292653066,0.1004251873,0.2108167769999999,0.0634485907,0.0403110848,0.0527272726999999,0.0109623116,0.5104848206,0.0405565035,27276.612717,0.1477875253,,-0.990511476,-0.060695572,-0.00198831,-0.048615578,-0.06255479,-0.082990914,-0.02254485,,-0.07623584,-1.920792079,5.0,0.7130313310999999,0.0,,,,0.0521868787,15.127314815,151.97674419,6.7545219638,0.0,0.0,0.0056166807999999,0.0,0.4207893922999999,0.0881740452,0.138026379,0.8784567035999999,0.0243167938,0.0042229484999999,0.0303489824,-0.03618758,0.0,0.0064288379,0.00413637,0.0116989607,0.0032517007,0.2482574594,0.2602848999,4.0,0.0308518656999999,4.140248e-10,0.0526666641,0.0282227564,0.36431915,0.7695787212,4.3048249000000006e-08,73.0,
2011-10-31,22459181.4,0.8645551939,0.7474556834,-0.360650871,16.252291414000002,0.0291106457,0.0691729087,-0.126050413,-0.197283696,-0.147367222,0.4802917779,0.041945062,0.3474042326,0.0498117083,-0.0498117079999999,9.0,-0.027709484,0.6687499675,-0.638699804,0.1597092687,2.7808668056,0.0854778758,0.026497791,-0.016899682,0.0043844109,-0.064356891,0.0001997033,-2.657035683,0.0,0.7301935741,1.0044671347,0.0,0.0,0.03119701,0.0028710132,0.0292653066,0.1004251873,0.2108167769999999,0.0634485907,0.0403110848,0.0527272726999999,0.0109623116,0.5104848206,0.0405565035,27276.612717,0.1477875253,,-0.990511476,-0.060695572,-0.00198831,-0.048615578,-0.06255479,-0.082990914,-0.02254485,,-0.07623584,-1.920792079,5.0,0.7130313310999999,0.0,,,,0.0521868787,15.127314815,151.97674419,6.7545219638,0.0,0.0,0.0056166807999999,0.0,0.4207893922999999,0.0881740452,0.138026379,0.3383887871,0.0171914127,0.0006204757,-0.02469099,-0.018633304,1.0,0.0069798204,0.0041570501,0.0128351102,0.0057943102,0.2528436657,0.2666344906,4.0,0.0264483656999999,4.362232e-10,0.0280276629999999,0.0213040877,0.2305822248,0.4605208213,5.7286230000000015e-08,73.0,
2011-11-30,24546999.843,0.8698649955,0.7566651105,-0.328486786,15.922826975,0.0255441054,-0.107137608,0.0972632766,-0.319788038,-0.268868465,0.7522145336,0.1810927236,0.3975055979999999,0.0498117083,-0.0498117079999999,9.0,-0.027709484,0.6687499675,-0.630021457,0.1597092687,2.7808668056,0.0854778758,0.026497791,-0.016899682,0.0043844109,-0.064356891,0.0001997033,-2.657035683,0.0,0.7301935741,1.0044671347,0.0,0.0,0.03119701,0.0028710132,0.0292653066,0.1004251873,0.2108167769999999,0.0634485907,0.0403110848,0.0527272726999999,0.0109623116,0.5104848206,0.0405565035,27276.612717,0.1477875253,,-0.990511476,-0.060695572,-0.00198831,-0.048615578,-0.06255479,-0.082990914,-0.02254485,,-0.07623584,-1.920792079,5.0,0.7130313310999999,0.0,,,,0.0521868787,15.127314815,151.97674419,6.7545219638,0.0,0.0,0.0056166807999999,0.0,0.4207893922999999,0.0881740452,0.138026379,0.3383887871,0.0171914127,0.0006204757,-0.02469099,-0.018633304,1.0,0.0069798204,0.0041570501,0.0128351102,0.0057943102,0.2528436657,0.2666344906,4.0,0.0220044395,4.741973e-10,0.0383824185,0.020139445,0.3535958489999999,0.6995184073,5.5273982000000003e-08,73.0,
2011-12-30,22401318.057,0.7785642184999999,0.6061622424,-0.379165921,16.044101295999997,0.0237395657,-0.014332544,-0.077182353,-0.231016831,-0.16273331,0.5762105160000001,0.2787638345,0.3356820674,0.0498117083,-0.0498117079999999,9.0,-0.027709484,0.6687499675,-0.6422772929999999,0.1597092687,2.7808668056,0.0854778758,0.026497791,-0.016899682,0.0043844109,-0.064356891,0.0001997033,-2.657035683,0.0,0.7301935741,1.0044671347,0.0,0.0,0.03119701,0.0028710132,0.0292653066,0.1004251873,0.2108167769999999,0.0634485907,0.0403110848,0.0527272726999999,0.0109623116,0.5104848206,0.0405565035,27276.612717,0.1477875253,,-0.990511476,-0.060695572,-0.00198831,-0.048615578,-0.06255479,-0.082990914,-0.02254485,,-0.07623584,-1.920792079,5.0,0.7130313310999999,0.0,,,,0.0521868787,15.127314815,151.97674419,6.7545219638,0.0,0.0,0.0056166807999999,0.0,0.4207893922999999,0.0881740452,0.138026379,0.3383887871,0.0171914127,0.0006204757,-0.02469099,-0.018633304,1.0,0.0069798204,0.0041570501,0.0128351102,0.0057943102,0.2528436657,0.2666344906,4.0,0.0222676154999999,5.397817e-10,0.0324180163,0.0181065393,0.4222945453,0.5709721034,7.974464000000002e-08,73.0,
2012-01-31,22070438.523,0.788288608,0.6213989296,-0.298388756,15.582135477,0.0226584985,-0.097114261,-0.0147764919999999,-0.263729253,-0.246220732,0.3712318026,0.22943004,0.2962517374,0.0498117083,-0.0498117079999999,9.0,-0.027709484,0.6687499675,-0.64419599,0.1597092687,2.7808668056,0.0854778758,0.026497791,-0.016899682,0.0043844109,-0.064356891,0.0001997033,-2.657035683,0.0,0.7301935741,1.0044671347,0.0,0.0,0.03119701,0.0028710132,0.0292653066,0.1004251873,0.2108167769999999,0.0634485907,0.0403110848,0.0527272726999999,0.0109623116,0.5104848206,0.0405565035,27276.612717,0.1477875253,,-0.990511476,-0.060695572,-0.00198831,-0.048615578,-0.06255479,-0.082990914,-0.02254485,,-0.07623584,-1.920792079,5.0,0.7130313310999999,0.0,,,,0.0521868787,15.127314815,151.97674419,6.7545219638,0.0,0.0,0.0056166807999999,0.0,0.4207893922999999,0.0881740452,0.138026379,0.8644249854,0.0198143619,0.0028486610999999,-0.026227643,-0.000807167,2.0,0.0158408599,0.0043908325,0.0286878981,0.0073496349,0.2558183568,0.2671021182999999,4.0,0.0207879257,5.307113e-10,0.0239179637,0.0142105774,0.400767626,0.4312851933,8.343791e-08,73.0,
2012-02-29,22758091.131,0.7846920379000001,0.6157415944,-0.058529784,15.522195336,0.0219147101,-0.116437666,0.0307461452,-0.208664072,-0.308217106,0.7593278371,0.1535404043,0.2524136144,0.0498117083,-0.0498117079999999,9.0,-0.027709484,0.6687499675,-0.647138564,0.1597092687,2.7808668056,0.0854778758,0.026497791,-0.016899682,0.0043844109,-0.064356891,0.0001997033,-2.657035683,0.0,0.7301935741,1.0044671347,0.0,0.0,0.03119701,0.0028710132,0.0292653066,0.1004251873,0.2108167769999999,0.0634485907,0.0403110848,0.0527272726999999,0.0109623116,0.5104848206,0.0405565035,27276.612717,0.1477875253,,-0.990511476,-0.060695572,-0.00198831,-0.048615578,-0.06255479,-0.082990914,-0.02254485,,-0.07623584,-1.920792079,5.0,0.7130313310999999,0.0,,,,0.0521868787,15.127314815,151.97674419,6.7545219638,0.0,0.0,0.0056166807999999,0.0,0.4207893922999999,0.0881740452,0.138026379,0.8644249854,0.0198143619,0.0028486610999999,-0.026227643,-0.000807167,2.0,0.0158408599,0.0043908325,0.0286878981,0.0073496349,0.2558183568,0.2671021182999999,4.0,0.0176748174,3.474356e-10,0.0243553109,0.0128365007,0.3029175386,0.3607739471,8.855906199999999e-08,73.0,
2012-03-30,24002771.561,0.7858764544,0.6176018016,0.1593956103,15.541739598,0.0217787319,-0.088736299,0.0658421144,-0.101331328,-0.282464013,0.7249954759,0.119717208,0.2867612753,0.0498117083,-0.0498117079999999,9.0,-0.027709484,0.6687499675,-0.65120451,0.1597092687,2.7808668056,0.0854778758,0.026497791,-0.016899682,0.0043844109,-0.064356891,0.0001997033,-2.657035683,0.0,0.7301935741,1.0044671347,0.0,0.0,0.03119701,0.0028710132,0.0292653066,0.1004251873,0.2108167769999999,0.0634485907,0.0403110848,0.0527272726999999,0.0109623116,0.5104848206,0.0405565035,27276.612717,0.1477875253,,-0.990511476,-0.060695572,-0.00198831,-0.048615578,-0.06255479,-0.082990914,-0.02254485,,-0.07623584,-1.920792079,5.0,0.7130313310999999,0.0,,,,0.0521868787,15.127314815,151.97674419,6.7545219638,0.0,0.0,0.0056166807999999,0.0,0.4207893922999999,0.0881740452,0.138026379,0.8644249854,0.0198143619,0.0028486610999999,-0.026227643,-0.000807167,2.0,0.0158408599,0.0043908325,0.0286878981,0.0073496349,0.2558183568,0.2671021182999999,4.0,0.0174029892999999,2.382119e-10,0.0258493627999999,0.0134506224,0.2812360255,0.4731802047999999,6.0103972e-08,73.0,
2012-04-30,23930442.384,0.8428272520000001,0.7103577767,0.3914296693,15.982504154,0.0216101408,-0.064288857,-0.002760522,0.0959887525,-0.2311270839999999,0.6529578443,0.1132344091,0.3274959914999999,0.0498117083,-0.0498117079999999,9.0,-0.027709484,0.6687499675,-0.66853799,0.1597092687,2.7808668056,0.0854778758,0.026497791,-0.016899682,0.0043844109,-0.064356891,0.0001997033,-2.657035683,0.0,0.7301935741,1.0044671347,0.0,0.0,0.03119701,0.0028710132,0.0292653066,0.1004251873,0.2108167769999999,0.0634485907,0.0403110848,0.0527272726999999,0.0109623116,0.5104848206,0.0405565035,27276.612717,0.1477875253,,-0.990511476,-0.060695572,-0.00198831,-0.048615578,-0.06255479,-0.082990914,-0.02254485,,-0.07623584,-1.920792079,5.0,0.7130313310999999,0.0,,,,0.0521868787,15.127314815,151.97674419,6.7545219638,0.0,0.0,0.0056166807999999,0.0,0.4207893922999999,0.0881740452,0.138026379,0.8644249854,0.0198143619,0.0028486610999999,-0.026227643,-0.000807167,2.0,0.0158408599,0.0043908325,0.0286878981,0.0073496349,0.2558183568,0.2671021182999999,4.0,0.017334508,2.619277e-10,0.0318602361,0.0134729569,0.3760669677,0.7192798159,5.3369820999999993e-08,73.0,
2012-05-31,24716575.127,0.8279607089,0.6855189356,0.2814186911,16.003694647,0.0211000802,-0.055064586,0.0318339132,-0.003918863,-0.256553323,0.5218810742000001,0.0431626566999999,0.3339910328,0.0498117083,-0.0498117079999999,9.0,-0.027709484,0.6687499675,-0.6766224559999999,0.1597092687,2.7808668056,0.0854778758,0.026497791,-0.016899682,0.0043844109,-0.064356891,0.0001997033,-2.657035683,0.0,0.7301935741,1.0044671347,0.0,0.0,0.03119701,0.0028710132,0.0292653066,0.1004251873,0.2108167769999999,0.0634485907,0.0403110848,0.0527272726999999,0.0109623116,0.5104848206,0.0405565035,27276.612717,0.1477875253,,-0.990511476,-0.060695572,-0.00198831,-0.048615578,-0.06255479,-0.082990914,-0.02254485,,-0.07623584,-1.920792079,5.0,0.7130313310999999,0.0,,,,0.0521868787,15.127314815,151.97674419,6.7545219638,0.0,0.0,0.0056166807999999,0.0,0.4207893922999999,0.0881740452,0.138026379,0.0230802473,0.0166412386,0.003214419,-0.012567691,-0.045175169,0.0,0.0102545576,0.0040468719,0.018309929,0.0088038821,0.1654998816,0.1574753531,4.0,0.0152623026,3.72136e-10,0.0221094824,0.0131080125,0.2024095752,0.2896817155,8.2204707e-08,73.0,
2012-06-29,22762905.051,0.8119736051,0.6593011354,0.3283022506,15.698169922,0.0211573546,-0.04083225,-0.068075128,0.1137523211999999,-0.20964656,0.3572990603,0.0674428433,0.3190819723,0.0498117083,-0.0498117079999999,9.0,-0.027709484,0.6687499675,-0.676787641,0.1597092687,2.7808668056,0.0854778758,0.026497791,-0.016899682,0.0043844109,-0.064356891,0.0001997033,-2.657035683,0.0,0.7301935741,1.0044671347,0.0,0.0,0.03119701,0.0028710132,0.0292653066,0.1004251873,0.2108167769999999,0.0634485907,0.0403110848,0.0527272726999999,0.0109623116,0.5104848206,0.0405565035,27276.612717,0.1477875253,,-0.990511476,-0.060695572,-0.00198831,-0.048615578,-0.06255479,-0.082990914,-0.02254485,,-0.07623584,-1.920792079,5.0,0.7130313310999999,0.0,,,,0.0521868787,15.127314815,151.97674419,6.7545219638,0.0,0.0,0.0056166807999999,0.0,0.4207893922999999,0.0881740452,0.138026379,0.0230802473,0.0166412386,0.003214419,-0.012567691,-0.045175169,0.0,0.0102545576,0.0040468719,0.018309929,0.0088038821,0.1654998816,0.1574753531,4.0,0.0187718693,3.60018e-10,0.0190579183,0.0133222872,0.374017531,0.5663154634,6.2376302e-08,73.0,
2012-07-31,23574979.332,0.8200525242,0.6724861425,0.3656932682,15.79773781,0.0209441251,-0.0908776459999999,0.0356753357,0.0535005312,-0.235799935,0.3684441124,0.0135958034,0.2769445577,0.1173702707,-0.117370271,10.0,0.0859812558,0.7960421802,-0.6235066999999999,0.0199480717,-7.670048436,0.1176218045,0.0378026927,0.0133832325,-0.006633101,-0.0802403959999999,-0.000588175,2.9972721411000003,0.0,0.8501303215,1.1325381047,0.0,0.0,0.0469671973,-0.151832188,-0.063136232,0.1146885818,-0.051048314,-0.05472966,0.0398713088,0.0449050086,0.0020826883999999,0.7122527909999999,-0.008198789,18285.300443,0.2087199044,,-0.651374484,0.1642533591,0.1275014041,0.1172864388,0.1721714382999999,0.2889468159,-0.022681091,,0.3765064571,-2.862984218,5.0,0.8357949609,0.0,,,,0.0748441406,32.718009479,209.1969697,6.612547892699999,0.0,0.0,0.0563886764,0.0,0.6253385658,0.0849346285999999,-0.1796157639999999,0.0230802473,0.0166412386,0.003214419,-0.012567691,-0.045175169,0.0,0.0102545576,0.0040468719,0.018309929,0.0088038821,0.1654998816,0.1574753531,4.0,0.0195199793999999,4.686992e-10,0.0319187902,0.014915128,0.2906823235,0.5190928663000001,8.4680835e-08,73.0,
2012-08-31,23458967.817,0.811322262,0.6582438129,0.2376630537,15.573361476,0.0205549173,-0.034962502,-0.004920959,0.0585385368,-0.136585621,0.1337240232,0.0519971149,0.2668595363,0.1173702707,-0.117370271,10.0,0.0859812558,0.7960421802,-0.622049439,0.0199480717,-7.670048436,0.1176218045,0.0378026927,0.0133832325,-0.006633101,-0.0802403959999999,-0.000588175,2.9972721411000003,0.0,0.8501303215,1.1325381047,0.0,0.0,0.0469671973,-0.151832188,-0.063136232,0.1146885818,-0.051048314,-0.05472966,0.0398713088,0.0449050086,0.0020826883999999,0.7122527909999999,-0.008198789,18285.300443,0.2087199044,,-0.651374484,0.1642533591,0.1275014041,0.1172864388,0.1721714382999999,0.2889468159,-0.022681091,,0.3765064571,-2.862984218,5.0,0.8357949609,0.0,,,,0.0748441406,32.718009479,209.1969697,6.612547892699999,0.0,0.0,0.0563886764,0.0,0.6253385658,0.0849346285999999,-0.1796157639999999,0.9791314502,0.0129942111,-0.002082688,0.0418678388,-0.030068837,0.0,-0.072724191,0.0206580122,-0.132913353,0.0053896783999999,0.1130984197,0.2078652771,4.0,0.0205532998,5.271188e-10,0.023289131,0.0146453411,0.465555322,0.6021110806000001,8.9583971e-08,73.0,
2012-09-28,23483427.23,0.7987036467,0.6379275152,0.0464794094,15.51214126,0.0204187327,0.0368236098,0.0162487216,-0.01173964,-0.0534057659999999,0.0373283573,0.0202862959,0.2397317917,0.1173702707,-0.117370271,10.0,0.0859812558,0.7960421802,-0.629977118,0.0199480717,-7.670048436,0.1176218045,0.0378026927,0.0133832325,-0.006633101,-0.0802403959999999,-0.000588175,2.9972721411000003,0.0,0.8501303215,1.1325381047,0.0,0.0,0.0469671973,-0.151832188,-0.063136232,0.1146885818,-0.051048314,-0.05472966,0.0398713088,0.0449050086,0.0020826883999999,0.7122527909999999,-0.008198789,18285.300443,0.2087199044,,-0.651374484,0.1642533591,0.1275014041,0.1172864388,0.1721714382999999,0.2889468159,-0.022681091,,0.3765064571,-2.862984218,5.0,0.8357949609,0.0,,,,0.0748441406,32.718009479,209.1969697,6.612547892699999,0.0,0.0,0.0563886764,0.0,0.6253385658,0.0849346285999999,-0.1796157639999999,0.9791314502,0.0129942111,-0.002082688,0.0418678388,-0.030068837,0.0,-0.072724191,0.0206580122,-0.132913353,0.0053896783999999,0.1130984197,0.2078652771,4.0,0.0170171782,3.434217e-10,0.0234911311,0.0104030659999999,0.4603828791,0.5956137217,7.9969196e-08,73.0,
2012-10-31,23821852.584000003,0.7891941175,0.6228273552,-0.071351268,15.539472611,0.0204778875,0.225756438,0.0144112416999999,0.0070984446,0.1007215907,-0.138796463,0.0368169976,0.2304781853,0.1173702707,-0.117370271,10.0,0.0859812558,0.7960421802,-0.648174926,0.0199480717,-7.670048436,0.1176218045,0.0378026927,0.0133832325,-0.006633101,-0.0802403959999999,-0.000588175,2.9972721411000003,0.0,0.8501303215,1.1325381047,0.0,0.0,0.0469671973,-0.151832188,-0.063136232,0.1146885818,-0.051048314,-0.05472966,0.0398713088,0.0449050086,0.0020826883999999,0.7122527909999999,-0.008198789,18285.300443,0.2087199044,,-0.651374484,0.1642533591,0.1275014041,0.1172864388,0.1721714382999999,0.2889468159,-0.022681091,,0.3765064571,-2.862984218,5.0,0.8357949609,0.0,,,,0.0748441406,32.718009479,209.1969697,6.612547892699999,0.0,0.0,0.0563886764,0.0,0.6253385658,0.0849346285999999,-0.1796157639999999,0.9791314502,0.0129942111,-0.002082688,0.0418678388,-0.030068837,0.0,-0.072724191,0.0206580122,-0.132913353,0.0053896783999999,0.1130984197,0.2078652771,4.0,0.0146475928,3.122057e-10,0.0167578589,0.0092264681999999,0.3549297367,0.4242355066,1.0483431e-07,73.0,
2012-11-30,23340923.289,0.8045363588,0.6472787526,-0.058280937,15.470370487,0.0205332976,0.1299885642,-0.020790033,-0.009906565,0.0176084258,0.0022920329,0.034252531,0.2193012706,0.1173702707,-0.117370271,10.0,0.0859812558,0.7960421802,-0.656324184,0.0199480717,-7.670048436,0.1176218045,0.0378026927,0.0133832325,-0.006633101,-0.0802403959999999,-0.000588175,2.9972721411000003,0.0,0.8501303215,1.1325381047,0.0,0.0,0.0469671973,-0.151832188,-0.063136232,0.1146885818,-0.051048314,-0.05472966,0.0398713088,0.0449050086,0.0020826883999999,0.7122527909999999,-0.008198789,18285.300443,0.2087199044,,-0.651374484,0.1642533591,0.1275014041,0.1172864388,0.1721714382999999,0.2889468159,-0.022681091,,0.3765064571,-2.862984218,5.0,0.8357949609,0.0,,,,0.0748441406,32.718009479,209.1969697,6.612547892699999,0.0,0.0,0.0563886764,0.0,0.6253385658,0.0849346285999999,-0.1796157639999999,0.4060087595,0.0146496016,-0.00258856,-0.022655031,0.0223511406999999,1.0,0.009114423,0.020669465,0.0180432795,-0.000625953,0.1162752664,0.2081221348999999,4.0,0.0132817397,2.794894e-10,0.0146638686,0.0074228189,0.3223310165,0.335214312,1.0400533e-07,73.0,
2012-12-31,22760240.977,0.8074731218000001,0.6520128425,-0.012328633,15.35724896,0.020344466,0.1102125921,-0.014154257,0.0403299548,0.0797933002,-0.084897691,0.0276865635,0.2060829205,0.1173702707,-0.117370271,10.0,0.0859812558,0.7960421802,-0.657828839,0.0199480717,-7.670048436,0.1176218045,0.0378026927,0.0133832325,-0.006633101,-0.0802403959999999,-0.000588175,2.9972721411000003,0.0,0.8501303215,1.1325381047,0.0,0.0,0.0469671973,-0.151832188,-0.063136232,0.1146885818,-0.051048314,-0.05472966,0.0398713088,0.0449050086,0.0020826883999999,0.7122527909999999,-0.008198789,18285.300443,0.2087199044,,-0.651374484,0.1642533591,0.1275014041,0.1172864388,0.1721714382999999,0.2889468159,-0.022681091,,0.3765064571,-2.862984218,5.0,0.8357949609,0.0,,,,0.0748441406,32.718009479,209.1969697,6.612547892699999,0.0,0.0,0.0563886764,0.0,0.6253385658,0.0849346285999999,-0.1796157639999999,0.4060087595,0.0146496016,-0.00258856,-0.022655031,0.0223511406999999,1.0,0.009114423,0.020669465,0.0180432795,-0.000625953,0.1162752664,0.2081221348999999,4.0,0.0152175331,4.121608e-10,0.0189099088,0.009485179,0.3205530949,0.251069468,1.0471853000000005e-07,73.0,
2013-01-31,24017450.239,0.7969957423999999,0.6352022134,-0.046152378,15.325216637,0.0201495038,0.1295510048,0.0551923923,-0.009723586,0.0804752616,-0.1135159469999999,0.0038381356,0.1932667555,0.1173702707,-0.117370271,10.0,0.0859812558,0.7960421802,-0.669822651,0.0199480717,-7.670048436,0.1176218045,0.0378026927,0.0133832325,-0.006633101,-0.0802403959999999,-0.000588175,2.9972721411000003,0.0,0.8501303215,1.1325381047,0.0,0.0,0.0469671973,-0.151832188,-0.063136232,0.1146885818,-0.051048314,-0.05472966,0.0398713088,0.0449050086,0.0020826883999999,0.7122527909999999,-0.008198789,18285.300443,0.2087199044,,-0.651374484,0.1642533591,0.1275014041,0.1172864388,0.1721714382999999,0.2889468159,-0.022681091,,0.3765064571,-2.862984218,5.0,0.8357949609,0.0,,,,0.0748441406,32.718009479,209.1969697,6.612547892699999,0.0,0.0,0.0563886764,0.0,0.6253385658,0.0849346285999999,-0.1796157639999999,0.4060087595,0.0146496016,-0.00258856,-0.022655031,0.0223511406999999,1.0,0.009114423,0.020669465,0.0180432795,-0.000625953,0.1162752664,0.2081221348999999,4.0,0.0143341849,3.907217e-10,0.0206552687999999,0.0100742881,0.4249100554,0.333414362,1.2070836e-07,73.0,
2013-02-28,25336276.775,0.8019023067000001,0.6430473094,0.05386432,15.286218703,0.0194713826,0.0604968605999999,0.0543702655,0.0500996356,0.1061009362,-0.117192488,0.0018151983,0.1902340317,0.1173702707,-0.117370271,10.0,0.0859812558,0.7960421802,-0.672320302,0.0199480717,-7.670048436,0.1176218045,0.0378026927,0.0133832325,-0.006633101,-0.0802403959999999,-0.000588175,2.9972721411000003,0.0,0.8501303215,1.1325381047,0.0,0.0,0.0469671973,-0.151832188,-0.063136232,0.1146885818,-0.051048314,-0.05472966,0.0398713088,0.0449050086,0.0020826883999999,0.7122527909999999,-0.008198789,18285.300443,0.2087199044,,-0.651374484,0.1642533591,0.1275014041,0.1172864388,0.1721714382999999,0.2889468159,-0.022681091,,0.3765064571,-2.862984218,5.0,0.8357949609,0.0,,,,0.0748441406,32.718009479,209.1969697,6.612547892699999,0.0,0.0,0.0563886764,0.0,0.6253385658,0.0849346285999999,-0.1796157639999999,0.7437773059999999,0.0564152362,0.0026678523999999,-0.018188506,-0.032881046,2.0,0.0283267457,0.0215799865,0.0547970144,-0.007452064,0.1312857053999999,0.2438443828,4.0,0.0108784311,3.030727e-10,0.0162090566,0.0072835120999999,0.3502177498,0.3150066225,1.0895107000000001e-07,73.0,
2013-03-28,25298252.917,0.7930565982,0.6289387679,0.0945955043999999,15.392909769,0.0193516419,0.0761040333999999,0.0086488426,0.0894909956,0.0941957744,-0.095641832,0.0047969104999999,0.2121734401,0.1173702707,-0.117370271,10.0,0.0859812558,0.7960421802,-0.682117636,0.0199480717,-7.670048436,0.1176218045,0.0378026927,0.0133832325,-0.006633101,-0.0802403959999999,-0.000588175,2.9972721411000003,0.0,0.8501303215,1.1325381047,0.0,0.0,0.0469671973,-0.151832188,-0.063136232,0.1146885818,-0.051048314,-0.05472966,0.0398713088,0.0449050086,0.0020826883999999,0.7122527909999999,-0.008198789,18285.300443,0.2087199044,,-0.651374484,0.1642533591,0.1275014041,0.1172864388,0.1721714382999999,0.2889468159,-0.022681091,,0.3765064571,-2.862984218,5.0,0.8357949609,0.0,,,,0.0748441406,32.718009479,209.1969697,6.612547892699999,0.0,0.0,0.0563886764,0.0,0.6253385658,0.0849346285999999,-0.1796157639999999,0.7437773059999999,0.0564152362,0.0026678523999999,-0.018188506,-0.032881046,2.0,0.0283267457,0.0215799865,0.0547970144,-0.007452064,0.1312857053999999,0.2438443828,4.0,0.0159169293,2.370168e-10,0.0109126959,0.0105308933,0.458388136,0.6033674028,8.7012212e-08,73.0,
2013-04-30,26873139.621,0.7939758449,0.6303976421999999,0.1289979557,15.716401219000002,0.0192592131,0.0547351838,0.0621321015,0.0833021032,0.1067144107,-0.143983166,0.0146737089999999,0.2541859643,0.1173702707,-0.117370271,10.0,0.0859812558,0.7960421802,-0.679752531,0.0199480717,-7.670048436,0.1176218045,0.0378026927,0.0133832325,-0.006633101,-0.0802403959999999,-0.000588175,2.9972721411000003,0.0,0.8501303215,1.1325381047,0.0,0.0,0.0469671973,-0.151832188,-0.063136232,0.1146885818,-0.051048314,-0.05472966,0.0398713088,0.0449050086,0.0020826883999999,0.7122527909999999,-0.008198789,18285.300443,0.2087199044,,-0.651374484,0.1642533591,0.1275014041,0.1172864388,0.1721714382999999,0.2889468159,-0.022681091,,0.3765064571,-2.862984218,5.0,0.8357949609,0.0,,,,0.0748441406,32.718009479,209.1969697,6.612547892699999,0.0,0.0,0.0563886764,0.0,0.6253385658,0.0849346285999999,-0.1796157639999999,0.7437773059999999,0.0564152362,0.0026678523999999,-0.018188506,-0.032881046,2.0,0.0283267457,0.0215799865,0.0547970144,-0.007452064,0.1312857053999999,0.2438443828,4.0,0.0153098726,1.907393e-10,0.0293553974,0.0093992984,0.5572754802000001,1.3700056646,7.0908569e-08,73.0,
2013-05-31,27759895.881,0.8016329058,0.6426153157,0.2420688408,15.930482189,0.0189026019,0.1148540671,0.031096125,0.1750390398999999,0.1392113477,-0.106393598,0.0260822604,0.2834874662,0.1173702707,-0.117370271,10.0,0.0859812558,0.7960421802,-0.682721033,0.0199480717,-7.670048436,0.1176218045,0.0378026927,0.0133832325,-0.006633101,-0.0802403959999999,-0.000588175,2.9972721411000003,0.0,0.8501303215,1.1325381047,0.0,0.0,0.0469671973,-0.151832188,-0.063136232,0.1146885818,-0.051048314,-0.05472966,0.0398713088,0.0449050086,0.0020826883999999,0.7122527909999999,-0.008198789,18285.300443,0.2087199044,,-0.651374484,0.1642533591,0.1275014041,0.1172864388,0.1721714382999999,0.2889468159,-0.022681091,,0.3765064571,-2.862984218,5.0,0.8357949609,0.0,,,,0.0748441406,32.718009479,209.1969697,6.612547892699999,0.0,0.0,0.0563886764,0.0,0.6253385658,0.0849346285999999,-0.1796157639999999,0.0675598299,0.0238879225,-0.0082499859999999,0.009464889,-0.017622749,0.0,0.0137514096,0.0216552721,0.0262811302999999,-0.011404023,0.1315547531,0.2438828362,4.0,0.013425566,2.198149e-10,0.0162748918,0.0085049803,0.4504776643,0.8108829881,7.118274e-08,73.0,
2013-06-28,27697385.465,0.8495987423,0.721818023,0.2119922739,15.862337254000002,0.0185020784,0.1935318018,0.0070170144999999,0.2289734066,0.2604410949,-0.160676067,-0.007316208,0.2867059867,0.1173702707,-0.117370271,10.0,0.0859812558,0.7960421802,-0.689896185,0.0199480717,-7.670048436,0.1176218045,0.0378026927,0.0133832325,-0.006633101,-0.0802403959999999,-0.000588175,2.9972721411000003,0.0,0.8501303215,1.1325381047,0.0,0.0,0.0469671973,-0.151832188,-0.063136232,0.1146885818,-0.051048314,-0.05472966,0.0398713088,0.0449050086,0.0020826883999999,0.7122527909999999,-0.008198789,18285.300443,0.2087199044,,-0.651374484,0.1642533591,0.1275014041,0.1172864388,0.1721714382999999,0.2889468159,-0.022681091,,0.3765064571,-2.862984218,5.0,0.8357949609,0.0,,,,0.0748441406,32.718009479,209.1969697,6.612547892699999,0.0,0.0,0.0563886764,0.0,0.6253385658,0.0849346285999999,-0.1796157639999999,0.0675598299,0.0238879225,-0.0082499859999999,0.009464889,-0.017622749,0.0,0.0137514096,0.0216552721,0.0262811302999999,-0.011404023,0.1315547531,0.2438828362,4.0,0.0130589586,1.59055e-10,0.0154000875,0.0088102069999999,0.3956173059,0.5123039567000001,7.2670371e-08,73.0,
2013-07-31,27009095.657,0.8405042925,0.7064474656999999,0.0987857408,15.840547331,0.0190600946,0.2034988121,-0.0248503539999999,0.1728639629,0.2255632480999999,-0.143348569,-0.06048052,0.2811605003,0.0195547903,-0.01955479,11.0,-0.002956029,0.7573243545999999,-0.852478505,0.2477922078,-1.7826501769999998,0.1125270763,0.0429619411,0.0255635078,-0.001166853,-0.148091659,-0.0003382119999999,-1.402004277,0.0,0.831031031,1.2283907238,0.0,0.0,0.0441951757,0.0454127033,0.0860599089,0.1082645646,-0.109389243,0.0505165416,0.037639177,-0.018181818,0.0056657224,0.6273051581,-0.0414600029999999,19467.48329,0.1714222882,,-0.5744118029999999,-0.022466309,0.0846352266,-0.098864015,-0.018874176,0.1283527679,0.0215520016,,0.1540233215,-0.30754352,5.0,0.82002002,0.0,,,,0.0551480134999999,10.205995388,241.41818182,6.764136525700001,0.0,0.0,-0.038313899,0.0,0.5525645409000001,0.1073294547,-0.83962754,0.0675598299,0.0238879225,-0.0082499859999999,0.009464889,-0.017622749,0.0,0.0137514096,0.0216552721,0.0262811302999999,-0.011404023,0.1315547531,0.2438828362,5.0,0.0140784273,2.377923e-10,0.0132076098,0.0113135439999999,0.2853813795,0.4377243624,7.5139916e-08,73.0,
2013-08-30,28219818.878,0.8441430174,0.7125774337999999,0.0261715406,15.87767676,0.0190645962,0.2658084591,0.0448265001,0.0847402627,0.2010177276,-0.1842206089999999,-0.023960325,0.2614424143,0.0195547903,-0.01955479,11.0,-0.002956029,0.7573243545999999,-0.84212957,0.2477922078,-1.7826501769999998,0.1125270763,0.0429619411,0.0255635078,-0.001166853,-0.148091659,-0.0003382119999999,-1.402004277,0.0,0.831031031,1.2283907238,0.0,0.0,0.0441951757,0.0454127033,0.0860599089,0.1082645646,-0.109389243,0.0505165416,0.037639177,-0.018181818,0.0056657224,0.6273051581,-0.0414600029999999,19467.48329,0.1714222882,,-0.5744118029999999,-0.022466309,0.0846352266,-0.098864015,-0.018874176,0.1283527679,0.0215520016,,0.1540233215,-0.30754352,5.0,0.82002002,0.0,,,,0.0551480134999999,10.205995388,241.41818182,6.764136525700001,0.0,0.0,-0.038313899,0.0,0.5525645409000001,0.1073294547,-0.83962754,1.2902018561,0.0399422817,0.0037258283,0.032177179,-0.012186724,0.0,0.0108412028,0.0214506964999999,0.0205052879,-0.008864004,0.1300471302999999,0.2380328744,5.0,0.0139931843999999,2.594966e-10,0.0186887439,0.0108308908,0.457345005,0.4816243331,9.035386300000001e-08,73.0,
2013-09-30,27281194.486,0.8559127944,0.7325867116,-0.002507563,15.641835572,0.0192049392999999,0.327885776,-0.0242432489999999,0.1236471250999999,0.2347913677,-0.115444255,-0.036091821,0.2355304601,0.0195547903,-0.01955479,11.0,-0.002956029,0.7573243545999999,-0.8666116490000001,0.2477922078,-1.7826501769999998,0.1125270763,0.0429619411,0.0255635078,-0.001166853,-0.148091659,-0.0003382119999999,-1.402004277,0.0,0.831031031,1.2283907238,0.0,0.0,0.0441951757,0.0454127033,0.0860599089,0.1082645646,-0.109389243,0.0505165416,0.037639177,-0.018181818,0.0056657224,0.6273051581,-0.0414600029999999,19467.48329,0.1714222882,,-0.5744118029999999,-0.022466309,0.0846352266,-0.098864015,-0.018874176,0.1283527679,0.0215520016,,0.1540233215,-0.30754352,5.0,0.82002002,0.0,,,,0.0551480134999999,10.205995388,241.41818182,6.764136525700001,0.0,0.0,-0.038313899,0.0,0.5525645409000001,0.1073294547,-0.83962754,1.2902018561,0.0399422817,0.0037258283,0.032177179,-0.012186724,0.0,0.0108412028,0.0214506964999999,0.0205052879,-0.008864004,0.1300471302999999,0.2380328744,5.0,0.0128581827,3.039869e-10,0.0155745698,0.009236195,0.3335100042,0.2989568562,1.0158587000000001e-07,73.0,
2013-10-31,29048495.807,0.8433669740999999,0.7112678531000001,-0.051469361,15.490306623,0.0194174826,0.2735628442,0.0647809355999999,0.0322692129,0.1877392166,-0.167968163,-0.0162512569999999,0.1990189462,0.0195547903,-0.01955479,11.0,-0.002956029,0.7573243545999999,-0.810386488,0.2477922078,-1.7826501769999998,0.1125270763,0.0429619411,0.0255635078,-0.001166853,-0.148091659,-0.0003382119999999,-1.402004277,0.0,0.831031031,1.2283907238,0.0,0.0,0.0441951757,0.0454127033,0.0860599089,0.1082645646,-0.109389243,0.0505165416,0.037639177,-0.018181818,0.0056657224,0.6273051581,-0.0414600029999999,19467.48329,0.1714222882,,-0.5744118029999999,-0.022466309,0.0846352266,-0.098864015,-0.018874176,0.1283527679,0.0215520016,,0.1540233215,-0.30754352,5.0,0.82002002,0.0,,,,0.0551480134999999,10.205995388,241.41818182,6.764136525700001,0.0,0.0,-0.038313899,0.0,0.5525645409000001,0.1073294547,-0.83962754,1.2902018561,0.0399422817,0.0037258283,0.032177179,-0.012186724,0.0,0.0108412028,0.0214506964999999,0.0205052879,-0.008864004,0.1300471302999999,0.2380328744,5.0,0.0114148362999999,2.671672e-10,0.0138054945999999,0.0067361784999999,0.2584921194,0.2541297409,1.2057080000000002e-07,73.0,
2013-11-29,31172580.147,0.8534932706999999,0.7284507631999999,-0.067638351,15.477584581,0.0194146691999999,0.4202855393,0.0731220096,0.0659923471,0.29153309,-0.200602326,-0.016933998,0.2330153589999999,0.0195547903,-0.01955479,11.0,-0.002956029,0.7573243545999999,-0.815160143,0.2477922078,-1.7826501769999998,0.1125270763,0.0429619411,0.0255635078,-0.001166853,-0.148091659,-0.0003382119999999,-1.402004277,0.0,0.831031031,1.2283907238,0.0,0.0,0.0441951757,0.0454127033,0.0860599089,0.1082645646,-0.109389243,0.0505165416,0.037639177,-0.018181818,0.0056657224,0.6273051581,-0.0414600029999999,19467.48329,0.1714222882,,-0.5744118029999999,-0.022466309,0.0846352266,-0.098864015,-0.018874176,0.1283527679,0.0215520016,,0.1540233215,-0.30754352,5.0,0.82002002,0.0,,,,0.0551480134999999,10.205995388,241.41818182,6.764136525700001,0.0,0.0,-0.038313899,0.0,0.5525645409000001,0.1073294547,-0.83962754,0.7753083695999999,0.0132001872,0.0090030742,-0.030218618,0.0058707867,0.0,-0.000951738,0.0214930424,-0.001808107,-0.005198015,0.137066423,0.2456298807999999,5.0,0.0125839944,2.531514e-10,0.0313461795,0.0109598892,0.5887681845,0.7552363732999999,5.9404765e-08,73.0,
2013-12-31,30936997.184,0.8579484395,0.7360755249,-0.0975464809999999,16.116257470999997,0.0194675126,0.4314670215999999,0.0035933289,0.1359687406,0.4058716541,-0.177512515,-0.020842666,0.2220500907,0.0195547903,-0.01955479,11.0,-0.002956029,0.7573243545999999,-0.8172470000000001,0.2477922078,-1.7826501769999998,0.1125270763,0.0429619411,0.0255635078,-0.001166853,-0.148091659,-0.0003382119999999,-1.402004277,0.0,0.831031031,1.2283907238,0.0,0.0,0.0441951757,0.0454127033,0.0860599089,0.1082645646,-0.109389243,0.0505165416,0.037639177,-0.018181818,0.0056657224,0.6273051581,-0.0414600029999999,19467.48329,0.1714222882,,-0.5744118029999999,-0.022466309,0.0846352266,-0.098864015,-0.018874176,0.1283527679,0.0215520016,,0.1540233215,-0.30754352,5.0,0.82002002,0.0,,,,0.0551480134999999,10.205995388,241.41818182,6.764136525700001,0.0,0.0,-0.038313899,0.0,0.5525645409000001,0.1073294547,-0.83962754,0.7753083695999999,0.0132001872,0.0090030742,-0.030218618,0.0058707867,0.0,-0.000951738,0.0214930424,-0.001808107,-0.005198015,0.137066423,0.2456298807999999,5.0,0.0108007359,1.824888e-10,0.0141069675,0.0057508279,0.3032009185,0.235037386,1.3927024e-07,73.0,
2014-01-31,31028737.99,0.836031263,0.6989482726999999,0.0391468733,15.398845706,0.0207766521,0.4732605064,0.0117709637,0.1691032798,0.3371243231,-0.153308045,-0.0237687779999999,0.2133506087999999,0.0195547903,-0.01955479,11.0,-0.002956029,0.7573243545999999,-0.815356583,0.2477922078,-1.7826501769999998,0.1125270763,0.0429619411,0.0255635078,-0.001166853,-0.148091659,-0.0003382119999999,-1.402004277,0.0,0.831031031,1.2283907238,0.0,0.0,0.0441951757,0.0454127033,0.0860599089,0.1082645646,-0.109389243,0.0505165416,0.037639177,-0.018181818,0.0056657224,0.6273051581,-0.0414600029999999,19467.48329,0.1714222882,,-0.5744118029999999,-0.022466309,0.0846352266,-0.098864015,-0.018874176,0.1283527679,0.0215520016,,0.1540233215,-0.30754352,5.0,0.82002002,0.0,,,,0.0551480134999999,10.205995388,241.41818182,6.764136525700001,0.0,0.0,-0.038313899,0.0,0.5525645409000001,0.1073294547,-0.83962754,0.5038755153,0.0497471009,-0.0019107879999999,-0.018947645,-0.03619057,1.0,0.0075518802,0.0214722329999999,0.0144780137999999,-0.004033455,0.1378504682,0.2453434585,5.0,0.010741561,2.918427e-10,0.0199454483,0.0080355905,0.5028683062,0.3162037208,1.3348548999999998e-07,73.0,
2014-02-28,29584779.047,0.8439386648999999,0.7122324701,-0.053933769,15.401358773,0.0199111506,0.4568115936999999,-0.0465361809999999,0.132115956,0.2831010217,-0.168409636,0.0074814257999999,0.1604256457,0.0195547903,-0.01955479,11.0,-0.002956029,0.7573243545999999,-0.8210861629999999,0.2477922078,-1.7826501769999998,0.1125270763,0.0429619411,0.0255635078,-0.001166853,-0.148091659,-0.0003382119999999,-1.402004277,0.0,0.831031031,1.2283907238,0.0,0.0,0.0441951757,0.0454127033,0.0860599089,0.1082645646,-0.109389243,0.0505165416,0.037639177,-0.018181818,0.0056657224,0.6273051581,-0.0414600029999999,19467.48329,0.1714222882,,-0.5744118029999999,-0.022466309,0.0846352266,-0.098864015,-0.018874176,0.1283527679,0.0215520016,,0.1540233215,-0.30754352,5.0,0.82002002,0.0,,,,0.0551480134999999,10.205995388,241.41818182,6.764136525700001,0.0,0.0,-0.038313899,0.0,0.5525645409000001,0.1073294547,-0.83962754,0.5038755153,0.0497471009,-0.0019107879999999,-0.018947645,-0.03619057,1.0,0.0075518802,0.0214722329999999,0.0144780137999999,-0.004033455,0.1378504682,0.2453434585,5.0,0.0128017212999999,3.060557e-10,0.0118629987999999,0.0086121434999999,0.2555368076,0.1973922243,1.2622e-07,73.0,
2014-03-31,28173635.005,0.8430999347,0.7108175,-0.032798087,15.401298441,0.0198750584,0.4296835789,-0.038546897,0.1062507139,0.2129002172,-0.155943358,-0.040544751,0.1888910284,0.0195547903,-0.01955479,11.0,-0.002956029,0.7573243545999999,-0.826345599,0.2477922078,-1.7826501769999998,0.1125270763,0.0429619411,0.0255635078,-0.001166853,-0.148091659,-0.0003382119999999,-1.402004277,0.0,0.831031031,1.2283907238,0.0,0.0,0.0441951757,0.0454127033,0.0860599089,0.1082645646,-0.109389243,0.0505165416,0.037639177,-0.018181818,0.0056657224,0.6273051581,-0.0414600029999999,19467.48329,0.1714222882,,-0.5744118029999999,-0.022466309,0.0846352266,-0.098864015,-0.018874176,0.1283527679,0.0215520016,,0.1540233215,-0.30754352,5.0,0.82002002,0.0,,,,0.0551480134999999,10.205995388,241.41818182,6.764136525700001,0.0,0.0,-0.038313899,0.0,0.5525645409000001,0.1073294547,-0.83962754,0.5038755153,0.0497471009,-0.0019107879999999,-0.018947645,-0.03619057,1.0,0.0075518802,0.0214722329999999,0.0144780137999999,-0.004033455,0.1378504682,0.2453434585,5.0,0.0162648083,2.05943e-10,0.01627836,0.0164527328,0.3177820868,0.5313103138,9.5660563e-08,73.0,
2014-04-30,27884252.422,0.8156212831999999,0.6652380776,-0.104314353,15.729728771,0.0206419812999999,0.4305375986999999,-0.00407686,-0.001101405,0.0979299799,-0.098702585,-0.037417843,0.2024355476,0.0195547903,-0.01955479,11.0,-0.002956029,0.7573243545999999,-0.7918392759999999,0.2477922078,-1.7826501769999998,0.1125270763,0.0429619411,0.0255635078,-0.001166853,-0.148091659,-0.0003382119999999,-1.402004277,0.0,0.831031031,1.2283907238,0.0,0.0,0.0441951757,0.0454127033,0.0860599089,0.1082645646,-0.109389243,0.0505165416,0.037639177,-0.018181818,0.0056657224,0.6273051581,-0.0414600029999999,19467.48329,0.1714222882,,-0.5744118029999999,-0.022466309,0.0846352266,-0.098864015,-0.018874176,0.1283527679,0.0215520016,,0.1540233215,-0.30754352,5.0,0.82002002,0.0,,,,0.0551480134999999,10.205995388,241.41818182,6.764136525700001,0.0,0.0,-0.038313899,0.0,0.5525645409000001,0.1073294547,-0.83962754,1.4235947198,0.0191090823,0.0035412525,0.0128969793,0.0602922607,2.0,0.0083580064,0.0214993736,0.0162411603,-0.003278632,0.1380634902999999,0.2450764093,5.0,0.011899594,2.080691e-10,0.018100908,0.0071886065,0.2936340715,0.2872139039,1.0584868e-07,73.0,
2014-05-30,29450484.068000004,0.8153797378000001,0.6648441168,-0.163229918,15.524145473,0.0207259601,0.3888223590999999,0.0578947216,-0.0729607479999999,0.0604771428,-0.0989205619999999,-0.050902228,0.2184527164,0.0195547903,-0.01955479,11.0,-0.002956029,0.7573243545999999,-0.793412777,0.2477922078,-1.7826501769999998,0.1125270763,0.0429619411,0.0255635078,-0.001166853,-0.148091659,-0.0003382119999999,-1.402004277,0.0,0.831031031,1.2283907238,0.0,0.0,0.0441951757,0.0454127033,0.0860599089,0.1082645646,-0.109389243,0.0505165416,0.037639177,-0.018181818,0.0056657224,0.6273051581,-0.0414600029999999,19467.48329,0.1714222882,,-0.5744118029999999,-0.022466309,0.0846352266,-0.098864015,-0.018874176,0.1283527679,0.0215520016,,0.1540233215,-0.30754352,5.0,0.82002002,0.0,,,,0.0551480134999999,10.205995388,241.41818182,6.764136525700001,0.0,0.0,-0.038313899,0.0,0.5525645409000001,0.1073294547,-0.83962754,1.4235947198,0.0191090823,0.0035412525,0.0128969793,0.0602922607,2.0,0.0083580064,0.0214993736,0.0162411603,-0.003278632,0.1380634902999999,0.2450764093,5.0,0.0128067274,2.511185e-10,0.0387596451,0.011564439,0.3974993243999999,0.3782234724,9.906972300000001e-08,73.0,
2014-06-30,28073644.569,0.8214582748,0.6747936973,-0.194183011,15.640454287,0.020704578,0.224660705,-0.032061957,-0.022801464,0.1140558259,-0.065107635,-0.032815156,0.1999546094,0.0195547903,-0.01955479,11.0,-0.002956029,0.7573243545999999,-0.7935867409999999,0.2477922078,-1.7826501769999998,0.1125270763,0.0429619411,0.0255635078,-0.001166853,-0.148091659,-0.0003382119999999,-1.402004277,0.0,0.831031031,1.2283907238,0.0,0.0,0.0441951757,0.0454127033,0.0860599089,0.1082645646,-0.109389243,0.0505165416,0.037639177,-0.018181818,0.0056657224,0.6273051581,-0.0414600029999999,19467.48329,0.1714222882,,-0.5744118029999999,-0.022466309,0.0846352266,-0.098864015,-0.018874176,0.1283527679,0.0215520016,,0.1540233215,-0.30754352,5.0,0.82002002,0.0,,,,0.0551480134999999,10.205995388,241.41818182,6.764136525700001,0.0,0.0,-0.038313899,0.0,0.5525645409000001,0.1073294547,-0.83962754,1.4235947198,0.0191090823,0.0035412525,0.0128969793,0.0602922607,2.0,0.0083580064,0.0214993736,0.0162411603,-0.003278632,0.1380634902999999,0.2450764093,5.0,0.0118939022,2.489433e-10,0.0184544232,0.0086554881,0.3120475047,0.2673109214999999,1.1111285000000001e-07,73.0,
2014-07-31,29425130.414,0.8174209915,0.6681770773,-0.202996346,15.481862979,0.0206092551,0.2236713967,0.0481407344,-0.065136604,0.1058169585,-0.054116389,-0.055702873,0.2095850755999999,0.0607897125,-0.0607897129999999,12.0,0.0040832617,0.5705033832,-0.650584095,0.1249557635999999,4.596732462,0.0677986868,0.0196126568,0.0076788303,-0.008158161,-0.122752054,-0.000276876,-0.403366501,0.0,0.8191556395999999,1.4058869094,0.0,0.0,0.0348181558,-0.065101262,0.0040943572,0.1057042859,-0.035542747,0.0807248004,0.0353751108,-0.026936027,-0.007337591,0.516114682,0.0620273317999999,25009.452164,0.1717884985,,0.0166436242,-0.014289949,0.1444948925,0.0226177973,-0.012836536,0.1202563365,-0.004663776,,0.1437847502,-15.55905512,4.0,0.8094938037999999,0.0,,,,0.0515366275999999,9.6519756839,276.13043478,6.7313195548,0.0,0.0,-0.043380027,0.0,0.4095001993,0.1042279972,5.6535071064,1.4235947198,0.0191090823,0.0035412525,0.0128969793,0.0602922607,2.0,0.0083580064,0.0214993736,0.0162411603,-0.003278632,0.1380634902999999,0.2450764093,4.0,0.0103070693,1.812999e-10,0.0141251570999999,0.0072244208,0.4799586422999999,0.841388693,9.122019800000001e-08,73.0,
2014-08-29,30598575.431,0.8086594823000001,0.6539301583,-0.010754882,15.720639407,0.0204458606,0.1669904076,0.0398790091,0.0276933289,0.1093246572,0.0781283162,-0.248470584,0.2038047885,0.0607897125,-0.0607897129999999,12.0,0.0040832617,0.5705033832,-0.651964451,0.1249557635999999,4.596732462,0.0677986868,0.0196126568,0.0076788303,-0.008158161,-0.122752054,-0.000276876,-0.403366501,0.0,0.8191556395999999,1.4058869094,0.0,0.0,0.0348181558,-0.065101262,0.0040943572,0.1057042859,-0.035542747,0.0807248004,0.0353751108,-0.026936027,-0.007337591,0.516114682,0.0620273317999999,25009.452164,0.1717884985,,0.0166436242,-0.014289949,0.1444948925,0.0226177973,-0.012836536,0.1202563365,-0.004663776,,0.1437847502,-15.55905512,4.0,0.8094938037999999,0.0,,,,0.0515366275999999,9.6519756839,276.13043478,6.7313195548,0.0,0.0,-0.043380027,0.0,0.4095001993,0.1042279972,5.6535071064,1.4739003227,0.0405684516,0.0117278644,0.027819196,-0.0501152979999999,0.0,-0.011175822,0.0218429827,-0.020989771,-0.002772557,0.150367663,0.2443845582,4.0,0.0106756853,2.465756e-10,0.0295392983,0.0080527003,0.4305905682,0.4087843135,1.0451242e-07,73.0,
2014-09-30,30459814.326,0.7596294238,0.5770368614,0.06026127,15.577190622,0.0199213471999999,0.1258116099,0.0111081768,0.111522463,0.182224385,0.1590415805,-0.300874967,0.2028691032,0.0607897125,-0.0607897129999999,12.0,0.0040832617,0.5705033832,-0.634749352,0.1249557635999999,4.596732462,0.0677986868,0.0196126568,0.0076788303,-0.008158161,-0.122752054,-0.000276876,-0.403366501,0.0,0.8191556395999999,1.4058869094,0.0,0.0,0.0348181558,-0.065101262,0.0040943572,0.1057042859,-0.035542747,0.0807248004,0.0353751108,-0.026936027,-0.007337591,0.516114682,0.0620273317999999,25009.452164,0.1717884985,,0.0166436242,-0.014289949,0.1444948925,0.0226177973,-0.012836536,0.1202563365,-0.004663776,,0.1437847502,-15.55905512,4.0,0.8094938037999999,0.0,,,,0.0515366275999999,9.6519756839,276.13043478,6.7313195548,0.0,0.0,-0.043380027,0.0,0.4095001993,0.1042279972,5.7096142683,1.4739003227,0.0405684516,0.0117278644,0.027819196,-0.0501152979999999,0.0,-0.011175822,0.0218429827,-0.020989771,-0.002772557,0.150367663,0.2443845582,4.0,0.0114017141,1.967401e-10,0.0106438985,0.0061939226,0.4389684307,0.4757063797999999,1.1207583e-07,73.0,
2014-10-31,29262316.367,0.6703964954,0.449431461,0.089279137,15.555466134,0.019363086,0.0894725238,-0.039314028,0.1284700658999999,0.122631616,0.4121242190999999,0.0622157292,0.1741283009,0.0607897125,-0.0607897129999999,12.0,0.0040832617,0.5705033832,-0.695658632,0.1249557635999999,4.596732462,0.0677986868,0.0196126568,0.0076788303,-0.008158161,-0.122752054,-0.000276876,-0.403366501,0.0,0.8191556395999999,1.4058869094,0.0,0.0,0.0348181558,-0.065101262,0.0040943572,0.1057042859,-0.035542747,0.0807248004,0.0353751108,-0.026936027,-0.007337591,0.516114682,0.0620273317999999,25009.452164,0.1717884985,,0.0166436242,-0.014289949,0.1444948925,0.0226177973,-0.012836536,0.1202563365,-0.004663776,,0.1437847502,-15.55905512,4.0,0.8094938037999999,0.0,,,,0.0515366275999999,9.6519756839,276.13043478,6.7313195548,0.0,0.0,-0.043380027,0.0,0.4095001993,0.1042279972,5.7096142683,1.4739003227,0.0405684516,0.0117278644,0.027819196,-0.0501152979999999,0.0,-0.011175822,0.0218429827,-0.020989771,-0.002772557,0.150367663,0.2443845582,4.0,0.0126580696,2.085454e-10,0.0062195659,0.0055861742,0.2977002116,0.221801175,1.4492826e-07,73.0,
2014-11-28,29913305.561,0.6965217551,0.4851425553,0.0668641586,15.252128973,0.019043856,0.0128643106,0.0222466737,0.0247762277999999,0.0050082243,0.3810555882,-0.2864865889999999,0.203355865,0.0607897125,-0.0607897129999999,12.0,0.0040832617,0.5705033832,-0.128305941,0.1249557635999999,4.596732462,0.0677986868,0.0196126568,0.0076788303,-0.008158161,-0.122752054,-0.000276876,-0.403366501,0.0,0.8191556395999999,1.4058869094,0.0,0.0,0.0348181558,-0.065101262,0.0040943572,0.1057042859,-0.035542747,0.0807248004,0.0353751108,-0.026936027,-0.007337591,0.516114682,0.0620273317999999,25009.452164,0.1717884985,,0.0166436242,-0.014289949,0.1444948925,0.0226177973,-0.012836536,0.1202563365,-0.004663776,,0.1437847502,-15.55905512,4.0,0.8094938037999999,0.0,,,,0.0515366275999999,9.6519756839,276.13043478,6.7313195548,0.0,0.0,-0.043380027,0.0,0.4095001993,0.1042279972,5.6535071064,0.3971920682,0.0210962457,-0.00811359,-0.01227353,0.0337278442,1.0,0.0086932396,0.0218846464,0.0175854328,-0.001622274,0.1548517725,0.2450622455,4.0,0.0163963938,2.753939e-10,0.0226958115,0.0110003784,0.330329001,0.44474707,6.881570599999999e-08,73.0,
2014-12-31,31676553.579,0.6174481668999999,0.3812422389,0.2152068941,15.927963395,0.0190654468999999,0.0028944463,0.0728102400999999,0.0822739095,0.0236878672,0.5019415579,-0.031492397,0.1957979597,0.0607897125,-0.0607897129999999,12.0,0.0040832617,0.5705033832,-0.129354724,0.1249557635999999,4.596732462,0.0677986868,0.0196126568,0.0076788303,-0.008158161,-0.122752054,-0.000276876,-0.403366501,0.0,0.8191556395999999,1.4058869094,0.0,0.0,0.0348181558,-0.065101262,0.0040943572,0.1057042859,-0.035542747,0.0807248004,0.0353751108,-0.026936027,-0.007337591,0.516114682,0.0620273317999999,25009.452164,0.1717884985,,0.0166436242,-0.014289949,0.1444948925,0.0226177973,-0.012836536,0.1202563365,-0.004663776,,0.1437847502,-15.55905512,4.0,0.8094938037999999,0.0,,,,0.0515366275999999,9.6519756839,276.13043478,6.7313195548,0.0,0.0,-0.043380027,0.0,0.4095001993,0.1042279972,5.7096142683,0.3971920682,0.0210962457,-0.00811359,-0.01227353,0.0337278442,1.0,0.0086932396,0.0218846464,0.0175854328,-0.001622274,0.1548517725,0.2450622455,4.0,0.0127460341,2.635114e-10,0.0166487359,0.0067037747999999,0.4788725947999999,0.5506600479,1.3998716e-07,73.0,
2015-01-30,32268490.542,0.644815169,0.4157866021999999,0.1485787485,15.47076412,0.0188726407,-0.036502236,0.0186869111,0.1077467888,0.0854460802,0.5424122997999999,0.0055187739,0.2110971235,0.0607897125,-0.0607897129999999,12.0,0.0040832617,0.5705033832,-0.134536528,0.1249557635999999,4.596732462,0.0677986868,0.0196126568,0.0076788303,-0.008158161,-0.122752054,-0.000276876,-0.403366501,0.0,0.8191556395999999,1.4058869094,0.0,0.0,0.0348181558,-0.065101262,0.0040943572,0.1057042859,-0.035542747,0.0807248004,0.0353751108,-0.026936027,-0.007337591,0.516114682,0.0620273317999999,25009.452164,0.1717884985,,0.0166436242,-0.014289949,0.1444948925,0.0226177973,-0.012836536,0.1202563365,-0.004663776,,0.1437847502,-15.55905512,4.0,0.8094938037999999,0.0,,,,0.0515366275999999,9.6519756839,276.13043478,6.7313195548,0.0,0.0,-0.043380027,0.0,0.4095001993,0.1042279972,5.236359412,0.8395279956,0.0222940022,-0.005212189,-0.003838073,0.0202153325,0.0,0.00787551,0.0218721310999999,0.0157934796,-0.000136883,0.1541378651,0.243820232,4.0,0.0143297248,2.683405e-10,0.0219865106,0.008784607,0.2953704691,0.2547138346,1.0448578e-07,73.0,
2015-02-27,30716660.421,0.6759962159,0.4569708839,-0.035692329,15.630583312,0.0179810626,-0.028749627,-0.048091192,0.0851715869,0.1596976127,0.4267667442,0.1020220077,0.1895314448999999,0.0607897125,-0.0607897129999999,12.0,0.0040832617,0.5705033832,-0.134845422,0.1249557635999999,4.596732462,0.0677986868,0.0196126568,0.0076788303,-0.008158161,-0.122752054,-0.000276876,-0.403366501,0.0,0.8191556395999999,1.4058869094,0.0,0.0,0.0348181558,-0.065101262,0.0040943572,0.1057042859,-0.035542747,0.0807248004,0.0353751108,-0.026936027,-0.007337591,0.516114682,0.0620273317999999,25009.452164,0.1717884985,,0.0166436242,-0.014289949,0.1444948925,0.0226177973,-0.012836536,0.1202563365,-0.004663776,,0.1437847502,-15.55905512,4.0,0.8094938037999999,0.0,,,,0.0515366275999999,9.6519756839,276.13043478,6.7313195548,0.0,0.0,-0.043380027,0.0,0.4095001993,0.1042279972,5.3172079204000005,0.8395279956,0.0222940022,-0.005212189,-0.003838073,0.0202153325,0.0,0.00787551,0.0218721310999999,0.0157934796,-0.000136883,0.1541378651,0.243820232,4.0,0.019127345,3.223456e-10,0.024176918,0.0130780816999999,0.2458838378999999,0.2361164586,1.0268808e-07,73.0,
2015-03-31,31412583.876,0.7020504899,0.4928748903,-0.070174453,15.693961393,0.0184568476,-0.112649624,0.0313801803,0.02163588,0.1481853556,0.2870286267,-0.002404986,0.2179221791,0.0607897125,-0.0607897129999999,12.0,0.0040832617,0.5705033832,-0.1389135759999999,0.1249557635999999,4.596732462,0.0677986868,0.0196126568,0.0076788303,-0.008158161,-0.122752054,-0.000276876,-0.403366501,0.0,0.8191556395999999,1.4058869094,0.0,0.0,0.0348181558,-0.065101262,0.0040943572,0.1057042859,-0.035542747,0.0807248004,0.0353751108,-0.026936027,-0.007337591,0.516114682,0.0620273317999999,25009.452164,0.1717884985,,0.0166436242,-0.014289949,0.1444948925,0.0226177973,-0.012836536,0.1202563365,-0.004663776,,0.1437847502,-15.55905512,4.0,0.8094938037999999,0.0,,,,0.0515366275999999,9.6519756839,276.13043478,6.7313195548,0.0,0.0,-0.043380027,0.0,0.4095001993,0.1042279972,5.6284152552,0.8395279956,0.0222940022,-0.005212189,-0.003838073,0.0202153325,0.0,0.00787551,0.0218721310999999,0.0157934796,-0.000136883,0.1541378651,0.243820232,4.0,0.0155617328,2.144553e-10,0.0164061785,0.0100990016,0.3388505158,0.5200724197,9.492095300000001e-08,73.0,
2015-04-30,32055704.765,0.7133054025,0.5088045972,0.0487397223,15.846311404,0.018303047,-0.012553255,0.0328495279,0.0968152223,0.1890632639,0.2853297716,-0.0335281039999999,0.2386224454,0.0607897125,-0.0607897129999999,12.0,0.0040832617,0.5705033832,-0.140061407,0.1249557635999999,4.596732462,0.0677986868,0.0196126568,0.0076788303,-0.008158161,-0.122752054,-0.000276876,-0.403366501,0.0,0.8191556395999999,1.4058869094,0.0,0.0,0.0348181558,-0.065101262,0.0040943572,0.1057042859,-0.035542747,0.0807248004,0.0353751108,-0.026936027,-0.007337591,0.516114682,0.0620273317999999,25009.452164,0.1717884985,,0.0166436242,-0.014289949,0.1444948925,0.0226177973,-0.012836536,0.1202563365,-0.004663776,,0.1437847502,-15.55905512,4.0,0.8094938037999999,0.0,,,,0.0515366275999999,9.6519756839,276.13043478,6.7313195548,0.0,0.0,-0.043380027,0.0,0.4095001993,0.1042279972,5.7790969724000005,0.2375825557999999,0.0532533165,0.0018573901999999,-0.016615557,-0.009601741,0.0,0.0073152194999999,0.0218654691,0.0147651007,0.0007210342,0.1537561663,0.2444496488,4.0,0.0151657953,2.484532e-10,0.0159362406,0.010720881,0.1772640734,0.1897410177,7.896710300000001e-08,73.0,
2015-05-29,32450868.765,0.7071276634,0.5000295324,0.0742785571,15.915453223,0.0183630227,0.0590606026999999,0.0123274159,0.1081915096,0.1609127125,0.3177930707,-0.208631376,0.2619937695,0.0607897125,-0.0607897129999999,12.0,0.0040832617,0.5705033832,-0.141377012,0.1249557635999999,4.596732462,0.0677986868,0.0196126568,0.0076788303,-0.008158161,-0.122752054,-0.000276876,-0.403366501,0.0,0.8191556395999999,1.4058869094,0.0,0.0,0.0348181558,-0.065101262,0.0040943572,0.1057042859,-0.035542747,0.0807248004,0.0353751108,-0.026936027,-0.007337591,0.516114682,0.0620273317999999,25009.452164,0.1717884985,,0.0166436242,-0.014289949,0.1444948925,0.0226177973,-0.012836536,0.1202563365,-0.004663776,,0.1437847502,-15.55905512,4.0,0.8094938037999999,0.0,,,,0.0515366275999999,9.6519756839,276.13043478,6.7313195548,0.0,0.0,-0.043380027,0.0,0.4095001993,0.1042279972,5.7790969724000005,0.2375825557999999,0.0532533165,0.0018573901999999,-0.016615557,-0.009601741,0.0,0.0073152194999999,0.0218654691,0.0147651007,0.0007210342,0.1537561663,0.2444496488,4.0,0.0150622113999999,1.594675e-10,0.0172626581,0.0085979874,0.3837476471,0.5163559833,7.4474959e-08,73.0,
2015-06-30,31341026.882,0.6815985711,0.4645766121999999,-0.134843608,16.021327920999997,0.0182977169999999,0.0699266121,-0.018631326,0.0457139626,0.2141518505,0.3687176771,-0.226460695,0.2354413433,0.0607897125,-0.0607897129999999,12.0,0.0040832617,0.5705033832,-0.141492909,0.1249557635999999,4.596732462,0.0677986868,0.0196126568,0.0076788303,-0.008158161,-0.122752054,-0.000276876,-0.403366501,0.0,0.8191556395999999,1.4058869094,0.0,0.0,0.0348181558,-0.065101262,0.0040943572,0.1057042859,-0.035542747,0.0807248004,0.0353751108,-0.026936027,-0.007337591,0.516114682,0.0620273317999999,25009.452164,0.1717884985,,0.0166436242,-0.014289949,0.1444948925,0.0226177973,-0.012836536,0.1202563365,-0.004663776,,0.1437847502,-15.55905512,4.0,0.8094938037999999,0.0,,,,0.0515366275999999,9.6519756839,276.13043478,6.7313195548,0.0,0.0,-0.043380027,0.0,0.4095001993,0.1042279972,5.854795939600001,0.2375825557999999,0.0532533165,0.0018573901999999,-0.016615557,-0.009601741,0.0,0.0073152194999999,0.0218654691,0.0147651007,0.0007210342,0.1537561663,0.2444496488,4.0,0.0129112836,2.616302e-10,0.0169703104,0.0083660803,0.3111678151,0.2464771139,1.3135166e-07,73.0,
2015-07-31,29858681.461,0.6368782465,0.4056139009,-0.168689079,15.475173239,0.0182304179,0.0305005895,-0.047297284,0.0074056254,0.1368040115,0.3851915768,-0.098092292,0.2190698405999999,0.014499651,-0.014499651,13.0,0.0567835013,0.4763780314,-0.324526587,0.2335743575,8.9295534774,0.0736812609,0.0329725291999999,0.0192478764,-0.029433425,-0.268268455,-0.000285551,-0.01738079,0.0,0.7931259517,1.5414551607,0.0,0.0,0.0332904767,-0.116664574,0.0594495041999999,0.1077098553999999,-0.009211873,-0.006789771,0.0315616028,-0.083044983,0.0048706804,0.4963364058,-0.004435005,25775.400032,0.2008847255,,-0.505974045,-0.031776242,0.0964289876,0.0222918004999999,-0.030162775,0.1881730368,-5.9953e-05,,0.2339448565,-0.239392352,6.0,0.7850772243,0.0,,,,0.0571960811,12.384086444,340.72972973,6.7309129738,0.0,0.0,-0.0074791369999999,0.0,0.3926034049,0.0983692519,-0.712953582,0.2375825557999999,0.0532533165,0.0018573901999999,-0.016615557,-0.009601741,0.0,0.0073152194999999,0.0218654691,0.0147651007,0.0007210342,0.1537561663,0.2444496488,5.0,0.0115572637,2.299344e-10,0.011600947,0.0085422604,0.3734191522,0.4003500652,9.5803574e-08,73.0,
2015-08-31,31725340.098,0.6376929061,0.4066522424,0.0382933691999999,15.639722722,0.0179596271999999,0.0836374287,0.0625164434,0.0082458185,0.0415021937999999,0.4475550039,-0.169359939,0.198079426,0.014499651,-0.014499651,13.0,0.0567835013,0.4763780314,-0.328085333,0.2335743575,8.9295534774,0.0736812609,0.0329725291999999,0.0192478764,-0.029433425,-0.268268455,-0.000285551,-0.01738079,0.0,0.7931259517,1.5414551607,0.0,0.0,0.0332904767,-0.116664574,0.0594495041999999,0.1077098553999999,-0.009211873,-0.006789771,0.0315616028,-0.083044983,0.0048706804,0.4963364058,-0.004435005,25775.400032,0.2008847255,,-0.505974045,-0.031776242,0.0964289876,0.0222918004999999,-0.030162775,0.1881730368,-5.9953e-05,,0.2339448565,-0.239392352,6.0,0.7850772243,0.0,,,,0.0571960811,12.384086444,340.72972973,6.7309129738,0.0,0.0,-0.0074791369999999,0.0,0.3926034049,0.0983692519,-0.712953582,0.9939795835,0.0332712357,-0.01282407,0.0204175804,-0.02021439,1.0,0.0362286797,0.023347776,0.0763801026,-0.002086494,0.1502445459,0.2602428364999999,5.0,0.0153596324,3.406516e-10,0.0411577075999999,0.0154488154,0.3877310347,0.4305412006,9.2102407e-08,73.0,
2015-09-30,30293458.502,0.6341807795000001,0.4021852610999999,-0.048264629,15.739759995999998,0.0186248075,0.0278574499,-0.032014858,0.0386836801,0.0944557983,0.4402327596,-0.075845797,0.2367489068,0.014499651,-0.014499651,13.0,0.0567835013,0.4763780314,-0.328886744,0.2335743575,8.9295534774,0.0736812609,0.0329725291999999,0.0192478764,-0.029433425,-0.268268455,-0.000285551,-0.01738079,0.0,0.7931259517,1.5414551607,0.0,0.0,0.0332904767,-0.116664574,0.0594495041999999,0.1077098553999999,-0.009211873,-0.006789771,0.0315616028,-0.083044983,0.0048706804,0.4963364058,-0.004435005,25775.400032,0.2008847255,,-0.505974045,-0.031776242,0.0964289876,0.0222918004999999,-0.030162775,0.1881730368,-5.9953e-05,,0.2339448565,-0.239392352,6.0,0.7850772243,0.0,,,,0.0571960811,12.384086444,340.72972973,6.7309129738,0.0,0.0,-0.0074791369999999,0.0,0.3926034049,0.0983692519,-0.712953582,0.9939795835,0.0332712357,-0.01282407,0.0204175804,-0.02021439,1.0,0.0362286797,0.023347776,0.0763801026,-0.002086494,0.1502445459,0.2602428364999999,5.0,0.0201138509,2.399833e-10,0.0338111967,0.0157852257,0.3919320442,0.5602770471999999,7.3548013e-08,73.0,
2015-10-30,31417171.51,0.6508294946000001,0.423579031,-0.1232826809999999,15.969809575,0.0187535332,-0.001167236,0.0370942466,-0.0265470989999999,0.1027713343,0.3639551217,-0.091808067,0.2668439866,0.014499651,-0.014499651,13.0,0.0567835013,0.4763780314,-0.337510916,0.2335743575,8.9295534774,0.0736812609,0.0329725291999999,0.0192478764,-0.029433425,-0.268268455,-0.000285551,-0.01738079,0.0,0.7931259517,1.5414551607,0.0,0.0,0.0332904767,-0.116664574,0.0594495041999999,0.1077098553999999,-0.009211873,-0.006789771,0.0315616028,-0.083044983,0.0048706804,0.4963364058,-0.004435005,25775.400032,0.2008847255,,-0.505974045,-0.031776242,0.0964289876,0.0222918004999999,-0.030162775,0.1881730368,-5.9953e-05,,0.2339448565,-0.239392352,6.0,0.7850772243,0.0,,,,0.0571960811,12.384086444,340.72972973,6.7309129738,0.0,0.0,-0.0074791369999999,0.0,0.3926034049,0.0983692519,-0.712953582,0.4283703836999999,0.0258148981,0.0012018851,-0.01808667,0.0064207606,0.0,0.0086609798,0.0233591758999999,0.0186909296,-0.009706825,0.1490330481,0.2589310413,5.0,0.0140302783,2.502393e-10,0.0246881489,0.0138536767,0.1639849151,0.2310732139999999,7.2855298e-08,73.0,
2015-11-30,31492161.891,0.6257379179,0.3915479419,-0.105758198,16.010944405,0.0188043381,-0.0707088759999999,0.0188773517,-0.002731342,0.1187884838,0.4239015465,-0.089385251,0.2746656286,0.014499651,-0.014499651,13.0,0.0567835013,0.4763780314,-0.335916024,0.2335743575,8.9295534774,0.0736812609,0.0329725291999999,0.0192478764,-0.029433425,-0.268268455,-0.000285551,-0.01738079,0.0,0.7931259517,1.5414551607,0.0,0.0,0.0332904767,-0.116664574,0.0594495041999999,0.1077098553999999,-0.009211873,-0.006789771,0.0315616028,-0.083044983,0.0048706804,0.4963364058,-0.004435005,25775.400032,0.2008847255,,-0.505974045,-0.031776242,0.0964289876,0.0222918004999999,-0.030162775,0.1881730368,-5.9953e-05,,0.2339448565,-0.239392352,6.0,0.7850772243,0.0,,,,0.0571960811,12.384086444,340.72972973,6.7309129738,0.0,0.0,-0.0074791369999999,0.0,0.3926034049,0.0983692519,-0.712953582,0.4283703836999999,0.0258148981,0.0012018851,-0.01808667,0.0064207606,0.0,0.0086609798,0.0233591758999999,0.0186909296,-0.009706825,0.1490330481,0.2589310413,5.0,0.0137037734,2.351236e-10,0.0170919374,0.0096982882,0.314744556,0.3205424875,8.264671799999998e-08,73.0,
2015-12-31,30984468.337,0.610016337,0.3721199314,0.0004459747,15.856409555,0.0187277277,-0.0111503689999999,-0.008410539,0.0353850453,0.0625441526,0.549508299,-0.03053798,0.2504720627,0.014499651,-0.014499651,13.0,0.0567835013,0.4763780314,-0.333633343,0.2335743575,8.9295534774,0.0736812609,0.0329725291999999,0.0192478764,-0.029433425,-0.268268455,-0.000285551,-0.01738079,0.0,0.7931259517,1.5414551607,0.0,0.0,0.0332904767,-0.116664574,0.0594495041999999,0.1077098553999999,-0.009211873,-0.006789771,0.0315616028,-0.083044983,0.0048706804,0.4963364058,-0.004435005,25775.400032,0.2008847255,,-0.505974045,-0.031776242,0.0964289876,0.0222918004999999,-0.030162775,0.1881730368,-5.9953e-05,,0.2339448565,-0.239392352,6.0,0.7850772243,0.0,,,,0.0571960811,12.384086444,340.72972973,6.7309129738,0.0,0.0,-0.0074791369999999,0.0,0.3926034049,0.0983692519,-0.712953582,0.4283703836999999,0.0258148981,0.0012018851,-0.01808667,0.0064207606,0.0,0.0086609798,0.0233591758999999,0.0186909296,-0.009706825,0.1490330481,0.2589310413,5.0,0.014361111,2.609392e-10,0.0195341539,0.0111583353,0.3897784188,0.3690392368,1.0095843e-07,73.0,
2016-01-29,29071940.378,0.6132581107,0.3760855103,0.0513704407,15.719192818,0.0189247637,0.0078073689,-0.061725374,0.0776466596,0.034280084,0.4959014435,-0.070588467,0.2274110259,0.014499651,-0.014499651,13.0,0.0567835013,0.4763780314,-0.328656111,0.2335743575,8.9295534774,0.0736812609,0.0329725291999999,0.0192478764,-0.029433425,-0.268268455,-0.000285551,-0.01738079,0.0,0.7931259517,1.5414551607,0.0,0.0,0.0332904767,-0.116664574,0.0594495041999999,0.1077098553999999,-0.009211873,-0.006789771,0.0315616028,-0.083044983,0.0048706804,0.4963364058,-0.004435005,25775.400032,0.2008847255,,-0.505974045,-0.031776242,0.0964289876,0.0222918004999999,-0.030162775,0.1881730368,-5.9953e-05,,0.2339448565,-0.239392352,6.0,0.7850772243,0.0,,,,0.0571960811,12.384086444,340.72972973,6.7309129738,0.0,0.0,-0.0074791369999999,0.0,0.3926034049,0.0983692519,-0.712953582,0.5662284971,0.0375453908999999,-0.0009500289999999,0.0063080794999999,0.0921408795,0.0,0.0069488737,0.0232019356,0.0154431513,-0.012016888,0.1452084919,0.2592235429,5.0,0.0140841072,3.148257e-10,0.0176003743,0.0110624954,0.3451975996999999,0.3073357714999999,9.1119916e-08,73.0,
2016-02-29,28595854.167,0.6433867056,0.4139464529,-0.130956075,15.663139423,0.0192036036,0.0231659489,-0.011888956,-0.04836436,0.0194660984,0.3505329265,-0.02618228,0.2410413356,0.014499651,-0.014499651,13.0,0.0567835013,0.4763780314,-0.347694027,0.2335743575,8.9295534774,0.0736812609,0.0329725291999999,0.0192478764,-0.029433425,-0.268268455,-0.000285551,-0.01738079,0.0,0.7931259517,1.5414551607,0.0,0.0,0.0332904767,-0.116664574,0.0594495041999999,0.1077098553999999,-0.009211873,-0.006789771,0.0315616028,-0.083044983,0.0048706804,0.4963364058,-0.004435005,25775.400032,0.2008847255,,-0.505974045,-0.031776242,0.0964289876,0.0222918004999999,-0.030162775,0.1881730368,-5.9953e-05,,0.2339448565,-0.239392352,6.0,0.7850772243,0.0,,,,0.0571960811,12.384086444,340.72972973,6.7309129738,0.0,0.0,-0.0074791369999999,0.0,0.3926034049,0.0983692519,-0.712953582,0.5662284971,0.0375453908999999,-0.0009500289999999,0.0063080794999999,0.0921408795,0.0,0.0069488737,0.0232019356,0.0154431513,-0.012016888,0.1452084919,0.2592235429,5.0,0.0218941202999999,3.58036e-10,0.0234375037,0.0183137607,0.2067673439,0.3438363276,8.0768364e-08,73.0,
2016-03-31,27984175.833,0.6706904725,0.4498257099,-0.045956803,15.918123255,0.0189439521,-0.138056863,-0.012299546,-0.028578389,-0.02330321,0.3809691088,0.0341650629999999,0.2649039639,0.014499651,-0.014499651,13.0,0.0567835013,0.4763780314,-0.3541152729999999,0.2335743575,8.9295534774,0.0736812609,0.0329725291999999,0.0192478764,-0.029433425,-0.268268455,-0.000285551,-0.01738079,0.0,0.7931259517,1.5414551607,0.0,0.0,0.0332904767,-0.116664574,0.0594495041999999,0.1077098553999999,-0.009211873,-0.006789771,0.0315616028,-0.083044983,0.0048706804,0.4963364058,-0.004435005,25775.400032,0.2008847255,,-0.505974045,-0.031776242,0.0964289876,0.0222918004999999,-0.030162775,0.1881730368,-5.9953e-05,,0.2339448565,-0.239392352,6.0,0.7850772243,0.0,,,,0.0571960811,12.384086444,340.72972973,6.7309129738,0.0,0.0,-0.0074791369999999,0.0,0.3926034049,0.0983692519,-0.712953582,0.5662284971,0.0375453908999999,-0.0009500289999999,0.0063080794999999,0.0921408795,0.0,0.0069488737,0.0232019356,0.0154431513,-0.012016888,0.1452084919,0.2592235429,5.0,0.0212342179,2.809921e-10,0.031484697,0.0153467512,0.2839814806,0.467217737,7.7812976e-08,73.0,
2016-04-29,30638016.294,0.674303737,0.4546855297,0.0136698533,15.878185659,0.0189802506,-0.142685443,0.106010966,-0.074844384,-0.0659976729999999,0.3428963215,-0.044392529,0.2835649179,0.014499651,-0.014499651,13.0,0.0567835013,0.4763780314,-0.351237773,0.2335743575,8.9295534774,0.0736812609,0.0329725291999999,0.0192478764,-0.029433425,-0.268268455,-0.000285551,-0.01738079,0.0,0.7931259517,1.5414551607,0.0,0.0,0.0332904767,-0.116664574,0.0594495041999999,0.1077098553999999,-0.009211873,-0.006789771,0.0315616028,-0.083044983,0.0048706804,0.4963364058,-0.004435005,25775.400032,0.2008847255,,-0.505974045,-0.031776242,0.0964289876,0.0222918004999999,-0.030162775,0.1881730368,-5.9953e-05,,0.2339448565,-0.239392352,6.0,0.7850772243,0.0,,,,0.0571960811,12.384086444,340.72972973,6.7309129738,0.0,0.0,-0.0074791369999999,0.0,0.3926034049,0.0983692519,-0.712953582,0.1298302855,0.0244423024,-0.000600126,-0.009359149,-0.011973512,1.0,0.0083286138,0.0231775186,0.0183877611,-0.01164721,0.1455309596,0.2594024818,5.0,0.0165178795,2.398433e-10,0.0260175727,0.0104256032,0.2158288629,0.2782883735,7.3699657e-08,73.0,
2016-05-31,30947241.054,0.636614975,0.4052786264,0.0043057524,15.937511702,0.0192531494,-0.113188535,0.0160573497,0.004274219,0.0204374591,0.3184520143,-0.016706433,0.26305979,0.014499651,-0.014499651,13.0,0.0567835013,0.4763780314,-0.331091983,0.2335743575,8.9295534774,0.0736812609,0.0329725291999999,0.0192478764,-0.029433425,-0.268268455,-0.000285551,-0.01738079,0.0,0.7931259517,1.5414551607,0.0,0.0,0.0332904767,-0.116664574,0.0594495041999999,0.1077098553999999,-0.009211873,-0.006789771,0.0315616028,-0.083044983,0.0048706804,0.4963364058,-0.004435005,25775.400032,0.2008847255,,-0.505974045,-0.031776242,0.0964289876,0.0222918004999999,-0.030162775,0.1881730368,-5.9953e-05,,0.2339448565,-0.239392352,6.0,0.7850772243,0.0,,,,0.0571960811,12.384086444,340.72972973,6.7309129738,0.0,0.0,-0.0074791369999999,0.0,0.3926034049,0.0983692519,-0.712953582,0.1298302855,0.0244423024,-0.000600126,-0.009359149,-0.011973512,1.0,0.0083286138,0.0231775186,0.0183877611,-0.01164721,0.1455309596,0.2594024818,5.0,0.0133478192,1.801555e-10,0.0193343349,0.0078927973,0.1985015279,0.2143414873999999,9.1722686e-08,73.0,
2016-06-30,31597841.177,0.6405191834,0.4102648243999999,0.0339028271,15.77112091,0.018608117,-0.111279128,0.0306345279999999,0.029055109,0.0565071087,0.2848715426,0.0091262117,0.2458956758,0.014499651,-0.014499651,13.0,0.0567835013,0.4763780314,-0.332821149,0.2335743575,8.9295534774,0.0736812609,0.0329725291999999,0.0192478764,-0.029433425,-0.268268455,-0.000285551,-0.01738079,0.0,0.7931259517,1.5414551607,0.0,0.0,0.0332904767,-0.116664574,0.0594495041999999,0.1077098553999999,-0.009211873,-0.006789771,0.0315616028,-0.083044983,0.0048706804,0.4963364058,-0.004435005,25775.400032,0.2008847255,,-0.505974045,-0.031776242,0.0964289876,0.0222918004999999,-0.030162775,0.1881730368,-5.9953e-05,,0.2339448565,-0.239392352,6.0,0.7850772243,0.0,,,,0.0571960811,12.384086444,340.72972973,6.7309129738,0.0,0.0,-0.0074791369999999,0.0,0.3926034049,0.0983692519,-0.712953582,0.1298302855,0.0244423024,-0.000600126,-0.009359149,-0.011973512,1.0,0.0083286138,0.0231775186,0.0183877611,-0.01164721,0.1455309596,0.2594024818,5.0,0.0134948054,2.420228e-10,0.020024661,0.0101356581,0.2164929553,0.2553555994,8.8612187e-08,73.0,
2016-07-29,30407802.943000004,0.6237324670000001,0.3890421904,0.0754062982,15.822125758,0.0185140727,-0.088434246,-0.038763404,0.1303510695,0.1429301996,0.2552951364,0.0003398358999999,0.2469587087999999,0.0530389332,-0.0530389329999999,14.0,0.04908978,0.4698688778,-0.437262039,0.1838223781,7.2072578294,0.0980652305,0.0426525376999999,0.0147723035,-0.039472825,-0.358111115,-0.000134021,0.0784886983,0.0,0.6567717996,1.5745079663,0.0,0.0,0.0362129533,-0.11124538,0.0433657026999999,0.1093898094999999,-0.000996016,0.0032165114,0.0304867404,-0.018867925,0.003431709,0.552696745,0.0035763584,21989.859235,0.2182284041,,-0.25420279,-0.171919922,0.0214425993999999,-0.010502361,-0.1712288539999999,0.0765383453,0.0020661154,,0.0858157205,-1.261354582,5.0,0.6506493506000001,0.0,,,,0.0581749601,13.184665227,369.96969697,6.7453038674,0.0,0.0,-0.031569763,0.0,0.4218739956,0.0965473793,-0.998741429,0.1298302855,0.0244423024,-0.000600126,-0.009359149,-0.011973512,1.0,0.0083286138,0.0231775186,0.0183877611,-0.01164721,0.1455309596,0.2594024818,6.0,0.0122320964,2.19833e-10,0.0282558035,0.0154344129,0.3948932534,0.7660234807999999,7.2121694e-08,73.0,
2016-08-31,31599091.798,0.6169991867,0.3806879964,0.2052620789,15.940817543,0.0183083016,-0.0478722279999999,0.0418110452999999,0.0996080053,0.033985254,0.2765485213,0.086132591,0.2427085722,0.0530389332,-0.0530389329999999,14.0,0.04908978,0.4698688778,-0.4381440789999999,0.1838223781,7.2072578294,0.0980652305,0.0426525376999999,0.0147723035,-0.039472825,-0.358111115,-0.000134021,0.0784886983,0.0,0.6567717996,1.5745079663,0.0,0.0,0.0362129533,-0.11124538,0.0433657026999999,0.1093898094999999,-0.000996016,0.0032165114,0.0304867404,-0.018867925,0.003431709,0.552696745,0.0035763584,21989.859235,0.2182284041,,-0.25420279,-0.171919922,0.0214425993999999,-0.010502361,-0.1712288539999999,0.0765383453,0.0020661154,,0.0858157205,-1.261354582,5.0,0.6506493506000001,0.0,,,,0.0581749601,13.184665227,369.96969697,6.7453038674,0.0,0.0,-0.031569763,0.0,0.4218739956,0.0965473793,-0.998741429,0.5075154977,0.0318267744,-0.00055561,0.0230466072,0.0034105796,2.0,0.0120145964999999,0.0104804132,0.0273040213,-0.011195608,0.146311734,0.1923000004,6.0,0.0122150815999999,2.239257e-10,0.0154291075,0.0097364005,0.2743806728,0.3405926690999999,1.0361242e-07,73.0,
2016-09-30,30935484.621,0.6363626295,0.4049573962,0.1926637185,15.715698679,0.0186789913999999,0.0892870174,-0.0066492259999999,0.1598493863,0.1128448274,0.2663811959,-0.012426854,0.2347669505,0.0530389332,-0.0530389329999999,14.0,0.04908978,0.4698688778,-0.447083565,0.1838223781,7.2072578294,0.0980652305,0.0426525376999999,0.0147723035,-0.039472825,-0.358111115,-0.000134021,0.0784886983,0.0,0.6567717996,1.5745079663,0.0,0.0,0.0362129533,-0.11124538,0.0433657026999999,0.1093898094999999,-0.000996016,0.0032165114,0.0304867404,-0.018867925,0.003431709,0.552696745,0.0035763584,21989.859235,0.2182284041,,-0.25420279,-0.171919922,0.0214425993999999,-0.010502361,-0.1712288539999999,0.0765383453,0.0020661154,,0.0858157205,-1.261354582,5.0,0.6506493506000001,0.0,,,,0.0581749601,13.184665227,369.96969697,6.7453038674,0.0,0.0,-0.031569763,0.0,0.4218739956,0.0965473793,-0.998741429,0.5075154977,0.0318267744,-0.00055561,0.0230466072,0.0034105796,2.0,0.0120145964999999,0.0104804132,0.0273040213,-0.011195608,0.146311734,0.1923000004,6.0,0.0108840165,1.421525e-10,0.0128360083,0.0058231677,0.2703468849,0.2569678092,8.9801881e-08,73.0,
2016-10-31,30839314.776,0.6245753028000001,0.3900943088,0.0157110358,15.701369542,0.0186756441,0.164438459,-0.002651256,0.0417051191,0.0659062797,0.2334524486,0.0352010568,0.2367492272,0.0530389332,-0.0530389329999999,14.0,0.04908978,0.4698688778,-0.453017265,0.1838223781,7.2072578294,0.0980652305,0.0426525376999999,0.0147723035,-0.039472825,-0.358111115,-0.000134021,0.0784886983,0.0,0.6567717996,1.5745079663,0.0,0.0,0.0362129533,-0.11124538,0.0433657026999999,0.1093898094999999,-0.000996016,0.0032165114,0.0304867404,-0.018867925,0.003431709,0.552696745,0.0035763584,21989.859235,0.2182284041,,-0.25420279,-0.171919922,0.0214425993999999,-0.010502361,-0.1712288539999999,0.0765383453,0.0020661154,,0.0858157205,-1.261354582,5.0,0.6506493506000001,0.0,,,,0.0581749601,13.184665227,369.96969697,6.7453038674,0.0,0.0,-0.031569763,0.0,0.4218739956,0.0965473793,-0.998741429,0.2312058269,0.0299160011,-0.001712041,-0.01152916,0.0176782878,0.0,0.0068740332999999,0.0105096357,0.0158566558,-0.000919294,0.1999285135,0.2399393832999999,6.0,0.0132809463999999,2.491532e-10,0.0165168885,0.0117490502,0.2619614934,0.3763472653,7.3393592e-08,73.0,
2016-11-30,29371129.996,0.6468304663000001,0.4183896521999999,-0.046555831,15.98545387,0.0175073779,0.0779308646,-0.047607567,0.0225242627,0.0433839635,0.1711033348,0.1764688327,0.2349834382,0.0530389332,-0.0530389329999999,14.0,0.04908978,0.4698688778,-0.454425446,0.1838223781,7.2072578294,0.0980652305,0.0426525376999999,0.0147723035,-0.039472825,-0.358111115,-0.000134021,0.0784886983,0.0,0.6567717996,1.5745079663,0.0,0.0,0.0362129533,-0.11124538,0.0433657026999999,0.1093898094999999,-0.000996016,0.0032165114,0.0304867404,-0.018867925,0.003431709,0.552696745,0.0035763584,21989.859235,0.2182284041,,-0.25420279,-0.171919922,0.0214425993999999,-0.010502361,-0.1712288539999999,0.0765383453,0.0020661154,,0.0858157205,-1.261354582,5.0,0.6506493506000001,0.0,,,,0.0581749601,13.184665227,369.96969697,6.7453038674,0.0,0.0,-0.031569763,0.0,0.4218739956,0.0965473793,-0.998741429,0.2312058269,0.0299160011,-0.001712041,-0.01152916,0.0176782878,0.0,0.0068740332999999,0.0105096357,0.0158566558,-0.000919294,0.1999285135,0.2399393832999999,6.0,0.011675395,1.680192e-10,0.0061728396,0.0066803518,0.2651757347,0.3166477493,1.0527299000000001e-07,73.0,
2016-12-30,31751657.947,0.6845524234,0.4686120204,-0.016420845,15.575521683,0.0175191279,0.0161298658,0.1050494610999999,-0.05510213,0.0021395245,0.157095899,0.0018533205999999,0.2448139368,0.0530389332,-0.0530389329999999,14.0,0.04908978,0.4698688778,-0.457541756,0.1838223781,7.2072578294,0.0980652305,0.0426525376999999,0.0147723035,-0.039472825,-0.358111115,-0.000134021,0.0784886983,0.0,0.6567717996,1.5745079663,0.0,0.0,0.0362129533,-0.11124538,0.0433657026999999,0.1093898094999999,-0.000996016,0.0032165114,0.0304867404,-0.018867925,0.003431709,0.552696745,0.0035763584,21989.859235,0.2182284041,,-0.25420279,-0.171919922,0.0214425993999999,-0.010502361,-0.1712288539999999,0.0765383453,0.0020661154,,0.0858157205,-1.261354582,5.0,0.6506493506000001,0.0,,,,0.0581749601,13.184665227,369.96969697,6.7453038674,0.0,0.0,-0.031569763,0.0,0.4218739956,0.0965473793,-0.998741429,0.2312058269,0.0299160011,-0.001712041,-0.01152916,0.0176782878,0.0,0.0068740332999999,0.0105096357,0.0158566558,-0.000919294,0.1999285135,0.2399393832999999,6.0,0.0116676306,1.768277e-10,0.0416137874,0.0096606856,0.446421897,0.7343077069,8.5950344e-08,73.0,
2017-01-31,32170506.263,0.640203166,0.4098600937,0.014060801,15.869851571,0.0179266966999999,0.0856051368,0.0131913843,0.0862662597,0.1802661089,0.0730429717,0.0178302403,0.2149288103,0.0530389332,-0.0530389329999999,14.0,0.04908978,0.4698688778,-0.461248432,0.1838223781,7.2072578294,0.0980652305,0.0426525376999999,0.0147723035,-0.039472825,-0.358111115,-0.000134021,0.0784886983,0.0,0.6567717996,1.5745079663,0.0,0.0,0.0362129533,-0.11124538,0.0433657026999999,0.1093898094999999,-0.000996016,0.0032165114,0.0304867404,-0.018867925,0.003431709,0.552696745,0.0035763584,21989.859235,0.2182284041,,-0.25420279,-0.171919922,0.0214425993999999,-0.010502361,-0.1712288539999999,0.0765383453,0.0020661154,,0.0858157205,-1.261354582,5.0,0.6506493506000001,0.0,,,,0.0581749601,13.184665227,369.96969697,6.7453038674,0.0,0.0,-0.031569763,0.0,0.4218739956,0.0965473793,-0.998741429,0.0384288615,0.0239784683,-0.000266516,-0.009174261,-0.034223283,1.0,0.0100179014,0.0093064345,0.0235703872,-0.001094975,0.1821281869,0.2021410966,6.0,0.0094676701,1.722315e-10,0.0187023208,0.0069290798,0.4780447453999999,0.3776209765,1.0507004e-07,73.0,
2017-02-28,32945158.792,0.6387247969,0.4079693661999999,-0.063580227,15.66848892,0.0169203847,0.1895052947,0.0242120009,0.0564253665,0.2102237492,0.1120354966,0.1558133421,0.2023631453,0.0530389332,-0.0530389329999999,14.0,0.04908978,0.4698688778,-0.466366279,0.1838223781,7.2072578294,0.0980652305,0.0426525376999999,0.0147723035,-0.039472825,-0.358111115,-0.000134021,0.0784886983,0.0,0.6567717996,1.5745079663,0.0,0.0,0.0362129533,-0.11124538,0.0433657026999999,0.1093898094999999,-0.000996016,0.0032165114,0.0304867404,-0.018867925,0.003431709,0.552696745,0.0035763584,21989.859235,0.2182284041,,-0.25420279,-0.171919922,0.0214425993999999,-0.010502361,-0.1712288539999999,0.0765383453,0.0020661154,,0.0858157205,-1.261354582,5.0,0.6506493506000001,0.0,,,,0.0581749601,13.184665227,369.96969697,6.7453038674,0.0,0.0,-0.031569763,0.0,0.4218739956,0.0965473793,-0.998741429,0.0384288615,0.0239784683,-0.000266516,-0.009174261,-0.034223283,1.0,0.0100179014,0.0093064345,0.0235703872,-0.001094975,0.1821281869,0.2021410966,6.0,0.0095293076,1.837436e-10,0.0123678707,0.006121765,0.2746725972,0.2292024557,1.3418423000000002e-07,73.0,
2017-03-31,31078951.539,0.6754012488,0.4561668467999999,-0.1162117169999999,15.496604438,0.0167750898,0.2435590732,-0.048951849,0.089246183,0.2549611401,0.1423936975,0.027032739,0.2638646538,0.0530389332,-0.0530389329999999,14.0,0.04908978,0.4698688778,-0.4742214939999999,0.1838223781,7.2072578294,0.0980652305,0.0426525376999999,0.0147723035,-0.039472825,-0.358111115,-0.000134021,0.0784886983,0.0,0.6567717996,1.5745079663,0.0,0.0,0.0362129533,-0.11124538,0.0433657026999999,0.1093898094999999,-0.000996016,0.0032165114,0.0304867404,-0.018867925,0.003431709,0.552696745,0.0035763584,21989.859235,0.2182284041,,-0.25420279,-0.171919922,0.0214425993999999,-0.010502361,-0.1712288539999999,0.0765383453,0.0020661154,,0.0858157205,-1.261354582,5.0,0.6506493506000001,0.0,,,,0.0581749601,13.184665227,369.96969697,6.7453038674,0.0,0.0,-0.031569763,0.0,0.4218739956,0.0965473793,-0.998741429,0.0384288615,0.0239784683,-0.000266516,-0.009174261,-0.034223283,1.0,0.0100179014,0.0093064345,0.0235703872,-0.001094975,0.1821281869,0.2021410966,6.0,0.0127128067999999,1.39512e-10,0.0235891900999999,0.012563246,0.7695436986,2.3107185681,5.502277e-08,73.0,
2017-04-28,31290435.659,0.6796237692,0.4618884677,0.0225723014,16.380932878,0.0171025926,0.1893907530999999,0.0219858233,0.0386793726,0.0791289671,0.2686721562,-0.028709306,0.3423001982,0.0530389332,-0.0530389329999999,14.0,0.04908978,0.4698688778,-0.4777893379999999,0.1838223781,7.2072578294,0.0980652305,0.0426525376999999,0.0147723035,-0.039472825,-0.358111115,-0.000134021,0.0784886983,0.0,0.6567717996,1.5745079663,0.0,0.0,0.0362129533,-0.11124538,0.0433657026999999,0.1093898094999999,-0.000996016,0.0032165114,0.0304867404,-0.018867925,0.003431709,0.552696745,0.0035763584,21989.859235,0.2182284041,,-0.25420279,-0.171919922,0.0214425993999999,-0.010502361,-0.1712288539999999,0.0765383453,0.0020661154,,0.0858157205,-1.261354582,5.0,0.6506493506000001,0.0,,,,0.0581749601,13.184665227,369.96969697,6.7453038674,0.0,0.0,-0.031569763,0.0,0.4218739956,0.0965473793,-0.998741429,0.0384288615,0.0239784683,-0.000266516,-0.009174261,-0.034223283,1.0,0.0100179014,0.0093064345,0.0235703872,-0.001094975,0.1821281869,0.2021410966,6.0,0.011358505,1.033832e-10,0.0139275407,0.0059057863,0.4835330914,1.7220862644,4.420153599999999e-08,73.0,
2017-05-31,32882824.811,0.6429390694,0.413370647,0.19745511,16.430092305,0.0170554238,0.1843418163,0.0508906021999999,0.1145779377999999,0.0854254499,0.2184990079,0.0088450728,0.3919256124,0.0530389332,-0.0530389329999999,14.0,0.04908978,0.4698688778,-0.480515099,0.1838223781,7.2072578294,0.0980652305,0.0426525376999999,0.0147723035,-0.039472825,-0.358111115,-0.000134021,0.0784886983,0.0,0.6567717996,1.5745079663,0.0,0.0,0.0362129533,-0.11124538,0.0433657026999999,0.1093898094999999,-0.000996016,0.0032165114,0.0304867404,-0.018867925,0.003431709,0.552696745,0.0035763584,21989.859235,0.2182284041,,-0.25420279,-0.171919922,0.0214425993999999,-0.010502361,-0.1712288539999999,0.0765383453,0.0020661154,,0.0858157205,-1.261354582,5.0,0.6506493506000001,0.0,,,,0.0581749601,13.184665227,369.96969697,6.7453038674,0.0,0.0,-0.031569763,0.0,0.4218739956,0.0965473793,-0.998741429,1.3450266109,0.0292471756,3.44258e-05,0.0004480184,0.0381263392,0.0,0.008913279,0.0092141245,0.0215535458,-9.8674e-05,0.1822197428,0.2023789051,6.0,0.0111854161,1.192247e-10,0.036977835,0.0110855937,0.4049931709,0.7735486818999999,7.4500606e-08,73.0,
2017-06-30,31459212.89,0.6645367644,0.4416091111999999,-0.017454259,16.134291945999998,0.0176141173,0.1856185253,-0.031366948,0.0599520849,0.1067583839,0.2974251385999999,-0.019827217,0.3530918511,0.0530389332,-0.0530389329999999,14.0,0.04908978,0.4698688778,-0.479309814,0.1838223781,7.2072578294,0.0980652305,0.0426525376999999,0.0147723035,-0.039472825,-0.358111115,-0.000134021,0.0784886983,0.0,0.6567717996,1.5745079663,0.0,0.0,0.0362129533,-0.11124538,0.0433657026999999,0.1093898094999999,-0.000996016,0.0032165114,0.0304867404,-0.018867925,0.003431709,0.552696745,0.0035763584,21989.859235,0.2182284041,,-0.25420279,-0.171919922,0.0214425993999999,-0.010502361,-0.1712288539999999,0.0765383453,0.0020661154,,0.0858157205,-1.261354582,5.0,0.6506493506000001,0.0,,,,0.0581749601,13.184665227,369.96969697,6.7453038674,0.0,0.0,-0.031569763,0.0,0.4218739956,0.0965473793,-0.998741429,1.3450266109,0.0292471756,3.44258e-05,0.0004480184,0.0381263392,0.0,0.008913279,0.0092141245,0.0215535458,-9.8674e-05,0.1822197428,0.2023789051,6.0,0.0116194156,1.596765e-10,0.0154020451,0.0100216349,0.3124549676,0.4801320321,6.4381061e-08,73.0,
2017-07-31,33354260.16,0.6672509412,0.4452238186,-0.026216672,16.093728786,0.0176769594,0.2137690265,0.0602382271999999,0.0133373012,0.1152745906,0.1898521668,-0.004945768,0.4360313267,0.0695032223,-0.069503222,15.0,0.0427221172,0.4261356625,-0.39474035,0.1671733516,4.3384520861,0.0936966561999999,0.0559490262999999,-0.0325135079999999,-0.04859043,-0.196102417,-3.512e-05,-0.039770213,0.0,1.0157825515,1.6149843913,0.0,0.0,0.0319334783,0.0127969287,0.0315566821,0.0990548204,-0.065082645,-0.030238643,0.0291131475,-0.121153846,-0.003368276,0.4583097836,-0.087464833,24036.720217,0.1841126267,,0.3720345065,0.5466293652,0.0257073485,-0.0535016029999999,0.5504020454999999,-0.055125752,0.141090555,,-0.056848431,-1.969154229,5.0,1.0087680842,0.0,,,,0.0506608813999999,4.7153716216,348.9375,7.9757142857,0.0,0.0,-0.085428782,0.0,0.3506088685,0.1400487936,-1.310247448,1.3450266109,0.0292471756,3.44258e-05,0.0004480184,0.0381263392,0.0,0.008913279,0.0092141245,0.0215535458,-9.8674e-05,0.1822197428,0.2023789051,5.0,0.0117842781,1.093287e-10,0.0329670608,0.0100923156,0.6761124948,5.1795655777,2.9383542e-08,73.0,
2017-08-31,32797766.124,0.6674693964,0.4455153951,-0.042086987,16.932295594,0.0178639308,0.1552358557,-0.008641208,0.0489810146,0.1350011695,0.1920628445,0.0172991356,0.4318235240999999,0.0695032223,-0.069503222,15.0,0.0427221172,0.4261356625,-0.407711115,0.1671733516,4.3384520861,0.0936966561999999,0.0559490262999999,-0.0325135079999999,-0.04859043,-0.196102417,-3.512e-05,-0.039770213,0.0,1.0157825515,1.6149843913,0.0,0.0,0.0319334783,0.0127969287,0.0315566821,0.0990548204,-0.065082645,-0.030238643,0.0291131475,-0.121153846,-0.003368276,0.4583097836,-0.087464833,24036.720217,0.1841126267,,0.3720345065,0.5466293652,0.0257073485,-0.0535016029999999,0.5504020454999999,-0.055125752,0.141090555,,-0.056848431,-1.969154229,5.0,1.0087680842,0.0,,,,0.0506608813999999,4.7153716216,348.9375,7.9757142857,0.0,0.0,-0.085428782,0.0,0.3506088685,0.1400487936,-1.310247448,1.5305812669,0.0850208244,0.0003093315,0.0211986431,-0.0059469909999999,1.0,0.0091155457,0.0091953595,0.022823405,-0.000847791,0.2221435792,0.239270158,5.0,0.0080542674,6.953165e-11,0.0078723077,0.0044033026,0.3407731585,0.5242218993,7.337723e-08,73.0,
2017-09-29,32654824.779,0.6826516553,0.4660132825,0.0609719858,16.103202279,0.0178731028,0.1501967253999999,0.0031597132,0.0934425887,0.1327251347,0.1711274579,-0.037985381,0.4448638877,0.0695032223,-0.069503222,15.0,0.0427221172,0.4261356625,-0.412180652,0.1671733516,4.3384520861,0.0936966561999999,0.0559490262999999,-0.0325135079999999,-0.04859043,-0.196102417,-3.512e-05,-0.039770213,0.0,1.0157825515,1.6149843913,0.0,0.0,0.0319334783,0.0127969287,0.0315566821,0.0990548204,-0.065082645,-0.030238643,0.0291131475,-0.121153846,-0.003368276,0.4583097836,-0.087464833,24036.720217,0.1841126267,,0.3720345065,0.5466293652,0.0257073485,-0.0535016029999999,0.5504020454999999,-0.055125752,0.141090555,,-0.056848431,-1.969154229,5.0,1.0087680842,0.0,,,,0.0506608813999999,4.7153716216,348.9375,7.9757142857,0.0,0.0,-0.085428782,0.0,0.3506088685,0.1400487936,-1.310247448,1.5305812669,0.0850208244,0.0003093315,0.0211986431,-0.0059469909999999,1.0,0.0091155457,0.0091953595,0.022823405,-0.000847791,0.2221435792,0.239270158,5.0,0.0100788034,9.252014e-11,0.0451078601,0.0107393037,0.3471368764999999,0.5686573538,5.4057627000000004e-08,73.0,
2017-10-31,32790620.283000004,0.6672704669,0.4452498761,0.0162479045,16.257033956,0.017555613,0.1335593528999999,0.0041585127,0.073300166,0.139324863,0.2158213332999999,0.0130142435,0.2844935339,0.0695032223,-0.069503222,15.0,0.0427221172,0.4261356625,-0.440913272,0.1671733516,4.3384520861,0.0936966561999999,0.0559490262999999,-0.0325135079999999,-0.04859043,-0.196102417,-3.512e-05,-0.039770213,0.0,1.0157825515,1.6149843913,0.0,0.0,0.0319334783,0.0127969287,0.0315566821,0.0990548204,-0.065082645,-0.030238643,0.0291131475,-0.121153846,-0.003368276,0.4583097836,-0.087464833,24036.720217,0.1841126267,,0.3720345065,0.5466293652,0.0257073485,-0.0535016029999999,0.5504020454999999,-0.055125752,0.141090555,,-0.056848431,-1.969154229,5.0,1.0087680842,0.0,,,,0.0506608813999999,4.7153716216,348.9375,7.9757142857,0.0,0.0,-0.085428782,0.0,0.3506088685,0.1400487936,-1.310247448,1.5305812669,0.0850208244,0.0003093315,0.0211986431,-0.0059469909999999,1.0,0.0091155457,0.0091953595,0.022823405,-0.000847791,0.2221435792,0.239270158,5.0,0.0097361837,1.486473e-10,0.0158306117999999,0.0062367931999999,0.3017439262,0.3120915211,1.087173200000001e-07,73.0,
2017-11-30,33476735.469,0.6616514497,0.4377826407999999,-0.124268745,15.702249764,0.0174712265,0.239419099,0.0209241286,0.0255715448,0.2012514174,0.1327393547,0.0151270435,0.2633977926,0.0695032223,-0.069503222,15.0,0.0427221172,0.4261356625,-0.452812124,0.1671733516,4.3384520861,0.0936966561999999,0.0559490262999999,-0.0325135079999999,-0.04859043,-0.196102417,-3.512e-05,-0.039770213,0.0,1.0157825515,1.6149843913,0.0,0.0,0.0319334783,0.0127969287,0.0315566821,0.0990548204,-0.065082645,-0.030238643,0.0291131475,-0.121153846,-0.003368276,0.4583097836,-0.087464833,24036.720217,0.1841126267,,0.3720345065,0.5466293652,0.0257073485,-0.0535016029999999,0.5504020454999999,-0.055125752,0.141090555,,-0.056848431,-1.969154229,5.0,1.0087680842,0.0,,,,0.0506608813999999,4.7153716216,348.9375,7.9757142857,0.0,0.0,-0.085428782,0.0,0.3506088685,0.1400487936,-1.310247448,0.9372586413,0.0305194317,0.0012737538,-0.010953128,0.0271331575,0.0,0.0045957202,0.0089187367,0.0100211383,-0.046850537,0.2363476568,0.2455080734,5.0,0.0091035125,1.662253e-10,0.016497517,0.0065252175,0.5011417684,0.6032011246,8.511951699999999e-08,73.0,
2017-12-29,31358448.983000003,0.6709791272,0.4502129890999999,-0.001730449,15.872336922,0.0172964209,0.2449363905,-0.051771998,0.080936412,0.1098024113,0.1667795167,-0.068342589,0.2229692507,0.0695032223,-0.069503222,15.0,0.0427221172,0.4261356625,-0.457185191,0.1671733516,4.3384520861,0.0936966561999999,0.0559490262999999,-0.0325135079999999,-0.04859043,-0.196102417,-3.512e-05,-0.039770213,0.0,1.0157825515,1.6149843913,0.0,0.0,0.0319334783,0.0127969287,0.0315566821,0.0990548204,-0.065082645,-0.030238643,0.0291131475,-0.121153846,-0.003368276,0.4583097836,-0.087464833,24036.720217,0.1841126267,,0.3720345065,0.5466293652,0.0257073485,-0.0535016029999999,0.5504020454999999,-0.055125752,0.141090555,,-0.056848431,-1.969154229,5.0,1.0087680842,0.0,,,,0.0506608813999999,4.7153716216,348.9375,7.9757142857,0.0,0.0,-0.085428782,0.0,0.3506088685,0.1400487936,-1.310247448,0.9372586413,0.0305194317,0.0012737538,-0.010953128,0.0271331575,0.0,0.0045957202,0.0089187367,0.0100211383,-0.046850537,0.2363476568,0.2455080734,5.0,0.0102534656999999,1.476544e-10,0.0076801479,0.0128794264,0.4309550836,0.6137291018,9.011658500000004e-08,73.0,
2018-01-31,31016900.509,0.6520309126,0.425144311,-0.1181689319999999,15.800612716,0.0174226501,0.2964226808,-0.010891753,-0.0332605,0.038644563,0.1604850723,0.010122226,0.2234971986,0.0695032223,-0.069503222,15.0,0.0427221172,0.4261356625,-0.460669157,0.1671733516,4.3384520861,0.0936966561999999,0.0559490262999999,-0.0325135079999999,-0.04859043,-0.196102417,-3.512e-05,-0.039770213,0.0,1.0157825515,1.6149843913,0.0,0.0,0.0319334783,0.0127969287,0.0315566821,0.0990548204,-0.065082645,-0.030238643,0.0291131475,-0.121153846,-0.003368276,0.4583097836,-0.087464833,24036.720217,0.1841126267,,0.3720345065,0.5466293652,0.0257073485,-0.0535016029999999,0.5504020454999999,-0.055125752,0.141090555,,-0.056848431,-1.969154229,5.0,1.0087680842,0.0,,,,0.0506608813999999,4.7153716216,348.9375,7.9757142857,0.0,0.0,-0.085428782,0.0,0.3506088685,0.1400487936,-1.310247448,0.9372586413,0.0305194317,0.0012737538,-0.010953128,0.0271331575,0.0,0.0045957202,0.0089187367,0.0100211383,-0.046850537,0.2363476568,0.2455080734,5.0,0.0097892501,1.599225e-10,0.0106648793,0.0053625786,0.3685764135,0.331046798,1.0739688000000001e-07,73.0,
2018-02-28,30817664.577,0.6401869939,0.4098393871,-0.081567426,15.658854615,0.0172695899,0.2586383504,-0.006423464,-0.035455156,0.0030461484999999,0.2486308853,-0.056843284,0.265382165,0.0695032223,-0.069503222,15.0,0.0427221172,0.4261356625,-0.458366397,0.1671733516,4.3384520861,0.0936966561999999,0.0559490262999999,-0.0325135079999999,-0.04859043,-0.196102417,-3.512e-05,-0.039770213,0.0,1.0157825515,1.6149843913,0.0,0.0,0.0319334783,0.0127969287,0.0315566821,0.0990548204,-0.065082645,-0.030238643,0.0291131475,-0.121153846,-0.003368276,0.4583097836,-0.087464833,24036.720217,0.1841126267,,0.3720345065,0.5466293652,0.0257073485,-0.0535016029999999,0.5504020454999999,-0.055125752,0.141090555,,-0.056848431,-1.969154229,5.0,1.0087680842,0.0,,,,0.0506608813999999,4.7153716216,348.9375,7.9757142857,0.0,0.0,-0.085428782,0.0,0.3506088685,0.1400487936,-1.310247448,-0.171806442,0.0290756873,0.0004544025,-0.039925455,0.0322426956,0.0,0.0012403217,0.0091136437,0.0025896571,-0.045007128,0.2371091709,0.2445172696999999,5.0,0.0143908116,1.620923e-10,0.0706559196,0.0229045565,0.7087352963,2.3413005273,5.7819745000000006e-08,73.0,
2018-03-29,28028347.966,0.6289283892,0.3955509188,-0.220424273,16.222822987,0.0172227733,0.297904866,-0.082544491,-0.044669445,0.0478997487,0.1513776559,-0.057633514,0.3083102678,0.0695032223,-0.069503222,15.0,0.0427221172,0.4261356625,-0.460103639,0.1671733516,4.3384520861,0.0936966561999999,0.0559490262999999,-0.0325135079999999,-0.04859043,-0.196102417,-3.512e-05,-0.039770213,0.0,1.0157825515,1.6149843913,0.0,0.0,0.0319334783,0.0127969287,0.0315566821,0.0990548204,-0.065082645,-0.030238643,0.0291131475,-0.121153846,-0.003368276,0.4583097836,-0.087464833,24036.720217,0.1841126267,,0.3720345065,0.5466293652,0.0257073485,-0.0535016029999999,0.5504020454999999,-0.055125752,0.141090555,,-0.056848431,-1.969154229,5.0,1.0087680842,0.0,,,,0.0506608813999999,4.7153716216,348.9375,7.9757142857,0.0,0.0,-0.085428782,0.0,0.3506088685,0.1400487936,-1.310247448,-0.171806442,0.0290756873,0.0004544025,-0.039925455,0.0322426956,0.0,0.0012403217,0.0091136437,0.0025896571,-0.045007128,0.2371091709,0.2445172696999999,5.0,0.0184969213,1.812847e-10,0.0154861798999999,0.0115649223,0.4427552825999999,0.782024182,6.425695700000002e-08,73.0,
2018-04-30,27424958.883,0.673060515,0.4530104568999999,-0.221317571,16.122475882,0.0175234136,0.2705923079,-0.01878644,-0.12715645,-0.059281082,0.1392672503,-0.058194083,0.3260867222,0.0695032223,-0.069503222,15.0,0.0427221172,0.4261356625,-0.456194942,0.1671733516,4.3384520861,0.0936966561999999,0.0559490262999999,-0.0325135079999999,-0.04859043,-0.196102417,-3.512e-05,-0.039770213,0.0,1.0157825515,1.6149843913,0.0,0.0,0.0319334783,0.0127969287,0.0315566821,0.0990548204,-0.065082645,-0.030238643,0.0291131475,-0.121153846,-0.003368276,0.4583097836,-0.087464833,24036.720217,0.1841126267,,0.3720345065,0.5466293652,0.0257073485,-0.0535016029999999,0.5504020454999999,-0.055125752,0.141090555,,-0.056848431,-1.969154229,5.0,1.0087680842,0.0,,,,0.0506608813999999,4.7153716216,348.9375,7.9757142857,0.0,0.0,-0.085428782,0.0,0.3506088685,0.1400487936,-1.310247448,-0.171806442,0.0290756873,0.0004544025,-0.039925455,0.0322426956,0.0,0.0012403217,0.0091136437,0.0025896571,-0.045007128,0.2371091709,0.2445172696999999,5.0,0.0154524765,2.147602e-10,0.0142168412,0.0088786442,0.3442952818999999,0.4383624425,8.032252500000002e-08,73.0,
2018-05-31,28611181.608000003,0.6647547552,0.4418988846,-0.1740612869999999,15.780114145,0.017650944,0.2304402623999999,0.0406209491,-0.161107174,-0.121653427,0.1826660307,-0.050313856,0.2819430739,0.0695032223,-0.069503222,15.0,0.0427221172,0.4261356625,-0.462557501,0.1671733516,4.3384520861,0.0936966561999999,0.0559490262999999,-0.0325135079999999,-0.04859043,-0.196102417,-3.512e-05,-0.039770213,0.0,1.0157825515,1.6149843913,0.0,0.0,0.0319334783,0.0127969287,0.0315566821,0.0990548204,-0.065082645,-0.030238643,0.0291131475,-0.121153846,-0.003368276,0.4583097836,-0.087464833,24036.720217,0.1841126267,,0.3720345065,0.5466293652,0.0257073485,-0.0535016029999999,0.5504020454999999,-0.055125752,0.141090555,,-0.056848431,-1.969154229,5.0,1.0087680842,0.0,,,,0.0506608813999999,4.7153716216,348.9375,7.9757142857,0.0,0.0,-0.085428782,0.0,0.3506088685,0.1400487936,-1.310247448,0.8010728595000001,0.0335512797,-0.000281561,0.0399778679,-0.054349703,1.0,0.0047139571,0.0091595221,0.0098900229,-0.045089236,0.2413519759,0.2489858327,4.0,0.0122516476,2.244605e-10,0.0195580515999999,0.0087091256999999,0.3794768340999999,0.3991945478,9.162005800000001e-08,73.0,
2018-06-29,27577999.523,0.6522002371,0.4253651493,-0.12849064,15.685800968,0.0179485367999999,0.2235207337,-0.026230767,-0.079367571,-0.056375536,0.1673180907,-0.0481183279999999,0.2839372069999999,0.0695032223,-0.069503222,15.0,0.0427221172,0.4261356625,-0.466578858,0.1671733516,4.3384520861,0.0936966561999999,0.0559490262999999,-0.0325135079999999,-0.04859043,-0.196102417,-3.512e-05,-0.039770213,0.0,1.0157825515,1.6149843913,0.0,0.0,0.0319334783,0.0127969287,0.0315566821,0.0990548204,-0.065082645,-0.030238643,0.0291131475,-0.121153846,-0.003368276,0.4583097836,-0.087464833,24036.720217,0.1841126267,,0.3720345065,0.5466293652,0.0257073485,-0.0535016029999999,0.5504020454999999,-0.055125752,0.141090555,,-0.056848431,-1.969154229,5.0,1.0087680842,0.0,,,,0.0506608813999999,4.7153716216,348.9375,7.9757142857,0.0,0.0,-0.085428782,0.0,0.3506088685,0.1400487936,-1.310247448,0.8010728595000001,0.0335512797,-0.000281561,0.0399778679,-0.054349703,1.0,0.0047139571,0.0091595221,0.0098900229,-0.045089236,0.2413519759,0.2489858327,4.0,0.0157030726,2.180998e-10,0.0281356758999999,0.014202207,0.4298024927,0.7714881039,5.5348965e-08,73.0,
2018-07-31,28470274.345,0.6407079011,0.4105066145,-0.014833221,16.110202845,0.0188024299,0.2744506435,0.038639877,-0.0936446669999999,-0.133333956,0.2990781304,-0.109864375,0.3288415748,0.0232275639,-0.023227564,16.0,0.0492603763,0.4370198111,-0.395639875,0.2080651613,11.236240481,0.0656241957,0.0289273771,0.0191127447,-0.024938036,-0.077234811,-3.6811e-05,-1.11950971,0.0,0.6207256046999999,1.5884907709,0.0,0.0,0.0321167207,0.0240069493999999,0.0452156853,0.1168318253999999,-0.052841476,0.08392844,0.0295524153,0.0087527352,0.0083297429,0.4173879967,-0.115853659,20410.041654,0.2151973442,,-0.364347262,-0.388918816,-0.016404877,0.1141209131,-0.391077201,0.0462061167999999,-0.033615312,,0.0476966366999999,-0.4513590839999999,6.0,0.6142618849,0.0,,,,0.0810464837,12.966819222,365.58064516,7.720027247999999,0.0,0.0,0.0149561167999999,0.0,0.3665446081,0.0918924471,-0.975136731,0.8010728595000001,0.0335512797,-0.000281561,0.0399778679,-0.054349703,1.0,0.0047139571,0.0091595221,0.0098900229,-0.045089236,0.2413519759,0.2489858327,4.0,0.0115952817,1.6729e-10,0.0184529703,0.0082195799,0.5865314837,1.3263819732,5.291686900000001e-08,73.0,
2018-08-31,29232872.277,0.64233643,0.4125960893,0.0144921686,16.238148868,0.0178510831,0.2738322662,0.0267857593,-0.052537216,-0.091999869,0.2120777373,-0.058601033,0.3166799286,0.0232275639,-0.023227564,16.0,0.0492603763,0.4370198111,-0.389374008,0.2080651613,11.236240481,0.0656241957,0.0289273771,0.0191127447,-0.024938036,-0.077234811,-3.6811e-05,-1.11950971,0.0,0.6207256046999999,1.5884907709,0.0,0.0,0.0321167207,0.0240069493999999,0.0452156853,0.1168318253999999,-0.052841476,0.08392844,0.0295524153,0.0087527352,0.0083297429,0.4173879967,-0.115853659,20410.041654,0.2151973442,,-0.364347262,-0.388918816,-0.016404877,0.1141209131,-0.391077201,0.0462061167999999,-0.033615312,,0.0476966366999999,-0.4513590839999999,6.0,0.6142618849,0.0,,,,0.0810464837,12.966819222,365.58064516,7.720027247999999,0.0,0.0,0.0149561167999999,0.0,0.3665446081,0.0918924471,-0.975136731,1.245472541,0.0330060422999999,-0.005780554,0.0275519456,-0.029198598,2.0,0.0107229590999999,0.0075794493999999,0.0225204018,-0.046768155,0.2316169722,0.2491316234,4.0,0.0099992313,1.682399e-10,0.0173368957,0.0058233041,0.3118287189,0.2839285095,1.1333375000000001e-07,73.0,
2018-09-28,31170865.556,0.6268241702,0.3929085403,0.2728999481,15.497023297,0.0179980151,0.2570636077,0.0839371309,0.0603689054,-0.070614987,0.2561221269,-0.039246435,0.3587004761999999,0.0232275639,-0.023227564,16.0,0.0492603763,0.4370198111,-0.3904475089999999,0.2080651613,11.236240481,0.0656241957,0.0289273771,0.0191127447,-0.024938036,-0.077234811,-3.6811e-05,-1.11950971,0.0,0.6207256046999999,1.5884907709,0.0,0.0,0.0321167207,0.0240069493999999,0.0452156853,0.1168318253999999,-0.052841476,0.08392844,0.0295524153,0.0087527352,0.0083297429,0.4173879967,-0.115853659,20410.041654,0.2151973442,,-0.364347262,-0.388918816,-0.016404877,0.1141209131,-0.391077201,0.0462061167999999,-0.033615312,,0.0476966366999999,-0.4513590839999999,6.0,0.6142618849,0.0,,,,0.0810464837,12.966819222,365.58064516,7.720027247999999,0.0,0.0,0.0149561167999999,0.0,0.3665446081,0.0918924471,-0.975136731,1.245472541,0.0330060422999999,-0.005780554,0.0275519456,-0.029198598,2.0,0.0107229590999999,0.0075794493999999,0.0225204018,-0.046768155,0.2316169722,0.2491316234,4.0,0.0147890562,1.91434e-10,0.0351647995,0.0111613999,0.9374811287,2.6086015571,3.9026339e-08,73.0,
2018-10-31,31976000.214,0.6368505774000001,0.4055786579,0.3451845944,16.544036635999998,0.0182205307,0.2754386613,0.0258253217,0.171379275,0.0032230093,0.21623057,-0.031562272,0.7291163293999999,0.0232275639,-0.023227564,16.0,0.0492603763,0.4370198111,-0.365661386,0.2080651613,11.236240481,0.0656241957,0.0289273771,0.0191127447,-0.024938036,-0.077234811,-3.6811e-05,-1.11950971,0.0,0.6207256046999999,1.5884907709,0.0,0.0,0.0321167207,0.0240069493999999,0.0452156853,0.1168318253999999,-0.052841476,0.08392844,0.0295524153,0.0087527352,0.0083297429,0.4173879967,-0.115853659,20410.041654,0.2151973442,,-0.364347262,-0.388918816,-0.016404877,0.1141209131,-0.391077201,0.0462061167999999,-0.033615312,,0.0476966366999999,-0.4513590839999999,6.0,0.6142618849,0.0,,,,0.0810464837,12.966819222,365.58064516,7.720027247999999,0.0,0.0,0.0149561167999999,0.0,0.3665446081,0.0918924471,-0.975136731,1.245472541,0.0330060422999999,-0.005780554,0.0275519456,-0.029198598,2.0,0.0107229590999999,0.0075794493999999,0.0225204018,-0.046768155,0.2316169722,0.2491316234,4.0,0.0091530415,2.769467e-11,0.0145838354,0.0056899147,0.4519938147,3.0768378684,2.1612063e-08,73.0,
2018-11-30,25978986.549,0.6425932608,0.4129260988,0.3050112939,17.343878682,0.0180797613,0.2136534913,0.0201400649,0.1547245158,0.0080392238,0.2186738009,-0.037612887,1.2275912015,0.0232275639,-0.023227564,16.0,0.0492603763,0.4370198111,-0.371070439,0.2080651613,11.236240481,0.0656241957,0.0289273771,0.0191127447,-0.024938036,-0.077234811,-3.6811e-05,-1.11950971,0.0,0.6207256046999999,1.5884907709,0.0,0.0,0.0321167207,0.0240069493999999,0.0452156853,0.1168318253999999,-0.052841476,0.08392844,0.0295524153,0.0087527352,0.0083297429,0.4173879967,-0.115853659,20410.041654,0.2151973442,,-0.364347262,-0.388918816,-0.016404877,0.1141209131,-0.391077201,0.0462061167999999,-0.033615312,,0.0476966366999999,-0.4513590839999999,6.0,0.6142618849,0.0,,,,0.0810464837,12.966819222,365.58064516,7.720027247999999,0.0,0.0,0.0149561167999999,0.0,0.3665446081,0.0918924471,-0.975136731,1.2919978766,0.0186215595,0.0006013680999999,-0.280420821,-0.011410981,0.0,0.0054380665,0.0076464045999999,0.0110116999,0.0017450635999999,2.4441627413,2.4475591392,4.0,0.0166428164999999,1.054577e-10,0.0558784083,0.0171194209,0.7773020548999999,4.7590938968000005,1.7245468999999997e-08,73.0,
2018-12-31,25407423.286,0.6151611852000001,0.3784232836999999,0.4140952640999999,17.395578756,0.0181730202,0.0831378079,0.0833804533,0.2097124277,0.0844872726,0.165382114,-0.161486118,1.1231027409999998,0.0232275639,-0.023227564,16.0,0.0492603763,0.4370198111,-0.369768511,0.2080651613,11.236240481,0.0656241957,0.0289273771,0.0191127447,-0.024938036,-0.077234811,-3.6811e-05,-1.11950971,0.0,0.6207256046999999,1.5884907709,0.0,0.0,0.0321167207,0.0240069493999999,0.0452156853,0.1168318253999999,-0.052841476,0.08392844,0.0295524153,0.0087527352,0.0083297429,0.4173879967,-0.115853659,20410.041654,0.2151973442,,-0.364347262,-0.388918816,-0.016404877,0.1141209131,-0.391077201,0.0462061167999999,-0.033615312,,0.0476966366999999,-0.4513590839999999,6.0,0.6142618849,0.0,,,,0.0810464837,12.966819222,365.58064516,7.720027247999999,0.0,0.0,0.0149561167999999,0.0,0.3665446081,0.0918924471,-0.975136731,1.2919978766,0.0186215595,0.0006013680999999,-0.280420821,-0.011410981,0.0,0.0054380665,0.0076464045999999,0.0110116999,0.0017450635999999,2.4441627413,2.4475591392,4.0,0.0166331071,2.240307e-10,0.0477019958,0.0134496349,0.4539648205,0.7534943337000001,6.1723777e-08,73.0,
2019-01-31,24392540.963000003,0.5711481317,0.3262101884,0.270042721,16.049460715,0.0185095274,0.0709966719,-0.039944325,0.2618221457999999,0.1878500829,0.228519911,-0.305021637,0.7536743663,0.0232275639,-0.023227564,16.0,0.0492603763,0.4370198111,-0.375618932,0.2080651613,11.236240481,0.0656241957,0.0289273771,0.0191127447,-0.024938036,-0.077234811,-3.6811e-05,-1.11950971,0.0,0.6207256046999999,1.5884907709,0.0,0.0,0.0321167207,0.0240069493999999,0.0452156853,0.1168318253999999,-0.052841476,0.08392844,0.0295524153,0.0087527352,0.0083297429,0.4173879967,-0.115853659,20410.041654,0.2151973442,,-0.364347262,-0.388918816,-0.016404877,0.1141209131,-0.391077201,0.0462061167999999,-0.033615312,,0.0476966366999999,-0.4513590839999999,6.0,0.6142618849,0.0,,,,0.0810464837,12.966819222,365.58064516,7.720027247999999,0.0,0.0,0.0149561167999999,0.0,0.3665446081,0.0918924471,-0.975136731,1.2919978766,0.0186215595,0.0006013680999999,-0.280420821,-0.011410981,0.0,0.0054380665,0.0076464045999999,0.0110116999,0.0017450635999999,2.4441627413,2.4475591392,4.0,0.0227811525,3.060718e-10,0.0332760662,0.0148181156,0.4156986290999999,0.8156480018000001,6.2436162e-08,73.0,
2019-02-28,26427355.857,0.5622635087,0.3161402533,0.3053957439999999,16.012279696,0.0189759637,-0.077372714,0.0834195539,0.1798172126,0.1477749039,0.2353151654,-0.147938127,0.3218146085,0.0232275639,-0.023227564,16.0,0.0492603763,0.4370198111,-0.3862509629999999,0.2080651613,11.236240481,0.0656241957,0.0289273771,0.0191127447,-0.024938036,-0.077234811,-3.6811e-05,-1.11950971,0.0,0.6207256046999999,1.5884907709,0.0,0.0,0.0321167207,0.0240069493999999,0.0452156853,0.1168318253999999,-0.052841476,0.08392844,0.0295524153,0.0087527352,0.0083297429,0.4173879967,-0.115853659,20410.041654,0.2151973442,,-0.364347262,-0.388918816,-0.016404877,0.1141209131,-0.391077201,0.0462061167999999,-0.033615312,,0.0476966366999999,-0.4513590839999999,6.0,0.6142618849,0.0,,,,0.0810464837,12.966819222,365.58064516,7.720027247999999,0.0,0.0,0.0149561167999999,0.0,0.3665446081,0.0918924471,-0.975136731,0.645882673,0.0325857275,-0.00067881,0.0641074864,0.0329575986,0.0,0.0040804214,0.0077520926,0.008548337,0.0010982195,2.4705459036,2.4733147603,4.0,0.0126788029,2.792477e-10,0.0157883875,0.0086119233,0.3287968194,0.3717378436,9.0908381e-08,73.0,
2019-03-29,27472533.893000003,0.5361968847,0.2875070992,0.0765190497,15.616611882,0.0188580797,0.0428633659999999,0.0395490974,0.1792538532,0.3554028089,0.1474599406,0.0118930338,0.2718776313,0.0232275639,-0.023227564,16.0,0.0492603763,0.4370198111,-0.395143871,0.2080651613,11.236240481,0.0656241957,0.0289273771,0.0191127447,-0.024938036,-0.077234811,-3.6811e-05,-1.11950971,0.0,0.6207256046999999,1.5884907709,0.0,0.0,0.0321167207,0.0240069493999999,0.0452156853,0.1168318253999999,-0.052841476,0.08392844,0.0295524153,0.0087527352,0.0083297429,0.4173879967,-0.115853659,20410.041654,0.2151973442,,-0.364347262,-0.388918816,-0.016404877,0.1141209131,-0.391077201,0.0462061167999999,-0.033615312,,0.0476966366999999,-0.4513590839999999,6.0,0.6142618849,0.0,,,,0.0810464837,12.966819222,365.58064516,7.720027247999999,0.0,0.0,0.0149561167999999,0.0,0.3665446081,0.0918924471,-0.975136731,0.645882673,0.0325857275,-0.00067881,0.0641074864,0.0329575986,0.0,0.0040804214,0.0077520926,0.008548337,0.0010982195,2.4705459036,2.4733147603,4.0,0.0144847122,2.374673e-10,0.0331439413,0.0101070635,0.4576445067,0.5763763735,1.08809e-07,73.0,
2019-04-30,29669501.182,0.5503547848,0.3028903892,0.1065114038,15.575738577,0.0189431495,0.1144132756,0.0946517363,0.1950302384,0.4359848086999999,0.0179856152,-0.078981491,0.231399341,0.0232275639,-0.023227564,16.0,0.0492603763,0.4370198111,-0.395679762,0.2080651613,11.236240481,0.0656241957,0.0289273771,0.0191127447,-0.024938036,-0.077234811,-3.6811e-05,-1.11950971,0.0,0.6207256046999999,1.5884907709,0.0,0.0,0.0321167207,0.0240069493999999,0.0452156853,0.1168318253999999,-0.052841476,0.08392844,0.0295524153,0.0087527352,0.0083297429,0.4173879967,-0.115853659,20410.041654,0.2151973442,,-0.364347262,-0.388918816,-0.016404877,0.1141209131,-0.391077201,0.0462061167999999,-0.033615312,,0.0476966366999999,-0.4513590839999999,6.0,0.6142618849,0.0,,,,0.0810464837,12.966819222,365.58064516,7.720027247999999,0.0,0.0,0.0149561167999999,0.0,0.3665446081,0.0918924471,-0.975136731,0.645882673,0.0325857275,-0.00067881,0.0641074864,0.0329575986,0.0,0.0040804214,0.0077520926,0.008548337,0.0010982195,2.4705459036,2.4733147603,4.0,0.0141040696,1.816549e-10,0.0158429816,0.0060731308999999,0.2547644752,0.3365944627,8.389123800000002e-08,73.0,
2019-05-31,30992600.236,0.5420347217,0.2938016396,0.1615196017,15.819802614,0.0193115616,0.1053305298,0.0445945821999999,0.282315998,0.5105435514,0.0425958311,-0.070396326,0.2140961698,0.0232275639,-0.023227564,16.0,0.0492603763,0.4370198111,-0.2974958139999999,0.2080651613,11.236240481,0.0656241957,0.0289273771,0.0191127447,-0.024938036,-0.077234811,-3.6811e-05,-1.11950971,0.0,0.6207256046999999,1.5884907709,0.0,0.0,0.0321167207,0.0240069493999999,0.0452156853,0.1168318253999999,-0.052841476,0.08392844,0.0295524153,0.0087527352,0.0083297429,0.4173879967,-0.115853659,20410.041654,0.2151973442,,-0.364347262,-0.388918816,-0.016404877,0.1141209131,-0.391077201,0.0462061167999999,-0.033615312,,0.0476966366999999,-0.4513590839999999,6.0,0.6142618849,0.0,,,,0.0810464837,12.966819222,365.58064516,7.720027247999999,0.0,0.0,0.0149561167999999,0.0,0.3665446081,0.0918924471,-0.975136731,-0.6258024289999999,0.0189539796,0.004782365,0.0638747259,0.0397628541999999,0.0,-0.002854495,0.0083033641,-0.0066134159999999,0.0004756505,2.4679614643,2.4698249208000003,4.0,0.0121649487999999,2.14051e-10,0.0185898616999999,0.0069848277,0.3344739825,0.3365920986,1.1701537e-07,73.0,
2019-06-28,31873532.433,0.5280803155,0.2788688196,-0.029984757,15.523511785,0.0192890418,0.071745869,0.0357373618,0.2364080780999999,0.6204102132,-0.01492943,-0.073947317,0.2089094838,0.0232275639,-0.023227564,16.0,0.0492603763,0.4370198111,-0.307354942,0.2080651613,11.236240481,0.0656241957,0.0289273771,0.0191127447,-0.024938036,-0.077234811,-3.6811e-05,-1.11950971,0.0,0.6207256046999999,1.5884907709,0.0,0.0,0.0321167207,0.0240069493999999,0.0452156853,0.1168318253999999,-0.052841476,0.08392844,0.0295524153,0.0087527352,0.0083297429,0.4173879967,-0.115853659,20410.041654,0.2151973442,,-0.364347262,-0.388918816,-0.016404877,0.1141209131,-0.391077201,0.0462061167999999,-0.033615312,,0.0476966366999999,-0.4513590839999999,6.0,0.6142618849,0.0,,,,0.0810464837,12.966819222,365.58064516,7.720027247999999,0.0,0.0,0.0149561167999999,0.0,0.3665446081,0.0918924471,-0.975136731,-0.6258024289999999,0.0189539796,0.004782365,0.0638747259,0.0397628541999999,0.0,-0.002854495,0.0083033641,-0.0066134159999999,0.0004756505,2.4679614643,2.4698249208000003,4.0,0.0146522878,2.45279e-10,0.0286932271,0.0101648379,0.4148219349,0.4425264623,1.0060024e-07,73.0,
2019-07-31,32258877.622,0.4873570122,0.2375168573999999,0.1385815581,15.657548928,0.0195033107,-0.003820006,0.0120898178,0.3338747676,0.6158819206,0.0643930748,-0.139277383,0.1784367873,0.0906104257,-0.090610426,17.0,0.3562311178,0.4019671429,-0.202844684,0.0684164817,3.8407711863,0.0851112067,0.0317835004,-0.1450844309999999,-0.292976757,-0.534908669,9.1897e-05,0.7190978856,0.0,1.8395613323,1.3086680761,0.0,0.0,0.0383041706,-0.296984653,0.0037148440999999,0.0565332326,-0.363535912,-0.362237518,0.0314957499,-0.440347072,-0.093655589,0.3228199553,-0.393955831,13706.807912,0.1250382458,,-3.661609238,1.9635660563,-0.1761563239999999,-0.025347459,1.9729300162,-0.5791195,-0.295938521,,-0.544021348,-21.91111111,5.0,1.8261575955,0.0,,,,0.0726582812,2.0328898744,166.69696969999998,4.795989537900001,0.0,0.0,-0.514603371,0.0,0.2270595287,0.222749516,4.5205296645,-0.6258024289999999,0.0189539796,0.004782365,0.0638747259,0.0397628541999999,0.0,-0.002854495,0.0083033641,-0.0066134159999999,0.0004756505,2.4679614643,2.4698249208000003,4.0,0.0152020511,3.698649e-10,0.0288597699,0.0123180898,0.2509348626,0.201563821,1.3752626999999998e-07,73.0,
2019-08-30,33615091.244,0.4842657545,0.234513321,0.0202047518,15.450839359,0.0198238558,0.0325963993,0.0420415625,0.2460556629,0.5927545,0.0490421045,-0.076603494,0.1901300391,0.0906104257,-0.090610426,17.0,0.3562311178,0.4019671429,-0.482434771,0.0684164817,3.8407711863,0.0851112067,0.0317835004,-0.1450844309999999,-0.292976757,-0.534908669,9.1897e-05,0.7190978856,0.0,1.8395613323,1.3086680761,0.0,0.0,0.0383041706,-0.296984653,0.0037148440999999,0.0565332326,-0.363535912,-0.362237518,0.0314957499,-0.440347072,-0.093655589,0.3228199553,-0.393955831,13706.807912,0.1250382458,,-3.661609238,1.9635660563,-0.1761563239999999,-0.025347459,1.9729300162,-0.5791195,-0.295938521,,-0.544021348,-21.91111111,5.0,1.8261575955,0.0,,,,0.0726582812,2.0328898744,166.69696969999998,4.795989537900001,0.0,0.0,-0.514603371,0.0,0.2270595287,0.222749516,4.3746241182,1.4944764705000002,0.1587376077999999,0.0054380665,0.12193844,0.0135051729,0.0,-0.003850611,0.0045653525,-0.008566913,0.0046641932,3.2465566260000003,3.2187991615,4.0,0.0165558297,3.113461e-10,0.0437296851999999,0.0139119847,0.586252143,0.7256261786,9.284587599999998e-08,73.0,
2019-09-30,34419462.913,0.4897662554999999,0.239870985,0.0579241438999999,15.789575602,0.0198117004,-0.018180626,0.0278398412999999,0.2490432564999999,0.5311924839,0.1447071057,-0.17061907,0.2006915996,0.0906104257,-0.090610426,17.0,0.3562311178,0.4019671429,-0.485741037,0.0684164817,3.8407711863,0.0851112067,0.0317835004,-0.1450844309999999,-0.292976757,-0.534908669,9.1897e-05,0.7190978856,0.0,1.8395613323,1.3086680761,0.0,0.0,0.0383041706,-0.296984653,0.0037148440999999,0.0565332326,-0.363535912,-0.362237518,0.0314957499,-0.440347072,-0.093655589,0.3228199553,-0.393955831,13706.807912,0.1250382458,,-3.661609238,1.9635660563,-0.1761563239999999,-0.025347459,1.9729300162,-0.5791195,-0.295938521,,-0.544021348,-21.91111111,5.0,1.8261575955,0.0,,,,0.0726582812,2.0328898744,166.69696969999998,4.795989537900001,0.0,0.0,-0.514603371,0.0,0.2270595287,0.222749516,4.3746241182,1.4944764705000002,0.1587376077999999,0.0054380665,0.12193844,0.0135051729,0.0,-0.003850611,0.0045653525,-0.008566913,0.0046641932,3.2465566260000003,3.2187991615,4.0,0.0208861401,3.672882e-10,0.0257073697,0.0153033747,0.4861467264,0.6210984897999999,8.6588929e-08,73.0,
2019-10-31,33517378.784,0.5062902628,0.2563298302,-0.166071423,15.881649673,0.0202647987999999,-0.02553127,-0.0262085479999999,0.1728080996,0.5341994455,0.1773910999,-0.145399062,0.2149093664,0.0906104257,-0.090610426,17.0,0.3562311178,0.4019671429,-0.493786002,0.0684164817,3.8407711863,0.0851112067,0.0317835004,-0.1450844309999999,-0.292976757,-0.534908669,9.1897e-05,0.7190978856,0.0,1.8395613323,1.3086680761,0.0,0.0,0.0383041706,-0.296984653,0.0037148440999999,0.0565332326,-0.363535912,-0.360992011,0.0314957499,-0.440347072,-0.093655589,0.3228199553,-0.393955831,13706.807912,0.1250382458,,-3.661609238,1.9635660563,-0.1761563239999999,-0.025347459,1.9729300162,-0.5791195,-0.295938521,,-0.544021348,-21.91111111,5.0,1.8261575955,0.0,,,,0.0726582812,2.0328898744,166.69696969999998,4.795989537900001,0.0,0.0,-0.514603371,0.0,0.2270595287,0.222749516,4.3693998771,1.4944764705000002,0.1587376077999999,0.0054380665,0.12193844,0.0135051729,0.0,-0.003850611,0.0045653525,-0.008566913,0.0046641932,3.2465566260000003,3.2187991615,4.0,0.0179138404,2.892341e-10,0.0211320985,0.0121841676,0.3631367726,0.3747967069,1.0856630000000001e-07,73.0,
2019-11-29,33707820.891,0.4525670147999999,0.2048169029,-0.2399736539999999,15.725557878,0.0209723681,0.0501671658,0.0056818915,0.0933145948,0.464495276,0.2611438222,-0.10118425,0.1940376325,0.0906104257,-0.090610426,17.0,0.3562311178,0.4019671429,-0.345082645,0.0684164817,3.8407711863,0.0851112067,0.0317835004,-0.1450844309999999,-0.292976757,-0.534908669,9.1897e-05,0.7190978856,0.0,1.8395613323,1.3086680761,0.0,0.0,0.0383041706,-0.296984653,0.0037148440999999,0.0565332326,-0.363535912,-0.353804526,0.0314957499,-0.440347072,-0.093655589,0.3228199553,-0.393955831,13706.807912,0.1250382458,,-3.661609238,1.9635660563,-0.1761563239999999,-0.025347459,1.9729300162,-0.5791195,-0.295938521,,-0.544021348,-21.91111111,5.0,1.8261575955,0.0,,,,0.0726582812,2.0328898744,166.69696969999998,4.795989537900001,0.0,0.0,-0.514603371,0.0,0.2270595287,0.222749516,4.0738176971,0.7072768772,0.1371893797,-0.000964463,0.0059752262,0.0245137848,1.0,0.0066873937,0.004513154,0.0123563841,0.0036453824,3.2465444207,3.2188151687,4.0,0.0143311285,3.598017e-10,0.0166868698,0.0094071933,0.3361141163,0.2088755136,1.2691798e-07,73.0,
2019-12-31,35272038.426,0.4744361138,0.225089626,-0.161396468,15.435288036,0.0210045858999999,0.0600923036,0.0542670339,0.0615883237,0.3594636813,0.2364139469,-0.317335617,0.1746386696,0.0906104257,-0.090610426,17.0,0.3562311178,0.4019671429,-0.345441564,0.0684164817,3.8407711863,0.0851112067,0.0317835004,-0.1450844309999999,-0.292976757,-0.534908669,9.1897e-05,0.7190978856,0.0,1.8395613323,1.3086680761,0.0,0.0,0.0383041706,-0.296984653,0.0037148440999999,0.0565332326,-0.363535912,-0.360992011,0.0314957499,-0.440347072,-0.093655589,0.3228199553,-0.393955831,13706.807912,0.1250382458,,-3.661609238,1.9635660563,-0.1761563239999999,-0.025347459,1.9729300162,-0.5791195,-0.295938521,,-0.544021348,-21.91111111,5.0,1.8261575955,0.0,,,,0.0726582812,2.0328898744,166.69696969999998,4.795989537900001,0.0,0.0,-0.514603371,0.0,0.2270595287,0.222749516,4.0427294926,0.7072768772,0.1371893797,-0.000964463,0.0059752262,0.0245137848,1.0,0.0066873937,0.004513154,0.0123563841,0.0036453824,3.2465444207,3.2188151687,4.0,0.0130647162,2.601038e-10,0.0218522567,0.008197801,0.3709766781,0.3617601582999999,1.2769461999999998e-07,73.0,
2020-01-31,35796992.037,0.4503955164,0.2028561212,-0.2277147219999999,15.616643643,0.0214506925,0.2196985461,0.0148829957,0.1058283106,0.4928694031,0.171571576,-0.29746854,0.1558077545,0.0906104257,-0.090610426,17.0,0.3562311178,0.4019671429,-0.344686362,0.0684164817,3.8407711863,0.0851112067,0.0317835004,-0.1450844309999999,-0.292976757,-0.534908669,9.1897e-05,0.7190978856,0.0,1.8395613323,1.3086680761,0.0,0.0,0.0383041706,-0.296984653,0.0037148440999999,0.0565332326,-0.363535912,-0.360992011,0.0314957499,-0.440347072,-0.093655589,0.3228199553,-0.393955831,13706.807912,0.1250382458,,-3.661609238,1.9635660563,-0.1761563239999999,-0.025347459,1.9729300162,-0.5791195,-0.295938521,,-0.544021348,-21.91111111,5.0,1.8261575955,0.0,,,,0.0726582812,2.0328898744,166.69696969999998,4.795989537900001,0.0,0.0,-0.514603371,0.0,0.2270595287,0.222749516,3.8550284121,0.7072768772,0.1371893797,-0.000964463,0.0059752262,0.0245137848,1.0,0.0066873937,0.004513154,0.0123563841,0.0036453824,3.2465444207,3.2188151687,4.0,0.0108594894,2.14509e-10,0.0102198421999999,0.0059542654,0.4563038924,0.2855553032,1.4320481e-07,73.0,
2020-02-28,40166623.889,0.4429323656,0.1961890805,-0.08996745,15.465659282,0.0210611448,0.0814089362,0.1220670119,0.0770072797,0.3984312600999999,0.2392976778,-0.2055616,0.175368731,0.0906104257,-0.090610426,17.0,0.3562311178,0.4019671429,-0.344536293,0.0684164817,3.8407711863,0.0851112067,0.0317835004,-0.1450844309999999,-0.292976757,-0.534908669,9.1897e-05,0.7190978856,0.0,1.8395613323,1.3086680761,0.0,0.0,0.0383041706,-0.296984653,0.0037148440999999,0.0565332326,-0.363535912,-0.360992011,0.0314957499,-0.440347072,-0.093655589,0.3228199553,-0.393955831,13706.807912,0.1250382458,,-3.661609238,1.9635660563,-0.1761563239999999,-0.025347459,1.9729300162,-0.5791195,-0.295938521,,-0.544021348,-21.91111111,5.0,1.8261575955,0.0,,,,0.0726582812,2.0328898744,166.69696969999998,4.795989537900001,0.0,0.0,-0.514603371,0.0,0.2270595287,0.222749516,3.801304695,2.1663118359,0.1281225308,0.0018535681,0.0180484826,-0.024455842,2.0,0.0125767058,0.0048167862,0.0230820696,0.0034670006,3.2464193015,3.2186725233,4.0,0.0135233763999999,2.035995e-10,0.0164145864999999,0.0061105228,0.4154431485,0.4219341189,9.972081900000005e-08,73.0,
2020-03-31,37236873.518,0.4427152934,0.195996831,-0.193833065,15.94273135,0.0213614767,0.0348059082,-0.072939917,0.175741873,0.5094367253000001,0.3546220362,-0.134325206,0.1875475912999999,0.0906104257,-0.090610426,17.0,0.3562311178,0.4019671429,-0.343556756,0.0684164817,3.8407711863,0.0851112067,0.0317835004,-0.1450844309999999,-0.292976757,-0.534908669,9.1897e-05,0.7190978856,0.0,1.8395613323,1.3086680761,0.0,0.0,0.0383041706,-0.296984653,0.0037148440999999,0.0565332326,-0.363535912,-0.362237518,0.0314957499,-0.440347072,-0.093655589,0.3228199553,-0.393955831,13706.807912,0.1250382458,,-3.661609238,1.9635660563,-0.1761563239999999,-0.025347459,1.9729300162,-0.5791195,-0.295938521,,-0.544021348,-21.91111111,5.0,1.8261575955,0.0,,,,0.0726582812,2.0328898744,166.69696969999998,4.795989537900001,0.0,0.0,-0.514603371,0.0,0.2270595287,0.222749516,3.6611784449,2.1663118359,0.1281225308,0.0018535681,0.0180484826,-0.024455842,2.0,0.0125767058,0.0048167862,0.0230820696,0.0034670006,3.2464193015,3.2186725233,4.0,0.0185993036,2.431419e-10,0.0194247941999999,0.0133258431,0.5317132978,0.6758424929000001,1.1355354e-07,73.0,
2020-04-30,33597554.162,0.5337713118999999,0.2849118134,-0.116528993,15.837171654,0.021472623,-0.036490262,-0.083780915,0.1193190857,0.2783413105,0.4509392696,-0.035939579,0.2897784664,0.0906104257,-0.090610426,17.0,0.3562311178,0.4019671429,-0.344799934,0.0684164817,3.8407711863,0.0851112067,0.0317835004,-0.1450844309999999,-0.292976757,-0.534908669,9.1897e-05,0.7190978856,0.0,1.8395613323,1.3086680761,0.0,0.0,0.0383041706,-0.296984653,0.0037148440999999,0.0565332326,-0.363535912,-0.376841737,0.0314957499,-0.440347072,-0.093655589,0.3228199553,-0.393955831,13706.807912,0.1250382458,,-3.661609238,1.9635660563,-0.1761563239999999,-0.025347459,1.9729300162,-0.5791195,-0.295938521,,-0.544021348,-21.91111111,5.0,1.8261575955,0.0,,,,0.0726582812,2.0328898744,166.69696969999998,4.795989537900001,0.0,0.0,-0.514603371,0.0,0.2270595287,0.222749516,3.4119048766000004,2.1663118359,0.1281225308,0.0018535681,0.0180484826,-0.024455842,2.0,0.0125767058,0.0048167862,0.0230820696,0.0034670006,3.2464193015,3.2186725233,4.0,0.0581652865,6.3053e-10,0.0767772347,0.0517405108,0.3287570612,0.7751112983,4.4153071e-08,73.0,
2020-05-29,34949410.719000004,0.777447494,0.604424606,-0.039957107,16.541609069,0.0220096049,-0.249148602,0.0390510112,0.0197474149,0.1212394993999999,0.4422465069,-0.014838786,0.2991841057,0.0906104257,-0.090610426,17.0,0.3562311178,0.4019671429,-0.338221236,0.0684164817,3.8407711863,0.0851112067,0.0317835004,-0.1450844309999999,-0.292976757,-0.534908669,9.1897e-05,0.7190978856,0.0,1.8395613323,1.3086680761,0.0,0.0,0.0383041706,-0.296984653,0.0037148440999999,0.0565332326,-0.363535912,-0.376841737,0.0314957499,-0.440347072,-0.093655589,0.3228199553,-0.393955831,13706.807912,0.1250382458,,-3.661609238,1.9635660563,-0.1761563239999999,-0.025347459,1.9729300162,-0.5791195,-0.295938521,,-0.544021348,-21.91111111,5.0,1.8261575955,0.0,,,,0.0726582812,2.0328898744,166.69696969999998,4.795989537900001,0.0,0.0,-0.514603371,0.0,0.2270595287,0.222749516,3.4119048766000004,0.4106680218,0.0717592593,-0.005271225,0.0378552773,0.008442454,0.0,-0.004376102,0.0054425868999999,-0.007913827,0.0038579796,3.2464935032,3.2186785483,4.0,0.0259820713,4.408675e-10,0.0354716741,0.019851596,0.2998628223,0.4459506358,8.702239800000001e-08,73.0,
2020-06-30,33395404.303000003,0.6811249303,0.4639311706,-0.153650783,15.938709692,0.022964437,-0.072772284,-0.039285228,0.0050296068,0.1248266971,0.5421614914,0.0593511131,0.3163424268,0.0906104257,-0.090610426,17.0,0.3562311178,0.4019671429,-0.335902981,0.0684164817,3.8407711863,0.0851112067,0.0317835004,-0.1450844309999999,-0.292976757,-0.534908669,9.1897e-05,0.7190978856,0.0,1.8395613323,1.3086680761,0.0,0.0,0.0383041706,-0.296984653,0.0037148440999999,0.0565332326,-0.363535912,-0.392377443,0.0314957499,-0.440347072,-0.093655589,0.3228199553,-0.393955831,13706.807912,0.1250382458,,-3.661609238,1.9635660563,-0.1761563239999999,-0.025347459,1.9729300162,-0.5791195,-0.295938521,,-0.544021348,-21.91111111,5.0,1.8261575955,0.0,,,,0.0726582812,2.0328898744,166.69696969999998,4.795989537900001,0.0,0.0,-0.514603371,0.0,0.2270595287,0.222749516,3.4119048766000004,0.4106680218,0.0717592593,-0.005271225,0.0378552773,0.008442454,0.0,-0.004376102,0.0054425868999999,-0.007913827,0.0038579796,3.2464935032,3.2186785483,4.0,0.021756475,3.048862e-10,0.0254699867,0.0142075987999999,0.4288486767,0.5642310815,8.5444119e-08,73.0,
2020-07-31,33697827.355,0.6415360659,0.4115685238,-0.162283451,15.961213913,0.0235076587,-0.021632456,0.0090558287,-0.048612703,0.0677289755,0.4721275867,0.066522901,0.2455105642999999,0.0505503465,0.0505503465,18.0,-0.014548014,0.2770065147,-0.5576292070000001,0.2940344562,25.760164848,0.0197090606,-0.009589264,0.1404798779,-0.0080419869999999,-0.6009861360000001,-0.000582377,-0.21486375,0.0,0.9540229885,1.1658536585,0.0,0.0,0.0203267234,0.0366388766999999,0.0440786682,0.0944447703,-0.468421053,0.2002213034,0.0344019045,-0.054263566,0.0073913299,0.2171646489,-0.010996036,22413.348737,0.1440096813,,-0.386400361,-0.4813856039999999,-0.109129595,0.0018613243,-0.481491677,0.3766532807,0.0343901965,,0.5404155766,0.552866242,5.0,0.9468779124,0.0,,,,0.066992665,7.1587878788,256.7826087,4.9546979866,0.0,0.0,0.0736229776,0.0,0.1658144042,0.1167323503999999,-0.427609399,0.4106680218,0.0717592593,-0.005271225,0.0378552773,0.008442454,0.0,-0.004376102,0.0054425868999999,-0.007913827,0.0038579796,3.2464935032,3.2186785483,3.0,0.0197870603,3.273472e-10,0.0291490499,0.0160946025,0.2803602469,0.3047858702,8.2352504e-08,73.0,
2020-08-31,34624924.184,0.6424567636999999,0.4127506932,-0.329369483,15.911969058,0.023471263,0.0535489617,0.0275120661,-0.144433544,0.0339301088,0.5473894441,0.0767089999,0.2378031302,0.0505503465,0.0505503465,18.0,-0.014548014,0.2770065147,-0.560295096,0.2940344562,25.760164848,0.0197090606,-0.009589264,0.1404798779,-0.0080419869999999,-0.6009861360000001,-0.000582377,-0.21486375,0.0,0.9540229885,1.1658536585,0.0,0.0,0.0203267234,0.0366388766999999,0.0440786682,0.0944447703,-0.468421053,0.2002213034,0.0344019045,-0.054263566,0.0073913299,0.2171646489,-0.010996036,22413.348737,0.1440096813,,-0.386400361,-0.4813856039999999,-0.109129595,0.0018613243,-0.481491677,0.3766532807,0.0343901965,,0.5404155766,0.552866242,5.0,0.9468779124,0.0,,,,0.066992665,7.1587878788,256.7826087,4.9546979866,0.0,0.0,0.0736229776,0.0,0.1658144042,0.1167323503999999,-0.427609399,0.8541936448999999,0.0477016479,-0.032994342,0.0427157589,-0.04355209,1.0,0.0826451451,0.0200996227,0.1538013739,0.0015722328,3.2463233617,3.2266850401,3.0,0.01532462,2.527817e-10,0.0216690431999999,0.0106880443,0.2886589429,0.3146283153999999,9.160492100000001e-08,73.0,
2020-09-30,37921906.714,0.6475185762,0.4192803066,-0.047889134,15.832633684,0.0236929371,0.1762385413,0.0989405289,-0.051728282,0.0336003914,0.5854589251,0.0751349709,0.2313426173,0.0505503465,0.0505503465,18.0,-0.014548014,0.2770065147,-0.565719437,0.2940344562,25.760164848,0.0197090606,-0.009589264,0.1404798779,-0.0080419869999999,-0.6009861360000001,-0.000582377,-0.21486375,0.0,0.9540229885,1.1658536585,0.0,0.0,0.0203267234,0.0366388766999999,0.0440786682,0.0944447703,-0.468421053,0.2002213034,0.0344019045,-0.054263566,0.0073913299,0.2171646489,-0.010996036,22413.348737,0.1440096813,,-0.386400361,-0.4813856039999999,-0.109129595,0.0018613243,-0.481491677,0.3766532807,0.0343901965,,0.5404155766,0.552866242,5.0,0.9468779124,0.0,,,,0.066992665,7.1587878788,256.7826087,4.9546979866,0.0,0.0,0.0736229776,0.0,0.1658144042,0.1167323503999999,-0.427609399,0.8541936448999999,0.0477016479,-0.042429489,0.0427157589,-0.04355209,1.0,0.0826451451,0.0200996227,0.1538013739,0.0015722328,3.2463233617,3.2266850401,3.0,0.0146688968999999,2.161359e-10,0.0401623659,0.0110216184,0.5199922619,0.8618128008,8.8074201e-08,73.0,
2020-10-30,39610190.683,0.6576574222,0.432513285,0.1624803223,16.007883922,0.0242309106,0.2406797858,0.0445200168,0.1373854136,0.1664359534,0.5375125834000001,0.061251778,0.2071029393,0.0505503465,0.0505503465,18.0,-0.014548014,0.2770065147,-0.561111236,0.2940344562,25.760164848,0.0197090606,-0.009589264,0.1404798779,-0.0080419869999999,-0.6009861360000001,-0.000582377,-0.21486375,0.0,0.9540229885,1.1658536585,0.0,0.0,0.0203267234,0.0366388766999999,0.0440786682,0.0944447703,-0.468421053,0.2002213034,0.0344019045,-0.054263566,0.0073913299,0.2171646489,-0.010996036,22413.348737,0.1440096813,,-0.386400361,-0.4813856039999999,-0.109129595,0.0018613243,-0.481491677,0.3766532807,0.0343901965,,0.5404155766,0.552866242,5.0,0.9468779124,0.0,,,,0.066992665,7.1587878788,256.7826087,4.9546979866,0.0,0.0,0.0736229776,0.0,0.1658144042,0.1167323503999999,-0.427609399,0.8541936448999999,0.0477016479,-0.039496502,0.0427157589,-0.04355209,1.0,0.0826451451,0.0200996227,0.1538013739,0.0015722328,3.2463233617,3.2266850401,3.0,0.0167958276,3.961096e-10,0.021640962,0.0136095859,0.2429392637,0.1803164921999999,1.2372859e-07,73.0,
2020-11-30,38656805.992,0.6481034760000001,0.4200381156,0.0562823929,15.713065861,0.0239107829,0.1870777146999999,-0.024069177,0.1433719985,0.2114821912,0.5145577616,0.0825448233,0.1823859886,0.0505503465,0.0505503465,18.0,-0.014548014,0.2770065147,-0.5585745,0.2940344562,25.760164848,0.0197090606,-0.009589264,0.1404798779,-0.0080419869999999,-0.6009861360000001,-0.000582377,-0.21486375,0.0,0.9540229885,1.1658536585,0.0,0.0,0.0203267234,0.0366388766999999,0.0440786682,0.0944447703,-0.468421053,0.2002213034,0.0344019045,-0.054263566,0.0073913299,0.2171646489,-0.010996036,22413.348737,0.1440096813,,-0.386400361,-0.4813856039999999,-0.109129595,0.0018613243,-0.481491677,0.3766532807,0.0343901965,,0.5404155766,0.552866242,5.0,0.9468779124,0.0,,,,0.066992665,7.1587878788,256.7826087,4.9546979866,0.0,0.0,0.0736229776,0.0,0.1658144042,0.1167323503999999,-0.427609399,-0.016062987,0.0486521636,0.0027948235,-0.050108727,-0.016945133,0.0,0.0110436542,0.0200864078,0.0199790795,0.0009808791,3.2446664288,3.2245239082,3.0,0.0130121201,2.638448e-10,0.0122315986,0.0092006329,0.2915163503,0.1941316196999999,1.3901584e-07,73.0,
2020-12-31,39424472.35,0.652373117,0.4255906838,0.2236845035,15.525683715,0.0237303419,0.1340009155,0.0238921437,0.1614810219,0.1214642723,0.6839286715999999,0.0742752432,0.1633079738,0.0505503465,0.0505503465,18.0,-0.014548014,0.2770065147,-0.556845203,0.2940344562,25.760164848,0.0197090606,-0.009589264,0.1404798779,-0.0080419869999999,-0.6009861360000001,-0.000582377,-0.21486375,0.0,0.9540229885,1.1658536585,0.0,0.0,0.0203267234,0.0366388766999999,0.0440786682,0.0944447703,-0.468421053,0.2002213034,0.0344019045,-0.054263566,0.0073913299,0.2171646489,-0.010996036,22413.348737,0.1440096813,,-0.386400361,-0.4813856039999999,-0.109129595,0.0018613243,-0.481491677,0.3766532807,0.0343901965,,0.5404155766,0.552866242,5.0,0.9468779124,0.0,,,,0.066992665,7.1587878788,256.7826087,4.9546979866,0.0,0.0,0.0736229776,0.0,0.1658144042,0.1167323503999999,-0.427609399,-0.016062987,0.0486521636,0.0027948235,-0.050108727,-0.016945133,0.0,0.0110436542,0.0200864078,0.0199790795,0.0009808791,3.2446664288,3.2245239082,3.0,0.0195662287,3.130353e-10,0.042141255,0.016387086,0.3738909589999999,0.3104313196,1.2217894e-07,73.0,
2021-01-29,40708992.717,0.6406861315,0.410478719,0.256587926,15.768962549,0.0261131698,0.3784667324,0.0322702304,0.1785584698,0.1314195456,0.7278094490000001,0.0424487176999999,0.1508360859,0.0505503465,0.0505503465,18.0,-0.014548014,0.2770065147,-0.5591432789999999,0.2940344562,25.760164848,0.0197090606,-0.009589264,0.1404798779,-0.0080419869999999,-0.6009861360000001,-0.000582377,-0.21486375,0.0,0.9540229885,1.1658536585,0.0,0.0,0.0203267234,0.0366388766999999,0.0440786682,0.0944447703,-0.468421053,0.2002213034,0.0344019045,-0.054263566,0.0073913299,0.2171646489,-0.010996036,22413.348737,0.1440096813,,-0.386400361,-0.4813856039999999,-0.109129595,0.0018613243,-0.481491677,0.3766532807,0.0343901965,,0.5404155766,0.552866242,5.0,0.9468779124,0.0,,,,0.066992665,7.1587878788,256.7826087,4.9546979866,0.0,0.0,0.0736229776,0.0,0.1658144042,0.1167323503999999,-0.427609399,-0.016062987,0.0486521636,0.0027948235,-0.050108727,-0.016945133,0.0,0.0110436542,0.0200864078,0.0199790795,0.0009808791,3.2446664288,3.2245239082,3.0,0.0118986623,2.933828e-10,0.0133051444,0.006351723,0.3689347092,0.1980828269,1.5202429e-07,73.0,
2021-02-26,40539974.417,0.6409478014,0.4108140841,0.2999953603999999,15.487673259,0.0258216704,0.4825434613,-0.004151866,0.1840160941,0.0408742994,0.9512517803,0.0111243601,0.1635413188,0.0505503465,0.0505503465,18.0,-0.014548014,0.2770065147,-0.562177768,0.2940344562,25.760164848,0.0197090606,-0.009589264,0.1404798779,-0.0080419869999999,-0.6009861360000001,-0.000582377,-0.21486375,0.0,0.9540229885,1.1658536585,0.0,0.0,0.0203267234,0.0366388766999999,0.0440786682,0.0944447703,-0.468421053,0.2002213034,0.0344019045,-0.054263566,0.0073913299,0.2171646489,-0.010996036,22413.348737,0.1440096813,,-0.386400361,-0.4813856039999999,-0.109129595,0.0018613243,-0.481491677,0.3766532807,0.0343901965,,0.5404155766,0.552866242,5.0,0.9468779124,0.0,,,,0.066992665,7.1587878788,256.7826087,4.9546979866,0.0,0.0,0.0736229776,0.0,0.1658144042,0.1167323503999999,-0.427609399,0.7216460404,0.0559663965,-0.001884155,-0.031695833,0.0563088846,0.0,0.0077441476,0.0200946492,0.0141836292999999,-0.00053332,3.2446046121,3.22445532,3.0,0.01838939,3.097837e-10,0.0248280745,0.0146655898,0.3783455254,0.3468782725,1.2721285999999998e-07,73.0,
2021-03-31,43194582.717,0.6069928915999999,0.3684403704,0.1011061083,15.808570182,0.0259532871,0.7800862563,0.065481253,0.0729426994,0.1181073892,0.9716788642,0.0451219265,0.1760886186,0.0505503465,0.0505503465,18.0,-0.014548014,0.2770065147,-0.567511525,0.2940344562,25.760164848,0.0197090606,-0.009589264,0.1404798779,-0.0080419869999999,-0.6009861360000001,-0.000582377,-0.21486375,0.0,0.9540229885,1.1658536585,0.0,0.0,0.0203267234,0.0366388766999999,0.0440786682,0.0944447703,-0.468421053,0.2002213034,0.0344019045,-0.054263566,0.0073913299,0.2171646489,-0.010996036,22413.348737,0.1440096813,,-0.386400361,-0.4813856039999999,-0.109129595,0.0018613243,-0.481491677,0.3766532807,0.0343901965,,0.5404155766,0.552866242,5.0,0.9468779124,0.0,,,,0.066992665,7.1587878788,256.7826087,4.9546979866,0.0,0.0,0.0736229776,0.0,0.1658144042,0.1167323503999999,-0.427609399,0.7216460404,0.0559663965,-0.001884155,-0.031695833,0.0563088846,0.0,0.0077441476,0.0200946492,0.0141836292999999,-0.00053332,3.2446046121,3.22445532,3.0,0.0194984121,2.234287e-10,0.1056495532,0.0267104736,0.5870709047,1.0097361456,1.0755807e-07,73.0,
2021-04-30,43334452.19899999,0.572570115,0.3278365365,-0.079880752,16.039829338,0.0272267177,1.6620682527,0.0124870566999999,0.0944743168,0.3002593821,0.8410770895,0.0208673679,0.2186699167,0.0505503465,0.0505503465,18.0,-0.014548014,0.2770065147,-0.5962579060000001,0.2940344562,25.760164848,0.0197090606,-0.009589264,0.1404798779,-0.0080419869999999,-0.6009861360000001,-0.000582377,-0.21486375,0.0,0.9540229885,1.1658536585,0.0,0.0,0.0203267234,0.0366388766999999,0.0440786682,0.0944447703,-0.468421053,0.2002213034,0.0344019045,-0.054263566,0.0073913299,0.2171646489,-0.010996036,22413.348737,0.1440096813,,-0.386400361,-0.4813856039999999,-0.109129595,0.0018613243,-0.481491677,0.3766532807,0.0343901965,,0.5404155766,0.552866242,5.0,0.9468779124,0.0,,,,0.066992665,7.1587878788,256.7826087,4.9546979866,0.0,0.0,0.0736229776,0.0,0.1658144042,0.1167323503999999,-0.427609399,0.7216460404,0.0559663965,-0.001884155,-0.031695833,0.0563088846,0.0,0.0077441476,0.0200946492,0.0141836292999999,-0.00053332,3.2446046121,3.22445532,3.0,0.0164403701,1.493817e-10,0.018790856,0.0086622582,0.2422998867,0.321781912,7.3464017e-08,73.0,
2021-05-28,45945035.92600001,0.5663721818,0.3207774483,0.086266436,16.237670094000002,0.0267763822,1.3932585609,0.0586958937,0.1354709304,0.2670174809,0.8382995395,0.0341995475,0.2023732905999999,0.0505503465,0.0505503465,18.0,-0.014548014,0.2770065147,-0.595844111,0.2940344562,25.760164848,0.0197090606,-0.009589264,0.1404798779,-0.0080419869999999,-0.6009861360000001,-0.000582377,-0.21486375,0.0,0.9540229885,1.1658536585,0.0,0.0,0.0203267234,0.0366388766999999,0.0440786682,0.0944447703,-0.468421053,0.2002213034,0.0344019045,-0.054263566,0.0073913299,0.2171646489,-0.010996036,22413.348737,0.1440096813,,-0.386400361,-0.4813856039999999,-0.109129595,0.0018613243,-0.481491677,0.3766532807,0.0343901965,,0.5404155766,0.552866242,5.0,0.9468779124,0.0,,,,0.066992665,7.1587878788,256.7826087,4.9546979866,0.0,0.0,0.0736229776,0.0,0.1658144042,0.1167323503999999,-0.427609399,0.7092342026,0.0676135697,-0.008383383,-0.034475346,0.077935149,1.0,0.014198663,0.0201207338,0.0257815018,0.0007567514,3.2448454003,3.2249201215,3.0,0.0103727634,2.281928e-10,0.0230672229,0.0076676939,0.1787546021,0.1124679382,1.5669203e-07,73.0,
2021-06-30,48559320.955,0.5683347229,0.3230043572,0.0565769844,15.623836250999998,0.0266058084,1.0979827534,0.0611045435,0.1740674237999999,0.396237721,0.8136550883,0.0010295911,0.2178148107,0.0505503465,0.0505503465,18.0,-0.014548014,0.2770065147,-0.595907082,0.2940344562,25.760164848,0.0197090606,-0.009589264,0.1404798779,-0.0080419869999999,-0.6009861360000001,-0.000582377,-0.21486375,0.0,0.9540229885,1.1658536585,0.0,0.0,0.0203267234,0.0366388766999999,0.0440786682,0.0944447703,-0.468421053,0.2002213034,0.0344019045,-0.054263566,0.0073913299,0.2171646489,-0.010996036,22413.348737,0.1440096813,,-0.386400361,-0.4813856039999999,-0.109129595,0.0018613243,-0.481491677,0.3766532807,0.0343901965,,0.5404155766,0.552866242,5.0,0.9468779124,0.0,,,,0.066992665,7.1587878788,256.7826087,4.9546979866,0.0,0.0,0.0736229776,0.0,0.1658144042,0.1167323503999999,-0.427609399,0.7092342026,0.0676135697,-0.008383383,-0.034475346,0.077935149,1.0,0.014198663,0.0201207338,0.0257815018,0.0007567514,3.2448454003,3.2249201215,3.0,0.0151404424,1.702916e-10,0.0344385169,0.0119523138,0.5765777224,0.8508811733,8.37879e-08,73.0,
2021-07-30,49228454.44899999,0.5689893584000001,0.32374889,0.0069019416,16.355209057,0.0268612328,0.7789107893,0.0137797128,0.2068625455,0.4682578976,0.7619959318999999,-0.000607802,0.1781763525,0.033886741,-0.033886741,19.0,-0.033882625,0.2494289178,-0.613034955,0.2482732157,15.010068842,0.0428652213999999,0.018088795,0.0929467033,-0.0006874919999999,-0.229897553,0.0001705708,-5.640886948,0.0,1.4988687783,1.4532110092,0.0,0.0,0.0185462706,0.0444444444,0.0282247217,0.1147730558,-0.125,0.0591312258,0.0375061151,-0.016393443,0.0024862676999999,0.1940848794,0.021460892,21987.217883,0.1778609414999999,,-34.38782441,0.5711034182,0.2464780623,0.2197123464,0.5726049126,-0.117227874,0.0174015391,,-0.103701581,-0.518711923,5.0,1.4890648566999998,0.0,,,,0.0617492492,3.3486289871,230.15384615,5.0412805392,0.0,0.0,0.0132069082,0.0,0.1469945473,0.1645043342,-1.72056746,0.7092342026,0.0676135697,-0.008383383,-0.034475346,0.077935149,1.0,0.014198663,0.0201207338,0.0257815018,0.0007567514,3.2448454003,3.2249201215,5.0,0.0103857044999999,2.054696e-10,0.0137959849,0.0074116022999999,0.3424205864,0.2256336404,1.4129925e-07,73.0,
2021-08-31,52534472.391,0.5636464228,0.31769729,0.1320017428,15.751134346,0.0267931462,0.8323797161,0.0671566500999999,0.2285937217,0.4486351246,0.7632422968000001,0.0080916898,0.1694581637999999,0.033886741,-0.033886741,19.0,-0.033882625,0.2494289178,-0.643034529,0.2482732157,15.010068842,0.0428652213999999,0.018088795,0.0929467033,-0.0006874919999999,-0.229897553,0.0001705708,-5.640886948,0.0,1.4988687783,1.4532110092,0.0,0.0,0.0185462706,0.0444444444,0.0282247217,0.1147730558,-0.125,0.0591312258,0.0375061151,-0.016393443,0.0024862676999999,0.1940848794,0.021460892,21987.217883,0.1778609414999999,,-34.38782441,0.5711034182,0.2464780623,0.2197123464,0.5726049126,-0.117227874,0.0174015391,,-0.103701581,-0.518711923,5.0,1.4890648566999998,0.0,,,,0.0617492492,3.3486289871,230.15384615,5.0412805392,0.0,0.0,0.0132069082,0.0,0.1469945473,0.1645043342,-1.72056746,2.1550313704,0.0999384822,0.0474026682,0.0108340297,0.0898705525,2.0,0.0344524005,0.0210045835,0.0614016736,0.0008106316999999,3.2426561878,3.2252103874,5.0,0.0117436913999999,2.822962e-10,0.0194714777,0.008853388,0.3022550664,0.1495561558,1.950738e-07,73.0,
2021-09-30,57945148.163,0.5593985831,0.3129267748,0.2182261094,15.540164755,0.0266909498,0.5887041214000001,0.1063779891,0.2305256021,0.4067372766,0.7876483487999999,0.0068293386,0.162880247,0.033886741,-0.033886741,19.0,-0.033882625,0.2494289178,-0.6487935429999999,0.2482732157,15.010068842,0.0428652213999999,0.018088795,0.0929467033,-0.0006874919999999,-0.229897553,0.0001705708,-5.640886948,0.0,1.4988687783,1.4532110092,0.0,0.0,0.0185462706,0.0444444444,0.0282247217,0.1147730558,-0.125,0.0591312258,0.0375061151,-0.016393443,0.0024862676999999,0.1940848794,0.021460892,21987.217883,0.1778609414999999,,-34.38782441,0.5711034182,0.2464780623,0.2197123464,0.5726049126,-0.117227874,0.0174015391,,-0.103701581,-0.518711923,5.0,1.4890648566999998,0.0,,,,0.0617492492,3.3486289871,230.15384615,5.0412805392,0.0,0.0,0.0132069082,0.0,0.1469945473,0.1645043342,-1.72056746,2.1550313704,0.0999384822,0.0522467545,0.0108340297,0.0898705525,2.0,0.0344524005,0.0210045835,0.0614016736,0.0008106316999999,3.2426561878,3.2252103874,5.0,0.015527507,1.48847e-10,0.0598298125,0.0147703233,0.5271512936,0.6747161214,8.2415964e-08,73.0,
2021-10-29,54781620.145,0.5554942541,0.3085738664,0.1630841282,16.452884763,0.0270117475,0.7485631744,-0.054595217,0.3446358965,0.4900462740999999,0.8202265472,0.0011014828,0.1737712875,0.033886741,-0.033886741,19.0,-0.033882625,0.2494289178,-0.6451962729999999,0.2482732157,15.010068842,0.0428652213999999,0.018088795,0.0929467033,-0.0006874919999999,-0.229897553,0.0001705708,-5.640886948,0.0,1.4988687783,1.4532110092,0.0,0.0,0.0185462706,0.0444444444,0.0282247217,0.1147730558,-0.125,0.0591312258,0.0375061151,-0.016393443,0.0024862676999999,0.1940848794,0.021460892,21987.217883,0.1778609414999999,,-34.38782441,0.5711034182,0.2464780623,0.2197123464,0.5726049126,-0.117227874,0.0174015391,,-0.103701581,-0.518711923,5.0,1.4890648566999998,0.0,,,,0.0617492492,3.3486289871,230.15384615,5.0412805392,0.0,0.0,0.0132069082,0.0,0.1469945473,0.1645043342,-1.72056746,2.1550313704,0.0999384822,0.0511001071999999,0.0108340297,0.0898705525,2.0,0.0344524005,0.0210045835,0.0614016736,0.0008106316999999,3.2426561878,3.2252103874,5.0,0.0143075267,1.847928e-10,0.0194249246,0.0105629815999999,0.235941125,0.1957199064,1.2017675e-07,73.0,
2021-11-30,59665751.738000005,0.5602137722,0.3138394706,0.1056821244999999,16.066460257,0.0267376942,0.6849164126999999,0.0891563892,0.2007463289,0.4434392695,0.7413444029999999,0.0320509264,0.2091104452,0.033886741,-0.033886741,19.0,-0.033882625,0.2494289178,-0.652608954,0.2482732157,15.010068842,0.0428652213999999,0.018088795,0.0929467033,-0.0006874919999999,-0.229897553,0.0001705708,-5.640886948,0.0,1.4988687783,1.4532110092,0.0,0.0,0.0185462706,0.0444444444,0.0282247217,0.1147730558,-0.125,0.0591312258,0.0375061151,-0.016393443,0.0024862676999999,0.1940848794,0.021460892,21987.217883,0.1778609414999999,,-34.38782441,0.5711034182,0.2464780623,0.2197123464,0.5726049126,-0.117227874,0.0174015391,,-0.103701581,-0.518711923,5.0,1.4890648566999998,0.0,,,,0.0617492492,3.3486289871,230.15384615,5.0412805392,0.0,0.0,0.0132069082,0.0,0.1469945473,0.1645043342,-1.72056746,2.1401386111000003,0.1086627418,0.0491387125999999,-0.017959646,0.0338612431999999,3.0,0.1343508465,0.0704692507,0.5043086172,0.0013823448999999,3.2477847526,3.3634497076,4.0,0.0137178962,1.141691e-10,0.0167308114,0.0061569508,0.2676631988,0.2302193683999999,1.0341810000000001e-07,73.0,
2021-12-31,58213643.251,0.5695762456,0.3244170995,-0.017057055,16.302042821,0.0266535187999999,0.4062904453,-0.00303336,0.2324898088,0.5354460061999999,0.6457273605,-0.043044726,0.1926758253,0.033886741,-0.033886741,19.0,-0.033882625,0.2494289178,-0.6575346670000001,0.2482732157,15.010068842,0.0428652213999999,0.018088795,0.0929467033,-0.0006874919999999,-0.229897553,0.0001705708,-5.640886948,0.0,1.4988687783,1.4532110092,0.0,0.0,0.0185462706,0.0444444444,0.0282247217,0.1147730558,-0.125,0.0591312258,0.0375061151,-0.016393443,0.0024862676999999,0.1940848794,0.021460892,21987.217883,0.1778609414999999,,-34.38782441,0.5711034182,0.2464780623,0.2197123464,0.5726049126,-0.117227874,0.0174015391,,-0.103701581,-0.518711923,5.0,1.4890648566999998,0.0,,,,0.0617492492,3.3486289871,230.15384615,5.0412805392,0.0,0.0,0.0132069082,0.0,0.1469945473,0.1645043342,-1.72056746,2.1401386111000003,0.1086627418,0.0491087112999999,-0.017959646,0.0338612431999999,3.0,0.1343508465,0.0704692507,0.5043086172,0.0013823448999999,3.2477847526,3.3634497076,4.0,0.0185412626,2.345321e-10,0.0297046881,0.0137574234,0.5661405824,0.5790154781,1.079835e-07,73.0,
