tradeDate,mvel1,beta,betasq,chmom,dolvol,idiovol,indmom,mom1m,mom6m,mom12m,mom36m,pricedelay,turn,absacc,acc,age,agr,bm,bm_ia,cashdebt,cashpr,cfp,cfp_ia,chatoia,chcsho,chempia,chinv,chpmia,convind,currat,depr,divi,divo,dy,egr,ep,gma,grcapx,grltnoa,herf,hire,invest,lev,lgr,mve_ia,operprof,orgcap,pchcapx_ia,pchcurrat,pchdepr,pchgm_pchsale,pchquick,pchsale_pchinvt,pchsale_pchrect,pchsale_pchxsga,pchsaleinv,pctacc,ps,quick,rd,rd_mve,rd_sale,realestate,roic,salecash,saleinv,salerec,secured,securedind,sgr,sin,sp,tang,tb,aeavol,cash,chtx,cinvest,ear,nincr,roaq,roavol,roeq,rsup,stdacc,stdcf,ms,baspread,ill,maxret,retvol,std_dolvol,std_turn,zerotrade,sic2,close
1990-01-31,3733261.0,0.8560938066,0.7328966056999999,0.185785218,13.942956755,0.0326132449,0.1744302219,0.0082051279,0.2188411182,0.2713203307,0.123442044,0.1545306176999999,0.4396303928,0.0359727556,-0.035972756,24.0,-0.015572791,0.3368167601,-0.55593247,0.4161135046,3.9474714799,0.0847893959,0.0354579652,-0.02600995,-0.058299679,-0.285545588,0.0054110658,-2.158140724,1.0,1.9340355312,0.2401085889,0.0,0.0,0.0136679074,-0.033343582,0.0642544775,0.5436670144,0.6898764114,,0.1539748349,-0.086956522,0.0253192422,0.2499916072,0.0871516102999999,2485.3451582,0.3801741784,0.0106432567999999,-1.377107259,-0.212611268,0.1052156417,0.0266003342,-0.226844052,-0.221762978,-0.081427737,-0.045212595,-0.16996831,-0.319587354,7.0,1.831528276,1.0,0.0294597033,0.051259829,0.3382974376,0.223087745,4.5001515529,43.455539151,6.9705297009,0.0,0.0,0.0829683499,0.0,0.5747132578999999,0.4749518386999999,-0.422573052,1.3029389601,0.1516594685,-0.000238476,-0.015649932,0.009613534,2.0,0.0352575212,0.0049534341,0.0612042467,0.0134061181,0.0334513585,0.0416420129,6.0,0.0165721412,1.3686331e-09,0.0382513665,0.0128588035,0.4950952465,1.0702050231,5.1332792000000014e-08,73.0,
1990-02-28,3580883.0,0.7387366017,0.5457317667,0.1414521213,14.27383753,0.0323898557,0.0903826908999999,-0.040816326,0.2174637004,0.2495063519,-0.089061509,0.3538323899,0.4085716661,0.0359727556,-0.035972756,24.0,-0.015572791,0.3368167601,-0.560580024,0.4161135046,3.9474714799,0.0847893959,0.0354579652,-0.02600995,-0.058299679,-0.285545588,0.0054110658,-2.158140724,1.0,1.9340355312,0.2401085889,0.0,0.0,0.0136679074,-0.033343582,0.0642544775,0.5436670144,0.6898764114,,0.1539748349,-0.086956522,0.0253192422,0.2499916072,0.0871516102999999,2485.3451582,0.3801741784,0.0106432567999999,-1.377107259,-0.212611268,0.1052156417,0.0266003342,-0.226844052,-0.221762978,-0.081427737,-0.045212595,-0.16996831,-0.319587354,7.0,1.831528276,1.0,0.0294597033,0.051259829,0.3382974376,0.223087745,4.5001515529,43.455539151,6.9705297009,0.0,0.0,0.0829683499,0.0,0.5747132578999999,0.4749518386999999,-0.422573052,1.1023542367,0.2220047342,-0.000601745,-0.081771421,-0.038239178,0.0,0.0327952828,0.0052513128,0.0579127801,0.0085123393999999,0.0342955139,0.043498357,6.0,0.0218814481999999,1.2616646e-09,0.0182767622,0.0116566135,0.3491024983,0.7585495517,4.0070936e-08,73.0,
1990-03-30,3828497.25,0.7565066723999999,0.5723023454,0.0063396592,14.390502946,0.0317300709,0.0521784124,0.0691489354,0.0966895753,0.2789427489,-0.1317192969999999,0.3147758987,0.5133977572999999,0.0359727556,-0.035972756,24.0,-0.015572791,0.3368167601,-0.562252832,0.4161135046,3.9474714799,0.0847893959,0.0354579652,-0.02600995,-0.058299679,-0.285545588,0.0054110658,-2.158140724,1.0,1.9340355312,0.2401085889,0.0,0.0,0.0136679074,-0.033343582,0.0642544775,0.5436670144,0.6898764114,,0.1539748349,-0.086956522,0.0253192422,0.2499916072,0.0871516102999999,2485.3451582,0.3801741784,0.0106432567999999,-1.377107259,-0.212611268,0.1052156417,0.0266003342,-0.226844052,-0.221762978,-0.081427737,-0.045212595,-0.16996831,-0.319587354,7.0,1.831528276,1.0,0.0294597033,0.051259829,0.3382974376,0.223087745,4.5001515529,43.455539151,6.9705297009,0.0,0.0,0.0829683499,0.0,0.5747132578999999,0.4749518386999999,-0.422573052,1.1023542367,0.2220047342,-0.000601745,-0.081771421,-0.038239178,0.0,0.0327952828,0.0052513128,0.0579127801,0.0085123393999999,0.0342955139,0.043498357,6.0,0.0169036666,1.0417684e-09,0.0281329919,0.0127914706,0.5250575176,1.5305019066,3.941478299999999e-08,73.0,
1990-04-30,3971260.125,0.7493147409,0.561472581,-0.147810269,14.620479709,0.0316279089,0.039847156,0.0651741326,0.0752816317,0.3905245802,-0.194501148,0.3145739235,0.5935199746,0.0359727556,-0.035972756,24.0,-0.015572791,0.3368167601,-7.865093877,0.4161135046,3.9474714799,0.0847893959,0.0354579652,-0.02600995,-0.058299679,-0.285545588,0.0054110658,-2.158140724,1.0,1.9340355312,0.2401085889,0.0,0.0,0.0136679074,-0.033343582,0.0642544775,0.5436670144,0.6898764114,,0.1539748349,-0.086956522,0.0253192422,0.2499916072,0.0871516102999999,2485.3451582,0.3801741784,0.0106432567999999,-1.377107259,-0.212611268,0.1052156417,0.0266003342,-0.226844052,-0.221762978,-0.081427737,-0.045212595,-0.16996831,-0.319587354,7.0,1.831528276,1.0,0.0294597033,0.051259829,0.3382974376,0.223087745,4.5001515529,43.455539151,6.9705297009,0.0,0.0,0.0829683499,0.0,0.5747132578999999,0.4749518386999999,-0.422573052,1.1023542367,0.2220047342,-0.000601745,-0.081771421,-0.038239178,0.0,0.0327952828,0.0052513128,0.0579127801,0.0085123393999999,0.0342955139,0.043498357,6.0,0.01929567,9.718901e-10,0.0289156623,0.0139579549,0.3852197357,1.0898078718000002,3.0175017000000006e-08,73.0,
1990-05-31,3748051.125,0.751024682,0.564038073,-0.135393295,14.800275774,0.0314123914,0.0515976717,-0.056206089,0.1423160034,0.3862052492,-0.132313663,0.3228003484,0.5653804282,0.0359727556,-0.035972756,24.0,-0.015572791,0.3368167601,-7.838256089,0.4161135046,3.9474714799,0.0847893959,0.0354579652,-0.02600995,-0.058299679,-0.285545588,0.0054110658,-2.158140724,1.0,1.9340355312,0.2401085889,0.0,0.0,0.0136679074,-0.033343582,0.0642544775,0.5436670144,0.6898764114,,0.1539748349,-0.086956522,0.0253192422,0.2499916072,0.0871516102999999,2485.3451582,0.3801741784,0.0106432567999999,-1.377107259,-0.212611268,0.1052156417,0.0266003342,-0.226844052,-0.221762978,-0.081427737,-0.045212595,-0.16996831,-0.319587354,7.0,1.831528276,1.0,0.0294597033,0.051259829,0.3382974376,0.223087745,4.5001515529,43.455539151,6.9705297009,0.0,0.0,0.0829683499,0.0,0.5747132578999999,0.4749518386999999,-0.422573052,,,,,,,,,,,,,,0.0182123757,1.0719696e-09,0.0117096016,0.0097912783,0.5174442978,1.2732642415,5.1619588e-08,73.0,
1990-06-29,4287472.875,0.7546165999,0.5694462128,-0.069685941,14.278189773,0.0315254517,-0.0105254439999999,0.1439206004,0.0394094731,0.3082920743,-0.139329994,0.3070374418,0.5051445348,0.0359727556,-0.035972756,24.0,-0.015572791,0.3368167601,-7.907357583,0.4161135046,3.9474714799,0.0847893959,0.0354579652,-0.02600995,-0.058299679,-0.285545588,0.0054110658,-2.158140724,1.0,1.9340355312,0.2401085889,0.0,0.0,0.0136679074,-0.033343582,0.0642544775,0.5436670144,0.6898764114,,0.1539748349,-0.086956522,0.0253192422,0.2499916072,0.0871516102999999,2485.3451582,0.3801741784,0.0106432567999999,-1.377107259,-0.212611268,0.1052156417,0.0266003342,-0.226844052,-0.221762978,-0.081427737,-0.045212595,-0.16996831,-0.319587354,7.0,1.831528276,1.0,0.0294597033,0.051259829,0.3382974376,0.223087745,4.5001515529,43.455539151,6.9705297009,0.0,0.0,0.0829683499,0.0,0.5747132578999999,0.4749518386999999,-0.422573052,,,,,,,,,,,,,,0.0204233237,1.7752792e-09,0.0311111119,0.0134973115,0.4301398339,0.7435918947,4.9073169e-08,73.0,
1990-07-31,4077450.0,0.756397155,0.5721366561,-0.094540609,14.36792987,0.0315778623,0.0863897241,-0.038177874,0.1793253929,0.4492044159,-0.138770615,0.3191082562,0.4043631436,0.0359727556,-0.035972756,24.0,-0.015572791,0.2647275398,-4.271064711,0.4161135046,3.9474714799,0.0847893959,0.0354579652,-0.02600995,-0.058299679,-0.285545588,0.0054110658,-2.158140724,1.0,1.9340355312,0.2401085889,0.0,0.0,0.0136679074,-0.033343582,0.0642544775,0.5436670144,0.6898764114,,0.1539748349,-0.086956522,0.0253192422,0.2499916072,0.0871516102999999,2485.3451582,0.3801741784,0.0106432567999999,-1.377107259,-0.212611268,0.1052156417,0.0266003342,-0.226844052,-0.221762978,-0.081427737,-0.045212595,-0.16996831,-0.319587354,7.0,1.831528276,1.0,0.0294597033,0.051259829,0.3382974376,0.223087745,4.5001515529,43.455539151,6.9705297009,0.0,0.0,0.0829683499,0.0,0.5747132578999999,0.4749518386999999,-0.422573052,0.2234917007999999,0.1744272896,-0.0014881629999999,0.0474146837999999,-0.0150565719999999,1.0,0.0288736502,0.0049407632,0.0514492305999999,0.0012510467999999,0.0442097675,0.0450356345,6.0,0.0155835531,1.0851792e-09,0.0200892854,0.0093937515,0.27147534,0.5087666769,5.5644528e-08,73.0,
1990-08-31,3892950.0,0.7469625149,0.5579529986,-0.03871184,14.246277036,0.030841065,0.1011680119,-0.04524887,0.1825693943,0.3809706054,-0.109747201,0.3400575931,0.4057813911,0.0359727556,-0.035972756,24.0,-0.015572791,0.2647275398,-4.253241288,0.4161135046,3.9474714799,0.0847893959,0.0354579652,-0.02600995,-0.058299679,-0.285545588,0.0054110658,-2.158140724,1.0,1.9340355312,0.2401085889,0.0,0.0,0.0136679074,-0.033343582,0.0642544775,0.5436670144,0.6898764114,,0.1539748349,-0.086956522,0.0253192422,0.2499916072,0.0871516102999999,2485.3451582,0.3801741784,0.0106432567999999,-1.377107259,-0.212611268,0.1052156417,0.0266003342,-0.226844052,-0.221762978,-0.081427737,-0.045212595,-0.16996831,-0.319587354,7.0,1.831528276,1.0,0.0294597033,0.051259829,0.3382974376,0.223087745,4.5001515529,43.455539151,6.9705297009,0.0,0.0,0.0829683499,0.0,0.5747132578999999,0.4749518386999999,-0.422573052,0.2234917007999999,0.1744272896,-0.0014881629999999,0.0474146837999999,-0.0150565719999999,1.0,0.0288736502,0.0049407632,0.0514492305999999,0.0012510467999999,0.0442097675,0.0450356345,6.0,0.02164141,1.7974982e-09,0.0296803657,0.0186379596999999,0.4620024557,0.9275366637,4.8282251e-08,73.0,
1990-09-28,3717675.0,0.7495075167,0.5617615175999999,-0.164035406,14.334168033,0.0309590625,0.0190207945,-0.045023698,0.05603572,0.238227746,-0.133365248,0.3229623241,0.4801535682,0.0359727556,-0.035972756,24.0,-0.015572791,0.2647275398,-4.284133376000001,0.4161135046,3.9474714799,0.0847893959,0.0354579652,-0.02600995,-0.058299679,-0.285545588,0.0054110658,-2.158140724,1.0,1.9340355312,0.2401085889,0.0,0.0,0.0136679074,-0.033343582,0.0642544775,0.5436670144,0.6898764114,,0.1539748349,-0.086956522,0.0253192422,0.2499916072,0.0871516102999999,2485.3451582,0.3801741784,0.0106432567999999,-1.377107259,-0.212611268,0.1052156417,0.0266003342,-0.226844052,-0.221762978,-0.081427737,-0.045212595,-0.16996831,-0.319587354,7.0,1.831528276,1.0,0.0294597033,0.051259829,0.3382974376,0.223087745,4.5001515529,43.455539151,6.9705297009,0.0,0.0,0.0829683499,0.0,0.5747132578999999,0.4749518386999999,-0.422573052,0.2234917007999999,0.1744272896,-0.0014881629999999,0.0474146837999999,-0.0150565719999999,1.0,0.0288736502,0.0049407632,0.0514492305999999,0.0012510467999999,0.0442097675,0.0450356345,6.0,0.0209481251,1.5324192e-09,0.0466321259999999,0.0194674654,0.3713819806,1.1683987176,3.0113571e-08,73.0,
1990-10-31,3662325.0,0.7411986124,0.549375383,-0.209385829,14.669215581,0.0299886469,-0.14606014,-0.0114143919999999,-0.053216694,0.0844097902,-0.040600328,-0.028077852,0.4771093044,0.0359727556,-0.035972756,24.0,-0.015572791,0.2647275398,-4.218580176000001,0.4161135046,3.9474714799,0.0847893959,0.0354579652,-0.02600995,-0.058299679,-0.285545588,0.0054110658,-2.158140724,1.0,1.9340355312,0.2401085889,0.0,0.0,0.0136679074,-0.033343582,0.0642544775,0.5436670144,0.6898764114,,0.1539748349,-0.086956522,0.0253192422,0.2499916072,0.0871516102999999,2485.3451582,0.3801741784,0.0106432567999999,-1.377107259,-0.212611268,0.1052156417,0.0266003342,-0.226844052,-0.221762978,-0.081427737,-0.045212595,-0.16996831,-0.319587354,7.0,1.831528276,1.0,0.0294597033,0.051259829,0.3382974376,0.223087745,4.5001515529,43.455539151,6.9705297009,0.0,0.0,0.0829683499,0.0,0.5747132578999999,0.4749518386999999,-0.422573052,-0.148287586,0.1766593925,-0.0018807329999999,0.0256179876,0.0187850734,2.0,0.0389819495,0.0057743199,0.0596779611,0.0042647068,0.0417659489,0.0422040033999999,6.0,0.0173766143,1.7891339e-09,0.0236220472,0.0137499808,0.4381378055,0.7274289523,6.254249400000001e-08,73.0,
1990-11-30,3717675.0,0.7692200362999999,0.5916994643,-0.071405848,14.114400246,0.0290607638,-0.1916061369999999,0.01511335,-0.008283124,0.0691807632,0.1412579511,0.3069276319,0.6229087624,0.0359727556,-0.035972756,24.0,-0.015572791,0.2647275398,-4.314496626,0.4161135046,3.9474714799,0.0847893959,0.0354579652,-0.02600995,-0.058299679,-0.285545588,0.0054110658,-2.158140724,1.0,1.9340355312,0.2401085889,0.0,0.0,0.0136679074,-0.033343582,0.0642544775,0.5436670144,0.6898764114,,0.1539748349,-0.086956522,0.0253192422,0.2499916072,0.0871516102999999,2485.3451582,0.3801741784,0.0106432567999999,-1.377107259,-0.212611268,0.1052156417,0.0266003342,-0.226844052,-0.221762978,-0.081427737,-0.045212595,-0.16996831,-0.319587354,7.0,1.831528276,1.0,0.0294597033,0.051259829,0.3382974376,0.223087745,4.5001515529,43.455539151,6.9705297009,0.0,0.0,0.0829683499,0.0,0.5747132578999999,0.4749518386999999,-0.422573052,-0.148287586,0.1766593925,-0.0018807329999999,0.0256179876,0.0187850734,2.0,0.0389819495,0.0057743199,0.0596779611,0.0042647068,0.0417659489,0.0422040033999999,6.0,0.0207073096,1.2124854e-09,0.0358056277,0.0174191502,0.6558642185,2.7118425183,2.1892027e-08,73.0,
1990-12-31,3975975.0,0.8176092376999999,0.6684848656,-0.247809132,14.988069008,0.0302713838,-0.2265228939999999,0.0694789067,-0.1199519959999999,0.0463787559,0.2742294277,-0.130514418,0.5819118898,0.0359727556,-0.035972756,24.0,-0.015572791,0.2647275398,-4.384197693,0.4161135046,3.9474714799,0.0847893959,0.0354579652,-0.02600995,-0.058299679,-0.285545588,0.0054110658,-2.158140724,1.0,1.9340355312,0.2401085889,0.0,0.0,0.0136679074,-0.033343582,0.0642544775,0.5436670144,0.6898764114,,0.1539748349,-0.086956522,0.0253192422,0.2499916072,0.0871516102999999,2485.3451582,0.3801741784,0.0106432567999999,-1.377107259,-0.212611268,0.1052156417,0.0266003342,-0.226844052,-0.221762978,-0.081427737,-0.045212595,-0.16996831,-0.319587354,7.0,1.831528276,1.0,0.0294597033,0.051259829,0.3382974376,0.223087745,4.5001515529,43.455539151,6.9705297009,0.0,0.0,0.0829683499,0.0,0.5747132578999999,0.4749518386999999,-0.422573052,-0.148287586,0.1766593925,-0.0018807329999999,0.0256179876,0.0187850734,2.0,0.0389819495,0.0057743199,0.0596779611,0.0042647068,0.0417659489,0.0422040033999999,6.0,0.0127895618,1.2994623e-09,0.021634616,0.010085163,0.4215778746,0.7657444581,5.2902316e-08,73.0,
1991-01-31,3697122.0,0.7205020239,0.5191231664,-0.157111706,14.263887715,0.0276615947,-0.194305394,-0.001392111,-0.021448196,0.1099725412,0.1209041313,0.5843828488,0.5949466233,0.0502162515,-0.0502162509999999,25.0,-0.00773429,0.3173397199,-4.3104321830000005,0.4637550222,6.156140315499999,0.0726578197,-0.047324668,0.0218899841,0.0147624808,-0.2620022389999999,-0.001723842,-0.104502584,0.0,1.9232109501,0.2212444421999999,0.0,0.0,0.0113251495999999,0.1869593241,0.0519038713,0.5642607673,-0.5098864470000001,,0.1540551168999999,-0.095238095,-0.002064581,0.1385765453,-0.225456275,3613.4232324,0.3155475761,0.0114916729,37.281747038,-0.005596888,-0.078565064,0.0323735178,-0.000937071,0.0969398343,-0.066692529,-0.093511648,0.1048305700999999,-0.3998535729999999,7.0,1.8298120039,0.0,0.0220614131,0.0524993276,0.3522484479,0.2294738402,4.3250333706,48.011008095,6.5433899599,0.0,0.0,0.0216685104999999,0.0,0.4202227739999999,0.4829696075999999,-0.574354928,-0.148287586,0.1766593925,-0.0018807329999999,0.0256179876,0.0187850734,2.0,0.0389819495,0.0057743199,0.0596779611,0.0042647068,0.0417659489,0.0422040033999999,6.0,0.0150617068,1.5184377e-09,0.0283018872,0.0111369228,0.7279348120999999,1.5271682033,5.4003609000000016e-08,73.0,
1991-02-28,4119404.0,0.9956436724,0.9913063223,0.0113458624,14.286524848,0.02742684,-0.153268624,0.1142191142,0.0235018531,0.1555944554,0.1285962169,0.1395644138,0.4340382533,0.0502162515,-0.0502162509999999,25.0,-0.00773429,0.3173397199,-4.565081027,0.4637550222,6.156140315499999,0.0726578197,-0.047324668,0.0218899841,0.0147624808,-0.2620022389999999,-0.001723842,-0.104502584,0.0,1.9232109501,0.2212444421999999,0.0,0.0,0.0113251495999999,0.1869593241,0.0519038713,0.5642607673,-0.5098864470000001,,0.1540551168999999,-0.095238095,-0.002064581,0.1385765453,-0.225456275,3613.4232324,0.3155475761,0.0114916729,37.281747038,-0.005596888,-0.078565064,0.0323735178,-0.000937071,0.0969398343,-0.066692529,-0.093511648,0.1048305700999999,-0.3998535729999999,7.0,1.8298120039,0.0,0.0220614131,0.0524993276,0.3522484479,0.2294738402,4.3250333706,48.011008095,6.5433899599,0.0,0.0,0.0216685104999999,0.0,0.4202227739999999,0.4829696075999999,-0.574354928,1.0699844021,0.2341875937999999,-0.002673773,0.010746633,-0.046006867,0.0,0.0360408572,0.0061164143,0.0555397323,0.0019056670999999,0.0459856979,0.0507287291999999,6.0,0.0228377281,1.7277628e-09,0.0582524277,0.0190951309,0.4605372211999999,1.3236826483,4.4452403e-08,73.0,
1991-03-28,4300382.0,0.9827365427,0.9657711123,0.2381458442,14.42683429,0.0280852568,-0.079682567,0.0439330525999999,0.1941713382,0.2043087617,0.112318078,0.0904491046,0.4336453811,0.0502162515,-0.0502162509999999,25.0,-0.00773429,0.3173397199,-4.583947613,0.4637550222,6.156140315499999,0.0726578197,-0.047324668,0.0218899841,0.0147624808,-0.2620022389999999,-0.001723842,-0.104502584,0.0,1.9232109501,0.2212444421999999,0.0,0.0,0.0113251495999999,0.1869593241,0.0519038713,0.5642607673,-0.5098864470000001,,0.1540551168999999,-0.095238095,-0.002064581,0.1385765453,-0.225456275,3613.4232324,0.3155475761,0.0114916729,37.281747038,-0.005596888,-0.078565064,0.0323735178,-0.000937071,0.0969398343,-0.066692529,-0.093511648,0.1048305700999999,-0.3998535729999999,7.0,1.8298120039,0.0,0.0220614131,0.0524993276,0.3522484479,0.2294738402,4.3250333706,48.011008095,6.5433899599,0.0,0.0,0.0216685104999999,0.0,0.4202227739999999,0.4829696075999999,-0.574354928,1.0699844021,0.2341875937999999,-0.002673773,0.010746633,-0.046006867,0.0,0.0360408572,0.0061164143,0.0555397323,0.0019056670999999,0.0459856979,0.0507287291999999,6.0,0.0257641075,1.9407277e-09,0.0327868834,0.0197788207,0.3665007140999999,0.8014537923,5.3850961e-08,73.0,
1991-04-30,4462925.625,0.8750010759,0.7656268828,0.3690242016,14.4246319,0.0278600317,-0.015765845,0.0348697379,0.2610288074,0.1802931402,0.2895019233999999,0.1731152069,0.3993393627,0.0502162515,-0.0502162509999999,25.0,-0.00773429,0.3173397199,-6.351236081000001,0.4637550222,6.156140315499999,0.0726578197,-0.047324668,0.0218899841,0.0147624808,-0.2620022389999999,-0.001723842,-0.104502584,0.0,1.9232109501,0.2212444421999999,0.0,0.0,0.0113251495999999,0.1869593241,0.0519038713,0.5642607673,-0.5098864470000001,,0.1540551168999999,-0.095238095,-0.002064581,0.1385765453,-0.225456275,3613.4232324,0.3155475761,0.0114916729,37.281747038,-0.005596888,-0.078565064,0.0323735178,-0.000937071,0.0969398343,-0.066692529,-0.093511648,0.1048305700999999,-0.3998535729999999,7.0,1.8298120039,0.0,0.0220614131,0.0524993276,0.3522484479,0.2294738402,4.3250333706,48.011008095,6.5433899599,0.0,0.0,0.0216685104999999,0.0,0.4202227739999999,0.4829696075999999,-0.574354928,0.2665845504,0.2295576013,-0.001306395,0.0062944607,0.071508171,0.0,0.0246651968,0.0055046094999999,0.0370355582,0.0031931877,0.0490992885,0.051132774,6.0,0.0187589526,1.5735572e-09,0.0436507948,0.0174486834,0.3400206578999999,0.5604991992,6.6356347e-08,73.0,
1991-05-31,4714236.0,0.8964602292,0.8036409426000001,0.3512576140999999,14.196254260999998,0.0283091562,0.1018224393999999,0.0563106798,0.285571263,0.2941910706,0.2930880685,0.1987509667999999,0.1758838548,0.0502162515,-0.0502162509999999,25.0,-0.00773429,0.3173397199,-6.366589556,0.4637550222,6.156140315499999,0.0726578197,-0.047324668,0.0218899841,0.0147624808,-0.2620022389999999,-0.001723842,-0.104502584,0.0,1.9232109501,0.2212444421999999,0.0,0.0,0.0113251495999999,0.1869593241,0.0519038713,0.5642607673,-0.5098864470000001,,0.1540551168999999,-0.095238095,-0.002064581,0.1385765453,-0.225456275,3613.4232324,0.3155475761,0.0114916729,37.281747038,-0.005596888,-0.078565064,0.0323735178,-0.000937071,0.0969398343,-0.066692529,-0.093511648,0.1048305700999999,-0.3998535729999999,7.0,1.8298120039,0.0,0.0220614131,0.0524993276,0.3522484479,0.2294738402,4.3250333706,48.011008095,6.5433899599,0.0,0.0,0.0216685104999999,0.0,0.4202227739999999,0.4829696075999999,-0.574354928,0.2665845504,0.2295576013,-0.001306395,0.0062944607,0.071508171,0.0,0.0246651968,0.0055046094999999,0.0370355582,0.0031931877,0.0490992885,0.051132774,6.0,0.0193036249,1.9088164e-09,0.0397727266,0.0145907742,0.3453735693,0.4985050185,6.5810393e-08,73.0,
1991-06-28,4714236.0,0.8915544924,0.7948694129,0.3285495680999999,14.169353897,0.0278537981999999,0.0780890222,0.0,0.2697423448,0.1950723232,0.5269058887,0.1648108075,0.2547225898,0.0502162515,-0.0502162509999999,25.0,-0.00773429,0.3173397199,-6.397113513,0.4637550222,6.156140315499999,0.0726578197,-0.047324668,0.0218899841,0.0147624808,-0.2620022389999999,-0.001723842,-0.104502584,0.0,1.9232109501,0.2212444421999999,0.0,0.0,0.0113251495999999,0.1869593241,0.0519038713,0.5642607673,-0.5098864470000001,,0.1540551168999999,-0.095238095,-0.002064581,0.1385765453,-0.225456275,3613.4232324,0.3155475761,0.0114916729,37.281747038,-0.005596888,-0.078565064,0.0323735178,-0.000937071,0.0969398343,-0.066692529,-0.093511648,0.1048305700999999,-0.3998535729999999,7.0,1.8298120039,0.0,0.0220614131,0.0524993276,0.3522484479,0.2294738402,4.3250333706,48.011008095,6.5433899599,0.0,0.0,0.0216685104999999,0.0,0.4202227739999999,0.4829696075999999,-0.574354928,0.2665845504,0.2295576013,-0.001306395,0.0062944607,0.071508171,0.0,0.0246651968,0.0055046094999999,0.0370355582,0.0031931877,0.0490992885,0.051132774,6.0,0.0322268712,2.1432786e-09,0.0541666672,0.0299888756999999,0.6296589692,1.3276654086,4.4064305e-08,73.0,
1991-07-31,4519060.0,0.9201318924,0.8466426995,0.2419664848999999,14.570481641,0.0294023546,0.0826306444,-0.041176472,0.2715124318,0.2425086623,0.4006573944,0.2251957069,0.3292987553,0.0502162515,-0.0502162509999999,25.0,-0.00773429,0.3204416841,-7.720441248999999,0.4637550222,6.156140315499999,0.0726578197,-0.047324668,0.0218899841,0.0147624808,-0.2620022389999999,-0.001723842,-0.104502584,0.0,1.9232109501,0.2212444421999999,0.0,0.0,0.0113251495999999,0.1869593241,0.0519038713,0.5642607673,-0.5098864470000001,,0.1540551168999999,-0.095238095,-0.002064581,0.1385765453,-0.225456275,3613.4232324,0.3155475761,0.0114916729,37.281747038,-0.005596888,-0.078565064,0.0323735178,-0.000937071,0.0969398343,-0.066692529,-0.093511648,0.1048305700999999,-0.3998535729999999,7.0,1.8298120039,0.0,0.0220614131,0.0524993276,0.3522484479,0.2294738402,4.3250333706,48.011008095,6.5433899599,0.0,0.0,0.0216685104999999,0.0,0.4202227739999999,0.4829696075999999,-0.574354928,-0.236511533,0.2084626648999999,-0.000515523,-0.004438629,0.0128009822,1.0,0.0331859856,0.0054345183,0.052104852,0.0029712234999999,0.0557805878,0.0561438265,6.0,0.027475516,2.2438871e-09,0.0524193533,0.0203642164,0.4216326589999999,0.8699549865999999,5.6337902e-08,73.0,
1991-08-30,4710251.0,0.9133886185,0.8342787684,6.668470000000001e-05,14.375030627,0.0296414904,0.0924418966,0.0423076934999999,0.0941797896,0.2478084619999999,0.3754872086,0.2204093469,0.3664537905,0.0502162515,-0.0502162509999999,25.0,-0.00773429,0.3204416841,-7.752495166,0.4637550222,6.156140315499999,0.0726578197,-0.047324668,0.0218899841,0.0147624808,-0.2620022389999999,-0.001723842,-0.104502584,0.0,1.9232109501,0.2212444421999999,0.0,0.0,0.0113251495999999,0.1869593241,0.0519038713,0.5642607673,-0.5098864470000001,,0.1540551168999999,-0.095238095,-0.002064581,0.1385765453,-0.225456275,3613.4232324,0.3155475761,0.0114916729,37.281747038,-0.005596888,-0.078565064,0.0323735178,-0.000937071,0.0969398343,-0.066692529,-0.093511648,0.1048305700999999,-0.3998535729999999,7.0,1.8298120039,0.0,0.0220614131,0.0524993276,0.3522484479,0.2294738402,4.3250333706,48.011008095,6.5433899599,0.0,0.0,0.0216685104999999,0.0,0.4202227739999999,0.4829696075999999,-0.574354928,-0.236511533,0.2084626648999999,-0.000515523,-0.004438629,0.0128009822,1.0,0.0331859856,0.0054345183,0.052104852,0.0029712234999999,0.0557805878,0.0561438265,6.0,0.0214864468,1.9438103e-09,0.0423076934999999,0.0152883577,0.4744864032999999,0.509118551,7.5865866e-08,73.0,
1991-09-30,4866680.0,0.9008251548,0.8114859595,-0.117877233,14.026319145,0.0292039506,0.3049755135,0.0332103334,0.0924761985,0.3619189896999999,0.4267954234,0.2689403275,0.3410141342,0.0502162515,-0.0502162509999999,25.0,-0.00773429,0.3204416841,-7.792732146,0.4637550222,6.156140315499999,0.0726578197,-0.047324668,0.0218899841,0.0147624808,-0.2620022389999999,-0.001723842,-0.104502584,0.0,1.9232109501,0.2212444421999999,0.0,0.0,0.0113251495999999,0.1869593241,0.0519038713,0.5642607673,-0.5098864470000001,,0.1540551168999999,-0.095238095,-0.002064581,0.1385765453,-0.225456275,3613.4232324,0.3155475761,0.0114916729,37.281747038,-0.005596888,-0.078565064,0.0323735178,-0.000937071,0.0969398343,-0.066692529,-0.093511648,0.1048305700999999,-0.3998535729999999,7.0,1.8298120039,0.0,0.0220614131,0.0524993276,0.3522484479,0.2294738402,4.3250333706,48.011008095,6.5433899599,0.0,0.0,0.0216685104999999,0.0,0.4202227739999999,0.4829696075999999,-0.574354928,-0.236511533,0.2084626648999999,-0.000515523,-0.004438629,0.0128009822,1.0,0.0331859856,0.0054345183,0.052104852,0.0029712234999999,0.0557805878,0.0561438265,6.0,0.0271611700999999,2.6558792e-09,0.0530303046,0.021164057,0.5049794349,1.1650711247,5.3214e-08,73.0,
1991-10-31,4831918.0,0.926060339,0.8575877514,-0.218950662,14.413635267,0.0297012914999999,0.5179281347,-0.004285714,0.0907244226,0.423395973,0.3817312940999999,0.2514836577,0.3083611415,0.0502162515,-0.0502162509999999,25.0,-0.00773429,0.3204416841,-7.836792226,0.4637550222,6.156140315499999,0.0726578197,-0.047324668,0.0218899841,0.0147624808,-0.2620022389999999,-0.001723842,-0.104502584,0.0,1.9232109501,0.2212444421999999,0.0,0.0,0.0113251495999999,0.1869593241,0.0519038713,0.5642607673,-0.5098864470000001,,0.1540551168999999,-0.095238095,-0.002064581,0.1385765453,-0.225456275,3613.4232324,0.3155475761,0.0114916729,37.281747038,-0.005596888,-0.078565064,0.0323735178,-0.000937071,0.0969398343,-0.066692529,-0.093511648,0.1048305700999999,-0.3998535729999999,7.0,1.8298120039,0.0,0.0220614131,0.0524993276,0.3522484479,0.2294738402,4.3250333706,48.011008095,6.5433899599,0.0,0.0,0.0216685104999999,0.0,0.4202227739999999,0.4829696075999999,-0.574354928,-0.139968291,0.2506123107,0.0003322016,-0.025155041,0.0109722454,2.0,0.0461259434999999,0.0069113274,0.0721766366,0.0044816262,0.0537428868,0.0537602363,6.0,0.0222249874,1.6525855e-09,0.0258302577,0.0147798419,0.3913945256,0.6001145277000001,7.5625932e-08,73.0,
1991-11-29,5023109.0,0.9313131215,0.8673441302,-0.28912646,14.150299235,0.0302154847,0.7064276201,0.039568346,0.0281538475,0.3961945282,0.3655811734,0.248670185,0.3405346835,0.0502162515,-0.0502162509999999,25.0,-0.00773429,0.3204416841,-7.947681308,0.4637550222,6.156140315499999,0.0726578197,-0.047324668,0.0218899841,0.0147624808,-0.2620022389999999,-0.001723842,-0.104502584,0.0,1.9232109501,0.2212444421999999,0.0,0.0,0.0113251495999999,0.1869593241,0.0519038713,0.5642607673,-0.5098864470000001,,0.1540551168999999,-0.095238095,-0.002064581,0.1385765453,-0.225456275,3613.4232324,0.3155475761,0.0114916729,37.281747038,-0.005596888,-0.078565064,0.0323735178,-0.000937071,0.0969398343,-0.066692529,-0.093511648,0.1048305700999999,-0.3998535729999999,7.0,1.8298120039,0.0,0.0220614131,0.0524993276,0.3522484479,0.2294738402,4.3250333706,48.011008095,6.5433899599,0.0,0.0,0.0216685104999999,0.0,0.4202227739999999,0.4829696075999999,-0.574354928,-0.139968291,0.2506123107,0.0003322016,-0.025155041,0.0109722454,2.0,0.0461259434999999,0.0069113274,0.0721766366,0.0044816262,0.0537428868,0.0537602363,6.0,0.0227662277,1.7634198e-09,0.0508474559,0.0189563576,0.3018253699,0.4305751809,5.3037654000000004e-08,73.0,
1991-12-31,5144776.0,0.980111899,0.9606193345,-0.175017384,14.404139993,0.0306362170999999,0.7497813856000001,0.0242214537999999,0.0688361946,0.357146576,0.4701643155,0.2639345888,0.3013362099,0.0502162515,-0.0502162509999999,25.0,-0.00773429,0.3204416841,-8.10809611,0.4637550222,6.156140315499999,0.0726578197,-0.047324668,0.0218899841,0.0147624808,-0.2620022389999999,-0.001723842,-0.104502584,0.0,1.9232109501,0.2212444421999999,0.0,0.0,0.0113251495999999,0.1869593241,0.0519038713,0.5642607673,-0.5098864470000001,,0.1540551168999999,-0.095238095,-0.002064581,0.1385765453,-0.225456275,3613.4232324,0.3155475761,0.0114916729,37.281747038,-0.005596888,-0.078565064,0.0323735178,-0.000937071,0.0969398343,-0.066692529,-0.093511648,0.1048305700999999,-0.3998535729999999,7.0,1.8298120039,0.0,0.0220614131,0.0524993276,0.3522484479,0.2294738402,4.3250333706,48.011008095,6.5433899599,0.0,0.0,0.0216685104999999,0.0,0.4202227739999999,0.4829696075999999,-0.574354928,-0.139968291,0.2506123107,0.0003322016,-0.025155041,0.0109722454,2.0,0.0461259434999999,0.0069113274,0.0721766366,0.0044816262,0.0537428868,0.0537602363,6.0,0.0190055056,2.3097689999999997e-09,0.0311418679,0.0171037976,0.4324589043,0.5280273961,8.745723e-08,73.0,
1992-01-31,6284778.5,0.9889256726,0.9779739858,0.1879585154,14.067686948,0.0304428603,0.7158748756000001,0.232432425,0.1417376911,0.3919563975,0.420728596,0.2593900101,0.3258233365,0.0994629425,-0.099462942,26.0,0.0752442144,0.3028168938,-8.156436033,0.6351141666,9.2813379391,0.0867413747,-0.0292487089999999,0.0878564818999999,0.8723349497,-0.077917311,-0.021921329,8.9598374251,0.0,1.7676142825,0.3074991406,0.0,0.0,0.0112739858,-0.066018944,0.0506836301999999,0.5998618418,-0.496547814,,0.1470344285,0.0,-0.0238225379999999,0.1140398375,-0.093638432,3993.3097384,0.3699009692,0.0127834721,-0.487434114,-0.080904629,0.3898615372,0.0376466002,-0.033991318,1.0336689729,0.1731574249,-0.021966119,,-0.7114278190000001,7.0,1.7676142825,1.0,0.0217167858,0.0550641709999999,,0.247277568,5.5336265027,,7.8600911224,0.0,0.0,0.0336689729,0.0,0.3943904981,0.4348741637,-1.078481078,-0.139968291,0.2506123107,0.0003322016,-0.025155041,0.0109722454,2.0,0.0461259434999999,0.0069113274,0.0721766366,0.0044816262,0.0537428868,0.0537602363,6.0,0.0250642291,1.3958559e-09,0.0484330468,0.0159472251,0.4084052972999999,0.8096769424,5.7488764000000004e-08,73.0,
1992-02-28,5904929.25,1.0308767064,1.0627067839,0.1279338279,14.644803804,0.0306955374,0.636486974,-0.0604395609999999,0.349999199,0.5396363036999999,0.5431789845,0.2476701685,0.3549173345,0.0994629425,-0.099462942,26.0,0.0752442144,0.3028168938,-8.269805693,0.6351141666,9.2813379391,0.0867413747,-0.0292487089999999,0.0878564818999999,0.8723349497,-0.077917311,-0.021921329,8.9598374251,0.0,1.7676142825,0.3074991406,0.0,0.0,0.0112739858,-0.066018944,0.0506836301999999,0.5998618418,-0.496547814,,0.1470344285,0.0,-0.0238225379999999,0.1140398375,-0.093638432,3993.3097384,0.3699009692,0.0127834721,-0.487434114,-0.080904629,0.3898615372,0.0376466002,-0.033991318,1.0336689729,0.1731574249,-0.021966119,,-0.7114278190000001,7.0,1.7676142825,1.0,0.0217167858,0.0550641709999999,,0.247277568,5.5336265027,,7.8600911224,0.0,0.0,0.0336689729,0.0,0.3943904981,0.4348741637,-1.078481078,1.4329501916,0.2045963717,0.0005672877,-0.0066451259999999,-0.067838922,0.0,0.0403216519,0.0073455903,0.0613622975,0.0034905793,0.0615504407,0.0652009782,6.0,0.0300568948,1.8017398e-09,0.0710382536,0.0261853134,0.5178010068,0.8357584175,4.435759e-08,73.0,
1992-03-31,6112119.75,0.871882802,0.7601796204000001,0.1419528894,14.78904845,0.0307268668,0.6656934467,0.0350877196,0.2276356513,0.385703191,0.7190947185,0.4015682167,0.3690940538,0.0994629425,-0.099462942,26.0,0.0752442144,0.3028168938,-8.339857223,0.6351141666,9.2813379391,0.0867413747,-0.0292487089999999,0.0878564818999999,0.8723349497,-0.077917311,-0.021921329,8.9598374251,0.0,1.7676142825,0.3074991406,0.0,0.0,0.0112739858,-0.066018944,0.0506836301999999,0.5998618418,-0.496547814,,0.1470344285,0.0,-0.0238225379999999,0.1140398375,-0.093638432,3993.3097384,0.3699009692,0.0127834721,-0.487434114,-0.080904629,0.3898615372,0.0376466002,-0.033991318,1.0336689729,0.1731574249,-0.021966119,,-0.7114278190000001,7.0,1.7676142825,1.0,0.0217167858,0.0550641709999999,,0.247277568,5.5336265027,,7.8600911224,0.0,0.0,0.0336689729,0.0,0.3943904981,0.4348741637,-1.078481078,1.4329501916,0.2045963717,0.0005672877,-0.0066451259999999,-0.067838922,0.0,0.0403216519,0.0073455903,0.0613622975,0.0034905793,0.0615504407,0.0652009782,6.0,0.0250522860999999,1.5303912e-09,0.0292397662999999,0.0168270219,0.3247859343,0.5148954067,7.497244199999999e-08,73.0,
1992-04-30,6357487.5,0.8906074847,0.7931816918000001,0.2290643436,14.445301318,0.0310810178,0.5953779979,0.0305084754,0.2761799291,0.3859950711,0.8091511468000001,0.3827562995,0.392754816,0.0994629425,-0.099462942,26.0,0.0752442144,0.3028168938,-9.550665689,0.6351141666,9.2813379391,0.0867413747,-0.0292487089999999,0.0878564818999999,0.8723349497,-0.077917311,-0.021921329,8.9598374251,0.0,1.7676142825,0.3074991406,0.0,0.0,0.0112739858,-0.066018944,0.0506836301999999,0.5998618418,-0.496547814,,0.1470344285,0.0,-0.0238225379999999,0.1140398375,-0.093638432,3993.3097384,0.3699009692,0.0127834721,-0.487434114,-0.080904629,0.3898615372,0.0376466002,-0.033991318,1.0336689729,0.1731574249,-0.021966119,,-0.7114278190000001,7.0,1.7676142825,1.0,0.0217167858,0.0550641709999999,,0.247277568,5.5336265027,,7.8600911224,0.0,0.0,0.0336689729,0.0,0.3943904981,0.4348741637,-1.078481078,0.0937909108,0.2048304189999999,0.0011099408999999,0.0041120887,0.0977336578,0.0,0.0292728748,0.0068843021,0.0435199787,0.0030835974,0.0596517996,0.0636215044,6.0,0.0160087212,9.208015e-10,0.0250000004,0.0123041336,0.4514475797,0.8748361136,4.5595655e-08,73.0,
1992-05-29,6340021.875,0.8938356676000001,0.7989422006999999,0.1927463524,14.824550922,0.0311745666,0.4301383386999999,-0.002747253,0.2650579812,0.3521397586,0.7885240325,0.3819352197999999,0.3609494840999999,0.0994629425,-0.099462942,26.0,0.0752442144,0.3028168938,-9.665378609,0.6351141666,9.2813379391,0.0867413747,-0.0292487089999999,0.0878564818999999,0.8723349497,-0.077917311,-0.021921329,8.9598374251,0.0,1.7676142825,0.3074991406,0.0,0.0,0.0112739858,-0.066018944,0.0506836301999999,0.5998618418,-0.496547814,,0.1470344285,0.0,-0.0238225379999999,0.1140398375,-0.093638432,3993.3097384,0.3699009692,0.0127834721,-0.487434114,-0.080904629,0.3898615372,0.0376466002,-0.033991318,1.0336689729,0.1731574249,-0.021966119,,-0.7114278190000001,7.0,1.7676142825,1.0,0.0217167858,0.0550641709999999,,0.247277568,5.5336265027,,7.8600911224,0.0,0.0,0.0336689729,0.0,0.3943904981,0.4348741637,-1.078481078,0.0937909108,0.2048304189999999,0.0011099408999999,0.0041120887,0.0977336578,0.0,0.0292728748,0.0068843021,0.0435199787,0.0030835974,0.0596517996,0.0636215044,6.0,0.0198356523,1.1634147e-09,0.0373563208,0.0151676422,0.3067985243,0.5334058424,5.9904462e-08,73.0,
1992-06-30,6357487.5,0.9195112553,0.8455009486,0.1404161076,14.606196059,0.0314639354,0.2940778359,0.0027548209999999,0.231747824,0.3484250888,0.7885240325,0.3660251287,0.3540263613,0.0994629425,-0.099462942,26.0,0.0752442144,0.3028168938,-9.747567269,0.6351141666,9.2813379391,0.0867413747,-0.0292487089999999,0.0878564818999999,0.8723349497,-0.077917311,-0.021921329,8.9598374251,0.0,1.7676142825,0.3074991406,0.0,0.0,0.0112739858,-0.066018944,0.0506836301999999,0.5998618418,-0.496547814,,0.1470344285,0.0,-0.0238225379999999,0.1140398375,-0.093638432,3993.3097384,0.3699009692,0.0127834721,-0.487434114,-0.080904629,0.3898615372,0.0376466002,-0.033991318,1.0336689729,0.1731574249,-0.021966119,,-0.7114278190000001,7.0,1.7676142825,1.0,0.0217167858,0.0550641709999999,,0.247277568,5.5336265027,,7.8600911224,0.0,0.0,0.0336689729,0.0,0.3943904981,0.4348741637,-1.078481078,0.0937909108,0.2048304189999999,0.0011099408999999,0.0041120887,0.0977336578,0.0,0.0292728748,0.0068843021,0.0435199787,0.0030835974,0.0596517996,0.0636215044,6.0,0.0152260922,1.1221379999999998e-09,0.0187667552,0.0116742759,0.4103628052,0.6151354340999999,7.733823499999999e-08,73.0,
1992-07-31,5973243.75,0.9296483685,0.8642460890000001,-0.463011182,14.402299780999998,0.0314343074,0.337571448,-0.057967033,0.0021978031,0.410207112,0.6605903881,0.366390785,0.3102355818,0.0994629425,-0.099462942,26.0,0.0752442144,0.1781369065,-8.274717251,0.6351141666,9.2813379391,0.0867413747,-0.0292487089999999,0.0878564818999999,0.8723349497,-0.077917311,-0.021921329,8.9598374251,0.0,1.7676142825,0.3074991406,0.0,0.0,0.0112739858,-0.066018944,0.0506836301999999,0.5998618418,-0.496547814,,0.1470344285,0.0,-0.0238225379999999,0.1140398375,-0.093638432,3993.3097384,0.3699009692,0.0127834721,-0.487434114,-0.080904629,0.3898615372,0.0376466002,-0.033991318,1.0336689729,0.1731574249,-0.021966119,,-0.7114278190000001,7.0,1.7676142825,1.0,0.0217167858,0.0550641709999999,,0.247277568,5.5336265027,,7.8600911224,0.0,0.0,0.0336689729,0.0,0.3943904981,0.4348741637,-1.078481078,0.4571776206,0.1711392771,0.0019850499,0.0093967768999999,0.0857047848,1.0,0.038095683,0.006885379,0.0559637826,0.0038065352,0.0576318663,0.0616047313,6.0,0.0195816304,1.4254223e-09,0.0180722885,0.0147851068,0.5139180672,1.0388378804,6.6269698e-08,73.0,
1992-08-31,6270159.375,0.948374392,0.8994139875,-0.213622728,14.399102186,0.0312008843,0.2318463857,0.0497076027,0.0048351656,0.2745387929,0.7148197847,0.3588947732,0.3569416115,0.0994629425,-0.099462942,26.0,0.0752442144,0.1781369065,-8.298129473,0.6351141666,9.2813379391,0.0867413747,-0.0292487089999999,0.0878564818999999,0.8723349497,-0.077917311,-0.021921329,8.9598374251,0.0,1.7676142825,0.3074991406,0.0,0.0,0.0112739858,-0.066018944,0.0506836301999999,0.5998618418,-0.496547814,,0.1470344285,0.0,-0.0238225379999999,0.1140398375,-0.093638432,3993.3097384,0.3699009692,0.0127834721,-0.487434114,-0.080904629,0.3898615372,0.0376466002,-0.033991318,1.0336689729,0.1731574249,-0.021966119,,-0.7114278190000001,7.0,1.7676142825,1.0,0.0217167858,0.0550641709999999,,0.247277568,5.5336265027,,7.8600911224,0.0,0.0,0.0336689729,0.0,0.3943904981,0.4348741637,-1.078481078,0.4571776206,0.1711392771,0.0019850499,0.0093967768999999,0.0857047848,1.0,0.038095683,0.006885379,0.0559637826,0.0038065352,0.0576318663,0.0616047313,6.0,0.0225515263,1.1924625e-09,0.0370370373,0.02020855,0.6339128497,1.6603869932,4.075959200000001e-08,73.0,
1992-09-30,6025640.625,0.9482713779,0.8992186061,-0.291422078,14.93365538,0.0312848788,0.1618044222,-0.038997214,0.0190277527,0.2948893536,0.6639226832999999,0.3554060475,0.3228695708,0.0994629425,-0.099462942,26.0,0.0752442144,0.1781369065,-8.39205167,0.6351141666,9.2813379391,0.0867413747,-0.0292487089999999,0.0878564818999999,0.8723349497,-0.077917311,-0.021921329,8.9598374251,0.0,1.7676142825,0.3074991406,0.0,0.0,0.0112739858,-0.066018944,0.0506836301999999,0.5998618418,-0.496547814,,0.1470344285,0.0,-0.0238225379999999,0.1140398375,-0.093638432,3993.3097384,0.3699009692,0.0127834721,-0.487434114,-0.080904629,0.3898615372,0.0376466002,-0.033991318,1.0336689729,0.1731574249,-0.021966119,,-0.7114278190000001,7.0,1.7676142825,1.0,0.0217167858,0.0550641709999999,,0.247277568,5.5336265027,,7.8600911224,0.0,0.0,0.0336689729,0.0,0.3943904981,0.4348741637,-1.078481078,0.4571776206,0.1711392771,0.0019850499,0.0093967768999999,0.0857047848,1.0,0.038095683,0.006885379,0.0559637826,0.0038065352,0.0576318663,0.0616047313,6.0,0.0123887448,9.367086e-10,0.0114285712999999,0.006087288,0.389777873,0.3956252762,1.1410072e-07,73.0,
1992-10-30,6632831.625,0.9517714115,0.9058688198,-0.268631297,13.911007084,0.0307373279,0.0904716219,0.1012173891,-0.0497035859999999,0.2497483401,0.5193862241,0.2929078991,0.3132438616,0.0994629425,-0.099462942,26.0,0.0752442144,0.1781369065,-8.39311706,0.6351141666,9.2813379391,0.0867413747,-0.0292487089999999,0.0878564818999999,0.8723349497,-0.077917311,-0.021921329,8.9598374251,0.0,1.7676142825,0.3074991406,0.0,0.0,0.0112739858,-0.066018944,0.0506836301999999,0.5998618418,-0.496547814,,0.1470344285,0.0,-0.0238225379999999,0.1140398375,-0.093638432,3993.3097384,0.3699009692,0.0127834721,-0.487434114,-0.080904629,0.3898615372,0.0376466002,-0.033991318,1.0336689729,0.1731574249,-0.021966119,,-0.7114278190000001,7.0,1.7676142825,1.0,0.0217167858,0.0550641709999999,,0.247277568,5.5336265027,,7.8600911224,0.0,0.0,0.0336689729,0.0,0.3943904981,0.4348741637,-1.078481078,0.2145750446,0.2553090898,0.0032183102,0.0145122545,0.053740059,2.0,0.0480650429999999,0.0079495331,0.069176929,0.0085432149,0.0582696374,0.0613427428,6.0,0.0160258481,1.0862504e-09,0.0230547544,0.0096776743,0.3868104243,0.5317109177,7.6841564e-08,73.0,
1992-11-30,6772838.625,0.9185422012,0.8437197753,-0.190066535,14.400431593,0.0305933485999999,0.0142051486,0.0211081802999999,0.0493658095,0.3238615907,0.5753050106,0.3514442359,0.2224674481,0.0994629425,-0.099462942,26.0,0.0752442144,0.1781369065,-11.70879343,0.6351141666,9.2813379391,0.0867413747,-0.0292487089999999,0.0878564818999999,0.8723349497,-0.077917311,-0.021921329,8.9598374251,0.0,1.7676142825,0.3074991406,0.0,0.0,0.0112739858,-0.066018944,0.0506836301999999,0.5998618418,-0.496547814,,0.1470344285,0.0,-0.0238225379999999,0.1140398375,-0.093638432,3993.3097384,0.3699009692,0.0127834721,-0.487434114,-0.080904629,0.3898615372,0.0376466002,-0.033991318,1.0336689729,0.1731574249,-0.021966119,,-0.7114278190000001,7.0,1.7676142825,1.0,0.0217167858,0.0550641709999999,,0.247277568,5.5336265027,,7.8600911224,0.0,0.0,0.0336689729,0.0,0.3943904981,0.4348741637,-1.078481078,0.2145750446,0.2553090898,0.0032183102,0.0145122545,0.053740059,2.0,0.0480650429999999,0.0079495331,0.069176929,0.0085432149,0.0582696374,0.0613427428,6.0,0.0162027924,1.4836829e-09,0.0293333325999999,0.0121868798,0.2852562057,0.2731051119,9.2674837e-08,73.0,
1992-12-31,7315365.75,0.9267643563,0.8588921720999999,-0.0809725509999999,14.189368119,0.0301445573,0.0944872855,0.0801033600999999,0.0685722867999999,0.3198375164,0.5555420696,0.3464895681,0.2566431262,0.0994629425,-0.099462942,26.0,0.0752442144,0.1781369065,-11.70688942,0.6351141666,9.2813379391,0.0867413747,-0.0292487089999999,0.0878564818999999,0.8723349497,-0.077917311,-0.021921329,8.9598374251,0.0,1.7676142825,0.3074991406,0.0,0.0,0.0112739858,-0.066018944,0.0506836301999999,0.5998618418,-0.496547814,,0.1470344285,0.0,-0.0238225379999999,0.1140398375,-0.093638432,3993.3097384,0.3699009692,0.0127834721,-0.487434114,-0.080904629,0.3898615372,0.0376466002,-0.033991318,1.0336689729,0.1731574249,-0.021966119,,-0.7114278190000001,7.0,1.7676142825,1.0,0.0217167858,0.0550641709999999,,0.247277568,5.5336265027,,7.8600911224,0.0,0.0,0.0336689729,0.0,0.3943904981,0.4348741637,-1.078481078,0.2145750446,0.2553090898,0.0032183102,0.0145122545,0.053740059,2.0,0.0480650429999999,0.0079495331,0.069176929,0.0085432149,0.0582696374,0.0613427428,6.0,0.0120311452,7.062188e-10,0.0225563906,0.0077506957999999,0.3938901717,0.505065985,7.5939825e-08,73.0,
1993-01-29,7469853.125,0.9144385134,0.8361977948,0.304299834,14.560890779,0.0304772541,0.1472353867,0.0189473685,0.2251890945,0.1567051526,0.9014984471,0.3355658297,0.2706441266,0.0970952512,-0.097095251,27.0,-0.386196188,0.2163415942,-11.51680654,0.5376530275,10.048672743,0.0730153163,0.0315106329999999,-0.060635134,0.013919133,-0.0219198579999999,0.0,-9.619623827,1.0,1.999405946,0.3256149817,0.0,0.0,0.0096332189,0.231905151,0.0427575588,0.7184640847,-0.309548857,,0.1299437505,0.0789473684,0.0213153304,0.1456360706,0.7032109465,5495.7564505,0.3366233739,0.0119759353,-1.4660770980000002,0.1311324907,0.058913469,0.0123104676,0.1311324907,,0.0147558127,-0.008547845,,-0.7076586770000001,5.0,1.999405946,0.0,0.0186069987,0.0574485551,,0.2015323121999999,4.6927878081,,7.9674293715,0.0,0.0,0.0952842696,0.0,0.3238897595,0.3588477411999999,-0.481446428,0.2145750446,0.2553090898,0.0032183102,0.0145122545,0.053740059,2.0,0.0480650429999999,0.0079495331,0.069176929,0.0085432149,0.0582696374,0.0613427428,5.0,0.0149505986,9.428741e-10,0.0220048893,0.0121729696,0.3913158035,0.5272300557,6.3590981e-08,73.0,
1993-02-26,7223787.375,0.9320498023,0.8687168341,0.0953270027,14.659854059,0.030572145,0.0463698498,-0.032941177,0.189286617,0.2544394399,0.8625970857999999,0.3219639008,0.3256263823999999,0.0970952512,-0.097095251,27.0,-0.386196188,0.2163415942,-11.5328631,0.5376530275,10.048672743,0.0730153163,0.0315106329999999,-0.060635134,0.013919133,-0.0219198579999999,0.0,-9.619623827,1.0,1.999405946,0.3256149817,0.0,0.0,0.0096332189,0.231905151,0.0427575588,0.7184640847,-0.309548857,,0.1299437505,0.0789473684,0.0213153304,0.1456360706,0.7032109465,5495.7564505,0.3366233739,0.0119759353,-1.4660770980000002,0.1311324907,0.058913469,0.0123104676,0.1311324907,,0.0147558127,-0.008547845,,-0.7076586770000001,5.0,1.999405946,0.0,0.0186069987,0.0574485551,,0.2015323121999999,4.6927878081,,7.9674293715,0.0,0.0,0.0952842696,0.0,0.3238897595,0.3588477411999999,-0.481446428,-0.31459773,0.1906246255,0.0023323727,0.0085114166,-0.005625935,0.0,0.0343914399,0.0078742069,0.0572407467,0.0125839211,0.0584750915,0.0624531395,5.0,0.0185910759,9.640006e-10,0.0540540554,0.0178936539,0.360207419,0.6808397437999999,5.7777103e-08,73.0,
1993-03-31,7575309.875,0.8791941329,0.7729823232999999,0.2757302735,14.821641811,0.0308653197,0.0620836192,0.048661802,0.1967812504,0.1719941264,0.8032579992000001,0.3690977203,0.3349374398,0.0970952512,-0.097095251,27.0,-0.386196188,0.2163415942,-11.5702747,0.5376530275,10.048672743,0.0730153163,0.0315106329999999,-0.060635134,0.013919133,-0.0219198579999999,0.0,-9.619623827,1.0,1.999405946,0.3256149817,0.0,0.0,0.0096332189,0.231905151,0.0427575588,0.7184640847,-0.309548857,,0.1299437505,0.0789473684,0.0213153304,0.1456360706,0.7032109465,5495.7564505,0.3366233739,0.0119759353,-1.4660770980000002,0.1311324907,0.058913469,0.0123104676,0.1311324907,,0.0147558127,-0.008547845,,-0.7076586770000001,5.0,1.999405946,0.0,0.0186069987,0.0574485551,,0.2015323121999999,4.6927878081,,7.9674293715,0.0,0.0,0.0952842696,0.0,0.3238897595,0.3588477411999999,-0.481446428,-0.31459773,0.1906246255,0.0023323727,0.0085114166,-0.005625935,0.0,0.0343914399,0.0078742069,0.0572407467,0.0125839211,0.0584750915,0.0624531395,5.0,0.0152664865999999,8.175854e-10,0.0283687933999999,0.0131977823,0.3940659818,0.9292598472,7.038494e-08,73.0,
1993-04-30,7437421.75,0.8767274523,0.7686510256,0.0612395958,14.723063224,0.0315235215,0.0314011904,-0.028027842,0.1396648791,0.1926398489999999,0.7445717039,0.3236024444,0.3551538654,0.0970952512,-0.097095251,27.0,-0.386196188,0.2163415942,-12.31622715,0.5376530275,10.048672743,0.0730153163,0.0315106329999999,-0.060635134,0.013919133,-0.0219198579999999,0.0,-9.619623827,1.0,1.999405946,0.3256149817,0.0,0.0,0.0096332189,0.231905151,0.0427575588,0.7184640847,-0.309548857,,0.1299437505,0.0789473684,0.0213153304,0.1456360706,0.7032109465,5495.7564505,0.3366233739,0.0119759353,-1.4660770980000002,0.1311324907,0.058913469,0.0123104676,0.1311324907,,0.0147558127,-0.008547845,,-0.7076586770000001,5.0,1.999405946,0.0,0.0186069987,0.0574485551,,0.2015323121999999,4.6927878081,,7.9674293715,0.0,0.0,0.0952842696,0.0,0.3238897595,0.3588477411999999,-0.481446428,-0.203126327,0.1791851455,0.0007322451,0.0083626357,0.0108622412999999,0.0,0.0239339879,0.0075734691,0.0400392372,0.0099409258,0.058193258,0.0600152116,5.0,0.0161008498,7.795936e-10,0.0348598137,0.0126614959,0.3738159489,0.6327263842999999,5.1036638e-08,73.0,
1993-05-28,7010392.75,0.8541373811,0.7295506659000001,-0.048978676,14.823178747,0.0313299122,0.1205972288,-0.057416268,0.0848238742,0.1624061515,0.8433885864,0.3480946652,0.4132248629,0.0970952512,-0.097095251,27.0,-0.386196188,0.2163415942,-12.45190845,0.5376530275,10.048672743,0.0730153163,0.0315106329999999,-0.060635134,0.013919133,-0.0219198579999999,0.0,-9.619623827,1.0,1.999405946,0.3256149817,0.0,0.0,0.0096332189,0.231905151,0.0427575588,0.7184640847,-0.309548857,,0.1299437505,0.0789473684,0.0213153304,0.1456360706,0.7032109465,5495.7564505,0.3366233739,0.0119759353,-1.4660770980000002,0.1311324907,0.058913469,0.0123104676,0.1311324907,,0.0147558127,-0.008547845,,-0.7076586770000001,5.0,1.999405946,0.0,0.0186069987,0.0574485551,,0.2015323121999999,4.6927878081,,7.9674293715,0.0,0.0,0.0952842696,0.0,0.3238897595,0.3588477411999999,-0.481446428,-0.203126327,0.1791851455,0.0007322451,0.0083626357,0.0108622412999999,0.0,0.0239339879,0.0075734691,0.0400392372,0.0099409258,0.058193258,0.0600152116,5.0,0.023564295,8.581067e-10,0.0310880821,0.019117969,0.4471863942,1.3800689488,3.8002399e-08,73.0,
1993-06-30,6903635.5,0.8560645924,0.7328465864,-0.221882091,15.161809276,0.0314075829999999,0.0827359892,-0.015228426,-0.053296773,0.0926550597,0.6159048026,0.3411503582,0.4082226118,0.0970952512,-0.097095251,27.0,-0.386196188,0.2163415942,-12.41584049,0.5376530275,10.048672743,0.0730153163,0.0315106329999999,-0.060635134,0.013919133,-0.0219198579999999,0.0,-9.619623827,1.0,1.999405946,0.3256149817,0.0,0.0,0.0096332189,0.231905151,0.0427575588,0.7184640847,-0.309548857,,0.1299437505,0.0789473684,0.0213153304,0.1456360706,0.7032109465,5495.7564505,0.3366233739,0.0119759353,-1.4660770980000002,0.1311324907,0.058913469,0.0123104676,0.1311324907,,0.0147558127,-0.008547845,,-0.7076586770000001,5.0,1.999405946,0.0,0.0186069987,0.0574485551,,0.2015323121999999,4.6927878081,,7.9674293715,0.0,0.0,0.0952842696,0.0,0.3238897595,0.3588477411999999,-0.481446428,-0.203126327,0.1791851455,0.0007322451,0.0083626357,0.0108622412999999,0.0,0.0239339879,0.0075734691,0.0400392372,0.0099409258,0.058193258,0.0600152116,5.0,0.0122834978,6.121877e-10,0.0257731955,0.0096773494,0.3454128351,0.5409954807999999,7.1626636e-08,73.0,
1993-07-30,6817104.0,0.852089788,0.7260570068000001,-0.340432717,14.56143613,0.031416932,0.2362618373,-0.007628866,-0.085049478,0.1422271628,0.5826581173,0.3197101112,0.4321013733,0.0970952512,-0.097095251,27.0,-0.386196188,0.1820195093,-15.75998667,0.5376530275,10.048672743,0.0730153163,0.0315106329999999,-0.060635134,0.013919133,-0.0219198579999999,0.0,-9.619623827,1.0,1.999405946,0.3256149817,0.0,0.0,0.0096332189,0.231905151,0.0427575588,0.7184640847,-0.309548857,,0.1299437505,0.0789473684,0.0213153304,0.1456360706,0.7032109465,5495.7564505,0.3366233739,0.0119759353,-1.4660770980000002,0.1311324907,0.058913469,0.0123104676,0.1311324907,,0.0147558127,-0.008547845,,-0.7076586770000001,5.0,1.999405946,0.0,0.0186069987,0.0574485551,,0.2015323121999999,4.6927878081,,7.9674293715,0.0,0.0,0.0952842696,0.0,0.3238897595,0.3588477411999999,-0.481446428,0.9163356171,0.1687113552,0.001356067,-0.001613142,0.0423662126999999,1.0,0.0314734681,0.0073947817,0.0525767716,0.0091492009,0.0608470794,0.0607386124,5.0,0.0133351715,4.762566e-10,0.0263157897,0.0112488121,0.4842230957,1.1433036101,4.5217246e-08,73.0,
1993-08-31,7065644.25,0.8326806762000001,0.6933571085,-0.1769805039999999,14.915705593,0.0315302083,0.2107277794,0.0364583321,-0.061101077,0.0798371488,0.7400641965000001,0.328457575,0.3345115462999999,0.0970952512,-0.097095251,27.0,-0.386196188,0.1820195093,-15.67845617,0.5376530275,10.048672743,0.0730153163,0.0315106329999999,-0.060635134,0.013919133,-0.0219198579999999,0.0,-9.619623827,1.0,1.999405946,0.3256149817,0.0,0.0,0.0096332189,0.231905151,0.0427575588,0.7184640847,-0.309548857,,0.1299437505,0.0789473684,0.0213153304,0.1456360706,0.7032109465,5495.7564505,0.3366233739,0.0119759353,-1.4660770980000002,0.1311324907,0.058913469,0.0123104676,0.1311324907,,0.0147558127,-0.008547845,,-0.7076586770000001,5.0,1.999405946,0.0,0.0186069987,0.0574485551,,0.2015323121999999,4.6927878081,,7.9674293715,0.0,0.0,0.0952842696,0.0,0.3238897595,0.3588477411999999,-0.481446428,0.9163356171,0.1687113552,0.001356067,-0.001613142,0.0423662126999999,1.0,0.0314734681,0.0073947817,0.0525767716,0.0091492009,0.0608470794,0.0607386124,5.0,0.0131153045999999,8.22433e-10,0.0181818176,0.0100006171999999,0.3790502681,0.4869746954,8.116564699999999e-08,73.0,
1993-09-30,6923621.25,0.8741147965999999,0.7640766777,-0.3456987179999999,14.410816934,0.0308617539999999,0.2537330663,-0.020100502,-0.0720272159999999,0.1646232735999999,0.751045065,0.4074345307999999,0.3503423154,0.0970952512,-0.097095251,27.0,-0.386196188,0.1820195093,-15.71258036,0.5376530275,10.048672743,0.0730153163,0.0315106329999999,-0.060635134,0.013919133,-0.0219198579999999,0.0,-9.619623827,1.0,1.999405946,0.3256149817,0.0,0.0,0.0096332189,0.231905151,0.0427575588,0.7184640847,-0.309548857,,0.1299437505,0.0789473684,0.0213153304,0.1456360706,0.7032109465,5495.7564505,0.3366233739,0.0119759353,-1.4660770980000002,0.1311324907,0.058913469,0.0123104676,0.1311324907,,0.0147558127,-0.008547845,,-0.7076586770000001,5.0,1.999405946,0.0,0.0186069987,0.0574485551,,0.2015323121999999,4.6927878081,,7.9674293715,0.0,0.0,0.0952842696,0.0,0.3238897595,0.3588477411999999,-0.481446428,0.9163356171,0.1687113552,0.001356067,-0.001613142,0.0423662126999999,1.0,0.0314734681,0.0073947817,0.0525767716,0.0091492009,0.0608470794,0.0607386124,5.0,0.0136408501,9.652735e-10,0.0248756222,0.0131999651,0.3572812395,0.6366676935,5.6242329000000024e-08,73.0,
1993-10-29,7136655.75,0.9446752052,0.8924112432,-0.140900604,14.710814091,0.0295298196,0.2859386621999999,0.033435896,-0.064458732,0.0363201418,0.9505455662,0.4248260572999999,0.3518373785,0.0970952512,-0.097095251,27.0,-0.386196188,0.1820195093,-15.62115635,0.5376530275,10.048672743,0.0730153163,0.0315106329999999,-0.060635134,0.013919133,-0.0219198579999999,0.0,-9.619623827,1.0,1.999405946,0.3256149817,0.0,0.0,0.0096332189,0.231905151,0.0427575588,0.7184640847,-0.309548857,,0.1299437505,0.0789473684,0.0213153304,0.1456360706,0.7032109465,5495.7564505,0.3366233739,0.0119759353,-1.4660770980000002,0.1311324907,0.058913469,0.0123104676,0.1311324907,,0.0147558127,-0.008547845,,-0.7076586770000001,5.0,1.999405946,0.0,0.0186069987,0.0574485551,,0.2015323121999999,4.6927878081,,7.9674293715,0.0,0.0,0.0952842696,0.0,0.3238897595,0.3588477411999999,-0.481446428,0.5864802711,0.1617324725,0.0010571439999999,0.0046077062,0.0421744008,2.0,0.0405488476,0.0075723005,0.0652505068,0.0091173318,0.060850369,0.0608379201999999,5.0,0.0160177517,6.936459e-10,0.0228426401,0.0123078208,0.3072959952,0.8289205158,4.6790001e-08,73.0,
1993-11-30,7580477.625,0.9597451095,0.9211106752,0.0669655204,14.971639585,0.0293850737,0.2731357259,0.0621890537,0.0257146341,0.0488315097,0.9620646637,0.4171944629999999,0.3669597999,0.0970952512,-0.097095251,27.0,-0.386196188,0.1820195093,-15.73479831,0.5376530275,10.048672743,0.0730153163,0.0315106329999999,-0.060635134,0.013919133,-0.0219198579999999,0.0,-9.619623827,1.0,1.999405946,0.3256149817,0.0,0.0,0.0096332189,0.231905151,0.0427575588,0.7184640847,-0.309548857,,0.1299437505,0.0789473684,0.0213153304,0.1456360706,0.7032109465,5495.7564505,0.3366233739,0.0119759353,-1.4660770980000002,0.1311324907,0.058913469,0.0123104676,0.1311324907,,0.0147558127,-0.008547845,,-0.7076586770000001,5.0,1.999405946,0.0,0.0186069987,0.0574485551,,0.2015323121999999,4.6927878081,,7.9674293715,0.0,0.0,0.0952842696,0.0,0.3238897595,0.3588477411999999,-0.481446428,0.5864802711,0.1617324725,0.0010571439999999,0.0046077062,0.0421744008,2.0,0.0405488476,0.0075723005,0.0652505068,0.0091173318,0.060850369,0.0608379201999999,5.0,0.0133805606,4.902397e-10,0.0196560193,0.0076207716,0.3801767583,0.5332099839,7.061268e-08,73.0,
1993-12-31,7779184.875,0.9694322763,0.9397989383,0.2103382079,14.620431309,0.0292389335,0.2108680178,0.0327868834,0.1063508386,0.0314358699,0.9815562726,0.4246951331,0.3776911879999999,0.0970952512,-0.097095251,27.0,-0.386196188,0.1820195093,-15.72528797,0.5376530275,10.048672743,0.0730153163,0.0315106329999999,-0.060635134,0.013919133,-0.0219198579999999,0.0,-9.619623827,1.0,1.999405946,0.3256149817,0.0,0.0,0.0096332189,0.231905151,0.0427575588,0.7184640847,-0.309548857,,0.1299437505,0.0789473684,0.0213153304,0.1456360706,0.7032109465,5495.7564505,0.3366233739,0.0119759353,-1.4660770980000002,0.1311324907,0.058913469,0.0123104676,0.1311324907,,0.0147558127,-0.008547845,,-0.7076586770000001,5.0,1.999405946,0.0,0.0186069987,0.0574485551,,0.2015323121999999,4.6927878081,,7.9674293715,0.0,0.0,0.0952842696,0.0,0.3238897595,0.3588477411999999,-0.481446428,0.5864802711,0.1617324725,0.0010571439999999,0.0046077062,0.0421744008,2.0,0.0405488476,0.0075723005,0.0652505068,0.0091173318,0.060850369,0.0608379201999999,5.0,0.0174628423,8.631865e-10,0.0251141543999999,0.0137828561,0.4699636715999999,0.8281102506999999,5.4861341e-08,73.0,
1994-01-31,7756050.25,0.9992791589,0.9985588374,0.2487643330999999,14.904934261,0.0285146647,0.1486168539,0.0046258504,0.1514085763,0.0454450058,1.0219162822,0.4138193527,0.3251935803,0.0421732809999999,-0.0421732809999999,28.0,-0.124510211,0.2100960988,-15.56729899,0.4780524628,12.717011625,0.0577795454,0.0070726031,-0.066365564,0.0069068362,-0.17433387,0.0,0.0337197804,1.0,1.8529534709,0.3882716135,0.0,0.0,0.0099183431,0.1524822476,0.0434326112,0.5975167105,0.2461117368,0.0742821186,0.1120230978,0.0243902439,-0.01445812,0.1395016499,0.0829410066,6244.9340007,0.33566864,0.0104991802,-11.51413532,-0.073247994,0.192425519,0.0071098918999999,-0.073247994,,-0.062505855,0.0002628834,,-0.330326309,7.0,1.8529534709,0.0,0.0195440845,0.0595428389,,0.1962008266,6.0391514559,,7.5552497265,0.0,0.0,0.145731849,0.0,0.3282356852,0.3163893806,-0.8445246559999999,0.5864802711,0.1617324725,0.0010571439999999,0.0046077062,0.0421744008,2.0,0.0405488476,0.0075723005,0.0652505068,0.0091173318,0.060850369,0.0608379201999999,6.0,0.0122517745,6.238366e-10,0.0113378688999999,0.0070614134,0.2962998921999999,0.4403582167,6.8222674e-08,73.0,
1994-02-28,7352454.875,0.9591511645,0.9199709565,0.0848412703999999,14.63628846,0.0287556698,0.0946183900999999,-0.0520362,0.1160456568999999,0.0860570767999999,0.7548720483,0.338964434,0.3493421474,0.0421732809999999,-0.0421732809999999,28.0,-0.124510211,0.2100960988,-15.83363279,0.4780524628,12.717011625,0.0577795454,0.0070726031,-0.066365564,0.0069068362,-0.17433387,0.0,0.0337197804,1.0,1.8529534709,0.3882716135,0.0,0.0,0.0099183431,0.1524822476,0.0434326112,0.5975167105,0.2461117368,0.0742821186,0.1120230978,0.0243902439,-0.01445812,0.1395016499,0.0829410066,6244.9340007,0.33566864,0.0104991802,-11.51413532,-0.073247994,0.192425519,0.0071098918999999,-0.073247994,,-0.062505855,0.0002628834,,-0.330326309,7.0,1.8529534709,0.0,0.0195440845,0.0595428389,,0.1962008266,6.0391514559,,7.5552497265,0.0,0.0,0.145731849,0.0,0.3282356852,0.3163893806,-0.8445246559999999,0.7524187975,0.150922358,0.0006407597,0.0026465163,-0.029394133,0.0,0.0329235555,0.0075706659999999,0.0528616064,0.0117719796999999,0.0605403808,0.0605604204999999,6.0,0.0186443151,7.011402e-10,0.021327015,0.0110952353,0.338538537,0.7082599954000001,5.6164621e-08,73.0,
1994-03-31,7194526.25,1.0041303697,1.0082777994,0.1471617211999999,14.818812033,0.0286128758999999,0.1938733449,-0.0214797129999999,0.0796728488,-0.018231815,0.7628211692,0.2991254485,0.3265779082,0.0421732809999999,-0.0421732809999999,28.0,-0.124510211,0.2100960988,-15.79467812,0.4780524628,12.717011625,0.0577795454,0.0070726031,-0.066365564,0.0069068362,-0.17433387,0.0,0.0337197804,1.0,1.8529534709,0.3882716135,0.0,0.0,0.0099183431,0.1524822476,0.0434326112,0.5975167105,0.2461117368,0.0742821186,0.1120230978,0.0243902439,-0.01445812,0.1395016499,0.0829410066,6244.9340007,0.33566864,0.0104991802,-11.51413532,-0.073247994,0.192425519,0.0071098918999999,-0.073247994,,-0.062505855,0.0002628834,,-0.330326309,7.0,1.8529534709,0.0,0.0195440845,0.0595428389,,0.1962008266,6.0391514559,,7.5552497265,0.0,0.0,0.145731849,0.0,0.3282356852,0.3163893806,-0.8445246559999999,0.7524187975,0.150922358,0.0006407597,0.0026465163,-0.029394133,0.0,0.0329235555,0.0075706659999999,0.0528616064,0.0117719796999999,0.0605403808,0.0605604204999999,6.0,0.0138125144,6.376291e-10,0.024630541,0.0096990223,0.368946071,0.5439046531,7.2906539e-08,73.0,
1994-04-29,7194526.25,0.9403435497,0.8842459914,0.0580714845,14.63629044,0.0284751556999999,0.1706261472,0.0025365853,0.0223002608,-0.011617691,0.6556799697,0.3478850125,0.396211208,0.0421732809999999,-0.0421732809999999,28.0,-0.124510211,0.2100960988,-18.2231767,0.4780524628,12.717011625,0.0577795454,0.0070726031,-0.066365564,0.0069068362,-0.17433387,0.0,0.0337197804,1.0,1.8529534709,0.3882716135,0.0,0.0,0.0099183431,0.1524822476,0.0434326112,0.5975167105,0.2461117368,0.0742821186,0.1120230978,0.0243902439,-0.01445812,0.1395016499,0.0829410066,6244.9340007,0.33566864,0.0104991802,-11.51413532,-0.073247994,0.192425519,0.0071098918999999,-0.073247994,,-0.062505855,0.0002628834,,-0.330326309,7.0,1.8529534709,0.0,0.0195440845,0.0595428389,,0.1962008266,6.0391514559,,7.5552497265,0.0,0.0,0.145731849,0.0,0.3282356852,0.3163893806,-0.8445246559999999,-0.173004183,0.1731145298,0.0017727107,-0.001175834,0.0513709392,0.0,0.0239854062,0.0073767623999999,0.0391513701,0.0080349919,0.062693873,0.062338255,6.0,0.0186219865999999,6.110734e-10,0.0343137272,0.0127552391999999,0.4505540133,0.9060497734,3.6981051e-08,73.0,
1994-05-31,7305635.5,0.9259981404,0.8574725561,-0.119908142,15.124007891,0.0267085548,0.1393760647,0.0048780488,-0.035112056,0.0512481718,0.4774223486,0.3805477262,0.4169504031,0.0421732809999999,-0.0421732809999999,28.0,-0.124510211,0.2100960988,-18.35887033,0.4780524628,12.717011625,0.0577795454,0.0070726031,-0.066365564,0.0069068362,-0.17433387,0.0,0.0337197804,1.0,1.8529534709,0.3882716135,0.0,0.0,0.0099183431,0.1524822476,0.0434326112,0.5975167105,0.2461117368,0.0742821186,0.1120230978,0.0243902439,-0.01445812,0.1395016499,0.0829410066,6244.9340007,0.33566864,0.0104991802,-11.51413532,-0.073247994,0.192425519,0.0071098918999999,-0.073247994,,-0.062505855,0.0002628834,,-0.330326309,7.0,1.8529534709,0.0,0.0195440845,0.0595428389,,0.1962008266,6.0391514559,,7.5552497265,0.0,0.0,0.145731849,0.0,0.3282356852,0.3163893806,-0.8445246559999999,-0.173004183,0.1731145298,0.0017727107,-0.001175834,0.0513709392,0.0,0.0239854062,0.0073767623999999,0.0391513701,0.0080349919,0.062693873,0.062338255,6.0,0.0192353435,6.082945e-10,0.0199501254,0.0116936102,0.3002290095,0.6868026631999999,5.3105736e-08,73.0,
1994-06-30,7571617.375,0.8453819562,0.7146706519,-0.169630582,14.95853742,0.0263684368,0.0717484564,0.0364077687,-0.0611860679999999,0.0727119259,0.4549235316,0.3163847967,0.4210819406,0.0421732809999999,-0.0421732809999999,28.0,-0.124510211,0.2100960988,-18.45818502,0.4780524628,12.717011625,0.0577795454,0.0070726031,-0.066365564,0.0069068362,-0.17433387,0.0,0.0337197804,1.0,1.8529534709,0.3882716135,0.0,0.0,0.0099183431,0.1524822476,0.0434326112,0.5975167105,0.2461117368,0.0742821186,0.1120230978,0.0243902439,-0.01445812,0.1395016499,0.0829410066,6244.9340007,0.33566864,0.0104991802,-11.51413532,-0.073247994,0.192425519,0.0071098918999999,-0.073247994,,-0.062505855,0.0002628834,,-0.330326309,7.0,1.8529534709,0.0,0.0195440845,0.0595428389,,0.1962008266,6.0391514559,,7.5552497265,0.0,0.0,0.145731849,0.0,0.3282356852,0.3163893806,-0.8445246559999999,-0.173004183,0.1731145298,0.0017727107,-0.001175834,0.0513709392,0.0,0.0239854062,0.0073767623999999,0.0391513701,0.0080349919,0.062693873,0.062338255,6.0,0.016660985,7.533515e-10,0.0170316305,0.0094266454,0.3362318474,0.5335595068,6.6275434e-08,73.0,
1994-07-29,7472934.375,0.849251745,0.7212285264,-0.190035513,14.682652221,0.0261098014999999,0.0522175255,-0.001873536,-0.031486148,0.1203136967,0.5058288335,0.3500114591,0.3473404090999999,0.0421732809999999,-0.0421732809999999,28.0,-0.124510211,0.2023435833,-2.25893973,0.4780524628,12.717011625,0.0577795454,0.0070726031,-0.066365564,0.0069068362,-0.17433387,0.0,0.0337197804,1.0,1.8529534709,0.3882716135,0.0,0.0,0.0099183431,0.1524822476,0.0434326112,0.5975167105,0.2461117368,0.0742821186,0.1120230978,0.0243902439,-0.01445812,0.1395016499,0.0829410066,6244.9340007,0.33566864,0.0104991802,-11.51413532,-0.073247994,0.192425519,0.0071098918999999,-0.073247994,,-0.062505855,0.0002628834,,-0.330326309,7.0,1.8529534709,0.0,0.0195440845,0.0595428389,,0.1962008266,6.0391514559,,7.5552497265,0.0,0.0,0.145731849,0.0,0.3282356852,0.3163893806,-0.8445246559999999,1.1159748021,0.1795676925,0.0018590735,-0.00539593,-0.017777892,1.0,0.0327339859,0.0072448543999999,0.0534402583,0.0075520575,0.0637722451,0.0618825192999999,6.0,0.013885392,8.176344e-10,0.0117096016,0.0084462327,0.2660146008,0.3907918547999999,6.8631872e-08,73.0,
1994-08-31,7244350.5,0.8694381256,0.7559226542,-0.069399715,14.596119014,0.0252298758999999,-0.003638851,-0.030588236,0.019763947,0.0788805626,0.4973782222999999,0.3168577304,0.2953760773,0.0421732809999999,-0.0421732809999999,28.0,-0.124510211,0.2023435833,-2.2725006430000003,0.4780524628,12.717011625,0.0577795454,0.0070726031,-0.066365564,0.0069068362,-0.17433387,0.0,0.0337197804,1.0,1.8529534709,0.3882716135,0.0,0.0,0.0099183431,0.1524822476,0.0434326112,0.5975167105,0.2461117368,0.0742821186,0.1120230978,0.0243902439,-0.01445812,0.1395016499,0.0829410066,6244.9340007,0.33566864,0.0104991802,-11.51413532,-0.073247994,0.192425519,0.0071098918999999,-0.073247994,,-0.062505855,0.0002628834,,-0.330326309,7.0,1.8529534709,0.0,0.0195440845,0.0595428389,,0.1962008266,6.0391514559,,7.5552497265,0.0,0.0,0.145731849,0.0,0.3282356852,0.3163893806,-0.8445246559999999,1.1159748021,0.1795676925,0.0018590735,-0.00539593,-0.017777892,1.0,0.0327339859,0.0072448543999999,0.0534402583,0.0075520575,0.0637722451,0.0618825192999999,6.0,0.0115431657,7.67458e-10,0.0141176469999999,0.0082578534,0.3944738218,0.5933399993999999,7.8962525e-08,73.0,
1994-09-30,7613601.375,0.853005626,0.7276185981000001,0.0052841454,14.512103545,0.024794947,-0.033010283,0.0509708746999999,0.0102715089,0.0673334481,0.4201175892,0.3044772826,0.3085351664999999,0.0421732809999999,-0.0421732809999999,28.0,-0.124510211,0.2023435833,-2.285931895,0.4780524628,12.717011625,0.0577795454,0.0070726031,-0.066365564,0.0069068362,-0.17433387,0.0,0.0337197804,1.0,1.8529534709,0.3882716135,0.0,0.0,0.0099183431,0.1524822476,0.0434326112,0.5975167105,0.2461117368,0.0742821186,0.1120230978,0.0243902439,-0.01445812,0.1395016499,0.0829410066,6244.9340007,0.33566864,0.0104991802,-11.51413532,-0.073247994,0.192425519,0.0071098918999999,-0.073247994,,-0.062505855,0.0002628834,,-0.330326309,7.0,1.8529534709,0.0,0.0195440845,0.0595428389,,0.1962008266,6.0391514559,,7.5552497265,0.0,0.0,0.145731849,0.0,0.3282356852,0.3163893806,-0.8445246559999999,1.1159748021,0.1795676925,0.0018590735,-0.00539593,-0.017777892,1.0,0.0327339859,0.0072448543999999,0.0534402583,0.0075520575,0.0637722451,0.0618825192999999,6.0,0.0113157575,5.230922e-10,0.0235294122,0.0083117661,0.3881263284,0.5921067064,5.3357748e-08,73.0,
1994-10-31,7912631.25,0.8403559276000001,0.706198085,0.078701653,14.814010157,0.024029536,-0.02576472,0.0420323312,0.0590794859,0.0854435886,0.4739172814,0.2322770934,0.3456767305,0.0421732809999999,-0.0421732809999999,28.0,-0.124510211,0.2023435833,-2.3157185680000003,0.4780524628,12.717011625,0.0577795454,0.0070726031,-0.066365564,0.0069068362,-0.17433387,0.0,0.0337197804,1.0,1.8529534709,0.3882716135,0.0,0.0,0.0099183431,0.1524822476,0.0434326112,0.5975167105,0.2461117368,0.0742821186,0.1120230978,0.0243902439,-0.01445812,0.1395016499,0.0829410066,6244.9340007,0.33566864,0.0104991802,-11.51413532,-0.073247994,0.192425519,0.0071098918999999,-0.073247994,,-0.062505855,0.0002628834,,-0.330326309,7.0,1.8529534709,0.0,0.0195440845,0.0595428389,,0.1962008266,6.0391514559,,7.5552497265,0.0,0.0,0.145731849,0.0,0.3282356852,0.3163893806,-0.8445246559999999,-0.146076231,0.2009428013,0.0026034693,0.0387475713,-0.011908921,2.0,0.0417092075,0.0073837776,0.0655975128,0.0085237112,0.0637927683,0.0632650695,6.0,0.0112522402,5.997724e-10,0.0294117648,0.0116759013,0.6656198885,1.4879295949,5.162897e-08,73.0,
1994-11-30,8211552.875,0.8135192183,0.6618135186,0.170132077,14.976428408,0.0240081303,-0.033429764,0.0377777777999999,0.0982378081,0.0648455744,0.5059892968999999,0.2825393371999999,0.3470852505,0.0421732809999999,-0.0421732809999999,28.0,-0.124510211,0.2023435833,-2.329636877,0.4780524628,12.717011625,0.0577795454,0.0070726031,-0.066365564,0.0069068362,-0.17433387,0.0,0.0337197804,1.0,1.8529534709,0.3882716135,0.0,0.0,0.0099183431,0.1524822476,0.0434326112,0.5975167105,0.2461117368,0.0742821186,0.1120230978,0.0243902439,-0.01445812,0.1395016499,0.0829410066,6244.9340007,0.33566864,0.0104991802,-11.51413532,-0.073247994,0.192425519,0.0071098918999999,-0.073247994,,-0.062505855,0.0002628834,,-0.330326309,7.0,1.8529534709,0.0,0.0195440845,0.0595428389,,0.1962008266,6.0391514559,,7.5552497265,0.0,0.0,0.145731849,0.0,0.3282356852,0.3163893806,-0.8445246559999999,-0.146076231,0.2009428013,0.0026034693,0.0387475713,-0.011908921,2.0,0.0417092075,0.0073837776,0.0655975128,0.0085237112,0.0637927683,0.0632650695,6.0,0.0148238454,8.733001e-10,0.0297482833,0.0115860737,0.3724947923,0.4422582496,7.3343949e-08,73.0,
1994-12-30,7881001.125,0.8296200198999999,0.6882693773999999,0.0795995851,14.662446870999998,0.0231916719,0.0168088757,-0.042826552,0.0996895491,0.0699913908999999,0.5185836877000001,0.2388544202,0.3230790682,0.0421732809999999,-0.0421732809999999,28.0,-0.124510211,0.2023435833,-2.34752224,0.4780524628,12.717011625,0.0577795454,0.0070726031,-0.066365564,0.0069068362,-0.17433387,0.0,0.0337197804,1.0,1.8529534709,0.3882716135,0.0,0.0,0.0099183431,0.1524822476,0.0434326112,0.5975167105,0.2461117368,0.0742821186,0.1120230978,0.0243902439,-0.01445812,0.1395016499,0.0829410066,6244.9340007,0.33566864,0.0104991802,-11.51413532,-0.073247994,0.192425519,0.0071098918999999,-0.073247994,,-0.062505855,0.0002628834,,-0.330326309,7.0,1.8529534709,0.0,0.0195440845,0.0595428389,,0.1962008266,6.0391514559,,7.5552497265,0.0,0.0,0.145731849,0.0,0.3282356852,0.3163893806,-0.8445246559999999,-0.146076231,0.2009428013,0.0026034693,0.0387475713,-0.011908921,2.0,0.0417092075,0.0073837776,0.0655975128,0.0085237112,0.0637927683,0.0632650695,6.0,0.0126186837999999,5.415688e-10,0.0109409187,0.0083033595,0.3807983959,0.537537013,7.3297189e-08,73.0,
1995-01-31,8251249.5,0.7891312615999999,0.6227281481,0.1402446939,14.619476748,0.0228417208999999,-0.018833973,0.0496644303,0.0545694115,0.0194515187999999,0.2378840394,0.2556194491,0.3069307867,0.0680307835,-0.068030783,29.0,-0.109110847,0.2223817464,-2.397779097,0.4924466303,8.7065220244,0.0681141009,0.0396353401,-0.042866177,-0.002976212,-0.542960024,0.0,-0.20231498,1.0,2.0607916783,0.3746261191,0.0,0.0,0.0101718688,0.1316833684,0.0447005142,0.5913798475,0.9618553231,0.0761707806,0.1018871047,0.0476190476,0.036636468,0.1357008181,0.0734117577,6905.9373383,0.3447493164,0.0101637257999999,1.0666186705,0.1121659074,-0.035144198,0.0025016523,0.1121659074,,0.0974987913,0.0069785331999999,,-0.523787861,8.0,2.0607916783,0.0,0.0215131593,0.065129694,,0.2208872939,4.1804722356,,8.2824526327,0.0,0.0,0.110459149,0.0,0.3303126114,0.3753420524,-0.112769335,-0.146076231,0.2009428013,0.0026034693,0.0387475713,-0.011908921,2.0,0.0417092075,0.0073837776,0.0655975128,0.0085237112,0.0637927683,0.0632650695,6.0,0.0163443332,1.047912e-09,0.0473933667,0.0163003387999999,0.528016984,0.8806492901999999,5.8853155e-08,73.0,
1995-02-28,8357034.75,0.9589082281,0.9195049899,0.1679400615,14.887384029,0.0223914899,-0.067414346,0.012820513,0.1418718457,0.1288215831,0.2489555851,0.1698934549,0.3344073921,0.0680307835,-0.068030783,29.0,-0.109110847,0.2223817464,-2.418758499,0.4924466303,8.7065220244,0.0681141009,0.0396353401,-0.042866177,-0.002976212,-0.542960024,0.0,-0.20231498,1.0,2.0607916783,0.3746261191,0.0,0.0,0.0101718688,0.1316833684,0.0447005142,0.5913798475,0.9618553231,0.0761707806,0.1018871047,0.0476190476,0.036636468,0.1357008181,0.0734117577,6905.9373383,0.3447493164,0.0101637257999999,1.0666186705,0.1121659074,-0.035144198,0.0025016523,0.1121659074,,0.0974987913,0.0069785331999999,,-0.523787861,8.0,2.0607916783,0.0,0.0215131593,0.065129694,,0.2208872939,4.1804722356,,8.2824526327,0.0,0.0,0.110459149,0.0,0.3303126114,0.3753420524,-0.112769335,0.0494247286,0.2182889711,0.0021972616,0.0015511335,0.0211495261,0.0,0.0342355042,0.0073780291,0.0543671671,0.0091339584999999,0.0638247522,0.0630146948,6.0,0.0132393805,4.353167e-10,0.0149253728,0.0085019366,0.4403041162,0.7531541912,5.480805700000001e-08,73.0,
1995-03-31,8816750.375,0.9752988829,0.951207911,0.0827655702,14.971331287,0.022209781,-0.051848948,0.0400843881,0.1004217684,0.1683903439,0.1807002969,0.1521616708,0.3366067663,0.0680307835,-0.068030783,29.0,-0.109110847,0.2223817464,-2.4350137000000003,0.4924466303,8.7065220244,0.0681141009,0.0396353401,-0.042866177,-0.002976212,-0.542960024,0.0,-0.20231498,1.0,2.0607916783,0.3746261191,0.0,0.0,0.0101718688,0.1316833684,0.0447005142,0.5913798475,0.9618553231,0.0761707806,0.1018871047,0.0476190476,0.036636468,0.1357008181,0.0734117577,6905.9373383,0.3447493164,0.0101637257999999,1.0666186705,0.1121659074,-0.035144198,0.0025016523,0.1121659074,,0.0974987913,0.0069785331999999,,-0.523787861,8.0,2.0607916783,0.0,0.0215131593,0.065129694,,0.2208872939,4.1804722356,,8.2824526327,0.0,0.0,0.110459149,0.0,0.3303126114,0.3753420524,-0.112769335,0.0494247286,0.2182889711,0.0021972616,0.0015511335,0.0211495261,0.0,0.0342355042,0.0073780291,0.0543671671,0.0091339584999999,0.0638247522,0.0630146948,6.0,0.0132435863999999,5.204454e-10,0.0184049085,0.0080133118,0.3516591284,0.5610047577,7.939759900000002e-08,73.0,
1995-04-28,9013473.0,0.9810400576,0.9624395947,0.0219502343,14.740759495,0.0215651795999999,0.0522268855,0.0247464497,0.0983646739,0.2121498344,0.1486516338,0.1264845359,0.3706364904999999,0.0680307835,-0.068030783,29.0,-0.109110847,0.2223817464,-2.443218055,0.4924466303,8.7065220244,0.0681141009,0.0396353401,-0.042866177,-0.002976212,-0.542960024,0.0,-0.20231498,1.0,2.0607916783,0.3746261191,0.0,0.0,0.0101718688,0.1316833684,0.0447005142,0.5913798475,0.9618553231,0.0761707806,0.1018871047,0.0476190476,0.036636468,0.1357008181,0.0734117577,6905.9373383,0.3447493164,0.0101637257999999,1.0666186705,0.1121659074,-0.035144198,0.0025016523,0.1121659074,,0.0974987913,0.0069785331999999,,-0.523787861,8.0,2.0607916783,0.0,0.0215131593,0.065129694,,0.2208872939,4.1804722356,,8.2824526327,0.0,0.0,0.110459149,0.0,0.3303126114,0.3753420524,-0.112769335,-0.398759646,0.2286153173,0.0014493097,-0.013745006,0.0133380233,0.0,0.0253921085,0.0073138852,0.0406208186,0.0088610967,0.0616082358,0.0632829574,6.0,0.0157641336,4.670937e-10,0.0388548039,0.0120021565,0.3637983328999999,0.7347095215999999,4.2170283e-08,73.0,
1995-05-31,9192311.75,0.93271724,0.8699614498,-0.033634935,15.218097718,0.0212066452999999,0.1263768977,0.0198412705,0.0845725589,0.2361164030999999,0.157434578,0.1703406907,0.3289508938,0.0680307835,-0.068030783,29.0,-0.109110847,0.2223817464,-0.70481656,0.4924466303,8.7065220244,0.0681141009,0.0396353401,-0.042866177,-0.002976212,-0.542960024,0.0,-0.20231498,1.0,2.0607916783,0.3746261191,0.0,0.0,0.0101718688,0.1316833684,0.0447005142,0.5913798475,0.9618553231,0.0761707806,0.1018871047,0.0476190476,0.036636468,0.1357008181,0.0734117577,6905.9373383,0.3447493164,0.0101637257999999,1.0666186705,0.1121659074,-0.035144198,0.0025016523,0.1121659074,,0.0974987913,0.0069785331999999,,-0.523787861,8.0,2.0607916783,0.0,0.0215131593,0.065129694,,0.2208872939,4.1804722356,,8.2824526327,0.0,0.0,0.110459149,0.0,0.3303126114,0.3753420524,-0.112769335,-0.398759646,0.2286153173,0.0014493097,-0.013745006,0.0133380233,0.0,0.0253921085,0.0073138852,0.0406208186,0.0088610967,0.0616082358,0.0632829574,6.0,0.0145085908,6.612602e-10,0.0178926438,0.0102553617,0.28974994,0.3646724019,9.2223225e-08,73.0,
1995-06-30,8906169.75,0.9220623414,0.8501989615000001,0.0670163806,14.646303748,0.0213310969,0.1825865373999999,-0.031128405,0.1555814243,0.2163576548999999,0.1962786549,0.1632748856,0.4080944156,0.0680307835,-0.068030783,29.0,-0.109110847,0.2223817464,-0.711979426,0.4924466303,8.7065220244,0.0681141009,0.0396353401,-0.042866177,-0.002976212,-0.542960024,0.0,-0.20231498,1.0,2.0607916783,0.3746261191,0.0,0.0,0.0101718688,0.1316833684,0.0447005142,0.5913798475,0.9618553231,0.0761707806,0.1018871047,0.0476190476,0.036636468,0.1357008181,0.0734117577,6905.9373383,0.3447493164,0.0101637257999999,1.0666186705,0.1121659074,-0.035144198,0.0025016523,0.1121659074,,0.0974987913,0.0069785331999999,,-0.523787861,8.0,2.0607916783,0.0,0.0215131593,0.065129694,,0.2208872939,4.1804722356,,8.2824526327,0.0,0.0,0.110459149,0.0,0.3303126114,0.3753420524,-0.112769335,-0.398759646,0.2286153173,0.0014493097,-0.013745006,0.0133380233,0.0,0.0253921085,0.0073138852,0.0406208186,0.0088610967,0.0616082358,0.0632829574,6.0,0.0141605501,4.100355e-10,0.0163265299,0.0096336286,0.4471221626,1.2408533056,3.732241e-08,73.0,
1995-07-31,9063871.375,0.8782981137,0.7714075765,-0.026600085,15.372695136,0.021357378,0.2610185713,0.0128514059,0.0666361417999999,0.1807064779,0.2675112503,0.2637718076999999,0.4236145314,0.0680307835,-0.068030783,29.0,-0.109110847,0.2090354921,-0.615598004,0.4924466303,8.7065220244,0.0681141009,0.0396353401,-0.042866177,-0.002976212,-0.542960024,0.0,-0.20231498,1.0,2.0607916783,0.3746261191,0.0,0.0,0.0101718688,0.1316833684,0.0447005142,0.5913798475,0.9618553231,0.0761707806,0.1018871047,0.0476190476,0.036636468,0.1357008181,0.0734117577,6905.9373383,0.3447493164,0.0101637257999999,1.0666186705,0.1121659074,-0.035144198,0.0025016523,0.1121659074,,0.0974987913,0.0069785331999999,,-0.523787861,8.0,2.0607916783,0.0,0.0215131593,0.065129694,,0.2208872939,4.1804722356,,8.2824526327,0.0,0.0,0.110459149,0.0,0.3303126114,0.3753420524,-0.112769335,0.6882647959,0.2175180869,0.0026974523,-0.01372727,-0.014356782,1.0,0.0341708528,0.0073037606999999,0.0543627978,0.011342883,0.0586949742,0.0589569661,6.0,0.0122929905,3.092408e-10,0.0160642563999999,0.0077285637,0.4398332297999999,1.0611825864,3.9941288e-08,73.0,
1995-08-31,9226048.0,0.8723602664,0.7610124344,-0.07075703,15.31505662,0.0213737477,0.3836856098,0.0178926438,0.0666686762,0.2336143011,0.1705548424,0.1687219685,0.5067442604,0.0680307835,-0.068030783,29.0,-0.109110847,0.2090354921,-0.616757565,0.4924466303,8.7065220244,0.0681141009,0.0396353401,-0.042866177,-0.002976212,-0.542960024,0.0,-0.20231498,1.0,2.0607916783,0.3746261191,0.0,0.0,0.0101718688,0.1316833684,0.0447005142,0.5913798475,0.9618553231,0.0761707806,0.1018871047,0.0476190476,0.036636468,0.1357008181,0.0734117577,6905.9373383,0.3447493164,0.0101637257999999,1.0666186705,0.1121659074,-0.035144198,0.0025016523,0.1121659074,,0.0974987913,0.0069785331999999,,-0.523787861,8.0,2.0607916783,0.0,0.0215131593,0.065129694,,0.2208872939,4.1804722356,,8.2824526327,0.0,0.0,0.110459149,0.0,0.3303126114,0.3753420524,-0.112769335,0.6882647959,0.2175180869,0.0026974523,-0.01372727,-0.014356782,1.0,0.0341708528,0.0073037606999999,0.0543627978,0.011342883,0.0586949742,0.0589569661,6.0,0.0127762478,3.229152e-10,0.0197628457,0.0106336884,0.4144510344,0.8218679122,4.4308478e-08,73.0,
1995-09-29,9348690.0,0.8282325903,0.6859692237,-0.0843106959999999,15.331709744,0.0209364088999999,0.4108318037,0.015625,0.0439097166,0.1947875555,0.2801409787,0.2709497525,0.4998238612,0.0680307835,-0.068030783,29.0,-0.109110847,0.2090354921,-0.61786046,0.4924466303,8.7065220244,0.0681141009,0.0396353401,-0.042866177,-0.002976212,-0.542960024,0.0,-0.20231498,1.0,2.0607916783,0.3746261191,0.0,0.0,0.0101718688,0.1316833684,0.0447005142,0.5913798475,0.9618553231,0.0761707806,0.1018871047,0.0476190476,0.036636468,0.1357008181,0.0734117577,6905.9373383,0.3447493164,0.0101637257999999,1.0666186705,0.1121659074,-0.035144198,0.0025016523,0.1121659074,,0.0974987913,0.0069785331999999,,-0.523787861,8.0,2.0607916783,0.0,0.0215131593,0.065129694,,0.2208872939,4.1804722356,,8.2824526327,0.0,0.0,0.110459149,0.0,0.3303126114,0.3753420524,-0.112769335,0.6882647959,0.2175180869,0.0026974523,-0.01372727,-0.014356782,1.0,0.0341708528,0.0073037606999999,0.0543627978,0.011342883,0.0586949742,0.0589569661,6.0,0.01325173,4.139156e-10,0.0156555772,0.008049961,0.5141856032,1.0532780043,3.7432978e-08,73.0,
1995-10-31,9798146.25,0.8175843104,0.6684441046,-0.038400863,15.375966188,0.0209533962,0.4683973969,0.0507692322,0.0346176912999999,0.1645090797,0.2113396514999999,0.2521315028,0.4984661865999999,0.0680307835,-0.068030783,29.0,-0.109110847,0.2090354921,-0.681120005,0.4924466303,8.7065220244,0.0681141009,0.0396353401,-0.042866177,-0.002976212,-0.542960024,0.0,-0.20231498,1.0,2.0607916783,0.3746261191,0.0,0.0,0.0101718688,0.1316833684,0.0447005142,0.5913798475,0.9618553231,0.0761707806,0.1018871047,0.0476190476,0.036636468,0.1357008181,0.0734117577,6905.9373383,0.3447493164,0.0101637257999999,1.0666186705,0.1121659074,-0.035144198,0.0025016523,0.1121659074,,0.0974987913,0.0069785331999999,,-0.523787861,8.0,2.0607916783,0.0,0.0215131593,0.065129694,,0.2208872939,4.1804722356,,8.2824526327,0.0,0.0,0.110459149,0.0,0.3303126114,0.3753420524,-0.112769335,-0.063808652,0.2379205896,0.0031494846999999,-0.0009369339999999,0.0313130738,2.0,0.0433781266,0.0070484429,0.0664570796,0.013717848,0.0583688729,0.0587620428,6.0,0.0187723442,5.128872e-10,0.0293040294,0.0144793462,0.3785564815,0.9261456704,4.4485518e-08,73.0,
1995-11-30,10286562.0,0.8182549667,0.6695411904999999,0.0127126092999999,15.38788451,0.021025618,0.5239965881,0.0495412834,0.0659937664,0.1790870241,0.2311147789,0.3106566145,0.4602922182,0.0680307835,-0.068030783,29.0,-0.109110847,0.2090354921,-0.689486608,0.4924466303,8.7065220244,0.0681141009,0.0396353401,-0.042866177,-0.002976212,-0.542960024,0.0,-0.20231498,1.0,2.0607916783,0.3746261191,0.0,0.0,0.0101718688,0.1316833684,0.0447005142,0.5913798475,0.9618553231,0.0761707806,0.1018871047,0.0476190476,0.036636468,0.1357008181,0.0734117577,6905.9373383,0.3447493164,0.0101637257999999,1.0666186705,0.1121659074,-0.035144198,0.0025016523,0.1121659074,,0.0974987913,0.0069785331999999,,-0.523787861,8.0,2.0607916783,0.0,0.0215131593,0.065129694,,0.2208872939,4.1804722356,,8.2824526327,0.0,0.0,0.110459149,0.0,0.3303126114,0.3753420524,-0.112769335,-0.063808652,0.2379205896,0.0031494846999999,-0.0009369339999999,0.0313130738,2.0,0.0433781266,0.0070484429,0.0664570796,0.013717848,0.0583688729,0.0587620428,6.0,0.014344286,4.685305e-10,0.0232142862,0.0094798853,0.2428367872,0.4461910572999999,5.211841800000001e-08,73.0,
1995-12-29,11448159.0,0.7815366908,0.6107995990999999,0.1643427673,15.18258349,0.0211301861,0.4257011057,0.1118881106,0.1547499907,0.292869658,0.0909977891,0.3382661946,0.4323713097,0.0680307835,-0.068030783,29.0,-0.109110847,0.2090354921,-0.6788142909999999,0.4924466303,8.7065220244,0.0681141009,0.0396353401,-0.042866177,-0.002976212,-0.542960024,0.0,-0.20231498,1.0,2.0607916783,0.3746261191,0.0,0.0,0.0101718688,0.1316833684,0.0447005142,0.5913798475,0.9618553231,0.0761707806,0.1018871047,0.0476190476,0.036636468,0.1357008181,0.0734117577,6905.9373383,0.3447493164,0.0101637257999999,1.0666186705,0.1121659074,-0.035144198,0.0025016523,0.1121659074,,0.0974987913,0.0069785331999999,,-0.523787861,8.0,2.0607916783,0.0,0.0215131593,0.065129694,,0.2208872939,4.1804722356,,8.2824526327,0.0,0.0,0.110459149,0.0,0.3303126114,0.3753420524,-0.112769335,-0.063808652,0.2379205896,0.0031494846999999,-0.0009369339999999,0.0313130738,2.0,0.0433781266,0.0070484429,0.0664570796,0.013717848,0.0583688729,0.0587620428,6.0,0.017290279,4.166095e-10,0.0431893691,0.0148148261,0.4837704664,0.741638142,4.8990749000000014e-08,73.0,
1996-01-31,10692148.5,0.7507705505,0.5636564195,0.1067932254,15.397398018,0.0221345448,0.5388138737,-0.0635220109999999,0.2676615523,0.3695104453,0.123886874,0.3945315805,0.2246450280999999,0.0284272281999999,-0.028427228,30.0,-0.183152502,0.2563804427,-0.615747525,0.5355553510000001,8.9566720325,0.0528502178,0.0234261892,0.009247682,0.024058451,-0.295806109,0.0,0.0597535291,1.0,2.2295502952,0.4147908808,0.0,0.0,0.0098489047,0.2396829328999999,0.0435829265,0.6344146232,0.3464895723,0.0912437669999999,0.0926729621,0.1363636364,0.0358106347,0.1219170637,0.0888945632,8340.182538,0.3341194511,0.0097142156999999,-0.751846318,0.0818901875,0.1072129242,0.017774852,0.0818901875,,-0.0931335619999999,-0.0191496489999999,,-0.212635818,7.0,2.2295502952,0.0,0.0213232142,0.0667554329,,0.2231378384,4.1480144663,,7.6727571624,0.0,0.0,0.1720461116,0.0,0.3194229035,0.3716907397,-0.167761264,-0.063808652,0.2379205896,0.0031494846999999,-0.0009369339999999,0.0313130738,2.0,0.0433781266,0.0070484429,0.0664570796,0.013717848,0.0583688729,0.0587620428,6.0,0.0208123040999999,5.243268e-10,0.0484739691,0.0190658607,0.4970492509,1.3619269749,4.0368097e-08,73.0,
1996-02-29,11484159.5,0.9180186736,0.8427582851000001,0.1669056314,15.572324871,0.022709725,0.4877602068,0.0740740746,0.1662694965,0.2662820028,0.1770697436,0.2362879477,0.3523365415999999,0.0284272281999999,-0.028427228,30.0,-0.183152502,0.2563804427,-0.624265879,0.5355553510000001,8.9566720325,0.0528502178,0.0234261892,0.009247682,0.024058451,-0.295806109,0.0,0.0597535291,1.0,2.2295502952,0.4147908808,0.0,0.0,0.0098489047,0.2396829328999999,0.0435829265,0.6344146232,0.3464895723,0.0912437669999999,0.0926729621,0.1363636364,0.0358106347,0.1219170637,0.0888945632,8340.182538,0.3341194511,0.0097142156999999,-0.751846318,0.0818901875,0.1072129242,0.017774852,0.0818901875,,-0.0931335619999999,-0.0191496489999999,,-0.212635818,7.0,2.2295502952,0.0,0.0213232142,0.0667554329,,0.2231378384,4.1480144663,,7.6727571624,0.0,0.0,0.1720461116,0.0,0.3194229035,0.3716907397,-0.167761264,0.1730692032999999,0.2179319207999999,0.0031712415,0.0069615554,0.0276402771,0.0,0.0343938705,0.0068851615,0.0524561655999999,0.014896656,0.0495834250999999,0.0484236029,6.0,0.0295274137,5.065037e-10,0.032894738,0.0198095055,0.5490143539,1.184250926,3.4667943e-08,73.0,
1996-03-29,11160155.0,0.8385670419,0.7031946837,0.1383695506,15.70069802,0.0230935308,0.4332274229,-0.028213166,0.2333881405,0.3076637684,0.1674420311,0.2492650245,0.398646679,0.0284272281999999,-0.028427228,30.0,-0.183152502,0.2563804427,-0.628613858,0.5355553510000001,8.9566720325,0.0528502178,0.0234261892,0.009247682,0.024058451,-0.295806109,0.0,0.0597535291,1.0,2.2295502952,0.4147908808,0.0,0.0,0.0098489047,0.2396829328999999,0.0435829265,0.6344146232,0.3464895723,0.0912437669999999,0.0926729621,0.1363636364,0.0358106347,0.1219170637,0.0888945632,8340.182538,0.3341194511,0.0097142156999999,-0.751846318,0.0818901875,0.1072129242,0.017774852,0.0818901875,,-0.0931335619999999,-0.0191496489999999,,-0.212635818,7.0,2.2295502952,0.0,0.0213232142,0.0667554329,,0.2231378384,4.1480144663,,7.6727571624,0.0,0.0,0.1720461116,0.0,0.3194229035,0.3716907397,-0.167761264,0.1730692032999999,0.2179319207999999,0.0031712415,0.0069615554,0.0276402771,0.0,0.0343938705,0.0068851615,0.0524561655999999,0.014896656,0.0495834250999999,0.0484236029,6.0,0.0258591449,6.282128e-10,0.0403726697,0.0180212888999999,0.1818496135,0.3094296393,6.0509691e-08,73.0,
1996-04-30,11436311.25,0.8835345024,0.780633217,0.0748762606,15.210401302,0.023205244,0.4929220761,0.0187096782,0.1406789615,0.2400827875,0.2308295732,0.2152827292,0.4270103902,0.0284272281999999,-0.028427228,30.0,-0.183152502,0.2563804427,-0.6342180620000001,0.5355553510000001,8.9566720325,0.0528502178,0.0234261892,0.009247682,0.024058451,-0.295806109,0.0,0.0597535291,1.0,2.2295502952,0.4147908808,0.0,0.0,0.0098489047,0.2396829328999999,0.0435829265,0.6344146232,0.3464895723,0.0912437669999999,0.0926729621,0.1363636364,0.0358106347,0.1219170637,0.0888945632,8340.182538,0.3341194511,0.0097142156999999,-0.751846318,0.0818901875,0.1072129242,0.017774852,0.0818901875,,-0.0931335619999999,-0.0191496489999999,,-0.212635818,7.0,2.2295502952,0.0,0.0213232142,0.0667554329,,0.2231378384,4.1480144663,,7.6727571624,0.0,0.0,0.1720461116,0.0,0.3194229035,0.3716907397,-0.167761264,-0.393140086,0.2234142328999999,0.0017999817,-0.006427588,-0.008750476,0.0,0.0255849871,0.0071221106,0.0390629658,0.0127223512999999,0.0504703684999999,0.0471747057,6.0,0.0278636286,7.297198e-10,0.0258064512,0.0154524966999999,0.3114083797,0.5437488061,5.8402926e-08,73.0,
1996-05-31,11291865.75,0.9084552016,0.8252908534000001,-0.025693697,15.213409049,0.0235423166,0.4735233888,-0.012698413,0.1071700715,0.2387068203,0.3317127728,0.2406555594,0.3692032802,0.0284272281999999,-0.028427228,30.0,-0.183152502,0.2563804427,-0.638305335,0.5355553510000001,8.9566720325,0.0528502178,0.0234261892,0.009247682,0.024058451,-0.295806109,0.0,0.0597535291,1.0,2.2295502952,0.4147908808,0.0,0.0,0.0098489047,0.2396829328999999,0.0435829265,0.6344146232,0.3464895723,0.0912437669999999,0.0926729621,0.1363636364,0.0358106347,0.1219170637,0.0888945632,8340.182538,0.3341194511,0.0097142156999999,-0.751846318,0.0818901875,0.1072129242,0.017774852,0.0818901875,,-0.0931335619999999,-0.0191496489999999,,-0.212635818,7.0,2.2295502952,0.0,0.0213232142,0.0667554329,,0.2231378384,4.1480144663,,7.6727571624,0.0,0.0,0.1720461116,0.0,0.3194229035,0.3716907397,-0.167761264,-0.393140086,0.2234142328999999,0.0017999817,-0.006427588,-0.008750476,0.0,0.0255849871,0.0071221106,0.0390629658,0.0127223512999999,0.0504703684999999,0.0471747057,6.0,0.0236854918,4.914815e-10,0.0263157897,0.0140726232,0.3277421338,0.7163056625,5.2693686e-08,73.0,
1996-06-28,11146632.75,0.9232374356,0.8523673624,-0.313485113,15.311585549,0.0234276168,0.5924908418,-0.012861736,-0.016887798,0.2622696501,0.3102111321,0.2515368112,0.4138441185,0.0284272281999999,-0.028427228,30.0,-0.183152502,0.2563804427,-0.636742854,0.5355553510000001,8.9566720325,0.0528502178,0.0234261892,0.009247682,0.024058451,-0.295806109,0.0,0.0597535291,1.0,2.2295502952,0.4147908808,0.0,0.0,0.0098489047,0.2396829328999999,0.0435829265,0.6344146232,0.3464895723,0.0912437669999999,0.0926729621,0.1363636364,0.0358106347,0.1219170637,0.0888945632,8340.182538,0.3341194511,0.0097142156999999,-0.751846318,0.0818901875,0.1072129242,0.017774852,0.0818901875,,-0.0931335619999999,-0.0191496489999999,,-0.212635818,7.0,2.2295502952,0.0,0.0213232142,0.0667554329,,0.2231378384,4.1480144663,,7.6727571624,0.0,0.0,0.1720461116,0.0,0.3194229035,0.3716907397,-0.167761264,-0.393140086,0.2234142328999999,0.0017999817,-0.006427588,-0.008750476,0.0,0.0255849871,0.0071221106,0.0390629658,0.0127223512999999,0.0504703684999999,0.0471747057,6.0,0.0231640691,5.391329e-10,0.0472972989,0.0169883859,0.3048315081,0.6922887409999999,4.0641622e-08,73.0,
1996-07-31,11191593.75,0.8907820954000001,0.7934927414,-0.141390359,15.511889545,0.0233685652999999,0.6164242404,0.0091205210999999,0.0362952293,0.2302245559,0.337250895,0.2682643893,0.4289997124,0.0284272281999999,-0.028427228,30.0,-0.183152502,0.1978516292,-0.519356762,0.5355553510000001,8.9566720325,0.0528502178,0.0234261892,0.009247682,0.024058451,-0.295806109,0.0,0.0597535291,1.0,2.2295502952,0.4147908808,0.0,0.0,0.0098489047,0.2396829328999999,0.0435829265,0.6344146232,0.3464895723,0.0912437669999999,0.0926729621,0.1363636364,0.0358106347,0.1219170637,0.0888945632,8340.182538,0.3341194511,0.0097142156999999,-0.751846318,0.0818901875,0.1072129242,0.017774852,0.0818901875,,-0.0931335619999999,-0.0191496489999999,,-0.212635818,7.0,2.2295502952,0.0,0.0213232142,0.0667554329,,0.2231378384,4.1480144663,,7.6727571624,0.0,0.0,0.1720461116,0.0,0.3194229035,0.3716907397,-0.167761264,1.6522217419999998,0.1345569523,0.0029502804999999,0.0561564917,-0.030502727,1.0,0.0332476649,0.0070418041,0.0510916201,0.0136444981,0.0510166561,0.0477485875999999,6.0,0.019995761,4.963467e-10,0.0369127505,0.01433855,0.2875626494,0.5422282746,5.4794481e-08,73.0,
1996-08-30,11481343.75,0.8558150923000001,0.7324194722,-0.2538263619999999,15.314788204,0.0231695027,0.3920982811999999,0.0258899685,-0.026373686,0.2196225727,0.3132972227,0.3402913131,0.4442484901,0.0284272281999999,-0.028427228,30.0,-0.183152502,0.1978516292,-0.470922711,0.5355553510000001,8.9566720325,0.0528502178,0.0234261892,0.009247682,0.024058451,-0.295806109,0.0,0.0597535291,1.0,2.2295502952,0.4147908808,0.0,0.0,0.0098489047,0.2396829328999999,0.0435829265,0.6344146232,0.3464895723,0.0912437669999999,0.0926729621,0.1363636364,0.0358106347,0.1219170637,0.0888945632,8340.182538,0.3341194511,0.0097142156999999,-0.751846318,0.0818901875,0.1072129242,0.017774852,0.0818901875,,-0.0931335619999999,-0.0191496489999999,,-0.212635818,7.0,2.2295502952,0.0,0.0213232142,0.0667554329,,0.2231378384,4.1480144663,,7.6727571624,0.0,0.0,0.1720461116,0.0,0.3194229035,0.3716907397,-0.167761264,1.6522217419999998,0.1345569523,0.0029502804999999,0.0561564917,-0.030502727,1.0,0.0332476649,0.0070418041,0.0510916201,0.0136444981,0.0510166561,0.0477485875999999,6.0,0.0214257548,7.021553e-10,0.0304054058999999,0.0147597327,0.4985397793,0.9996777349,4.4985275e-08,73.0,
1996-09-30,12024625.0,0.8289217873,0.6871113294,-0.122122922,15.439933039,0.0232274404,0.1851891491,0.0473186113,0.0278318587,0.231949354,0.3611778503,0.3483022014,0.3917342537,0.0284272281999999,-0.028427228,30.0,-0.183152502,0.1978516292,-0.474396526,0.5355553510000001,8.9566720325,0.0528502178,0.0234261892,0.009247682,0.024058451,-0.295806109,0.0,0.0597535291,1.0,2.2295502952,0.4147908808,0.0,0.0,0.0098489047,0.2396829328999999,0.0435829265,0.6344146232,0.3464895723,0.0912437669999999,0.0926729621,0.1363636364,0.0358106347,0.1219170637,0.0888945632,8340.182538,0.3341194511,0.0097142156999999,-0.751846318,0.0818901875,0.1072129242,0.017774852,0.0818901875,,-0.0931335619999999,-0.0191496489999999,,-0.212635818,7.0,2.2295502952,0.0,0.0213232142,0.0667554329,,0.2231378384,4.1480144663,,7.6727571624,0.0,0.0,0.1720461116,0.0,0.3194229035,0.3716907397,-0.167761264,1.6522217419999998,0.1345569523,0.0029502804999999,0.0561564917,-0.030502727,1.0,0.0332476649,0.0070418041,0.0510916201,0.0136444981,0.0510166561,0.0477485875999999,6.0,0.0202221583,6.224469e-10,0.0279503111,0.0146506936,0.2323207024,0.3378861632,5.9722988e-08,73.0,
1996-10-31,12640343.75,0.8531843683,0.7279235663,-0.04866949,15.202784439,0.0232033047,0.1617931699,0.0536144562,0.0566969746,0.2279037557,0.3840082487,0.3867274775,0.3702007891,0.0284272281999999,-0.028427228,30.0,-0.183152502,0.1978516292,-0.451027356,0.5355553510000001,8.9566720325,0.0528502178,0.0234261892,0.009247682,0.024058451,-0.295806109,0.0,0.0597535291,1.0,2.2295502952,0.4147908808,0.0,0.0,0.0098489047,0.2396829328999999,0.0435829265,0.6344146232,0.3464895723,0.0912437669999999,0.0926729621,0.1363636364,0.0358106347,0.1219170637,0.0888945632,8340.182538,0.3341194511,0.0097142156999999,-0.751846318,0.0818901875,0.1072129242,0.017774852,0.0818901875,,-0.0931335619999999,-0.0191496489999999,,-0.212635818,7.0,2.2295502952,0.0,0.0213232142,0.0667554329,,0.2231378384,4.1480144663,,7.6727571624,0.0,0.0,0.1720461116,0.0,0.3194229035,0.3716907397,-0.167761264,0.8169618325,0.1752181615,0.0039575352,-0.025417245,-0.032320837,2.0,0.0386047353,0.006094031,0.0639777345,0.020411685,0.049701761,0.0473514219,6.0,0.0227918136,5.465104e-10,0.0397553518,0.0166286575,0.4052207542,0.7338392387,6.4974692e-08,73.0,
1996-11-29,12072873.375,0.8575341123000001,0.7353647537000001,-0.0171383089999999,15.263750727,0.0238875288,0.2631127803999999,-0.045845274,0.1276708381,0.2326691368,0.3675284908,0.2973610467,0.360096846,0.0284272281999999,-0.028427228,30.0,-0.183152502,0.1978516292,-0.452236649,0.5355553510000001,8.9566720325,0.0528502178,0.0234261892,0.009247682,0.024058451,-0.295806109,0.0,0.0597535291,1.0,2.2295502952,0.4147908808,0.0,0.0,0.0098489047,0.2396829328999999,0.0435829265,0.6344146232,0.3464895723,0.0912437669999999,0.0926729621,0.1363636364,0.0358106347,0.1219170637,0.0888945632,8340.182538,0.3341194511,0.0097142156999999,-0.751846318,0.0818901875,0.1072129242,0.017774852,0.0818901875,,-0.0931335619999999,-0.0191496489999999,,-0.212635818,7.0,2.2295502952,0.0,0.0213232142,0.0667554329,,0.2231378384,4.1480144663,,7.6727571624,0.0,0.0,0.1720461116,0.0,0.3194229035,0.3716907397,-0.167761264,0.8169618325,0.1752181615,0.0039575352,-0.025417245,-0.032320837,2.0,0.0386047353,0.006094031,0.0639777345,0.020411685,0.049701761,0.0473514219,6.0,0.0209796556,4.229561e-10,0.0171919762999999,0.0109661173,0.3793058479,0.6713697152,4.6068757000000006e-08,73.0,
1996-12-31,12449099.25,0.8492419662999999,0.7212119173,0.152256455,15.420951819,0.0240669702,0.1693915593,0.0300300308,0.0899916446,0.0578016541,0.4722676036,0.3461522072,0.354703504,0.0284272281999999,-0.028427228,30.0,-0.183152502,0.1978516292,-0.453585521,0.5355553510000001,8.9566720325,0.0528502178,0.0234261892,0.009247682,0.024058451,-0.295806109,0.0,0.0597535291,1.0,2.2295502952,0.4147908808,0.0,0.0,0.0098489047,0.2396829328999999,0.0435829265,0.6344146232,0.3464895723,0.0912437669999999,0.0926729621,0.1363636364,0.0358106347,0.1219170637,0.0888945632,8340.182538,0.3341194511,0.0097142156999999,-0.751846318,0.0818901875,0.1072129242,0.017774852,0.0818901875,,-0.0931335619999999,-0.0191496489999999,,-0.212635818,7.0,2.2295502952,0.0,0.0213232142,0.0667554329,,0.2231378384,4.1480144663,,7.6727571624,0.0,0.0,0.1720461116,0.0,0.3194229035,0.3716907397,-0.167761264,0.8169618325,0.1752181615,0.0039575352,-0.025417245,-0.032320837,2.0,0.0386047353,0.006094031,0.0639777345,0.020411685,0.049701761,0.0473514219,6.0,0.0152406183,3.679854e-10,0.0177514795,0.0091278075,0.4113750546,0.6132658596,6.9128114e-08,73.0,
1997-01-31,12449099.25,0.8502900511,0.7229931710999999,0.0698142359,15.185460384,0.0235669905,0.1556732101,0.0026822158,0.1125768466,0.1634736568,0.3723976982999999,0.4059515461,0.3609348919,0.0537862551,-0.053786255,31.0,-0.199553216,0.2271036546,-0.481325685,0.499295555,12.061794496,0.0579739908,0.0445381709,0.0504114342,0.9962036035,-0.567007268,0.0,0.0946476173,1.0,1.7403786202,0.4305864614999999,0.0,0.0,0.0100920295,0.1043257823,0.0409294463,0.6404650157,0.4767503815,,0.0685572256,0.16,0.041966564,0.1372301236,0.3803216171,10336.76651,0.3459393813,0.0090639115,-0.553831967,-0.219403741,0.0380808293,-0.038084538,-0.219403741,,-0.112314811,0.0344620787,,-0.416437211,5.0,1.7403786202,0.0,0.0224706891,0.0699924886,,0.2085449878999999,5.606455304400001,,7.0319618768,0.0,0.0,0.2325207292,0.0,0.3210442941,0.3253555458,-0.135596481,0.8169618325,0.1752181615,0.0039575352,-0.025417245,-0.032320837,2.0,0.0386047353,0.006094031,0.0639777345,0.020411685,0.049701761,0.0473514219,6.0,0.0208901055,5.443327e-10,0.046439629,0.0153019406,0.4930939863,0.9645682118,5.8741916e-08,73.0,
1997-02-28,12013562.25,0.9284121925,0.8619491991,0.0505311582,15.300559558,0.0237245048,0.1374146272,-0.034985423,0.0874080574,0.0861395613,0.5549716004999999,0.3299235169,0.3899107489,0.0537862551,-0.053786255,31.0,-0.199553216,0.2271036546,-0.483698133,0.499295555,12.061794496,0.0579739908,0.0445381709,0.0504114342,0.9962036035,-0.567007268,0.0,0.0946476173,1.0,1.7403786202,0.4305864614999999,0.0,0.0,0.0100920295,0.1043257823,0.0409294463,0.6404650157,0.4767503815,,0.0685572256,0.16,0.041966564,0.1372301236,0.3803216171,10336.76651,0.3459393813,0.0090639115,-0.553831967,-0.219403741,0.0380808293,-0.038084538,-0.219403741,,-0.112314811,0.0344620787,,-0.416437211,5.0,1.7403786202,0.0,0.0224706891,0.0699924886,,0.2085449878999999,5.606455304400001,,7.0319618768,0.0,0.0,0.2325207292,0.0,0.3210442941,0.3253555458,-0.135596481,-0.313583755,0.1656713678,0.0048514634,-0.021477454,-0.015042314,0.0,0.0304066664,0.0061221118999999,0.0495882112,0.0151265224,0.0674957465,0.0671062564,6.0,0.0249469758999999,4.114292e-10,0.031347964,0.0144408028,0.478324076,1.4839875399,3.9314265e-08,73.0,
1997-03-31,12449057.5,0.8775959116,0.7701745841,-0.04424336,15.619993572,0.0235956797999999,0.1224714301,0.0302114803,0.0019535747,0.0785703944,0.544271436,0.3635774472999999,0.4370620192,0.0537862551,-0.053786255,31.0,-0.199553216,0.2271036546,-0.49164895,0.499295555,12.061794496,0.0579739908,0.0445381709,0.0504114342,0.9962036035,-0.567007268,0.0,0.0946476173,1.0,1.7403786202,0.4305864614999999,0.0,0.0,0.0100920295,0.1043257823,0.0409294463,0.6404650157,0.4767503815,,0.0685572256,0.16,0.041966564,0.1372301236,0.3803216171,10336.76651,0.3459393813,0.0090639115,-0.553831967,-0.219403741,0.0380808293,-0.038084538,-0.219403741,,-0.112314811,0.0344620787,,-0.416437211,5.0,1.7403786202,0.0,0.0224706891,0.0699924886,,0.2085449878999999,5.606455304400001,,7.0319618768,0.0,0.0,0.2325207292,0.0,0.3210442941,0.3253555458,-0.135596481,-0.313583755,0.1656713678,0.0048514634,-0.021477454,-0.015042314,0.0,0.0304066664,0.0061221118999999,0.0495882112,0.0151265224,0.0674957465,0.0671062564,6.0,0.0233139258999999,3.207929e-10,0.0401234552,0.015552895,0.2890614953,0.7587849601000001,5.024340799999999e-08,73.0,
1997-04-30,12230012.5,0.8640279995,0.746544384,-0.148248029,15.551259374,0.0235703762999999,0.0270954684,-0.01489736,-0.020301905,0.0907480575,0.5691838889,0.3216529797,0.4667705265999999,0.0537862551,-0.053786255,31.0,-0.199553216,0.2271036546,-0.491390695,0.499295555,12.061794496,0.0579739908,0.0445381709,0.0504114342,0.9962036035,-0.567007268,0.0,0.0946476173,1.0,1.7403786202,0.4305864614999999,0.0,0.0,0.0100920295,0.1043257823,0.0409294463,0.6404650157,0.4767503815,,0.0685572256,0.16,0.041966564,0.1372301236,0.3803216171,10336.76651,0.3459393813,0.0090639115,-0.553831967,-0.219403741,0.0380808293,-0.038084538,-0.219403741,,-0.112314811,0.0344620787,,-0.416437211,5.0,1.7403786202,0.0,0.0224706891,0.0699924886,,0.2085449878999999,5.606455304400001,,7.0319618768,0.0,0.0,0.2325207292,0.0,0.3210442941,0.3253555458,-0.135596481,0.1682897659,0.198343971,0.0030286211,-0.012685697,-0.008662239,0.0,0.0242923941999999,0.0060875984,0.0402877150999999,0.0129184264999999,0.0738710672,0.0711185313999999,6.0,0.0203487937,3.847806e-10,0.017699115,0.012336152,0.1657007347,0.370447477,4.9522607e-08,73.0,
1997-05-30,13215715.0,0.8524450588,0.7266625781999999,0.0170238692,15.502318687,0.0238073379,-0.15757779,0.0805970132,0.0114745048,0.0883187109,0.5417370753,0.4069541866,0.4272318472999999,0.0537862551,-0.053786255,31.0,-0.199553216,0.2271036546,-0.460959368,0.499295555,12.061794496,0.0579739908,0.0445381709,0.0504114342,0.9962036035,-0.567007268,0.0,0.0946476173,1.0,1.7403786202,0.4305864614999999,0.0,0.0,0.0100920295,0.1043257823,0.0409294463,0.6404650157,0.4767503815,,0.0685572256,0.16,0.041966564,0.1372301236,0.3803216171,10336.76651,0.3459393813,0.0090639115,-0.553831967,-0.219403741,0.0380808293,-0.038084538,-0.219403741,,-0.112314811,0.0344620787,,-0.416437211,5.0,1.7403786202,0.0,0.0224706891,0.0699924886,,0.2085449878999999,5.606455304400001,,7.0319618768,0.0,0.0,0.2325207292,0.0,0.3210442941,0.3253555458,-0.135596481,0.1682897659,0.198343971,0.0030286211,-0.012685697,-0.008662239,0.0,0.0242923941999999,0.0060875984,0.0402877150999999,0.0129184264999999,0.0738710672,0.0711185313999999,6.0,0.0261076793,7.352338e-10,0.0437317789,0.0201726178,0.3352169115,0.5914414781,5.1751431e-08,73.0,
1997-06-30,14347447.5,0.8386579798,0.7033472070000001,0.0292767115,15.440499375999998,0.0250363537,-0.2438519739999999,0.0856353566,0.0611305459999999,0.1913568661,0.468444859,0.3753248436,0.3991014188,0.0537862551,-0.053786255,31.0,-0.199553216,0.2271036546,-0.462243521,0.499295555,12.061794496,0.0579739908,0.0445381709,0.0504114342,0.9962036035,-0.567007268,0.0,0.0946476173,1.0,1.7403786202,0.4305864614999999,0.0,0.0,0.0100920295,0.1043257823,0.0409294463,0.6404650157,0.4767503815,,0.0685572256,0.16,0.041966564,0.1372301236,0.3803216171,10336.76651,0.3459393813,0.0090639115,-0.553831967,-0.219403741,0.0380808293,-0.038084538,-0.219403741,,-0.112314811,0.0344620787,,-0.416437211,5.0,1.7403786202,0.0,0.0224706891,0.0699924886,,0.2085449878999999,5.606455304400001,,7.0319618768,0.0,0.0,0.2325207292,0.0,0.3210442941,0.3253555458,-0.135596481,0.1682897659,0.198343971,0.0030286211,-0.012685697,-0.008662239,0.0,0.0242923941999999,0.0060875984,0.0402877150999999,0.0129184264999999,0.0738710672,0.0711185313999999,6.0,0.0216073685,4.656851e-10,0.0401069522,0.0152016227,0.3571837593,0.6379385289,5.5632002e-08,73.0,
1997-07-31,13763104.0,0.8987599562,0.8077694588,-0.01365104,15.496878265,0.0252695339,-0.106515159,-0.040916029,0.1489191895,0.2816894603,0.4846193293999999,0.4163090987,0.3775498124,0.0537862551,-0.053786255,31.0,-0.199553216,0.1950523448999999,-0.604250838,0.499295555,12.061794496,0.0579739908,0.0445381709,0.0504114342,0.9962036035,-0.567007268,0.0,0.0946476173,1.0,1.7403786202,0.4305864614999999,0.0,0.0,0.0100920295,0.1043257823,0.0409294463,0.6404650157,0.4767503815,,0.0685572256,0.16,0.041966564,0.1372301236,0.3803216171,10336.76651,0.3459393813,0.0090639115,-0.553831967,-0.219403741,0.0380808293,-0.038084538,-0.219403741,,-0.112314811,0.0344620787,,-0.416437211,5.0,1.7403786202,0.0,0.0224706891,0.0699924886,,0.2085449878999999,5.606455304400001,,7.0319618768,0.0,0.0,0.2325207292,0.0,0.3210442941,0.3253555458,-0.135596481,0.2485024505,0.2024805343,0.0030663803,0.0311674024,0.0062103588,1.0,0.0321283725,0.0060792579,0.0538199146,0.0140433622,0.0759481088,0.0738135736,6.0,0.0215631537,4.939162e-10,0.029023746,0.0143884431,0.3356114872,0.5527747836,5.528709200000001e-08,73.0,
1997-08-29,14495184.0,0.8686710181999999,0.7545893378,0.1532308992,15.459064832,0.0254342373,0.0488766079,0.0531914905,0.1418583766,0.1982257888,0.5711136724,0.466377925,0.4195408972,0.0537862551,-0.053786255,31.0,-0.199553216,0.1950523448999999,-0.6101718829999999,0.499295555,12.061794496,0.0579739908,0.0445381709,0.0504114342,0.9962036035,-0.567007268,0.0,0.0946476173,1.0,1.7403786202,0.4305864614999999,0.0,0.0,0.0100920295,0.1043257823,0.0409294463,0.6404650157,0.4767503815,,0.0685572256,0.16,0.041966564,0.1372301236,0.3803216171,10336.76651,0.3459393813,0.0090639115,-0.553831967,-0.219403741,0.0380808293,-0.038084538,-0.219403741,,-0.112314811,0.0344620787,,-0.416437211,5.0,1.7403786202,0.0,0.0224706891,0.0699924886,,0.2085449878999999,5.606455304400001,,7.0319618768,0.0,0.0,0.2325207292,0.0,0.3210442941,0.3253555458,-0.135596481,0.2485024505,0.2024805343,0.0030663803,0.0311674024,0.0062103588,1.0,0.0321283725,0.0060792579,0.0538199146,0.0140433622,0.0759481088,0.0738135736,6.0,0.0212775339,3.717866e-10,0.0268542208,0.0150707198,0.3062905538,0.7663835106999999,3.9052050000000014e-08,73.0,
1997-09-30,13342158.0,0.8740965698000001,0.7640448133,0.0422490213,15.814465887,0.0252675820999999,0.0457854867,-0.079545453,0.1673287946,0.2049448857,0.5656538436,0.4567971626,0.4760261282,0.0537862551,-0.053786255,31.0,-0.199553216,0.1950523448999999,-0.618880242,0.499295555,12.061794496,0.0579739908,0.0445381709,0.0504114342,0.9962036035,-0.567007268,0.0,0.0946476173,1.0,1.7403786202,0.4305864614999999,0.0,0.0,0.0100920295,0.1043257823,0.0409294463,0.6404650157,0.4767503815,,0.0685572256,0.16,0.041966564,0.1372301236,0.3803216171,10336.76651,0.3459393813,0.0090639115,-0.553831967,-0.219403741,0.0380808293,-0.038084538,-0.219403741,,-0.112314811,0.0344620787,,-0.416437211,5.0,1.7403786202,0.0,0.0224706891,0.0699924886,,0.2085449878999999,5.606455304400001,,7.0319618768,0.0,0.0,0.2325207292,0.0,0.3210442941,0.3253555458,-0.135596481,0.2485024505,0.2024805343,0.0030663803,0.0311674024,0.0062103588,1.0,0.0321283725,0.0060792579,0.0538199146,0.0140433622,0.0759481088,0.0738135736,6.0,0.0262859526,3.051448e-10,0.0193905812,0.0116081682,0.3638584997999999,1.0549283803,3.8536205e-08,73.0,
1997-10-31,14617650.0,0.8431976867000001,0.7109823389,0.2346012214999999,15.791395425,0.0253993239999999,0.0352325543,0.0999176949,0.0907219751,0.0526592457,0.5830559894,0.4571293436,0.5149573746,0.0537862551,-0.053786255,31.0,-0.199553216,0.1950523448999999,-1.095467746,0.499295555,12.061794496,0.0579739908,0.0445381709,0.0504114342,0.9962036035,-0.567007268,0.0,0.0946476173,1.0,1.7403786202,0.4305864614999999,0.0,0.0,0.0100920295,0.1043257823,0.0409294463,0.6404650157,0.4767503815,,0.0685572256,0.16,0.041966564,0.1372301236,0.3803216171,10336.76651,0.3459393813,0.0090639115,-0.553831967,-0.219403741,0.0380808293,-0.038084538,-0.219403741,,-0.112314811,0.0344620787,,-0.416437211,5.0,1.7403786202,0.0,0.0224706891,0.0699924886,,0.2085449878999999,5.606455304400001,,7.0319618768,0.0,0.0,0.2325207292,0.0,0.3210442941,0.3253555458,-0.135596481,-0.159690355,0.2296834819,0.0039756715999999,-0.021625937,0.0239970544,2.0,0.0399947718,0.0060347047999999,0.0652769571,0.0076999985,0.0780545279,0.0768959042,6.0,0.0266458183,4.439913e-10,0.0423841067,0.0192020343999999,0.3063180473,0.782401857,4.2298687000000016e-08,73.0,
1997-11-28,14946547.125,0.8311470128,0.6908053569,0.0422073925,15.791118196,0.025877307,0.1902693684,0.0225000008999999,0.1102236874,0.2134704146,0.4554949878,0.4401931309,0.5461904371,0.0537862551,-0.053786255,31.0,-0.199553216,0.1950523448999999,-1.1023725009999998,0.499295555,12.061794496,0.0579739908,0.0445381709,0.0504114342,0.9962036035,-0.567007268,0.0,0.0946476173,1.0,1.7403786202,0.4305864614999999,0.0,0.0,0.0100920295,0.1043257823,0.0409294463,0.6404650157,0.4767503815,,0.0685572256,0.16,0.041966564,0.1372301236,0.3803216171,10336.76651,0.3459393813,0.0090639115,-0.553831967,-0.219403741,0.0380808293,-0.038084538,-0.219403741,,-0.112314811,0.0344620787,,-0.416437211,5.0,1.7403786202,0.0,0.0224706891,0.0699924886,,0.2085449878999999,5.606455304400001,,7.0319618768,0.0,0.0,0.2325207292,0.0,0.3210442941,0.3253555458,-0.135596481,-0.159690355,0.2296834819,0.0039756715999999,-0.021625937,0.0239970544,2.0,0.0399947718,0.0060347047999999,0.0652769571,0.0076999985,0.0780545279,0.0768959042,6.0,0.0280655100999999,4.769059e-10,0.0446428582,0.0223046389999999,0.4218800300999999,1.4122150236000002,3.1464829e-08,73.0,
1997-12-31,16452675.0,0.7610464208,0.5791916546,-0.001520944,16.016702961,0.0258355945,0.1687736527,0.1002444997,0.0456583921,0.2045993446,0.5662820047,0.3967029314999999,0.5269750968,0.0537862551,-0.053786255,31.0,-0.199553216,0.1950523448999999,-1.105837121,0.499295555,12.061794496,0.0579739908,0.0445381709,0.0504114342,0.9962036035,-0.567007268,0.0,0.0946476173,1.0,1.7403786202,0.4305864614999999,0.0,0.0,0.0100920295,0.1043257823,0.0409294463,0.6404650157,0.4767503815,,0.0685572256,0.16,0.041966564,0.1372301236,0.3803216171,10336.76651,0.3459393813,0.0090639115,-0.553831967,-0.219403741,0.0380808293,-0.038084538,-0.219403741,,-0.112314811,0.0344620787,,-0.416437211,5.0,1.7403786202,0.0,0.0224706891,0.0699924886,,0.2085449878999999,5.606455304400001,,7.0319618768,0.0,0.0,0.2325207292,0.0,0.3210442941,0.3253555458,-0.135596481,-0.159690355,0.2296834819,0.0039756715999999,-0.021625937,0.0239970544,2.0,0.0399947718,0.0060347047999999,0.0652769571,0.0076999985,0.0780545279,0.0768959042,6.0,0.0238339542,4.276882e-10,0.0340909100999999,0.0198138974,0.4358148993999999,0.9223420224,4.7592142e-08,73.0,
1998-01-30,17951696.5,0.6697085475,0.4485095386,0.2097701842,15.889500548,0.0263862271,0.1534970622,0.0934666693,0.1995611746999999,0.3218084278999999,0.4961763642,0.5610200765,0.5052229349,0.049998194,-0.049998194,32.0,-0.141381057,0.2219691517,-1.07041221,0.4539529732,9.5444547325,0.0522423763,0.0855379775,-0.016356523,0.0181766978,-0.773033788,0.0,-12.24014235,1.0,1.7701456653,0.4302246098,0.0,0.0,0.0094314818,0.1491003936,0.0373077317,0.6222425932,0.4893116281,,0.0584533419,0.0344827585999999,0.0310550967,0.1251249009999999,0.1296575555,12776.416379,0.3534644608,0.0086957572,-0.820445227,0.0171037754,-0.000840369,0.012451826,0.0171037754,,-0.039990251,-0.020160186,,-0.40030964,7.0,1.7701456653,0.0,0.0215450516,0.0721134696,,0.2326167941,4.0122058426,,6.796237778200001,0.0,0.0,0.1529718665,0.0,0.2987659823,0.3959576713,-0.220631482,-0.159690355,0.2296834819,0.0039756715999999,-0.021625937,0.0239970544,2.0,0.0399947718,0.0060347047999999,0.0652769571,0.0076999985,0.0780545279,0.0768959042,5.0,0.024187906,3.790349e-10,0.0503144637,0.0179341643,0.3421438786,0.490204776,4.648336e-08,73.0,
1998-02-27,17494677.75,0.6403720792,0.4100763999,0.0111316025,15.854135037,0.0265585302999999,0.0646331043,-0.025458248,0.2454336882,0.4977529809,0.4255556464,0.5859921485,0.4292181840999999,0.049998194,-0.049998194,32.0,-0.141381057,0.2219691517,-1.113600959,0.4539529732,9.5444547325,0.0522423763,0.0855379775,-0.016356523,0.0181766978,-0.773033788,0.0,-12.24014235,1.0,1.7701456653,0.4302246098,0.0,0.0,0.0094314818,0.1491003936,0.0373077317,0.6222425932,0.4893116281,,0.0584533419,0.0344827585999999,0.0310550967,0.1251249009999999,0.1296575555,12776.416379,0.3534644608,0.0086957572,-0.820445227,0.0171037754,-0.000840369,0.012451826,0.0171037754,,-0.039990251,-0.020160186,,-0.40030964,7.0,1.7701456653,0.0,0.0215450516,0.0721134696,,0.2326167941,4.0122058426,,6.796237778200001,0.0,0.0,0.1529718665,0.0,0.2987659823,0.3959576713,-0.220631482,0.3411379,0.2338517723,-0.001880265,0.0057740805,-0.010496983,0.0,0.0298156222,0.006085381,0.0494262247,0.0081140502,0.0818531802,0.0798526163999999,5.0,0.019874775,2.311237e-10,0.0294117648,0.0124074154,0.2703394076,0.5319598127,5.4069519e-08,73.0,
1998-03-31,18253291.0,0.6433493588,0.4138983975,0.2717013355,15.772481083,0.0265483168,0.1413412262,0.020898642,0.3186171249,0.4168186255,0.4120236872999999,0.5614382674,0.3798305946999999,0.049998194,-0.049998194,32.0,-0.141381057,0.2219691517,-1.122575737,0.4539529732,9.5444547325,0.0522423763,0.0855379775,-0.016356523,0.0181766978,-0.773033788,0.0,-12.24014235,1.0,1.7701456653,0.4302246098,0.0,0.0,0.0094314818,0.1491003936,0.0373077317,0.6222425932,0.4893116281,,0.0584533419,0.0344827585999999,0.0310550967,0.1251249009999999,0.1296575555,12776.416379,0.3534644608,0.0086957572,-0.820445227,0.0171037754,-0.000840369,0.012451826,0.0171037754,,-0.039990251,-0.020160186,,-0.40030964,7.0,1.7701456653,0.0,0.0215450516,0.0721134696,,0.2326167941,4.0122058426,,6.796237778200001,0.0,0.0,0.1529718665,0.0,0.2987659823,0.3959576713,-0.220631482,0.3411379,0.2338517723,-0.001880265,0.0057740805,-0.010496983,0.0,0.0298156222,0.006085381,0.0494262247,0.0081140502,0.0818531802,0.0798526163999999,5.0,0.0180061181,3.152061e-10,0.0282131656999999,0.0121177819999999,0.252519394,0.5001857811,6.9388508e-08,73.0,
1998-04-30,20345787.0,0.6411584220000001,0.4110841221,0.1671400757,15.596002021,0.0262133683,0.3747406232,0.1168065517999999,0.2238865129,0.4683020355,0.3573974927,0.5595087469,0.3823016468,0.049998194,-0.049998194,32.0,-0.141381057,0.2219691517,-1.130664067,0.4539529732,9.5444547325,0.0522423763,0.0855379775,-0.016356523,0.0181766978,-0.773033788,0.0,-12.24014235,1.0,1.7701456653,0.4302246098,0.0,0.0,0.0094314818,0.1491003936,0.0373077317,0.6222425932,0.4893116281,,0.0584533419,0.0344827585999999,0.0310550967,0.1251249009999999,0.1296575555,12776.416379,0.3534644608,0.0086957572,-0.820445227,0.0171037754,-0.000840369,0.012451826,0.0171037754,,-0.039990251,-0.020160186,,-0.40030964,7.0,1.7701456653,0.0,0.0215450516,0.0721134696,,0.2326167941,4.0122058426,,6.796237778200001,0.0,0.0,0.1529718665,0.0,0.2987659823,0.3959576713,-0.220631482,0.7968867009,0.2295575966,0.0023193472,-0.008990284,0.0152135626,0.0,0.0240509887,0.0060790995,0.0396194041,0.0087365125,0.0814577629,0.079397698,5.0,0.0228025149,3.832872e-10,0.0562685095,0.0192886216,0.2442841362999999,0.4747054888,4.667952599999999e-08,73.0,
1998-05-29,20009493.0,0.6509347871,0.4237160971,0.1794681666,15.975113029,0.0267995179,0.5428810382,-0.016528925,0.3367672128,0.5175031146,0.4382627167,0.5222326124000001,0.382235141,0.049998194,-0.049998194,32.0,-0.141381057,0.2219691517,-1.140954675,0.4539529732,9.5444547325,0.0522423763,0.0855379775,-0.016356523,0.0181766978,-0.773033788,0.0,-12.24014235,1.0,1.7701456653,0.4302246098,0.0,0.0,0.0094314818,0.1491003936,0.0373077317,0.6222425932,0.4893116281,,0.0584533419,0.0344827585999999,0.0310550967,0.1251249009999999,0.1296575555,12776.416379,0.3534644608,0.0086957572,-0.820445227,0.0171037754,-0.000840369,0.012451826,0.0171037754,,-0.039990251,-0.020160186,,-0.40030964,7.0,1.7701456653,0.0,0.0215450516,0.0721134696,,0.2326167941,4.0122058426,,6.796237778200001,0.0,0.0,0.1529718665,0.0,0.2987659823,0.3959576713,-0.220631482,0.7968867009,0.2295575966,0.0023193472,-0.008990284,0.0152135626,0.0,0.0240509887,0.0060790995,0.0396194041,0.0087365125,0.0814577629,0.079397698,5.0,0.0210376269,3.324489e-10,0.0268456377,0.0152195769,0.234155731,0.471280969,5.1605223e-08,73.0,
1998-06-30,19152715.625,0.6554119504,0.4295648247,-0.014720136,15.904648755,0.0267862649,0.4422389676,-0.049486462,0.1948906704,0.3746976925,0.6115952463000001,0.5341144969,0.3739744761,0.049998194,-0.049998194,32.0,-0.141381057,0.2219691517,-1.149970403,0.4539529732,9.5444547325,0.0522423763,0.0855379775,-0.016356523,0.0181766978,-0.773033788,0.0,-12.24014235,1.0,1.7701456653,0.4302246098,0.0,0.0,0.0094314818,0.1491003936,0.0373077317,0.6222425932,0.4893116281,,0.0584533419,0.0344827585999999,0.0310550967,0.1251249009999999,0.1296575555,12776.416379,0.3534644608,0.0086957572,-0.820445227,0.0171037754,-0.000840369,0.012451826,0.0171037754,,-0.039990251,-0.020160186,,-0.40030964,7.0,1.7701456653,0.0,0.0215450516,0.0721134696,,0.2326167941,4.0122058426,,6.796237778200001,0.0,0.0,0.1529718665,0.0,0.2987659823,0.3959576713,-0.220631482,0.7968867009,0.2295575966,0.0023193472,-0.008990284,0.0152135626,0.0,0.0240509887,0.0060790995,0.0396194041,0.0087365125,0.0814577629,0.079397698,5.0,0.0229992279,4.486719e-10,0.0328185335,0.014465779,0.3126070177,0.4645337228,7.2926427e-08,73.0,
1998-07-31,21937196.875,0.6658423372,0.4433460179999999,-0.119832886,15.557221375,0.0267235529999999,0.2629882732,0.1474656165,0.0386779867,0.3624133103,0.5260433652000001,0.5003676978,0.3568950529999999,0.049998194,-0.049998194,32.0,-0.141381057,0.1539306327,-1.193212025,0.4539529732,9.5444547325,0.0522423763,0.0855379775,-0.016356523,0.0181766978,-0.773033788,0.0,-12.24014235,1.0,1.7701456653,0.4302246098,0.0,0.0,0.0094314818,0.1491003936,0.0373077317,0.6222425932,0.4893116281,,0.0584533419,0.0344827585999999,0.0310550967,0.1251249009999999,0.1296575555,12776.416379,0.3534644608,0.0086957572,-0.820445227,0.0171037754,-0.000840369,0.012451826,0.0171037754,,-0.039990251,-0.020160186,,-0.40030964,7.0,1.7701456653,0.0,0.0215450516,0.0721134696,,0.2326167941,4.0122058426,,6.796237778200001,0.0,0.0,0.1529718665,0.0,0.2987659823,0.3959576713,-0.220631482,0.1357589519,0.2185865815,0.0037589217,-0.003259962,-0.008261836,1.0,0.0324048089,0.0060797457999999,0.0544705858,0.0116818245,0.0819202212,0.0811556144,5.0,0.0232782783999999,3.791256e-10,0.0363984667,0.0167772195,0.316905176,0.5083828757,5.3484857e-08,73.0,
1998-08-31,20375629.688,0.6049373183,0.3659491589999999,-0.077801063,15.914329928,0.0269418495,0.2404709326,-0.071183532,0.2229822625,0.4843667492,0.5789640451,0.5941834626,0.3277180744,0.049998194,-0.049998194,32.0,-0.141381057,0.1539306327,-1.191252741,0.4539529732,9.5444547325,0.0522423763,0.0855379775,-0.016356523,0.0181766978,-0.773033788,0.0,-12.24014235,1.0,1.7701456653,0.4302246098,0.0,0.0,0.0094314818,0.1491003936,0.0373077317,0.6222425932,0.4893116281,,0.0584533419,0.0344827585999999,0.0310550967,0.1251249009999999,0.1296575555,12776.416379,0.3534644608,0.0086957572,-0.820445227,0.0171037754,-0.000840369,0.012451826,0.0171037754,,-0.039990251,-0.020160186,,-0.40030964,7.0,1.7701456653,0.0,0.0215450516,0.0721134696,,0.2326167941,4.0122058426,,6.796237778200001,0.0,0.0,0.1529718665,0.0,0.2987659823,0.3959576713,-0.220631482,0.1357589519,0.2185865815,0.0037589217,-0.003259962,-0.008261836,1.0,0.0324048089,0.0060797457999999,0.0544705858,0.0116818245,0.0819202212,0.0811556144,5.0,0.0197750396,3.580153e-10,0.0187074821,0.0131841696,0.3143161298,0.4697481193,6.3461175e-08,73.0,
1998-09-30,19190343.75,0.6739267531,0.4541772686,-0.29822783,15.669456076,0.0267598048,0.1089085031,-0.058171745,0.1126727161,0.4978515618,0.4310051786,0.5556664914,0.3685519947,0.049998194,-0.049998194,32.0,-0.141381057,0.1539306327,-1.200463368,0.4539529732,9.5444547325,0.0522423763,0.0855379775,-0.016356523,0.0181766978,-0.773033788,0.0,-12.24014235,1.0,1.7701456653,0.4302246098,0.0,0.0,0.0094314818,0.1491003936,0.0373077317,0.6222425932,0.4893116281,,0.0584533419,0.0344827585999999,0.0310550967,0.1251249009999999,0.1296575555,12776.416379,0.3534644608,0.0086957572,-0.820445227,0.0171037754,-0.000840369,0.012451826,0.0171037754,,-0.039990251,-0.020160186,,-0.40030964,7.0,1.7701456653,0.0,0.0215450516,0.0721134696,,0.2326167941,4.0122058426,,6.796237778200001,0.0,0.0,0.1529718665,0.0,0.2987659823,0.3959576713,-0.220631482,0.1357589519,0.2185865815,0.0037589217,-0.003259962,-0.008261836,1.0,0.0324048089,0.0060797457999999,0.0544705858,0.0116818245,0.0819202212,0.0811556144,5.0,0.0323134338,3.643003e-10,0.0365510769,0.0211703802,0.2587004746,0.5056163176,4.862231e-08,73.0,
1998-10-30,22664274.75,0.5822990698,0.3390722067,-0.264642088,15.92238957,0.0268155539,-0.233316356,0.1746274531,-0.061657903,0.2825677127,0.4979387189,0.5939508612,0.4454338871,0.049998194,-0.049998194,32.0,-0.141381057,0.1539306327,-1.134398058,0.4539529732,9.5444547325,0.0522423763,0.0855379775,-0.016356523,0.0181766978,-0.773033788,0.0,-12.24014235,1.0,1.7701456653,0.4302246098,0.0,0.0,0.0094314818,0.1491003936,0.0373077317,0.6222425932,0.4893116281,,0.0584533419,0.0344827585999999,0.0310550967,0.1251249009999999,0.1296575555,12776.416379,0.3534644608,0.0086957572,-0.820445227,0.0171037754,-0.000840369,0.012451826,0.0171037754,,-0.039990251,-0.020160186,,-0.40030964,7.0,1.7701456653,0.0,0.0215450516,0.0721134696,,0.2326167941,4.0122058426,,6.796237778200001,0.0,0.0,0.1529718665,0.0,0.2987659823,0.3959576713,-0.220631482,-0.016889347,0.2232343889,0.0041477123,0.000777212,-0.000726531,2.0,0.0408973376,0.0060027823,0.0633033542,0.0104921025,0.0815344056,0.0799082675,5.0,0.0277798241,3.090992e-10,0.0543478243,0.0258628396,0.313927795,1.0273738372,3.4498724e-08,73.0,
1998-11-30,23592827.813,0.5746603194,0.3302344827,-0.148029025,16.425125155,0.0258049048,-0.1349468909999999,0.0409699008,0.120726797,0.4733880141,0.4593445399,0.6853908000000001,0.5655165033,0.049998194,-0.049998194,32.0,-0.141381057,0.1539306327,-0.945833549,0.4539529732,9.5444547325,0.0522423763,0.0855379775,-0.016356523,0.0181766978,-0.773033788,0.0,-12.24014235,1.0,1.7701456653,0.4302246098,0.0,0.0,0.0094314818,0.1491003936,0.0373077317,0.6222425932,0.4893116281,,0.0584533419,0.0344827585999999,0.0310550967,0.1251249009999999,0.1296575555,12776.416379,0.3534644608,0.0086957572,-0.820445227,0.0171037754,-0.000840369,0.012451826,0.0171037754,,-0.039990251,-0.020160186,,-0.40030964,7.0,1.7701456653,0.0,0.0215450516,0.0721134696,,0.2326167941,4.0122058426,,6.796237778200001,0.0,0.0,0.1529718665,0.0,0.2987659823,0.3959576713,-0.220631482,-0.016889347,0.2232343889,0.0041477123,0.000777212,-0.000726531,2.0,0.0408973376,0.0060027823,0.0633033542,0.0104921025,0.0815344056,0.0799082675,5.0,0.0347767714,3.09393e-10,0.04564666,0.0293778814,0.3670980064999999,1.1508564225,2.9894767000000006e-08,73.0,
1998-12-31,23261854.0,0.5101364246,0.2602391717,0.0788058457,16.568804105,0.02762602,-0.099625324,-0.010441767,0.2273816375,0.3940106724,0.4440623908,0.6464148512,0.600077678,0.049998194,-0.049998194,32.0,-0.141381057,0.1539306327,-0.948124979,0.4539529732,9.5444547325,0.0522423763,0.0855379775,-0.016356523,0.0181766978,-0.773033788,0.0,-12.24014235,1.0,1.7701456653,0.4302246098,0.0,0.0,0.0094314818,0.1491003936,0.0373077317,0.6222425932,0.4893116281,,0.0584533419,0.0344827585999999,0.0310550967,0.1251249009999999,0.1296575555,12776.416379,0.3534644608,0.0086957572,-0.820445227,0.0171037754,-0.000840369,0.012451826,0.0171037754,,-0.039990251,-0.020160186,,-0.40030964,7.0,1.7701456653,0.0,0.0215450516,0.0721134696,,0.2326167941,4.0122058426,,6.796237778200001,0.0,0.0,0.1529718665,0.0,0.2987659823,0.3959576713,-0.220631482,-0.016889347,0.2232343889,0.0041477123,0.000777212,-0.000726531,2.0,0.0408973376,0.0060027823,0.0633033542,0.0104921025,0.0815344056,0.0799082675,5.0,0.0194633427,1.37154e-10,0.0329317264,0.0122577886,0.4187489882999999,1.0249699522,4.136566e-08,73.0,
1999-01-29,24224804.125,0.4987334664,0.2487350705,-0.087457443,16.328632713,0.0274116268,0.0899400497,0.0433766246,0.0584766871999999,0.2615425567,0.6861411708,0.6707268922,0.2829932716,0.0516379412,-0.051637941,33.0,-0.180840573,0.1979672505999999,-0.846199578,0.4869028799,18.984773055,0.0387028514,0.0321960917,-0.003854037,0.0316101472,-0.213370043,0.0,-0.279980533,1.0,1.4981511677,0.4190976797,0.0,0.0,0.006944412,0.2803487229,0.0274936725,0.624015121,0.2144075829,,0.0489613447,0.1333333333,0.0374317897,0.0803463858,0.0271146268,20549.632718,0.3176320428,0.0083895777,30.788516194,-0.153656562,-0.025863072,-0.022158441,-0.153656562,,-0.0362739289999999,0.0243556318,,-0.407700314,4.0,1.4981511677,0.0,0.0170428065999999,0.0782011733,,0.2122963999,5.3479595977,,6.5913225888,0.0,0.0,0.1667908504,0.0,0.2179354335,0.3342602189,-0.109658619,-0.016889347,0.2232343889,0.0041477123,0.000777212,-0.000726531,2.0,0.0408973376,0.0060027823,0.0633033542,0.0104921025,0.0815344056,0.0799082675,5.0,0.0234823697,2.350709e-10,0.0307564419,0.0166814304,0.3763367518,0.7271145227,3.9796703e-08,73.0,
1999-02-26,25716432.75,0.5187542656,0.2691059880999999,0.1263168603,16.309137822,0.0270461088,0.1480678197,0.0615744367,0.1890291264999999,0.3506491767,0.529889799,0.6396840603,0.3627959493,0.0516379412,-0.051637941,33.0,-0.180840573,0.1979672505999999,-0.858645392,0.4869028799,18.984773055,0.0387028514,0.0321960917,-0.003854037,0.0316101472,-0.213370043,0.0,-0.279980533,1.0,1.4981511677,0.4190976797,0.0,0.0,0.006944412,0.2803487229,0.0274936725,0.624015121,0.2144075829,,0.0489613447,0.1333333333,0.0374317897,0.0803463858,0.0271146268,20549.632718,0.3176320428,0.0083895777,30.788516194,-0.153656562,-0.025863072,-0.022158441,-0.153656562,,-0.0362739289999999,0.0243556318,,-0.407700314,4.0,1.4981511677,0.0,0.0170428065999999,0.0782011733,,0.2122963999,5.3479595977,,6.5913225888,0.0,0.0,0.1667908504,0.0,0.2179354335,0.3342602189,-0.109658619,0.6905620203,0.173355451,0.0067235987,0.0279649589,0.0246126223,0.0,0.0331101712,0.0059900136999999,0.0505357751999999,0.0116603059,0.0804271,0.0784335139,5.0,0.0369535009,2.818296e-10,0.0574534163,0.0297264701,0.3865542949,1.5531747678,3.9568137e-08,73.0,
1999-03-31,24209459.25,0.510503065,0.2606133794,0.2036985841,16.521254314,0.0287401276,0.2158076251,-0.066079296,0.3402049886,0.404463264,0.6072068103,0.6397750167,0.3940957471,0.0516379412,-0.051637941,33.0,-0.180840573,0.1979672505999999,-0.8665103279999999,0.4869028799,18.984773055,0.0387028514,0.0321960917,-0.003854037,0.0316101472,-0.213370043,0.0,-0.279980533,1.0,1.4981511677,0.4190976797,0.0,0.0,0.006944412,0.2803487229,0.0274936725,0.624015121,0.2144075829,,0.0489613447,0.1333333333,0.0374317897,0.0803463858,0.0271146268,20549.632718,0.3176320428,0.0083895777,30.788516194,-0.153656562,-0.025863072,-0.022158441,-0.153656562,,-0.0362739289999999,0.0243556318,,-0.407700314,4.0,1.4981511677,0.0,0.0170428065999999,0.0782011733,,0.2122963999,5.3479595977,,6.5913225888,0.0,0.0,0.1667908504,0.0,0.2179354335,0.3342602189,-0.109658619,0.6905620203,0.173355451,0.0067235987,0.0279649589,0.0246126223,0.0,0.0331101712,0.0059900136999999,0.0505357751999999,0.0116603059,0.0804271,0.0784335139,5.0,0.0254315529,2.797521e-10,0.0386996903,0.015859471,0.266299221,0.5229792249,6.1439023e-08,73.0,
1999-04-30,25516293.5,0.5063038604,0.2563435991,0.0089703699,16.013352860999998,0.0286807759,0.0225597597,0.0427987426999999,0.0655677959,0.1744713692,0.7619731453,0.6312249904,0.4951273536,0.0516379412,-0.051637941,33.0,-0.180840573,0.1979672505999999,-0.7078337229999999,0.4869028799,18.984773055,0.0387028514,0.0321960917,-0.003854037,0.0316101472,-0.213370043,0.0,-0.279980533,1.0,1.4981511677,0.4190976797,0.0,0.0,0.006944412,0.2803487229,0.0274936725,0.624015121,0.2144075829,,0.0489613447,0.1333333333,0.0374317897,0.0803463858,0.0271146268,20549.632718,0.3176320428,0.0083895777,30.788516194,-0.153656562,-0.025863072,-0.022158441,-0.153656562,,-0.0362739289999999,0.0243556318,,-0.407700314,4.0,1.4981511677,0.0,0.0170428065999999,0.0782011733,,0.2122963999,5.3479595977,,6.5913225888,0.0,0.0,0.1667908504,0.0,0.2179354335,0.3342602189,-0.109658619,0.0299563351,0.1976846069,0.0027162183,-0.016574808,0.029796931,0.0,0.0242348593,0.0060892347,0.0368195521,0.0091500691,0.080761706,0.0779624580999999,5.0,0.0269243516,2.181911e-10,0.0419354849,0.0170987464,0.2519815883,0.6583054906,3.4308516000000004e-08,73.0,
1999-05-28,27443506.0,0.5048100226,0.2548331589,-0.018580661,16.453125875,0.0289165473,-0.026888846,0.0755287036,0.0674398529,0.2453210857999999,0.7551370787,0.6187816629,0.4770417371,0.0516379412,-0.051637941,33.0,-0.180840573,0.1979672505999999,-0.712722113,0.4869028799,18.984773055,0.0387028514,0.0321960917,-0.003854037,0.0316101472,-0.213370043,0.0,-0.279980533,1.0,1.4981511677,0.4190976797,0.0,0.0,0.006944412,0.2803487229,0.0274936725,0.624015121,0.2144075829,,0.0489613447,0.1333333333,0.0374317897,0.0803463858,0.0271146268,20549.632718,0.3176320428,0.0083895777,30.788516194,-0.153656562,-0.025863072,-0.022158441,-0.153656562,,-0.0362739289999999,0.0243556318,,-0.407700314,4.0,1.4981511677,0.0,0.0170428065999999,0.0782011733,,0.2122963999,5.3479595977,,6.5913225888,0.0,0.0,0.1667908504,0.0,0.2179354335,0.3342602189,-0.109658619,0.0299563351,0.1976846069,0.0027162183,-0.016574808,0.029796931,0.0,0.0242348593,0.0060892347,0.0368195521,0.0091500691,0.080761706,0.0779624580999999,5.0,0.0313707249,2.69536e-10,0.045886077,0.0222401412,0.3143610803,0.7587645664,4.0016829e-08,73.0,
1999-06-30,25484600.875,0.5063341324,0.2563742536,-0.14075056,16.474894292000002,0.030095827,0.1478597068,-0.074438199,0.1601764939,0.4091104645,0.6900181214,0.5901510533,0.4764690735,0.0516379412,-0.051637941,33.0,-0.180840573,0.1979672505999999,-0.887777096,0.4869028799,18.984773055,0.0387028514,0.0321960917,-0.003854037,0.0316101472,-0.213370043,0.0,-0.279980533,1.0,1.4981511677,0.4190976797,0.0,0.0,0.006944412,0.2803487229,0.0274936725,0.624015121,0.2144075829,,0.0489613447,0.1333333333,0.0374317897,0.0803463858,0.0271146268,20549.632718,0.3176320428,0.0083895777,30.788516194,-0.153656562,-0.025863072,-0.022158441,-0.153656562,,-0.0362739289999999,0.0243556318,,-0.407700314,4.0,1.4981511677,0.0,0.0170428065999999,0.0782011733,,0.2122963999,5.3479595977,,6.5913225888,0.0,0.0,0.1667908504,0.0,0.2179354335,0.3342602189,-0.109658619,0.0299563351,0.1976846069,0.0027162183,-0.016574808,0.029796931,0.0,0.0242348593,0.0060892347,0.0368195521,0.0091500691,0.080761706,0.0779624580999999,5.0,0.024388918,1.965867e-10,0.015625,0.0135658524,0.2817407202,0.5835356242999999,5.9835149e-08,73.0,
1999-07-30,27224824.0,0.5287859199,0.2796145491,-0.003034176,16.044174772999998,0.030523302,0.1382942318,0.0701365694,0.0291729941,0.1366081911999999,0.9217106827,0.5681272615,0.4138844264999999,0.0516379412,-0.051637941,33.0,-0.180840573,0.146702858,-1.141563454,0.4869028799,18.984773055,0.0387028514,0.0321960917,-0.003854037,0.0316101472,-0.213370043,0.0,-0.279980533,1.0,1.4981511677,0.4190976797,0.0,0.0,0.006944412,0.2803487229,0.0274936725,0.624015121,0.2144075829,,0.0489613447,0.1333333333,0.0374317897,0.0803463858,0.0271146268,20549.632718,0.3176320428,0.0083895777,30.788516194,-0.153656562,-0.025863072,-0.022158441,-0.153656562,,-0.0362739289999999,0.0243556318,,-0.407700314,4.0,1.4981511677,0.0,0.0170428065999999,0.0782011733,,0.2122963999,5.3479595977,,6.5913225888,0.0,0.0,0.1667908504,0.0,0.2179354335,0.3342602189,-0.109658619,3.9941704647,0.1690810863,0.0067804047,-0.028034056,-0.0248271189999999,1.0,0.0285108908,0.0061525467,0.0434304949,0.0041073993,0.0824742376,0.0811870212,5.0,0.0300337156999999,3.920165e-10,0.0476900153,0.0206383542999999,0.3048585376,0.5546952851,5.5498911e-08,73.0,
1999-08-31,24788511.625,0.5372527672999999,0.288640536,-0.3176112439999999,16.093310624,0.0315113466,0.2872409997,-0.089488633,0.0374737929,0.3095439552,0.7398713144,0.5379721735,0.344663777,0.0516379412,-0.051637941,33.0,-0.180840573,0.146702858,-1.16360094,0.4869028799,18.984773055,0.0387028514,0.0321960917,-0.003854037,0.0316101472,-0.213370043,0.0,-0.279980533,1.0,1.4981511677,0.4190976797,0.0,0.0,0.006944412,0.2803487229,0.0274936725,0.624015121,0.2144075829,,0.0489613447,0.1333333333,0.0374317897,0.0803463858,0.0271146268,20549.632718,0.3176320428,0.0083895777,30.788516194,-0.153656562,-0.025863072,-0.022158441,-0.153656562,,-0.0362739289999999,0.0243556318,,-0.407700314,4.0,1.4981511677,0.0,0.0170428065999999,0.0782011733,,0.2122963999,5.3479595977,,6.5913225888,0.0,0.0,0.1667908504,0.0,0.2179354335,0.3342602189,-0.109658619,3.9941704647,0.1690810863,0.0067804047,-0.028034056,-0.0248271189999999,1.0,0.0285108908,0.0061525467,0.0434304949,0.0041073993,0.0824742376,0.0811870212,5.0,0.0278520992,3.454832e-10,0.0392441861,0.0192548608,0.2707475036,0.4417473005,6.693707799999999e-08,73.0,
1999-09-30,24324452.125,0.5851004357999999,0.3423425199,-0.2591118089999999,15.858692087,0.0314458154,0.7068784025,-0.018720748,0.0114688298,0.2660000918,0.5646241226,0.544198657,0.3489867768999999,0.0516379412,-0.051637941,33.0,-0.180840573,0.146702858,-1.165202025,0.4869028799,18.984773055,0.0387028514,0.0321960917,-0.003854037,0.0316101472,-0.213370043,0.0,-0.279980533,1.0,1.4981511677,0.4190976797,0.0,0.0,0.006944412,0.2803487229,0.0274936725,0.624015121,0.2144075829,,0.0489613447,0.1333333333,0.0374317897,0.0803463858,0.0271146268,20549.632718,0.3176320428,0.0083895777,30.788516194,-0.153656562,-0.025863072,-0.022158441,-0.153656562,,-0.0362739289999999,0.0243556318,,-0.407700314,4.0,1.4981511677,0.0,0.0170428065999999,0.0782011733,,0.2122963999,5.3479595977,,6.5913225888,0.0,0.0,0.1667908504,0.0,0.2179354335,0.3342602189,-0.109658619,3.9941704647,0.1690810863,0.0067804047,-0.028034056,-0.0248271189999999,1.0,0.0285108908,0.0061525467,0.0434304949,0.0041073993,0.0824742376,0.0811870212,5.0,0.0263058807,2.718286e-10,0.0263157897,0.014638172,0.2920024494,0.5105544197999999,5.1347076e-08,73.0,
1999-10-29,27872373.375,0.5794775416,0.3357942211999999,-0.028907725,16.058418919,0.0313614982,0.6077169208,0.1370747238,-0.048202365,0.0576116026999999,0.7443291873000001,0.5197354171999999,0.3687244932999999,0.0516379412,-0.051637941,33.0,-0.180840573,0.146702858,-1.1624769,0.4869028799,18.984773055,0.0387028514,0.0321960917,-0.003854037,0.0316101472,-0.213370043,0.0,-0.279980533,1.0,1.4981511677,0.4190976797,0.0,0.0,0.006944412,0.2803487229,0.0274936725,0.624015121,0.2144075829,,0.0489613447,0.1333333333,0.0374317897,0.0803463858,0.0271146268,20549.632718,0.3176320428,0.0083895777,30.788516194,-0.153656562,-0.025863072,-0.022158441,-0.153656562,,-0.0362739289999999,0.0243556318,,-0.407700314,4.0,1.4981511677,0.0,0.0170428065999999,0.0782011733,,0.2122963999,5.3479595977,,6.5913225888,0.0,0.0,0.1667908504,0.0,0.2179354335,0.3342602189,-0.109658619,-0.289400943,0.2024168859,0.0073726349,0.0031518314,-0.033034878,2.0,0.042581875,0.0060585276,0.0606195905,0.0067530407,0.0853340534,0.0859327526999999,5.0,0.0271304731,3.186676e-10,0.0317919068,0.0171902521,0.3512349748,0.7645854851999999,4.9878401e-08,73.0,
1999-11-30,30097478.813,0.5629359287,0.3168968599,-0.061466984,16.26169155,0.0314914275,0.6415788522,0.0798319354999999,0.0062632721999999,0.1552528274,0.9030395505,0.5323278472999999,0.3905031877,0.0516379412,-0.051637941,33.0,-0.180840573,0.146702858,-1.199076313,0.4869028799,18.984773055,0.0387028514,0.0321960917,-0.003854037,0.0316101472,-0.213370043,0.0,-0.279980533,1.0,1.4981511677,0.4190976797,0.0,0.0,0.006944412,0.2803487229,0.0274936725,0.624015121,0.2144075829,,0.0489613447,0.1333333333,0.0374317897,0.0803463858,0.0271146268,20549.632718,0.3176320428,0.0083895777,30.788516194,-0.153656562,-0.025863072,-0.022158441,-0.153656562,,-0.0362739289999999,0.0243556318,,-0.407700314,4.0,1.4981511677,0.0,0.0170428065999999,0.0782011733,,0.2122963999,5.3479595977,,6.5913225888,0.0,0.0,0.1667908504,0.0,0.2179354335,0.3342602189,-0.109658619,-0.289400943,0.2024168859,0.0073726349,0.0031518314,-0.033034878,2.0,0.042581875,0.0060585276,0.0606195905,0.0067530407,0.0853340534,0.0859327526999999,5.0,0.0231374141,2.379767e-10,0.0351617448,0.0165497603,0.249362116,0.4243392042,5.5610331e-08,73.0,
1999-12-31,30864707.5,0.5740402145,0.3295221679,0.1291003418,16.238137583,0.0315513072,0.473376627,0.0246433206,0.1739845098999999,0.260642229,0.8282655831,0.5524442058,0.3766890415,0.0516379412,-0.051637941,33.0,-0.180840573,0.146702858,-1.207580469,0.4869028799,18.984773055,0.0387028514,0.0321960917,-0.003854037,0.0316101472,-0.213370043,0.0,-0.279980533,1.0,1.4981511677,0.4190976797,0.0,0.0,0.006944412,0.2803487229,0.0274936725,0.624015121,0.2144075829,,0.0489613447,0.1333333333,0.0374317897,0.0803463858,0.0271146268,20549.632718,0.3176320428,0.0083895777,30.788516194,-0.153656562,-0.025863072,-0.022158441,-0.153656562,,-0.0362739289999999,0.0243556318,,-0.407700314,4.0,1.4981511677,0.0,0.0170428065999999,0.0782011733,,0.2122963999,5.3479595977,,6.5913225888,0.0,0.0,0.1667908504,0.0,0.2179354335,0.3342602189,-0.109658619,-0.289400943,0.2024168859,0.0073726349,0.0031518314,-0.033034878,2.0,0.042581875,0.0060585276,0.0606195905,0.0067530407,0.0853340534,0.0859327526999999,5.0,0.0208261549,2.194629e-10,0.0264483633999999,0.0135131922999999,0.3584312797,0.4652041803,6.0884031e-08,73.0,
2000-01-31,33677693.5,0.564341639,0.3184814855,0.127160373,16.171913038,0.0312677908,0.7344257623,0.0929113925,0.1240765159,0.2380080301,0.9024667466,0.5662676723,0.3544512842,0.0285488185,-0.028548819,34.0,-0.125491874,0.1711542012,-1.364471468,0.5408286001,19.9182174,0.0311178506,0.0095968637,0.0691241521,1.0642655227,-0.307374858,0.0,0.5241637079,1.0,1.7057438901,0.4709301321999999,0.0,0.0,0.0066011559999999,0.1765738007,0.025395425,0.6113530375999999,0.0137544284,,0.0485177558,0.0882352941,-0.022223596,0.0662137857,0.0271213135,24670.716663,0.3235045199,0.0081645861,-1.535896804,0.1385659384,0.1236763051,0.0022172953,0.1385659384,,-0.0279085179999999,0.0146461187999999,,-0.2253329319999999,8.0,1.7057438901,0.0,0.0150286513,0.0744349286,,0.2298214451,5.0710951273,,6.435768253200001,0.0,0.0,0.1546624772,0.0,0.2019032137,0.3464337147,0.505186826,-0.289400943,0.2024168859,0.0073726349,0.0031518314,-0.033034878,2.0,0.042581875,0.0060585276,0.0606195905,0.0067530407,0.0853340534,0.0859327526999999,5.0,0.0266128892,3.751013e-10,0.043695379,0.01997624,0.3010006637,0.4607243777,5.7288946e-08,73.0,
2000-02-29,29653560.75,0.5812936154999999,0.3379022674,0.2434053184,16.274273097000002,0.0312423691999999,1.0832184944,-0.119489558,0.3492594103999999,0.2745531855,1.0928285575,0.5406865909,0.4246235049,0.0285488185,-0.028548819,34.0,-0.125491874,0.1711542012,-1.388890635,0.5408286001,19.9182174,0.0311178506,0.0095968637,0.0691241521,1.0642655227,-0.307374858,0.0,0.5241637079,1.0,1.7057438901,0.4709301321999999,0.0,0.0,0.0066011559999999,0.1765738007,0.025395425,0.6113530375999999,0.0137544284,,0.0485177558,0.0882352941,-0.022223596,0.0662137857,0.0271213135,24670.716663,0.3235045199,0.0081645861,-1.535896804,0.1385659384,0.1236763051,0.0022172953,0.1385659384,,-0.0279085179999999,0.0146461187999999,,-0.2253329319999999,8.0,1.7057438901,0.0,0.0150286513,0.0744349286,,0.2298214451,5.0710951273,,6.435768253200001,0.0,0.0,0.1546624772,0.0,0.2019032137,0.3464337147,0.505186826,-0.057527562,0.1875584138,0.0047467275,0.0051551407,-0.018038809,0.0,0.0332681751,0.006037123,0.0490383659,0.0048971945,0.0853472636,0.0859488584,5.0,0.0390201935999999,2.400051e-10,0.0977157353999999,0.0335713464,0.3562801168,1.0134342295,3.674330600000001e-08,73.0,
2000-03-31,27455919.063,0.5481903907,0.3005127044,0.1192709303,16.686481455,0.0314702243,1.3305108012,-0.08168643,0.2107022514,0.2016623939,0.8972181505,0.5756675890999999,0.5010098927000001,0.0285488185,-0.028548819,34.0,-0.125491874,0.1711542012,-1.3996670430000002,0.5408286001,19.9182174,0.0311178506,0.0095968637,0.0691241521,1.0642655227,-0.307374858,0.0,0.5241637079,1.0,1.7057438901,0.4709301321999999,0.0,0.0,0.0066011559999999,0.1765738007,0.025395425,0.6113530375999999,0.0137544284,,0.0485177558,0.0882352941,-0.022223596,0.0662137857,0.0271213135,24670.716663,0.3235045199,0.0081645861,-1.535896804,0.1385659384,0.1236763051,0.0022172953,0.1385659384,,-0.0279085179999999,0.0146461187999999,,-0.2253329319999999,8.0,1.7057438901,0.0,0.0150286513,0.0744349286,,0.2298214451,5.0710951273,,6.435768253200001,0.0,0.0,0.1546624772,0.0,0.2019032137,0.3464337147,0.505186826,-0.057527562,0.1875584138,0.0047467275,0.0051551407,-0.018038809,0.0,0.0332681751,0.006037123,0.0490383659,0.0048971945,0.0853472636,0.0859488584,5.0,0.0460826317,3.501793e-10,0.0672153607,0.0348621391999999,0.3110253615,0.915977549,3.8193668e-08,73.0,
2000-04-28,30410286.25,0.5042454304,0.2542634541,0.0026874985999999,16.562934573,0.0312171966999999,2.3198006866,0.1096126288,-0.02222406,0.0582127098,1.0083356013,0.6532582108,0.6504359277,0.0285488185,-0.028548819,34.0,-0.125491874,0.1711542012,-1.410247161,0.5408286001,19.9182174,0.0311178506,0.0095968637,0.0691241521,1.0642655227,-0.307374858,0.0,0.5241637079,1.0,1.7057438901,0.4709301321999999,0.0,0.0,0.0066011559999999,0.1765738007,0.025395425,0.6113530375999999,0.0137544284,,0.0485177558,0.0882352941,-0.022223596,0.0662137857,0.0271213135,24670.716663,0.3235045199,0.0081645861,-1.535896804,0.1385659384,0.1236763051,0.0022172953,0.1385659384,,-0.0279085179999999,0.0146461187999999,,-0.2253329319999999,8.0,1.7057438901,0.0,0.0150286513,0.0744349286,,0.2298214451,5.0710951273,,6.435768253200001,0.0,0.0,0.1546624772,0.0,0.2019032137,0.3464337147,0.505186826,-0.009697719,0.2308635425,0.002895769,-0.00996746,-0.019056652,0.0,0.0250994881,0.0060730091,0.0364775829,0.0037987922999999,0.085821874,0.0862203648,5.0,0.0404038847,2.038073e-10,0.1145038158,0.0335677617,0.3789643142,1.3856899663999998,2.4000332000000003e-08,73.0,
2000-05-31,33916135.313,0.4736055145,0.2243021834,0.0339784703,16.997806752,0.036774688,1.4332907654,0.1152849718999999,0.0047420304,0.0917478844,0.9989159319,0.5679637744,0.6514319545,0.0285488185,-0.028548819,34.0,-0.125491874,0.1711542012,-1.427009866,0.5408286001,19.9182174,0.0311178506,0.0095968637,0.0691241521,1.0642655227,-0.307374858,0.0,0.5241637079,1.0,1.7057438901,0.4709301321999999,0.0,0.0,0.0066011559999999,0.1765738007,0.025395425,0.6113530375999999,0.0137544284,,0.0485177558,0.0882352941,-0.022223596,0.0662137857,0.0271213135,24670.716663,0.3235045199,0.0081645861,-1.535896804,0.1385659384,0.1236763051,0.0022172953,0.1385659384,,-0.0279085179999999,0.0146461187999999,,-0.2253329319999999,8.0,1.7057438901,0.0,0.0150286513,0.0744349286,,0.2298214451,5.0710951273,,6.435768253200001,0.0,0.0,0.1546624772,0.0,0.2019032137,0.3464337147,0.505186826,-0.009697719,0.2308635425,0.002895769,-0.00996746,-0.019056652,0.0,0.0250994881,0.0060730091,0.0364775829,0.0037987922999999,0.085821874,0.0862203648,5.0,0.0448538273,2.3153900000000003e-10,0.0654321015,0.0295409374,0.2772227603,0.8662026843999999,3.9429686e-08,73.0,
2000-06-30,34496440.0,0.5673974489,0.3219398651,-0.085158825,16.801520614,0.0377789646,0.7048129994,0.0220673643,0.0936231805,0.3155361509,0.7041819962,0.4860267977,0.6222034795,0.0285488185,-0.028548819,34.0,-0.125491874,0.1711542012,-1.423188514,0.5408286001,19.9182174,0.0311178506,0.0095968637,0.0691241521,1.0642655227,-0.307374858,0.0,0.5241637079,1.0,1.7057438901,0.4709301321999999,0.0,0.0,0.0066011559999999,0.1765738007,0.025395425,0.6113530375999999,0.0137544284,,0.0485177558,0.0882352941,-0.022223596,0.0662137857,0.0271213135,24670.716663,0.3235045199,0.0081645861,-1.535896804,0.1385659384,0.1236763051,0.0022172953,0.1385659384,,-0.0279085179999999,0.0146461187999999,,-0.2253329319999999,8.0,1.7057438901,0.0,0.0150286513,0.0744349286,,0.2298214451,5.0710951273,,6.435768253200001,0.0,0.0,0.1546624772,0.0,0.2019032137,0.3464337147,0.505186826,-0.009697719,0.2308635425,0.002895769,-0.00996746,-0.019056652,0.0,0.0250994881,0.0060730091,0.0364775829,0.0037987922999999,0.085821874,0.0862203648,5.0,0.0400893856,2.616544e-10,0.0408401414999999,0.0225710722999999,0.4019949699,0.7531020945,4.1330065e-08,73.0,
2000-07-31,33594828.5,0.5317253981,0.282731899,-0.230886465,16.629362377,0.0383709087,0.2631624208999999,-0.024545455,0.0227330132,0.2564439014,0.9015097019,0.4939122081,0.5433380952,0.0285488185,-0.028548819,34.0,-0.125491874,0.123113449,-0.489803755,0.5408286001,19.9182174,0.0311178506,0.0095968637,0.0691241521,1.0642655227,-0.307374858,0.0,0.5241637079,1.0,1.7057438901,0.4709301321999999,0.0,0.0,0.0066011559999999,0.1765738007,0.025395425,0.6113530375999999,0.0137544284,,0.0485177558,0.0882352941,-0.022223596,0.0662137857,0.0271213135,24670.716663,0.3235045199,0.0081645861,-1.535896804,0.1385659384,0.1236763051,0.0022172953,0.1385659384,,-0.0279085179999999,0.0146461187999999,,-0.2253329319999999,8.0,1.7057438901,0.0,0.0150286513,0.0744349286,,0.2298214451,5.0710951273,,6.435768253200001,0.0,0.0,0.1546624772,0.0,0.2019032137,0.3464337147,0.505186826,1.5081853325,0.2494310952,0.0006104691999999,-0.003155477,0.0402994677,1.0,0.0335478772,0.0060774494,0.0487257901,0.0053684928,0.0869924853999999,0.0867617486,5.0,0.0278140206,2.127579e-10,0.038787879,0.0208823115999999,0.4719526065,1.3607147771,3.5522246e-08,73.0,
2000-08-31,31085996.5,0.5408401307999999,0.292508047,-0.139636629,16.749758153,0.0382528284,0.4872766319,-0.074679114,0.1330127596,0.3460610797,0.6439044692,0.4749711645,0.4667755088,0.0285488185,-0.028548819,34.0,-0.125491874,0.123113449,-0.488264675,0.5408286001,19.9182174,0.0311178506,0.0095968637,0.0691241521,1.0642655227,-0.307374858,0.0,0.5241637079,1.0,1.7057438901,0.4709301321999999,0.0,0.0,0.0066011559999999,0.1765738007,0.025395425,0.6113530375999999,0.0137544284,,0.0485177558,0.0882352941,-0.022223596,0.0662137857,0.0271213135,24670.716663,0.3235045199,0.0081645861,-1.535896804,0.1385659384,0.1236763051,0.0022172953,0.1385659384,,-0.0279085179999999,0.0146461187999999,,-0.2253329319999999,8.0,1.7057438901,0.0,0.0150286513,0.0744349286,,0.2298214451,5.0710951273,,6.435768253200001,0.0,0.0,0.1546624772,0.0,0.2019032137,0.3464337147,0.505186826,1.5081853325,0.2494310952,0.0006104691999999,-0.003155477,0.0402994677,1.0,0.0335478772,0.0060774494,0.0487257901,0.0053684928,0.0869924853999999,0.0867617486,5.0,0.0272496169,2.467416e-10,0.0230582524,0.0155855899,0.322258831,0.620793835,6.1249975e-08,73.0,
2000-09-29,37397277.0,0.5608991395,0.3146078447,0.2616409486,16.222649223,0.0383516038,0.3383724904999999,0.2030264884,0.1416583666,0.2693006892,0.7525355854000001,0.4528652587,0.4452829046,0.0285488185,-0.028548819,34.0,-0.125491874,0.123113449,-0.491227277,0.5408286001,19.9182174,0.0311178506,0.0095968637,0.0691241521,1.0642655227,-0.307374858,0.0,0.5241637079,1.0,1.7057438901,0.4709301321999999,0.0,0.0,0.0066011559999999,0.1765738007,0.025395425,0.6113530375999999,0.0137544284,,0.0485177558,0.0882352941,-0.022223596,0.0662137857,0.0271213135,24670.716663,0.3235045199,0.0081645861,-1.535896804,0.1385659384,0.1236763051,0.0022172953,0.1385659384,,-0.0279085179999999,0.0146461187999999,,-0.2253329319999999,8.0,1.7057438901,0.0,0.0150286513,0.0744349286,,0.2298214451,5.0710951273,,6.435768253200001,0.0,0.0,0.1546624772,0.0,0.2019032137,0.3464337147,0.505186826,1.5081853325,0.2494310952,0.0006104691999999,-0.003155477,0.0402994677,1.0,0.0335478772,0.0060774494,0.0487257901,0.0053684928,0.0869924853999999,0.0867617486,5.0,0.0256377927,2.037129e-10,0.0334075727,0.0149249018999999,0.256516873,0.4507181222999999,4.5411293e-08,73.0,
2000-10-31,41944535.0,0.5622295098,0.3161020217,0.3051384678,16.566930473,0.0387043877,0.3663057977,0.1230608000999999,0.237770029,0.3429217261,0.8117391201,0.4817985049,0.4205516086,0.0285488185,-0.028548819,34.0,-0.125491874,0.123113449,-0.520178729,0.5408286001,19.9182174,0.0311178506,0.0095968637,0.0691241521,1.0642655227,-0.307374858,0.0,0.5241637079,1.0,1.7057438901,0.4709301321999999,0.0,0.0,0.0066011559999999,0.1765738007,0.025395425,0.6113530375999999,0.0137544284,,0.0485177558,0.0882352941,-0.022223596,0.0662137857,0.0271213135,24670.716663,0.3235045199,0.0081645861,-1.535896804,0.1385659384,0.1236763051,0.0022172953,0.1385659384,,-0.0279085179999999,0.0146461187999999,,-0.2253329319999999,8.0,1.7057438901,0.0,0.0150286513,0.0744349286,,0.2298214451,5.0710951273,,6.435768253200001,0.0,0.0,0.1546624772,0.0,0.2019032137,0.3464337147,0.505186826,-0.112141955,0.3106413808,0.0031552806,0.0152293911,0.0670763145,2.0,0.0442389133,0.0066209112,0.0627667866,0.0067937565,0.0876915143999999,0.0887498402,5.0,0.0247103985,1.247595e-10,0.0467380732,0.0151874988,0.3370213577,0.7953966066,4.5044156e-08,73.0,
2000-11-30,40964522.5,0.555383021,0.3084502999999999,0.0967046511,16.829560227,0.0386553761,0.190119939,-0.023364486,0.2463998298,0.3966828529,0.9133239696,0.4888243107,0.5009234364,0.0285488185,-0.028548819,34.0,-0.125491874,0.123113449,-0.529631166,0.5408286001,19.9182174,0.0311178506,0.0095968637,0.0691241521,1.0642655227,-0.307374858,0.0,0.5241637079,1.0,1.7057438901,0.4709301321999999,0.0,0.0,0.0066011559999999,0.1765738007,0.025395425,0.6113530375999999,0.0137544284,,0.0485177558,0.0882352941,-0.022223596,0.0662137857,0.0271213135,24670.716663,0.3235045199,0.0081645861,-1.535896804,0.1385659384,0.1236763051,0.0022172953,0.1385659384,,-0.0279085179999999,0.0146461187999999,,-0.2253329319999999,8.0,1.7057438901,0.0,0.0150286513,0.0744349286,,0.2298214451,5.0710951273,,6.435768253200001,0.0,0.0,0.1546624772,0.0,0.2019032137,0.3464337147,0.505186826,-0.112141955,0.3106413808,0.0031552806,0.0152293911,0.0670763145,2.0,0.0442389133,0.0066209112,0.0627667866,0.0067937565,0.0876915143999999,0.0887498402,5.0,0.0288175585999999,1.62625e-10,0.0465807728,0.0219287983,0.2829964892,0.8707797425,3.2722907e-08,73.0,
2000-12-29,41656362.0,0.5784725921,0.3346305398,0.0857764323,17.03017632,0.0387859573,-0.1791630739999999,0.0105263162,0.1909961912999999,0.3312438077,0.7818536026,0.4151777796,0.5368986375,0.0285488185,-0.028548819,34.0,-0.125491874,0.123113449,-0.528218667,0.5408286001,19.9182174,0.0311178506,0.0095968637,0.0691241521,1.0642655227,-0.307374858,0.0,0.5241637079,1.0,1.7057438901,0.4709301321999999,0.0,0.0,0.0066011559999999,0.1765738007,0.025395425,0.6113530375999999,0.0137544284,,0.0485177558,0.0882352941,-0.022223596,0.0662137857,0.0271213135,24670.716663,0.3235045199,0.0081645861,-1.535896804,0.1385659384,0.1236763051,0.0022172953,0.1385659384,,-0.0279085179999999,0.0146461187999999,,-0.2253329319999999,8.0,1.7057438901,0.0,0.0150286513,0.0744349286,,0.2298214451,5.0710951273,,6.435768253200001,0.0,0.0,0.1546624772,0.0,0.2019032137,0.3464337147,0.505186826,-0.112141955,0.3106413808,0.0031552806,0.0152293911,0.0670763145,2.0,0.0442389133,0.0066209112,0.0627667866,0.0067937565,0.0876915143999999,0.0887498402,5.0,0.0244185791,1.106554e-10,0.0288184433999999,0.0134916161,0.4522643394,0.8812393398,3.9508555e-08,73.0,
2001-01-31,39960127.563,0.54385537,0.2957786634,0.1878635203,16.899047918,0.0392623525,-0.471919856,-0.039166667,0.2338176089,0.2308929254,0.7809487537,0.4047571640999999,0.5522592357,0.0202244382,-0.020224438,35.0,-1.892933344,0.1405724237,-0.440152771,0.1597574477,9.2951869462,0.0317752295,0.2396452147,-0.3681104,0.0082084323,-0.3862309829999999,0.0,8.5587258951,1.0,2.3633281611,0.4759697892,0.0,0.0,0.0063122217,0.1434344967,0.0249664405,0.6187205785000001,-0.16402969,,0.0425623522,0.0810810811,0.0256104050999999,0.3642819243,5.752237215599999,31767.361948,0.3141344126,0.0044440896,-1.172588079,0.3855117259,0.0107014961,0.0256483665,0.3855117259,,0.068708632,-0.05296447,,-0.27271765,6.0,2.3633281611,0.0,0.0136672555,0.0746178283,,0.0751543269,3.3810205823,,6.8590414471,0.0,0.0,0.1134070414,0.0,0.1831634044,0.1653912443,0.2160878214999999,-0.112141955,0.3106413808,0.0031552806,0.0152293911,0.0670763145,2.0,0.0442389133,0.0066209112,0.0627667866,0.0067937565,0.0876915143999999,0.0887498402,5.0,0.0244711424,1.44165e-10,0.0283613447,0.0199646543,0.3896168289,1.2198946831,4.0531947e-08,73.0,
2001-02-28,38032350.688,0.5645386792,0.3187039204,0.162905758,16.886646648,0.0399824785999999,-0.504701301,-0.054531086,0.2811697043,0.3431787929,0.6091090726,0.3505054284,0.5731971365,0.0202244382,-0.020224438,35.0,-1.892933344,0.1405724237,-0.4475520329999999,0.1597574477,9.2951869462,0.0317752295,0.2396452147,-0.3681104,0.0082084323,-0.3862309829999999,0.0,8.5587258951,1.0,2.3633281611,0.4759697892,0.0,0.0,0.0063122217,0.1434344967,0.0249664405,0.6187205785000001,-0.16402969,,0.0425623522,0.0810810811,0.0256104050999999,0.3642819243,5.752237215599999,31767.361948,0.3141344126,0.0044440896,-1.172588079,0.3855117259,0.0107014961,0.0256483665,0.3855117259,,0.068708632,-0.05296447,,-0.27271765,6.0,2.3633281611,0.0,0.0136672555,0.0746178283,,0.0751543269,3.3810205823,,6.8590414471,0.0,0.0,0.1134070414,0.0,0.1831634044,0.1653912443,0.2160878214999999,0.4029571188,0.1082694749,0.0041333466,0.0112468565999999,0.0689344357,0.0,0.0360777509,0.0066581253,0.0515102998,0.0075277619,0.0767827853,0.0773810224,5.0,0.0347103429,1.50072e-10,0.0728929415,0.02733796,0.3315201967,1.0995093747,3.1238422e-08,73.0,
2001-03-30,37485945.0,0.5276554336,0.2784202566,-0.381028657,17.042577132,0.0421238526,-0.5003697460000001,-0.014366866,0.0068823425,0.3828977763,0.4474176345,0.4369796254,0.5501349639,0.0202244382,-0.020224438,35.0,-1.892933344,0.1405724237,-0.449004477,0.1597574477,9.2951869462,0.0317752295,0.2396452147,-0.3681104,0.0082084323,-0.3862309829999999,0.0,8.5637897966,1.0,2.3633281611,0.4759697892,0.0,0.0,0.0063122217,0.1434344967,0.0249664405,0.6187205785000001,-0.16402969,,0.0425623522,0.0810810811,0.0256104050999999,0.3642819243,5.752237215599999,31767.361948,0.3141344126,0.0044440896,-1.172588079,0.3855117259,0.0107014961,0.0256483665,0.3855117259,,0.068708632,-0.05296447,,-0.27271765,6.0,2.3633281611,0.0,0.0136672555,0.0746178283,,0.0751543269,3.3810205823,,6.8590414471,0.0,0.0,0.1134070414,0.0,0.1831634044,0.1653912443,0.2160878214999999,0.4029571188,0.1082694749,0.0041333466,0.0112468565999999,0.0689344357,0.0,0.0360777509,0.0066581253,0.0515102998,0.0075277619,0.0767827853,0.0773810224,5.0,0.0228588164,1.3468000000000002e-10,0.0221836864999999,0.0157462693,0.3009609039,0.9705854064,5.0995998e-08,73.0,
2001-04-30,34550605.579,0.5208199786,0.2712534501999999,-0.574080445,16.64436719,0.0423822562,-0.541174779,-0.076567777,-0.116328699,0.2283835221,0.4380940761999999,0.4250828111,0.611202661,0.0202244382,-0.020224438,35.0,-1.892933344,0.1405724237,-0.452647284,0.1597574477,9.2951869462,0.0317752295,0.2396452147,-0.3681104,0.0082084323,-0.3862309829999999,0.0,8.5755857223,1.0,2.3633281611,0.4759697892,0.0,0.0,0.0063122217,0.1434344967,0.0249664405,0.6187205785000001,-0.16402969,,0.0425623522,0.0810810811,0.0256104050999999,0.3642819243,5.752237215599999,31767.361948,0.3141344126,0.0044440896,-1.172588079,0.3855117259,0.0107014961,0.0256483665,0.3855117259,,0.068708632,-0.05296447,,-0.27271765,6.0,2.3633281611,0.0,0.0136672555,0.0746178283,,0.0751543269,3.3810205823,,6.8590414471,0.0,0.0,0.1134070414,0.0,0.1831634044,0.1653912443,0.2160878214999999,0.581712131,0.1118627923,0.0062589071999999,0.0039867291,-0.058749973,0.0,0.0102903029,0.0085090454,0.0378369815,0.0045733308,0.0729551592,0.0750217165,5.0,0.0342715361,1.659551e-10,0.0382524505,0.0238197347,0.4221503244,1.781971271,2.7645489e-08,73.0,
2001-05-31,34468008.75,0.5711072235,0.3261634607999999,-0.383743427,17.028507336,0.0432937223,-0.505469002,-0.0023906039999999,-0.164467662,0.0170754163,0.6308407558,0.3955987542,0.5993515294,0.0202244382,-0.020224438,35.0,-1.892933344,0.1405724237,-0.4615677689999999,0.1597574477,9.2951869462,0.0317752295,0.2396452147,-0.3681104,0.0082084323,-0.3862309829999999,0.0,8.5755857223,1.0,2.3633281611,0.4759697892,0.0,0.0,0.0063122217,0.1434344967,0.0249664405,0.6187205785000001,-0.16402969,,0.0425623522,0.0810810811,0.0256104050999999,0.3642819243,5.752237215599999,31767.361948,0.3141344126,0.0044440896,-1.172588079,0.3855117259,0.0107014961,0.0256483665,0.3855117259,,0.068708632,-0.05296447,,-0.27271765,6.0,2.3633281611,0.0,0.0136672555,0.0746178283,,0.0751543269,3.3810205823,,6.8590414471,0.0,0.0,0.1134070414,0.0,0.1831634044,0.1653912443,0.2160878214999999,0.581712131,0.1118627923,0.0062589071999999,0.0039867291,-0.058749973,0.0,0.0102903029,0.0085090454,0.0378369815,0.0045733308,0.0729551592,0.0750217165,5.0,0.0348122867,2.096573e-10,0.0580896623,0.0243455060999999,0.3802486128,1.2446586571,3.6719852e-08,73.0,
2001-06-29,33546551.168,0.559045269,0.3125316128,-0.386435085,16.83756906,0.0439637876,-0.3726273029999999,-0.009400891,-0.175147745,-0.007263096,0.7536090190000001,0.3321506428,0.6041755442,0.0202244382,-0.020224438,35.0,-1.892933344,0.1405724237,-0.4670033839999999,0.1597574477,9.2951869462,0.0317752295,0.2396452147,-0.3681104,0.0082084323,-0.3862309829999999,0.0,8.5755857223,1.0,2.3633281611,0.4759697892,0.0,0.0,0.0063122217,0.1434344967,0.0249664405,0.6187205785000001,-0.16402969,,0.0425623522,0.0810810811,0.0256104050999999,0.3642819243,5.752237215599999,31767.361948,0.3141344126,0.0044440896,-1.172588079,0.3855117259,0.0107014961,0.0256483665,0.3855117259,,0.068708632,-0.05296447,,-0.27271765,6.0,2.3633281611,0.0,0.0136672555,0.0746178283,,0.0751543269,3.3810205823,,6.8590414471,0.0,0.0,0.1134070414,0.0,0.1831634044,0.1653912443,0.2160878214999999,0.581712131,0.1118627923,0.0062589071999999,0.0039867291,-0.058749973,0.0,0.0102903029,0.0085090454,0.0378369815,0.0045733308,0.0729551592,0.0750217165,5.0,0.0247508221,1.533498e-10,0.0540284066999999,0.0161583653,0.2583782227,0.5471949016,4.2660254e-08,73.0,
2001-07-31,31024629.076,0.5579901131,0.3113529663,-0.397396376,16.581991923,0.0442659365,-0.4197365729999999,-0.073269457,-0.149594544,0.0081497884,0.4907338944,0.2945079017,0.5124701369,0.0202244382,-0.020224438,35.0,-1.892933344,0.1184719692,-2.909211044,0.1597574477,9.2951869462,0.0317752295,0.2396452147,-0.3681104,0.0082084323,-0.3862309829999999,0.0,8.5755857223,1.0,2.3633281611,0.4759697892,0.0,0.0,0.0063122217,0.1434344967,0.0249664405,0.6187205785000001,-0.16402969,,0.0425623522,0.0810810811,0.0256104050999999,0.3642819243,5.752237215599999,31767.361948,0.3141344126,0.0044440896,-1.172588079,0.3855117259,0.0107014961,0.0256483665,0.3855117259,,0.068708632,-0.05296447,,-0.27271765,6.0,2.3633281611,0.0,0.0136672555,0.0746178283,,0.0751543269,3.3810205823,,6.8590414471,0.0,0.0,0.1134070414,0.0,0.1831634044,0.1653912443,0.2160878214999999,0.1102768933,0.0897234185,0.0051786808,-0.011334365,-0.0283294529999999,1.0,0.0124355003,0.0097988793,0.0439500744,0.0036627136,0.0769056062,0.0790079039,5.0,0.0254102623,1.745426e-10,0.0293054041,0.0160295573,0.3236272578,0.7678002933,4.5584249e-08,73.0,
2001-08-31,31804926.576,0.5423811136,0.2941772723999999,-0.356790403,16.46728396,0.0442325229999999,-0.35767543,0.0251509044,-0.166448839,0.0096856294,0.4851235484,0.3164344199,0.4584084915999999,0.0202244382,-0.020224438,35.0,-1.892933344,0.1184719692,-2.934652283,0.1597574477,9.2951869462,0.0317752295,0.2396452147,-0.3681104,0.0082084323,-0.3862309829999999,0.0,8.5755857223,1.0,2.3633281611,0.4759697892,0.0,0.0,0.0063122217,0.1434344967,0.0249664405,0.6187205785000001,-0.16402969,,0.0425623522,0.0810810811,0.0256104050999999,0.3642819243,5.752237215599999,31767.361948,0.3141344126,0.0044440896,-1.172588079,0.3855117259,0.0107014961,0.0256483665,0.3855117259,,0.068708632,-0.05296447,,-0.27271765,6.0,2.3633281611,0.0,0.0136672555,0.0746178283,,0.0751543269,3.3810205823,,6.8590414471,0.0,0.0,0.1134070414,0.0,0.1831634044,0.1653912443,0.2160878214999999,0.1102768933,0.0897234185,0.0051786808,-0.011334365,-0.0283294529999999,1.0,0.0124355003,0.0097988793,0.0439500744,0.0036627136,0.0769056062,0.0790079039,5.0,0.0202974538,1.918989e-10,0.0394366010999999,0.0170338698999999,0.3117944184,0.7621525540999999,4.6905958e-08,73.0,
2001-09-28,32310557.832,0.5502558652,0.3027815171999999,-0.111662194,16.463541320999997,0.0443687798,-0.4179702879999999,0.0158978906,-0.133028612,-0.139603204,0.8969944451999999,0.2856423128,0.5454402769,0.0202244382,-0.020224438,35.0,-1.892933344,0.1184719692,-2.982264652,0.1597574477,9.2951869462,0.0317752295,0.2396452147,-0.3681104,0.0082084323,-0.3862309829999999,0.0,8.5755857223,1.0,2.3633281611,0.4759697892,0.0,0.0,0.0063122217,0.1434344967,0.0249664405,0.6187205785000001,-0.16402969,,0.0425623522,0.0810810811,0.0256104050999999,0.3642819243,5.752237215599999,31767.361948,0.3141344126,0.0044440896,-1.172588079,0.3855117259,0.0107014961,0.0256483665,0.3855117259,,0.068708632,-0.05296447,,-0.27271765,6.0,2.3633281611,0.0,0.0136672555,0.0746178283,,0.0751543269,3.3810205823,,6.8590414471,0.0,0.0,0.1134070414,0.0,0.1831634044,0.1653912443,0.2160878214999999,0.1102768933,0.0897234185,0.0051786808,-0.011334365,-0.0283294529999999,1.0,0.0124355003,0.0097988793,0.0439500744,0.0036627136,0.0769056062,0.0790079039,5.0,0.0215815628,1.374489e-10,0.022395147,0.016877961,0.3391316722,1.2847645134,2.6258671e-08,73.0,
2001-10-31,29171386.168,0.5449146474000001,0.2969319729,0.0526861296,16.968490822,0.0438687679999999,-0.41641764,-0.089209765,-0.046216515,-0.22170261,0.8137155690000001,0.2069115978,0.601184162,0.0202244382,-0.020224438,35.0,-1.892933344,0.1184719692,-2.777479077,0.1597574477,9.2951869462,0.0317752295,0.2396452147,-0.3681104,0.0082084323,-0.3862309829999999,0.0,8.5755857223,1.0,2.3633281611,0.4759697892,0.0,0.0,0.0063122217,0.1434344967,0.0249664405,0.6187205785000001,-0.16402969,,0.0425623522,0.0810810811,0.0256104050999999,0.3642819243,5.752237215599999,31767.361948,0.3141344126,0.0044440896,-1.172588079,0.3855117259,0.0107014961,0.0256483665,0.3855117259,,0.068708632,-0.05296447,,-0.27271765,6.0,2.3633281611,0.0,0.0136672555,0.0746178283,,0.0751543269,3.3810205823,,6.8590414471,0.0,0.0,0.1134070414,0.0,0.1831634044,0.1653912443,0.2160878214999999,0.2021627023,0.0823048201999999,0.0068321868,-0.01037411,-0.003509838,2.0,0.0137186412,0.0103182292,0.0569415893,0.0039484696999999,0.0761538436,0.0786257484,5.0,0.0478921278,2.090963e-10,0.0628107265,0.0360768745,0.2820526627,1.2572871284,4.5953004e-08,73.0,
2001-11-30,32239456.105,0.658609233,0.4337661218,0.1227663142,16.74039506,0.0440090932,-0.453357502,0.0982142611999999,-0.129221629,-0.274175828,0.7016236831999999,0.1261254933,0.6587263488,0.0202244382,-0.020224438,35.0,-1.892933344,0.1184719692,-2.790773321,0.1597574477,9.2951869462,0.0317752295,0.2396452147,-0.3681104,0.0082084323,-0.3862309829999999,0.0,8.5755857223,1.0,2.3633281611,0.4759697892,0.0,0.0,0.0063122217,0.1434344967,0.0249664405,0.6187205785000001,-0.16402969,,0.0425623522,0.0810810811,0.0256104050999999,0.3642819243,5.752237215599999,31767.361948,0.3141344126,0.0044440896,-1.172588079,0.3855117259,0.0107014961,0.0256483665,0.3855117259,,0.068708632,-0.05296447,,-0.27271765,6.0,2.3633281611,0.0,0.0136672555,0.0746178283,,0.0751543269,3.3810205823,,6.8590414471,0.0,0.0,0.1134070414,0.0,0.1831634044,0.1653912443,0.2160878214999999,0.2021627023,0.0823048201999999,0.0068321868,-0.01037411,-0.003509838,2.0,0.0137186412,0.0103182292,0.0569415893,0.0039484696999999,0.0761538436,0.0786257484,5.0,0.0283141529,1.724498e-10,0.0388047881,0.0163728026,0.2579381402,0.7618201715999999,3.1871066e-08,73.0,
2001-12-31,34196635.435,0.6609192976,0.436814318,0.2192897565,16.766549992999998,0.0441196451,-0.223732398,0.0735578611,-0.034623374,-0.211192778,0.7376799615999999,0.1243390044999999,0.587199955,0.0202244382,-0.020224438,35.0,-1.892933344,0.1184719692,-2.802456241,0.1597574477,9.2951869462,0.0317752295,0.2396452147,-0.3681104,0.0082084323,-0.3862309829999999,0.0,8.5755857223,1.0,2.3633281611,0.4759697892,0.0,0.0,0.0063122217,0.1434344967,0.0249664405,0.6187205785000001,-0.16402969,,0.0425623522,0.0810810811,0.0256104050999999,0.3642819243,5.752237215599999,31767.361948,0.3141344126,0.0044440896,-1.172588079,0.3855117259,0.0107014961,0.0256483665,0.3855117259,,0.068708632,-0.05296447,,-0.27271765,6.0,2.3633281611,0.0,0.0136672555,0.0746178283,,0.0751543269,3.3810205823,,6.8590414471,0.0,0.0,0.1134070414,0.0,0.1831634044,0.1653912443,0.2160878214999999,0.2021627023,0.0823048201999999,0.0068321868,-0.01037411,-0.003509838,2.0,0.0137186412,0.0103182292,0.0569415893,0.0039484696999999,0.0761538436,0.0786257484,5.0,0.0189666676,1.363197e-10,0.0324393064,0.0124854391999999,0.4330108511,0.8610995647,4.062511e-08,73.0,
2002-01-31,36317858.741,0.6579974614999999,0.4329606594,0.4019152396,16.691397615,0.0438774522,0.0015362836999999,0.0641002953,0.1183268675,-0.118650275,0.600209158,0.095757558,0.5383315872,0.0326025062,-0.032602506,36.0,-0.0616156509999999,0.1228455788,-2.78137651,0.0978607438,7.389003021900001,0.0480826284999999,0.2708704757,-0.099350602,-0.007650148,-0.190983045,0.0,-11.83121296,1.0,2.3075075228,0.5220141544,0.0,0.0,0.0080121268,0.0257874085,0.0298204242,0.2346193798999999,0.0433652223,,0.0430972819,0.025,0.0056169387,0.4252903886,0.0749996047,29242.822481,0.3584373361,0.0031742296,-0.0585012929999999,-0.023619504,0.0967379994999999,-0.014082124,-0.023619504,,0.0251038642,0.0749137575,,-0.612405917,6.0,2.3075075228,0.0,0.016584499,0.075037221,,0.0793007344,3.827570743,,7.0175971035,0.0,0.0,0.1110849564,0.0,0.2210169675,0.1575113614,0.7712118077,0.2021627023,0.0823048201999999,0.0068321868,-0.01037411,-0.003509838,2.0,0.0137186412,0.0103182292,0.0569415893,0.0039484696999999,0.0761538436,0.0786257484,5.0,0.0204476923,1.596334e-10,0.0336958356,0.0155333306,0.4031180184,0.9185877373,4.4123113e-08,73.0,
2002-02-28,33296508.0,0.6725514445,0.4523254455,0.209730156,16.706177726,0.0432438681,-0.1797121639999999,-0.083191872,0.1608163684,-0.008064158,0.4251925838,0.0822075005,0.5576349301,0.0326025062,-0.032602506,36.0,-0.0616156509999999,0.1228455788,-2.587992194,0.0978607438,7.389003021900001,0.0480826284999999,0.2708704757,-0.099350602,-0.007650148,-0.190983045,0.0,-11.83121296,1.0,2.3075075228,0.5220141544,0.0,0.0,0.0080121268,0.0257874085,0.0298204242,0.2346193798999999,0.0433652223,,0.0430972819,0.025,0.0056169387,0.4252903886,0.0749996047,29242.822481,0.3584373361,0.0031742296,-0.0585012929999999,-0.023619504,0.0967379994999999,-0.014082124,-0.023619504,,0.0251038642,0.0749137575,,-0.612405917,6.0,2.3075075228,0.0,0.016584499,0.075037221,,0.0793007344,3.827570743,,7.0175971035,0.0,0.0,0.1110849564,0.0,0.2210169675,0.1575113614,0.7712118077,0.5975543811999999,0.1000945828,0.002381487,0.0033877058,-0.00200775,0.0,0.0128520563,0.0110745775,0.0550227222,0.0029582756,0.0719194283,0.0756290373,5.0,0.0224116381999999,8.587645e-11,0.0329501404999999,0.0199615829,0.3951061689,2.0385024918,3.117386e-08,73.0,
2002-03-28,32694536.552,0.6499675226,0.4224577805,0.1418111719,16.917937417,0.0433536870999999,-0.027896139,-0.023888906,0.0475913888,-0.07732927,0.5041073906,0.1213435411999999,0.5434239602000001,0.0326025062,-0.032602506,36.0,-0.0616156509999999,0.1228455788,-2.604616292,0.0978607438,7.389003021900001,0.0480826284999999,0.2708704757,-0.099350602,-0.007650148,-0.190983045,0.0,-11.83121296,1.0,2.3075075228,0.5220141544,0.0,0.0,0.0080121268,0.0257874085,0.0298204242,0.2346193798999999,0.0433652223,,0.0430972819,0.025,0.0056169387,0.4252903886,0.0749996047,29242.822481,0.3584373361,0.0031742296,-0.0585012929999999,-0.023619504,0.0967379994999999,-0.014082124,-0.023619504,,0.0251038642,0.0749137575,,-0.612405917,6.0,2.3075075228,0.0,0.016584499,0.075037221,,0.0793007344,3.827570743,,7.0175971035,0.0,0.0,0.1110849564,0.0,0.2210169675,0.1575113614,0.7712118077,0.5975543811999999,0.1000945828,0.002381487,0.0033877058,-0.00200775,0.0,0.0128520563,0.0110745775,0.0550227222,0.0029582756,0.0719194283,0.0756290373,5.0,0.0210998037,1.392219e-10,0.024492139,0.0129225244,0.3219892633,0.9156666345,4.8415852e-08,73.0,
2002-04-30,36143249.724,0.6444403264,0.4153033343,0.3749043715,16.554257495999998,0.0427128758,0.0726782366,0.1076646075,0.1227234736,-0.024693841,0.3319360441,0.1630786955,0.5926507511,0.0326025062,-0.032602506,36.0,-0.0616156509999999,0.1228455788,-2.592214683,0.0978607438,7.389003021900001,0.0480826284999999,0.2708704757,-0.099350602,-0.007650148,-0.190983045,0.0,-11.83121296,1.0,2.3075075228,0.5220141544,0.0,0.0,0.0080121268,0.0257874085,0.0298204242,0.2346193798999999,0.0433652223,,0.0430972819,0.025,0.0056169387,0.4252903886,0.0749996047,29242.822481,0.3584373361,0.0031742296,-0.0585012929999999,-0.023619504,0.0967379994999999,-0.014082124,-0.023619504,,0.0251038642,0.0749137575,,-0.612405917,6.0,2.3075075228,0.0,0.016584499,0.075037221,,0.0793007344,3.827570743,,7.0175971035,0.0,0.0,0.1110849564,0.0,0.2210169675,0.1575113614,0.7712118077,-0.491536883,0.1049342276,0.0006228541,-0.003543969,-0.010128938,0.0,0.0109899386,0.0118368599,0.0418209159,0.0021980451,0.0709209943,0.076780919,5.0,0.0248163922,1.505246e-10,0.0412727371,0.0199245287,0.2919605107,1.126579358,3.4152078e-08,73.0,
2002-05-31,31534628.575,0.6616759346,0.4378150425,0.0316932639,16.957521745999998,0.0428052071,0.047007364,-0.127509877,0.1323847263,0.0829009012,0.2354406789,0.1364174317,0.587765793,0.0326025062,-0.032602506,36.0,-0.0616156509999999,0.1228455788,-2.596752364,0.0978607438,7.389003021900001,0.0480826284999999,0.2708704757,-0.099350602,-0.007650148,-0.190983045,0.0,-11.83121296,1.0,2.3075075228,0.5220141544,0.0,0.0,0.0080121268,0.0257874085,0.0298204242,0.2346193798999999,0.0433652223,,0.0430972819,0.025,0.0056169387,0.4252903886,0.0749996047,29242.822481,0.3584373361,0.0031742296,-0.0585012929999999,-0.023619504,0.0967379994999999,-0.014082124,-0.023619504,,0.0251038642,0.0749137575,,-0.612405917,6.0,2.3075075228,0.0,0.016584499,0.075037221,,0.0793007344,3.827570743,,7.0175971035,0.0,0.0,0.1110849564,0.0,0.2210169675,0.1575113614,0.7712118077,-0.491536883,0.1049342276,0.0006228541,-0.003543969,-0.010128938,0.0,0.0109899386,0.0118368599,0.0418209159,0.0021980451,0.0709209943,0.076780919,5.0,0.0237483229,1.559191e-10,0.0184295271,0.0177922787,0.3587579764,1.2572328992,3.0626751e-08,73.0,
2002-06-28,32197719.584000003,0.6483054154,0.4202999115999999,-0.096538433,16.834757233,0.0426533829,-0.056565914,0.0212430768,-0.079700755,-0.046213214,0.3222525333,0.1511450186,0.5953586899000001,0.0326025062,-0.032602506,36.0,-0.0616156509999999,0.1228455788,-2.611956219,0.0978607438,7.389003021900001,0.0480826284999999,0.2708704757,-0.099350602,-0.007650148,-0.190983045,0.0,-11.83121296,1.0,2.3075075228,0.5220141544,0.0,0.0,0.0080121268,0.0257874085,0.0298204242,0.2346193798999999,0.0433652223,,0.0430972819,0.025,0.0056169387,0.4252903886,0.0749996047,29242.822481,0.3584373361,0.0031742296,-0.0585012929999999,-0.023619504,0.0967379994999999,-0.014082124,-0.023619504,,0.0251038642,0.0749137575,,-0.612405917,6.0,2.3075075228,0.0,0.016584499,0.075037221,,0.0793007344,3.827570743,,7.0175971035,0.0,0.0,0.1110849564,0.0,0.2210169675,0.1575113614,0.7712118077,-0.491536883,0.1049342276,0.0006228541,-0.003543969,-0.010128938,0.0,0.0109899386,0.0118368599,0.0418209159,0.0021980451,0.0709209943,0.076780919,5.0,0.0223936644,1.853772e-10,0.0356928632,0.0160444314,0.2514338108,0.5520383519,4.0103745e-08,73.0,
2002-07-31,27007140.077,0.6537372614,0.4273724069,-0.447207632,16.586171774,0.0422952279,-0.0857385859999999,-0.158994585,-0.116766308,0.0510586480999999,0.145061148,0.0720006775,0.6286763817000001,0.0326025062,-0.032602506,36.0,-0.0616156509999999,0.1351655954,-1.6309798480000002,0.0978607438,7.389003021900001,0.0480826284999999,0.2708704757,-0.099350602,-0.007650148,-0.190983045,0.0,-11.83121296,1.0,2.3075075228,0.5220141544,0.0,0.0,0.0080121268,0.0257874085,0.0298204242,0.2346193798999999,0.0433652223,,0.0430972819,0.025,0.0056169387,0.4252903886,0.0749996047,29242.822481,0.3584373361,0.0031742296,-0.0585012929999999,-0.023619504,0.0967379994999999,-0.014082124,-0.023619504,,0.0251038642,0.0749137575,,-0.612405917,6.0,2.3075075228,0.0,0.016584499,0.075037221,,0.0793007344,3.827570743,,7.0175971035,0.0,0.0,0.1110849564,0.0,0.2210169675,0.1575113614,0.7712118077,-0.107810814,0.0984473774,0.0014170737,-0.003216062,-0.015677541,1.0,0.0158784766999999,0.0120657667,0.0578970630999999,0.0011278802,0.0699356369,0.0755356881,5.0,0.0267588245999999,1.356462e-10,0.0303353593,0.0174141788,0.3535092454,1.4402477669,2.9536632000000004e-08,73.0,
2002-08-30,23125058.458,0.6423274140999999,0.412584507,-0.370500335,16.811325010999997,0.0430835571,-0.100704693,-0.143742785,-0.18979305,-0.13774059,0.2892320887,0.082546459,0.9628820972,0.0326025062,-0.032602506,36.0,-0.0616156509999999,0.1351655954,-1.626405172,0.0978607438,7.389003021900001,0.0480826284999999,0.2708704757,-0.099350602,-0.007650148,-0.190983045,0.0,-11.83121296,1.0,2.3075075228,0.5220141544,0.0,0.0,0.0080121268,0.0257874085,0.0298204242,0.2346193798999999,0.0433652223,,0.0430972819,0.025,0.0056169387,0.4252903886,0.0749996047,29242.822481,0.3584373361,0.0031742296,-0.0585012929999999,-0.023619504,0.0967379994999999,-0.014082124,-0.023619504,,0.0251038642,0.0749137575,,-0.612405917,6.0,2.3075075228,0.0,0.016584499,0.075037221,,0.0793007344,3.827570743,,7.0175971035,0.0,0.0,0.1110849564,0.0,0.2210169675,0.1575113614,0.7712118077,-0.107810814,0.0984473774,0.0014170737,-0.003216062,-0.015677541,1.0,0.0158784766999999,0.0120657667,0.0578970630999999,0.0011278802,0.0699356369,0.0755356881,5.0,0.0494140727,1.836621e-10,0.0570024475,0.0578174355999999,0.518749754,5.9834228096,1.2037256e-08,73.0,
2002-09-30,23422725.854,0.6762731065,0.4573453145,-0.302693122,17.458455107,0.0471060529999999,-0.153437709,0.012872071,-0.289276035,-0.273238139,0.3347150228,0.0328593219,1.111656762,0.0326025062,-0.032602506,36.0,-0.0616156509999999,0.1351655954,-1.6685479019999998,0.0978607438,7.389003021900001,0.0480826284999999,0.2708704757,-0.099350602,-0.007650148,-0.190983045,0.0,-11.83121296,1.0,2.3075075228,0.5220141544,0.0,0.0,0.0080121268,0.0257874085,0.0298204242,0.2346193798999999,0.0433652223,,0.0430972819,0.025,0.0056169387,0.4252903886,0.0749996047,29242.822481,0.3584373361,0.0031742296,-0.0585012929999999,-0.023619504,0.0967379994999999,-0.014082124,-0.023619504,,0.0251038642,0.0749137575,,-0.612405917,6.0,2.3075075228,0.0,0.016584499,0.075037221,,0.0793007344,3.827570743,,7.0175971035,0.0,0.0,0.1110849564,0.0,0.2210169675,0.1575113614,0.7712118077,-0.107810814,0.0984473774,0.0014170737,-0.003216062,-0.015677541,1.0,0.0158784766999999,0.0120657667,0.0578970630999999,0.0011278802,0.0699356369,0.0755356881,5.0,0.0363411393,2.051403e-10,0.0413395613,0.0238367317,0.2502755075,1.0886363835,2.3430164e-08,73.0,
2002-10-31,20957478.696,0.6837794729000001,0.4675543675999999,-0.6433415889999999,16.805227319,0.0466894239,0.0273928868,-0.076383375,-0.3500988929999999,-0.191782297,0.0690989638,0.0112570402,1.1180856724,0.0326025062,-0.032602506,36.0,-0.0616156509999999,0.1351655954,-1.649994764,0.0978607438,7.389003021900001,0.0480826284999999,0.2708704757,-0.099350602,-0.007650148,-0.190983045,0.0,-11.83121296,1.0,2.3075075228,0.5220141544,0.0,0.0,0.0080121268,0.0257874085,0.0298204242,0.2346193798999999,0.0433652223,,0.0430972819,0.025,0.0056169387,0.4252903886,0.0749996047,29242.822481,0.3584373361,0.0031742296,-0.0585012929999999,-0.023619504,0.0967379994999999,-0.014082124,-0.023619504,,0.0251038642,0.0749137575,,-0.612405917,6.0,2.3075075228,0.0,0.016584499,0.075037221,,0.0793007344,3.827570743,,7.0175971035,0.0,0.0,0.1110849564,0.0,0.2210169675,0.1575113614,0.7712118077,0.1395504618,0.0891962402,0.0016667353,-0.006251334,-0.0450497579999999,2.0,0.0199905999999999,0.0114749927,0.0723762084,0.000450276,0.0726687907,0.0782125876999999,5.0,0.0297328727999999,2.140807e-10,0.0370676108,0.0219075277,0.3542760343,1.3876988384,2.8761541e-08,73.0,
2002-11-29,25634786.644,0.6855213571,0.469939531,-0.146465327,16.611166612999998,0.0468068455,-0.199807465,0.2231808454,-0.312015745,-0.320275348,0.0872985786999999,0.0061100556999999,0.8953471415,0.0326025062,-0.032602506,36.0,-0.0616156509999999,0.1351655954,-1.6052673240000002,0.0978607438,7.389003021900001,0.0480826284999999,0.2708704757,-0.099350602,-0.007650148,-0.190983045,0.0,-11.83121296,1.0,2.3075075228,0.5220141544,0.0,0.0,0.0080121268,0.0257874085,0.0298204242,0.2346193798999999,0.0433652223,,0.0430972819,0.025,0.0056169387,0.4252903886,0.0749996047,29242.822481,0.3584373361,0.0031742296,-0.0585012929999999,-0.023619504,0.0967379994999999,-0.014082124,-0.023619504,,0.0251038642,0.0749137575,,-0.612405917,6.0,2.3075075228,0.0,0.016584499,0.075037221,,0.0793007344,3.827570743,,7.0175971035,0.0,0.0,0.1110849564,0.0,0.2210169675,0.1575113614,0.7712118077,0.1395504618,0.0891962402,0.0016667353,-0.006251334,-0.0450497579999999,2.0,0.0199905999999999,0.0114749927,0.0723762084,0.000450276,0.0726687907,0.0782125876999999,5.0,0.0442070013,3.285848e-10,0.0735181719,0.0382662179,0.2678552867,1.1781561875,1.8754185e-08,73.0,
2002-12-31,26032966.571,0.695204575,0.4833094011,-0.09761221,17.073626407,0.0478275913999999,-0.258480955,0.0221021045,-0.17597565,-0.225541347,0.1392041632,0.0215109845999999,0.8871923661,0.0326025062,-0.032602506,36.0,-0.0616156509999999,0.1351655954,-1.543296478,0.0978607438,7.389003021900001,0.0480826284999999,0.2708704757,-0.099350602,-0.007650148,-0.190983045,0.0,-11.83121296,1.0,2.3075075228,0.5220141544,0.0,0.0,0.0080121268,0.0257874085,0.0298204242,0.2346193798999999,0.0433652223,,0.0430972819,0.025,0.0056169387,0.4252903886,0.0749996047,29242.822481,0.3584373361,0.0031742296,-0.0585012929999999,-0.023619504,0.0967379994999999,-0.014082124,-0.023619504,,0.0251038642,0.0749137575,,-0.612405917,6.0,2.3075075228,0.0,0.016584499,0.075037221,,0.0793007344,3.827570743,,7.0175971035,0.0,0.0,0.1110849564,0.0,0.2210169675,0.1575113614,0.7712118077,0.1395504618,0.0891962402,0.0016667353,-0.006251334,-0.0450497579999999,2.0,0.0199905999999999,0.0114749927,0.0723762084,0.000450276,0.0726687907,0.0782125876999999,5.0,0.0295002248,1.484922e-10,0.0289207511,0.0196740032,0.4181766609,1.7819116497,2.5764538e-08,73.0,
2003-01-31,23505726.0,0.6737091742,0.4538840514,0.1642040627,16.917553142,0.0476472417,-0.206804207,-0.094317943,0.0014644467,-0.256107885,0.1091727059,0.0700148179999999,0.8673339211,0.0238311466,-0.023831147,37.0,-0.021657446,0.1473610556,-1.582110278,0.1047305905,5.8643741594000005,0.0570666712,0.1120516584,-0.0310756629999999,-0.012211188,-0.035566261,0.0,-0.77840672,1.0,1.9964942293,0.4678959378,0.0,0.0,0.0103149685,0.0878979501999999,0.0410113701,0.2254792167,-0.12282847,,0.0404401588,-0.024390244,0.0028447506,0.4903882318999999,-0.00195449,25392.52138,0.3607958611999999,0.0032316651,-0.283090729,-0.13478322,-0.103671933,-0.001717436,-0.13478322,,-0.048196051,0.067023614,,-0.3914841429999999,6.0,1.9964942293,0.0,0.017691218,0.0677934281,,0.0915367431,4.7460304984,,6.7015538142,0.0,0.0,0.0219752914,0.0,0.2609577135,0.139097189,0.6380220347,1.9794266485,0.0807492257,0.0007048989,0.0079251184,-0.206619203,0.0,0.0149420914,0.0114968961,0.0574967165,0.0010946102,0.0750353731,0.0805474693,5.0,0.0251941285999999,1.197777e-10,0.018355716,0.0117579382,0.4298018481,1.357507283,2.8666650000000002e-08,73.0,
2003-02-28,20762891.143,0.6996123837,0.4894574874,0.2419212379,16.653574457,0.0473914112,-0.289543196,-0.116687946,0.0592709342,-0.265135507,0.1548966417999999,0.071992124,0.9066519901,0.0238311466,-0.023831147,37.0,-0.021657446,0.1473610556,-1.605201537,0.1047305905,5.8643741594000005,0.0570666712,0.1120516584,-0.0310756629999999,-0.012211188,-0.035566261,0.0,-0.77840672,1.0,1.9964942293,0.4678959378,0.0,0.0,0.0103149685,0.0878979501999999,0.0410113701,0.2254792167,-0.12282847,,0.0404401588,-0.024390244,0.0028447506,0.4903882318999999,-0.00195449,25392.52138,0.3607958611999999,0.0032316651,-0.283090729,-0.13478322,-0.103671933,-0.001717436,-0.13478322,,-0.048196051,0.067023614,,-0.3914841429999999,6.0,1.9964942293,0.0,0.017691218,0.0677934281,,0.0915367431,4.7460304984,,6.7015538142,0.0,0.0,0.0219752914,0.0,0.2609577135,0.139097189,0.6380220347,1.9794266485,0.0807492257,0.0007048989,0.0079251184,-0.206619203,0.0,0.0149420914,0.0114968961,0.0574967165,0.0010946102,0.0750353731,0.0805474693,5.0,0.0245932657,1.336783e-10,0.0349044316,0.0229395775,0.5257806567000001,4.0285447913,1.8241804e-08,73.0,
2003-03-31,19486837.5,0.7328917604,0.5371303325,0.146084211,16.981516263,0.0435251845,-0.210958246,-0.062590085,-0.076224124,-0.334999193,0.2275844117,0.2270006182,0.85122958,0.0238311466,-0.023831147,37.0,-0.021657446,0.1473610556,-1.620955648,0.1047305905,5.8643741594000005,0.0570666712,0.1120516584,-0.0310756629999999,-0.012211188,-0.035566261,0.0,-0.77840672,1.0,1.9964942293,0.4678959378,0.0,0.0,0.0103149685,0.0878979501999999,0.0410113701,0.2254792167,-0.12282847,,0.0404401588,-0.024390244,0.0028447506,0.4903882318999999,-0.00195449,25392.52138,0.3607958611999999,0.0032316651,-0.283090729,-0.13478322,-0.103671933,-0.001717436,-0.13478322,,-0.048196051,0.067023614,,-0.3914841429999999,6.0,1.9964942293,0.0,0.017691218,0.0677934281,,0.0915367431,4.7460304984,,6.7015538142,0.0,0.0,0.0219752914,0.0,0.2609577135,0.139097189,0.6380220347,1.9794266485,0.0807492257,0.0007048989,0.0079251184,-0.206619203,0.0,0.0149420914,0.0114968961,0.0574967165,0.0010946102,0.0750353731,0.0805474693,5.0,0.0244910767,1.926268e-10,0.0374885537,0.0181142869,0.2629133642,0.9338264255,3.3472148999999995e-08,73.0,
2003-04-30,18461530.599,0.769481607,0.5921019435,0.291443218,16.410021145,0.042892095,-0.289395181,-0.048923049,-0.0624284559999999,-0.437213805,0.2254292805999999,-0.184815927,1.1340299146,0.0238311466,-0.023831147,37.0,-0.021657446,0.1473610556,-1.633812661,0.1047305905,5.8643741594000005,0.0570666712,0.1120516584,-0.0310756629999999,-0.012211188,-0.035566261,0.0,-0.77840672,1.0,1.9964942293,0.4678959378,0.0,0.0,0.0103149685,0.0878979501999999,0.0410113701,0.2254792167,-0.12282847,,0.0404401588,-0.024390244,0.0028447506,0.4903882318999999,-0.00195449,25392.52138,0.3607958611999999,0.0032316651,-0.283090729,-0.13478322,-0.103671933,-0.001717436,-0.13478322,,-0.048196051,0.067023614,,-0.3914841429999999,6.0,1.9964942293,0.0,0.017691218,0.0677934281,,0.0915367431,4.7460304984,,6.7015538142,0.0,0.0,0.0219752914,0.0,0.2609577135,0.139097189,0.6380220347,0.5472622638,0.0745264636,0.0003840599,-0.0061504169999999,-0.014027402,0.0,0.0115120370999999,0.0118882572,0.0411403141,0.00186344,0.0779221052,0.0844689722,5.0,0.0304595241,1.613644e-10,0.0522727482,0.0330782239999999,0.6039608208,8.3270715487,1.3233653e-08,73.0,
2003-05-30,20164380.49,0.7612817804,0.5795499491,-0.0452844129999999,17.184990925,0.0432851363,-0.228228426,0.0922377408,-0.270996853,-0.3865225929999999,-0.041343719,0.1361294905,1.0288124266,0.0238311466,-0.023831147,37.0,-0.021657446,0.1473610556,-1.63826852,0.1047305905,5.8643741594000005,0.0570666712,0.1120516584,-0.0310756629999999,-0.012211188,-0.035566261,0.0,-0.77840672,1.0,1.9964942293,0.4678959378,0.0,0.0,0.0103149685,0.0878979501999999,0.0410113701,0.2254792167,-0.12282847,,0.0404401588,-0.024390244,0.0028447506,0.4903882318999999,-0.00195449,25392.52138,0.3607958611999999,0.0032316651,-0.283090729,-0.13478322,-0.103671933,-0.001717436,-0.13478322,,-0.048196051,0.067023614,,-0.3914841429999999,6.0,1.9964942293,0.0,0.017691218,0.0677934281,,0.0915367431,4.7460304984,,6.7015538142,0.0,0.0,0.0219752914,0.0,0.2609577135,0.139097189,0.6380220347,0.5472622638,0.0745264636,0.0003840599,-0.0061504169999999,-0.014027402,0.0,0.0115120370999999,0.0118882572,0.0411403141,0.00186344,0.0779221052,0.0844689722,5.0,0.0274319527,1.719877e-10,0.0366855748,0.0168477091999999,0.2257336878999999,0.8573246251000001,2.5500583e-08,73.0,
2003-06-30,20871213.013,0.8075646269,0.6521606267,-0.033791307,16.617281224,0.0432457442,-0.080744215,0.0377639122,-0.220973378,-0.3438749379999999,-0.0421168659999999,-0.000303653,1.0812513551,0.0238311466,-0.023831147,37.0,-0.021657446,0.1473610556,-1.686794616,0.1047305905,5.8643741594000005,0.0570666712,0.1120516584,-0.0310756629999999,-0.012211188,-0.035566261,0.0,-0.77840672,1.0,1.9964942293,0.4678959378,0.0,0.0,0.0103149685,0.0878979501999999,0.0410113701,0.2254792167,-0.12282847,,0.0404401588,-0.024390244,0.0028447506,0.4903882318999999,-0.00195449,25392.52138,0.3607958611999999,0.0032316651,-0.283090729,-0.13478322,-0.103671933,-0.001717436,-0.13478322,,-0.048196051,0.067023614,,-0.3914841429999999,6.0,1.9964942293,0.0,0.017691218,0.0677934281,,0.0915367431,4.7460304984,,6.7015538142,0.0,0.0,0.0219752914,0.0,0.2609577135,0.139097189,0.6380220347,0.5472622638,0.0745264636,0.0003840599,-0.0061504169999999,-0.014027402,0.0,0.0115120370999999,0.0118882572,0.0411403141,0.00186344,0.0779221052,0.0844689722,5.0,0.0204104659,1.268471e-10,0.0319338217,0.0135450961,0.1565661483,0.6457027160000001,2.4679466e-08,73.0,
2003-07-31,20249262.305,0.8041806648000001,0.6467065417,-0.037901805,16.686938887,0.0430633269,0.2730585521,-0.026361058,-0.107362558,-0.190370359,-0.174144088,0.0528440959999999,0.8636939011,0.0238311466,-0.023831147,37.0,-0.021657446,0.2276823103,-2.199687301,0.1047305905,5.8643741594000005,0.0570666712,0.1120516584,-0.0310756629999999,-0.012211188,-0.035566261,0.0,-0.77840672,1.0,1.9964942293,0.4678959378,0.0,0.0,0.0103149685,0.0878979501999999,0.0410113701,0.2254792167,-0.12282847,,0.0404401588,-0.024390244,0.0028447506,0.4903882318999999,-0.00195449,25392.52138,0.3607958611999999,0.0032316651,-0.283090729,-0.13478322,-0.103671933,-0.001717436,-0.13478322,,-0.048196051,0.067023614,,-0.3914841429999999,6.0,1.9964942293,0.0,0.017691218,0.0677934281,,0.0915367431,4.7460304984,,6.7015538142,0.0,0.0,0.0219752914,0.0,0.2609577135,0.139097189,0.6380220347,2.0728758512,0.082329616,-0.000200893,-0.003827723,-0.085982573,1.0,0.0166724059,0.0118822352,0.0551050911,8.3581e-05,0.0756940842999999,0.0808712472,5.0,0.0224487777,1.369633e-10,0.0266783889,0.0135366823,0.3040727668,1.2618481955,2.2505022e-08,73.0,
2003-08-29,22174916.415,0.7931744031999999,0.6291256339,0.1418192874,16.746444722,0.0429405542999999,0.6264413456,0.0950974971,-0.016082061,-0.079380666,-0.235783938,0.0367850603,0.8749698315000001,0.0238311466,-0.023831147,37.0,-0.021657446,0.2276823103,-2.191243573,0.1047305905,5.8643741594000005,0.0570666712,0.1120516584,-0.0310756629999999,-0.012211188,-0.035566261,0.0,-0.77840672,1.0,1.9964942293,0.4678959378,0.0,0.0,0.0103149685,0.0878979501999999,0.0410113701,0.2254792167,-0.12282847,,0.0404401588,-0.024390244,0.0028447506,0.4903882318999999,-0.00195449,25392.52138,0.3607958611999999,0.0032316651,-0.283090729,-0.13478322,-0.103671933,-0.001717436,-0.13478322,,-0.048196051,0.067023614,,-0.3914841429999999,6.0,1.9964942293,0.0,0.017691218,0.0677934281,,0.0915367431,4.7460304984,,6.7015538142,0.0,0.0,0.0219752914,0.0,0.2609577135,0.139097189,0.6380220347,2.0728758512,0.082329616,-0.000200893,-0.003827723,-0.085982573,1.0,0.0166724059,0.0118822352,0.0551050911,8.3581e-05,0.0756940842999999,0.0808712472,5.0,0.0254987458999999,1.790372e-10,0.0336795039,0.0169547845999999,0.3427328923,1.4219378243,2.3315027000000013e-08,73.0,
2003-09-30,23867337.299,0.7851616978,0.6164788915999999,0.371198295,16.755408487,0.0427871678,0.8716465354,0.0763214082,0.1494289261,-0.00464436,-0.356578502,0.0495151172,0.8059041161,0.0238311466,-0.023831147,37.0,-0.021657446,0.2276823103,-2.1944663280000003,0.1047305905,5.8643741594000005,0.0570666712,0.1120516584,-0.0310756629999999,-0.012211188,-0.035566261,0.0,-0.77840672,1.0,1.9964942293,0.4678959378,0.0,0.0,0.0103149685,0.0878979501999999,0.0410113701,0.2254792167,-0.12282847,,0.0404401588,-0.024390244,0.0028447506,0.4903882318999999,-0.00195449,25392.52138,0.3607958611999999,0.0032316651,-0.283090729,-0.13478322,-0.103671933,-0.001717436,-0.13478322,,-0.048196051,0.067023614,,-0.3914841429999999,6.0,1.9964942293,0.0,0.017691218,0.0677934281,,0.0915367431,4.7460304984,,6.7015538142,0.0,0.0,0.0219752914,0.0,0.2609577135,0.139097189,0.6380220347,2.0728758512,0.082329616,-0.000200893,-0.003827723,-0.085982573,1.0,0.0166724059,0.0118822352,0.0551050911,8.3581e-05,0.0756940842999999,0.0808712472,5.0,0.017810163,1.079614e-10,0.0203495622,0.0089442495,0.3500394318,1.1109986554,3.3257268e-08,73.0,
2003-10-31,21327415.042,0.7937330042,0.6300120819,0.2806739028,16.520302381,0.0425526679999999,1.264949561,-0.09872216,0.3007937572,0.1599212861999999,-0.470843616,0.0097241276,0.7823099521,0.0238311466,-0.023831147,37.0,-0.021657446,0.2276823103,-11.81427768,0.1047305905,5.8643741594000005,0.0570666712,0.1120516584,-0.0310756629999999,-0.012211188,-0.035566261,0.0,-0.77840672,1.0,1.9964942293,0.4678959378,0.0,0.0,0.0103149685,0.0878979501999999,0.0410113701,0.2254792167,-0.12282847,,0.0404401588,-0.024390244,0.0028447506,0.4903882318999999,-0.00195449,25392.52138,0.3607958611999999,0.0032316651,-0.283090729,-0.13478322,-0.103671933,-0.001717436,-0.13478322,,-0.048196051,0.067023614,,-0.3914841429999999,6.0,1.9964942293,0.0,0.017691218,0.0677934281,,0.0915367431,4.7460304984,,6.7015538142,0.0,0.0,0.0219752914,0.0,0.2609577135,0.139097189,0.6380220347,-0.44207689,0.1043970851999999,-0.00083107,0.0004564751,0.0275975456,2.0,0.0173336309,0.0105916554,0.0661544063,0.0019410955999999,0.0741039328,0.0776948782,5.0,0.0187975295999999,1.310587e-10,0.0140405856,0.013186835,0.2001533013,0.872780487,2.4351147e-08,73.0,
2003-11-28,22451791.179,0.8071754158,0.6515321519,0.3337143705,16.724442479,0.0416932666,1.0923338229,0.052719757,0.073371249,-0.145333778,-0.337261502,0.1534475523,0.7667511162,0.0238311466,-0.023831147,37.0,-0.021657446,0.2276823103,-12.06643689,0.1047305905,5.8643741594000005,0.0570666712,0.1120516584,-0.0310756629999999,-0.012211188,-0.035566261,0.0,-0.77840672,1.0,1.9964942293,0.4678959378,0.0,0.0,0.0103149685,0.0878979501999999,0.0410113701,0.2254792167,-0.12282847,,0.0404401588,-0.024390244,0.0028447506,0.4903882318999999,-0.00195449,25392.52138,0.3607958611999999,0.0032316651,-0.283090729,-0.13478322,-0.103671933,-0.001717436,-0.13478322,,-0.048196051,0.067023614,,-0.3914841429999999,6.0,1.9964942293,0.0,0.017691218,0.0677934281,,0.0915367431,4.7460304984,,6.7015538142,0.0,0.0,0.0219752914,0.0,0.2609577135,0.139097189,0.6380220347,-0.44207689,0.1043970851999999,-0.00083107,0.0004564751,0.0275975456,2.0,0.0173336309,0.0105916554,0.0661544063,0.0019410955999999,0.0741039328,0.0776948782,5.0,0.0197306031,1.142212e-10,0.0244300085999999,0.0135036166999999,0.2842172124,0.9524525509,2.3514746e-08,73.0,
2003-12-31,22725364.468,0.8684258325,0.7541634266,0.2945315113,16.714835735999998,0.0411970454,0.9177458697,0.0129835149,0.0888402526,-0.119731763,-0.329669695,0.0807826837,0.8083225948999999,0.0238311466,-0.023831147,37.0,-0.021657446,0.2276823103,-12.16974032,0.1047305905,5.8643741594000005,0.0570666712,0.1120516584,-0.0310756629999999,-0.012211188,-0.035566261,0.0,-0.77840672,1.0,1.9964942293,0.4678959378,0.0,0.0,0.0103149685,0.0878979501999999,0.0410113701,0.2254792167,-0.12282847,,0.0404401588,-0.024390244,0.0028447506,0.4903882318999999,-0.00195449,25392.52138,0.3607958611999999,0.0032316651,-0.283090729,-0.13478322,-0.103671933,-0.001717436,-0.13478322,,-0.048196051,0.067023614,,-0.3914841429999999,6.0,1.9964942293,0.0,0.017691218,0.0677934281,,0.0915367431,4.7460304984,,6.7015538142,0.0,0.0,0.0219752914,0.0,0.2609577135,0.139097189,0.6380220347,-0.44207689,0.1043970851999999,-0.00083107,0.0004564751,0.0275975456,2.0,0.0173336309,0.0105916554,0.0661544063,0.0019410955999999,0.0741039328,0.0776948782,5.0,0.0174627388,1.301148e-10,0.0263087116,0.0143476674,0.4285606085,1.5682789633,3.0524969e-08,73.0,
2004-01-30,23545689.543,0.8763438478,0.7679785397,0.308774532,16.657859582,0.0379823421,1.2333439109,0.0397593789,0.1328400891,-0.01544123,-0.368146266,0.2245298266,0.7505722492,0.0287030297,-0.02870303,38.0,-0.085199416,0.2421652069,-12.21517142,0.0936003401,0.1955992169,0.0777056595,0.0601831115,-0.049846905,-0.034848949,-0.0278325179999999,0.0,-0.109571005,1.0,1.8388694521,0.4468546497,0.0,0.0,0.0141304547,0.0503045928,0.0505504908,0.221612077,-0.278567037,,0.0432186832,0.025,0.0090637047999999,0.7180388034,0.0987577643,18048.629891,0.3111088039,0.0032507771,-0.7978558720000001,-0.07895078,-0.044970017,-0.016245771,-0.07895078,,0.0580179559999999,-0.064177816,,-0.5371890189999999,4.0,1.8388694521,0.0,0.0247845608,0.069846203,,0.0767939174,3.5639144423,,7.105570209,0.0,0.0,0.0203810164999999,0.0,0.3548447846,0.1539513099,0.814564066,0.4252716204,0.1011100769,-0.002518532,0.0345386055,-0.017467592,0.0,0.0106579639,0.0102860158999999,0.0414452885,0.0032889221999999,0.0789724524,0.0828889129,5.0,0.0145945732,9.93553e-11,0.0183102469999999,0.0090146375,0.401120564,1.0095011866,2.8937312000000003e-08,73.0,
2004-02-27,25412224.5,0.9395854934,0.8828208995,0.0833741777,16.599355748,0.0376683434,1.159529814,0.0792728961,0.0755947397,0.1589383510999999,-0.4096854889999999,0.1090949077,0.7649221662000001,0.0287030297,-0.02870303,38.0,-0.085199416,0.2421652069,-12.39793297,0.0936003401,0.1955992169,0.0777056595,0.0601831115,-0.049846905,-0.034848949,-0.0278325179999999,0.0,-0.109571005,1.0,1.8388694521,0.4468546497,0.0,0.0,0.0141304547,0.0503045928,0.0505504908,0.221612077,-0.278567037,,0.0432186832,0.025,0.0090637047999999,0.7180388034,0.0987577643,18048.629891,0.3111088039,0.0032507771,-0.7978558720000001,-0.07895078,-0.044970017,-0.016245771,-0.07895078,,0.0580179559999999,-0.064177816,,-0.5371890189999999,4.0,1.8388694521,0.0,0.0247845608,0.069846203,,0.0767939174,3.5639144423,,7.105570209,0.0,0.0,0.0203810164999999,0.0,0.3548447846,0.1539513099,0.814564066,0.4252716204,0.1011100769,-0.002518532,0.0345386055,-0.017467592,0.0,0.0106579639,0.0102860158999999,0.0414452885,0.0032889221999999,0.0789724524,0.0828889129,5.0,0.0182295821,8.347348e-11,0.0295295379999999,0.0129391397,0.3010074729,1.2677671031,2.6193211e-08,73.0,
2004-03-31,25041722.4,0.952835351,0.9078952061,-0.1661794369999999,16.87058509,0.0369240783,1.5045828208,-0.007017526,0.078544235,0.3343263502,-0.438567296,0.0112479773,0.7015052553,0.0287030297,-0.02870303,38.0,-0.085199416,0.2421652069,-12.26108159,0.0936003401,0.1955992169,0.0777056595,0.0601831115,-0.049846905,-0.034848949,-0.0278325179999999,0.0,-0.109571005,1.0,1.8388694521,0.4468546497,0.0,0.0,0.0141304547,0.0503045928,0.0505504908,0.221612077,-0.278567037,,0.0432186832,0.025,0.0090637047999999,0.7180388034,0.0987577643,18048.629891,0.3111088039,0.0032507771,-0.7978558720000001,-0.07895078,-0.044970017,-0.016245771,-0.07895078,,0.0580179559999999,-0.064177816,,-0.5371890189999999,4.0,1.8388694521,0.0,0.0247845608,0.069846203,,0.0767939174,3.5639144423,,7.105570209,0.0,0.0,0.0203810164999999,0.0,0.3548447846,0.1539513099,0.814564066,0.4252716204,0.1011100769,-0.002518532,0.0345386055,-0.017467592,0.0,0.0106579639,0.0102860158999999,0.0414452885,0.0032889221999999,0.0789724524,0.0828889129,5.0,0.0194968867,1.289742e-10,0.0152047137,0.0116069987999999,0.2351252221999999,0.7381657618,4.0653943000000006e-08,73.0,
2004-04-30,24776262.0,0.9120926712,0.8319130408,0.0072313349,16.474760593,0.0364960805,1.4330536915,-0.0073027269999999,0.1882856487,0.3931182743,-0.421759723,0.0904332012,0.7344610740999999,0.0287030297,-0.02870303,38.0,-0.085199416,0.2421652069,-12.31487889,0.0936003401,0.1955992169,0.0777056595,0.0601831115,-0.049846905,-0.034848949,-0.0278325179999999,0.0,-0.109571005,1.0,1.8388694521,0.4468546497,0.0,0.0,0.0141304547,0.0503045928,0.0505504908,0.221612077,-0.278567037,,0.0432186832,0.025,0.0090637047999999,0.7180388034,0.0987577643,18048.629891,0.3111088039,0.0032507771,-0.7978558720000001,-0.07895078,-0.044970017,-0.016245771,-0.07895078,,0.0580179559999999,-0.064177816,,-0.5371890189999999,4.0,1.8388694521,0.0,0.0247845608,0.069846203,,0.0767939174,3.5639144423,,7.105570209,0.0,0.0,0.0203810164999999,0.0,0.3548447846,0.1539513099,0.814564066,-0.039954194,0.0993581622,-0.0008651889999999,-0.011255642,-0.021854217,0.0,0.0098242025,0.0104042061,0.0362749659,0.0034533046,0.0760822986,0.0842479225,5.0,0.0187017605,1.140272e-10,0.0196697749,0.0132325379,0.2794810773,0.9143883976,2.4036666e-08,73.0,
2004-05-28,25844001.72,0.9479998716,0.8987037566,0.0388642431999999,16.791398631,0.0359695904,1.1324961702,0.043095272,0.1205336606,0.2661572295,-0.366910681,0.0876566342,0.7235469718,0.0287030297,-0.02870303,38.0,-0.085199416,0.2421652069,-12.38445527,0.0936003401,0.1955992169,0.0777056595,0.0601831115,-0.049846905,-0.034848949,-0.0278325179999999,0.0,-0.109571005,1.0,1.8388694521,0.4468546497,0.0,0.0,0.0141304547,0.0503045928,0.0505504908,0.221612077,-0.278567037,,0.0432186832,0.025,0.0090637047999999,0.7180388034,0.0987577643,18048.629891,0.3111088039,0.0032507771,-0.7978558720000001,-0.07895078,-0.044970017,-0.016245771,-0.07895078,,0.0580179559999999,-0.064177816,,-0.5371890189999999,4.0,1.8388694521,0.0,0.0247845608,0.069846203,,0.0767939174,3.5639144423,,7.105570209,0.0,0.0,0.0203810164999999,0.0,0.3548447846,0.1539513099,0.814564066,-0.039954194,0.0993581622,-0.0008651889999999,-0.011255642,-0.021854217,0.0,0.0098242025,0.0104042061,0.0362749659,0.0034533046,0.0760822986,0.0842479225,5.0,0.0202579991,1.11014e-10,0.0500712059,0.016319455,0.4573948939,2.1768677249,2.5693006e-08,73.0,
2004-06-30,26234493.42,0.967112014,0.9353056476,0.0671943792,16.857924555,0.0362034154999999,0.615226457,0.0141519951,0.1538424331,0.2726619265,-0.336767777,0.0255031171,0.826870663,0.0287030297,-0.02870303,38.0,-0.085199416,0.2421652069,-12.46280258,0.0936003401,0.1955992169,0.0777056595,0.0601831115,-0.049846905,-0.034848949,-0.0278325179999999,0.0,-0.109571005,1.0,1.8388694521,0.4468546497,0.0,0.0,0.0141304547,0.0503045928,0.0505504908,0.221612077,-0.278567037,,0.0432186832,0.025,0.0090637047999999,0.7180388034,0.0987577643,18048.629891,0.3111088039,0.0032507771,-0.7978558720000001,-0.07895078,-0.044970017,-0.016245771,-0.07895078,,0.0580179559999999,-0.064177816,,-0.5371890189999999,4.0,1.8388694521,0.0,0.0247845608,0.069846203,,0.0767939174,3.5639144423,,7.105570209,0.0,0.0,0.0203810164999999,0.0,0.3548447846,0.1539513099,0.814564066,-0.039954194,0.0993581622,-0.0008651889999999,-0.011255642,-0.021854217,0.0,0.0098242025,0.0104042061,0.0362749659,0.0034533046,0.0760822986,0.0842479225,5.0,0.0162882162,6.694378e-11,0.0225886608999999,0.0110187529,0.3924648947,1.9939339884,2.4838109e-08,73.0,
2004-07-30,24728800.471,0.9602567743,0.9220930725,-0.113501728,16.954642879,0.0357299972999999,0.4904662635,-0.0542426109999999,0.125425391,0.3256173058,-0.303196895,0.1005982864,0.8177377943999999,0.0287030297,-0.02870303,38.0,-0.085199416,0.2417541855999999,-1.030918867,0.0936003401,0.1955992169,0.0777056595,0.0601831115,-0.049846905,-0.034848949,-0.0278325179999999,0.0,-0.109571005,1.0,1.8388694521,0.4468546497,0.0,0.0,0.0141304547,0.0503045928,0.0505504908,0.221612077,-0.278567037,,0.0432186832,0.025,0.0090637047999999,0.7180388034,0.0987577643,18048.629891,0.3111088039,0.0032507771,-0.7978558720000001,-0.07895078,-0.044970017,-0.016245771,-0.07895078,,0.0580179559999999,-0.064177816,,-0.5371890189999999,4.0,1.8388694521,0.0,0.0247845608,0.069846203,,0.0767939174,3.5639144423,,7.105570209,0.0,0.0,0.0203810164999999,0.0,0.3548447846,0.1539513099,0.814564066,0.5182964425,0.0564689901,-0.00132611,-0.004420869,0.0326162234,1.0,0.012214133,0.0096433281999999,0.0427281646999999,0.0061800449,0.0770791227,0.0859116784999999,5.0,0.0150749564999999,9.133195e-11,0.0128321368,0.0099700768,0.3145282304,1.2704164583,2.7296689e-08,73.0,
2004-08-31,24787846.37,0.9722567291,0.9452831472,-0.172305045,16.75326799,0.0343288904,0.3541552788,0.0023877381,-0.0137995839999999,0.1448408616,-0.255653648,0.1468594352999999,0.8487151219,0.0287030297,-0.02870303,38.0,-0.085199416,0.2417541855999999,-1.03849999,0.0936003401,0.1955992169,0.0777056595,0.0601831115,-0.049846905,-0.034848949,-0.0278325179999999,0.0,-0.109571005,1.0,1.8388694521,0.4468546497,0.0,0.0,0.0141304547,0.0503045928,0.0505504908,0.221612077,-0.278567037,,0.0432186832,0.025,0.0090637047999999,0.7180388034,0.0987577643,18048.629891,0.3111088039,0.0032507771,-0.7978558720000001,-0.07895078,-0.044970017,-0.016245771,-0.07895078,,0.0580179559999999,-0.064177816,,-0.5371890189999999,4.0,1.8388694521,0.0,0.0247845608,0.069846203,,0.0767939174,3.5639144423,,7.105570209,0.0,0.0,0.0203810164999999,0.0,0.3548447846,0.1539513099,0.814564066,0.5182964425,0.0564689901,-0.00132611,-0.004420869,0.0326162234,1.0,0.012214133,0.0096433281999999,0.0427281646999999,0.0061800449,0.0770791227,0.0859116784999999,5.0,0.01906311,8.920222e-11,0.0415189713,0.0165899719,0.4474699197,2.1780603657,2.3787861e-08,73.0,
2004-09-30,23231804.847,0.9893385235,0.978790714,-0.12784346,16.893242876,0.0347560087,0.1401244884,-0.0526440959999999,-0.004458558,0.0662005169,-0.211381457,-0.10875509,0.7314758385,0.0287030297,-0.02870303,38.0,-0.085199416,0.2417541855999999,-1.044579801,0.0936003401,0.1955992169,0.0777056595,0.0601831115,-0.049846905,-0.034848949,-0.0278325179999999,0.0,-0.109571005,1.0,1.8388694521,0.4468546497,0.0,0.0,0.0141304547,0.0503045928,0.0505504908,0.221612077,-0.278567037,,0.0432186832,0.025,0.0090637047999999,0.7180388034,0.0987577643,18048.629891,0.3111088039,0.0032507771,-0.7978558720000001,-0.07895078,-0.044970017,-0.016245771,-0.07895078,,0.0580179559999999,-0.064177816,,-0.5371890189999999,4.0,1.8388694521,0.0,0.0247845608,0.069846203,,0.0767939174,3.5639144423,,7.105570209,0.0,0.0,0.0203810164999999,0.0,0.3548447846,0.1539513099,0.814564066,0.5182964425,0.0564689901,-0.00132611,-0.004420869,0.0326162234,1.0,0.012214133,0.0096433281999999,0.0427281646999999,0.0061800449,0.0770791227,0.0859116784999999,5.0,0.0138014264999999,1.351332e-10,0.0181122217,0.0107697162,0.2799487783,0.8001126953000001,3.7804149e-08,73.0,
2004-10-29,24069106.422,0.9690237828,0.9390070916,-0.189165168,16.328984415999997,0.0345828674,0.0507617372,0.0424943230999999,-0.049929834,0.1207102951,-0.219617877,0.091056229,0.6524819529,0.0287030297,-0.02870303,38.0,-0.085199416,0.2417541855999999,-1.341987838,0.0936003401,0.1955992169,0.0777056595,0.0601831115,-0.049846905,-0.034848949,-0.0278325179999999,0.0,-0.109571005,1.0,1.8388694521,0.4468546497,0.0,0.0,0.0141304547,0.0503045928,0.0505504908,0.221612077,-0.278567037,,0.0432186832,0.025,0.0090637047999999,0.7180388034,0.0987577643,18048.629891,0.3111088039,0.0032507771,-0.7978558720000001,-0.07895078,-0.044970017,-0.016245771,-0.07895078,,0.0580179559999999,-0.064177816,,-0.5371890189999999,4.0,1.8388694521,0.0,0.0247845608,0.069846203,,0.0767939174,3.5639144423,,7.105570209,0.0,0.0,0.0203810164999999,0.0,0.3548447846,0.1539513099,0.814564066,0.170968563,0.0482137584999999,-0.001191378,-0.004032034,0.0163185158,2.0,0.0121558099,0.0063380941,0.0558665662999999,0.0086959821,0.0768570633,0.0832552339,5.0,0.0177432893,1.496049e-10,0.0330599137,0.0126522117999999,0.3080193989,0.7687561136,3.8922913e-08,73.0,
2004-11-30,25274891.594,0.967150071,0.9353792599,-0.1717325,16.37406792,0.0342591353,-0.002201016,0.0500967987,-0.050477189,0.1098244453999999,-0.251945902,0.1492019383,0.5606541261,0.0287030297,-0.02870303,38.0,-0.085199416,0.2417541855999999,-1.330341754,0.0936003401,0.1955992169,0.0777056595,0.0601831115,-0.049846905,-0.034848949,-0.0278325179999999,0.0,-0.109571005,1.0,1.8388694521,0.4468546497,0.0,0.0,0.0141304547,0.0503045928,0.0505504908,0.221612077,-0.278567037,,0.0432186832,0.025,0.0090637047999999,0.7180388034,0.0987577643,18048.629891,0.3111088039,0.0032507771,-0.7978558720000001,-0.07895078,-0.044970017,-0.016245771,-0.07895078,,0.0580179559999999,-0.064177816,,-0.5371890189999999,4.0,1.8388694521,0.0,0.0247845608,0.069846203,,0.0767939174,3.5639144423,,7.105570209,0.0,0.0,0.0203810164999999,0.0,0.3548447846,0.1539513099,0.814564066,0.170968563,0.0482137584999999,-0.001191378,-0.004032034,0.0163185158,2.0,0.0121558099,0.0063380941,0.0558665662999999,0.0086959821,0.0768570633,0.0832552339,5.0,0.0212553212,1.886298e-10,0.0691808313,0.0204830708,0.4131005651,1.606523636,3.4020214999999995e-08,73.0,
2004-12-31,26522954.429,0.9929616095,0.985972758,-0.138504266,16.554921408,0.0340974237,0.0026120296,0.0493201054999999,-0.016823051,0.1504857484,-0.294154049,0.1187529122,0.5694564131000001,0.0287030297,-0.02870303,38.0,-0.085199416,0.2417541855999999,-1.34022796,0.0936003401,0.1955992169,0.0777056595,0.0601831115,-0.049846905,-0.034848949,-0.0278325179999999,0.0,-0.109571005,1.0,1.8388694521,0.4468546497,0.0,0.0,0.0141304547,0.0503045928,0.0505504908,0.221612077,-0.278567037,,0.0432186832,0.025,0.0090637047999999,0.7180388034,0.0987577643,18048.629891,0.3111088039,0.0032507771,-0.7978558720000001,-0.07895078,-0.044970017,-0.016245771,-0.07895078,,0.0580179559999999,-0.064177816,,-0.5371890189999999,4.0,1.8388694521,0.0,0.0247845608,0.069846203,,0.0767939174,3.5639144423,,7.105570209,0.0,0.0,0.0203810164999999,0.0,0.3548447846,0.1539513099,0.814564066,0.170968563,0.0482137584999999,-0.001191378,-0.004032034,0.0163185158,2.0,0.0121558099,0.0063380941,0.0558665662999999,0.0086959821,0.0768570633,0.0832552339,5.0,0.0151035074,1.038739e-10,0.0147783216,0.0076271241,0.4104233676,1.1773300023,3.7241394e-08,73.0,
2005-01-31,25835559.411,0.9690760859,0.9391084603,0.0019001956,16.51260068,0.0335916948,0.0773385866,-0.022512637,0.090837197,0.1610646187,-0.310300024,0.203799764,0.5687451577,0.0222865868,-0.022286587,39.0,-0.064884005,0.2421441507999999,-1.299406467,0.0823695287,3.1388678343,0.0566094722,0.0406027395,0.0202391195,-0.012985026,-0.267482617,0.0,-0.311005823,1.0,1.5616102247,0.4775754141,0.0,0.0,0.0129945546999999,0.0086004342,0.0380492796,0.2132499323999999,0.4014805557,0.0170930817,0.0425026796,0.0243902439,0.0015127304999999,0.6386305819,0.0857885502999999,22046.532185,0.3032587669,0.0032135808,-4.558457088,-0.150777004,0.0687488974,-0.040808651,-0.150777004,,0.0332571287,-0.015481112,,-0.4877935379999999,5.0,1.5616102247,0.0,0.0236357617,0.0749412439,,0.0683265434,6.8684028962,,7.330242415,0.0,0.0,0.0850599628,0.0,0.3153905706,0.1055445325,0.4366731565,-0.0987991959999999,0.0534585755999999,-0.000256634,0.0131688946,0.0372748813,0.0,0.0083337656,0.0031210953999999,0.0376713559,0.0070875359,0.0717881833,0.0804595342,4.0,0.0135538754,1.039259e-10,0.0153744956,0.007651533,0.3045433146,0.8041857362999999,3.7205134e-08,73.0,
2005-02-28,25328751.973,1.0037432773,1.0075005667,0.0543174182,16.440849869,0.0332394877999999,0.0502943182,-0.019616662,0.0637396434,0.0515653608,-0.1880803989999999,0.1766105043,0.6141482463,0.0222865868,-0.022286587,39.0,-0.064884005,0.2421441507999999,-1.303402148,0.0823695287,3.1388678343,0.0566094722,0.0406027395,0.0202391195,-0.012985026,-0.267482617,0.0,-0.311005823,1.0,1.5616102247,0.4775754141,0.0,0.0,0.0129945546999999,0.0086004342,0.0380492796,0.2132499323999999,0.4014805557,0.0170930817,0.0425026796,0.0243902439,0.0015127304999999,0.6386305819,0.0857885502999999,22046.532185,0.3032587669,0.0032135808,-4.558457088,-0.150777004,0.0687488974,-0.040808651,-0.150777004,,0.0332571287,-0.015481112,,-0.4877935379999999,5.0,1.5616102247,0.0,0.0236357617,0.0749412439,,0.0683265434,6.8684028962,,7.330242415,0.0,0.0,0.0850599628,0.0,0.3153905706,0.1055445325,0.4366731565,-0.0987991959999999,0.0534585755999999,-0.000256634,0.0131688946,0.0372748813,0.0,0.0083337656,0.0031210953999999,0.0376713559,0.0070875359,0.0717881833,0.0804595342,4.0,0.0177294189,1.047914e-10,0.0410376824,0.0139801329,0.3456112014999999,1.3831702715,2.9154088e-08,73.0,
2005-03-31,25049846.586,1.0215682712,1.0436017328,0.1445271262,16.76020003,0.0331545971,0.0008235931,-0.011959532,0.1008245356,0.0382229151,-0.17404695,0.1056959709,0.631204871,0.0222865868,-0.022286587,39.0,-0.064884005,0.2421441507999999,-1.304114696,0.0823695287,3.1388678343,0.0566094722,0.0406027395,0.0202391195,-0.012985026,-0.267482617,0.0,-0.311005823,1.0,1.5616102247,0.4775754141,0.0,0.0,0.0129945546999999,0.0086004342,0.0380492796,0.2132499323999999,0.4014805557,0.0170930817,0.0425026796,0.0243902439,0.0015127304999999,0.6386305819,0.0857885502999999,22046.532185,0.3032587669,0.0032135808,-4.558457088,-0.150777004,0.0687488974,-0.040808651,-0.150777004,,0.0332571287,-0.015481112,,-0.4877935379999999,5.0,1.5616102247,0.0,0.0236357617,0.0749412439,,0.0683265434,6.8684028962,,7.330242415,0.0,0.0,0.0850599628,0.0,0.3153905706,0.1055445325,0.4366731565,-0.0987991959999999,0.0534585755999999,-0.000256634,0.0131688946,0.0372748813,0.0,0.0083337656,0.0031210953999999,0.0376713559,0.0070875359,0.0717881833,0.0804595342,4.0,0.0155845531,9.844959e-11,0.0166945085,0.0095120663,0.176441783,0.5965736328,3.7713639e-08,73.0,
2005-04-29,26210210.595,1.0002262779,1.000452607,0.10497447,16.542109575,0.0320662985,-0.001801554,0.0499302074,0.0433238484,0.0333525463,-0.259774724,0.2027241313,0.7416324671,0.0222865868,-0.022286587,39.0,-0.064884005,0.2421441507999999,-1.297380212,0.0823695287,3.1388678343,0.0566094722,0.0406027395,0.0202391195,-0.012985026,-0.267482617,0.0,-0.311005823,1.0,1.5616102247,0.4775754141,0.0,0.0,0.0129945546999999,0.0086004342,0.0380492796,0.2132499323999999,0.4014805557,0.0170930817,0.0425026796,0.0243902439,0.0015127304999999,0.6386305819,0.0857885502999999,22046.532185,0.3032587669,0.0032135808,-4.558457088,-0.150777004,0.0687488974,-0.040808651,-0.150777004,,0.0332571287,-0.015481112,,-0.4877935379999999,5.0,1.5616102247,0.0,0.0236357617,0.0749412439,,0.0683265434,6.8684028962,,7.330242415,0.0,0.0,0.0850599628,0.0,0.3153905706,0.1055445325,0.4366731565,1.1482623998,0.0604040496,0.0003569447,-0.004536162,0.0492869723,0.0,0.0098861019999999,0.0031469908,0.0385405534,0.004699667,0.0647574161,0.0769786311,4.0,0.0110469556,4.632502e-11,0.0116658890999999,0.0047598833,0.2988709857,1.1448720228,2.2982675e-08,73.0,
2005-05-31,25329732.879,0.9858027794,0.9718071199,0.0110247248,16.93695318,0.0322421966999999,0.0156570334,-0.033592928,0.0431583316,0.040123642,-0.115032405,0.1418578768999999,0.7053865301000001,0.0222865868,-0.022286587,39.0,-0.064884005,0.2421441507999999,-1.316912049,0.0823695287,3.1388678343,0.0566094722,0.0406027395,0.0202391195,-0.012985026,-0.267482617,0.0,-0.311005823,1.0,1.5616102247,0.4775754141,0.0,0.0,0.0129945546999999,0.0086004342,0.0380492796,0.2132499323999999,0.4014805557,0.0170930817,0.0425026796,0.0243902439,0.0015127304999999,0.6386305819,0.0857885502999999,22046.532185,0.3032587669,0.0032135808,-4.558457088,-0.150777004,0.0687488974,-0.040808651,-0.150777004,,0.0332571287,-0.015481112,,-0.4877935379999999,5.0,1.5616102247,0.0,0.0236357617,0.0749412439,,0.0683265434,6.8684028962,,7.330242415,0.0,0.0,0.0850599628,0.0,0.3153905706,0.1055445325,0.4366731565,1.1482623998,0.0604040496,0.0003569447,-0.004536162,0.0492869723,0.0,0.0098861019999999,0.0031469908,0.0385405534,0.004699667,0.0647574161,0.0769786311,4.0,0.0138496467999999,1.007108e-10,0.0371408574,0.0121805392,0.1995803305,0.6111774483,3.2462666000000004e-08,73.0,
2005-06-30,25550466.755,0.9788019958,0.958053347,-0.0629732809999999,16.60395306,0.0310444355,-0.0707910529999999,0.0082873069,-0.039267824,-0.008843992,-0.1211772469999999,0.1860486412999999,0.6736899668,0.0222865868,-0.022286587,39.0,-0.064884005,0.2421441507999999,-1.327014312,0.0823695287,3.1388678343,0.0566094722,0.0406027395,0.0202391195,-0.012985026,-0.267482617,0.0,-0.311005823,1.0,1.5616102247,0.4775754141,0.0,0.0,0.0129945546999999,0.0086004342,0.0380492796,0.2132499323999999,0.4014805557,0.0170930817,0.0425026796,0.0243902439,0.0015127304999999,0.6386305819,0.0857885502999999,22046.532185,0.3032587669,0.0032135808,-4.558457088,-0.150777004,0.0687488974,-0.040808651,-0.150777004,,0.0332571287,-0.015481112,,-0.4877935379999999,5.0,1.5616102247,0.0,0.0236357617,0.0749412439,,0.0683265434,6.8684028962,,7.330242415,0.0,0.0,0.0850599628,0.0,0.3153905706,0.1055445325,0.4366731565,1.1482623998,0.0604040496,0.0003569447,-0.004536162,0.0492869723,0.0,0.0098861019999999,0.0031469908,0.0385405534,0.004699667,0.0647574161,0.0769786311,4.0,0.0114906851,7.602668e-11,0.0150254639,0.0073750099,0.2071033353,0.5491325665,4.0463230000000004e-08,73.0,
2005-07-29,24482948.392,0.9493712402,0.9013057517,-0.113173345,16.391934596,0.025240621,-0.0259466729999999,-0.0382419639999999,-0.008995824,0.0566875118,-0.01171491,0.3369364506,0.6459767593,0.0222865868,-0.022286587,39.0,-0.064884005,0.2206823127,-1.17010604,0.0823695287,3.1388678343,0.0566094722,0.0406027395,0.0202391195,-0.012985026,-0.267482617,0.0,-0.311005823,1.0,1.5616102247,0.4775754141,0.0,0.0,0.0129945546999999,0.0086004342,0.0380492796,0.2132499323999999,0.4014805557,0.0170930817,0.0425026796,0.0243902439,0.0015127304999999,0.6386305819,0.0857885502999999,22046.532185,0.3032587669,0.0032135808,-4.558457088,-0.150777004,0.0687488974,-0.040808651,-0.150777004,,0.0332571287,-0.015481112,,-0.4877935379999999,5.0,1.5616102247,0.0,0.0236357617,0.0749412439,,0.0683265434,6.8684028962,,7.330242415,0.0,0.0,0.0850599628,0.0,0.3153905706,0.1055445325,0.4366731565,1.2055014046,0.0552148026999999,-0.0001319829999999,-0.0033477959999999,-0.01515889,1.0,0.0092821946,0.0032861934,0.0407866654,-0.002289223,0.0496341884999999,0.0648021489,4.0,0.0142230725,7.787427e-11,0.0303914417,0.009937485,0.2814786787,1.1808635284,2.5437605e-08,73.0,
2005-08-31,25906306.951,0.9157719534,0.8386382706000001,-0.0141763239999999,16.767293103,0.0253363377999999,0.1088525299,0.0581367313999999,-0.027822901,0.0138568815,0.1569477476,0.2293874329,0.6566031495,0.0222865868,-0.022286587,39.0,-0.064884005,0.2206823127,-1.083174222,0.0823695287,3.1388678343,0.0566094722,0.0406027395,0.0202391195,-0.012985026,-0.267482617,0.0,-0.311005823,1.0,1.5616102247,0.4775754141,0.0,0.0,0.0129945546999999,0.0086004342,0.0380492796,0.2132499323999999,0.4014805557,0.0170930817,0.0425026796,0.0243902439,0.0015127304999999,0.6386305819,0.0857885502999999,22046.532185,0.3032587669,0.0032135808,-4.558457088,-0.150777004,0.0687488974,-0.040808651,-0.150777004,,0.0332571287,-0.015481112,,-0.4877935379999999,5.0,1.5616102247,0.0,0.0236357617,0.0749412439,,0.0683265434,6.8684028962,,7.330242415,0.0,0.0,0.0850599628,0.0,0.3153905706,0.1055445325,0.4366731565,1.2055014046,0.0552148026999999,-0.0001319829999999,-0.0033477959999999,-0.01515889,1.0,0.0092821946,0.0032861934,0.0407866654,-0.002289223,0.0496341884999999,0.0648021489,4.0,0.0152131782,8.060523e-11,0.0188464578,0.0074241222,0.3092063701999999,0.9712081815,3.3307275e-08,73.0,
2005-09-30,24727711.5,0.9122243468,0.8321532589,-0.085428283,16.649565590999998,0.0254664231,0.2257923664,-0.037378967,0.0411479406999999,0.1324141249,0.0821122532,0.2031106191,0.6633746638,0.0222865868,-0.022286587,39.0,-0.064884005,0.2206823127,-1.094159412,0.0823695287,3.1388678343,0.0566094722,0.0406027395,0.0202391195,-0.012985026,-0.267482617,0.0,-0.311005823,1.0,1.5616102247,0.4775754141,0.0,0.0,0.0129945546999999,0.0086004342,0.0380492796,0.2132499323999999,0.4014805557,0.0170930817,0.0425026796,0.0243902439,0.0015127304999999,0.6386305819,0.0857885502999999,22046.532185,0.3032587669,0.0032135808,-4.558457088,-0.150777004,0.0687488974,-0.040808651,-0.150777004,,0.0332571287,-0.015481112,,-0.4877935379999999,5.0,1.5616102247,0.0,0.0236357617,0.0749412439,,0.0683265434,6.8684028962,,7.330242415,0.0,0.0,0.0850599628,0.0,0.3153905706,0.1055445325,0.4366731565,1.2055014046,0.0552148026999999,-0.0001319829999999,-0.0033477959999999,-0.01515889,1.0,0.0092821946,0.0032861934,0.0407866654,-0.002289223,0.0496341884999999,0.0648021489,4.0,0.0111977126,5.154487e-11,0.0063520591,0.0045770726,0.2669764094,0.6875138215000001,3.5763074000000004e-08,73.0,
2005-10-31,24853878.929,0.9136361756,0.8347310614,-0.130911679,16.399880625999998,0.0236699,0.1547506755,0.0104093784,-0.045430925,0.0456514062,0.2213897519,0.2411314167,0.6222918759,0.0222865868,-0.022286587,39.0,-0.064884005,0.2206823127,-0.766469202,0.0823695287,3.1388678343,0.0566094722,0.0406027395,0.0202391195,-0.012985026,-0.267482617,0.0,-0.311005823,1.0,1.5616102247,0.4775754141,0.0,0.0,0.0129945546999999,0.0086004342,0.0380492796,0.2132499323999999,0.4014805557,0.0170930817,0.0425026796,0.0243902439,0.0015127304999999,0.6386305819,0.0857885502999999,22046.532185,0.3032587669,0.0032135808,-4.558457088,-0.150777004,0.0687488974,-0.040808651,-0.150777004,,0.0332571287,-0.015481112,,-0.4877935379999999,5.0,1.5616102247,0.0,0.0236357617,0.0749412439,,0.0683265434,6.8684028962,,7.330242415,0.0,0.0,0.0850599628,0.0,0.3153905706,0.1055445325,0.4366731565,-0.091838458,0.0476620697,0.000425164,-0.00207726,0.0279099814,2.0,0.0113163187999999,0.0033006702,0.0563950680999999,0.0035676261,0.0426787641,0.0513489396,4.0,0.0138571406,8.31932e-11,0.0217958298,0.0085364937,0.3318708623,1.1546161192,3.1308662e-08,73.0,
2005-11-30,26944283.512,0.9204113882,0.8471571236,0.0738590729,16.622790831,0.023519462,0.1505589335,0.084107779,-0.001967625,0.0061319954,0.0485591507,0.1761633145,0.7139865879999999,0.0222865868,-0.022286587,39.0,-0.064884005,0.2206823127,-0.773041221,0.0823695287,3.1388678343,0.0566094722,0.0406027395,0.0202391195,-0.012985026,-0.267482617,0.0,-0.311005823,1.0,1.5616102247,0.4775754141,0.0,0.0,0.0129945546999999,0.0086004342,0.0380492796,0.2132499323999999,0.4014805557,0.0170930817,0.0425026796,0.0243902439,0.0015127304999999,0.6386305819,0.0857885502999999,22046.532185,0.3032587669,0.0032135808,-4.558457088,-0.150777004,0.0687488974,-0.040808651,-0.150777004,,0.0332571287,-0.015481112,,-0.4877935379999999,5.0,1.5616102247,0.0,0.0236357617,0.0749412439,,0.0683265434,6.8684028962,,7.330242415,0.0,0.0,0.0850599628,0.0,0.3153905706,0.1055445325,0.4366731565,-0.091838458,0.0476620697,0.000425164,-0.00207726,0.0279099814,2.0,0.0113163187999999,0.0033006702,0.0563950680999999,0.0035676261,0.0426787641,0.0513489396,4.0,0.0164051048,7.321793e-11,0.0560276099,0.0146175436,0.4545741427,2.2491303599,2.2273311000000004e-08,73.0,
2005-12-30,27100200.0,0.938068494,0.8799724994,0.1122069327999999,17.042446839,0.0244092833,0.0322799823,0.0072867586,0.0730817042,0.0394878714,0.0764816879,0.1583746658,0.7433252399,0.0222865868,-0.022286587,39.0,-0.064884005,0.2206823127,-0.7954712690000001,0.0823695287,3.1388678343,0.0566094722,0.0406027395,0.0202391195,-0.012985026,-0.267482617,0.0,-0.311005823,1.0,1.5616102247,0.4775754141,0.0,0.0,0.0129945546999999,0.0086004342,0.0380492796,0.2132499323999999,0.4014805557,0.0170930817,0.0425026796,0.0243902439,0.0015127304999999,0.6386305819,0.0857885502999999,22046.532185,0.3032587669,0.0032135808,-4.558457088,-0.150777004,0.0687488974,-0.040808651,-0.150777004,,0.0332571287,-0.015481112,,-0.4877935379999999,5.0,1.5616102247,0.0,0.0236357617,0.0749412439,,0.0683265434,6.8684028962,,7.330242415,0.0,0.0,0.0850599628,0.0,0.3153905706,0.1055445325,0.4366731565,-0.091838458,0.0476620697,0.000425164,-0.00207726,0.0279099814,2.0,0.0113163187999999,0.0033006702,0.0563950680999999,0.0035676261,0.0426787641,0.0513489396,4.0,0.0125437764,9.095842e-11,0.0301139522,0.0095649653,0.3979414378,0.9866466258,3.3340491e-08,73.0,
2006-01-31,26465940.88,0.9043139816,0.8177837773000001,0.1488943922,16.64624607,0.0237211985,0.0098701285,-0.019468052,0.1238803846,0.0711773966,0.1618285225,0.1591275386,0.6862203723,0.0155121601,-0.01551216,40.0,-0.307512741,0.2351139336,-0.7866445440000001,0.0724560284,-1.907973911,0.0588641269,0.0311629852,-0.000433487,-0.011777931,-0.123996874,0.0,-0.13574696,1.0,1.5857107152,0.4445093457999999,0.0,0.0,0.0144840083,0.0675807126999999,0.0433411466,0.2144640206,0.4660805335,0.022781659,0.0385848355,0.0476190476,-0.0031145009999999,0.8965383508,0.3902919393,21656.384728,0.3154437548,0.0028377701,-0.531983543,0.0154331024,-0.0692373759999999,-0.025012526,0.0154331024,,-0.957469266,0.0570466653,,-0.358158044,5.0,1.5857107152,0.0,0.0256293439,0.0734313045,,0.060815134,5.0856270943,,3.912308967,0.0,0.0,0.0959591960999999,0.0,0.3490247667,0.1300301281,0.2632897838,0.1344071753,0.0605169579,0.0010231736999999,0.0096139506,0.0022891751999999,0.0,0.0076191401,0.0035394601,0.0432782485,0.0033374408,0.0596785365,0.061832653,3.0,0.0129860532,8.056185999999999e-11,0.0114893811,0.0060055696999999,0.2479646641,0.5791496,4.1988535e-08,73.0,
2006-02-28,25335803.208,0.8766432456000001,0.7685033801000001,-0.031714136,16.390526876,0.0233920244,0.0680269744,-0.042701587,0.041453897,0.0713397687,0.2895072816,0.1466352706,0.6229522717,0.0155121601,-0.01551216,40.0,-0.307512741,0.2351139336,-0.79574093,0.0724560284,-1.907973911,0.0588641269,0.0311629852,-0.000433487,-0.011777931,-0.123996874,0.0,-0.13574696,1.0,1.5857107152,0.4445093457999999,0.0,0.0,0.0144840083,0.0675807126999999,0.0433411466,0.2144640206,0.4660805335,0.022781659,0.0385848355,0.0476190476,-0.0031145009999999,0.8965383508,0.3902919393,21656.384728,0.3154437548,0.0028377701,-0.531983543,0.0154331024,-0.0692373759999999,-0.025012526,0.0154331024,,-0.957469266,0.0570466653,,-0.358158044,5.0,1.5857107152,0.0,0.0256293439,0.0734313045,,0.060815134,5.0856270943,,3.912308967,0.0,0.0,0.0959591960999999,0.0,0.3490247667,0.1300301281,0.2632897838,0.1344071753,0.0605169579,0.0010231736999999,0.0096139506,0.0022891751999999,0.0,0.0076191401,0.0035394601,0.0432782485,0.0033374408,0.0596785365,0.061832653,3.0,0.0143136475,8.474524e-11,0.0147610045999999,0.0099194579,0.34778353,1.4932792807,2.8914132e-08,73.0,
2006-03-31,26770106.554,0.8331042518999999,0.6940626945,0.0864984947,16.768743065,0.0210782568,0.1466483894,0.0512061901,0.0356953862,0.0380059257,0.3591550049,0.1428271339,0.6887700258,0.0155121601,-0.01551216,40.0,-0.307512741,0.2351139336,-0.8030561009999999,0.0724560284,-1.907973911,0.0588641269,0.0311629852,-0.000433487,-0.011777931,-0.123996874,0.0,-0.13574696,1.0,1.5857107152,0.4445093457999999,0.0,0.0,0.0144840083,0.0675807126999999,0.0433411466,0.2144640206,0.4660805335,0.022781659,0.0385848355,0.0476190476,-0.0031145009999999,0.8965383508,0.3902919393,21656.384728,0.3154437548,0.0028377701,-0.531983543,0.0154331024,-0.0692373759999999,-0.025012526,0.0154331024,,-0.957469266,0.0570466653,,-0.358158044,5.0,1.5857107152,0.0,0.0256293439,0.0734313045,,0.060815134,5.0856270943,,3.912308967,0.0,0.0,0.0959591960999999,0.0,0.3490247667,0.1300301281,0.2632897838,0.1344071753,0.0605169579,0.0010231736999999,0.0096139506,0.0022891751999999,0.0,0.0076191401,0.0035394601,0.0432782485,0.0033374408,0.0596785365,0.061832653,3.0,0.0139870961,5.26612e-11,0.0305190235,0.0095868336,0.2713467138,1.1744286118,2.7945491e-08,73.0,
2006-04-28,26474529.377,0.6862431610999999,0.4709296762,0.105426103,16.90434693,0.0213385845,0.1790453087,-0.007036119,0.0775131588,0.0392674168,0.5004231728,0.2300440612,0.7796387520999999,0.0155121601,-0.01551216,40.0,-0.307512741,0.2351139336,-0.807802615,0.0724560284,-1.907973911,0.0588641269,0.0311629852,-0.000433487,-0.011777931,-0.123996874,0.0,-0.13574696,1.0,1.5857107152,0.4445093457999999,0.0,0.0,0.0144840083,0.0675807126999999,0.0433411466,0.2144640206,0.4660805335,0.022781659,0.0385848355,0.0476190476,-0.0031145009999999,0.8965383508,0.3902919393,21656.384728,0.3154437548,0.0028377701,-0.531983543,0.0154331024,-0.0692373759999999,-0.025012526,0.0154331024,,-0.957469266,0.0570466653,,-0.358158044,5.0,1.5857107152,0.0,0.0256293439,0.0734313045,,0.060815134,5.0856270943,,3.912308967,0.0,0.0,0.0959591960999999,0.0,0.3490247667,0.1300301281,0.2632897838,1.6133873483,0.0619662939,0.0001135051,0.0168447032,0.0694608896,0.0,0.0074523635,0.0037391415,0.0355821432,0.0029562002,0.0596785365,0.061832653,3.0,0.0134212628,6.587852e-11,0.0162664056,0.0078454485999999,0.2594810247,0.8593473091,2.4824941000000003e-08,73.0,
2006-05-31,25547226.261,0.6457870449,0.4170409074,-0.129619196,16.825427333,0.021860279,0.3432211753,-0.035026237,-0.013076311,0.0678264242,0.3275677179,0.2387371454,0.7778078508,0.0155121601,-0.01551216,40.0,-0.307512741,0.2351139336,-0.81408544,0.0724560284,-1.907973911,0.0588641269,0.0311629852,-0.000433487,-0.011777931,-0.123996874,0.0,-0.13574696,1.0,1.5857107152,0.4445093457999999,0.0,0.0,0.0144840083,0.0675807126999999,0.0433411466,0.2144640206,0.4660805335,0.022781659,0.0385848355,0.0476190476,-0.0031145009999999,0.8965383508,0.3902919393,21656.384728,0.3154437548,0.0028377701,-0.531983543,0.0154331024,-0.0692373759999999,-0.025012526,0.0154331024,,-0.957469266,0.0570466653,,-0.358158044,5.0,1.5857107152,0.0,0.0256293439,0.0734313045,,0.060815134,5.0856270943,,3.912308967,0.0,0.0,0.0959591960999999,0.0,0.3490247667,0.1300301281,0.2632897838,1.6133873483,0.0619662939,0.0001135051,0.0168447032,0.0694608896,0.0,0.0074523635,0.0037391415,0.0355821432,0.0029562002,0.0596785365,0.061832653,3.0,0.0162742679,8.715331e-11,0.0210295524,0.0139454875,0.3912099652,2.4218537563,3.1356313e-08,73.0,
2006-06-30,26207771.954,0.6387860306,0.4080475929,-0.105620996,16.747261423,0.0216609693,0.2982670647,0.0315335616,-0.054533918,0.0219552258,0.2898595367,0.2369794909,0.8341398106,0.0155121601,-0.01551216,40.0,-0.307512741,0.2351139336,-0.819728447,0.0724560284,-1.907973911,0.0588641269,0.0311629852,-0.000433487,-0.011777931,-0.123996874,0.0,-0.13574696,1.0,1.5857107152,0.4445093457999999,0.0,0.0,0.0144840083,0.0675807126999999,0.0433411466,0.2144640206,0.4660805335,0.022781659,0.0385848355,0.0476190476,-0.0031145009999999,0.8965383508,0.3902919393,21656.384728,0.3154437548,0.0028377701,-0.531983543,0.0154331024,-0.0692373759999999,-0.025012526,0.0154331024,,-0.957469266,0.0570466653,,-0.358158044,5.0,1.5857107152,0.0,0.0256293439,0.0734313045,,0.060815134,5.0856270943,,3.912308967,0.0,0.0,0.0959591960999999,0.0,0.3490247667,0.1300301281,0.2632897838,1.6133873483,0.0619662939,0.0001135051,0.0168447032,0.0694608896,0.0,0.0074523635,0.0037391415,0.0355821432,0.0029562002,0.0596785365,0.061832653,3.0,0.0146044467999999,6.201271e-11,0.021137815,0.0089204086,0.3150428544999999,1.4389255238999998,2.0121786e-08,73.0,
2006-07-31,26138605.371,0.6004773514,0.3605730496,-0.105935053,17.075081037,0.0216286545,0.1831747044,0.0014294535999999,-0.005356228,0.0960980561999999,0.2741199235,0.2781097165,0.8427268126999999,0.0155121601,-0.01551216,40.0,-0.307512741,0.2295138505999999,-1.167133298,0.0724560284,-1.907973911,0.0588641269,0.0311629852,-0.000433487,-0.011777931,-0.123996874,0.0,-0.13574696,1.0,1.5857107152,0.4445093457999999,0.0,0.0,0.0144840083,0.0675807126999999,0.0433411466,0.2144640206,0.4660805335,0.022781659,0.0385848355,0.0476190476,-0.0031145009999999,0.8965383508,0.3902919393,21656.384728,0.3154437548,0.0028377701,-0.531983543,0.0154331024,-0.0692373759999999,-0.025012526,0.0154331024,,-0.957469266,0.0570466653,,-0.358158044,5.0,1.5857107152,0.0,0.0256293439,0.0734313045,,0.060815134,5.0856270943,,3.912308967,0.0,0.0,0.0959591960999999,0.0,0.3490247667,0.1300301281,0.2632897838,1.1809960591,0.0530003508,-0.000620801,0.0126818445,-0.010573876,0.0,0.0078907937,0.0037473501,0.03419624,-0.018116393,0.0596785365,0.061832653,3.0,0.0131227229,7.288611e-11,0.0129755912,0.0077262795999999,0.2740365959,0.935172893,2.4975438e-08,73.0,
2006-08-31,25222169.033000004,0.5987101899,0.3584538915,0.0070337804,16.851065294,0.0215117514,0.0989563091,-0.035060644,0.0404964178,0.0373563689,0.2311169505999999,0.2731626132999999,0.8076900001,0.0155121601,-0.01551216,40.0,-0.307512741,0.2295138505999999,-1.125822227,0.0724560284,-1.907973911,0.0588641269,0.0311629852,-0.000433487,-0.011777931,-0.123996874,0.0,-0.13574696,1.0,1.5857107152,0.4445093457999999,0.0,0.0,0.0144840083,0.0675807126999999,0.0433411466,0.2144640206,0.4660805335,0.022781659,0.0385848355,0.0476190476,-0.0031145009999999,0.8965383508,0.3902919393,21656.384728,0.3154437548,0.0028377701,-0.531983543,0.0154331024,-0.0692373759999999,-0.025012526,0.0154331024,,-0.957469266,0.0570466653,,-0.358158044,5.0,1.5857107152,0.0,0.0256293439,0.0734313045,,0.060815134,5.0856270943,,3.912308967,0.0,0.0,0.0959591960999999,0.0,0.3490247667,0.1300301281,0.2632897838,1.1809960591,0.0530003508,-0.000620801,0.0126818445,-0.010573876,0.0,0.0078907937,0.0037473501,0.03419624,-0.018116393,0.0596785365,0.061832653,3.0,0.0148371615,1.267076e-10,0.0204508733,0.0116925787999999,0.3614340181,1.0517277456999998,4.0076296e-08,73.0,
2006-09-29,26222904.424,0.6253261354999999,0.3910327757,-0.058539218,16.437793282,0.0213030747,0.0554922962,0.0786106586,-0.0448915229999999,0.03985468,0.1010642936,0.1638755163,0.7195784628,0.0155121601,-0.01551216,40.0,-0.307512741,0.2295138505999999,-1.138107703,0.0724560284,-1.907973911,0.0588641269,0.0311629852,-0.000433487,-0.011777931,-0.123996874,0.0,-0.13574696,1.0,1.5857107152,0.4445093457999999,0.0,0.0,0.0144840083,0.0675807126999999,0.0433411466,0.2144640206,0.4660805335,0.022781659,0.0385848355,0.0476190476,-0.0031145009999999,0.8965383508,0.3902919393,21656.384728,0.3154437548,0.0028377701,-0.531983543,0.0154331024,-0.0692373759999999,-0.025012526,0.0154331024,,-0.957469266,0.0570466653,,-0.358158044,5.0,1.5857107152,0.0,0.0256293439,0.0734313045,,0.060815134,5.0856270943,,3.912308967,0.0,0.0,0.0959591960999999,0.0,0.3490247667,0.1300301281,0.2632897838,1.1809960591,0.0530003508,-0.000620801,0.0126818445,-0.010573876,0.0,0.0078907937,0.0037473501,0.03419624,-0.018116393,0.0596785365,0.061832653,3.0,0.0149815834,9.588096e-11,0.039684359,0.0114135477,0.4017932911999999,1.6771986836,2.6118507e-08,73.0,
2006-10-31,26150190.024,0.6005132679,0.3606161849,-0.02529784,16.799853029,0.0215364238,0.065091367,0.0068855803,0.0374900868,0.1100434786,0.2343870435999999,0.1605608919,0.6556979869,0.0155121601,-0.01551216,40.0,-0.307512741,0.2295138505999999,-1.289947162,0.0724560284,-1.907973911,0.0588641269,0.0311629852,-0.000433487,-0.011777931,-0.123996874,0.0,-0.13574696,1.0,1.5857107152,0.4445093457999999,0.0,0.0,0.0144840083,0.0675807126999999,0.0433411466,0.2144640206,0.4660805335,0.022781659,0.0385848355,0.0476190476,-0.0031145009999999,0.8965383508,0.3902919393,21656.384728,0.3154437548,0.0028377701,-0.531983543,0.0154331024,-0.0692373759999999,-0.025012526,0.0154331024,,-0.957469266,0.0570466653,,-0.358158044,5.0,1.5857107152,0.0,0.0256293439,0.0734313045,,0.060815134,5.0856270943,,3.912308967,0.0,0.0,0.0959591960999999,0.0,0.3490247667,0.1300301281,0.2632897838,1.1809960591,0.0530003508,-0.000620801,0.0126818445,-0.010573876,0.0,0.0078907937,0.0037473501,0.03419624,-0.018116393,0.0596785365,0.061832653,3.0,0.01478205,8.686805e-11,0.0183642264,0.009288596,0.3428515591,1.0940741922,3.4414426e-08,73.0,
2006-11-30,27310210.281,0.5880967357,0.3458577706,0.1782179461,16.631777224,0.0214774104,0.1239762801,0.0443599187,0.0825515143,0.0309738512,0.2711916798,0.1680694157,0.6893240854000001,0.0155121601,-0.01551216,40.0,-0.307512741,0.2295138505999999,-1.22617554,0.0724560284,-1.907973911,0.0588641269,0.0311629852,-0.000433487,-0.011777931,-0.123996874,0.0,-0.13574696,1.0,1.5857107152,0.4445093457999999,0.0,0.0,0.0144840083,0.0675807126999999,0.0433411466,0.2144640206,0.4660805335,0.022781659,0.0385848355,0.0476190476,-0.0031145009999999,0.8965383508,0.3902919393,21656.384728,0.3154437548,0.0028377701,-0.531983543,0.0154331024,-0.0692373759999999,-0.025012526,0.0154331024,,-0.957469266,0.0570466653,,-0.358158044,5.0,1.5857107152,0.0,0.0256293439,0.0734313045,,0.060815134,5.0856270943,,3.912308967,0.0,0.0,0.0959591960999999,0.0,0.3490247667,0.1300301281,0.2632897838,1.3253574306,0.0496519949,-0.000289875,-0.030534004,-0.021353772,1.0,0.0100967506999999,0.0030354991999999,0.0511108454999999,-0.012912368,0.0596785365,0.061832653,3.0,0.0120329382,6.642358e-11,0.0285354722,0.0085973307,0.3876366972,1.336223216,2.9961402e-08,73.0,
2006-12-29,26555775.358000003,0.5509963517,0.3035969796,0.0939083424,16.712895505,0.0217245048,0.1224619542,-0.024474092,0.0960122418999999,0.0689188141,0.2640428278,0.2159119242,0.6749962617,0.0155121601,-0.01551216,40.0,-0.307512741,0.2295138505999999,-1.23390733,0.0724560284,-1.907973911,0.0588641269,0.0311629852,-0.000433487,-0.011777931,-0.123996874,0.0,-0.13574696,1.0,1.5857107152,0.4445093457999999,0.0,0.0,0.0144840083,0.0675807126999999,0.0433411466,0.2144640206,0.4660805335,0.022781659,0.0385848355,0.0476190476,-0.0031145009999999,0.8965383508,0.3902919393,21656.384728,0.3154437548,0.0028377701,-0.531983543,0.0154331024,-0.0692373759999999,-0.025012526,0.0154331024,,-0.957469266,0.0570466653,,-0.358158044,5.0,1.5857107152,0.0,0.0256293439,0.0734313045,,0.060815134,5.0856270943,,3.912308967,0.0,0.0,0.0959591960999999,0.0,0.3490247667,0.1300301281,0.2632897838,1.3253574306,0.0496519949,-0.000289875,-0.030534004,-0.021353772,1.0,0.0100967506999999,0.0030354991999999,0.0511108454999999,-0.012912368,0.0596785365,0.061832653,3.0,0.0116830889999999,6.923156999999999e-11,0.0116666956,0.0080768332999999,0.3338539127,1.1365094778,2.9110382e-08,73.0,
2007-01-31,27117394.75,0.5496026578000001,0.3020630814,0.0992677172,16.76328787,0.0215990272,0.1468367267999999,0.0259174891,0.0676621641,0.0634615214,0.192039621,0.2080750901,0.6869539738,0.0268612026,-0.0268612029999999,41.0,0.0045373234,0.2318186997,-1.23921108,0.0628490813999999,-0.8623804279999999,0.0711915282,0.0581809601,-0.0232178239999999,-0.03240262,-0.074987501,0.0,-0.194862388,1.0,1.8359625101,0.3688650307,0.0,0.0,0.0160490253,0.0393858709,0.0421218178,0.1662840299,0.4322463679,-0.0033934909999999,0.0376341387,0.0454545455,0.0044648999999999,0.8436343383,-0.016173803,22496.710684,0.3087542581,0.0026058543,0.0322610836,0.1578168026,-0.1701748589999999,-0.0312169479999999,0.1578168026,,0.1063076743,0.0280628892,,-0.6901342779999999,7.0,1.8359625101,0.0,0.0231662142,0.0664077013999999,,0.0611063533,3.9151421644,,4.3553844645,0.0,0.0,0.0449929992999999,0.0,0.3488483075999999,0.1507856283,0.4228957231,1.3253574306,0.0496519949,-0.000289875,-0.030534004,-0.021353772,1.0,0.0100967506999999,0.0030354991999999,0.0511108454999999,-0.012912368,0.0596785365,0.061832653,4.0,0.010625198,5.391808e-11,0.0126478764999999,0.0062479381,0.3724986515999999,1.2821071463,3.2306377e-08,73.0,
2007-02-28,26274966.712,0.5507530261,0.3033288958,0.0958518305,16.725765741,0.0217149972,0.1052612994,-0.031065965,0.1351317365,0.1396903609,0.0573207587,0.2660948454,0.7663120645,0.0268612026,-0.0268612029999999,41.0,0.0045373234,0.2318186997,-1.194410457,0.0628490813999999,-0.8623804279999999,0.0711915282,0.0581809601,-0.0232178239999999,-0.03240262,-0.074987501,0.0,-0.194862388,1.0,1.8359625101,0.3688650307,0.0,0.0,0.0160490253,0.0393858709,0.0421218178,0.1662840299,0.4322463679,-0.0033934909999999,0.0376341387,0.0454545455,0.0044648999999999,0.8436343383,-0.016173803,22496.710684,0.3087542581,0.0026058543,0.0322610836,0.1578168026,-0.1701748589999999,-0.0312169479999999,0.1578168026,,0.1063076743,0.0280628892,,-0.6901342779999999,7.0,1.8359625101,0.0,0.0231662142,0.0664077013999999,,0.0611063533,3.9151421644,,4.3553844645,0.0,0.0,0.0449929992999999,0.0,0.3488483075999999,0.1507856283,0.4228957231,0.9885990304,0.0825206165,-0.001854038,0.0095686065,0.0435700575,0.0,0.0043163659999999,0.0032849988,0.0233131474,-0.015770151,0.0596785365,0.061832653,4.0,0.0117418326,5.671533e-11,0.0101219099,0.0078350817,0.2875811048,1.3044098422,2.4234853e-08,73.0,
2007-03-30,27376828.0,0.5444348697,0.2964093274,0.032895842,16.981679830999997,0.0217664073,0.1301765302,0.0425397903,0.0197078666,0.050493034,0.1193169622,0.2411968731,0.8294323456999999,0.0268612026,-0.0268612029999999,41.0,0.0045373234,0.2318186997,-1.204769088,0.0628490813999999,-0.8623804279999999,0.0711915282,0.0581809601,-0.0232178239999999,-0.03240262,-0.074987501,0.0,-0.194862388,1.0,1.8359625101,0.3688650307,0.0,0.0,0.0160490253,0.0393858709,0.0421218178,0.1662840299,0.4322463679,-0.0033934909999999,0.0376341387,0.0454545455,0.0044648999999999,0.8436343383,-0.016173803,22496.710684,0.3087542581,0.0026058543,0.0322610836,0.1578168026,-0.1701748589999999,-0.0312169479999999,0.1578168026,,0.1063076743,0.0280628892,,-0.6901342779999999,7.0,1.8359625101,0.0,0.0231662142,0.0664077013999999,,0.0611063533,3.9151421644,,4.3553844645,0.0,0.0,0.0449929992999999,0.0,0.3488483075999999,0.1507856283,0.4228957231,0.9885990304,0.0825206165,-0.001854038,0.0095686065,0.0435700575,0.0,0.0043163659999999,0.0032849988,0.0233131474,-0.015770151,0.0596785365,0.061832653,4.0,0.0144609931,5.190271e-11,0.0271096211,0.0110792506,0.3618636577,1.837468641,2.5382859e-08,73.0,
2007-04-30,26633940.04,0.5524942322999999,0.3052498767,-0.0125867839999999,17.02830527,0.0215706774,0.0758699887,-0.0225125329999999,0.0558161187,0.1029412126999999,0.1196175768,0.1919063097,0.965192166,0.0268612026,-0.0268612029999999,41.0,0.0045373234,0.2318186997,-1.216328481,0.0628490813999999,-0.8623804279999999,0.0711915282,0.0581809601,-0.0232178239999999,-0.03240262,-0.074987501,0.0,-0.194862388,1.0,1.8359625101,0.3688650307,0.0,0.0,0.0160490253,0.0393858709,0.0421218178,0.1662840299,0.4322463679,-0.0033934909999999,0.0376341387,0.0454545455,0.0044648999999999,0.8436343383,-0.016173803,22496.710684,0.3087542581,0.0026058543,0.0322610836,0.1578168026,-0.1701748589999999,-0.0312169479999999,0.1578168026,,0.1063076743,0.0280628892,,-0.6901342779999999,7.0,1.8359625101,0.0,0.0231662142,0.0664077013999999,,0.0611063533,3.9151421644,,4.3553844645,0.0,0.0,0.0449929992999999,0.0,0.3488483075999999,0.1507856283,0.4228957231,0.9885990304,0.0825206165,-0.001854038,0.0095686065,0.0435700575,0.0,0.0043163659999999,0.0032849988,0.0233131474,-0.015770151,0.0596785365,0.061832653,4.0,0.0165691787,6.59888e-11,0.0429220349,0.0135321731,0.3039234966,1.829289113,1.8332112e-08,73.0,
2007-05-31,24630889.956,0.588670876,0.3465334002,-0.118866775,17.179076756,0.0212961601,0.0723440849,0.0237768589999999,-0.011789896,0.1172440684,0.0357650108,0.2783565883,1.014988727,0.0268612026,-0.0268612029999999,41.0,0.0045373234,0.2318186997,-1.226269415,0.0628490813999999,-0.8623804279999999,0.0711915282,0.0581809601,-0.0232178239999999,-0.03240262,-0.074987501,0.0,-0.194862388,1.0,1.8359625101,0.3688650307,0.0,0.0,0.0160490253,0.0393858709,0.0421218178,0.1662840299,0.4322463679,-0.0033934909999999,0.0376341387,0.0454545455,0.0044648999999999,0.8436343383,-0.016173803,22496.710684,0.3087542581,0.0026058543,0.0322610836,0.1578168026,-0.1701748589999999,-0.0312169479999999,0.1578168026,,0.1063076743,0.0280628892,,-0.6901342779999999,7.0,1.8359625101,0.0,0.0231662142,0.0664077013999999,,0.0611063533,3.9151421644,,4.3553844645,0.0,0.0,0.0449929992999999,0.0,0.3488483075999999,0.1507856283,0.4228957231,1.042377067,0.0713449043,0.0001691747,-0.017715872,0.0231470829,1.0,0.0079737797,0.0033247381,0.0364628385,-0.005825532,0.0596785365,0.061832653,4.0,0.0171732198,7.913685e-11,0.0423036850999999,0.0144051947,0.4057436227,2.608942317,2.0465697e-08,73.0,
2007-06-29,27495929.022,0.6301611376,0.3971030593999999,0.0823598713999999,17.086106549,0.0211797539,0.1721739666,0.1103664561999999,0.0370884338,0.1088428585,0.0535170032,0.2891385967,1.0580581956,0.0268612026,-0.0268612029999999,41.0,0.0045373234,0.2318186997,-1.215715938,0.0628490813999999,-0.8623804279999999,0.0711915282,0.0581809601,-0.0232178239999999,-0.03240262,-0.074987501,0.0,-0.194862388,1.0,1.8359625101,0.3688650307,0.0,0.0,0.0160490253,0.0393858709,0.0421218178,0.1662840299,0.4322463679,-0.0033934909999999,0.0376341387,0.0454545455,0.0044648999999999,0.8436343383,-0.016173803,22496.710684,0.3087542581,0.0026058543,0.0322610836,0.1578168026,-0.1701748589999999,-0.0312169479999999,0.1578168026,,0.1063076743,0.0280628892,,-0.6901342779999999,7.0,1.8359625101,0.0,0.0231662142,0.0664077013999999,,0.0611063533,3.9151421644,,4.3553844645,0.0,0.0,0.0449929992999999,0.0,0.3488483075999999,0.1507856283,0.4228957231,1.042377067,0.0713449043,0.0001691747,-0.017715872,0.0231470829,1.0,0.0079737797,0.0033247381,0.0364628385,-0.005825532,0.0596785365,0.061832653,4.0,0.0149736324,6.648495999999998e-11,0.0413316004,0.0127063274,0.3460878723,2.019618679,1.9170952e-08,73.0,
2007-07-31,26815446.535,0.6301229183,0.3970548921,0.0045390219,17.161060115999998,0.0209169313999999,0.2328589035,-0.0201207139999999,0.1224569435,0.2294644529,0.1155323438,0.2882644073,1.0000494061,0.0268612026,-0.0268612029999999,41.0,0.0045373234,0.2262496105,-0.4834240929999999,0.0628490813999999,-0.8623804279999999,0.0711915282,0.0581809601,-0.0232178239999999,-0.03240262,-0.074987501,0.0,-0.194862388,1.0,1.8359625101,0.3688650307,0.0,0.0,0.0160490253,0.0393858709,0.0421218178,0.1662840299,0.4322463679,-0.0033934909999999,0.0376341387,0.0454545455,0.0044648999999999,0.8436343383,-0.016173803,22496.710684,0.3087542581,0.0026058543,0.0322610836,0.1578168026,-0.1701748589999999,-0.0312169479999999,0.1578168026,,0.1063076743,0.0280628892,,-0.6901342779999999,7.0,1.8359625101,0.0,0.0231662142,0.0664077013999999,,0.0611063533,3.9151421644,,4.3553844645,0.0,0.0,0.0449929992999999,0.0,0.3488483075999999,0.1507856283,0.4228957231,1.042377067,0.0713449043,0.0001691747,-0.017715872,0.0231470829,1.0,0.0079737797,0.0033247381,0.0364628385,-0.005825532,0.0596785365,0.061832653,4.0,0.0143840035,6.239615e-11,0.0270551443,0.0103608492,0.2315453465,1.0311707212,2.3020947e-08,73.0,
2007-08-31,25681306.947,0.6485442519,0.4206096465999999,-0.012741116,17.004637569,0.0204486155,0.2881323027,-0.042294264,0.1351364167,0.2484999634,0.0738569721,0.0988776701999999,0.9897475489,0.0268612026,-0.0268612029999999,41.0,0.0045373234,0.2262496105,-0.492258261,0.0628490813999999,-0.8623804279999999,0.0711915282,0.0581809601,-0.0232178239999999,-0.03240262,-0.074987501,0.0,-0.194862388,1.0,1.8359625101,0.3688650307,0.0,0.0,0.0160490253,0.0393858709,0.0421218178,0.1662840299,0.4322463679,-0.0033934909999999,0.0376341387,0.0454545455,0.0044648999999999,0.8436343383,-0.016173803,22496.710684,0.3087542581,0.0026058543,0.0322610836,0.1578168026,-0.1701748589999999,-0.0312169479999999,0.1578168026,,0.1063076743,0.0280628892,,-0.6901342779999999,7.0,1.8359625101,0.0,0.0231662142,0.0664077013999999,,0.0611063533,3.9151421644,,4.3553844645,0.0,0.0,0.0449929992999999,0.0,0.3488483075999999,0.1507856283,0.4228957231,0.4169397994,0.0488450661,0.0010727586999999,0.0013982064999999,-0.005092052,2.0,0.0094584747,0.0028408492,0.0423912858,0.0217088443,0.0596785365,0.061832653,4.0,0.0143900147,7.56855e-11,0.0136413407,0.0107405765,0.3817062274,2.0313286439,2.2812883e-08,73.0,
2007-09-28,24290685.291,0.6448857478,0.4158776277,-0.035593756,16.97050337,0.0202067288,0.2017202264,-0.014648783,0.042767545,0.1085516047,0.2226382623999999,0.2113686419,1.0727889855,0.0268612026,-0.0268612029999999,41.0,0.0045373234,0.2262496105,-0.499065955,0.0628490813999999,-0.8623804279999999,0.0711915282,0.0581809601,-0.0232178239999999,-0.03240262,-0.074987501,0.0,-0.194862388,1.0,1.8359625101,0.3688650307,0.0,0.0,0.0160490253,0.0393858709,0.0421218178,0.1662840299,0.4322463679,-0.0033934909999999,0.0376341387,0.0454545455,0.0044648999999999,0.8436343383,-0.016173803,22496.710684,0.3087542581,0.0026058543,0.0322610836,0.1578168026,-0.1701748589999999,-0.0312169479999999,0.1578168026,,0.1063076743,0.0280628892,,-0.6901342779999999,7.0,1.8359625101,0.0,0.0231662142,0.0664077013999999,,0.0611063533,3.9151421644,,4.3553844645,0.0,0.0,0.0449929992999999,0.0,0.3488483075999999,0.1507856283,0.4228957231,0.4169397994,0.0488450661,0.0010727586999999,0.0013982064999999,-0.005092052,2.0,0.0094584747,0.0028408492,0.0423912858,0.0217088443,0.0596785365,0.061832653,4.0,0.0218119533999999,6.529841e-11,0.0182965081,0.0114905937999999,0.3775970662,1.9647339019,1.5162178999999998e-08,73.0,
2007-10-31,24240154.751,0.5809428182,0.3374945579999999,0.0287614793999999,17.271236,0.0205210077,0.1622972283,0.0091823051,0.0511564637999999,0.0848429,0.1808762973,0.3327108874,1.1098599182,0.0268612026,-0.0268612029999999,41.0,0.0045373234,0.2262496105,-0.401383157,0.0628490813999999,-0.8623804279999999,0.0711915282,0.0581809601,-0.0232178239999999,-0.03240262,-0.074987501,0.0,-0.194862388,1.0,1.8359625101,0.3688650307,0.0,0.0,0.0160490253,0.0393858709,0.0421218178,0.1662840299,0.4322463679,-0.0033934909999999,0.0376341387,0.0454545455,0.0044648999999999,0.8436343383,-0.016173803,22496.710684,0.3087542581,0.0026058543,0.0322610836,0.1578168026,-0.1701748589999999,-0.0312169479999999,0.1578168026,,0.1063076743,0.0280628892,,-0.6901342779999999,7.0,1.8359625101,0.0,0.0231662142,0.0664077013999999,,0.0611063533,3.9151421644,,4.3553844645,0.0,0.0,0.0449929992999999,0.0,0.3488483075999999,0.1507856283,0.4228957231,0.4169397994,0.0488450661,0.0010727586999999,0.0013982064999999,-0.005092052,2.0,0.0094584747,0.0028408492,0.0423912858,0.0217088443,0.0596785365,0.061832653,4.0,0.0146067734,5.720534e-11,0.0255101527999999,0.0117816011,0.2482803903,1.4659046266999998,2.1856232000000002e-08,73.0,
2007-11-30,26155935.005,0.5601657071,0.3137856195,0.1063570605,17.061665269000002,0.0198997854,0.1480946455,0.0790333375,0.0361715971,0.0483016811,0.1744249439,0.3396631422999999,1.09468651,0.0268612026,-0.0268612029999999,41.0,0.0045373234,0.2262496105,-0.404028256,0.0628490813999999,-0.8623804279999999,0.0711915282,0.0581809601,-0.0232178239999999,-0.03240262,-0.074987501,0.0,-0.194862388,1.0,1.8359625101,0.3688650307,0.0,0.0,0.0160490253,0.0393858709,0.0421218178,0.1662840299,0.4322463679,-0.0033934909999999,0.0376341387,0.0454545455,0.0044648999999999,0.8436343383,-0.016173803,22496.710684,0.3087542581,0.0026058543,0.0322610836,0.1578168026,-0.1701748589999999,-0.0312169479999999,0.1578168026,,0.1063076743,0.0280628892,,-0.6901342779999999,7.0,1.8359625101,0.0,0.0231662142,0.0664077013999999,,0.0611063533,3.9151421644,,4.3553844645,0.0,0.0,0.0449929992999999,0.0,0.3488483075999999,0.1507856283,0.4228957231,0.2140084933,0.0814417928,0.0009343447,-0.0395203229999999,0.0260329223,3.0,0.0113974984,0.0020642537,0.0610005926,0.0110267292,0.0596785365,0.061832653,4.0,0.0152034382,7.905217e-11,0.0311572962,0.010669105,0.4034934683,1.6504639487,2.1088553e-08,73.0,
2007-12-31,23710077.063,0.561154155,0.3148939857,-0.236044506,16.976439147,0.0200439874,0.1409928821,-0.0907990259999999,0.0069321623,0.1595309281,0.0918326581,0.3230700594,1.0031959366,0.0268612026,-0.0268612029999999,41.0,0.0045373234,0.2262496105,-0.4072348289999999,0.0628490813999999,-0.8623804279999999,0.0711915282,0.0581809601,-0.0232178239999999,-0.03240262,-0.074987501,0.0,-0.194862388,1.0,1.8359625101,0.3688650307,0.0,0.0,0.0160490253,0.0393858709,0.0421218178,0.1662840299,0.4322463679,-0.0033934909999999,0.0376341387,0.0454545455,0.0044648999999999,0.8436343383,-0.016173803,22496.710684,0.3087542581,0.0026058543,0.0322610836,0.1578168026,-0.1701748589999999,-0.0312169479999999,0.1578168026,,0.1063076743,0.0280628892,,-0.6901342779999999,7.0,1.8359625101,0.0,0.0231662142,0.0664077013999999,,0.0611063533,3.9151421644,,4.3553844645,0.0,0.0,0.0449929992999999,0.0,0.3488483075999999,0.1507856283,0.4228957231,0.2140084933,0.0814417928,0.0009343447,-0.0395203229999999,0.0260329223,3.0,0.0113974984,0.0020642537,0.0610005926,0.0110267292,0.0596785365,0.061832653,4.0,0.0191493716,1.065983e-10,0.0141695448999999,0.0141328964999999,0.26786565,1.1013706629,2.0052557e-08,73.0,
2008-01-31,23431195.528,0.5471276976,0.2993487173999999,-0.170546137,17.022415966,0.0206703134,0.0199000589,-0.005326289,-0.065697463,0.0276134877,0.1459280821,0.2468841287,0.8762795623999999,0.0102255306,-0.010225531,42.0,0.0306001069,0.1945467125,-0.440619381,0.0609592945,-0.349669144,0.0499803121,0.0111268775,-0.019680616,-0.045600285,-0.184491022,0.0,-0.097373343,0.0,1.8786017422,0.3990052501,0.0,0.0,0.0185096579,-0.143672234,0.0393219528,0.145561493,-0.11881693,0.0091283548,0.0387557636,0.0,-0.007435404,0.8279096223000001,0.0010475592,22660.520472,0.3223140496,0.0026475951,15.707399721,0.0232244569,0.0817106987,-0.006823234,0.0232244569,,0.3672943677,0.0377408672,,-0.271053662,5.0,1.8786017422,0.0,0.0187175884,0.0623205128,,0.0536879238,4.293971924,,7.4863230636,0.0,0.0,-0.1217699709999999,0.0,0.30034394,0.1106496516,0.6077999568,0.2140084933,0.0814417928,0.0009343447,-0.0395203229999999,0.0260329223,3.0,0.0113974984,0.0020642537,0.0610005926,0.0110267292,0.0596785365,0.061832653,3.0,0.0163362292999999,1.492527e-10,0.0223929845,0.0128196707,0.3708648662,1.1460929324,3.2061191e-08,73.0,
2008-02-29,21194892.278,0.5355785276,0.2868443592,-0.209372606,16.58727697,0.0205809429,-0.0065803719999999,-0.0954412819999999,-0.029632865,0.0549119796999999,0.1325454818,0.2243597014,1.0311300621,0.0102255306,-0.010225531,42.0,0.0306001069,0.1945467125,-0.446146269,0.0609592945,-0.349669144,0.0499803121,0.0111268775,-0.019680616,-0.045600285,-0.184491022,0.0,-0.097373343,0.0,1.8786017422,0.3990052501,0.0,0.0,0.0185096579,-0.143672234,0.0393219528,0.145561493,-0.11881693,0.0091283548,0.0387557636,0.0,-0.007435404,0.8279096223000001,0.0010475592,22660.520472,0.3223140496,0.0026475951,17.75131266,0.0232244569,0.0817106987,-0.006823234,0.0232244569,,0.3672943677,0.0377408672,,-0.271053662,5.0,1.8786017422,0.0,0.0187175884,0.0623205128,,0.0536879238,4.293971924,,7.4863230636,0.0,0.0,-0.1217699709999999,0.0,0.30034394,0.1106496516,0.6077999568,1.0031813054,0.0681641644,0.0006002161,0.0181025987,0.0339484848,0.0,0.0058864802,0.0022052032,0.0323609464,0.0090180193,0.0596785365,0.061832653,3.0,0.0262250919,9.097927e-11,0.021707302,0.0165429221,0.2563555137,1.8237207321,1.5443037e-08,73.0,
2008-03-31,20883982.749,0.5796428503,0.3359858339,-0.143987032,17.168666814,0.0213737375,-0.114476125,-0.008192603,-0.109196765,-0.084706563,0.1950155562,0.1748449926,1.1036620864,0.0102255306,-0.010225531,42.0,0.0306001069,0.1945467125,-0.446977774,0.0609592945,-0.349669144,0.0499803121,0.0111268775,-0.019680616,-0.045600285,-0.184491022,0.0,-0.097373343,0.0,1.8786017422,0.3990052501,0.0,0.0,0.0185096579,-0.143672234,0.0393219528,0.145561493,-0.11881693,0.0091283548,0.0387557636,0.0,-0.007435404,0.8279096223000001,0.0010475592,22660.520472,0.3223140496,0.0026475951,21.09632287,0.0232244569,0.0817106987,-0.006823234,0.0232244569,,0.3672943677,0.0377408672,,-0.271053662,5.0,1.8786017422,0.0,0.0187175884,0.0623205128,,0.0536879238,4.293971924,,7.4863230636,0.0,0.0,-0.1217699709999999,0.0,0.30034394,0.1106496516,0.6077999568,1.0031813054,0.0681641644,0.0006002161,0.0181025987,0.0339484848,0.0,0.0058864802,0.0022052032,0.0323609464,0.0090180193,0.0596785365,0.061832653,3.0,0.0184525536,8.332756e-11,0.0223667249,0.0129175208,0.285888225,1.9397701786,1.7377188999999998e-08,73.0,
2008-04-30,22159499.351,0.6357792215,0.4042152185,-0.12551673,17.090593633,0.0217452104,-0.147004429,0.0683353841,-0.1245335619999999,-0.071297758,0.1125622647,0.0579582996,1.3085089899,0.0102255306,-0.010225531,42.0,0.0306001069,0.1945467125,-0.453505375,0.0609592945,-0.349669144,0.0499803121,0.0111268775,-0.019680616,-0.045600285,-0.184491022,0.0,-0.097373343,0.0,1.8786017422,0.3990052501,0.0,0.0,0.0185096579,-0.143672234,0.0393219528,0.145561493,-0.11881693,0.0091283548,0.0387557636,0.0,-0.007435404,0.8279096223000001,0.0010475592,22660.520472,0.3223140496,0.0026475951,1753.4953191,0.0232244569,0.0817106987,-0.006823234,0.0232244569,,0.3672943677,0.0377408672,,-0.271053662,5.0,1.8786017422,0.0,0.0187175884,0.0623205128,,0.0536879238,4.293971924,,7.4863230636,0.0,0.0,-0.1217699709999999,0.0,0.30034394,0.1106496516,0.6077999568,0.5378732884,0.0612761784999999,0.0004235138,0.0064745381,0.0629609032,1.0,0.0090210102,0.0021959886,0.0466986537999999,0.0098163478,0.0632348828,0.0647142101,3.0,0.0203914784,7.772601999999999e-11,0.0397112146,0.0146546479,0.2017859930999999,1.3115195381,1.6809927e-08,73.0,
2008-05-30,23105682.999,0.6122742084,0.3748797063,-0.2142662339999999,17.177151648,0.0220132100999999,-0.186923027,0.0426987819,-0.133213275,-0.030877229,0.1786084085,0.1223087822,1.1461362581,0.0102255306,-0.010225531,42.0,0.0306001069,0.1945467125,-0.4590576979999999,0.0609592945,-0.349669144,0.0499803121,0.0111268775,-0.019680616,-0.045600285,-0.184491022,0.0,-0.097373343,0.0,1.8786017422,0.3990052501,0.0,0.0,0.0185096579,-0.143672234,0.0393219528,0.145561493,-0.11881693,0.0091283548,0.0387557636,0.0,-0.007435404,0.8279096223000001,0.0010475592,22660.520472,0.3223140496,0.0026475951,1753.4953191,0.0232244569,0.0817106987,-0.006823234,0.0232244569,,0.3672943677,0.0377408672,,-0.271053662,5.0,1.8786017422,0.0,0.0187175884,0.0623205128,,0.0536879238,4.293971924,,7.4863230636,0.0,0.0,-0.1217699709999999,0.0,0.30034394,0.1106496516,0.6077999568,0.5378732884,0.0612761784999999,0.0004235138,0.0064745381,0.0629609032,1.0,0.0090210102,0.0021959886,0.0466986537999999,0.0098163478,0.0632348828,0.0647142101,3.0,0.0165681949,1.015155e-10,0.023826424,0.0110059746,0.298342387,1.1145125091,2.3610179000000002e-08,73.0,
2008-06-30,22317894.504,0.6674637629,0.4455078748,0.0526896511,16.783945483,0.0219381293,-0.190770558,-0.026018133,-0.0059431419999999,-0.089937266,0.2979308902,0.1258643884,1.024149753,0.0102255306,-0.010225531,42.0,0.0306001069,0.1945467125,-0.46412085,0.0609592945,-0.349669144,0.0499803121,0.0111268775,-0.019680616,-0.045600285,-0.184491022,0.0,-0.097373343,0.0,1.8786017422,0.3990052501,0.0,0.0,0.0185096579,-0.143672234,0.0393219528,0.145561493,-0.11881693,0.0091283548,0.0387557636,0.0,-0.007435404,0.8279096223000001,0.0010475592,22660.520472,0.3223140496,0.0026475951,1753.4953191,0.0232244569,0.0817106987,-0.006823234,0.0232244569,,0.3672943677,0.0377408672,,-0.271053662,5.0,1.8786017422,0.0,0.0187175884,0.0623205128,,0.0536879238,4.293971924,,7.4863230636,0.0,0.0,-0.1217699709999999,0.0,0.30034394,0.1106496516,0.6077999568,0.5378732884,0.0612761784999999,0.0004235138,0.0064745381,0.0629609032,1.0,0.0090210102,0.0021959886,0.0466986537999999,0.0098163478,0.0632348828,0.0647142101,3.0,0.0186871225,1.025214e-10,0.0228506400999999,0.0146462002,0.3039752926,1.3537368408,2.3053873000000002e-08,73.0,
2008-07-31,21721714.991,0.6838110897,0.4675976064,0.0246067795,16.827611175999998,0.0219508406,-0.170487093,-0.019976718,-0.026622154,-0.095414494,0.3223862409,0.0992763753,0.9294578249,0.0102255306,-0.010225531,42.0,0.0306001069,0.2251528307,-0.49901733,0.0609592945,-0.349669144,0.0499803121,0.0111268775,-0.019680616,-0.045600285,-0.184491022,0.0,-0.097373343,0.0,1.8786017422,0.3990052501,0.0,0.0,0.0185096579,-0.143672234,0.0393219528,0.145561493,-0.11881693,0.0091283548,0.0387557636,0.0,-0.007435404,0.8279096223000001,0.0010475592,22660.520472,0.3223140496,0.0026475951,1753.4953191,0.0232244569,0.0817106987,-0.006823234,0.0232244569,,0.3672943677,0.0377408672,,-0.271053662,5.0,1.8786017422,0.0,0.0187175884,0.0623205128,,0.0536879238,4.293971924,,7.4863230636,0.0,0.0,-0.1217699709999999,0.0,0.30034394,0.1106496516,0.6077999568,0.5378732884,0.0612761784999999,0.0004235138,0.0064745381,0.0629609032,1.0,0.0090210102,0.0021959886,0.0466986537999999,0.0098163478,0.0632348828,0.0647142101,3.0,0.0183840394,9.257283e-11,0.0156573858,0.012921536,0.1585514222,0.8054882875,2.026352e-08,73.0,
2008-08-29,22141632.305,0.6655560505,0.4429648563,0.1972166053,16.921555062,0.0220872212999999,-0.203611783,0.0193316825,0.054583778,-0.074334816,0.1968745161,0.1194241760999999,1.0901799564,0.0102255306,-0.010225531,42.0,0.0306001069,0.2251528307,-0.505469431,0.0609592945,-0.349669144,0.0499803121,0.0111268775,-0.019680616,-0.045600285,-0.184491022,0.0,-0.097373343,0.0,1.8786017422,0.3990052501,0.0,0.0,0.0185096579,-0.143672234,0.0393219528,0.145561493,-0.11881693,0.0091283548,0.0387557636,0.0,-0.007435404,0.8279096223000001,0.0010475592,22660.520472,0.3223140496,0.0026475951,1753.4953191,0.0232244569,0.0817106987,-0.006823234,0.0232244569,,0.3672943677,0.0377408672,,-0.271053662,5.0,1.8786017422,0.0,0.0187175884,0.0623205128,,0.0536879238,4.293971924,,7.4863230636,0.0,0.0,-0.1217699709999999,0.0,0.30034394,0.1106496516,0.6077999568,0.4871437232,0.0486936255,4.42867e-05,0.0129010151,0.0075888693999999,2.0,0.0113448467999999,0.0021211414999999,0.0583445047,0.0118787445,0.064561701,0.0665391915,3.0,0.0225158292,9.842337e-11,0.0274236089999999,0.0152034213999999,0.2829416706,1.64909446,1.5643582e-08,73.0,
2008-09-30,22583384.864,0.632460579,0.400006384,0.2427245564,17.152943742999998,0.0221953778,-0.203614204,0.0391009599,0.0838502107,-0.042412662,0.225136082,0.1953563668,1.0404407292,0.0102255306,-0.010225531,42.0,0.0306001069,0.2251528307,-0.507672986,0.0609592945,-0.349669144,0.0499803121,0.0111268775,-0.019680616,-0.045600285,-0.184491022,0.0,-0.097373343,0.0,1.8786017422,0.3990052501,0.0,0.0,0.0185096579,-0.143672234,0.0393219528,0.145561493,-0.11881693,0.0091283548,0.0387557636,0.0,-0.007435404,0.8279096223000001,0.0010475592,22660.520472,0.3223140496,0.0026475951,1753.4953191,0.0232244569,0.0817106987,-0.006823234,0.0232244569,,0.3672943677,0.0377408672,,-0.271053662,5.0,1.8786017422,0.0,0.0187175884,0.0623205128,,0.0536879238,4.293971924,,7.4863230636,0.0,0.0,-0.1217699709999999,0.0,0.30034394,0.1106496516,0.6077999568,0.4871437232,0.0486936255,4.42867e-05,0.0129010151,0.0075888693999999,2.0,0.0113448467999999,0.0021211414999999,0.0583445047,0.0118787445,0.064561701,0.0665391915,3.0,0.0189655003,1.274121e-10,0.0290351305,0.0133369741,0.2477410151,0.9635468152,2.7070245e-08,73.0,
2008-10-31,21785827.5,0.6599532819,0.4355383343,0.087069415,16.688602975,0.0227383524,-0.207158031,-0.0301938039999999,0.0541912316,-0.0140236139999999,0.2236482376,0.1212311287,1.1307758999999995,0.0102255306,-0.010225531,42.0,0.0306001069,0.2251528307,-0.5342584920000001,0.0609592945,-0.349669144,0.0499803121,0.0111268775,-0.019680616,-0.045600285,-0.184491022,0.0,-0.097373343,0.0,1.8786017422,0.3990052501,0.0,0.0,0.0185096579,-0.143672234,0.0393219528,0.145561493,-0.11881693,0.0091283548,0.0387557636,0.0,-0.007435404,0.8279096223000001,0.0010475592,22660.520472,0.3223140496,0.0026475951,1753.4953191,0.0232244569,0.0817106987,-0.006823234,0.0232244569,,0.3672943677,0.0377408672,,-0.271053662,5.0,1.8786017422,0.0,0.0187175884,0.0623205128,,0.0536879238,4.293971924,,7.4863230636,0.0,0.0,-0.1217699709999999,0.0,0.30034394,0.1106496516,0.6077999568,0.4871437232,0.0486936255,4.42867e-05,0.0129010151,0.0075888693999999,2.0,0.0113448467999999,0.0021211414999999,0.0583445047,0.0118787445,0.064561701,0.0665391915,3.0,0.030798616,1.419044e-10,0.0380434841,0.024534184,0.3054159223,1.9466242059,1.5937632e-08,73.0,19.92998809
2008-11-28,17750371.437,0.6329435391,0.4006175237,-0.102199584,17.163258823,0.0214903148,-0.330494571,-0.182456121,-0.0195047639999999,-0.113830893,0.2179206417,0.1827971356,1.4508429501,0.0102255306,-0.010225531,42.0,0.0306001069,0.2251528307,-0.506680916,0.0609592945,-0.349669144,0.0499803121,0.0111268775,-0.019680616,-0.045600285,-0.184491022,0.0,-0.097373343,0.0,1.8786017422,0.3990052501,0.0,0.0,0.0185096579,-0.143672234,0.0393219528,0.145561493,-0.11881693,0.0091283548,0.0387557636,0.0,-0.007435404,0.8279096223000001,0.0010475592,22660.520472,0.3223140496,0.0026475951,1753.4953191,0.0232244569,0.0817106987,-0.006823234,0.0232244569,,0.3672943677,0.0377408672,,-0.271053662,5.0,1.8786017422,0.0,0.0187175884,0.0623205128,,0.0536879238,4.293971924,,7.4863230636,0.0,0.0,-0.1217699709999999,0.0,0.30034394,0.1106496516,0.6077999568,0.2502775562,0.0511449100999999,0.0006226669,-0.002720906,-0.011673298,3.0,0.014655645,0.0024399838,0.0779704883,0.0116586631,0.0649911809,0.0618941796999999,3.0,0.0605686904,2.425096e-10,0.1182726398,0.0464820591,0.3433879686,3.7946752327,8.4527516e-09,73.0,23.41417199
2008-12-31,20853512.437,0.7249786905,0.5255941017,-0.00130249,17.506305964000003,0.0229024223,-0.4267394679999999,0.1748211831,-0.1769889089999999,-0.203166132,0.0993241239,-0.026834602,1.7087837302000002,0.0102255306,-0.010225531,42.0,0.0306001069,0.2251528307,-0.507326541,0.0609592945,-0.349669144,0.0499803121,0.0111268775,-0.019680616,-0.045600285,-0.184491022,0.0,-0.097373343,0.0,1.8786017422,0.3990052501,0.0,0.0,0.0185096579,-0.143672234,0.0393219528,0.145561493,-0.11881693,0.0091283548,0.0387557636,0.0,-0.007435404,0.8279096223000001,0.0010475592,22660.520472,0.3223140496,0.0026475951,1753.4953191,0.0232244569,0.0817106987,-0.006823234,0.0232244569,,0.3672943677,0.0377408672,,-0.271053662,5.0,1.8786017422,0.0,0.0187175884,0.0623205128,,0.0536879238,4.293971924,,7.4863230636,0.0,0.0,-0.1217699709999999,0.0,0.30034394,0.1106496516,0.6077999568,0.2502775562,0.0511449100999999,0.0006226669,-0.002720906,-0.011673298,3.0,0.014655645,0.0024399838,0.0779704883,0.0116586631,0.0649911809,0.0618941796999999,3.0,0.0606354879,2.609041e-10,0.0971054733,0.0494031332,0.293170754,2.3293644771,1.5153068000000002e-08,73.0,22.62421211
2009-01-30,19827360.077,0.6593216141,0.4347049907999999,-0.000732353,17.271467232,0.0244928193,-0.485338269,-0.033852927,-0.013400108,-0.058849854,0.1151791721,0.0337866929,1.9925647023,0.0242342204999999,-0.02423422,43.0,0.1093666155,0.2243675528,-0.506081701,0.0737666944,-1.4526644780000002,0.0828844655,0.0701971004,0.0287084071,-0.047592385,-0.179541631,0.0,-0.321903469,0.0,1.0846115699,0.4295329115999999,0.0,0.0,0.0267847497,-0.011791216,0.0543318380999999,0.1656916421,-0.380773178,0.0158584293,0.0400977124,0.0217391304,0.0046943776,0.8721155649,-0.13272871,19077.323747,0.373697025,0.0028552443,-0.322180839,-0.422649545,0.0765094231,-0.021731106,-0.422649545,,0.1321987383,0.0507656918,,-0.525522941,5.0,1.0846115699,1.0,0.0245959488,0.0599213809999999,,0.0704044134,5.5414193711,,8.4829885946,0.3454894434,1.0,0.1251923077,0.0,0.4104703256,0.1146433236,0.3360487824,0.2502775562,0.0511449100999999,0.0006226669,-0.002720906,-0.011673298,3.0,0.014655645,0.0024399838,0.0779704883,0.0116586631,0.0649911809,0.0618941796999999,4.0,0.0417924246,1.186961e-10,0.0292990058999999,0.0275617924,0.5943357327000001,6.267720972699999,9.1829764e-09,73.0,20.89317809
2009-02-27,18342618.294,0.6753223162,0.4560602307999999,-0.211396085,17.582718859,0.0246021456,-0.413474894,-0.076512411,-0.064876905,0.0052298872,0.0537414759,0.0589114279999999,2.0152462554,0.0242342204999999,-0.02423422,43.0,0.1093666155,0.2243675528,-0.50668782,0.0737666944,-1.4526644780000002,0.0828844655,0.0701971004,0.0287084071,-0.047592385,-0.179541631,0.0,-0.321903469,0.0,1.0846115699,0.4295329115999999,0.0,0.0,0.0267847497,-0.011791216,0.0543318380999999,0.1656916421,-0.380773178,0.0158584293,0.0400977124,0.0217391304,0.0046943776,0.8721155649,-0.13272871,19077.323747,0.373697025,0.0028552443,-0.322180839,-0.422649545,0.0765094231,-0.021731106,-0.422649545,,0.1321987383,0.0507656918,,-0.525522941,5.0,1.0846115699,1.0,0.0245959488,0.0599213809999999,,0.0704044134,5.5414193711,,8.4829885946,0.3454894434,1.0,0.1251923077,0.0,0.4104703256,0.1146433236,0.3360487824,0.1673700277,0.066730147,0.000562875,0.0033502739,0.058197083,0.0,0.0068953943999999,0.0024967484,0.0410998763,0.0096999425,0.074105437,0.0674346341,4.0,0.0336725947,8.343852e-11,0.0326832309,0.0220213805,0.2273493866,2.9869319206,9.3357505e-09,73.0,19.63947239
2009-03-31,17241960.12,0.66774399,0.4458820361,-0.345020491,17.574551554,0.0251774316,-0.4220958379999999,-0.060005512,-0.1689213989999999,-0.0640145179999999,-0.005800574,0.0584030559,2.2782728602,0.0242342204999999,-0.02423422,43.0,0.1093666155,0.2243675528,-0.508120101,0.0737666944,-1.4526644780000002,0.0828844655,0.0701971004,0.0287084071,-0.047592385,-0.179541631,0.0,-0.321903469,0.0,1.0846115699,0.4295329115999999,0.0,0.0,0.0267847497,-0.011791216,0.0543318380999999,0.1656916421,-0.380773178,0.0158584293,0.0400977124,0.0217391304,0.0046943776,0.8721155649,-0.13272871,19077.323747,0.373697025,0.0028552443,-0.322180839,-0.422649545,0.0765094231,-0.021731106,-0.422649545,,0.1321987383,0.0507656918,,-0.525522941,5.0,1.0846115699,1.0,0.0245959488,0.0599213809999999,,0.0704044134,5.5414193711,,8.4829885946,0.3454894434,1.0,0.1251923077,0.0,0.4104703256,0.1146433236,0.3360487824,0.1673700277,0.066730147,0.000562875,0.0033502739,0.058197083,0.0,0.0068953943999999,0.0024967484,0.0410998763,0.0096999425,0.074105437,0.0674346341,4.0,0.0338680129999999,9.146444e-11,0.0655022264,0.0270675371,0.2513378974,3.2936272469,1.0129761e-08,73.0,20.41497447
2009-04-30,17636255.923,0.6886277469,0.4742081738,-0.185221904,17.484016572999998,0.0257920829,-0.4371483439999999,0.0392386018999999,-0.19446864,-0.176456002,0.0696647136,0.0410815304,2.3484942117,0.0242342204999999,-0.02423422,43.0,0.1093666155,0.2243675528,-0.506706772,0.0737666944,-1.4526644780000002,0.0828844655,0.0701971004,0.0287084071,-0.047592385,-0.179541631,0.0,-0.321903469,0.0,1.0846115699,0.4295329115999999,0.0,0.0,0.0267847497,-0.011791216,0.0543318380999999,0.1656916421,-0.380773178,0.0158584293,0.0400977124,0.0217391304,0.0046943776,0.8721155649,-0.13272871,19077.323747,0.373697025,0.0028552443,-0.322180839,-0.422649545,0.0765094231,-0.021731106,-0.422649545,,0.1321987383,0.0507656918,,-0.525522941,5.0,1.0846115699,1.0,0.0245959488,0.0599213809999999,,0.0704044134,5.5414193711,,8.4829885946,0.3454894434,1.0,0.1251923077,0.0,0.4104703256,0.1146433236,0.3360487824,0.1673700277,0.066730147,0.000562875,0.0033502739,0.058197083,0.0,0.0068953943999999,0.0024967484,0.0410998763,0.0096999425,0.074105437,0.0674346341,4.0,0.0352704552,9.289274e-11,0.042469874,0.0225048408,0.2420815201,2.6714814975,8.3260016e-09,73.0,20.4381997
2009-05-29,17657798.783,0.6443465802,0.4151825154,0.2235357001,17.562386212,0.0262806193,-0.403115135,0.0011376825,0.0239686277,-0.17918892,0.1558221966,0.042088922,2.1011850417,0.0242342204999999,-0.02423422,43.0,0.1093666155,0.2243675528,-0.509192822,0.0737666944,-1.4526644780000002,0.0828844655,0.0701971004,0.0287084071,-0.047592385,-0.179541631,0.0,-0.321903469,0.0,1.0846115699,0.4295329115999999,0.0,0.0,0.0267847497,-0.011791216,0.0543318380999999,0.1656916421,-0.380773178,0.0158584293,0.0400977124,0.0217391304,0.0046943776,0.8721155649,-0.13272871,19077.323747,0.373697025,0.0028552443,-0.322180839,-0.422649545,0.0765094231,-0.021731106,-0.422649545,,0.1321987383,0.0507656918,,-0.525522941,5.0,1.0846115699,1.0,0.0245959488,0.0599213809999999,,0.0704044134,5.5414193711,,8.4829885946,0.3454894434,1.0,0.1251923077,0.0,0.4104703256,0.1146433236,0.3360487824,-0.145442832,0.120739218,0.0008637022999999,-0.008686167,0.1022425927,1.0,0.0117129566999999,0.0025788892,0.0546469571,0.0087087398,0.0852144844,0.0777504469,4.0,0.0255711667,1.050586e-10,0.0319089107,0.0174252027,0.1895920007,1.5533307978,1.2919489e-08,73.0,22.06977189
2009-06-30,19067411.578,0.6366740693,0.4053538705,-0.024645804,17.164427232,0.0265416124,-0.348179534,0.0798294768,-0.127413096,-0.156303695,0.0913361449,0.0313811792,1.9319088433,0.0242342204999999,-0.02423422,43.0,0.1093666155,0.2243675528,-0.510658342,0.0737666944,-1.4526644780000002,0.0828844655,0.0701971004,0.0287084071,-0.047592385,-0.179541631,0.0,-0.321903469,0.0,1.0846115699,0.4295329115999999,0.0,0.0,0.0267847497,-0.011791216,0.0543318380999999,0.1656916421,-0.380773178,0.0158584293,0.0400977124,0.0217391304,0.0046943776,0.8721155649,-0.13272871,19077.323747,0.373697025,0.0028552443,-0.322180839,-0.422649545,0.0765094231,-0.021731106,-0.422649545,,0.1321987383,0.0507656918,,-0.525522941,5.0,1.0846115699,1.0,0.0245959488,0.0599213809999999,,0.0704044134,5.5414193711,,8.4829885946,0.3454894434,1.0,0.1251923077,0.0,0.4104703256,0.1146433236,0.3360487824,-0.145442832,0.120739218,0.0008637022999999,-0.008686167,0.1022425927,1.0,0.0117129566999999,0.0025788892,0.0546469571,0.0087087398,0.0852144844,0.0777504469,4.0,0.0281497842,8.083182e-11,0.0319506563,0.0158402287999999,0.2399349381,2.2871004363,1.2284569e-08,73.0,20.7563881
2009-07-31,17780247.311,0.6348172921999999,0.4029929943999999,-0.0354140229999999,17.340492285,0.0266178529,-0.226970087,-0.058931854,-0.024739518,-0.070381126,0.068008162,0.0194200520999999,1.6548348947,0.0242342204999999,-0.02423422,43.0,0.1093666155,0.2651487630999999,-1.419235098,0.0737666944,-1.4526644780000002,0.0828844655,0.0701971004,0.0287084071,-0.047592385,-0.179541631,0.0,-0.321903469,0.0,1.0846115699,0.4295329115999999,0.0,0.0,0.0267847497,-0.011791216,0.0543318380999999,0.1656916421,-0.380773178,0.0158584293,0.0400977124,0.0217391304,0.0046943776,0.8721155649,-0.13272871,19077.323747,0.373697025,0.0028552443,-0.322180839,-0.422649545,0.0765094231,-0.021731106,-0.422649545,,0.1321987383,0.0507656918,,-0.525522941,5.0,1.0846115699,1.0,0.0245959488,0.0599213809999999,,0.0704044134,5.5414193711,,8.4829885946,0.3454894434,1.0,0.1251923077,0.0,0.4104703256,0.1146433236,0.3360487824,-0.145442832,0.120739218,0.0008637022999999,-0.008686167,0.1022425927,1.0,0.0117129566999999,0.0025788892,0.0546469571,0.0087087398,0.0852144844,0.0777504469,4.0,0.0189732863,7.637175e-11,0.0213102177,0.0123820692,0.3271505513,2.6385260025,1.265073e-08,73.0,21.81646323
2009-08-31,18688325.0,0.6301691352000001,0.3971131389,0.1810090655,17.145808668,0.0266193702,-0.178399022,0.0510722771,-0.006173353,-0.141756578,0.1282103378,0.039966501,1.6719831180000002,0.0242342204999999,-0.02423422,43.0,0.1093666155,0.2651487630999999,-1.450178657,0.0737666944,-1.4526644780000002,0.0828844655,0.0701971004,0.0287084071,-0.047592385,-0.179541631,0.0,-0.321903469,0.0,1.0846115699,0.4295329115999999,0.0,0.0,0.0267847497,-0.011791216,0.0543318380999999,0.1656916421,-0.380773178,0.0158584293,0.0400977124,0.0217391304,0.0046943776,0.8721155649,-0.13272871,19077.323747,0.373697025,0.0028552443,-0.322180839,-0.422649545,0.0765094231,-0.021731106,-0.422649545,,0.1321987383,0.0507656918,,-0.525522941,5.0,1.0846115699,1.0,0.0245959488,0.0599213809999999,,0.0704044134,5.5414193711,,8.4829885946,0.3454894434,1.0,0.1251923077,0.0,0.4104703256,0.1146433236,0.3360487824,0.8778657377,0.0411138755,0.0008240850999999,-0.0044067759999999,0.0463710696999999,2.0,0.0123175428,0.0026985231,0.0612593339,0.0018761953,0.1202574709999999,0.1111366456,4.0,0.0215053689,9.124889e-11,0.0258333422,0.0160665362,0.2508437525,2.0960088179,1.1920838000000001e-08,73.0,22.46070778
2009-09-30,19257528.434,0.6335483696,0.4013835367,0.3628722554999999,17.255156022999998,0.0265682443,-0.13837226,0.0295301600999999,0.1112657051,-0.131868892,0.0868837941,0.0250271769,1.595738975,0.0242342204999999,-0.02423422,43.0,0.1093666155,0.2651487630999999,-1.450662621,0.0737666944,-1.4526644780000002,0.0828844655,0.0701971004,0.0287084071,-0.047592385,-0.179541631,0.0,-0.321903469,0.0,1.0846115699,0.4295329115999999,0.0,0.0,0.0267847497,-0.011791216,0.0543318380999999,0.1656916421,-0.380773178,0.0158584293,0.0400977124,0.0217391304,0.0046943776,0.8721155649,-0.13272871,19077.323747,0.373697025,0.0028552443,-0.322180839,-0.422649545,0.0765094231,-0.021731106,-0.422649545,,0.1321987383,0.0507656918,,-0.525522941,5.0,1.0846115699,1.0,0.0245959488,0.0599213809999999,,0.0704044134,5.5414193711,,8.4829885946,0.3454894434,1.0,0.1251923077,0.0,0.4104703256,0.1146433236,0.3360487824,0.8778657377,0.0411138755,0.0008240850999999,-0.0044067759999999,0.0463710696999999,2.0,0.0123175428,0.0026985231,0.0612593339,0.0018761953,0.1202574709999999,0.1111366456,4.0,0.0191589292,6.508424e-11,0.0308973044,0.0133796967999999,0.2504662774,1.7434288319,1.3328625000000001e-08,73.0,23.21479802
2009-10-30,19783619.616,0.6321014263,0.3995522131,0.3004891232,17.219409738,0.0265355156,0.0421556009999999,0.0333768129,0.1008843948,-0.078406426,0.0468584104,0.0376069562,1.5496676449000002,0.0242342204999999,-0.02423422,43.0,0.1093666155,0.2651487630999999,-1.281132156,0.0737666944,-1.4526644780000002,0.0828844655,0.0701971004,0.0287084071,-0.047592385,-0.179541631,0.0,-0.321903469,0.0,1.0846115699,0.4295329115999999,0.0,0.0,0.0267847497,-0.011791216,0.0543318380999999,0.1656916421,-0.380773178,0.0158584293,0.0400977124,0.0217391304,0.0046943776,0.8721155649,-0.13272871,19077.323747,0.373697025,0.0028552443,-0.322180839,-0.422649545,0.0765094231,-0.021731106,-0.422649545,,0.1321987383,0.0507656918,,-0.525522941,5.0,1.0846115699,1.0,0.0245959488,0.0599213809999999,,0.0704044134,5.5414193711,,8.4829885946,0.3454894434,1.0,0.1251923077,0.0,0.4104703256,0.1146433236,0.3360487824,0.8778657377,0.0411138755,0.0008240850999999,-0.0044067759999999,0.0463710696999999,2.0,0.0123175428,0.0026985231,0.0612593339,0.0018761953,0.1202574709999999,0.1111366456,4.0,0.0188142371,5.993578000000001e-11,0.0249293558,0.0109479609,0.2487265582,1.7938651818,1.4456282e-08,73.0,23.51015168
2009-11-30,20084313.415,0.6320660094,0.3995074403,0.125659236,17.164749973,0.0265630141,0.4840835159,0.0127226468,0.1363356182,0.1648957991,-0.180500256,0.0261167294,1.4796924221,0.0242342204999999,-0.02423422,43.0,0.1093666155,0.2651487630999999,-1.283039219,0.0737666944,-1.4526644780000002,0.0828844655,0.0701971004,0.0287084071,-0.047592385,-0.179541631,0.0,-0.321903469,0.0,1.0846115699,0.4295329115999999,0.0,0.0,0.0267847497,-0.011791216,0.0543318380999999,0.1656916421,-0.380773178,0.0158584293,0.0400977124,0.0217391304,0.0046943776,0.8721155649,-0.13272871,19077.323747,0.373697025,0.0028552443,-0.322180839,-0.422649545,0.0765094231,-0.021731106,-0.422649545,,0.1321987383,0.0507656918,,-0.525522941,5.0,1.0846115699,1.0,0.0245959488,0.0599213809999999,,0.0704044134,5.5414193711,,8.4829885946,0.3454894434,1.0,0.1251923077,0.0,0.4104703256,0.1146433236,0.3360487824,0.5258012289,0.0478467423,-0.000161706,-0.000535113,0.0368922316,3.0,0.012052996,0.0027405449,0.0831180106,-0.003317031,0.1213441761999999,0.1094867094999999,4.0,0.017180952,5.861019e-11,0.0225563329,0.0100917429,0.2635253246,1.7255330803,1.3726213e-08,73.0,25.66623343
2009-12-31,21926217.335,0.6271405152,0.3933052258,0.2212075252,17.186038368,0.0262742357,0.6809422286,0.0917085856,0.0657171708,0.0041667395,-0.01308038,0.0351773696,1.3981533771,0.0242342204999999,-0.02423422,43.0,0.1093666155,0.2651487630999999,-1.276624849,0.0737666944,-1.4526644780000002,0.0828844655,0.0701971004,0.0287084071,-0.047592385,-0.179541631,0.0,-0.321903469,0.0,1.0846115699,0.4295329115999999,0.0,0.0,0.0267847497,-0.011791216,0.0543318380999999,0.1656916421,-0.380773178,0.0158584293,0.0400977124,0.0217391304,0.0046943776,0.8721155649,-0.13272871,19077.323747,0.373697025,0.0028552443,-0.322180839,-0.422649545,0.0765094231,-0.021731106,-0.422649545,,0.1321987383,0.0507656918,,-0.525522941,5.0,1.0846115699,1.0,0.0245959488,0.0599213809999999,,0.0704044134,5.5414193711,,8.4829885946,0.3454894434,1.0,0.1251923077,0.0,0.4104703256,0.1146433236,0.3360487824,0.5258012289,0.0478467423,-0.000161706,-0.000535113,0.0368922316,3.0,0.012052996,0.0027405449,0.0831180106,-0.003317031,0.1213441761999999,0.1094867094999999,4.0,0.016002429,5.509693000000001e-11,0.0352941789,0.0105684563,0.1910903944,1.2967655559,1.6887082999999998e-08,73.0,25.49557938
2010-01-29,21534177.847,0.6320301354,0.399462092,0.3102725041,17.161988673,0.0265194923,0.6815031665000001,-0.006674363,0.2363106643,0.1346693293,-0.070578763,0.0358330218,1.3301124599,0.0095505652,-0.009550565,44.0,-0.0681416,0.2812830341,-1.257213052,0.0846151261,-3.27893036,0.0878840385,-3.925847427,0.0594072104,-0.0168528319999999,-0.0289847939999999,0.0,0.9400901084,0.0,1.1038371107,0.4194690265,0.0,0.0,0.0363212032,0.0462729988999999,0.0747008703,0.1826757786,-0.0862268519999999,0.0078963291,0.0400721386,-0.042553191,0.0017232372,1.1264803506,0.0741076408,14552.577685,0.3774004411,0.0029084618,0.1670871609999999,0.0177257383,-0.023429834,-0.02839572,0.0177257383,,-0.009781366,0.0832221105,,-0.176479446,6.0,1.1038371107,0.0,0.0281042199,0.0563543887,,0.0746890126,3.8618091547,,8.401648664,0.3793911007,1.0,0.0103230217,0.0,0.4987050799,0.1358358019,5.2144821265,0.489086055,0.0905698632,-0.004841075,0.0131600766999999,0.0009592492,0.0,0.0119008446,0.0027659907,0.0695443165,-0.005978544,0.0990189588,0.0935893083,4.0,0.0126949741999999,5.5580330000000007e-11,0.011576754,0.0081725403,0.5603206515,2.9694221061,1.5933424999999998e-08,73.0,24.28689124
2010-02-26,20592097.742,0.6308625847,0.3979876008,0.0684126979,17.110107289000002,0.0263343003,0.8379691773000001,-0.047407724,0.1683868989,0.2204778367,-0.114171919,0.0352221042,1.2211131624,0.0095505652,-0.009550565,44.0,-0.0681416,0.2812830341,-1.247645052,0.0846151261,-3.27893036,0.0878840385,-4.028711448,0.0594072104,-0.0168528319999999,-0.0289847939999999,0.0,0.9400901084,0.0,1.1038371107,0.4194690265,0.0,0.0,0.0363212032,0.0462729988999999,0.0747008703,0.1826757786,-0.0862268519999999,0.0078963291,0.0400721386,-0.042553191,0.0017232372,1.1264803506,0.0741076408,14552.577685,0.3774004411,0.0029084618,0.1670871609999999,0.0177257383,-0.023429834,-0.02839572,0.0177257383,,-0.009781366,0.0832221105,,-0.176479446,6.0,1.1038371107,0.0,0.0281042199,0.0563543887,,0.0746890126,3.8618091547,,8.401648664,0.3793911007,1.0,0.0103230217,0.0,0.4987050799,0.1358358019,5.2144821265,0.489086055,0.0905698632,-0.004841075,0.0131600766999999,0.0009592492,0.0,0.0119008446,0.0027659907,0.0695443165,-0.005978544,0.0990189588,0.0935893083,4.0,0.0164873639,4.646901e-11,0.0151407466999999,0.007997977,0.2432655118,1.5102629085,2.0467238e-08,73.0,24.7751298
2010-03-31,21006059.828,0.6227884038,0.3878653959,-0.0412767079999999,16.954650281,0.0261808124,0.933465451,0.0201029590999999,0.0810721029999999,0.2368346573,-0.2013028939999999,0.0228132613,1.2003910652,0.0095505652,-0.009550565,44.0,-0.0681416,0.2812830341,-1.259678836,0.0846151261,-3.27893036,0.0878840385,-4.057985129,0.0594072104,-0.0168528319999999,-0.0289847939999999,0.0,0.9400901084,0.0,1.1038371107,0.4194690265,0.0,0.0,0.0363212032,0.0462729988999999,0.0747008703,0.1826757786,-0.0862268519999999,0.0078963291,0.0400721386,-0.042553191,0.0017232372,1.1264803506,0.0741076408,14552.577685,0.3774004411,0.0029084618,0.1670871609999999,0.0177257383,-0.023429834,-0.02839572,0.0177257383,,-0.009781366,0.0832221105,,-0.176479446,6.0,1.1038371107,0.0,0.0281042199,0.0563543887,,0.0746890126,3.8618091547,,8.401648664,0.3793911007,1.0,0.0103230217,0.0,0.4987050799,0.1358358019,5.2144821265,0.489086055,0.0905698632,-0.004841075,0.0131600766999999,0.0009592492,0.0,0.0119008446,0.0027659907,0.0695443165,-0.005978544,0.0990189588,0.0935893083,4.0,0.0155937738999999,5.588174e-11,0.0252427402999999,0.0097685508999999,0.2275549625,1.3356979864,1.8891007e-08,73.0,26.68578616
2010-04-30,22363963.614,0.6139701363000001,0.3769593282,0.0116286738999999,17.058274027,0.0258848888,0.8204442475,0.0769046023,0.0671855972,0.2140606513,-0.150846541,0.0365628543,1.304191485,0.0095505652,-0.009550565,44.0,-0.0681416,0.2812830341,-1.249455842,0.0846151261,-3.27893036,0.0878840385,-4.12545307,0.0594072104,-0.0168528319999999,-0.0289847939999999,0.0,0.9400901084,0.0,1.1038371107,0.4194690265,0.0,0.0,0.0363212032,0.0462729988999999,0.0747008703,0.1826757786,-0.0862268519999999,0.0078963291,0.0400721386,-0.042553191,0.0017232372,1.1264803506,0.0741076408,14552.577685,0.3774004411,0.0029084618,0.1670871609999999,0.0177257383,-0.023429834,-0.02839572,0.0177257383,,-0.009781366,0.0832221105,,-0.176479446,6.0,1.1038371107,0.0,0.0281042199,0.0563543887,,0.0746890126,3.8618091547,,8.401648664,0.3793911007,1.0,0.0103230217,0.0,0.4987050799,0.1358358019,5.2144821265,0.489086055,0.0905698632,-0.004841075,0.0131600766999999,0.0009592492,0.0,0.0119008446,0.0027659907,0.0695443165,-0.005978544,0.0990189588,0.0935893083,4.0,0.0129008275,4.012575e-11,0.0352433771,0.0094526595,0.2927638551,1.9395265901,1.2204522e-08,73.0,26.01969165
2010-05-28,21814589.023,0.6154575523,0.3787879986999999,-0.044044328,17.370433617,0.0257276344,0.6212618216,-0.024735827,0.1348191776,0.3059417558,-0.169624202,0.0383494427,1.3745331234,0.0095505652,-0.009550565,44.0,-0.0681416,0.2812830341,-1.249382726,0.0846151261,-3.27893036,0.0878840385,-4.12545307,0.0594072104,-0.0168528319999999,-0.0289847939999999,0.0,0.9400901084,0.0,1.1038371107,0.4194690265,0.0,0.0,0.0363212032,0.0462729988999999,0.0747008703,0.1826757786,-0.0862268519999999,0.0078963291,0.0400721386,-0.042553191,0.0017232372,1.1264803506,0.0741076408,14552.577685,0.3774004411,0.0029084618,0.1670871609999999,0.0177257383,-0.023429834,-0.02839572,0.0177257383,,-0.009781366,0.0832221105,,-0.176479446,6.0,1.1038371107,0.0,0.0281042199,0.0563543887,,0.0746890126,3.8618091547,,8.401648664,0.3793911007,1.0,0.0103230217,0.0,0.4987050799,0.1358358019,5.2144821265,0.1528312828,0.0662708043,-2.4817e-05,-0.005994969,0.0441771096,0.0,0.011159015,0.0027247208,0.0531507158,-0.004316702,0.0919603441,0.0902871249,4.0,0.0129886356,4.827854e-11,0.0113173379,0.0091964242,0.2675133491,1.8135688159,1.5589555e-08,73.0,24.53148051
2010-06-30,20562149.977,0.6173940712,0.3811754390999999,-0.207879965,17.187879762,0.0257578664,0.5716974654,-0.057412911,0.0137764797,0.1794808661,-0.192460959,0.0256822029,1.5885352304,0.0095505652,-0.009550565,44.0,-0.0681416,0.2812830341,-1.252162597,0.0846151261,-3.27893036,0.0878840385,-4.12545307,0.0594072104,-0.0168528319999999,-0.0289847939999999,0.0,0.9400901084,0.0,1.1038371107,0.4194690265,0.0,0.0,0.0363212032,0.0462729988999999,0.0747008703,0.1826757786,-0.0862268519999999,0.0078963291,0.0400721386,-0.042553191,0.0017232372,1.1264803506,0.0741076408,14552.577685,0.3774004411,0.0029084618,0.1670871609999999,0.0177257383,-0.023429834,-0.02839572,0.0177257383,,-0.009781366,0.0832221105,,-0.176479446,6.0,1.1038371107,0.0,0.0281042199,0.0563543887,,0.0746890126,3.8618091547,,8.401648664,0.3793911007,1.0,0.0103230217,0.0,0.4987050799,0.1358358019,5.2144821265,0.1528312828,0.0662708043,-2.4817e-05,-0.005994969,0.0441771096,0.0,0.011159015,0.0027247208,0.0531507158,-0.004316702,0.0919603441,0.0902871249,4.0,0.0433021138,6.653486e-11,0.0313204713,0.0153204432,0.2429260876,2.4119726424000003,1.2419997e-08,73.0,24.36103968
2010-07-30,19807919.174,0.6092127204,0.3711401386999999,-0.272654825,17.4049992,0.025920782,0.3735313296999999,-0.0068493819999999,-0.038006687,0.1813846214,-0.224446032,0.009279169,1.7177676152,0.0095505652,-0.009550565,44.0,-0.0681416,0.2589882948,-0.7737764340000001,0.0846151261,-3.27893036,0.0878840385,-4.12545307,0.0594072104,-0.0168528319999999,-0.0289847939999999,0.0,0.9400901084,0.0,1.1038371107,0.4194690265,0.0,0.0,0.0363212032,0.0462729988999999,0.0747008703,0.1826757786,-0.0862268519999999,0.0078963291,0.0400721386,-0.042553191,0.0017232372,1.1264803506,0.0741076408,14552.577685,0.3774004411,0.0029084618,0.1670871609999999,0.0177257383,-0.023429834,-0.02839572,0.0177257383,,-0.009781366,0.0832221105,,-0.176479446,6.0,1.1038371107,0.0,0.0281042199,0.0563543887,,0.0746890126,3.8618091547,,8.401648664,0.3793911007,1.0,0.0103230217,0.0,0.4987050799,0.1358358019,5.2144821265,0.1528312828,0.0662708043,-2.4817e-05,-0.005994969,0.0441771096,0.0,0.011159015,0.0027247208,0.0531507158,-0.004316702,0.0919603441,0.0902871249,4.0,0.0191827264,6.252511999999999e-11,0.0283896197,0.0152129636,0.2519238063,2.5608352148,1.0221843000000002e-08,73.0,24.9721835
2010-08-31,20304840.225,0.6069550003,0.3683943724,-0.08488337,17.488071028,0.0255640924,0.1846921403999999,0.0250869895999999,0.0029519210999999,0.1162818127,-0.148837431,0.0468546609,1.7908221093,0.0095505652,-0.009550565,44.0,-0.0681416,0.2589882948,-0.787132212,0.0846151261,-3.27893036,0.0878840385,-4.12545307,0.0594072104,-0.0168528319999999,-0.0289847939999999,0.0,0.9400901084,0.0,1.1038371107,0.4194690265,0.0,0.0,0.0363212032,0.0462729988999999,0.0747008703,0.1826757786,-0.0862268519999999,0.0078963291,0.0400721386,-0.042553191,0.0017232372,1.1264803506,0.0741076408,14552.577685,0.3774004411,0.0029084618,0.1670871609999999,0.0177257383,-0.023429834,-0.02839572,0.0177257383,,-0.009781366,0.0832221105,,-0.176479446,6.0,1.1038371107,0.0,0.0281042199,0.0563543887,,0.0746890126,3.8618091547,,8.401648664,0.3793911007,1.0,0.0103230217,0.0,0.4987050799,0.1358358019,5.2144821265,0.5527078737,0.0601948045,-0.0002338059999999,-0.007815825,0.0003149596,1.0,0.0128989487,0.0027682824,0.0557481429,0.0005015283,0.0924284298,0.0904804274,4.0,0.0187279487999999,6.601128e-11,0.0300620887,0.0141165506,0.2691220962,2.4114348053,1.3140722e-08,73.0,23.36263642
2010-09-30,18997008.33,0.6155805187,0.378939375,-0.15991239,17.28720813,0.0253411479999999,0.1776036298,-0.064453594,0.0078521549,0.1114642458,-0.110674934,0.0182819082,1.6162098138999998,0.0095505652,-0.009550565,44.0,-0.0681416,0.2589882948,-0.7920697309999999,0.0846151261,-3.27893036,0.0878840385,-4.12545307,0.0594072104,-0.0168528319999999,-0.0289847939999999,0.0,0.9400901084,0.0,1.1038371107,0.4194690265,0.0,0.0,0.0363212032,0.0462729988999999,0.0747008703,0.1826757786,-0.0862268519999999,0.0078963291,0.0400721386,-0.042553191,0.0017232372,1.1264803506,0.0741076408,14552.577685,0.3774004411,0.0029084618,0.1670871609999999,0.0177257383,-0.023429834,-0.02839572,0.0177257383,,-0.009781366,0.0832221105,,-0.176479446,6.0,1.1038371107,0.0,0.0281042199,0.0563543887,,0.0746890126,3.8618091547,,8.401648664,0.3793911007,1.0,0.0103230217,0.0,0.4987050799,0.1358358019,5.2144821265,0.5527078737,0.0601948045,-0.0002338059999999,-0.007815825,0.0003149596,1.0,0.0128989487,0.0027682824,0.0557481429,0.0005015283,0.0924284298,0.0904804274,4.0,0.0154112119,7.275836e-11,0.0164768677,0.0098952129,0.1760710472,0.9598577129,1.551893e-08,73.0,25.65183905
2010-10-29,20699774.399,0.6157825101,0.3791880997999999,-0.188433675,17.00773535,0.0252185821,0.0432387151,0.0973840505,-0.12444198,0.006241254,-0.0893539269999999,0.0218735162,1.3481869865,0.0095505652,-0.009550565,44.0,-0.0681416,0.2589882948,-0.8233674609999999,0.0846151261,-3.27893036,0.0878840385,-4.12545307,0.0594072104,-0.0168528319999999,-0.0289847939999999,0.0,0.9400901084,0.0,1.1038371107,0.4194690265,0.0,0.0,0.0363212032,0.0462729988999999,0.0747008703,0.1826757786,-0.0862268519999999,0.0078963291,0.0400721386,-0.042553191,0.0017232372,1.1264803506,0.0741076408,14552.577685,0.3774004411,0.0029084618,0.1670871609999999,0.0177257383,-0.023429834,-0.02839572,0.0177257383,,-0.009781366,0.0832221105,,-0.176479446,6.0,1.1038371107,0.0,0.0281042199,0.0563543887,,0.0746890126,3.8618091547,,8.401648664,0.3793911007,1.0,0.0103230217,0.0,0.4987050799,0.1358358019,5.2144821265,0.3513031763,0.0572654361,0.0001713831,-0.005945606,-0.029676627,2.0,0.0135680718,0.0028934327,0.0698689956,0.0033312522,0.0873569877,0.0877113188,4.0,0.0146921587999999,8.27501e-11,0.0245074593,0.0100427012,0.286279128,1.7258706887000002,1.7553933e-08,73.0,27.11050894
2010-11-30,21943002.708,0.6176493157,0.3814906771999999,-0.063892475,17.016615059,0.0247908654,0.2093964968,0.0585296936,-0.014807031,0.0903608274,-0.145316582,0.0363231091,1.2110951612,0.0095505652,-0.009550565,44.0,-0.0681416,0.2589882948,-0.844543411,0.0846151261,-3.27893036,0.0878840385,-4.12545307,0.0594072104,-0.0168528319999999,-0.0289847939999999,0.0,0.9400901084,0.0,1.1038371107,0.4194690265,0.0,0.0,0.0363212032,0.0462729988999999,0.0747008703,0.1826757786,-0.0862268519999999,0.0078963291,0.0400721386,-0.042553191,0.0017232372,1.1264803506,0.0741076408,14552.577685,0.3774004411,0.0029084618,0.1670871609999999,0.0177257383,-0.023429834,-0.02839572,0.0177257383,,-0.009781366,0.0832221105,,-0.176479446,6.0,1.1038371107,0.0,0.0281042199,0.0563543887,,0.0746890126,3.8618091547,,8.401648664,0.3793911007,1.0,0.0103230217,0.0,0.4987050799,0.1358358019,5.2144821265,0.3513031763,0.0572654361,0.0001713831,-0.005945606,-0.029676627,2.0,0.0135680718,0.0028934327,0.0698689956,0.0033312522,0.0873569877,0.0877113188,4.0,0.0128922442,4.396532e-11,0.0161972417999999,0.0064846325,0.2904288901,1.5168399341,1.777821e-08,73.0,27.20205726
2010-12-31,21982458.689,0.6179387048,0.3818482428999999,0.1527930635,17.061160077,0.0247465189999999,0.2703368821999999,0.0017981122,0.1063762953999999,0.0572228961,0.0262474989,0.0284341758999999,1.1808464859,0.0095505652,-0.009550565,44.0,-0.0681416,0.2589882948,-0.8478481990000001,0.0846151261,-3.27893036,0.0878840385,-4.12545307,0.0594072104,-0.0168528319999999,-0.0289847939999999,0.0,0.9400901084,0.0,1.1038371107,0.4194690265,0.0,0.0,0.0363212032,0.0462729988999999,0.0747008703,0.1826757786,-0.0862268519999999,0.0078963291,0.0400721386,-0.042553191,0.0017232372,1.1264803506,0.0741076408,14552.577685,0.3774004411,0.0029084618,0.1670871609999999,0.0177257383,-0.023429834,-0.02839572,0.0177257383,,-0.009781366,0.0832221105,,-0.176479446,6.0,1.1038371107,0.0,0.0281042199,0.0563543887,,0.0746890126,3.8618091547,,8.401648664,0.3793911007,1.0,0.0103230217,0.0,0.4987050799,0.1358358019,5.2144821265,0.3513031763,0.0572654361,0.0001713831,-0.005945606,-0.029676627,2.0,0.0135680718,0.0028934327,0.0698689956,0.0033312522,0.0873569877,0.0877113188,4.0,0.0128461516,6.55874e-11,0.0179896392,0.0095936419,0.3355372122,1.7508980293,1.7438893e-08,73.0,28.46603521
2011-01-31,22871575.397,0.6220201684000001,0.3869090898,0.2124371093,17.083607402000002,0.0240459886,0.2287135943,0.0464437753,0.1160096607,0.0662403766,0.0248566335999999,0.0371827488,1.1980310908,0.0181867281,-0.018186728,45.0,-0.0595818029999999,0.2686566462999999,-0.8416396159999999,0.0732389333,-4.197271422,0.0849205772,0.0259404925,-0.040871994,-0.019334264,-0.072639719,0.0,-2.677974717,0.0,1.112930252,0.4588898783,0.0,0.0,0.034127763,0.0293653477999999,0.0609503673,0.1655904732,-0.4314917129999999,0.0083847405,0.0403110848,0.0444444444,-0.003214775,1.0795328333,0.0676116251,16023.863797,0.357595976,0.0026966064,-1.338833198,0.0082377565,0.0939779799,-0.03859383,0.0082377565,,-0.06167058,0.041872476,,-0.393274248,5.0,1.112930252,0.0,0.0259441677999999,0.0575624181,,0.0661744274,5.3420895165,,7.9167331737,0.3618090452,1.0,0.0068342525,0.0,0.4507136539,0.1056498909,0.2535426815,-0.212170783,0.0622138172,0.0033252208,-0.000831528,-0.018310183,0.0,0.0059337681999999,0.002687255,0.0349595002,0.0045133462,0.0817880392,0.0814984337,4.0,0.0102605333999999,3.131967e-11,0.0345524102,0.0085067646999999,0.4220246673,2.4218774268,1.5877236e-08,73.0,29.46246946
2011-02-28,23778375.057,0.6142033252,0.3772457246,0.1510268918,17.168600799,0.023560578,0.3350531897,0.0350043810999999,0.1392607401999999,0.1712887382,0.0792782089,0.0342236217,1.2059108908,0.0181867281,-0.018186728,45.0,-0.0595818029999999,0.2686566462999999,-0.847294118,0.0732389333,-4.197271422,0.0849205772,0.0259404925,-0.040871994,-0.019334264,-0.072639719,0.0,-2.677974717,0.0,1.112930252,0.4588898783,0.0,0.0,0.034127763,0.0293653477999999,0.0609503673,0.1655904732,-0.4314917129999999,0.0083847405,0.0403110848,0.0444444444,-0.003214775,1.0795328333,0.0676116251,16023.863797,0.357595976,0.0026966064,-1.338833198,0.0082377565,0.0939779799,-0.03859383,0.0082377565,,-0.06167058,0.041872476,,-0.393274248,5.0,1.112930252,0.0,0.0259441677999999,0.0575624181,,0.0661744274,5.3420895165,,7.9167331737,0.3618090452,1.0,0.0068342525,0.0,0.4507136539,0.1056498909,0.2535426815,-0.212170783,0.0622138172,0.0033252208,-0.000831528,-0.018310183,0.0,0.0059337681999999,0.002687255,0.0349595002,0.0045133462,0.0817880392,0.0814984337,4.0,0.0146669731,5.27484e-11,0.0166378673,0.0101103075,0.2315783899,1.401901825,1.836087900000001e-08,73.0,30.75414349
2011-03-31,24820850.0,0.6100944798,0.3722152743,0.3727396414,17.155139092,0.0236625784,0.319925221,0.0438413024,0.2603755947,0.1883986462,0.1100692508,0.0260854186,1.0750548642,0.0181867281,-0.018186728,45.0,-0.0595818029999999,0.2686566462999999,-0.859526745,0.0732389333,-4.197271422,0.0849205772,0.0259404925,-0.040871994,-0.019334264,-0.072639719,0.0,-2.677974717,0.0,1.112930252,0.4588898783,0.0,0.0,0.034127763,0.0293653477999999,0.0609503673,0.1655904732,-0.4314917129999999,0.0083847405,0.0403110848,0.0444444444,-0.003214775,1.0795328333,0.0676116251,16023.863797,0.357595976,0.0026966064,-1.338833198,0.0082377565,0.0939779799,-0.03859383,0.0082377565,,-0.06167058,0.041872476,,-0.393274248,5.0,1.112930252,0.0,0.0259441677999999,0.0575624181,,0.0661744274,5.3420895165,,7.9167331737,0.3618090452,1.0,0.0068342525,0.0,0.4507136539,0.1056498909,0.2535426815,-0.212170783,0.0622138172,0.0033252208,-0.000831528,-0.018310183,0.0,0.0059337681999999,0.002687255,0.0349595002,0.0045133462,0.0817880392,0.0814984337,4.0,0.0126954322,5.740844e-11,0.0210855585,0.0078950169999999,0.1878349359,0.798347898,2.8570335e-08,73.0,31.78477936
2011-04-29,25562642.684,0.6114438444,0.3738635749,0.2780995144,16.811462807,0.0234238482,0.2812367314,0.0334000289,0.1988802842,0.151912238,0.1189732202999999,0.0134189287,1.0748494945,0.0181867281,-0.018186728,45.0,-0.0595818029999999,0.2686566462999999,-0.871488815,0.0732389333,-4.197271422,0.0849205772,0.0259404925,-0.040871994,-0.019334264,-0.072639719,0.0,-2.677974717,0.0,1.112930252,0.4588898783,0.0,0.0,0.034127763,0.0293653477999999,0.0609503673,0.1655904732,-0.4314917129999999,0.0083847405,0.0403110848,0.0444444444,-0.003214775,1.0795328333,0.0676116251,16023.863797,0.357595976,0.0026966064,-1.338833198,0.0082377565,0.0939779799,-0.03859383,0.0082377565,,-0.06167058,0.041872476,,-0.393274248,5.0,1.112930252,0.0,0.0259441677999999,0.0575624181,,0.0661744274,5.3420895165,,7.9167331737,0.3618090452,1.0,0.0068342525,0.0,0.4507136539,0.1056498909,0.2535426815,0.1840973923999999,0.0394152641,-0.0001964309999999,0.0032887485,0.0086966804,1.0,0.0103677285999999,0.0026018527,0.0508313713,0.0064396835,0.0779559869,0.0789859745,4.0,0.0145657901,5.438325e-11,0.0161773786,0.009590477,0.2440584588,1.3463750475,1.5175444e-08,73.0,33.66795475
2011-05-31,27163964.105,0.6020751972999999,0.3624945432,0.1971353766,17.279108256,0.0232367299,0.2634350834,0.0594425872,0.1704186739,0.22057815,0.0466057036,0.0228983002,0.9743895565,0.0181867281,-0.018186728,45.0,-0.0595818029999999,0.2686566462999999,-0.881975704,0.0732389333,-4.197271422,0.0849205772,0.0259404925,-0.040871994,-0.019334264,-0.072639719,0.0,-2.677974717,0.0,1.112930252,0.4588898783,0.0,0.0,0.034127763,0.0293653477999999,0.0609503673,0.1655904732,-0.4314917129999999,0.0083847405,0.0403110848,0.0444444444,-0.003214775,1.0795328333,0.0676116251,16023.863797,0.357595976,0.0026966064,-1.338833198,0.0082377565,0.0939779799,-0.03859383,0.0082377565,,-0.06167058,0.041872476,,-0.393274248,5.0,1.112930252,0.0,0.0259441677999999,0.0575624181,,0.0661744274,5.3420895165,,7.9167331737,0.3618090452,1.0,0.0068342525,0.0,0.4507136539,0.1056498909,0.2535426815,0.1840973923999999,0.0394152641,-0.0001964309999999,0.0032887485,0.0086966804,1.0,0.0103677285999999,0.0026018527,0.0508313713,0.0064396835,0.0779559869,0.0789859745,4.0,0.0112577038999999,5.4018809999999996e-11,0.0189225636,0.0075041269999999,0.2239561484,1.0729284599,2.4870558e-08,73.0,34.1387486
2011-06-30,27538742.855,0.6005256729,0.3606310838,0.1464774045,16.986301175999998,0.0231753489,0.3982708033,0.0137969097,0.2377657464,0.3718970782999999,0.0128700103,0.0169832147,1.1582783211,0.0181867281,-0.018186728,45.0,-0.0595818029999999,0.2686566462999999,-0.883670372,0.0732389333,-4.197271422,0.0849205772,0.0259404925,-0.040871994,-0.019334264,-0.072639719,0.0,-2.677974717,0.0,1.112930252,0.4588898783,0.0,0.0,0.034127763,0.0293653477999999,0.0609503673,0.1655904732,-0.4314917129999999,0.0083847405,0.0403110848,0.0444444444,-0.003214775,1.0795328333,0.0676116251,16023.863797,0.357595976,0.0026966064,-1.338833198,0.0082377565,0.0939779799,-0.03859383,0.0082377565,,-0.06167058,0.041872476,,-0.393274248,5.0,1.112930252,0.0,0.0259441677999999,0.0575624181,,0.0661744274,5.3420895165,,7.9167331737,0.3618090452,1.0,0.0068342525,0.0,0.4507136539,0.1056498909,0.2535426815,0.1840973923999999,0.0394152641,-0.0001964309999999,0.0032887485,0.0086966804,1.0,0.0103677285999999,0.0026018527,0.0508313713,0.0064396835,0.0779559869,0.0789859745,4.0,0.0132720785,4.226496e-11,0.0181045551,0.0087230787,0.1766334853,1.0699267708,1.6144983999999998e-08,73.0,32.85667547
2011-07-29,25855344.15,0.6016522804,0.3619854664999999,-0.0137328969999999,17.386049932,0.0227334571,0.4323867144,-0.037561245,0.1991500339,0.4004170095,0.026437326,0.0346557663,1.1974232546,0.0181867281,-0.018186728,45.0,-0.0595818029999999,0.2529471582,-0.940851921,0.0732389333,-4.197271422,0.0849205772,0.0259404925,-0.040871994,-0.019334264,-0.072639719,0.0,-2.677974717,0.0,1.112930252,0.4588898783,0.0,0.0,0.034127763,0.0293653477999999,0.0609503673,0.1655904732,-0.4314917129999999,0.0083847405,0.0403110848,0.0444444444,-0.003214775,1.0795328333,0.0676116251,16023.863797,0.357595976,0.0026966064,-1.338833198,0.0082377565,0.0939779799,-0.03859383,0.0082377565,,-0.06167058,0.041872476,,-0.393274248,5.0,1.112930252,0.0,0.0259441677999999,0.0575624181,,0.0661744274,5.3420895165,,7.9167331737,0.3618090452,1.0,0.0068342525,0.0,0.4507136539,0.1056498909,0.2535426815,0.2885904586,0.0410896409,0.0003581214,0.0111579991,-0.01719933,2.0,0.0100424562,0.0025879223,0.0538676672,0.0090811406999999,0.0873301336999999,0.0863027154,4.0,0.0144034844999999,5.053724e-11,0.0141281858,0.0098279133999999,0.2259001261,1.4282479273,1.4604829e-08,73.0,32.11446887
2011-08-31,25271292.824,0.6072834249,0.3687931581,-0.089252598,17.394032488,0.0222315079999999,0.3074775564999999,-0.022589192,0.1150759228,0.3148304646,0.0322327527,0.0298848060999999,1.2427751842,0.0181867281,-0.018186728,45.0,-0.0595818029999999,0.2529471582,-0.941152402,0.0732389333,-4.197271422,0.0849205772,0.0259404925,-0.040871994,-0.019334264,-0.072639719,0.0,-2.677974717,0.0,1.112930252,0.4588898783,0.0,0.0,0.034127763,0.0293653477999999,0.0609503673,0.1655904732,-0.4314917129999999,0.0083847405,0.0403110848,0.0444444444,-0.003214775,1.0795328333,0.0676116251,16023.863797,0.357595976,0.0026966064,-1.338833198,0.0082377565,0.0939779799,-0.03859383,0.0082377565,,-0.06167058,0.041872476,,-0.393274248,5.0,1.112930252,0.0,0.0259441677999999,0.0575624181,,0.0661744274,5.3420895165,,7.9167331737,0.3618090452,1.0,0.0068342525,0.0,0.4507136539,0.1056498909,0.2535426815,0.2885904586,0.0410896409,0.0003581214,0.0111579991,-0.01719933,2.0,0.0100424562,0.0025879223,0.0538676672,0.0090811406999999,0.0873301336999999,0.0863027154,4.0,0.0149883428,6.707296e-11,0.022968851,0.0110318174,0.1999250753,1.0478232803,2.1433951000000003e-08,73.0,31.20386245
2011-09-30,24498589.742,0.6119812308,0.3745210268,-0.301125949,17.06554741,0.0220087597,0.339125926,-0.028355075,0.0441120278,0.3736673021,-0.070637331,0.0281463798,1.6661204424,0.0181867281,-0.018186728,45.0,-0.0595818029999999,0.2529471582,-0.945114012,0.0732389333,-4.197271422,0.0849205772,0.0259404925,-0.040871994,-0.019334264,-0.072639719,0.0,-2.677974717,0.0,1.112930252,0.4588898783,0.0,0.0,0.034127763,0.0293653477999999,0.0609503673,0.1655904732,-0.4314917129999999,0.0083847405,0.0403110848,0.0444444444,-0.003214775,1.0795328333,0.0676116251,16023.863797,0.357595976,0.0026966064,-1.338833198,0.0082377565,0.0939779799,-0.03859383,0.0082377565,,-0.06167058,0.041872476,,-0.393274248,5.0,1.112930252,0.0,0.0259441677999999,0.0575624181,,0.0661744274,5.3420895165,,7.9167331737,0.3618090452,1.0,0.0068342525,0.0,0.4507136539,0.1056498909,0.2535426815,0.2885904586,0.0410896409,0.0003581214,0.0111579991,-0.01719933,2.0,0.0100424562,0.0025879223,0.0538676672,0.0090811406999999,0.0873301336999999,0.0863027154,4.0,0.0292631523,6.975178e-11,0.0444096811,0.0243257858999999,0.3604521153,4.6082639934,7.4044748e-09,73.0,29.62976168
2011-10-31,23018630.745,0.6254852282,0.3912317707,-0.306654941,17.958717957,0.0203029249,0.0691729087,-0.050369725,-0.018283216,0.2162714248,0.0516201837,-0.0544701629999999,1.7552312471,0.0181867281,-0.018186728,45.0,-0.0595818029999999,0.2529471582,-1.054502614,0.0732389333,-4.197271422,0.0849205772,0.0259404925,-0.040871994,-0.019334264,-0.072639719,0.0,-2.677974717,0.0,1.112930252,0.4588898783,0.0,0.0,0.034127763,0.0293653477999999,0.0609503673,0.1655904732,-0.4314917129999999,0.0083847405,0.0403110848,0.0444444444,-0.003214775,1.0795328333,0.0676116251,16023.863797,0.357595976,0.0026966064,-1.338833198,0.0082377565,0.0939779799,-0.03859383,0.0082377565,,-0.06167058,0.041872476,,-0.393274248,5.0,1.112930252,0.0,0.0259441677999999,0.0575624181,,0.0661744274,5.3420895165,,7.9167331737,0.3618090452,1.0,0.0068342525,0.0,0.4507136539,0.1056498909,0.2535426815,0.2885904586,0.0410896409,0.0003581214,0.0111579991,-0.01719933,2.0,0.0100424562,0.0025879223,0.0538676672,0.0090811406999999,0.0873301336999999,0.0863027154,4.0,0.0222098347,7.908981e-11,0.0285357683999999,0.0176144492,0.2661562809,2.5191184836,1.2517541000000001e-08,73.0,32.88495077
2011-11-30,25573567.235,0.5948792936,0.3538813739,-0.263356175,17.461942194000002,0.0190567491,-0.107137608,0.1098621413,-0.120039169,0.0911438527,0.3616042139,0.1706417754,1.9378048065,0.0181867281,-0.018186728,45.0,-0.0595818029999999,0.2529471582,-1.045824266,0.0732389333,-4.197271422,0.0849205772,0.0259404925,-0.040871994,-0.019334264,-0.072639719,0.0,-2.677974717,0.0,1.112930252,0.4588898783,0.0,0.0,0.034127763,0.0293653477999999,0.0609503673,0.1655904732,-0.4314917129999999,0.0083847405,0.0403110848,0.0444444444,-0.003214775,1.0795328333,0.0676116251,16023.863797,0.357595976,0.0026966064,-1.338833198,0.0082377565,0.0939779799,-0.03859383,0.0082377565,,-0.06167058,0.041872476,,-0.393274248,5.0,1.112930252,0.0,0.0259441677999999,0.0575624181,,0.0661744274,5.3420895165,,7.9167331737,0.3618090452,1.0,0.0068342525,0.0,0.4507136539,0.1056498909,0.2535426815,0.4569165429999999,0.0395346713,-6.2882e-05,0.0052388321,0.0037199853,3.0,0.0129759984,0.0026458383,0.0733776577,0.0115011586,0.0846331624,0.0847944898,4.0,0.0213305211,7.564757e-11,0.0383707359,0.01571194,0.2922437497,2.3211222288,1.3234785e-08,73.0,32.10571632
2011-12-30,24967580.895,0.6274915487,0.3937456436,-0.3143262619999999,17.509855479000002,0.0182226757,-0.014332544,-0.023695808,-0.0366559579999999,0.2088456128,0.1610724684,0.0820529425,1.4544040074000002,0.0181867281,-0.018186728,45.0,-0.0595818029999999,0.2529471582,-1.058080102,0.0732389333,-4.197271422,0.0849205772,0.0259404925,-0.040871994,-0.019334264,-0.072639719,0.0,-2.677974717,0.0,1.112930252,0.4588898783,0.0,0.0,0.034127763,0.0293653477999999,0.0609503673,0.1655904732,-0.4314917129999999,0.0083847405,0.0403110848,0.0444444444,-0.003214775,1.0795328333,0.0676116251,16023.863797,0.357595976,0.0026966064,-1.338833198,0.0082377565,0.0939779799,-0.03859383,0.0082377565,,-0.06167058,0.041872476,,-0.393274248,5.0,1.112930252,0.0,0.0259441677999999,0.0575624181,,0.0661744274,5.3420895165,,7.9167331737,0.3618090452,1.0,0.0068342525,0.0,0.4507136539,0.1056498909,0.2535426815,0.4569165429999999,0.0395346713,-6.2882e-05,0.0052388321,0.0037199853,3.0,0.0129759984,0.0026458383,0.0733776577,0.0115011586,0.0846331624,0.0847944898,4.0,0.0180134207,1.191512e-10,0.0477851108,0.0209802533,0.2807034374,1.4665436508,1.8431576e-08,73.0,34.19978535
2012-01-31,26416290.179,0.6247024861,0.3902531961,-0.113478411,17.15557847,0.0169343843,-0.097114261,0.0648854598,-0.022777479,0.1278207843,0.257569465,0.1126157506,1.2188040181,0.0147822031,-0.014782203,46.0,-0.274590317,0.2791193824,-1.033826575,0.0633889122,-5.855899558,0.0659747555,-0.013844356,-0.038369786,-0.002439024,-0.040039022,0.0,3.1595029510000003,0.0,1.0670740813,0.4442893047,0.0,0.0,0.0271626632,0.0970085236,0.0485083471,0.1662633738,0.1519949334999999,0.0453678775,0.0398713088,0.085106383,0.0045752023,1.0917626932,0.3200909121,22061.404883000003,0.3343254123999999,0.0022968297,0.1674094952,-0.041203095,-0.031817162,-0.04272444,-0.041203095,,-0.103638948,0.0110258505,,-0.3600701639999999,4.0,1.0670740813,0.0,0.022324205,0.0584240092999999,,0.051699652,6.9295784527,,7.2387895662,0.3684210525999999,1.0,0.1066120052999999,0.0,0.3821066932999999,0.0813328641,0.0646606098,0.1674068528,0.041640502,0.0007073136,0.0109180425,-0.032098019,0.0,0.005813003,0.0026549753999999,0.0390346275,0.0122527861,0.0827332802,0.0810390065,3.0,0.0160230273,8.003099e-11,0.0423712395,0.0126050028,0.3340927328,1.6784225806,2.1534505e-08,73.0,34.68735866
2012-02-29,26873752.681,0.6465527305,0.4180304333,-0.010028186,17.055596929,0.0157577666,-0.116437666,0.0142566282,0.0646803219,0.1603815177,0.4094286936,0.0950986277,1.0534446583,0.0147822031,-0.014782203,46.0,-0.274590317,0.2791193824,-1.0367691490000002,0.0633889122,-5.855899558,0.0659747555,-0.013844356,-0.038369786,-0.002439024,-0.040039022,0.0,3.1595029510000003,0.0,1.0670740813,0.4442893047,0.0,0.0,0.0271626632,0.0970085236,0.0485083471,0.1662633738,0.1519949334999999,0.0453678775,0.0398713088,0.085106383,0.0045752023,1.0917626932,0.3200909121,22061.404883000003,0.3343254123999999,0.0022968297,0.1674094952,-0.041203095,-0.031817162,-0.04272444,-0.041203095,,-0.103638948,0.0110258505,,-0.3600701639999999,4.0,1.0670740813,0.0,0.022324205,0.0584240092999999,,0.051699652,6.9295784527,,7.2387895662,0.3684210525999999,1.0,0.1066120052999999,0.0,0.3821066932999999,0.0813328641,0.0646606098,0.1674068528,0.041640502,0.0007073136,0.0109180425,-0.032098019,0.0,0.005813003,0.0026549753999999,0.0390346275,0.0122527861,0.0827332802,0.0810390065,3.0,0.0121452931,3.6223309999999997e-11,0.0150916306,0.0077930064,0.2218802923,1.2214732248,2.0374995e-08,73.0,34.3960811
2012-03-30,26648088.17,0.6234873159000001,0.3887364331,0.0875335367999999,17.174869083,0.0150552568,-0.088736299,-0.008397209,0.1113721131,0.1274938468999999,0.5651367132,0.1383327205,1.0250296342,0.0147822031,-0.014782203,46.0,-0.274590317,0.2791193824,-1.040835095,0.0633889122,-5.855899558,0.0659747555,-0.013844356,-0.038369786,-0.002439024,-0.040039022,0.0,3.1595029510000003,0.0,1.0670740813,0.4442893047,0.0,0.0,0.0271626632,0.0970085236,0.0485083471,0.1662633738,0.1519949334999999,0.0453678775,0.0398713088,0.085106383,0.0045752023,1.0917626932,0.3200909121,22061.404883000003,0.3343254123999999,0.0022968297,0.1674094952,-0.041203095,-0.031817162,-0.04272444,-0.041203095,,-0.103638948,0.0110258505,,-0.3600701639999999,4.0,1.0670740813,0.0,0.022324205,0.0584240092999999,,0.051699652,6.9295784527,,7.2387895662,0.3684210525999999,1.0,0.1066120052999999,0.0,0.3821066932999999,0.0813328641,0.0646606098,0.1674068528,0.041640502,0.0007073136,0.0109180425,-0.032098019,0.0,0.005813003,0.0026549753999999,0.0390346275,0.0122527861,0.0827332802,0.0810390065,3.0,0.0096492027,3.304272e-11,0.0125866225,0.0059825029,0.1811215757,0.9217789441,2.1181561000000003e-08,73.0,35.20506394
2012-04-30,27004466.328,0.6933379692,0.4807175395,0.255250903,17.130440554,0.0150068967999999,-0.064288857,0.0232879035,0.1604934239,0.0818908599,0.5563435785,0.0863171433,1.0263498846,0.0147822031,-0.014782203,46.0,-0.274590317,0.2791193824,-1.058168575,0.0633889122,-5.855899558,0.0659747555,-0.013844356,-0.038369786,-0.002439024,-0.040039022,0.0,3.1595029510000003,0.0,1.0670740813,0.4442893047,0.0,0.0,0.0271626632,0.0970085236,0.0485083471,0.1662633738,0.1519949334999999,0.0453678775,0.0398713088,0.085106383,0.0045752023,1.0917626932,0.3200909121,22061.404883000003,0.3343254123999999,0.0022968297,0.1674094952,-0.041203095,-0.031817162,-0.04272444,-0.041203095,,-0.103638948,0.0110258505,,-0.3600701639999999,4.0,1.0670740813,0.0,0.022324205,0.0584240092999999,,0.051699652,6.9295784527,,7.2387895662,0.3684210525999999,1.0,0.1066120052999999,0.0,0.3821066932999999,0.0813328641,0.0646606098,0.2682615185999999,0.0452530674,-8.420000000000001e-05,-0.009939089,0.0031606378,1.0,0.0087738001,0.0026666578,0.0499800346,0.0122292248,0.0842267832,0.0844654817,3.0,0.0101585013,4.188719e-11,0.0145694017,0.00662618,0.2468997326999999,1.1647983231,2.0575018e-08,73.0,35.47935598
2012-05-31,27202907.178000003,0.7111164769,0.5056866436999999,0.1016709313,17.079904678,0.0149878996,-0.055064586,0.0077912724,0.0699697183999999,0.0449701033999999,0.6469829238,0.0413674312,0.9493244187,0.0147822031,-0.014782203,46.0,-0.274590317,0.2791193824,-1.066253041,0.0633889122,-5.855899558,0.0659747555,-0.013844356,-0.038369786,-0.002439024,-0.040039022,0.0,3.1595029510000003,0.0,1.0670740813,0.4442893047,0.0,0.0,0.0271626632,0.0970085236,0.0485083471,0.1662633738,0.1519949334999999,0.0453678775,0.0398713088,0.085106383,0.0045752023,1.0917626932,0.3200909121,22061.404883000003,0.3343254123999999,0.0022968297,0.1674094952,-0.041203095,-0.031817162,-0.04272444,-0.041203095,,-0.103638948,0.0110258505,,-0.3600701639999999,4.0,1.0670740813,0.0,0.022324205,0.0584240092999999,,0.051699652,6.9295784527,,7.2387895662,0.3684210525999999,1.0,0.1066120052999999,0.0,0.3821066932999999,0.0813328641,0.0646606098,0.2682615185999999,0.0452530674,-8.420000000000001e-05,-0.009939089,0.0031606378,1.0,0.0087738001,0.0026666578,0.0499800346,0.0122292248,0.0842267832,0.0844654817,3.0,0.0112107789999999,7.172098000000001e-11,0.0155392773,0.0099260907,0.242410311,1.0662725436,2.5966349e-08,73.0,33.26588304
2012-06-29,25505783.496,0.7252744960999999,0.5260230947,0.0950551143,16.947780091,0.0145056146999999,-0.04083225,-0.0623875859999999,0.1044776336999999,0.038779799,0.5462684011,0.0483048917,0.9630676029,0.0147822031,-0.014782203,46.0,-0.274590317,0.2791193824,-1.066418226,0.0633889122,-5.855899558,0.0659747555,-0.013844356,-0.038369786,-0.002439024,-0.040039022,0.0,3.1595029510000003,0.0,1.0670740813,0.4442893047,0.0,0.0,0.0271626632,0.0970085236,0.0485083471,0.1662633738,0.1519949334999999,0.0453678775,0.0398713088,0.085106383,0.0045752023,1.0917626932,0.3200909121,22061.404883000003,0.3343254123999999,0.0022968297,0.1674094952,-0.041203095,-0.031817162,-0.04272444,-0.041203095,,-0.103638948,0.0110258505,,-0.3600701639999999,4.0,1.0670740813,0.0,0.022324205,0.0584240092999999,,0.051699652,6.9295784527,,7.2387895662,0.3684210525999999,1.0,0.1066120052999999,0.0,0.3821066932999999,0.0813328641,0.0646606098,0.2682615185999999,0.0452530674,-8.420000000000001e-05,-0.009939089,0.0031606378,1.0,0.0087738001,0.0026666578,0.0499800346,0.0122292248,0.0842267832,0.0844654817,3.0,0.0135777868,5.5093680000000005e-11,0.0136760157,0.007569515,0.2115248069,1.0378464518,1.897086e-08,73.0,35.77764025
2012-07-31,26950571.926,0.7305252322,0.5336671149000001,0.0046614159,17.101545012,0.0146167214999999,-0.0908776459999999,0.0748801157,-0.027527392,0.0119842229,0.5813824325,-0.003168279,0.9827233925,0.0147822031,-0.014782203,46.0,-0.274590317,0.2416652738,-1.177883606,0.0633889122,-5.855899558,0.0659747555,-0.013844356,-0.038369786,-0.002439024,-0.040039022,0.0,3.1595029510000003,0.0,1.0670740813,0.4442893047,0.0,0.0,0.0271626632,0.0970085236,0.0485083471,0.1662633738,0.1519949334999999,0.0453678775,0.0398713088,0.085106383,0.0045752023,1.0917626932,0.3200909121,22061.404883000003,0.3343254123999999,0.0022968297,0.1674094952,-0.041203095,-0.031817162,-0.04272444,-0.041203095,,-0.103638948,0.0110258505,,-0.3600701639999999,4.0,1.0670740813,0.0,0.022324205,0.0584240092999999,,0.051699652,6.9295784527,,7.2387895662,0.3684210525999999,1.0,0.1066120052999999,0.0,0.3821066932999999,0.0813328641,0.0646606098,0.4568913477,0.0417184864,0.0008848663,-0.004236997,-0.015094036,2.0,0.0133046873,0.00273858,0.0619351409,0.0062423601,0.0829003097,0.0837152083,3.0,0.0138706382,8.034281e-11,0.0322331153,0.0135849052,0.17102937,0.8490966681000001,2.0260222e-08,73.0,36.34972253
2012-08-31,27381509.631,0.7433550855,0.5525767832,-0.0327812679999999,17.146867366,0.0149662138999999,-0.034962502,0.0159899276,0.0305986085999999,0.1129012584999999,0.4705556554,0.0272869636,1.00261848,0.0147822031,-0.014782203,46.0,-0.274590317,0.2416652738,-1.176426345,0.0633889122,-5.855899558,0.0659747555,-0.013844356,-0.038369786,-0.002439024,-0.040039022,0.0,3.1595029510000003,0.0,1.0670740813,0.4442893047,0.0,0.0,0.0271626632,0.0970085236,0.0485083471,0.1662633738,0.1519949334999999,0.0453678775,0.0398713088,0.085106383,0.0045752023,1.0917626932,0.3200909121,22061.404883000003,0.3343254123999999,0.0022968297,0.1674094952,-0.041203095,-0.031817162,-0.04272444,-0.041203095,,-0.103638948,0.0110258505,,-0.3600701639999999,4.0,1.0670740813,0.0,0.022324205,0.0584240092999999,,0.051699652,6.9295784527,,7.2387895662,0.3684210525999999,1.0,0.1066120052999999,0.0,0.3821066932999999,0.0813328641,0.0646606098,0.4568913477,0.0417184864,0.0008848663,-0.004236997,-0.015094036,2.0,0.0133046873,0.00273858,0.0619351409,0.0062423601,0.0829003097,0.0837152083,3.0,0.0138940435,6.311452e-11,0.0200324953,0.0098908173,0.2320008976,1.1284559212,2.2822111e-08,73.0,37.33318982
2012-09-28,28140051.287,0.7457492806999999,0.5561419896,-0.017525517,17.034203925,0.0149548533,0.0368236098,0.0270557497,0.0559447942999999,0.1636930735,0.3878738038,0.0354248975,0.8995504612,0.0147822031,-0.014782203,46.0,-0.274590317,0.2416652738,-1.184354024,0.0633889122,-5.855899558,0.0659747555,-0.013844356,-0.038369786,-0.002439024,-0.040039022,0.0,3.1595029510000003,0.0,1.0670740813,0.4442893047,0.0,0.0,0.0271626632,0.0970085236,0.0485083471,0.1662633738,0.1519949334999999,0.0453678775,0.0398713088,0.085106383,0.0045752023,1.0917626932,0.3200909121,22061.404883000003,0.3343254123999999,0.0022968297,0.1674094952,-0.041203095,-0.031817162,-0.04272444,-0.041203095,,-0.103638948,0.0110258505,,-0.3600701639999999,4.0,1.0670740813,0.0,0.022324205,0.0584240092999999,,0.051699652,6.9295784527,,7.2387895662,0.3684210525999999,1.0,0.1066120052999999,0.0,0.3821066932999999,0.0813328641,0.0646606098,0.4568913477,0.0417184864,0.0008848663,-0.004236997,-0.015094036,2.0,0.0133046873,0.00273858,0.0619351409,0.0062423601,0.0829003097,0.0837152083,3.0,0.0097442728,5.732422e-11,0.0211659241,0.0073410476,0.2574725955999999,0.9287290686,2.5449756000000005e-08,73.0,37.9608386
2012-10-31,28403171.926,0.7581896247,0.5748515071,-0.109894416,16.861367291,0.0148864627,0.225756438,0.0167871565,0.0598328863999999,0.2585715652,0.2753982536,0.0241090035999999,0.8381046153,0.0147822031,-0.014782203,46.0,-0.274590317,0.2416652738,-1.202551832,0.0633889122,-5.855899558,0.0659747555,-0.013844356,-0.038369786,-0.002439024,-0.040039022,0.0,3.1595029510000003,0.0,1.0670740813,0.4442893047,0.0,0.0,0.0271626632,0.0970085236,0.0485083471,0.1662633738,0.1519949334999999,0.0453678775,0.0398713088,0.085106383,0.0045752023,1.0917626932,0.3200909121,22061.404883000003,0.3343254123999999,0.0022968297,0.1674094952,-0.041203095,-0.031817162,-0.04272444,-0.041203095,,-0.103638948,0.0110258505,,-0.3600701639999999,4.0,1.0670740813,0.0,0.022324205,0.0584240092999999,,0.051699652,6.9295784527,,7.2387895662,0.3684210525999999,1.0,0.1066120052999999,0.0,0.3821066932999999,0.0813328641,0.0646606098,0.4568913477,0.0417184864,0.0008848663,-0.004236997,-0.015094036,2.0,0.0133046873,0.00273858,0.0619351409,0.0062423601,0.0829003097,0.0837152083,3.0,0.0103718576,4.060696e-11,0.0201065819999999,0.0077830682999999,0.3130181475,1.3723615436,2.6774949e-08,73.0,37.39783264
2012-11-30,28055542.904,0.7722387765000001,0.5963527279,-0.024871749,17.011579857,0.0145277377,0.1299885642,-0.014831212,0.0692933114,0.1530255473,0.3977333687,0.0358304592,0.8009031723000001,0.0147822031,-0.014782203,46.0,-0.274590317,0.2416652738,-1.21070109,0.0633889122,-5.855899558,0.0659747555,-0.013844356,-0.038369786,-0.002439024,-0.040039022,0.0,3.1595029510000003,0.0,1.0670740813,0.4442893047,0.0,0.0,0.0271626632,0.0970085236,0.0485083471,0.1662633738,0.1519949334999999,0.0453678775,0.0398713088,0.085106383,0.0045752023,1.0917626932,0.3200909121,22061.404883000003,0.3343254123999999,0.0022968297,0.1674094952,-0.041203095,-0.031817162,-0.04272444,-0.041203095,,-0.103638948,0.0110258505,,-0.3600701639999999,4.0,1.0670740813,0.0,0.022324205,0.0584240092999999,,0.051699652,6.9295784527,,7.2387895662,0.3684210525999999,1.0,0.1066120052999999,0.0,0.3821066932999999,0.0813328641,0.0646606098,0.2283127403,0.0429981639,6.490949999999999e-05,-0.002204249,-0.020191832,3.0,0.01385896,0.0026721465,0.072819617,0.0064285661,0.0818163586,0.083737783,3.0,0.0103179076,5.018236e-11,0.0106960479,0.0064818074,0.2318607957,0.8570238074,2.6017012000000004e-08,73.0,36.73128536
2012-12-31,27548221.611,0.7626986481999999,0.581709228,0.0676402091,16.925125252,0.0143962633,0.1102125921,-0.018082747,0.1235286341,0.1634947282,0.2499791293,0.0329745304999999,0.8514971459999999,0.0147822031,-0.014782203,46.0,-0.274590317,0.2416652738,-1.212205746,0.0633889122,-5.855899558,0.0659747555,-0.013844356,-0.038369786,-0.002439024,-0.040039022,0.0,3.1595029510000003,0.0,1.0670740813,0.4442893047,0.0,0.0,0.0271626632,0.0970085236,0.0485083471,0.1662633738,0.1519949334999999,0.0453678775,0.0398713088,0.085106383,0.0045752023,1.0917626932,0.3200909121,22061.404883000003,0.3343254123999999,0.0022968297,0.1674094952,-0.041203095,-0.031817162,-0.04272444,-0.041203095,,-0.103638948,0.0110258505,,-0.3600701639999999,4.0,1.0670740813,0.0,0.022324205,0.0584240092999999,,0.051699652,6.9295784527,,7.2387895662,0.3684210525999999,1.0,0.1066120052999999,0.0,0.3821066932999999,0.0813328641,0.0646606098,0.2283127403,0.0429981639,6.490949999999999e-05,-0.002204249,-0.020191832,3.0,0.01385896,0.0026721465,0.072819617,0.0064285661,0.0818163586,0.083737783,3.0,0.01623599,9.415059e-11,0.027167324,0.0137825888999999,0.3997346292,1.5998077186000002,2.3317006e-08,73.0,37.1717078
2013-01-31,27593971.148,0.7717798337,0.5956441117,-0.007719059,17.018818803,0.0142419824,0.1295510048,0.0109260976,0.0263583201,0.072843597,0.3400284359,0.0387673972,0.8192056498,0.0160390323,-0.0160390319999999,47.0,0.0999699167,0.2462609228999999,-1.219603908,0.0646823882,-2.437838454,0.070877902,0.0013127668,0.0278609435,-0.013447433,-0.012262782,0.0,-1.655473872,0.0,1.0824547966,0.4577375053,0.0,0.0,0.0279808532,0.0172367896,0.0515202423,0.138689713,0.361516035,0.0097703746999999,0.037639177,0.1176470588,0.0001664802,0.9165482647,-0.124926048,22388.28317,0.3496533596,0.0021639007,-0.742729048,0.0144139152,0.0302690173,-0.01632022,0.0144139152,,0.0542498871,0.0180209775,,-0.375729204,7.0,1.0824547966,0.0,0.0222592678,0.0562483591,,0.0633443924,6.75654102,,7.621810905499999,,0.0,0.0795283162,0.0,0.3957318605,0.0959539842,0.0720634783999999,0.2283127403,0.0429981639,6.490949999999999e-05,-0.002204249,-0.020191832,3.0,0.01385896,0.0026721465,0.072819617,0.0064285661,0.0818163586,0.083737783,4.0,0.0136169719,5.849216e-11,0.0122099584,0.0071558436,0.35335721,1.5520696515,2.8668436e-08,73.0,38.6583153
2013-02-28,28756658.374,0.7886634909,0.6219901018,0.0165000425,16.86415853,0.0142877452,0.0604968605999999,0.0414544269,0.0212428127,0.0693206834,0.4267727729,0.0156422498,0.8361638183,0.0160390323,-0.0160390319999999,47.0,0.0999699167,0.2462609228999999,-1.2221015590000002,0.0646823882,-2.437838454,0.070877902,0.0013127668,0.0278609435,-0.013447433,-0.012262782,0.0,-1.655473872,0.0,1.0824547966,0.4577375053,0.0,0.0,0.0279808532,0.0172367896,0.0515202423,0.138689713,0.361516035,0.0097703746999999,0.037639177,0.1176470588,0.0001664802,0.9165482647,-0.124926048,22388.28317,0.3496533596,0.0021639007,-0.742729048,0.0144139152,0.0302690173,-0.01632022,0.0144139152,,0.0542498871,0.0180209775,,-0.375729204,7.0,1.0824547966,0.0,0.0222592678,0.0562483591,,0.0633443924,6.75654102,,7.621810905499999,,0.0,0.0795283162,0.0,0.3957318605,0.0959539842,0.0720634783999999,0.2183609882999999,0.0512242216,0.0006045861,-0.0006492669999999,-0.027946407,0.0,0.0065090244999999,0.0027117053,0.0396958151,0.0043227283,0.0803080958,0.0810117137,4.0,0.0107591439999999,5.009318e-11,0.0256455131,0.00805455,0.2200801532999999,0.9020849705,2.448084e-08,73.0,40.00799843
2013-03-28,29760643.416,0.7943935376000001,0.6310610925,-0.012799531,17.012432158,0.0140989365,0.0761040333999999,0.0349131337999999,0.0355599962,0.1230794922,0.3869108522,0.0227977122,0.8112574726999999,0.0160390323,-0.0160390319999999,47.0,0.0999699167,0.2462609228999999,-1.231898893,0.0646823882,-2.437838454,0.070877902,0.0013127668,0.0278609435,-0.013447433,-0.012262782,0.0,-1.655473872,0.0,1.0824547966,0.4577375053,0.0,0.0,0.0279808532,0.0172367896,0.0515202423,0.138689713,0.361516035,0.0097703746999999,0.037639177,0.1176470588,0.0001664802,0.9165482647,-0.124926048,22388.28317,0.3496533596,0.0021639007,-0.742729048,0.0144139152,0.0302690173,-0.01632022,0.0144139152,,0.0542498871,0.0180209775,,-0.375729204,7.0,1.0824547966,0.0,0.0222592678,0.0562483591,,0.0633443924,6.75654102,,7.621810905499999,,0.0,0.0795283162,0.0,0.3957318605,0.0959539842,0.0720634783999999,0.2183609882999999,0.0512242216,0.0006045861,-0.0006492669999999,-0.027946407,0.0,0.0065090244999999,0.0027117053,0.0396958151,0.0043227283,0.0803080958,0.0810117137,4.0,0.0134746953,6.59334e-11,0.0282115918,0.0116276283,0.2246676117,1.002971298,2.8080162e-08,73.0,42.6907539
2013-04-30,31546052.408000004,0.7941524991,0.6306781919,0.0469103885,17.010271743,0.0140035507,0.0547351838,0.0669002309,0.0540206317,0.1358384213,0.3178596277,0.0278992088,0.8387658981999999,0.0160390323,-0.0160390319999999,47.0,0.0999699167,0.2462609228999999,-1.229533788,0.0646823882,-2.437838454,0.070877902,0.0013127668,0.0278609435,-0.013447433,-0.012262782,0.0,-1.655473872,0.0,1.0824547966,0.4577375053,0.0,0.0,0.0279808532,0.0172367896,0.0515202423,0.138689713,0.361516035,0.0097703746999999,0.037639177,0.1176470588,0.0001664802,0.9165482647,-0.124926048,22388.28317,0.3496533596,0.0021639007,-0.742729048,0.0144139152,0.0302690173,-0.01632022,0.0144139152,,0.0542498871,0.0180209775,,-0.375729204,7.0,1.0824547966,0.0,0.0222592678,0.0562483591,,0.0633443924,6.75654102,,7.621810905499999,,0.0,0.0795283162,0.0,0.3957318605,0.0959539842,0.0720634783999999,0.2183609882999999,0.0512242216,0.0006045861,-0.0006492669999999,-0.027946407,0.0,0.0065090244999999,0.0027117053,0.0396958151,0.0043227283,0.0803080958,0.0810117137,4.0,0.011386482,4.372964e-11,0.0166934337,0.0072040126,0.2494148521,1.23579503,2.5831091e-08,73.0,44.21401673
2013-05-31,32674847.703,0.8061068429000001,0.6498082421,0.1285768799,17.100561938,0.0134557602,0.1148540671,0.0355220288,0.1414641526,0.2024575992999999,0.3618130018,0.0343140998,0.7958789997,0.0160390323,-0.0160390319999999,47.0,0.0999699167,0.2462609228999999,-1.23250229,0.0646823882,-2.437838454,0.070877902,0.0013127668,0.0278609435,-0.013447433,-0.012262782,0.0,-1.655473872,0.0,1.0824547966,0.4577375053,0.0,0.0,0.0279808532,0.0172367896,0.0515202423,0.138689713,0.361516035,0.0097703746999999,0.037639177,0.1176470588,0.0001664802,0.9165482647,-0.124926048,22388.28317,0.3496533596,0.0021639007,-0.742729048,0.0144139152,0.0302690173,-0.01632022,0.0144139152,,0.0542498871,0.0180209775,,-0.375729204,7.0,1.0824547966,0.0,0.0222592678,0.0562483591,,0.0633443924,6.75654102,,7.621810905499999,,0.0,0.0795283162,0.0,0.3957318605,0.0959539842,0.0720634783999999,0.4156485915999999,0.0382529250999999,0.0002783706,-0.000625971,-0.013230956,1.0,0.0098164885,0.0027117228999999,0.0494766111,0.0044572486,0.0895943426,0.0935527474,4.0,0.0136591244,7.814476e-11,0.0186162665,0.0097945854,0.2568255025,0.9341404661,2.7557244e-08,73.0,45.12009548
2013-06-28,33344456.432,0.8464700132999999,0.7165114834,0.1252359091,16.975645629000002,0.0132169844999999,0.1935318018,0.0204930939,0.2037789048,0.3280235135,0.3546257865,0.0292469474,0.8373214532,0.0160390323,-0.0160390319999999,47.0,0.0999699167,0.2462609228999999,-1.239677442,0.0646823882,-2.437838454,0.070877902,0.0013127668,0.0278609435,-0.013447433,-0.012262782,0.0,-1.655473872,0.0,1.0824547966,0.4577375053,0.0,0.0,0.0279808532,0.0172367896,0.0515202423,0.138689713,0.361516035,0.0097703746999999,0.037639177,0.1176470588,0.0001664802,0.9165482647,-0.124926048,22388.28317,0.3496533596,0.0021639007,-0.742729048,0.0144139152,0.0302690173,-0.01632022,0.0144139152,,0.0542498871,0.0180209775,,-0.375729204,7.0,1.0824547966,0.0,0.0222592678,0.0562483591,,0.0633443924,6.75654102,,7.621810905499999,,0.0,0.0795283162,0.0,0.3957318605,0.0959539842,0.0720634783999999,0.4156485915999999,0.0382529250999999,0.0002783706,-0.000625971,-0.013230956,1.0,0.0098164885,0.0027117228999999,0.0494766111,0.0044572486,0.0895943426,0.0935527474,4.0,0.0120357149,5.807965e-11,0.027303813,0.0113430546,0.2510194139,1.095097865,2.1373337e-08,73.0,45.50264189
2013-07-31,33231836.295,0.8549521323,0.7309431485,0.187766245,17.25029121,0.0134894192,0.2034988121,0.0083672786,0.2151709821,0.260827886,0.4661022164,0.0140287293999999,0.8189231938,0.0160390323,-0.0160390319999999,47.0,0.0999699167,0.235750772,-1.3740520880000002,0.0646823882,-2.437838454,0.070877902,0.0013127668,0.0278609435,-0.013447433,-0.012262782,0.0,-1.655473872,0.0,1.0824547966,0.4577375053,0.0,0.0,0.0279808532,0.0172367896,0.0515202423,0.138689713,0.361516035,0.0097703746999999,0.037639177,0.1176470588,0.0001664802,0.9165482647,-0.124926048,22388.28317,0.3496533596,0.0021639007,-0.742729048,0.0144139152,0.0302690173,-0.01632022,0.0144139152,,0.0542498871,0.0180209775,,-0.375729204,7.0,1.0824547966,0.0,0.0222592678,0.0562483591,,0.0633443924,6.75654102,,7.621810905499999,,0.0,0.0795283162,0.0,0.3957318605,0.0959539842,0.0720634783999999,0.4156485915999999,0.0382529250999999,0.0002783706,-0.000625971,-0.013230956,1.0,0.0098164885,0.0027117228999999,0.0494766111,0.0044572486,0.0895943426,0.0935527474,4.0,0.0128680112,6.452781e-11,0.0142773213,0.0095265497999999,0.2726205295,1.1750111563,2.7621438e-08,73.0,47.63702372
2013-08-30,34791600.584,0.8593552520000001,0.7384914491,0.168210052,17.090738888,0.0135178045,0.2658084591,0.0469358451999999,0.1765648353,0.2513682958,0.4530913959,0.0210369466,0.8402748004999999,0.0160390323,-0.0160390319999999,47.0,0.0999699167,0.235750772,-1.363703153,0.0646823882,-2.437838454,0.070877902,0.0013127668,0.0278609435,-0.013447433,-0.012262782,0.0,-1.655473872,0.0,1.0824547966,0.4577375053,0.0,0.0,0.0279808532,0.0172367896,0.0515202423,0.138689713,0.361516035,0.0097703746999999,0.037639177,0.1176470588,0.0001664802,0.9165482647,-0.124926048,22388.28317,0.3496533596,0.0021639007,-0.742729048,0.0144139152,0.0302690173,-0.01632022,0.0144139152,,0.0542498871,0.0180209775,,-0.375729204,7.0,1.0824547966,0.0,0.0222592678,0.0562483591,,0.0633443924,6.75654102,,7.621810905499999,,0.0,0.0795283162,0.0,0.3957318605,0.0959539842,0.0720634783999999,0.4431482733,0.0430483048,-0.000837325,0.0038225038,0.002562061,2.0,0.0116108957,0.0026893857,0.0556200041,0.0060629186,0.0873005191,0.0911271710999999,4.0,0.0120433111,4.105078e-11,0.0217119716,0.00727964,0.2787772934,1.0089362886,2.5153339e-08,73.0,47.02248035
2013-09-30,34357686.448,0.8554366767,0.7317719079,0.103131259,17.12992982,0.0135492223,0.327885776,-0.0129279139999999,0.1902331316,0.2755902732999999,0.5952237793999999,0.0384469212,0.7731361561,0.0160390323,-0.0160390319999999,47.0,0.0999699167,0.235750772,-1.388185232,0.0646823882,-2.437838454,0.070877902,0.0013127668,0.0278609435,-0.013447433,-0.012262782,0.0,-1.655473872,0.0,1.0824547966,0.4577375053,0.0,0.0,0.0279808532,0.0172367896,0.0515202423,0.138689713,0.361516035,0.0097703746999999,0.037639177,0.1176470588,0.0001664802,0.9165482647,-0.124926048,22388.28317,0.3496533596,0.0021639007,-0.742729048,0.0144139152,0.0302690173,-0.01632022,0.0144139152,,0.0542498871,0.0180209775,,-0.375729204,7.0,1.0824547966,0.0,0.0222592678,0.0562483591,,0.0633443924,6.75654102,,7.621810905499999,,0.0,0.0795283162,0.0,0.3957318605,0.0959539842,0.0720634783999999,0.4431482733,0.0430483048,-0.000837325,0.0038225038,0.002562061,2.0,0.0116108957,0.0026893857,0.0556200041,0.0060629186,0.0873005191,0.0911271710999999,4.0,0.0119573881,4.566591e-11,0.0089385388,0.0063626953,0.2455699917,0.8265392670999999,2.7285361e-08,73.0,48.112471
2013-10-31,34872682.677,0.85093117,0.7240838561,0.0022525186,17.035871247,0.0133305414,0.2735628442,0.0232573560999999,0.1011769103999999,0.2383118176999999,0.4780632631,0.0609053444,0.7817306261,0.0160390323,-0.0160390319999999,47.0,0.0999699167,0.235750772,-1.331960071,0.0646823882,-2.437838454,0.070877902,0.0013127668,0.0278609435,-0.013447433,-0.012262782,0.0,-1.655473872,0.0,1.0824547966,0.4577375053,0.0,0.0,0.0279808532,0.0172367896,0.0515202423,0.138689713,0.361516035,0.0097703746999999,0.037639177,0.1176470588,0.0001664802,0.9165482647,-0.124926048,22388.28317,0.3496533596,0.0021639007,-0.742729048,0.0144139152,0.0302690173,-0.01632022,0.0144139152,,0.0542498871,0.0180209775,,-0.375729204,7.0,1.0824547966,0.0,0.0222592678,0.0562483591,,0.0633443924,6.75654102,,7.621810905499999,,0.0,0.0795283162,0.0,0.3957318605,0.0959539842,0.0720634783999999,0.4431482733,0.0430483048,-0.000837325,0.0038225038,0.002562061,2.0,0.0116108957,0.0026893857,0.0556200041,0.0060629186,0.0873005191,0.0911271710999999,4.0,0.0137054583,3.646006e-11,0.0109206652,0.0067338393999999,0.3049463237,1.2733814613,2.6616024e-08,73.0,49.83409713
2013-11-29,36118911.36,0.8585286876,0.7370715073999999,-0.054112614,17.170202604,0.0135159095,0.4202855393,0.036543306,0.0881346245,0.286187395,0.3756267789999999,0.0404310737,0.7643419709,0.0160390323,-0.0160390319999999,47.0,0.0999699167,0.235750772,-1.336733725,0.0646823882,-2.437838454,0.070877902,0.0013127668,0.0278609435,-0.013447433,-0.012262782,0.0,-1.655473872,0.0,1.0824547966,0.4577375053,0.0,0.0,0.0279808532,0.0172367896,0.0515202423,0.138689713,0.361516035,0.0097703746999999,0.037639177,0.1176470588,0.0001664802,0.9165482647,-0.124926048,22388.28317,0.3496533596,0.0021639007,-0.742729048,0.0144139152,0.0302690173,-0.01632022,0.0144139152,,0.0542498871,0.0180209775,,-0.375729204,7.0,1.0824547966,0.0,0.0222592678,0.0562483591,,0.0633443924,6.75654102,,7.621810905499999,,0.0,0.0795283162,0.0,0.3957318605,0.0959539842,0.0720634783999999,0.0050650910999999,0.0418335769,0.0002488819,0.0009252696,0.0281122304,3.0,0.0144494449,0.0028348364,0.0753053023,0.0062923878,0.0892997118,0.0942471963,4.0,0.0125310505,7.150784e-11,0.0217700452,0.0105665348,0.2496695086,0.8374740891,2.5708428e-08,73.0,53.19093574
2013-12-31,38523626.884,0.8597762739,0.7392152411,-0.049614403,17.101720169,0.0135513364999999,0.4314670215999999,0.06657774,0.1052486957,0.3577406147999999,0.3483272240999999,0.0509332431,0.8026291372,0.0160390323,-0.0160390319999999,47.0,0.0999699167,0.235750772,-1.338820582,0.0646823882,-2.437838454,0.070877902,0.0013127668,0.0278609435,-0.013447433,-0.012262782,0.0,-1.655473872,0.0,1.0824547966,0.4577375053,0.0,0.0,0.0279808532,0.0172367896,0.0515202423,0.138689713,0.361516035,0.0097703746999999,0.037639177,0.1176470588,0.0001664802,0.9165482647,-0.124926048,22388.28317,0.3496533596,0.0021639007,-0.742729048,0.0144139152,0.0302690173,-0.01632022,0.0144139152,,0.0542498871,0.0180209775,,-0.375729204,7.0,1.0824547966,0.0,0.0222592678,0.0562483591,,0.0633443924,6.75654102,,7.621810905499999,,0.0,0.0795283162,0.0,0.3957318605,0.0959539842,0.0720634783999999,0.0050650910999999,0.0418335769,0.0002488819,0.0009252696,0.0281122304,3.0,0.0144494449,0.0028348364,0.0753053023,0.0062923878,0.0892997118,0.0942471963,4.0,0.0129636873,3.189366e-11,0.0303774364,0.0080518131999999,0.4440120218,2.6778270001,2.587003e-08,73.0,54.04650528
2014-01-31,38896640.334,0.8579463990999999,0.7360720236,-0.037893326,17.299041567,0.0133772949,0.4732605064,0.0157336537,0.1690518733,0.4324844515,0.3025632253,0.0701361239,0.8022211337999999,0.0067561141,-0.006756114,48.0,-0.047138615,0.2328153482,-1.33986559,0.0662114979,0.5665195993,0.0474605134999999,-0.000725516,0.0558529192,-0.00330442,-0.043184448,0.0,-0.267199342,0.0,1.0593624659999998,0.4350212707999999,0.0,0.0,0.024789482,0.0124141315,0.0410479878,0.1615258555,-0.040131941,0.0141367962999999,0.0353751108,0.0526315788999999,0.0027745777,0.7847354567,0.0557334575,27222.988244,0.3654561585999999,0.0022593008,0.2352606817,-0.0213332979999999,-0.049627208,-0.012241934,-0.0213332979999999,,-0.081746275,-0.00213875,,-0.156220218,5.0,1.0593624659999998,1.0,0.0196889513,0.0578509474,,0.0636423169,6.5486074923,,7.076331101799999,,0.0,0.0604676892999999,0.0,0.340339306,0.1010204815,0.0995372556,0.0050650910999999,0.0418335769,0.0002488819,0.0009252696,0.0281122304,3.0,0.0144494449,0.0028348364,0.0753053023,0.0062923878,0.0892997118,0.0942471963,4.0,0.0119109662,4.7845579999999996e-11,0.023818722,0.008755808,0.5147251346,1.7717936366999998,2.5322303e-08,73.0,51.23081679
2014-02-28,36907870.865,0.8727425783,0.761679608,-0.156520918,17.281338649000002,0.0133614116999999,0.4568115936999999,-0.0519685259999999,0.1342102155,0.3971064197999999,0.3106806716,0.0477863967,0.8003684594,0.0067561141,-0.006756114,48.0,-0.047138615,0.2328153482,-1.345595169,0.0662114979,0.5665195993,0.0474605134999999,-0.000725516,0.0558529192,-0.00330442,-0.043184448,0.0,-0.267199342,0.0,1.0593624659999998,0.4350212707999999,0.0,0.0,0.024789482,0.0124141315,0.0410479878,0.1615258555,-0.040131941,0.0141367962999999,0.0353751108,0.0526315788999999,0.0027745777,0.7847354567,0.0557334575,27222.988244,0.3654561585999999,0.0022593008,0.2352606817,-0.0213332979999999,-0.049627208,-0.012241934,-0.0213332979999999,,-0.081746275,-0.00213875,,-0.156220218,5.0,1.0593624659999998,1.0,0.0196889513,0.0578509474,,0.0636423169,6.5486074923,,7.076331101799999,,0.0,0.0604676892999999,0.0,0.340339306,0.1010204815,0.0995372556,0.1427752518999999,0.0535234489,-1.9471e-05,0.0030816801,-0.00777999,0.0,0.0055768143999999,0.0031011767,0.0341406167,0.0053924195,0.0909502052999999,0.0974785241,4.0,0.0164474789,6.433071e-11,0.0121538807,0.0105901714999999,0.2098561414,0.7678562722,2.8351989e-08,73.0,52.02001214
2014-03-31,37476425.692,0.8758780514,0.7671623609,-0.06871478,17.114954092,0.0132270664999999,0.4296835789,0.0154047039999999,0.0893500056,0.2798183877,0.2994701763,0.0700381952,0.8165654886,0.0067561141,-0.006756114,48.0,-0.047138615,0.2328153482,-1.350854605,0.0662114979,0.5665195993,0.0474605134999999,-0.000725516,0.0558529192,-0.00330442,-0.043184448,0.0,-0.267199342,0.0,1.0593624659999998,0.4350212707999999,0.0,0.0,0.024789482,0.0124141315,0.0410479878,0.1615258555,-0.040131941,0.0141367962999999,0.0353751108,0.0526315788999999,0.0027745777,0.7847354567,0.0557334575,27222.988244,0.3654561585999999,0.0022593008,0.2352606817,-0.0213332979999999,-0.049627208,-0.012241934,-0.0213332979999999,,-0.081746275,-0.00213875,,-0.156220218,5.0,1.0593624659999998,1.0,0.0196889513,0.0578509474,,0.0636423169,6.5486074923,,7.076331101799999,,0.0,0.0604676892999999,0.0,0.340339306,0.1010204815,0.0995372556,0.1427752518999999,0.0535234489,-1.9471e-05,0.0030816801,-0.00777999,0.0,0.0055768143999999,0.0031011767,0.0341406167,0.0053924195,0.0909502052999999,0.0974785241,4.0,0.020704567,4.342028e-11,0.0123225041,0.0110030531,0.3028000486,1.5841826763,2.5893783e-08,73.0,51.9926096
2014-04-30,37162061.028000005,0.8827774669,0.779296056,-0.046353102,17.321857982,0.0133338862999999,0.4305375986999999,-0.000514228,0.0809901472,0.2180460492,0.3415956961999999,0.0599407379,0.8190555801999999,0.0067561141,-0.006756114,48.0,-0.047138615,0.2328153482,-1.316348282,0.0662114979,0.5665195993,0.0474605134999999,-0.000725516,0.0558529192,-0.00330442,-0.043184448,0.0,-0.267199342,0.0,1.0593624659999998,0.4350212707999999,0.0,0.0,0.024789482,0.0124141315,0.0410479878,0.1615258555,-0.040131941,0.0141367962999999,0.0353751108,0.0526315788999999,0.0027745777,0.7847354567,0.0557334575,27222.988244,0.3654561585999999,0.0022593008,0.2352606817,-0.0213332979999999,-0.049627208,-0.012241934,-0.0213332979999999,,-0.081746275,-0.00213875,,-0.156220218,5.0,1.0593624659999998,1.0,0.0196889513,0.0578509474,,0.0636423169,6.5486074923,,7.076331101799999,,0.0,0.0604676892999999,0.0,0.340339306,0.1010204815,0.0995372556,0.4001326748,0.0573550013,-0.000809445,-0.000178309,-0.008105864,1.0,0.0082093461,0.0031414865,0.0427955217,-0.007900166,0.0895448655,0.0982292639,4.0,0.0131170891,5.156565e-11,0.0232163668,0.0094644843,0.3243484253,1.6040507847,2.4945017999999995e-08,73.0,52.46367906
2014-05-30,37584671.479,0.8743807176999999,0.7645416394,-0.07611115,17.25233355,0.0133376096,0.3888223590999999,0.0090602757,0.0423435909999999,0.1756579405,0.3113045614,0.0602820947,0.8423390348,0.0067561141,-0.006756114,48.0,-0.047138615,0.2328153482,-1.3179217840000002,0.0662114979,0.5665195993,0.0474605134999999,-0.000725516,0.0558529192,-0.00330442,-0.043184448,0.0,-0.267199342,0.0,1.0593624659999998,0.4350212707999999,0.0,0.0,0.024789482,0.0124141315,0.0410479878,0.1615258555,-0.040131941,0.0141367962999999,0.0353751108,0.0526315788999999,0.0027745777,0.7847354567,0.0557334575,27222.988244,0.3654561585999999,0.0022593008,0.2352606817,-0.0213332979999999,-0.049627208,-0.012241934,-0.0213332979999999,,-0.081746275,-0.00213875,,-0.156220218,5.0,1.0593624659999998,1.0,0.0196889513,0.0578509474,,0.0636423169,6.5486074923,,7.076331101799999,,0.0,0.0604676892999999,0.0,0.340339306,0.1010204815,0.0995372556,0.4001326748,0.0573550013,-0.000809445,-0.000178309,-0.008105864,1.0,0.0082093461,0.0031414865,0.0427955217,-0.007900166,0.0895448655,0.0982292639,4.0,0.0160825606,5.3719159999999996e-11,0.0173096936,0.009926803,0.2934924107,1.2277213015,2.5874365000000004e-08,73.0,53.62116403
2014-06-30,38413887.507,0.8860370748,0.7850616979,-0.170943981,17.223483748,0.0133833389,0.224660705,0.0220626127,-0.013866995,0.162486775,0.3199657998999999,0.0652932052,0.7600826045,0.0067561141,-0.006756114,48.0,-0.047138615,0.2328153482,-1.318095747,0.0662114979,0.5665195993,0.0474605134999999,-0.000725516,0.0558529192,-0.00330442,-0.043184448,0.0,-0.267199342,0.0,1.0593624659999998,0.4350212707999999,0.0,0.0,0.024789482,0.0124141315,0.0410479878,0.1615258555,-0.040131941,0.0141367962999999,0.0353751108,0.0526315788999999,0.0027745777,0.7847354567,0.0557334575,27222.988244,0.3654561585999999,0.0022593008,0.2352606817,-0.0213332979999999,-0.049627208,-0.012241934,-0.0213332979999999,,-0.081746275,-0.00213875,,-0.156220218,5.0,1.0593624659999998,1.0,0.0196889513,0.0578509474,,0.0636423169,6.5486074923,,7.076331101799999,,0.0,0.0604676892999999,0.0,0.340339306,0.1010204815,0.0995372556,0.4001326748,0.0573550013,-0.000809445,-0.000178309,-0.008105864,1.0,0.0082093461,0.0031414865,0.0427955217,-0.007900166,0.0895448655,0.0982292639,4.0,0.0112933154,5.871016999999999e-11,0.0138110435,0.0077513056,0.2601729812,0.8224185481999999,3.2912816e-08,73.0,53.67645565
2014-07-31,38070255.414000005,0.8865187242,0.7859154484,-0.194171563,17.006623233,0.013463045,0.2236713967,0.0010039968,-0.007722476,0.1782753127,0.382955866,0.0510959329999999,0.7046001486,0.0067561141,-0.006756114,48.0,-0.047138615,0.1651633649,-1.055924113,0.0662114979,0.5665195993,0.0474605134999999,-0.000725516,0.0558529192,-0.00330442,-0.043184448,0.0,-0.267199342,0.0,1.0593624659999998,0.4350212707999999,0.0,0.0,0.024789482,0.0124141315,0.0410479878,0.1615258555,-0.040131941,0.0141367962999999,0.0353751108,0.0526315788999999,0.0027745777,0.7847354567,0.0557334575,27222.988244,0.3654561585999999,0.0022593008,0.2352606817,-0.0213332979999999,-0.049627208,-0.012241934,-0.0213332979999999,,-0.081746275,-0.00213875,,-0.156220218,5.0,1.0593624659999998,1.0,0.0196889513,0.0578509474,,0.0636423169,6.5486074923,,7.076331101799999,,0.0,0.0604676892999999,0.0,0.340339306,0.1010204815,0.0995372556,0.4001326748,0.0573550013,-0.000809445,-0.000178309,-0.008105864,1.0,0.0082093461,0.0031414865,0.0427955217,-0.007900166,0.0895448655,0.0982292639,4.0,0.0097458676,3.891095e-11,0.0126178674,0.0057591663,0.3721063175999999,1.347213562,3.0999069000000004e-08,73.0,55.0508654
2014-08-29,39102953.546,0.8697174612999999,0.7564084625,-0.000717242,17.061358118,0.0133894177,0.1669904076,0.0256054346,0.0477223541,0.1265812541,0.4813280722999999,0.0263900122,0.6122949729,0.0067561141,-0.006756114,48.0,-0.047138615,0.1651633649,-1.05730447,0.0662114979,0.5665195993,0.0474605134999999,-0.000725516,0.0558529192,-0.00330442,-0.043184448,0.0,-0.267199342,0.0,1.0593624659999998,0.4350212707999999,0.0,0.0,0.024789482,0.0124141315,0.0410479878,0.1615258555,-0.040131941,0.0141367962999999,0.0353751108,0.0526315788999999,0.0027745777,0.7847354567,0.0557334575,27222.988244,0.3654561585999999,0.0022593008,0.2352606817,-0.0213332979999999,-0.049627208,-0.012241934,-0.0213332979999999,,-0.081746275,-0.00213875,,-0.156220218,5.0,1.0593624659999998,1.0,0.0196889513,0.0578509474,,0.0636423169,6.5486074923,,7.076331101799999,,0.0,0.0604676892999999,0.0,0.340339306,0.1010204815,0.0995372556,1.0277655275,0.033651864,-0.000852085,-0.001107683,0.0019099573,2.0,0.0106576033,0.003063635,0.050736339,-0.006280748,0.0923369321,0.1007232633,4.0,0.0093923561,4.438088e-11,0.0137487892,0.0059782865,0.2412994084,0.5893612924,3.7561805e-08,73.0,56.52006203
2014-09-30,40146535.374,0.8694162215000001,0.7558845662,-0.019640798,16.844369825999998,0.0131563462,0.1258116099,0.0266880561,0.058247747,0.1705607656,0.5048476586,0.0143323047999999,0.5678663346,0.0067561141,-0.006756114,48.0,-0.047138615,0.1651633649,-1.04008937,0.0662114979,0.5665195993,0.0474605134999999,-0.000725516,0.0558529192,-0.00330442,-0.043184448,0.0,-0.267199342,0.0,1.0593624659999998,0.4350212707999999,0.0,0.0,0.024789482,0.0124141315,0.0410479878,0.1615258555,-0.040131941,0.0141367962999999,0.0353751108,0.0526315788999999,0.0027745777,0.7847354567,0.0557334575,27222.988244,0.3654561585999999,0.0022593008,0.2352606817,-0.0213332979999999,-0.049627208,-0.012241934,-0.0213332979999999,,-0.081746275,-0.00213875,,-0.156220218,5.0,1.0593624659999998,1.0,0.0196889513,0.0578509474,,0.0636423169,6.5486074923,,7.076331101799999,,0.0,0.0604676892999999,0.0,0.340339306,0.1010204815,0.0995372556,1.0277655275,0.033651864,-0.000852085,-0.001107683,0.0019099573,2.0,0.0106576033,0.003063635,0.050736339,-0.006280748,0.0923369321,0.1007232633,4.0,0.0111697922,4.524218e-11,0.0131135639,0.0053592781999999,0.2773234512,0.7539570995,4.1302167e-08,73.0,56.5740339
2014-10-31,40027944.882,0.8199706616,0.6723518859000001,0.0076567555,16.82368571,0.0131292087,0.0894725238,0.0009582949,0.0870493134,0.1744853333,0.621522056,0.0571289023,0.5500283161999999,0.0067561141,-0.006756114,48.0,-0.047138615,0.1651633649,-1.10099865,0.0662114979,0.5665195993,0.0474605134999999,-0.000725516,0.0558529192,-0.00330442,-0.043184448,0.0,-0.267199342,0.0,1.0593624659999998,0.4350212707999999,0.0,0.0,0.024789482,0.0124141315,0.0410479878,0.1615258555,-0.040131941,0.0141367962999999,0.0353751108,0.0526315788999999,0.0027745777,0.7847354567,0.0557334575,27222.988244,0.3654561585999999,0.0022593008,0.2352606817,-0.0213332979999999,-0.049627208,-0.012241934,-0.0213332979999999,,-0.081746275,-0.00213875,,-0.156220218,5.0,1.0593624659999998,1.0,0.0196889513,0.0578509474,,0.0636423169,6.5486074923,,7.076331101799999,,0.0,0.0604676892999999,0.0,0.340339306,0.1010204815,0.0995372556,1.0277655275,0.033651864,-0.000852085,-0.001107683,0.0019099573,2.0,0.0106576033,0.003063635,0.050736339,-0.006280748,0.0923369321,0.1007232633,4.0,0.0106771761,4.55342e-11,0.0159786921,0.0072370058999999,0.2658037174,0.8329647398000001,3.3608377e-08,73.0,63.47986169
2014-11-28,39422620.872,0.8632390499,0.7451816574,0.1632335297,17.026664185,0.012787303,0.0128643106,0.1267710477,0.0783211403,0.1341647086,0.5144023479,0.0220523279,0.7299171398000001,0.0067561141,-0.006756114,48.0,-0.047138615,0.1651633649,-0.533645959,0.0662114979,0.5665195993,0.0474605134999999,-0.000725516,0.0558529192,-0.00330442,-0.043184448,0.0,-0.267199342,0.0,1.0593624659999998,0.4350212707999999,0.0,0.0,0.024789482,0.0124141315,0.0410479878,0.1615258555,-0.040131941,0.0141367962999999,0.0353751108,0.0526315788999999,0.0027745777,0.7847354567,0.0557334575,27222.988244,0.3654561585999999,0.0022593008,0.2352606817,-0.0213332979999999,-0.049627208,-0.012241934,-0.0213332979999999,,-0.081746275,-0.00213875,,-0.156220218,5.0,1.0593624659999998,1.0,0.0196889513,0.0578509474,,0.0636423169,6.5486074923,,7.076331101799999,,0.0,0.0604676892999999,0.0,0.340339306,0.1010204815,0.0995372556,-0.0966609619999999,0.046285847,-0.000383406,0.0071642089,0.0255475845,3.0,0.0112285957,0.0029399938,0.0687544938999999,-0.008197339,0.0962517978,0.1036229383,4.0,0.0172954386,7.854914e-11,0.0358454958,0.0147613312,0.3590960412,1.7426421455,1.7818173e-08,73.0,66.47609874
2014-12-31,41283361.186,0.8642544389,0.7469357351000001,0.2370142962999999,17.55480276,0.0136587669999999,0.0028944463,0.0471998118,0.188793158,0.1981723498,0.6544309107,0.0134185772,0.8344281422,0.0067561141,-0.006756114,48.0,-0.047138615,0.1651633649,-0.534694742,0.0662114979,0.5665195993,0.0474605134999999,-0.000725516,0.0558529192,-0.00330442,-0.043184448,0.0,-0.267199342,0.0,1.0593624659999998,0.4350212707999999,0.0,0.0,0.024789482,0.0124141315,0.0410479878,0.1615258555,-0.040131941,0.0141367962999999,0.0353751108,0.0526315788999999,0.0027745777,0.7847354567,0.0557334575,27222.988244,0.3654561585999999,0.0022593008,0.2352606817,-0.0213332979999999,-0.049627208,-0.012241934,-0.0213332979999999,,-0.081746275,-0.00213875,,-0.156220218,5.0,1.0593624659999998,1.0,0.0196889513,0.0578509474,,0.0636423169,6.5486074923,,7.076331101799999,,0.0,0.0604676892999999,0.0,0.340339306,0.1010204815,0.0995372556,-0.0966609619999999,0.046285847,-0.000383406,0.0071642089,0.0255475845,3.0,0.0112285957,0.0029399938,0.0687544938999999,-0.008197339,0.0962517978,0.1036229383,4.0,0.0110518275,3.166993e-11,0.0172498617,0.0066053373,0.2416537537,0.9879725248,2.9110134e-08,73.0,65.08812442
2015-01-30,39775828.31,0.8211105008,0.6742224545000001,0.2245326482,17.301520428,0.0136248084,-0.036502236,-0.020784641,0.2436553453,0.2352902305,0.5780675171999999,0.1388921552,0.9300897397,0.0099129661,-0.009912966,49.0,0.0067063137,0.1789100534,-0.526129857,0.0714656323,1.5015827481,0.0478431246,0.0071343929,0.03100042,-0.004973063,-0.168556806,0.0,-0.1563168409999999,0.0,1.0805337126,0.4324671984,0.0,0.0,0.0237271848,0.0775941453,0.0394691331,0.1649089967999999,0.5460385439,0.0203265557,0.0315616028,0.0166666667,0.0025660017,0.6667015846000001,-0.026715801,31734.370592000003,0.3668343153,0.0022571024,-0.229567643,0.0199848938999999,-0.005871144,-0.010185775,0.0199848938999999,,-0.0471902559999999,0.0251468477999999,,-0.21216558,7.0,1.0805337126,1.0,0.0188598679,0.0588211199,,0.0766802564,3.0396185069,,6.779882248400001,,0.0,0.0792565937,0.0,0.3206308882999999,0.1784303173,0.2284944217999999,-0.0966609619999999,0.046285847,-0.000383406,0.0071642089,0.0255475845,3.0,0.0112285957,0.0029399938,0.0687544938999999,-0.008197339,0.0962517978,0.1036229383,4.0,0.0140667931,3.928687e-11,0.0214086827,0.0093624476,0.3246181373,1.504424173,2.2279748e-08,73.0,64.43232467
2015-02-27,39214293.98,0.8551188262,0.7312282069,0.1008889109,17.395026708,0.0135488389999999,-0.028749627,-0.010075614,0.1874024598999999,0.2759230049,0.4750287379,0.0776634084,0.8738298481,0.0099129661,-0.009912966,49.0,0.0067063137,0.1789100534,-0.526438752,0.0714656323,1.5015827481,0.0478431246,0.0071343929,0.03100042,-0.004973063,-0.168556806,0.0,-0.1563168409999999,0.0,1.0805337126,0.4324671984,0.0,0.0,0.0237271848,0.0775941453,0.0394691331,0.1649089967999999,0.5460385439,0.0203265557,0.0315616028,0.0166666667,0.0025660017,0.6667015846000001,-0.026715801,31734.370592000003,0.3668343153,0.0022571024,-0.229567643,0.0199848938999999,-0.005871144,-0.010185775,0.0199848938999999,,-0.0471902559999999,0.0251468477999999,,-0.21216558,7.0,1.0805337126,1.0,0.0188598679,0.0588211199,,0.0766802564,3.0396185069,,6.779882248400001,,0.0,0.0792565937,0.0,0.3206308882999999,0.1784303173,0.2284944217999999,0.3480095932,0.1252913262,-0.000409073,-0.000960341,-0.003976483,0.0,0.0063721941,0.0029019066,0.0352473512,-0.006204319,0.1009408357,0.1083962358,4.0,0.0178275706,4.143628e-11,0.0242431777999999,0.0109327133,0.2968272642,1.52777994,2.4026448e-08,73.0,69.35862988
2015-03-31,42212501.94,0.8900641551999999,0.7922142004,0.1459280114,17.394447719000002,0.0141588506,-0.112649624,0.0764570162,0.1448839248,0.2439053043,0.5104345529,0.0486272604,0.9069886082,0.0099129661,-0.009912966,49.0,0.0067063137,0.1789100534,-0.5305069060000001,0.0714656323,1.5015827481,0.0478431246,0.0071343929,0.03100042,-0.004973063,-0.168556806,0.0,-0.1563168409999999,0.0,1.0805337126,0.4324671984,0.0,0.0,0.0237271848,0.0775941453,0.0394691331,0.1649089967999999,0.5460385439,0.0203265557,0.0315616028,0.0166666667,0.0025660017,0.6667015846000001,-0.026715801,31734.370592000003,0.3668343153,0.0022571024,-0.229567643,0.0199848938999999,-0.005871144,-0.010185775,0.0199848938999999,,-0.0471902559999999,0.0251468477999999,,-0.21216558,7.0,1.0805337126,1.0,0.0188598679,0.0588211199,,0.0766802564,3.0396185069,,6.779882248400001,,0.0,0.0792565937,0.0,0.3206308882999999,0.1784303173,0.2284944217999999,0.3480095932,0.1252913262,-0.000409073,-0.000960341,-0.003976483,0.0,0.0063721941,0.0029019066,0.0352473512,-0.006204319,0.1009408357,0.1083962358,4.0,0.0132679989,3.682002e-11,0.0203738846,0.0091235307,0.2988604173999999,1.6061054447,2.6202817000000004e-08,73.0,67.24728603
2015-04-30,40345003.712,0.9190682535,0.8446864545,0.1055894196,17.428998929000002,0.0141981317,-0.012553255,-0.0305042429999999,0.2312384441,0.3396995033,0.4753011738,0.0352074149,0.9100755943,0.0099129661,-0.009912966,49.0,0.0067063137,0.1789100534,-0.531654737,0.0714656323,1.5015827481,0.0478431246,0.0071343929,0.03100042,-0.004973063,-0.168556806,0.0,-0.1563168409999999,0.0,1.0805337126,0.4324671984,0.0,0.0,0.0237271848,0.0775941453,0.0394691331,0.1649089967999999,0.5460385439,0.0203265557,0.0315616028,0.0166666667,0.0025660017,0.6667015846000001,-0.026715801,31734.370592000003,0.3668343153,0.0022571024,-0.229567643,0.0199848938999999,-0.005871144,-0.010185775,0.0199848938999999,,-0.0471902559999999,0.0251468477999999,,-0.21216558,7.0,1.0805337126,1.0,0.0188598679,0.0588211199,,0.0766802564,3.0396185069,,6.779882248400001,,0.0,0.0792565937,0.0,0.3206308882999999,0.1784303173,0.2284944217999999,-0.118601562,0.1468910656,0.0005121891,-0.054560567,0.0320920628,1.0,0.0092537993,0.0029051640999999,0.0444664328,0.0050989378999999,0.0982394178999999,0.1059946747,4.0,0.013424898,6.463546e-11,0.0171169229,0.0125487425,0.3332894341,1.5431317869,2.1959707000000002e-08,73.0,66.38353061
2015-05-29,39693559.39,0.9421615243,0.8876683379000001,-0.169246672,17.422030097,0.0143152818999999,0.0590606026999999,-0.012844447,0.0593815392,0.2871708605999999,0.4771588622,0.0077917173,0.8219160966,0.0099129661,-0.009912966,49.0,0.0067063137,0.1789100534,-0.5329703410000001,0.0714656323,1.5015827481,0.0478431246,0.0071343929,0.03100042,-0.004973063,-0.168556806,0.0,-0.1563168409999999,0.0,1.0805337126,0.4324671984,0.0,0.0,0.0237271848,0.0775941453,0.0394691331,0.1649089967999999,0.5460385439,0.0203265557,0.0315616028,0.0166666667,0.0025660017,0.6667015846000001,-0.026715801,31734.370592000003,0.3668343153,0.0022571024,-0.229567643,0.0199848938999999,-0.005871144,-0.010185775,0.0199848938999999,,-0.0471902559999999,0.0251468477999999,,-0.21216558,7.0,1.0805337126,1.0,0.0188598679,0.0588211199,,0.0766802564,3.0396185069,,6.779882248400001,,0.0,0.0792565937,0.0,0.3206308882999999,0.1784303173,0.2284944217999999,-0.118601562,0.1468910656,0.0005121891,-0.054560567,0.0320920628,1.0,0.0092537993,0.0029051640999999,0.0444664328,0.0050989378999999,0.0982394178999999,0.1059946747,4.0,0.012821542,4.879768e-11,0.0152041698,0.0080817843,0.2150649328,0.6850706370999999,3.1649114e-08,73.0,67.14520585
2015-06-30,40148998.243,0.9566831734,0.9152426942,-0.234806911,17.081655602999998,0.0142845547,0.0699266121,0.0114738727,-0.001361195,0.2432094148,0.6102056915999999,0.0003674006,0.7767974556999999,0.0099129661,-0.009912966,49.0,0.0067063137,0.1789100534,-0.533086239,0.0714656323,1.5015827481,0.0478431246,0.0071343929,0.03100042,-0.004973063,-0.168556806,0.0,-0.1563168409999999,0.0,1.0805337126,0.4324671984,0.0,0.0,0.0237271848,0.0775941453,0.0394691331,0.1649089967999999,0.5460385439,0.0203265557,0.0315616028,0.0166666667,0.0025660017,0.6667015846000001,-0.026715801,31734.370592000003,0.3668343153,0.0022571024,-0.229567643,0.0199848938999999,-0.005871144,-0.010185775,0.0199848938999999,,-0.0471902559999999,0.0251468477999999,,-0.21216558,7.0,1.0805337126,1.0,0.0188598679,0.0588211199,,0.0766802564,3.0396185069,,6.779882248400001,,0.0,0.0792565937,0.0,0.3206308882999999,0.1784303173,0.2284944217999999,-0.118601562,0.1468910656,0.0005121891,-0.054560567,0.0320920628,1.0,0.0092537993,0.0029051640999999,0.0444664328,0.0050989378999999,0.0982394178999999,0.1059946747,4.0,0.0120252611,4.588507e-11,0.0194647238,0.0090523933,0.1367601366,0.5092227636,2.9623055e-08,73.0,63.37257099
2015-07-31,37419273.566,0.9052349561,0.8194503258,-0.2440526639999999,17.204900402,0.0144043337,0.0305005895,-0.056016825,0.0315371898,0.2562126079,0.4995368408,0.0556516736,0.7346113938,0.0099129661,-0.009912966,49.0,0.0067063137,0.1749555018,-0.625949117,0.0714656323,1.5015827481,0.0478431246,0.0071343929,0.03100042,-0.004973063,-0.168556806,0.0,-0.1563168409999999,0.0,1.0805337126,0.4324671984,0.0,0.0,0.0237271848,0.0775941453,0.0394691331,0.1649089967999999,0.5460385439,0.0203265557,0.0315616028,0.0166666667,0.0025660017,0.6667015846000001,-0.026715801,31734.370592000003,0.3668343153,0.0022571024,-0.229567643,0.0199848938999999,-0.005871144,-0.010185775,0.0199848938999999,,-0.0471902559999999,0.0251468477999999,,-0.21216558,7.0,1.0805337126,1.0,0.0188598679,0.0588211199,,0.0766802564,3.0396185069,,6.779882248400001,,0.0,0.0792565937,0.0,0.3206308882999999,0.1784303173,0.2284944217999999,-0.118601562,0.1468910656,0.0005121891,-0.054560567,0.0320920628,1.0,0.0092537993,0.0029051640999999,0.0444664328,0.0050989378999999,0.0982394178999999,0.1059946747,4.0,0.0133264101,5.664606999999999e-11,0.0180976354,0.0102496369999999,0.2803190167,1.1233308547,2.5235632000000004e-08,73.0,63.00922333
2015-08-31,37157662.136,0.9132940488,0.8341060196,-0.197413813,17.205663823,0.014512396,0.0836374287,-0.005733599,-0.016335222,0.1562375997,0.5137287207,0.0283607094,0.8124041991,0.0099129661,-0.009912966,49.0,0.0067063137,0.1749555018,-0.629507863,0.0714656323,1.5015827481,0.0478431246,0.0071343929,0.03100042,-0.004973063,-0.168556806,0.0,-0.1563168409999999,0.0,1.0805337126,0.4324671984,0.0,0.0,0.0237271848,0.0775941453,0.0394691331,0.1649089967999999,0.5460385439,0.0203265557,0.0315616028,0.0166666667,0.0025660017,0.6667015846000001,-0.026715801,31734.370592000003,0.3668343153,0.0022571024,-0.229567643,0.0199848938999999,-0.005871144,-0.010185775,0.0199848938999999,,-0.0471902559999999,0.0251468477999999,,-0.21216558,7.0,1.0805337126,1.0,0.0188598679,0.0588211199,,0.0766802564,3.0396185069,,6.779882248400001,,0.0,0.0792565937,0.0,0.3206308882999999,0.1784303173,0.2284944217999999,0.6590176296,0.0448864564,0.0004827538999999,0.0116694585,0.0441016979,2.0,0.0110069815999999,0.0029182215,0.0570590153,0.0040200296,0.0958128164,0.1039783432,4.0,0.0137647051,4.80168e-11,0.02184158,0.0103980881999999,0.2999364694,1.6230739123,2.2147692000000002e-08,73.0,61.07400211
2015-09-30,36016429.058,0.922493799,0.8509948093,-0.351764031,17.324157709,0.0143831695999999,0.0278574499,-0.030713264,-0.091440881,0.1197249151999999,0.5131867945,0.0543876275999999,0.9656984607,0.0099129661,-0.009912966,49.0,0.0067063137,0.1749555018,-0.630309274,0.0714656323,1.5015827481,0.0478431246,0.0071343929,0.03100042,-0.004973063,-0.168556806,0.0,-0.1563168409999999,0.0,1.0805337126,0.4324671984,0.0,0.0,0.0237271848,0.0775941453,0.0394691331,0.1649089967999999,0.5460385439,0.0203265557,0.0315616028,0.0166666667,0.0025660017,0.6667015846000001,-0.026715801,31734.370592000003,0.3668343153,0.0022571024,-0.229567643,0.0199848938999999,-0.005871144,-0.010185775,0.0199848938999999,,-0.0471902559999999,0.0251468477999999,,-0.21216558,7.0,1.0805337126,1.0,0.0188598679,0.0588211199,,0.0766802564,3.0396185069,,6.779882248400001,,0.0,0.0792565937,0.0,0.3206308882999999,0.1784303173,0.2284944217999999,0.6590176296,0.0448864564,0.0004827538999999,0.0116694585,0.0441016979,2.0,0.0110069815999999,0.0029182215,0.0570590153,0.0040200296,0.0958128164,0.1039783432,4.0,0.0297206512999999,6.699688000000001e-11,0.0582155399,0.022351857,0.3630994697,2.5381222469,1.7518369999999997e-08,73.0,63.87550008
2015-10-30,37238824.283,0.9453190675,0.8936281393000001,-0.243846401,17.57278958,0.0147753248,-0.001167236,0.0456544346999999,-0.091636764,0.0842954336,0.4896302181,0.0111007913999999,1.0189546126,0.0099129661,-0.009912966,49.0,0.0067063137,0.1749555018,-0.638933446,0.0714656323,1.5015827481,0.0478431246,0.0071343929,0.03100042,-0.004973063,-0.168556806,0.0,-0.1563168409999999,0.0,1.0805337126,0.4324671984,0.0,0.0,0.0237271848,0.0775941453,0.0394691331,0.1649089967999999,0.5460385439,0.0203265557,0.0315616028,0.0166666667,0.0025660017,0.6667015846000001,-0.026715801,31734.370592000003,0.3668343153,0.0022571024,-0.229567643,0.0199848938999999,-0.005871144,-0.010185775,0.0199848938999999,,-0.0471902559999999,0.0251468477999999,,-0.21216558,7.0,1.0805337126,1.0,0.0188598679,0.0588211199,,0.0766802564,3.0396185069,,6.779882248400001,,0.0,0.0792565937,0.0,0.3206308882999999,0.1784303173,0.2284944217999999,0.6590176296,0.0448864564,0.0004827538999999,0.0116694585,0.0441016979,2.0,0.0110069815999999,0.0029182215,0.0570590153,0.0040200296,0.0958128164,0.1039783432,4.0,0.0176049556,7.018125e-11,0.02692049,0.0140889512,0.2714248669,1.3252047587,2.2177566000000012e-08,73.0,69.1454673
2015-11-30,40120395.945,0.90528278,0.8195369118000001,-0.004197016,17.3745505,0.0151300046,-0.0707088759999999,0.0825036988,-0.037807118,0.0062366538,0.7037407423,0.0147709532,1.0276289533,0.0099129661,-0.009912966,49.0,0.0067063137,0.1749555018,-0.637338554,0.0714656323,1.5015827481,0.0478431246,0.0071343929,0.03100042,-0.004973063,-0.168556806,0.0,-0.1563168409999999,0.0,1.0805337126,0.4324671984,0.0,0.0,0.0237271848,0.0775941453,0.0394691331,0.1649089967999999,0.5460385439,0.0203265557,0.0315616028,0.0166666667,0.0025660017,0.6667015846000001,-0.026715801,31734.370592000003,0.3668343153,0.0022571024,-0.229567643,0.0199848938999999,-0.005871144,-0.010185775,0.0199848938999999,,-0.0471902559999999,0.0251468477999999,,-0.21216558,7.0,1.0805337126,1.0,0.0188598679,0.0588211199,,0.0766802564,3.0396185069,,6.779882248400001,,0.0,0.0792565937,0.0,0.3206308882999999,0.1784303173,0.2284944217999999,0.2804587459,0.0494646605999999,0.0006339404,0.013800861,0.0051006509,3.0,0.0112727599,0.0028307631,0.0892902662,0.0054579249,0.1001231936999999,0.1064183674,4.0,0.015355685,5.087366e-11,0.0256147012,0.0111787279,0.3075511162,1.294308599,2.1386846e-08,73.0,68.5652145
2015-12-31,39783716.805,0.9095887639,0.8273517195000001,0.0110234608,17.43906237,0.015599186,-0.0111503689999999,-0.00839172,0.0297619952999999,0.040159564,0.8170135820000001,0.0661348007,0.8309250781,0.0099129661,-0.009912966,49.0,0.0067063137,0.1749555018,-0.635055873,0.0714656323,1.5015827481,0.0478431246,0.0071343929,0.03100042,-0.004973063,-0.168556806,0.0,-0.1563168409999999,0.0,1.0805337126,0.4324671984,0.0,0.0,0.0237271848,0.0775941453,0.0394691331,0.1649089967999999,0.5460385439,0.0203265557,0.0315616028,0.0166666667,0.0025660017,0.6667015846000001,-0.026715801,31734.370592000003,0.3668343153,0.0022571024,-0.229567643,0.0199848938999999,-0.005871144,-0.010185775,0.0199848938999999,,-0.0471902559999999,0.0251468477999999,,-0.21216558,7.0,1.0805337126,1.0,0.0188598679,0.0588211199,,0.0766802564,3.0396185069,,6.779882248400001,,0.0,0.0792565937,0.0,0.3206308882999999,0.1784303173,0.2284944217999999,0.2804587459,0.0494646605999999,0.0006339404,0.013800861,0.0051006509,3.0,0.0112727599,0.0028307631,0.0892902662,0.0054579249,0.1001231936999999,0.1064183674,4.0,0.0117058383,5.283169e-11,0.0172838755,0.0076022511,0.3416928253,0.8979717804999999,3.6614892e-08,73.0,67.75714844
2016-01-29,38861064.56,0.9017037859,0.8130697173999999,0.0952954158,16.983857733,0.0157051485,0.0078073689,-0.011708798,0.0817147466,0.0533237924,0.7600174847,0.0265129600999999,0.7608640051000001,0.0162394763,-0.016239476,50.0,-0.033034129,0.1252167513,-0.6798173909999999,0.0616353256,2.5919755087,0.05092563,-0.0044870629999999,-0.03812566,-0.028738026,-0.437603847,0.0,0.1298610629,0.0,1.062532963,0.4131113424,0.0,0.0,0.0247760031,-0.279107073,0.0367858573,0.1494086117,-0.090492554,-0.040652403,0.0304867404,-0.0983606559999999,-0.010898018,0.7563482261,0.1150641215,30469.210485000003,0.4588603783,0.0022177378,-0.557211153,-0.016659128,-0.044756819,0.0038095489,-0.016659128,,0.0369229632,-0.007767004,,-0.384380676,5.0,1.062532963,0.0,0.0159115869,0.0544315948,,0.0620837917999999,6.5661204154,,7.0712392527,,0.0,-0.103879081,0.0,0.2923226298999999,0.0945871551,-0.1761715039999999,0.9826946373,0.0503133447,2.49597e-05,0.0268914382,-0.009491048,0.0,0.0069258609,0.0027368865999999,0.0496321044,0.0034180248,0.104013855,0.1126847398,4.0,0.0164975802,9.164648e-11,0.0254515372,0.0137838218,0.3589888243,1.3640037121000002,2.7138014e-08,73.0,66.45351114
2016-02-29,38009601.915,0.9031511561,0.8156820108,0.0765021588,17.169824434000002,0.0157056291,0.0231659489,-0.019239906,0.0752140137,0.0515860116,0.6729337195,0.0666678317,0.7774304425,0.0162394763,-0.016239476,50.0,-0.033034129,0.1252167513,-0.698855307,0.0616353256,2.5919755087,0.05092563,-0.0044870629999999,-0.03812566,-0.028738026,-0.437603847,0.0,0.1298610629,0.0,1.062532963,0.4131113424,0.0,0.0,0.0247760031,-0.279107073,0.0367858573,0.1494086117,-0.090492554,-0.040652403,0.0304867404,-0.0983606559999999,-0.010898018,0.7563482261,0.1150641215,30469.210485000003,0.4588603783,0.0022177378,-0.557211153,-0.016659128,-0.044756819,0.0038095489,-0.016659128,,0.0369229632,-0.007767004,,-0.384380676,5.0,1.062532963,0.0,0.0159115869,0.0544315948,,0.0620837917999999,6.5661204154,,7.0712392527,,0.0,-0.103879081,0.0,0.2923226298999999,0.0945871551,-0.1761715039999999,0.9826946373,0.0503133447,2.49597e-05,0.0268914382,-0.009491048,0.0,0.0069258609,0.0027368865999999,0.0496321044,0.0034180248,0.104013855,0.1126847398,4.0,0.0201932411,8.032272e-11,0.0289782826,0.0180572214999999,0.2772109848,1.7335088352,2.3287424e-08,73.0,67.73315512
2016-03-31,38741526.307,0.910832216,0.8296153258,0.2282366457999999,17.444628555,0.0162649687999999,-0.138056863,0.0192563031,0.0879412228,-0.041899881,0.7400892704,0.0367315733,0.885613535,0.0162394763,-0.016239476,50.0,-0.033034129,0.1252167513,-0.7052765529999999,0.0616353256,2.5919755087,0.05092563,-0.0044870629999999,-0.03812566,-0.028738026,-0.437603847,0.0,0.1298610629,0.0,1.062532963,0.4131113424,0.0,0.0,0.0247760031,-0.279107073,0.0367858573,0.1494086117,-0.090492554,-0.040652403,0.0304867404,-0.0983606559999999,-0.010898018,0.7563482261,0.1150641215,30469.210485000003,0.4588603783,0.0022177378,-0.557211153,-0.016659128,-0.044756819,0.0038095489,-0.016659128,,0.0369229632,-0.007767004,,-0.384380676,5.0,1.062532963,0.0,0.0159115869,0.0544315948,,0.0620837917999999,6.5661204154,,7.0712392527,,0.0,-0.103879081,0.0,0.2923226298999999,0.0945871551,-0.1761715039999999,0.9826946373,0.0503133447,2.49597e-05,0.0268914382,-0.009491048,0.0,0.0069258609,0.0027368865999999,0.0496321044,0.0034180248,0.104013855,0.1126847398,4.0,0.0198460125,5.729775e-11,0.0249571931,0.0117557105,0.2496413653,1.3096542654,2.3801918e-08,73.0,72.19557848
2016-04-29,40916730.582,0.8891558815999999,0.7905981817000001,0.1801377187,17.387999915,0.0164506555,-0.142685443,0.0655330792,0.0604755375,0.0072757707,0.5812248557,0.0290956841,0.8919226843000001,0.0162394763,-0.016239476,50.0,-0.033034129,0.1252167513,-0.7023990529999999,0.0616353256,2.5919755087,0.05092563,-0.0044870629999999,-0.03812566,-0.028738026,-0.437603847,0.0,0.1298610629,0.0,1.062532963,0.4131113424,0.0,0.0,0.0247760031,-0.279107073,0.0367858573,0.1494086117,-0.090492554,-0.040652403,0.0304867404,-0.0983606559999999,-0.010898018,0.7563482261,0.1150641215,30469.210485000003,0.4588603783,0.0022177378,-0.557211153,-0.016659128,-0.044756819,0.0038095489,-0.016659128,,0.0369229632,-0.007767004,,-0.384380676,5.0,1.062532963,0.0,0.0159115869,0.0544315948,,0.0620837917999999,6.5661204154,,7.0712392527,,0.0,-0.103879081,0.0,0.2923226298999999,0.0945871551,-0.1761715039999999,0.3395080589,0.0934226868,0.0004535207,2.14552e-05,-0.019230325,1.0,0.0101931411,0.0027199769,0.0701882084,0.0039716614,0.1045513658,0.1126299351999999,4.0,0.0127349841,4.877517e-11,0.024560092,0.0094058267,0.2373130343,0.9716270278,2.6364084e-08,73.0,71.17352537
2016-05-31,40287516.512,0.8350010283,0.6972267172,-0.01250456,17.247910916,0.0166934417,-0.113188535,-0.01415669,0.0438502576999999,0.0872507887,0.5073700542,0.0181175222,0.8234947187,0.0162394763,-0.016239476,50.0,-0.033034129,0.1252167513,-0.6822532640000001,0.0616353256,2.5919755087,0.05092563,-0.0044870629999999,-0.03812566,-0.028738026,-0.437603847,0.0,0.1298610629,0.0,1.062532963,0.4131113424,0.0,0.0,0.0247760031,-0.279107073,0.0367858573,0.1494086117,-0.090492554,-0.040652403,0.0304867404,-0.0983606559999999,-0.010898018,0.7563482261,0.1150641215,30469.210485000003,0.4588603783,0.0022177378,-0.557211153,-0.016659128,-0.044756819,0.0038095489,-0.016659128,,0.0369229632,-0.007767004,,-0.384380676,5.0,1.062532963,0.0,0.0159115869,0.0544315948,,0.0620837917999999,6.5661204154,,7.0712392527,,0.0,-0.103879081,0.0,0.2923226298999999,0.0945871551,-0.1761715039999999,0.3395080589,0.0934226868,0.0004535207,2.14552e-05,-0.019230325,1.0,0.0101931411,0.0027199769,0.0701882084,0.0039716614,0.1045513658,0.1126299351999999,4.0,0.0126474872,3.398139e-11,0.0121448059,0.0064061138,0.2419220244,0.9633034769,2.6395159e-08,73.0,70.69066563
2016-06-30,40014192.732,0.7981434092,0.6370329015999999,0.0096203934,17.276086467,0.0167434214,-0.111279128,-0.006784329,0.0377815659,0.0597000529999999,0.4940477652,0.0423161613,0.8480645161,0.0162394763,-0.016239476,50.0,-0.033034129,0.1252167513,-0.6839824290000001,0.0616353256,2.5919755087,0.05092563,-0.0044870629999999,-0.03812566,-0.028738026,-0.437603847,0.0,0.1298610629,0.0,1.062532963,0.4131113424,0.0,0.0,0.0247760031,-0.279107073,0.0367858573,0.1494086117,-0.090492554,-0.040652403,0.0304867404,-0.0983606559999999,-0.010898018,0.7563482261,0.1150641215,30469.210485000003,0.4588603783,0.0022177378,-0.557211153,-0.016659128,-0.044756819,0.0038095489,-0.016659128,,0.0369229632,-0.007767004,,-0.384380676,5.0,1.062532963,0.0,0.0159115869,0.0544315948,,0.0620837917999999,6.5661204154,,7.0712392527,,0.0,-0.103879081,0.0,0.2923226298999999,0.0945871551,-0.1761715039999999,0.3395080589,0.0934226868,0.0004535207,2.14552e-05,-0.019230325,1.0,0.0101931411,0.0027199769,0.0701882084,0.0039716614,0.1045513658,0.1126299351999999,4.0,0.0130196424,4.629613e-11,0.0259237438,0.0113494811,0.4877257453999999,2.617244304,2.0884706000000004e-08,73.0,74.38771297
2016-07-29,41865160.252,0.8165876629000001,0.6668154112,0.0280458964,17.502280892,0.0166541223,-0.088434246,0.051912643,0.0429526357,0.1149676467,0.3986530332,0.0141421565999999,0.930495546,0.0162394763,-0.016239476,50.0,-0.033034129,0.1281642708,-0.778966646,0.0616353256,2.5919755087,0.05092563,-0.0044870629999999,-0.03812566,-0.028738026,-0.437603847,0.0,0.1298610629,0.0,1.062532963,0.4131113424,0.0,0.0,0.0247760031,-0.279107073,0.0367858573,0.1494086117,-0.090492554,-0.040652403,0.0304867404,-0.0983606559999999,-0.010898018,0.7563482261,0.1150641215,30469.210485000003,0.4588603783,0.0022177378,-0.557211153,-0.016659128,-0.044756819,0.0038095489,-0.016659128,,0.0369229632,-0.007767004,,-0.384380676,5.0,1.062532963,0.0,0.0159115869,0.0544315948,,0.0620837917999999,6.5661204154,,7.0712392527,,0.0,-0.103879081,0.0,0.2923226298999999,0.0945871551,-0.1761715039999999,0.3395080589,0.0934226868,0.0004535207,2.14552e-05,-0.019230325,1.0,0.0101931411,0.0027199769,0.0701882084,0.0039716614,0.1045513658,0.1126299351999999,4.0,0.0125972695,5.067551e-11,0.0307416766999999,0.0138343587,0.3281029862,1.5857296319,1.9735273e-08,73.0,72.02337073
2016-08-31,40576942.758,0.8038750584000001,0.6462151095,0.0285359096,17.557251945999997,0.0166431275,-0.0478722279999999,-0.031784106,0.1186171526999999,0.1796119867,0.3282893345,0.0323749805,0.9401621154,0.0162394763,-0.016239476,50.0,-0.033034129,0.1281642708,-0.7798486859999999,0.0616353256,2.5919755087,0.05092563,-0.0044870629999999,-0.03812566,-0.028738026,-0.437603847,0.0,0.1298610629,0.0,1.062532963,0.4131113424,0.0,0.0,0.0247760031,-0.279107073,0.0367858573,0.1494086117,-0.090492554,-0.040652403,0.0304867404,-0.0983606559999999,-0.010898018,0.7563482261,0.1150641215,30469.210485000003,0.4588603783,0.0022177378,-0.557211153,-0.016659128,-0.044756819,0.0038095489,-0.016659128,,0.0369229632,-0.007767004,,-0.384380676,5.0,1.062532963,0.0,0.0159115869,0.0544315948,,0.0620837917999999,6.5661204154,,7.0712392527,,0.0,-0.103879081,0.0,0.2923226298999999,0.0945871551,-0.1761715039999999,0.407723315,0.0707226908,4.5973735e-06,-0.004011894,-0.001973059,2.0,0.0099301053,0.0025748829,0.0737333161,0.0039473958,0.1016969632,0.1073873673,4.0,0.0103099723,3.329224e-11,0.0103743449,0.0114580036,0.4122978524,1.8679301632,2.6714081000000003e-08,73.0,72.7197181
2016-09-30,40969255.256,0.8241811323999999,0.6792745391,-0.036016201,17.31792805,0.0178803494,0.0892870174,0.0096683605,0.062601137,0.1783087829,0.3043558337,0.0294528511,0.8598616935,0.0162394763,-0.016239476,50.0,-0.033034129,0.1281642708,-0.7887881720000001,0.0616353256,2.5919755087,0.05092563,-0.0044870629999999,-0.03812566,-0.028738026,-0.437603847,0.0,0.1298610629,0.0,1.062532963,0.4131113424,0.0,0.0,0.0247760031,-0.279107073,0.0367858573,0.1494086117,-0.090492554,-0.040652403,0.0304867404,-0.0983606559999999,-0.010898018,0.7563482261,0.1150641215,30469.210485000003,0.4588603783,0.0022177378,-0.557211153,-0.016659128,-0.044756819,0.0038095489,-0.016659128,,0.0369229632,-0.007767004,,-0.384380676,5.0,1.062532963,0.0,0.0159115869,0.0544315948,,0.0620837917999999,6.5661204154,,7.0712392527,,0.0,-0.103879081,0.0,0.2923226298999999,0.0945871551,-0.1761715039999999,0.407723315,0.0707226908,4.5973735e-06,-0.004011894,-0.001973059,2.0,0.0099301053,0.0025748829,0.0737333161,0.0039473958,0.1016969632,0.1073873673,4.0,0.0085524035,2.6799659999999998e-11,0.0142517183,0.0047405128999999,0.3284979204,1.2709086986,2.5780542e-08,73.0,71.8398022
2016-10-31,39963418.617,0.8221086940000001,0.6758627048,-0.135189879,17.224296355,0.0177603132,0.164438459,-0.0120253939999999,0.0068901367,0.1377574248,0.3329056017,0.0307054624,0.7895293675,0.0162394763,-0.016239476,50.0,-0.033034129,0.1281642708,-0.794721872,0.0616353256,2.5919755087,0.05092563,-0.0044870629999999,-0.03812566,-0.028738026,-0.437603847,0.0,0.1298610629,0.0,1.062532963,0.4131113424,0.0,0.0,0.0247760031,-0.279107073,0.0367858573,0.1494086117,-0.090492554,-0.040652403,0.0304867404,-0.0983606559999999,-0.010898018,0.7563482261,0.1150641215,30469.210485000003,0.4588603783,0.0022177378,-0.557211153,-0.016659128,-0.044756819,0.0038095489,-0.016659128,,0.0369229632,-0.007767004,,-0.384380676,5.0,1.062532963,0.0,0.0159115869,0.0544315948,,0.0620837917999999,6.5661204154,,7.0712392527,,0.0,-0.103879081,0.0,0.2923226298999999,0.0945871551,-0.1761715039999999,0.6182349867,0.0579963854,0.0003449455999999,-0.007477942,-0.01505039,3.0,0.0133460319,0.0025237233,0.1265988303,0.0054794210999999,0.0962710573,0.0968876065,4.0,0.0129309125,6.240815e-11,0.0181356091,0.0123124805,0.2385746154,0.9380500846,2.6394782e-08,73.0,70.91126053
2016-11-30,39279120.279,0.8297700529,0.6885183407,-0.033048216,17.270311267,0.0175744192,0.0779308646,-0.012925164,0.0090669332,0.0384033275999999,0.3920067165999999,0.0507865648,0.73545255,0.0162394763,-0.016239476,50.0,-0.033034129,0.1281642708,-0.796130053,0.0616353256,2.5919755087,0.05092563,-0.0044870629999999,-0.03812566,-0.028738026,-0.437603847,0.0,0.1298610629,0.0,1.062532963,0.4131113424,0.0,0.0,0.0247760031,-0.279107073,0.0367858573,0.1494086117,-0.090492554,-0.040652403,0.0304867404,-0.0983606559999999,-0.010898018,0.7563482261,0.1150641215,30469.210485000003,0.4588603783,0.0022177378,-0.557211153,-0.016659128,-0.044756819,0.0038095489,-0.016659128,,0.0369229632,-0.007767004,,-0.384380676,5.0,1.062532963,0.0,0.0159115869,0.0544315948,,0.0620837917999999,6.5661204154,,7.0712392527,,0.0,-0.103879081,0.0,0.2923226298999999,0.0945871551,-0.1761715039999999,0.6182349867,0.0579963854,0.0003449455999999,-0.007477942,-0.01505039,3.0,0.0133460319,0.0025237233,0.1265988303,0.0054794210999999,0.0962710573,0.0968876065,4.0,0.0105087584,4.017653e-11,0.0109547619,0.0066678737,0.2445426807,0.8518260073999999,3.1454127e-08,73.0,78.20927219
2016-12-30,43321629.945,0.8191336226,0.6709798915999999,0.0752957621999999,17.078135262,0.0176653402,0.0161298658,0.1029175222,0.0028280937,0.033655946,0.2941629418,0.0132940946,0.8593220465000001,0.0162394763,-0.016239476,50.0,-0.033034129,0.1281642708,-0.799246364,0.0616353256,2.5919755087,0.05092563,-0.0044870629999999,-0.03812566,-0.028738026,-0.437603847,0.0,0.1298610629,0.0,1.062532963,0.4131113424,0.0,0.0,0.0247760031,-0.279107073,0.0367858573,0.1494086117,-0.090492554,-0.040652403,0.0304867404,-0.0983606559999999,-0.010898018,0.7563482261,0.1150641215,30469.210485000003,0.4588603783,0.0022177378,-0.557211153,-0.016659128,-0.044756819,0.0038095489,-0.016659128,,0.0369229632,-0.007767004,,-0.384380676,5.0,1.062532963,0.0,0.0159115869,0.0544315948,,0.0620837917999999,6.5661204154,,7.0712392527,,0.0,-0.103879081,0.0,0.2923226298999999,0.0945871551,-0.1761715039999999,0.6182349867,0.0579963854,0.0003449455999999,-0.007477942,-0.01505039,3.0,0.0133460319,0.0025237233,0.1265988303,0.0054794210999999,0.0962710573,0.0968876065,4.0,0.0149442673,3.387048e-11,0.0352048464,0.0098743411,0.361287378,1.9629956292,1.8859874e-08,73.0,84.21534785
2017-01-31,46137941.452,0.7759243593999999,0.6020586115,0.0346240331,17.683680605,0.0180055735,0.0856051368,0.0763382912,0.0514529734,0.1535438667999999,0.2591980632,0.0220538582,0.9154524103,0.0095466948,-0.009546695,51.0,-0.31891696,0.1217851351999999,-0.809332174,0.0528075104,0.0631055186,0.0444259629,0.006678333,-0.047406399,-0.022941681,-0.038584935,0.0,-0.024829208,0.0,1.1019041827,0.4213138686,0.0,0.0,0.0228280514,-0.067983779,0.0356716667,0.1545159391,-0.2220683289999999,0.0028106095,0.0291131475,0.0363636364,0.0019450023,0.9360623711,0.3846512614,34054.424676999995,0.5221332432,0.0018782178,0.5308245093,0.037054116,0.0198554855,0.0016742149,0.037054116,,-0.0599676159999999,0.0298671224,,-0.245413151,5.0,1.1019041827,0.0,0.0144201053,0.051740688,,0.0535750480999999,3.6296273253,,6.6948588478,0.0,0.0,0.0666727613,0.0,0.2786995267,0.1105376002,-0.028524284,0.4605207336,0.0736111747,0.0006161188,0.0058473812,-0.072268667,0.0,0.0055158277,0.0026197317,0.0626221354,0.0048680096999999,0.0990734527,0.0989443439,4.0,0.0116659007,2.941878e-11,0.022291664,0.0079490889,0.3968460692,2.1929239027,2.1629441000000003e-08,73.0,82.74866686
2017-02-28,45334713.01100001,0.7720700439,0.5960921528,0.0654508229,17.614461438,0.0181766278,0.1895052947,-0.017415849,0.1688706039,0.2659603936,0.3026689984,0.004432101,0.9616331368,0.0095466948,-0.009546695,51.0,-0.31891696,0.1217851351999999,-0.814450022,0.0528075104,0.0631055186,0.0444259629,0.006678333,-0.047406399,-0.022941681,-0.038584935,0.0,-0.024829208,0.0,1.1019041827,0.4213138686,0.0,0.0,0.0228280514,-0.067983779,0.0356716667,0.1545159391,-0.2220683289999999,0.0028106095,0.0291131475,0.0363636364,0.0019450023,0.9360623711,0.3846512614,34054.424676999995,0.5221332432,0.0018782178,0.5308245093,0.037054116,0.0198554855,0.0016742149,0.037054116,,-0.0599676159999999,0.0298671224,,-0.245413151,5.0,1.1019041827,0.0,0.0144201053,0.051740688,,0.0535750480999999,3.6296273253,,6.6948588478,0.0,0.0,0.0666727613,0.0,0.2786995267,0.1105376002,-0.028524284,0.4605207336,0.0736111747,0.0006161188,0.0058473812,-0.072268667,0.0,0.0055158277,0.0026197317,0.0626221354,0.0048680096999999,0.0990734527,0.0989443439,4.0,0.01017427,2.73216e-11,0.0101761343,0.0060094187,0.1948747818,0.8200924055,2.7111836e-08,73.0,84.08424788
2017-03-31,46066427.093,0.7631998445,0.5824740027,0.0830008695,17.414951218,0.0183054367,0.2435590732,0.0161402598,0.1375158164,0.2204119946999999,0.3076102387,-0.0003165809999999,0.9051499591,0.0095466948,-0.009546695,51.0,-0.31891696,0.1217851351999999,-0.822305237,0.0528075104,0.0631055186,0.0444259629,0.006678333,-0.047406399,-0.022941681,-0.038584935,0.0,-0.024829208,0.0,1.1019041827,0.4213138686,0.0,0.0,0.0228280514,-0.067983779,0.0356716667,0.1545159391,-0.2220683289999999,0.0028106095,0.0291131475,0.0363636364,0.0019450023,0.9360623711,0.3846512614,34054.424676999995,0.5221332432,0.0018782178,0.5308245093,0.037054116,0.0198554855,0.0016742149,0.037054116,,-0.0599676159999999,0.0298671224,,-0.245413151,5.0,1.1019041827,0.0,0.0144201053,0.051740688,,0.0535750480999999,3.6296273253,,6.6948588478,0.0,0.0,0.0666727613,0.0,0.2786995267,0.1105376002,-0.028524284,0.4605207336,0.0736111747,0.0006161188,0.0058473812,-0.072268667,0.0,0.0055158277,0.0026197317,0.0626221354,0.0048680096999999,0.0990734527,0.0989443439,4.0,0.0122722552,3.474641e-11,0.0133805647,0.015240363,0.4688630340999999,3.551862916,2.4634792000000002e-08,73.0,84.35697122
2017-04-28,45860480.727,0.7593935976999999,0.5766786363,0.1790389932999999,17.578073345,0.0188948986,0.1893907530999999,0.0033131614,0.1699446633,0.1638397583,0.3940188075999999,-0.014811616,0.8600135595,0.0095466948,-0.009546695,51.0,-0.31891696,0.1217851351999999,-0.8258730809999999,0.0528075104,0.0631055186,0.0444259629,0.006678333,-0.047406399,-0.022941681,-0.038584935,0.0,-0.024829208,0.0,1.1019041827,0.4213138686,0.0,0.0,0.0228280514,-0.067983779,0.0356716667,0.1545159391,-0.2220683289999999,0.0028106095,0.0291131475,0.0363636364,0.0019450023,0.9360623711,0.3846512614,34054.424676999995,0.5221332432,0.0018782178,0.5308245093,0.037054116,0.0198554855,0.0016742149,0.037054116,,-0.0599676159999999,0.0298671224,,-0.245413151,5.0,1.1019041827,0.0,0.0144201053,0.051740688,,0.0535750480999999,3.6296273253,,6.6948588478,0.0,0.0,0.0666727613,0.0,0.2786995267,0.1105376002,-0.028524284,0.4605207336,0.0736111747,0.0006161188,0.0058473812,-0.072268667,0.0,0.0055158277,0.0026197317,0.0626221354,0.0048680096999999,0.0990734527,0.0989443439,4.0,0.0100594618,3.275203e-11,0.0186123177,0.0073207591,0.2300728187,0.89139134,2.2918258e-08,73.0,86.08711713
2017-05-31,46749869.944,0.7333097423,0.5377431782,0.2175568715,17.456918266,0.0189635965,0.1843418163,0.0205097999,0.1891913721999999,0.1844638344,0.3619445227,0.0027825082,0.7873799572,0.0095466948,-0.009546695,51.0,-0.31891696,0.1217851351999999,-0.8285988409999999,0.0528075104,0.0631055186,0.0444259629,0.006678333,-0.047406399,-0.022941681,-0.038584935,0.0,-0.024829208,0.0,1.1019041827,0.4213138686,0.0,0.0,0.0228280514,-0.067983779,0.0356716667,0.1545159391,-0.2220683289999999,0.0028106095,0.0291131475,0.0363636364,0.0019450023,0.9360623711,0.3846512614,34054.424676999995,0.5221332432,0.0018782178,0.5308245093,0.037054116,0.0198554855,0.0016742149,0.037054116,,-0.0599676159999999,0.0298671224,,-0.245413151,5.0,1.1019041827,0.0,0.0144201053,0.051740688,,0.0535750480999999,3.6296273253,,6.6948588478,0.0,0.0,0.0666727613,0.0,0.2786995267,0.1105376002,-0.028524284,1.4783165735,0.0820563001,-0.0002181479999999,0.0048134436,0.0263729229,1.0,0.008442867,0.0026384627,0.0822697251,0.005077143,0.07559477,0.0726090938,4.0,0.0102561113,3.06993e-11,0.0141201373,0.0060188201,0.2152261166,0.6370497591,3.8960213e-08,73.0,84.34049364
2017-06-30,45801362.929,0.7409208306,0.5489636771999999,-0.02802395,17.135447519,0.0190074629,0.1856185253,-0.020288976,0.1003374458,0.2170135714,0.3235046718,-0.00330906,0.9113730337,0.0095466948,-0.009546695,51.0,-0.31891696,0.1217851351999999,-0.8273935570000001,0.0528075104,0.0631055186,0.0444259629,0.006678333,-0.047406399,-0.022941681,-0.038584935,0.0,-0.024829208,0.0,1.1019041827,0.4213138686,0.0,0.0,0.0228280514,-0.067983779,0.0356716667,0.1545159391,-0.2220683289999999,0.0028106095,0.0291131475,0.0363636364,0.0019450023,0.9360623711,0.3846512614,34054.424676999995,0.5221332432,0.0018782178,0.5308245093,0.037054116,0.0198554855,0.0016742149,0.037054116,,-0.0599676159999999,0.0298671224,,-0.245413151,5.0,1.1019041827,0.0,0.0144201053,0.051740688,,0.0535750480999999,3.6296273253,,6.6948588478,0.0,0.0,0.0666727613,0.0,0.2786995267,0.1105376002,-0.028524284,1.4783165735,0.0820563001,-0.0002181479999999,0.0048134436,0.0263729229,1.0,0.008442867,0.0026384627,0.0822697251,0.005077143,0.07559477,0.0726090938,4.0,0.0131827448,2.965708e-11,0.0163059812,0.0164372092,0.3590115265,2.5577431186000004,1.535533e-08,73.0,84.89275877
2017-07-31,45594699.593,0.7546754901,0.5695350953,-0.123706225,17.898395594,0.019532149,0.2137690265,0.0064471653,0.001555677,0.1334796861,0.3908149236,-0.007353785,1.1286698547,0.0095466948,-0.009546695,51.0,-0.31891696,0.1025771816,-0.7182988309999999,0.0528075104,0.0631055186,0.0444259629,0.006678333,-0.047406399,-0.022941681,-0.038584935,0.0,-0.024829208,0.0,1.1019041827,0.4213138686,0.0,0.0,0.0228280514,-0.067983779,0.0356716667,0.1545159391,-0.2220683289999999,0.0028106095,0.0291131475,0.0363636364,0.0019450023,0.9360623711,0.3846512614,34054.424676999995,0.5221332432,0.0018782178,0.5308245093,0.037054116,0.0198554855,0.0016742149,0.037054116,,-0.0599676159999999,0.0298671224,,-0.245413151,5.0,1.1019041827,0.0,0.0144201053,0.051740688,,0.0535750480999999,3.6296273253,,6.6948588478,0.0,0.0,0.0666727613,0.0,0.2786995267,0.1105376002,-0.028524284,1.4783165735,0.0820563001,-0.0002181479999999,0.0048134436,0.0263729229,1.0,0.008442867,0.0026384627,0.0822697251,0.005077143,0.07559477,0.0726090938,4.0,0.0129226455,2.6136179999999998e-11,0.0142842904,0.0097487238,0.3304134634,2.9429141415,1.3466839e-08,73.0,98.52233013
2017-08-31,52840632.877,0.7496299895999999,0.5619451212,0.0420711655,18.030264236,0.0198283569,0.1552358557,0.1605505049,0.0258794338,0.1782366144,0.3129894492,-0.023884712,1.7348125645,0.0095466948,-0.009546695,51.0,-0.31891696,0.1025771816,-0.731269596,0.0528075104,0.0631055186,0.0444259629,0.006678333,-0.047406399,-0.022941681,-0.038584935,0.0,-0.024829208,0.0,1.1019041827,0.4213138686,0.0,0.0,0.0228280514,-0.067983779,0.0356716667,0.1545159391,-0.2220683289999999,0.0028106095,0.0291131475,0.0363636364,0.0019450023,0.9360623711,0.3846512614,34054.424676999995,0.5221332432,0.0018782178,0.5308245093,0.037054116,0.0198554855,0.0016742149,0.037054116,,-0.0599676159999999,0.0298671224,,-0.245413151,5.0,1.1019041827,0.0,0.0144201053,0.051740688,,0.0535750480999999,3.6296273253,,6.6948588478,0.0,0.0,0.0666727613,0.0,0.2786995267,0.1105376002,-0.028524284,1.9346168566,0.0686560298,0.0027243449,0.0081955818,-0.0552144,2.0,0.0148788202,0.0029145247999999,0.1202089363,0.0039078466,0.0950030935,0.105775274,4.0,0.0228742649,2.423436e-11,0.0910548568,0.0228842281,0.6547444066,13.529452193,9.0731255e-09,73.0,88.21522571
2017-09-29,47312606.792,0.7287425469,0.5310656996,-0.106778784,18.40338339,0.0228027122,0.1501967253999999,-0.104616955,0.1716737757999999,0.3543091488,0.2912236551,-0.05249411,2.3813273273,0.0095466948,-0.009546695,51.0,-0.31891696,0.1025771816,-0.7357391329999999,0.0528075104,0.0631055186,0.0444259629,0.006678333,-0.047406399,-0.022941681,-0.038584935,0.0,-0.024829208,0.0,1.1019041827,0.4213138686,0.0,0.0,0.0228280514,-0.067983779,0.0356716667,0.1545159391,-0.2220683289999999,0.0028106095,0.0291131475,0.0363636364,0.0019450023,0.9360623711,0.3846512614,34054.424676999995,0.5221332432,0.0018782178,0.5308245093,0.037054116,0.0198554855,0.0016742149,0.037054116,,-0.0599676159999999,0.0298671224,,-0.245413151,5.0,1.1019041827,0.0,0.0144201053,0.051740688,,0.0535750480999999,3.6296273253,,6.6948588478,0.0,0.0,0.0666727613,0.0,0.2786995267,0.1105376002,-0.028524284,1.9346168566,0.0686560298,0.0027243449,0.0081955818,-0.0552144,2.0,0.0148788202,0.0029145247999999,0.1202089363,0.0039078466,0.0950030935,0.105775274,4.0,0.0198994345999999,1.692949e-11,0.017230371,0.0170856607,0.6177415756,7.912409751799999,5.8755500000000005e-09,73.0,91.05690519
2017-10-31,48538079.865,0.7445372116,0.5543356595000001,-0.0946008909999999,18.433117429,0.0230222777999999,0.1335593528999999,0.0321217105,0.045632484,0.2273852412999999,0.2744748586,-0.074155089,2.3412064909,0.0095466948,-0.009546695,51.0,-0.31891696,0.1025771816,-0.7644717529999999,0.0528075104,0.0631055186,0.0444259629,0.006678333,-0.047406399,-0.022941681,-0.038584935,0.0,-0.024829208,0.0,1.1019041827,0.4213138686,0.0,0.0,0.0228280514,-0.067983779,0.0356716667,0.1545159391,-0.2220683289999999,0.0028106095,0.0291131475,0.0363636364,0.0019450023,0.9360623711,0.3846512614,34054.424676999995,0.5221332432,0.0018782178,0.5308245093,0.037054116,0.0198554855,0.0016742149,0.037054116,,-0.0599676159999999,0.0298671224,,-0.245413151,5.0,1.1019041827,0.0,0.0144201053,0.051740688,,0.0535750480999999,3.6296273253,,6.6948588478,0.0,0.0,0.0666727613,0.0,0.2786995267,0.1105376002,-0.028524284,1.9346168566,0.0686560298,0.0027243449,0.0081955818,-0.0552144,2.0,0.0148788202,0.0029145247999999,0.1202089363,0.0039078466,0.0950030935,0.105775274,4.0,0.013459291,2.2975e-11,0.0152212977,0.0079814599,0.473847478,3.2233873536,1.6109184999999998e-08,73.0,96.83750272
2017-11-30,51560148.347,0.73721579,0.543487121,-0.088915609,18.004785649000002,0.0225073473,0.239419099,0.0634833723,0.0575302538999999,0.2833990983,0.1164664416999999,-0.0745817179999999,1.812108503,0.0095466948,-0.009546695,51.0,-0.31891696,0.1025771816,-0.776370605,0.0528075104,0.0631055186,0.0444259629,0.006678333,-0.047406399,-0.022941681,-0.038584935,0.0,-0.024829208,0.0,1.1019041827,0.4213138686,0.0,0.0,0.0228280514,-0.067983779,0.0356716667,0.1545159391,-0.2220683289999999,0.0028106095,0.0291131475,0.0363636364,0.0019450023,0.9360623711,0.3846512614,34054.424676999995,0.5221332432,0.0018782178,0.5308245093,0.037054116,0.0198554855,0.0016742149,0.037054116,,-0.0599676159999999,0.0298671224,,-0.245413151,5.0,1.1019041827,0.0,0.0144201053,0.051740688,,0.0535750480999999,3.6296273253,,6.6948588478,0.0,0.0,0.0666727613,0.0,0.2786995267,0.1105376002,-0.028524284,1.8294800573,0.0683762048,-0.0004381369999999,-0.002182982,-0.045803275,3.0,0.0147002205,0.0029415788,0.1541244004,0.0035368141999999,0.089205918,0.1014073463,4.0,0.0124700866999999,3.595635e-11,0.0194793362,0.0075491225,0.2783181028,1.1983675537,2.393891400000001e-08,73.0,95.3382123
2017-12-29,50761864.994,0.7178483073,0.5153061923,0.0521706661,17.573882234000003,0.0227653466,0.2449363905,-0.015482565,0.1479567068,0.2375119387,0.1758695786,-0.135469579,1.1371440404000002,0.0095466948,-0.009546695,51.0,-0.31891696,0.1025771816,-0.780743671,0.0528075104,0.0631055186,0.0444259629,0.006678333,-0.047406399,-0.022941681,-0.038584935,0.0,-0.024829208,0.0,1.1019041827,0.4213138686,0.0,0.0,0.0228280514,-0.067983779,0.0356716667,0.1545159391,-0.2220683289999999,0.0028106095,0.0291131475,0.0363636364,0.0019450023,0.9360623711,0.3846512614,34054.424676999995,0.5221332432,0.0018782178,0.5308245093,0.037054116,0.0198554855,0.0016742149,0.037054116,,-0.0599676159999999,0.0298671224,,-0.245413151,5.0,1.1019041827,0.0,0.0144201053,0.051740688,,0.0535750480999999,3.6296273253,,6.6948588478,0.0,0.0,0.0666727613,0.0,0.2786995267,0.1105376002,-0.028524284,1.8294800573,0.0683762048,-0.0004381369999999,-0.002182982,-0.045803275,3.0,0.0147002205,0.0029415788,0.1541244004,0.0035368141999999,0.089205918,0.1014073463,4.0,0.0154284631,2.450488e-11,0.0189714134,0.0089241082999999,0.4955199475999999,3.248028819,1.7176056e-08,73.0,98.14555721
2018-01-31,51880014.081,0.7032838822,0.4946082189999999,0.1478950219,17.935694255999998,0.0230605893999999,0.2964226808,0.0293552633,0.1229435891,0.1319415923,0.2924975501,-0.066509129,0.9430151676,0.0097093383,-0.009709338,52.0,0.1486146096,0.0897330889,-0.79707173,0.056622748,3.7423121138,0.0466260333,0.0099292147,-0.003593968,-0.02348036,-0.0684436859999999,0.0,-1.14083577,0.0,1.0953451011,0.4053083729,0.0,0.0,0.0221187989,-0.112593717,0.0380175766,0.1242523471,0.5125944584000001,0.0130538033,0.0295524153,0.0175438596,0.0043645522999999,0.7282206045999999,-0.152733972,35086.267474,0.638148837,0.0017878356,0.0114482690999999,-0.0059524969999999,-0.037989482,-0.000429614,-0.0059524969999999,,0.0835151843,0.0164846336,,-0.2264335989999999,5.0,1.0953451011,0.0,0.0137625645,0.0506874101,,0.0676524287,4.4474062365,,7.2668466776,0.0,0.0,0.0610226434999999,0.0,0.2715184002,0.1188520845,-0.294327186,3.6393859216,0.0748682087,-0.000512938,0.0024379112,0.1333264085,0.0,0.0060607581,0.0028969211,0.0647802881,0.0036539334999999,0.0846605821,0.0957499319,4.0,0.0124996687,2.40736e-11,0.0155145936,0.006543006,0.4515159638,1.709312673,2.7932748e-08,73.0,103.5389985
2018-02-28,54801468.883,0.6838202298999999,0.4676101068,-0.139851632,17.521720653,0.0229748241,0.2586383504,0.0549534484999999,-0.004000352,0.1858221357,0.2829137508,-0.154131231,0.9572811153,0.0097093383,-0.009709338,52.0,0.1486146096,0.0897330889,-0.794768971,0.056622748,3.7423121138,0.0466260333,0.0099292147,-0.003593968,-0.02348036,-0.0684436859999999,0.0,-1.14083577,0.0,1.0953451011,0.4053083729,0.0,0.0,0.0221187989,-0.112593717,0.0380175766,0.1242523471,0.5125944584000001,0.0130538033,0.0295524153,0.0175438596,0.0043645522999999,0.7282206045999999,-0.152733972,35086.267474,0.638148837,0.0017878356,0.0114482690999999,-0.0059524969999999,-0.037989482,-0.000429614,-0.0059524969999999,,0.0835151843,0.0164846336,,-0.2264335989999999,5.0,1.0953451011,0.0,0.0137625645,0.0506874101,,0.0676524287,4.4474062365,,7.2668466776,0.0,0.0,0.0610226434999999,0.0,0.2715184002,0.1188520845,-0.294327186,3.6393859216,0.0748682087,-0.000512938,0.0024379112,0.1333264085,0.0,0.0060607581,0.0028969211,0.0647802881,0.0036539334999999,0.0846605821,0.0957499319,4.0,0.0150963724,4.249141e-11,0.0233424362,0.0106872662,0.3039865225,1.3346780367,2.3789468e-08,73.0,96.57944925
2018-03-29,51117896.265,0.6554858396000001,0.4296616859,0.0455257055,17.685504711,0.0227820881,0.297904866,-0.067216679,0.1735014066,0.2311166094,0.2110286732,-0.126957539,0.846967776,0.0097093383,-0.009709338,52.0,0.1486146096,0.0897330889,-0.796506213,0.056622748,3.7423121138,0.0466260333,0.0099292147,-0.003593968,-0.02348036,-0.0684436859999999,0.0,-1.14083577,0.0,1.0953451011,0.4053083729,0.0,0.0,0.0221187989,-0.112593717,0.0380175766,0.1242523471,0.5125944584000001,0.0130538033,0.0295524153,0.0175438596,0.0043645522999999,0.7282206045999999,-0.152733972,35086.267474,0.638148837,0.0017878356,0.0114482690999999,-0.0059524969999999,-0.037989482,-0.000429614,-0.0059524969999999,,0.0835151843,0.0164846336,,-0.2264335989999999,5.0,1.0953451011,0.0,0.0137625645,0.0506874101,,0.0676524287,4.4474062365,,7.2668466776,0.0,0.0,0.0610226434999999,0.0,0.2715184002,0.1188520845,-0.294327186,3.6393859216,0.0748682087,-0.000512938,0.0024379112,0.1333264085,0.0,0.0060607581,0.0028969211,0.0647802881,0.0036539334999999,0.0846605821,0.0957499319,4.0,0.0256179161,5.856806e-11,0.0293764452999999,0.0193624638,0.3733379504,1.7769360347,2.6358236000000013e-08,73.0,95.5611857
2018-04-30,50124117.483,0.6889139151000001,0.4746023824,-0.029792204,17.614503058,0.0228365848,0.2705923079,-0.010492511,0.0605556763,0.1445728842,0.2532710932999999,-0.060839858,1.0129187646,0.0097093383,-0.009709338,52.0,0.1486146096,0.0897330889,-0.792597515,0.056622748,3.7423121138,0.0466260333,0.0099292147,-0.003593968,-0.02348036,-0.0684436859999999,0.0,-1.14083577,0.0,1.0953451011,0.4053083729,0.0,0.0,0.0221187989,-0.112593717,0.0380175766,0.1242523471,0.5125944584000001,0.0130538033,0.0295524153,0.0175438596,0.0043645522999999,0.7282206045999999,-0.152733972,35086.267474,0.638148837,0.0017878356,0.0114482690999999,-0.0059524969999999,-0.037989482,-0.000429614,-0.0059524969999999,,0.0835151843,0.0164846336,,-0.2264335989999999,5.0,1.0953451011,0.0,0.0137625645,0.0506874101,,0.0676524287,4.4474062365,,7.2668466776,0.0,0.0,0.0610226434999999,0.0,0.2715184002,0.1188520845,-0.294327186,3.6393859216,0.0748682087,-0.000512938,0.0024379112,0.1333264085,0.0,0.0060607581,0.0028969211,0.0647802881,0.0036539334999999,0.0846605821,0.0957499319,4.0,0.0220674477999999,4.797986e-11,0.0445055029999999,0.0181919251,0.4840302757,4.2449413613,1.6382954e-08,73.0,99.43483264
2018-05-31,52016838.567,0.7478479505,0.5592765571,-0.097882378,17.973753313,0.023461317,0.2304402623999999,0.0405357629,-0.013216557,0.109801631,0.2956169155,-0.058093809,1.1157149927,0.0097093383,-0.009709338,52.0,0.1486146096,0.0897330889,-0.798960075,0.056622748,3.7423121138,0.0466260333,0.0099292147,-0.003593968,-0.02348036,-0.0684436859999999,0.0,-1.14083577,0.0,1.0953451011,0.4053083729,0.0,0.0,0.0221187989,-0.112593717,0.0380175766,0.1242523471,0.5125944584000001,0.0130538033,0.0295524153,0.0175438596,0.0043645522999999,0.7282206045999999,-0.152733972,35086.267474,0.638148837,0.0017878356,0.0114482690999999,-0.0059524969999999,-0.037989482,-0.000429614,-0.0059524969999999,,0.0835151843,0.0164846336,,-0.2264335989999999,5.0,1.0953451011,0.0,0.0137625645,0.0506874101,,0.0676524287,4.4474062365,,7.2668466776,0.0,0.0,0.0610226434999999,0.0,0.2715184002,0.1188520845,-0.294327186,0.6336966968,0.0694538306,-0.000224245,-0.001818237,-0.0349489689999999,1.0,0.0110973642,0.0028761386,0.1037465425999999,0.0033025615999999,0.0827576825,0.0912878889,4.0,0.018563009,3.312546e-11,0.0235005282,0.0121153728,0.406788541,3.3892586007,1.7570783e-08,73.0,109.4894727
2018-06-29,57276672.322,0.7500281484,0.5625422234,0.0182062861,17.939920171,0.0235698524,0.2235207337,0.101117909,0.0429307059,0.1787029628999999,0.2549312537,-0.078407673,1.2164509268,0.0097093383,-0.009709338,52.0,0.1486146096,0.0897330889,-0.802981432,0.056622748,3.7423121138,0.0466260333,0.0099292147,-0.003593968,-0.02348036,-0.0684436859999999,0.0,-1.14083577,0.0,1.0953451011,0.4053083729,0.0,0.0,0.0221187989,-0.112593717,0.0380175766,0.1242523471,0.5125944584000001,0.0130538033,0.0295524153,0.0175438596,0.0043645522999999,0.7282206045999999,-0.152733972,35086.267474,0.638148837,0.0017878356,0.0114482690999999,-0.0059524969999999,-0.037989482,-0.000429614,-0.0059524969999999,,0.0835151843,0.0164846336,,-0.2264335989999999,5.0,1.0953451011,0.0,0.0137625645,0.0506874101,,0.0676524287,4.4474062365,,7.2668466776,0.0,0.0,0.0610226434999999,0.0,0.2715184002,0.1188520845,-0.294327186,0.6336966968,0.0694538306,-0.000224245,-0.001818237,-0.0349489689999999,1.0,0.0110973642,0.0028761386,0.1037465425999999,0.0033025615999999,0.0827576825,0.0912878889,4.0,0.0174221614999999,2.021829e-11,0.0274410304,0.0076853397,0.3743534464,2.3695275416,1.7040819e-08,73.0,113.5345331
2018-07-31,58860631.732,0.7521921224,0.565792989,0.0010041651,18.017826382,0.0237443814999999,0.2744506435,0.036994271,0.1156397785999999,0.2895768268,0.3379708839,-0.144326434,1.1768751584,0.0097093383,-0.009709338,52.0,0.1486146096,0.0798014433,-0.7528582420000001,0.056622748,3.7423121138,0.0466260333,0.0099292147,-0.003593968,-0.02348036,-0.0684436859999999,0.0,-1.14083577,0.0,1.0953451011,0.4053083729,0.0,0.0,0.0221187989,-0.112593717,0.0380175766,0.1242523471,0.5125944584000001,0.0130538033,0.0295524153,0.0175438596,0.0043645522999999,0.7282206045999999,-0.152733972,35086.267474,0.638148837,0.0017878356,0.0114482690999999,-0.0059524969999999,-0.037989482,-0.000429614,-0.0059524969999999,,0.0835151843,0.0164846336,,-0.2264335989999999,5.0,1.0953451011,0.0,0.0137625645,0.0506874101,,0.0676524287,4.4474062365,,7.2668466776,0.0,0.0,0.0610226434999999,0.0,0.2715184002,0.1188520845,-0.294327186,0.6336966968,0.0694538306,-0.000224245,-0.001818237,-0.0349489689999999,1.0,0.0110973642,0.0028761386,0.1037465425999999,0.0033025615999999,0.0827576825,0.0912878889,4.0,0.0157769884,2.8139090000000004e-11,0.0389319881999999,0.0128959691,0.2953691896,1.7045880052000002,1.8027756000000003e-08,73.0,114.2539632
2018-08-31,59136826.576000005,0.7523709056,0.5660619796999999,0.0528633699,18.039059816,0.02372165,0.2738322662,0.0063367086,0.0966474972,0.1522840029,0.5617371602000001,-0.147976933,1.0998927905,0.0097093383,-0.009709338,52.0,0.1486146096,0.0798014433,-0.746592376,0.056622748,3.7423121138,0.0466260333,0.0099292147,-0.003593968,-0.02348036,-0.0684436859999999,0.0,-1.14083577,0.0,1.0953451011,0.4053083729,0.0,0.0,0.0221187989,-0.112593717,0.0380175766,0.1242523471,0.5125944584000001,0.0130538033,0.0295524153,0.0175438596,0.0043645522999999,0.7282206045999999,-0.152733972,35086.267474,0.638148837,0.0017878356,0.0114482690999999,-0.0059524969999999,-0.037989482,-0.000429614,-0.0059524969999999,,0.0835151843,0.0164846336,,-0.2264335989999999,5.0,1.0953451011,0.0,0.0137625645,0.0506874101,,0.0676524287,4.4474062365,,7.2668466776,0.0,0.0,0.0610226434999999,0.0,0.2715184002,0.1188520845,-0.294327186,0.6401249021000001,0.0398828164,-0.008952634,-0.007262185,-0.0022081229999999,2.0,0.0187991958,0.0036151035,0.1695755552,0.0048380867,0.0790139148,0.0922298015,4.0,0.0137971125,2.380346e-11,0.0157346893,0.0086415935,0.3315580168,1.6061851442,2.163667e-08,73.0,124.2074902
2018-09-28,64288680.25,0.74206503,0.5506605086999999,0.1915703116,17.859062624,0.0234325453,0.2570636077,0.087117523,0.1831221769,0.2950722009,0.4426618275,-0.0455095259999999,1.0645808611,0.0097093383,-0.009709338,52.0,0.1486146096,0.0798014433,-0.747665877,0.056622748,3.7423121138,0.0466260333,0.0099292147,-0.003593968,-0.02348036,-0.0684436859999999,0.0,-1.14083577,0.0,1.0953451011,0.4053083729,0.0,0.0,0.0221187989,-0.112593717,0.0380175766,0.1242523471,0.5125944584000001,0.0130538033,0.0295524153,0.0175438596,0.0043645522999999,0.7282206045999999,-0.152733972,35086.267474,0.638148837,0.0017878356,0.0114482690999999,-0.0059524969999999,-0.037989482,-0.000429614,-0.0059524969999999,,0.0835151843,0.0164846336,,-0.2264335989999999,5.0,1.0953451011,0.0,0.0137625645,0.0506874101,,0.0676524287,4.4474062365,,7.2668466776,0.0,0.0,0.0610226434999999,0.0,0.2715184002,0.1188520845,-0.294327186,0.6401249021000001,0.0398828164,-0.008952634,-0.007262185,-0.0022081229999999,2.0,0.0187991958,0.0036151035,0.1695755552,0.0048380867,0.0790139148,0.0922298015,4.0,0.0133447452,2.027651e-11,0.0175207146,0.0074477988,0.3240483849,1.6968618291,1.7803998999999998e-08,73.0,128.1177408
2018-10-31,66019213.605,0.7556944439,0.5710740926,0.2911478815,18.045054456,0.0233230511,0.2754386613,0.0313458516999999,0.2998313451,0.3640791282,0.4239910851,-0.07816087,0.9200812369,0.0097093383,-0.009709338,52.0,0.1486146096,0.0798014433,-0.722879754,0.056622748,3.7423121138,0.0466260333,0.0099292147,-0.003593968,-0.02348036,-0.0684436859999999,0.0,-1.14083577,0.0,1.0953451011,0.4053083729,0.0,0.0,0.0221187989,-0.112593717,0.0380175766,0.1242523471,0.5125944584000001,0.0130538033,0.0295524153,0.0175438596,0.0043645522999999,0.7282206045999999,-0.152733972,35086.267474,0.638148837,0.0017878356,0.0114482690999999,-0.0059524969999999,-0.037989482,-0.000429614,-0.0059524969999999,,0.0835151843,0.0164846336,,-0.2264335989999999,5.0,1.0953451011,0.0,0.0137625645,0.0506874101,,0.0676524287,4.4474062365,,7.2668466776,0.0,0.0,0.0610226434999999,0.0,0.2715184002,0.1188520845,-0.294327186,0.6401249021000001,0.0398828164,-0.008952634,-0.007262185,-0.0022081229999999,2.0,0.0187991958,0.0036151035,0.1695755552,0.0048380867,0.0790139148,0.0922298015,4.0,0.0110040373,2.100693e-11,0.0129958744999999,0.0058609783999999,0.4356505188,2.0473529066,3.1714637e-08,73.0,122.5222627
2018-11-30,63068427.362,0.7439012725,0.5533891032,0.205299783,17.683998648,0.0230173548,0.2136534913,-0.04367451,0.2883513604,0.3228578715,0.3989705929,-0.041359336,0.9529377184,0.0097093383,-0.009709338,52.0,0.1486146096,0.0798014433,-0.728288807,0.056622748,3.7423121138,0.0466260333,0.0099292147,-0.003593968,-0.02348036,-0.0684436859999999,0.0,-1.14083577,0.0,1.0953451011,0.4053083729,0.0,0.0,0.0221187989,-0.112593717,0.0380175766,0.1242523471,0.5125944584000001,0.0130538033,0.0295524153,0.0175438596,0.0043645522999999,0.7282206045999999,-0.152733972,35086.267474,0.638148837,0.0017878356,0.0114482690999999,-0.0059524969999999,-0.037989482,-0.000429614,-0.0059524969999999,,0.0835151843,0.0164846336,,-0.2264335989999999,5.0,1.0953451011,0.0,0.0137625645,0.0506874101,,0.0676524287,4.4474062365,,7.2668466776,0.0,0.0,0.0610226434999999,0.0,0.2715184002,0.1188520845,-0.294327186,0.2332469191,0.0520497895,-0.00058373,-0.0067897669999999,0.042059009,0.0,0.0148387604,0.0037687458,0.1681420431,0.0056918709999999,0.0923492316,0.1094344083,4.0,0.0249474937999999,4.518807e-11,0.0496867821,0.0214759267,0.3516460263,1.7871456141,1.7896663000000003e-08,73.0,125.3625206
2018-12-31,64530450.638,0.7943691309,0.6310223161,-0.003512437,18.021476662,0.0234234789,0.0831378079,0.0231815409,0.1189385224,0.2849774496,0.3889667597,-0.089092995,0.9729818126,0.0097093383,-0.009709338,52.0,0.1486146096,0.0798014433,-0.726986879,0.056622748,3.7423121138,0.0466260333,0.0099292147,-0.003593968,-0.02348036,-0.0684436859999999,0.0,-1.14083577,0.0,1.0953451011,0.4053083729,0.0,0.0,0.0221187989,-0.112593717,0.0380175766,0.1242523471,0.5125944584000001,0.0130538033,0.0295524153,0.0175438596,0.0043645522999999,0.7282206045999999,-0.152733972,35086.267474,0.638148837,0.0017878356,0.0114482690999999,-0.0059524969999999,-0.037989482,-0.000429614,-0.0059524969999999,,0.0835151843,0.0164846336,,-0.2264335989999999,5.0,1.0953451011,0.0,0.0137625645,0.0506874101,,0.0676524287,4.4474062365,,7.2668466776,0.0,0.0,0.0610226434999999,0.0,0.2715184002,0.1188520845,-0.294327186,0.2332469191,0.0520497895,-0.00058373,-0.0067897669999999,0.042059009,0.0,0.0148387604,0.0037687458,0.1681420431,0.0056918709999999,0.0923492316,0.1094344083,4.0,0.0227144564,4.267805e-11,0.0317404605,0.0173137315,0.4281104759,2.2998144722,1.8614984e-08,73.0,112.1360719
2019-01-31,57194541.87,0.8076558411,0.6523079575999999,-0.1690327969999999,18.095236087,0.0234722009,0.0709966719,-0.105209626,0.1040342975999999,0.2772705923,0.4466791181,-0.199671596,1.1632019527,0.0240855164999999,-0.024085517,53.0,0.0024556213,0.0687528726,-0.7438858709999999,0.0598035974,10.939277595999998,0.0427314474,-0.0105962589999999,0.0719413403,-0.013932584,-0.111802976,0.0,0.8077040963,0.0,1.0538048768,0.4757465037,0.0,0.0,0.0190279982,-0.130098064,0.0275362317,0.1576331361,0.2231454006,0.0272981754,0.0314957499,-0.0172413789999999,0.0028214094,0.5713343343,0.0128331777,48340.313082,0.8130309231999999,0.0019608418,-3.409890057,-0.037924326,0.1737889853,0.0036979834,-0.037924326,,-0.088295221,0.0194642482,,-0.5518262589999999,5.0,1.0538048768,1.0,0.0107066467999999,0.0472917198,,0.0728446473,6.1315971104,,6.715956052799999,0.0,0.0,0.0764148048,0.0,0.2263958022,0.1082980126,-2.345275292,0.2332469191,0.0520497895,-0.00058373,-0.0067897669999999,0.042059009,0.0,0.0148387604,0.0037687458,0.1681420431,0.0056918709999999,0.0923492316,0.1094344083,4.0,0.0315896292,4.37502e-11,0.047150474,0.0196570171999999,0.4191401878,2.9247277118,1.7847286e-08,73.0,119.5935654
2019-02-28,60918497.605,0.8469300871,0.7172905723999999,-0.056653642,18.120106124,0.0235755172,-0.077372714,0.0665039793,-0.018341224,0.0833553199,0.5561187024,-0.056823276,1.2072684006,0.0240855164999999,-0.024085517,53.0,0.0024556213,0.0687528726,-0.754517902,0.0598035974,10.939277595999998,0.0427314474,-0.0105962589999999,0.0719413403,-0.013932584,-0.111802976,0.0,0.8077040963,0.0,1.0538048768,0.4757465037,0.0,0.0,0.0190279982,-0.130098064,0.0275362317,0.1576331361,0.2231454006,0.0272981754,0.0314957499,-0.0172413789999999,0.0028214094,0.5713343343,0.0128331777,48340.313082,0.8130309231999999,0.0019608418,-3.409890057,-0.037924326,0.1737889853,0.0036979834,-0.037924326,,-0.088295221,0.0194642482,,-0.5518262589999999,5.0,1.0538048768,1.0,0.0107066467999999,0.0472917198,,0.0728446473,6.1315971104,,6.715956052799999,0.0,0.0,0.0764148048,0.0,0.2263958022,0.1082980126,-2.345275292,0.3603812828,0.0585973625,-0.000231307,-0.001962567,-0.0083462409999999,0.0,0.0031975128,0.0040869589,0.034969721,0.0042694071,0.0900069106,0.1053154583999999,4.0,0.0182359427,3.547367e-11,0.0403731614,0.016168629,0.3632406785,2.3998117489,1.7362535e-08,73.0,130.8738796
2019-03-29,66664458.368,0.808898468,0.6543167315999999,-0.232311528,18.108221787,0.0236382715,0.0428633659999999,0.0943221002999999,-0.036955096,0.2386614707,0.4240986943,0.0011954748,1.1337864524,0.0240855164999999,-0.024085517,53.0,0.0024556213,0.0687528726,-0.763410809,0.0598035974,10.939277595999998,0.0427314474,-0.0105962589999999,0.0719413403,-0.013932584,-0.111802976,0.0,0.8077040963,0.0,1.0538048768,0.4757465037,0.0,0.0,0.0190279982,-0.130098064,0.0275362317,0.1576331361,0.2231454006,0.0272981754,0.0314957499,-0.0172413789999999,0.0028214094,0.5713343343,0.0128331777,48340.313082,0.8130309231999999,0.0019608418,-3.409890057,-0.037924326,0.1737889853,0.0036979834,-0.037924326,,-0.088295221,0.0194642482,,-0.5518262589999999,5.0,1.0538048768,1.0,0.0107066467999999,0.0472917198,,0.0728446473,6.1315971104,,6.715956052799999,0.0,0.0,0.0764148048,0.0,0.2263958022,0.1082980126,-2.345275292,0.3603812828,0.0585973625,-0.000231307,-0.001962567,-0.0083462409999999,0.0,0.0031975128,0.0040869589,0.034969721,0.0042694071,0.0900069106,0.1053154583999999,4.0,0.0116861026,2.155077e-11,0.0145714469,0.0073871221,0.2658858962,1.3191594006999998,2.5496671e-08,73.0,137.3235855
2019-04-30,69566772.392,0.8593546361,0.7384903906999999,-0.268644181,17.913272079000002,0.0236310631,0.1144132756,0.0490100421,0.0218505468,0.369867977,0.322489513,0.0113173989,1.038825627,0.0240855164999999,-0.024085517,53.0,0.0024556213,0.0687528726,-0.7639467,0.0598035974,10.939277595999998,0.0427314474,-0.0105962589999999,0.0719413403,-0.013932584,-0.111802976,0.0,0.8077040963,0.0,1.0538048768,0.4757465037,0.0,0.0,0.0190279982,-0.130098064,0.0275362317,0.1576331361,0.2231454006,0.0272981754,0.0314957499,-0.0172413789999999,0.0028214094,0.5713343343,0.0128331777,48340.313082,0.8130309231999999,0.0019608418,-3.409890057,-0.037924326,0.1737889853,0.0036979834,-0.037924326,,-0.088295221,0.0194642482,,-0.5518262589999999,5.0,1.0538048768,1.0,0.0107066467999999,0.0472917198,,0.0728446473,6.1315971104,,6.715956052799999,0.0,0.0,0.0764148048,0.0,0.2263958022,0.1082980126,-2.345275292,0.3603812828,0.0585973625,-0.000231307,-0.001962567,-0.0083462409999999,0.0,0.0031975128,0.0040869589,0.034969721,0.0042694071,0.0900069106,0.1053154583999999,4.0,0.0115117513,2.205945e-11,0.0159349404,0.007459331,0.3598469197,2.3246038883,2.063764700000001e-08,73.0,141.321048
2019-05-31,71547130.654,0.90157823,0.8128433047,-0.078568914,18.067518287,0.0237908835,0.1053305298,0.0291097648,0.1208856151,0.3810243872,0.3958583683,-0.0650199259999999,0.8528449456,0.0240855164999999,-0.024085517,53.0,0.0024556213,0.0687528726,-0.665762752,0.0598035974,10.939277595999998,0.0427314474,-0.0105962589999999,0.0719413403,-0.013932584,-0.111802976,0.0,0.8077040963,0.0,1.0538048768,0.4757465037,0.0,0.0,0.0190279982,-0.130098064,0.0275362317,0.1576331361,0.2231454006,0.0272981754,0.0314957499,-0.0172413789999999,0.0028214094,0.5713343343,0.0128331777,48340.313082,0.8130309231999999,0.0019608418,-3.409890057,-0.037924326,0.1737889853,0.0036979834,-0.037924326,,-0.088295221,0.0194642482,,-0.5518262589999999,5.0,1.0538048768,1.0,0.0107066467999999,0.0472917198,,0.0728446473,6.1315971104,,6.715956052799999,0.0,0.0,0.0764148048,0.0,0.2263958022,0.1082980126,-2.345275292,0.6606941868999999,0.0431384916,-0.000305655,-0.001192598,0.0421713934999999,1.0,0.0136267919999999,0.0041374634,0.1460862527,0.0035307904,0.0901820855,0.1054433513,4.0,0.0123586339999999,2.811177e-11,0.0193316638,0.0079004348,0.2861294832,0.9414576049,3.2359082000000005e-08,73.0,137.6502598
2019-06-28,69688705.235,0.8871143503,0.7869718704,-0.046780829,17.646107088,0.0237936435,0.071745869,-0.025974842,0.1273799279,0.290711622,0.5475034203,-0.027654479,0.827469676,0.0240855164999999,-0.024085517,53.0,0.0024556213,0.0687528726,-0.67562188,0.0598035974,10.939277595999998,0.0427314474,-0.0105962589999999,0.0719413403,-0.013932584,-0.111802976,0.0,0.8077040963,0.0,1.0538048768,0.4757465037,0.0,0.0,0.0190279982,-0.130098064,0.0275362317,0.1576331361,0.2231454006,0.0272981754,0.0314957499,-0.0172413789999999,0.0028214094,0.5713343343,0.0128331777,48340.313082,0.8130309231999999,0.0019608418,-3.409890057,-0.037924326,0.1737889853,0.0036979834,-0.037924326,,-0.088295221,0.0194642482,,-0.5518262589999999,5.0,1.0538048768,1.0,0.0107066467999999,0.0472917198,,0.0728446473,6.1315971104,,6.715956052799999,0.0,0.0,0.0764148048,0.0,0.2263958022,0.1082980126,-2.345275292,0.6606941868999999,0.0431384916,-0.000305655,-0.001192598,0.0421713934999999,1.0,0.0136267919999999,0.0041374634,0.1460862527,0.0035307904,0.0901820855,0.1054433513,4.0,0.0171503151,3.331055e-11,0.0135533893,0.0129131803,0.3418017329,1.3239922126,2.4193955000000004e-08,73.0,142.811921
2019-07-31,71786286.795,0.8690827665,0.7553048551,0.2853175089999999,17.863479658,0.0236661918999999,-0.003820006,0.0374719389,0.2272108025,0.2123361016,0.5255565107,-0.085847278,0.7171978808,0.0240855164999999,-0.024085517,53.0,0.0024556213,0.0623643425,-0.542447484,0.0598035974,10.939277595999998,0.0427314474,-0.0105962589999999,0.0719413403,-0.013932584,-0.111802976,0.0,0.8077040963,0.0,1.0538048768,0.4757465037,0.0,0.0,0.0190279982,-0.130098064,0.0275362317,0.1576331361,0.2231454006,0.0272981754,0.0314957499,-0.0172413789999999,0.0028214094,0.5713343343,0.0128331777,48340.313082,0.8130309231999999,0.0019608418,-3.409890057,-0.037924326,0.1737889853,0.0036979834,-0.037924326,,-0.088295221,0.0194642482,,-0.5518262589999999,5.0,1.0538048768,1.0,0.0107066467999999,0.0472917198,,0.0728446473,6.1315971104,,6.715956052799999,0.0,0.0,0.0764148048,0.0,0.2263958022,0.1082980126,-2.345275292,0.4975991028,0.0718697737,0.0059646878,-0.003122407,0.0323874252,2.0,0.0149184722,0.0042601777,0.1193040951,0.0044427315,0.096262454,0.1074452336999999,4.0,0.0161355231,4.048726e-11,0.0221153647,0.0126515976,0.2043254097,0.7813201817000001,3.2206958e-08,73.0,143.8398421
2019-08-30,72260190.214,0.8585569098,0.7371199673000001,0.1554537515,17.704574012000002,0.0230543503,0.0325963993,0.0071977405,0.1938040509,0.2498447838,0.5856210658,-0.032391468,0.9171757581,0.0240855164999999,-0.024085517,53.0,0.0024556213,0.0623643425,-0.822037571,0.0598035974,10.939277595999998,0.0427314474,-0.0105962589999999,0.0719413403,-0.013932584,-0.111802976,0.0,0.8077040963,0.0,1.0538048768,0.4757465037,0.0,0.0,0.0190279982,-0.130098064,0.0275362317,0.1576331361,0.2231454006,0.0272981754,0.0314957499,-0.0172413789999999,0.0028214094,0.5713343343,0.0128331777,48340.313082,0.8130309231999999,0.0019608418,-3.409890057,-0.037924326,0.1737889853,0.0036979834,-0.037924326,,-0.088295221,0.0194642482,,-0.5518262589999999,5.0,1.0538048768,1.0,0.0107066467999999,0.0472917198,,0.0728446473,6.1315971104,,6.715956052799999,0.0,0.0,0.0764148048,0.0,0.2263958022,0.1082980126,-2.345275292,0.4975991028,0.0718697737,0.0059646878,-0.003122407,0.0323874252,2.0,0.0149184722,0.0042601777,0.1193040951,0.0044427315,0.096262454,0.1074452336999999,4.0,0.0136550418,2.471946e-11,0.0143902589999999,0.0098881007,0.5869345135,7.6871326712,1.5968480000000002e-08,73.0,146.7076554
2019-09-30,73700877.531,0.8545146648,0.7301953123999999,0.0667846342999999,18.315748269,0.022986773,-0.018180626,0.0199374966,0.0987594441,0.1579620561,0.7072501357,-0.053231003,0.9669327796,0.0240855164999999,-0.024085517,53.0,0.0024556213,0.0623643425,-0.825343837,0.0598035974,10.939277595999998,0.0427314474,-0.0105962589999999,0.0719413403,-0.013932584,-0.111802976,0.0,0.8077040963,0.0,1.0538048768,0.4757465037,0.0,0.0,0.0190279982,-0.130098064,0.0275362317,0.1576331361,0.2231454006,0.0272981754,0.0314957499,-0.0172413789999999,0.0028214094,0.5713343343,0.0128331777,48340.313082,0.8130309231999999,0.0019608418,-3.409890057,-0.037924326,0.1737889853,0.0036979834,-0.037924326,,-0.088295221,0.0194642482,,-0.5518262589999999,5.0,1.0538048768,1.0,0.0107066467999999,0.0472917198,,0.0728446473,6.1315971104,,6.715956052799999,0.0,0.0,0.0764148048,0.0,0.2263958022,0.1082980126,-2.345275292,0.4975991028,0.0718697737,0.0059646878,-0.003122407,0.0323874252,2.0,0.0149184722,0.0042601777,0.1193040951,0.0044427315,0.096262454,0.1074452336999999,4.0,0.0191794718,4.279452e-11,0.0355688334,0.016651891,0.3822613435999999,2.1233113484,2.0500747e-08,73.0,140.121341
2019-10-31,69959427.206,0.8486179512,0.7201524272,-0.051616696,18.085097629,0.0230534345,-0.02553127,-0.044924624,0.0683081304,0.1451531208,0.7821969668000001,-0.037864534,1.0518652732,0.0240855164999999,-0.024085517,53.0,0.0024556213,0.0623643425,-0.833388802,0.0598035974,10.939277595999998,0.0427314474,-0.0105962589999999,0.0719413403,-0.013932584,-0.111802976,0.0,0.8077040963,0.0,1.0538048768,0.4757465037,0.0,0.0,0.0190279982,-0.130098064,0.0275362317,0.1576331361,0.2231454006,0.0272981754,0.0314957499,-0.0172413789999999,0.0028214094,0.5713343343,0.0128331777,48340.313082,0.8130309231999999,0.0019608418,-3.409890057,-0.037924326,0.1737889853,0.0036979834,-0.037924326,,-0.088295221,0.0194642482,,-0.5518262589999999,5.0,1.0538048768,1.0,0.0107066467999999,0.0472917198,,0.0728446473,6.1315971104,,6.715956052799999,0.0,0.0,0.0764148048,0.0,0.2263958022,0.1082980126,-2.345275292,0.4975991028,0.0718697737,0.0059646878,-0.003122407,0.0323874252,2.0,0.0149184722,0.0042601777,0.1193040951,0.0044427315,0.096262454,0.1074452336999999,4.0,0.0180569479,3.356903e-11,0.0209769458,0.013385598,0.2121211764,1.057220022,2.3500273e-08,73.0,140.8244651
2019-11-29,70196594.691,0.7814377931,0.6106450244,-0.157085464,17.992622724,0.0242217075,0.0501671658,0.0050179507,-0.008546198,0.1436561699,0.7266779834999999,0.0032002677,0.9654624395,0.0240855164999999,-0.024085517,53.0,0.0024556213,0.0623643425,-0.6846854459999999,0.0598035974,10.939277595999998,0.0427314474,-0.0105962589999999,0.0719413403,-0.013932584,-0.111802976,0.0,0.8077040963,0.0,1.0538048768,0.4757465037,0.0,0.0,0.0190279982,-0.130098064,0.0275362317,0.1576331361,0.2231454006,0.0272981754,0.0314957499,-0.0172413789999999,0.0028214094,0.5713343343,0.0128331777,48340.313082,0.8130309231999999,0.0019608418,-3.409890057,-0.037924326,0.1737889853,0.0036979834,-0.037924326,,-0.088295221,0.0194642482,,-0.5518262589999999,5.0,1.0538048768,1.0,0.0107066467999999,0.0472917198,,0.0728446473,6.1315971104,,6.715956052799999,0.0,0.0,0.0764148048,0.0,0.2263958022,0.1082980126,-2.345275292,0.7267840053,0.0380423393,0.0003721732,0.0003239063999999,-0.027475735,3.0,0.019424681,0.0047413541,0.1582317009,0.0019003326,0.0931959178,0.1037158523,4.0,0.0163653004,3.048181e-11,0.015621095,0.0105557678,0.3908901268,2.572945005,1.923026e-08,73.0,148.2463302
2019-12-31,73896163.912,0.8133810965,0.6615888082,-0.021180047,18.057173085,0.0241121802999999,0.0600923036,0.0527029745,0.0230011616,0.1233539057,0.6018469234,-0.034915028,0.9136544697,0.0240855164999999,-0.024085517,53.0,0.0024556213,0.0623643425,-0.685044365,0.0598035974,10.939277595999998,0.0427314474,-0.0105962589999999,0.0719413403,-0.013932584,-0.111802976,0.0,0.8077040963,0.0,1.0538048768,0.4757465037,0.0,0.0,0.0190279982,-0.130098064,0.0275362317,0.1576331361,0.2231454006,0.0272981754,0.0314957499,-0.0172413789999999,0.0028214094,0.5713343343,0.0128331777,48340.313082,0.8130309231999999,0.0019608418,-3.409890057,-0.037924326,0.1737889853,0.0036979834,-0.037924326,,-0.088295221,0.0194642482,,-0.5518262589999999,5.0,1.0538048768,1.0,0.0107066467999999,0.0472917198,,0.0728446473,6.1315971104,,6.715956052799999,0.0,0.0,0.0764148048,0.0,0.2263958022,0.1082980126,-2.345275292,0.7267840053,0.0380423393,0.0003721732,0.0003239063999999,-0.027475735,3.0,0.019424681,0.0047413541,0.1582317009,0.0019003326,0.0931959178,0.1037158523,4.0,0.0137449813999999,2.417726e-11,0.0179904699,0.0107059822,0.3625238697999999,1.6375092403,2.6949322000000002e-08,73.0,148.8129663
2020-01-31,73621900.0,0.8041575791,0.646669412,-0.2313478,17.909558494000002,0.0243442493,0.2196985461,0.0036889638,0.0380197529999999,0.3216033975,0.3316605189,0.0184418819,0.8697499039,0.0100156502,-0.01001565,54.0,-0.12939251,0.1059506693999999,-0.640702836,0.0770655862,16.278402817,0.037448657,0.0081503325,0.0494098492999999,-0.010483136,-0.52917871,0.0,-0.42421589,0.0,1.0525504403,0.5352002094,0.0,0.0,0.0186498017,0.5608451844,0.0319392481,0.1751908263,-0.325562032,0.0717277566,0.0344019045,0.0175438596,0.0012267888,0.5082837131,0.0850067351999999,58581.498737,0.5544572428,0.0018652509,-0.477110272,-0.001190388,0.124969296,0.044913095,-0.001190388,,-0.165620946,0.0113635601,,-0.172496511,6.0,1.0525504403,0.0,0.00886381,0.0448882554999999,,0.0735674214,7.2333520437,,5.8111753372,0.0,0.0,0.0637410137,0.0,0.1974639,0.0981826765,-0.046659452,0.7267840053,0.0380423393,0.0003721732,0.0003239063999999,-0.027475735,3.0,0.019424681,0.0047413541,0.1582317009,0.0019003326,0.0931959178,0.1037158523,4.0,0.0102986791,2.294379e-11,0.013926697,0.0069533673,0.5069309565,1.8134338114,2.5993533e-08,73.0,149.5897612
2020-02-28,73998317.796,0.8113751779,0.6583296793,-0.162593619,17.895184032,0.0237973106,0.0814089362,0.0052199378,0.0344036017,0.2437635212,0.4453940069,0.0544406875999999,0.8434448011,0.0100156502,-0.01001565,54.0,-0.12939251,0.1059506693999999,-0.6405527670000001,0.0770655862,16.278402817,0.037448657,0.0081503325,0.0494098492999999,-0.010483136,-0.52917871,0.0,-0.42421589,0.0,1.0525504403,0.5352002094,0.0,0.0,0.0186498017,0.5608451844,0.0319392481,0.1751908263,-0.325562032,0.0717277566,0.0344019045,0.0175438596,0.0012267888,0.5082837131,0.0850067351999999,58581.498737,0.5544572428,0.0018652509,-0.477110272,-0.001190388,0.124969296,0.044913095,-0.001190388,,-0.165620946,0.0113635601,,-0.172496511,6.0,1.0525504403,0.0,0.00886381,0.0448882554999999,,0.0735674214,7.2333520437,,5.8111753372,0.0,0.0,0.0637410137,0.0,0.1974639,0.0981826765,-0.046659452,0.3681039425999999,0.046784617,0.0011836489,0.002176797,-0.021450326,0.0,0.0098638277,0.0046023541999999,0.0906179711,0.0022720217,0.0902937678999999,0.1005384647,4.0,0.0143701892,2.774757e-11,0.0231817812,0.0138891232,0.3960928809,1.779643941,2.2803797000000002e-08,73.0,135.0575859
2020-03-31,66809616.332,0.82704568,0.6840045568,-0.20022764,18.029255239,0.0237469255,0.0348059082,-0.097146824,0.0194772989,0.1424935026,0.5566026344,0.0122850959,0.9201721731,0.0100156502,-0.01001565,54.0,-0.12939251,0.1059506693999999,-0.639573229,0.0770655862,16.278402817,0.037448657,0.0081503325,0.0494098492999999,-0.010483136,-0.52917871,0.0,-0.42421589,0.0,1.0525504403,0.5352002094,0.0,0.0,0.0186498017,0.5608451844,0.0319392481,0.1751908263,-0.325562032,0.0717277566,0.0344019045,0.0175438596,0.0012267888,0.5082837131,0.0850067351999999,58581.498737,0.5544572428,0.0018652509,-0.477110272,-0.001190388,0.124969296,0.044913095,-0.001190388,,-0.165620946,0.0113635601,,-0.172496511,6.0,1.0525504403,0.0,0.00886381,0.0448882554999999,,0.0735674214,7.2333520437,,5.8111753372,0.0,0.0,0.0637410137,0.0,0.1974639,0.0981826765,-0.046659452,0.3681039425999999,0.046784617,0.0011836489,0.002176797,-0.021450326,0.0,0.0098638277,0.0046023541999999,0.0906179711,0.0022720217,0.0902937678999999,0.1005384647,4.0,0.0211279281,3.280464e-11,0.0153478682,0.0184490169999999,0.2918273014,1.8866356041,2.2330215e-08,73.0,120.0327191
2020-04-30,58745060.852,0.9544417426,0.91095904,-0.16339281,18.048054423,0.0240302351,-0.036490262,-0.110831149,-0.036266309,-0.016688262,0.6274996261,0.0389703108,1.3232567194,0.0100156502,-0.01001565,54.0,-0.12939251,0.1059506693999999,-0.640816408,0.0770655862,16.278402817,0.037448657,0.0081503325,0.0494098492999999,-0.010483136,-0.52917871,0.0,-0.42421589,0.0,1.0525504403,0.5352002094,0.0,0.0,0.0186498017,0.5608451844,0.0319392481,0.1751908263,-0.325562032,0.0717277566,0.0344019045,0.0175438596,0.0012267888,0.5082837131,0.0850067351999999,58581.498737,0.5544572428,0.0018652509,-0.477110272,-0.001190388,0.124969296,0.044913095,-0.001190388,,-0.165620946,0.0113635601,,-0.172496511,6.0,1.0525504403,0.0,0.00886381,0.0448882554999999,,0.0735674214,7.2333520437,,5.8111753372,0.0,0.0,0.0637410137,0.0,0.1974639,0.0981826765,-0.046659452,0.9813905204,0.1312220434,0.0004089083,0.1471924949,-0.0014358939999999,1.0,0.0139038429,0.0046093572,0.1078538491,0.0026501073999999,0.0892938165,0.096212538,4.0,0.0763810844,1.056539e-10,0.1180357411999999,0.0712114049,0.1828107793,2.2285587262,9.9079973e-09,73.0,128.8235262
2020-05-29,63043549.109,1.0567454835,1.1167110169,-0.0813405079999999,18.589761661,0.0252328654,-0.249148602,0.0732368305,-0.147356544,-0.150401446,0.6412147709,0.0704421857,1.4146124863,0.0100156502,-0.01001565,54.0,-0.12939251,0.1059506693999999,-0.634237709,0.0770655862,16.278402817,0.037448657,0.0081503325,0.0494098492999999,-0.010483136,-0.52917871,0.0,-0.42421589,0.0,1.0525504403,0.5352002094,0.0,0.0,0.0186498017,0.5608451844,0.0319392481,0.1751908263,-0.325562032,0.0717277566,0.0344019045,0.0175438596,0.0012267888,0.5082837131,0.0850067351999999,58581.498737,0.5544572428,0.0018652509,-0.477110272,-0.001190388,0.124969296,0.044913095,-0.001190388,,-0.165620946,0.0113635601,,-0.172496511,6.0,1.0525504403,0.0,0.00886381,0.0448882554999999,,0.0735674214,7.2333520437,,5.8111753372,0.0,0.0,0.0637410137,0.0,0.1974639,0.0981826765,-0.046659452,0.9813905204,0.1312220434,0.0004089083,0.1471924949,-0.0014358939999999,1.0,0.0139038429,0.0046093572,0.1078538491,0.0026501073999999,0.0892938165,0.096212538,4.0,0.0337978178,8.04164e-11,0.0861786231,0.0327091919,0.2551676281,1.4403835011,1.7479474e-08,73.0,128.6478857
2020-06-30,62957595.62100001,0.9804036115,0.9611912415,-0.208826551,18.134914977,0.0253277168999999,-0.072772284,-0.001363399,-0.130725017,-0.063863544,0.6316897917000001,0.0718389821,1.4898161936,0.0100156502,-0.01001565,54.0,-0.12939251,0.1059506693999999,-0.6319194539999999,0.0770655862,16.278402817,0.037448657,0.0081503325,0.0494098492999999,-0.010483136,-0.52917871,0.0,-0.42421589,0.0,1.0525504403,0.5352002094,0.0,0.0,0.0186498017,0.5608451844,0.0319392481,0.1751908263,-0.325562032,0.0717277566,0.0344019045,0.0175438596,0.0012267888,0.5082837131,0.0850067351999999,58581.498737,0.5544572428,0.0018652509,-0.477110272,-0.001190388,0.124969296,0.044913095,-0.001190388,,-0.165620946,0.0113635601,,-0.172496511,6.0,1.0525504403,0.0,0.00886381,0.0448882554999999,,0.0735674214,7.2333520437,,5.8111753372,0.0,0.0,0.0637410137,0.0,0.1974639,0.0981826765,-0.046659452,0.9813905204,0.1312220434,0.0004089083,0.1471924949,-0.0014358939999999,1.0,0.0139038429,0.0046093572,0.1078538491,0.0026501073999999,0.0892938165,0.096212538,4.0,0.029113184,4.988915e-11,0.0413907282,0.0233745827,0.3034646817,2.2029506806,1.733627e-08,73.0,131.5226116
2020-07-31,63992921.738000005,0.9753822987,0.9513706286,-0.157407031,18.190515241,0.0257467825,-0.021632456,0.0225953571,-0.1351007669999999,-0.098905625,0.6819883151999999,0.0806729622,1.1588509142,0.0100156502,-0.01001565,54.0,-0.12939251,0.0823097475,-0.752325974,0.0770655862,16.278402817,0.037448657,0.0081503325,0.0494098492999999,-0.010483136,-0.52917871,0.0,-0.42421589,0.0,1.0525504403,0.5352002094,0.0,0.0,0.0186498017,0.5608451844,0.0319392481,0.1751908263,-0.325562032,0.0717277566,0.0344019045,0.0175438596,0.0012267888,0.5082837131,0.0850067351999999,58581.498737,0.5544572428,0.0018652509,-0.477110272,-0.001190388,0.124969296,0.044913095,-0.001190388,,-0.165620946,0.0113635601,,-0.172496511,6.0,1.0525504403,0.0,0.00886381,0.0448882554999999,,0.0735674214,7.2333520437,,5.8111753372,0.0,0.0,0.0637410137,0.0,0.1974639,0.0981826765,-0.046659452,0.8658790686,0.0307300945,2.83459e-05,-0.050197642,-0.002969204,2.0,0.0172770829,0.0047496071999999,0.1215512899,0.0024055342,0.0892932705,0.0963268276,4.0,0.0284446100999999,6.481928e-11,0.0677469075,0.0284697025,0.3196146442,1.4310365746,1.9413562e-08,73.0,117.406611
2020-08-31,57146649.725,0.9950921145,0.9902083164,-0.25438598,17.998287629,0.0232449746,0.0535489617,-0.107327528,-0.120150818,-0.0851300719999999,0.4597338276,0.0778705534,1.0940347858,0.0100156502,-0.01001565,54.0,-0.12939251,0.0823097475,-0.754991863,0.0770655862,16.278402817,0.037448657,0.0081503325,0.0494098492999999,-0.010483136,-0.52917871,0.0,-0.42421589,0.0,1.0525504403,0.5352002094,0.0,0.0,0.0186498017,0.5608451844,0.0319392481,0.1751908263,-0.325562032,0.0717277566,0.0344019045,0.0175438596,0.0012267888,0.5082837131,0.0850067351999999,58581.498737,0.5544572428,0.0018652509,-0.477110272,-0.001190388,0.124969296,0.044913095,-0.001190388,,-0.165620946,0.0113635601,,-0.172496511,6.0,1.0525504403,0.0,0.00886381,0.0448882554999999,,0.0735674214,7.2333520437,,5.8111753372,0.0,0.0,0.0637410137,0.0,0.1974639,0.0981826765,-0.046659452,0.8658790686,0.0307300945,2.83459e-05,-0.050197642,-0.002969204,2.0,0.0172770829,0.0047496071999999,0.1215512899,0.0024055342,0.0892932705,0.0963268276,4.0,0.0206754174,4.460202e-11,0.0214463193,0.0181222232,0.5283444879,4.0531253881,1.9939995e-08,73.0,122.8657402
2020-09-30,59803830.275,0.9864233191,0.9730309645,-0.010060909,17.858084579,0.0243477488,0.1762385413,0.0464975722,-0.130072126,-0.199285052,0.662793677,0.0781308511,1.0169151332,0.0100156502,-0.01001565,54.0,-0.12939251,0.0823097475,-0.7604162040000001,0.0770655862,16.278402817,0.037448657,0.0081503325,0.0494098492999999,-0.010483136,-0.52917871,0.0,-0.42421589,0.0,1.0525504403,0.5352002094,0.0,0.0,0.0186498017,0.5608451844,0.0319392481,0.1751908263,-0.325562032,0.0717277566,0.0344019045,0.0175438596,0.0012267888,0.5082837131,0.0850067351999999,58581.498737,0.5544572428,0.0018652509,-0.477110272,-0.001190388,0.124969296,0.044913095,-0.001190388,,-0.165620946,0.0113635601,,-0.172496511,6.0,1.0525504403,0.0,0.00886381,0.0448882554999999,,0.0735674214,7.2333520437,,5.8111753372,0.0,0.0,0.0637410137,0.0,0.1974639,0.0981826765,-0.046659452,0.8658790686,0.0307300945,2.83459e-05,-0.050197642,-0.002969204,2.0,0.0172770829,0.0047496071999999,0.1215512899,0.0024055342,0.0892932705,0.0963268276,4.0,0.0174473368,2.8349640000000003e-11,0.0186848342,0.0097731014,0.2790092914,1.3098488555,2.0321901000000003e-08,73.0,124.0414768
2020-10-30,59883059.358,0.9893503404,0.978814096,0.1765732137,17.931435955,0.0242716881,0.2406797858,0.0094184289,0.0238521143,-0.12263862,0.5386686276,0.0744731558,1.0378858899,0.0100156502,-0.01001565,54.0,-0.12939251,0.0823097475,-0.755808003,0.0770655862,16.278402817,0.037448657,0.0081503325,0.0494098492999999,-0.010483136,-0.52917871,0.0,-0.42421589,0.0,1.0525504403,0.5352002094,0.0,0.0,0.0186498017,0.5608451844,0.0319392481,0.1751908263,-0.325562032,0.0717277566,0.0344019045,0.0175438596,0.0012267888,0.5082837131,0.0850067351999999,58581.498737,0.5544572428,0.0018652509,-0.477110272,-0.001190388,0.124969296,0.044913095,-0.001190388,,-0.165620946,0.0113635601,,-0.172496511,6.0,1.0525504403,0.0,0.00886381,0.0448882554999999,,0.0735674214,7.2333520437,,5.8111753372,0.0,0.0,0.0637410137,0.0,0.1974639,0.0981826765,-0.046659452,-0.284776633,0.0393745073,0.0005207869,-0.046643204,0.0311719127999999,3.0,0.016732777,0.0048642298,0.1530273656,0.0037381864,0.0872455739,0.0961165591,4.0,0.0266103424,5.605818000000001e-11,0.0285931975,0.019807193,0.2841390128,1.5371606584,1.9228386e-08,73.0,140.4659236
2020-11-30,67735462.31899999,0.9814694013,0.9632821856,0.1753897312,17.98936933,0.0239449756,0.1870777146999999,0.1324109286,-0.0370297,-0.118797087,0.4540797074,0.0845052847,1.0710634448,0.0100156502,-0.01001565,54.0,-0.12939251,0.0823097475,-0.753271267,0.0770655862,16.278402817,0.037448657,0.0081503325,0.0494098492999999,-0.010483136,-0.52917871,0.0,-0.42421589,0.0,1.0525504403,0.5352002094,0.0,0.0,0.0186498017,0.5608451844,0.0319392481,0.1751908263,-0.325562032,0.0717277566,0.0344019045,0.0175438596,0.0012267888,0.5082837131,0.0850067351999999,58581.498737,0.5544572428,0.0018652509,-0.477110272,-0.001190388,0.124969296,0.044913095,-0.001190388,,-0.165620946,0.0113635601,,-0.172496511,6.0,1.0525504403,0.0,0.00886381,0.0448882554999999,,0.0735674214,7.2333520437,,5.8111753372,0.0,0.0,0.0637410137,0.0,0.1974639,0.0981826765,-0.046659452,-0.284776633,0.0393745073,0.0005207869,-0.046643204,0.0311719127999999,3.0,0.016732777,0.0048642298,0.1530273656,0.0037381864,0.0872455739,0.0961165591,4.0,0.0220000087,3.949278e-11,0.0619735867,0.0178056028,0.3656001784,1.8466033726,1.8107587e-08,73.0,154.622783
2020-12-31,74562180.41399999,0.9550383131,0.9120981795,0.3339309389,18.125672617,0.0250380748,0.1340009155,0.1007849947,0.0919668776999999,-0.052074675,0.5547861108,0.0935759777,1.0003869812,0.0100156502,-0.01001565,54.0,-0.12939251,0.0823097475,-0.75154197,0.0770655862,16.278402817,0.037448657,0.0081503325,0.0494098492999999,-0.010483136,-0.52917871,0.0,-0.42421589,0.0,1.0525504403,0.5352002094,0.0,0.0,0.0186498017,0.5608451844,0.0319392481,0.1751908263,-0.325562032,0.0717277566,0.0344019045,0.0175438596,0.0012267888,0.5082837131,0.0850067351999999,58581.498737,0.5544572428,0.0018652509,-0.477110272,-0.001190388,0.124969296,0.044913095,-0.001190388,,-0.165620946,0.0113635601,,-0.172496511,6.0,1.0525504403,0.0,0.00886381,0.0448882554999999,,0.0735674214,7.2333520437,,5.8111753372,0.0,0.0,0.0637410137,0.0,0.1974639,0.0981826765,-0.046659452,-0.284776633,0.0393745073,0.0005207869,-0.046643204,0.0311719127999999,3.0,0.016732777,0.0048642298,0.1530273656,0.0037381864,0.0872455739,0.0961165591,4.0,0.0206249415,4.718926e-11,0.0315795504,0.0156429827,0.4015124765999999,1.5357153727,2.6976456e-08,73.0,157.528621
2021-01-29,75431218.69399999,0.9448124679,0.8926705995,0.3129894011,17.917524023,0.0251456081,0.3784667324,0.0186910052,0.1754607971,0.0396268276,0.5160185372,0.0876687643,0.8773067876,0.0138106824,-0.013810682,55.0,0.0649880514,0.0880729783,-0.748076816,0.084304825,13.722562746,0.0472786048,0.0225021783,0.097699206,-0.00990327,-0.213504111,0.0,-5.559758434,0.0,1.0477153081,0.4008016032,0.0,0.0,0.0238080318,0.0652419489,0.0385343595,0.1593570428,-0.162057254,0.0131173106,0.0375061151,0.0,0.0129059366,0.5220191017,-0.084261041,45286.035863,0.5653984362,0.0018215196,-34.31979483,-0.00459373,-0.251118374,-0.001930486,-0.00459373,,0.0284283572,0.0644567226,,-0.226920738,6.0,1.0477153081,0.0,0.0105315272,0.046203512,,0.0837587567,7.644642389299999,,5.9762421661000005,0.0,0.0,0.0292482646,0.0,0.2279378059,0.109656343,-1.790635604,2.3565388249,0.0487291111,-0.000911962,-0.067408678,-0.089451458,0.0,0.0094874998,0.0045650396,0.0749631195,-0.001601367,0.0874572283,0.0989361784,5.0,0.0150872193,3.666457e-11,0.0156894475,0.0090086426,0.4929275251,1.7227734506,2.7753299e-08,73.0,147.6227349
2021-02-26,70661450.71,0.9445568597,0.8921876612999999,0.4716319756,17.807017195,0.0253901647,0.4825434613,-0.062883101,0.341400546,0.0535589857,0.4445491048,0.0665195811,0.8332959448999999,0.0138106824,-0.013810682,55.0,0.0649880514,0.0880729783,-0.751111305,0.084304825,13.722562746,0.0472786048,0.0225021783,0.097699206,-0.00990327,-0.213504111,0.0,-5.559758434,0.0,1.0477153081,0.4008016032,0.0,0.0,0.0238080318,0.0652419489,0.0385343595,0.1593570428,-0.162057254,0.0131173106,0.0375061151,0.0,0.0129059366,0.5220191017,-0.084261041,45286.035863,0.5653984362,0.0018215196,-34.31979483,-0.00459373,-0.251118374,-0.001930486,-0.00459373,,0.0284283572,0.0644567226,,-0.226920738,6.0,1.0477153081,0.0,0.0105315272,0.046203512,,0.0837587567,7.644642389299999,,5.9762421661000005,0.0,0.0,0.0292482646,0.0,0.2279378059,0.109656343,-1.790635604,2.3565388249,0.0487291111,-0.000911962,-0.067408678,-0.089451458,0.0,0.0094874998,0.0045650396,0.0749631195,-0.001601367,0.0874572283,0.0989361784,5.0,0.0235760208,2.820943e-11,0.0130292978,0.0136818138,0.306119882,1.5909369753,2.3760658e-08,73.0,155.579629
2021-03-31,74470120.628,0.9005365762,0.810966125,0.3555637804,18.042310993,0.0268932205,0.7800862563,0.0539002492999999,0.201196403,0.093542068,0.398197972,0.0637842958,0.8333200313,0.0138106824,-0.013810682,55.0,0.0649880514,0.0880729783,-0.7564450620000001,0.084304825,13.722562746,0.0472786048,0.0225021783,0.097699206,-0.00990327,-0.213504111,0.0,-5.559758434,0.0,1.0477153081,0.4008016032,0.0,0.0,0.0238080318,0.0652419489,0.0385343595,0.1593570428,-0.162057254,0.0131173106,0.0375061151,0.0,0.0129059366,0.5220191017,-0.084261041,45286.035863,0.5653984362,0.0018215196,-34.31979483,-0.00459373,-0.251118374,-0.001930486,-0.00459373,,0.0284283572,0.0644567226,,-0.226920738,6.0,1.0477153081,0.0,0.0105315272,0.046203512,,0.0837587567,7.644642389299999,,5.9762421661000005,0.0,0.0,0.0292482646,0.0,0.2279378059,0.109656343,-1.790635604,2.3565388249,0.0487291111,-0.000911962,-0.067408678,-0.089451458,0.0,0.0094874998,0.0045650396,0.0749631195,-0.001601367,0.0874572283,0.0989361784,5.0,0.021428383,3.479486e-11,0.0327290185,0.0139164339999999,0.2181886508,0.8739843256000001,2.8736654e-08,73.0,169.3635152
2021-04-30,80288220.52,0.8429647728,0.7105896083,0.3314747996,17.904373147,0.0280522799,1.6620682527,0.0883806273,0.2541292612999999,0.2961365623999999,0.2564170543,0.055432006,1.0089224584,0.0138106824,-0.013810682,55.0,0.0649880514,0.0880729783,-0.785191443,0.084304825,13.722562746,0.0472786048,0.0225021783,0.097699206,-0.00990327,-0.213504111,0.0,-5.559758434,0.0,1.0477153081,0.4008016032,0.0,0.0,0.0238080318,0.0652419489,0.0385343595,0.1593570428,-0.162057254,0.0131173106,0.0375061151,0.0,0.0129059366,0.5220191017,-0.084261041,45286.035863,0.5653984362,0.0018215196,-34.31979483,-0.00459373,-0.251118374,-0.001930486,-0.00459373,,0.0284283572,0.0644567226,,-0.226920738,6.0,1.0477153081,0.0,0.0105315272,0.046203512,,0.0837587567,7.644642389299999,,5.9762421661000005,0.0,0.0,0.0292482646,0.0,0.2279378059,0.109656343,-1.790635604,0.3751050055,0.0381339039,0.0001696951,0.0022970219,0.0838113497,1.0,0.0153732238999999,0.0044355079999999,0.1046729947,-0.00041748,0.0896413498,0.0987327763,5.0,0.0219628644,3.1188329999999997e-11,0.042395182,0.016519467,0.3962408443999999,4.0870435185,1.5350458e-08,73.0,168.0335528
2021-05-28,79567613.157,0.8250659634999999,0.6807338442,0.1054228643,18.419957853,0.0288444702999999,1.3932585609,-0.007852686,0.2053663186,0.3144255627,0.2959026544,0.0363375697,0.9479403143,0.0138106824,-0.013810682,55.0,0.0649880514,0.0880729783,-0.7847776479999999,0.084304825,13.722562746,0.0472786048,0.0225021783,0.097699206,-0.00990327,-0.213504111,0.0,-5.559758434,0.0,1.0477153081,0.4008016032,0.0,0.0,0.0238080318,0.0652419489,0.0385343595,0.1593570428,-0.162057254,0.0131173106,0.0375061151,0.0,0.0129059366,0.5220191017,-0.084261041,45286.035863,0.5653984362,0.0018215196,-34.31979483,-0.00459373,-0.251118374,-0.001930486,-0.00459373,,0.0284283572,0.0644567226,,-0.226920738,6.0,1.0477153081,0.0,0.0105315272,0.046203512,,0.0837587567,7.644642389299999,,5.9762421661000005,0.0,0.0,0.0292482646,0.0,0.2279378059,0.109656343,-1.790635604,0.3751050055,0.0381339039,0.0001696951,0.0022970219,0.0838113497,1.0,0.0153732238999999,0.0044355079999999,0.1046729947,-0.00041748,0.0896413498,0.0987327763,5.0,0.0143721634,2.746545e-11,0.0193770509,0.0141994794,0.2325363553999999,1.0594795138,2.6328412e-08,73.0,176.1481204
2021-06-30,83410040.178,0.8220961606999999,0.6758420973999999,-0.063149288,17.958860737000002,0.0291740804999999,1.0979827534,0.0482913442,0.0864073926,0.3058842328,0.1752926839,0.024670004,0.9704531508,0.0138106824,-0.013810682,55.0,0.0649880514,0.0880729783,-0.7848406179999999,0.084304825,13.722562746,0.0472786048,0.0225021783,0.097699206,-0.00990327,-0.213504111,0.0,-5.559758434,0.0,1.0477153081,0.4008016032,0.0,0.0,0.0238080318,0.0652419489,0.0385343595,0.1593570428,-0.162057254,0.0131173106,0.0375061151,0.0,0.0129059366,0.5220191017,-0.084261041,45286.035863,0.5653984362,0.0018215196,-34.31979483,-0.00459373,-0.251118374,-0.001930486,-0.00459373,,0.0284283572,0.0644567226,,-0.226920738,6.0,1.0477153081,0.0,0.0105315272,0.046203512,,0.0837587567,7.644642389299999,,5.9762421661000005,0.0,0.0,0.0292482646,0.0,0.2279378059,0.109656343,-1.790635604,0.3751050055,0.0381339039,0.0001696951,0.0022970219,0.0838113497,1.0,0.0153732238999999,0.0044355079999999,0.1046729947,-0.00041748,0.0896413498,0.0987327763,5.0,0.0178426821,3.0864229999999996e-11,0.0239050277,0.0119835313999999,0.3936166017,2.387071095,2.540802e-08,73.0,179.325938
2021-07-30,84155291.93100001,0.8155497256,0.6651213549,-0.0593231009999999,18.089558427,0.0293736888,0.7789107893,0.0180083197,0.1179753822,0.3386987610999999,0.1589734635,0.023683356,0.7919760046,0.0138106824,-0.013810682,55.0,0.0649880514,0.0859604301,-0.776503443,0.084304825,13.722562746,0.0472786048,0.0225021783,0.097699206,-0.00990327,-0.213504111,0.0,-5.559758434,0.0,1.0477153081,0.4008016032,0.0,0.0,0.0238080318,0.0652419489,0.0385343595,0.1593570428,-0.162057254,0.0131173106,0.0375061151,0.0,0.0129059366,0.5220191017,-0.084261041,45286.035863,0.5653984362,0.0018215196,-34.31979483,-0.00459373,-0.251118374,-0.001930486,-0.00459373,,0.0284283572,0.0644567226,,-0.226920738,6.0,1.0477153081,0.0,0.0105315272,0.046203512,,0.0837587567,7.644642389299999,,5.9762421661000005,0.0,0.0,0.0292482646,0.0,0.2279378059,0.109656343,-1.790635604,0.900303913,0.0326968185,2.4460100000000003e-05,0.0115929281,0.0186409154,2.0,0.0152747929,0.0044454843,0.1114668869999999,0.0003486619999999,0.0781073633,0.0865364503,5.0,0.0120252535,2.483895e-11,0.0185070373,0.0089166536,0.2638573972,1.0098737186,2.8026097e-08,73.0,189.2664202
2021-08-31,88690472.096,0.8195898631999999,0.6717275439,0.0247509075999999,17.909151792,0.0290736383999999,0.8323797161,0.0554325357,0.2144784093,0.5266590149,0.0280691318,0.0321591089,0.7609078797,0.0138106824,-0.013810682,55.0,0.0649880514,0.0859604301,-0.806503017,0.084304825,13.722562746,0.0472786048,0.0225021783,0.097699206,-0.00990327,-0.213504111,0.0,-5.559758434,0.0,1.0477153081,0.4008016032,0.0,0.0,0.0238080318,0.0652419489,0.0385343595,0.1593570428,-0.162057254,0.0131173106,0.0375061151,0.0,0.0129059366,0.5220191017,-0.084261041,45286.035863,0.5653984362,0.0018215196,-34.31979483,-0.00459373,-0.251118374,-0.001930486,-0.00459373,,0.0284283572,0.0644567226,,-0.226920738,6.0,1.0477153081,0.0,0.0105315272,0.046203512,,0.0837587567,7.644642389299999,,5.9762421661000005,0.0,0.0,0.0292482646,0.0,0.2279378059,0.109656343,-1.790635604,0.900303913,0.0326968185,2.4460100000000003e-05,0.0115929281,0.0186409154,2.0,0.0152747929,0.0044454843,0.1114668869999999,0.0003486619999999,0.0781073633,0.0865364503,5.0,0.0131090528,2.459255e-11,0.0137242787,0.0080854515,0.2545045907,0.8660855051,2.9663071e-08,73.0,188.7337331
2021-09-30,88440849.39899999,0.811005841,0.6577304741,-0.05312019,17.948701817,0.0291858273,0.5887041214000001,-0.0028145379999999,0.2162441634,0.5396935818,-0.010344486,0.0224186068,0.7381895734999999,0.0138106824,-0.013810682,55.0,0.0649880514,0.0859604301,-0.8122620309999999,0.084304825,13.722562746,0.0472786048,0.0225021783,0.097699206,-0.00990327,-0.213504111,0.0,-5.559758434,0.0,1.0477153081,0.4008016032,0.0,0.0,0.0238080318,0.0652419489,0.0385343595,0.1593570428,-0.162057254,0.0131173106,0.0375061151,0.0,0.0129059366,0.5220191017,-0.084261041,45286.035863,0.5653984362,0.0018215196,-34.31979483,-0.00459373,-0.251118374,-0.001930486,-0.00459373,,0.0284283572,0.0644567226,,-0.226920738,6.0,1.0477153081,0.0,0.0105315272,0.046203512,,0.0837587567,7.644642389299999,,5.9762421661000005,0.0,0.0,0.0292482646,0.0,0.2279378059,0.109656343,-1.790635604,0.900303913,0.0326968185,2.4460100000000003e-05,0.0115929281,0.0186409154,2.0,0.0152747929,0.0044454843,0.1114668869999999,0.0003486619999999,0.0781073633,0.0865364503,5.0,0.0124097694,2.005164e-11,0.0190499183,0.010321969,0.3028607471,1.2329613146,2.5106032000000004e-08,73.0,181.3217681
2021-10-29,84366239.227,0.8006922825,0.6411081312,-0.294293287,18.064769545,0.029283324,0.7485631744,-0.0391790829999999,0.1143353416,0.5210343025,-0.031385532,0.0036290727,0.7408397091,0.0138106824,-0.013810682,55.0,0.0649880514,0.0859604301,-0.80866476,0.084304825,13.722562746,0.0472786048,0.0225021783,0.097699206,-0.00990327,-0.213504111,0.0,-5.559758434,0.0,1.0477153081,0.4008016032,0.0,0.0,0.0238080318,0.0652419489,0.0385343595,0.1593570428,-0.162057254,0.0131173106,0.0375061151,0.0,0.0129059366,0.5220191017,-0.084261041,45286.035863,0.5653984362,0.0018215196,-34.31979483,-0.00459373,-0.251118374,-0.001930486,-0.00459373,,0.0284283572,0.0644567226,,-0.226920738,6.0,1.0477153081,0.0,0.0105315272,0.046203512,,0.0837587567,7.644642389299999,,5.9762421661000005,0.0,0.0,0.0292482646,0.0,0.2279378059,0.109656343,-1.790635604,-0.003261582,0.0349582872,-4.610058e-06,0.0073583368999999,-0.033941013,3.0,0.0164355846,0.004499871,0.1374067797,0.0006738224,0.0891749567,0.1016519244999999,5.0,0.0155280696,3.1720240000000004e-11,0.0155312484,0.0104660936,0.3015149669999999,1.1835844643,2.8987845e-08,73.0,203.6060611
2021-11-30,94596496.475,0.7907665743000001,0.625311775,0.0158767658,17.922233043,0.0290293677,0.6849164126999999,0.1228991969999999,0.0791509379,0.2905576380999999,0.1469626406,0.0252920716,0.719731488,0.0138106824,-0.013810682,55.0,0.0649880514,0.0859604301,-0.816077442,0.084304825,13.722562746,0.0472786048,0.0225021783,0.097699206,-0.00990327,-0.213504111,0.0,-5.559758434,0.0,1.0477153081,0.4008016032,0.0,0.0,0.0238080318,0.0652419489,0.0385343595,0.1593570428,-0.162057254,0.0131173106,0.0375061151,0.0,0.0129059366,0.5220191017,-0.084261041,45286.035863,0.5653984362,0.0018215196,-34.31979483,-0.00459373,-0.251118374,-0.001930486,-0.00459373,,0.0284283572,0.0644567226,,-0.226920738,6.0,1.0477153081,0.0,0.0105315272,0.046203512,,0.0837587567,7.644642389299999,,5.9762421661000005,0.0,0.0,0.0292482646,0.0,0.2279378059,0.109656343,-1.790635604,-0.003261582,0.0349582872,-4.610058e-06,0.0073583368999999,-0.033941013,3.0,0.0164355846,0.004499871,0.1374067797,0.0006738224,0.0891749567,0.1016519244999999,5.0,0.0149684885,3.363851e-11,0.0213887933999999,0.0091515603,0.2735939405,0.793357237,3.2444929e-08,73.0,209.4106795
2021-12-31,97293351.503,0.7883124306,0.6214364883,0.0500387976,17.923232850999998,0.0289505599,0.4062904453,0.0285090376,0.1559550962,0.316484275,0.2339543021,-0.022590531,0.6861793519,0.0138106824,-0.013810682,55.0,0.0649880514,0.0859604301,-0.821003155,0.084304825,13.722562746,0.0472786048,0.0225021783,0.097699206,-0.00990327,-0.213504111,0.0,-5.559758434,0.0,1.0477153081,0.4008016032,0.0,0.0,0.0238080318,0.0652419489,0.0385343595,0.1593570428,-0.162057254,0.0131173106,0.0375061151,0.0,0.0129059366,0.5220191017,-0.084261041,45286.035863,0.5653984362,0.0018215196,-34.31979483,-0.00459373,-0.251118374,-0.001930486,-0.00459373,,0.0284283572,0.0644567226,,-0.226920738,6.0,1.0477153081,0.0,0.0105315272,0.046203512,,0.0837587567,7.644642389299999,,5.9762421661000005,0.0,0.0,0.0292482646,0.0,0.2279378059,0.109656343,-1.790635604,-0.003261582,0.0349582872,-4.610058e-06,0.0073583368999999,-0.033941013,3.0,0.0164355846,0.004499871,0.1374067797,0.0006738224,0.0891749567,0.1016519244999999,5.0,0.0158981641,2.8066490000000003e-11,0.0273495298,0.0116288496,0.3491905007999999,1.7244643947999998,2.9992056e-08,73.0,224.6382335
