tradeDate,mvel1,beta,betasq,chmom,dolvol,idiovol,indmom,mom1m,mom6m,mom12m,mom36m,pricedelay,turn,absacc,acc,age,agr,bm,bm_ia,cashdebt,cashpr,cfp,cfp_ia,chatoia,chcsho,chempia,chinv,chpmia,convind,currat,depr,divi,divo,dy,egr,ep,gma,grcapx,grltnoa,herf,hire,invest,lev,lgr,mve_ia,operprof,orgcap,pchcapx_ia,pchcurrat,pchdepr,pchgm_pchsale,pchquick,pchsale_pchinvt,pchsale_pchrect,pchsale_pchxsga,pchsaleinv,pctacc,ps,quick,rd,rd_mve,rd_sale,realestate,roic,salecash,saleinv,salerec,secured,securedind,sgr,sin,sp,tang,tb,aeavol,cash,chtx,cinvest,ear,nincr,roaq,roavol,roeq,rsup,stdacc,stdcf,ms,baspread,ill,maxret,retvol,std_dolvol,std_turn,zerotrade,sic2,close
1990-01-31,,,,,,,,,,,,,,,,,,,,,,,,,,,,,,,,,,,,,,,,,,,,,,,,,,,,,,,,,,,,,,,,,,,,,,,,,,,,,,,,,,,,,,,,,,,,,,,,
1990-02-28,,,,,,,,,,,,,,,,,,,,,,,,,,,,,,,,,,,,,,,,,,,,,,,,,,,,,,,,,,,,,,,,,,,,,,,,,,,,,,,,,,,,,,,,,,,,,,,,
1990-03-30,,,,,,,,,,,,,,,,,,,,,,,,,,,,,,,,,,,,,,,,,,,,,,,,,,,,,,,,,,,,,,,,,,,,,,,,,,,,,,,,,,,,,,,,,,,,,,,,
1990-04-30,,,,,,,,,,,,,,,,,,,,,,,,,,,,,,,,,,,,,,,,,,,,,,,,,,,,,,,,,,,,,,,,,,,,,,,,,,,,,,,,,,,,,,,,,,,,,,,,
1990-05-31,,,,,,,,,,,,,,,,,,,,,,,,,,,,,,,,,,,,,,,,,,,,,,,,,,,,,,,,,,,,,,,,,,,,,,,,,,,,,,,,,,,,,,,,,,,,,,,,
1990-06-29,,,,,,,,,,,,,,,,,,,,,,,,,,,,,,,,,,,,,,,,,,,,,,,,,,,,,,,,,,,,,,,,,,,,,,,,,,,,,,,,,,,,,,,,,,,,,,,,
1990-07-31,,,,,,,,,,,,,,,,,,,,,,,,,,,,,,,,,,,,,,,,,,,,,,,,,,,,,,,,,,,,,,,,,,,,,,,,,,,,,,,,,,,,,,,,,,,,,,,,
1990-08-31,,,,,,,,,,,,,,,,,,,,,,,,,,,,,,,,,,,,,,,,,,,,,,,,,,,,,,,,,,,,,,,,,,,,,,,,,,,,,,,,,,,,,,,,,,,,,,,,
1990-09-28,,,,,,,,,,,,,,,,,,,,,,,,,,,,,,,,,,,,,,,,,,,,,,,,,,,,,,,,,,,,,,,,,,,,,,,,,,,,,,,,,,,,,,,,,,,,,,,,
1990-10-31,,,,,,,,,,,,,,,,,,,,,,,,,,,,,,,,,,,,,,,,,,,,,,,,,,,,,,,,,,,,,,,,,,,,,,,,,,,,,,,,,,,,,,,,,,,,,,,,
1990-11-30,,,,,,,,,,,,,,,,,,,,,,,,,,,,,,,,,,,,,,,,,,,,,,,,,,,,,,,,,,,,,,,,,,,,,,,,,,,,,,,,,,,,,,,,,,,,,,,,
1990-12-31,,,,,,,,,,,,,,,,,,,,,,,,,,,,,,,,,,,,,,,,,,,,,,,,,,,,,,,,,,,,,,,,,,,,,,,,,,,,,,,,,,,,,,,,,,,,,,,,
1991-01-31,,,,,,,,,,,,,,,,,,,,,,,,,,,,,,,,,,,,,,,,,,,,,,,,,,,,,,,,,,,,,,,,,,,,,,,,,,,,,,,,,,,,,,,,,,,,,,,,
1991-02-28,,,,,,,,,,,,,,,,,,,,,,,,,,,,,,,,,,,,,,,,,,,,,,,,,,,,,,,,,,,,,,,,,,,,,,,,,,,,,,,,,,,,,,,,,,,,,,,,
1991-03-28,,,,,,,,,,,,,,,,,,,,,,,,,,,,,,,,,,,,,,,,,,,,,,,,,,,,,,,,,,,,,,,,,,,,,,,,,,,,,,,,,,,,,,,,,,,,,,,,
1991-04-30,,,,,,,,,,,,,,,,,,,,,,,,,,,,,,,,,,,,,,,,,,,,,,,,,,,,,,,,,,,,,,,,,,,,,,,,,,,,,,,,,,,,,,,,,,,,,,,,
1991-05-31,,,,,,,,,,,,,,,,,,,,,,,,,,,,,,,,,,,,,,,,,,,,,,,,,,,,,,,,,,,,,,,,,,,,,,,,,,,,,,,,,,,,,,,,,,,,,,,,
1991-06-28,,,,,,,,,,,,,,,,,,,,,,,,,,,,,,,,,,,,,,,,,,,,,,,,,,,,,,,,,,,,,,,,,,,,,,,,,,,,,,,,,,,,,,,,,,,,,,,,
1991-07-31,,,,,,,,,,,,,,,,,,,,,,,,,,,,,,,,,,,,,,,,,,,,,,,,,,,,,,,,,,,,,,,,,,,,,,,,,,,,,,,,,,,,,,,,,,,,,,,,
1991-08-30,,,,,,,,,,,,,,,,,,,,,,,,,,,,,,,,,,,,,,,,,,,,,,,,,,,,,,,,,,,,,,,,,,,,,,,,,,,,,,,,,,,,,,,,,,,,,,,,
1991-09-30,,,,,,,,,,,,,,,,,,,,,,,,,,,,,,,,,,,,,,,,,,,,,,,,,,,,,,,,,,,,,,,,,,,,,,,,,,,,,,,,,,,,,,,,,,,,,,,,
1991-10-31,,,,,,,,,,,,,,,,,,,,,,,,,,,,,,,,,,,,,,,,,,,,,,,,,,,,,,,,,,,,,,,,,,,,,,,,,,,,,,,,,,,,,,,,,,,,,,,,
1991-11-29,,,,,,,,,,,,,,,,,,,,,,,,,,,,,,,,,,,,,,,,,,,,,,,,,,,,,,,,,,,,,,,,,,,,,,,,,,,,,,,,,,,,,,,,,,,,,,,,
1991-12-31,,,,,,,,,,,,,,,,,,,,,,,,,,,,,,,,,,,,,,,,,,,,,,,,,,,,,,,,,,,,,,,,,,,,,,,,,,,,,,,,,,,,,,,,,,,,,,,,
1992-01-31,,,,,,,,,,,,,,,,,,,,,,,,,,,,,,,,,,,,,,,,,,,,,,,,,,,,,,,,,,,,,,,,,,,,,,,,,,,,,,,,,,,,,,,,,,,,,,,,
1992-02-28,,,,,,,,,,,,,,,,,,,,,,,,,,,,,,,,,,,,,,,,,,,,,,,,,,,,,,,,,,,,,,,,,,,,,,,,,,,,,,,,,,,,,,,,,,,,,,,,
1992-03-31,,,,,,,,,,,,,,,,,,,,,,,,,,,,,,,,,,,,,,,,,,,,,,,,,,,,,,,,,,,,,,,,,,,,,,,,,,,,,,,,,,,,,,,,,,,,,,,,
1992-04-30,,,,,,,,,,,,,,,,,,,,,,,,,,,,,,,,,,,,,,,,,,,,,,,,,,,,,,,,,,,,,,,,,,,,,,,,,,,,,,,,,,,,,,,,,,,,,,,,
1992-05-29,,,,,,,,,,,,,,,,,,,,,,,,,,,,,,,,,,,,,,,,,,,,,,,,,,,,,,,,,,,,,,,,,,,,,,,,,,,,,,,,,,,,,,,,,,,,,,,,
1992-06-30,,,,,,,,,,,,,,,,,,,,,,,,,,,,,,,,,,,,,,,,,,,,,,,,,,,,,,,,,,,,,,,,,,,,,,,,,,,,,,,,,,,,,,,,,,,,,,,,
1992-07-31,,,,,,,,,,,,,,,,,,,,,,,,,,,,,,,,,,,,,,,,,,,,,,,,,,,,,,,,,,,,,,,,,,,,,,,,,,,,,,,,,,,,,,,,,,,,,,,,
1992-08-31,,,,,,,,,,,,,,,,,,,,,,,,,,,,,,,,,,,,,,,,,,,,,,,,,,,,,,,,,,,,,,,,,,,,,,,,,,,,,,,,,,,,,,,,,,,,,,,,
1992-09-30,,,,,,,,,,,,,,,,,,,,,,,,,,,,,,,,,,,,,,,,,,,,,,,,,,,,,,,,,,,,,,,,,,,,,,,,,,,,,,,,,,,,,,,,,,,,,,,,
1992-10-30,,,,,,,,,,,,,,,,,,,,,,,,,,,,,,,,,,,,,,,,,,,,,,,,,,,,,,,,,,,,,,,,,,,,,,,,,,,,,,,,,,,,,,,,,,,,,,,,
1992-11-30,,,,,,,,,,,,,,,,,,,,,,,,,,,,,,,,,,,,,,,,,,,,,,,,,,,,,,,,,,,,,,,,,,,,,,,,,,,,,,,,,,,,,,,,,,,,,,,,
1992-12-31,,,,,,,,,,,,,,,,,,,,,,,,,,,,,,,,,,,,,,,,,,,,,,,,,,,,,,,,,,,,,,,,,,,,,,,,,,,,,,,,,,,,,,,,,,,,,,,,
1993-01-29,,,,,,,,,,,,,,,,,,,,,,,,,,,,,,,,,,,,,,,,,,,,,,,,,,,,,,,,,,,,,,,,,,,,,,,,,,,,,,,,,,,,,,,,,,,,,,,,
1993-02-26,,,,,,,,,,,,,,,,,,,,,,,,,,,,,,,,,,,,,,,,,,,,,,,,,,,,,,,,,,,,,,,,,,,,,,,,,,,,,,,,,,,,,,,,,,,,,,,,
1993-03-31,,,,,,,,,,,,,,,,,,,,,,,,,,,,,,,,,,,,,,,,,,,,,,,,,,,,,,,,,,,,,,,,,,,,,,,,,,,,,,,,,,,,,,,,,,,,,,,,
1993-04-30,,,,,,,,,,,,,,,,,,,,,,,,,,,,,,,,,,,,,,,,,,,,,,,,,,,,,,,,,,,,,,,,,,,,,,,,,,,,,,,,,,,,,,,,,,,,,,,,
1993-05-28,,,,,,,,,,,,,,,,,,,,,,,,,,,,,,,,,,,,,,,,,,,,,,,,,,,,,,,,,,,,,,,,,,,,,,,,,,,,,,,,,,,,,,,,,,,,,,,,
1993-06-30,,,,,,,,,,,,,,,,,,,,,,,,,,,,,,,,,,,,,,,,,,,,,,,,,,,,,,,,,,,,,,,,,,,,,,,,,,,,,,,,,,,,,,,,,,,,,,,,
1993-07-30,,,,,,,,,,,,,,,,,,,,,,,,,,,,,,,,,,,,,,,,,,,,,,,,,,,,,,,,,,,,,,,,,,,,,,,,,,,,,,,,,,,,,,,,,,,,,,,,
1993-08-31,,,,,,,,,,,,,,,,,,,,,,,,,,,,,,,,,,,,,,,,,,,,,,,,,,,,,,,,,,,,,,,,,,,,,,,,,,,,,,,,,,,,,,,,,,,,,,,,
1993-09-30,,,,,,,,,,,,,,,,,,,,,,,,,,,,,,,,,,,,,,,,,,,,,,,,,,,,,,,,,,,,,,,,,,,,,,,,,,,,,,,,,,,,,,,,,,,,,,,,
1993-10-29,,,,,,,,,,,,,,,,,,,,,,,,,,,,,,,,,,,,,,,,,,,,,,,,,,,,,,,,,,,,,,,,,,,,,,,,,,,,,,,,,,,,,,,,,,,,,,,,
1993-11-30,,,,,,,,,,,,,,,,,,,,,,,,,,,,,,,,,,,,,,,,,,,,,,,,,,,,,,,,,,,,,,,,,,,,,,,,,,,,,,,,,,,,,,,,,,,,,,,,
1993-12-31,,,,,,,,,,,,,,,,,,,,,,,,,,,,,,,,,,,,,,,,,,,,,,,,,,,,,,,,,,,,,,,,,,,,,,,,,,,,,,,,,,,,,,,,,,,,,,,,
1994-01-31,,,,,,,,,,,,,,,,,,,,,,,,,,,,,,,,,,,,,,,,,,,,,,,,,,,,,,,,,,,,,,,,,,,,,,,,,,,,,,,,,,,,,,,,,,,,,,,,
1994-02-28,,,,,,,,,,,,,,,,,,,,,,,,,,,,,,,,,,,,,,,,,,,,,,,,,,,,,,,,,,,,,,,,,,,,,,,,,,,,,,,,,,,,,,,,,,,,,,,,
1994-03-31,,,,,,,,,,,,,,,,,,,,,,,,,,,,,,,,,,,,,,,,,,,,,,,,,,,,,,,,,,,,,,,,,,,,,,,,,,,,,,,,,,,,,,,,,,,,,,,,
1994-04-29,,,,,,,,,,,,,,,,,,,,,,,,,,,,,,,,,,,,,,,,,,,,,,,,,,,,,,,,,,,,,,,,,,,,,,,,,,,,,,,,,,,,,,,,,,,,,,,,
1994-05-31,,,,,,,,,,,,,,,,,,,,,,,,,,,,,,,,,,,,,,,,,,,,,,,,,,,,,,,,,,,,,,,,,,,,,,,,,,,,,,,,,,,,,,,,,,,,,,,,
1994-06-30,,,,,,,,,,,,,,,,,,,,,,,,,,,,,,,,,,,,,,,,,,,,,,,,,,,,,,,,,,,,,,,,,,,,,,,,,,,,,,,,,,,,,,,,,,,,,,,,
1994-07-29,,,,,,,,,,,,,,,,,,,,,,,,,,,,,,,,,,,,,,,,,,,,,,,,,,,,,,,,,,,,,,,,,,,,,,,,,,,,,,,,,,,,,,,,,,,,,,,,
1994-08-31,,,,,,,,,,,,,,,,,,,,,,,,,,,,,,,,,,,,,,,,,,,,,,,,,,,,,,,,,,,,,,,,,,,,,,,,,,,,,,,,,,,,,,,,,,,,,,,,
1994-09-30,,,,,,,,,,,,,,,,,,,,,,,,,,,,,,,,,,,,,,,,,,,,,,,,,,,,,,,,,,,,,,,,,,,,,,,,,,,,,,,,,,,,,,,,,,,,,,,,
1994-10-31,,,,,,,,,,,,,,,,,,,,,,,,,,,,,,,,,,,,,,,,,,,,,,,,,,,,,,,,,,,,,,,,,,,,,,,,,,,,,,,,,,,,,,,,,,,,,,,,
1994-11-30,,,,,,,,,,,,,,,,,,,,,,,,,,,,,,,,,,,,,,,,,,,,,,,,,,,,,,,,,,,,,,,,,,,,,,,,,,,,,,,,,,,,,,,,,,,,,,,,
1994-12-30,,,,,,,,,,,,,,,,,,,,,,,,,,,,,,,,,,,,,,,,,,,,,,,,,,,,,,,,,,,,,,,,,,,,,,,,,,,,,,,,,,,,,,,,,,,,,,,,
1995-01-31,,,,,,,,,,,,,,,,,,,,,,,,,,,,,,,,,,,,,,,,,,,,,,,,,,,,,,,,,,,,,,,,,,,,,,,,,,,,,,,,,,,,,,,,,,,,,,,,
1995-02-28,,,,,,,,,,,,,,,,,,,,,,,,,,,,,,,,,,,,,,,,,,,,,,,,,,,,,,,,,,,,,,,,,,,,,,,,,,,,,,,,,,,,,,,,,,,,,,,,
1995-03-31,,,,,,,,,,,,,,,,,,,,,,,,,,,,,,,,,,,,,,,,,,,,,,,,,,,,,,,,,,,,,,,,,,,,,,,,,,,,,,,,,,,,,,,,,,,,,,,,
1995-04-28,,,,,,,,,,,,,,,,,,,,,,,,,,,,,,,,,,,,,,,,,,,,,,,,,,,,,,,,,,,,,,,,,,,,,,,,,,,,,,,,,,,,,,,,,,,,,,,,
1995-05-31,,,,,,,,,,,,,,,,,,,,,,,,,,,,,,,,,,,,,,,,,,,,,,,,,,,,,,,,,,,,,,,,,,,,,,,,,,,,,,,,,,,,,,,,,,,,,,,,
1995-06-30,,,,,,,,,,,,,,,,,,,,,,,,,,,,,,,,,,,,,,,,,,,,,,,,,,,,,,,,,,,,,,,,,,,,,,,,,,,,,,,,,,,,,,,,,,,,,,,,
1995-07-31,,,,,,,,,,,,,,,,,,,,,,,,,,,,,,,,,,,,,,,,,,,,,,,,,,,,,,,,,,,,,,,,,,,,,,,,,,,,,,,,,,,,,,,,,,,,,,,,
1995-08-31,,,,,,,,,,,,,,,,,,,,,,,,,,,,,,,,,,,,,,,,,,,,,,,,,,,,,,,,,,,,,,,,,,,,,,,,,,,,,,,,,,,,,,,,,,,,,,,,
1995-09-29,,,,,,,,,,,,,,,,,,,,,,,,,,,,,,,,,,,,,,,,,,,,,,,,,,,,,,,,,,,,,,,,,,,,,,,,,,,,,,,,,,,,,,,,,,,,,,,,
1995-10-31,,,,,,,,,,,,,,,,,,,,,,,,,,,,,,,,,,,,,,,,,,,,,,,,,,,,,,,,,,,,,,,,,,,,,,,,,,,,,,,,,,,,,,,,,,,,,,,,
1995-11-30,,,,,,,,,,,,,,,,,,,,,,,,,,,,,,,,,,,,,,,,,,,,,,,,,,,,,,,,,,,,,,,,,,,,,,,,,,,,,,,,,,,,,,,,,,,,,,,,
1995-12-29,,,,,,,,,,,,,,,,,,,,,,,,,,,,,,,,,,,,,,,,,,,,,,,,,,,,,,,,,,,,,,,,,,,,,,,,,,,,,,,,,,,,,,,,,,,,,,,,
1996-01-31,,,,,,,,,,,,,,,,,,,,,,,,,,,,,,,,,,,,,,,,,,,,,,,,,,,,,,,,,,,,,,,,,,,,,,,,,,,,,,,,,,,,,,,,,,,,,,,,
1996-02-29,,,,,,,,,,,,,,,,,,,,,,,,,,,,,,,,,,,,,,,,,,,,,,,,,,,,,,,,,,,,,,,,,,,,,,,,,,,,,,,,,,,,,,,,,,,,,,,,
1996-03-29,,,,,,,,,,,,,,,,,,,,,,,,,,,,,,,,,,,,,,,,,,,,,,,,,,,,,,,,,,,,,,,,,,,,,,,,,,,,,,,,,,,,,,,,,,,,,,,,
1996-04-30,,,,,,,,,,,,,,,,,,,,,,,,,,,,,,,,,,,,,,,,,,,,,,,,,,,,,,,,,,,,,,,,,,,,,,,,,,,,,,,,,,,,,,,,,,,,,,,,
1996-05-31,,,,,,,,,,,,,,,,,,,,,,,,,,,,,,,,,,,,,,,,,,,,,,,,,,,,,,,,,,,,,,,,,,,,,,,,,,,,,,,,,,,,,,,,,,,,,,,,
1996-06-28,,,,,,,,,,,,,,,,,,,,,,,,,,,,,,,,,,,,,,,,,,,,,,,,,,,,,,,,,,,,,,,,,,,,,,,,,,,,,,,,,,,,,,,,,,,,,,,,
1996-07-31,,,,,,,,,,,,,,,,,,,,,,,,,,,,,,,,,,,,,,,,,,,,,,,,,,,,,,,,,,,,,,,,,,,,,,,,,,,,,,,,,,,,,,,,,,,,,,,,
1996-08-30,,,,,,,,,,,,,,,,,,,,,,,,,,,,,,,,,,,,,,,,,,,,,,,,,,,,,,,,,,,,,,,,,,,,,,,,,,,,,,,,,,,,,,,,,,,,,,,,
1996-09-30,,,,,,,,,,,,,,,,,,,,,,,,,,,,,,,,,,,,,,,,,,,,,,,,,,,,,,,,,,,,,,,,,,,,,,,,,,,,,,,,,,,,,,,,,,,,,,,,
1996-10-31,,,,,,,,,,,,,,,,,,,,,,,,,,,,,,,,,,,,,,,,,,,,,,,,,,,,,,,,,,,,,,,,,,,,,,,,,,,,,,,,,,,,,,,,,,,,,,,,
1996-11-29,,,,,,,,,,,,,,,,,,,,,,,,,,,,,,,,,,,,,,,,,,,,,,,,,,,,,,,,,,,,,,,,,,,,,,,,,,,,,,,,,,,,,,,,,,,,,,,,
1996-12-31,,,,,,,,,,,,,,,,,,,,,,,,,,,,,,,,,,,,,,,,,,,,,,,,,,,,,,,,,,,,,,,,,,,,,,,,,,,,,,,,,,,,,,,,,,,,,,,,
1997-01-31,,,,,,,,,,,,,,,,,,,,,,,,,,,,,,,,,,,,,,,,,,,,,,,,,,,,,,,,,,,,,,,,,,,,,,,,,,,,,,,,,,,,,,,,,,,,,,,,
1997-02-28,,,,,,,,,,,,,,,,,,,,,,,,,,,,,,,,,,,,,,,,,,,,,,,,,,,,,,,,,,,,,,,,,,,,,,,,,,,,,,,,,,,,,,,,,,,,,,,,
1997-03-31,,,,,,,,,,,,,,,,,,,,,,,,,,,,,,,,,,,,,,,,,,,,,,,,,,,,,,,,,,,,,,,,,,,,,,,,,,,,,,,,,,,,,,,,,,,,,,,,
1997-04-30,,,,,,,,,,,,,,,,,,,,,,,,,,,,,,,,,,,,,,,,,,,,,,,,,,,,,,,,,,,,,,,,,,,,,,,,,,,,,,,,,,,,,,,,,,,,,,,,
1997-05-30,,,,,,,,,,,,,,,,,,,,,,,,,,,,,,,,,,,,,,,,,,,,,,,,,,,,,,,,,,,,,,,,,,,,,,,,,,,,,,,,,,,,,,,,,,,,,,,,0.075
1997-06-30,429462.0,,,,,,-0.025791272,,,,,,,,,,,,,,,,,,,,,,,,,,,,,,,,,,,,,,,,,,,,,,,,,,,,,,,,,,,,,,,,,,,,,,,,,,,,,,,,,0.110635323,3.2498125e-09,0.074626863,0.0636334415,0.9898331337,44.33035746,6.9081024e-09,59.0,0.077083333
1997-07-31,441391.5,,,,,,0.1086728092,0.027777778,,,,,,,,,,,,,,,,,,,,,,,,,,,,,,,,,,,,,,,,,,,,,,,,,,,,,,,,,,,,,,,,,,,,,,,,,,,,,,,,0.0481213979,6.8866089e-09,0.0882352963,0.0360090213,0.7640162073000001,6.8354301859,1.1182418e-08,59.0,0.119791667
1997-08-29,685946.25,,,,13.619890973,,0.1749469292,0.5540540814,,,,,1.89987007,,,,,,,,,,,,,,,,,,,,,,,,,,,,,,,,,,,,,,,,,,,,,,,,,,,,,,,,,,,,,,,,,,,,,,,,,,,0.0743604081,6.6035975e-09,0.2032786905999999,0.0762792699,1.0188447977,15.011727806,5.224879e-09,59.0,0.116927083
1997-09-30,669543.1875,,,,14.775162458,,0.173584685,-0.023913043,,,,,2.265560166,,,,,,,,,,,,,,,,,,,,,,,,,,,,,,,,,,,,,,,,,,,,,,,,,,,,,,,,,,,,,,,,,,,,,,,,,,,0.054547794,9.786235e-09,0.0612244904,0.0345511491,0.5682612387,3.0157132437,1.8476958e-08,59.0,0.216927083
1997-10-31,1242159.1875,,,,13.534390078,,0.1415401357,0.6867470145,,,,,2.9104181511,,,,,,,,,,,,,,,,,,,,,,,,,,,,,,,,,,,,,,,,,,,,,,,,,,,,,,,,,,,,,,,,,,,,,,,,,,,0.0999714471,4.5014909e-09,0.200000003,0.0924994292999999,0.8545625720000001,12.780274958,5.4859263e-09,59.0,0.254166667
1997-11-28,1455399.0,,,,15.366731672,,0.1963444291,0.1716686636,1.9102705828,,,,2.8749458625,,,,,,,,,,,,,,,,,,,,,,,,,,,,,,,,,,,,,,,,,,,,,,,,,,,,,,,,,,,,,,,,,,,,,,,,,,,0.0833366906,2.4482861e-09,0.1585365832,0.0729576448,0.7840427391,10.95980297,5.1414293e-09,59.0,0.20625
1997-12-31,1181020.5,,,,15.499040771,,0.1548032821,-0.188524589,1.6451612711,,,,3.2824776149,,,,,,,,,,,,,,,,,,,,,,,,,,,,,,,,,,,,,,,,,,,,,,,,,,,,,,,,,,,,,,,,,,,,,,,,,,,0.0594278657,2.3817418e-09,0.0796221346,0.0387051675,0.4759526149,7.1023168879,9.6653975e-09,59.0,0.251041667
1998-01-30,1442204.25,,,,14.849968252,,0.1572975577,0.2171717137,1.3529411506,,,,2.7784740499,,,,,,,,,,,,,,,,,,,,,,,,,,,,,,,,,,,,,,,,,,,,,,,,,,,,,,,,,,,,,,2.1983536096000003,0.8774193548,,-0.055574683,-0.0707338679999999,0.0,-0.273710566,,-0.641313998,0.0580550373,,,,0.0509113037,2.5208170000000003e-09,0.0506912433,0.0284714828,0.6647710178,5.9382526526,8.7215625e-09,59.0,0.245833333
1998-02-27,1412283.0,,,,15.002879325,,0.1281522114,-0.0207468889999999,1.0956521605,,,,2.8546601496,,,,,,,,,,,,,,,,,,,,,,,,,,,,,,,,,,,,,,,,,,,,,,,,,,,,,,,,,,,,,,2.1983536096000003,0.87458206,,-0.055574683,-0.0707338679999999,0.0,-0.280453058,,-0.719653384,0.0580550373,,,,0.0505812233,1.1824863e-09,0.0799031481,0.0366666675,0.4633931693,7.9824247536,5.5858047e-09,59.0,0.320833333
1998-03-31,1843149.0,,,,15.525839050999998,,0.1379481716,0.3050847352,0.9864864877,,,,3.586080127,,,,,,,,,,,,,,,,,,,,,,,,,,,,,,,,,,,,,,,,,,,,,,,,,,,,,,,,,,,,,,2.1983536096000003,0.8762553620999999,,-0.055574683,-0.0707338679999999,0.0,-0.286555751,,-0.725490196,0.0580550373,,,,0.046699709,8.260862e-10,0.1043643281,0.037638538,0.8268775209,20.749631733,5.0398647e-09,59.0,0.356380208
1998-04-30,2047361.5313,,,,15.946242469,,0.2214956780999999,0.1107954532,0.4789915768,,,,5.2441269443000005,,,,,,,,,,,,,,,,,,,,,,,,,,,,,,,,,,,,,,,,,,,,,,,,,,,,,,,,,,,,,,0.4231982594,0.8387035006,,-0.044163454,0.1334663248,0.0,-0.152889157,,-0.211742757,0.0271417113,,,,0.0512468159,3.380339e-10,0.0879478827,0.0317997888,0.5626851417000001,19.735200471,2.7439533e-09,59.0,0.382291667
1998-05-29,2196219.75,,,-1.905774506,16.512699404,,0.2821670824,0.0727073401,0.4021516235,2.909090874,,,8.027302229,,,,,,,,,,,,,,,,,,,,,,,,,,,,,,,,,,,,,,,,,,,,,,,,,,,,,,,,,,,,,,0.4231982594,0.8387035006,,-0.044163454,0.1334663248,0.0,-0.152889157,,-0.211742757,0.0271417113,,,,0.0624936348,3.591719e-10,0.1555891186,0.053725439,0.5004733236,45.896250742,1.6904515e-09,59.0,0.3671875
1998-06-30,2109448.125,,,-0.969697041,17.051558249,,0.2163982796,-0.0395095389999999,0.8535353234,2.5483869835,,,4.1281390511,,,,,,,,,,,,,,,,,,,,,,,,,,,,,,,,,,,,,,,,,,,,,,,,,,,,,,,,,,,,,,0.4231982594,0.8387035006,,-0.044163454,0.1334663248,0.0,-0.152889157,,-0.211742757,0.0271417113,,,,0.0437481774,4.270551e-10,0.0580152683,0.031266148,0.5000444954,16.382442990999998,3.5705398e-09,59.0,0.83125
1998-07-31,4954582.5,2.5886839841,6.7012847697,0.0544465342,16.374567154,0.1037903799,0.1885556716,0.4117647111,0.4626555793,2.2325580942,,0.1819247768,7.819220678400001,,,1.0,,0.0197517099,-0.277404814,-0.331852461,10.953418595,0.0024420951,-0.056185749,,,,,,0.0,3.1342142499000003,0.3656772801,,,0.0,,-0.019130439,,,,0.0514159941,,,0.0835665267,,821.42206004,,,,,,,,,,,,,,2.9294810352,,0.0086568875,0.0844962709,0.0989223971,-1.299373434,1.1814401996,16.470627578,,1.0,1.0,,0.0,0.1024528946,0.9055334148,-0.934762865,1.65874587,0.8393353288,0.0,0.0220349452,-0.002034158,0.0,-0.188138632,,-0.288844941,0.0399194497,,,3.0,0.0914910716,3.2128199999999997e-10,0.1547344178,0.0627554393,1.1259738420999998,51.333520199,9.694898e-10,59.0,0.923958333
1998-08-31,5507161.25,1.3224169369,1.7487865549,1.508969555,16.959300834,0.1194955256,0.1794924764,0.1115288213,1.4101562539,2.1627908026,,0.60921498,7.765056145499999,,,1.0,,0.0197517099,-1.25311738,-0.331852461,10.953418595,0.0024420951,-0.056185749,,,,,,0.0,3.1342142499000003,0.3656772801,,,0.0,,-0.019130439,,,,0.0514159941,,,0.0835665267,,821.42206004,,,,,,,,,,,,,,2.9294810352,,0.0086568875,0.0844962709,0.0989223971,-1.299373434,1.1814401996,16.470627578,,1.0,1.0,,0.0,0.1024528946,0.9055334148,-0.934762865,1.65874587,0.8393353288,0.0,0.0220349452,-0.002034158,0.0,-0.188138632,,-0.288844941,0.0399194497,,,3.0,0.1027002448,1.115824e-10,0.1476265043,0.079752922,0.4633806911,43.478439658,8.833288e-10,59.0,0.697916667
1998-09-30,4159862.5,1.6588389419,2.751746635,-0.568550522,17.057653502,0.126204876,0.157723578,-0.244644865,1.1224490094,1.86486487,,-0.24552101,7.483483483500001,,,1.0,,0.0197517099,-1.221087372,-0.331852461,10.953418595,0.0024420951,-0.056185749,,,,,,0.0,3.1342142499000003,0.3656772801,,,0.0,,-0.019130439,,,,0.0514159941,,,0.0835665267,,821.42206004,,,,,,,,,,,,,,2.9294810352,,0.0086568875,0.0844962709,0.0989223971,-1.299373434,1.1814401996,16.470627578,,1.0,1.0,,0.0,0.1024528946,0.9055334148,-0.934762865,1.65874587,0.8393353288,0.0,0.0220349452,-0.002034158,0.0,-0.188138632,,-0.288844941,0.0399194497,,,3.0,0.0752815363,1.030704e-10,0.0751958191,0.0634655008,0.2652224693,25.983221158000003,1.3998697e-09,59.0,0.930208333
1998-10-30,5889669.875,1.756035251,3.0836598027,0.8055555714,16.862725914000002,0.1223977742,-0.218030371,0.3328358233,0.4607843303,0.9938784123,,0.2311725198,7.1444039773000005,,,1.0,,0.0197517099,-1.220657512,-0.331852461,10.953418595,0.0024420951,-0.056185749,,,,,,0.0,3.1342142499000003,0.3656772801,,,0.0,,-0.019130439,,,,0.0514159941,,,0.0835665267,,821.42206004,,,,,,,,,,,,,,2.9294810352,,0.0086568875,0.0844962709,0.0989223971,-1.299373434,1.1814401996,16.470627578,,1.0,1.0,,0.0,0.1024528946,0.9055334148,-0.934762865,2.6979592929,0.8056162806,0.0,-0.038947634,0.1783918068,1.0,-0.069587802,,-0.36400337,0.034526785,,,3.0,0.1057756072,1.279777e-10,0.192062363,0.0748147071,0.5035824193999999,38.147925981,9.098029e-10,59.0,1.053645833
1998-11-30,6671221.8125,2.091937835,4.3762039055,0.6577152337,17.048185725,0.1279595815,-0.193811359,0.1326987743,0.4666666672999999,1.212766019,,0.0292567415,6.5808570535,,,1.0,,0.0197517099,-1.231206409,-0.331852461,10.953418595,0.0024420951,-0.056185749,,,,,,0.0,3.1342142499000003,0.3656772801,,,0.0,,-0.019130439,,,,0.0514159941,,,0.0835665267,,821.42206004,,,,,,,,,,,,,,2.9294810352,,0.0086568875,0.0844962709,0.0989223971,-1.299373434,1.1814401996,16.470627578,,1.0,1.0,,0.0,0.1024528946,0.9055334148,-0.934762865,2.6979592929,0.8056162806,0.0,-0.038947634,0.1783918068,1.0,-0.069587802,,-0.36400337,0.034526785,,,3.0,0.0730139623,1.03864e-10,0.0806193276999999,0.0543335429,0.3727323715,26.042746226,1.2368535e-09,59.0,1.6
1998-12-31,10130496.0,1.9811029178,3.9247687709,1.0437379264,17.263150537,0.1249443136999999,-0.155135805,0.5185368061,0.5410958919,1.3000000276,,-0.054750397,7.2979767926,,,1.0,,0.0197517099,-1.228301112,-0.331852461,10.953418595,0.0024420951,-0.056185749,,,,,,0.0,3.1342142499000003,0.3656772801,,,0.0,,-0.019130439,,,,0.0514159941,,,0.0835665267,,821.42206004,,,,,,,,,,,,,,2.9294810352,,0.0086568875,0.0844962709,0.0989223971,-1.299373434,1.1814401996,16.470627578,,1.0,1.0,,0.0,0.1024528946,0.9055334148,-0.934762865,2.6979592929,0.8056162806,0.0,-0.038947634,0.1783918068,1.0,-0.069587802,,-0.36400337,0.034526785,,,3.0,0.0835301971,7.353949e-11,0.2069204151999999,0.0838586953,0.8174520612,69.646886435,1.049349e-09,59.0,2.677083333
1999-01-29,16950113.75,1.9218003624,3.6933166328,-0.090651988,17.027425814,0.1310163151999999,0.1966578836,0.6731770635,0.9248120294,2.0000000166,,-0.300671511,6.681894088200001,,,1.0,,0.0197517099,-1.238331319,-0.331852461,10.953418595,0.0024420951,-0.056185749,,,,,,0.0,3.1342142499000003,0.3656772801,,,0.0,,-0.019130439,,,,0.0514159941,,,0.0835665267,,821.42206004,,,,,,,,,,,,,,2.9294810352,,0.0086568875,0.0844962709,0.0989223971,-1.299373434,1.1814401996,16.470627578,,1.0,1.0,,0.0,0.1024528946,0.9055334148,-0.934762865,-0.095459144,0.7659991120999999,0.0,0.0027054195,-0.072448999,0.0,-0.155709724,,-0.7619692859999999,0.0177869679,,,3.0,0.077304837,3.2484070000000004e-11,0.1905252337,0.0622885891,0.6017891616,64.999335047,8.567053e-10,59.0,2.9234375
1999-02-26,18509919.938,1.8981806596,3.6030898167,-0.594438555,17.227985415,0.1331892658,0.2772353432,0.0920233427999999,1.2613391072,2.2564102279,,-0.342915916,11.24969419,,,1.0,,0.0197517099,-1.234950538,-0.331852461,10.953418595,0.0024420951,-0.056185749,,,,,,0.0,3.1342142499000003,0.3656772801,,,0.0,,-0.019130439,,,,0.0514159941,,,0.0835665267,,821.42206004,,,,,,,,,,,,,,2.9294810352,,0.0086568875,0.0844962709,0.0989223971,-1.299373434,1.1814401996,16.470627578,,1.0,1.0,,0.0,0.1024528946,0.9055334148,-0.934762865,-0.095459144,0.7659991120999999,0.0,0.0027054195,-0.072448999,0.0,-0.155709724,,-0.836267445,0.0177869679,,,3.0,0.1457205841,3.754212e-11,0.1603773534,0.1006733707,0.4884389122999999,47.581957883,1.1076445e-09,59.0,3.203125
1999-03-31,20280778.125,2.1265955356,4.522408572,2.4142274407,17.447620699,0.1386867427999999,0.255755533,0.0956707671,2.9498629302,2.4620253492,,-0.276215156,11.121045392,,,1.0,,0.0197517099,-1.24603997,-0.331852461,10.953418595,0.0024420951,-0.056185749,,,,,,0.0,3.1342142499000003,0.3656772801,,,0.0,,-0.019130439,,,,0.0514159941,,,0.0835665267,,821.42206004,,,,,,,,,,,,,,2.9294810352,,0.0086568875,0.0844962709,0.0989223971,-1.299373434,1.1814401996,16.470627578,,1.0,1.0,,0.0,0.1024528946,0.9055334148,-0.934762865,-0.095459144,0.7659991120999999,0.0,0.0027054195,-0.072448999,0.0,-0.155709724,,-0.865357644,0.0177869679,,,3.0,0.093362723,7.693549e-11,0.140589565,0.0776560229,0.4909935071,24.921331423,2.2548031e-09,59.0,4.3046875
1999-04-30,27255387.188,2.1623414909,4.6757207231,2.0175023205,17.139466832,0.1379829978,0.0696367406,0.3439024389,2.4434489777,2.0000000057,,-0.226648526,10.659167348,,,1.0,,0.0197517099,-1.306642066,-0.331852461,10.953418595,0.0024420951,-0.056185749,,,,,,0.0,3.1342142499000003,0.3656772801,,,0.0,,-0.019130439,,,,0.0514159941,,,0.0835665267,,821.42206004,,,,,,,,,,,,,,2.9294810352,,0.0086568875,0.0844962709,0.0989223971,-1.299373434,1.1814401996,16.470627578,,1.0,1.0,,0.0,0.1024528946,0.9055334148,-0.934762865,-0.221776545,0.5442187848,0.0,0.0251596221,0.0448646954999999,0.0,-0.101791738,,-0.8865864940000001,0.0196688842,,,3.0,0.0687416844,4.825152e-11,0.1308741719,0.0550412398,0.4438551669,17.869447433,1.7880066e-09,59.0,4.3015625
1999-05-28,27235601.063,2.1733110226,4.7232808011000005,1.3264196913,17.491983038,0.1354547418,0.0800262711,-0.000725953,2.7894735189,2.036418847,,-0.2029815519999999,10.827486433,,,1.0,,0.0197517099,-1.313721581,-0.331852461,10.953418595,0.0024420951,-0.056185749,,,,,,0.0,3.1342142499000003,0.3656772801,,,0.0,,-0.019130439,,,,0.0514159941,,,0.0835665267,,821.42206004,,,,,,,,,,,,,,2.9294810352,,0.0086568875,0.0844962709,0.0989223971,-1.299373434,1.1814401996,16.470627578,,1.0,1.0,,0.0,0.1024528946,0.9055334148,-0.934762865,-0.221776545,0.5442187848,0.0,0.0251596221,0.0448646954999999,0.0,-0.101791738,,-0.885352037,0.0196688842,,,3.0,0.0925467094,3.224962e-11,0.1360239089,0.0725554046,0.4974075815,31.146096032,1.7910628e-09,59.0,2.96875
1999-06-30,18796818.75,2.0491632568,4.1990700531,-0.988888916,17.596087578,0.1361618931,0.1465776069,-0.309843808,1.6884765288,2.8781037548,,-0.244602611,10.667332116,,,1.0,,0.0197517099,-1.306454822,-0.331852461,10.953418595,0.0024420951,-0.056185749,,,,,,0.0,3.1342142499000003,0.3656772801,,,0.0,,-0.019130439,,,,0.0514159941,,,0.0835665267,,821.42206004,,,,,,,,,,,,,,2.9294810352,,0.0086568875,0.0844962709,0.0989223971,-1.299373434,1.1814401996,16.470627578,,1.0,1.0,,0.0,0.1024528946,0.9055334148,-0.934762865,-0.221776545,0.5442187848,0.0,0.0251596221,0.0448646954999999,0.0,-0.101791738,,-0.8865864940000001,0.0196688842,,,3.0,0.0837341696,5.308100000000001e-11,0.0840336159,0.055292651,0.4265115119,18.875953454,2.2478188e-09,59.0,3.128125
1999-07-30,19805911.125,1.9938981159,3.9756296964,-1.291326633,17.317356315999998,0.1367517434,0.0656287636,0.0536842123,0.1089494128999999,2.5714285169,,-0.186183941,10.128328742,0.3901884218,-0.390188422,2.0,-3.308917938,0.0081854908,-1.241808289,-0.229292248,44.864762549,0.0018197179,-0.056766843,,1.2178635585,2.1532070495,0.0514880884999999,0.0961561743,0.0,2.6257403683,1.7552952234,0.0,0.0,0.0,3.8706382082,-0.007302677,0.9632699354,,,0.0555173179999999,2.4201954397,0.3437177025999999,0.0298868217,3.2292980418,16247.513578,-0.567479909,0.0060925592,2.4526608702,-0.162233288,3.8001210876,0.3290631585,-0.166010498,0.8398598778,,0.7567100994,0.2553941549,-1.24918504,3.0,2.4431564289,0.0,0.0027444992999999,0.0767332901,0.1371343351999999,-0.403138011,1.6334292868,20.677129589,,0.0025851669,1.0,3.1283449965,0.0,0.0357667356999999,0.6253588995,-0.95377278,0.1818671819,0.5758951979,0.0,-0.011795933,0.0938044973,0.0,-0.074916816,,-0.258266394,0.0109560093,,,7.0,0.0930117318,6.040353e-11,0.157383427,0.0714020276,0.3440610483,19.267273641,1.6984839999999995e-09,59.0,2.5015625
1999-08-31,15838793.063,2.0003264509,4.0013059102,-1.844979241,17.367044899,0.1349816302,0.0428784899,-0.200299695,0.0700160361,2.3855692911,,-0.174457548,8.548061482,0.3901884218,-0.390188422,2.0,-3.19740166,0.0081854908,-1.299527701,-0.229292248,44.864762549,0.0018197179,-0.056766843,,1.2178635585,2.1532070495,0.0514880884999999,0.0961561743,0.0,2.6257403683,1.7552952234,0.0,0.0,0.0,3.8706382082,-0.007302677,0.9632699354,,,0.0555173179999999,2.4201954397,0.3437177025999999,0.0298868217,3.2292980418,16247.513578,-0.567479909,0.0060925592,2.4526608702,-0.162233288,3.8001210876,0.3290631585,-0.166010498,0.8398598778,,0.7567100994,0.2553941549,-1.24918504,3.0,2.4431564289,0.0,0.0027444992999999,0.0767332901,0.1371343351999999,-0.403138011,1.6334292868,20.677129589,,0.0025851669,1.0,3.1283449965,0.0,0.0357667356999999,0.6253588995,-0.95377278,0.1818671819,0.5758951979,0.0,-0.011795933,0.0938044973,0.0,-0.074916816,,-0.258266394,0.0109560093,,,7.0,0.0672730025,4.299337e-11,0.0745473877,0.057960538,0.5116165962,36.54334532,1.6742994e-09,59.0,3.109375
1999-09-30,19687194.375,2.1094191518,4.4496491581,-2.7894088530000003,17.248730979,0.1332615506,0.4124459055,0.2429731487999999,-0.219024386,2.5843283115,,-0.083229693,6.4749034993,0.3901884218,-0.390188422,2.0,-3.2296788760000004,0.0081854908,-1.291200166,-0.229292248,44.864762549,0.0018197179,-0.056766843,,1.2178635585,2.1532070495,0.0514880884999999,0.0961561743,0.0,2.6257403683,1.7552952234,0.0,0.0,0.0,3.8706382082,-0.007302677,0.9632699354,,,0.0555173179999999,2.4201954397,0.3437177025999999,0.0298868217,3.2292980418,16247.513578,-0.567479909,0.0060925592,2.4526608702,-0.162233288,3.8001210876,0.3290631585,-0.166010498,0.8398598778,,0.7567100994,0.2553941549,-1.24918504,3.0,2.4431564289,0.0,0.0027444992999999,0.0767332901,0.1371343351999999,-0.403138011,1.6334292868,20.677129589,,0.0025851669,1.0,3.1283449965,0.0,0.0357667356999999,0.6253588995,-0.95377278,0.1818671819,0.5758951979,0.0,-0.011795933,0.0938044973,0.0,-0.074916816,,-0.258266394,0.0109560093,,,7.0,0.0814408043,4.812796e-11,0.1112523824,0.0599766488,0.3762438690999999,22.391927941,1.3529878e-09,59.0,3.996875
1999-10-29,25306453.875,2.157192279,4.6534785287,-3.0882966030000003,17.289745584000002,0.1315855631,0.3216445536,0.2854271233,-0.277676943,2.3426651429,,-0.025234491,7.280910559,0.3901884218,-0.390188422,2.0,-3.168701169,0.0081854908,-1.28350966,-0.229292248,44.864762549,0.0018197179,-0.056766843,,1.2178635585,2.1532070495,0.0514880884999999,0.0961561743,0.0,2.6257403683,1.7552952234,0.0,0.0,0.0,3.8706382082,-0.007302677,0.9632699354,,,0.0555173179999999,2.4201954397,0.3437177025999999,0.0298868217,3.2292980418,16247.513578,-0.567479909,0.0060925592,2.4526608702,-0.162233288,3.7395870248,0.3290631585,-0.166010498,0.8398598778,,0.7567100994,0.2553941549,-1.24918504,3.0,2.4431564289,0.0,0.0027444992999999,0.0767332901,0.1371343351999999,-0.403138011,1.6334292868,20.677129589,,0.0025851669,1.0,3.1283449965,0.0,0.0357667356999999,0.6253588995,-0.95377278,1.074291601,0.7959060862999999,0.0,0.0635865413,-0.196935092,0.0,-0.095097616,,-0.4444628639999999,0.0074239360999999,,,7.0,0.0701978844,4.305064e-11,0.2258064449,0.0602557947,0.6570830655,50.737689933,2.0233736e-09,59.0,3.53125
1999-11-30,24068081.875,2.1417121103,4.5869307636,-3.26162793,17.32156877,0.1297006495,0.3100405672,-0.116497263,-0.070831818,2.7933760821,,-0.014746791,7.758523844299999,0.3901884218,-0.390188422,2.0,-3.166929489,0.0081854908,-1.287375499,-0.229292248,44.864762549,0.0018197179,-0.056766843,,1.2178635585,2.1532070495,0.0514880884999999,0.0961561743,0.0,2.6257403683,1.7552952234,0.0,0.0,0.0,3.8706382082,-0.007302677,0.9632699354,,,0.0555173179999999,2.4201954397,0.3437177025999999,0.0298868217,3.2292980418,16247.513578,-0.567479909,0.0060925592,2.4526608702,-0.162233288,3.8001210876,0.3290631585,-0.166010498,0.8398598778,,0.7567100994,0.2553941549,-1.24918504,3.0,2.4431564289,0.0,0.0027444992999999,0.0767332901,0.1371343351999999,-0.403138011,1.6334292868,20.677129589,,0.0025851669,1.0,3.1283449965,0.0,0.0357667356999999,0.6253588995,-0.95377278,1.074291601,0.7959060862999999,0.0,0.0635865413,-0.196935092,0.0,-0.095097616,,-0.4444628639999999,0.0074239360999999,,,7.0,0.0573658849,3.675343e-11,0.059135709,0.0400469967,0.4117116859,21.759370693,2.5694265e-09,59.0,4.253125
1999-12-31,28988194.188,2.1693891964,4.7062494855,-0.422837131,17.593641576,0.1295149514,0.001403932,0.2044247836,0.1894736894,1.2070312266,,0.0014806682,8.3788084639,0.3901884218,-0.390188422,2.0,-3.166929489,0.0081854908,-1.290595275,-0.229292248,44.864762549,0.0018197179,-0.056766843,,1.2178635585,2.1532070495,0.0514880884999999,0.0961561743,0.0,2.6257403683,1.7552952234,0.0,0.0,0.0,3.8706382082,-0.007302677,0.9632699354,,,0.0555173179999999,2.4201954397,0.3437177025999999,0.0298868217,3.2292980418,16247.513578,-0.567479909,0.0060925592,2.4526608702,-0.162233288,3.8001210876,0.3290631585,-0.166010498,0.8398598778,,0.7567100994,0.2553941549,-1.24918504,3.0,2.4431564289,0.0,0.0027444992999999,0.0767332901,0.1371343351999999,-0.403138011,1.6334292868,20.677129589,,0.0025851669,1.0,3.1283449965,0.0,0.0357667356999999,0.6253588995,-0.95377278,1.074291601,0.7959060862999999,0.0,0.0635865413,-0.196935092,0.0,-0.095097616,,-0.4444628639999999,0.0074239360999999,,,7.0,0.0770085586,3.78536e-11,0.2011549621999999,0.0609759035,0.4707935556,19.471228312,2.4957247e-09,59.0,3.80625
2000-01-31,25942410.375,2.1244668055,4.5133592079,0.0483007369,17.682199164,0.129541798,-0.000306501,-0.1050698009999999,0.3596403688,0.5887159617000001,,-0.051549139,7.7459116692,0.3901884218,-0.390188422,2.0,-3.149275362,0.0081854908,-1.272842341,-0.229292248,44.864762549,0.0018197179,-0.056766843,,1.2178635585,2.1532070495,0.0514880884999999,0.0961561743,0.0,2.6257403683,1.7552952234,0.0,0.0,0.0,3.8706382082,-0.007302677,0.9632699354,,,0.0555173179999999,2.4201954397,0.3437177025999999,0.0298868217,3.2292980418,16247.513578,-0.567479909,0.0060925592,2.4526608702,-0.162233288,3.8001210876,0.3290631585,-0.166010498,0.8398598778,,0.7567100994,0.2553941549,-1.24918504,3.0,2.4431564289,0.0,0.0027444992999999,0.0767332901,0.1371343351999999,-0.403138011,1.6334292868,20.677129589,,0.0025851669,1.0,3.1283449965,0.0,0.0357667356999999,0.6253588995,-0.95377278,1.1273000103,0.4978809632,0.0,0.2403995082999999,-0.1890685819999999,0.0,-0.076122018,,-0.994685562,0.009429308,,,7.0,0.0720246752,3.637679e-11,0.1700776219,0.0549203509,0.4597148427,21.750567975,2.7102322e-09,59.0,3.228125
2000-02-29,22002060.688,1.9819821382,3.9282531961,0.4347513247,17.706697436,0.1314291291,-0.0463521079999999,-0.151888341,0.5215490329,0.3019775637,,-0.072532023,7.825926458500001,0.3901884218,-0.390188422,2.0,-3.166929489,0.0081854908,-1.278583525,-0.229292248,44.864762549,0.0018197179,-0.056766843,,1.2178635585,2.1532070495,0.0514880884999999,0.0961561743,0.0,2.6257403683,1.7552952234,0.0,0.0,0.0,3.8706382082,-0.007302677,0.9632699354,,,0.0555173179999999,2.4201954397,0.3437177025999999,0.0298868217,3.2292980418,16247.513578,-0.567479909,0.0060925592,2.4526608702,-0.162233288,3.8001210876,0.3290631585,-0.166010498,0.8398598778,,0.7567100994,0.2553941549,-1.24918504,3.0,2.4431564289,0.0,0.0027444992999999,0.0767332901,0.1371343351999999,-0.403138011,1.6334292868,20.677129589,,0.0025851669,1.0,3.1283449965,0.0,0.0357667356999999,0.6253588995,-0.95377278,1.1273000103,0.4978809632,0.0,0.2403995082999999,-0.1890685819999999,0.0,-0.076122018,,-0.954509153,0.009429308,,,7.0,0.0812622537,6.366276e-11,0.1740558296,0.0749113604,0.550207616,24.160929832,2.8071302e-09,59.0,3.44375
2000-03-31,23471704.625,1.8515006641,3.4280547092,0.1368059693,17.948630170999998,0.130920441,0.0311674416,0.066795744,0.0381909506,0.0078048854,,-0.030429307,6.909144595,0.3901884218,-0.390188422,2.0,-3.149275362,0.0081854908,-1.285535426,-0.229292248,44.864762549,0.0018197179,-0.056766843,,1.2178635585,2.1532070495,0.0514880884999999,0.0961561743,0.0,2.6257403683,1.7552952234,0.0,0.0,0.0,3.8706382082,-0.007302677,0.9632699354,,,0.0555173179999999,2.4201954397,0.3437177025999999,0.0298868217,3.2292980418,16247.513578,-0.567479909,0.0060925592,2.4526608702,-0.162233288,3.8001210876,0.3290631585,-0.166010498,0.8398598778,,0.7567100994,0.2553941549,-1.24918504,3.0,2.4431564289,0.0,0.0027444992999999,0.0767332901,0.1371343351999999,-0.403138011,1.6334292868,20.677129589,,0.0025851669,1.0,3.1283449965,0.0,0.0357667356999999,0.6253588995,-0.95377278,1.1273000103,0.4978809632,0.0,0.2403995082999999,-0.1890685819999999,0.0,-0.076122018,,-0.954509153,0.009429308,,,7.0,0.0659681172,6.988800999999999e-11,0.2124212384,0.0702442334,0.6052084397999999,25.857416966,3.553948e-09,59.0,3.35
2000-04-28,23447253.0,1.8614202245,3.4648852523,-0.090338834,18.033409322,0.1311694863,0.0851398953999999,-0.027223231,-0.138389359,-0.199999991,,0.0272689827999999,6.0046867212,0.3901884218,-0.390188422,2.0,-3.166929489,0.0081854908,-1.297530918,-0.229292248,44.864762549,0.0018197179,-0.056766843,,1.2178635585,2.1532070495,0.0514880884999999,0.0961561743,0.0,2.6257403683,1.7552952234,0.0,0.0,0.0,3.8706382082,-0.007302677,0.9632699354,,,0.0555173179999999,2.4201954397,0.3437177025999999,0.0298868217,3.2292980418,16247.513578,-0.567479909,0.0060925592,2.4526608702,-0.162233288,3.8001210876,0.3290631585,-0.166010498,0.8398598778,,0.7567100994,0.2553941549,-1.24918504,3.0,2.4431564289,0.0,0.0027444992999999,0.0767332901,0.1371343351999999,-0.403138011,1.6334292868,20.677129589,,0.0025851669,1.0,3.1283449965,0.0,0.0357667356999999,0.6253588995,-0.95377278,0.2063740137,0.4043599448,0.0,0.0380971454,-0.148532083,0.0,-0.085753546,,-0.345121059,0.0074537944,,,7.0,0.0617029417,6.5093e-11,0.1275559813,0.0451500527,0.3726536786,8.5382007423,4.1591261e-09,59.0,2.759375
2000-05-31,19413527.625,1.7148689815,2.9407756237,-0.039506691,18.220497058,0.1307626452,0.0278354998,-0.176305965,-0.0513274259999999,-0.221213214,5.9098711277,0.0056003831,5.0377846761,0.3901884218,-0.390188422,2.0,-3.029766829,0.0081854908,-1.3004541790000002,-0.229292248,44.864762549,0.0018197179,-0.056766843,,1.2178635585,2.1532070495,0.0514880884999999,0.0961561743,0.0,2.6257403683,1.7552952234,0.0,0.0,0.0,3.8706382082,-0.007302677,0.9632699354,,,0.0555173179999999,2.4201954397,0.3437177025999999,0.0298868217,3.2292980418,16247.513578,-0.567479909,0.0060925592,2.4526608702,-0.162233288,3.8001210876,0.3290631585,-0.166010498,0.8398598778,,0.7567100994,0.2553941549,-1.24918504,3.0,2.4431564289,0.0,0.0027444992999999,0.0767332901,0.1371343351999999,-0.403138011,1.6334292868,20.677129589,,0.0025851669,1.0,3.1283449965,0.0,0.0357667356999999,0.6253588995,-0.95377278,0.2063740137,0.4043599448,0.0,0.0380971454,-0.148532083,0.0,-0.085753546,,-0.345121059,0.0074537944,,,7.0,0.110654809,1.118428e-10,0.1673306823,0.0672481819,0.3889378403,11.934643869,4.9289403e-09,59.0,2.415625
2000-06-30,16995081.375,1.9283936403,3.718702032,-0.864666852,18.057543565,0.1304696755,-0.076005267,-0.124575309,-0.351212337,-0.070526298,5.2291666896,-0.082610746,4.2572997561,0.3901884218,-0.390188422,2.0,-2.939007565,0.0081854908,-1.3004541790000002,-0.229292248,44.864762549,0.0018197179,-0.056766843,,1.2178635585,2.1532070495,0.0514880884999999,0.0961561743,0.0,2.6257403683,1.7552952234,0.0,0.0,0.0,3.8706382082,-0.007302677,0.9632699354,,,0.0555173179999999,2.4201954397,0.3437177025999999,0.0298868217,3.2292980418,16247.513578,-0.567479909,0.0060925592,2.4526608702,-0.162233288,3.8001210876,0.3290631585,-0.166010498,0.8398598778,,0.7567100994,0.2553941549,-1.24918504,3.0,2.4431564289,0.0,0.0027444992999999,0.0767332901,0.1371343351999999,-0.403138011,1.6334292868,20.677129589,,0.0025851669,1.0,3.1283449965,0.0,0.0357667356999999,0.6253588995,-0.95377278,0.2063740137,0.4043599448,0.0,0.0380971454,-0.148532083,0.0,-0.085753546,,-0.345121059,0.0074537944,,,7.0,0.0912760943,1.67188e-10,0.1129032224,0.0587659971999999,0.3240077498,5.820598406799999,5.2986825e-09,59.0,1.815625
2000-07-31,12905462.5,1.9800824529,3.9207265202,-0.739771727,17.925586979000002,0.1283922367,-0.199005718,-0.248382926,-0.36535303,-0.227772213,5.5180723215,-0.0815898,4.6901981281,0.4032633218,-0.403263322,3.0,-2.811416279,0.0102641966,-1.183808127,-0.345097658,35.783263628,-0.003458621,-0.0200685819999999,-0.509553014,2.1273683166,2.2348361407,0.1225284142,-0.2813562189999999,1.0,1.3697794799,0.7918441626,0.0,0.0,0.0,0.9191898807,-0.027401335,0.5049671528999999,27.75,,0.0598577338999999,2.6190476190000003,0.7934753106999999,0.0839307077999999,3.3264824461,25421.323548,-1.630435109,0.0039155824,7.857106721,-0.478326381,-0.548882631,-0.406914416,-0.561559197,-4.499377848,,-0.755147793,-0.64056952,-0.873779112,1.0,1.0711794677,0.0,0.0060788757,0.0974010253,0.2625287143,-0.31912077,2.3220997808000003,7.431990609400001,,0.0146378257,1.0,1.6882782838,0.0,0.0624107981,0.4033112475,-1.233846437,0.2063740137,0.4043599448,0.0,0.0380971454,-0.148532083,0.0,-0.085753546,,-0.345121059,0.0074537944,,,6.0,0.0746931909999999,1.148083e-10,0.1531755924,0.0667445719,0.6463005495,30.654924846,3.410655e-09,59.0,1.50625
2000-08-31,10720403.0,1.988538144,3.9542839503,-0.82384134,17.999948403,0.1303717776,-0.151760073,-0.170395866,-0.437560499,-0.274203615,4.9107499169,-0.018324524,5.038525017,0.4032633218,-0.403263322,3.0,-2.811416279,0.0102641966,-1.225384554,-0.345097658,35.783263628,-0.003458621,-0.0200685819999999,-0.509553014,2.1211538618,2.2348361407,0.1225284142,-0.2813562189999999,1.0,1.3697794799,0.7918441626,0.0,0.0,0.0,0.9191898807,-0.027401335,0.5049671528999999,29.427152318,,0.0598577338999999,2.606557377,0.7934753106999999,0.0839307077999999,3.3264824461,25421.323548,-1.630435109,0.0039155824,7.857106721,-0.478326381,-0.548882631,-0.406914416,-0.561559197,-4.44996278,,-0.755147793,-0.64056952,-0.873779112,1.0,1.0711794677,0.0,0.0060788757,0.0974010253,0.2625287143,-0.31912077,2.3220997808000003,7.431990609400001,,0.0146378257,1.0,1.6882782838,0.0,0.0624107981,0.4033112475,-1.233846437,0.9077979617,0.285726655,0.0,-0.054743909,0.2866088208,0.0,-0.144304467,0.1638502574,-0.7696922070000001,0.0161046705,0.112609087,0.1602397004,5.0,0.0770518855,1.120996e-10,0.2142857164,0.064847874,0.6673601467,20.298701615,3.8761105e-09,59.0,2.075
2000-09-29,14768356.0,2.0964419806,4.3950689782,-0.504996844,17.785155667999998,0.127101594,-0.117689966,0.3775933683,-0.562613426,-0.515577885,5.0438596357,0.0269695600999999,5.1674772958,0.4032633218,-0.403263322,3.0,-2.811416279,0.0102641966,-1.152896228,-0.345097658,35.783263628,-0.003458621,-0.0200685819999999,-0.509553014,2.1273683166,2.2348361407,0.1225284142,-0.2813562189999999,1.0,1.3697794799,0.7918441626,0.0,0.0,0.0,0.9191898807,-0.027401335,0.5049671528999999,27.75,,0.0598577338999999,2.606557377,0.7934753106999999,0.0839307077999999,3.3264824461,25421.323548,-1.630435109,0.0039155824,7.857106721,-0.478326381,-0.548882631,-0.406914416,-0.561559197,-4.415909292,,-0.755147793,-0.64056952,-0.873779112,1.0,1.0711794677,0.0,0.0060788757,0.0974010253,0.2625287143,-0.31912077,2.3220997808000003,7.431990609400001,,0.0146378257,1.0,1.6882782838,0.0,0.0624107981,0.4033112475,-1.233846437,0.9077979617,0.285726655,0.0,-0.054743909,0.2866088208,0.0,-0.144304467,0.1638502574,-0.7696922070000001,0.0161046705,0.112609087,0.1602397004,5.0,0.0672339128,1.556223e-10,0.1067761778999999,0.0417736434,0.3876271034,7.0461747875,4.6313523e-09,59.0,1.921875
2000-10-31,13687670.625,2.0377321403,4.1523522755,-0.264460774,17.920730922,0.1232398676,-0.105713144,-0.073795177,-0.380597006,-0.4808443979999999,4.7264150669,0.1167856355,4.5161896526,0.4032633218,-0.403263322,3.0,-2.811416279,0.0102641966,-1.164642972,-0.345097658,35.783263628,-0.003458621,-0.0200685819999999,-0.509553014,2.2241572057,2.2348361407,0.1225284142,-0.2813562189999999,1.0,1.3697794799,0.7918441626,0.0,0.0,0.0,0.9191898807,-0.027401335,0.5049671528999999,29.427152318,,0.0598577338999999,2.606557377,0.7934753106999999,0.0839307077999999,3.3264824461,25421.323548,-1.630435109,0.0039155824,7.857106721,-0.478326381,-0.548882631,-0.406914416,-0.561559197,-4.44996278,,-0.755147793,-0.64056952,-0.873779112,1.0,1.0711794677,0.0,0.0060788757,0.0974010253,0.2625287143,-0.31912077,2.3220997808000003,7.431990609400001,,0.0146378257,1.0,1.6882782838,0.0,0.0624107981,0.4033112475,-1.233846437,0.4083451259,0.3695882726,0.0,-0.180593358,0.0612775916,1.0,-0.124790061,0.160804929,-1.146099291,0.0119521889999999,0.1481053288,0.2313515596,5.0,0.0735818269,1.201519e-10,0.1009036154,0.0458207513,0.3780595354,7.627525720199999,5.7370116e-09,59.0,1.83125
2000-11-30,13044872.75,2.0686410385,4.2792757462,-0.117769273,17.769777005,0.1222522459,-0.107486505,-0.0471544709999999,-0.30351075,-0.455752198,4.918367286700001,0.0454234311,4.9713800933,0.4032633218,-0.403263322,3.0,-2.811416279,0.0102641966,-1.122442215,-0.345097658,35.783263628,-0.003458621,-0.0200685819999999,-0.509553014,2.2241572057,2.2348361407,0.1225284142,-0.2813562189999999,1.0,1.3697794799,0.7918441626,0.0,0.0,0.0,0.9191898807,-0.027401335,0.5049671528999999,26.829268293,,0.0598577338999999,2.606557377,0.7934753106999999,0.0839307077999999,3.3264824461,25421.323548,-1.630435109,0.0039155824,7.857106721,-0.478326381,-0.548882631,-0.406914416,-0.561559197,-4.384069327,,-0.755147793,-0.64056952,-0.873779112,1.0,1.0711794677,0.0,0.0060788757,0.0974010253,0.2625287143,-0.31912077,2.3220997808000003,7.431990609400001,,0.0146378257,1.0,1.6882782838,0.0,0.0624107981,0.4033112475,-1.233846437,0.4083451259,0.3695882726,0.0,-0.180593358,0.0612775916,1.0,-0.124790061,0.160804929,-1.08959928,0.0119521889999999,0.1481053288,0.2313515596,5.0,0.1390676213,2.622112e-10,0.1568627506,0.091769406,0.4191210564,15.115640155,2.8404114e-09,59.0,1.234375
2000-12-29,8793045.625,2.1147176789,4.4720308614,-0.056968604,18.065736739,0.1231493259999999,-0.225219384,-0.325938553,-0.241914611,-0.56943423,6.8993712022,0.0490103611,5.099328928,0.4032633218,-0.403263322,3.0,-2.811416279,0.0102641966,-1.137439167,-0.345097658,35.783263628,-0.003458621,-0.0200685819999999,-0.509553014,2.2241572057,2.2348361407,0.1225284142,-0.2813562189999999,1.0,1.3697794799,0.7918441626,0.0,0.0,0.0,0.9191898807,-0.027401335,0.5049671528999999,27.75,,0.0598577338999999,2.606557377,0.7934753106999999,0.0839307077999999,3.3264824461,25421.323548,-1.630435109,0.0039155824,7.857106721,-0.478326381,-0.548882631,-0.406914416,-0.561559197,-4.367870567,,-0.755147793,-0.64056952,-0.873779112,1.0,1.0711794677,0.0,0.0060788757,0.0974010253,0.2625287143,-0.31912077,2.3220997808000003,7.431990609400001,,0.0146378257,1.0,1.6882782838,0.0,0.0624107981,0.4033112475,-1.233846437,0.4083451259,0.3695882726,0.0,-0.180593358,0.0612775916,1.0,-0.124790061,0.160804929,-1.062732827,0.0119521889999999,0.1481053288,0.2313515596,5.0,0.1088753524,2.597185e-10,0.1488833725,0.0647218092,0.3163444662,7.3645907811,4.6000572e-09,59.0,0.778125
2001-01-31,5557991.25,2.1382488895,4.5721083133,-0.048440063,17.499957335,0.1238282183,-0.282892714,-0.369620264,-0.32013767,-0.6756978509999999,10.692307603,-0.001273626,5.7448152919,0.4032633218,-0.403263322,3.0,-2.811416279,0.0102641966,-1.136812086,-0.345097658,35.783263628,-0.003458621,-0.0200685819999999,-0.509553014,2.2495582936000003,2.2173610622,0.1225284142,-0.2813562189999999,1.0,1.3697794799,0.7918441626,0.0,0.0,0.0,0.9191898807,-0.027401335,0.5049671528999999,30.536741214,,0.0598577338999999,2.4760273973,0.7934753106999999,0.0839307077999999,3.3264824461,25421.323548,-1.630435109,0.0039155824,7.857106721,-0.478326381,-0.548882631,-0.406914416,-0.561559197,-4.70385111,,-0.755147793,-0.64056952,-0.873779112,1.0,1.0711794677,0.0,0.0060788757,0.0974010253,0.2625287143,-0.31912077,2.3220997808000003,7.431990609400001,,0.0146378257,1.0,1.6882782838,0.0,0.0624107981,0.4033112475,-1.233846437,1.2253778942,0.3688421729,0.0,-0.1013877969999999,-0.200543163,0.0,-0.116195554,0.1553010556,-0.938983051,0.0204177107,0.1426965284,0.2353874246,5.0,0.1293205117,3.066539e-10,0.0964912251,0.0719163005,0.3211405112,10.395951318,3.8038677e-09,59.0,0.865625
2001-02-28,6182986.25,2.177592171,4.7419076633,0.1080866708,17.277496219,0.1257595952,-0.274822728,0.1124498025,-0.483402483,-0.758954495,9.6133332686,-0.014998309,5.3799798264,0.4032633218,-0.403263322,3.0,-2.811416279,0.0102641966,-1.125300865,-0.345097658,35.783263628,-0.003458621,-0.0200685819999999,-0.509553014,2.2910146798,2.2173610622,0.1225284142,-0.2813562189999999,1.0,1.3697794799,0.7918441626,0.0,0.0,0.0,0.9191898807,-0.027401335,0.5049671528999999,32.178035065,,0.0598577338999999,2.5872020075,0.7934753106999999,0.0839307077999999,3.3264824461,25421.323548,-1.630435109,0.0039155824,7.857106721,-0.478326381,-0.548882631,-0.406914416,-0.561559197,-4.790993605,,-0.755147793,-0.64056952,-0.873779112,1.0,1.0711794677,0.0,0.0060788757,0.0974010253,0.2625287143,-0.31912077,2.3220997808000003,7.431990609400001,,0.0146378257,1.0,1.6882782838,0.0,0.0624107981,0.4033112475,-1.233846437,1.2253778942,0.3688421729,0.0,-0.1013877969999999,-0.200543163,0.0,-0.116195554,0.1553010556,-0.726510104,0.0204177107,0.1426965284,0.2353874246,5.0,0.116643586,4.135453e-10,0.2657657564,0.0935544315,0.4532511300999999,14.227589282,3.5006467e-09,59.0,0.509375
2001-03-30,3652779.0625,2.1144664265,4.4709682687,-0.35705891,17.420918652,0.127068252,-0.14250318,-0.41155234,-0.582831321,-0.748638832,9.7337663297,-0.031570911,5.4543375496,0.4032633218,-0.403263322,3.0,-2.811416279,0.0102641966,-1.126858102,-0.345097658,35.783263628,-0.003458621,-0.0200685819999999,-0.509553014,2.2666048415,2.2272712038,0.1225284142,-0.2813562189999999,1.0,1.3697794799,0.7918441626,0.0,0.0,0.0,0.9191898807,-0.027401335,0.5049671528999999,29.427152318,,0.0598577338999999,2.6,0.7934753106999999,0.0839307077999999,3.3264824461,25421.323548,-1.630435109,0.0039155824,7.857106721,-0.478326381,-0.548882631,-0.406914416,-0.561559197,-4.790993605,,-0.755147793,-0.64056952,-0.873779112,1.0,1.0711794677,0.0,0.0060788757,0.0974010253,0.2625287143,-0.31912077,2.3220997808000003,7.431990609400001,,0.0146378257,1.0,1.6882782838,0.0,0.0624107981,0.4033112475,-1.233846437,1.2253778942,0.3688421729,0.0,-0.1013877969999999,-0.200543163,0.0,-0.116195554,0.1553010556,-0.728321033,0.0204177107,0.1426965284,0.2353874246,5.0,0.0905815703999999,4.618498e-10,0.095238097,0.0605023826999999,0.4243271896,11.120099438,4.8452078e-09,59.0,0.5115
2001-04-30,3671004.6457,2.121186914,4.4994339241,-0.307547706,16.666034192,0.1283002225,-0.19641007,0.0041717342,-0.734959345,-0.847947755,8.4000731606,0.0221549929999999,5.1178342442,0.4032633218,-0.403263322,3.0,-2.811416279,0.0102641966,-1.128136039,-0.345097658,35.783263628,-0.003458621,-0.0200685819999999,-0.509553014,2.3141657539,2.2348361407,0.1225284142,-0.2813562189999999,1.0,1.3697794799,0.7918441626,0.0,0.0,0.0,0.9191898807,-0.027401335,0.5049671528999999,26.037037037,,0.0598577338999999,2.6190476190000003,0.7934753106999999,0.0839307077999999,3.3264824461,25421.323548,-1.630435109,0.0039155824,7.857106721,-0.478326381,-0.548882631,-0.406914416,-0.561559197,-4.790993605,,-0.755147793,-0.64056952,-0.873779112,1.0,1.0711794677,0.0,0.0060788757,0.0974010253,0.2625287143,-0.31912077,2.3220997808000003,7.431990609400001,,0.0146378257,1.0,1.6882782838,0.0,0.0624107981,0.4033112475,-1.233846437,1.5657730963,0.3991897551,0.0,-0.049898158,0.0372715993,1.0,-0.097744978,0.1508440811,0.5047505938,0.0206083276,0.1377899917,0.2281318336,5.0,0.0881119753999999,7.168245e-10,0.2624999880999999,0.0771767233,0.5875756129,15.477670915,4.2157607e-09,59.0,0.789
2001-05-31,5668033.8841,2.1171301137,4.4822399181,-0.232793431,16.666480362,0.1296908306,-0.172395668,0.5425220132,-0.7206826009999999,-0.8146319390000001,6.2179837923,0.0038010463,4.923450197799999,0.4032633218,-0.403263322,3.0,-2.811416279,0.0102641966,-1.128136039,-0.345097658,35.783263628,-0.003458621,-0.0200685819999999,-0.509553014,2.3165542294,2.2348361407,0.1225284142,-0.2813562189999999,1.0,1.3697794799,0.7918441626,0.0,0.0,0.0,0.9191898807,-0.027401335,0.5049671528999999,25.804347826,,0.0598577338999999,2.6190476190000003,0.7934753106999999,0.0839307077999999,3.3264824461,25421.323548,-1.630435109,0.0039155824,7.857106721,-0.478326381,-0.548882631,-0.406914416,-0.561559197,-4.790993605,,-0.755147793,-0.64056952,-0.873779112,1.0,1.0711794677,0.0,0.0060788757,0.0974010253,0.2625287143,-0.31912077,2.3220997808000003,7.431990609400001,,0.0146378257,1.0,1.6882782838,0.0,0.0624107981,0.4033112475,-1.233846437,1.5657730963,0.3991897551,0.0,-0.049898158,0.0372715993,1.0,-0.097744978,0.1508440811,0.5008431703,0.0206083276,0.1377899917,0.2281318336,5.0,0.1012650299,6.444364e-10,0.3357228637,0.0980110808999999,0.6050869202,15.243667376,4.098925e-09,59.0,0.8345
2001-06-29,5994897.9818,2.3578805282,5.5596005851,0.1650545077,17.224482054,0.1326766208,-0.0600311829999999,0.0576679856,-0.3608101489999999,-0.673376457,5.5787235599,0.1532016318,4.6630525515,0.4032633218,-0.403263322,3.0,-2.811416279,0.0102641966,-1.137737134,-0.345097658,35.783263628,-0.003458621,-0.0200685819999999,-0.509553014,2.3165542294,2.2348361407,0.1225284142,-0.2813562189999999,1.0,1.3697794799,0.7918441626,0.0,0.0,0.0,0.9191898807,-0.027401335,0.5049671528999999,26.037037037,,0.0598577338999999,2.6190476190000003,0.7934753106999999,0.0839307077999999,3.3264824461,25421.323548,-1.630435109,0.0039155824,7.857106721,-0.478326381,-0.548882631,-0.406914416,-0.561559197,-4.790993605,,-0.755147793,-0.64056952,-0.873779112,1.0,1.0711794677,0.0,0.0060788757,0.0974010253,0.2625287143,-0.31912077,2.3220997808000003,7.431990609400001,,0.0146378257,1.0,1.6882782838,0.0,0.0624107981,0.4033112475,-1.233846437,1.5657730963,0.3991897551,0.0,-0.049898158,0.0372715993,1.0,-0.097744978,0.1508440811,0.5017051431,0.0206083276,0.1377899917,0.2281318336,5.0,0.0716134783,4.280968e-10,0.1127716601,0.054453559,0.288334733,4.6039230287,4.8950854e-09,59.0,0.7075
2001-07-31,5125002.5118,2.4749601813,6.1254278991,0.4806654843999999,17.008221689000003,0.1293230709,-0.003356547,-0.15218699,0.0724498321,-0.540378635,1.1842105326,0.0764952371,4.3692503069,0.5560706967,-0.556070697,4.0,0.1361015816,-0.174028881,-2.365371006,-0.378711052,5.0433214874,-0.02346927,0.3180668511,0.0241704612999999,0.03472353,-0.2176281619999999,-0.02000686,-1.00749838,1.0,1.3960927467,1.1086633770999998,0.0,0.0,0.0,-2.532607337,-0.253917816,0.2995030246,3.7562206614,4.81905e-05,0.0593660580999999,0.1842105262999999,0.0275956272,0.5581908752,0.4068190197,4775.035288100001,,0.0047692038,-0.6871735240000001,0.0192098562,0.4001029868999999,0.5763025519,0.1361734695,0.8931562326000001,,0.2034170463,1.1289411278,-0.907571391,4.0,1.2170456923,0.0,0.048457435,0.0975118239,0.3310781607999999,-0.238822516,2.5097026684,15.82227047,,0.0116744631,1.0,0.6843013246999999,0.0,0.4969390695,0.6519580047,-0.476256526,0.1996996082,0.5154261794,0.0,-0.005094883,-0.112763509,0.0,-0.241787222,0.146950425,0.5008431703,0.0533138659,0.1441155749,0.2204466882999999,4.0,0.0725813115,4.429405e-10,0.1029929668,0.0442411872,0.3876411118,7.044866015,5.4258496e-09,59.0,0.6245
2001-08-31,4530672.477,2.5039708885,6.269870210700001,0.1467552193,16.786990488,0.1289535388,0.047324451,-0.11731448,-0.1826715069999999,-0.530290464,0.6302142172,0.0530949445,4.2056997037,0.5560706967,-0.556070697,4.0,0.1361015816,-0.174028881,-2.382133998,-0.378711052,5.0433214874,-0.02346927,0.3180668511,0.0241704612999999,0.03472353,-0.2176281619999999,-0.02000686,-1.00749838,1.0,1.3960927467,1.1086633770999998,0.0,0.0,0.0,-2.509109426,-0.253917816,0.2995030246,3.7562206614,4.81905e-05,0.0593660580999999,0.1842105262999999,0.0275956272,0.5581908752,0.4068190197,4775.035288100001,,0.0047692038,-0.6871735240000001,0.0192098562,0.4001029868999999,0.5763025519,0.1361734695,0.8931562326000001,,0.2034170463,1.1289411278,-0.907571391,4.0,1.2170456923,0.0,0.048457435,0.0975118239,0.3310781607999999,-0.238822516,2.5097026684,15.82227047,,0.0116744631,1.0,0.6843013246999999,0.0,0.4969390695,0.6519580047,-0.476256526,0.1996996082,0.5154261794,0.0,-0.005094883,-0.112763509,0.0,-0.241787222,0.146950425,0.3568155067,0.0533138659,0.1441155749,0.2204466882999999,4.0,0.0683565131,3.55555e-10,0.0806794316,0.0687433599,0.5050329988000001,17.244691215,4.3459504e-09,59.0,0.447
2001-09-28,3242931.2078,2.5769155791,6.640493901799999,0.6320640238,16.893172164,0.127889311,0.0821191006,-0.284227401,0.2260122257,-0.6990361490000001,1.9731343465,0.0440401912,3.7064578256,0.5560706967,-0.556070697,4.0,0.1361015816,-0.174028881,-2.5527567230000003,-0.378711052,5.0433214874,-0.02346927,0.3180668511,0.0241704612999999,0.03472353,-0.2176281619999999,-0.02000686,-1.00749838,1.0,1.3960927467,1.1086633770999998,0.0,0.0,0.0,-2.31501182,-0.253917816,0.2995030246,3.7562206614,4.81905e-05,0.0593660580999999,0.1842105262999999,0.0275956272,0.5581908752,0.4068190197,4775.035288100001,,0.0047692038,-0.6871735240000001,0.0192098562,0.4001029868999999,0.5763025519,0.1361734695,0.8931562326000001,,0.2034170463,1.1289411278,-0.907571391,4.0,1.2170456923,0.0,0.048457435,0.0975118239,0.3310781607999999,-0.238822516,2.5097026684,15.82227047,,0.0116744631,1.0,0.6843013246999999,0.0,0.4969390695,0.6519580047,-0.476256526,0.1996996082,0.5154261794,0.0,-0.005094883,-0.112763509,0.0,-0.241787222,0.146950425,0.4023187766,0.0533138659,0.1441155749,0.2204466882999999,4.0,0.0617585373,8.091236e-10,0.0623052344,0.0381843251,0.3009460221,4.2164409313,6.7897107e-09,59.0,0.2985
2001-10-31,2219442.942,2.5544864967,6.525401261900001,0.3174313869,16.02216253,0.1272434999999999,0.1138462886999999,-0.332214743,-0.126099723,-0.767414644,1.066069446,0.0328450944,3.6145630746,0.5560706967,-0.556070697,4.0,0.1361015816,-0.174028881,-2.533800389,-0.378711052,5.0433214874,-0.02346927,0.3180668511,0.0241704612999999,0.03472353,-0.2176281619999999,-0.02000686,-1.00749838,1.0,1.3960927467,1.1086633770999998,0.0,0.0,0.0,-2.329509242,-0.253917816,0.2995030246,3.7562206614,4.81905e-05,0.0593660580999999,0.1842105262999999,0.0275956272,0.5581908752,0.4068190197,4775.035288100001,,0.0047692038,-0.6871735240000001,0.0192098562,0.4001029868999999,0.5763025519,0.1361734695,0.8931562326000001,,0.2034170463,1.1289411278,-0.907571391,4.0,1.2170456923,0.0,0.048457435,0.0975118239,0.3310781607999999,-0.238822516,2.5097026684,15.82227047,,0.0116744631,1.0,0.6843013246999999,0.0,0.4969390695,0.6519580047,-0.476256526,0.3569468002,0.4373504835,0.0,-0.103581633,0.0206651911,1.0,-0.104726136,0.1379385577,0.231178877,0.0344502409,0.203555887,0.2536907167,4.0,0.1109807511999999,7.505428e-10,0.0653594136,0.0564135384,0.3974927204999999,11.410908027,8.296610000000001e-09,59.0,0.349
2001-11-30,2594835.9471,2.3234946374,5.3986273302,0.0114788482,15.84671621,0.1259819806,0.0903420366,0.1691792755999999,-0.621673003,-0.8369965890000001,0.7380128576,0.1280751357,3.592162,0.5560706967,-0.556070697,4.0,0.1361015816,-0.174028881,-2.4412573440000003,-0.378711052,5.0433214874,-0.02346927,0.3180668511,0.0241704612999999,0.03472353,-0.2176281619999999,-0.02000686,-1.00749838,1.0,1.3960927467,1.1086633770999998,0.0,0.0,0.0,-2.31501182,-0.253917816,0.2995030246,3.7562206614,4.81905e-05,0.0593660580999999,0.1842105262999999,0.0275956272,0.5581908752,0.4068190197,4775.035288100001,,0.0047692038,-0.6871735240000001,0.0192098562,0.4001029868999999,0.5763025519,0.1361734695,0.8931562326000001,,0.2034170463,1.1289411278,-0.907571391,4.0,1.2170456923,0.0,0.048457435,0.0975118239,0.3310781607999999,-0.238822516,2.5097026684,15.82227047,,0.0116744631,1.0,0.6843013246999999,0.0,0.4969390695,0.6519580047,-0.476256526,0.3569468002,0.4373504835,0.0,-0.103581633,0.0206651911,1.0,-0.104726136,0.1379385577,0.231178877,0.0344502409,0.203555887,0.2536907167,4.0,0.0960048969999999,1.1717566e-09,0.1118421555,0.0761869169,0.5342679329,13.08128444,4.1280909e-09,59.0,0.566
2001-12-31,4208243.8465,2.3462553652,5.5049142387,0.0021997847,16.29681387,0.1219750464,0.2489717429,0.6217764616,-0.581785503,-0.7172658209999999,-0.228515596,0.1719482139,5.4732774589,0.5560706967,-0.556070697,4.0,0.1361015816,-0.174028881,-2.481224823,-0.378711052,5.0433214874,-0.02346927,0.3180668511,0.0241704612999999,0.03472353,-0.2176281619999999,-0.02000686,-1.00749838,1.0,1.3960927467,1.1086633770999998,0.0,0.0,0.0,-2.125665602,-0.253917816,0.2995030246,3.7562206614,4.81905e-05,0.0593660580999999,0.1842105262999999,0.0275956272,0.5581908752,0.4068190197,4775.035288100001,,0.0047692038,-0.6871735240000001,0.0192098562,0.4001029868999999,0.5763025519,0.1361734695,0.8931562326000001,,0.2034170463,1.1289411278,-0.907571391,4.0,1.2170456923,0.0,0.048457435,0.0975118239,0.3310781607999999,-0.238822516,2.5097026684,15.82227047,,0.0116744631,1.0,0.6843013246999999,0.0,0.4969390695,0.6519580047,-0.476256526,0.3569468002,0.4373504835,0.0,-0.103581633,0.0206651911,1.0,-0.104726136,0.1379385577,0.231178877,0.0344502409,0.203555887,0.2536907167,4.0,0.0875155841,5.234078e-10,0.3447136581,0.1046902878999999,0.9979106279,38.889925155,2.467903e-09,59.0,0.541
2002-01-31,4038218.6461,2.4213221671,5.8628010370000005,-0.144572589,17.385741506,0.1198948685,0.5355768937,-0.044169612,-0.199999978,-0.272610443,-0.709338512,0.065290372,6.2520044684,0.5560706967,-0.556070697,4.0,0.1361015816,-0.174028881,-2.477955798,-0.378711052,5.0433214874,-0.02346927,0.3180668511,0.0241704612999999,0.03472353,-0.2176281619999999,-0.02000686,-1.00749838,1.0,1.3960927467,1.1086633770999998,0.0,0.0,0.0,-2.193037975,-0.253917816,0.2995030246,3.7562206614,4.81905e-05,0.0593660580999999,0.1842105262999999,0.0275956272,0.5581908752,0.4068190197,4775.035288100001,,0.0047692038,-0.6871735240000001,0.0192098562,0.4001029868999999,0.5763025519,0.1361734695,0.8931562326000001,,0.2034170463,1.1289411278,-0.907571391,4.0,1.2170456923,0.0,0.048457435,0.0975118239,0.3310781607999999,-0.238822516,2.5097026684,15.82227047,,0.0116744631,1.0,0.6843013246999999,0.0,0.4969390695,0.6519580047,-0.476256526,1.2543478255,0.4527529375,0.0,0.0028586436,-0.272994522,2.0,-0.1145178569999999,0.0460478500999999,0.1343206658,0.0175119909,0.1973360883,0.2455749123,4.0,0.0700622717999999,3.3308900000000003e-10,0.1372736543,0.0563668342,0.3976769195,12.217000739,3.7824313e-09,59.0,0.7095
2002-02-28,5296999.1334,2.3053955141,5.3148484766,0.4146648809,16.962469525,0.1184059383,0.2333135073,0.3114602566,-0.133706949,-0.375018054,-0.703901645,0.1216975402999999,7.6316216214,0.5560706967,-0.556070697,4.0,0.1361015816,-0.174028881,-2.387061766,-0.378711052,5.0433214874,-0.02346927,0.3180668511,0.0241704612999999,0.03472353,-0.2176281619999999,-0.02000686,-1.00749838,1.0,1.3960927467,1.1086633770999998,0.0,0.0,0.0,-2.112474438,-0.253917816,0.2995030246,3.7562206614,4.81905e-05,0.0593660580999999,0.1842105262999999,0.0275956272,0.5581908752,0.4068190197,4775.035288100001,,0.0047692038,-0.6871735240000001,0.0192098562,0.4001029868999999,0.5763025519,0.1361734695,0.8931562326000001,,0.2034170463,1.1289411278,-0.907571391,4.0,1.2170456923,0.0,0.048457435,0.0975118239,0.3310781607999999,-0.238822516,2.5097026684,15.82227047,,0.0116744631,1.0,0.6843013246999999,0.0,0.4969390695,0.6519580047,-0.476256526,1.2543478255,0.4527529375,0.0,0.0028586436,-0.273893779,2.0,-0.1145178569999999,0.0460478500999999,0.1343206658,0.0175119909,0.1973360883,0.2455749123,4.0,0.0697649555,3.407648e-10,0.2401575296999999,0.0777159435,0.7179093028,31.460143998000003,2.3869226e-09,59.0,0.705
2002-03-28,5263403.2424,2.3349644308,5.4520588932,0.6996354091,17.649164599000002,0.123680656,0.4170645452,-0.006342439,0.5872483916,0.3928834089999999,-0.840975602,0.0752474388,6.276571165499999,0.5560706967,-0.556070697,4.0,0.1361015816,-0.174028881,-2.442265419,-0.378711052,5.0433214874,-0.02346927,0.3180668511,0.0241704612999999,0.03472353,-0.2176281619999999,-0.02000686,-1.00749838,1.0,1.3960927467,1.1086633770999998,0.0,0.0,0.0,-2.006408836,-0.253917816,0.2995030246,3.7562206614,4.81905e-05,0.0593660580999999,0.1842105262999999,0.0275956272,0.5581908752,0.4068190197,4775.035288100001,,0.0047692038,-0.6871735240000001,0.0192098562,0.4001029868999999,0.5763025519,0.1361734695,0.8931562326000001,,0.2034170463,1.1289411278,-0.907571391,4.0,1.2170456923,0.0,0.048457435,0.0975118239,0.3310781607999999,-0.238822516,2.5097026684,15.82227047,,0.0116744631,1.0,0.6843013246999999,0.0,0.4969390695,0.6519580047,-0.476256526,1.2543478255,0.4527529375,0.0,0.0028586436,-0.273893779,2.0,-0.1145178569999999,0.0460478500999999,0.1343206658,0.0175119909,0.1973360883,0.2455749123,4.0,0.064057608,3.489732e-10,0.1138790697,0.0496983655999999,0.2751390978,8.4894317798,5.1937257e-09,59.0,0.715
2002-04-30,5364058.7715,2.3370423273,5.4617668396,1.8117322901,16.965474910999998,0.1220507585,0.4843965811999999,0.0141843837,1.3618092036000002,0.3782992336,-0.881176043,0.0866740934,5.8290128641,0.5560706967,-0.556070697,4.0,0.1361015816,-0.174028881,-2.446284213,-0.378711052,5.0433214874,-0.02346927,0.3180668511,0.0241704612999999,0.03472353,-0.2176281619999999,-0.02000686,-1.00749838,1.0,1.3960927467,1.1086633770999998,0.0,0.0,0.0,-2.087198834,-0.253917816,0.2995030246,3.7562206614,4.81905e-05,0.0593660580999999,0.1842105262999999,0.0275956272,0.5581908752,0.4068190197,4775.035288100001,,0.0047692038,-0.6871735240000001,0.0192098562,0.4001029868999999,0.5763025519,0.1361734695,0.8931562326000001,,0.2034170463,1.1289411278,-0.907571391,4.0,1.2170456923,0.0,0.048457435,0.0975118239,0.3310781607999999,-0.238822516,2.5097026684,15.82227047,,0.0116744631,1.0,0.6843013246999999,0.0,0.4969390695,0.6519580047,-0.476256526,1.0673109194,0.496223915,0.0,0.024315472,-0.016179077,0.0,-0.126296991,0.0453136085,0.1187987392,0.0006411519,0.1985766721,0.2453820178,4.0,0.0620644829,3.094191e-10,0.0914893597,0.046412309,0.4405875243,9.3987917204,4.9615293e-09,59.0,0.8345
2002-05-31,6260001.9503,2.3433946401,5.491498439400001,1.9487854632,16.974093909,0.1208060533,0.4864816393,0.1671328843,1.0487106309999998,-0.093789556,-0.816578275,0.1145561096,4.3635272945,0.5560706967,-0.556070697,4.0,0.1361015816,-0.174028881,-2.484457737,-0.378711052,5.0433214874,-0.02346927,0.3180668511,0.0241704612999999,0.03472353,-0.2176281619999999,-0.02000686,-1.00749838,1.0,1.3960927467,1.1086633770999998,0.0,0.0,0.0,-2.125665602,-0.253917816,0.2995030246,3.7562206614,4.81905e-05,0.0593660580999999,0.1842105262999999,0.0275956272,0.5581908752,0.4068190197,4775.035288100001,,0.0047692038,-0.6871735240000001,0.0192098562,0.4001029868999999,0.5763025519,0.1361734695,0.8931562326000001,,0.2034170463,1.1289411278,-0.907571391,4.0,1.2170456923,0.0,0.048457435,0.0975118239,0.3310781607999999,-0.238822516,2.5097026684,15.82227047,,0.0116744631,1.0,0.6843013246999999,0.0,0.4969390695,0.6519580047,-0.476256526,1.0673109194,0.496223915,0.0,0.024315472,-0.016179077,0.0,-0.126296991,0.0453136085,0.1187987392,0.0006411519,0.1985766721,0.2453820178,4.0,0.0574704281,3.49961e-10,0.1941678821999999,0.0525142170999999,0.5385207745,17.052948644,4.6358358e-09,59.0,0.9115
2002-06-28,6837617.0783,2.3516586797,5.5302985458,0.9321736029,17.105938789,0.1226309127999999,0.401261901,0.0922707617,0.474381707,2.2610712000000004e-08,-0.718905245,0.047325564,4.2278852357,0.5560706967,-0.556070697,4.0,0.1361015816,-0.174028881,-2.344101339,-0.378711052,5.0433214874,-0.02346927,0.3180668511,0.0241704612999999,0.03472353,-0.2176281619999999,-0.02000686,-1.00749838,1.0,1.3960927467,1.1086633770999998,0.0,0.0,0.0,-2.125665602,-0.253917816,0.2995030246,3.7562206614,4.81905e-05,0.0593660580999999,0.1842105262999999,0.0275956272,0.5581908752,0.4068190197,4775.035288100001,,0.0047692038,-0.6871735240000001,0.0192098562,0.4001029868999999,0.5763025519,0.1361734695,0.8931562326000001,,0.2034170463,1.1289411278,-0.907571391,4.0,1.2170456923,0.0,0.048457435,0.0975118239,0.3310781607999999,-0.238822516,2.5097026684,15.82227047,,0.0116744631,1.0,0.6843013246999999,0.0,0.4969390695,0.6519580047,-0.476256526,1.0673109194,0.496223915,0.0,0.024315472,-0.016179077,0.0,-0.126296991,0.0453136085,0.1187987392,0.0006411519,0.1985766721,0.2453820178,4.0,0.0478922394,1.73316e-10,0.0860277042,0.0341975966,0.3783385524,7.5006741137,4.7548879e-09,59.0,0.8125
2002-07-31,6179940.0,2.3435644866,5.4922945027,0.7371841346,17.168811073,0.1222114471,0.4801120639,-0.1086121569999999,0.6848428871,0.2883392603,-0.773826173,0.0241127598,4.052381841,0.2316484994,-0.2316484989999999,5.0,0.2330597718,-0.356592876,-2.235776591,-0.094179144,4.572419572799999,-0.029662088,-0.312572057,0.3764025653,0.0450187601999999,-0.128898021,-0.016349495,0.3392934925999999,1.0,1.3109416614,0.9778878459,0.0,0.0,0.0,0.4887552455,-0.137871184,0.4136754514999999,-0.824699099,-0.007835204,0.0652658854,-0.133333333,-0.034639881,0.7621050723,-0.00801729,3006.1516172,,0.0074889188,-0.577240903,-0.060992427,-0.117957835,0.0627178388,-0.05101194,0.3071795314,,0.2802443317,0.3730965373,-0.784856508,4.0,1.1549618304,1.0,0.060394945,0.0781083213,0.3306135212,-0.315499203,3.133132648,21.725504794000003,,0.0076131667,1.0,0.1305040618,0.0,0.7732203690999999,0.7453756863,-0.987348699,2.8228635879,0.608584059,0.0,0.0226975524,0.2298400607,1.0,0.0037783132,0.0510657166,-0.003498639,0.0353648498,0.2004745438,0.2679310335,4.0,0.0558264558,1.865991e-10,0.0945303291,0.0432852166,0.3073803834,7.0188484787,5.6707207e-09,59.0,0.72295
2002-08-30,5501201.1317,2.270693219,5.156047694700001,-0.1171518969999999,16.973601661,0.1218524377999999,0.4113693411999999,-0.110215411,0.1451726873,0.3010408895,-0.750356026,0.0420204449,4.2068228073,0.2316484994,-0.2316484989999999,5.0,0.2330597718,-0.356592876,-2.144451302,-0.094179144,4.572419572799999,-0.029662088,-0.312572057,0.3764025653,0.0450187601999999,-0.128898021,-0.016349495,0.3392934925999999,1.0,1.3109416614,0.9778878459,0.0,0.0,0.0,0.4887552455,-0.137871184,0.4136754514999999,-0.824699099,-0.007835204,0.0652658854,-0.133333333,-0.034639881,0.7621050723,-0.00801729,3006.1516172,,0.0074889188,-0.577240903,-0.060992427,-0.117957835,0.0627178388,-0.05101194,0.3071795314,,0.2802443317,0.3730965373,-0.784856508,4.0,1.1549618304,1.0,0.060394945,0.0781083213,0.3306135212,-0.315499203,3.133132648,21.725504794000003,,0.0076131667,1.0,0.1305040618,0.0,0.7732203690999999,0.7453756863,-0.987348699,2.8228635879,0.608584059,0.0,0.0226975524,0.2298400607,1.0,0.0037783132,0.0510657166,-0.003498639,0.0353648498,0.2004745438,0.2679310335,4.0,0.0842915410999999,4.190436e-10,0.1082752942999999,0.061040778,0.3770550749,9.2978680637,4.2374163e-09,59.0,0.747
2002-09-30,5684206.7003,2.2184077787,4.9213330726,-0.517606965,17.066407897999998,0.1220709917,0.2400970436,0.0332664736,0.0254609323,0.6173378742,-0.85624121,0.0574605011,3.8480424047,0.2316484994,-0.2316484989999999,5.0,0.2330597718,-0.356592876,-2.10290922,-0.094179144,4.572419572799999,-0.029662088,-0.312572057,0.3764025653,0.0450187601999999,-0.128898021,-0.016349495,0.3392934925999999,1.0,1.3109416614,0.9778878459,0.0,0.0,0.0,0.4887552455,-0.137871184,0.4136754514999999,-0.824699099,-0.007835204,0.0652658854,-0.133333333,-0.034639881,0.7621050723,-0.00801729,3006.1516172,,0.0074889188,-0.577240903,-0.060992427,-0.117957835,0.0627178388,-0.05101194,0.3071795314,,0.2802443317,0.3730965373,-0.784856508,4.0,1.1549618304,1.0,0.060394945,0.0781083213,0.3306135212,-0.315499203,3.133132648,21.725504794000003,,0.0076131667,1.0,0.1305040618,0.0,0.7732203690999999,0.7453756863,-0.987348699,2.8228635879,0.608584059,0.0,0.0226975524,0.2298400607,1.0,0.0037783132,0.0510657166,-0.003498639,0.0353648498,0.2004745438,0.2679310335,4.0,0.0557832968,4.025012e-10,0.0675990582,0.0340430526,0.2738092238,3.488998333,6.4790546e-09,59.0,0.7965
2002-10-31,6072770.9963,2.2308785549000003,4.9768191269,-1.281323997,16.674661502,0.1201061639,0.4428722975999999,0.0662651137,0.0447551928,1.5025125728,-0.925316652,0.0438095463,3.8717811595,0.2316484994,-0.2316484989999999,5.0,0.2330597718,-0.356592876,-2.104765173,-0.094179144,4.572419572799999,-0.029662088,-0.312572057,0.3764025653,0.0450187601999999,-0.128898021,-0.016349495,0.3392934925999999,1.0,1.3109416614,0.9778878459,0.0,0.0,0.0,0.4887552455,-0.137871184,0.4136754514999999,-0.824699099,-0.007835204,0.0652658854,-0.133333333,-0.034639881,0.7621050723,-0.00801729,3006.1516172,,0.0074889188,-0.577240903,-0.060992427,-0.117957835,0.0627178388,-0.05101194,0.3071795314,,0.2802443317,0.3730965373,-0.784856508,4.0,1.1549618304,1.0,0.060394945,0.0781083213,0.3306135212,-0.315499203,3.133132648,21.725504794000003,,0.0076131667,1.0,0.1305040618,0.0,0.7732203690999999,0.7453756863,-0.987348699,1.5252080269,0.5472080756000001,0.0,-0.0051616679999999,0.1615565419,0.0,-0.014626145,0.0554696659999999,0.0166326389,0.0274169259,0.2213097418,0.2646547187,4.0,0.0553479218,2.758768e-10,0.0902733727999999,0.044221595,0.4135708655,7.1349718449,5.6326614e-09,59.0,0.968
2002-11-29,7385162.6328,2.1686062743,4.702853173,-1.231141518,16.974250926,0.1189204958,0.3302496992,0.2153170257999999,-0.045536263,1.2822349903,-0.901168136,0.0708257816999999,4.1119228938,0.2316484994,-0.2316484989999999,5.0,0.2330597718,-0.356592876,-2.215839718,-0.094179144,4.572419572799999,-0.029662088,-0.312572057,0.3764025653,0.0450187601999999,-0.128898021,-0.016349495,0.3392934925999999,1.0,1.3109416614,0.9778878459,0.0,0.0,0.0,0.4887552455,-0.137871184,0.4136754514999999,-0.824699099,-0.007835204,0.0652658854,-0.133333333,-0.034639881,0.7621050723,-0.00801729,3006.1516172,,0.0074889188,-0.577240903,-0.060992427,-0.117957835,0.0627178388,-0.05101194,0.3071795314,,0.2802443317,0.3730965373,-0.784856508,4.0,1.1549618304,1.0,0.060394945,0.0781083213,0.3306135212,-0.315499203,3.133132648,21.725504794000003,,0.0076131667,1.0,0.1305040618,0.0,0.7732203690999999,0.7453756863,-0.987348699,1.5252080269,0.5472080756000001,0.0,-0.0051616679999999,0.1615565419,0.0,-0.014626145,0.0554696659999999,0.0166326389,0.0274169259,0.2213097418,0.2646547187,4.0,0.0517947245,1.331881e-10,0.0652430877,0.0270932329999999,0.3269179935,7.6498599303,3.5214243e-09,59.0,1.1675
2002-12-31,8907207.8955,2.1081319183,4.444220185,-0.32956825,17.501477109,0.1178776088,0.0944372162,0.2060950248999999,0.0619857921,0.7102474393000001,-0.866921378,0.0806384792,4.8278801222,0.2316484994,-0.2316484989999999,5.0,0.2330597718,-0.356592876,-2.215839718,-0.094179144,4.572419572799999,-0.029662088,-0.312572057,0.3764025653,0.0450187601999999,-0.128898021,-0.016349495,0.3392934925999999,1.0,1.3109416614,0.9778878459,0.0,0.0,0.0,0.4887552455,-0.137871184,0.4136754514999999,-0.824699099,-0.007835204,0.0652658854,-0.133333333,-0.034639881,0.7621050723,-0.00801729,3006.1516172,,0.0074889188,-0.577240903,-0.060992427,-0.117957835,0.0627178388,-0.05101194,0.3071795314,,0.2802443317,0.3730965373,-0.784856508,4.0,1.1549618304,1.0,0.060394945,0.0781083213,0.3306135212,-0.315499203,3.133132648,21.725504794000003,,0.0076131667,1.0,0.1305040618,0.0,0.7732203690999999,0.7453756863,-0.987348699,1.5252080269,0.5472080756000001,0.0,-0.0051616679999999,0.1615565419,0.0,-0.014626145,0.0554696659999999,0.0166326389,0.0274169259,0.2213097418,0.2646547187,4.0,0.0450684959,1.642723e-10,0.0756222904,0.0344840312,0.503599067,13.082967337,4.0110077e-09,59.0,0.9445
2003-01-31,7327544.1032,2.0848079283,4.3464240978,-0.339386972,17.586136322999998,0.1160223507,0.12997702,-0.1910064669999999,0.4369230982,1.1580407511,-0.85786535,0.1264441771,4.9304825414,0.2316484994,-0.2316484989999999,5.0,0.2330597718,-0.356592876,-2.205572392,-0.094179144,4.572419572799999,-0.029662088,-0.312572057,0.3764025653,0.0450187601999999,-0.128898021,-0.016349495,0.3392934925999999,1.0,1.3109416614,0.9778878459,0.0,0.0,0.0,0.4887552455,-0.137871184,0.4136754514999999,-0.824699099,-0.007835204,0.0652658854,-0.133333333,-0.034639881,0.7621050723,-0.00801729,3006.1516172,,0.0074889188,-0.577240903,-0.060992427,-0.117957835,0.0627178388,-0.05101194,0.3071795314,,0.2802443317,0.3730965373,-0.784856508,4.0,1.1549618304,1.0,0.060394945,0.0781083213,0.3306135212,-0.315499203,3.133132648,21.725504794000003,,0.0076131667,1.0,0.1305040618,0.0,0.7732203690999999,0.7453756863,-0.987348699,0.7548236539000001,0.5739038512,0.0,0.0044885076,-0.078483662,0.0,-0.06869159,0.0543596689,0.0646363244,0.0223270776,0.221471971,0.2639316409,4.0,0.036268742,1.270236e-10,0.0325481892,0.0275552137,0.4856272747999999,11.458584505,4.9631747e-09,59.0,1.0925
2003-02-28,8483109.6981,2.2074578864,4.8728703203,0.4922125655,17.225494678,0.1144952041,-0.0295723489999999,0.1566967219,0.3064527168,0.3312191532,-0.780212967,0.0402668828,4.638954641000001,0.2316484994,-0.2316484989999999,5.0,0.2330597718,-0.356592876,-2.212913655,-0.094179144,4.572419572799999,-0.029662088,-0.312572057,0.3764025653,0.0450187601999999,-0.128898021,-0.016349495,0.3392934925999999,1.0,1.3109416614,0.9778878459,0.0,0.0,0.0,0.4887552455,-0.137871184,0.4136754514999999,-0.824699099,-0.007835204,0.0652658854,-0.133333333,-0.034639881,0.7621050723,-0.00801729,3006.1516172,,0.0074889188,-0.577240903,-0.060992427,-0.117957835,0.0627178388,-0.05101194,0.3071795314,,0.2802443317,0.3730965373,-0.784856508,4.0,1.1549618304,1.0,0.060394945,0.0781083213,0.3306135212,-0.315499203,3.133132648,21.725504794000003,,0.0076131667,1.0,0.1305040618,0.0,0.7732203690999999,0.7453756863,-0.987348699,0.7548236539000001,0.5739038512,0.0,0.0044885076,-0.078483662,0.0,-0.06869159,0.0543596689,0.0646363244,0.0223270776,0.221471971,0.2639316409,4.0,0.041784099,1.235556e-10,0.0485437289,0.0233735635999999,0.2925984101,8.7137764771,4.6978215e-09,59.0,1.1005
2003-03-31,8545228.5189,2.1879076259,4.7869397793,0.4136518916,17.422180259,0.1124382835,-0.0213834529999999,0.0073226470999999,0.4625167984,0.549645361,-0.7952812909999999,0.0854125598,3.8372279493,0.2316484994,-0.2316484989999999,5.0,0.2330597718,-0.356592876,-2.333577708,-0.094179144,4.572419572799999,-0.029662088,-0.312572057,0.3764025653,0.0450187601999999,-0.128898021,-0.016349495,0.3392934925999999,1.0,1.3109416614,0.9778878459,0.0,0.0,0.0,0.4887552455,-0.137871184,0.4136754514999999,-0.824699099,-0.007835204,0.0652658854,-0.133333333,-0.034639881,0.7621050723,-0.00801729,3006.1516172,,0.0074889188,-0.577240903,-0.060992427,-0.117957835,0.0627178388,-0.05101194,0.3071795314,,0.2802443317,0.3730965373,-0.784856508,4.0,1.1549618304,1.0,0.060394945,0.0781083213,0.3306135212,-0.315499203,3.133132648,21.725504794000003,,0.0076131667,1.0,0.1305040618,0.0,0.7732203690999999,0.7453756863,-0.987348699,0.7548236539000001,0.5739038512,0.0,0.0044885076,-0.078483662,0.0,-0.06869159,0.0543596689,0.0646363244,0.0223270776,0.221471971,0.2639316409,4.0,0.0337474272,1.061759e-10,0.0663010925,0.0238270229,0.2453672864999999,4.6656923916,7.5418133e-09,59.0,1.3015
2003-04-30,10193582.539,2.2844059202,5.2185104083,0.5200378536,17.077059052,0.1124698210999999,-0.128222483,0.1826442778,0.3816697874,0.5391608196000001,-0.786567151,-0.110277827,3.8801215497,0.2316484994,-0.2316484989999999,5.0,0.2330597718,-0.356592876,-2.34203166,-0.094179144,4.572419572799999,-0.029662088,-0.312572057,0.3764025653,0.0450187601999999,-0.128898021,-0.016349495,0.3392934925999999,1.0,1.3109416614,0.9778878459,0.0,0.0,0.0,0.4887552455,-0.137871184,0.4136754514999999,-0.824699099,-0.007835204,0.0652658854,-0.133333333,-0.034639881,0.7621050723,-0.00801729,3006.1516172,,0.0074889188,-0.577240903,-0.060992427,-0.117957835,0.0627178388,-0.05101194,0.3071795314,,0.2802443317,0.3730965373,-0.784856508,4.0,1.1549618304,1.0,0.060394945,0.0781083213,0.3306135212,-0.315499203,3.133132648,21.725504794000003,,0.0076131667,1.0,0.1305040618,0.0,0.7732203690999999,0.7453756863,-0.987348699,0.5593793757,0.5782016221,0.0,0.0018835443,-0.003535908,1.0,-0.024445192,0.0574440633,0.0242951262,0.034912893,0.2202769075,0.270629466,4.0,0.0367483216999999,1.080635e-10,0.0744637921,0.0292101921,0.4391184904999999,7.505108821599999,4.8930657e-09,59.0,1.4335
2003-05-30,11238418.319,2.2605877398,5.1102569295,0.3219454405,17.457820085999998,0.1126796833,-0.1537469659999999,0.1021897718,0.3445247892,0.5596165274,-0.697576423,0.0247844137,4.3244204817,0.2316484994,-0.2316484989999999,5.0,0.2330597718,-0.356592876,-2.34203166,-0.094179144,4.572419572799999,-0.029662088,-0.312572057,0.3764025653,0.0450187601999999,-0.128898021,-0.016349495,0.3392934925999999,1.0,1.3109416614,0.9778878459,0.0,0.0,0.0,0.4887552455,-0.137871184,0.4136754514999999,-0.824699099,-0.007835204,0.0652658854,-0.133333333,-0.034639881,0.7621050723,-0.00801729,3006.1516172,,0.0074889188,-0.577240903,-0.060992427,-0.117957835,0.0627178388,-0.05101194,0.3071795314,,0.2802443317,0.3730965373,-0.784856508,4.0,1.1549618304,1.0,0.060394945,0.0781083213,0.3306135212,-0.315499203,3.133132648,21.725504794000003,,0.0076131667,1.0,0.1305040618,0.0,0.7732203690999999,0.7453756863,-0.987348699,0.5593793757,0.5782016221,0.0,0.0018835443,-0.003535908,1.0,-0.024445192,0.0574440633,0.0242951262,0.034912893,0.2202769075,0.270629466,4.0,0.0330490857,7.938631999999999e-11,0.1532642692,0.0398915632,0.4766990417,19.215882438,3.6384238e-09,59.0,1.797
2003-06-30,14058794.670999998,2.2342910829,4.992056643,0.2561891296999999,17.532411025,0.1092253144999999,-0.1341910359999999,0.2509584725,0.2286937928,0.5737795469,-0.622664937,0.093492016,4.8950520505,0.2316484994,-0.2316484989999999,5.0,0.2330597718,-0.356592876,-2.34203166,-0.094179144,4.572419572799999,-0.029662088,-0.312572057,0.3764025653,0.0450187601999999,-0.128898021,-0.016349495,0.3392934925999999,1.0,1.3109416614,0.9778878459,0.0,0.0,0.0,0.4887552455,-0.137871184,0.4136754514999999,-0.824699099,-0.007835204,0.0652658854,-0.133333333,-0.034639881,0.7621050723,-0.00801729,3006.1516172,,0.0074889188,-0.577240903,-0.060992427,-0.117957835,0.0627178388,-0.05101194,0.3071795314,,0.2802443317,0.3730965373,-0.784856508,4.0,1.1549618304,1.0,0.060394945,0.0781083213,0.3306135212,-0.315499203,3.133132648,21.725504794000003,,0.0076131667,1.0,0.1305040618,0.0,0.7732203690999999,0.7453756863,-0.987348699,0.5593793757,0.5782016221,0.0,0.0018835443,-0.003535908,1.0,-0.024445192,0.0574440633,0.0242951262,0.034912893,0.2202769075,0.270629466,4.0,0.0342607233,5.948611e-11,0.065097712,0.0231320634,0.2981529391,6.8451200329,4.2294199e-09,59.0,1.8245
2003-07-31,14409233.479,2.1715799894,4.7157596503,0.7602489801000001,17.607218024,0.1083399788,0.0274759158,0.0119810617,0.8999470909999999,1.2086153343,-0.552495679,0.1095589374,4.969311415,0.1787344859,-0.178734486,6.0,-0.215506486,-0.184620383,-2.317797942,-0.0193685839999999,5.8285680443,0.0237857312,-0.131849152,0.4672826517,0.039355015,-0.089941473,0.0323611162,0.081153121,1.0,1.5157032453,0.3665527699,0.0,0.0,0.0,-0.060545833,-0.020461562,0.6564037550999999,-0.709382745,,0.0697040396,-0.0384615379999999,0.0630797162,0.4562596751,0.0863401924,6330.0763665,,0.0093208133999999,-0.574924471,0.1561942761999999,-0.625158681,-0.042623931,0.1479198779,-0.14887407,,0.2203781016,-0.105700773,-2.162459232,6.0,1.3258036433,1.0,0.0343284173,0.0639580709999999,,0.2564671927,3.0230820258,19.429102137,,0.0054143691,1.0,0.2595741846,0.0,0.5367331560999999,,-0.8834653840000001,0.8082869747,0.6536057945,0.0,0.0130246083,0.0482418439,2.0,0.0017703960999999,0.0621605454,-0.001793107,0.0427754491,0.2209288427,0.2883719943,5.0,0.0366417943,5.180014e-11,0.0501025207,0.0226302637999999,0.1951070453999999,4.2824494828,4.6760007e-09,59.0,2.086
2003-08-29,16530580.078,2.0218143914,4.0877334332,0.3945511854999999,17.622886105,0.1077980134,0.3131508382999999,0.1464757621,0.6622425203,1.5119303227,-0.520033192,0.1390591401,5.0094911928,0.1787344859,-0.178734486,6.0,-0.215506486,-0.184620383,-2.304111695,-0.0193685839999999,5.8285680443,0.0237857312,-0.131849152,0.4672826517,0.039355015,-0.089941473,0.0323611162,0.081153121,1.0,1.5157032453,0.3665527699,0.0,0.0,0.0,-0.060545833,-0.020461562,0.6564037550999999,-0.709382745,,0.0697040396,-0.0384615379999999,0.0630797162,0.4562596751,0.0863401924,6330.0763665,,0.0093208133999999,-0.574924471,0.1561942761999999,-0.625158681,-0.042623931,0.1479198779,-0.14887407,,0.2203781016,-0.105700773,-2.162459232,6.0,1.3258036433,1.0,0.0343284173,0.0639580709999999,,0.2564671927,3.0230820258,19.429102137,,0.0054143691,1.0,0.2595741846,0.0,0.5367331560999999,,-0.8834653840000001,0.8082869747,0.6536057945,0.0,0.0130246083,0.0482418439,2.0,0.0017703960999999,0.0621605454,-0.001793107,0.0427754491,0.2209288427,0.2883719943,5.0,0.0394950843,6.812646999999999e-11,0.1502724886,0.0413465262,0.4848075590999999,16.362249066,3.4041011e-09,59.0,2.322
2003-09-30,18475241.398,2.0004216495,4.0016867758,0.6312716275,17.664375396,0.1088492675,0.3906606673,0.1123919412,0.8918672837999999,1.7871486251,-0.640000001,0.1423304379,4.6533956676,0.1787344859,-0.178734486,6.0,-0.215506486,-0.184620383,-2.237362887,-0.0193685839999999,5.8285680443,0.0237857312,-0.131849152,0.4672826517,0.039355015,-0.089941473,0.0323611162,0.081153121,1.0,1.5157032453,0.3665527699,0.0,0.0,0.0,-0.060545833,-0.020461562,0.6564037550999999,-0.709382745,,0.0697040396,-0.0384615379999999,0.0630797162,0.4562596751,0.0863401924,6330.0763665,,0.0093208133999999,-0.574924471,0.1561942761999999,-0.625158681,-0.042623931,0.1479198779,-0.14887407,,0.2203781016,-0.105700773,-2.162459232,6.0,1.3258036433,1.0,0.0343284173,0.0639580709999999,,0.2564671927,3.0230820258,19.429102137,,0.0054143691,1.0,0.2595741846,0.0,0.5367331560999999,,-0.8834653840000001,0.8082869747,0.6536057945,0.0,0.0130246083,0.0482418439,2.0,0.0017703960999999,0.0621605454,-0.001793107,0.0427754491,0.2209288427,0.2883719943,5.0,0.0299192722,4.171841e-11,0.072818011,0.0225790627999999,0.3825327347999999,5.9664130214,5.4466032e-09,59.0,2.418
2003-10-31,19392437.582,2.0151284906,4.0607428336,0.2265216081,17.47661061,0.1079858450999999,0.620326735,0.0455526896,0.7794851418000001,1.9077211942,-0.585560958,0.1010905251,4.8990271977,0.1787344859,-0.178734486,6.0,-0.215506486,-0.184620383,-2.249843266,-0.0193685839999999,5.8285680443,0.0237857312,-0.131849152,0.4672826517,0.039355015,-0.089941473,0.0323611162,0.081153121,1.0,1.5157032453,0.3665527699,0.0,0.0,0.0,-0.060545833,-0.020461562,0.6564037550999999,-0.709382745,,0.0697040396,-0.0384615379999999,0.0630797162,0.4562596751,0.0863401924,6330.0763665,,0.0093208133999999,-0.574924471,0.1561942761999999,-0.625158681,-0.042623931,0.1479198779,-0.14887407,,0.2203781016,-0.105700773,-2.162459232,6.0,1.3258036433,1.0,0.0343284173,0.0639580709999999,,0.2564671927,3.0230820258,19.429102137,,0.0054143691,1.0,0.2595741846,0.0,0.5367331560999999,,-0.8834653840000001,1.8321900456,0.6345806078,0.0,-0.00342341,0.1459065941,0.0,-0.005084782,0.0655843696999999,0.0074814424,0.0231652616,0.2352836914999999,0.2880943292,5.0,0.0316277219,3.888199e-11,0.0626106038999999,0.023799581,0.3454062788,8.666199871,4.0527542e-09,59.0,2.721
2003-11-28,21830512.372,1.932152386,3.7332128427,0.4152552056,17.610808930999998,0.1071767206,0.6299156324,0.1238901466,0.6880445851000001,1.501549514,-0.471399289,0.1304123011,5.3935963764,0.1787344859,-0.178734486,6.0,-0.215506486,-0.184620383,-2.268330796,-0.0193685839999999,5.8285680443,0.0237857312,-0.131849152,0.4672826517,0.039355015,-0.089941473,0.0323611162,0.081153121,1.0,1.5157032453,0.3665527699,0.0,0.0,0.0,-0.060545833,-0.020461562,0.6564037550999999,-0.709382745,,0.0697040396,-0.0384615379999999,0.0630797162,0.4562596751,0.0863401924,6330.0763665,,0.0093208133999999,-0.574924471,0.1561942761999999,-0.625158681,-0.042623931,0.1479198779,-0.14887407,,0.2203781016,-0.105700773,-2.162459232,6.0,1.3258036433,1.0,0.0343284173,0.0639580709999999,,0.2564671927,3.0230820258,19.429102137,,0.0054143691,1.0,0.2595741846,0.0,0.5367331560999999,,-0.8834653840000001,1.8321900456,0.6345806078,0.0,-0.00342341,0.1459065941,0.0,-0.005084782,0.0655843696999999,0.0074814424,0.0231652616,0.2352836914999999,0.2880943292,5.0,0.0304893308,2.791178e-11,0.0558993667,0.0282668617,0.3838003977,14.730752675,2.6165833e-09,59.0,2.703
2003-12-31,21646018.24,1.9304504188,3.7266388194,-0.0332833629999999,17.756086497000002,0.1046570796,0.583137794,-0.008451205,0.516578462,1.3310492058,-0.054177196,0.0898240186,5.6281479792,0.1787344859,-0.178734486,6.0,-0.215506486,-0.184620383,-2.298448984,-0.0193685839999999,5.8285680443,0.0237857312,-0.131849152,0.4672826517,0.039355015,-0.089941473,0.0323611162,0.081153121,1.0,1.5157032453,0.3665527699,0.0,0.0,0.0,-0.060545833,-0.020461562,0.6564037550999999,-0.709382745,,0.0697040396,-0.0384615379999999,0.0630797162,0.4562596751,0.0863401924,6330.0763665,,0.0093208133999999,-0.574924471,0.1561942761999999,-0.625158681,-0.042623931,0.1479198779,-0.14887407,,0.2203781016,-0.105700773,-2.162459232,6.0,1.3258036433,1.0,0.0343284173,0.0639580709999999,,0.2564671927,3.0230820258,19.429102137,,0.0054143691,1.0,0.2595741846,0.0,0.5367331560999999,,-0.8834653840000001,1.8321900456,0.6345806078,0.0,-0.00342341,0.1459065941,0.0,-0.005084782,0.0655843696999999,0.0074814424,0.0231652616,0.2352836914999999,0.2880943292,5.0,0.0380751831,4.746935e-11,0.0566076562,0.0296872734,0.2875387249,6.8002573028,5.0030578e-09,59.0,2.632
2004-01-30,21224487.049,1.8479975112,3.4150948015,-0.473921951,17.498992944,0.1037269364,0.8176930956999999,-0.025013939,0.4859581902,1.8570673766,0.2138152414999999,0.1846342163,5.5452051217,0.1787344859,-0.178734486,6.0,-0.215506486,-0.184620383,-2.30328566,-0.0193685839999999,5.8285680443,0.0237857312,-0.131849152,0.4672826517,0.039355015,-0.089941473,0.0323611162,0.081153121,1.0,1.5157032453,0.3665527699,0.0,0.0,0.0,-0.060545833,-0.020461562,0.6564037550999999,-0.709382745,,0.0697040396,-0.0384615379999999,0.0630797162,0.4562596751,0.0863401924,6330.0763665,,0.0093208133999999,-0.574924471,0.1561942761999999,-0.625158681,-0.042623931,0.1479198779,-0.14887407,,0.2203781016,-0.105700773,-2.162459232,6.0,1.3258036433,1.0,0.0343284173,0.0639580709999999,,0.2564671927,3.0230820258,19.429102137,,0.0054143691,1.0,0.2595741846,0.0,0.5367331560999999,,-0.8834653840000001,1.520263822,0.619200002,0.0,0.0013775382999999,0.1472638221,0.0,-0.025390212,0.0671831001,0.0336011245,0.0204248892,0.2335084988,0.296981727,5.0,0.0340757845,3.440674e-11,0.0519142151,0.0225362637,0.2626435055,5.9597549669,4.0900943e-09,59.0,2.524
2004-02-27,20329042.215,1.8771617195,3.5237361212,-0.6953460690000001,17.600575082,0.1017589416,0.9320932507,-0.042189233,0.2636887505,1.4082378863999998,0.262093901,0.1818354348999999,4.9409592636,0.1787344859,-0.178734486,6.0,-0.215506486,-0.184620383,-2.316201145,-0.0193685839999999,5.8285680443,0.0237857312,-0.131849152,0.4672826517,0.039355015,-0.089941473,0.0323611162,0.081153121,1.0,1.5157032453,0.3665527699,0.0,0.0,0.0,-0.060545833,-0.020461562,0.6564037550999999,-0.709382745,,0.0697040396,-0.0384615379999999,0.0630797162,0.4562596751,0.0863401924,6330.0763665,,0.0093208133999999,-0.574924471,0.1561942761999999,-0.625158681,-0.042623931,0.1479198779,-0.14887407,,0.2203781016,-0.105700773,-2.162459232,6.0,1.3258036433,1.0,0.0343284173,0.0639580709999999,,0.2564671927,3.0230820258,19.429102137,,0.0054143691,1.0,0.2595741846,0.0,0.5367331560999999,,-0.8834653840000001,1.520263822,0.619200002,0.0,0.0013775382999999,0.1472638221,0.0,-0.025390212,0.0671831001,0.0336011245,0.0204248892,0.2335084988,0.296981727,5.0,0.0357744435,3.326001e-11,0.0370160341,0.0276845550999999,0.3697620358,11.444827289,4.0159853e-09,59.0,2.1575
2004-03-31,17390275.630999997,1.8483888446,3.4165413207,-1.175957362,17.776539413,0.0995518976999999,1.0873950409,-0.146627039,0.0880829377,1.2898682797,1.1604908224,0.1842711251,4.9784231593,0.1787344859,-0.178734486,6.0,-0.215506486,-0.184620383,-2.681675817,-0.0193685839999999,5.8285680443,0.0237857312,-0.131849152,0.4672826517,0.039355015,-0.089941473,0.0323611162,0.081153121,1.0,1.5157032453,0.3665527699,0.0,0.0,0.0,-0.060545833,-0.020461562,0.6564037550999999,-0.709382745,,0.0697040396,-0.0384615379999999,0.0630797162,0.4562596751,0.0863401924,6330.0763665,,0.0093208133999999,-0.574924471,0.1561942761999999,-0.625158681,-0.042623931,0.1479198779,-0.14887407,,0.2203781016,-0.105700773,-2.162459232,6.0,1.3258036433,1.0,0.0343284173,0.0639580709999999,,0.2564671927,3.0230820258,19.429102137,,0.0054143691,1.0,0.2595741846,0.0,0.5367331560999999,,-0.8834653840000001,1.520263822,0.619200002,0.0,0.0013775382999999,0.1472638221,0.0,-0.025390212,0.0671831001,0.0336011245,0.0204248892,0.2335084988,0.296981727,5.0,0.0320423012,4.251825e-11,0.0339986682,0.024391588,0.4523318335,14.337789198,4.8928547e-09,59.0,2.164
2004-04-30,17523811.825999998,1.8470458562,3.4115783948,-0.966884551,17.643985797,0.086200141,1.1537116559,0.0062776208,-0.111914141,0.6523241277,1.5444772257,-0.171539173,4.7004704248,0.1787344859,-0.178734486,6.0,-0.215506486,-0.184620383,-2.6801133740000003,-0.0193685839999999,5.8285680443,0.0237857312,-0.131849152,0.4672826517,0.039355015,-0.089941473,0.0323611162,0.081153121,1.0,1.5157032453,0.3665527699,0.0,0.0,0.0,-0.060545833,-0.020461562,0.6564037550999999,-0.709382745,,0.0697040396,-0.0384615379999999,0.0630797162,0.4562596751,0.0863401924,6330.0763665,,0.0093208133999999,-0.574924471,0.1561942761999999,-0.625158681,-0.042623931,0.1479198779,-0.14887407,,0.2203781016,-0.105700773,-2.162459232,6.0,1.3258036433,1.0,0.0343284173,0.0639580709999999,,0.2564671927,3.0230820258,19.429102137,,0.0054143691,1.0,0.2595741846,0.0,0.5367331560999999,,-0.8834653840000001,0.9491062075,0.6084866704999999,0.0,0.0051953431,-0.095340588,1.0,0.0097460381,0.0708330868,-0.012481994,0.0146014136,0.2334931553999999,0.2936314227,5.0,0.0327750785,6.920767e-11,0.059550859,0.0249180944,0.2456702317,5.851600597899999,4.7641838e-09,59.0,2.173
2004-05-28,17659045.782,1.4388552489,2.0703044272,-1.09614786,17.798448652,0.0844205551,0.97796141,0.0073937084999999,-0.204850289,0.5085394861,0.8181243112000001,-0.050515103,4.2416416476,0.1787344859,-0.178734486,6.0,-0.215506486,-0.184620383,-2.68790853,-0.0193685839999999,5.8285680443,0.0237857312,-0.131849152,0.4672826517,0.039355015,-0.089941473,0.0323611162,0.081153121,1.0,1.5157032453,0.3665527699,0.0,0.0,0.0,-0.060545833,-0.020461562,0.6564037550999999,-0.709382745,,0.0697040396,-0.0384615379999999,0.0630797162,0.4562596751,0.0863401924,6330.0763665,,0.0093208133999999,-0.574924471,0.1561942761999999,-0.625158681,-0.042623931,0.1479198779,-0.14887407,,0.2203781016,-0.105700773,-2.162459232,6.0,1.3258036433,1.0,0.0343284173,0.0639580709999999,,0.2564671927,3.0230820258,19.429102137,,0.0054143691,1.0,0.2595741846,0.0,0.5367331560999999,,-0.8834653840000001,0.9491062075,0.6084866704999999,0.0,0.0051953431,-0.095340588,1.0,0.0097460381,0.0708330868,-0.012481994,0.0146014136,0.2334931553999999,0.2936314227,5.0,0.0374371565,7.097194e-11,0.0686789006,0.0331929616,0.3405565952,7.4227281764,5.1460208e-09,59.0,2.4145
2004-06-30,19643664.0,1.4148844782,2.0018980865,-0.605114164,17.66671124,0.0826191198,0.6955209866,0.1123853624,-0.192143826,0.2148230503,1.1503893871,-0.0310956389999999,3.9508463422,0.1787344859,-0.178734486,6.0,-0.215506486,-0.184620383,-2.712955053,-0.0193685839999999,5.8285680443,0.0237857312,-0.131849152,0.4672826517,0.039355015,-0.089941473,0.0323611162,0.081153121,1.0,1.5157032453,0.3665527699,0.0,0.0,0.0,-0.060545833,-0.020461562,0.6564037550999999,-0.709382745,,0.0697040396,-0.0384615379999999,0.0630797162,0.4562596751,0.0863401924,6330.0763665,,0.0093208133999999,-0.574924471,0.1561942761999999,-0.625158681,-0.042623931,0.1479198779,-0.14887407,,0.2203781016,-0.105700773,-2.162459232,6.0,1.3258036433,1.0,0.0343284173,0.0639580709999999,,0.2564671927,3.0230820258,19.429102137,,0.0054143691,1.0,0.2595741846,0.0,0.5367331560999999,,-0.8834653840000001,0.9491062075,0.6084866704999999,0.0,0.0051953431,-0.095340588,1.0,0.0097460381,0.0708330868,-0.012481994,0.0146014136,0.2334931553999999,0.2936314227,5.0,0.035067426,5.598012e-11,0.0655627771999999,0.0248386250999999,0.3248606153,6.1850705261000005,5.6560862e-09,59.0,2.72
2004-07-30,22125079.021,1.3782539678,1.8995839996,-0.414961021,17.608147670999998,0.0793834026,0.4917864536999999,0.1216495185999999,-0.0782972,0.3353524391,1.5667845487999998,0.0997891982,3.9653157548,0.1718201307,-0.171820131,7.0,-0.086203666,-0.0488165859999999,-1.310798665,0.0347301642,15.046946803,0.0184702692999999,-0.076770812,0.2903163966,0.0398240811,-0.091124938,0.0440661754,-0.009459613,1.0,1.4535064632,0.3491539782,0.0,0.0,0.0,-0.2341097889999999,0.0016623252,0.6695604861,-0.086604002,,0.0776276882,0.04,-0.009799799,0.1506816126,-0.043407593,19644.62889,,0.009497453,-0.374813059,-0.041034934,-0.047465994,-0.098494077,-0.080648292,-0.113615989,,0.2223744075,-0.078249018,-10.11110481,6.0,1.2188798444,0.0,0.0121258052,0.0488941332,,0.4730034801,3.7737397505,17.908793979000002,,0.0014111551,1.0,0.3383637567,0.0,0.2480012298999999,,-0.851580227,0.4734900768,0.6451441768,0.0,0.0069377460999999,-0.091835363,2.0,0.0418098115,0.07383797,-0.063170857,0.0243662892,0.2184465428999999,0.31209148,4.0,0.0276210707,3.941665e-11,0.0369388051,0.0189355382,0.3391917802,6.5262531853,5.1649016e-09,59.0,1.946
2004-08-31,15835029.375,1.3888762424,1.9289772167,-0.438152505,17.591815961,0.0782047842,0.4126974823,-0.2845588619999999,0.0793650875,0.3064361847,2.3338671655,0.0023009406,4.2839003984,0.1718201307,-0.171820131,7.0,-0.086203666,-0.0488165859999999,-1.34253267,0.0347301642,15.046946803,0.0184702692999999,-0.076770812,0.2903163966,0.0398240811,-0.091124938,0.0440661754,-0.009459613,1.0,1.4535064632,0.3491539782,0.0,0.0,0.0,-0.2341097889999999,0.0016623252,0.6695604861,-0.086604002,,0.0776276882,0.04,-0.009799799,0.1506816126,-0.043407593,19644.62889,,0.009497453,-0.374813059,-0.041034934,-0.047465994,-0.098494077,-0.080648292,-0.113615989,,0.2223744075,-0.078249018,-10.11110481,6.0,1.2188798444,0.0,0.0121258052,0.0488941332,,0.4730034801,3.7737397505,17.908793979000002,,0.0014111551,1.0,0.3383637567,0.0,0.2480012298999999,,-0.851580227,0.4734900768,0.6451441768,0.0,0.0069377460999999,-0.091835363,2.0,0.0418098115,0.07383797,-0.063170857,0.0243662892,0.2184465428999999,0.31209148,4.0,0.0402246673,5.382392e-11,0.0236818902,0.0333432566,0.4207396637,16.512530118,4.1782088e-09,59.0,1.907
2004-09-30,15517678.292,1.4086123122999998,1.9841886463,-0.0417699979999999,17.595560199,0.0783315223,0.2144600488,-0.02004108,-0.095094149,-0.159758215,4.1812083522000005,-0.150847804,4.4775612079,0.1718201307,-0.171820131,7.0,-0.086203666,-0.0488165859999999,-1.355117389,0.0347301642,15.046946803,0.0184702692999999,-0.076770812,0.2903163966,0.0398240811,-0.091124938,0.0440661754,-0.009459613,1.0,1.4535064632,0.3491539782,0.0,0.0,0.0,-0.2341097889999999,0.0016623252,0.6695604861,-0.086604002,,0.0776276882,0.04,-0.009799799,0.1506816126,-0.043407593,19644.62889,,0.009497453,-0.374813059,-0.041034934,-0.047465994,-0.098494077,-0.080648292,-0.113615989,,0.2223744075,-0.078249018,-10.11110481,6.0,1.2188798444,0.0,0.0121258052,0.0488941332,,0.4730034801,3.7737397505,17.908793979000002,,0.0014111551,1.0,0.3383637567,0.0,0.2480012298999999,,-0.851580227,0.4734900768,0.6451441768,0.0,0.0069377460999999,-0.091835363,2.0,0.0418098115,0.07383797,-0.063170857,0.0243662892,0.2184465428999999,0.31209148,4.0,0.0431494042,5.8126330000000005e-11,0.0503963417999999,0.024279351,0.2627212445,5.3107855885,4.4678972e-09,59.0,2.043
2004-10-29,16648979.289,1.6584168347,2.7503463976,0.0504241644,17.483499543,0.072847402,0.1548599715,0.0713162348,-0.11876152,-0.212471605,6.158272853500001,0.0732243576999999,4.5868565771,0.1718201307,-0.171820131,7.0,-0.086203666,-0.0488165859999999,-1.320729981,0.0347301642,15.046946803,0.0184702692999999,-0.076770812,0.2903163966,0.0398240811,-0.091124938,0.0440661754,-0.009459613,1.0,1.4535064632,0.3491539782,0.0,0.0,0.0,-0.2341097889999999,0.0016623252,0.6695604861,-0.086604002,,0.0776276882,0.04,-0.009799799,0.1506816126,-0.043407593,19644.62889,,0.009497453,-0.374813059,-0.041034934,-0.047465994,-0.098494077,-0.080648292,-0.113615989,,0.2223744075,-0.078249018,-10.11110481,6.0,1.2188798444,0.0,0.0121258052,0.0488941332,,0.4730034801,3.7737397505,17.908793979000002,,0.0014111551,1.0,0.3383637567,0.0,0.2480012298999999,,-0.851580227,0.7706578236,0.5741190559,-0.0011723789999999,-0.00286859,0.0275840806,3.0,0.0514034707,0.0770682717999999,-0.107263053,0.0254961644,0.2194075462999999,0.2726592647,4.0,0.0331800483999999,4.8832779999999997e-11,0.0664833784,0.0240388345,0.3620769359,7.286308670499999,4.7738594e-09,59.0,1.7065
2004-11-30,13926815.196,1.6242336866999998,2.6381350689,-0.018230582,17.50617437,0.0713348155999999,0.1563755534,-0.164708748,-0.062843969,-0.249311013,6.2462315376,0.0024505911,4.6454814582,0.1718201307,-0.171820131,7.0,-0.086203666,-0.0488165859999999,-1.322090066,0.0347301642,15.046946803,0.0184702692999999,-0.076770812,0.2903163966,0.0398240811,-0.091124938,0.0440661754,-0.009459613,1.0,1.4535064632,0.3491539782,0.0,0.0,0.0,-0.2341097889999999,0.0016623252,0.6695604861,-0.086604002,,0.0776276882,0.04,-0.009799799,0.1506816126,-0.043407593,19644.62889,,0.009497453,-0.374813059,-0.041034934,-0.047465994,-0.098494077,-0.080648292,-0.113615989,,0.2223744075,-0.078249018,-10.11110481,6.0,1.2188798444,0.0,0.0121258052,0.0488941332,,0.4730034801,3.7737397505,17.908793979000002,,0.0014111551,1.0,0.3383637567,0.0,0.2480012298999999,,-0.851580227,0.7706578236,0.5741190559,-0.0011723789999999,-0.00286859,0.0275840806,3.0,0.0514034707,0.0770682717999999,-0.107263053,0.0254961644,0.2194075462999999,0.2726592647,4.0,0.0334270885,3.748789e-11,0.0292047672,0.0301282493,0.3993317461999999,15.145146071,4.0457834e-09,59.0,1.984
2004-12-31,16191503.485,1.5184740878,2.3057635552,-0.080503029,17.688814216,0.0687441307,0.1081216871,0.1626135111,-0.296288624,-0.3676116129999999,3.7676680196,0.1123759288,4.5310596982,0.1718201307,-0.171820131,7.0,-0.086203666,-0.0488165859999999,-1.3570841480000002,0.0347301642,15.046946803,0.0184702692999999,-0.076770812,0.2903163966,0.0398240811,-0.091124938,0.0440661754,-0.009459613,1.0,1.4535064632,0.3491539782,0.0,0.0,0.0,-0.2341097889999999,0.0016623252,0.6695604861,-0.086604002,,0.0776276882,0.04,-0.009799799,0.1506816126,-0.043407593,19644.62889,,0.009497453,-0.374813059,-0.041034934,-0.047465994,-0.098494077,-0.080648292,-0.113615989,,0.2223744075,-0.078249018,-10.11110481,6.0,1.2188798444,0.0,0.0121258052,0.0488941332,,0.4730034801,3.7737397505,17.908793979000002,,0.0014111551,1.0,0.3383637567,0.0,0.2480012298999999,,-0.851580227,0.7706578236,0.5741190559,-0.0011723789999999,-0.00286859,0.0275840806,3.0,0.0514034707,0.0770682717999999,-0.107263053,0.0254961644,0.2194075462999999,0.2726592647,4.0,0.033187224,5.759743e-11,0.0419777780999999,0.0200786443,0.3531647609,5.7458548146,5.0201373e-09,59.0,2.2145
2005-01-31,18146100.565,1.5218525586000002,2.3160352102,-0.21967308,17.703421921,0.0601994594,0.1460853433,0.1161794513,-0.270588236,-0.245914058,3.8632162402,0.1446965189,4.5270812841,0.1718201307,-0.171820131,7.0,-0.086203666,-0.0488165859999999,-1.3673419619999998,0.0347301642,15.046946803,0.0184702692999999,-0.076770812,0.2903163966,0.0398240811,-0.091124938,0.0440661754,-0.009459613,1.0,1.4535064632,0.3491539782,0.0,0.0,0.0,-0.2341097889999999,0.0016623252,0.6695604861,-0.086604002,,0.0776276882,0.04,-0.009799799,0.1506816126,-0.043407593,19644.62889,,0.009497453,-0.374813059,-0.041034934,-0.047465994,-0.098494077,-0.080648292,-0.113615989,,0.2223744075,-0.078249018,-10.11110481,6.0,1.2188798444,0.0,0.0121258052,0.0488941332,,0.4730034801,3.7737397505,17.908793979000002,,0.0014111551,1.0,0.3383637567,0.0,0.2480012298999999,,-0.851580227,1.9910885039,0.6097902135000001,0.0031311565999999,-9.4739e-05,-0.15123035,0.0,0.0439904036,0.0785544797,-0.084503619,0.0129910952,0.2187302223,0.2649606513,4.0,0.0299682581999999,5.886120999999999e-11,0.0852812677999999,0.0269416508,0.4918096996,13.188418274000002,4.582964e-09,59.0,2.161
2005-02-28,17707709.92,1.4844186299000002,2.2034986688,0.3382609393,17.721058785,0.0604243525,0.1581135449,-0.024158945,0.1379754111,-0.12123014,2.5517972076,-0.066877196,4.4055639219,0.1718201307,-0.171820131,7.0,-0.086203666,-0.0488165859999999,-1.3774064380000002,0.0347301642,15.046946803,0.0184702692999999,-0.076770812,0.2903163966,0.0398240811,-0.091124938,0.0440661754,-0.009459613,1.0,1.4535064632,0.3491539782,0.0,0.0,0.0,-0.2341097889999999,0.0016623252,0.6695604861,-0.086604002,,0.0776276882,0.04,-0.009799799,0.1506816126,-0.043407593,19644.62889,,0.009497453,-0.374813059,-0.041034934,-0.047465994,-0.098494077,-0.080648292,-0.113615989,,0.2223744075,-0.078249018,-10.11110481,6.0,1.2188798444,0.0,0.0121258052,0.0488941332,,0.4730034801,3.7737397505,17.908793979000002,,0.0014111551,1.0,0.3383637567,0.0,0.2480012298999999,,-0.851580227,1.9910885039,0.6097902135000001,0.0031311565999999,-9.4739e-05,-0.15123035,0.0,0.0439904036,0.0785544797,-0.084503619,0.0129910952,0.2187302223,0.2649606513,4.0,0.0333750009,4.36825e-11,0.0457746685,0.0238753382,0.3031509254,8.4420307768,4.594195e-09,59.0,1.759
2005-03-31,14413633.105,1.460878282,2.1341653548,0.0356206481,17.76050486,0.058065873,0.0453373075,-0.186025009,0.1331935482,0.004882678,2.050354386,-0.033636682,4.8161484185,0.1718201307,-0.171820131,7.0,-0.086203666,-0.0488165859999999,-1.37490835,0.0347301642,15.046946803,0.0184702692999999,-0.076770812,0.2903163966,0.0398240811,-0.091124938,0.0440661754,-0.009459613,1.0,1.4535064632,0.3491539782,0.0,0.0,0.0,-0.2341097889999999,0.0016623252,0.6695604861,-0.086604002,,0.0776276882,0.04,-0.009799799,0.1506816126,-0.043407593,19644.62889,,0.009497453,-0.374813059,-0.041034934,-0.047465994,-0.098494077,-0.080648292,-0.113615989,,0.2223744075,-0.078249018,-10.11110481,6.0,1.2188798444,0.0,0.0121258052,0.0488941332,,0.4730034801,3.7737397505,17.908793979000002,,0.0014111551,1.0,0.3383637567,0.0,0.2480012298999999,,-0.851580227,1.9910885039,0.6097902135000001,0.0031311565999999,-9.4739e-05,-0.15123035,0.0,0.0439904036,0.0785544797,-0.084503619,0.0129910952,0.2187302223,0.2649606513,4.0,0.0273397242,3.454463e-11,0.0170916393,0.0346899104,0.6435817262,31.783700026,4.2559665e-09,59.0,1.7135
2005-04-29,14084970.188,1.3502677788,1.8232230745,-0.1053675209999999,17.691290797,0.057625377,0.0355176737999999,-0.025866965,-0.139011266,-0.1871533739999999,2.0265732776,0.0578524078,4.3600785287,0.1718201307,-0.171820131,7.0,-0.086203666,-0.0488165859999999,-1.370232556,0.0347301642,15.046946803,0.0184702692999999,-0.076770812,0.2903163966,0.0398240811,-0.091124938,0.0440661754,-0.009459613,1.0,1.4535064632,0.3491539782,0.0,0.0,0.0,-0.2341097889999999,0.0016623252,0.6695604861,-0.086604002,,0.0776276882,0.04,-0.009799799,0.1506816126,-0.043407593,19644.62889,,0.009497453,-0.374813059,-0.041034934,-0.047465994,-0.098494077,-0.080648292,-0.113615989,,0.2223744075,-0.078249018,-10.11110481,6.0,1.2188798444,0.0,0.0121258052,0.0488941332,,0.4730034801,3.7737397505,17.908793979000002,,0.0014111551,1.0,0.3383637567,0.0,0.2480012298999999,,-0.851580227,1.2344743237,0.5618238622999999,0.0017643176,0.008831572,-0.0936584509999999,0.0,0.0286778842,0.0789228613,-0.068466147,0.0197020488999999,0.217824046,0.2639728026,4.0,0.0237683393999999,4.858869e-11,0.0266227759,0.0110082271,0.1857728361,2.4903990515,6.7514535e-09,59.0,1.618
2005-05-31,13296400.651,1.4234687535,2.0262632923,0.1653412169999999,17.537950332,0.0565350233999999,0.047117572,-0.055733874,0.004101943,-0.213990772,1.6123425353999998,-0.053709085,4.1353687524,0.1718201307,-0.171820131,7.0,-0.086203666,-0.0488165859999999,-1.370232556,0.0347301642,15.046946803,0.0184702692999999,-0.076770812,0.2903163966,0.0398240811,-0.091124938,0.0440661754,-0.009459613,1.0,1.4535064632,0.3491539782,0.0,0.0,0.0,-0.2341097889999999,0.0016623252,0.6695604861,-0.086604002,,0.0776276882,0.04,-0.009799799,0.1506816126,-0.043407593,19644.62889,,0.009497453,-0.374813059,-0.041034934,-0.047465994,-0.098494077,-0.080648292,-0.113615989,,0.2223744075,-0.078249018,-10.11110481,6.0,1.2188798444,0.0,0.0121258052,0.0488941332,,0.4730034801,3.7737397505,17.908793979000002,,0.0014111551,1.0,0.3383637567,0.0,0.2480012298999999,,-0.851580227,1.2344743237,0.5618238622999999,0.0017643176,0.008831572,-0.0936584509999999,0.0,0.0286778842,0.0789228613,-0.068466147,0.0197020488999999,0.217824046,0.2639728026,4.0,0.0259680873,5.348406e-11,0.0291091370999999,0.0163001331,0.5366544502,15.206373125,5.1129028e-09,59.0,1.7755
2005-06-30,14590703.21,1.4161495013999998,2.0054794104,0.0767648675,17.807543901,0.0554967106,-0.005845465,0.0973423272,-0.184475802,-0.332783482,1.6604498625,-0.0433716529999999,3.293296665,0.1718201307,-0.171820131,7.0,-0.086203666,-0.0488165859999999,-1.370232556,0.0347301642,15.046946803,0.0184702692999999,-0.076770812,0.2903163966,0.0398240811,-0.091124938,0.0440661754,-0.009459613,1.0,1.4535064632,0.3491539782,0.0,0.0,0.0,-0.2341097889999999,0.0016623252,0.6695604861,-0.086604002,,0.0776276882,0.04,-0.009799799,0.1506816126,-0.043407593,19644.62889,,0.009497453,-0.374813059,-0.041034934,-0.047465994,-0.098494077,-0.080648292,-0.113615989,,0.2223744075,-0.078249018,-10.11110481,6.0,1.2188798444,0.0,0.0121258052,0.0488941332,,0.4730034801,3.7737397505,17.908793979000002,,0.0014111551,1.0,0.3383637567,0.0,0.2480012298999999,,-0.851580227,1.2344743237,0.5618238622999999,0.0017643176,0.008831572,-0.0936584509999999,0.0,0.0286778842,0.0789228613,-0.068466147,0.0197020488999999,0.217824046,0.2639728026,4.0,0.0191336197,3.960738e-11,0.0228676721,0.010198629,0.2856898617,4.1844223329000005,7.2624967e-09,59.0,1.654
2005-07-29,13596350.163,1.4383728725,2.0689165204,-0.0670331909999999,17.549725965,0.0539844778,0.0876040784,-0.068149768,-0.1982389389999999,-0.347242686,2.3476924016,-0.05692204,3.1797394110000003,0.0080919819,0.0080919819,8.0,-0.5025247070000001,-0.012521203,-0.676763965,0.199145352,9.4115324874,0.0312221356,-0.035151722,0.1604498789,0.0157603495,-0.025361017,0.0686777903,0.0851483451,1.0,1.5671414466,0.309084483,0.0,0.0,0.0,-0.780707012,0.0324285105,0.7756574482999999,1.2759492378,,0.0871160763,0.1538461538,0.1096269113,0.1915408249,0.0867938864,16317.782075,,0.0084843449,0.5552230896,0.0781798954,-0.114761674,-0.056557462,0.042841001,-0.317245658,,0.1259400935,-0.194375949,0.0372010584,5.0,1.2710978771,0.0,0.0155943149,0.0408858446,,0.2783852818,3.8900224202,14.42775516,,0.000944031,1.0,0.3148783773999999,0.0,0.3814110981,,-0.626742124,1.2344743237,0.5618238622999999,0.0017643176,0.008831572,-0.0936584509999999,0.0,0.0286778842,0.0789228613,-0.068466147,0.0197020488999999,0.217824046,0.2639728026,4.0,0.0224579293,6.063705e-11,0.0318220519,0.0127250525,0.273020881,3.7289032485,7.5881968e-09,59.0,2.2585
2005-08-31,18597872.579,1.4307865096,2.0471500361,-0.065827883,17.38875208,0.0539200927,0.2264255869999999,0.3644605875,-0.2343822519999999,-0.14979441,1.6917490913,-0.025455162,3.3220461602,0.0080919819,0.0080919819,8.0,-0.5025247070000001,-0.012521203,-0.693573178,0.199145352,9.4115324874,0.0312221356,-0.035151722,0.1604498789,0.0157603495,-0.025361017,0.0686777903,0.0851483451,1.0,1.5671414466,0.309084483,0.0,0.0,0.0,-0.780707012,0.0324285105,0.7756574482999999,1.2759492378,,0.0871160763,0.1538461538,0.1096269113,0.1915408249,0.0867938864,16317.782075,,0.0084843449,0.5552230896,0.0781798954,-0.114761674,-0.056557462,0.042841001,-0.317245658,,0.1259400935,-0.194375949,0.0372010584,5.0,1.2710978771,0.0,0.0155943149,0.0408858446,,0.2783852818,3.8900224202,14.42775516,,0.000944031,1.0,0.3148783773999999,0.0,0.3814110981,,-0.626742124,1.9645442685,0.5476972813000001,-0.048057012,0.0070189634,-0.177616605,1.0,0.1069302239,0.0727237287,-0.480791927,0.0327997197,0.2021789298,0.2758541923,4.0,0.0274613568,5.12608e-11,0.1565977633,0.0366466461,0.7711685256,24.632394426,4.8665052e-09,59.0,2.135
2005-09-30,17588685.414,1.4445849901,2.0868257937,0.2913666086,17.72108626,0.0553286858,0.3322855651,-0.054263581,0.2833996792,0.1837965812999999,1.5528782743,0.0342602871,3.2966417069,0.0080919819,0.0080919819,8.0,-0.5025247070000001,-0.012521203,-0.6829299520000001,0.199145352,9.4115324874,0.0312221356,-0.035151722,0.1604498789,0.0157603495,-0.025361017,0.0686777903,0.0851483451,1.0,1.5671414466,0.309084483,0.0,0.0,0.0,-0.780707012,0.0324285105,0.7756574482999999,1.2759492378,,0.0871160763,0.1538461538,0.1096269113,0.1915408249,0.0867938864,16317.782075,,0.0084843449,0.5552230896,0.0781798954,-0.114761674,-0.056557462,0.042841001,-0.317245658,,0.1259400935,-0.194375949,0.0372010584,5.0,1.2710978771,0.0,0.0155943149,0.0408858446,,0.2783852818,3.8900224202,14.42775516,,0.000944031,1.0,0.3148783773999999,0.0,0.3814110981,,-0.626742124,1.9645442685,0.5476972813000001,-0.055263029,0.0070189634,-0.177616605,1.0,0.1370066486999999,0.0727237287,-0.480791927,0.0327997197,0.2021789298,0.2758541923,4.0,0.01869769,4.41841e-11,0.0351657681,0.0140665494999999,0.3759339805,5.0885493513,6.7086825e-09,59.0,2.265
2005-10-31,18754199.684,1.5568136958,2.4236688835,0.4831382288,17.724945872,0.0541595433,0.2563843786,0.0608898923,0.2459877382999999,0.0450318064,1.5649717933,0.0158770252,3.2826448687,0.0080919819,0.0080919819,8.0,-0.5025247070000001,-0.012521203,-0.683690644,0.199145352,9.4115324874,0.0312221356,-0.035151722,0.1604498789,0.0157603495,-0.025361017,0.0686777903,0.0851483451,1.0,1.5671414466,0.309084483,0.0,0.0,0.0,-0.780707012,0.0324285105,0.7756574482999999,1.2759492378,,0.0871160763,0.1538461538,0.1096269113,0.1915408249,0.0867938864,16317.782075,,0.0084843449,0.5552230896,0.0781798954,-0.114761674,-0.056557462,0.042841001,-0.317245658,,0.1259400935,-0.194375949,0.0372010584,5.0,1.2710978771,0.0,0.0155943149,0.0408858446,,0.2783852818,3.8900224202,14.42775516,,0.000944031,1.0,0.3148783773999999,0.0,0.3814110981,,-0.626742124,2.2766150486,0.4656148867,0.0333609231999999,-0.0052486569999999,-0.039891229,0.0,0.0160073486,0.068212556,-0.2288621589999999,0.0263863537,0.1743195027,0.2039994427,4.0,0.0281942362,6.364371e-11,0.0508311428,0.0201609444,0.3065803141,3.7548879772,8.0669631e-09,59.0,1.994
2005-11-30,16520894.033,1.6747887546,2.8049173727,0.2836281485,17.690939427,0.0531656097,0.1863526728,-0.120088272,0.399876329,0.3272779746,0.7629132595999999,-0.082014524,2.9864188982,0.0080919819,0.0080919819,8.0,-0.5025247070000001,-0.012521203,-0.692548287,0.199145352,9.4115324874,0.0312221356,-0.035151722,0.1604498789,0.0157603495,-0.025361017,0.0686777903,0.0851483451,1.0,1.5671414466,0.309084483,0.0,0.0,0.0,-0.780707012,0.0324285105,0.7756574482999999,1.2759492378,,0.0871160763,0.1538461538,0.1096269113,0.1915408249,0.0867938864,16317.782075,,0.0084843449,0.5552230896,0.0781798954,-0.114761674,-0.056557462,0.042841001,-0.317245658,,0.1259400935,-0.194375949,0.0372010584,5.0,1.2710978771,0.0,0.0155943149,0.0408858446,,0.2783852818,3.8900224202,14.42775516,,0.000944031,1.0,0.3148783773999999,0.0,0.3814110981,,-0.626742124,2.2766150486,0.4656148867,0.0333609231999999,-0.0052486569999999,-0.039891229,0.0,0.0160073486,0.068212556,-0.2288621589999999,0.0263863537,0.1743195027,0.2039994427,4.0,0.0282443444,6.274458e-11,0.0280885939,0.0352973219,0.4484161406,13.559692975,5.826019e-09,59.0,2.423
2005-12-30,20085361.201,1.6794539311,2.8205655068,0.4697768117999999,17.893833672,0.0536428949,0.0825468705,0.215755105,0.1225007633,0.0045362843,0.6993576228,-0.08131574,3.7833357372,0.0080919819,0.0080919819,8.0,-0.5025247070000001,-0.012521203,-0.6884650379999999,0.199145352,9.4115324874,0.0312221356,-0.035151722,0.1604498789,0.0157603495,-0.025361017,0.0686777903,0.0851483451,1.0,1.5671414466,0.309084483,0.0,0.0,0.0,-0.780707012,0.0324285105,0.7756574482999999,1.2759492378,,0.0871160763,0.1538461538,0.1096269113,0.1915408249,0.0867938864,16317.782075,,0.0084843449,0.5552230896,0.0781798954,-0.114761674,-0.056557462,0.042841001,-0.317245658,,0.1259400935,-0.194375949,0.0372010584,5.0,1.2710978771,0.0,0.0155943149,0.0408858446,,0.2783852818,3.8900224202,14.42775516,,0.000944031,1.0,0.3148783773999999,0.0,0.3814110981,,-0.626742124,2.2766150486,0.4656148867,0.0333609231999999,-0.0052486569999999,-0.039891229,0.0,0.0160073486,0.068212556,-0.2288621589999999,0.0263863537,0.1743195027,0.2039994427,4.0,0.0254589702,4.273471e-11,0.0451446511,0.0149688662,0.7848555604,29.556227302,3.9679195e-09,59.0,2.3575
2006-01-31,19614400.635,1.6689874241999998,2.7855190223000004,0.6777805806999999,17.994366632000002,0.0541421713999999,0.0549810104,-0.027032554,0.4644907371,0.0941521225,1.3446269730000002,-0.075002843,3.9110689103,0.0080919819,0.0080919819,8.0,-0.5025247070000001,-0.012521203,-0.6945769970000001,0.199145352,9.4115324874,0.0312221356,-0.035151722,0.1604498789,0.0157603495,-0.025361017,0.0686777903,0.0851483451,1.0,1.5671414466,0.309084483,0.0,0.0,0.0,-0.780707012,0.0324285105,0.7756574482999999,1.2759492378,,0.0871160763,0.1538461538,0.1096269113,0.1915408249,0.0867938864,16317.782075,,0.0084843449,0.5552230896,0.0781798954,-0.114761674,-0.056557462,0.042841001,-0.317245658,,0.1259400935,-0.194375949,0.0372010584,5.0,1.2710978771,0.0,0.0155943149,0.0408858446,,0.2783852818,3.8900224202,14.42775516,,0.000944031,1.0,0.3148783773999999,0.0,0.3814110981,,-0.626742124,3.6893958965,0.5094194541,0.0270111381,0.0077260028,0.1510641905,0.0,0.0210355987,0.0612480434999999,-0.320987654,0.0268214518999999,0.1735491629,0.2026708032999999,4.0,0.0187598312,2.675973e-11,0.0172414184,0.0095369433,0.2983316373999999,4.0080627647,7.0586335e-09,59.0,2.241
2006-02-28,18645119.873,1.6944072999000002,2.8710160981,-0.05196425,17.86489537,0.0536434529,0.0444789939,-0.049416792,0.0442967902,0.0909301169999999,0.9780321106,-0.10780994,3.7122858018,0.0080919819,0.0080919819,8.0,-0.5025247070000001,-0.012521203,-0.710900106,0.199145352,9.4115324874,0.0312221356,-0.035151722,0.1604498789,0.0157603495,-0.025361017,0.0686777903,0.0851483451,1.0,1.5671414466,0.309084483,0.0,0.0,0.0,-0.780707012,0.0324285105,0.7756574482999999,1.2759492378,,0.0871160763,0.1538461538,0.1096269113,0.1915408249,0.0867938864,16317.782075,,0.0084843449,0.5552230896,0.0781798954,-0.114761674,-0.056557462,0.042841001,-0.317245658,,0.1259400935,-0.194375949,0.0372010584,5.0,1.2710978771,0.0,0.0155943149,0.0408858446,,0.2783852818,3.8900224202,14.42775516,,0.000944031,1.0,0.3148783773999999,0.0,0.3814110981,,-0.626742124,3.6893958965,0.5094194541,0.0270111381,0.0077260028,0.1510641905,0.0,0.0210355987,0.0612480434999999,-0.320987654,0.0268214518999999,0.1735491629,0.2026708032999999,4.0,0.0241875348,3.614022e-11,0.0247706845,0.0124590673,0.3134553728,4.6281285844,7.3178084e-09,59.0,1.8745
2006-03-31,15609596.547,1.6415823321,2.6947925529,-0.33694288,17.836128779000003,0.0532251866,0.0935035019999999,-0.164658666,0.0496486896,0.2740193024,0.5983644117,-0.091515695,3.2995467626,0.0080919819,0.0080919819,8.0,-0.5025247070000001,-0.012521203,-0.691735964,0.199145352,9.4115324874,0.0312221356,-0.035151722,0.1604498789,0.0157603495,-0.025361017,0.0686777903,0.0851483451,1.0,1.5671414466,0.309084483,0.0,0.0,0.0,-0.780707012,0.0324285105,0.7756574482999999,1.2759492378,,0.0871160763,0.1538461538,0.1096269113,0.1915408249,0.0867938864,16317.782075,,0.0084843449,0.5552230896,0.0781798954,-0.114761674,-0.056557462,0.042841001,-0.317245658,,0.1259400935,-0.194375949,0.0372010584,5.0,1.2710978771,0.0,0.0155943149,0.0408858446,,0.2783852818,3.8900224202,14.42775516,,0.000944031,1.0,0.3148783773999999,0.0,0.3814110981,,-0.626742124,3.6893958965,0.5094194541,0.0270111381,0.0077260028,0.1510641905,0.0,0.0210355987,0.0612480434999999,-0.320987654,0.0268214518999999,0.1735491629,0.2026708032999999,4.0,0.025818912,5.5381340000000005e-11,0.0264051854999999,0.0275208785,0.5667634528000001,17.819594930999997,5.7731103e-09,59.0,1.8255
2006-04-28,15233009.491,1.661973242,2.7621550571,-0.5154540470000001,17.877726852000002,0.052937114,0.1087670625,-0.024305552,-0.173509953,0.0925006602,0.3165578229,-0.013661127,3.2940040444,0.0080919819,0.0080919819,8.0,-0.5025247070000001,-0.012521203,-0.6896692990000001,0.199145352,9.4115324874,0.0312221356,-0.035151722,0.1604498789,0.0157603495,-0.025361017,0.0686777903,0.0851483451,1.0,1.5671414466,0.309084483,0.0,0.0,0.0,-0.780707012,0.0324285105,0.7756574482999999,1.2759492378,,0.0871160763,0.1538461538,0.1096269113,0.1915408249,0.0867938864,16317.782075,,0.0084843449,0.5552230896,0.0781798954,-0.114761674,-0.056557462,0.042841001,-0.317245658,,0.1259400935,-0.194375949,0.0372010584,5.0,1.2710978771,0.0,0.0155943149,0.0408858446,,0.2783852818,3.8900224202,14.42775516,,0.000944031,1.0,0.3148783773999999,0.0,0.3814110981,,-0.626742124,2.1877328967,0.501059322,0.0084949361,0.0230768275,-0.133918161,0.0,0.0115340254,0.0498196487,-0.46875,0.0210899425,0.1737415373999999,0.1885583527,4.0,0.0246442902,4.206939e-11,0.0198950338999999,0.0103126289,0.350252209,4.7307589714,6.4733664e-09,59.0,1.7605
2006-05-31,14713026.267,1.6598005933000002,2.7549380094,-0.348425942,17.616680715,0.0526540944,0.2496433675,-0.036134675,-0.0835424459999999,0.1288627215,0.1279191536,-0.064167192,3.155961056,0.0080919819,0.0080919819,8.0,-0.5025247070000001,-0.012521203,-0.698460764,0.199145352,9.4115324874,0.0312221356,-0.035151722,0.1604498789,0.0157603495,-0.025361017,0.0686777903,0.0851483451,1.0,1.5671414466,0.309084483,0.0,0.0,0.0,-0.780707012,0.0324285105,0.7756574482999999,1.2759492378,,0.0871160763,0.1538461538,0.1096269113,0.1915408249,0.0867938864,16317.782075,,0.0084843449,0.5552230896,0.0781798954,-0.114761674,-0.056557462,0.042841001,-0.317245658,,0.1259400935,-0.194375949,0.0372010584,5.0,1.2710978771,0.0,0.0155943149,0.0408858446,,0.2783852818,3.8900224202,14.42775516,,0.000944031,1.0,0.3148783773999999,0.0,0.3814110981,,-0.626742124,2.1877328967,0.501059322,0.0084949361,0.0230768275,-0.133918161,0.0,0.0115340254,0.0498196487,-0.46875,0.0210899425,0.1737415373999999,0.1885583527,4.0,0.0297065321,8.613051e-11,0.0313336402,0.0191995879,0.4073956956,6.4218629651,8.9839767e-09,59.0,1.7305
2006-06-30,14462307.905,1.6372310446,2.6805254933,-0.650488735,17.444959021,0.0517911822,0.1942843823999999,-0.017040571,-0.273421387,-0.008448315,-0.010587916,0.0602471059,2.9880270485,0.0080919819,0.0080919819,8.0,-0.5025247070000001,-0.012521203,-0.698460764,0.199145352,9.4115324874,0.0312221356,-0.035151722,0.1604498789,0.0157603495,-0.025361017,0.0686777903,0.0851483451,1.0,1.5671414466,0.309084483,0.0,0.0,0.0,-0.780707012,0.0324285105,0.7756574482999999,1.2759492378,,0.0871160763,0.1538461538,0.1096269113,0.1915408249,0.0867938864,16317.782075,,0.0084843449,0.5552230896,0.0781798954,-0.114761674,-0.056557462,0.042841001,-0.317245658,,0.1259400935,-0.194375949,0.0372010584,5.0,1.2710978771,0.0,0.0155943149,0.0408858446,,0.2783852818,3.8900224202,14.42775516,,0.000944031,1.0,0.3148783773999999,0.0,0.3814110981,,-0.626742124,2.1877328967,0.501059322,0.0084949361,0.0230768275,-0.133918161,0.0,0.0115340254,0.0498196487,-0.46875,0.0210899425,0.1737415373999999,0.1885583527,4.0,0.0349945585,8.163335e-11,0.0423578322,0.0235070041,0.3468191712,5.698705651,5.6903235e-09,59.0,1.934
2006-07-31,16206920.128,1.6817480283,2.8282764307,-0.604541285,17.738323203,0.0499213442999999,0.0572972932,0.11759606,-0.265959718,0.0459353278,-0.088931686,0.0134143275,2.9333202846,0.1151989457,-0.115198946,9.0,-0.137753085,0.0125418056,-1.13173316,0.1302391853,8.7197,0.0373705033,-0.001059888,-0.086839094,0.0153498441999999,0.1839644132,0.0248515806,-0.0490478929999999,1.0,1.5184033178,0.3390804597999999,0.0,0.0,0.0,-1.69090063,0.0169773228,0.6624579653,3.4383525880000003,,0.0941109692,0.3333333333,0.0721340380999999,0.1758911819999999,-0.00739962,17289.966394,1.3759782781999998,0.0079324194,0.7426254553,-0.031100019,0.0970478248,0.0565668176,-0.036276386,0.0467973958,,-0.114878312,0.0396627773,-1.201201201,6.0,1.2249870399,0.0,0.022993311,0.0531213191999999,,0.21875,4.245,15.0,,,0.0,0.226679366,0.0,0.4328452565,,-2.488856917,2.1877328967,0.501059322,0.0084949361,0.0230768275,-0.133918161,0.0,0.0115340254,0.0498196487,-0.46875,0.0210899425,0.1737415373999999,0.1885583527,6.0,0.0304017597,6.247323000000001e-11,0.0495912730999999,0.0178110464,0.2153755912,2.8359866107,7.1902428e-09,59.0,1.3445
2006-08-31,11265377.014,1.620835245,2.6271068913,-0.3927356279999999,17.615668375,0.0498555719,-0.019655191,-0.304808706,-0.1369924069999999,-0.143300135,0.0842940151999999,-0.1002476519999999,3.9107507863,0.1151989457,-0.115198946,9.0,-0.137753085,0.0125418056,-1.140522908,0.1302391853,8.7197,0.0373705033,-0.001059888,-0.086839094,0.0153498441999999,0.1839644132,0.0248515806,-0.0490478929999999,1.0,1.5184033178,0.3390804597999999,0.0,0.0,0.0,-1.69090063,0.0169773228,0.6624579653,3.4383525880000003,,0.0941109692,0.3333333333,0.0721340380999999,0.1758911819999999,-0.00739962,17289.966394,1.3948208015,0.0079324194,0.7426254553,-0.031100019,0.0970478248,0.0565668176,-0.036276386,0.0467973958,,-0.114878312,0.0396627773,-1.201201201,6.0,1.2249870399,0.0,0.022993311,0.0531213191999999,,0.21875,4.245,15.0,,,0.0,0.226679366,0.0,0.4328452565,,-2.488856917,2.5115430807,0.5411255411,0.059422364,-0.005114327,-0.150118249,1.0,0.0702683616,0.0514781192,0.4433688287,0.0222306571,0.1640163022,0.1838602707,6.0,0.0351743181,8.110732e-11,0.0337451883,0.051772331,0.7138370341,39.089028313,3.9864827e-09,59.0,1.5415
2006-09-29,12916012.658,1.4892356491,2.2178228184,-0.05336405,17.939719677,0.0529480061,-0.016757981,0.1465228945,-0.281784175,-0.370257637,-0.078151952,-0.01367187,4.1013049473,0.1151989457,-0.115198946,9.0,-0.137753085,0.0125418056,-1.179771821,0.1302391853,8.7197,0.0373705033,-0.001059888,-0.086839094,0.0153498441999999,0.1839644132,0.0248515806,-0.0490478929999999,1.0,1.5184033178,0.3390804597999999,0.0,0.0,0.0,-1.706748126,0.0169773228,0.6624579653,3.4383525880000003,,0.0941109692,0.3333333333,0.0721340380999999,0.1758911819999999,-0.00739962,17289.966394,1.3948208015,0.0079324194,0.7426254553,-0.031100019,0.0970478248,0.0565668176,-0.036276386,0.0467973958,,-0.114878312,0.0396627773,-1.201201201,6.0,1.2249870399,0.0,0.022993311,0.0531213191999999,,0.21875,4.245,15.0,,,0.0,0.226679366,0.0,0.4328452565,,-2.488856917,2.5115430807,0.5411255411,0.0617723583,-0.005114327,-0.150118249,1.0,0.0702683616,0.0514781192,0.6490334017,0.0222306571,0.1640163022,0.1838602707,6.0,0.0314131106,9.045104e-11,0.0467395298,0.0215192145,0.3253914444,5.7031640046000005,4.9740971e-09,59.0,1.606
2006-10-31,13201319.561,1.6273907254,2.6484005732,0.0728755611,17.715317187,0.0524538371,0.0330899108,0.0418423302,-0.156036105,-0.319426038,-0.064629372,-0.146255078,4.3405304713,0.1151989457,-0.115198946,9.0,-0.137753085,0.0125418056,-1.19860718,0.1302391853,8.7197,0.0373705033,-0.001059888,-0.086839094,0.0153498441999999,0.1839644132,0.0248515806,-0.0490478929999999,1.0,1.5184033178,0.3390804597999999,0.0,0.0,0.0,-1.6426944980000002,0.0169773228,0.6624579653,3.4383525880000003,,0.0941109692,0.3333333333,0.0721340380999999,0.1758911819999999,-0.00739962,17289.966394,1.4048493594,0.0079324194,0.7426254553,-0.031100019,0.0970478248,0.0565668176,-0.036276386,0.0467973958,,-0.114878312,0.0396627773,-1.201201201,6.0,1.2249870399,0.0,0.022993311,0.0531213191999999,,0.21875,4.245,15.0,,,0.0,0.226679366,0.0,0.4328452565,,-2.488856917,0.3664127469,0.4461538462,-0.004449838,-0.011257497,-0.021897469,0.0,0.0137987012999999,0.0506822479,0.2073170732,0.0247488841999999,0.1524053367,0.1674616310999999,6.0,0.0343350839,8.789635e-11,0.0308041758999999,0.0262124587,0.3147929218,6.1513581472,6.2604886e-09,59.0,1.9045
2006-11-30,15690147.133,1.6245406023,2.6391321685,0.1984533257,17.66536438,0.0525719295,0.1239977665,0.1858655512,-0.087759163,-0.194179666,-0.267683244,0.0174152717,4.1872493969,0.1151989457,-0.115198946,9.0,-0.137753085,0.0125418056,-1.198656481,0.1302391853,8.7197,0.0373705033,-0.001059888,-0.086839094,0.0153498441999999,0.1839644132,0.0248515806,-0.0490478929999999,1.0,1.5184033178,0.3390804597999999,0.0,0.0,0.0,-1.539482443,0.0169773228,0.6624579653,3.4383525880000003,,0.0941109692,0.3333333333,0.0721340380999999,0.1758911819999999,-0.00739962,17289.966394,1.4048493594,0.0079324194,0.7426254553,-0.031100019,0.0970478248,0.0565668176,-0.036276386,0.0467973958,,-0.114878312,0.0396627773,-1.201201201,6.0,1.2249870399,0.0,0.022993311,0.0531213191999999,,0.21875,4.245,15.0,,,0.0,0.226679366,0.0,0.4328452565,,-2.488856917,0.3664127469,0.4461538462,-0.004449838,-0.011257497,-0.021897469,0.0,0.0137987012999999,0.0506822479,0.2073170732,0.0247488841999999,0.1524053367,0.1674616310999999,6.0,0.0290891225,6.599895e-11,0.1204281598,0.0310192522,0.611303754,22.81265034,3.8795755e-09,59.0,2.017
2006-12-29,16616973.883,1.617326986,2.6157465798,0.4513617788,18.184456485,0.0536800546,0.1461477981,0.0590706207,0.1005489666,-0.213990901,-0.102093776,0.0215933641,4.0610652174,0.1151989457,-0.115198946,9.0,-0.137753085,0.0125418056,-1.198912445,0.1302391853,8.7197,0.0373705033,-0.001059888,-0.086839094,0.0153498441999999,0.1839644132,0.0248515806,-0.0490478929999999,1.0,1.5184033178,0.3390804597999999,0.0,0.0,0.0,-1.539482443,0.0169773228,0.6624579653,3.4383525880000003,,0.0941109692,0.3333333333,0.0721340380999999,0.1758911819999999,-0.00739962,17289.966394,1.3948208015,0.0079324194,0.7426254553,-0.031100019,0.0970478248,0.0565668176,-0.036276386,0.0467973958,,-0.114878312,0.0396627773,-1.201201201,6.0,1.2249870399,0.0,0.022993311,0.0531213191999999,,0.21875,4.245,15.0,,,0.0,0.226679366,0.0,0.4328452565,,-2.488856917,0.3664127469,0.4461538462,-0.004449838,-0.011257497,-0.021897469,0.0,0.0137987012999999,0.0506822479,0.2073170732,0.0247488841999999,0.1524053367,0.1674616310999999,6.0,0.02361942,4.81673e-11,0.0380094163,0.0167792634,0.3948216522,6.2071374602,5.8320588e-09,59.0,1.973
2007-01-31,16336439.621,1.623947141,2.6372043167,0.1998049056,17.899119393,0.0535884432,0.1792981373,-0.021814603,0.0429162367,-0.144432686,-0.103952805,0.031849594,3.8645611916,0.1151989457,-0.115198946,9.0,-0.137753085,0.0125418056,-1.202997903,0.1302391853,8.7197,0.0373705033,-0.001059888,-0.086839094,0.0153498441999999,0.1839644132,0.0248515806,-0.0490478929999999,1.0,1.5184033178,0.3390804597999999,0.0,0.0,0.0,-1.535385307,0.0169773228,0.6624579653,3.4383525880000003,,0.0941109692,0.3333333333,0.0721340380999999,0.1758911819999999,-0.00739962,17289.966394,1.506095353,0.0079324194,0.7426254553,-0.031100019,0.0970478248,0.0565668176,-0.036276386,0.0467973958,,-0.114878312,0.0396627773,-1.201201201,6.0,1.2249870399,0.0,0.022993311,0.0531213191999999,,0.21875,4.245,15.0,,,0.0,0.226679366,0.0,0.4328452565,,-2.488856917,5.9547909348,0.4483412322,-0.00922722,0.0058904922999999,-0.205459695,0.0,0.0073578594999999,0.0448473914,0.0679012346,0.0238169868,0.1528767508,0.1634498322,6.0,0.0242784329,4.4543e-11,0.0253715497,0.0131130279,0.2643523241,3.9663547085,7.3946174e-09,59.0,1.8835
2007-02-28,15595379.242,1.6075184638999995,2.5841156117,0.800937125,17.688644291,0.0530346429,0.1527945301,-0.045362417,0.4674600236999999,-0.119589485,-0.110714301,0.0345123938,3.2125644173000003,0.1151989457,-0.115198946,9.0,-0.137753085,0.0125418056,-1.204089112,0.1302391853,8.7197,0.0373705033,-0.001059888,-0.086839094,0.0153498441999999,0.1839644132,0.0248515806,-0.0490478929999999,1.0,1.5184033178,0.3390804597999999,0.0,0.0,0.0,-1.488038943,0.0169773228,0.6624579653,3.4383525880000003,,0.0941109692,0.3333333333,0.0721340380999999,0.1758911819999999,-0.00739962,17289.966394,1.5201404177000002,0.0079324194,0.7426254553,-0.031100019,0.0970478248,0.0565668176,-0.036276386,0.0467973958,,-0.114878312,0.0396627773,-1.201201201,6.0,1.2249870399,0.0,0.022993311,0.0531213191999999,,0.21875,4.245,15.0,,,0.0,0.226679366,0.0,0.4328452565,,-2.488856917,5.9547909348,0.4483412322,-0.00922722,0.0058904922999999,-0.205459695,0.0,0.0073578594999999,0.0448473914,0.0679012346,0.0238169868,0.1528767508,0.1634498322,6.0,0.0260154898,5.625945e-11,0.0227833650999999,0.0151614752,0.2591975207,4.5078030343,6.9327544e-09,59.0,1.957
2007-03-30,16230535.807,1.6057487677000002,2.5784291048,0.4460917532,17.711572479,0.0531468698,0.148355343,0.0390231311,0.2218617678,0.0061431559,-0.129504758,-0.0100892,3.3541442543,0.1151989457,-0.115198946,9.0,-0.137753085,0.0125418056,-1.154044736,0.1302391853,8.7197,0.0373705033,-0.001059888,-0.086839094,0.0153498441999999,0.1839644132,0.0248515806,-0.0490478929999999,1.0,1.5184033178,0.3390804597999999,0.0,0.0,0.0,-1.488038943,0.0169773228,0.6624579653,3.4383525880000003,,0.0941109692,0.3333333333,0.0721340380999999,0.1758911819999999,-0.00739962,17289.966394,1.5201404177000002,0.0079324194,0.7426254553,-0.031100019,0.0970478248,0.0565668176,-0.036276386,0.0467973958,,-0.114878312,0.0396627773,-1.201201201,6.0,1.2249870399,0.0,0.022993311,0.0531213191999999,,0.21875,4.245,15.0,,,0.0,0.226679366,0.0,0.4328452565,,-2.488856917,5.9547909348,0.4483412322,-0.00922722,0.0058904922999999,-0.205459695,0.0,0.0073578594999999,0.0448473914,0.0679012346,0.0238169868,0.1528767508,0.1634498322,6.0,0.0246626318,4.440179e-11,0.0298708454,0.0202352516999999,0.5311581298,15.782773847,5.9981239e-09,59.0,1.9895
2007-04-30,16274110.374000002,1.6207289133000002,2.6267622105,0.3595147903,17.946679416,0.0527596443,0.1026078642,0.0166070908,0.2185554405999999,0.0714481512,-0.155961182,-0.049641452,3.5143748159,0.1151989457,-0.115198946,9.0,-0.137753085,0.0125418056,-1.176272091,0.1302391853,8.7197,0.0373705033,-0.001059888,-0.086839094,0.0153498441999999,0.1839644132,0.0248515806,-0.0490478929999999,1.0,1.5184033178,0.3390804597999999,0.0,0.0,0.0,-1.488038943,0.0169773228,0.6624579653,3.4383525880000003,,0.0941109692,0.3333333333,0.0721340380999999,0.1758911819999999,-0.00739962,17289.966394,1.5201404177000002,0.0079324194,0.7426254553,-0.031100019,0.0970478248,0.0565668176,-0.036276386,0.0467973958,,-0.114878312,0.0396627773,-1.201201201,6.0,1.2249870399,0.0,0.022993311,0.0531213191999999,,0.21875,4.245,15.0,,,0.0,0.226679366,0.0,0.4328452565,,-2.488856917,2.6928904474,0.3730110159,-0.000706215,0.0074029748,0.1527563827,0.0,0.0063191153,0.0431361524,0.0522193211,0.0340117503,0.1527952074,0.1630232468,6.0,0.0231880595,5.04644e-11,0.0412956178,0.0167079231,0.3593687418999999,5.7261279507000005,5.7928019e-09,59.0,3.0665
2007-05-31,25126779.09,1.5600870475,2.4338715959,0.5283389747,17.851708687000002,0.0521802336,0.0943580691,0.3482586740999999,0.0446311558,0.130076744,-0.1924311789999999,0.0505716019,5.2949888292,0.1151989457,-0.115198946,9.0,-0.137753085,0.0125418056,-1.180843526,0.1302391853,8.7197,0.0373705033,-0.001059888,-0.086839094,0.0153498441999999,0.1839644132,0.0248515806,-0.0490478929999999,1.0,1.5184033178,0.3390804597999999,0.0,0.0,0.0,-1.488038943,0.0169773228,0.6624579653,3.4383525880000003,,0.0941109692,0.3333333333,0.0721340380999999,0.1758911819999999,-0.00739962,17289.966394,1.4752935773,0.0079324194,0.7426254553,-0.031100019,0.0970478248,0.0565668176,-0.036276386,0.0467973958,,-0.114878312,0.0396627773,-1.201201201,6.0,1.2249870399,0.0,0.022993311,0.0531213191999999,,0.21875,4.245,15.0,,,0.0,0.226679366,0.0,0.4328452565,,-2.488856917,2.6928904474,0.3730110159,-0.000706215,0.0074029748,0.1527563827,0.0,0.0063191153,0.0431361524,0.0522193211,0.0340117503,0.1527952074,0.1630232468,6.0,0.0265819925,3.199996e-11,0.2499999702,0.0642330687,1.1704037392,63.63037885,2.5636992e-09,59.0,3.457
2007-06-29,28326519.47,1.489595569,2.2188949593,0.5483725091,18.308739993,0.0601550555999999,0.1867228479,0.1273438334,0.520327282,0.7720312637000001,-0.286391736,0.1249727252999999,6.5324140436,0.1151989457,-0.115198946,9.0,-0.137753085,0.0125418056,-1.180843526,0.1302391853,8.7197,0.0373705033,-0.001059888,-0.086839094,0.0153498441999999,0.1839644132,0.0248515806,-0.0490478929999999,1.0,1.5184033178,0.3390804597999999,0.0,0.0,0.0,-1.488038943,0.0169773228,0.6624579653,3.4383525880000003,,0.0941109692,0.3333333333,0.0721340380999999,0.1758911819999999,-0.00739962,17289.966394,1.4048493594,0.0079324194,0.7426254553,-0.031100019,0.0970478248,0.0565668176,-0.036276386,0.0467973958,,-0.114878312,0.0396627773,-1.201201201,6.0,1.2249870399,0.0,0.022993311,0.0531213191999999,,0.21875,4.245,15.0,,,0.0,0.226679366,0.0,0.4328452565,,-2.488856917,2.6928904474,0.3730110159,-0.000706215,0.0074029748,0.1527563827,0.0,0.0063191153,0.0431361524,0.0522193211,0.0340117503,0.1527952074,0.1630232468,6.0,0.0316685928,2.1214370000000003e-11,0.0789889991,0.0247688593,0.4524728636,21.240359585,2.5652361e-09,59.0,3.4205
2007-07-31,28253331.512,1.4810864164,2.1936169728,0.7134890614,18.391218899,0.0597936423,0.238666225,-0.010558226,0.7521541335999999,0.7874870799,-0.2889705999999999,-0.044402049,7.3132091111,0.127062911,-0.127062911,10.0,-0.180465368,0.0263827375999999,-1.031917764,0.108371715,6.5579197623,0.0429714185,-0.011752331,0.1823204582,-0.004807692,0.0909475868,0.0771807917,-0.015946657,1.0,1.3321484992,0.4595185996,0.0,0.0,0.0,0.7520325203,0.0116304409,0.7186147186,1.4233448891,,0.0981819284,0.1583333333,0.1525974026,0.2406889139,0.1397101449,13997.352189,1.2552204176,0.0083176661,-0.138108154,-0.122664918,0.3551904461999999,-0.027401141,-0.195271494,-0.28786808,,-0.0366772739999999,-0.185784873,-2.694736842,5.0,0.9857819905,1.0,0.0405229046,0.0618056204,,0.1437713310999999,5.3051015354,12.21322691,,0.0157853197,1.0,0.2616018846,0.0,0.6556508027,,1.2767327174,2.6928904474,0.3730110159,-0.000706215,0.0074029748,0.1527563827,0.0,0.0063191153,0.0431361524,0.0522193211,0.0340117503,0.1527952074,0.1630232468,6.0,0.026090429,1.868543e-11,0.0458677001,0.0182769869,0.4124341414999999,14.295208506,3.5586737e-09,59.0,3.927
2007-08-31,32468357.838000003,1.3061642534,1.7060650569,0.6840558904999999,18.444817607,0.0599716491,0.2515460755,0.1480777115,0.8160341938,1.5440686649000002,-0.309095574,0.002802438,6.6421439497,0.127062911,-0.127062911,10.0,-0.180465368,0.0263827375999999,-1.056897444,0.108371715,6.5579197623,0.0429714185,-0.011752331,0.1823204582,-0.004807692,0.0909475868,0.0771807917,-0.015946657,1.0,1.3321484992,0.4595185996,0.0,0.0,0.0,0.7520325203,0.0116304409,0.7186147186,1.4233448891,,0.0981819284,0.1583333333,0.1525974026,0.2406889139,0.1397101449,13997.352189,1.2552204176,0.0083176661,-0.138108154,-0.122664918,0.3551904461999999,-0.027401141,-0.195271494,-0.28786808,,-0.0366772739999999,-0.185784873,-2.694736842,5.0,0.9857819905,1.0,0.0405229046,0.0618056204,,0.1437713310999999,5.3051015354,12.21322691,,0.0157853197,1.0,0.2616018846,0.0,0.6556508027,,1.2767327174,2.2388424666,0.4627549850999999,0.0349025974,-0.013108644,0.010226734,1.0,0.0296817625,0.042538904,0.4948979592,0.0617637625,0.1460126849,0.1587882176999999,6.0,0.0324687208,2.384515e-11,0.2444751114,0.0587120996,0.7735189601000001,30.312179678000003,3.2335564e-09,59.0,3.9955
2007-09-28,33034715.604,0.8582307743,0.736560062,0.7721028784999999,18.538657326,0.0620696906,0.180341693,0.0174433757,0.8276596695,1.5475187147,-0.1916622969999999,0.4274081979,5.4775807229,0.127062911,-0.127062911,10.0,-0.180465368,0.0263827375999999,-1.053414534,0.108371715,6.5579197623,0.0429714185,-0.011752331,0.1823204582,-0.004807692,0.0909475868,0.0771807917,-0.015946657,1.0,1.3321484992,0.4595185996,0.0,0.0,0.0,0.7520325203,0.0116304409,0.7186147186,1.4233448891,,0.0981819284,0.1583333333,0.1525974026,0.2406889139,0.1397101449,13997.352189,1.2552204176,0.0083176661,-0.138108154,-0.122664918,0.3551904461999999,-0.027401141,-0.195271494,-0.28786808,,-0.0366772739999999,-0.185784873,-2.694736842,5.0,0.9857819905,1.0,0.0405229046,0.0618056204,,0.1437713310999999,5.3051015354,12.21322691,,0.0157853197,1.0,0.2616018846,0.0,0.6556508027,,1.2767327174,2.2388424666,0.4627549850999999,0.0349025974,-0.013108644,0.010226734,1.0,0.0296817625,0.042538904,0.4948979592,0.0617637625,0.1460126849,0.1587882176999999,6.0,0.0336206802,3.5293140000000005e-11,0.0373494104,0.0239305912999999,0.2889605444999999,6.3074854875,4.472754e-09,59.0,4.6575
2007-10-31,38657250.633,0.904932916,0.8189035825,0.9578900911,18.751275921,0.0614170222,0.0933361109,0.1656863689,0.794055132,1.487858254,-0.213901172,0.4120281603,4.531212792,0.127062911,-0.127062911,10.0,-0.180465368,0.0263827375999999,-1.074695961,0.108371715,6.5579197623,0.0429714185,-0.011752331,0.1823204582,-0.004807692,0.0909475868,0.0771807917,-0.015946657,1.0,1.3321484992,0.4595185996,0.0,0.0,0.0,0.7520325203,0.0116304409,0.7186147186,1.4233448891,,0.0981819284,0.1583333333,0.1525974026,0.2406889139,0.1397101449,13997.352189,1.2552204176,0.0083176661,-0.138108154,-0.122664918,0.3551904461999999,-0.027401141,-0.195271494,-0.28786808,,-0.0366772739999999,-0.185784873,-2.694736842,5.0,0.9857819905,1.0,0.0405229046,0.0618056204,,0.1437713310999999,5.3051015354,12.21322691,,0.0157853197,1.0,0.2616018846,0.0,0.6556508027,,1.2767327174,7.5711668285,0.3878721660999999,-0.004013378,-0.018858382,0.2093809352,2.0,0.0254412102,0.0415160504,0.2575406032,0.0452252074,0.1323840499,0.1400588344,6.0,0.0275906843,2.182841e-11,0.0352772102,0.0152800854,0.2957342057,4.4951426131,7.7840779e-09,59.0,4.4575
2007-11-30,37013030.184,0.9127612999,0.8331331906999999,-0.15652237,18.387143769,0.0610034662999999,0.0736093665,-0.042941492,0.5188325226,1.4455238214,0.1160269166,0.3896945378,4.2541735212,0.127062911,-0.127062911,10.0,-0.180465368,0.0263827375999999,-1.095214366,0.108371715,6.5579197623,0.0429714185,-0.011752331,0.1823204582,-0.004807692,0.0909475868,0.0771807917,-0.015946657,1.0,1.3321484992,0.4595185996,0.0,0.0,0.0,0.7520325203,0.0116304409,0.7186147186,1.4233448891,,0.0981819284,0.1583333333,0.1525974026,0.2406889139,0.1397101449,13997.352189,1.2552204176,0.0083176661,-0.138108154,-0.122664918,0.3551904461999999,-0.027401141,-0.195271494,-0.28786808,,-0.0366772739999999,-0.185784873,-2.694736842,5.0,0.9857819905,1.0,0.0405229046,0.0618056204,,0.1437713310999999,5.3051015354,12.21322691,,0.0157853197,1.0,0.2616018846,0.0,0.6556508027,,1.2767327174,7.5711668285,0.3878721660999999,-0.004013378,-0.018858382,0.2074512374,2.0,0.0254412102,0.0415160504,0.2575406032,0.0452252074,0.1323840499,0.1400588344,6.0,0.030171556,2.115973e-11,0.1043925807,0.0384850367,0.600709516,24.483426869,3.4072002e-09,59.0,4.528
2007-12-31,37598428.106,0.8259441871,0.6821838001,-0.404125422,18.630138626,0.0610718928,0.0704916191,0.0158159956,0.2894128169,1.2099653545,0.0166330495999999,0.45978017,4.2852123397,0.127062911,-0.127062911,10.0,-0.180465368,0.0263827375999999,-1.094004662,0.108371715,6.5579197623,0.0429714185,-0.011752331,0.1823204582,-0.004807692,0.0909475868,0.0771807917,-0.015946657,1.0,1.3321484992,0.4595185996,0.0,0.0,0.0,0.7520325203,0.0116304409,0.7186147186,1.4233448891,,0.0981819284,0.1583333333,0.1525974026,0.2406889139,0.1397101449,13997.352189,1.2552204176,0.0083176661,-0.138108154,-0.122664918,0.3551904461999999,-0.027401141,-0.195271494,-0.28786808,,-0.0366772739999999,-0.185784873,-2.694736842,5.0,0.9857819905,1.0,0.0405229046,0.0618056204,,0.1437713310999999,5.3051015354,12.21322691,,0.0157853197,1.0,0.2616018846,0.0,0.6556508027,,1.2767327174,7.5711668285,0.3878721660999999,-0.004013378,-0.018858382,0.214980742,2.0,0.0254412102,0.0415160504,0.2575406032,0.0452252074,0.1323840499,0.1400588344,6.0,0.0382602332,3.1979259999999995e-11,0.0550298728,0.0285512513,0.3085948133,4.8830799302,4.7857623e-09,59.0,4.632
2008-01-31,38538239.746,0.909344378,0.8269071978,-0.379466592,18.601995068,0.0612047607,-0.071345209,0.0229682196,0.3237829643,1.2949822851,-0.109054013,-0.0017825679999999,4.3204991987,0.127062911,-0.127062911,10.0,-0.180465368,0.0263827375999999,-1.098063789,0.108371715,6.5579197623,0.0429714185,-0.011752331,0.1823204582,-0.004807692,0.0909475868,0.0771807917,-0.015946657,1.0,1.3321484992,0.4595185996,0.0,0.0,0.0,0.7520325203,0.0116304409,0.7186147186,1.4233448891,,0.0981819284,0.1583333333,0.1525974026,0.2406889139,0.1397101449,13997.352189,1.2552204176,0.0083176661,-0.138108154,-0.122664918,0.3551904461999999,-0.027401141,-0.195271494,-0.28786808,,-0.0366772739999999,-0.185784873,-2.694736842,5.0,0.9857819905,1.0,0.0405229046,0.0618056204,,0.1437713310999999,5.3051015354,12.21322691,,0.0157853197,1.0,0.2616018846,0.0,0.6556508027,,1.2767327174,2.7824062207,0.4179216867,0.0003159558,-0.005021596,0.208298998,0.0,0.0213056542,0.03874214,0.2209631728,0.0264393613,0.1313928909999999,0.1401247476,6.0,0.0316456656,2.804286e-11,0.0384996124,0.0211931081,0.3268139999,4.0623397746,7.1681223e-09,59.0,3.885
2008-02-29,32323198.73,0.857572035,0.7354297952,-1.095643612,18.279291602,0.0596133866,-0.152281476,-0.161269456,0.1795263409,1.459251535,-0.12841285,0.3919617729999999,4.7629662298,0.127062911,-0.127062911,10.0,-0.180465368,0.0263827375999999,-1.099337382,0.108371715,6.5579197623,0.0429714185,-0.011752331,0.1823204582,-0.004807692,0.0909475868,0.0771807917,-0.015946657,1.0,1.3321484992,0.4595185996,0.0,0.0,0.0,0.7520325203,0.0116304409,0.7186147186,1.4233448891,,0.0981819284,0.1583333333,0.1525974026,0.2406889139,0.1397101449,13997.352189,1.2552204176,0.0083176661,-0.138108154,-0.122664918,0.3551904461999999,-0.027401141,-0.195271494,-0.28786808,,-0.0366772739999999,-0.185784873,-2.694736842,5.0,0.9857819905,1.0,0.0405229046,0.0618056204,,0.1437713310999999,5.3051015354,12.21322691,,0.0157853197,1.0,0.2616018846,0.0,0.6556508027,,1.2767327174,2.7824062207,0.4179216867,0.0003159558,-0.005021596,0.2113021479,0.0,0.0213056542,0.03874214,0.2209631728,0.0264393613,0.1313928909999999,0.1401247476,6.0,0.0573780667999999,2.319692e-11,0.0500202365,0.0303293807,0.3805150825,18.87067223,3.0019174e-09,59.0,3.2235
2008-03-31,26897658.149,1.0252790007,1.0511970292,-1.111292964,18.869997113,0.0601981805,-0.219053255,-0.1702702189999999,-0.0276561889999999,0.985181384,0.1125639231,-0.008020238,5.0093285372,0.127062911,-0.127062911,10.0,-0.180465368,0.0263827375999999,-1.104719477,0.108371715,6.5579197623,0.0429714185,-0.011752331,0.1823204582,-0.004807692,0.0909475868,0.0771807917,-0.015946657,1.0,1.3321484992,0.4595185996,0.0,0.0,0.0,0.7520325203,0.0116304409,0.7186147186,1.4233448891,,0.0981819284,0.1583333333,0.1525974026,0.2406889139,0.1397101449,13997.352189,1.2552204176,0.0083176661,-0.138108154,-0.122664918,0.3551904461999999,-0.027401141,-0.195271494,-0.28786808,,-0.0366772739999999,-0.185784873,-2.694736842,5.0,0.9857819905,1.0,0.0405229046,0.0618056204,,0.1437713310999999,5.3051015354,12.21322691,,0.0157853197,1.0,0.2616018846,0.0,0.6556508027,,1.2767327174,2.7824062207,0.4179216867,0.0003159558,-0.005021596,0.2113021479,0.0,0.0213056542,0.03874214,0.2209631728,0.0264393613,0.1313928909999999,0.1401247476,6.0,0.0464870548,3.813135e-11,0.0440565012,0.032220427,0.2406381769,6.3053847867,4.3163588e-09,59.0,3.565
2008-04-30,29732101.273,0.9118706709,0.8315081205,-1.3548150959999998,18.466433695,0.0607500549,-0.264835905,0.1059407741,-0.3078904939999999,0.6202563694,0.1610738292,0.1298909402,5.531938326000001,0.127062911,-0.127062911,10.0,-0.180465368,0.0263827375999999,-1.088589286,0.108371715,6.5579197623,0.0429714185,-0.011752331,0.1823204582,-0.004807692,0.0909475868,0.0771807917,-0.015946657,1.0,1.3321484992,0.4595185996,0.0,0.0,0.0,0.7520325203,0.0116304409,0.7186147186,1.4233448891,,0.0981819284,0.1583333333,0.1525974026,0.2406889139,0.1397101449,13997.352189,1.2552204176,0.0083176661,-0.138108154,-0.122664918,0.3551904461999999,-0.027401141,-0.195271494,-0.28786808,,-0.0366772739999999,-0.185784873,-2.694736842,5.0,0.9857819905,1.0,0.0405229046,0.0618056204,,0.1437713310999999,5.3051015354,12.21322691,,0.0157853197,1.0,0.2616018846,0.0,0.6556508027,,1.2767327174,4.3731570938,0.4133824165999999,0.0076499388,0.0155887653,0.0015213732,1.0,0.0200803213,0.0383743481,0.1454545455,0.0247042922,0.135919015,0.1445647443,6.0,0.0494370483999999,4.290076e-11,0.07770928,0.0337993413,0.2757750680999999,6.7342640587,4.7233538e-09,59.0,3.9315
2008-05-30,32842177.253,0.8404752537000001,0.7063986522,-0.571614992,18.604815029,0.0616014728,-0.299739258,0.1028049663,-0.200224316,0.1625632018999999,0.8952410787999999,0.0846737161999999,4.8072926642,0.127062911,-0.127062911,10.0,-0.180465368,0.0263827375999999,-1.110483537,0.108371715,6.5579197623,0.0429714185,-0.011752331,0.1823204582,-0.004807692,0.0909475868,0.0771807917,-0.015946657,1.0,1.3321484992,0.4595185996,0.0,0.0,0.0,0.7520325203,0.0116304409,0.7186147186,1.4233448891,,0.0981819284,0.1583333333,0.1525974026,0.2406889139,0.1397101449,13997.352189,1.2552204176,0.0083176661,-0.138108154,-0.122664918,0.3551904461999999,-0.027401141,-0.195271494,-0.28786808,,-0.0366772739999999,-0.185784873,-2.694736842,5.0,0.9857819905,1.0,0.0405229046,0.0618056204,,0.1437713310999999,5.3051015354,12.21322691,,0.0157853197,1.0,0.2616018846,0.0,0.6556508027,,1.2767327174,4.3731570938,0.4133824165999999,0.0076499388,0.0155887653,0.0015213732,1.0,0.0200803213,0.0383743481,0.1454545455,0.0247042922,0.135919015,0.1445647443,6.0,0.0384534454,3.3919720000000004e-11,0.0818476155,0.0325843706,0.4233980686,10.558729373,4.1939849999999996e-09,59.0,4.081
2008-06-30,34091042.747,0.9328131072,0.8701402929000001,-0.408525184,18.58045502,0.0620345524,-0.303887044,0.0380262695,-0.131735866,0.1372577156,0.9470572583,0.2227205904,4.2571259781,0.127062911,-0.127062911,10.0,-0.180465368,0.0263827375999999,-1.118787816,0.108371715,6.5579197623,0.0429714185,-0.011752331,0.1823204582,-0.004807692,0.0909475868,0.0771807917,-0.015946657,1.0,1.3321484992,0.4595185996,0.0,0.0,0.0,0.7520325203,0.0116304409,0.7186147186,1.4233448891,,0.0981819284,0.1583333333,0.1525974026,0.2406889139,0.1397101449,13997.352189,1.2552204176,0.0083176661,-0.138108154,-0.122664918,0.3551904461999999,-0.027401141,-0.195271494,-0.28786808,,-0.0366772739999999,-0.185784873,-2.694736842,5.0,0.9857819905,1.0,0.0405229046,0.0618056204,,0.1437713310999999,5.3051015354,12.21322691,,0.0157853197,1.0,0.2616018846,0.0,0.6556508027,,1.2767327174,4.3731570938,0.4133824165999999,0.0076499388,0.0155887653,0.0015213732,1.0,0.0200803213,0.0383743481,0.1454545455,0.0247042922,0.135919015,0.1445647443,6.0,0.0325007058,2.799422e-11,0.0762490407,0.024740393,0.3304167303,7.0909764621,5.6896294e-09,59.0,3.6665
2008-07-31,31238580.78,0.9466141121,0.8960782773,-0.56262915,18.642454539000003,0.0617053665,-0.269439412,-0.101568252,-0.118955053,0.1931004079,1.0673920775,0.2448120835,3.9457528509,0.1712758112,-0.171275811,11.0,-0.486362595,0.0310600589999999,-1.004684644,0.1620390456,10.731760925,0.0364572954,-0.032339877,0.0912617141,0.0048309178999999,0.1039121848,0.0595501475,0.0139488753,1.0,1.3904146473,0.4990791897,0.0,0.0,0.0,1.777262181,0.0123513684,0.8276415310999999,0.0980392157,,0.1012968699,0.2230215827,0.1196424478999999,0.1372143616,0.3448626653,35902.205926999995,0.709273183,0.0076397953,-1.569862359,0.0437384782,0.0860913795,-0.0254614879999999,0.0827068058,0.0167237147,,0.0669098661,0.0122222482,-1.951680672,6.0,1.0673128702,0.0,0.0212256709,0.0551398719,,0.1698784464999999,4.7670308483,12.3625,,0.0461309524,1.0,0.3850247409,0.0,0.3849423326,,0.4972191196,1.8580760433,0.4798766384,-0.003896402,0.0058057504,0.0258808809,2.0,0.0448245994,0.0384131009,0.2720105125,0.0437487545,0.1311654569999999,0.1410789738,5.0,0.0364759443,3.712348e-11,0.0396585241,0.0259183985,0.1960569766,3.9920726298,5.6802189e-09,59.0,3.817
2008-08-29,32514807.58,0.9392421605,0.8821758359999999,-0.00680799,18.537910487,0.0602491276999999,-0.301963802,0.0410472453,-0.056241892,-0.066335602,0.7395348657999999,0.2657262542,4.0863908252,0.1712758112,-0.171275811,11.0,-0.486362595,0.0310600589999999,-0.908266886,0.1620390456,10.731760925,0.0364572954,-0.032339877,0.0912617141,0.0048309178999999,0.1039121848,0.0595501475,0.0139488753,1.0,1.3904146473,0.4990791897,0.0,0.0,0.0,1.777262181,0.0123513684,0.8276415310999999,0.0980392157,,0.1012968699,0.2230215827,0.1196424478999999,0.1372143616,0.3448626653,35902.205926999995,0.709273183,0.0076397953,-1.569862359,0.0437384782,0.0860913795,-0.0254614879999999,0.0827068058,0.0167237147,,0.0669098661,0.0122222482,-1.951680672,6.0,1.0673128702,0.0,0.0212256709,0.0551398719,,0.1698784464999999,4.7670308483,12.3625,,0.0461309524,1.0,0.3850247409,0.0,0.3849423326,,0.4972191196,1.8580760433,0.4798766384,-0.003896402,0.0058057504,0.0258808809,2.0,0.0448245994,0.0384131009,0.2720105125,0.0437487545,0.1311654569999999,0.1410789738,5.0,0.0527025096,3.802724e-11,0.1159625798,0.0389865181,0.4131892617,12.865609894,3.9239192e-09,59.0,4.0405
2008-09-30,34418674.97,0.9755387028,0.9516757606,0.4466685405,18.890109716,0.0609899627,-0.289111766,0.0585538559,0.1841165667,-0.0446753379999999,0.8714286451000001,0.2430943457999999,4.0274413364,0.1712758112,-0.171275811,11.0,-0.486362595,0.0310600589999999,-0.926044474,0.1620390456,10.731760925,0.0364572954,-0.032339877,0.0912617141,0.0048309178999999,0.1039121848,0.0595501475,0.0139488753,1.0,1.3904146473,0.4990791897,0.0,0.0,0.0,1.777262181,0.0123513684,0.8276415310999999,0.0980392157,,0.1012968699,0.2230215827,0.1196424478999999,0.1372143616,0.3448626653,35902.205926999995,0.709273183,0.0076397953,-1.569862359,0.0437384782,0.0860913795,-0.0254614879999999,0.0827068058,0.0167237147,,0.0669098661,0.0122222482,-1.951680672,6.0,1.0673128702,0.0,0.0212256709,0.0551398719,,0.1698784464999999,4.7670308483,12.3625,,0.0461309524,1.0,0.3850247409,0.0,0.3849423326,,0.4972191196,1.8580760433,0.4798766384,-0.003896402,0.0058057504,0.0258808809,2.0,0.0448245994,0.0384131009,0.2720105125,0.0437487545,0.1311654569999999,0.1410789738,5.0,0.0366152117,3.762149e-11,0.0941497236,0.0309407308,0.4039806482,10.177268914,5.9502042e-09,59.0,3.638
2008-10-31,31214040.916,0.995870317,0.9917576883,0.2550447191,18.607238683,0.0612609287,-0.277520204,-0.099616334,0.1333800027,-0.132474539,1.0562914944,0.1638432572,4.333988601600001,0.1712758112,-0.171275811,11.0,-0.486362595,0.0310600589999999,-0.672748199,0.1620390456,10.731760925,0.0364572954,-0.032339877,0.0912617141,0.0048309178999999,0.1039121848,0.0595501475,0.0139488753,1.0,1.3904146473,0.4990791897,0.0,0.0,0.0,1.777262181,0.0123513684,0.8276415310999999,0.0980392157,,0.1012968699,0.2230215827,0.1196424478999999,0.1372143616,0.3448626653,35902.205926999995,0.709273183,0.0076397953,-1.569862359,0.0437384782,0.0860913795,-0.0254614879999999,0.0827068058,0.0167237147,,0.0669098661,0.0122222482,-1.951680672,6.0,1.0673128702,0.0,0.0212256709,0.0551398719,,0.1698784464999999,4.7670308483,12.3625,,0.0461309524,1.0,0.3850247409,0.0,0.3849423326,,0.4972191196,0.9189449334,0.3656297807,0.007921333,0.0042573227,-0.030509953,0.0,0.0220508866999999,0.0383296759,0.11946533,0.037669724,0.1252458206,0.1399625381,5.0,0.0642422698,5.858645e-11,0.1485399157,0.05665222,0.2955083551,6.6489604087,4.6102128e-09,59.0,2.862
2008-11-28,24546344.4,1.074602803,1.1547711841,-0.154030128,18.713162718,0.0599723986,-0.33722547,-0.213304013,-0.074653386,-0.183847436,1.236578064,0.056783465,5.2380621471,0.1712758112,-0.171275811,11.0,-0.486362595,0.0310600589999999,-0.672487852,0.1620390456,10.731760925,0.0364572954,-0.032339877,0.0912617141,0.0048309178999999,0.1039121848,0.0595501475,0.0139488753,1.0,1.3904146473,0.4990791897,0.0,0.0,0.0,1.777262181,0.0123513684,0.8276415310999999,0.0980392157,,0.1012968699,0.2230215827,0.1196424478999999,0.1372143616,0.3448626653,35902.205926999995,0.709273183,0.0076397953,-1.569862359,0.0437384782,0.0860913795,-0.0254614879999999,0.0827068058,0.0167237147,,0.0669098661,0.0122222482,-1.951680672,6.0,1.0673128702,0.0,0.0212256709,0.0551398719,,0.1698784464999999,4.7670308483,12.3625,,0.0461309524,1.0,0.3850247409,0.0,0.3849423326,,0.4972191196,0.9189449334,0.3656297807,0.007921333,0.0042573227,-0.030509953,0.0,0.0220508866999999,0.0383296759,0.11946533,0.037669724,0.1252458206,0.1399625381,5.0,0.109728406,6.013904e-11,0.1302944571,0.0610536678,0.3060781275,12.880393099,2.4560437e-09,59.0,2.135
2008-12-31,18311126.727,0.8979417752,0.8062994317000001,-0.378124909,18.768166273,0.0611607457,-0.425836182,-0.254018188,-0.298701305,-0.367932825,0.8687577486,0.1054897466,5.8661253894000005,0.1712758112,-0.171275811,11.0,-0.486362595,0.0310600589999999,-0.672487852,0.1620390456,10.731760925,0.0364572954,-0.032339877,0.0912617141,0.0048309178999999,0.1039121848,0.0595501475,0.0139488753,1.0,1.3904146473,0.4990791897,0.0,0.0,0.0,1.777262181,0.0123513684,0.8276415310999999,0.0980392157,,0.1012968699,0.2230215827,0.1196424478999999,0.1372143616,0.3448626653,35902.205926999995,0.709273183,0.0076397953,-1.569862359,0.0437384782,0.0860913795,-0.0254614879999999,0.0827068058,0.0167237147,,0.0669098661,0.0122222482,-1.951680672,6.0,1.0673128702,0.0,0.0212256709,0.0551398719,,0.1698784464999999,4.7670308483,12.3625,,0.0461309524,1.0,0.3850247409,0.0,0.3849423326,,0.4972191196,0.9189449334,0.3656297807,0.007921333,0.0042573227,-0.030509953,0.0,0.0220508866999999,0.0383296759,0.11946533,0.037669724,0.1252458206,0.1399625381,5.0,0.0875082903,1.108205e-10,0.1222603992,0.0662526899,0.3451991654999999,8.9093560792,4.3221142e-09,59.0,2.564
2009-01-30,21947839.478,0.9232777142,0.8524417374,-0.092254283,18.220823131,0.0625694329,-0.507631259,0.2009367198,-0.417700819,-0.539075987,0.9647931645,0.0008433602,5.975211336,0.1712758112,-0.171275811,11.0,-0.486362595,0.0310600589999999,-0.6817456829999999,0.1620390456,10.731760925,0.0364572954,-0.032339877,0.0912617141,0.0048309178999999,0.1039121848,0.0595501475,0.0139488753,1.0,1.3904146473,0.4990791897,0.0,0.0,0.0,1.777262181,0.0123513684,0.8276415310999999,0.0980392157,,0.1012968699,0.2230215827,0.1196424478999999,0.1372143616,0.3448626653,35902.205926999995,0.709273183,0.0076397953,-1.569862359,0.0437384782,0.0860913795,-0.0254614879999999,0.0827068058,0.0167237147,,0.0669098661,0.0122222482,-1.951680672,6.0,1.0673128702,0.0,0.0212256709,0.0551398719,,0.1698784464999999,4.7670308483,12.3625,,0.0461309524,1.0,0.3850247409,0.0,0.3849423326,,0.4972191196,1.586892371,0.3764631446,0.0032630522,0.0019568835,0.1463259142,1.0,0.0268570457,0.0382764429,0.1074829932,0.037677769,0.1249239242,0.1391602650999999,5.0,0.06713514,7.687537e-11,0.0975965187,0.0418660936,0.4596324002,8.9581149785,4.1072124e-09,59.0,2.941
2009-02-27,25209251.929,0.9080784377,0.8246064490999999,-0.21199637,18.186770871,0.0625971318,-0.428272317,0.1470358968,-0.328268268,-0.340025737,0.7336010409,0.0118852299,4.985709514,0.1712758112,-0.171275811,11.0,-0.486362595,0.0310600589999999,-0.674986229,0.1620390456,10.731760925,0.0364572954,-0.032339877,0.0912617141,0.0048309178999999,0.1039121848,0.0595501475,0.0139488753,1.0,1.3904146473,0.4990791897,0.0,0.0,0.0,1.777262181,0.0123513684,0.8276415310999999,0.0980392157,,0.1012968699,0.2230215827,0.1196424478999999,0.1372143616,0.3448626653,35902.205926999995,0.709273183,0.0076397953,-1.569862359,0.0437384782,0.0860913795,-0.0254614879999999,0.0827068058,0.0167237147,,0.0669098661,0.0122222482,-1.951680672,6.0,1.0673128702,0.0,0.0212256709,0.0551398719,,0.1698784464999999,4.7670308483,12.3625,,0.0461309524,1.0,0.3850247409,0.0,0.3849423326,,0.4972191196,1.586892371,0.3764631446,0.0032630522,0.0019568835,0.1463259142,1.0,0.0268570457,0.0382764429,0.1074829932,0.037677769,0.1249239242,0.1391602650999999,5.0,0.0547238103,7.542965e-11,0.1763999909,0.0554677946999999,0.4584743222999999,17.841280274000002,4.5531182e-09,59.0,3.2395
2009-03-31,27802685.193000004,0.9127294596,0.8330750665000001,-0.451693932,18.135680054,0.0637825457,-0.425244277,0.1014961079,-0.272119784,-0.087637701,0.721955268,-0.062135474,4.708275835299999,0.1712758112,-0.171275811,11.0,-0.486362595,0.0310600589999999,-0.6921543809999999,0.1620390456,10.731760925,0.0364572954,-0.032339877,0.0912617141,0.0048309178999999,0.1039121848,0.0595501475,0.0139488753,1.0,1.3904146473,0.4990791897,0.0,0.0,0.0,1.777262181,0.0123513684,0.8276415310999999,0.0980392157,,0.1012968699,0.2230215827,0.1196424478999999,0.1372143616,0.3448626653,35902.205926999995,0.709273183,0.0076397953,-1.569862359,0.0437384782,0.0860913795,-0.0254614879999999,0.0827068058,0.0167237147,,0.0669098661,0.0122222482,-1.951680672,6.0,1.0673128702,0.0,0.0212256709,0.0551398719,,0.1698784464999999,4.7670308483,12.3625,,0.0461309524,1.0,0.3850247409,0.0,0.3849423326,,0.4972191196,1.586892371,0.3764631446,0.0032630522,0.0019568835,0.1463259142,1.0,0.0268570457,0.0382764429,0.1074829932,0.037677769,0.1249239242,0.1391602650999999,5.0,0.0478690086,4.45569e-11,0.0630367771,0.0340836534,0.3392790953,8.2168355228,5.1249176e-09,59.0,3.672
2009-04-30,31505761.047,0.9034307665,0.8161871498000001,-0.011131063,18.038816836,0.0645642409,-0.452875274,0.1335082799,-0.109538239,-0.091304394,0.95182062,-0.086178309,4.9119302313,0.1712758112,-0.171275811,11.0,-0.486362595,0.0310600589999999,-0.687241648,0.1620390456,10.731760925,0.0364572954,-0.032339877,0.0912617141,0.0048309178999999,0.1039121848,0.0595501475,0.0139488753,1.0,1.3904146473,0.4990791897,0.0,0.0,0.0,1.777262181,0.0123513684,0.8276415310999999,0.0980392157,,0.1012968699,0.2230215827,0.1196424478999999,0.1372143616,0.3448626653,35902.205926999995,0.709273183,0.0076397953,-1.569862359,0.0437384782,0.0860913795,-0.0254614879999999,0.0827068058,0.0167237147,,0.0669098661,0.0122222482,-1.951680672,6.0,1.0673128702,0.0,0.0212256709,0.0551398719,,0.1698784464999999,4.7670308483,12.3625,,0.0461309524,1.0,0.3850247409,0.0,0.3849423326,,0.4972191196,0.9415819153,0.3539445629,0.0032481594,0.0069137867,-0.04990412,0.0,0.0188231572,0.0384313741,0.0533632287,0.0321329761,0.1247959677999999,0.138909098,5.0,0.0471061019,3.989399e-11,0.0862952098,0.038994519,0.1914619836,5.868315301,3.6346615e-09,59.0,4.026
2009-05-29,34595255.518,0.8615952775,0.7423464222,0.6787420027,18.430294173,0.0647628479,-0.4173930329999999,0.0964051485,0.2830188482999999,-0.0660053,1.2331724334999998,-0.1011390259999999,4.7998741606,0.1712758112,-0.171275811,11.0,-0.486362595,0.0310600589999999,-0.687241648,0.1620390456,10.731760925,0.0364572954,-0.032339877,0.0912617141,0.0048309178999999,0.1039121848,0.0595501475,0.0139488753,1.0,1.3904146473,0.4990791897,0.0,0.0,0.0,1.777262181,0.0123513684,0.8276415310999999,0.0980392157,,0.1012968699,0.2230215827,0.1196424478999999,0.1372143616,0.3448626653,35902.205926999995,0.709273183,0.0076397953,-1.569862359,0.0437384782,0.0860913795,-0.0254614879999999,0.0827068058,0.0167237147,,0.0669098661,0.0122222482,-1.951680672,6.0,1.0673128702,0.0,0.0212256709,0.0551398719,,0.1698784464999999,4.7670308483,12.3625,,0.0461309524,1.0,0.3850247409,0.0,0.3849423326,,0.4972191196,0.9415819153,0.3539445629,0.0032481594,0.0069137867,-0.04990412,0.0,0.0188231572,0.0384313741,0.0533632287,0.0321329761,0.1247959677999999,0.138909098,5.0,0.0376280055,2.9736309999999995e-11,0.0477608033,0.0240146964,0.3691599271,9.7938132362,4.6756598e-09,59.0,3.8995
2009-06-30,33508246.602,0.8627169073000001,0.7442804622,1.3033075359,18.374777459,0.0650316393,-0.336176986,-0.031420752,0.8857141653,-0.013477185,1.3582780554,-0.086230624,4.390054784,0.1712758112,-0.171275811,11.0,-0.486362595,0.0310600589999999,-0.687241648,0.1620390456,10.731760925,0.0364572954,-0.032339877,0.0912617141,0.0048309178999999,0.1039121848,0.0595501475,0.0139488753,1.0,1.3904146473,0.4990791897,0.0,0.0,0.0,1.777262181,0.0123513684,0.8276415310999999,0.0980392157,,0.1012968699,0.2230215827,0.1196424478999999,0.1372143616,0.3448626653,35902.205926999995,0.709273183,0.0076397953,-1.569862359,0.0437384782,0.0860913795,-0.0254614879999999,0.0827068058,0.0167237147,,0.0669098661,0.0122222482,-1.951680672,6.0,1.0673128702,0.0,0.0212256709,0.0551398719,,0.1698784464999999,4.7670308483,12.3625,,0.0461309524,1.0,0.3850247409,0.0,0.3849423326,,0.4972191196,0.9415819153,0.3539445629,0.0032481594,0.0069137867,-0.04990412,0.0,0.0188231572,0.0384313741,0.0533632287,0.0321329761,0.1247959677999999,0.138909098,5.0,0.0389069257,3.195069e-11,0.0363564268,0.0224133424,0.2528737914,3.8847533692,6.5792301e-09,59.0,4.183
2009-07-31,36141121.582,0.8243523933,0.6795568684000001,0.9321308916,18.337250822,0.0652493508,-0.220240778,0.0727017075,0.5208658186,0.0635482636,0.8958118695,-0.13698248,3.7933652457,0.1421717684,-0.142171768,12.0,-0.282035466,0.1217431903999999,-2.83659558,0.1802378774,3.8011376442,0.0773196816,-0.1829790919999999,-0.160543034,0.0288461538,0.2016646214,0.026893709,0.0396456928,1.0,1.297302992,0.3981264637,0.0,0.0,0.0,1.2322472849,0.0293878577999999,0.7063993832,0.5416666667,,0.1064294582,0.2176470588,0.0902081726999999,0.2570640209,0.0669440242,20212.984555000003,0.3959580838,0.0069269181,0.3038341581,-0.066966826,-0.202277971,-0.023321075,-0.060698626,0.126111392,,0.0062836452,0.1081727451,-1.631007752,6.0,1.002528445,0.0,0.047066135,0.0538975269,,0.1456289514,5.1424738395,13.699785561,26.956399437,0.2326454034,1.0,0.2919447253,0.0,0.8732522198,0.6564238634,-0.086358967,1.8198377036,0.4482800096,0.000925212,0.0033099571999999,0.2088881535,1.0,0.0342674383,0.0156956559,0.0890383853999999,0.0469750098,0.1299074924,0.1327307894,7.0,0.0346224675,2.868706e-11,0.0648801848,0.0233250522,0.232554407,4.0862549613,5.4356483e-09,59.0,4.288
2009-08-31,37031769.242,0.8481311875,0.7193265112999999,0.6875071151000001,18.242021676,0.0628523476,-0.137025657,0.0251015816,0.4223054092,0.0958869,1.8389735911,-0.095448016,3.7146263647,0.1421717684,-0.142171768,12.0,-0.282035466,0.1217431903999999,-2.556566852,0.1802378774,3.8011376442,0.0773196816,-0.1829790919999999,-0.160543034,0.0288461538,0.2016646214,0.026893709,0.0396456928,1.0,1.297302992,0.3981264637,0.0,0.0,0.0,1.2322472849,0.0293878577999999,0.7063993832,0.5416666667,,0.1064294582,0.2176470588,0.0902081726999999,0.2570640209,0.0669440242,20212.984555000003,0.3959580838,0.0069269181,0.3038341581,-0.066966826,-0.202277971,-0.023321075,-0.060698626,0.126111392,,0.0062836452,0.1081727451,-1.631007752,6.0,1.002528445,0.0,0.047066135,0.0538975269,,0.1456289514,5.1424738395,13.699785561,26.956399437,0.2326454034,1.0,0.2919447253,0.0,0.8732522198,0.6564238634,-0.086358967,1.8198377036,0.4482800096,0.000925212,0.0033099571999999,0.2088881535,1.0,0.0342674383,0.0156956559,0.0890383853999999,0.0469750098,0.1299074924,0.1327307894,7.0,0.0303495554999999,3.038754e-11,0.0572136715,0.0297788397999999,0.3879040771,9.2764310222,4.7420573e-09,59.0,4.0595
2009-09-30,35058411.384,0.8365114807999999,0.6997514574,0.4513682828,18.308558159,0.0622524047,-0.081548735,-0.05328824,0.323661077,0.061254832,1.6211482178,-0.101836678,3.5095396459,0.1421717684,-0.142171768,12.0,-0.282035466,0.1217431903999999,-2.41631357,0.1802378774,3.8011376442,0.0773196816,-0.1829790919999999,-0.160543034,0.0288461538,0.2016646214,0.026893709,0.0396456928,1.0,1.297302992,0.3981264637,0.0,0.0,0.0,1.2322472849,0.0293878577999999,0.7063993832,0.5416666667,,0.1064294582,0.2176470588,0.0902081726999999,0.2570640209,0.0669440242,20212.984555000003,0.3959580838,0.0069269181,0.3038341581,-0.066966826,-0.202277971,-0.023321075,-0.060698626,0.126111392,,0.0062836452,0.1081727451,-1.631007752,6.0,1.002528445,0.0,0.047066135,0.0538975269,,0.1456289514,5.1424738395,13.699785561,26.956399437,0.2326454034,1.0,0.2919447253,0.0,0.8732522198,0.6564238634,-0.086358967,1.8198377036,0.4482800096,0.000925212,0.0033099571999999,0.2088881535,1.0,0.0342674383,0.0156956559,0.0890383853999999,0.0469750098,0.1299074924,0.1327307894,7.0,0.023586727,2.6861309999999998e-11,0.0287218951,0.0153384921,0.1755482132999999,2.2195194626,7.6535159e-09,59.0,4.668
2009-10-30,40424880.264,0.8103044809000001,0.6565933518,0.2618960221,18.171942645,0.061113735,0.1002519125999999,0.1498952806,0.105528323,0.1158603466,1.2652554742,-0.044909917,3.3276595155,0.1421717684,-0.142171768,12.0,-0.282035466,0.1217431903999999,-1.80884874,0.1802378774,3.8011376442,0.0773196816,-0.1829790919999999,-0.160543034,0.0288461538,0.2016646214,0.026893709,0.0396456928,1.0,1.297302992,0.3981264637,0.0,0.0,0.0,1.2322472849,0.0293878577999999,0.7063993832,0.5416666667,,0.1064294582,0.2176470588,0.0902081726999999,0.2570640209,0.0669440242,20212.984555000003,0.3959580838,0.0069269181,0.3038341581,-0.066966826,-0.202277971,-0.023321075,-0.060698626,0.126111392,,0.0062836452,0.1081727451,-1.631007752,6.0,1.002528445,0.0,0.047066135,0.0538975269,,0.1456289514,5.1424738395,13.699785561,26.956399437,0.2326454034,1.0,0.2919447253,0.0,0.8732522198,0.6564238634,-0.086358967,0.9403559635,0.3911174785,0.0011898691,-0.009886526,0.0714058802,0.0,0.0212893914,0.0155634035,0.066242515,0.0239321318,0.1186857883999999,0.1217754923,7.0,0.0260586929999999,2.597915e-11,0.0855774208999999,0.02355322,0.3381831295,5.2524336759,6.7353166e-09,59.0,5.9405
2009-11-30,51442709.173,0.8179498114,0.669041894,0.0688255922,18.256124337,0.061057279,0.6113118473,0.2726006507999999,0.1594635459,0.6310271917,0.5027566904,-0.081693219,4.0603503294,0.1421717684,-0.142171768,12.0,-0.282035466,0.1217431903999999,-1.809729383,0.1802378774,3.8011376442,0.0773196816,-0.1829790919999999,-0.160543034,0.0288461538,0.2016646214,0.026893709,0.0396456928,1.0,1.297302992,0.3981264637,0.0,0.0,0.0,1.2322472849,0.0293878577999999,0.7063993832,0.5416666667,,0.1064294582,0.2176470588,0.0902081726999999,0.2570640209,0.0669440242,20212.984555000003,0.3959580838,0.0069269181,0.3038341581,-0.066966826,-0.202277971,-0.023321075,-0.060698626,0.126111392,,0.0062836452,0.1081727451,-1.631007752,6.0,1.002528445,0.0,0.047066135,0.0538975269,,0.1456289514,5.1424738395,13.699785561,26.956399437,0.2326454034,1.0,0.2919447253,0.0,0.8732522198,0.6564238634,-0.086358967,0.9403559635,0.3911174785,0.0011898691,-0.009886526,0.0714058802,0.0,0.0212893914,0.0155634035,0.066242515,0.0239321318,0.1186857883999999,0.1217754923,7.0,0.0314190819,2.144281e-11,0.267950803,0.0607213283,0.7510172137000001,28.77095079,3.1164939e-09,59.0,6.7955
2009-12-31,58846721.116,0.7904426878,0.6247996426,-0.083804188,18.266660772,0.0638220627,1.1385945213,0.1439273357,0.5234004515,1.7824354842,0.0585027455,-0.077681035,4.3264917417,0.1421717684,-0.142171768,12.0,-0.282035466,0.1217431903999999,-1.809729383,0.1802378774,3.8011376442,0.0773196816,-0.1829790919999999,-0.160543034,0.0288461538,0.2016646214,0.026893709,0.0396456928,1.0,1.297302992,0.3981264637,0.0,0.0,0.0,1.2322472849,0.0293878577999999,0.7063993832,0.5416666667,,0.1064294582,0.2176470588,0.0902081726999999,0.2570640209,0.0669440242,20212.984555000003,0.3959580838,0.0069269181,0.3038341581,-0.066966826,-0.202277971,-0.023321075,-0.060698626,0.126111392,,0.0062836452,0.1081727451,-1.631007752,6.0,1.002528445,0.0,0.047066135,0.0538975269,,0.1456289514,5.1424738395,13.699785561,26.956399437,0.2326454034,1.0,0.2919447253,0.0,0.8732522198,0.6564238634,-0.086358967,0.9403559635,0.3911174785,0.0011898691,-0.009886526,0.0714058802,0.0,0.0212893914,0.0155634035,0.066242515,0.0239321318,0.1186857883999999,0.1217754923,7.0,0.0226870097,1.222318e-11,0.0463477001,0.0175399306,0.2584814772,5.1850515432,5.6916542e-09,59.0,6.726
2010-01-29,59726881.897,0.7983987309999999,0.6374405337,-0.023498487,18.186345678,0.0639947699,1.2245171277,-0.0102273509999999,0.6245517347,1.650351145,0.2995438486,-0.092903932,4.9251513529,0.1421717684,-0.142171768,12.0,-0.282035466,0.1217431903999999,-1.819825484,0.1802378774,3.8011376442,0.0773196816,-0.1829790919999999,-0.160543034,0.0288461538,0.2016646214,0.026893709,0.0396456928,1.0,1.297302992,0.3981264637,0.0,0.0,0.0,1.2322472849,0.0293878577999999,0.7063993832,0.5416666667,,0.1064294582,0.2176470588,0.0902081726999999,0.2570640209,0.0669440242,20212.984555000003,0.3959580838,0.0069269181,0.3038341581,-0.066966826,-0.202277971,-0.023321075,-0.060698626,0.126111392,,0.0062836452,0.1081727451,-1.631007752,6.0,1.002528445,0.0,0.047066135,0.0538975269,,0.1456289514,5.1424738395,13.699785561,26.956399437,0.2326454034,1.0,0.2919447253,0.0,0.8732522198,0.6564238634,-0.086358967,1.113030919,0.4185016286999999,-0.001107245,0.0050210243,-0.023877395,0.0,0.0203438395,0.0155751691,0.0486634680999999,0.016297226,0.122839646,0.1260681653,7.0,0.0280776414,1.260603e-11,0.0388037562,0.0198176447,0.304634686,6.6945961664,4.0231811e-09,59.0,6.2705
2010-02-26,55750515.488000005,0.8045815520999999,0.647351474,0.0043292387,18.156910728,0.0643028138999999,1.5993336081,-0.067722276,0.5685634498,1.2869773123,0.5614548074,-0.101399186,4.6304243987,0.1421717684,-0.142171768,12.0,-0.282035466,0.1217431903999999,-1.788561082,0.1802378774,3.8011376442,0.0773196816,-0.1829790919999999,-0.160543034,0.0288461538,0.2016646214,0.026893709,0.0396456928,1.0,1.297302992,0.3981264637,0.0,0.0,0.0,1.2322472849,0.0293878577999999,0.7063993832,0.5416666667,,0.1064294582,0.2176470588,0.0902081726999999,0.2570640209,0.0669440242,20212.984555000003,0.3959580838,0.0069269181,0.3038341581,-0.066966826,-0.202277971,-0.023321075,-0.060698626,0.126111392,,0.0062836452,0.1081727451,-1.631007752,6.0,1.002528445,0.0,0.047066135,0.0538975269,,0.1456289514,5.1424738395,13.699785561,26.956399437,0.2326454034,1.0,0.2919447253,0.0,0.8732522198,0.6564238634,-0.086358967,1.113030919,0.4185016286999999,-0.001107245,0.0050210243,-0.023877395,0.0,0.0203438395,0.0155751691,0.0486634680999999,0.016297226,0.122839646,0.1260681653,7.0,0.0324008760999999,1.072065e-11,0.0273685679,0.0185724612,0.3661637896,14.058071019000002,4.2993516e-09,59.0,5.92
2010-03-31,52714759.079,0.7982621156,0.6372224052000001,0.205182143,18.200223544,0.0644041833,1.690525811,-0.055896673,0.5446483554,0.9356382548,0.4871670586,-0.135750021,4.9896644245,0.1421717684,-0.142171768,12.0,-0.282035466,0.1217431903999999,-1.884780891,0.1802378774,3.8011376442,0.0773196816,-0.1829790919999999,-0.160543034,0.0288461538,0.2016646214,0.026893709,0.0396456928,1.0,1.297302992,0.3981264637,0.0,0.0,0.0,1.2322472849,0.0293878577999999,0.7063993832,0.5416666667,,0.1064294582,0.2176470588,0.0902081726999999,0.2570640209,0.0669440242,20212.984555000003,0.3959580838,0.0069269181,0.3038341581,-0.066966826,-0.202277971,-0.023321075,-0.060698626,0.126111392,,0.0062836452,0.1081727451,-1.631007752,6.0,1.002528445,0.0,0.047066135,0.0538975269,,0.1456289514,5.1424738395,13.699785561,26.956399437,0.2326454034,1.0,0.2919447253,0.0,0.8732522198,0.6564238634,-0.086358967,1.113030919,0.4185016286999999,-0.001107245,0.0050210243,-0.023877395,0.0,0.0203438395,0.0155751691,0.0486634680999999,0.016297226,0.122839646,0.1260681653,7.0,0.0294791136,9.842102e-12,0.0232617222,0.0176324120999999,0.4541694804999999,17.350587834000002,4.7493861e-09,59.0,6.7865
2010-04-30,60553421.906,0.7865144685,0.6186050092000001,0.1830213071999999,18.291642186,0.0565058936,1.3777200222,0.1467061043,0.268209093,0.6122004117000001,0.6192016731000001,0.1310873972,4.6119605151,0.1421717684,-0.142171768,12.0,-0.282035466,0.1217431903999999,-1.901700919,0.1802378774,3.8011376442,0.0773196816,-0.1829790919999999,-0.160543034,0.0288461538,0.2016646214,0.026893709,0.0396456928,1.0,1.297302992,0.3981264637,0.0,0.0,0.0,1.2322472849,0.0293878577999999,0.7063993832,0.5416666667,,0.1064294582,0.2176470588,0.0902081726999999,0.2570640209,0.0669440242,20212.984555000003,0.3959580838,0.0069269181,0.3038341581,-0.066966826,-0.202277971,-0.023321075,-0.060698626,0.126111392,,0.0062836452,0.1081727451,-1.631007752,6.0,1.002528445,0.0,0.047066135,0.0538975269,,0.1456289514,5.1424738395,13.699785561,26.956399437,0.2326454034,1.0,0.2919447253,0.0,0.8732522198,0.6564238634,-0.086358967,3.20314906,0.4459429336,0.0003045995,0.0041780074,0.2518473557,1.0,0.0259283388,0.0151783306,0.0611179361,0.0292641560999999,0.1284843307,0.1321162102999999,7.0,0.0243616644,1.204743e-11,0.0522493199,0.017846188,0.3549741904,7.083806103200001,5.1913019999999995e-09,59.0,6.853
2010-05-28,61101633.92,0.7910212609999999,0.6257146353999999,-0.321590713,18.413171527,0.0563059692,0.9752603305,0.0097959917,0.14274899,0.6861650604,0.3128973247,-0.063075643,4.1708371478,0.1421717684,-0.142171768,12.0,-0.282035466,0.1217431903999999,-1.901700919,0.1802378774,3.8011376442,0.0773196816,-0.1829790919999999,-0.160543034,0.0288461538,0.2016646214,0.026893709,0.0396456928,1.0,1.297302992,0.3981264637,0.0,0.0,0.0,1.2322472849,0.0293878577999999,0.7063993832,0.5416666667,,0.1064294582,0.2176470588,0.0902081726999999,0.2570640209,0.0669440242,20212.984555000003,0.3959580838,0.0069269181,0.3038341581,-0.066966826,-0.202277971,-0.023321075,-0.060698626,0.126111392,,0.0062836452,0.1081727451,-1.631007752,6.0,1.002528445,0.0,0.047066135,0.0538975269,,0.1456289514,5.1424738395,13.699785561,26.956399437,0.2326454034,1.0,0.2919447253,0.0,0.8732522198,0.6564238634,-0.086358967,3.20314906,0.4459429336,0.0003045995,0.0041780074,0.2518473557,1.0,0.0259283388,0.0151783306,0.0611179361,0.0292641560999999,0.1284843307,0.1321162102999999,7.0,0.0303870425999999,1.632815e-11,0.0451546796,0.0244988208,0.3761048137,8.1806857288,5.1901278e-09,59.0,6.273
2010-06-30,55914008.712,0.7927709742,0.6284858176,-0.819548568,18.365687547,0.055836628,0.8861293418,-0.084901579,0.0087558131,0.7579178199,0.1280011166,-0.0440194,3.6347247024,0.1421717684,-0.142171768,12.0,-0.282035466,0.1217431903999999,-1.901700919,0.1802378774,3.8011376442,0.0773196816,-0.1829790919999999,-0.160543034,0.0288461538,0.2016646214,0.026893709,0.0396456928,1.0,1.297302992,0.3981264637,0.0,0.0,0.0,1.2322472849,0.0293878577999999,0.7063993832,0.5416666667,,0.1064294582,0.2176470588,0.0902081726999999,0.2570640209,0.0669440242,20212.984555000003,0.3959580838,0.0069269181,0.3038341581,-0.066966826,-0.202277971,-0.023321075,-0.060698626,0.126111392,,0.0062836452,0.1081727451,-1.631007752,6.0,1.002528445,0.0,0.047066135,0.0538975269,,0.1456289514,5.1424738395,13.699785561,26.956399437,0.2326454034,1.0,0.2919447253,0.0,0.8732522198,0.6564238634,-0.086358967,3.20314906,0.4459429336,0.0003045995,0.0041780074,0.2518473557,1.0,0.0259283388,0.0151783306,0.0611179361,0.0292641560999999,0.1284843307,0.1321162102999999,7.0,0.0423910517999999,2.226759e-11,0.0504879950999999,0.0255832877999999,0.3145892521,5.580854491599999,6.6586923e-09,59.0,5.463
2010-07-30,48948480.957,0.8081734787,0.6531443717000001,-0.795715645,18.618254908,0.0527000895,0.6013918711999999,-0.12912479,-0.067350615,0.499641336,0.222920596,0.1013589110999999,3.4564052177999995,0.2161160573,-0.216116057,13.0,-0.6614144820000001,0.0880173186999999,-0.915278657,0.1879137907,7.2519447063,0.0551343047,-0.166584619,-0.300038863,0.0373831776,0.174557498,0.0697790029999999,-0.03494708,0.0,1.3303910918,0.3348837209,0.0,0.0,0.0,0.9674401198,0.015102078,0.7114505653000001,0.6651785714,0.1545622995,0.1198298155,0.1739130435,0.1537166226,0.1432520835,0.5164835165,56758.68246799999,0.300741868,0.005749585,0.3165351837,0.0255052983,-0.158850889,0.0124278802,0.0329666905,-0.2730478169999999,0.1029661938,0.033120221,-0.175952969,-2.650776053,6.0,1.03557849,0.0,0.0207611714999999,0.0505936595,,0.1512018262,3.8499842915,11.289267619,29.316985646,0.5674603175,1.0,0.2787749139,0.0,0.4103512521999999,0.6400801419,-0.6285630179999999,1.7937762078,0.4608701947,0.0004811162,0.0060257394,0.0491701099,2.0,0.0427998217,0.0106640687,0.1071129707,0.0471646937,0.1269440946,0.1256562531,8.0,0.0358355806,2.474875e-11,0.044949498,0.0266563177,0.3235877592,5.807350250700001,6.3785912e-09,59.0,5.8945
2010-08-31,52794088.977,0.8504774344,0.7233118663,-0.522300106,18.420091093,0.052304654,0.3468587595,0.0789858773,-0.128777608,0.2740205323999999,0.0919276845,-0.052153814,3.4730716984,0.2161160573,-0.216116057,13.0,-0.6614144820000001,0.0880173186999999,-0.907361894,0.1879137907,7.2519447063,0.0551343047,-0.166584619,-0.300038863,0.0373831776,0.174557498,0.0697790029999999,-0.03494708,0.0,1.3303910918,0.3348837209,0.0,0.0,0.0,0.9674401198,0.015102078,0.7114505653000001,0.6651785714,0.1545622995,0.1198298155,0.1739130435,0.1537166226,0.1432520835,0.5164835165,56758.68246799999,0.300741868,0.005749585,0.3165351837,0.0255052983,-0.158850889,0.0124278802,0.0329666905,-0.2730478169999999,0.1029661938,0.033120221,-0.175952969,-2.650776053,6.0,1.03557849,0.0,0.0207611714999999,0.0505936595,,0.1512018262,3.8499842915,11.289267619,29.316985646,0.5674603175,1.0,0.2787749139,0.0,0.4103512521999999,0.6400801419,-0.6285630179999999,1.7937762078,0.4608701947,0.0004811162,0.0060257394,0.0491701099,2.0,0.0427998217,0.0106640687,0.1071129707,0.0471646937,0.1269440946,0.1256562531,8.0,0.0334228984,1.845358e-11,0.0346414484,0.0171820102,0.5199582324,18.599160352,5.1497475e-09,59.0,6.2415
2010-09-30,55901995.57,0.852803678,0.7272741131,-0.4040002079999999,18.29106785,0.0522191054,0.2550007173,0.0588684566,-0.004307442,0.4520260759,0.0160179963999999,-0.035111417,3.2541804009,0.2161160573,-0.216116057,13.0,-0.6614144820000001,0.0880173186999999,-0.8738204740000001,0.1879137907,7.2519447063,0.0551343047,-0.166584619,-0.300038863,0.0373831776,0.174557498,0.0697790029999999,-0.03494708,0.0,1.3303910918,0.3348837209,0.0,0.0,0.0,0.9674401198,0.015102078,0.7114505653000001,0.6651785714,0.1545622995,0.1198298155,0.1739130435,0.1537166226,0.1432520835,0.5164835165,56758.68246799999,0.300741868,0.005749585,0.3165351837,0.0255052983,-0.158850889,0.0124278802,0.0329666905,-0.2730478169999999,0.1029661938,0.033120221,-0.175952969,-2.650776053,6.0,1.03557849,0.0,0.0207611714999999,0.0505936595,,0.1512018262,3.8499842915,11.289267619,29.316985646,0.5674603175,1.0,0.2787749139,0.0,0.4103512521999999,0.6400801419,-0.6285630179999999,1.7937762078,0.4608701947,0.0004811162,0.0060257394,0.0491701099,2.0,0.0427998217,0.0106640687,0.1071129707,0.0471646937,0.1269440946,0.1256562531,8.0,0.0245965958999999,2.087223e-11,0.0421500057,0.0173634624,0.2314052582999999,3.0385980573,7.5374879e-09,59.0,7.853
2010-10-29,70519938.904,0.854726806,0.7305579128,-0.297453839,18.199895148,0.05278637,0.0793094728,0.2581911087,-0.080577457,0.3370822856,0.0022544059,-0.046186143,3.2610650786,0.2161160573,-0.216116057,13.0,-0.6614144820000001,0.0880173186999999,-0.8042258990000001,0.1879137907,7.2519447063,0.0551343047,-0.166584619,-0.300038863,0.0373831776,0.174557498,0.0697790029999999,-0.03494708,0.0,1.3303910918,0.3348837209,0.0,0.0,0.0,0.9674401198,0.015102078,0.7114505653000001,0.6651785714,0.1545622995,0.1198298155,0.1739130435,0.1537166226,0.1432520835,0.5164835165,56758.68246799999,0.300741868,0.005749585,0.3165351837,0.0255052983,-0.158850889,0.0124278802,0.0329666905,-0.2730478169999999,0.1029661938,0.033120221,-0.175952969,-2.650776053,6.0,1.03557849,0.0,0.0207611714999999,0.0505936595,,0.1512018262,3.8499842915,11.289267619,29.316985646,0.5674603175,1.0,0.2787749139,0.0,0.4103512521999999,0.6400801419,-0.6285630179999999,1.0365539094,0.4204451088,0.0044412607,0.000314607,-0.002581279,0.0,0.0216462752,0.0103480653,0.0568765455999999,0.0370251589,0.1165699201,0.1140877914,8.0,0.0243921948,1.5665970000000003e-11,0.061363481,0.0187305759,0.2765022942,3.5672101893,6.6762012e-09,59.0,8.257
2010-11-30,74161335.592,0.8711415402,0.7588875831,0.0512352808,18.219197309,0.0529269326,0.2162229032,0.0520183258,0.1455871072,0.3219426238,0.3326976339999999,-0.053047204,3.0238683531,0.2161160573,-0.216116057,13.0,-0.6614144820000001,0.0880173186999999,-0.8098693640000001,0.1879137907,7.2519447063,0.0551343047,-0.166584619,-0.300038863,0.0373831776,0.174557498,0.0697790029999999,-0.03494708,0.0,1.3303910918,0.3348837209,0.0,0.0,0.0,0.9674401198,0.015102078,0.7114505653000001,0.6651785714,0.1545622995,0.1198298155,0.1739130435,0.1537166226,0.1432520835,0.5164835165,56758.68246799999,0.300741868,0.005749585,0.3165351837,0.0255052983,-0.158850889,0.0124278802,0.0329666905,-0.2730478169999999,0.1029661938,0.033120221,-0.175952969,-2.650776053,6.0,1.03557849,0.0,0.0207611714999999,0.0505936595,,0.1512018262,3.8499842915,11.289267619,29.316985646,0.5674603175,1.0,0.2787749139,0.0,0.4103512521999999,0.6400801419,-0.6285630179999999,1.0365539094,0.4204451088,0.0044412607,0.000314607,-0.002581279,0.0,0.0216462752,0.0103480653,0.0568765455999999,0.0370251589,0.1165699201,0.1140877914,8.0,0.0274973585,1.427114e-11,0.0585739128,0.023077179,0.3723475921999999,7.1296828007,6.266021e-09,59.0,8.77
2010-12-31,78726007.061,0.8632120568,0.7451350551,0.4749442834,18.273640697,0.0525637931,0.2080238696,0.0615505576,0.3169934539,0.2157309493,0.5007730341,-0.056191907,3.1508595713,0.2161160573,-0.216116057,13.0,-0.6614144820000001,0.0880173186999999,-0.832730506,0.1879137907,7.2519447063,0.0551343047,-0.166584619,-0.300038863,0.0373831776,0.174557498,0.0697790029999999,-0.03494708,0.0,1.3303910918,0.3348837209,0.0,0.0,0.0,0.9674401198,0.015102078,0.7114505653000001,0.6651785714,0.1545622995,0.1198298155,0.1739130435,0.1537166226,0.1432520835,0.5164835165,56758.68246799999,0.300741868,0.005749585,0.3165351837,0.0255052983,-0.158850889,0.0124278802,0.0329666905,-0.2730478169999999,0.1029661938,0.033120221,-0.175952969,-2.650776053,6.0,1.03557849,0.0,0.0207611714999999,0.0505936595,,0.1512018262,3.8499842915,11.289267619,29.316985646,0.5674603175,1.0,0.2787749139,0.0,0.4103512521999999,0.6400801419,-0.6285630179999999,1.0365539094,0.4204451088,0.0044412607,0.000314607,-0.002581279,0.0,0.0216462752,0.0103480653,0.0568765455999999,0.0370251589,0.1165699201,0.1140877914,8.0,0.0245268429,1.5325489999999998e-11,0.0538050123,0.0227647044,0.2727021217,4.0709645837,6.8107152e-09,59.0,9.0
2011-01-31,81180000.0,0.8544995577,0.7301694940000001,0.8352252038,18.27130598,0.052410911,0.1897060576,0.0262258053,0.6053449679,0.3038952623,0.4520725789,-0.055631494,2.8445933961,0.2161160573,-0.216116057,13.0,-0.6614144820000001,0.0880173186999999,-0.832557579,0.1879137907,7.2519447063,0.0551343047,-0.166584619,-0.300038863,0.0373831776,0.174557498,0.0697790029999999,-0.03494708,0.0,1.3303910918,0.3348837209,0.0,0.0,0.0,0.9674401198,0.015102078,0.7114505653000001,0.6651785714,0.1545622995,0.1198298155,0.1739130435,0.1537166226,0.1432520835,0.5164835165,56758.68246799999,0.300741868,0.005749585,0.3165351837,0.0255052983,-0.158850889,0.0124278802,0.0329666905,-0.2730478169999999,0.1029661938,0.033120221,-0.175952969,-2.650776053,6.0,1.03557849,0.0,0.0207611714999999,0.0505936595,,0.1512018262,3.8499842915,11.289267619,29.316985646,0.5674603175,1.0,0.2787749139,0.0,0.4103512521999999,0.6400801419,-0.6285630179999999,2.4412704129,0.4120351698,0.006514658,0.0204244312,-0.009744131,0.0,0.0171067929,0.0095384791,0.0366678533,0.0391023378,0.1237991364,0.1217275035,8.0,0.0181819066,9.797356e-12,0.0321544744,0.0106624226,0.3711439685,3.6548910766,9.0787207e-09,59.0,8.482
2011-02-28,76508318.285,0.8448713504,0.7138075988,0.4989318812,18.188478889,0.0518271075,0.3092496245,-0.05755556,0.5268470766,0.4352922213,0.6140284017000001,-0.0138686089999999,2.6190701835,0.2161160573,-0.216116057,13.0,-0.6614144820000001,0.0880173186999999,-0.8202666129999999,0.1879137907,7.2519447063,0.0551343047,-0.166584619,-0.300038863,0.0373831776,0.174557498,0.0697790029999999,-0.03494708,0.0,1.3303910918,0.3348837209,0.0,0.0,0.0,0.9674401198,0.015102078,0.7114505653000001,0.6651785714,0.1545622995,0.1198298155,0.1739130435,0.1537166226,0.1432520835,0.5164835165,56758.68246799999,0.300741868,0.005749585,0.3165351837,0.0255052983,-0.158850889,0.0124278802,0.0329666905,-0.2730478169999999,0.1029661938,0.033120221,-0.175952969,-2.650776053,6.0,1.03557849,0.0,0.0207611714999999,0.0505936595,,0.1512018262,3.8499842915,11.289267619,29.316985646,0.5674603175,1.0,0.2787749139,0.0,0.4103512521999999,0.6400801419,-0.6285630179999999,2.4412704129,0.4120351698,0.006514658,0.0204244312,-0.009744131,0.0,0.0171067929,0.0095384791,0.0366678533,0.0391023378,0.1237991364,0.1217275035,8.0,0.022753267,1.303372e-11,0.0516562946,0.0241556041,0.4861301225,9.6237328538,8.2753863e-09,59.0,8.6645
2011-03-31,78260533.608,0.8654571433,0.7490160669,0.3339004535,18.395081149,0.0507547322,0.2336920368,0.0215161163,0.3589681787,0.4327702652,0.8365130662000001,-0.005641594,2.3519837758,0.2161160573,-0.216116057,13.0,-0.6614144820000001,0.0880173186999999,-0.862736012,0.1879137907,7.2519447063,0.0551343047,-0.166584619,-0.300038863,0.0373831776,0.174557498,0.0697790029999999,-0.03494708,0.0,1.3303910918,0.3348837209,0.0,0.0,0.0,0.9674401198,0.015102078,0.7114505653000001,0.6651785714,0.1545622995,0.1198298155,0.1739130435,0.1537166226,0.1432520835,0.5164835165,56758.68246799999,0.300741868,0.005749585,0.3165351837,0.0255052983,-0.158850889,0.0124278802,0.0329666905,-0.2730478169999999,0.1029661938,0.033120221,-0.175952969,-2.650776053,6.0,1.03557849,0.0,0.0207611714999999,0.0505936595,,0.1512018262,3.8499842915,11.289267619,29.316985646,0.5674603175,1.0,0.2787749139,0.0,0.4103512521999999,0.6400801419,-0.6285630179999999,2.4412704129,0.4120351698,0.006514658,0.0204244312,-0.009744131,0.0,0.0171067929,0.0095384791,0.0366678533,0.0391023378,0.1237991364,0.1217275035,8.0,0.0222218639999999,1.199251e-11,0.0375786722,0.0160661794,0.233288246,3.0577393735,1.0245212e-08,59.0,9.0065
2011-04-29,81418762.207,0.8758471476999999,0.7671082262000001,-0.009922681,18.318085491,0.0499632849,0.135560504,0.0394714735,0.103336279,0.2763496343,0.9042075244,-0.041622418,2.5584601465,0.2161160573,-0.216116057,13.0,-0.6614144820000001,0.0880173186999999,-0.8658293979999999,0.1879137907,7.2519447063,0.0551343047,-0.166584619,-0.300038863,0.0373831776,0.174557498,0.0697790029999999,-0.03494708,0.0,1.3303910918,0.3348837209,0.0,0.0,0.0,0.9674401198,0.015102078,0.7114505653000001,0.6651785714,0.1545622995,0.1198298155,0.1739130435,0.1537166226,0.1432520835,0.5164835165,56758.68246799999,0.300741868,0.005749585,0.3165351837,0.0255052983,-0.158850889,0.0124278802,0.0329666905,-0.2730478169999999,0.1029661938,0.033120221,-0.175952969,-2.650776053,6.0,1.03557849,0.0,0.0207611714999999,0.0505936595,,0.1512018262,3.8499842915,11.289267619,29.316985646,0.5674603175,1.0,0.2787749139,0.0,0.4103512521999999,0.6400801419,-0.6285630179999999,0.8261624702,0.4155486513,0.0018947838,0.0246757157,0.0649217963,1.0,0.0186335404,0.0083614884,0.0394399863,0.0299489761,0.1336636488,0.1313842131,8.0,0.0250188358999999,1.4831279999999998e-11,0.0349624865,0.0167370058,0.2172124057999999,2.6175860848,6.7985102e-09,59.0,9.825
2011-05-31,88514538.72600001,0.8607855303,0.7409517292,-0.020103263,18.433634711,0.0495429159,0.1133117026999999,0.0870482027999999,0.0901773853999999,0.3138584882999999,0.7436094181,-0.013449127,2.5818583630000003,0.2161160573,-0.216116057,13.0,-0.6614144820000001,0.0880173186999999,-0.8658293979999999,0.1879137907,7.2519447063,0.0551343047,-0.166584619,-0.300038863,0.0373831776,0.174557498,0.0697790029999999,-0.03494708,0.0,1.3303910918,0.3348837209,0.0,0.0,0.0,0.9674401198,0.015102078,0.7114505653000001,0.6651785714,0.1545622995,0.1198298155,0.1739130435,0.1537166226,0.1432520835,0.5164835165,56758.68246799999,0.300741868,0.005749585,0.3165351837,0.0255052983,-0.158850889,0.0124278802,0.0329666905,-0.2730478169999999,0.1029661938,0.033120221,-0.175952969,-2.650776053,6.0,1.03557849,0.0,0.0207611714999999,0.0505936595,,0.1512018262,3.8499842915,11.289267619,29.316985646,0.5674603175,1.0,0.2787749139,0.0,0.4103512521999999,0.6400801419,-0.6285630179999999,0.8261624702,0.4155486513,0.0018947838,0.0246757157,0.0649217963,1.0,0.0186335404,0.0083614884,0.0394399863,0.0299489761,0.1336636488,0.1313842131,8.0,0.023780892,1.083015e-11,0.0786067024,0.021151622,0.4991958818999999,10.436055667,8.0790676e-09,59.0,9.8345
2011-06-30,88912338.77399999,0.8640946748,0.746659607,-0.276675378,18.292708339,0.0494128619,0.2405382868,0.0044941776,0.1163626253,0.5607365013000001,0.537123166,-0.0315522389999999,2.6651453744,0.2161160573,-0.216116057,13.0,-0.6614144820000001,0.0880173186999999,-0.8721715170000001,0.1879137907,7.2519447063,0.0551343047,-0.166584619,-0.300038863,0.0373831776,0.174557498,0.0697790029999999,-0.03494708,0.0,1.3303910918,0.3348837209,0.0,0.0,0.0,0.9674401198,0.015102078,0.7114505653000001,0.6651785714,0.1545622995,0.1198298155,0.1739130435,0.1537166226,0.1432520835,0.5164835165,56758.68246799999,0.300741868,0.005749585,0.3165351837,0.0255052983,-0.158850889,0.0124278802,0.0329666905,-0.2730478169999999,0.1029661938,0.033120221,-0.175952969,-2.650776053,6.0,1.03557849,0.0,0.0207611714999999,0.0505936595,,0.1512018262,3.8499842915,11.289267619,29.316985646,0.5674603175,1.0,0.2787749139,0.0,0.4103512521999999,0.6400801419,-0.6285630179999999,0.8261624702,0.4155486513,0.0018947838,0.0246757157,0.0649217963,1.0,0.0186335404,0.0083614884,0.0394399863,0.0299489761,0.1336636488,0.1313842131,8.0,0.0234440793,1.162232e-11,0.0274756402,0.0168741052,0.3419507446,4.3160287068,8.2437118e-09,59.0,10.2245
2011-07-29,92838462.494,0.8554086752,0.7317240016,-0.5113908460000001,18.340251783,0.0485557548,0.4350016531,0.0396563262,0.0927222367,0.8002013505,0.489976798,-0.014606872,2.4943916346,0.1436982521,-0.143698252,14.0,-0.3608195179999999,0.0845528455,-0.644763126,0.1765825565,7.192878338300001,0.043052476,-0.080707044,-0.2156657189999999,0.0157657658,0.3394616211,0.0632321374,0.0018993857999999,0.0,1.325395295,0.2721623861,0.0,0.0,0.0,0.3056876546,0.0141906874,0.5932816912,1.9399399399,0.093590923,0.1194714514,0.3868312757,0.1717222906,0.1469943336,0.3946937821,77644.996439,0.2950174825,0.0050405141999999,1.1047588886,-0.003755134,-0.187292875,-0.010108282,-0.0182496719999999,-0.079327386,-0.188163083,-0.0302449789999999,-0.053785058,-2.033854167,4.0,1.0166795218,0.0,0.0213599409,0.050695825,,0.1266567015,3.9036749601,10.682073704,25.833836858,0.7129485179,1.0,0.3955689746999999,0.0,0.4213353043,0.6783871894,-0.54281186,2.343068921,0.4661382135,7.23956e-05,-0.01351637,-0.027917855,2.0,0.0293743821,0.0083520595,0.065030483,0.0422148312,0.1358871234,0.134626246,7.0,0.0254831306,1.5696e-11,0.0451830513999999,0.018109136,0.2277574338,2.4210460558,8.7244874e-09,59.0,11.126
2011-08-31,101009618.14,0.8484509627,0.7198690362000001,-0.127249568,18.334727116,0.0480341969,0.3682915429,0.0881705657,0.2054350771,0.7345831505,0.5442756608,-0.013246316,2.3210070458,0.1436982521,-0.143698252,14.0,-0.3608195179999999,0.0845528455,-0.640571305,0.1765825565,7.192878338300001,0.043052476,-0.080707044,-0.2156657189999999,0.0157657658,0.3394616211,0.0632321374,0.0018993857999999,0.0,1.325395295,0.2721623861,0.0,0.0,0.0,0.3056876546,0.0141906874,0.5932816912,1.9399399399,0.093590923,0.1194714514,0.3868312757,0.1717222906,0.1469943336,0.3946937821,77644.996439,0.2950174825,0.0050405141999999,1.1047588886,-0.003755134,-0.187292875,-0.010108282,-0.0182496719999999,-0.079327386,-0.188163083,-0.0302449789999999,-0.053785058,-2.033854167,4.0,1.0166795218,0.0,0.0213599409,0.050695825,,0.1266567015,3.9036749601,10.682073704,25.833836858,0.7129485179,1.0,0.3955689746999999,0.0,0.4213353043,0.6783871894,-0.54281186,2.343068921,0.4661382135,7.23956e-05,-0.01351637,-0.027917855,2.0,0.0293743821,0.0083520595,0.065030483,0.0422148312,0.1358871234,0.134626246,7.0,0.0249451825999999,1.415951e-11,0.0389299318,0.0165789175,0.3803983414999999,5.6179512285,1.0053119000000002e-08,59.0,10.7645
2011-09-30,97700428.111,0.8458078262000001,0.7153908788,-0.146185824,18.224397082,0.04744862,0.4414028844,-0.0327611379999999,0.2840903327,0.7825843392,0.5447346174000001,-0.035487056,2.6790395604,0.1436982521,-0.143698252,14.0,-0.3608195179999999,0.0845528455,-0.629526342,0.1765825565,7.192878338300001,0.043052476,-0.080707044,-0.2156657189999999,0.0157657658,0.3394616211,0.0632321374,0.0018993857999999,0.0,1.325395295,0.2721623861,0.0,0.0,0.0,0.3056876546,0.0141906874,0.5932816912,1.9399399399,0.093590923,0.1194714514,0.3868312757,0.1717222906,0.1469943336,0.3946937821,77644.996439,0.2950174825,0.0050405141999999,1.1047588886,-0.003755134,-0.187292875,-0.010108282,-0.0182496719999999,-0.079327386,-0.188163083,-0.0302449789999999,-0.053785058,-2.033854167,4.0,1.0166795218,0.0,0.0213599409,0.050695825,,0.1266567015,3.9036749601,10.682073704,25.833836858,0.7129485179,1.0,0.3955689746999999,0.0,0.4213353043,0.6783871894,-0.54281186,2.343068921,0.4661382135,7.23956e-05,-0.01351637,-0.027917855,2.0,0.0293743821,0.0083520595,0.065030483,0.0422148312,0.1358871234,0.134626246,7.0,0.0452607509999999,1.961091e-11,0.0901769176,0.0372439312,0.2946289926,4.5074210736,5.2697658e-09,59.0,10.8115
2011-10-31,98384648.056,0.8589468436,0.7377896801,0.0535241761,18.685637698,0.0461743372,0.0942523694999999,0.0046461923,0.1948592182,0.3703680116,1.158603531,0.0034070791,3.0283684512,0.1436982521,-0.143698252,14.0,-0.3608195179999999,0.0845528455,-0.607638728,0.1765825565,7.192878338300001,0.043052476,-0.080707044,-0.2156657189999999,0.0157657658,0.3394616211,0.0632321374,0.0018993857999999,0.0,1.325395295,0.2721623861,0.0,0.0,0.0,0.3056876546,0.0141906874,0.5932816912,1.9399399399,0.093590923,0.1194714514,0.3868312757,0.1717222906,0.1469943336,0.3946937821,77644.996439,0.2950174825,0.0050405141999999,1.1047588886,-0.003755134,-0.187292875,-0.010108282,-0.0182496719999999,-0.079327386,-0.188163083,-0.0302449789999999,-0.053785058,-2.033854167,4.0,1.0166795218,0.0,0.0213599409,0.050695825,,0.1266567015,3.9036749601,10.682073704,25.833836858,0.7129485179,1.0,0.3955689746999999,0.0,0.4213353043,0.6783871894,-0.54281186,1.5080004932,0.407593887,-0.00091347,0.0103763091,0.0592516816999999,0.0,0.0106931957,0.0091546307,0.0292832168,0.0334812272,0.1310533647,0.130594203,7.0,0.0387802088,1.40133e-11,0.0552077107,0.0257120325,0.3382060194,5.7143255437,6.2836361e-09,59.0,10.6755
2011-11-30,97094524.042,0.9333616238,0.8711639207999999,-0.09468163,18.340304719,0.0450880152,-0.031862442,-0.0125792039999999,0.1042847601999999,0.3086606679,1.8866175883,-0.195660055,3.5331461259,0.1436982521,-0.143698252,14.0,-0.3608195179999999,0.0845528455,-0.5797251210000001,0.1765825565,7.192878338300001,0.043052476,-0.080707044,-0.2156657189999999,0.0157657658,0.3394616211,0.0632321374,0.0018993857999999,0.0,1.325395295,0.2721623861,0.0,0.0,0.0,0.3056876546,0.0141906874,0.5932816912,1.9399399399,0.093590923,0.1194714514,0.3868312757,0.1717222906,0.1469943336,0.3946937821,77644.996439,0.2950174825,0.0050405141999999,1.1047588886,-0.003755134,-0.187292875,-0.010108282,-0.0182496719999999,-0.079327386,-0.188163083,-0.0302449789999999,-0.053785058,-2.033854167,4.0,1.0166795218,0.0,0.0213599409,0.050695825,,0.1266567015,3.9036749601,10.682073704,25.833836858,0.7129485179,1.0,0.3955689746999999,0.0,0.4213353043,0.6783871894,-0.54281186,1.5080004932,0.407593887,-0.00091347,0.0103763091,0.0592516816999999,0.0,0.0106931957,0.0091546307,0.0292832168,0.0334812272,0.1310533647,0.130594203,7.0,0.0389719303,1.362587e-11,0.0509720892,0.0392501298,0.3720020314,10.160568678,5.652397999999999e-09,59.0,9.6145
2011-12-30,87444643.60700001,0.8392101504,0.7042736765000001,-0.143750028,18.466804091,0.0447893673,0.0044660806,-0.099386454,0.085515239,0.2172748153,3.1077281767,0.1594709886,3.3813208791000005,0.1436982521,-0.143698252,14.0,-0.3608195179999999,0.0845528455,-0.557889806,0.1765825565,7.192878338300001,0.043052476,-0.080707044,-0.2156657189999999,0.0157657658,0.3394616211,0.0632321374,0.0018993857999999,0.0,1.325395295,0.2721623861,0.0,0.0,0.0,0.3056876546,0.0141906874,0.5932816912,1.9399399399,0.093590923,0.1194714514,0.3868312757,0.1717222906,0.1469943336,0.3946937821,77644.996439,0.2950174825,0.0050405141999999,1.1047588886,-0.003755134,-0.187292875,-0.010108282,-0.0182496719999999,-0.079327386,-0.188163083,-0.0302449789999999,-0.053785058,-2.033854167,4.0,1.0166795218,0.0,0.0213599409,0.050695825,,0.1266567015,3.9036749601,10.682073704,25.833836858,0.7129485179,1.0,0.3955689746999999,0.0,0.4213353043,0.6783871894,-0.54281186,1.5080004932,0.407593887,-0.00091347,0.0103763091,0.0592516816999999,0.0,0.0106931957,0.0091546307,0.0292832168,0.0334812272,0.1310533647,0.130594203,7.0,0.0336356378,1.55134e-11,0.0644246488999999,0.0266924206,0.267107408,4.5779057883,6.6072364e-09,59.0,8.655
2012-01-31,78760502.777,0.9036712706,0.8166217654000001,-0.289559412,18.266095022,0.0453237446999999,-0.036804877,-0.099797115,-0.059660674,0.0682777442,2.5101405317,0.0068785788,3.2430677027,0.1436982521,-0.143698252,14.0,-0.3608195179999999,0.0845528455,-0.538779855,0.1765825565,7.192878338300001,0.043052476,-0.080707044,-0.2156657189999999,0.0157657658,0.3394616211,0.0632321374,0.0018993857999999,0.0,1.325395295,0.2721623861,0.0,0.0,0.0,0.3056876546,0.0141906874,0.5932816912,1.9399399399,0.093590923,0.1194714514,0.3868312757,0.1717222906,0.1469943336,0.3946937821,77644.996439,0.2950174825,0.0050405141999999,1.1047588886,-0.003755134,-0.187292875,-0.010108282,-0.0182496719999999,-0.079327386,-0.188163083,-0.0302449789999999,-0.053785058,-2.033854167,4.0,1.0166795218,0.0,0.0213599409,0.050695825,,0.1266567015,3.9036749601,10.682073704,25.833836858,0.7129485179,1.0,0.3955689746999999,0.0,0.4213353043,0.6783871894,-0.54281186,1.0069697574,0.3542165989,-0.003226587,0.0152696297,0.0281677904999999,0.0,0.0112545907,0.0097334081,0.0258608956,0.036051869,0.1509969386,0.1506556872,7.0,0.0317236477,1.396687e-11,0.0268425159,0.0198180553,0.3626445154,4.9892983561,7.193108e-09,59.0,9.722
2012-02-29,88483423.031,0.9144750498,0.8362646167,-0.437909876,18.104630602,0.0431440361,-0.073416238,0.123281315,-0.22209238,0.0203961813,1.8840530945,0.0298296366,2.887503174,0.1436982521,-0.143698252,14.0,-0.3608195179999999,0.0845528455,-0.527939936,0.1765825565,7.192878338300001,0.043052476,-0.080707044,-0.2156657189999999,0.0157657658,0.3394616211,0.0632321374,0.0018993857999999,0.0,1.325395295,0.2721623861,0.0,0.0,0.0,0.3056876546,0.0141906874,0.5932816912,1.9399399399,0.093590923,0.1194714514,0.3868312757,0.1717222906,0.1469943336,0.3946937821,77644.996439,0.2950174825,0.0050405141999999,1.1047588886,-0.003755134,-0.187292875,-0.010108282,-0.0182496719999999,-0.079327386,-0.188163083,-0.0302449789999999,-0.053785058,-2.033854167,4.0,1.0166795218,0.0,0.0213599409,0.050695825,,0.1266567015,3.9036749601,10.682073704,25.833836858,0.7129485179,1.0,0.3955689746999999,0.0,0.4213353043,0.6783871894,-0.54281186,1.0069697574,0.3542165989,-0.003226587,0.0152696297,0.0281677904999999,0.0,0.0112545907,0.0097334081,0.0258608956,0.036051869,0.1509969386,0.1506556872,7.0,0.0279268138,1.540421e-11,0.0428272523,0.0199635011,0.3193584954,4.659226419,8.5742164e-09,59.0,8.9845
2012-03-30,81146567.583,0.9542687667,0.9106288791,-0.40714772,18.223880237,0.042954793,-0.061693312,-0.0758588759999999,-0.096594308,0.12204981,1.6746410588999998,-0.0227782929999999,2.9648237037,0.1436982521,-0.143698252,14.0,-0.3608195179999999,0.0845528455,-0.530124629,0.1765825565,7.192878338300001,0.043052476,-0.080707044,-0.2156657189999999,0.0157657658,0.3394616211,0.0632321374,0.0018993857999999,0.0,1.325395295,0.2721623861,0.0,0.0,0.0,0.3056876546,0.0141906874,0.5932816912,1.9399399399,0.093590923,0.1194714514,0.3868312757,0.1717222906,0.1469943336,0.3946937821,77644.996439,0.2950174825,0.0050405141999999,1.1047588886,-0.003755134,-0.187292875,-0.010108282,-0.0182496719999999,-0.079327386,-0.188163083,-0.0302449789999999,-0.053785058,-2.033854167,4.0,1.0166795218,0.0,0.0213599409,0.050695825,,0.1266567015,3.9036749601,10.682073704,25.833836858,0.7129485179,1.0,0.3955689746999999,0.0,0.4213353043,0.6783871894,-0.54281186,1.0069697574,0.3542165989,-0.003226587,0.0152696297,0.0281677904999999,0.0,0.0112545907,0.0097334081,0.0258608956,0.036051869,0.1509969386,0.1506556872,7.0,0.0269202023,1.180439e-11,0.0327976644,0.0254428427999999,0.4046214199,8.8733013235,6.5149579e-09,59.0,10.1255
2012-04-30,91129497.528,1.0237868857,1.0481395873,-0.263861726,18.219012428,0.0421385122,-0.060719173,0.1269964427,-0.168986696,-0.002442685,1.4527505727,0.037142695,2.8691995579,0.1436982521,-0.143698252,14.0,-0.3608195179999999,0.0845528455,-0.5388538589999999,0.1765825565,7.192878338300001,0.043052476,-0.080707044,-0.2156657189999999,0.0157657658,0.3394616211,0.0632321374,0.0018993857999999,0.0,1.325395295,0.2721623861,0.0,0.0,0.0,0.3056876546,0.0141906874,0.5932816912,1.9399399399,0.093590923,0.1194714514,0.3868312757,0.1717222906,0.1469943336,0.3946937821,77644.996439,0.2950174825,0.0050405141999999,1.1047588886,-0.003755134,-0.187292875,-0.010108282,-0.0182496719999999,-0.079327386,-0.188163083,-0.0302449789999999,-0.053785058,-2.033854167,4.0,1.0166795218,0.0,0.0213599409,0.050695825,,0.1266567015,3.9036749601,10.682073704,25.833836858,0.7129485179,1.0,0.3955689746999999,0.0,0.4213353043,0.6783871894,-0.54281186,0.9468492699,0.3320037787,-0.000776726,0.0049270651,-0.158536246,0.0,0.0035115098999999,0.0109922171,0.008113329,0.0337044447,0.1509969386,0.1506556872,7.0,0.0244980518999999,1.119588e-11,0.0401456206999999,0.0153009548,0.3370669981,4.0768353493000005,7.5294071e-09,59.0,11.595
2012-05-31,104476976.65,1.0163163061,1.0328988341,-0.004261941,18.228794761,0.0411249903,-0.085261352,0.1451286376,-0.051519837,0.0342168295,1.4318182977,0.1029824811999999,2.8742225754,0.1436982521,-0.143698252,14.0,-0.3608195179999999,0.0845528455,-0.5388538589999999,0.1765825565,7.192878338300001,0.043052476,-0.080707044,-0.2156657189999999,0.0157657658,0.3394616211,0.0632321374,0.0018993857999999,0.0,1.325395295,0.2721623861,0.0,0.0,0.0,0.3056876546,0.0141906874,0.5932816912,1.9399399399,0.093590923,0.1194714514,0.3868312757,0.1717222906,0.1469943336,0.3946937821,77644.996439,0.2950174825,0.0050405141999999,1.1047588886,-0.003755134,-0.187292875,-0.010108282,-0.0182496719999999,-0.079327386,-0.188163083,-0.0302449789999999,-0.053785058,-2.033854167,4.0,1.0166795218,0.0,0.0213599409,0.050695825,,0.1266567015,3.9036749601,10.682073704,25.833836858,0.7129485179,1.0,0.3955689746999999,0.0,0.4213353043,0.6783871894,-0.54281186,0.9468492699,0.3320037787,-0.000776726,0.0049270651,-0.158536246,0.0,0.0035115098999999,0.0109922171,0.008113329,0.0337044447,0.1509969386,0.1506556872,7.0,0.0246667977,1.5716629999999998e-11,0.157457009,0.0385199583,0.5436116099,10.098078977,8.4366862e-09,59.0,10.6455
2012-06-29,95921492.31,1.1429004332,1.3062214003,0.1296041935,18.157035775,0.0428907367,-0.086139307,-0.081888705,0.2059909613,0.1790126167,1.5219901492,-0.015362911,2.4623864307,0.1436982521,-0.143698252,14.0,-0.3608195179999999,0.0845528455,-0.543680145,0.1765825565,7.192878338300001,0.043052476,-0.080707044,-0.2156657189999999,0.0157657658,0.3394616211,0.0632321374,0.0018993857999999,0.0,1.325395295,0.2721623861,0.0,0.0,0.0,0.3056876546,0.0141906874,0.5932816912,1.9399399399,0.093590923,0.1194714514,0.3868312757,0.1717222906,0.1469943336,0.3946937821,77644.996439,0.2950174825,0.0050405141999999,1.1047588886,-0.003755134,-0.187292875,-0.010108282,-0.0182496719999999,-0.079327386,-0.188163083,-0.0302449789999999,-0.053785058,-2.033854167,4.0,1.0166795218,0.0,0.0213599409,0.050695825,,0.1266567015,3.9036749601,10.682073704,25.833836858,0.7129485179,1.0,0.3955689746999999,0.0,0.4213353043,0.6783871894,-0.54281186,0.9468492699,0.3320037787,-0.000776726,0.0049270651,-0.158536246,0.0,0.0035115098999999,0.0109922171,0.008113329,0.0337044447,0.1509969386,0.1506556872,7.0,0.0256178156999999,1.298117e-11,0.0199204795,0.0140567289999999,0.2654772121,2.3721598862,9.1539257e-09,59.0,11.4175
2012-07-31,103214202.76,1.1168715534,1.2474020669,0.4726834735,18.315157452,0.0426339637,-0.100021181,0.0725189149,0.2299826414,0.0411756006,1.4442983496,-0.032019601,2.0945395021,0.1484741917,-0.148474192,15.0,-0.344789062,0.0984884519999999,-0.766714784,0.1208664358,5.7328216374,0.0495552974,-0.049126917,0.0217348846,0.0088691795999999,0.5756599116,0.0812251843,-0.015849617,0.0,1.1741407089,0.2601313107999999,0.0,0.0,0.0,0.1300990676,0.0080116302,0.6271745490999999,3.855227882,0.1638116846,0.1271653949,0.6676557864,0.2298239080999999,0.2224592276999999,0.4682812368999999,75418.361751,0.2515147609,0.0051414671,0.3798951006,-0.114120358,-0.044205503,0.0329642609,-0.174747629,-0.153429772,-0.206186641,-0.188434501,-0.098413888,-5.185419968,5.0,0.8390171858,0.0,0.0369347579,0.0605071032,,0.0475735575,5.020572264,9.6308092949,22.529053421,0.8197879859,1.0,0.4055958367,0.0,0.6104201979,0.6406966137,-0.455493304,0.9468492699,0.3320037787,-0.000776726,0.0049270651,-0.158536246,0.0,0.0035115098999999,0.0109922171,0.008113329,0.0337044447,0.1509969386,0.1506556872,7.0,0.021098513,1.6065529999999997e-11,0.0318106227,0.0155908766,0.1859250992,1.3845542763999998,1.3523622e-08,59.0,11.665
2012-08-31,105466765.88,1.1204137025,1.2553268648,0.3260468971999999,18.276709205,0.0423275501999999,-0.052018315,0.0216772350999999,0.1743982832999999,0.0261998997,1.5946828737999998,0.0146186511,1.8321517186,0.1484741917,-0.148474192,15.0,-0.344789062,0.0984884519999999,-0.774766855,0.1208664358,5.7328216374,0.0495552974,-0.049126917,0.0217348846,0.0088691795999999,0.5756599116,0.0812251843,-0.015849617,0.0,1.1741407089,0.2601313107999999,0.0,0.0,0.0,0.1300990676,0.0080116302,0.6271745490999999,3.855227882,0.1638116846,0.1271653949,0.6676557864,0.2298239080999999,0.2224592276999999,0.4682812368999999,75418.361751,0.2515147609,0.0051414671,0.3798951006,-0.114120358,-0.044205503,0.0329642609,-0.174747629,-0.153429772,-0.206186641,-0.188434501,-0.098413888,-5.185419968,5.0,0.8390171858,0.0,0.0369347579,0.0605071032,,0.0475735575,5.020572264,9.6308092949,22.529053421,0.8197879859,1.0,0.4055958367,0.0,0.6104201979,0.6406966137,-0.455493304,1.6794880232,0.3788274389,5.3200000000000006e-05,-0.027834957,-0.081605474,1.0,0.0092893881,0.0098367283,0.0227916559,0.0569320916,0.1509969386,0.1506556872,7.0,0.0237970849,1.5209679999999998e-11,0.0786783025,0.0229889848,0.5073798189000001,5.1368241712,1.1600298e-08,59.0,12.4115
2012-09-28,112234179.48,1.1472397373999998,1.3161590151,0.5467829463,18.177114458,0.0424800461,0.0177180853,0.0641663149,0.2983471463,0.0839567323,1.6509421519,-0.057337791,1.573852833,0.1484741917,-0.148474192,15.0,-0.344789062,0.0984884519999999,-0.76904278,0.1208664358,5.7328216374,0.0495552974,-0.049126917,0.0217348846,0.0088691795999999,0.5756599116,0.0812251843,-0.015849617,0.0,1.1741407089,0.2601313107999999,0.0,0.0,0.0,0.1300990676,0.0080116302,0.6271745490999999,3.855227882,0.1638116846,0.1271653949,0.6676557864,0.2298239080999999,0.2224592276999999,0.4682812368999999,75418.361751,0.2515147609,0.0051414671,0.3798951006,-0.114120358,-0.044205503,0.0329642609,-0.174747629,-0.153429772,-0.206186641,-0.188434501,-0.098413888,-5.185419968,5.0,0.8390171858,0.0,0.0369347579,0.0605071032,,0.0475735575,5.020572264,9.6308092949,22.529053421,0.8197879859,1.0,0.4055958367,0.0,0.6104201979,0.6406966137,-0.455493304,1.6794880232,0.3788274389,5.3200000000000006e-05,-0.027834957,-0.081605474,1.0,0.0092893881,0.0098367283,0.0227916559,0.0569320916,0.1509969386,0.1506556872,7.0,0.0174262561,1.190319e-11,0.0188310333,0.0095801973,0.2927412586,1.6897553171000002,1.3587791e-08,59.0,12.716
2012-10-31,115206963.32,1.1269668761,1.2700543399,0.3192902503,18.147368555,0.0365840962,0.1515393579,0.0243686418999999,0.2259642053,0.1481755967,1.316088242,0.2138908596,1.5561253888,0.1484741917,-0.148474192,15.0,-0.344789062,0.0984884519999999,-0.774750087,0.1208664358,5.7328216374,0.0495552974,-0.049126917,0.0217348846,0.0088691795999999,0.5756599116,0.0812251843,-0.015849617,0.0,1.1741407089,0.2601313107999999,0.0,0.0,0.0,0.1300990676,0.0080116302,0.6271745490999999,3.855227882,0.1638116846,0.1271653949,0.6676557864,0.2298239080999999,0.2224592276999999,0.4682812368999999,75418.361751,0.2515147609,0.0051414671,0.3798951006,-0.114120358,-0.044205503,0.0329642609,-0.174747629,-0.153429772,-0.206186641,-0.188434501,-0.098413888,-5.185419968,5.0,0.8390171858,0.0,0.0369347579,0.0605071032,,0.0475735575,5.020572264,9.6308092949,22.529053421,0.8197879859,1.0,0.4055958367,0.0,0.6104201979,0.6406966137,-0.455493304,1.2623160203,0.2809872658,-0.002724796,-0.025406861,0.1870213216,0.0,0.0051428119,0.0105810966,0.0167590563,0.0365194586,0.0909660353,0.0913396076999999,7.0,0.0189951514,1.171861e-11,0.0308696385,0.0138788247,0.2999032216,2.5750669489,1.554035e-08,59.0,11.641
2012-11-30,105491024.29,1.2166295132,1.4801873723,-0.081849335,18.141708144000003,0.0361184379,0.095851474,-0.084251769,0.0966796627,0.1911386521999999,0.7970709783,0.0116714691,1.5871627822,0.1484741917,-0.148474192,15.0,-0.344789062,0.0984884519999999,-0.758759292,0.1208664358,5.7328216374,0.0495552974,-0.049126917,0.0217348846,0.0088691795999999,0.5756599116,0.0812251843,-0.015849617,0.0,1.1741407089,0.2601313107999999,0.0,0.0,0.0,0.1300990676,0.0080116302,0.6271745490999999,3.855227882,0.1638116846,0.1271653949,0.6676557864,0.2298239080999999,0.2224592276999999,0.4682812368999999,75418.361751,0.2515147609,0.0051414671,0.3798951006,-0.114120358,-0.044205503,0.0329642609,-0.174747629,-0.153429772,-0.206186641,-0.188434501,-0.098413888,-5.185419968,5.0,0.8390171858,0.0,0.0369347579,0.0605071032,,0.0475735575,5.020572264,9.6308092949,22.529053421,0.8197879859,1.0,0.4055958367,0.0,0.6104201979,0.6406966137,-0.455493304,1.2623160203,0.2809872658,-0.002724796,-0.025406861,0.1870213216,0.0,0.0051428119,0.0105810966,0.0167590563,0.0365194586,0.0909660353,0.0913396076999999,7.0,0.0273287326,1.576763e-11,0.0687242374,0.0224902336,0.3955271564,4.740417027,1.1049953e-08,59.0,12.6025
2012-12-31,114168317.33,1.2168683631,1.4807686130000002,0.0765996137,18.178981935,0.0358952619,0.074541063,0.0822562203,0.0938569945,0.2111555707999999,0.414833282,0.0041870672,1.5953002937,0.1484741917,-0.148474192,15.0,-0.344789062,0.0984884519999999,-0.67173309,0.1208664358,5.7328216374,0.0495552974,-0.049126917,0.0217348846,0.0088691795999999,0.5756599116,0.0812251843,-0.015849617,0.0,1.1741407089,0.2601313107999999,0.0,0.0,0.0,0.1300990676,0.0080116302,0.6271745490999999,3.855227882,0.1638116846,0.1271653949,0.6676557864,0.2298239080999999,0.2224592276999999,0.4682812368999999,75418.361751,0.2515147609,0.0051414671,0.3798951006,-0.114120358,-0.044205503,0.0329642609,-0.174747629,-0.153429772,-0.206186641,-0.188434501,-0.098413888,-5.185419968,5.0,0.8390171858,0.0,0.0369347579,0.0605071032,,0.0475735575,5.020572264,9.6308092949,22.529053421,0.8197879859,1.0,0.4055958367,0.0,0.6104201979,0.6406966137,-0.455493304,1.2623160203,0.2809872658,-0.002724796,-0.025406861,0.1870213216,0.0,0.0051428119,0.0105810966,0.0167590563,0.0365194586,0.0909660353,0.0913396076999999,7.0,0.02170478,1.587693e-11,0.0209928266999999,0.0134302186,0.2773098421,1.7831091477,1.4542717e-08,59.0,12.557
2013-01-31,113894977.78,1.2087041419,1.4609657027,-0.220559162,18.197179541,0.0354948327,0.0769753841,-0.004681642,0.1037880264,0.4560947,0.2867975332999999,0.0272356664,1.5584199206,0.1484741917,-0.148474192,15.0,-0.344789062,0.0984884519999999,-0.680526733,0.1208664358,5.7328216374,0.0495552974,-0.049126917,0.0217348846,0.0088691795999999,0.5756599116,0.0812251843,-0.015849617,0.0,1.1741407089,0.2601313107999999,0.0,0.0,0.0,0.1300990676,0.0080116302,0.6271745490999999,3.855227882,0.1638116846,0.1271653949,0.6676557864,0.2298239080999999,0.2224592276999999,0.4682812368999999,75418.361751,0.2515147609,0.0051414671,0.3798951006,-0.114120358,-0.044205503,0.0329642609,-0.174747629,-0.153429772,-0.206186641,-0.188434501,-0.098413888,-5.185419968,5.0,0.8390171858,0.0,0.0369347579,0.0605071032,,0.0475735575,5.020572264,9.6308092949,22.529053421,0.8197879859,1.0,0.4055958367,0.0,0.6104201979,0.6406966137,-0.455493304,1.577651032,0.2364189896,0.0032885569,0.0044227393,0.0654595476,0.0,0.0003441664,0.0114447183,0.0009627286,0.0283003695,0.1126628525,0.116668991,7.0,0.0205983039999999,1.5078689999999998e-11,0.0257622041,0.0157062229,0.3549627539,2.2049826873,1.5926291e-08,59.0,13.275
2013-02-28,120683290.5,1.2445664909999998,1.5489457506,-0.0618362909999999,18.097013441,0.034700301,0.0533336799,0.0583170763999999,0.0753107224,0.2902180125,0.5504345839,0.0441436406,1.5805813022,0.1484741917,-0.148474192,15.0,-0.344789062,0.0984884519999999,-0.6746923779999999,0.1208664358,5.7328216374,0.0495552974,-0.049126917,0.0217348846,0.0088691795999999,0.5756599116,0.0812251843,-0.015849617,0.0,1.1741407089,0.2601313107999999,0.0,0.0,0.0,0.1300990676,0.0080116302,0.6271745490999999,3.855227882,0.1638116846,0.1271653949,0.6676557864,0.2298239080999999,0.2224592276999999,0.4682812368999999,75418.361751,0.2515147609,0.0051414671,0.3798951006,-0.114120358,-0.044205503,0.0329642609,-0.174747629,-0.153429772,-0.206186641,-0.188434501,-0.098413888,-5.185419968,5.0,0.8390171858,0.0,0.0369347579,0.0605071032,,0.0475735575,5.020572264,9.6308092949,22.529053421,0.8197879859,1.0,0.4055958367,0.0,0.6104201979,0.6406966137,-0.455493304,1.577651032,0.2364189896,0.0032885569,0.0044227393,0.0654595476,0.0,0.0003441664,0.0114447183,0.0009627286,0.0283003695,0.1126628525,0.116668991,7.0,0.0251318263,1.3726729999999998e-11,0.0476819724,0.0239215295999999,0.5298700998,6.5181883814,1.0680406e-08,59.0,13.2135
2013-03-28,120234124.09,1.253563876,1.5714223911,-0.317211398,18.37998799,0.0345965376,0.0973562633,-0.00463281,0.0694002282,0.47754463,0.5176520603,0.0098034004,1.6337714286000002,0.1484741917,-0.148474192,15.0,-0.344789062,0.0984884519999999,-0.709437381,0.1208664358,5.7328216374,0.0495552974,-0.049126917,0.0217348846,0.0088691795999999,0.5756599116,0.0812251843,-0.015849617,0.0,1.1741407089,0.2601313107999999,0.0,0.0,0.0,0.1300990676,0.0080116302,0.6271745490999999,3.855227882,0.1638116846,0.1271653949,0.6676557864,0.2298239080999999,0.2224592276999999,0.4682812368999999,75418.361751,0.2515147609,0.0051414671,0.3798951006,-0.114120358,-0.044205503,0.0329642609,-0.174747629,-0.153429772,-0.206186641,-0.188434501,-0.098413888,-5.185419968,5.0,0.8390171858,0.0,0.0369347579,0.0605071032,,0.0475735575,5.020572264,9.6308092949,22.529053421,0.8197879859,1.0,0.4055958367,0.0,0.6104201979,0.6406966137,-0.455493304,1.577651032,0.2364189896,0.0032885569,0.0044227393,0.0654595476,0.0,0.0003441664,0.0114447183,0.0009627286,0.0283003695,0.1126628525,0.116668991,7.0,0.0247868306999999,1.251971e-11,0.0416311881999999,0.016597908,0.2150734288,1.9679914897,1.4506632e-08,59.0,13.3245
2013-04-30,121252945.56,1.2304748334,1.5140683155,-0.20798626,18.261748926,0.0349337398,0.0933847052,0.0084005045,0.0391238632,0.3049725724,0.4915665547,0.0391917841,1.6333049968,0.1484741917,-0.148474192,15.0,-0.344789062,0.0984884519999999,-0.726617313,0.1208664358,5.7328216374,0.0495552974,-0.049126917,0.0217348846,0.0088691795999999,0.5756599116,0.0812251843,-0.015849617,0.0,1.1741407089,0.2601313107999999,0.0,0.0,0.0,0.1300990676,0.0080116302,0.6271745490999999,3.855227882,0.1638116846,0.1271653949,0.6676557864,0.2298239080999999,0.2224592276999999,0.4682812368999999,75418.361751,0.2515147609,0.0051414671,0.3798951006,-0.114120358,-0.044205503,0.0329642609,-0.174747629,-0.153429772,-0.206186641,-0.188434501,-0.098413888,-5.185419968,5.0,0.8390171858,0.0,0.0369347579,0.0605071032,,0.0475735575,5.020572264,9.6308092949,22.529053421,0.8197879859,1.0,0.4055958367,0.0,0.6104201979,0.6406966137,-0.455493304,1.3196691012,0.2298327056,0.0008397187,0.0154325698,0.0195079165999999,0.0,-0.0130339639999999,0.0138406986,-0.0365089939999999,0.0254324912,,,7.0,0.0206035956,1.309815e-11,0.0277338587,0.0145923834,0.2843630478,2.1229145918,1.5980590999999998e-08,59.0,12.6905
2013-05-31,115545224.72,1.2377926417,1.5321306239,0.0855308494999999,18.225409347,0.0350746078,0.1673448688,-0.047581498,0.1442588609,0.1491591051,0.6914659898000001,-0.0265142999999999,1.5867401219,0.1484741917,-0.148474192,15.0,-0.344789062,0.0984884519999999,-0.726617313,0.1208664358,5.7328216374,0.0495552974,-0.049126917,0.0217348846,0.0088691795999999,0.5756599116,0.0812251843,-0.015849617,0.0,1.1741407089,0.2601313107999999,0.0,0.0,0.0,0.1300990676,0.0080116302,0.6271745490999999,3.855227882,0.1638116846,0.1271653949,0.6676557864,0.2298239080999999,0.2224592276999999,0.4682812368999999,75418.361751,0.2515147609,0.0051414671,0.3798951006,-0.114120358,-0.044205503,0.0329642609,-0.174747629,-0.153429772,-0.206186641,-0.188434501,-0.098413888,-5.185419968,5.0,0.8390171858,0.0,0.0369347579,0.0605071032,,0.0475735575,5.020572264,9.6308092949,22.529053421,0.8197879859,1.0,0.4055958367,0.0,0.6104201979,0.6406966137,-0.455493304,1.3196691012,0.2298327056,0.0008397187,0.0154325698,0.0195079165999999,0.0,-0.0130339639999999,0.0138406986,-0.0365089939999999,0.0254324912,,,7.0,0.0247900675,1.743419e-11,0.0220254976,0.0223984452,0.4643955929,6.1137833921,1.1003528e-08,59.0,13.4515
2013-06-28,122551421.16,1.2711990293000002,1.6159469721000002,-0.115791449,18.367952728,0.0356293047,0.2685947101,0.0606359653,0.0069827184,0.1920999126,0.6970349782999999,0.019395151,1.5133471918,0.1484741917,-0.148474192,15.0,-0.344789062,0.0984884519999999,-0.8611676859999999,0.1208664358,5.7328216374,0.0495552974,-0.049126917,0.0217348846,0.0088691795999999,0.5756599116,0.0812251843,-0.015849617,0.0,1.1741407089,0.2601313107999999,0.0,0.0,0.0,0.1300990676,0.0080116302,0.6271745490999999,3.855227882,0.1638116846,0.1271653949,0.6676557864,0.2298239080999999,0.2224592276999999,0.4682812368999999,75418.361751,0.2515147609,0.0051414671,0.3798951006,-0.114120358,-0.044205503,0.0329642609,-0.174747629,-0.153429772,-0.206186641,-0.188434501,-0.098413888,-5.185419968,5.0,0.8390171858,0.0,0.0369347579,0.0605071032,,0.0475735575,5.020572264,9.6308092949,22.529053421,0.8197879859,1.0,0.4055958367,0.0,0.6104201979,0.6406966137,-0.455493304,1.3196691012,0.2298327056,0.0008397187,0.0154325698,0.0195079165999999,0.0,-0.0130339639999999,0.0138406986,-0.0365089939999999,0.0254324912,,,7.0,0.0193399181,1.358355e-11,0.0218839888,0.0128643363999999,0.2751770892,1.7856645646,1.4383867e-08,59.0,13.8845
2013-07-31,126904331.12,1.2764607546,1.6293520581,0.0082875035,18.368543375,0.0352898806,0.3706720886,0.0315378532,0.0730657976999999,0.1788920678999999,1.0899689112,-0.016382993,1.5156494865,0.1459028582,-0.145902858,16.0,-0.287878788,0.0719259107,-0.871550527,0.0870976983999999,7.4397257163,0.0367004762,-0.066083373,-0.03795926,-0.002197802,0.5042674118,0.0359310428,0.3258133167,0.0,1.1207241343,0.2638810198,0.0,0.0,0.0,0.0560783808,-0.000342421,0.6654798639,2.8661899898,0.1777186036,0.1470955488,0.5729537367,0.1912730438,0.2139075839999999,0.3905028252,92699.135161,0.2982177734,0.0054825638,0.7786325934,-0.045494185,0.0144146776,0.1561910363,-0.042526775,0.062599354,0.0523631071999999,-0.191152418,0.0518149519,-52.11536467,3.0,0.8033364909,0.0,0.0400720032,0.0747057763999999,,0.0408869096,5.3365653389,10.129829216,23.497307692,0.1947780679,1.0,0.2707323668,0.0,0.5363976533,0.6261114114999999,-0.070894049,1.9469496462,0.3516510521,0.0042724899,0.0345928996,-0.037151504,1.0,0.0042918455,0.013242375,0.0129749768,0.0336889299,,,7.0,0.0214430485,1.263208e-11,0.0337527879,0.0140176496999999,0.2166910576,1.5577533989,1.5926277e-08,59.0,15.061
2013-08-30,137622599.04,1.2674087668,1.6063249821,-0.003481094,18.318972191,0.0345602368,0.3987474673,0.0847347676999999,0.0459133788,0.1902700296,0.9789634912,0.0604447034999999,1.4355080647999998,0.1459028582,-0.145902858,16.0,-0.287878788,0.0719259107,-0.880446278,0.0870976983999999,7.4397257163,0.0367004762,-0.066083373,-0.03795926,-0.002197802,0.5042674118,0.0359310428,0.3258133167,0.0,1.1207241343,0.2638810198,0.0,0.0,0.0,0.0560783808,-0.000342421,0.6654798639,2.8661899898,0.1777186036,0.1470955488,0.5729537367,0.1912730438,0.2139075839999999,0.3905028252,92753.249302,0.2982177734,0.0054825638,0.7786325934,-0.045494185,0.0144146776,0.1561910363,-0.042526775,0.062599354,0.0523631071999999,-0.191152418,0.0518149519,-51.09037328,3.0,0.8033364909,0.0,0.0400720032,0.0747057763999999,,0.0408869096,5.3365653389,10.129829216,23.497307692,0.1947780679,1.0,0.2707323668,0.0,0.5363976533,0.6261114114999999,-0.070894049,1.9469496462,0.3516510521,0.0042724899,0.0345928996,-0.037151504,1.0,0.0042918455,0.013242375,0.0129749768,0.0336889299,,,7.0,0.0202694787,1.005496e-11,0.0283784308,0.013091063,0.4192382118,3.6150383721,1.2748043e-08,59.0,14.049
2013-09-30,128375271.34,1.2846900643,1.6504285613,-0.001215034,18.342606575,0.034204712,0.4434004552,-0.067193381,0.1398191713,0.2132758441,0.9888648798,0.0209081827,1.3115691412,0.1459028582,-0.145902858,16.0,-0.287878788,0.0719259107,-0.881840698,0.0870976983999999,7.4397257163,0.0367004762,-0.066083373,-0.03795926,-0.002197802,0.5042674118,0.0359310428,0.3258133167,0.0,1.1207241343,0.2638810198,0.0,0.0,0.0,0.0560783808,-0.000342421,0.6654798639,2.8661899898,0.1777186036,0.1470955488,0.5729537367,0.1912730438,0.2139075839999999,0.3905028252,92753.249302,0.2982177734,0.0054825638,0.7786325934,-0.045494185,0.0144146776,0.1561910363,-0.042526775,0.062599354,0.0523631071999999,-0.191152418,0.0518149519,-51.09037328,3.0,0.8033364909,0.0,0.0400720032,0.0747057763999999,,0.0408869096,5.3365653389,10.129829216,23.497307692,0.1947780679,1.0,0.2707323668,0.0,0.5363976533,0.6261114114999999,-0.070894049,1.9469496462,0.3516510521,0.0042724899,0.0345928996,-0.037151504,1.0,0.0042918455,0.013242375,0.0129749768,0.0336889299,,,7.0,0.0165432023,1.404706e-11,0.0181326344999999,0.0096533559,0.2242498106,0.9874444537,1.958522e-08,59.0,15.632
2013-10-31,143189126.71,1.2531093971,1.5702831612,0.1253242939,18.228928639,0.0336339731,0.2908164352,0.1126770675,0.0543735967,0.1048285658,0.6192538651,0.0829811341,1.1948140186,0.1459028582,-0.145902858,16.0,-0.287878788,0.0719259107,-0.882669947,0.0870976983999999,7.4397257163,0.0367004762,-0.066083373,-0.03795926,-0.002197802,0.5042674118,0.0359310428,0.3258133167,0.0,1.1207241343,0.2638810198,0.0,0.0,0.0,0.0560783808,-0.000342421,0.6654798639,2.8661899898,0.1777186036,0.1470955488,0.5729537367,0.1912730438,0.2139075839999999,0.3905028252,92753.249302,0.2982177734,0.0054825638,0.7786325934,-0.045494185,0.0144146776,0.1561910363,-0.042526775,0.062599354,0.0523631071999999,-0.191152418,0.0518149519,-48.76918936,3.0,0.8033364909,0.0,0.0400720032,0.0747057763999999,,0.0408869096,5.3365653389,10.129829216,23.497307692,0.1947780679,1.0,0.2707323668,0.0,0.5363976533,0.6261114114999999,-0.070894049,1.5264465279,0.2782182754,-0.002999164,-0.008876292,-0.0508270609999999,0.0,0.0025188143,0.0134111878,0.0100097656,0.0237932355,,,7.0,0.019202009,1.4530089999999999e-11,0.0278310794,0.0128537345,0.3023868577,1.9268561401,2.1539778999999995e-08,59.0,18.2015
2013-11-29,166628907.46,1.2709800373,1.6153902551,0.3444485471,18.207790459,0.0334328202,0.3910445897999999,0.1643743068,0.2317876214,0.3424185458,0.4095085859,0.0653057169,1.2752887048,0.1459028582,-0.145902858,16.0,-0.287878788,0.0719259107,-0.881372107,0.0870976983999999,7.4397257163,0.0367004762,-0.066083373,-0.03795926,-0.002197802,0.5042674118,0.0359310428,0.3258133167,0.0,1.1207241343,0.2638810198,0.0,0.0,0.0,0.0560783808,-0.000342421,0.6654798639,2.8661899898,0.1777186036,0.1470955488,0.5729537367,0.1912730438,0.2139075839999999,0.3905028252,92753.249302,0.2982177734,0.0054825638,0.7786325934,-0.045494185,0.0144146776,0.1561910363,-0.042526775,0.062599354,0.0523631071999999,-0.191152418,0.0518149519,-48.76918936,3.0,0.8033364909,0.0,0.0400720032,0.0747057763999999,,0.0408869096,5.3365653389,10.129829216,23.497307692,0.1947780679,1.0,0.2707323668,0.0,0.5363976533,0.6261114114999999,-0.070894049,1.5264465279,0.2782182754,-0.002999164,-0.008876292,-0.0508270609999999,0.0,0.0025188143,0.0134111878,0.0100097656,0.0237932355,,,7.0,0.0229318300999999,1.646651e-11,0.0938563645,0.0274464187,0.4738466173,5.039690205199999,1.0577451999999998e-08,59.0,19.681
2013-12-31,180173254.84,1.2820477806,1.6436465116,0.3941420806,18.337802699,0.0343460925999999,0.4723086368999999,0.0812845007,0.352265909,0.4442769045,0.437001209,0.0686111674,1.3532026144,0.1459028582,-0.145902858,16.0,-0.287878788,0.0719259107,-0.881372107,0.0870976983999999,7.4397257163,0.0367004762,-0.066083373,-0.03795926,-0.002197802,0.5042674118,0.0359310428,0.3258133167,0.0,1.1207241343,0.2638810198,0.0,0.0,0.0,0.0560783808,-0.000342421,0.6654798639,2.8661899898,0.1777186036,0.1470955488,0.5729537367,0.1912730438,0.2139075839999999,0.3905028252,94173.824479,0.2982177734,0.0054825638,0.7786325934,-0.045494185,0.0144146776,0.1561910363,-0.042526775,0.062599354,0.0523631071999999,-0.191152418,0.0518149519,-45.05506608,3.0,0.8033364909,0.0,0.0400720032,0.0747057763999999,,0.0408869096,5.3365653389,10.129829216,23.497307692,0.1947780679,1.0,0.2707323668,0.0,0.5363976533,0.6261114114999999,-0.070894049,1.5264465279,0.2782182754,-0.002999164,-0.008876292,-0.0508270609999999,0.0,0.0025188143,0.0134111878,0.0100097656,0.0237932355,,,7.0,0.0217465892,1.19602e-11,0.0313738547,0.0155257006,0.2681118082,1.8265116523,1.7382363999999997e-08,59.0,19.9395
2014-01-31,183044613.92,1.3072574531,1.7089220487,0.3291898380999999,18.2503459,0.0343206441,0.5029652934000001,0.0131345298,0.4174798953999999,0.5690198208,0.3937221965999999,0.0451062598,1.4240543766999998,0.1459028582,-0.145902858,16.0,-0.287878788,0.0719259107,-0.888946934,0.0870976983999999,7.4397257163,0.0367004762,-0.066083373,-0.03795926,-0.002197802,0.5042674118,0.0359310428,0.3258133167,0.0,1.1207241343,0.2638810198,0.0,0.0,0.0,0.0560783808,-0.000342421,0.6654798639,2.8661899898,0.1777186036,0.1470955488,0.5729537367,0.1912730438,0.2139075839999999,0.3905028252,94173.824479,0.2982177734,0.0054825638,0.7786325934,-0.045494185,0.0144146776,0.1561910363,-0.042526775,0.062599354,0.0523631071999999,-0.191152418,0.0518149519,-55.57362945,3.0,0.8033364909,0.0,0.0400720032,0.0747057763999999,,0.0408869096,5.3365653389,10.129829216,23.497307692,0.1947780679,1.0,0.2707323668,0.0,0.5363976533,0.6261114114999999,-0.070894049,0.9108197928,0.2519326199,-0.004566644,0.0227128079999999,0.0362560139,0.0,-0.000246679,0.0136569723,-0.000830171,0.0226154616,,,7.0,0.0178218564,9.452039e-12,0.0214368570999999,0.0113566573,0.3173511041,2.0908183044,1.6947749e-08,59.0,17.9345
2014-02-28,164733763.97,1.2949658463,1.6769365432,0.0562521857,18.291712127,0.0340760169,0.4153260483,-0.100554191,0.3239161039,0.5020339309,0.5650789986,0.0394924397,1.4132118851,0.1459028582,-0.145902858,16.0,-0.287878788,0.0719259107,-0.8882381579999999,0.0870976983999999,7.4397257163,0.0367004762,-0.066083373,-0.03795926,-0.002197802,0.5042674118,0.0359310428,0.3258133167,0.0,1.1207241343,0.2638810198,0.0,0.0,0.0,0.0560783808,-0.000342421,0.6654798639,2.8661899898,0.1777186036,0.1470955488,0.5729537367,0.1912730438,0.2139075839999999,0.3905028252,97055.64253,0.2982177734,0.0054825638,0.7786325934,-0.045494185,0.0144146776,0.1561910363,-0.042526775,0.062599354,0.0523631071999999,-0.191152418,0.0518149519,-55.57362945,3.0,0.8033364909,0.0,0.0400720032,0.0747057763999999,,0.0408869096,5.3365653389,10.129829216,23.497307692,0.1947780679,1.0,0.2707323668,0.0,0.5363976533,0.6261114114999999,-0.070894049,0.9108197928,0.2519326199,-0.004566644,0.0227128079999999,0.0362560139,0.0,-0.000246679,0.0136569723,-0.000830171,0.0226154616,,,7.0,0.0237145479,1.009092e-11,0.0489588678,0.0297282822,0.5194710149,7.4124386863,1.1795392e-08,59.0,18.105
2014-03-31,166527620.21,1.2928488303,1.6714580980000002,0.225472932,18.406663989,0.0342305285,0.3275064262,0.0095068263,0.2765676915,0.3572861733,0.5250158667,0.0268477042,1.5978137681,0.1459028582,-0.145902858,16.0,-0.287878788,0.0719259107,-0.8744843390000001,0.0870976983999999,7.4397257163,0.0367004762,-0.066083373,-0.03795926,-0.002197802,0.5042674118,0.0359310428,0.3258133167,0.0,1.1207241343,0.2638810198,0.0,0.0,0.0,0.0560783808,-0.000342421,0.6654798639,2.8661899898,0.1777186036,0.1470955488,0.5729537367,0.1912730438,0.2139075839999999,0.3905028252,97055.64253,0.2982177734,0.0054825638,0.7786325934,-0.045494185,0.0144146776,0.1561910363,-0.042526775,0.062599354,0.0523631071999999,-0.191152418,0.0518149519,-55.57362945,3.0,0.8033364909,0.0,0.0400720032,0.0747057763999999,,0.0408869096,5.3365653389,10.129829216,23.497307692,0.1947780679,1.0,0.2707323668,0.0,0.5363976533,0.6261114114999999,-0.070894049,0.9108197928,0.2519326199,-0.004566644,0.0227128079999999,0.0362560139,0.0,-0.000246679,0.0136569723,-0.000830171,0.0226154616,,,7.0,0.0252188052999999,7.53665e-12,0.0234954078,0.0167041408,0.2735149987,3.5847465646,1.2726833e-08,59.0,16.826
2014-04-30,154727895.51,1.2644345244,1.5987946665,-0.097291399,18.444901264,0.0346382182,0.3242239057,-0.071071573,0.1582010958,0.3587752595,0.4794314308,0.0218274074,1.7355510789,0.1459028582,-0.145902858,16.0,-0.287878788,0.0719259107,-0.876510965,0.0870976983999999,7.4397257163,0.0367004762,-0.066083373,-0.03795926,-0.002197802,0.5042674118,0.0359310428,0.3258133167,0.0,1.1207241343,0.2638810198,0.0,0.0,0.0,0.0560783808,-0.000342421,0.6654798639,2.8661899898,0.1777186036,0.1470955488,0.5729537367,0.1912730438,0.2139075839999999,0.3905028252,98795.716749,0.2982177734,0.0054825638,0.7786325934,-0.045494185,0.0144146776,0.1561910363,-0.042526775,0.062599354,0.0523631071999999,-0.191152418,0.0518149519,-55.57362945,3.0,0.8033364909,0.0,0.0400720032,0.0747057763999999,,0.0408869096,5.3365653389,10.129829216,23.497307692,0.1947780679,1.0,0.2707323668,0.0,0.5363976533,0.6261114114999999,-0.070894049,1.908933312,0.2413295251,-0.004160462,0.012015608,0.0931542683,0.0,-0.00138406,0.0134829095,-0.004694836,0.0229416872,,,7.0,0.0242580492,7.754497e-12,0.0232756287,0.0131374816999999,0.3437054688,2.9527872606,1.2712647e-08,59.0,15.2065
2014-05-30,139950591.96,1.2520637931999998,1.5676637423,-0.598808722,18.383839378,0.0347484402999999,0.3383610575,-0.095833354,-0.075996511,0.3252629614,0.2962055079,0.0505186954,2.1502954362,0.1459028582,-0.145902858,16.0,-0.287878788,0.0719259107,-0.897652943,0.0870976983999999,7.4397257163,0.0367004762,-0.066083373,-0.03795926,-0.002197802,0.5042674118,0.0359310428,0.3258133167,0.0,1.1207241343,0.2638810198,0.0,0.0,0.0,0.0560783808,-0.000342421,0.6654798639,2.8661899898,0.1777186036,0.1470955488,0.5729537367,0.1912730438,0.2139075839999999,0.3905028252,99992.469251,0.2982177734,0.0054825638,0.7786325934,-0.045494185,0.0144146776,0.1561910363,-0.042526775,0.062599354,0.0523631071999999,-0.191152418,0.0518149519,-57.17218543,3.0,0.8033364909,0.0,0.0400720032,0.0747057763999999,,0.0408869096,5.3365653389,10.129829216,23.497307692,0.1947780679,1.0,0.2707323668,0.0,0.5363976533,0.6261114114999999,-0.070894049,1.908933312,0.2413295251,-0.004160462,0.012015608,0.0931542683,0.0,-0.00138406,0.0134829095,-0.004694836,0.0229416872,,,7.0,0.0343087199,1.029714e-11,0.0387269929,0.0305672397,0.4512544624,7.9438083609,6.9278101e-09,59.0,15.6275
2014-06-30,143825190.23,1.2818412558,1.643117005,-0.668144255,18.498913262,0.0354344621,0.235380311,0.0276854727,-0.227351233,0.1297547947,0.3686512184,0.0134174685,2.1107922078,0.1459028582,-0.145902858,16.0,-0.287878788,0.0719259107,-0.897652943,0.0870976983999999,7.4397257163,0.0367004762,-0.066083373,-0.03795926,-0.002197802,0.5042674118,0.0359310428,0.3258133167,0.0,1.1207241343,0.2638810198,0.0,0.0,0.0,0.0560783808,-0.000342421,0.6654798639,2.8661899898,0.1777186036,0.1470955488,0.5729537367,0.1912730438,0.2139075839999999,0.3905028252,99992.469251,0.2982177734,0.0054825638,0.7786325934,-0.045494185,0.0144146776,0.1561910363,-0.042526775,0.062599354,0.0523631071999999,-0.191152418,0.0518149519,-59.5,3.0,0.8033364909,0.0,0.0400720032,0.0747057763999999,,0.0408869096,5.3365653389,10.129829216,23.497307692,0.1947780679,1.0,0.2707323668,0.0,0.5363976533,0.6261114114999999,-0.070894049,1.908933312,0.2413295251,-0.004160462,0.012015608,0.0931542683,0.0,-0.00138406,0.0134829095,-0.004694836,0.0229416872,,,7.0,0.0244795104,1.11331e-11,0.0363399796,0.0168137215,0.2608048729,2.3033883639,1.2161174e-08,59.0,16.239
2014-07-31,150048359.44,1.3043236842,1.7012602732,-0.62168425,18.286498654000003,0.0353764366,0.2516726592,0.039129775,-0.216254219,0.1255356134,0.3579636886,-0.025730705,2.1214833188,0.1430536073,-0.143053607,17.0,-0.233573952,0.0563633083,-0.877873054,0.1074193077,11.895766851,0.0299107414,-0.013862427,-0.006881954,0.0110132159,0.2586646237,0.0379569271,-0.23216949,0.0,1.0715839861,0.2436752214999999,0.0,0.0,0.0,0.1896972656,0.0014969029,0.6994624481999999,0.9017117615,0.1871991637999999,0.1544616827,0.3269230769,0.2029488558,0.1661507542,0.2483273817,107009.31558,0.3119123776,0.0060362997,-0.315286727,-0.043846783,-0.076571624,0.1349774146,-0.067531264,-0.010151152,0.0648204692,-0.140051092,-0.008260909,-18.98175182,5.0,0.7490861619,0.0,0.035865574,0.0881776178,,0.0290848729999999,5.9815216518,10.046147618,24.817333333,0.3840957344,1.0,0.218666623,0.0,0.4067423783,0.6101629025,1.9054125563,3.1610789866,0.3099429767,-0.000460759,-0.022405203,-0.086949714,1.0,0.0075327203,0.0102888916,0.0264113569,0.023595341,,,6.0,0.0229679975999999,9.13349e-12,0.0547298007,0.0176156303,0.4085181195,3.5355014738,1.2472754e-08,59.0,15.6495
2014-08-29,144612643.13,1.3290502587000002,1.76637459,-0.318198896,18.364450253,0.0341601246,0.1836709772,-0.0363015229999999,-0.094538472,0.07821525,0.3536760437,-0.12487734,1.8411465773,0.1430536073,-0.143053607,17.0,-0.233573952,0.0563633083,-0.876320258,0.1074193077,11.895766851,0.0299107414,-0.013862427,-0.006881954,0.0110132159,0.2586646237,0.0379569271,-0.23216949,0.0,1.0715839861,0.2436752214999999,0.0,0.0,0.0,0.1896972656,0.0014969029,0.6994624481999999,0.9017117615,0.1871991637999999,0.1544616827,0.3269230769,0.2029488558,0.1661507542,0.2483273817,107009.31558,0.3119123776,0.0060362997,-0.315286727,-0.043846783,-0.076571624,0.1349774146,-0.067531264,-0.010151152,0.0648204692,-0.140051092,-0.008260909,-18.98175182,5.0,0.7490861619,0.0,0.035865574,0.0881776178,,0.0290848729999999,5.9815216518,10.046147618,24.817333333,0.3840957344,1.0,0.218666623,0.0,0.4067423783,0.6101629025,1.9054125563,3.1610789866,0.3099429767,-0.000460759,-0.022405203,-0.086949714,1.0,0.0075327203,0.0102888916,0.0264113569,0.023595341,,,6.0,0.0210692385,1.047277e-11,0.0557452962,0.0282591749,0.5071506535,7.355929458899999,9.234216999999998e-09,59.0,16.952
2014-09-30,156648689.39,1.2478401636,1.5571050738,-0.35238786,18.433618434,0.0346135193,0.2363020433,0.0832295567,-0.135625562,0.1139226215,0.3054872198,-0.064819964,1.7167091433,0.1430536073,-0.143053607,17.0,-0.233573952,0.0563633083,-0.90190699,0.1074193077,11.895766851,0.0299107414,-0.013862427,-0.006881954,0.0110132159,0.2586646237,0.0379569271,-0.23216949,0.0,1.0715839861,0.2436752214999999,0.0,0.0,0.0,0.1896972656,0.0014969029,0.6994624481999999,0.9017117615,0.1871991637999999,0.1544616827,0.3269230769,0.2029488558,0.1661507542,0.2483273817,107009.31558,0.3119123776,0.0060362997,-0.315286727,-0.043846783,-0.076571624,0.1349774146,-0.067531264,-0.010151152,0.0648204692,-0.140051092,-0.008260909,-18.98175182,5.0,0.7490861619,0.0,0.035865574,0.0881776178,,0.0290848729999999,5.9815216518,10.046147618,24.817333333,0.3840957344,1.0,0.218666623,0.0,0.4067423783,0.6101629025,1.9054125563,3.1610789866,0.3099429767,-0.000460759,-0.022405203,-0.086949714,1.0,0.0075327203,0.0102888916,0.0264113569,0.023595341,,,6.0,0.0165870043,8.916572999999999e-12,0.0233818274,0.0115660534,0.3615558472999999,2.9107931044,1.5505535e-08,59.0,16.122
2014-10-31,149289721.13,1.260657646,1.5892577005,-0.11728437,18.328580366,0.034494284,0.1534946448,-0.048961792,0.0079527242,0.0844421465,0.4458679111,-0.1100579719999999,1.6536214793,0.1430536073,-0.143053607,17.0,-0.233573952,0.0563633083,-0.8738124620000001,0.1074193077,11.895766851,0.0299107414,-0.013862427,-0.006881954,0.0110132159,0.2586646237,0.0379569271,-0.23216949,0.0,1.0715839861,0.2436752214999999,0.0,0.0,0.0,0.1896972656,0.0014969029,0.6994624481999999,0.9017117615,0.1871991637999999,0.1544616827,0.3269230769,0.2029488558,0.1661507542,0.2483273817,107009.31558,0.3119123776,0.0060362997,-0.315286727,-0.043846783,-0.076571624,0.1349774146,-0.067531264,-0.010151152,0.0648204692,-0.140051092,-0.008260909,-18.98175182,5.0,0.7490861619,0.0,0.035865574,0.0881776178,,0.0290848729999999,5.9815216518,10.046147618,24.817333333,0.3840957344,1.0,0.218666623,0.0,0.4067423783,0.6101629025,1.9054125563,0.9198614764,0.2383126169,0.0032068224,0.0071741616,-0.0744948,0.0,0.00268931,0.0096757518,0.0110814692999999,0.0237255207,,,6.0,0.0207339419,9.963572e-12,0.0205015112,0.0145109067,0.3084476721999999,2.442602553,1.413324e-08,59.0,15.273
2014-11-28,141429808.8,1.4050139635,1.9740642377,0.1689199462,18.382837925,0.0324610751,0.0464336632,-0.052660994,0.0602045058,-0.114248821,0.7049787211,-0.1281859159999999,1.7380465912,0.1430536073,-0.143053607,17.0,-0.233573952,0.0563633083,-0.8723777490000001,0.1074193077,11.895766851,0.0299107414,-0.013862427,-0.006881954,0.0110132159,0.2586646237,0.0379569271,-0.23216949,0.0,1.0715839861,0.2436752214999999,0.0,0.0,0.0,0.1896972656,0.0014969029,0.6994624481999999,0.9017117615,0.1871991637999999,0.1544616827,0.3269230769,0.2029488558,0.1661507542,0.2483273817,107009.31558,0.3119123776,0.0060362997,-0.315286727,-0.043846783,-0.076571624,0.1349774146,-0.067531264,-0.010151152,0.0648204692,-0.140051092,-0.008260909,-18.98175182,5.0,0.7490861619,0.0,0.035865574,0.0881776178,,0.0290848729999999,5.9815216518,10.046147618,24.817333333,0.3840957344,1.0,0.218666623,0.0,0.4067423783,0.6101629025,1.9054125563,0.9198614764,0.2383126169,0.0032068224,0.0071741616,-0.0744948,0.0,0.00268931,0.0096757518,0.0110814692999999,0.0237255207,,,6.0,0.0232633304,1.054175e-11,0.0297834668,0.0226309935,0.4312238562,7.6992425585,7.9182683e-09,59.0,16.932
2014-12-31,156792358.62,1.2991173313,1.6877058405,0.2894348164,18.770000437,0.0329337765,0.0739544234999999,0.1086231396,-0.022684363,-0.223972376,1.0470123645,-0.058047857,1.7825219359,0.1430536073,-0.143053607,17.0,-0.233573952,0.0563633083,-0.8723777490000001,0.1074193077,11.895766851,0.0299107414,-0.013862427,-0.006881954,0.0110132159,0.2586646237,0.0379569271,-0.23216949,0.0,1.0715839861,0.2436752214999999,0.0,0.0,0.0,0.1896972656,0.0014969029,0.6994624481999999,0.9017117615,0.1871991637999999,0.1544616827,0.3269230769,0.2029488558,0.1661507542,0.2483273817,107009.31558,0.3119123776,0.0060362997,-0.315286727,-0.043846783,-0.076571624,0.1349774146,-0.067531264,-0.010151152,0.0648204692,-0.140051092,-0.008260909,-18.98175182,5.0,0.7490861619,0.0,0.035865574,0.0881776178,,0.0290848729999999,5.9815216518,10.046147618,24.817333333,0.3840957344,1.0,0.218666623,0.0,0.4067423783,0.6101629025,1.9054125563,0.9198614764,0.2383126169,0.0032068224,0.0071741616,-0.0744948,0.0,0.00268931,0.0096757518,0.0110814692999999,0.0237255207,,,6.0,0.0202264152,9.167171e-12,0.035831634,0.0133647364999999,0.3320530339999999,3.2091826275,1.5452526e-08,59.0,15.5175
2015-01-30,144121577.23,1.3151312469,1.7295701966,0.1411563643,18.308103867,0.0337162356,0.1039466828999999,-0.083540067,0.0426750882,-0.150831252,1.3038127775,-0.068467091,1.9173801567,0.1430536073,-0.143053607,17.0,-0.233573952,0.0563633083,-0.873174604,0.1074193077,11.895766851,0.0299107414,-0.013862427,-0.006881954,0.0110132159,0.2586646237,0.0379569271,-0.23216949,0.0,1.0715839861,0.2436752214999999,0.0,0.0,0.0,0.1896972656,0.0014969029,0.6994624481999999,0.9017117615,0.1871991637999999,0.1544616827,0.3269230769,0.2029488558,0.1661507542,0.2483273817,107009.31558,0.3119123776,0.0060362997,-0.315286727,-0.043846783,-0.076571624,0.1349774146,-0.067531264,-0.010151152,0.0648204692,-0.140051092,-0.008260909,-18.98175182,5.0,0.7490861619,0.0,0.035865574,0.0881776178,,0.0290848729999999,5.9815216518,10.046147618,24.817333333,0.3840957344,1.0,0.218666623,0.0,0.4067423783,0.6101629025,1.9054125563,1.7981502763,0.210723521,0.0027681194,0.0360305925999999,-0.102653817,0.0,-0.003464965,0.0095715234,-0.012199845,0.0242321875,,,6.0,0.0246509329999999,1.064047e-11,0.0221407637,0.0169682042999999,0.4148322122999999,3.8911926379,1.0596206e-08,59.0,17.7265
2015-02-27,164638058.95,1.2518303753,1.5670792886000002,0.2601280294,18.545934569,0.033920412,0.1255059339,0.1423553824,-0.008434729,-0.134768181,0.8447335684,0.0604630256,1.8550902141,0.1430536073,-0.143053607,17.0,-0.233573952,0.0563633083,-0.872943465,0.1074193077,11.895766851,0.0299107414,-0.013862427,-0.006881954,0.0110132159,0.2586646237,0.0379569271,-0.23216949,0.0,1.0715839861,0.2436752214999999,0.0,0.0,0.0,0.1896972656,0.0014969029,0.6994624481999999,0.9017117615,0.1871991637999999,0.1544616827,0.3269230769,0.2029488558,0.1661507542,0.2483273817,107009.31558,0.3119123776,0.0060362997,-0.315286727,-0.043846783,-0.076571624,0.1349774146,-0.067531264,-0.010151152,0.0648204692,-0.140051092,-0.008260909,-18.98175182,5.0,0.7490861619,0.0,0.035865574,0.0881776178,,0.0290848729999999,5.9815216518,10.046147618,24.817333333,0.3840957344,1.0,0.218666623,0.0,0.4067423783,0.6101629025,1.9054125563,1.7981502763,0.210723521,0.0027681194,0.0360305925999999,-0.102653817,0.0,-0.003464965,0.0095715234,-0.012199845,0.0242321875,,,6.0,0.0306836777999999,1.254152e-11,0.1371159106,0.035403426,0.5854908711,10.400516323,9.8520667e-09,59.0,19.008
2015-03-31,176923804.58,1.2915401894,1.6680760608,0.1849676669,18.52101263,0.0361774428,0.0430569492,0.072292909,0.0456877933,-0.020905852,1.0151371709,-0.062498366,1.865962804,0.1430536073,-0.143053607,17.0,-0.233573952,0.0563633083,-0.868601113,0.1074193077,11.895766851,0.0299107414,-0.013862427,-0.006881954,0.0110132159,0.2586646237,0.0379569271,-0.23216949,0.0,1.0715839861,0.2436752214999999,0.0,0.0,0.0,0.1896972656,0.0014969029,0.6994624481999999,0.9017117615,0.1871991637999999,0.1544616827,0.3269230769,0.2029488558,0.1661507542,0.2483273817,107009.31558,0.3119123776,0.0060362997,-0.315286727,-0.043846783,-0.076571624,0.1349774146,-0.067531264,-0.010151152,0.0648204692,-0.140051092,-0.008260909,-18.98175182,5.0,0.7490861619,0.0,0.035865574,0.0881776178,,0.0290848729999999,5.9815216518,10.046147618,24.817333333,0.3840957344,1.0,0.218666623,0.0,0.4067423783,0.6101629025,1.9054125563,1.7981502763,0.210723521,0.0027681194,0.0360305925999999,-0.102653817,0.0,-0.003464965,0.0095715234,-0.012199845,0.0242321875,,,6.0,0.0200240868999999,7.607457e-12,0.0280371271,0.0124282919,0.4151548588,4.4404035717,1.509941e-08,59.0,18.605
2015-04-30,173398602.84,1.3154883064,1.7305094843000002,0.1954116085,18.474081495,0.0332465185,0.0900305549,-0.021201592,0.1790100508,0.130200865,0.6609796911,-0.064925219,1.6425407092,0.1430536073,-0.143053607,17.0,-0.233573952,0.0563633083,-0.854354266,0.1074193077,11.895766851,0.0299107414,-0.013862427,-0.006881954,0.0110132159,0.2586646237,0.0379569271,-0.23216949,0.0,1.0715839861,0.2436752214999999,0.0,0.0,0.0,0.1896972656,0.0014969029,0.6994624481999999,0.9017117615,0.1871991637999999,0.1544616827,0.3269230769,0.2029488558,0.1661507542,0.2483273817,107990.16445,0.3119123776,0.0060362997,-0.315286727,-0.043846783,-0.076571624,0.1349774146,-0.067531264,-0.010151152,0.0648204692,-0.140051092,-0.008260909,-18.98175182,5.0,0.7490861619,0.0,0.035865574,0.0881776178,,0.0290848729999999,5.9815216518,10.046147618,24.817333333,0.3840957344,1.0,0.218666623,0.0,0.4067423783,0.6101629025,1.9054125563,2.3063229467,0.1702911996999999,-0.006057563,0.012246555,-0.090215713,0.0,-0.0115309519999999,0.0097696402,-0.0412186379999999,0.0233572679999999,,,6.0,0.0166190232,1.025126e-11,0.0214810036,0.0117009289999999,0.1815389112,1.040671173,1.6673931e-08,59.0,21.089
2015-05-29,196414931.61,1.2252209252,1.5011663155,0.3764296864999999,18.548760957,0.0331670701,0.1232704244,0.133512482,0.2181628264,0.2234899528999999,0.3114705087,-0.12084181,1.5087108987,0.1430536073,-0.143053607,17.0,-0.233573952,0.0563633083,-0.854354266,0.1074193077,11.895766851,0.0299107414,-0.013862427,-0.006881954,0.0110132159,0.2586646237,0.0379569271,-0.23216949,0.0,1.0715839861,0.2436752214999999,0.0,0.0,0.0,0.1896972656,0.0014969029,0.6994624481999999,0.9017117615,0.1871991637999999,0.1544616827,0.3269230769,0.2029488558,0.1661507542,0.2483273817,111100.91863,0.3119123776,0.0060362997,-0.315286727,-0.043846783,-0.076571624,0.1349774146,-0.067531264,-0.010151152,0.0648204692,-0.140051092,-0.008260909,-18.98175182,5.0,0.7490861619,0.0,0.035865574,0.0881776178,,0.0290848729999999,5.9815216518,10.046147618,24.817333333,0.3840957344,1.0,0.218666623,0.0,0.4067423783,0.6101629025,1.9054125563,2.3063229467,0.1702911996999999,-0.006057563,0.012246555,-0.090215713,0.0,-0.0115309519999999,0.0097696402,-0.0412186379999999,0.0233572679999999,,,6.0,0.0193800428,8.310881e-12,0.1413113624,0.0338824835,0.5829649639,7.2269201272,1.1495158e-08,59.0,21.4615
2015-06-30,199884260.75,1.3211807754,1.7455186412,0.1840364794,18.494550926,0.0358604745,0.107415162,0.0176632665,0.2455114093,0.3494801377,0.4679910789,-0.104047173,1.3668981481,0.1430536073,-0.143053607,17.0,-0.233573952,0.0563633083,-0.854354266,0.1074193077,11.895766851,0.0299107414,-0.013862427,-0.006881954,0.0110132159,0.2586646237,0.0379569271,-0.23216949,0.0,1.0715839861,0.2436752214999999,0.0,0.0,0.0,0.1896972656,0.0014969029,0.6994624481999999,0.9017117615,0.1871991637999999,0.1544616827,0.3269230769,0.2029488558,0.1661507542,0.2483273817,111100.91863,0.3119123776,0.0060362997,-0.315286727,-0.043846783,-0.076571624,0.1349774146,-0.067531264,-0.010151152,0.0648204692,-0.140051092,-0.008260909,-18.98175182,5.0,0.7490861619,0.0,0.035865574,0.0881776178,,0.0290848729999999,5.9815216518,10.046147618,24.817333333,0.3840957344,1.0,0.218666623,0.0,0.4067423783,0.6101629025,1.9054125563,2.3063229467,0.1702911996999999,-0.006057563,0.012246555,-0.090215713,0.0,-0.0115309519999999,0.0097696402,-0.0412186379999999,0.0233572679999999,,,6.0,0.0158305977,7.760044e-12,0.0185635854,0.0103234418999999,0.2404292439,1.4813001059,1.9593375e-08,59.0,21.7045
2015-07-31,203154118.29,1.3324720432,1.7754817459,0.4431411674,18.392733491,0.0355623296,0.08817864,0.0113225663,0.3830514174,0.3216023619,0.4222902909,-0.013937223,1.3642741585,0.1496450604,-0.14964506,18.0,-0.357230011,0.081611652,-0.958796597,0.0954473758999999,5.8737224391,0.0474109183,-0.031129647,-0.142823644,0.0130718954,0.2154375444,0.0187610919,1.8993584372,0.0,1.1152764427,0.2228443449,0.0,0.0,0.0,0.1020931664,-0.001669984,0.7429467865,0.2927344782,0.2294219555,0.1250136316,0.3137254902,0.2193530715,0.3032580280999999,0.4389899056,105364.51415,0.3146573712,0.0063235020999999,-0.230625501,0.0407737118,-0.085486232,0.1150231677999999,0.0944304516,0.0754179997,0.0952398860999999,-0.140274229,0.0673482101,-29.39004149,4.0,0.8198227064,0.0,0.0642701354999999,0.1042275363,,0.0033433093,5.1095544327,10.722737679,26.966060606,0.5047641925,1.0,0.1952398860999999,0.0,0.6166329725,0.6126483442,-0.181811447,2.237166678,0.3195303183,0.0006474265,-0.036654688,0.1537533766,1.0,0.0052945397,0.0069863723,0.0207043344,0.0259297948,,,7.0,0.0163455279,8.497965e-12,0.0270681306999999,0.0119186847,0.2301683923999999,1.3309135713,1.6834957999999998e-08,59.0,26.8075
2015-08-31,250762727.92,1.3401963015,1.7961261265,0.3795640381,18.505908103,0.0354244395,0.1231284776,0.2351126075,0.2244097855,0.3869133601,0.3415773,-0.033950221,1.4906786969,0.1496450604,-0.14964506,18.0,-0.357230011,0.081611652,-0.913759684,0.0954473758999999,5.8737224391,0.0474109183,-0.031129647,-0.142823644,0.0130718954,0.2154375444,0.0187610919,1.8993584372,0.0,1.1152764427,0.2228443449,0.0,0.0,0.0,0.1020931664,-0.001669984,0.7429467865,0.2927344782,0.2294219555,0.1250136316,0.3137254902,0.2193530715,0.3032580280999999,0.4389899056,105364.51415,0.3146573712,0.0063235020999999,-0.230625501,0.0407737118,-0.085486232,0.1150231677999999,0.0944304516,0.0754179997,0.0952398860999999,-0.140274229,0.0673482101,-29.39004149,4.0,0.8198227064,0.0,0.0642701354999999,0.1042275363,,0.0033433093,5.1095544327,10.722737679,26.966060606,0.5047641925,1.0,0.1952398860999999,0.0,0.6166329725,0.6126483442,-0.181811447,2.237166678,0.3195303183,0.0006474265,-0.036654688,0.1537533766,1.0,0.0052945397,0.0069863723,0.0207043344,0.0259297948,,,7.0,0.0222116877,6.7236580000000005e-12,0.0979716927,0.0233921093,0.6492274689,9.1420299769,9.1067333e-09,59.0,25.6445
2015-09-30,239883788.75,1.1882272199,1.4118839262,0.2278589045,18.484443082,0.0375002071,0.0691067476,-0.043383397,0.4103272997,0.5813768799,0.3656100211999999,-0.091509819,1.7063965885,0.1496450604,-0.14964506,18.0,-0.357230011,0.081611652,-0.877869583,0.0954473758999999,5.8737224391,0.0474109183,-0.031129647,-0.142823644,0.0130718954,0.2154375444,0.0187610919,1.8993584372,0.0,1.1152764427,0.2228443449,0.0,0.0,0.0,0.1020931664,-0.001669984,0.7429467865,0.2927344782,0.2294219555,0.1250136316,0.3137254902,0.2193530715,0.3032580280999999,0.4389899056,108966.82298,0.3146573712,0.0063235020999999,-0.230625501,0.0407737118,-0.085486232,0.1150231677999999,0.0944304516,0.0754179997,0.0952398860999999,-0.140274229,0.0673482101,-29.39004149,4.0,0.8198227064,0.0,0.0642701354999999,0.1042275363,,0.0033433093,5.1095544327,10.722737679,26.966060606,0.5047641925,1.0,0.1952398860999999,0.0,0.6166329725,0.6126483442,-0.181811447,2.237166678,0.3195303183,0.0006474265,-0.036654688,0.1537533766,1.0,0.0052945397,0.0069863723,0.0207043344,0.0259297948,,,7.0,0.0260908556,6.3123510000000004e-12,0.0737611651,0.0265791418,0.3996247115999999,4.2990401434,1.1751129e-08,59.0,25.5945
2015-10-30,240076416.87,1.242747722,1.5444219004,0.2216654546,18.610196967,0.0375503984,0.053428518,-0.001949736,0.3783660652,0.5906525797,0.2678514883,-0.120384614,1.8620984636,0.1496450604,-0.14964506,18.0,-0.357230011,0.081611652,-0.88617311,0.0954473758999999,5.8737224391,0.0474109183,-0.031129647,-0.142823644,0.0130718954,0.2154375444,0.0187610919,1.8993584372,0.0,1.1152764427,0.2228443449,0.0,0.0,0.0,0.1020931664,-0.001669984,0.7429467865,0.2927344782,0.2294219555,0.1250136316,0.3137254902,0.2193530715,0.3032580280999999,0.4389899056,109422.36152,0.3146573712,0.0063235020999999,-0.230625501,0.0407737118,-0.085486232,0.1150231677999999,0.0944304516,0.0754179997,0.0952398860999999,-0.140274229,0.0673482101,-29.39004149,4.0,0.8198227064,0.0,0.0642701354999999,0.1042275363,,0.0033433093,5.1095544327,10.722737679,26.966060606,0.5047641925,1.0,0.1952398860999999,0.0,0.6166329725,0.6126483442,-0.181811447,2.7970136807,0.2752071892,-5.499899999999999e-05,-0.038057015,0.1382709978,0.0,-0.001045776,0.0066259959,-0.005306768,0.0171627683,,,7.0,0.0260356189,8.553842e-12,0.0371542647,0.0202760548,0.2581412738,2.0721770041,1.2689914e-08,59.0,31.295
2015-11-30,293398147.24,1.2309416104000002,1.5152172482,0.1031462848,18.511278158,0.0374371411,-0.067959735,0.222723648,0.2136422292,0.6758005505,0.311588849,-0.087587279,1.8272364227,0.1496450604,-0.14964506,18.0,-0.357230011,0.081611652,-0.89195907,0.0954473758999999,5.8737224391,0.0474109183,-0.031129647,-0.142823644,0.0130718954,0.2154375444,0.0187610919,1.8993584372,0.0,1.1152764427,0.2228443449,0.0,0.0,0.0,0.1020931664,-0.001669984,0.7429467865,0.2927344782,0.2294219555,0.1250136316,0.3137254902,0.2193530715,0.3032580280999999,0.4389899056,109422.36152,0.3146573712,0.0063235020999999,-0.230625501,0.0407737118,-0.085486232,0.1150231677999999,0.0944304516,0.0754179997,0.0952398860999999,-0.140274229,0.0673482101,-29.39004149,4.0,0.8198227064,0.0,0.0642701354999999,0.1042275363,,0.0033433093,5.1095544327,10.722737679,26.966060606,0.5047641925,1.0,0.1952398860999999,0.0,0.6166329725,0.6126483442,-0.181811447,2.7970136807,0.2752071892,-5.499899999999999e-05,-0.038057015,0.1382709978,0.0,-0.001045776,0.0066259959,-0.005306768,0.0171627683,,,7.0,0.0242826208,6.070005e-12,0.0622795448,0.0181293966999999,0.3098480905999999,3.6571675276,9.5876385e-09,59.0,33.24
2015-12-31,311632971.88,1.1237617287,1.262840423,0.2813087137,18.590850482,0.0377574276,-0.0840032169999999,0.0621504411,0.4581926091,0.8482754772,0.3435429802,0.0332201606,1.8495980184,0.1496450604,-0.14964506,18.0,-0.357230011,0.081611652,-0.89195907,0.0954473758999999,5.8737224391,0.0474109183,-0.031129647,-0.142823644,0.0130718954,0.2154375444,0.0187610919,1.8993584372,0.0,1.1152764427,0.2228443449,0.0,0.0,0.0,0.1020931664,-0.001669984,0.7429467865,0.2927344782,0.2294219555,0.1250136316,0.3137254902,0.2193530715,0.3032580280999999,0.4389899056,109422.36152,0.3146573712,0.0063235020999999,-0.230625501,0.0407737118,-0.085486232,0.1150231677999999,0.0944304516,0.0754179997,0.0952398860999999,-0.140274229,0.0673482101,-29.39004149,4.0,0.8198227064,0.0,0.0642701354999999,0.1042275363,,0.0033433093,5.1095544327,10.722737679,26.966060606,0.5047641925,1.0,0.1952398860999999,0.0,0.6166329725,0.6126483442,-0.181811447,2.7970136807,0.2752071892,-5.499899999999999e-05,-0.038057015,0.1382709978,0.0,-0.001045776,0.0066259959,-0.005306768,0.0171627683,,,7.0,0.0215837184,4.190012e-12,0.0314627550999999,0.0157315405,0.3018889809,2.6671230442,1.1745117e-08,59.0,33.7945
2016-01-29,318344196.9,1.1001190005,1.2102618153,0.1583162939,18.343609467,0.0376876102,-0.109214519,0.0166817494,0.5314796431000001,1.1420975898,0.2370949453999999,0.017887391,1.9453156968,0.1496450604,-0.14964506,18.0,-0.357230011,0.081611652,-0.582144117,0.0954473758999999,5.8737224391,0.0474109183,-0.031129647,-0.142823644,0.0130718954,0.2154375444,0.0187610919,1.8993584372,0.0,1.1152764427,0.2228443449,0.0,0.0,0.0,0.1020931664,-0.001669984,0.7429467865,0.2927344782,0.2294219555,0.1250136316,0.3137254902,0.2193530715,0.3032580280999999,0.4389899056,105364.51415,0.3146573712,0.0063235020999999,-0.230625501,0.0407737118,-0.085486232,0.1150231677999999,0.0944304516,0.0754179997,0.0952398860999999,-0.140274229,0.0673482101,-29.39004149,4.0,0.8198227064,0.0,0.0642701354999999,0.1042275363,,0.0033433093,5.1095544327,10.722737679,26.966060606,0.5047641925,1.0,0.1952398860999999,0.0,0.6166329725,0.6126483442,-0.181811447,3.5266589593,0.2669908467,0.0045384981,0.023392041,0.0860523491,1.0,0.0018372441,0.0060807720999999,0.0084613261999999,0.0189215951,,,7.0,0.0209465438,4.175883999999999e-12,0.027799109,0.0162257028,0.3671882965,2.5704409482,1.0333520000000001e-08,59.0,29.35
2016-02-29,276384254.0,1.061100261,1.1259337639,-0.41744115,18.511046876,0.0373063900999999,-0.096027944,-0.131515503,0.2606359884,0.9064395882,0.3353295539,0.1324739225,2.1784324593,0.1496450604,-0.14964506,18.0,-0.357230011,0.081611652,-0.591211807,0.0954473758999999,5.8737224391,0.0474109183,-0.031129647,-0.142823644,0.0130718954,0.2154375444,0.0187610919,1.8993584372,0.0,1.1152764427,0.2228443449,0.0,0.0,0.0,0.1020931664,-0.001669984,0.7429467865,0.2927344782,0.2294219555,0.1250136316,0.3137254902,0.2193530715,0.3032580280999999,0.4389899056,105364.51415,0.3146573712,0.0063235020999999,-0.230625501,0.0407737118,-0.085486232,0.1150231677999999,0.0944304516,0.0754179997,0.0952398860999999,-0.140274229,0.0673482101,-29.39004149,4.0,0.8198227064,0.0,0.0642701354999999,0.1042275363,,0.0033433093,5.1095544327,10.722737679,26.966060606,0.5047641925,1.0,0.1952398860999999,0.0,0.6166329725,0.6126483442,-0.181811447,3.5266589593,0.2669908467,0.0045384981,0.023392041,0.0860523491,1.0,0.0018372441,0.0060807720999999,0.0084613261999999,0.0189215951,,,7.0,0.0387113563,5.448695e-12,0.0891403108999999,0.0378298435,0.3764728304999999,6.4169327197,8.3277436e-09,59.0,27.626
2016-03-31,260181124.68,1.145323603,1.3117661555,-0.271874472,18.612660837,0.0373886016,-0.211263163,-0.058739319,0.1444948887,0.5440867071,0.4385288421,0.0546670159,2.4345600282,0.1496450604,-0.14964506,18.0,-0.357230011,0.081611652,-0.5937157479999999,0.0954473758999999,5.8737224391,0.0474109183,-0.031129647,-0.142823644,0.0130718954,0.2154375444,0.0187610919,1.8993584372,0.0,1.1152764427,0.2228443449,0.0,0.0,0.0,0.1020931664,-0.001669984,0.7429467865,0.2927344782,0.2294219555,0.1250136316,0.3137254902,0.2193530715,0.3032580280999999,0.4389899056,105364.51415,0.3146573712,0.0063235020999999,-0.230625501,0.0407737118,-0.085486232,0.1150231677999999,0.0944304516,0.0754179997,0.0952398860999999,-0.140274229,0.0673482101,-29.39004149,4.0,0.8198227064,0.0,0.0642701354999999,0.1042275363,,0.0033433093,5.1095544327,10.722737679,26.966060606,0.5047641925,1.0,0.1952398860999999,0.0,0.6166329725,0.6126483442,-0.181811447,3.5266589593,0.2669908467,0.0045384981,0.023392041,0.0860523491,1.0,0.0018372441,0.0060807720999999,0.0084613261999999,0.0189215951,,,7.0,0.0357375393,6.097281e-12,0.0459898561,0.026933167,0.2506310495,3.9038442103,8.2869581e-09,59.0,29.682
2016-04-29,280198086.91,1.2077247297,1.4585990226,-0.215976339,18.554821586,0.0383887216,-0.225648843,0.0744226351,0.0793725291,0.4848697064,0.3963001153,0.0068730251,2.4622750946000003,0.1496450604,-0.14964506,18.0,-0.357230011,0.081611652,-0.581851763,0.0954473758999999,5.8737224391,0.0474109183,-0.031129647,-0.142823644,0.0130718954,0.2154375444,0.0187610919,1.8993584372,0.0,1.1152764427,0.2228443449,0.0,0.0,0.0,0.1020931664,-0.001669984,0.7429467865,0.2927344782,0.2294219555,0.1250136316,0.3137254902,0.2193530715,0.3032580280999999,0.4389899056,104950.77298,0.3146573712,0.0063235020999999,-0.230625501,0.0407737118,-0.085486232,0.1150231677999999,0.0944304516,0.0754179997,0.0952398860999999,-0.140274229,0.0673482101,-29.39004149,4.0,0.8198227064,0.0,0.0642701354999999,0.1042275363,,0.0033433093,5.1095544327,10.722737679,26.966060606,0.5047641925,1.0,0.1952398860999999,0.0,0.6166329725,0.6126483442,-0.181811447,0.9113325859,0.2565890094,0.0090551473,-0.0050946509999999,0.0678151511,0.0,0.0015064835999999,0.0060402442,0.0067131203,0.0199103277,,,7.0,0.0243783575,4.70333e-12,0.0479981862,0.0163279407,0.2290136273,2.2631371065,9.960091e-09,59.0,32.9795
2016-05-31,311213043.19,1.1145371079000002,1.2421929648,-0.430122566,18.491889109,0.0391847217,-0.185680072,0.1110942811,-0.051541794,0.4074636565999999,0.6617942693,0.000411199,2.0969152601,0.1496450604,-0.14964506,18.0,-0.357230011,0.081611652,-0.581851763,0.0954473758999999,5.8737224391,0.0474109183,-0.031129647,-0.142823644,0.0130718954,0.2154375444,0.0187610919,1.8993584372,0.0,1.1152764427,0.2228443449,0.0,0.0,0.0,0.1020931664,-0.001669984,0.7429467865,0.2927344782,0.2294219555,0.1250136316,0.3137254902,0.2193530715,0.3032580280999999,0.4389899056,104950.77298,0.3146573712,0.0063235020999999,-0.230625501,0.0407737118,-0.085486232,0.1150231677999999,0.0944304516,0.0754179997,0.0952398860999999,-0.140274229,0.0673482101,-29.39004149,4.0,0.8198227064,0.0,0.0642701354999999,0.1042275363,,0.0033433093,5.1095544327,10.722737679,26.966060606,0.5047641925,1.0,0.1952398860999999,0.0,0.6166329725,0.6126483442,-0.181811447,0.9113325859,0.2565890094,0.0090551473,-0.0050946509999999,0.0678151511,0.0,0.0015064835999999,0.0060402442,0.0067131203,0.0199103277,,,7.0,0.0203599257,6.344887e-12,0.0956644936999999,0.0244715091999999,0.4075414355,4.1808761593,1.252501e-08,59.0,36.1395
2016-06-30,341032549.75,1.1068062528,1.2250200811,-0.461590695,18.373516756,0.0392358279,-0.15308814,0.0958170219999999,-0.0078368869999999,0.536681996,0.5944650565,0.0427521378,1.8505555556,0.1496450604,-0.14964506,18.0,-0.357230011,0.081611652,-0.581851763,0.0954473758999999,5.8737224391,0.0474109183,-0.031129647,-0.142823644,0.0130718954,0.2154375444,0.0187610919,1.8993584372,0.0,1.1152764427,0.2228443449,0.0,0.0,0.0,0.1020931664,-0.001669984,0.7429467865,0.2927344782,0.2294219555,0.1250136316,0.3137254902,0.2193530715,0.3032580280999999,0.4389899056,104950.77298,0.3146573712,0.0063235020999999,-0.230625501,0.0407737118,-0.085486232,0.1150231677999999,0.0944304516,0.0754179997,0.0952398860999999,-0.140274229,0.0673482101,-29.39004149,4.0,0.8198227064,0.0,0.0642701354999999,0.1042275363,,0.0033433093,5.1095544327,10.722737679,26.966060606,0.5047641925,1.0,0.1952398860999999,0.0,0.6166329725,0.6126483442,-0.181811447,0.9113325859,0.2565890094,0.0090551473,-0.0050946509999999,0.0678151511,0.0,0.0015064835999999,0.0060402442,0.0067131203,0.0199103277,,,7.0,0.0185113529,3.943385e-12,0.0367803462,0.0154524118,0.3264859026,2.9426272304000003,1.0846375e-08,59.0,35.781
2016-07-29,339203877.69,1.0723267218,1.1498845982,-0.49824568,18.379203127,0.0395542697,-0.158740085,-0.009919871,0.0693899329,0.6650694296999999,0.5632179545,0.0150887976,1.7137338615,0.1888135791,-0.1888135789999999,19.0,-0.2006971839999999,0.0454476637,-1.064251816,0.1194690265,13.48360208,0.0374437492,-0.0426152179999999,-0.037304494,0.0129032258,0.421483937,0.0324137759,-1.748330294,0.0,1.0759609428,0.2348200385,0.0,0.0,0.0,0.2460664743,0.0018721875,0.7385560958,0.3324622532,0.1687383805,0.1367250444,0.4977287475999999,0.1700210989999999,0.1635336897,0.1895621971999999,104950.77298,0.4731130771,0.0065647638,-0.6758235709999999,-0.035251798,0.0537401726,0.1467322708,-0.056139052,-0.031768351,-0.130856595,-0.068535798,-0.025739095,-19.0,7.0,0.7737986371,0.0,0.0393913267,0.1171896903,,0.0514286966,5.4021607431,10.446744118,24.319545455,0.6397800183,1.0,0.2024767384,0.0,0.3361330389,0.6148806766,-4.978395631000001,1.2657192069,0.3026709859,0.0045316943,-0.01792783,-0.016730793,1.0,0.0085719367,0.0059738041,0.0387771521,0.020160569,,,7.0,0.0142925858,3.41491e-12,0.0239962208999999,0.0120067308,0.3179054047,2.8623439004000004,1.2578493999999996e-08,59.0,37.9405
2016-08-31,359732090.78,1.0565058209,1.1162045496,0.197848836,18.487748621,0.0392057919,-0.1209135809999999,0.0603532642,0.2191141312,0.3347383439999999,0.7799283856,0.0698117769,1.6445533819999998,0.1888135791,-0.1888135789999999,19.0,-0.2006971839999999,0.0454476637,-1.044171591,0.1194690265,13.48360208,0.0374437492,-0.0426152179999999,-0.037304494,0.0129032258,0.421483937,0.0324137759,-1.748330294,0.0,1.0759609428,0.2348200385,0.0,0.0,0.0,0.2460664743,0.0018721875,0.7385560958,0.3324622532,0.1687383805,0.1367250444,0.4977287475999999,0.1700210989999999,0.1635336897,0.1895621971999999,108583.49552,0.4731130771,0.0065647638,-0.6758235709999999,-0.035251798,0.0537401726,0.1467322708,-0.056139052,-0.031768351,-0.130856595,-0.068535798,-0.025739095,-19.0,7.0,0.7737986371,0.0,0.0393913267,0.1171896903,,0.0514286966,5.4021607431,10.446744118,24.319545455,0.6397800183,1.0,0.2024767384,0.0,0.3361330389,0.6148806766,-4.978395631000001,1.2657192069,0.3026709859,0.0045316943,-0.01792783,-0.016730793,1.0,0.0085719367,0.0059738041,0.0387771521,0.020160569,,,7.0,0.0144548526,2.691388e-12,0.0216379147,0.0084638528,0.3696608143,3.223563487,1.5103289e-08,59.0,38.458
2016-09-30,364638745.11,1.0333659985,1.0678452869,0.3148262688,18.387434646,0.0391691896,0.038728438,0.0136397462,0.3733619975,0.4794789842,0.8253612397,0.0289872641999999,1.3563431578999998,0.1888135791,-0.1888135789999999,19.0,-0.2006971839999999,0.0454476637,-1.029578857,0.1194690265,13.48360208,0.0374437492,-0.0426152179999999,-0.037304494,0.0129032258,0.421483937,0.0324137759,-1.748330294,0.0,1.0759609428,0.2348200385,0.0,0.0,0.0,0.2460664743,0.0018721875,0.7385560958,0.3324622532,0.1687383805,0.1367250444,0.4977287475999999,0.1700210989999999,0.1635336897,0.1895621971999999,108583.49552,0.4731130771,0.0065647638,-0.6758235709999999,-0.035251798,0.0537401726,0.1467322708,-0.056139052,-0.031768351,-0.130856595,-0.068535798,-0.025739095,-19.0,7.0,0.7737986371,0.0,0.0393913267,0.1171896903,,0.0514286966,5.4021607431,10.446744118,24.319545455,0.6397800183,1.0,0.2024767384,0.0,0.3361330389,0.6148806766,-4.978395631000001,1.2657192069,0.3026709859,0.0045316943,-0.01792783,-0.016730793,1.0,0.0085719367,0.0059738041,0.0387771521,0.020160569,,,7.0,0.0087873079,2.746658e-12,0.0128816804,0.0061799338,0.2955403232999999,1.500281291,1.8030427e-08,59.0,41.8655
2016-10-31,397722248.84,1.0114843811,1.0231006532,0.250765303,18.335704988,0.038264458,0.1199859134,0.0886031836,0.2956673297,0.5025883525,0.637314474,0.0745422012,1.305059765,0.1888135791,-0.1888135789999999,19.0,-0.2006971839999999,0.0454476637,-1.039941535,0.1194690265,13.48360208,0.0374437492,-0.0426152179999999,-0.037304494,0.0129032258,0.421483937,0.0324137759,-1.748330294,0.0,1.0759609428,0.2348200385,0.0,0.0,0.0,0.2460664743,0.0018721875,0.7385560958,0.3324622532,0.1687383805,0.1367250444,0.4977287475999999,0.1700210989999999,0.1635336897,0.1895621971999999,110311.06106,0.4731130771,0.0065647638,-0.6758235709999999,-0.035251798,0.0537401726,0.1467322708,-0.056139052,-0.031768351,-0.130856595,-0.068535798,-0.025739095,-19.0,7.0,0.7737986371,0.0,0.0393913267,0.1171896903,,0.0514286966,5.4021607431,10.446744118,24.319545455,0.6397800183,1.0,0.2024767384,0.0,0.3361330389,0.6148806766,-4.978395631000001,0.9763470905,0.2594392095,0.0080678982,-0.001010757,0.0714171813,2.0,0.0078387629,0.006147073,0.0383293485,0.0228802424,,,7.0,0.0134718858,3.753437e-12,0.0212702509,0.012569965,0.3443501875,2.2588199621,1.4662964e-08,59.0,39.491
2016-11-30,375296403.42,0.9976153889,0.9952364641,0.1436143089,18.43161116,0.0381095906,0.1087830368999999,-0.056717332,0.2694400503,0.3377695499,0.7193638805,0.054518183,1.3640825226,0.1888135791,-0.1888135789999999,19.0,-0.2006971839999999,0.0454476637,-1.03424893,0.1194690265,13.48360208,0.0374437492,-0.0426152179999999,-0.037304494,0.0129032258,0.421483937,0.0324137759,-1.748330294,0.0,1.0759609428,0.2348200385,0.0,0.0,0.0,0.2460664743,0.0018721875,0.7385560958,0.3324622532,0.1687383805,0.1367250444,0.4977287475999999,0.1700210989999999,0.1635336897,0.1895621971999999,110311.06106,0.4731130771,0.0065647638,-0.6758235709999999,-0.035251798,0.0537401726,0.1467322708,-0.056139052,-0.031768351,-0.130856595,-0.068535798,-0.025739095,-19.0,7.0,0.7737986371,0.0,0.0393913267,0.1171896903,,0.0514286966,5.4021607431,10.446744118,24.319545455,0.6397800183,1.0,0.2024767384,0.0,0.3361330389,0.6148806766,-4.978395631000001,0.9763470905,0.2594392095,0.0080678982,-0.001010757,0.0714171813,2.0,0.0078387629,0.006147073,0.0383293485,0.0228802424,,,7.0,0.013047486,2.90617e-12,0.0233214535,0.0148904836,0.3962270716,4.3012881852,1.2842487e-08,59.0,37.5285
2016-12-30,356646098.67,0.9915318305,0.9831353709,-0.048794786,18.342791005,0.0381002432,0.1276558151,-0.049694866,0.092737905,0.1880565885,0.6889385754,0.0647820837,1.7786722572,0.1888135791,-0.1888135789999999,19.0,-0.2006971839999999,0.0454476637,-1.03424893,0.1194690265,13.48360208,0.0374437492,-0.0426152179999999,-0.037304494,0.0129032258,0.421483937,0.0324137759,-1.748330294,0.0,1.0759609428,0.2348200385,0.0,0.0,0.0,0.2460664743,0.0018721875,0.7385560958,0.3324622532,0.1687383805,0.1367250444,0.4977287475999999,0.1700210989999999,0.1635336897,0.1895621971999999,110311.06106,0.4731130771,0.0065647638,-0.6758235709999999,-0.035251798,0.0537401726,0.1467322708,-0.056139052,-0.031768351,-0.130856595,-0.068535798,-0.025739095,-19.0,7.0,0.7737986371,0.0,0.0393913267,0.1171896903,,0.0514286966,5.4021607431,10.446744118,24.319545455,0.6397800183,1.0,0.2024767384,0.0,0.3361330389,0.6148806766,-4.978395631000001,0.9763470905,0.2594392095,0.0080678982,-0.001010757,0.0714171813,2.0,0.0078387629,0.006147073,0.0383293485,0.0228802424,,,7.0,0.0230296847,3.495745e-12,0.0395735465,0.0196317739999999,0.3930687378999999,4.8726754523,8.9918739e-09,59.0,37.4935
2017-01-31,357687987.67,0.9214224726,0.8490193731,-0.010921127,18.566254568,0.0383110863,0.2304110366,-0.000932641,0.0488387863999999,0.1104913375,0.694851942,0.1246288157,1.8220693769,0.1888135791,-0.1888135789999999,19.0,-0.2006971839999999,0.0454476637,-1.009815057,0.1194690265,13.48360208,0.0374437492,-0.0426152179999999,-0.037304494,0.0129032258,0.421483937,0.0324137759,-1.748330294,0.0,1.0759609428,0.2348200385,0.0,0.0,0.0,0.2460664743,0.0018721875,0.7385560958,0.3324622532,0.1687383805,0.1367250444,0.4977287475999999,0.1700210989999999,0.1635336897,0.1895621971999999,110311.06106,0.4731130771,0.0065647638,-0.6758235709999999,-0.035251798,0.0537401726,0.1467322708,-0.056139052,-0.031768351,-0.130856595,-0.068535798,-0.025739095,-19.0,7.0,0.7737986371,0.0,0.0393913267,0.1171896903,,0.0514286966,5.4021607431,10.446744118,24.319545455,0.6397800183,1.0,0.2024767384,0.0,0.3361330389,0.6148806766,-4.978395631000001,0.5565355322,0.2541643617,0.0007818459,0.0186601731,0.0313440788,3.0,0.0140197617999999,0.0069833623,0.0580780699,0.0212851339,0.0956179118,0.1030956797,7.0,0.015717237,3.301595e-12,0.0256908424,0.0111137679,0.2851113494,2.0993546644,1.3440409e-08,59.0,41.174
2017-02-28,392940765.76,0.9357060232,0.8755457619,-0.2074661189999999,18.386350966,0.0376212708,0.3058945080999999,0.0981636643,-0.0117816089999999,0.2774616607,0.6365106392000001,0.1633032593999999,1.7760469555,0.1888135791,-0.1888135789999999,19.0,-0.2006971839999999,0.0454476637,-1.001419357,0.1194690265,13.48360208,0.0374437492,-0.0426152179999999,-0.037304494,0.0129032258,0.421483937,0.0324137759,-1.748330294,0.0,1.0759609428,0.2348200385,0.0,0.0,0.0,0.2460664743,0.0018721875,0.7385560958,0.3324622532,0.1687383805,0.1367250444,0.4977287475999999,0.1700210989999999,0.1635336897,0.1895621971999999,110594.7412,0.4731130771,0.0065647638,-0.6758235709999999,-0.035251798,0.0537401726,0.1467322708,-0.056139052,-0.031768351,-0.130856595,-0.068535798,-0.025739095,-19.0,7.0,0.7737986371,0.0,0.0393913267,0.1171896903,,0.0514286966,5.4021607431,10.446744118,24.319545455,0.6397800183,1.0,0.2024767384,0.0,0.3361330389,0.6148806766,-4.978395631000001,0.5565355322,0.2541643617,0.0007818459,0.0186601731,0.0313440788,3.0,0.0140197617999999,0.0069833623,0.0580780699,0.0212851339,0.0956179118,0.1030956797,7.0,0.0142894794,2.5115e-12,0.0307324808,0.0102732960999999,0.2618451158,2.1215539722,1.4756028e-08,59.0,42.252
2017-03-31,403603769.11,0.9731594251,0.9470392668,-0.293441219,18.446042341,0.0374252135,0.4345239491,0.0261815693,0.07062251,0.4904075007,0.5258768716,0.1364983228,1.5072649930000002,0.1888135791,-0.1888135789999999,19.0,-0.2006971839999999,0.0454476637,-1.017542517,0.1194690265,13.48360208,0.0374437492,-0.0426152179999999,-0.037304494,0.0129032258,0.421483937,0.0324137759,-1.748330294,0.0,1.0759609428,0.2348200385,0.0,0.0,0.0,0.2460664743,0.0018721875,0.7385560958,0.3324622532,0.1687383805,0.1367250444,0.4977287475999999,0.1700210989999999,0.1635336897,0.1895621971999999,110594.7412,0.4731130771,0.0065647638,-0.6758235709999999,-0.035251798,0.0537401726,0.1467322708,-0.056139052,-0.031768351,-0.130856595,-0.068535798,-0.025739095,-19.0,7.0,0.7737986371,0.0,0.0393913267,0.1171896903,,0.0514286966,5.4021607431,10.446744118,24.319545455,0.6397800183,1.0,0.2024767384,0.0,0.3361330389,0.6148806766,-4.978395631000001,0.5565355322,0.2541643617,0.0007818459,0.0186601731,0.0313440788,3.0,0.0140197617999999,0.0069833623,0.0580780699,0.0212851339,0.0956179118,0.1030956797,7.0,0.0113133544,2.120337e-12,0.0134545006,0.0107490465,0.3698679106,4.2643263953,1.5317143e-08,59.0,44.327
2017-04-28,423766109.5,0.958105238,0.9179656472,-0.35167217,18.375192665,0.0368546984,0.2624952639,0.0491101034,0.0092319257999999,0.4234889121,0.7648686389,0.098656778,1.4170831808000002,0.1888135791,-0.1888135789999999,19.0,-0.2006971839999999,0.0454476637,-1.021810193,0.1194690265,13.48360208,0.0374437492,-0.0426152179999999,-0.037304494,0.0129032258,0.421483937,0.0324137759,-1.748330294,0.0,1.0759609428,0.2348200385,0.0,0.0,0.0,0.2460664743,0.0018721875,0.7385560958,0.3324622532,0.1687383805,0.1367250444,0.4977287475999999,0.1700210989999999,0.1635336897,0.1895621971999999,110594.7412,0.4731130771,0.0065647638,-0.6758235709999999,-0.035251798,0.0537401726,0.1467322708,-0.056139052,-0.031768351,-0.130856595,-0.068535798,-0.025739095,-19.0,7.0,0.7737986371,0.0,0.0393913267,0.1171896903,,0.0514286966,5.4021607431,10.446744118,24.319545455,0.6397800183,1.0,0.2024767384,0.0,0.3361330389,0.6148806766,-4.978395631000001,1.3111401889,0.2587838696,0.001227103,0.0120745704,-0.071587907,0.0,0.0038723954,0.0058028166,0.0152376345,0.0184953193,0.0973700992,0.0952437706,7.0,0.0096443266,1.911574e-12,0.0214018783999999,0.0071497437,0.2630386627,1.5860655259,1.4961396e-08,59.0,46.2495
2017-05-31,442122090.58,0.9357388851,0.8756072611,-0.026300555,18.575650542,0.0366116494,0.1431664219,0.0433708726999999,0.1224582476,0.3440772985,1.1687765851,0.0773599272,1.4367815611,0.1888135791,-0.1888135789999999,19.0,-0.2006971839999999,0.0454476637,-1.021810193,0.1194690265,13.48360208,0.0374437492,-0.0426152179999999,-0.037304494,0.0129032258,0.421483937,0.0324137759,-1.748330294,0.0,1.0759609428,0.2348200385,0.0,0.0,0.0,0.2460664743,0.0018721875,0.7385560958,0.3324622532,0.1687383805,0.1367250444,0.4977287475999999,0.1700210989999999,0.1635336897,0.1895621971999999,110594.7412,0.4731130771,0.0065647638,-0.6758235709999999,-0.035251798,0.0537401726,0.1467322708,-0.056139052,-0.031768351,-0.130856595,-0.068535798,-0.025739095,-19.0,7.0,0.7737986371,0.0,0.0393913267,0.1171896903,,0.0514286966,5.4021607431,10.446744118,24.319545455,0.6397800183,1.0,0.2024767384,0.0,0.3361330389,0.6148806766,-4.978395631000001,1.3111401889,0.2587838696,0.001227103,0.0120745704,-0.071587907,0.0,0.0038723954,0.0058028166,0.0152376345,0.0184953193,0.0973700992,0.0952437706,7.0,0.0132993302,2.335559e-12,0.0195779298,0.009162721,0.3646548679,3.3870003052,1.496574e-08,59.0,49.731
2017-06-30,475403492.17,0.9171379749,0.841142065,0.2867184256,18.342347683,0.0365202862,0.1693901844,0.075276494,0.2323833676999999,0.2797493339,1.3125580364,0.1180826785999999,1.4619361111000002,0.1888135791,-0.1888135789999999,19.0,-0.2006971839999999,0.0454476637,-1.021810193,0.1194690265,13.48360208,0.0374437492,-0.0426152179999999,-0.037304494,0.0129032258,0.421483937,0.0324137759,-1.748330294,0.0,1.0759609428,0.2348200385,0.0,0.0,0.0,0.2460664743,0.0018721875,0.7385560958,0.3324622532,0.1687383805,0.1367250444,0.4977287475999999,0.1700210989999999,0.1635336897,0.1895621971999999,110594.7412,0.4731130771,0.0065647638,-0.6758235709999999,-0.035251798,0.0537401726,0.1467322708,-0.056139052,-0.031768351,-0.130856595,-0.068535798,-0.025739095,-19.0,7.0,0.7737986371,0.0,0.0393913267,0.1171896903,,0.0514286966,5.4021607431,10.446744118,24.319545455,0.6397800183,1.0,0.2024767384,0.0,0.3361330389,0.6148806766,-4.978395631000001,1.3111401889,0.2587838696,0.001227103,0.0120745704,-0.071587907,0.0,0.0038723954,0.0058028166,0.0152376345,0.0184953193,0.0973700992,0.0952437706,7.0,0.0118859854,2.198554e-12,0.0251245853,0.0100748595,0.2719659521999999,1.9448627744,1.2466027e-08,59.0,48.4
2017-07-31,464640000.0,0.9179380596,0.8426102812999999,0.2430298361,18.489696532,0.0355102475999999,0.1251316576,-0.026763985,0.3263899121999999,0.3898717247,1.2033992432,0.1479217242,1.7067980904,0.1890813324,-0.189081332,20.0,-0.274402543,0.0550116321,-0.7788769609999999,0.1552803051,11.142719295,0.0459702323,-0.031399059,0.0914787227,0.0127388535,0.4245542357,0.0163659084,0.000298842,0.0,1.0448466314,0.2283780999,0.0,0.0,0.0,0.4408995816,0.0066286821999999,0.8264164782,0.3768649091,0.1788559988,0.147749987,0.4792027729999999,0.2079029398999999,0.1792539917,0.231598156,106415.06281,0.5199471464000001,0.0069024528,0.0217661356,-0.028917696,-0.027433513,0.0726996843,0.0122472155,0.1519248048,-0.220301083,-0.045331149,0.1357792317999999,-5.935048502999999,6.0,0.7832755158,0.0,0.04496936,0.1182833653,,0.0670834712,5.2340941457,11.865195009,20.726566072,0.7989877079000001,1.0,0.2708352803,0.0,0.3801832989,0.6296884008,0.62954024,1.3111401889,0.2587838696,0.001227103,0.0120745704,-0.071587907,0.0,0.0038723954,0.0058028166,0.0152376345,0.0184953193,0.0973700992,0.0952437706,8.0,0.019378201,2.232639e-12,0.0244148225,0.0128925224,0.4109753596,4.8514644139,9.8840401e-09,59.0,49.389
2017-08-31,474509770.47,0.9272139776,0.8597257603,0.1142936492,18.522371765,0.0352364115,0.0183451203,0.0204339139,0.1754991305,0.2756816661,1.4243906541,0.0867564349,1.7437785363999998,0.1890813324,-0.189081332,20.0,-0.274402543,0.0550116321,-0.778025082,0.1552803051,11.142719295,0.0459702323,-0.031399059,0.0914787227,0.0127388535,0.4245542357,0.0163659084,0.000298842,0.0,1.0448466314,0.2283780999,0.0,0.0,0.0,0.4408995816,0.0066286821999999,0.8264164782,0.3768649091,0.1788559988,0.147749987,0.4792027729999999,0.2079029398999999,0.1792539917,0.231598156,106415.06281,0.5199471464000001,0.0069024528,0.0217661356,-0.028917696,-0.027433513,0.0726996843,0.0122472155,0.1519248048,-0.220301083,-0.045331149,0.1357792317999999,-5.935048502999999,6.0,0.7832755158,0.0,0.04496936,0.1182833653,,0.0670834712,5.2340941457,11.865195009,20.726566072,0.7989877079000001,1.0,0.2708352803,0.0,0.3801832989,0.6296884008,0.62954024,1.1414032881,0.3115153114,-0.000595929,-0.01341833,-0.0155166019999999,1.0,0.0105646219,0.0061245619,0.0421212462,0.022349087,0.1155774584,0.1141298797,8.0,0.0168343065999999,2.711743e-12,0.0186020713,0.0137166523,0.4159498155,4.5621037167,1.3318918e-08,59.0,49.03
2017-09-29,471060616.27,0.9055397363,0.8200022140000001,0.0617653553,18.40338339,0.0350813315,-0.01511632,-0.007268879,0.1689151455999999,0.2842322337,1.2686407624,0.1204329676,1.7460401107,0.1890813324,-0.189081332,20.0,-0.274402543,0.0550116321,-0.730965577,0.1552803051,11.142719295,0.0459702323,-0.031399059,0.0914787227,0.0127388535,0.4245542357,0.0163659084,0.000298842,0.0,1.0448466314,0.2283780999,0.0,0.0,0.0,0.4408995816,0.0066286821999999,0.8264164782,0.3768649091,0.1788559988,0.147749987,0.4792027729999999,0.2079029398999999,0.1792539917,0.231598156,106415.06281,0.5199471464000001,0.0069024528,0.0217661356,-0.028917696,-0.027433513,0.0726996843,0.0122472155,0.1519248048,-0.220301083,-0.045331149,0.1357792317999999,-5.935048502999999,6.0,0.7832755158,0.0,0.04496936,0.1182833653,,0.0670834712,5.2340941457,11.865195009,20.726566072,0.7989877079000001,1.0,0.2708352803,0.0,0.3801832989,0.6296884008,0.62954024,1.1414032881,0.3115153114,-0.000595929,-0.01341833,-0.0155166019999999,1.0,0.0105646219,0.0061245619,0.0421212462,0.022349087,0.1155774584,0.1141298797,8.0,0.0141278606,2.51109e-12,0.0158162769,0.0106478434,0.2137005276,1.6953046662,1.1802223e-08,59.0,48.0675
2017-10-31,463370688.23,0.8948442631,0.8007462553,0.0255888242,18.433117429,0.0347080031,-0.064112024,-0.019630838,0.1060978624,0.1711313397,1.5967932056,0.1513213078999999,1.4921334572999998,0.1890813324,-0.189081332,20.0,-0.274402543,0.0550116321,-0.751121157,0.1552803051,11.142719295,0.0459702323,-0.031399059,0.0914787227,0.0127388535,0.4245542357,0.0163659084,0.000298842,0.0,1.0448466314,0.2283780999,0.0,0.0,0.0,0.4408995816,0.0066286821999999,0.8264164782,0.3768649091,0.1788559988,0.147749987,0.4792027729999999,0.2079029398999999,0.1792539917,0.231598156,110505.21627,0.5199471464000001,0.0069024528,0.0217661356,-0.028917696,-0.027433513,0.0726996843,0.0122472155,0.1519248048,-0.220301083,-0.045331149,0.1357792317999999,-5.935048502999999,6.0,0.7832755158,0.0,0.04496936,0.1182833653,,0.0670834712,5.2340941457,11.865195009,20.726566072,0.7989877079000001,1.0,0.2708352803,0.0,0.3801832989,0.6296884008,0.62954024,0.4561402749,0.2659165854,-0.004024342,0.0428642323,0.0190342396,0.0,0.008680847,0.0062816078,0.0375421312,0.0155415917,0.1232440476,0.1215435839,8.0,0.0129284462999999,3.030987e-12,0.0173217021,0.0100816469,0.2187213237999999,1.5052806965,1.769061e-08,59.0,55.264
2017-11-30,532603498.28,0.9345284433,0.8733434112999999,0.0237700137,18.458297615,0.0340946672,0.0079326842,0.1497166008,0.0393085168,0.2171760273,1.585674196,0.0576756198,1.5230683666999998,0.1890813324,-0.189081332,20.0,-0.274402543,0.0550116321,-0.7509339859999999,0.1552803051,11.142719295,0.0459702323,-0.031399059,0.0914787227,0.0127388535,0.4245542357,0.0163659084,0.000298842,0.0,1.0448466314,0.2283780999,0.0,0.0,0.0,0.4408995816,0.0066286821999999,0.8264164782,0.3768649091,0.1788559988,0.147749987,0.4792027729999999,0.2079029398999999,0.1792539917,0.231598156,110505.21627,0.5199471464000001,0.0069024528,0.0217661356,-0.028917696,-0.027433513,0.0726996843,0.0122472155,0.1519248048,-0.220301083,-0.045331149,0.1357792317999999,-5.935048502999999,6.0,0.7832755158,0.0,0.04496936,0.1182833653,,0.0670834712,5.2340941457,11.865195009,20.726566072,0.7989877079000001,1.0,0.2708352803,0.0,0.3801832989,0.6296884008,0.62954024,0.4561402749,0.2659165854,-0.004024342,0.0428642323,0.0190342396,0.0,0.008680847,0.0062816078,0.0375421312,0.0155415917,0.1232440476,0.1215435839,8.0,0.0164374887,2.3896860000000002e-12,0.1321637183,0.0291083436,0.4897411507,6.3428740374,1.1498858e-08,59.0,58.8375
2017-12-29,567042876.0,0.9024885917,0.8144856581000001,-0.142037701,18.612569895,0.0345405808,-0.051400561,0.0646623224,0.1112586035,0.4725875243,1.2164244781,0.1372234879,1.5213687452000002,0.1890813324,-0.189081332,20.0,-0.274402543,0.0550116321,-0.7509339859999999,0.1552803051,11.142719295,0.0459702323,-0.031399059,0.0914787227,0.0127388535,0.4245542357,0.0163659084,0.000298842,0.0,1.0448466314,0.2283780999,0.0,0.0,0.0,0.4408995816,0.0066286821999999,0.8264164782,0.3768649091,0.1788559988,0.147749987,0.4792027729999999,0.2079029398999999,0.1792539917,0.231598156,110505.21627,0.5199471464000001,0.0069024528,0.0217661356,-0.028917696,-0.027433513,0.0726996843,0.0122472155,0.1519248048,-0.220301083,-0.045331149,0.1357792317999999,-5.935048502999999,6.0,0.7832755158,0.0,0.04496936,0.1182833653,,0.0670834712,5.2340941457,11.865195009,20.726566072,0.7989877079000001,1.0,0.2708352803,0.0,0.3801832989,0.6296884008,0.62954024,0.4561402749,0.2659165854,-0.004024342,0.0428642323,0.0190342396,0.0,0.008680847,0.0062816078,0.0375421312,0.0155415917,0.1232440476,0.1215435839,8.0,0.0148858043,2.234424e-12,0.0258095469,0.0113574364999999,0.3772526188,3.4408939368,1.300767e-08,59.0,58.4735
2018-01-31,563534833.72,0.9337927411,0.8719688831999999,-0.082760298,18.574968293,0.0341592016,-0.025460212,-0.006186556,0.215650826,0.5692720206,1.4162074856,0.0563245463999999,1.5047382776,0.1890813324,-0.189081332,20.0,-0.274402543,0.0550116321,-0.767722005,0.1552803051,11.142719295,0.0459702323,-0.031399059,0.0914787227,0.0127388535,0.4245542357,0.0163659084,0.000298842,0.0,1.0448466314,0.2283780999,0.0,0.0,0.0,0.4408995816,0.0066286821999999,0.8264164782,0.3768649091,0.1788559988,0.147749987,0.4792027729999999,0.2079029398999999,0.1792539917,0.231598156,111022.44886,0.5199471464000001,0.0069024528,0.0217661356,-0.028917696,-0.027433513,0.0726996843,0.0122472155,0.1519248048,-0.220301083,-0.045331149,0.1357792317999999,-5.935048502999999,6.0,0.7832755158,0.0,0.04496936,0.1182833653,,0.0670834712,5.2340941457,11.865195009,20.726566072,0.7989877079000001,1.0,0.2708352803,0.0,0.3801832989,0.6296884008,0.62954024,0.8494894128,0.2443695105,0.0024432971,0.0494282167999999,-0.018843092,0.0,0.0024330299,0.0062126447,0.0090892313,0.0162512912999999,0.1111877966,0.1091037306,8.0,0.014344404,2.063801e-12,0.0097019365,0.0090320532999999,0.3258239652,2.2395336754,1.8169687e-08,59.0,72.5445
2018-02-28,702386012.32,0.9461254517,0.8951533704000001,0.2693200151,18.550768745,0.0322534598,0.0371232673,0.2406389712999999,0.1839376544,0.4201559227,1.3227371333,0.0623462197,1.5931495147,0.1890813324,-0.189081332,20.0,-0.274402543,0.0550116321,-0.7648834090000001,0.1552803051,11.142719295,0.0459702323,-0.031399059,0.0914787227,0.0127388535,0.4245542357,0.0163659084,0.000298842,0.0,1.0448466314,0.2283780999,0.0,0.0,0.0,0.4408995816,0.0066286821999999,0.8264164782,0.3768649091,0.1788559988,0.147749987,0.4792027729999999,0.2079029398999999,0.1792539917,0.231598156,111022.44886,0.5199471464000001,0.0069024528,0.0217661356,-0.028917696,-0.027433513,0.0726996843,0.0122472155,0.1519248048,-0.220301083,-0.045331149,0.1357792317999999,-5.935048502999999,6.0,0.7832755158,0.0,0.04496936,0.1182833653,,0.0670834712,5.2340941457,11.865195009,20.726566072,0.7989877079000001,1.0,0.2708352803,0.0,0.3801832989,0.6296884008,0.62954024,0.8494894128,0.2443695105,0.0024432971,0.0494282167999999,-0.018843092,0.0,0.0024330299,0.0062126447,0.0090892313,0.0162512912999999,0.1111877966,0.1091037306,8.0,0.0198412856,2.117571e-12,0.0265423898,0.0096802477,0.3483506890999999,2.7821368894,1.042844e-08,59.0,75.6225
2018-03-29,732945345.94,0.9703981835,0.9416726346,0.3819535708,18.759963011,0.0328155045,0.0911241809,0.0424290858,0.4795941849,0.71694838,1.2228534913,0.0722769973,2.0098116838,0.1890813324,-0.189081332,20.0,-0.274402543,0.0550116321,-0.7643380359999999,0.1552803051,11.142719295,0.0459702323,-0.031399059,0.0914787227,0.0127388535,0.4245542357,0.0163659084,0.000298842,0.0,1.0448466314,0.2283780999,0.0,0.0,0.0,0.4408995816,0.0066286821999999,0.8264164782,0.3768649091,0.1788559988,0.147749987,0.4792027729999999,0.2079029398999999,0.1792539917,0.231598156,111022.44886,0.5199471464000001,0.0069024528,0.0217661356,-0.028917696,-0.027433513,0.0726996843,0.0122472155,0.1519248048,-0.220301083,-0.045331149,0.1357792317999999,-5.935048502999999,6.0,0.7832755158,0.0,0.04496936,0.1182833653,,0.0670834712,5.2340941457,11.865195009,20.726566072,0.7989877079000001,1.0,0.2708352803,0.0,0.3801832989,0.6296884008,0.62954024,0.8494894128,0.2443695105,0.0024432971,0.0494282167999999,-0.018843092,0.0,0.0024330299,0.0062126447,0.0090892313,0.0162512912999999,0.1111877966,0.1091037306,8.0,0.0365673216,1.784689e-12,0.0380143635,0.0239756660999999,0.3358937506,5.9420967932,8.0805164e-09,59.0,72.367
2018-04-30,701959883.42,0.9773814971,0.9552745908,0.4211444561999999,18.7793208,0.0302604477,0.0299691285,-0.04304935,0.5732563545,0.7060143872,1.3825315171,0.184224756,2.5061369902,0.1890813324,-0.189081332,20.0,-0.274402543,0.0550116321,-0.762319833,0.1552803051,11.142719295,0.0459702323,-0.031399059,0.0914787227,0.0127388535,0.4245542357,0.0163659084,0.000298842,0.0,1.0448466314,0.2283780999,0.0,0.0,0.0,0.4408995816,0.0066286821999999,0.8264164782,0.3768649091,0.1788559988,0.147749987,0.4792027729999999,0.2079029398999999,0.1792539917,0.231598156,111022.44886,0.5199471464000001,0.0069024528,0.0217661356,-0.028917696,-0.027433513,0.0726996843,0.0122472155,0.1519248048,-0.220301083,-0.045331149,0.1357792317999999,-5.935048502999999,6.0,0.7832755158,0.0,0.04496936,0.1182833653,,0.0670834712,5.2340941457,11.865195009,20.726566072,0.7989877079000001,1.0,0.2708352803,0.0,0.3801832989,0.6296884008,0.62954024,1.6911113494,0.2109016457,-0.002397845,0.1019568021,0.1286064821,1.0,0.0029049567,0.0060747868,0.0109847506,0.0238038356999999,0.1024199452,0.1000831228999999,8.0,0.026017649,1.6555790000000001e-12,0.0403192937,0.0209015296,0.3131691623,5.3127984895,7.7429434e-09,59.0,78.3065
2018-05-31,759928563.88,0.9651844824,0.931581085,0.2220428902,18.786512079,0.0303159823,-0.038925083,0.0820747316,0.3094780830999999,0.5647087903,1.1930627388,0.0757470325,2.7380634906,0.1890813324,-0.189081332,20.0,-0.274402543,0.0550116321,-0.786491878,0.1552803051,11.142719295,0.0459702323,-0.031399059,0.0914787227,0.0127388535,0.4245542357,0.0163659084,0.000298842,0.0,1.0448466314,0.2283780999,0.0,0.0,0.0,0.4408995816,0.0066286821999999,0.8264164782,0.3768649091,0.1788559988,0.147749987,0.4792027729999999,0.2079029398999999,0.1792539917,0.231598156,111022.44886,0.5199471464000001,0.0069024528,0.0217661356,-0.028917696,-0.027433513,0.0726996843,0.0122472155,0.1519248048,-0.220301083,-0.045331149,0.1357792317999999,-5.935048502999999,6.0,0.7832755158,0.0,0.04496936,0.1182833653,,0.0670834712,5.2340941457,11.865195009,20.726566072,0.7989877079000001,1.0,0.2708352803,0.0,0.3801832989,0.6296884008,0.62954024,1.6911113494,0.2109016457,-0.002397845,0.1019568021,0.1286064821,1.0,0.0029049567,0.0060747868,0.0109847506,0.0238038356999999,0.1024199452,0.1000831228999999,8.0,0.030107359,2.211173e-12,0.0432396494,0.0252751664,0.411095041,5.4179098184,7.7631189e-09,59.0,81.481
2018-06-29,790735621.37,0.9603781332,0.9223261587,0.2017329351,18.675474576,0.0311157492,0.0145626588,0.0405394137,0.3308944211,0.5746013734000001,1.3172191535,0.0360941911,2.2739904175,0.1890813324,-0.189081332,20.0,-0.274402543,0.0550116321,-0.786491878,0.1552803051,11.142719295,0.0459702323,-0.031399059,0.0914787227,0.0127388535,0.4245542357,0.0163659084,0.000298842,0.0,1.0448466314,0.2283780999,0.0,0.0,0.0,0.4408995816,0.0066286821999999,0.8264164782,0.3768649091,0.1788559988,0.147749987,0.4792027729999999,0.2079029398999999,0.1792539917,0.231598156,111022.44886,0.5199471464000001,0.0069024528,0.0217661356,-0.028917696,-0.027433513,0.0726996843,0.0122472155,0.1519248048,-0.220301083,-0.045331149,0.1357792317999999,-5.935048502999999,6.0,0.7832755158,0.0,0.04496936,0.1182833653,,0.0670834712,5.2340941457,11.865195009,20.726566072,0.7989877079000001,1.0,0.2708352803,0.0,0.3801832989,0.6296884008,0.62954024,1.6911113494,0.2109016457,-0.002397845,0.1019568021,0.1286064821,1.0,0.0029049567,0.0060747868,0.0109847506,0.0238038356999999,0.1024199452,0.1000831228999999,8.0,0.0118599318999999,1.092872e-12,0.0129378783,0.0071010371,0.2435525067999999,1.6712528674,1.3468453e-08,59.0,84.99
2018-07-31,827802623.78,0.9543881756,0.9108567898,0.245348876,18.648682089,0.0288658048,0.0277554744,0.0430652871999999,0.3934688732999999,0.6834917373999999,1.2299523516,0.2341327111,1.9672455941,0.1434572823,-0.143457282,21.0,-0.574422676,0.0509267542999999,-0.923228595,0.145840041,14.626008974,0.0325675536,0.0202897781,-0.161078355,0.0146750524,0.6306503057,0.0427176869,-0.0165098539999999,0.0,1.0399771954,0.1882085704,0.0,0.0,0.0,0.4368161784,0.005358435,0.8964173521,1.6051427325999998,0.3755076568,0.1594420057,0.6578793204,0.3683125104999999,0.1830330431,0.6158117192,130255.78183,0.4286908952,0.0063984131999999,0.6257550936999999,-0.004660431,-0.175890462,0.0743864171,-0.026210416,-0.092176343,-0.169250578,-0.1126828219999999,-0.06583368,-5.077810748,4.0,0.7627455384,0.0,0.0399630065,0.1271743897,,0.0329107531,5.5041312084000005,11.084065557,18.351836566,0.5246005378999999,1.0,0.3079632612,0.0,0.3142378475,0.5648145533,-0.485330916,1.6911113494,0.2109016457,-0.002397845,0.1019568021,0.1286064821,1.0,0.0029049567,0.0060747868,0.0109847506,0.0238038356999999,0.1024199452,0.1000831228999999,7.0,0.0160655532,1.3699709999999998e-12,0.0246550404,0.0127229777,0.2866067274,2.4408504465000003,1.175381e-08,59.0,88.872
2018-08-31,866930334.46,1.0357940195,1.0728692508,-0.243770498,18.706464008,0.0287238306999999,0.0797793486,0.0456758961,0.1715567898,0.7208285305,0.8423575245,-0.033182937,1.7438538077,0.1434572823,-0.143457282,21.0,-0.574422676,0.0509267542999999,-0.916470617,0.145840041,14.626008974,0.0325675536,0.0202897781,-0.161078355,0.0146750524,0.6306503057,0.0427176869,-0.0165098539999999,0.0,1.0399771954,0.1882085704,0.0,0.0,0.0,0.4368161784,0.005358435,0.8964173521,1.6051427325999998,0.3755076568,0.1594420057,0.6578793204,0.3683125104999999,0.1830330431,0.6158117192,137504.2637,0.4286908952,0.0063984131999999,0.6257550936999999,-0.004660431,-0.175890462,0.0743864171,-0.026210416,-0.092176343,-0.169250578,-0.1126828219999999,-0.06583368,-5.077810748,4.0,0.7627455384,0.0,0.0399630065,0.1271743897,,0.0329107531,5.5041312084000005,11.084065557,18.351836566,0.5246005378999999,1.0,0.3079632612,0.0,0.3142378475,0.5648145533,-0.485330916,1.653270551,0.2460970223,-0.004784058,-0.076397073,-0.004136184,2.0,0.0161104218999999,0.0067606211,0.0753102441,0.0295252768999999,0.1044634774,0.105073623,7.0,0.0203934421,1.366186e-12,0.0237150975,0.013293261,0.4121374429,4.2099963136000005,1.0415445e-08,59.0,100.6355
2018-09-28,981681169.06,0.984947343,0.9701212684,-0.21161065,18.641366278,0.0287419238,0.1324635544,0.1323645413,0.1752057887,0.8126045187000001,0.9119108376,0.0136860428,1.9290082645,0.1434572823,-0.143457282,21.0,-0.574422676,0.0509267542999999,-0.924065263,0.145840041,14.626008974,0.0325675536,0.0202897781,-0.161078355,0.0146750524,0.6306503057,0.0427176869,-0.0165098539999999,0.0,1.0399771954,0.1882085704,0.0,0.0,0.0,0.4368161784,0.005358435,0.8964173521,1.6051427325999998,0.3755076568,0.1594420057,0.6578793204,0.3683125104999999,0.1830330431,0.6158117192,137504.2637,0.4286908952,0.0063984131999999,0.6257550936999999,-0.004660431,-0.175890462,0.0743864171,-0.026210416,-0.092176343,-0.169250578,-0.1126828219999999,-0.06583368,-5.077810748,4.0,0.7627455384,0.0,0.0399630065,0.1271743897,,0.0329107531,5.5041312084000005,11.084065557,18.351836566,0.5246005378999999,1.0,0.3079632612,0.0,0.3142378475,0.5648145533,-0.485330916,1.653270551,0.2460970223,-0.004784058,-0.076397073,-0.004136184,2.0,0.0161104218999999,0.0067606211,0.0753102441,0.0295252768999999,0.1044634774,0.105073623,7.0,0.0147178446,1.078275e-12,0.0337745026,0.0104937202,0.2912821366,2.7631351917,9.6070331e-09,59.0,100.15
2018-10-31,969452000.0,0.9633215453,0.9279883996,-0.1216105719999999,18.608019476,0.0279667429,0.1297434526999999,-0.004824322,0.3906269507,1.093628772,0.8780401073999999,0.1713854685,1.9702298782,0.1434572823,-0.143457282,21.0,-0.574422676,0.0509267542999999,-0.931501177,0.145840041,14.626008974,0.0325675536,0.0202897781,-0.161078355,0.0146750524,0.6306503057,0.0427176869,-0.0165098539999999,0.0,1.0399771954,0.1882085704,0.0,0.0,0.0,0.4368161784,0.005358435,0.8964173521,1.6051427325999998,0.3755076568,0.1594420057,0.6578793204,0.3683125104999999,0.1830330431,0.6158117192,138808.80758,0.4286908952,0.0063984131999999,0.6257550936999999,-0.004660431,-0.175890462,0.0743864171,-0.026210416,-0.092176343,-0.169250578,-0.1126828219999999,-0.06583368,-5.077810748,4.0,0.7627455384,0.0,0.0399630065,0.1271743897,,0.0329107531,5.5041312084000005,11.084065557,18.351836566,0.5246005378999999,1.0,0.3079632612,0.0,0.3142378475,0.5648145533,-0.485330916,0.4173884785,0.2049508555,0.0007163235,-0.053555555,0.0756412455999999,0.0,0.0124057574,0.0070285022,0.0587895629999999,0.0218360052,0.1109676303,0.1091521614,7.0,0.0222460198,1.222698e-12,0.0248271096,0.0155620613999999,0.2695481586,3.0505428143,1.1824989e-08,59.0,79.9005
2018-11-30,781377356.47,1.0234350332,1.0474192672,-0.396597236,18.598541707,0.0283267696,0.1508331383,-0.20219171,0.2789487434,0.8122104445999999,0.7659050694,0.0314177396,2.5554217139,0.1434572823,-0.143457282,21.0,-0.574422676,0.0509267542999999,-0.913851002,0.145840041,14.626008974,0.0325675536,0.0202897781,-0.161078355,0.0146750524,0.6306503057,0.0427176869,-0.0165098539999999,0.0,1.0399771954,0.1882085704,0.0,0.0,0.0,0.4368161784,0.005358435,0.8964173521,1.6051427325999998,0.3755076568,0.1594420057,0.6578793204,0.3683125104999999,0.1830330431,0.6158117192,138808.80758,0.4286908952,0.0063984131999999,0.6257550936999999,-0.004660431,-0.175890462,0.0743864171,-0.026210416,-0.092176343,-0.169250578,-0.1126828219999999,-0.06583368,-5.077810748,4.0,0.7627455384,0.0,0.0399630065,0.1271743897,,0.0329107531,5.5041312084000005,11.084065557,18.351836566,0.5246005378999999,1.0,0.3079632612,0.0,0.3142378475,0.5648145533,-0.485330916,0.4173884785,0.2049508555,0.0007163235,-0.053555555,0.0756412455999999,0.0,0.0124057574,0.0070285022,0.0587895629999999,0.0218360052,0.1109676303,0.1091521614,7.0,0.0399762963,1.849982e-12,0.0708869696,0.0360104786,0.3481481082,6.7933929696,5.0484588e-09,59.0,84.5085
2018-12-31,826440756.22,1.0905964308,1.1894005748,-0.347692172,18.839129139,0.0283434895,-0.011431218,0.0576717518,-0.019397155,0.3579859874,0.7700812611,0.0651166406,2.8469098586,0.1434572823,-0.143457282,21.0,-0.574422676,0.0509267542999999,-0.91076517,0.145840041,14.626008974,0.0325675536,0.0202897781,-0.161078355,0.0146750524,0.6306503057,0.0427176869,-0.0165098539999999,0.0,1.0399771954,0.1882085704,0.0,0.0,0.0,0.4368161784,0.005358435,0.8964173521,1.6051427325999998,0.3755076568,0.1594420057,0.6578793204,0.3683125104999999,0.1830330431,0.6158117192,138808.80758,0.4286908952,0.0063984131999999,0.6257550936999999,-0.004660431,-0.175890462,0.0743864171,-0.026210416,-0.092176343,-0.169250578,-0.1126828219999999,-0.06583368,-5.077810748,4.0,0.7627455384,0.0,0.0399630065,0.1271743897,,0.0329107531,5.5041312084000005,11.084065557,18.351836566,0.5246005378999999,1.0,0.3079632612,0.0,0.3142378475,0.5648145533,-0.485330916,0.4173884785,0.2049508555,0.0007163235,-0.053555555,0.0756412455999999,0.0,0.0124057574,0.0070285022,0.0587895629999999,0.0218360052,0.1109676303,0.1091521614,7.0,0.0375018629,2.038802e-12,0.068589747,0.031503227,0.2926374009,3.4408036126,7.3112944e-09,59.0,75.0985
2019-01-31,734416754.6,1.1772331092,1.3858777933000002,-0.5698633329999999,18.732202725,0.0294251304999999,-0.05382488,-0.111349784,-0.0056653769999999,0.4452445036999999,0.7302666798999999,-0.070573373,3.2401451131,0.1434572823,-0.143457282,21.0,-0.574422676,0.0509267542999999,-0.914600458,0.145840041,14.626008974,0.0325675536,0.0202897781,-0.161078355,0.0146750524,0.6306503057,0.0427176869,-0.0165098539999999,0.0,1.0399771954,0.1882085704,0.0,0.0,0.0,0.4368161784,0.005358435,0.8964173521,1.6051427325999998,0.3755076568,0.1594420057,0.6578793204,0.3683125104999999,0.1830330431,0.6158117192,138808.80758,0.4286908952,0.0063984131999999,0.6257550936999999,-0.004660431,-0.175890462,0.0743864171,-0.026210416,-0.092176343,-0.169250578,-0.1126828219999999,-0.06583368,-5.077810748,4.0,0.7627455384,0.0,0.0399630065,0.1271743897,,0.0329107531,5.5041312084000005,11.084065557,18.351836566,0.5246005378999999,1.0,0.3079632612,0.0,0.3142378475,0.5648145533,-0.485330916,0.9681031764,0.2069873229,-0.004465659,-0.0588988509999999,-0.005923484,1.0,0.0200534971,0.0075779620999999,0.0805390459,0.0180369087999999,0.1046861945,0.1037345446,7.0,0.0478707772,2.262377e-12,0.0944522694,0.038392515,0.1940481884,3.9753097428,7.273368e-09,59.0,85.9365
2019-02-28,844245322.6,1.2438456041,1.5471518868,-0.258099328,18.717803603,0.0286893939,-0.198135796,0.1443171352,-0.154981308,0.0352059465,1.4717036183,-0.021445805,2.9023148148,0.1434572823,-0.143457282,21.0,-0.574422676,0.0509267542999999,-0.909505907,0.145840041,14.626008974,0.0325675536,0.0202897781,-0.161078355,0.0146750524,0.6306503057,0.0427176869,-0.0165098539999999,0.0,1.0399771954,0.1882085704,0.0,0.0,0.0,0.4368161784,0.005358435,0.8964173521,1.6051427325999998,0.3755076568,0.1594420057,0.6578793204,0.3683125104999999,0.1830330431,0.6158117192,145592.79182,0.4286908952,0.0063984131999999,0.6257550936999999,-0.004660431,-0.175890462,0.0743864171,-0.026210416,-0.092176343,-0.169250578,-0.1126828219999999,-0.06583368,-5.077810748,4.0,0.7627455384,0.0,0.0399630065,0.1271743897,,0.0329107531,5.5041312084000005,11.084065557,18.351836566,0.5246005378999999,1.0,0.3079632612,0.0,0.3142378475,0.5648145533,-0.485330916,0.9681031764,0.2069873229,-0.004465659,-0.0588988509999999,-0.005923484,1.0,0.0200534971,0.0075779620999999,0.0805390459,0.0180369087999999,0.1046861945,0.1037345446,7.0,0.0275264347,1.854824000000001e-12,0.0500639788999999,0.0242410608,0.2601825017,3.6192761797,7.6101587e-09,59.0,81.9915
2019-03-29,806402779.19,1.183031603,1.3995637737,-0.516024028,18.795005562,0.0278440566,-0.049033938,-0.045906004,-0.146061773,0.1363879992,1.7373668065,0.0848741921,2.5053123306,0.1434572823,-0.143457282,21.0,-0.574422676,0.0509267542999999,-0.909059948,0.145840041,14.626008974,0.0325675536,0.0202897781,-0.161078355,0.0146750524,0.6306503057,0.0427176869,-0.0165098539999999,0.0,1.0399771954,0.1882085704,0.0,0.0,0.0,0.4368161784,0.005358435,0.8964173521,1.6051427325999998,0.3755076568,0.1594420057,0.6578793204,0.3683125104999999,0.1830330431,0.6158117192,145592.79182,0.4286908952,0.0063984131999999,0.6257550936999999,-0.004660431,-0.175890462,0.0743864171,-0.026210416,-0.092176343,-0.169250578,-0.1126828219999999,-0.06583368,-5.077810748,4.0,0.7627455384,0.0,0.0399630065,0.1271743897,,0.0329107531,5.5041312084000005,11.084065557,18.351836566,0.5246005378999999,1.0,0.3079632612,0.0,0.3142378475,0.5648145533,-0.485330916,0.9681031764,0.2069873229,-0.004465659,-0.0588988509999999,-0.005923484,1.0,0.0200534971,0.0075779620999999,0.0805390459,0.0180369087999999,0.1046861945,0.1037345446,7.0,0.0171462862999999,1.268157e-12,0.0295474604,0.016660976,0.3218203646,3.9152429397,1.397609e-08,59.0,89.0375
2019-04-30,876129000.0,1.2345751965,1.5241759158,-0.494876685,18.677403902,0.0283031588,0.0532527611,0.085935764,-0.181313055,0.1329956963,1.4380768406,-0.034509068,2.138275256,0.1434572823,-0.143457282,21.0,-0.574422676,0.0509267542999999,-0.924490081,0.145840041,14.626008974,0.0325675536,0.0202897781,-0.161078355,0.0146750524,0.6306503057,0.0427176869,-0.0165098539999999,0.0,1.0399771954,0.1882085704,0.0,0.0,0.0,0.4368161784,0.005358435,0.8964173521,1.6051427325999998,0.3755076568,0.1594420057,0.6578793204,0.3683125104999999,0.1830330431,0.6158117192,147829.42359000002,0.4286908952,0.0063984131999999,0.6257550936999999,-0.004660431,-0.175890462,0.0743864171,-0.026210416,-0.092176343,-0.169250578,-0.1126828219999999,-0.06583368,-5.077810748,4.0,0.7627455384,0.0,0.0399630065,0.1271743897,,0.0329107531,5.5041312084000005,11.084065557,18.351836566,0.5246005378999999,1.0,0.3079632612,0.0,0.3142378475,0.5648145533,-0.485330916,0.8848997174,0.2113434705,0.0038953039,4.3512826e-06,-0.066392768,2.0,0.0214988814,0.0068070564,0.0823831976,0.0131010029,0.0995714192999999,0.0997215988,7.0,0.0185048754,1.4664690000000001e-12,0.0307378731999999,0.0150082782,0.2786915807,2.598271966,1.0160019e-08,59.0,96.326
2019-05-31,948487454.26,1.2416426246,1.5416764073,0.1852185246,18.736985397,0.027272893,-0.037062303,0.0818587765,0.11435472,0.1370384237,1.3743991737,0.064362642,1.7812018448,0.1434572823,-0.143457282,21.0,-0.574422676,0.0509267542999999,-0.924490081,0.145840041,14.626008974,0.0325675536,0.0202897781,-0.161078355,0.0146750524,0.6306503057,0.0427176869,-0.0165098539999999,0.0,1.0399771954,0.1882085704,0.0,0.0,0.0,0.4368161784,0.005358435,0.8964173521,1.6051427325999998,0.3755076568,0.1594420057,0.6578793204,0.3683125104999999,0.1830330431,0.6158117192,147829.42359000002,0.4286908952,0.0063984131999999,0.6257550936999999,-0.004660431,-0.175890462,0.0743864171,-0.026210416,-0.092176343,-0.169250578,-0.1126828219999999,-0.06583368,-5.077810748,4.0,0.7627455384,0.0,0.0399630065,0.1271743897,,0.0329107531,5.5041312084000005,11.084065557,18.351836566,0.5246005378999999,1.0,0.3079632612,0.0,0.3142378475,0.5648145533,-0.485330916,0.8848997174,0.2113434705,0.0038953039,4.3512826e-06,-0.066392768,2.0,0.0214988814,0.0068070564,0.0823831976,0.0131010029,0.0995714192999999,0.0997215988,7.0,0.0125395248,9.50634e-13,0.025433043,0.0095738579,0.2768934511,2.6127636423,1.2611276000000005e-08,59.0,88.7535
2019-06-28,873923736.8,1.2955888795,1.6785505446000002,0.0130756396,18.614412631,0.0274872667,-0.080822835,-0.078613289,0.1398379808,0.1821897198,1.254624517,-0.02369369,1.8916869096,0.1434572823,-0.143457282,21.0,-0.574422676,0.0509267542999999,-0.924490081,0.145840041,14.626008974,0.0325675536,0.0202897781,-0.161078355,0.0146750524,0.6306503057,0.0427176869,-0.0165098539999999,0.0,1.0399771954,0.1882085704,0.0,0.0,0.0,0.4368161784,0.005358435,0.8964173521,1.6051427325999998,0.3755076568,0.1594420057,0.6578793204,0.3683125104999999,0.1830330431,0.6158117192,148108.26882,0.4286908952,0.0063984131999999,0.6257550936999999,-0.004660431,-0.175890462,0.0743864171,-0.026210416,-0.092176343,-0.169250578,-0.1126828219999999,-0.06583368,-5.077810748,4.0,0.7627455384,0.0,0.0399630065,0.1271743897,,0.0329107531,5.5041312084000005,11.084065557,18.351836566,0.5246005378999999,1.0,0.3079632612,0.0,0.3142378475,0.5648145533,-0.485330916,0.8848997174,0.2113434705,0.0038953039,4.3512826e-06,-0.066392768,2.0,0.0214988814,0.0068070564,0.0823831976,0.0131010029,0.0995714192999999,0.0997215988,7.0,0.0178405867,1.330096e-12,0.0324281193,0.0153461242,0.2376989701,2.0160250034,9.9694489e-09,59.0,94.6815
2019-07-31,935453222.41,1.30395368,1.7002951997,0.377148534,18.641843602,0.0272793258,-0.203986317,0.0667917654,0.1818278434,0.0442816105999999,1.3752830700999998,-0.011597747,1.7134661933000002,0.1404962614,-0.1404962609999999,22.0,-0.238656614,0.0613262153,-0.972165771,0.2037359677,14.750078477,0.0416601539,-0.010375116,-0.090746946,0.0144628099,-0.029773437,0.0041366454,0.0108880334,0.0,1.0981123247,0.2041037591,0.0,0.0,0.0,0.5716554188,0.0136589112999999,0.8062523799,0.993023601,0.1783452058,0.2082681113,0.1439929328999999,0.2117508187,0.1614973367,0.1495931506,130830.41203,0.5203934367999999,0.0061676038,-0.053691792,0.0559003886,0.0844551801,0.1067218055,0.1204079036999999,0.2714509133,-0.06395795,-0.005566572,0.2615414473,-2.050034746,8.0,0.8545861298,0.0,0.0391027523,0.1238240005,,0.0975119855,5.5891091485,13.983008106,17.497145004,0.6287732174,1.0,0.3093396152,0.0,0.3157929978,0.5739777310999999,-0.484724271,0.8848997174,0.2113434705,0.0038953039,4.3512826e-06,-0.066392768,2.0,0.0214988814,0.0068070564,0.0823831976,0.0131010029,0.0995714192999999,0.0997215988,7.0,0.0180508353,1.448247e-12,0.0313741862999999,0.016352339,0.3277840096,3.2644849246,1.4407194e-08,59.0,93.339
2019-08-30,923413942.17,1.3080005824,1.7108655236,0.1191698386999999,18.568161729,0.0273534437,-0.173953361,-0.014179103,0.1017611925,0.0653693244,1.3424044955,-0.005765865,1.6588255272,0.1404962614,-0.1404962609999999,22.0,-0.238656614,0.0613262153,-0.870936293,0.2037359677,14.750078477,0.0416601539,-0.010375116,-0.090746946,0.0144628099,-0.029773437,0.0041366454,0.0108880334,0.0,1.0981123247,0.2041037591,0.0,0.0,0.0,0.5716554188,0.0136589112999999,0.8062523799,0.993023601,0.1783452058,0.2082681113,0.1439929328999999,0.2117508187,0.1614973367,0.1495931506,130175.42143,0.5203934367999999,0.0061676038,-0.053691792,0.0559003886,0.0844551801,0.1067218055,0.1204079036999999,0.2714509133,-0.06395795,-0.005566572,0.2615414473,-2.050034746,8.0,0.8545861298,0.0,0.0391027523,0.1238240005,,0.0975119855,5.5891091485,13.983008106,17.497145004,0.6287732174,1.0,0.3093396152,0.0,0.3157929978,0.5739777310999999,-0.484724271,0.2075309873,0.256185136,0.0023836722,-0.004948106,0.0231233444,3.0,0.0210654511,0.0074208341,0.0773674121,0.0161769891,0.0987582398,0.1004375834,7.0,0.0146739844,1.301739e-12,0.0184294097,0.0105062701,0.2736796238,1.8456514172,1.3430939e-08,59.0,88.8145
2019-09-30,878652525.56,1.3144466189,1.7277699138999998,0.2684786561,18.634643355,0.0274881958,-0.223712722,-0.048473835,0.1383985342,-0.072504212,1.6167637979,-0.020119803,1.5349690236000002,0.1404962614,-0.1404962609999999,22.0,-0.238656614,0.0613262153,-0.8786014870000001,0.2037359677,14.750078477,0.0416601539,-0.010375116,-0.090746946,0.0144628099,-0.029773437,0.0041366454,0.0108880334,0.0,1.0981123247,0.2041037591,0.0,0.0,0.0,0.5716554188,0.0136589112999999,0.8062523799,0.993023601,0.1783452058,0.2082681113,0.1439929328999999,0.2117508187,0.1614973367,0.1495931506,130830.41203,0.5203934367999999,0.0061676038,-0.053691792,0.0559003886,0.0844551801,0.1067218055,0.1204079036999999,0.2714509133,-0.06395795,-0.005566572,0.2615414473,-2.050034746,8.0,0.8545861298,0.0,0.0391027523,0.1238240005,,0.0975119855,5.5891091485,13.983008106,17.497145004,0.6287732174,1.0,0.3093396152,0.0,0.3157929978,0.5739777310999999,-0.484724271,0.2075309873,0.256185136,0.0023836722,-0.004948106,0.0231233444,3.0,0.0210654511,0.0074208341,0.0773674121,0.0161769891,0.0987582398,0.1004375834,7.0,0.0180195188,2.065679e-12,0.0220849793,0.0166169187999999,0.3146551575,2.3135639653,1.2298365e-08,59.0,86.7955
2019-10-31,859275466.92,1.3303139057,1.7697350877000002,0.0857781819,18.736044143,0.0274640406999999,-0.248243955,-0.022732778,-0.0025045429999999,-0.113185209,1.3921845218,-0.01502777,1.4466633185,0.1404962614,-0.1404962609999999,22.0,-0.238656614,0.0613262153,-0.850804786,0.2037359677,14.750078477,0.0416601539,-0.010375116,-0.090746946,0.0144628099,-0.029773437,0.0041366454,0.0108880334,0.0,1.0981123247,0.2041037591,0.0,0.0,0.0,0.5716554188,0.0136589112999999,0.8062523799,0.993023601,0.1783452058,0.2082681113,0.1439929328999999,0.2117508187,0.1614973367,0.1495931506,130830.41203,0.5203934367999999,0.0061676038,-0.053691792,0.0559003886,0.0844551801,0.1067218055,0.1204079036999999,0.2714509133,-0.06395795,-0.005566572,0.2615414473,-2.050034746,8.0,0.8545861298,0.0,0.0391027523,0.1238240005,,0.0975119855,5.5891091485,13.983008106,17.497145004,0.6287732174,1.0,0.3093396152,0.0,0.3157929978,0.5739777310999999,-0.484724271,0.3657296542,0.2098741171,0.0043446606,0.272760916,0.0142496737,4.0,0.0218939059,0.0074593354,0.0817699603,0.0098821064,0.0997260347,0.0986934268,7.0,0.01545372,1.5301799999999998e-12,0.0222700927,0.0116382268,0.2647925483,1.8388680252,1.7454419e-08,59.0,88.833
2019-11-29,880862714.97,1.3025834653,1.696723684,-0.283362355,18.597487034,0.0266329102,-0.128691663,0.0234747194,-0.09894005,0.086294839,1.0232584645,0.0765625094,1.439722978,0.1404962614,-0.1404962609999999,22.0,-0.238656614,0.0613262153,-0.848917101,0.2037359677,14.750078477,0.0416601539,-0.010375116,-0.090746946,0.0144628099,-0.029773437,0.0041366454,0.0108880334,0.0,1.0981123247,0.2041037591,0.0,0.0,0.0,0.5716554188,0.0136589112999999,0.8062523799,0.993023601,0.1783452058,0.2082681113,0.1439929328999999,0.2117508187,0.1614973367,0.1495931506,130830.41203,0.5203934367999999,0.0061676038,-0.053691792,0.0559003886,0.0844551801,0.1067218055,0.1204079036999999,0.2714509133,-0.06395795,-0.005566572,0.2615414473,-2.050034746,8.0,0.8545861298,0.0,0.0391027523,0.1238240005,,0.0975119855,5.5891091485,13.983008106,17.497145004,0.6287732174,1.0,0.3093396152,0.0,0.3157929978,0.5739777310999999,-0.484724271,0.3657296542,0.2098741171,0.0043446606,0.272760916,0.0142496737,4.0,0.0218939059,0.0074593354,0.0817699603,0.0098821064,0.0997260347,0.0986934268,7.0,0.0154804577,1.6665950000000001e-12,0.0178238973,0.0099879425,0.3500087061,3.2038792391000004,1.306015e-08,59.0,90.04
2019-12-31,892831261.81,1.4000694844,1.960194561,-0.035736308,18.653510156,0.0265564681,-0.092467929,0.0135873007,0.0008957889999999,0.0511723544,1.2518486409,-0.029024189,1.2463681392,0.1404962614,-0.1404962609999999,22.0,-0.238656614,0.0613262153,-0.848917101,0.2037359677,14.750078477,0.0416601539,-0.010375116,-0.090746946,0.0144628099,-0.029773437,0.0041366454,0.0108880334,0.0,1.0981123247,0.2041037591,0.0,0.0,0.0,0.5716554188,0.0136589112999999,0.8062523799,0.993023601,0.1783452058,0.2082681113,0.1439929328999999,0.2117508187,0.1614973367,0.1495931506,130830.41203,0.5203934367999999,0.0061676038,-0.053691792,0.0559003886,0.0844551801,0.1067218055,0.1204079036999999,0.2714509133,-0.06395795,-0.005566572,0.2615414473,-2.050034746,8.0,0.8545861298,0.0,0.0391027523,0.1238240005,,0.0975119855,5.5891091485,13.983008106,17.497145004,0.6287732174,1.0,0.3093396152,0.0,0.3157929978,0.5739777310999999,-0.484724271,0.3657296542,0.2098741171,0.0043446606,0.272760916,0.0142496737,4.0,0.0218939059,0.0074593354,0.0817699603,0.0098821064,0.0997260347,0.0986934268,7.0,0.0112408611,1.416032e-12,0.0161079653,0.0083157919999999,0.2059356448,1.1206113922,2.0836896e-08,59.0,92.392
2020-01-31,920224302.98,1.4043883603,1.9723066667,-0.284945302,18.61005998,0.0264621143,0.0992122506,0.026121676,-0.049022224,0.1989587464999999,1.0029738366,-0.03349192,1.2921308665,0.1404962614,-0.1404962609999999,22.0,-0.238656614,0.0613262153,-0.8454747420000001,0.2037359677,14.750078477,0.0416601539,-0.010375116,-0.090746946,0.0144628099,-0.029773437,0.0041366454,0.0108880334,0.0,1.0981123247,0.2041037591,0.0,0.0,0.0,0.5716554188,0.0136589112999999,0.8062523799,0.993023601,0.1783452058,0.2082681113,0.1439929328999999,0.2117508187,0.1614973367,0.1495931506,135143.47047,0.5203934367999999,0.0061676038,-0.053691792,0.0559003886,0.0844551801,0.1067218055,0.1204079036999999,0.2714509133,-0.06395795,-0.005566572,0.2615414473,-2.050034746,8.0,0.8545861298,0.0,0.0391027523,0.1238240005,,0.0975119855,5.5891091485,13.983008106,17.497145004,0.6287732174,1.0,0.3093396152,0.0,0.3157929978,0.5739777310999999,-0.484724271,0.2621154246,0.2183474348,0.0013721104,-0.062889246,-0.0259098379999999,0.0,0.0147387452,0.0070966706999999,0.0542243337999999,0.0112437477,0.0962616882,0.095686941,7.0,0.0129428179,1.15146e-12,0.0444665849,0.01181443,0.427549888,2.6484855127,1.5024671e-08,59.0,100.436
2020-02-28,999960888.62,1.3796672932,1.9034818398,-0.01010457,18.572650439,0.0265476016,0.0004363228,0.0870638192,-0.010145846,0.0751194057,1.0871545445,-0.003396585,1.3753160218,0.1404962614,-0.1404962609999999,22.0,-0.238656614,0.0613262153,-1.237798846,0.2037359677,14.750078477,0.0416601539,-0.010375116,-0.090746946,0.0144628099,-0.029773437,0.0041366454,0.0108880334,0.0,1.0981123247,0.2041037591,0.0,0.0,0.0,0.5716554188,0.0136589112999999,0.8062523799,0.993023601,0.1783452058,0.2082681113,0.1439929328999999,0.2117508187,0.1614973367,0.1495931506,135143.47047,0.5203934367999999,0.0061676038,-0.053691792,0.0559003886,0.0844551801,0.1067218055,0.1204079036999999,0.2714509133,-0.06395795,-0.005566572,0.2615414473,-2.050034746,8.0,0.8545861298,0.0,0.0391027523,0.1238240005,,0.0975119855,5.5891091485,13.983008106,17.497145004,0.6287732174,1.0,0.3093396152,0.0,0.3157929978,0.5739777310999999,-0.484724271,0.2621154246,0.2183474348,0.0013721104,-0.062889246,-0.0259098379999999,0.0,0.0147387452,0.0070966706999999,0.0542243337999999,0.0112437477,0.0962616882,0.095686941,7.0,0.0146323168,1.466581e-12,0.0737913026999999,0.0194740716999999,0.4198182502,5.577743277200001,1.2260766999999998e-08,59.0,94.1875
2020-03-31,937836240.0,1.2761958841,1.6286759346000002,-0.022719138,18.78733029,0.0282222176,-0.0437195509999999,-0.062213734,0.1308513381,0.2249562534,0.9405353595,-0.02193985,1.6412217769,0.1404962614,-0.1404962609999999,22.0,-0.238656614,0.0613262153,-1.253053224,0.2037359677,14.750078477,0.0416601539,-0.010375116,-0.090746946,0.0144628099,-0.029773437,0.0041366454,0.0108880334,0.0,1.0981123247,0.2041037591,0.0,0.0,0.0,0.5716554188,0.0136589112999999,0.8062523799,0.993023601,0.1783452058,0.2082681113,0.1439929328999999,0.2117508187,0.1614973367,0.1495931506,135143.47047,0.5203934367999999,0.0061676038,-0.053691792,0.0559003886,0.0844551801,0.1067218055,0.1204079036999999,0.2714509133,-0.06395795,-0.005566572,0.2615414473,-2.050034746,8.0,0.8545861298,0.0,0.0391027523,0.1238240005,,0.0975119855,5.5891091485,13.983008106,17.497145004,0.6287732174,1.0,0.3093396152,0.0,0.3157929978,0.5739777310999999,-0.484724271,0.2621154246,0.2183474348,0.0013721104,-0.062889246,-0.0259098379999999,0.0,0.0147387452,0.0070966706999999,0.0542243337999999,0.0112437477,0.0962616882,0.095686941,7.0,0.0241056474,1.336298e-12,0.0262734611,0.0192846748,0.3482308803,3.8026354022,1.2415848999999998e-08,59.0,97.486
2020-04-30,972910265.38,1.2732119708,1.6210687227,0.148349175,18.733250958,0.0282078757,-0.0964968809999999,0.0350205563,0.085165684,0.0578407942,1.0086516576,-0.033504451,2.2742466892,0.1404962614,-0.1404962609999999,22.0,-0.238656614,0.0613262153,-1.250227828,0.2037359677,14.750078477,0.0416601539,-0.010375116,-0.090746946,0.0144628099,-0.029773437,0.0041366454,0.0108880334,0.0,1.0981123247,0.2041037591,0.0,0.0,0.0,0.5716554188,0.0136589112999999,0.8062523799,0.993023601,0.1783452058,0.2082681113,0.1439929328999999,0.2117508187,0.1614973367,0.1495931506,135143.47047,0.5203934367999999,0.0061676038,-0.053691792,0.0559003886,0.0844551801,0.1067218055,0.1204079036999999,0.2714509133,-0.06395795,-0.005566572,0.2615414473,-2.050034746,8.0,0.8545861298,0.0,0.0391027523,0.1238240005,,0.0975119855,5.5891091485,13.983008106,17.497145004,0.6287732174,1.0,0.3093396152,0.0,0.3157929978,0.5739777310999999,-0.484724271,0.8474033809,0.2192778467,-0.0001043879999999,-0.089988039,-0.002377515,0.0,0.0111522804,0.0065567335,0.0402178625,0.0156015164,0.0927608673,0.0922062434999999,7.0,0.0461872605,2.597686e-12,0.0702660754,0.0411837756,0.2447226364,4.0939198646,6.0606421e-09,59.0,123.7
2020-05-29,1233971824.0,0.6802421395,0.4627293684,0.4702884150999999,19.373147253,0.0317691022,-0.2495330419999999,0.268900156,0.0974074578,0.0120424136,1.0827468751,0.0265821171,2.5396584171,0.1404962614,-0.1404962609999999,22.0,-0.238656614,0.0613262153,-0.760986466,0.2037359677,14.750078477,0.0416601539,-0.010375116,-0.090746946,0.0144628099,-0.029773437,0.0041366454,0.0108880334,0.0,1.0981123247,0.2041037591,0.0,0.0,0.0,0.5716554188,0.0136589112999999,0.8062523799,0.993023601,0.1783452058,0.2082681113,0.1439929328999999,0.2117508187,0.1614973367,0.1495931506,140157.40267,0.5203934367999999,0.0061676038,-0.053691792,0.0559003886,0.0844551801,0.1067218055,0.1204079036999999,0.2714509133,-0.06395795,-0.005566572,0.2615414473,-2.050034746,8.0,0.8545861298,0.0,0.0391027523,0.1238240005,,0.0975119855,5.5891091485,13.983008106,17.497145004,0.6287732174,1.0,0.3093396152,0.0,0.3157929978,0.5739777310999999,-0.484724271,0.8474033809,0.2192778467,-0.0001043879999999,-0.089988039,-0.002377515,0.0,0.0111522804,0.0065567335,0.0402178625,0.0156015164,0.0927608673,0.0922062434999999,7.0,0.0316323284,1.616513e-12,0.0617351569,0.0261316974,0.3768736853,4.2558237461,8.3611044e-09,59.0,122.1185
2020-06-30,1218195597.6,0.6366635145,0.4053404307,0.3417741909,19.05841057,0.0341122264,0.0213455616,-0.012784916,0.3738338015999999,0.393747881,0.7846714816,0.0268302359,2.4621357285,0.1404962614,-0.1404962609999999,22.0,-0.238656614,0.0613262153,-0.760986466,0.2037359677,14.750078477,0.0416601539,-0.010375116,-0.090746946,0.0144628099,-0.029773437,0.0041366454,0.0108880334,0.0,1.0981123247,0.2041037591,0.0,0.0,0.0,0.5716554188,0.0136589112999999,0.8062523799,0.993023601,0.1783452058,0.2082681113,0.1439929328999999,0.2117508187,0.1614973367,0.1495931506,140223.92123,0.5203934367999999,0.0061676038,-0.053691792,0.0559003886,0.0844551801,0.1067218055,0.1204079036999999,0.2714509133,-0.06395795,-0.005566572,0.2615414473,-2.050034746,8.0,0.8545861298,0.0,0.0391027523,0.1238240005,,0.0975119855,5.5891091485,13.983008106,17.497145004,0.6287732174,1.0,0.3093396152,0.0,0.3157929978,0.5739777310999999,-0.484724271,0.8474033809,0.2192778467,-0.0001043879999999,-0.089988039,-0.002377515,0.0,0.0111522804,0.0065567335,0.0402178625,0.0156015164,0.0927608673,0.0922062434999999,7.0,0.0228029703,1.221008e-12,0.0198461879,0.020972629,0.2740045476,3.0004515641000005,1.3245874e-08,59.0,137.941
2020-07-31,1382168854.2,0.5950378934,0.3540700945,0.5171783678,19.04951364,0.0345326687,0.094650705,0.129566744,0.3217433016,0.2897821076,0.9562293329,0.0403169514,1.9602960064,0.1388310269,-0.138831027,23.0,-0.384880232,0.0674400793,-1.234252457,0.1934414266,13.711075104,0.0418528387,0.0583094329,-0.0624403679999999,0.0142566191,0.2043201348999999,0.0165662961,0.0521546403,0.0,1.0970482394,0.1606095293,0.0,0.0,0.0,0.4250614251,0.0125925817999999,0.8001082090999999,0.4103722292,0.2680306061,0.2425066088,0.2324324323999999,0.3213319561,0.1773350219999999,0.3701878268999999,146732.37624,0.4558814050999999,0.0059942332,0.1577518559,-0.000969013,-0.213098622,0.024675982,0.0189635855,0.0116262177,-0.122506075,-0.032825123,0.0097460567,-2.323610632,4.0,0.8707921469,0.0,0.0390459144,0.1280862107,,0.0752687539,5.0730057688,14.119287296,15.881900017,0.4385570761999999,1.0,0.2045412582,0.0,0.3048408892,0.5822091694,-0.4823762239999999,1.2672827529,0.2454938557,0.0028220452,-0.075637995,0.0831789392999999,1.0,0.0164139448,0.0065475616,0.0578325192999999,0.016357968,0.0944601964,0.0946283731,8.0,0.0239682461,1.227116e-12,0.0304271877,0.0153475066,0.3010658981,2.3497247554,1.1289133e-08,59.0,158.234
2020-08-31,1585156531.0,0.5588726244,0.3123386103,0.4994362732,19.152717615,0.0349881103,0.3082412893,0.1471135616,0.3734219199,0.4778495568999999,0.8898742282,0.001526359,1.9785535081,0.1388310269,-0.138831027,23.0,-0.384880232,0.0674400793,-0.828189414,0.1934414266,13.711075104,0.0418528387,0.0583094329,-0.0624403679999999,0.0142566191,0.2043201348999999,0.0165662961,0.0521546403,0.0,1.0970482394,0.1606095293,0.0,0.0,0.0,0.4250614251,0.0125925817999999,0.8001082090999999,0.4103722292,0.2680306061,0.2425066088,0.2324324323999999,0.3213319561,0.1773350219999999,0.3701878268999999,149598.04274,0.4558814050999999,0.0059942332,0.1577518559,-0.000969013,-0.213098622,0.024675982,0.0189635855,0.0116262177,-0.122506075,-0.032825123,0.0097460567,-2.323610632,4.0,0.8707921469,0.0,0.0390459144,0.1280862107,,0.0752687539,5.0730057688,14.119287296,15.881900017,0.4385570761999999,1.0,0.2045412582,0.0,0.3048408892,0.5822091694,-0.4823762239999999,1.2672827529,0.2454938557,0.0028220452,-0.075637995,0.0831789392999999,1.0,0.0164139448,0.0065475616,0.0578325192999999,0.016357968,0.0944601964,0.0946283731,8.0,0.0380969876,1.280378e-12,0.0792952403,0.0296001912,0.2751812629,2.7438631782,7.840562e-09,59.0,172.548
2020-09-30,1728551334.8,0.5521234121999999,0.3048402623,0.7714659294,18.934181307,0.0366912732,0.4853903502,0.090460971,0.6799893184,0.7816233868000001,0.8114318559,0.0219313275999999,1.9840511288,0.1388310269,-0.138831027,23.0,-0.384880232,0.0674400793,-0.873025967,0.1934414266,13.711075104,0.0418528387,0.0583094329,-0.0624403679999999,0.0142566191,0.2043201348999999,0.0165662961,0.0521546403,0.0,1.0970482394,0.1606095293,0.0,0.0,0.0,0.4250614251,0.0125925817999999,0.8001082090999999,0.4103722292,0.2680306061,0.2425066088,0.2324324323999999,0.3213319561,0.1773350219999999,0.3701878268999999,149598.04274,0.4558814050999999,0.0059942332,0.1577518559,-0.000969013,-0.213098622,0.024675982,0.0189635855,0.0116262177,-0.122506075,-0.032825123,0.0097460567,-2.323610632,4.0,0.8707921469,0.0,0.0390459144,0.1280862107,,0.0752687539,5.0730057688,14.119287296,15.881900017,0.4385570761999999,1.0,0.2045412582,0.0,0.3048408892,0.5822091694,-0.4823762239999999,1.2672827529,0.2454938557,0.0028220452,-0.075637995,0.0831789392999999,1.0,0.0164139448,0.0065475616,0.0578325192999999,0.016357968,0.0944601964,0.0946283731,8.0,0.0238412418,1.006821e-12,0.0408747084,0.0166191155,0.2426308667999999,1.9199928171,1.2443973999999995e-08,59.0,157.4365
2020-10-30,1580662450.2,0.5412626927,0.2929653026,0.4917964104,18.857977214,0.0358454481,0.7459487467,-0.087578528,0.7699771973,0.9879831469,0.8057003906999999,0.078154114,2.1691097776,0.1388310269,-0.138831027,23.0,-0.384880232,0.0674400793,-0.8558099840000001,0.1934414266,13.711075104,0.0418528387,0.0583094329,-0.0624403679999999,0.0142566191,0.2043201348999999,0.0165662961,0.0521546403,0.0,1.0970482394,0.1606095293,0.0,0.0,0.0,0.4250614251,0.0125925817999999,0.8001082090999999,0.4103722292,0.2680306061,0.2425066088,0.2324324323999999,0.3213319561,0.1773350219999999,0.3701878268999999,151095.49060999998,0.4558814050999999,0.0059942332,0.1577518559,-0.000969013,-0.213098622,0.024675982,0.0189635855,0.0116262177,-0.122506075,-0.032825123,0.0097460567,-2.323610632,4.0,0.8707921469,0.0,0.0390459144,0.1280862107,,0.0752687539,5.0730057688,14.119287296,15.881900017,0.4385570761999999,1.0,0.2045412582,0.0,0.3048408892,0.5822091694,-0.4823762239999999,1.2672827529,0.2454938557,0.0028220452,-0.075637995,0.0831789392999999,1.0,0.0164139448,0.0065475616,0.0578325192999999,0.016357968,0.0944601964,0.0946283731,8.0,0.0351994686,1.29037e-12,0.0569234005999999,0.0275477264999999,0.2641380745,3.1655662223000003,9.0289129e-09,59.0,151.8075
2020-11-30,1523391249.7,0.5308292927,0.281779738,-0.16527743,19.040431578,0.0368072768,0.6169607693,-0.035754122,0.2727283487999999,0.7722748551,0.6074297783,0.0116412897,2.0958217655,0.1388310269,-0.138831027,23.0,-0.384880232,0.0674400793,-0.852488793,0.1934414266,13.711075104,0.0418528387,0.0583094329,-0.0624403679999999,0.0142566191,0.2043201348999999,0.0165662961,0.0521546403,0.0,1.0970482394,0.1606095293,0.0,0.0,0.0,0.4250614251,0.0125925817999999,0.8001082090999999,0.4103722292,0.2680306061,0.2425066088,0.2324324323999999,0.3213319561,0.1773350219999999,0.3701878268999999,151095.49060999998,0.4558814050999999,0.0059942332,0.1577518559,-0.000969013,-0.213098622,0.024675982,0.0189635855,0.0116262177,-0.122506075,-0.032825123,0.0097460567,-2.323610632,4.0,0.8707921469,0.0,0.0390459144,0.1280862107,,0.0752687539,5.0730057688,14.119287296,15.881900017,0.4385570761999999,1.0,0.2045412582,0.0,0.3048408892,0.5822091694,-0.4823762239999999,0.2244573811,0.2240754301,-0.000516558,0.0071047587,-0.007948363,0.0,0.011254262,0.0064277681,0.0408475669,0.0161905987999999,0.0884932267999999,0.0871121281,8.0,0.0300071467,1.1562610000000001e-12,0.0475499480999999,0.0256686385,0.2525039780999999,2.6626189256,8.6021602e-09,59.0,158.402
2020-12-31,1589567257.6,0.5424154901,0.2942145639,-0.059152372,18.882614703,0.0366975871,0.6533974855,0.0434399284,0.2431162005,0.6860005279000001,0.5303165854999999,0.0442853666,2.1355851557,0.1388310269,-0.138831027,23.0,-0.384880232,0.0674400793,-0.852488793,0.1934414266,13.711075104,0.0418528387,0.0583094329,-0.0624403679999999,0.0142566191,0.2043201348999999,0.0165662961,0.0521546403,0.0,1.0970482394,0.1606095293,0.0,0.0,0.0,0.4250614251,0.0125925817999999,0.8001082090999999,0.4103722292,0.2680306061,0.2425066088,0.2324324323999999,0.3213319561,0.1773350219999999,0.3701878268999999,151095.49060999998,0.4558814050999999,0.0059942332,0.1577518559,-0.000969013,-0.213098622,0.024675982,0.0189635855,0.0116262177,-0.122506075,-0.032825123,0.0097460567,-2.323610632,4.0,0.8707921469,0.0,0.0390459144,0.1280862107,,0.0752687539,5.0730057688,14.119287296,15.881900017,0.4385570761999999,1.0,0.2045412582,0.0,0.3048408892,0.5822091694,-0.4823762239999999,0.2244573811,0.2240754301,-0.000516558,0.0071047587,-0.007948363,0.0,0.011254262,0.0064277681,0.0408475669,0.0161905987999999,0.0884932267999999,0.0871121281,8.0,0.0246890504999999,9.540741e-13,0.0632296875,0.0235885095999999,0.3131258229,2.9065972592,1.2108816e-08,59.0,162.8465
2021-01-29,1638235755.6,0.5331506725999999,0.2842496397,-0.312445515,19.152782909000003,0.0374208548,1.0551963903,0.028058324,0.1483315052,0.7144558109999999,0.5800661868,-0.063696053,1.8795620559,0.1388310269,-0.138831027,23.0,-0.384880232,0.0674400793,-0.851126718,0.1934414266,13.711075104,0.0418528387,0.0583094329,-0.0624403679999999,0.0142566191,0.2043201348999999,0.0165662961,0.0521546403,0.0,1.0970482394,0.1606095293,0.0,0.0,0.0,0.4250614251,0.0125925817999999,0.8001082090999999,0.4103722292,0.2680306061,0.2425066088,0.2324324323999999,0.3213319561,0.1773350219999999,0.3701878268999999,151095.49060999998,0.4558814050999999,0.0059942332,0.1577518559,-0.000969013,-0.213098622,0.024675982,0.0189635855,0.0116262177,-0.122506075,-0.032825123,0.0097460567,-2.323610632,4.0,0.8707921469,0.0,0.0390459144,0.1280862107,,0.0752687539,5.0730057688,14.119287296,15.881900017,0.4385570761999999,1.0,0.2045412582,0.0,0.3048408892,0.5822091694,-0.4823762239999999,0.0734390411,0.2777433666,0.0037993008,0.0482994788,0.0540752829999999,1.0,0.0236984604999999,0.0069571046999999,0.0803254075,0.0184550538,0.0924943898,0.0934840991,8.0,0.0188903544999999,7.441295e-13,0.0350711942,0.0127645386,0.3299743221,2.1895761302000003,1.2914219e-08,59.0,160.31
2021-02-26,1614530078.4,0.5174398989,0.2677440489,-0.5623511,19.141402657,0.0369388619,1.0092139641,-0.015576012,0.0291498610999999,0.6213956684,0.3844743097999999,-0.126841403,1.5841153724,0.1388310269,-0.138831027,23.0,-0.384880232,0.0674400793,-0.828589812,0.1934414266,13.711075104,0.0418528387,0.0583094329,-0.0624403679999999,0.0142566191,0.2043201348999999,0.0165662961,0.0521546403,0.0,1.0970482394,0.1606095293,0.0,0.0,0.0,0.4250614251,0.0125925817999999,0.8001082090999999,0.4103722292,0.2680306061,0.2425066088,0.2324324323999999,0.3213319561,0.1773350219999999,0.3701878268999999,149598.04274,0.4558814050999999,0.0059942332,0.1577518559,-0.000969013,-0.213098622,0.024675982,0.0189635855,0.0116262177,-0.122506075,-0.032825123,0.0097460567,-2.323610632,4.0,0.8707921469,0.0,0.0390459144,0.1280862107,,0.0752687539,5.0730057688,14.119287296,15.881900017,0.4385570761999999,1.0,0.2045412582,0.0,0.3048408892,0.5822091694,-0.4823762239999999,0.0734390411,0.2777433666,0.0037993008,0.0482994788,0.0540752829999999,1.0,0.0236984604999999,0.0069571046999999,0.0803254075,0.0184550538,0.0924943898,0.0934840991,8.0,0.0216380671,1.014056e-12,0.0457003638,0.0174060215,0.1987716821,1.4899626572,1.6226762e-08,59.0,154.6465
2021-03-31,1557593327.7,0.4928161056,0.2428677139,-0.935710739,19.214711874,0.0372205804,2.0491479812,-0.035328433,-0.070925199,0.7020304592000001,0.2454957477,-0.152921318,1.4586051587,0.1388310269,-0.138831027,23.0,-0.384880232,0.0674400793,-0.827301739,0.1934414266,13.711075104,0.0418528387,0.0583094329,-0.0624403679999999,0.0142566191,0.2043201348999999,0.0165662961,0.0521546403,0.0,1.0970482394,0.1606095293,0.0,0.0,0.0,0.4250614251,0.0125925817999999,0.8001082090999999,0.4103722292,0.2680306061,0.2425066088,0.2324324323999999,0.3213319561,0.1773350219999999,0.3701878268999999,149598.04274,0.4558814050999999,0.0059942332,0.1577518559,-0.000969013,-0.213098622,0.024675982,0.0189635855,0.0116262177,-0.122506075,-0.032825123,0.0097460567,-2.323610632,4.0,0.8707921469,0.0,0.0390459144,0.1280862107,,0.0752687539,5.0730057688,14.119287296,15.881900017,0.4385570761999999,1.0,0.2045412582,0.0,0.3048408892,0.5822091694,-0.4823762239999999,0.0734390411,0.2777433666,0.0037993008,0.0482994788,0.0540752829999999,1.0,0.0236984604999999,0.0069571046999999,0.0803254075,0.0184550538,0.0924943898,0.0934840991,8.0,0.0227597046,1.020909e-12,0.0426298826999999,0.0168121682,0.3310215747,2.7327274858,1.613704e-08,59.0,154.704
2021-04-30,1559416359.4,0.4821802571,0.2324978003,-0.632321373,19.146159048,0.037087653,2.7486551242000004,0.0003718631,-0.017721446,0.586345682,0.3471057282,-0.09593523,1.4621830411,0.1388310269,-0.138831027,23.0,-0.384880232,0.0674400793,-0.820644333,0.1934414266,13.711075104,0.0418528387,0.0583094329,-0.0624403679999999,0.0142566191,0.2043201348999999,0.0165662961,0.0521546403,0.0,1.0970482394,0.1606095293,0.0,0.0,0.0,0.4250614251,0.0125925817999999,0.8001082090999999,0.4103722292,0.2680306061,0.2425066088,0.2324324323999999,0.3213319561,0.1773350219999999,0.3701878268999999,151707.80274,0.4558814050999999,0.0059942332,0.1577518559,-0.000969013,-0.213098622,0.024675982,0.0189635855,0.0116262177,-0.122506075,-0.032825123,0.0097460567,-2.323610632,4.0,0.8707921469,0.0,0.0390459144,0.1280862107,,0.0752687539,5.0730057688,14.119287296,15.881900017,0.4385570761999999,1.0,0.2045412582,0.0,0.3048408892,0.5822091694,-0.4823762239999999,0.263336585,0.2432533959,0.0003766969999999,0.1024757996,-0.076802325,2.0,0.024508931,0.0069322288,0.0858696832,0.0165519209,0.09199188,0.094013479,8.0,0.0244571307,1.303557e-12,0.0375684388,0.0167416336,0.2316826423,1.752410781,1.2288793e-08,59.0,173.371
2021-05-28,1748703084.7,0.4819695739,0.2322946701,-0.0851780319999999,19.459949862,0.0370519579,2.3333252838,0.1206626296,0.0190801429,0.2506386558,0.5796900332,-0.091061458,1.4966992119,0.1388310269,-0.138831027,23.0,-0.384880232,0.0674400793,-0.820644333,0.1934414266,13.711075104,0.0418528387,0.0583094329,-0.0624403679999999,0.0142566191,0.2043201348999999,0.0165662961,0.0521546403,0.0,1.0970482394,0.1606095293,0.0,0.0,0.0,0.4250614251,0.0125925817999999,0.8001082090999999,0.4103722292,0.2680306061,0.2425066088,0.2324324323999999,0.3213319561,0.1773350219999999,0.3701878268999999,151707.80274,0.4558814050999999,0.0059942332,0.1577518559,-0.000969013,-0.213098622,0.024675982,0.0189635855,0.0116262177,-0.122506075,-0.032825123,0.0097460567,-2.323610632,4.0,0.8707921469,0.0,0.0390459144,0.1280862107,,0.0752687539,5.0730057688,14.119287296,15.881900017,0.4385570761999999,1.0,0.2045412582,0.0,0.3048408892,0.5822091694,-0.4823762239999999,0.263336585,0.2432533959,0.0003766969999999,0.1024757996,-0.076802325,2.0,0.024508931,0.0069322288,0.0858696832,0.0165519209,0.09199188,0.094013479,8.0,0.018967569,9.970571e-13,0.0220955666,0.0120838341999999,0.3337363882,2.7765541226,1.3705378e-08,59.0,161.1535
2021-06-30,1625471589.2,0.482061336,0.2323831316,-0.279746709,19.084001787,0.0374285902,1.9459594159,-0.070470221,0.0945000297,0.4196946819,0.4987359521,-0.098766854,1.5122437418,0.1388310269,-0.138831027,23.0,-0.384880232,0.0674400793,-0.820644333,0.1934414266,13.711075104,0.0418528387,0.0583094329,-0.0624403679999999,0.0142566191,0.2043201348999999,0.0165662961,0.0521546403,0.0,1.0970482394,0.1606095293,0.0,0.0,0.0,0.4250614251,0.0125925817999999,0.8001082090999999,0.4103722292,0.2680306061,0.2425066088,0.2324324323999999,0.3213319561,0.1773350219999999,0.3701878268999999,153503.63753,0.4558814050999999,0.0059942332,0.1577518559,-0.000969013,-0.213098622,0.024675982,0.0189635855,0.0116262177,-0.122506075,-0.032825123,0.0097460567,-2.323610632,4.0,0.8707921469,0.0,0.0390459144,0.1280862107,,0.0752687539,5.0730057688,14.119287296,15.881900017,0.4385570761999999,1.0,0.2045412582,0.0,0.3048408892,0.5822091694,-0.4823762239999999,0.263336585,0.2432533959,0.0003766969999999,0.1024757996,-0.076802325,2.0,0.024508931,0.0069322288,0.0858696832,0.0165519209,0.09199188,0.094013479,8.0,0.0197525373,9.207253e-13,0.0194308124,0.0143117276,0.3150408425,2.3238732274,1.4715497e-08,59.0,172.008
2021-07-30,1740720915.5,0.4816527252,0.2319893477,-0.12429327,19.135683394,0.0376137973,1.6879327338,0.0673549846,-0.010396252,0.1682784487999999,0.6230262,-0.088956728,1.4373513728999998,0.1637243042999999,-0.163724304,24.0,-0.425961607,0.0570149929,-0.689515192,0.1947879554,16.599862812999998,0.0403263074,-0.059256538,0.1509737647,0.0100401606,0.6333568915,0.0112546048,-0.032689749,0.0,1.0502274795,0.1111590460999999,0.0,0.0,0.0,0.5050596197,0.0130207141999999,0.7502663731,1.9894987711,0.2607774278,0.2672231875,0.626566416,0.3079050646,0.1390465288,0.3958808246,155359.10572999998,0.4005824161999999,0.0054543424,0.5097130986,-0.042678852,-0.307892585,-0.077623622,-0.002408481,0.2214628142,0.2449995214999999,0.0800669544,0.1917806386,-2.097088744,5.0,0.8686948609,0.0,0.0260890406,0.110707033,,0.079423924,4.5618405038,16.827093231,19.321555478,0.3677339986,1.0,0.376234306,0.0,0.2356583847,0.5979921263,-0.8694612159999999,0.263336585,0.2432533959,0.0003766969999999,0.1024757996,-0.076802325,2.0,0.024508931,0.0069322288,0.0858696832,0.0165519209,0.09199188,0.094013479,8.0,0.0141181058,8.217062e-13,0.0216645896,0.0110398434,0.3026677496,1.862273628,1.5021006999999998e-08,59.0,166.3795
2021-08-31,1685228051.7,0.4698239986,0.2207345896,0.0247412498,19.2236059,0.0380322152,1.1945346328,-0.032722265,0.0729711042,0.0870482813,0.7804707672,-0.113300759,1.4819936248,0.1637243042999999,-0.163724304,24.0,-0.425961607,0.0570149929,-0.802835125,0.1947879554,16.599862812999998,0.0403263074,-0.059256538,0.1509737647,0.0100401606,0.6333568915,0.0112546048,-0.032689749,0.0,1.0502274795,0.1111590460999999,0.0,0.0,0.0,0.5050596197,0.0130207141999999,0.7502663731,1.9894987711,0.2607774278,0.2672231875,0.626566416,0.3079050646,0.1390465288,0.3958808246,182128.61287,0.4005824161999999,0.0054543424,0.5097130986,-0.042678852,-0.307892585,-0.077623622,-0.002408481,0.2214628142,0.2449995214999999,0.0800669544,0.1917806386,-2.097088744,5.0,0.8686948609,0.0,0.0260890406,0.110707033,,0.079423924,4.5618405038,16.827093231,19.321555478,0.3677339986,1.0,0.376234306,0.0,0.2356583847,0.5979921263,-0.8694612159999999,0.7660554152,0.2634816855999999,-0.000981141,-0.002749845,0.033772585,3.0,0.0255936833999999,0.0073049844999999,0.0872485653999999,0.0232683233,0.0918160016,0.097364959,8.0,0.0200157696999999,8.097486999999999e-13,0.0469270721,0.0224182814999999,0.3721679450999999,3.5363039633999995,1.2641586e-08,59.0,173.5395
2021-09-30,1757750378.2,0.4720632045,0.222843669,0.2259169373,18.968599939,0.0388158265,0.7337545138,0.0430341326,0.0758698559,-0.035749442,0.7145837853,-0.137499903,1.4008507561,0.1637243042999999,-0.163724304,24.0,-0.425961607,0.0570149929,-0.8054308029999999,0.1947879554,16.599862812999998,0.0403263074,-0.059256538,0.1509737647,0.0100401606,0.6333568915,0.0112546048,-0.032689749,0.0,1.0502274795,0.1111590460999999,0.0,0.0,0.0,0.5050596197,0.0130207141999999,0.7502663731,1.9894987711,0.2607774278,0.2672231875,0.626566416,0.3079050646,0.1390465288,0.3958808246,182964.98168,0.4005824161999999,0.0054543424,0.5097130986,-0.042678852,-0.307892585,-0.077623622,-0.002408481,0.2214628142,0.2449995214999999,0.0800669544,0.1917806386,-2.097088744,5.0,0.8686948609,0.0,0.0260890406,0.110707033,,0.079423924,4.5618405038,16.827093231,19.321555478,0.3677339986,1.0,0.376234306,0.0,0.2356583847,0.5979921263,-0.8694612159999999,0.7660554152,0.2634816855999999,-0.000981141,-0.002749845,0.033772585,3.0,0.0255936833999999,0.0073049844999999,0.0872485653999999,0.0232683233,0.0918160016,0.097364959,8.0,0.0155900075,8.284273000000001e-13,0.0214770548,0.0101494472,0.2495920921999999,1.401444094,1.6017684e-08,59.0,164.252
2021-10-29,1665515299.8,0.4805060436,0.2308860579,0.0790740167,19.031238475,0.0382196755,0.8480219148999999,-0.053518075,0.1217518438,0.1022825251,0.5720069298,-0.272087017,1.3706432836000002,0.1637243042999999,-0.163724304,24.0,-0.425961607,0.0570149929,-0.857818868,0.1947879554,16.599862812999998,0.0403263074,-0.059256538,0.1509737647,0.0100401606,0.6333568915,0.0112546048,-0.032689749,0.0,1.0502274795,0.1111590460999999,0.0,0.0,0.0,0.5050596197,0.0130207141999999,0.7502663731,1.9894987711,0.2607774278,0.2672231875,0.626566416,0.3079050646,0.1390465288,0.3958808246,183570.59494,0.4005824161999999,0.0054543424,0.5097130986,-0.042678852,-0.307892585,-0.077623622,-0.002408481,0.2214628142,0.2449995214999999,0.0800669544,0.1917806386,-2.097088744,5.0,0.8686948609,0.0,0.0260890406,0.110707033,,0.079423924,4.5618405038,16.827093231,19.321555478,0.3677339986,1.0,0.376234306,0.0,0.2356583847,0.5979921263,-0.8694612159999999,0.9740604784,0.2277135172,0.0063822670999999,-0.057965022,0.0146011038,4.0,0.0252401189,0.0073865234,0.0867949981,0.0212040874,0.087288733,0.0880059736999999,8.0,0.0168582447,7.282066999999999e-13,0.0108924033,0.0106797597,0.2386594019,1.5348625789,1.6952208e-08,59.0,168.6215
2021-11-30,1710321095.0,0.4532853868,0.2054676419,-0.169440039,19.042739339,0.0376146801,0.6550171931000001,0.0266023837,-0.052598154,0.0819755721,0.8999566969,-0.190763543,1.238548379,0.1637243042999999,-0.163724304,24.0,-0.425961607,0.0570149929,-0.827278135,0.1947879554,16.599862812999998,0.0403263074,-0.059256538,0.1509737647,0.0100401606,0.6333568915,0.0112546048,-0.032689749,0.0,1.0502274795,0.1111590460999999,0.0,0.0,0.0,0.5050596197,0.0130207141999999,0.7502663731,1.9894987711,0.2607774278,0.2672231875,0.626566416,0.3079050646,0.1390465288,0.3958808246,183570.59494,0.4005824161999999,0.0054543424,0.5097130986,-0.042678852,-0.307892585,-0.077623622,-0.002408481,0.2214628142,0.2449995214999999,0.0800669544,0.1917806386,-2.097088744,5.0,0.8686948609,0.0,0.0260890406,0.110707033,,0.079423924,4.5618405038,16.827093231,19.321555478,0.3677339986,1.0,0.376234306,0.0,0.2356583847,0.5979921263,-0.8694612159999999,0.9740604784,0.2277135172,0.0063822670999999,-0.057965022,0.0146011038,4.0,0.0252401189,0.0073865234,0.0867949981,0.0212040874,0.087288733,0.0880059736999999,8.0,0.0182117901,1.12031e-12,0.0330801643,0.0153659419,0.3745958615999999,2.5917386211,1.6683106e-08,59.0,175.3535
2021-12-31,1778603571.0,0.4438014336999999,0.1969597126,0.0707443737,18.992409759,0.035356586,0.5017271303999999,0.0399237759,0.0463408658,0.0645161941,0.8743912527,-0.475559069,1.3203410706999998,0.1637243042999999,-0.163724304,24.0,-0.425961607,0.0570149929,-0.827278135,0.1947879554,16.599862812999998,0.0403263074,-0.059256538,0.1509737647,0.0100401606,0.6333568915,0.0112546048,-0.032689749,0.0,1.0502274795,0.1111590460999999,0.0,0.0,0.0,0.5050596197,0.0130207141999999,0.7502663731,1.9894987711,0.2607774278,0.2672231875,0.626566416,0.3079050646,0.1390465288,0.3958808246,187263.28346,0.4005824161999999,0.0054543424,0.5097130986,-0.042678852,-0.307892585,-0.077623622,-0.002408481,0.2214628142,0.2449995214999999,0.0800669544,0.1917806386,-2.097088744,5.0,0.8686948609,0.0,0.0260890406,0.110707033,,0.079423924,4.5618405038,16.827093231,19.321555478,0.3677339986,1.0,0.376234306,0.0,0.2356583847,0.5979921263,-0.8694612159999999,0.9740604784,0.2277135172,0.0063822670999999,-0.057965022,0.0146011038,4.0,0.0252401189,0.0073865234,0.0867949981,0.0212040874,0.087288733,0.0880059736999999,8.0,0.0261888919,1.02504e-12,0.041437041,0.0183125961,0.3040813562,2.098731848,1.4027548e-08,59.0,166.717
