tradeDate,mvel1,beta,betasq,chmom,dolvol,idiovol,indmom,mom1m,mom6m,mom12m,mom36m,pricedelay,turn,absacc,acc,age,agr,bm,bm_ia,cashdebt,cashpr,cfp,cfp_ia,chatoia,chcsho,chempia,chinv,chpmia,convind,currat,depr,divi,divo,dy,egr,ep,gma,grcapx,grltnoa,herf,hire,invest,lev,lgr,mve_ia,operprof,orgcap,pchcapx_ia,pchcurrat,pchdepr,pchgm_pchsale,pchquick,pchsale_pchinvt,pchsale_pchrect,pchsale_pchxsga,pchsaleinv,pctacc,ps,quick,rd,rd_mve,rd_sale,realestate,roic,salecash,saleinv,salerec,secured,securedind,sgr,sin,sp,tang,tb,aeavol,cash,chtx,cinvest,ear,nincr,roaq,roavol,roeq,rsup,stdacc,stdcf,ms,baspread,ill,maxret,retvol,std_dolvol,std_turn,zerotrade,sic2,close
1990-01-31,,,,,,,,,,,,,,,,,,,,,,,,,,,,,,,,,,,,,,,,,,,,,,,,,,,,,,,,,,,,,,,,,,,,,,,,,,,,,,,,,,,,,,,,,,,,,,,,
1990-02-28,,,,,,,,,,,,,,,,,,,,,,,,,,,,,,,,,,,,,,,,,,,,,,,,,,,,,,,,,,,,,,,,,,,,,,,,,,,,,,,,,,,,,,,,,,,,,,,,
1990-03-30,,,,,,,,,,,,,,,,,,,,,,,,,,,,,,,,,,,,,,,,,,,,,,,,,,,,,,,,,,,,,,,,,,,,,,,,,,,,,,,,,,,,,,,,,,,,,,,,
1990-04-30,,,,,,,,,,,,,,,,,,,,,,,,,,,,,,,,,,,,,,,,,,,,,,,,,,,,,,,,,,,,,,,,,,,,,,,,,,,,,,,,,,,,,,,,,,,,,,,,
1990-05-31,,,,,,,,,,,,,,,,,,,,,,,,,,,,,,,,,,,,,,,,,,,,,,,,,,,,,,,,,,,,,,,,,,,,,,,,,,,,,,,,,,,,,,,,,,,,,,,,
1990-06-29,,,,,,,,,,,,,,,,,,,,,,,,,,,,,,,,,,,,,,,,,,,,,,,,,,,,,,,,,,,,,,,,,,,,,,,,,,,,,,,,,,,,,,,,,,,,,,,,
1990-07-31,,,,,,,,,,,,,,,,,,,,,,,,,,,,,,,,,,,,,,,,,,,,,,,,,,,,,,,,,,,,,,,,,,,,,,,,,,,,,,,,,,,,,,,,,,,,,,,,
1990-08-31,,,,,,,,,,,,,,,,,,,,,,,,,,,,,,,,,,,,,,,,,,,,,,,,,,,,,,,,,,,,,,,,,,,,,,,,,,,,,,,,,,,,,,,,,,,,,,,,
1990-09-28,,,,,,,,,,,,,,,,,,,,,,,,,,,,,,,,,,,,,,,,,,,,,,,,,,,,,,,,,,,,,,,,,,,,,,,,,,,,,,,,,,,,,,,,,,,,,,,,
1990-10-31,,,,,,,,,,,,,,,,,,,,,,,,,,,,,,,,,,,,,,,,,,,,,,,,,,,,,,,,,,,,,,,,,,,,,,,,,,,,,,,,,,,,,,,,,,,,,,,,
1990-11-30,,,,,,,,,,,,,,,,,,,,,,,,,,,,,,,,,,,,,,,,,,,,,,,,,,,,,,,,,,,,,,,,,,,,,,,,,,,,,,,,,,,,,,,,,,,,,,,,
1990-12-31,,,,,,,,,,,,,,,,,,,,,,,,,,,,,,,,,,,,,,,,,,,,,,,,,,,,,,,,,,,,,,,,,,,,,,,,,,,,,,,,,,,,,,,,,,,,,,,,
1991-01-31,,,,,,,,,,,,,,,,,,,,,,,,,,,,,,,,,,,,,,,,,,,,,,,,,,,,,,,,,,,,,,,,,,,,,,,,,,,,,,,,,,,,,,,,,,,,,,,,
1991-02-28,,,,,,,,,,,,,,,,,,,,,,,,,,,,,,,,,,,,,,,,,,,,,,,,,,,,,,,,,,,,,,,,,,,,,,,,,,,,,,,,,,,,,,,,,,,,,,,,
1991-03-28,,,,,,,,,,,,,,,,,,,,,,,,,,,,,,,,,,,,,,,,,,,,,,,,,,,,,,,,,,,,,,,,,,,,,,,,,,,,,,,,,,,,,,,,,,,,,,,,
1991-04-30,,,,,,,,,,,,,,,,,,,,,,,,,,,,,,,,,,,,,,,,,,,,,,,,,,,,,,,,,,,,,,,,,,,,,,,,,,,,,,,,,,,,,,,,,,,,,,,,
1991-05-31,,,,,,,,,,,,,,,,,,,,,,,,,,,,,,,,,,,,,,,,,,,,,,,,,,,,,,,,,,,,,,,,,,,,,,,,,,,,,,,,,,,,,,,,,,,,,,,,
1991-06-28,,,,,,,,,,,,,,,,,,,,,,,,,,,,,,,,,,,,,,,,,,,,,,,,,,,,,,,,,,,,,,,,,,,,,,,,,,,,,,,,,,,,,,,,,,,,,,,,
1991-07-31,,,,,,,,,,,,,,,,,,,,,,,,,,,,,,,,,,,,,,,,,,,,,,,,,,,,,,,,,,,,,,,,,,,,,,,,,,,,,,,,,,,,,,,,,,,,,,,,
1991-08-30,,,,,,,,,,,,,,,,,,,,,,,,,,,,,,,,,,,,,,,,,,,,,,,,,,,,,,,,,,,,,,,,,,,,,,,,,,,,,,,,,,,,,,,,,,,,,,,,
1991-09-30,,,,,,,,,,,,,,,,,,,,,,,,,,,,,,,,,,,,,,,,,,,,,,,,,,,,,,,,,,,,,,,,,,,,,,,,,,,,,,,,,,,,,,,,,,,,,,,,
1991-10-31,,,,,,,,,,,,,,,,,,,,,,,,,,,,,,,,,,,,,,,,,,,,,,,,,,,,,,,,,,,,,,,,,,,,,,,,,,,,,,,,,,,,,,,,,,,,,,,,
1991-11-29,,,,,,,,,,,,,,,,,,,,,,,,,,,,,,,,,,,,,,,,,,,,,,,,,,,,,,,,,,,,,,,,,,,,,,,,,,,,,,,,,,,,,,,,,,,,,,,,
1991-12-31,,,,,,,,,,,,,,,,,,,,,,,,,,,,,,,,,,,,,,,,,,,,,,,,,,,,,,,,,,,,,,,,,,,,,,,,,,,,,,,,,,,,,,,,,,,,,,,,
1992-01-31,,,,,,,,,,,,,,,,,,,,,,,,,,,,,,,,,,,,,,,,,,,,,,,,,,,,,,,,,,,,,,,,,,,,,,,,,,,,,,,,,,,,,,,,,,,,,,,,
1992-02-28,,,,,,,,,,,,,,,,,,,,,,,,,,,,,,,,,,,,,,,,,,,,,,,,,,,,,,,,,,,,,,,,,,,,,,,,,,,,,,,,,,,,,,,,,,,,,,,,7.6875
1992-03-31,391878.0,,,,,,0.3110341509,,,,,,,,,,,,,,,,,,,,,,,,,,,,,,,,,,,,,,,,,,,,,,,,,,,,,,,,,,,,,,,,,,,,,,,,,,,,,,,,,0.0956258379,9.622004e-10,0.0,0.0001014205,1.1561116004,40.947208458,4.9741084e-08,73.0,8.0
1992-04-30,407808.0,,,,,,0.2896948882,0.040650405,,,,,,,,,,,,,,,,,,,,,,,,,,,,,,,,,,,,,,,,,,,,,,,,,,,,,,,,,,,,,,,,,,,,,,,,,,,,,,,,0.0332281237,7.7648858e-09,0.0325203239999999,0.0248703276,0.7958111914,7.3860061413,1.0797538e-08,73.0,7.25
1992-05-29,369576.0,,,,13.529256798,,0.2523535014999999,-0.09375,,,,,2.2069470601,,,,,,,,,,,,,,,,,,,,,,,,,,,,,,,,,,,,,,,,,,,,,,,,,,,,,,,,,,,,,,,,,,,,,,,,,,,0.0445371375,1.7664664000000002e-08,0.115384616,0.0397793515,0.8252990802,4.493656108,1.4070981000000005e-08,73.0,6.84375
1992-06-30,348867.0,,,,13.212571473,,0.2314247646999999,-0.0560344829999999,,,,,1.5798022599,,,,,,,,,,,,,,,,,,,,,,,,,,,,,,,,,,,,,,,,,,,,,,,,,,,,,,,,,,,,,,,,,,,,,,,,,,,0.0476645329,1.4266179e-08,0.0603448263999999,0.0331071332,0.6865803074,5.5646720497,1.5437089e-08,73.0,7.0
1992-07-31,356832.0,,,,13.111029643,,0.3194640739,0.0228310506999999,,,,,1.5404975902000002,,,,,,,,,,,,,,,,,,,,,,,,,,,,,,,,,,,,,,,,,,,,,,,,,,,,,,,,,,,,,,,,,,,,,,,,,,,0.0563709284999999,1.6597792000000004e-08,0.0869565234,0.0445760695,0.7309459345999999,5.670445635,1.1413719e-08,73.0,6.5
1992-08-31,332670.0,,,,13.340232242,,0.2697623119,-0.071428575,-0.086455168,,,,2.0684121402,,,,,,,,,,,,,,,,,,,,,,,,,,,,,,,,,,,,,,,,,,,,,,,,,,,,,,,,,,,,,,,,,,,,,,,,,,,0.0412704828,8.4859367e-09,0.0673575103,0.0293742985999999,0.9412167667,15.354042355,6.5017254e-09,73.0,6.25
1992-09-30,319875.0,,,,13.832817918,,0.3028762322,-0.03846154,-0.154471549,,,,2.4877850764,,,,,,,,,,,,,,,,,,,,,,,,,,,,,,,,,,,,,,,,,,,,,,,,,,,,,,,,,,,,,,,,,,,,,,,,,,,0.0249322401,5.1130885e-09,0.0638297871,0.0223722481,0.7461277302,10.785123625,6.7002438e-09,73.0,7.375
1992-10-30,399695.5,,,,13.810095925,,0.2693797216,0.1800000071999999,-0.218750004,,,,3.3340713952,,,,,,,,,,,,,,,,,,,,,,,,,,,,,,,,,,,,,,,,,,,,,,,,,,,,,,,,,,,,,,0.1486925413,0.7061565126,,0.0384818376,-0.109225675,5.0,0.042333642,,0.072345813,0.0117383671,,,,0.0360549551,6.1060760000000005e-09,0.0630630626999999,0.0289288298,1.1158737473,19.920126707,4.7311895e-09,73.0,7.5625
1992-11-30,409857.25,,,,14.32820753,,0.2581713680999999,0.0254237279,0.0172413806,,,,3.6965089675,,,,,,,,,,,,,,,,,,,,,,,,,,,,,,,,,,,,,,,,,,,,,,,,,,,,,,,,,,,,,,0.1486925413,0.7061565126,,0.0384818376,-0.109225675,5.0,0.042333642,,0.072345813,0.0117383671,,,,0.0411673575,4.3983876e-09,0.0548523217,0.0315470186,0.6882263496,13.442145889,5.0021738e-09,73.0,7.8125
1992-12-31,423406.25,,,,14.30373238,,0.2769888139,0.0330578499,0.1050228318,,,,3.5106157896,,,,,,,,,,,,,,,,,,,,,,,,,,,,,,,,,,,,,,,,,,,,,,,,,,,,,,,,,,,,,,0.1486925413,0.7061565126,,0.0384818376,-0.109225675,5.0,0.042333642,,0.072345813,0.0117383671,,,,0.0316517306,5.1577846e-09,0.0370370373,0.0223511679999999,0.8771894847,6.3983217148,9.1964753e-09,73.0,8.65625
1993-01-29,469134.125,,,,13.822610295,,0.3150247171999999,0.1080000028,0.1160714274,,,,2.8801387556,,,,,,,,,,,,,,,,,,,,,,,,,,,,,,,,,,,,,,,,,,,,,,,,,,,,,,,,,,,,,,-0.376533501,0.6940313934000001,,0.0163238208,-0.0147068539999999,6.0,0.0291294659,,0.0391496692,0.0139758834,,,,0.0237504448,3.0487318e-09,0.0368852466,0.0161862299,0.9175869879,6.8025695076,8.6982261e-09,73.0,8.4375
1993-02-26,457278.75,,,0.4497853027,13.885543955,,0.1924719811,-0.0252707579999999,0.3317307758,0.129696066,,,2.6179053805000003,,,,,,,,,,,,,,,,,,,,,,,,,,,,,,,,,,,,,,,,,,,,,,,,,,,,,,,,,,,,,,-0.376533501,0.6940313934000001,,0.0163238208,-0.0147068539999999,6.0,0.0291294659,,0.0391496692,0.0139758834,,,,0.0406422382,4.311013e-09,0.0652173907,0.0306864593,0.8547440446,13.485259653,6.8598411e-09,73.0,8.0
1993-03-31,433568.0,,,0.4669918855,14.192715071,,0.2231478857999999,-0.05185185,0.3500000085,0.0975609757,,,2.7023888602,,,,,,,,,,,,,,,,,,,,,,,,,,,,,,,,,,,,,,,,,,,,,,,,,,,,,,,,,,,,,,-0.376533501,0.6940313934000001,,0.0163238208,-0.0147068539999999,6.0,0.0291294659,,0.0391496692,0.0139758834,,,,0.0484294296,6.0552355e-09,0.0737704933,0.0403376138,0.5255534345,9.4141415225,8.748374e-09,73.0,8.375
1993-04-30,453891.5,1.5801455159,2.4968598516,0.2137182216,13.947576878,0.0599589323,0.0314011904,0.046875,0.0847457651,3.5004633e-09,,0.3590691601,3.0470509798000003,,,1.0,,,,0.0175052676,7.4669705207,0.043130333,0.0016256497,,,,,,0.0,2.7699057098,0.45463824,,,0.0,,0.0178435834,,,,0.1299437505,,,0.0588097688999999,,-96.00329952,,,,,,,,,,,,,,2.7699057098,,0.0255519514,0.1621111110999999,,0.2375429774,1.4763087594,,3.7713259503,1.0,1.0,,0.0,0.1576199882,0.7267257618,-1.045360647,-0.178680485,0.5226582403,0.0166680791999999,0.0281639614,-0.041106087,7.0,0.0297672366999999,,0.0407439544,0.0195098519,,,3.0,0.0371737205,9.2695387e-09,0.0694444478,0.0293328702,1.1111582344,16.172047979000002,5.2490494e-09,73.0,8.78125
1993-05-28,491714.875,1.3117128879,1.7205907003,0.1180535802,14.313139386,0.0664023745,0.1205972288,0.0485074632,0.1074380199,0.1551724178,,0.142499146,2.9074457699000003,,,1.0,,,,0.0175052676,7.4669705207,0.043130333,0.0016256497,,,,,,0.0,2.7699057098,0.45463824,,,0.0,,0.0178435834,,,,0.1299437505,,,0.0588097688999999,,-96.00329952,,,,,,,,,,,,,,2.7699057098,,0.0255519514,0.1621111110999999,,0.2375429774,1.4763087594,,3.7713259503,1.0,1.0,,0.0,0.1576199882,0.7267257618,-1.045360647,-0.178680485,0.5226582403,0.0166680791999999,0.0281639614,-0.041106087,7.0,0.0297672366999999,,0.0407439544,0.0195098519,,,3.0,0.0420138842,6.9341444e-09,0.0666666700999999,0.0345085835,0.755203669,14.948638214,7.801052e-09,73.0,10.125
1993-06-30,566959.5,1.2476795114,1.5567041631,0.1544474966,14.086813884,0.0643962152,0.0827359892,0.1530249119,0.1240000055,0.2831050283,,0.1562497728,3.0956496893,,,1.0,,,,0.0175052676,7.4669705207,0.043130333,0.0016256497,,,,,,0.0,2.7699057098,0.45463824,,,0.0,,0.0178435834,,,,0.1299437505,,,0.0588097688999999,,-96.00329952,,,,,,,,,,,,,,2.7699057098,,0.0255519514,0.1621111110999999,,0.2375429774,1.4763087594,,3.7713259503,1.0,1.0,,0.0,0.1576199882,0.7267257618,-1.045360647,-0.178680485,0.5226582403,0.0166680791999999,0.0281639614,-0.041106087,7.0,0.0297672366999999,,0.0407439544,0.0195098519,,,3.0,0.0325863054,4.6620204e-09,0.0855263174,0.0280750562,1.175658911,14.334547587,7.029009000000001e-09,73.0,11.375
1993-07-30,636954.5,1.3188815831999998,1.7394486305,0.0774722829,14.383334283,0.0650356991,0.2362618373,0.123456791,0.1696750939,0.4464285779999999,,0.0232499935999999,2.768190929,,,1.0,,0.1239347063,-15.81807147,0.0175052676,7.4669705207,0.043130333,0.0016256497,,,,,,0.0,2.7699057098,0.45463824,,,0.0,,0.0178435834,,,,0.1299437505,,,0.0588097688999999,,-96.00329952,,,,,,,,,,,,,,2.7699057098,,0.0255519514,0.1621111110999999,,0.2375429774,1.4763087594,,3.7713259503,1.0,1.0,,0.0,0.1576199882,0.7267257618,-1.045360647,1.1855612113,0.6048443228,0.0176742955,-0.020025545,-0.0882942819999999,8.0,0.0327135998,,0.0459392521999999,0.0330711707,,,3.0,0.04013528,4.254766e-09,0.1089743599,0.0381858867,0.7389636376000001,8.405950993200001,7.3526289e-09,73.0,12.1875
1993-08-31,697222.5,1.3115666591,1.7202071013,0.1463675252,14.359441987,0.063608784,0.2107277794,0.0714285746,0.3481481535,0.7500000154,,0.221977288,2.9770195311000003,,,1.0,,0.1239347063,-15.73654098,0.0175052676,7.4669705207,0.043130333,0.0016256497,,,,,,0.0,2.7699057098,0.45463824,,,0.0,,0.0178435834,,,,0.1299437505,,,0.0588097688999999,,-96.00329952,,,,,,,,,,,,,,2.7699057098,,0.0255519514,0.1621111110999999,,0.2375429774,1.4763087594,,3.7713259503,1.0,1.0,,0.0,0.1576199882,0.7267257618,-1.045360647,1.1855612113,0.6048443228,0.0176742955,-0.020025545,-0.0882942819999999,8.0,0.0327135998,,0.0459392521999999,0.0330711707,,,3.0,0.0337624459,2.6290022e-09,0.087878786,0.0333530596,0.8640387163,11.181062003,6.4296343e-09,73.0,12.0625
1993-09-30,690071.5,1.1665881742,1.3609279682,0.2278124965,14.62966723,0.065544159,0.2537330663,-0.010256411,0.5234375076,0.9500000259,,-0.064091467,2.6149500517,,,1.0,,0.1239347063,-15.77066516,0.0175052676,7.4669705207,0.043130333,0.0016256497,,,,,,0.0,2.7699057098,0.45463824,,,0.0,,0.0178435834,,,,0.1299437505,,,0.0588097688999999,,-96.00329952,,,,,,,,,,,,,,2.7699057098,,0.0255519514,0.1621111110999999,,0.2375429774,1.4763087594,,3.7713259503,1.0,1.0,,0.0,0.1576199882,0.7267257618,-1.045360647,1.1855612113,0.6048443228,0.0176742955,-0.020025545,-0.0882942819999999,8.0,0.0327135998,,0.0459392521999999,0.0330711707,,,3.0,0.0256411158999999,2.5139997e-09,0.0339425579,0.0186596707,0.6584604592000001,5.4637455451,9.575752e-09,73.0,11.875
1993-10-29,689462.5,1.1580472231,1.341073371,0.2823172321,14.17536549,0.0645520421,0.2859386621999999,-0.015544041,0.4402985142,0.6355932315999999,,0.1273348241,2.5596279711000003,,,1.0,,0.1239347063,-15.67924115,0.0175052676,7.4669705207,0.043130333,0.0016256497,,,,,,0.0,2.7699057098,0.45463824,,,0.0,,0.0178435834,,,,0.1299437505,,,0.0588097688999999,,-96.00329952,,,,,,,,,,,,,,2.7699057098,,0.0255519514,0.1621111110999999,,0.2375429774,1.4763087594,,3.7713259503,1.0,1.0,,0.0,0.1576199882,0.7267257618,-1.045360647,0.6494369561,0.6384271743,0.0142006146,0.0130078809,0.0772104515,8.0,0.0397545358,,0.0544011429,0.0400327102,,,3.0,0.0336675117,3.7136845e-09,0.0638297871,0.0282552933,0.9611194224,8.0943542468,8.4070874e-09,73.0,12.875
1993-11-30,747522.5,1.2534795516,1.5712109863,0.3050351536,14.336721072,0.0646034551,0.2731357259,0.0842105299,0.3523131735,0.5702479467,,0.0786808737,2.6116890573,,,1.0,,0.1239347063,-15.79288312,0.0175052676,7.4669705207,0.043130333,0.0016256497,,,,,,0.0,2.7699057098,0.45463824,,,0.0,,0.0178435834,,,,0.1299437505,,,0.0588097688999999,,-96.00329952,,,,,,,,,,,,,,2.7699057098,,0.0255519514,0.1621111110999999,,0.2375429774,1.4763087594,,3.7713259503,1.0,1.0,,0.0,0.1576199882,0.7267257618,-1.045360647,0.6494369561,0.6384271743,0.0142006146,0.0130078809,0.0772104515,8.0,0.0397545358,,0.0544011429,0.0400327102,,,3.0,0.038782717,2.702501e-09,0.0543478243,0.026763336,0.8525060238,9.6077156618,6.2260412e-09,73.0,11.3125
1993-12-31,656803.75,1.4231139888,2.025253425,-0.178716047,14.732343143,0.0643569234,0.2108680178,-0.1213592219999999,0.2716049473999999,0.6480000211,,0.132151498,2.7308595161,,,1.0,,0.1239347063,-15.78337277,0.0175052676,7.4669705207,0.043130333,0.0016256497,,,,,,0.0,2.7699057098,0.45463824,,,0.0,,0.0178435834,,,,0.1299437505,,,0.0588097688999999,,-96.00329952,,,,,,,,,,,,,,2.7699057098,,0.0255519514,0.1621111110999999,,0.2375429774,1.4763087594,,3.7713259503,1.0,1.0,,0.0,0.1576199882,0.7267257618,-1.045360647,0.6494369561,0.6384271743,0.0142006146,0.0130078809,0.0772104515,8.0,0.0397545358,,0.0544011429,0.0400327102,,,3.0,0.0350834309,3.167868e-09,0.0361111127,0.0217267999,1.092447429,8.3468975621,8.1807847e-09,73.0,11.3125
1994-01-31,668252.0,1.5037019562,2.2611195732,-0.319573925,14.329902415,0.0633356554,0.1486168539,0.0,-0.0054944969999999,0.3068592217,,0.1104781991,3.0289590105,,,1.0,,0.1239347063,-15.65346038,0.0175052676,7.4669705207,0.043130333,0.0016256497,,,,,,0.0,2.7699057098,0.45463824,,,0.0,,0.0178435834,,,,0.1299437505,,,0.0588097688999999,,-96.00329952,,,,,,,,,,,,,,2.7699057098,,0.0255519514,0.1621111110999999,,0.2375429774,1.4763087594,,3.7713259503,1.0,1.0,,0.0,0.1576199882,0.7267257618,-1.045360647,0.998901715,0.6750741977,0.0162892934,-0.021650898,0.0790691746,8.0,0.0413832656,,0.0611380325,0.034612849,,,3.0,0.0376188224,3.0680907e-09,0.0523255803,0.0327470087,0.8600941403,12.491989266,5.9391037e-09,73.0,11.28125
1994-02-28,666406.0,1.8148254976,3.2935915866000003,-0.518803424,14.604835837,0.0630523041,0.0946183900999999,-0.0027624309999999,-0.071794867,0.3407407571999999,,0.2037099782999999,3.1432376309,,,1.0,,0.1239347063,-15.91979419,0.0175052676,7.4669705207,0.043130333,0.0016256497,,,,,,0.0,2.7699057098,0.45463824,,,0.0,,0.0178435834,,,,0.1299437505,,,0.0588097688999999,,-96.00329952,,,,,,,,,,,,,,2.7699057098,,0.0255519514,0.1621111110999999,,0.2375429774,1.4763087594,,3.7713259503,1.0,1.0,,0.0,0.1576199882,0.7267257618,-1.045360647,0.998901715,0.6750741977,0.0162892934,-0.021650898,0.0790691746,8.0,0.0413832656,,0.0611380325,0.034612849,,,3.0,0.0369780466,3.1331617e-09,0.052941177,0.0249507517,1.1579257716,17.12944119,5.736504e-09,73.0,11.21875
1994-03-31,662714.0,1.773724025,3.1460969168,-0.577760688,14.699356246,0.0619891338,0.1938733449,-0.005540166,-0.064766834,0.4101562643999999,,0.2005776812999999,2.8464321072000005,,,1.0,,0.1239347063,-15.88083951,0.0175052676,7.4669705207,0.043130333,0.0016256497,,,,,,0.0,2.7699057098,0.45463824,,,0.0,,0.0178435834,,,,0.1299437505,,,0.0588097688999999,,-96.00329952,,,,,,,,,,,,,,2.7699057098,,0.0255519514,0.1621111110999999,,0.2375429774,1.4763087594,,3.7713259503,1.0,1.0,,0.0,0.1576199882,0.7267257618,-1.045360647,0.998901715,0.6750741977,0.0162892934,-0.021650898,0.0790691746,8.0,0.0413832656,,0.0611380325,0.034612849,,,3.0,0.0333562144,2.6538429e-09,0.0523255803,0.0267218546,0.8744079187999999,15.92391265,7.2027408e-09,73.0,10.9375
1994-04-29,765975.0,1.7823614974000002,3.1768125075,-0.4968578179999999,14.566284223,0.0610859977,0.1706261472,-0.025069637,-0.0552631529999999,0.3395522527,,0.1890276122,2.9612558069,0.333823233,-0.333823233,2.0,-0.491708309,0.1752142844,-18.25805851,0.6135780165,6.7780384712,0.0683750023,0.01766806,,0.0712967747,0.2333147215,0.0,0.0422880378,0.0,2.5479341348,0.4767567568,0.0,0.0,0.0,0.4137628565,0.0191235927,1.1996129728,,0.0873561636,0.1120230978,0.432038835,0.0910738781,0.0574302446,0.6845060836,160.68450067,0.3176802638,0.0147318014,-10.80408505,-0.08013687,0.048650806,0.0394474997,-0.08013687,,0.7980929576000001,-0.021811622,,-2.575426621,7.0,2.5479341348,1.0,0.0266569973,0.1701759259,,0.5016296919,1.2895368414,,7.0565174779,,0.0,0.7142857143000001,0.0,0.1566437624,0.8343718954000001,-1.267220679,1.2028319504,0.6580348919,0.0194493435,0.073219042,0.0141763755,8.0,0.0442874709999999,,0.0653933842,0.0281410429,,,7.0,0.0365272212999999,1.8144197e-09,0.0773993805,0.0255462712,0.6749831767,9.1878549512,5.1955895e-09,73.0,10.0
1994-05-31,700320.0,1.8615660742,3.4654282484,-0.689493153,14.687964338,0.0611778298,0.1393760647,-0.085714288,-0.150485435,0.2455516146,,0.1394513527999999,3.0094813799,0.333823233,-0.333823233,2.0,-0.491708309,0.1752142844,-18.39375215,0.6135780165,6.7780384712,0.0683750023,0.01766806,,0.0712967747,0.2333147215,0.0,0.0422880378,0.0,2.5479341348,0.4767567568,0.0,0.0,0.0,0.4137628565,0.0191235927,1.1996129728,,0.0873561636,0.1120230978,0.432038835,0.0910738781,0.0574302446,0.6845060836,160.68450067,0.3176802638,0.0147318014,-10.80408505,-0.08013687,0.048650806,0.0394474997,-0.08013687,,0.7980929576000001,-0.021811622,,-2.575426621,7.0,2.5479341348,1.0,0.0266569973,0.1701759259,,0.5016296919,1.2895368414,,7.0565174779,,0.0,0.7142857143000001,0.0,0.1566437624,0.8343718954000001,-1.267220679,1.2028319504,0.6580348919,0.0194493435,0.073219042,0.0141763755,8.0,0.0442874709999999,,0.0653933842,0.0281410429,,,7.0,0.054420882,2.9347772e-09,0.0680147037,0.0472965188999999,0.6995411585,12.717373748,7.1776762e-09,73.0,9.46875
1994-06-30,663115.5,1.9234501236,3.699660378,-0.280267389,14.624946325,0.0614101608,0.0717484564,-0.053125001,-0.116022101,-0.012345672,,0.0813488805,2.7834704135000004,0.333823233,-0.333823233,2.0,-0.491708309,0.1752142844,-18.49306684,0.6135780165,6.7780384712,0.0683750023,0.01766806,,0.0712967747,0.2333147215,0.0,0.0422880378,0.0,2.5479341348,0.4767567568,0.0,0.0,0.0,0.4137628565,0.0191235927,1.1996129728,,0.0873561636,0.1120230978,0.432038835,0.0910738781,0.0574302446,0.6845060836,160.68450067,0.3176802638,0.0147318014,-10.80408505,-0.08013687,0.048650806,0.0394474997,-0.08013687,,0.7980929576000001,-0.021811622,,-2.575426621,7.0,2.5479341348,1.0,0.0266569973,0.1701759259,,0.5016296919,1.2895368414,,7.0565174779,,0.0,0.7142857143000001,0.0,0.1566437624,0.8343718954000001,-1.267220679,1.2028319504,0.6580348919,0.0194493435,0.073219042,0.0141763755,8.0,0.0442874709999999,,0.0653933842,0.0281410429,,,7.0,0.0315342564,2.0993997e-09,0.0805369094,0.0234849379,0.6694011659,6.4814807347,1.0321005e-08,73.0,9.375
1994-07-29,656550.0,1.9463963947,3.7884589255,-0.165776224,14.107090306,0.0605897871,0.0522175255,-0.00990099,-0.162983428,-0.167582414,,0.1381417704,2.4892137973,0.333823233,-0.333823233,2.0,-0.491708309,0.1230059917999999,-2.338277322,0.6135780165,6.7780384712,0.0683750023,0.01766806,,0.0712967747,0.2333147215,0.0,0.0422880378,0.0,2.5479341348,0.4767567568,0.0,0.0,0.0,0.4137628565,0.0191235927,1.1996129728,,0.0873561636,0.1120230978,0.432038835,0.0910738781,0.0574302446,0.6845060836,160.68450067,0.3176802638,0.0147318014,-10.80408505,-0.08013687,0.048650806,0.0394474997,-0.08013687,,0.7980929576000001,-0.021811622,,-2.575426621,7.0,2.5479341348,1.0,0.0266569973,0.1701759259,,0.5016296919,1.2895368414,,7.0565174779,,0.0,0.7142857143000001,0.0,0.1566437624,0.8343718954000001,-1.267220679,0.3166616787,0.6867652406,0.0183286158,-0.098800313,-0.027112546,8.0,0.0361177098,,0.0583568326999999,0.022891065,,,7.0,0.0435118403,4.1469657e-09,0.0825082511,0.0345046799,0.7875573776000001,5.8133010578,8.6465822e-09,73.0,9.625
1994-08-31,679371.0,1.9115193566,3.6539062505,-0.072455437,14.227628487,0.0606709711,-0.003638851,0.0266666673,-0.168975072,-0.230769229,,0.1016708304,2.0814726661000003,0.333823233,-0.333823233,2.0,-0.491708309,0.1230059917999999,-2.351838235,0.6135780165,6.7780384712,0.0683750023,0.01766806,,0.0712967747,0.2333147215,0.0,0.0422880378,0.0,2.5479341348,0.4767567568,0.0,0.0,0.0,0.4137628565,0.0191235927,1.1996129728,,0.0873561636,0.1120230978,0.432038835,0.0910738781,0.0574302446,0.6845060836,160.68450067,0.3176802638,0.0147318014,-10.80408505,-0.08013687,0.048650806,0.0394474997,-0.08013687,,0.7980929576000001,-0.021811622,,-2.575426621,7.0,2.5479341348,1.0,0.0266569973,0.1701759259,,0.5016296919,1.2895368414,,7.0565174779,,0.0,0.7142857143000001,0.0,0.1566437624,0.8343718954000001,-1.267220679,0.3166616787,0.6867652406,0.0183286158,-0.098800313,-0.027112546,8.0,0.0361177098,,0.0583568326999999,0.022891065,,,7.0,0.0387501483,2.9563386e-09,0.0639730617,0.0279186891,0.5548298713,5.3987894914,1.1162451e-08,73.0,10.375
1994-09-30,732309.0,1.8001914505,3.2406892585,-0.005260737,14.101717919,0.0607120113,-0.033010283,0.0779220759999999,-0.142061284,-0.202072536,,0.1481742441,2.226725634,0.333823233,-0.333823233,2.0,-0.491708309,0.1230059917999999,-2.365269486,0.6135780165,6.7780384712,0.0683750023,0.01766806,,0.0712967747,0.2333147215,0.0,0.0422880378,0.0,2.5479341348,0.4767567568,0.0,0.0,0.0,0.4137628565,0.0191235927,1.1996129728,,0.0873561636,0.1120230978,0.432038835,0.0910738781,0.0574302446,0.6845060836,160.68450067,0.3176802638,0.0147318014,-10.80408505,-0.08013687,0.048650806,0.0394474997,-0.08013687,,0.7980929576000001,-0.021811622,,-2.575426621,7.0,2.5479341348,1.0,0.0266569973,0.1701759259,,0.5016296919,1.2895368414,,7.0565174779,,0.0,0.7142857143000001,0.0,0.1566437624,0.8343718954000001,-1.267220679,0.3166616787,0.6867652406,0.0183286158,-0.098800313,-0.027112546,8.0,0.0361177098,,0.0583568326999999,0.022891065,,,7.0,0.0320013697,3.0771543e-09,0.0394736826,0.0223584212,0.6312105424000001,5.699958258500001,7.5462388e-09,73.0,11.3125
1994-10-31,808300.75,1.8476665296,3.4138716045,0.1132330723,14.428488356,0.0609503066,-0.02576472,0.0903614460999999,-0.051428576,-0.126315789,,0.1160480442,2.0679990297,0.333823233,-0.333823233,2.0,-0.491708309,0.1230059917999999,-2.39505616,0.6135780165,6.7780384712,0.0683750023,0.01766806,,0.0712967747,0.2333147215,0.0,0.0422880378,0.0,2.5479341348,0.4767567568,0.0,0.0,0.0,0.4137628565,0.0191235927,1.1996129728,,0.0873561636,0.1120230978,0.432038835,0.0910738781,0.0574302446,0.6845060836,160.68450067,0.3176802638,0.0147318014,-10.80408505,-0.08013687,0.048650806,0.0394474997,-0.08013687,,0.7980929576000001,-0.021811622,,-2.575426621,7.0,2.5479341348,1.0,0.0266569973,0.1701759259,,0.5016296919,1.2895368414,,7.0565174779,,0.0,0.7142857143000001,0.0,0.1566437624,0.8343718954000001,-1.267220679,0.9893614709,0.6588206553,-0.0169235719999999,0.0361615755,-0.165487561,0.0,-0.00261332,,-0.0037788759999999,0.0204001436,,,7.0,0.0309372398,3.2201752e-09,0.0906344428999999,0.0304643251,0.707576612,4.8649556464,1.1581511e-08,73.0,11.53125
1994-11-30,823930.875,1.8370232519,3.3746544279000004,0.3764259688,14.178197071,0.0608764199,-0.033429764,0.0193370171,0.1312499975,-0.121359225,,0.1261329037,2.4651700909,0.333823233,-0.333823233,2.0,-0.491708309,0.1230059917999999,-2.408974469,0.6135780165,6.7780384712,0.0683750023,0.01766806,,0.0712967747,0.2333147215,0.0,0.0422880378,0.0,2.5479341348,0.4767567568,0.0,0.0,0.0,0.4137628565,0.0191235927,1.1996129728,,0.0873561636,0.1120230978,0.432038835,0.0910738781,0.0574302446,0.6845060836,160.68450067,0.3176802638,0.0147318014,-10.80408505,-0.08013687,0.048650806,0.0394474997,-0.08013687,,0.7980929576000001,-0.021811622,,-2.575426621,7.0,2.5479341348,1.0,0.0266569973,0.1701759259,,0.5016296919,1.2895368414,,7.0565174779,,0.0,0.7142857143000001,0.0,0.1566437624,0.8343718954000001,-1.267220679,0.9893614709,0.6588206553,-0.0169235719999999,0.0361615755,-0.165487561,0.0,-0.00261332,,-0.0037788759999999,0.0204001436,,,7.0,0.037396899,2.3162317e-09,0.0595930219,0.0278610339,0.6190323932999999,8.068254212200001,6.6614965e-09,73.0,10.296875
1994-12-30,735732.3125,1.850367227,3.4238588748,0.2504421773,14.762048447,0.0604493696,0.0168088757,-0.107046068,0.217821782,0.0193370129,,0.1093189775999999,2.0058554066,0.333823233,-0.333823233,2.0,-0.491708309,0.1230059917999999,-2.426859831,0.6135780165,6.7780384712,0.0683750023,0.01766806,,0.0712967747,0.2333147215,0.0,0.0422880378,0.0,2.5479341348,0.4767567568,0.0,0.0,0.0,0.4137628565,0.0191235927,1.1996129728,,0.0873561636,0.1120230978,0.432038835,0.0910738781,0.0574302446,0.6845060836,160.68450067,0.3176802638,0.0147318014,-10.80408505,-0.08013687,0.048650806,0.0394474997,-0.08013687,,0.7980929576000001,-0.021811622,,-2.575426621,7.0,2.5479341348,1.0,0.0266569973,0.1701759259,,0.5016296919,1.2895368414,,7.0565174779,,0.0,0.7142857143000001,0.0,0.1566437624,0.8343718954000001,-1.267220679,0.9893614709,0.6588206553,-0.0169235719999999,0.0361615755,-0.165487561,0.0,-0.00261332,,-0.0037788759999999,0.0204001436,,,7.0,0.0260686565,6.4395168e-09,0.0179558005,0.0181686755,0.8533176416,2.5801513449,1.7749426e-08,73.0,10.9375
1995-01-31,789512.5,1.8805736837,3.5365573799,0.3379373899,13.668839864,0.0598773293,-0.018833973,0.0622154771999999,0.0983333363,-0.089779006,,0.1013715783,2.1699360893,0.333823233,-0.333823233,2.0,-0.491708309,0.1230059917999999,-2.497154852,0.6135780165,6.7780384712,0.0683750023,0.01766806,,0.0712967747,0.2333147215,0.0,0.0422880378,0.0,2.5479341348,0.4767567568,0.0,0.0,0.0,0.4137628565,0.0191235927,1.1996129728,,0.0873561636,0.1120230978,0.432038835,0.0910738781,0.0574302446,0.6845060836,160.68450067,0.3176802638,0.0147318014,-10.80408505,-0.08013687,0.048650806,0.0394474997,-0.08013687,,0.7980929576000001,-0.021811622,,-2.575426621,7.0,2.5479341348,1.0,0.0266569973,0.1701759259,,0.5016296919,1.2895368414,,7.0565174779,,0.0,0.7142857143000001,0.0,0.1566437624,0.8343718954000001,-1.267220679,1.0755648643,0.6445972712,-0.001932376,-0.013178936,0.056824265,1.0,0.0152829621,,0.0265634412,0.0184003929,,,7.0,0.0283663842,3.2627864e-09,0.075000003,0.0250667563,0.782243052,7.7366463502,9.1613688e-09,73.0,11.3125
1995-02-28,816581.5,1.7268103835,2.9818741004,0.3221390821,14.391098115,0.0598463905999999,-0.067414346,0.0342857129999999,0.1363636379,-0.030470915,0.4722753962,0.1060287772,2.1228896524,0.333823233,-0.333823233,2.0,-0.491708309,0.1230059917999999,-2.518134254,0.6135780165,6.7780384712,0.0683750023,0.01766806,,0.0712967747,0.2333147215,0.0,0.0422880378,0.0,2.5479341348,0.4767567568,0.0,0.0,0.0,0.4137628565,0.0191235927,1.1996129728,,0.0873561636,0.1120230978,0.432038835,0.0910738781,0.0574302446,0.6845060836,160.68450067,0.3176802638,0.0147318014,-10.80408505,-0.08013687,0.048650806,0.0394474997,-0.08013687,,0.7980929576000001,-0.021811622,,-2.575426621,7.0,2.5479341348,1.0,0.0266569973,0.1701759259,,0.5016296919,1.2895368414,,7.0565174779,,0.0,0.7142857143000001,0.0,0.1566437624,0.8343718954000001,-1.267220679,1.0755648643,0.6445972712,-0.001932376,-0.013178936,0.056824265,1.0,0.0152829621,,0.0265634412,0.0184003929,,,7.0,0.0323564658,1.8560555e-09,0.0382513665,0.0218973224,0.6849015468999999,7.6584519357,7.0513015e-09,73.0,11.8125
1995-03-31,852673.5,1.750813498,3.0653479049000003,0.2137631387,14.696231934000002,0.0591455551,-0.051848948,0.0441988967,0.0903614478999999,0.0083565434,0.4593496116,0.0086036388,2.3853339137000003,0.333823233,-0.333823233,2.0,-0.491708309,0.1230059917999999,-2.5343894540000003,0.6135780165,6.7780384712,0.0683750023,0.01766806,,0.0712967747,0.2333147215,0.0,0.0422880378,0.0,2.5479341348,0.4767567568,0.0,0.0,0.0,0.4137628565,0.0191235927,1.1996129728,,0.0873561636,0.1120230978,0.432038835,0.0910738781,0.0574302446,0.6845060836,160.68450067,0.3176802638,0.0147318014,-10.80408505,-0.08013687,0.048650806,0.0394474997,-0.08013687,,0.7980929576000001,-0.021811622,,-2.575426621,7.0,2.5479341348,1.0,0.0266569973,0.1701759259,,0.5016296919,1.2895368414,,7.0565174779,,0.0,0.7142857143000001,0.0,0.1566437624,0.8343718954000001,-1.267220679,1.0755648643,0.6445972712,-0.001932376,-0.013178936,0.056824265,1.0,0.0152829621,,0.0265634412,0.0184003929,,,7.0,0.0321304902,2.4743684e-09,0.0454545467999999,0.0255213846,0.6006500722,8.9016983177,1.1065848e-08,73.0,11.9375
1995-04-28,877549.5,1.7170880627,2.9483914152,0.0209629126,14.388907942,0.0587268383,0.0522268855,0.0105820103,0.0441988984,0.0799999983,0.3671875199,-0.1429742219999999,2.4565422425,0.2387413439,-0.238741344,3.0,-0.711580935,0.1812624578999999,-2.484337343,0.4199985819,4.3123153294,0.0682580092,0.0397792484,0.0874652061,0.2306579401,0.1416243177999999,0.0,-0.2470476589999999,0.0,2.0621414586,0.5638572906,0.0,0.0,0.0,0.4736067349,0.0194853215,1.4807997044,2.0595574388,0.1112285281,0.1018871047,0.7322033898,0.1603514102,0.10804518,1.2056015759,239.60371327,0.3905340586999999,0.0131505242,1.1543698118,-0.190661395,0.1826938635,0.0265467518,-0.190661395,,-0.4019770829999999,-0.0389582439999999,,-2.503047619,5.0,2.0621414586,0.0,0.0580217203,0.2392806122,,0.4966769027,1.4090683614,,5.7769394011,,0.0,0.8148148148000001,0.0,0.2424840012,0.8332665906000001,-0.583635691,-0.0892967369999999,0.6672630983,0.0090865648,0.0149157744,-0.005509039,2.0,0.0349113949,,0.0615745288,0.0165755135,,,7.0,0.0351179305,2.5346213e-09,0.0544554442,0.0253296643,0.5983063467,5.8111164991,7.7148403e-09,73.0,13.5625
1995-05-31,997006.5,1.5628868342,2.4426152564,0.0230267659,14.570795333,0.0567167904,0.1263768977,0.136125654,0.0352303548,0.1937500008,0.3793103613,-0.073930911,2.4539848369,0.2387413439,-0.238741344,3.0,-0.711580935,0.1812624578999999,-0.7459358490000001,0.4199985819,4.3123153294,0.0682580092,0.0397792484,0.0874652061,0.2306579401,0.1416243177999999,0.0,-0.2470476589999999,0.0,2.0621414586,0.5638572906,0.0,0.0,0.0,0.4736067349,0.0194853215,1.4807997044,2.0595574388,0.1112285281,0.1018871047,0.7322033898,0.1603514102,0.10804518,1.2056015759,239.60371327,0.3905340586999999,0.0131505242,1.1543698118,-0.190661395,0.1826938635,0.0265467518,-0.190661395,,-0.4019770829999999,-0.0389582439999999,,-2.503047619,5.0,2.0621414586,0.0,0.0580217203,0.2392806122,,0.4966769027,1.4090683614,,5.7769394011,,0.0,0.8148148148000001,0.0,0.2424840012,0.8332665906000001,-0.583635691,-0.0892967369999999,0.6672630983,0.0090865648,0.0149157744,-0.005509039,2.0,0.0349113949,,0.0615745288,0.0165755135,,,7.0,0.0366026111,1.8905724e-09,0.0659630596999999,0.02660595,0.6816787952,9.0118739583,7.9579102e-09,73.0,13.5625
1995-06-30,997006.5,1.511331414,2.2841226430000003,0.2296884423,14.874984243,0.0562140666,0.1825865373999999,0.0,0.3171471912999999,0.4323432369,0.3835616586,-0.17302599,2.5937322526,0.2387413439,-0.238741344,3.0,-0.711580935,0.1812624578999999,-0.7530987140000001,0.4199985819,4.3123153294,0.0682580092,0.0397792484,0.0874652061,0.2306579401,0.1416243177999999,0.0,-0.2470476589999999,0.0,2.0621414586,0.5638572906,0.0,0.0,0.0,0.4736067349,0.0194853215,1.4807997044,2.0595574388,0.1112285281,0.1018871047,0.7322033898,0.1603514102,0.10804518,1.2056015759,239.60371327,0.3905340586999999,0.0131505242,1.1543698118,-0.190661395,0.1826938635,0.0265467518,-0.190661395,,-0.4019770829999999,-0.0389582439999999,,-2.503047619,5.0,2.0621414586,0.0,0.0580217203,0.2392806122,,0.4966769027,1.4090683614,,5.7769394011,,0.0,0.8148148148000001,0.0,0.2424840012,0.8332665906000001,-0.583635691,-0.0892967369999999,0.6672630983,0.0090865648,0.0149157744,-0.005509039,2.0,0.0349113949,,0.0615745288,0.0165755135,,,7.0,0.0356597608,1.8504588e-09,0.0502283089,0.0267725641999999,0.5056758066,5.826127621,6.9000374e-09,73.0,15.65625
1995-07-31,1212983.625,1.4154119548,2.0033910017,0.2647618988,14.87102735,0.05605036,0.2610185713,0.1543778777,0.2399999996,0.4466666690999999,0.3392857282,-0.055347944,2.3407162648,0.2387413439,-0.238741344,3.0,-0.711580935,0.1534225234,-0.671210972,0.4199985819,4.3123153294,0.0682580092,0.0397792484,0.0874652061,0.2306579401,0.1416243177999999,0.0,-0.2470476589999999,0.0,2.0621414586,0.5638572906,0.0,0.0,0.0,0.4736067349,0.0194853215,1.4807997044,2.0595574388,0.1112285281,0.1018871047,0.7322033898,0.1603514102,0.10804518,1.2056015759,239.60371327,0.3905340586999999,0.0131505242,1.1543698118,-0.190661395,0.1826938635,0.0265467518,-0.190661395,,-0.4019770829999999,-0.0389582439999999,,-2.503047619,5.0,2.0621414586,0.0,0.0580217203,0.2392806122,,0.4966769027,1.4090683614,,5.7769394011,,0.0,0.8148148148000001,0.0,0.2424840012,0.8332665906000001,-0.583635691,0.8018614945999999,0.688812293,0.0114683069,-0.022016265,0.0689646466999999,3.0,0.0374456736,0.0129008563999999,0.0644436923,0.0198856889999999,0.1754246002,0.159567499,7.0,0.0252938914,2.7766899e-09,0.0481171533,0.0179721911,0.9293482148,4.7925919357,1.2301043000000001e-08,73.0,16.125
1995-08-31,1249300.5,1.3922548375,1.9383735325,0.2500896864,14.441707512,0.0551921125999999,0.3836856098,0.0299401189999999,0.3839778988,0.6266233748,0.4807692522,-0.297408423,2.4943982653,0.2387413439,-0.238741344,3.0,-0.711580935,0.1534225234,-0.672370534,0.4199985819,4.3123153294,0.0682580092,0.0397792484,0.0874652061,0.2306579401,0.1416243177999999,0.0,-0.2470476589999999,0.0,2.0621414586,0.5638572906,0.0,0.0,0.0,0.4736067349,0.0194853215,1.4807997044,2.0595574388,0.1112285281,0.1018871047,0.7322033898,0.1603514102,0.10804518,1.2056015759,239.60371327,0.3905340586999999,0.0131505242,1.1543698118,-0.190661395,0.1826938635,0.0265467518,-0.190661395,,-0.4019770829999999,-0.0389582439999999,,-2.503047619,5.0,2.0621414586,0.0,0.0580217203,0.2392806122,,0.4966769027,1.4090683614,,5.7769394011,,0.0,0.8148148148000001,0.0,0.2424840012,0.8332665906000001,-0.583635691,0.8018614945999999,0.688812293,0.0114683069,-0.022016265,0.0689646466999999,3.0,0.0374456736,0.0129008563999999,0.0644436923,0.0198856889999999,0.1754246002,0.159567499,7.0,0.0403985908,1.8019992e-09,0.0765957459999999,0.0341033302,0.7985355001000001,13.374083647,6.8220075e-09,73.0,14.5
1995-09-29,1123402.0,1.4149753306,2.0021551861,0.0889589975999999,15.203279207,0.0546611087,0.4108318037,-0.100775197,0.3650793602,0.5542168674,0.6600000235,0.1510458491,1.1144611805,0.2387413439,-0.238741344,3.0,-0.711580935,0.1534225234,-0.6734734290000001,0.4199985819,4.3123153294,0.0682580092,0.0397792484,0.0874652061,0.2306579401,0.1416243177999999,0.0,-0.2470476589999999,0.0,2.0621414586,0.5638572906,0.0,0.0,0.0,0.4736067349,0.0194853215,1.4807997044,2.0595574388,0.1112285281,0.1018871047,0.7322033898,0.1603514102,0.10804518,1.2056015759,239.60371327,0.3905340586999999,0.0131505242,1.1543698118,-0.190661395,0.1826938635,0.0265467518,-0.190661395,,-0.4019770829999999,-0.0389582439999999,,-2.503047619,5.0,2.0621414586,0.0,0.0580217203,0.2392806122,,0.4966769027,1.4090683614,,5.7769394011,,0.0,0.8148148148000001,0.0,0.2424840012,0.8332665906000001,-0.583635691,0.8018614945999999,0.688812293,0.0114683069,-0.022016265,0.0689646466999999,3.0,0.0374456736,0.0129008563999999,0.0644436923,0.0198856889999999,0.1754246002,0.159567499,7.0,0.036515545,2.3481936e-09,0.0551020391,0.0315155124,0.5077094893999999,4.4314623784,9.6146732e-09,73.0,15.375
1995-10-31,1198358.25,1.4497360887,2.101734727,0.2327094829,14.614170243,0.0547940718,0.4683973969,0.0603448263999999,0.2146596773999999,0.2817679506,0.533898318,0.2686551655999999,1.4333906409,0.2387413439,-0.238741344,3.0,-0.711580935,0.1534225234,-0.736732974,0.4199985819,4.3123153294,0.0682580092,0.0397792484,0.0874652061,0.2306579401,0.1416243177999999,0.0,-0.2470476589999999,0.0,2.0621414586,0.5638572906,0.0,0.0,0.0,0.4736067349,0.0194853215,1.4807997044,2.0595574388,0.1112285281,0.1018871047,0.7322033898,0.1603514102,0.10804518,1.2056015759,239.60371327,0.3905340586999999,0.0131505242,1.1543698118,-0.190661395,0.1826938635,0.0265467518,-0.190661395,,-0.4019770829999999,-0.0389582439999999,,-2.503047619,5.0,2.0621414586,0.0,0.0580217203,0.2392806122,,0.4966769027,1.4090683614,,5.7769394011,,0.0,0.8148148148000001,0.0,0.2424840012,0.8332665906000001,-0.583635691,0.1444272586,0.6727170379,0.0270377756,0.0090308856,-0.019581769,4.0,0.0375269564,0.0124746645,0.0621962344,0.0173209602,0.1688337838,0.1533151693,7.0,0.0637577669,3.1825044e-09,0.0916666687,0.0391462314,0.6035413038,6.3664260175,1.0579135e-08,73.0,18.75
1995-11-30,1461412.5,1.5671378007,2.4559208863,0.2063367039,14.540648654000002,0.0543699994,0.5239965881,0.2195121944,0.1336405443,0.3333333257999999,0.5247934033,0.2977146826,1.8540624225,0.2387413439,-0.238741344,3.0,-0.711580935,0.1534225234,-0.745099576,0.4199985819,4.3123153294,0.0682580092,0.0397792484,0.0874652061,0.2306579401,0.1416243177999999,0.0,-0.2470476589999999,0.0,2.0621414586,0.5638572906,0.0,0.0,0.0,0.4736067349,0.0194853215,1.4807997044,2.0595574388,0.1112285281,0.1018871047,0.7322033898,0.1603514102,0.10804518,1.2056015759,239.60371327,0.3905340586999999,0.0131505242,1.1543698118,-0.190661395,0.1826938635,0.0265467518,-0.190661395,,-0.4019770829999999,-0.0389582439999999,,-2.503047619,5.0,2.0621414586,0.0,0.0580217203,0.2392806122,,0.4966769027,1.4090683614,,5.7769394011,,0.0,0.8148148148000001,0.0,0.2424840012,0.8332665906000001,-0.583635691,0.1444272586,0.6727170379,0.0270377756,0.0090308856,-0.019581769,4.0,0.0375269564,0.0124746645,0.0621962344,0.0173209602,0.1688337838,0.1533151693,7.0,0.0879447843,3.4023915e-09,0.1067961156,0.0538400919,0.4812846390999999,5.9915593339,6.9637768e-09,73.0,17.25
1995-12-29,1344499.5,1.5135539817,2.2908456556,-0.0452577979999999,15.244226633,0.056299642,0.4257011057,-0.079999998,0.3824884678,0.8209408023999999,0.3180000187,0.2053244007,1.998273279,0.2387413439,-0.238741344,3.0,-0.711580935,0.1534225234,-0.734427259,0.4199985819,4.3123153294,0.0682580092,0.0397792484,0.0874652061,0.2306579401,0.1416243177999999,0.0,-0.2470476589999999,0.0,2.0621414586,0.5638572906,0.0,0.0,0.0,0.4736067349,0.0194853215,1.4807997044,2.0595574388,0.1112285281,0.1018871047,0.7322033898,0.1603514102,0.10804518,1.2056015759,239.60371327,0.3905340586999999,0.0131505242,1.1543698118,-0.190661395,0.1826938635,0.0265467518,-0.190661395,,-0.4019770829999999,-0.0389582439999999,,-2.503047619,5.0,2.0621414586,0.0,0.0580217203,0.2392806122,,0.4966769027,1.4090683614,,5.7769394011,,0.0,0.8148148148000001,0.0,0.2424840012,0.8332665906000001,-0.583635691,0.1444272586,0.6727170379,0.0270377756,0.0090308856,-0.019581769,4.0,0.0375269564,0.0124746645,0.0621962344,0.0173209602,0.1688337838,0.1533151693,7.0,0.0584245563999999,4.309649e-09,0.0827067643,0.03746422,0.7015451046,4.3555010426,1.4086216e-08,73.0,19.0
1996-01-31,1496478.0,1.5480639918,2.3965021226,-0.217855721,14.502896675,0.0560886087,0.5388138737,0.1014492734999999,0.1017964026,0.5771428465999999,0.26353792,0.164033183,1.8906917888,0.2387413439,-0.238741344,3.0,-0.711580935,0.1534225234,-0.718705444,0.4199985819,4.3123153294,0.0682580092,0.0397792484,0.0874652061,0.2306579401,0.1416243177999999,0.0,-0.2470476589999999,0.0,2.0621414586,0.5638572906,0.0,0.0,0.0,0.4736067349,0.0194853215,1.4807997044,2.0595574388,0.1112285281,0.1018871047,0.7322033898,0.1603514102,0.10804518,1.2056015759,239.60371327,0.3905340586999999,0.0131505242,1.1543698118,-0.190661395,0.1826938635,0.0265467518,-0.190661395,,-0.4019770829999999,-0.0389582439999999,,-2.503047619,5.0,2.0621414586,0.0,0.0580217203,0.2392806122,,0.4966769027,1.4090683614,,5.7769394011,,0.0,0.8148148148000001,0.0,0.2424840012,0.8332665906000001,-0.583635691,2.7162133994,0.7056373981,-5.2538e-05,0.0213814773,-0.036581762,0.0,0.0146122172999999,0.0128895759,0.0247173354,0.0142623525,0.1632748483,0.1477493171,7.0,0.0450214527,1.9889798e-09,0.077738516,0.0292159869,0.6012634059,3.1718655738,1.5668743e-08,73.0,14.625
1996-02-29,1151894.25,1.7588421741999998,3.0935257939,-0.518437623,14.542532457,0.0552772716,0.4877602068,-0.230263159,0.1782945676,0.6795579990999999,0.3407407538,0.1967989641,1.8617014973,0.2387413439,-0.238741344,3.0,-0.711580935,0.1534225234,-0.7272237979999999,0.4199985819,4.3123153294,0.0682580092,0.0397792484,0.0874652061,0.2306579401,0.1416243177999999,0.0,-0.2470476589999999,0.0,2.0621414586,0.5638572906,0.0,0.0,0.0,0.4736067349,0.0194853215,1.4807997044,2.0595574388,0.1112285281,0.1018871047,0.7322033898,0.1603514102,0.10804518,1.2056015759,239.60371327,0.3905340586999999,0.0131505242,1.1543698118,-0.190661395,0.1826938635,0.0265467518,-0.190661395,,-0.4019770829999999,-0.0389582439999999,,-2.503047619,5.0,2.0621414586,0.0,0.0580217203,0.2392806122,,0.4966769027,1.4090683614,,5.7769394011,,0.0,0.8148148148000001,0.0,0.2424840012,0.8332665906000001,-0.583635691,2.7162133994,0.7056373981,-5.2538e-05,0.0213814773,-0.036581762,0.0,0.0146122172999999,0.0128895759,0.0247173354,0.0142623525,0.1632748483,0.1477493171,7.0,0.0651429056,3.4390962e-09,0.1083333343,0.0465710721,0.6995946308,19.091006853,7.2604824e-09,73.0,16.375
1996-03-29,1289727.75,1.7648062194,3.1145409919,-0.098202876,14.964506027,0.0535156462,0.4332274229,0.11965812,0.0086206872,0.238095226,0.476562514,0.2206575736,1.9434680135,0.2387413439,-0.238741344,3.0,-0.711580935,0.1534225234,-0.731571778,0.4199985819,4.3123153294,0.0682580092,0.0397792484,0.0874652061,0.2306579401,0.1416243177999999,0.0,-0.2470476589999999,0.0,2.0621414586,0.5638572906,0.0,0.0,0.0,0.4736067349,0.0194853215,1.4807997044,2.0595574388,0.1112285281,0.1018871047,0.7322033898,0.1603514102,0.10804518,1.2056015759,239.60371327,0.3905340586999999,0.0131505242,1.1543698118,-0.190661395,0.1826938635,0.0265467518,-0.190661395,,-0.4019770829999999,-0.0389582439999999,,-2.503047619,5.0,2.0621414586,0.0,0.0580217203,0.2392806122,,0.4966769027,1.4090683614,,5.7769394011,,0.0,0.8148148148000001,0.0,0.2424840012,0.8332665906000001,-0.583635691,2.7162133994,0.7056373981,-5.2538e-05,0.0213814773,-0.036581762,0.0,0.0146122172999999,0.0128895759,0.0247173354,0.0142623525,0.1632748483,0.1477493171,7.0,0.0518931325,2.2768293e-09,0.06640625,0.0301415835999999,0.5712611735,5.1209945014,1.256237e-08,73.0,16.0
1996-04-30,1267200.0,1.8521944226,3.4306241789,-0.2473077,14.624586278,0.0546323409999999,0.4929220761,-0.022900764,0.0650406493,0.3717277361,0.4253731474,0.0524010281,2.1691077441,0.1834662957,-0.183466296,4.0,-0.427459201,0.2309045139,-0.659693991,0.4439146700999999,4.2897899364,0.064020922,0.0345968934,-0.1484312519999999,1.1816604154,-0.074048415,0.0,0.0924058767,0.0,2.2775247465,0.5107590529,0.0,0.0,0.0,0.5050235699,0.0252845925,1.1971486409999998,1.1738405419,0.0843541824,0.0926729621,0.3581213307,0.0773282421,0.0961890986999999,0.3198790835,479.25928795,0.3646421871,0.012038225,-0.20991348,0.1044464176,-0.094169639,0.0291312856,0.1044464176,,0.0912400328999999,-0.020022027,,-1.532013201,6.0,2.2775247465,0.0,0.0566383216,0.2556421846,0.0759417074,0.5354447578,1.2643820482,,6.1941534657,,0.0,0.3545918367,0.0,0.2215531123999999,0.8602862678000001,-0.496664029,0.7396069828,0.7056601618,0.0081357753,0.0133291155,0.0879123546,1.0,0.0377268696,0.0125517004,0.0624410736,0.0151039975,0.1619394638,0.1449985977,7.0,0.0389063064,2.1895119e-09,0.0500000007,0.0241332953,0.4884466904,5.4182649018,1.0099786e-08,73.0,20.625
1996-05-31,1633500.0,1.8326008503,3.3584258766,-0.2824884689999999,14.771034311,0.0540196491,0.4735233888,0.2890625,-0.146666668,0.1797234912999999,0.5444839985000001,-0.031986098,2.1627441077,0.1834662957,-0.183466296,4.0,-0.427459201,0.2309045139,-0.663781264,0.4439146700999999,4.2897899364,0.064020922,0.0345968934,-0.1484312519999999,1.1816604154,-0.074048415,0.0,0.0924058767,0.0,2.2775247465,0.5107590529,0.0,0.0,0.0,0.5050235699,0.0252845925,1.1971486409999998,1.1738405419,0.0843541824,0.0926729621,0.3581213307,0.0773282421,0.0961890986999999,0.3198790835,479.25928795,0.3646421871,0.012038225,-0.20991348,0.1044464176,-0.094169639,0.0291312856,0.1044464176,,0.0912400328999999,-0.020022027,,-1.532013201,6.0,2.2775247465,0.0,0.0566383216,0.2556421846,0.0759417074,0.5354447578,1.2643820482,,6.1941534657,,0.0,0.3545918367,0.0,0.2215531123999999,0.8602862678000001,-0.496664029,0.7396069828,0.7056601618,0.0081357753,0.0133291155,0.0879123546,1.0,0.0377268696,0.0125517004,0.0624410736,0.0151039975,0.1619394638,0.1449985977,7.0,0.0506497048,2.1760978e-09,0.101886794,0.035645282,0.8116520869,11.532398065,7.7024879e-09,73.0,22.375
1996-06-28,1772100.0,1.9103032727,3.6492585937,0.0252120538,15.301244063,0.0552566054,0.5924908418,0.0848484858999999,0.1956521704,0.5207373131,0.3395061829,-0.0319718229999999,2.1573306186,0.1834662957,-0.183466296,4.0,-0.427459201,0.2309045139,-0.6622187829999999,0.4439146700999999,4.2897899364,0.064020922,0.0345968934,-0.1484312519999999,1.1816604154,-0.074048415,0.0,0.0924058767,0.0,2.2775247465,0.5107590529,0.0,0.0,0.0,0.5050235699,0.0252845925,1.1971486409999998,1.1738405419,0.0843541824,0.0926729621,0.3581213307,0.0773282421,0.0961890986999999,0.3198790835,479.25928795,0.3646421871,0.012038225,-0.20991348,0.1044464176,-0.094169639,0.0291312856,0.1044464176,,0.0912400328999999,-0.020022027,,-1.532013201,6.0,2.2775247465,0.0,0.0566383216,0.2556421846,0.0759417074,0.5354447578,1.2643820482,,6.1941534657,,0.0,0.3545918367,0.0,0.2215531123999999,0.8602862678000001,-0.496664029,0.7396069828,0.7056601618,0.0081357753,0.0133291155,0.0879123546,1.0,0.0377268696,0.0125517004,0.0624410736,0.0151039975,0.1619394638,0.1449985977,7.0,0.0479480124,2.094384e-09,0.0838709696999999,0.0376859317,0.3896109553,3.2641987962,1.0892949e-08,73.0,19.875
1996-07-31,1600891.5,1.9139145969,3.6630690841,-0.167520214,14.989587862,0.0534333346999999,0.6164242404,-0.111731842,0.1776315786,0.4291417077,0.3763736325999999,0.0890076069999999,2.0612140173,0.1834662957,-0.183466296,4.0,-0.427459201,0.1218207017,-0.5953876889999999,0.4439146700999999,4.2897899364,0.064020922,0.0345968934,-0.1484312519999999,1.1816604154,-0.074048415,0.0,0.0924058767,0.0,2.2775247465,0.5107590529,0.0,0.0,0.0,0.5050235699,0.0252845925,1.1971486409999998,1.1738405419,0.0843541824,0.0926729621,0.3581213307,0.0773282421,0.0961890986999999,0.3198790835,479.25928795,0.3646421871,0.012038225,-0.20991348,0.1044464176,-0.094169639,0.0291312856,0.1044464176,,0.0912400328999999,-0.020022027,,-1.532013201,6.0,2.2775247465,0.0,0.0566383216,0.2556421846,0.0759417074,0.5354447578,1.2643820482,,6.1941534657,,0.0,0.3545918367,0.0,0.2215531123999999,0.8602862678000001,-0.496664029,5.8767773777,0.6991150727,0.0115630667999999,0.0038433786,-0.088619434,2.0,0.0454244533,0.0129029663999999,0.074146197,0.0190707782,0.1599378431,0.140858394,7.0,0.0488281274,2.5757825e-09,0.0847457647,0.0366499511,0.6282802577000001,6.3021221681,1.2457178e-08,73.0,18.625
1996-08-30,1500206.5,1.978592455,3.9148281031,0.3665275332,14.833675515,0.0534780047,0.3920982811999999,-0.062893085,0.3589743621,0.2325581348,0.3230769242,-0.0333832129999999,1.9627468507,0.1834662957,-0.183466296,4.0,-0.427459201,0.1218207017,-0.546953638,0.4439146700999999,4.2897899364,0.064020922,0.0345968934,-0.1484312519999999,1.1816604154,-0.074048415,0.0,0.0924058767,0.0,2.2775247465,0.5107590529,0.0,0.0,0.0,0.5050235699,0.0252845925,1.1971486409999998,1.1738405419,0.0843541824,0.0926729621,0.3581213307,0.0773282421,0.0961890986999999,0.3198790835,479.25928795,0.3646421871,0.012038225,-0.20991348,0.1044464176,-0.094169639,0.0291312856,0.1044464176,,0.0912400328999999,-0.020022027,,-1.532013201,6.0,2.2775247465,0.0,0.0566383216,0.2556421846,0.0759417074,0.5354447578,1.2643820482,,6.1941534657,,0.0,0.3545918367,0.0,0.2215531123999999,0.8602862678000001,-0.496664029,5.8767773777,0.6991150727,0.0115630667999999,0.0038433786,-0.088619434,2.0,0.0454244533,0.0129029663999999,0.074146197,0.0190707782,0.1599378431,0.140858394,7.0,0.0559082584,2.4786469999999998e-09,0.0984848514,0.034791416,0.7718171137000001,8.7219476135,8.4118507e-09,73.0,19.0
1996-09-30,1530412.0,1.7791188669,3.1652639424,0.0309949982,15.081502705,0.0536405744,0.1851891491,0.0201342274,0.1374045783,0.2844827537,0.2020725357999999,-0.105633973,1.9206298174,0.1834662957,-0.183466296,4.0,-0.427459201,0.1218207017,-0.550427454,0.4439146700999999,4.2897899364,0.064020922,0.0345968934,-0.1484312519999999,1.1816604154,-0.074048415,0.0,0.0924058767,0.0,2.2775247465,0.5107590529,0.0,0.0,0.0,0.5050235699,0.0252845925,1.1971486409999998,1.1738405419,0.0843541824,0.0926729621,0.3581213307,0.0773282421,0.0961890986999999,0.3198790835,479.25928795,0.3646421871,0.012038225,-0.20991348,0.1044464176,-0.094169639,0.0291312856,0.1044464176,,0.0912400328999999,-0.020022027,,-1.532013201,6.0,2.2775247465,0.0,0.0566383216,0.2556421846,0.0759417074,0.5354447578,1.2643820482,,6.1941534657,,0.0,0.3545918367,0.0,0.2215531123999999,0.8602862678000001,-0.496664029,5.8767773777,0.6991150727,0.0115630667999999,0.0038433786,-0.088619434,2.0,0.0454244533,0.0129029663999999,0.074146197,0.0190707782,0.1599378431,0.140858394,7.0,0.0388580276,1.6386101e-09,0.0469798669,0.0287287600999999,0.3975334129999999,3.1790014962,1.1754977e-08,73.0,23.0625
1996-10-31,1865064.375,1.7944420646,3.2200223231,0.4007558471,14.766803115999998,0.0531222506,0.1617931699,0.2138157934,0.1874999977,0.2357723534,0.2947368369,-0.112989887,2.0421499526,0.1834662957,-0.183466296,4.0,-0.427459201,0.1218207017,-0.527058283,0.4439146700999999,4.2897899364,0.064020922,0.0345968934,-0.1484312519999999,1.1816604154,-0.074048415,0.0,0.0924058767,0.0,2.2775247465,0.5107590529,0.0,0.0,0.0,0.5050235699,0.0252845925,1.1971486409999998,1.1738405419,0.0843541824,0.0926729621,0.3581213307,0.0773282421,0.0961890986999999,0.3198790835,479.25928795,0.3646421871,0.012038225,-0.20991348,0.1044464176,-0.094169639,0.0291312856,0.1044464176,,0.0912400328999999,-0.020022027,,-1.532013201,6.0,2.2775247465,0.0,0.0566383216,0.2556421846,0.0759417074,0.5354447578,1.2643820482,,6.1941534657,,0.0,0.3545918367,0.0,0.2215531123999999,0.8602862678000001,-0.496664029,1.3890157252000002,0.6461605947,-0.0434154479999999,0.0376755472,0.1906283664999999,0.0,-0.038677456,0.0216243135,-0.060203342,0.0248753156999999,0.1620214439,0.1665839299,7.0,0.0420083759999999,1.2455791e-09,0.0956790149,0.0320333009,0.8531401702,8.984667481799999,1.0441517e-08,73.0,22.5
1996-11-29,1819575.0,1.8529909515,3.4335754663,-0.009090906,15.174428937,0.0561315495,0.2631127803999999,-0.024390243,0.1181818196,0.2300000004,0.456310668,-0.139646723,1.8995754503,0.1834662957,-0.183466296,4.0,-0.427459201,0.1218207017,-0.528267577,0.4439146700999999,4.2897899364,0.064020922,0.0345968934,-0.1484312519999999,1.1816604154,-0.074048415,0.0,0.0924058767,0.0,2.2775247465,0.5107590529,0.0,0.0,0.0,0.5050235699,0.0252845925,1.1971486409999998,1.1738405419,0.0843541824,0.0926729621,0.3581213307,0.0773282421,0.0961890986999999,0.3198790835,479.25928795,0.3646421871,0.012038225,-0.20991348,0.1044464176,-0.094169639,0.0291312856,0.1044464176,,0.0912400328999999,-0.020022027,,-1.532013201,6.0,2.2775247465,0.0,0.0566383216,0.2556421846,0.0759417074,0.5354447578,1.2643820482,,6.1941534657,,0.0,0.3545918367,0.0,0.2215531123999999,0.8602862678000001,-0.496664029,1.3890157252000002,0.6461605947,-0.039243347,0.0376755472,0.1906283664999999,0.0,-0.038677456,0.0216243135,-0.060203342,0.0248753156999999,0.1620214439,0.1665839299,7.0,0.0478410254,1.8212529e-09,0.0532544367,0.0312502381999999,0.6230183775,5.5296755708,9.8714262e-09,73.0,22.125
1996-12-31,1789248.75,1.8518085765,3.4291950041000003,-0.308274631,15.070049092,0.0553080162,0.1693915593,-0.016666668,0.0055865935,0.3043478252,0.5248618664,-0.089919141,1.7612800392,0.1834662957,-0.183466296,4.0,-0.427459201,0.1218207017,-0.529616448,0.4439146700999999,4.2897899364,0.064020922,0.0345968934,-0.1484312519999999,1.1816604154,-0.074048415,0.0,0.0924058767,0.0,2.2775247465,0.5107590529,0.0,0.0,0.0,0.5050235699,0.0252845925,1.1971486409999998,1.1738405419,0.0843541824,0.0926729621,0.3581213307,0.0773282421,0.0961890986999999,0.3198790835,479.25928795,0.3646421871,0.012038225,-0.20991348,0.1044464176,-0.094169639,0.0291312856,0.1044464176,,0.0912400328999999,-0.020022027,,-1.532013201,6.0,2.2775247465,0.0,0.0566383216,0.2556421846,0.0759417074,0.5354447578,1.2643820482,,6.1941534657,,0.0,0.3545918367,0.0,0.2215531123999999,0.8602862678000001,-0.496664029,1.3890157252000002,0.6461605947,-0.039243347,0.0376755472,0.1906283664999999,0.0,-0.038677456,0.0216243135,-0.060203342,0.0248753156999999,0.1620214439,0.1665839299,7.0,0.0359999219,2.0088327e-09,0.0486486479999999,0.0226513660999999,0.7697579022,3.4638547988,1.6632333e-08,73.0,23.125
1997-01-31,1886075.0,1.7296220178,2.9915923245,0.1174693784,14.671293036,0.0551498936,0.1556732101,0.0451977401999999,0.1132075458,0.1644736843,0.679557995,-0.188202181,1.4377472616999998,0.1834662957,-0.183466296,4.0,-0.427459201,0.1218207017,-0.586608638,0.4439146700999999,4.2897899364,0.064020922,0.0345968934,-0.1484312519999999,1.1816604154,-0.074048415,0.0,0.0924058767,0.0,2.2775247465,0.5107590529,0.0,0.0,0.0,0.5050235699,0.0252845925,1.1971486409999998,1.1738405419,0.0843541824,0.0926729621,0.3581213307,0.0773282421,0.0961890986999999,0.3198790835,479.25928795,0.3646421871,0.012038225,-0.20991348,0.1044464176,-0.094169639,0.0291312856,0.1044464176,,0.0912400328999999,-0.020022027,,-1.532013201,6.0,2.2775247465,0.0,0.0566383216,0.2556421846,0.0759417074,0.5354447578,1.2643820482,,6.1941534657,,0.0,0.3545918367,0.0,0.2215531123999999,0.8602862678000001,-0.496664029,1.686851834,0.6103985819,0.0210338835,-0.0119601,-0.072307797,1.0,0.0431375809999999,0.0219892337999999,0.0795659462,0.0214449262,0.1635690205,0.1708510036,7.0,0.0435396315,2.9437396e-09,0.1024096385,0.037199722,0.8059387451000001,3.2536363945,1.8824444e-08,73.0,22.078125
1997-02-28,1800691.875,1.6539273146,2.7354755618,-0.088101586,14.543980239,0.0552419394,0.1374146272,-0.045270272,0.2416107414,0.581196583,0.2963988784,-0.133823068,2.1624162171,0.1834662957,-0.183466296,4.0,-0.427459201,0.1218207017,-0.588981085,0.4439146700999999,4.2897899364,0.064020922,0.0345968934,-0.1484312519999999,1.1816604154,-0.074048415,0.0,0.0924058767,0.0,2.2775247465,0.5107590529,0.0,0.0,0.0,0.5050235699,0.0252845925,1.1971486409999998,1.1738405419,0.0843541824,0.0926729621,0.3581213307,0.0773282421,0.0961890986999999,0.3198790835,479.25928795,0.3646421871,0.012038225,-0.20991348,0.1044464176,-0.094169639,0.0291312856,0.1044464176,,0.0912400328999999,-0.020022027,,-1.532013201,6.0,2.2775247465,0.0,0.0566383216,0.2556421846,0.0759417074,0.5354447578,1.2643820482,,6.1941534657,,0.0,0.3545918367,0.0,0.2215531123999999,0.8602862678000001,-0.496664029,1.686851834,0.6103985819,0.0210338835,-0.0119601,-0.072307797,1.0,0.0431375809999999,0.0219892337999999,0.0795659462,0.0214449262,0.1635690205,0.1708510036,7.0,0.0446206983,1.0323987e-09,0.0670926496,0.0381589788,0.8938369970000001,17.06401963,4.8685614e-09,73.0,17.84375
1997-03-31,1455336.25,1.5122198607,2.286808907,-0.2211606069999999,15.810917407,0.054826252,0.1224714301,-0.191790521,0.1620065812,0.3482824421,0.4596100127,-0.113052684,2.1120388753,0.1834662957,-0.183466296,4.0,-0.427459201,0.1218207017,-0.596931903,0.4439146700999999,4.2897899364,0.064020922,0.0345968934,-0.1484312519999999,1.1816604154,-0.074048415,0.0,0.0924058767,0.0,2.2775247465,0.5107590529,0.0,0.0,0.0,0.5050235699,0.0252845925,1.1971486409999998,1.1738405419,0.0843541824,0.0926729621,0.3581213307,0.0773282421,0.0961890986999999,0.3198790835,479.25928795,0.3646421871,0.012038225,-0.20991348,0.1044464176,-0.094169639,0.0291312856,0.1044464176,,0.0912400328999999,-0.020022027,,-1.532013201,6.0,2.2775247465,0.0,0.0566383216,0.2556421846,0.0759417074,0.5354447578,1.2643820482,,6.1941534657,,0.0,0.3545918367,0.0,0.2215531123999999,0.8602862678000001,-0.496664029,1.686851834,0.6103985819,0.0210338835,-0.0119601,-0.072307797,1.0,0.0431375809999999,0.0219892337999999,0.0795659462,0.0214449262,0.1635690205,0.1708510036,7.0,0.0587042787999999,2.0005698e-09,0.0955882369999999,0.0514426716,0.6247189783,11.846706592,8.2248735e-09,73.0,12.5
1997-04-30,1284450.0,1.4960652556999998,2.2382112493,-0.8994008290000001,15.220218055,0.0545930903,0.0270954684,-0.299474597,-0.226287268,0.1152343688,0.4628571259,-0.28663925,2.9322537532,0.182812531,-0.182812531,5.0,-0.374350995,0.1555298508,-0.562964499,0.2833451691,6.2226235062,0.0473345592,0.0338987392,-0.0315466779999999,0.0375663954999999,-0.4906960279999999,0.0,0.0565214091,0.0,1.9820717629,0.3414246076,0.0,0.0,0.0,0.2767111716,0.0127073362,1.1163823088,2.0176963915,0.1228468957,0.0685572256,0.2363112392,0.1109046244,0.0944846743,0.5287718294,1092.4697597000002,0.3703420452,0.011766986,-0.062811246,-0.129725477,-0.331534888,-0.000295262,-0.129725477,,-0.093671806,-0.013651633,,-2.724978903,3.0,1.9820717629,0.0,0.0664577597,0.3506308345,0.0975728417999999,0.3575986079,1.4942912578999998,,5.7870180895,0.0,0.0,0.3314500942,0.0,0.1895376936,0.7526648116,0.4675923421,0.3391514492,0.578450095,0.0091910838,-0.000942785,-0.003278067,0.0,-0.006493574,0.0236093667,-0.011534063,0.0201210213,0.1546808454,0.1705222378,7.0,0.062058117,1.5402335e-09,0.0982142836,0.0492337776,0.5875583247999999,14.929767827,5.3117952e-09,73.0,15.9375
1997-05-30,1637673.75,1.3926482332,1.9394691013,-0.3825757529999999,15.269586224,0.0565799387,-0.15757779,0.275000006,-0.444444442,-0.39393939,1.0624999814,-0.4686857129999999,3.0108477039,0.182812531,-0.182812531,5.0,-0.374350995,0.1555298508,-0.532533171,0.2833451691,6.2226235062,0.0473345592,0.0338987392,-0.0315466779999999,0.0375663954999999,-0.4906960279999999,0.0,0.0565214091,0.0,1.9820717629,0.3414246076,0.0,0.0,0.0,0.2767111716,0.0127073362,1.1163823088,2.0176963915,0.1228468957,0.0685572256,0.2363112392,0.1109046244,0.0944846743,0.5287718294,1092.4697597000002,0.3703420452,0.011766986,-0.062811246,-0.129725477,-0.331534888,-0.000295262,-0.129725477,,-0.093671806,-0.013651633,,-2.724978903,3.0,1.9820717629,0.0,0.0664577597,0.3506308345,0.0975728417999999,0.3575986079,1.4942912578999998,,5.7870180895,0.0,0.0,0.3314500942,0.0,0.1895376936,0.7526648116,0.4675923421,0.3391514492,0.578450095,0.0091910838,-0.000942785,-0.003278067,0.0,-0.006493574,0.0236093667,-0.011534063,0.0201210213,0.1546808454,0.1705222378,7.0,0.0654511692,1.3657399e-09,0.193877548,0.0596314192999999,0.6436515306,10.92250198,5.7179684e-09,73.0,18.6875
1997-06-30,1920252.75,1.2870075291,1.6563883801,-0.144194035,15.555207358,0.0585263337,-0.2438519739999999,0.1725490242,-0.2796610089999999,-0.287709489,1.3630362883000002,-0.8344797190000001,3.0570872319,0.182812531,-0.182812531,5.0,-0.374350995,0.1555298508,-0.533817324,0.2833451691,6.2226235062,0.0473345592,0.0338987392,-0.0315466779999999,0.0375663954999999,-0.4906960279999999,0.0,0.0565214091,0.0,1.9820717629,0.3414246076,0.0,0.0,0.0,0.2767111716,0.0127073362,1.1163823088,2.0176963915,0.1228468957,0.0685572256,0.2363112392,0.1109046244,0.0944846743,0.5287718294,1092.4697597000002,0.3703420452,0.011766986,-0.062811246,-0.129725477,-0.331534888,-0.000295262,-0.129725477,,-0.093671806,-0.013651633,,-2.724978903,3.0,1.9820717629,0.0,0.0664577597,0.3506308345,0.0975728417999999,0.3575986079,1.4942912578999998,,5.7870180895,0.0,0.0,0.3314500942,0.0,0.1895376936,0.7526648116,0.4675923421,0.3391514492,0.578450095,0.0091910838,-0.000942785,-0.003278067,0.0,-0.006493574,0.0236093667,-0.011534063,0.0201210213,0.1546808454,0.1705222378,7.0,0.0435183449,1.6444896e-09,0.0789473653,0.0327066581999999,0.684863008,8.072173862,8.3985405e-09,73.0,18.375
1997-07-31,1912800.75,1.5166533080000002,2.3002372568,-0.368927405,15.376465749,0.0591808169,-0.106515159,-0.0167224069999999,-0.19189188,-0.059748415,1.1199999893,0.0151093667,2.768634684,0.182812531,-0.182812531,5.0,-0.374350995,0.1234028339,-0.6759003490000001,0.2833451691,6.2226235062,0.0473345592,0.0338987392,-0.0315466779999999,0.0375663954999999,-0.4906960279999999,0.0,0.0565214091,0.0,1.9820717629,0.3414246076,0.0,0.0,0.0,0.2767111716,0.0127073362,1.1163823088,2.0176963915,0.1228468957,0.0685572256,0.2363112392,0.1109046244,0.0944846743,0.5287718294,1092.4697597000002,0.3703420452,0.011766986,-0.062811246,-0.129725477,-0.331534888,-0.000295262,-0.129725477,,-0.093671806,-0.013651633,,-2.724978903,3.0,1.9820717629,0.0,0.0664577597,0.3506308345,0.0975728417999999,0.3575986079,1.4942912578999998,,5.7870180895,0.0,0.0,0.3314500942,0.0,0.1895376936,0.7526648116,0.4675923421,5.4955160626,0.5431679401,0.0193098401,-0.033065169,0.0705529116,1.0,0.059496243,0.0250395811,0.1045427009,0.0347091181,0.1620840306,0.1719209234,7.0,0.0459965179,1.3147523e-09,0.0732600763,0.0322803904,0.6079069307,6.396328604400001,8.4909567e-09,73.0,16.8125
1997-08-29,1750147.625,1.5608417083,2.4362268383,-0.4239023189999999,15.349602964,0.0586236198,0.0488766079,-0.085034013,-0.167728224,-0.013422801,0.935064917,-0.1269752999999999,3.3006910155,0.182812531,-0.182812531,5.0,-0.374350995,0.1234028339,-0.6818213940000001,0.2833451691,6.2226235062,0.0473345592,0.0338987392,-0.0315466779999999,0.0375663954999999,-0.4906960279999999,0.0,0.0565214091,0.0,1.9820717629,0.3414246076,0.0,0.0,0.0,0.2767111716,0.0127073362,1.1163823088,2.0176963915,0.1228468957,0.0685572256,0.2363112392,0.1109046244,0.0944846743,0.5287718294,1092.4697597000002,0.3703420452,0.011766986,-0.062811246,-0.129725477,-0.331534888,-0.000295262,-0.129725477,,-0.093671806,-0.013651633,,-2.724978903,3.0,1.9820717629,0.0,0.0664577597,0.3506308345,0.0975728417999999,0.3575986079,1.4942912578999998,,5.7870180895,0.0,0.0,0.3314500942,0.0,0.1895376936,0.7526648116,0.4675923421,5.4955160626,0.5431679401,0.0193098401,-0.033065169,0.0705529116,1.0,0.059496243,0.0250395811,0.1045427009,0.0347091181,0.1620840306,0.1719209234,7.0,0.0369631327,7.065618e-10,0.1085409224,0.0419235747,0.8921102431999999,41.526693112,3.9541812e-09,73.0,17.3125
1997-09-30,1802196.625,1.4813530119999998,2.194406746,0.0310829595,15.990472272,0.0597875712,0.0457854867,0.0297397766,-0.057793323,-0.1151315619999999,0.8313252859,-0.0474924279999999,3.4056717135000003,0.182812531,-0.182812531,5.0,-0.374350995,0.1234028339,-0.690529753,0.2833451691,6.2226235062,0.0473345592,0.0338987392,-0.0315466779999999,0.0375663954999999,-0.4906960279999999,0.0,0.0565214091,0.0,1.9820717629,0.3414246076,0.0,0.0,0.0,0.2767111716,0.0127073362,1.1163823088,2.0176963915,0.1228468957,0.0685572256,0.2363112392,0.1109046244,0.0944846743,0.5287718294,1092.4697597000002,0.3703420452,0.011766986,-0.062811246,-0.129725477,-0.331534888,-0.000295262,-0.129725477,,-0.093671806,-0.013651633,,-2.724978903,3.0,1.9820717629,0.0,0.0664577597,0.3506308345,0.0975728417999999,0.3575986079,1.4942912578999998,,5.7870180895,0.0,0.0,0.3314500942,0.0,0.1895376936,0.7526648116,0.4675923421,5.4955160626,0.5431679401,0.0193098401,-0.033065169,0.0705529116,1.0,0.059496243,0.0250395811,0.1045427009,0.0347091181,0.1620840306,0.1719209234,7.0,0.0264452175,4.95212e-10,0.0332103334,0.0147557517,0.8005436683,10.662754161,7.2024732e-09,73.0,21.25
1997-10-31,2240005.0,1.5006603124000002,2.2519813732,1.1579945973,15.466646425,0.0598448938,0.0352325543,0.2274368255999999,0.3850000139,-0.249322481,1.038674022,-0.133276328,3.9132483335,0.182812531,-0.182812531,5.0,-0.374350995,0.1234028339,-1.167117257,0.2833451691,6.2226235062,0.0473345592,0.0338987392,-0.0315466779999999,0.0375663954999999,-0.4906960279999999,0.0,0.0565214091,0.0,1.9820717629,0.3414246076,0.0,0.0,0.0,0.2767111716,0.0127073362,1.1163823088,2.0176963915,0.1228468957,0.0685572256,0.2363112392,0.1109046244,0.0944846743,0.5287718294,1092.4697597000002,0.3703420452,0.011766986,-0.062811246,-0.129725477,-0.331534888,-0.000295262,-0.129725477,,-0.093671806,-0.013651633,,-2.724978903,3.0,1.9820717629,0.0,0.0664577597,0.3506308345,0.0975728417999999,0.3575986079,1.4942912578999998,,5.7870180895,0.0,0.0,0.3314500942,0.0,0.1895376936,0.7526648116,0.4675923421,0.5350342046000001,0.5732376858,0.0478481383,-0.021046129,0.1590992231,0.0,0.0161983874,0.024960753,0.0261275919,0.0476850013999999,0.1511826185999999,0.1607774966,7.0,0.0325669129999999,5.419127e-10,0.1214285716,0.0333963086,0.6278424357,11.620466413,5.2566267e-09,73.0,19.4375
1997-11-28,2048945.75,1.5370455268,2.3625089515,0.5112745088,15.987254636,0.0611735202,0.1902693684,-0.08529412,0.3333333432,-0.055555539,0.9512195024,-0.267134665,3.6383903161,0.182812531,-0.182812531,5.0,-0.374350995,0.1234028339,-1.174022012,0.2833451691,6.2226235062,0.0473345592,0.0338987392,-0.0315466779999999,0.0375663954999999,-0.4906960279999999,0.0,0.0565214091,0.0,1.9820717629,0.3414246076,0.0,0.0,0.0,0.2767111716,0.0127073362,1.1163823088,2.0176963915,0.1228468957,0.0685572256,0.2363112392,0.1109046244,0.0944846743,0.5287718294,1092.4697597000002,0.3703420452,0.011766986,-0.062811246,-0.129725477,-0.331534888,-0.000295262,-0.129725477,,-0.093671806,-0.013651633,,-2.724978903,3.0,1.9820717629,0.0,0.0664577597,0.3506308345,0.0975728417999999,0.3575986079,1.4942912578999998,,5.7870180895,0.0,0.0,0.3314500942,0.0,0.1895376936,0.7526648116,0.4675923421,0.5350342046000001,0.5732376858,0.0478481383,-0.021046129,0.1590992231,0.0,0.0161983874,0.024960753,0.0261275919,0.0476850013999999,0.1511826185999999,0.1607774966,7.0,0.0531978037,1.0016832e-09,0.0731343254,0.0425613837,0.6131159271,14.129613852,4.5924682e-09,73.0,20.5625
1997-12-31,2167534.25,1.5098428172999998,2.2796253330000003,0.2557016675,15.953999817,0.0606496845999999,0.1687736527,0.0578778125,0.0401337802,-0.121468913,1.1487101476,0.0800815273,3.3803172314,0.182812531,-0.182812531,5.0,-0.374350995,0.1234028339,-1.177486632,0.2833451691,6.2226235062,0.0473345592,0.0338987392,-0.0315466779999999,0.0375663954999999,-0.4906960279999999,0.0,0.0565214091,0.0,1.9820717629,0.3414246076,0.0,0.0,0.0,0.2767111716,0.0127073362,1.1163823088,2.0176963915,0.1228468957,0.0685572256,0.2363112392,0.1109046244,0.0944846743,0.5287718294,1092.4697597000002,0.3703420452,0.011766986,-0.062811246,-0.129725477,-0.331534888,-0.000295262,-0.129725477,,-0.093671806,-0.013651633,,-2.724978903,3.0,1.9820717629,0.0,0.0664577597,0.3506308345,0.0975728417999999,0.3575986079,1.4942912578999998,,5.7870180895,0.0,0.0,0.3314500942,0.0,0.1895376936,0.7526648116,0.4675923421,0.5350342046000001,0.5732376858,0.0478481383,-0.021046129,0.1590992231,0.0,0.0161983874,0.024960753,0.0261275919,0.0476850013999999,0.1511826185999999,0.1607774966,7.0,0.0433659836,1.2213362e-09,0.0733333305,0.0335664358,0.5221876079,5.4707475929,1.1058362e-08,73.0,17.875
1998-01-30,1884239.5,1.5993874009,2.5580400582,0.1781945136,15.322549205,0.0607396698,0.1534970622,-0.130699083,0.1190476181,-0.110810798,1.1142856969,-0.0277179439999999,3.064591023,0.182812531,-0.182812531,5.0,-0.374350995,0.1234028339,-1.168978528,0.2833451691,6.2226235062,0.0473345592,0.0338987392,-0.0315466779999999,0.0375663954999999,-0.4906960279999999,0.0,0.0565214091,0.0,1.9820717629,0.3414246076,0.0,0.0,0.0,0.2767111716,0.0127073362,1.1163823088,2.0176963915,0.1228468957,0.0685572256,0.2363112392,0.1109046244,0.0944846743,0.5287718294,1092.4697597000002,0.3703420452,0.011766986,-0.062811246,-0.129725477,-0.331534888,-0.000295262,-0.129725477,,-0.093671806,-0.013651633,,-2.724978903,3.0,1.9820717629,0.0,0.0664577597,0.3506308345,0.0975728417999999,0.3575986079,1.4942912578999998,,5.7870180895,0.0,0.0,0.3314500942,0.0,0.1895376936,0.7526648116,0.4675923421,5.5971498116,0.5721425243,0.0132686843,-0.010497666,-0.165875933,1.0,0.0467765489,0.0252176489,0.0741697417,0.0314611964,0.1507172809,0.1606076014,7.0,0.0561572845,7.643489e-10,0.0925605521,0.0423076738,0.7534619236,13.340166595,3.9218457e-09,73.0,15.46875
1998-02-27,2003234.0625,1.7390488968,3.0242910656,0.1585739785,16.072505065,0.0616619215,0.0646331043,-0.134615391,0.0631970301999999,-0.190375071,0.9516574423,-0.037473007,2.9879487061,0.182812531,-0.182812531,5.0,-0.374350995,0.1234028339,-1.212167277,0.2833451691,6.2226235062,0.0473345592,0.0338987392,-0.0315466779999999,0.0375663954999999,-0.4906960279999999,0.0,0.0565214091,0.0,1.9820717629,0.3414246076,0.0,0.0,0.0,0.2767111716,0.0127073362,1.1163823088,2.0176963915,0.1228468957,0.0685572256,0.2363112392,0.1109046244,0.0944846743,0.5287718294,1092.4697597000002,0.3703420452,0.011766986,-0.062811246,-0.129725477,-0.331534888,-0.000295262,-0.129725477,,-0.093671806,-0.013651633,,-2.724978903,3.0,1.9820717629,0.0,0.0664577597,0.3506308345,0.0975728417999999,0.3575986079,1.4942912578999998,,5.7870180895,0.0,0.0,0.3314500942,0.0,0.1895376936,0.7526648116,0.4675923421,5.5971498116,0.5721425243,0.0132686843,-0.010497666,-0.165875933,1.0,0.0467765489,0.0252176489,0.0741697417,0.0314611964,0.1507172809,0.1606076014,7.0,0.0436258567,9.734522e-10,0.0557768941,0.0313967835,0.7283709787,22.830671393000003,6.9631594e-09,73.0,17.46875
1998-03-31,2262238.0625,1.6930281297,2.8663442480000003,0.0387975793,15.654982379000002,0.0623611504,0.1413412262,0.1292929351,-0.106498198,-0.133099808,0.5105819871,0.0821323495,3.1050640145,0.182812531,-0.182812531,5.0,-0.374350995,0.1234028339,-1.221142055,0.2833451691,6.2226235062,0.0473345592,0.0338987392,-0.0315466779999999,0.0375663954999999,-0.4906960279999999,0.0,0.0565214091,0.0,1.9820717629,0.3414246076,0.0,0.0,0.0,0.2767111716,0.0127073362,1.1163823088,2.0176963915,0.1228468957,0.0685572256,0.2363112392,0.1109046244,0.0944846743,0.5287718294,1092.4697597000002,0.3703420452,0.011766986,-0.062811246,-0.129725477,-0.331534888,-0.000295262,-0.129725477,,-0.093671806,-0.013651633,,-2.724978903,3.0,1.9820717629,0.0,0.0664577597,0.3506308345,0.0975728417999999,0.3575986079,1.4942912578999998,,5.7870180895,0.0,0.0,0.3314500942,0.0,0.1895376936,0.7526648116,0.4675923421,5.5971498116,0.5721425243,0.0132686843,-0.010497666,-0.165875933,1.0,0.0467765489,0.0252176489,0.0741697417,0.0314611964,0.1507172809,0.1606076014,7.0,0.0332186336,5.593874e-10,0.0666666700999999,0.0216064047,0.3939183693,4.282117305,1.1252939e-08,73.0,16.375
1998-04-30,2120595.25,1.7521389934,3.0699910523,-0.929411783,15.347876034,0.0619622344,0.3747406232,-0.062611803,-0.177941177,0.3975000161,0.0471204163,0.0871757244,2.5596175194,0.071608062,-0.071608062,6.0,-0.539701247,0.2183227072,-1.134310511,0.5163370832999999,4.4637483805,0.0489204265,0.0822160277,-0.042984207,0.3034747125,-0.664742654,0.0,-12.15953447,0.0,2.3629571296000003,0.3827620823,0.0,0.0,0.0,0.7691871431,0.0323186779,1.1445128825,1.6122351136000002,,0.0584533419,0.1427738928,0.1185425718999999,0.0972828185999999,0.2366019748,1252.5183793,0.3346989725,0.0107658462,-0.503180534,0.1921652757,0.1210735074,-0.003026629,0.1921652757,,-0.027772147,0.0695751412,,-0.51368898,6.0,2.3629571296000003,0.0,0.0513561354,0.2304701039,0.1397481823,0.3452608863,1.3759268958000002,,5.67539142,0.0,0.0,0.4120084865999999,0.0,0.2228320919,0.7411454262,-0.405465641,0.4053744434,0.5761116237,0.0140280267,0.0498843062,0.0908304015,2.0,0.0473604832,0.0253748083999999,0.0735827263,0.0279664554,0.1396217002,0.1499047636,7.0,0.0396935717,1.0880635e-09,0.0622406639,0.031539581,0.4734486554,5.6283283946000005,7.5147604e-09,73.0,21.5
1998-05-29,2840580.0,1.7131662478999998,2.9349385931,-0.113498513,15.540372325,0.0628240245,0.5428810382,0.3129771054,-0.157556265,0.0274509911,0.1751152105,0.0769984612,2.9134372792,0.071608062,-0.071608062,6.0,-0.539701247,0.2183227072,-1.14460112,0.5163370832999999,4.4637483805,0.0489204265,0.0822160277,-0.042984207,0.3034747125,-0.664742654,0.0,-12.15953447,0.0,2.3629571296000003,0.3827620823,0.0,0.0,0.0,0.7691871431,0.0323186779,1.1445128825,1.6122351136000002,,0.0584533419,0.1427738928,0.1185425718999999,0.0972828185999999,0.2366019748,1252.5183793,0.3346989725,0.0107658462,-0.503180534,0.1921652757,0.1210735074,-0.003026629,0.1921652757,,-0.027772147,0.0695751412,,-0.51368898,6.0,2.3629571296000003,0.0,0.0513561354,0.2304701039,0.1397481823,0.3452608863,1.3759268958000002,,5.67539142,0.0,0.0,0.4120084865999999,0.0,0.2228320919,0.7411454262,-0.405465641,0.4053744434,0.5761116237,0.0140280267,0.0498843062,0.0908304015,2.0,0.0473604832,0.0253748083999999,0.0735827263,0.0279664554,0.1396217002,0.1499047636,7.0,0.0464808129,6.200588e-10,0.1508771926,0.0459471567,0.7119689389,14.11245795,5.0282554e-09,73.0,21.46875
1998-06-30,2836451.25,1.7636906688999998,3.1106047755,-0.056261488,16.280392291,0.0640877756,0.4422389676,-0.001453488,0.0455927169,0.1505016851,0.3778801934,0.0676088763,2.9432031487,0.071608062,-0.071608062,6.0,-0.539701247,0.2183227072,-1.153616847,0.5163370832999999,4.4637483805,0.0489204265,0.0822160277,-0.042984207,0.3034747125,-0.664742654,0.0,-12.15953447,0.0,2.3629571296000003,0.3827620823,0.0,0.0,0.0,0.7691871431,0.0323186779,1.1445128825,1.6122351136000002,,0.0584533419,0.1427738928,0.1185425718999999,0.0972828185999999,0.2366019748,1252.5183793,0.3346989725,0.0107658462,-0.503180534,0.1921652757,0.1210735074,-0.003026629,0.1921652757,,-0.027772147,0.0695751412,,-0.51368898,6.0,2.3629571296000003,0.0,0.0513561354,0.2304701039,0.1397481823,0.3452608863,1.3759268958000002,,5.67539142,0.0,0.0,0.4120084865999999,0.0,0.2228320919,0.7411454262,-0.405465641,0.4053744434,0.5761116237,0.0140280267,0.0498843062,0.0908304015,2.0,0.0473604832,0.0253748083999999,0.0735827263,0.0279664554,0.1396217002,0.1499047636,7.0,0.0424180129,8.371817e-10,0.0418535135999999,0.0266165674,0.4393302652,4.799209529,1.0441482e-08,73.0,22.875
1998-07-31,3022245.0,1.6968518756,2.8793062877999995,0.3069311644,15.59761999,0.0650728788,0.2629882732,0.0655021816,0.2010489577,0.168367359,0.1736527059,0.0074612231,3.0262869825,0.071608062,-0.071608062,6.0,-0.539701247,0.2185353826,-1.128607275,0.5163370832999999,4.4637483805,0.0489204265,0.0822160277,-0.042984207,0.3034747125,-0.664742654,0.0,-12.15953447,0.0,2.3629571296000003,0.3827620823,0.0,0.0,0.0,0.7691871431,0.0323186779,1.1445128825,1.6122351136000002,,0.0584533419,0.1427738928,0.1185425718999999,0.0972828185999999,0.2366019748,1252.5183793,0.3346989725,0.0107658462,-0.503180534,0.1921652757,0.1210735074,-0.003026629,0.1921652757,,-0.027772147,0.0695751412,,-0.51368898,6.0,2.3629571296000003,0.0,0.0513561354,0.2304701039,0.1397481823,0.3452608863,1.3759268958000002,,5.67539142,0.0,0.0,0.4120084865999999,0.0,0.2228320919,0.7411454262,-0.405465641,2.0981191275,0.5774789907,-0.021202176,0.0150586853,-0.067512986,0.0,-0.013481301,0.0270947832,-0.020615728,0.0087733613,0.1200555715,0.1410566761,7.0,0.0438938037,6.471357e-10,0.083086051,0.0320379673,0.3328780573,4.2015739175,6.7887921e-09,73.0,19.0
1998-08-31,2534106.0,1.6013646813999998,2.5643688429,0.3082085019,15.996271094,0.0646337898,0.2404709326,-0.169398904,0.4787878963,0.3605948061,0.0426356705999999,-0.073670872,2.3502681682,0.071608062,-0.071608062,6.0,-0.539701247,0.2185353826,-1.126647991,0.5163370832999999,4.4637483805,0.0489204265,0.0822160277,-0.042984207,0.3034747125,-0.664742654,0.0,-12.15953447,0.0,2.3629571296000003,0.3827620823,0.0,0.0,0.0,0.7691871431,0.0323186779,1.1445128825,1.6122351136000002,,0.0584533419,0.1427738928,0.1185425718999999,0.0972828185999999,0.2366019748,1252.5183793,0.3346989725,0.0107658462,-0.503180534,0.1921652757,0.1210735074,-0.003026629,0.1921652757,,-0.027772147,0.0695751412,,-0.51368898,6.0,2.3629571296000003,0.0,0.0513561354,0.2304701039,0.1397481823,0.3452608863,1.3759268958000002,,5.67539142,0.0,0.0,0.4120084865999999,0.0,0.2228320919,0.7411454262,-0.405465641,2.0981191275,0.5774789907,-0.021202176,0.0150586853,-0.067512986,0.0,-0.013481301,0.0270947832,-0.020615728,0.0087733613,0.1200555715,0.1410566761,7.0,0.0485234229999999,1.030467e-09,0.0338461548,0.0270838346,0.5203409751,5.4742060175,9.5844484e-09,73.0,13.0625
1998-09-30,1742197.875,1.5491791097,2.3999559139,-0.2612614,15.47470883,0.0640090965,0.1089085031,-0.3125,0.0876565409999999,0.0974729374,0.1939655347,-0.062748499,2.5257968725,0.071608062,-0.071608062,6.0,-0.539701247,0.2185353826,-1.135858618,0.5163370832999999,4.4637483805,0.0489204265,0.0822160277,-0.042984207,0.3034747125,-0.664742654,0.0,-12.15953447,0.0,2.3629571296000003,0.3827620823,0.0,0.0,0.0,0.7691871431,0.0323186779,1.1445128825,1.6122351136000002,,0.0584533419,0.1427738928,0.1185425718999999,0.0972828185999999,0.2366019748,1252.5183793,0.3346989725,0.0107658462,-0.503180534,0.1921652757,0.1210735074,-0.003026629,0.1921652757,,-0.027772147,0.0695751412,,-0.51368898,6.0,2.3629571296000003,0.0,0.0513561354,0.2304701039,0.1397481823,0.3452608863,1.3759268958000002,,5.67539142,0.0,0.0,0.4120084865999999,0.0,0.2228320919,0.7411454262,-0.405465641,2.0981191275,0.5774789907,-0.021202176,0.0150586853,-0.067512986,0.0,-0.013481301,0.0270947832,-0.020615728,0.0087733613,0.1200555715,0.1410566761,7.0,0.0582518584999999,1.2694778e-09,0.0349650346,0.0404863053,0.5586128353,8.9703986425,7.461504e-09,73.0,16.65625
1998-10-30,2277275.8125,1.4670820012,2.1523295982,0.2465873304,15.397453242,0.062958579,-0.233316356,0.2751196027,-0.202290071,-0.385294112,0.3821138457,0.0462389091,2.1015002311,0.071608062,-0.071608062,6.0,-0.539701247,0.2185353826,-1.069793308,0.5163370832999999,4.4637483805,0.0489204265,0.0822160277,-0.042984207,0.3034747125,-0.664742654,0.0,-12.15953447,0.0,2.3629571296000003,0.3827620823,0.0,0.0,0.0,0.7691871431,0.0323186779,1.1445128825,1.6122351136000002,,0.0584533419,0.1427738928,0.1185425718999999,0.0972828185999999,0.2366019748,1252.5183793,0.3346989725,0.0107658462,-0.503180534,0.1921652757,0.1210735074,-0.003026629,0.1921652757,,-0.027772147,0.0695751412,,-0.51368898,6.0,2.3629571296000003,0.0,0.0513561354,0.2304701039,0.1397481823,0.3452608863,1.3759268958000002,,5.67539142,0.0,0.0,0.4120084865999999,0.0,0.2228320919,0.7411454262,-0.405465641,2.0981191275,0.5774789907,-0.021202176,0.0150586853,-0.067512986,0.0,-0.013481301,0.0270947832,-0.020615728,0.0087733613,0.1200555715,0.1410566761,7.0,0.0660831452,2.3401323e-09,0.1459330171,0.0559239548,0.4079581828,3.5192949991000004,1.1927761000000001e-08,73.0,22.625
1998-11-30,3166006.75,1.4138401109,1.9989438592,-0.053783766,15.172591617,0.0626194684,-0.1349468909999999,0.3583489656,-0.225290705,-0.143086816,0.036666683,0.0968351253999999,2.3318897957,0.071608062,-0.071608062,6.0,-0.539701247,0.2185353826,-0.8812287990000001,0.5163370832999999,4.4637483805,0.0489204265,0.0822160277,-0.042984207,0.3034747125,-0.664742654,0.0,-12.15953447,0.0,2.3629571296000003,0.3827620823,0.0,0.0,0.0,0.7691871431,0.0323186779,1.1445128825,1.6122351136000002,,0.0584533419,0.1427738928,0.1185425718999999,0.0972828185999999,0.2366019748,1252.5183793,0.3346989725,0.0107658462,-0.503180534,0.1921652757,0.1210735074,-0.003026629,0.1921652757,,-0.027772147,0.0695751412,,-0.51368898,6.0,2.3629571296000003,0.0,0.0513561354,0.2304701039,0.1397481823,0.3452608863,1.3759268958000002,,5.67539142,0.0,0.0,0.4120084865999999,0.0,0.2228320919,0.7411454262,-0.405465641,0.8559552211,0.6088233947,0.0049258886,-0.040882599,0.0395649187,1.0,0.032377552,0.0262529569,0.0491447401999999,0.0062377631,0.0820800622,0.1314085398,7.0,0.0762058011,1.86831e-09,0.1212765947,0.0536318680999999,0.479157293,6.2364875358,7.4501262e-09,73.0,23.6875
1998-12-31,3314686.625,1.2395994819,1.5366068755000002,0.0592749175,15.949198512,0.0645492204,-0.099625324,0.0469613262,0.0538573392999999,0.1003039516,0.1920290009,-0.027267756,2.0878789605000003,0.071608062,-0.071608062,6.0,-0.539701247,0.2185353826,-0.883520229,0.5163370832999999,4.4637483805,0.0489204265,0.0822160277,-0.042984207,0.3034747125,-0.664742654,0.0,-12.15953447,0.0,2.3629571296000003,0.3827620823,0.0,0.0,0.0,0.7691871431,0.0323186779,1.1445128825,1.6122351136000002,,0.0584533419,0.1427738928,0.1185425718999999,0.0972828185999999,0.2366019748,1252.5183793,0.3346989725,0.0107658462,-0.503180534,0.1921652757,0.1210735074,-0.003026629,0.1921652757,,-0.027772147,0.0695751412,,-0.51368898,6.0,2.3629571296000003,0.0,0.0513561354,0.2304701039,0.1397481823,0.3452608863,1.3759268958000002,,5.67539142,0.0,0.0,0.4120084865999999,0.0,0.2228320919,0.7411454262,-0.405465641,0.8559552211,0.6088233947,0.0049258886,-0.040882599,0.0395649187,1.0,0.032377552,0.0262529569,0.0491447401999999,0.0062377631,0.0820800622,0.1314085398,7.0,0.0299955152999999,7.090035e-10,0.0471567251,0.0229335735,0.7912228064,4.8434200595,1.1210494e-08,73.0,27.125
1999-01-29,3809109.5,1.1862485119,1.4071855319,-0.093927951,15.682365015,0.0635839559,0.0899400497,0.1451187283,0.0355191162,0.3251748182,-0.059210507,0.0574432204,2.1506964423,0.071608062,-0.071608062,6.0,-0.539701247,0.2185353826,-0.8256314459999999,0.5163370832999999,4.4637483805,0.0489204265,0.0822160277,-0.042984207,0.3034747125,-0.664742654,0.0,-12.15953447,0.0,2.3629571296000003,0.3827620823,0.0,0.0,0.0,0.7691871431,0.0323186779,1.1445128825,1.6122351136000002,,0.0584533419,0.1427738928,0.1185425718999999,0.0972828185999999,0.2366019748,1252.5183793,0.3346989725,0.0107658462,-0.503180534,0.1921652757,0.1210735074,-0.003026629,0.1921652757,,-0.027772147,0.0695751412,,-0.51368898,6.0,2.3629571296000003,0.0,0.0513561354,0.2304701039,0.1397481823,0.3452608863,1.3759268958000002,,5.67539142,0.0,0.0,0.4120084865999999,0.0,0.2228320919,0.7411454262,-0.405465641,-0.125730977,0.6567830361,0.0086240934,-0.050151323,-0.040758252,2.0,0.0407739752,0.0263582787,0.0601340458999999,0.0055707599,0.0831263763,0.1314951064,7.0,0.0461632305999999,9.610141e-10,0.1108144224,0.0395166763,0.5849475727000001,5.6997618444,1.0717424999999996e-08,73.0,29.03125
1999-02-26,4076800.375,1.212638225,1.4704914646,0.2996776534,15.76773821,0.0623593581,0.1480678197,0.0702764988,0.4276315538,0.7535353503,0.0576923217999999,0.0319709179,1.8870548134,0.071608062,-0.071608062,6.0,-0.539701247,0.2185353826,-0.83807726,0.5163370832999999,4.4637483805,0.0489204265,0.0822160277,-0.042984207,0.3034747125,-0.664742654,0.0,-12.15953447,0.0,2.3629571296000003,0.3827620823,0.0,0.0,0.0,0.7691871431,0.0323186779,1.1445128825,1.6122351136000002,,0.0584533419,0.1427738928,0.1185425718999999,0.0972828185999999,0.2366019748,1252.5183793,0.3346989725,0.0107658462,-0.503180534,0.1921652757,0.1210735074,-0.003026629,0.1921652757,,-0.027772147,0.0695751412,,-0.51368898,6.0,2.3629571296000003,0.0,0.0513561354,0.2304701039,0.1397481823,0.3452608863,1.3759268958000002,,5.67539142,0.0,0.0,0.4120084865999999,0.0,0.2228320919,0.7411454262,-0.405465641,-0.125730977,0.6567830361,0.0086240934,-0.050151323,-0.040758252,2.0,0.0407739752,0.0263582787,0.0601340458999999,0.0055707599,0.0831263763,0.1314951064,7.0,0.0583399704,8.472272e-10,0.0748299286,0.0438490833999999,0.4534355094,5.440798582899999,1.2330729000000001e-08,73.0,23.125
1999-03-31,3247397.5,1.2053173199,1.4527898418,1.022571013,15.84536535,0.0624157371,0.2158076251,-0.20344457,1.2224880014,0.6618962333,0.0667939125999999,-0.014530736,1.8229745255,0.071608062,-0.071608062,6.0,-0.539701247,0.2185353826,-0.845942196,0.5163370832999999,4.4637483805,0.0489204265,0.0822160277,-0.042984207,0.3034747125,-0.664742654,0.0,-12.15953447,0.0,2.3629571296000003,0.3827620823,0.0,0.0,0.0,0.7691871431,0.0323186779,1.1445128825,1.6122351136000002,,0.0584533419,0.1427738928,0.1185425718999999,0.0972828185999999,0.2366019748,1252.5183793,0.3346989725,0.0107658462,-0.503180534,0.1921652757,0.1210735074,-0.003026629,0.1921652757,,-0.027772147,0.0695751412,,-0.51368898,6.0,2.3629571296000003,0.0,0.0513561354,0.2304701039,0.1397481823,0.3452608863,1.3759268958000002,,5.67539142,0.0,0.0,0.4120084865999999,0.0,0.2228320919,0.7411454262,-0.405465641,-0.125730977,0.6567830361,0.0086240934,-0.050151323,-0.040758252,2.0,0.0407739752,0.0263582787,0.0601340458999999,0.0055707599,0.0831263763,0.1314951064,7.0,0.0587232797,1.079913e-09,0.0809464529,0.0369544704999999,0.4022530922,4.0626457121,1.3141448e-08,73.0,26.875
1999-04-30,3774002.5,1.246385562,1.5534769692,0.5963328437,15.554228715,0.0617769887,0.0225597597,0.1621621549,0.3883677117,0.4122137158,0.0234375229,-0.097065564,1.9169776208,0.1024592816,-0.102459282,7.0,-0.503329432,0.3504793313,-0.555321642,0.4175311511999999,2.1390316522,0.0649932766,0.0584865169,-0.0578489009999999,0.2623610214999999,-0.024928771,0.0,-0.3381327739999999,0.0,2.8654368121,0.4200282342,0.0,0.0,0.0,0.6037646956,0.0285587456,1.057866845,0.4788251192,,0.0489613447,0.3217746048,0.0861920286999999,0.129145555,0.3135457107,750.07184347,0.3318705547,0.0095088207,30.720121949,0.2126486664999999,0.0973611378,-0.015202324,0.2126486664999999,,0.0018706979999999,0.0849263681,,-1.275774906,5.0,2.8654368121,0.0,0.0845852853,0.2611304566,0.1207637427,0.4359910972,1.1970275223,,5.6827824215,0.0,0.0,0.4383395606,0.0,0.323919647,0.7854566846,0.7096819415000001,0.6403100117,0.6335853509,0.010203482,0.0395097629999999,0.0530582848,0.0,0.0117392051,0.0265419802,0.0168086422,0.0091792423,0.085899025,0.1346678267,7.0,0.0512666421,8.121388e-10,0.0701754391,0.0318417228,0.3762794972,3.6408238535,8.9247135e-09,73.0,23.5625
1999-05-28,3308834.75,1.1983866084,1.4361304631,-0.010889121,15.900404863,0.0616320278,-0.026888846,-0.1232558119999999,0.1878452830999999,0.2499999645,0.0424242705999999,-0.069200909,2.8365995386,0.1024592816,-0.102459282,7.0,-0.503329432,0.3504793313,-0.5602100329999999,0.4175311511999999,2.1390316522,0.0649932766,0.0584865169,-0.0578489009999999,0.2623610214999999,-0.024928771,0.0,-0.3381327739999999,0.0,2.8654368121,0.4200282342,0.0,0.0,0.0,0.6037646956,0.0285587456,1.057866845,0.4788251192,,0.0489613447,0.3217746048,0.0861920286999999,0.129145555,0.3135457107,750.07184347,0.3318705547,0.0095088207,30.720121949,0.2126486664999999,0.0973611378,-0.015202324,0.2126486664999999,,0.0018706979999999,0.0849263681,,-1.275774906,5.0,2.8654368121,0.0,0.0845852853,0.2611304566,0.1207637427,0.4359910972,1.1970275223,,5.6827824215,0.0,0.0,0.4383395606,0.0,0.323919647,0.7854566846,0.7096819415000001,0.6403100117,0.6335853509,0.010203482,0.0395097629999999,0.0530582848,0.0,0.0117392051,0.0265419802,0.0168086422,0.0091792423,0.085899025,0.1346678267,7.0,0.0795961908,6.359539e-10,0.0597826093,0.0490127643,0.8099410303,19.601867981,4.5032827e-09,73.0,22.1875
1999-06-30,3115746.25,1.1278901072,1.2721360939,-0.1666724319999999,16.543854736,0.0626828458,0.1478597068,-0.058355439,-0.00527706,0.0975254448,-0.040502768,-0.089918571,2.8844105164,0.1024592816,-0.102459282,7.0,-0.503329432,0.3504793313,-0.7352650159999999,0.4175311511999999,2.1390316522,0.0649932766,0.0584865169,-0.0578489009999999,0.2623610214999999,-0.024928771,0.0,-0.3381327739999999,0.0,2.8654368121,0.4200282342,0.0,0.0,0.0,0.6037646956,0.0285587456,1.057866845,0.4788251192,,0.0489613447,0.3217746048,0.0861920286999999,0.129145555,0.3135457107,750.07184347,0.3318705547,0.0095088207,30.720121949,0.2126486664999999,0.0973611378,-0.015202324,0.2126486664999999,,0.0018706979999999,0.0849263681,,-1.275774906,5.0,2.8654368121,0.0,0.0845852853,0.2611304566,0.1207637427,0.4359910972,1.1970275223,,5.6827824215,0.0,0.0,0.4383395606,0.0,0.323919647,0.7854566846,0.7096819415000001,0.6403100117,0.6335853509,0.010203482,0.0395097629999999,0.0530582848,0.0,0.0117392051,0.0265419802,0.0168086422,0.0091792423,0.085899025,0.1346678267,7.0,0.0437256257,7.121891e-10,0.055555556,0.0279602232,0.3561203093,3.1672104463,1.153973e-08,73.0,27.59375
1999-07-30,3874935.125,1.1077738256,1.2271628486,-0.168511242,15.591524739,0.0623497936,0.1382942318,0.2436619699,-0.18202766,-0.03005467,0.1509434225,0.0319041762,3.1287492523,0.1024592816,-0.102459282,7.0,-0.503329432,0.1733704426,-1.1148958690000002,0.4175311511999999,2.1390316522,0.0649932766,0.0584865169,-0.0578489009999999,0.2623610214999999,-0.024928771,0.0,-0.3381327739999999,0.0,2.8654368121,0.4200282342,0.0,0.0,0.0,0.6037646956,0.0285587456,1.057866845,0.4788251192,,0.0489613447,0.3217746048,0.0861920286999999,0.129145555,0.3135457107,750.07184347,0.3318705547,0.0095088207,30.720121949,0.2126486664999999,0.0973611378,-0.015202324,0.2126486664999999,,0.0018706979999999,0.0849263681,,-1.275774906,5.0,2.8654368121,0.0,0.0845852853,0.2611304566,0.1207637427,0.4359910972,1.1970275223,,5.6827824215,0.0,0.0,0.4383395606,0.0,0.323919647,0.7854566846,0.7096819415000001,0.6773430243,0.6427258539999999,0.019206085,0.0213491675,-0.067605838,1.0,0.0426683371999999,0.0267269202,0.0611626213,0.0015862568,0.1038475356,0.1365160231,7.0,0.0441225399,4.726008e-10,0.0974212065,0.0320631385,0.5270441475,6.7193880653,6.9426725e-09,73.0,30.09375
1999-08-31,4226005.125,1.1435017938,1.3075963524,-0.49136202,16.22238853,0.0663520805,0.2872409997,0.0906002298,-0.049515622,0.4523025859,0.0201342592,-0.161849128,2.2424018002,0.1024592816,-0.102459282,7.0,-0.503329432,0.1733704426,-1.136933356,0.4175311511999999,2.1390316522,0.0649932766,0.0584865169,-0.0578489009999999,0.2623610214999999,-0.024928771,0.0,-0.3381327739999999,0.0,2.8654368121,0.4200282342,0.0,0.0,0.0,0.6037646956,0.0285587456,1.057866845,0.4788251192,,0.0489613447,0.3217746048,0.0861920286999999,0.129145555,0.3135457107,750.07184347,0.3318705547,0.0095088207,30.720121949,0.2126486664999999,0.0973611378,-0.015202324,0.2126486664999999,,0.0018706979999999,0.0849263681,,-1.275774906,5.0,2.8654368121,0.0,0.0845852853,0.2611304566,0.1207637427,0.4359910972,1.1970275223,,5.6827824215,0.0,0.0,0.4383395606,0.0,0.323919647,0.7854566846,0.7096819415000001,0.6773430243,0.6427258539999999,0.019206085,0.0213491675,-0.067605838,1.0,0.0426683371999999,0.0267269202,0.0611626213,0.0015862568,0.1038475356,0.1365160231,7.0,0.0436745931,8.30266e-10,0.0783874616,0.0368018462999999,0.3657318346,3.2411323572,1.0590269e-08,73.0,27.96875
1999-09-30,3927595.625,1.1345472754,1.2871975201,-0.560875431,15.933386281,0.0642017146,0.7068784025,-0.070612669,0.3013513461,1.3038276857,-0.312499979,-0.1356617769999999,2.1855911774,0.1024592816,-0.102459282,7.0,-0.503329432,0.1733704426,-1.138534441,0.4175311511999999,2.1390316522,0.0649932766,0.0584865169,-0.0578489009999999,0.2623610214999999,-0.024928771,0.0,-0.3381327739999999,0.0,2.8654368121,0.4200282342,0.0,0.0,0.0,0.6037646956,0.0285587456,1.057866845,0.4788251192,,0.0489613447,0.3217746048,0.0861920286999999,0.129145555,0.3135457107,750.07184347,0.3318705547,0.0095088207,30.720121949,0.2126486664999999,0.0973611378,-0.015202324,0.2126486664999999,,0.0018706979999999,0.0849263681,,-1.275774906,5.0,2.8654368121,0.0,0.0845852853,0.2611304566,0.1207637427,0.4359910972,1.1970275223,,5.6827824215,0.0,0.0,0.4383395606,0.0,0.323919647,0.7854566846,0.7096819415000001,0.6773430243,0.6427258539999999,0.019206085,0.0213491675,-0.067605838,1.0,0.0426683371999999,0.0267269202,0.0611626213,0.0015862568,0.1038475356,0.1365160231,7.0,0.0383167056999999,7.239546e-10,0.0632183924,0.027039547,0.4284562611999999,3.7260397283,1.1508397e-08,73.0,28.078125
1999-10-29,3944639.625,1.1041651725,1.2191807282,-0.568740968,15.730496139,0.0643118525,0.6077169208,0.0039106146,0.0406976765,0.679174455,-0.277777766,-0.13000969,1.7833836341999998,0.1024592816,-0.102459282,7.0,-0.503329432,0.1733704426,-1.135809316,0.4175311511999999,2.1390316522,0.0649932766,0.0584865169,-0.0578489009999999,0.2623610214999999,-0.024928771,0.0,-0.3381327739999999,0.0,2.8654368121,0.4200282342,0.0,0.0,0.0,0.6037646956,0.0285587456,1.057866845,0.4788251192,,0.0489613447,0.3217746048,0.0861920286999999,0.129145555,0.3135457107,750.07184347,0.3318705547,0.0095088207,30.720121949,0.2126486664999999,0.0973611378,-0.015202324,0.2126486664999999,,0.0018706979999999,0.0849263681,,-1.275774906,5.0,2.8654368121,0.0,0.0845852853,0.2611304566,0.1207637427,0.4359910972,1.1970275223,,5.6827824215,0.0,0.0,0.4383395606,0.0,0.323919647,0.7854566846,0.7096819415000001,1.993312287,0.6238605625,0.0110412946,0.0239903393,-0.0230304579999999,0.0,0.0261940887,0.0265527352,0.0345986088,0.0053014715,0.1042334291,0.1374618513,7.0,0.0487033158999999,1.0063766e-09,0.0587002113,0.0373936961,0.440476462,3.5913689403,1.2571478e-08,73.0,31.15625
1999-11-30,4377079.25,1.1273555596,1.2709305577,0.2808447189999999,15.692590691,0.064858881,0.6415788522,0.1096271574,0.1916445616,0.2410220803999999,0.0055555694999999,-0.09090604,1.9007934248,0.1024592816,-0.102459282,7.0,-0.503329432,0.1733704426,-1.172408728,0.4175311511999999,2.1390316522,0.0649932766,0.0584865169,-0.0578489009999999,0.2623610214999999,-0.024928771,0.0,-0.3381327739999999,0.0,2.8654368121,0.4200282342,0.0,0.0,0.0,0.6037646956,0.0285587456,1.057866845,0.4788251192,,0.0489613447,0.3217746048,0.0861920286999999,0.129145555,0.3135457107,750.07184347,0.3318705547,0.0095088207,30.720121949,0.2126486664999999,0.0973611378,-0.015202324,0.2126486664999999,,0.0018706979999999,0.0849263681,,-1.275774906,5.0,2.8654368121,0.0,0.0845852853,0.2611304566,0.1207637427,0.4359910972,1.1970275223,,5.6827824215,0.0,0.0,0.4383395606,0.0,0.323919647,0.7854566846,0.7096819415000001,1.993312287,0.6238605625,0.0110412946,0.0239903393,-0.0230304579999999,0.0,0.0261940887,0.0265527352,0.0345986088,0.0053014715,0.1042334291,0.1374618513,7.0,0.048348355,4.846517e-10,0.0631691663999999,0.0259049853,0.4149564615999999,4.8294555934,8.985310999999999e-09,73.0,36.1875
1999-12-31,5083909.5,1.1546838556,1.3332948065,0.6943104687,16.132857383,0.0659866021,0.473376627,0.1614844501,0.4042253553,0.3153034109,0.0706214849,-0.154254152,2.2789135015,0.1024592816,-0.102459282,7.0,-0.503329432,0.1733704426,-1.180912885,0.4175311511999999,2.1390316522,0.0649932766,0.0584865169,-0.0578489009999999,0.2623610214999999,-0.024928771,0.0,-0.3381327739999999,0.0,2.8654368121,0.4200282342,0.0,0.0,0.0,0.6037646956,0.0285587456,1.057866845,0.4788251192,,0.0489613447,0.3217746048,0.0861920286999999,0.129145555,0.3135457107,750.07184347,0.3318705547,0.0095088207,30.720121949,0.2126486664999999,0.0973611378,-0.015202324,0.2126486664999999,,0.0018706979999999,0.0849263681,,-1.275774906,5.0,2.8654368121,0.0,0.0845852853,0.2611304566,0.1207637427,0.4359910972,1.1970275223,,5.6827824215,0.0,0.0,0.4383395606,0.0,0.323919647,0.7854566846,0.7096819415000001,1.993312287,0.6238605625,0.0110412946,0.0239903393,-0.0230304579999999,0.0,0.0261940887,0.0265527352,0.0345986088,0.0053014715,0.1042334291,0.1374618513,7.0,0.0366721968,2.863814e-10,0.0662983432,0.0246809022,0.4019007568,4.9669028601,7.2802775e-09,73.0,33.375
2000-01-31,4688787.0,1.1355185262,1.2894023234,0.1922319296,16.492975848,0.0657837304,0.7344257623,-0.07772021,0.31143828,0.3341013654,0.172972985,-0.087822918,3.0198735835000003,0.1024592816,-0.102459282,7.0,-0.503329432,0.1733704426,-1.362255226,0.4175311511999999,2.1390316522,0.0649932766,0.0584865169,-0.0578489009999999,0.2623610214999999,-0.024928771,0.0,-0.3381327739999999,0.0,2.8654368121,0.4200282342,0.0,0.0,0.0,0.6037646956,0.0285587456,1.057866845,0.4788251192,,0.0489613447,0.3217746048,0.0861920286999999,0.129145555,0.3135457107,750.07184347,0.3318705547,0.0095088207,30.720121949,0.2126486664999999,0.0973611378,-0.015202324,0.2126486664999999,,0.0018706979999999,0.0849263681,,-1.275774906,5.0,2.8654368121,0.0,0.0845852853,0.2611304566,0.1207637427,0.4359910972,1.1970275223,,5.6827824215,0.0,0.0,0.4383395606,0.0,0.323919647,0.7854566846,0.7096819415000001,-0.121327356,0.5799892125,0.006615365,-0.032079964,-0.0154669889999999,1.0,0.0376143985,0.0265544613,0.0506633213999999,0.0071682617,0.1107107364,0.1379228821,7.0,0.0517198303,3.728492e-10,0.0573514066999999,0.0332644895,0.6317478008,14.34051692,5.1261363e-09,73.0,23.09375
2000-02-29,3244394.75,1.1664675948999998,1.36064665,-0.269204907,16.716366539000003,0.0664192258,1.0832184944,-0.308052421,0.1090342625,0.1496232315,0.3149327839,-0.152005487,3.8377987206,0.1024592816,-0.102459282,7.0,-0.503329432,0.1733704426,-1.386674393,0.4175311511999999,2.1390316522,0.0649932766,0.0584865169,-0.0578489009999999,0.2623610214999999,-0.024928771,0.0,-0.3381327739999999,0.0,2.8654368121,0.4200282342,0.0,0.0,0.0,0.6037646956,0.0285587456,1.057866845,0.4788251192,,0.0489613447,0.3217746048,0.0861920286999999,0.129145555,0.3135457107,750.07184347,0.3318705547,0.0095088207,30.720121949,0.2126486664999999,0.0973611378,-0.015202324,0.2126486664999999,,0.0018706979999999,0.0849263681,,-1.275774906,5.0,2.8654368121,0.0,0.0845852853,0.2611304566,0.1207637427,0.4359910972,1.1970275223,,5.6827824215,0.0,0.0,0.4383395606,0.0,0.323919647,0.7854566846,0.7096819415000001,-0.121327356,0.5799892125,0.006615365,-0.032079964,-0.0154669889999999,1.0,0.0376143985,0.0265544613,0.0506633213999999,0.0071682617,0.1107107364,0.1379228821,7.0,0.0648895717,4.540409e-10,0.0656092316,0.0444700543,0.3795155869,10.173385835,4.5836708e-09,73.0,19.96875
2000-03-31,2805369.75,1.1449769957,1.3109723206,-0.495492962,16.555284324000002,0.0680260285,1.3305108012,-0.135317996,-0.174301663,-0.00135134,0.2959719925,0.0433684276999999,6.2647723174,0.1024592816,-0.102459282,7.0,-0.503329432,0.1733704426,-1.397450801,0.4175311511999999,2.1390316522,0.0649932766,0.0584865169,-0.0578489009999999,0.2623610214999999,-0.024928771,0.0,-0.3381327739999999,0.0,2.8654368121,0.4200282342,0.0,0.0,0.0,0.6037646956,0.0285587456,1.057866845,0.4788251192,,0.0489613447,0.3217746048,0.0861920286999999,0.129145555,0.3135457107,750.07184347,0.3318705547,0.0095088207,30.720121949,0.2126486664999999,0.0973611378,-0.015202324,0.2126486664999999,,0.0018706979999999,0.0849263681,,-1.275774906,5.0,2.8654368121,0.0,0.0845852853,0.2611304566,0.1207637427,0.4359910972,1.1970275223,,5.6827824215,0.0,0.0,0.4383395606,0.0,0.323919647,0.7854566846,0.7096819415000001,-0.121327356,0.5799892125,0.006615365,-0.032079964,-0.0154669889999999,1.0,0.0376143985,0.0265544613,0.0506633213999999,0.0071682617,0.1107107364,0.1379228821,7.0,0.0577112426,3.197763e-10,0.066390045,0.0651716972,0.7631424901999999,55.811536579,2.1567579999999997e-09,73.0,24.375
2000-04-28,3424395.0,1.1105669249,1.2333588947,-0.176653909,17.163783553,0.0690054359,2.3198006866,0.2206572741,-0.2888146789999999,-0.25697673,1.1499999815000002,0.1882212712,6.8052529211,0.0584274325999999,-0.058427433,8.0,-0.240106188,0.2272436642,-1.3541576990000002,0.7124135078,3.9524586934,0.0565983632,0.0350773764,-0.084818554,0.0560014429,-0.17801756,0.0,0.6365491552,0.0,3.1813922915,0.3995515198,0.0,0.0,0.0,0.3107405203,0.0408973364,0.7836793161,0.2079433248999999,,0.0485177558,0.2175925926,0.0675218433,0.0781444736,0.0771450531,1176.666788,0.3304035601,0.0085888368999999,-1.29598417,0.1102643332,-0.048750805,-0.009110124,0.1102643332,,-0.11109917,0.1028942076999999,,-0.383913189,6.0,3.1813922915,0.0,0.0477149109,0.2335460453,0.1028757518999999,0.422697575,1.1447247527,,5.1711069057,,0.0,0.1227929911,0.0,0.204306225,0.7523199362999999,0.0354455645,1.4758803403,0.5998587636,0.0044420875,-0.031431996,0.0857289657,2.0,0.0476402373,0.0269392202,0.0622455619,0.0086956453,0.1206194123,0.1599593489,7.0,0.0620012129,4.290797e-10,0.1262699515,0.0420665145,0.3749138038,7.7419324158,3.8355033e-09,73.0,21.0
2000-05-31,2872002.0,1.0483255898,1.0989865423,-0.6482590979999999,16.647716998,0.0692530017,1.4332907654,-0.138461545,-0.2176529489999999,0.0344827727,0.4784313568,-0.302934275,6.3701369289,0.0584274325999999,-0.058427433,8.0,-0.240106188,0.2272436642,-1.3709204030000002,0.7124135078,3.9524586934,0.0565983632,0.0350773764,-0.084818554,0.0560014429,-0.17801756,0.0,0.6365491552,0.0,3.1813922915,0.3995515198,0.0,0.0,0.0,0.3107405203,0.0408973364,0.7836793161,0.2079433248999999,,0.0485177558,0.2175925926,0.0675218433,0.0781444736,0.0771450531,1176.666788,0.3304035601,0.0085888368999999,-1.29598417,0.1102643332,-0.048750805,-0.009110124,0.1102643332,,-0.11109917,0.1028942076999999,,-0.383913189,6.0,3.1813922915,0.0,0.0477149109,0.2335460453,0.1028757518999999,0.422697575,1.1447247527,,5.1711069057,,0.0,0.1227929911,0.0,0.204306225,0.7523199362999999,0.0354455645,1.4758803403,0.5998587636,0.0044420875,-0.031431996,0.0857289657,2.0,0.0476402373,0.0269392202,0.0622455619,0.0086956453,0.1206194123,0.1599593489,7.0,0.0722037819,7.976074e-10,0.1096774191,0.0485909984,0.4296028849,7.483521437,6.5719986e-09,73.0,23.65625
2000-06-30,3235276.0625,1.0096472212,1.0193875113,-0.977272614,16.150634475,0.0695135524,0.7048129994,0.1264880896,-0.419689114,-0.053521119,0.1872909503,-0.150367039,3.7482508029,0.0584274325999999,-0.058427433,8.0,-0.240106188,0.2272436642,-1.3670990509999998,0.7124135078,3.9524586934,0.0565983632,0.0350773764,-0.084818554,0.0560014429,-0.17801756,0.0,0.6365491552,0.0,3.1813922915,0.3995515198,0.0,0.0,0.0,0.3107405203,0.0408973364,0.7836793161,0.2079433248999999,,0.0485177558,0.2175925926,0.0675218433,0.0781444736,0.0771450531,1176.666788,0.3304035601,0.0085888368999999,-1.29598417,0.1102643332,-0.048750805,-0.009110124,0.1102643332,,-0.11109917,0.1028942076999999,,-0.383913189,6.0,3.1813922915,0.0,0.0477149109,0.2335460453,0.1028757518999999,0.422697575,1.1447247527,,5.1711069057,,0.0,0.1227929911,0.0,0.204306225,0.7523199362999999,0.0354455645,1.4758803403,0.5998587636,0.0044420875,-0.031431996,0.0857289657,2.0,0.0476402373,0.0269392202,0.0622455619,0.0086956453,0.1206194123,0.1599593489,7.0,0.0594983774,6.51358e-10,0.1040118858,0.034105405,0.3752784492,5.5626835501,6.4827524e-09,73.0,17.28125
2000-07-31,2471529.8125,0.9846228929,0.9694822411,-0.691722763,16.110512899,0.06828619,0.2631624208999999,-0.269484818,-0.291198497,-0.142695353,0.5017006519,-0.065147455,4.2143779109,0.0584274325999999,-0.058427433,8.0,-0.240106188,0.1846097935,-0.42830741,0.7124135078,3.9524586934,0.0565983632,0.0350773764,-0.084818554,0.0560014429,-0.17801756,0.0,0.6365491552,0.0,3.1813922915,0.3995515198,0.0,0.0,0.0,0.3107405203,0.0408973364,0.7836793161,0.2079433248999999,,0.0485177558,0.2175925926,0.0675218433,0.0781444736,0.0771450531,1176.666788,0.3304035601,0.0085888368999999,-1.29598417,0.1102643332,-0.048750805,-0.009110124,0.1102643332,,-0.11109917,0.1028942076999999,,-0.383913189,6.0,3.1813922915,0.0,0.0477149109,0.2335460453,0.1028757518999999,0.422697575,1.1447247527,,5.1711069057,,0.0,0.1227929911,0.0,0.204306225,0.7523199362999999,0.0354455645,1.4758803403,0.5998587636,0.0044420875,-0.031431996,0.0857289657,2.0,0.0476402373,0.0269392202,0.0622455619,0.0086956453,0.1206194123,0.1599593489,7.0,0.0604568163999999,7.121549e-10,0.0548696853,0.0552620480999999,0.6243029675999999,30.201144487,3.5251797e-09,73.0,16.28125
2000-08-31,2211612.4375,1.0793444823,1.1649845115000002,-0.062386827,16.449399084,0.0709084882,0.4872766319,-0.0578661859999999,-0.251691495,-0.425752862,0.7899627953,-0.009159076,4.50477775,0.0584274325999999,-0.058427433,8.0,-0.240106188,0.1846097935,-0.426768331,0.7124135078,3.9524586934,0.0565983632,0.0350773764,-0.084818554,0.0560014429,-0.17801756,0.0,0.6365491552,0.0,3.1813922915,0.3995515198,0.0,0.0,0.0,0.3107405203,0.0408973364,0.7836793161,0.2079433248999999,,0.0485177558,0.2175925926,0.0675218433,0.0781444736,0.0771450531,1176.666788,0.3304035601,0.0085888368999999,-1.29598417,0.1102643332,-0.048750805,-0.009110124,0.1102643332,,-0.11109917,0.1028942076999999,,-0.383913189,6.0,3.1813922915,0.0,0.0477149109,0.2335460453,0.1028757518999999,0.422697575,1.1447247527,,5.1711069057,,0.0,0.1227929911,0.0,0.204306225,0.7523199362999999,0.0354455645,4.1176641242,0.5527569631,0.0039653724,0.0171807959,-0.103271488,0.0,0.0384209119,0.0266828826,0.0521062944,0.0112875125,0.1232339232,0.1598606696,7.0,0.0508620823,6.394263e-10,0.0578661859,0.037918517,0.4737382181,11.620342684,5.1150371e-09,73.0,18.53125
2000-09-29,2517247.9375,1.0443140067,1.0905917447,0.2140460042,16.111690563,0.0701698402,0.3383724904999999,0.1381957828999999,-0.184663561,-0.4178771029999999,0.6155234386999999,0.019039315,6.3340062566,0.0584274325999999,-0.058427433,8.0,-0.240106188,0.1846097935,-0.429730932,0.7124135078,3.9524586934,0.0565983632,0.0350773764,-0.084818554,0.0560014429,-0.17801756,0.0,0.6365491552,0.0,3.1813922915,0.3995515198,0.0,0.0,0.0,0.3107405203,0.0408973364,0.7836793161,0.2079433248999999,,0.0485177558,0.2175925926,0.0675218433,0.0781444736,0.0771450531,1176.666788,0.3304035601,0.0085888368999999,-1.29598417,0.1102643332,-0.048750805,-0.009110124,0.1102643332,,-0.11109917,0.1028942076999999,,-0.383913189,6.0,3.1813922915,0.0,0.0477149109,0.2335460453,0.1028757518999999,0.422697575,1.1447247527,,5.1711069057,,0.0,0.1227929911,0.0,0.204306225,0.7523199362999999,0.0354455645,4.1176641242,0.5527569631,0.0039653724,0.0171807959,-0.103271488,0.0,0.0384209119,0.0266828826,0.0521062944,0.0112875125,0.1232339232,0.1598606696,7.0,0.0630851879,6.040923e-10,0.08176101,0.0418986616,0.7254177716,34.214615601,2.4610945e-09,73.0,18.9375
2000-10-31,2457746.625,1.0381985169,1.0778561605,-0.0911904759999999,16.783652546,0.0707312987,0.3663057977,0.0219224282,-0.239743607,-0.340011135,0.3213235048,-0.013027013,5.3064819674,0.0584274325999999,-0.058427433,8.0,-0.240106188,0.1846097935,-0.458682384,0.7124135078,3.9524586934,0.0565983632,0.0350773764,-0.084818554,0.0560014429,-0.17801756,0.0,0.6365491552,0.0,3.1813922915,0.3995515198,0.0,0.0,0.0,0.3107405203,0.0408973364,0.7836793161,0.2079433248999999,,0.0485177558,0.2175925926,0.0675218433,0.0781444736,0.0771450531,1176.666788,0.3304035601,0.0085888368999999,-1.29598417,0.1102643332,-0.048750805,-0.009110124,0.1102643332,,-0.11109917,0.1028942076999999,,-0.383913189,6.0,3.1813922915,0.0,0.0477149109,0.2335460453,0.1028757518999999,0.422697575,1.1447247527,,5.1711069057,,0.0,0.1227929911,0.0,0.204306225,0.7523199362999999,0.0354455645,4.1176641242,0.5527569631,0.0039653724,0.0171807959,-0.103271488,0.0,0.0384209119,0.0266828826,0.0521062944,0.0112875125,0.1232339232,0.1598606696,7.0,0.0355293485,4.835632e-10,0.068965517,0.0234999361,0.326645098,4.3154925725,8.3068319e-09,73.0,17.4375
2000-11-30,2192835.375,1.0316580523,1.064318337,0.1563350617,15.683019803,0.0708594991,0.190119939,-0.07920792,-0.098214299,-0.392176535,0.6028938665,0.0524875129,4.7478198175,0.0584274325999999,-0.058427433,8.0,-0.240106188,0.1846097935,-0.468134822,0.7124135078,3.9524586934,0.0565983632,0.0350773764,-0.084818554,0.0560014429,-0.17801756,0.0,0.6365491552,0.0,3.1813922915,0.3995515198,0.0,0.0,0.0,0.3107405203,0.0408973364,0.7836793161,0.2079433248999999,,0.0485177558,0.2175925926,0.0675218433,0.0781444736,0.0771450531,1176.666788,0.3304035601,0.0085888368999999,-1.29598417,0.1102643332,-0.048750805,-0.009110124,0.1102643332,,-0.11109917,0.1028942076999999,,-0.383913189,6.0,3.1813922915,0.0,0.0477149109,0.2335460453,0.1028757518999999,0.422697575,1.1447247527,,5.1711069057,,0.0,0.1227929911,0.0,0.204306225,0.7523199362999999,0.0354455645,-0.217488942,0.5371559768999999,-0.004862449,-0.0039289929999999,-0.00078818,0.0,0.0285043816999999,0.0201468395,0.0382826076,0.0048835012,0.1251866472,0.1430610819,7.0,0.062001459,1.3752926e-09,0.0980392173,0.0410405619,0.5426760628,7.0134121203,6.455156e-09,73.0,19.5
2000-12-29,2452203.0,1.0332137267,1.0675306051,0.1705931642,15.756642165,0.0709001394,-0.1791630739999999,0.1182795689,-0.262879795,-0.518134718,0.7598783896,-0.0614202659999999,2.6115219662,0.0584274325999999,-0.058427433,8.0,-0.240106188,0.1846097935,-0.466722323,0.7124135078,3.9524586934,0.0565983632,0.0350773764,-0.084818554,0.0560014429,-0.17801756,0.0,0.6365491552,0.0,3.1813922915,0.3995515198,0.0,0.0,0.0,0.3107405203,0.0408973364,0.7836793161,0.2079433248999999,,0.0485177558,0.2175925926,0.0675218433,0.0781444736,0.0771450531,1176.666788,0.3304035601,0.0085888368999999,-1.29598417,0.1102643332,-0.048750805,-0.009110124,0.1102643332,,-0.11109917,0.1028942076999999,,-0.383913189,6.0,3.1813922915,0.0,0.0477149109,0.2335460453,0.1028757518999999,0.422697575,1.1447247527,,5.1711069057,,0.0,0.1227929911,0.0,0.204306225,0.7523199362999999,0.0354455645,-0.217488942,0.5371559768999999,-0.004862449,-0.0039289929999999,-0.00078818,0.0,0.0285043816999999,0.0201468395,0.0382826076,0.0048835012,0.1251866472,0.1430610819,7.0,0.0468394601,1.1440935e-09,0.1182795689,0.0341660329,0.4679426957,6.277709457,1.0739678e-08,73.0,23.71875
2001-01-31,2982727.6875,0.9782845047,0.9570405721,0.8547233151000001,15.375108435,0.0704008654999999,-0.471919856,0.2163461596,0.1283906008,-0.415730339,0.8671328194,-0.034577098,3.3528304579,0.0584274325999999,-0.058427433,8.0,-0.240106188,0.1846097935,-0.396115401,0.7124135078,3.9524586934,0.0565983632,0.0350773764,-0.084818554,0.0560014429,-0.17801756,0.0,0.6365491552,0.0,3.1813922915,0.3995515198,0.0,0.0,0.0,0.3107405203,0.0408973364,0.7836793161,0.2079433248999999,,0.0485177558,0.2175925926,0.0675218433,0.0781444736,0.0771450531,1176.666788,0.3304035601,0.0085888368999999,-1.29598417,0.1102643332,-0.048750805,-0.009110124,0.1102643332,,-0.11109917,0.1028942076999999,,-0.383913189,6.0,3.1813922915,0.0,0.0477149109,0.2335460453,0.1028757518999999,0.422697575,1.1447247527,,5.1711069057,,0.0,0.1227929911,0.0,0.204306225,0.7523199362999999,0.0354455645,-0.217488942,0.5371559768999999,-0.004862449,-0.0039289929999999,-0.00078818,0.0,0.0285043816999999,0.0201468395,0.0382826076,0.0048835012,0.1251866472,0.1430610819,7.0,0.0703137086,7.505139e-10,0.1118012442999999,0.0542303971,0.5804077708,16.732799662,4.7549917e-09,73.0,26.0
2001-02-28,3158688.0,0.8500133329,0.7225226661,0.8919222478,16.434497729,0.0758806938,-0.504701301,0.0961791798,0.4568138339,0.0270635804,0.4929292965,0.1262854756,4.1885608917,0.0584274325999999,-0.058427433,8.0,-0.240106188,0.1846097935,-0.403514663,0.7124135078,3.9524586934,0.0565983632,0.0350773764,-0.084818554,0.0560014429,-0.17801756,0.0,0.6365491552,0.0,3.1813922915,0.3995515198,0.0,0.0,0.0,0.3107405203,0.0408973364,0.7836793161,0.2079433248999999,,0.0485177558,0.2175925926,0.0675218433,0.0781444736,0.0771450531,1176.666788,0.3304035601,0.0085888368999999,-1.29598417,0.1102643332,-0.048750805,-0.009110124,0.1102643332,,-0.11109917,0.1028942076999999,,-0.383913189,6.0,3.1813922915,0.0,0.0477149109,0.2335460453,0.1028757518999999,0.422697575,1.1447247527,,5.1711069057,,0.0,0.1227929911,0.0,0.204306225,0.7523199362999999,0.0354455645,-0.032981454,0.5279566044,-0.002966559,-0.00570496,0.0966546275,1.0,0.0360341293,0.0199430764,0.0499734254999999,0.0101632115,0.1239513098,0.1445419478,7.0,0.0517711738999999,4.96739e-10,0.1371994317,0.0448204439,0.6586377116,18.362174998,3.6305754e-09,73.0,27.15625
2001-03-30,3298886.9375,0.8176078270999999,0.668482559,0.5374175207999999,16.722613128,0.0752046185,-0.5003697460000001,0.0444711521,0.4030354159,0.3020343991,0.1431126996,0.1837019177,4.6962332995,0.0584274325999999,-0.058427433,8.0,-0.240106188,0.1846097935,-0.404967107,0.7124135078,3.9524586934,0.0565983632,0.0350773764,-0.084818554,0.0560014429,-0.17801756,0.0,0.6365491552,0.0,3.1813922915,0.3995515198,0.0,0.0,0.0,0.3107405203,0.0408973364,0.7836793161,0.2079433248999999,,0.0485177558,0.2175925926,0.0675218433,0.0781444736,0.0771450531,1176.666788,0.3304035601,0.0085888368999999,-1.29598417,0.1102643332,-0.048750805,-0.009110124,0.1102643332,,-0.11109917,0.1028942076999999,,-0.383913189,6.0,3.1813922915,0.0,0.0477149109,0.2335460453,0.1028757518999999,0.422697575,1.1447247527,,5.1711069057,,0.0,0.1227929911,0.0,0.204306225,0.7523199362999999,0.0354455645,-0.032981454,0.5279566044,-0.002966559,-0.00570496,0.0966546275,1.0,0.0360341293,0.0199430764,0.0499734254999999,0.0101632115,0.1239513098,0.1445419478,7.0,0.0513247124,5.522224e-10,0.0898345186999999,0.0396085197,0.5984648271999999,12.065550054,6.4006774e-09,73.0,23.46875
2001-04-30,2864407.875,0.8213804093000001,0.6746657768000001,0.4623508694,16.289396378,0.0745236258,-0.541174779,-0.135788262,0.4339934001,0.1141025394,0.4885496072999999,0.1483139368,5.5551048228,0.0584274325999999,-0.058427433,8.0,-0.240106188,0.1846097935,-0.4086099139999999,0.7124135078,3.9524586934,0.0565983632,0.0350773764,-0.084818554,0.0560014429,-0.17801756,0.0,0.6365491552,0.0,3.1813922915,0.3995515198,0.0,0.0,0.0,0.3107405203,0.0408973364,0.7836793161,0.2079433248999999,,0.0485177558,0.2175925926,0.0675218433,0.0781444736,0.0771450531,1176.666788,0.3304035601,0.0085888368999999,-1.29598417,0.1102643332,-0.048750805,-0.009110124,0.1102643332,,-0.11109917,0.1028942076999999,,-0.383913189,6.0,3.1813922915,0.0,0.0477149109,0.2335460453,0.1028757518999999,0.422697575,1.1447247527,,5.1711069057,,0.0,0.1227929911,0.0,0.204306225,0.7523199362999999,0.0354455645,-0.032981454,0.5279566044,-0.002966559,-0.00570496,0.0966546275,1.0,0.0360341293,0.0199430764,0.0499734254999999,0.0101632115,0.1239513098,0.1445419478,7.0,0.0714823282,3.938081e-10,0.0782608688,0.0418519237,0.459625052,13.716592385,2.7535822e-09,73.0,28.715
2001-05-31,3482670.0785,0.8566709666,0.733885145,0.8163812207,16.843578727,0.074289288,-0.505469002,0.2235419452,0.3458781358,0.1175595083,-0.0232558329999999,0.1254805744,5.6407990062,0.0479452886,-0.047945289,9.0,0.1047134468,0.1456302024,-0.45650999,0.4746528383,2.6223693815,0.0689130619,0.2767830471,0.0393871827,-0.105081127,-0.541456551,0.0,8.4896344977,0.0,1.9410004991,0.399191061,0.0,0.0,0.0,-0.211145846,0.0445897586,0.6022098647,0.1810141203999999,0.0816311304,0.0425623522,-0.074144487,0.0628434013,0.1678940445,0.1940892963,282.989698,0.2484589846,0.0097628016,-1.066033946,-0.3898896079999999,-0.000902158,-0.0193649189999999,-0.3898896079999999,,0.0328428612,-0.2063286869999999,,-0.545490806,5.0,1.9410004991,0.0,0.0871155228,0.2437297296,0.0954075809,0.1073885926,1.7991456229,,5.3518835909,,0.0,-0.027688941,0.0,0.3574267403,0.5941762124000001,0.8428170604,0.980853196,0.414502285,-0.03175094,0.0520255354,0.0732576492999999,0.0,-0.018198637,0.0215498788,-0.025544088,-0.043370333,0.1247361771,0.1655807634,7.0,0.0642594565,4.142369999999999e-10,0.15705055,0.0555301726,0.4838041865,15.6758672,3.6301345e-09,73.0,28.44
2001-06-29,3449317.0248,0.8501717609999999,0.7227920231,0.6341550954999999,16.865273963,0.0745455554,-0.3726273029999999,-0.009576863,0.4725641049,0.213844112,0.1018922578999999,0.1311726165,5.79557542,0.0479452886,-0.047945289,9.0,0.1047134468,0.1456302024,-0.461945606,0.4746528383,2.6223693815,0.0689130619,0.2767830471,0.0393871827,-0.105081127,-0.541456551,0.0,8.4896344977,0.0,1.9410004991,0.399191061,0.0,0.0,0.0,-0.211145846,0.0445897586,0.6022098647,0.1810141203999999,0.0816311304,0.0425623522,-0.074144487,0.0628434013,0.1678940445,0.1940892963,282.989698,0.2484589846,0.0097628016,-1.066033946,-0.3898896079999999,-0.000902158,-0.0193649189999999,-0.3898896079999999,,0.0328428612,-0.2063286869999999,,-0.545490806,5.0,1.9410004991,0.0,0.0871155228,0.2437297296,0.0954075809,0.1073885926,1.7991456229,,5.3518835909,,0.0,-0.027688941,0.0,0.3574267403,0.5941762124000001,0.8428170604,0.980853196,0.414502285,-0.03175094,0.0520255354,0.0732576492999999,0.0,-0.018198637,0.0215498788,-0.025544088,-0.043370333,0.1247361771,0.1655807634,7.0,0.038454961,3.513799e-10,0.0458333343,0.0265928743,0.4534253447999999,7.5933328091,4.8157478e-09,73.0,24.195
2001-07-31,2944870.1929,0.8488195587999999,0.7204946433,-0.352434536,16.471830605,0.0744554739,-0.4197365729999999,-0.149261624,0.199051396,0.6457143167,-0.244535547,0.1117993508,5.730412857799999,0.0479452886,-0.047945289,9.0,0.1047134468,0.2289277036,-2.798755309,0.4746528383,2.6223693815,0.0689130619,0.2767830471,0.0393871827,-0.105081127,-0.541456551,0.0,8.4896344977,0.0,1.9410004991,0.399191061,0.0,0.0,0.0,-0.211145846,0.0445897586,0.6022098647,0.1810141203999999,0.0816311304,0.0425623522,-0.074144487,0.0628434013,0.1678940445,0.1940892963,282.989698,0.2484589846,0.0097628016,-1.066033946,-0.3898896079999999,-0.000902158,-0.0193649189999999,-0.3898896079999999,,0.0328428612,-0.2063286869999999,,-0.545490806,5.0,1.9410004991,0.0,0.0871155228,0.2437297296,0.0954075809,0.1073885926,1.7991456229,,5.3518835909,,0.0,-0.027688941,0.0,0.3574267403,0.5941762124000001,0.8428170604,0.980853196,0.414502285,-0.03175094,0.0520255354,0.0732576492999999,0.0,-0.018198637,0.0215498788,-0.025544088,-0.043370333,0.1247361771,0.1655807634,7.0,0.0486930572,3.347108e-10,0.0570959709999999,0.0373308297,0.7592498315999999,32.144523572,3.2034177e-09,73.0,25.875
2001-08-31,3051335.25,0.8475499163,0.7183408606999999,-0.601736681,16.767565792,0.0745879443,-0.35767543,0.0694358498,-0.069423087,0.486065254,-0.143092141,0.126799251,5.0223190815,0.0479452886,-0.047945289,9.0,0.1047134468,0.2289277036,-2.824196548,0.4746528383,2.6223693815,0.0689130619,0.2767830471,0.0393871827,-0.105081127,-0.541456551,0.0,8.4896344977,0.0,1.9410004991,0.399191061,0.0,0.0,0.0,-0.211145846,0.0445897586,0.6022098647,0.1810141203999999,0.0816311304,0.0425623522,-0.074144487,0.0628434013,0.1678940445,0.1940892963,282.989698,0.2484589846,0.0097628016,-1.066033946,-0.3898896079999999,-0.000902158,-0.0193649189999999,-0.3898896079999999,,0.0328428612,-0.2063286869999999,,-0.545490806,5.0,1.9410004991,0.0,0.0871155228,0.2437297296,0.0954075809,0.1073885926,1.7991456229,,5.3518835909,,0.0,-0.027688941,0.0,0.3574267403,0.5941762124000001,0.8428170604,-0.031372527,0.344200726,-0.015776998,-0.008636517,0.010987971,1.0,0.0090048173,0.0206206089,0.0138599854,-0.0189046839999999,0.1209578067,0.1630236071,7.0,0.0455872712999999,3.330516e-10,0.0973893553,0.0283737708,0.4269925096999999,9.1752293977,5.2261533e-09,73.0,23.07
2001-09-28,2720552.784,0.8233125926,0.6778436252,-0.6159018270000001,16.344480145,0.074879824,-0.4179702879999999,-0.108405806,-0.047180661,0.3962900598,0.4186602348,0.2014718732,5.2250682945,0.0479452886,-0.047945289,9.0,0.1047134468,0.2289277036,-2.871808918,0.4746528383,2.6223693815,0.0689130619,0.2767830471,0.0393871827,-0.105081127,-0.541456551,0.0,8.4896344977,0.0,1.9410004991,0.399191061,0.0,0.0,0.0,-0.211145846,0.0445897586,0.6022098647,0.1810141203999999,0.0816311304,0.0425623522,-0.074144487,0.0628434013,0.1678940445,0.1940892963,282.989698,0.2484589846,0.0097628016,-1.066033946,-0.3898896079999999,-0.000902158,-0.0193649189999999,-0.3898896079999999,,0.0328428612,-0.2063286869999999,,-0.545490806,5.0,1.9410004991,0.0,0.0871155228,0.2437297296,0.0954075809,0.1073885926,1.7991456229,,5.3518835909,,0.0,-0.027688941,0.0,0.3574267403,0.5941762124000001,0.8428170604,-0.031372527,0.344200726,-0.015776998,-0.008636517,0.010987971,1.0,0.0090048173,0.0206206089,0.0138599854,-0.0189046839999999,0.1209578067,0.1630236071,7.0,0.0420171599,4.32629e-10,0.0457970798,0.0285867735,0.6257064932,36.622318843,3.8463484e-09,73.0,20.0549375
2001-10-31,2378597.3745,0.8643930444,0.7471753352,-0.384735412,16.414804801,0.0744445232,-0.41641764,-0.130691335,-0.016990683,0.2182178176999999,0.1369605713,0.16863773,4.1282229159,0.0479452886,-0.047945289,9.0,0.1047134468,0.2289277036,-2.667023342,0.4746528383,2.6223693815,0.0689130619,0.2767830471,0.0393871827,-0.105081127,-0.541456551,0.0,8.4896344977,0.0,1.9410004991,0.399191061,0.0,0.0,0.0,-0.211145846,0.0445897586,0.6022098647,0.1810141203999999,0.0816311304,0.0425623522,-0.074144487,0.0628434013,0.1678940445,0.1940892963,282.989698,0.2484589846,0.0097628016,-1.066033946,-0.3898896079999999,-0.000902158,-0.0193649189999999,-0.3898896079999999,,0.0328428612,-0.2063286869999999,,-0.545490806,5.0,1.9410004991,0.0,0.0871155228,0.2437297296,0.0954075809,0.1073885926,1.7991456229,,5.3518835909,,0.0,-0.027688941,0.0,0.3574267403,0.5941762124000001,0.8428170604,-0.031372527,0.344200726,-0.015776998,-0.008636517,0.010987971,1.0,0.0090048173,0.0206206089,0.0138599854,-0.0189046839999999,0.1209578067,0.1630236071,7.0,0.051554326,5.120406e-10,0.0693844408,0.0349972724,0.3409169728,9.369303833,8.0034102e-09,73.0,23.5
2001-11-30,2845521.0,0.9387725468,0.8812938947,-0.828350742,15.974096567,0.0739545856,-0.453357502,0.1717804968,-0.301586251,0.1501047063,-0.229281785,0.1659342945,4.2656624217,0.0479452886,-0.047945289,9.0,0.1047134468,0.2289277036,-2.680317587,0.4746528383,2.6223693815,0.0689130619,0.2767830471,0.0393871827,-0.105081127,-0.541456551,0.0,8.4896344977,0.0,1.9410004991,0.399191061,0.0,0.0,0.0,-0.211145846,0.0445897586,0.6022098647,0.1810141203999999,0.0816311304,0.0425623522,-0.074144487,0.0628434013,0.1678940445,0.1940892963,282.989698,0.2484589846,0.0097628016,-1.066033946,-0.3898896079999999,-0.000902158,-0.0193649189999999,-0.3898896079999999,,0.0328428612,-0.2063286869999999,,-0.545490806,5.0,1.9410004991,0.0,0.0871155228,0.2437297296,0.0954075809,0.1073885926,1.7991456229,,5.3518835909,,0.0,-0.027688941,0.0,0.3574267403,0.5941762124000001,0.8428170604,0.0483051336,0.3997237450999999,-0.0096585159999999,-0.022415991,0.0332041439,2.0,0.0130701719,0.0207428199,0.0219501350999999,-0.0118670439999999,0.1501336588,0.1788431130999999,7.0,0.0524625409999999,5.140073e-10,0.0829183757,0.0287423006999999,0.3940454428,9.0445739035,4.2243729e-09,73.0,27.515
2001-12-31,3331681.2161,0.9494481357,0.9014517623,-0.4909862,16.346248316,0.0743364034,-0.223732398,0.1708510369,-0.1736990189999999,0.2051282180999999,-0.1767810219999999,0.1984408125,3.8173972001,0.0479452886,-0.047945289,9.0,0.1047134468,0.2289277036,-2.692000507,0.4746528383,2.6223693815,0.0689130619,0.2767830471,0.0393871827,-0.105081127,-0.541456551,0.0,8.4896344977,0.0,1.9410004991,0.399191061,0.0,0.0,0.0,-0.211145846,0.0445897586,0.6022098647,0.1810141203999999,0.0816311304,0.0425623522,-0.074144487,0.0628434013,0.1678940445,0.1940892963,282.989698,0.2484589846,0.0097628016,-1.066033946,-0.3898896079999999,-0.000902158,-0.0193649189999999,-0.3898896079999999,,0.0328428612,-0.2063286869999999,,-0.545490806,5.0,1.9410004991,0.0,0.0871155228,0.2437297296,0.0954075809,0.1073885926,1.7991456229,,5.3518835909,,0.0,-0.027688941,0.0,0.3574267403,0.5941762124000001,0.8428170604,0.0483051336,0.3997237450999999,-0.0096585159999999,-0.022415991,0.0332041439,2.0,0.0130701719,0.0207428199,0.0219501350999999,-0.0118670439999999,0.1501336588,0.1788431130999999,7.0,0.0394024033,4.31842e-10,0.0767098292999999,0.026645192,0.5824041694,11.967826058,6.1914203e-09,73.0,29.535
2002-01-31,3542959.5117,0.9643366684,0.92994521,0.2006277360999999,16.232375340999997,0.0738382945999999,0.0015362836999999,0.0734145194,0.1372184294,0.1600526812,-0.125576049,0.1868411441,5.0641488491,0.0479452886,-0.047945289,9.0,0.1047134468,0.2289277036,-2.675294385,0.4746528383,2.6223693815,0.0689130619,0.2767830471,0.0393871827,-0.105081127,-0.541456551,0.0,8.4896344977,0.0,1.9410004991,0.399191061,0.0,0.0,0.0,-0.211145846,0.0445897586,0.6022098647,0.1810141203999999,0.0816311304,0.0425623522,-0.074144487,0.0628434013,0.1678940445,0.1940892963,282.989698,0.2484589846,0.0097628016,-1.066033946,-0.3898896079999999,-0.000902158,-0.0193649189999999,-0.3898896079999999,,0.0328428612,-0.2063286869999999,,-0.545490806,5.0,1.9410004991,0.0,0.0871155228,0.2437297296,0.0954075809,0.1073885926,1.7991456229,,5.3518835909,,0.0,-0.027688941,0.0,0.3574267403,0.5941762124000001,0.8428170604,0.0483051336,0.3997237450999999,-0.0096585159999999,-0.022415991,0.0332041439,2.0,0.0130701719,0.0207428199,0.0219501350999999,-0.0118670439999999,0.1501336588,0.1788431130999999,7.0,0.0350213848,1.632727e-10,0.0371488072,0.0176722668,0.7752573741,57.11205167600001,2.925008e-09,73.0,25.94
2002-02-28,3147092.7448,0.9603126574,0.9222003999,0.0073197884999999,17.097007439000002,0.0736472188,-0.1797121639999999,-0.121719971,0.1414492735999999,0.1359615418999999,-0.104413364,0.1845516148,5.2476714858,0.0479452886,-0.047945289,9.0,0.1047134468,0.2289277036,-2.481910069,0.4746528383,2.6223693815,0.0689130619,0.2767830471,0.0393871827,-0.105081127,-0.541456551,0.0,8.4896344977,0.0,1.9410004991,0.399191061,0.0,0.0,0.0,-0.211145846,0.0445897586,0.6022098647,0.1810141203999999,0.0816311304,0.0425623522,-0.074144487,0.0628434013,0.1678940445,0.1940892963,282.989698,0.2484589846,0.0097628016,-1.066033946,-0.3898896079999999,-0.000902158,-0.0193649189999999,-0.3898896079999999,,0.0328428612,-0.2063286869999999,,-0.545490806,5.0,1.9410004991,0.0,0.0871155228,0.2437297296,0.0954075809,0.1073885926,1.7991456229,,5.3518835909,,0.0,-0.027688941,0.0,0.3574267403,0.5941762124000001,0.8428170604,3.5810128932,0.3454846236,-0.011188035,-0.00562487,-0.116257015,3.0,0.0147084869,0.0202115741,0.0263604837,-0.017279321,0.1503463246,0.1795662268,7.0,0.0326829375,2.271258e-10,0.0286642443,0.0188700604,0.3834797814,8.714475006,4.1921947e-09,73.0,23.55
2002-03-28,2857133.0074,0.9329252679,0.8703495554999999,0.171278036,16.562771817999998,0.0734852596,-0.027896139,-0.0921357419999999,0.1244040256,-0.044787083,0.1743243101,0.2327208707999999,5.858021161799999,0.0479452886,-0.047945289,9.0,0.1047134468,0.2289277036,-2.498534168,0.4746528383,2.6223693815,0.0689130619,0.2767830471,0.0393871827,-0.105081127,-0.541456551,0.0,8.4896344977,0.0,1.9410004991,0.399191061,0.0,0.0,0.0,-0.211145846,0.0445897586,0.6022098647,0.1810141203999999,0.0816311304,0.0425623522,-0.074144487,0.0628434013,0.1678940445,0.1940892963,282.989698,0.2484589846,0.0097628016,-1.066033946,-0.3898896079999999,-0.000902158,-0.0193649189999999,-0.3898896079999999,,0.0328428612,-0.2063286869999999,,-0.545490806,5.0,1.9410004991,0.0,0.0871155228,0.2437297296,0.0954075809,0.1073885926,1.7991456229,,5.3518835909,,0.0,-0.027688941,0.0,0.3574267403,0.5941762124000001,0.8428170604,3.5810128932,0.3454846236,-0.011188035,-0.00562487,-0.116257015,3.0,0.0147084869,0.0202115741,0.0263604837,-0.017279321,0.1503463246,0.1795662268,7.0,0.0540019709999999,3.695409e-10,0.0462266542,0.034875421,0.5105488095,15.284325205999998,4.305027e-09,73.0,27.58
2002-04-30,3376398.7507,0.9422220427,0.8877823776999999,0.52068301,16.542184345,0.0725896281,0.0726782366,0.1711252928,0.1742736114999999,0.0034620306,-0.126744191,0.2718454946,4.5084878671,0.0479452886,-0.047945289,9.0,0.1047134468,0.2289277036,-2.486132558,0.4746528383,2.6223693815,0.0689130619,0.2767830471,0.0393871827,-0.105081127,-0.541456551,0.0,8.4896344977,0.0,1.9410004991,0.399191061,0.0,0.0,0.0,-0.211145846,0.0445897586,0.6022098647,0.1810141203999999,0.0816311304,0.0425623522,-0.074144487,0.0628434013,0.1678940445,0.1940892963,282.989698,0.2484589846,0.0097628016,-1.066033946,-0.3898896079999999,-0.000902158,-0.0193649189999999,-0.3898896079999999,,0.0328428612,-0.2063286869999999,,-0.545490806,5.0,1.9410004991,0.0,0.0871155228,0.2437297296,0.0954075809,0.1073885926,1.7991456229,,5.3518835909,,0.0,-0.027688941,0.0,0.3574267403,0.5941762124000001,0.8428170604,3.5810128932,0.3454846236,-0.011188035,-0.00562487,-0.116257015,3.0,0.0147084869,0.0202115741,0.0263604837,-0.017279321,0.1503463246,0.1795662268,7.0,0.0406397067,4.09403e-10,0.0646856054999999,0.0276174406,0.3664984729,6.4796584896,6.4065615e-09,73.0,22.555
2002-05-31,2780445.1076,0.9842267386,0.968702273,0.1413996369,16.258028289000002,0.0722576495,0.047007364,-0.182197228,0.1736170134,-0.039526378,0.2186737315,0.2195738626,4.2933303048,0.2192981329,-0.219298133,10.0,-0.0741337,0.1628227753,-2.556775167,0.2411749875,3.4931911107,0.1059125364,0.3287003836,-0.030206668,-0.0548531259999999,-0.112971409,0.0,-11.87109251,0.0,1.2639320777,0.3388489059,0.0,0.0,0.0,-0.288758972,0.0203364271,0.5693453715,0.2533426521999999,0.0909601358,0.0430972819,0.1030116359,0.066131744,0.2302987057999999,0.7471860367000001,1026.3192809,0.1336563328999999,0.0112333740999999,0.0289094037,-0.348824445,-0.151161088,-0.021611224,-0.348824445,,-0.130902447,-0.124845498,,-4.208020844,4.0,1.2639320777,0.0,0.0679638798,0.2790196223,0.1437889494999999,-0.036683623,1.4279987238999998,,4.6505666671,1.0,1.0,-0.131960836,0.0,0.2435810042,0.6058239075,3.5777839018,3.5810128932,0.3454846236,-0.011188035,-0.00562487,-0.116257015,3.0,0.0147084869,0.0202115741,0.0263604837,-0.017279321,0.1503463246,0.1795662268,7.0,0.0396964748,3.688076e-10,0.0552147366,0.0236239902999999,0.3084123411,6.8877980411,4.6776941e-09,73.0,25.22
2002-06-28,3108970.1954,1.0103565134,1.0208202842,-0.050884412,16.281019433,0.0687687805,-0.056565914,0.1181555763,-0.18026528,-0.206926857,0.2818028279,0.3145034123,3.6767855504,0.2192981329,-0.219298133,10.0,-0.0741337,0.1628227753,-2.571979023,0.2411749875,3.4931911107,0.1059125364,0.3287003836,-0.030206668,-0.0548531259999999,-0.112971409,0.0,-11.87109251,0.0,1.2639320777,0.3388489059,0.0,0.0,0.0,-0.288758972,0.0203364271,0.5693453715,0.2533426521999999,0.0909601358,0.0430972819,0.1030116359,0.066131744,0.2302987057999999,0.7471860367000001,1026.3192809,0.1336563328999999,0.0112333740999999,0.0289094037,-0.348824445,-0.151161088,-0.021611224,-0.348824445,,-0.130902447,-0.124845498,,-4.208020844,4.0,1.2639320777,0.0,0.0679638798,0.2790196223,0.1437889494999999,-0.036683623,1.4279987238999998,,4.6505666671,1.0,1.0,-0.131960836,0.0,0.2435810042,0.6058239075,3.5777839018,5.636589435199999,0.4220329929999999,0.020869787,0.0687112255,-0.040047005,4.0,0.0228156871,0.0192832526,0.0443361532,0.018022882,0.2271483504,0.2458753253,7.0,0.0387422349,2.804005e-10,0.104531303,0.0327403429,0.4784919398,17.643408575,3.2939878e-09,73.0,27.405
2002-07-31,4181619.4348,0.9921690418,0.9843994075,-0.29282457,16.747737334,0.0705492021,-0.0857385859999999,0.086637646,-0.146097867,0.0423641184,-0.12317102,0.206333992,4.5820861529000005,0.2192981329,-0.219298133,10.0,-0.0741337,0.1370763618,-1.6290690819999998,0.2411749875,3.4931911107,0.1059125364,0.3287003836,-0.030206668,-0.0548531259999999,-0.112971409,0.0,-11.87109251,0.0,1.2639320777,0.3388489059,0.0,0.0,0.0,-0.288758972,0.0203364271,0.5693453715,0.2533426521999999,0.0909601358,0.0430972819,0.1030116359,0.066131744,0.2302987057999999,0.7471860367000001,1026.3192809,0.1336563328999999,0.0112333740999999,0.0289094037,-0.348824445,-0.151161088,-0.021611224,-0.348824445,,-0.130902447,-0.124845498,,-4.208020844,4.0,1.2639320777,0.0,0.0679638798,0.2790196223,0.1437889494999999,-0.036683623,1.4279987238999998,,4.6505666671,1.0,1.0,-0.131960836,0.0,0.2435810042,0.6058239075,3.5777839018,5.636589435199999,0.4220329929999999,0.020869787,0.0687112255,-0.040047005,4.0,0.0228156871,0.0192832526,0.0443361532,0.018022882,0.2271483504,0.2458753253,7.0,0.0401142897,1.785794e-10,0.0428122617,0.0192082604,0.3598787453,10.476250903,3.8899343e-09,73.0,21.385
2002-08-30,3255010.8848,0.9606386329,0.922826583,-0.17810964,16.935414482,0.0704935344,-0.100704693,-0.219667956,0.0564764924,0.0591304678,-0.140186917,0.2427774275,5.4687077065,0.2192981329,-0.219298133,10.0,-0.0741337,0.1370763618,-1.624494406,0.2411749875,3.4931911107,0.1059125364,0.3287003836,-0.030206668,-0.0548531259999999,-0.112971409,0.0,-11.87109251,0.0,1.2639320777,0.3388489059,0.0,0.0,0.0,-0.288758972,0.0203364271,0.5693453715,0.2533426521999999,0.0909601358,0.0430972819,0.1030116359,0.066131744,0.2302987057999999,0.7471860367000001,1026.3192809,0.1336563328999999,0.0112333740999999,0.0289094037,-0.348824445,-0.151161088,-0.021611224,-0.348824445,,-0.130902447,-0.124845498,,-4.208020844,4.0,1.2639320777,0.0,0.0679638798,0.2790196223,0.1437889494999999,-0.036683623,1.4279987238999998,,4.6505666671,1.0,1.0,-0.131960836,0.0,0.2435810042,0.6058239075,3.5777839018,0.1366288417999999,0.3935704246,0.0017507123999999,-0.0224659779999999,-0.081137519,0.0,0.0124474381,0.0169509014,0.0289340602999999,0.0058438063,0.3614328497999999,0.3784766321,7.0,0.0452419604,2.887842e-10,0.034274634,0.0310352991,0.4320041532999999,11.224394091,3.2743211e-09,73.0,21.575
2002-09-30,3283930.8661,0.991281458,0.982638929,-0.104670285,16.802042546,0.0710559429,-0.153437709,0.0088847568,-0.0919320219999999,-0.073038555,-0.175150848,0.1788472273,5.3351974511,0.2192981329,-0.219298133,10.0,-0.0741337,0.1370763618,-1.666637135,0.2411749875,3.4931911107,0.1059125364,0.3287003836,-0.030206668,-0.0548531259999999,-0.112971409,0.0,-11.87109251,0.0,1.2639320777,0.3388489059,0.0,0.0,0.0,-0.288758972,0.0203364271,0.5693453715,0.2533426521999999,0.0909601358,0.0430972819,0.1030116359,0.066131744,0.2302987057999999,0.7471860367000001,1026.3192809,0.1336563328999999,0.0112333740999999,0.0289094037,-0.348824445,-0.151161088,-0.021611224,-0.348824445,,-0.130902447,-0.124845498,,-4.208020844,4.0,1.2639320777,0.0,0.0679638798,0.2790196223,0.1437889494999999,-0.036683623,1.4279987238999998,,4.6505666671,1.0,1.0,-0.131960836,0.0,0.2435810042,0.6058239075,3.5777839018,0.1366288417999999,0.3935704246,0.0017507123999999,-0.0224659779999999,-0.081137519,0.0,0.0124474381,0.0169509014,0.0289340602999999,0.0058438063,0.3614328497999999,0.3784766321,7.0,0.0548274415,5.100142e-10,0.073863633,0.0365461814,0.4268495772999999,10.629184173,4.5289628e-09,73.0,19.075
2002-10-31,2885627.9654,0.9881425145,0.9764256289,-0.6835971279999999,16.484093562,0.0703392775,0.0273928868,-0.115874849,-0.2177302069999999,0.0757942599,-0.285744662,0.2398599661,5.0300064345,0.2192981329,-0.219298133,10.0,-0.0741337,0.1370763618,-1.648083997,0.2411749875,3.4931911107,0.1059125364,0.3287003836,-0.030206668,-0.0548531259999999,-0.112971409,0.0,-11.87109251,0.0,1.2639320777,0.3388489059,0.0,0.0,0.0,-0.288758972,0.0203364271,0.5693453715,0.2533426521999999,0.0909601358,0.0430972819,0.1030116359,0.066131744,0.2302987057999999,0.7471860367000001,1026.3192809,0.1336563328999999,0.0112333740999999,0.0289094037,-0.348824445,-0.151161088,-0.021611224,-0.348824445,,-0.130902447,-0.124845498,,-4.208020844,4.0,1.2639320777,0.0,0.0679638798,0.2790196223,0.1437889494999999,-0.036683623,1.4279987238999998,,4.6505666671,1.0,1.0,-0.131960836,0.0,0.2435810042,0.6058239075,3.5777839018,0.1366288417999999,0.3935704246,0.0017507123999999,-0.0224659779999999,-0.081137519,0.0,0.0124474381,0.0169509014,0.0289340602999999,0.0058438063,0.3614328497999999,0.3784766321,7.0,0.0393130093,3.695088e-10,0.0407154485999999,0.0275684811,0.2518811184,4.7875355775,5.2984099e-09,73.0,18.925
2002-11-29,2784321.5878,0.9917094635,0.98348766,-0.120727215,16.294029536,0.0697964963999999,-0.199807465,-0.007863776,-0.15428949,-0.188297838,-0.24573721,0.2253523408,5.2512211921,0.2192981329,-0.219298133,10.0,-0.0741337,0.1370763618,-1.603356557,0.2411749875,3.4931911107,0.1059125364,0.3287003836,-0.030206668,-0.0548531259999999,-0.112971409,0.0,-11.87109251,0.0,1.2639320777,0.3388489059,0.0,0.0,0.0,-0.288758972,0.0203364271,0.5693453715,0.2533426521999999,0.0909601358,0.0430972819,0.1030116359,0.066131744,0.2302987057999999,0.7471860367000001,1026.3192809,0.1336563328999999,0.0112333740999999,0.0289094037,-0.348824445,-0.151161088,-0.021611224,-0.348824445,,-0.130902447,-0.124845498,,-4.208020844,4.0,1.2639320777,0.0,0.0679638798,0.2790196223,0.1437889494999999,-0.036683623,1.4279987238999998,,4.6505666671,1.0,1.0,-0.131960836,0.0,0.2435810042,0.6058239075,3.5777839018,0.1366288417999999,0.3935704246,0.0017507123999999,-0.0224659779999999,-0.081137519,0.0,0.0124474381,0.0169509014,0.0289340602999999,0.0058438063,0.3614328497999999,0.3784766321,7.0,0.0642401429,4.359315e-10,0.0670734867,0.0381320681,0.4687861847,17.093492525,2.8076368e-09,73.0,25.99
2002-12-31,3771376.7305,0.9647913348,0.9308223196,0.0998246424,16.78001158,0.0706014694,-0.258480955,0.3545047045,-0.2496034989999999,-0.31219336,-0.239654591,0.2237895613,5.576108135499999,0.2192981329,-0.219298133,10.0,-0.0741337,0.1370763618,-1.541385711,0.2411749875,3.4931911107,0.1059125364,0.3287003836,-0.030206668,-0.0548531259999999,-0.112971409,0.0,-11.87109251,0.0,1.2639320777,0.3388489059,0.0,0.0,0.0,-0.288758972,0.0203364271,0.5693453715,0.2533426521999999,0.0909601358,0.0430972819,0.1030116359,0.066131744,0.2302987057999999,0.7471860367000001,1026.3192809,0.1336563328999999,0.0112333740999999,0.0289094037,-0.348824445,-0.151161088,-0.021611224,-0.348824445,,-0.130902447,-0.124845498,,-4.208020844,4.0,1.2639320777,0.0,0.0679638798,0.2790196223,0.1437889494999999,-0.036683623,1.4279987238999998,,4.6505666671,1.0,1.0,-0.131960836,0.0,0.2435810042,0.6058239075,3.5777839018,0.1986910364,0.4444912559,0.003519858,-0.079375593,-0.015404207,1.0,0.0191780355,0.0168753645999999,0.0384649983,0.0079534029,0.3612307259,0.377382632,7.0,0.0438990948,3.733852e-10,0.1595289707,0.0480274283999999,0.5795393114,24.415808276,3.9647399e-09,73.0,23.075
2003-01-31,3394886.4122,0.9914500485,0.9829731986,-0.085882569,16.850854996,0.0707429639,-0.206804207,-0.099828348,-0.064623249,-0.132080559,-0.115056178,0.2011418821,5.5807211086,0.2192981329,-0.219298133,10.0,-0.0741337,0.1370763618,-1.592394971,0.2411749875,3.4931911107,0.1059125364,0.3287003836,-0.030206668,-0.0548531259999999,-0.112971409,0.0,-11.87109251,0.0,1.2639320777,0.3388489059,0.0,0.0,0.0,-0.288758972,0.0203364271,0.5693453715,0.2533426521999999,0.0909601358,0.0430972819,0.1030116359,0.066131744,0.2302987057999999,0.7471860367000001,1026.3192809,0.1336563328999999,0.0112333740999999,0.0289094037,-0.348824445,-0.151161088,-0.021611224,-0.348824445,,-0.130902447,-0.124845498,,-4.208020844,4.0,1.2639320777,0.0,0.0679638798,0.2790196223,0.1437889494999999,-0.036683623,1.4279987238999998,,4.6505666671,1.0,1.0,-0.131960836,0.0,0.2435810042,0.6058239075,3.5777839018,0.1986910364,0.4444912559,0.003519858,-0.079375593,-0.015404207,1.0,0.0191780355,0.0168753645999999,0.0384649983,0.0079534029,0.3612307259,0.377382632,7.0,0.0328497647,2.674556e-10,0.0320746116,0.0283679664,0.7375802617,20.315944319,4.6949917e-09,73.0,19.335
2003-02-28,2874340.9639,1.0133470476000002,1.0268722389,0.0797358936,16.527840232,0.0657260141,-0.289543196,-0.162080243,0.0790273732,-0.110447179,0.1232476392,0.2075253216,5.0691812064,0.2192981329,-0.219298133,10.0,-0.0741337,0.1370763618,-1.61548623,0.2411749875,3.4931911107,0.1059125364,0.3287003836,-0.030206668,-0.0548531259999999,-0.112971409,0.0,-11.87109251,0.0,1.2639320777,0.3388489059,0.0,0.0,0.0,-0.288758972,0.0203364271,0.5693453715,0.2533426521999999,0.0909601358,0.0430972819,0.1030116359,0.066131744,0.2302987057999999,0.7471860367000001,1026.3192809,0.1336563328999999,0.0112333740999999,0.0289094037,-0.348824445,-0.151161088,-0.021611224,-0.348824445,,-0.130902447,-0.124845498,,-4.208020844,4.0,1.2639320777,0.0,0.0679638798,0.2790196223,0.1437889494999999,-0.036683623,1.4279987238999998,,4.6505666671,1.0,1.0,-0.131960836,0.0,0.2435810042,0.6058239075,3.5777839018,0.5146549616,0.2066729813,-0.034216819,-0.073280774,0.0414868575,0.0,-0.115013178,0.0380973808,-0.22517884,0.01842851,0.3827331261,0.3803266957,7.0,0.0421065581,3.614438e-10,0.036579594,0.0323747714999999,0.5945875790999999,26.878103668,3.8719374e-09,73.0,20.39
2003-03-31,3033787.2292,1.0087356784,1.0175476688,0.0289393064999999,16.551928613,0.0645740779,-0.210958246,0.0545642786,-0.103823952,-0.178980913,0.1793426712,0.1923283996999999,4.0802268647,0.2192981329,-0.219298133,10.0,-0.0741337,0.1370763618,-1.631240342,0.2411749875,3.4931911107,0.1059125364,0.3287003836,-0.030206668,-0.0548531259999999,-0.112971409,0.0,-11.87109251,0.0,1.2639320777,0.3388489059,0.0,0.0,0.0,-0.288758972,0.0203364271,0.5693453715,0.2533426521999999,0.0909601358,0.0430972819,0.1030116359,0.066131744,0.2302987057999999,0.7471860367000001,1026.3192809,0.1336563328999999,0.0112333740999999,0.0289094037,-0.348824445,-0.151161088,-0.021611224,-0.348824445,,-0.130902447,-0.124845498,,-4.208020844,4.0,1.2639320777,0.0,0.0679638798,0.2790196223,0.1437889494999999,-0.036683623,1.4279987238999998,,4.6505666671,1.0,1.0,-0.131960836,0.0,0.2435810042,0.6058239075,3.5777839018,0.5146549616,0.2066729813,-0.034216819,-0.073280774,0.0414868575,0.0,-0.115013178,0.0380973808,-0.22517884,0.01842851,0.3827331261,0.3803266957,7.0,0.0356407421,3.7829e-10,0.0509589203,0.0182283157,0.3559234324,5.715163543099999,8.9947579e-09,73.0,21.28
2003-04-30,3185034.4431,1.0489722013,1.1003426791,0.4242601868,15.864711676,0.0641791474,-0.289395181,0.0439185984,0.0689383132,-0.260696182,0.1314871589,0.0864728360999999,3.6526514076,0.2192981329,-0.219298133,10.0,-0.0741337,0.1370763618,-1.644097355,0.2411749875,3.4931911107,0.1059125364,0.3287003836,-0.030206668,-0.0548531259999999,-0.112971409,0.0,-11.87109251,0.0,1.2639320777,0.3388489059,0.0,0.0,0.0,-0.288758972,0.0203364271,0.5693453715,0.2533426521999999,0.0909601358,0.0430972819,0.1030116359,0.066131744,0.2302987057999999,0.7471860367000001,1026.3192809,0.1336563328999999,0.0112333740999999,0.0289094037,-0.348824445,-0.151161088,-0.021611224,-0.348824445,,-0.130902447,-0.124845498,,-4.208020844,4.0,1.2639320777,0.0,0.0679638798,0.2790196223,0.1437889494999999,-0.036683623,1.4279987238999998,,4.6505666671,1.0,1.0,-0.131960836,0.0,0.2435810042,0.6058239075,3.5777839018,0.5146549616,0.2066729813,-0.034216819,-0.073280774,0.0414868575,0.0,-0.115013178,0.0380973808,-0.22517884,0.01842851,0.3827331261,0.3803266957,7.0,0.027764392,3.63282e-10,0.0500124954,0.0220811596,0.3437939007,4.425091453399999,7.0409119e-09,73.0,24.32
2003-05-30,3595535.9151,1.0441299606,1.0902073745999998,0.4452200821,16.057710948,0.0635621731,-0.228228426,0.141857177,0.1247292041,-0.056284678,0.0740476291999999,0.2503485253,2.966898892,0.0121919629,-0.012191963,11.0,-0.752769714,0.314279911,-1.471349665,-0.111228226,1.9582591692,-0.065024455,-0.010039467,-0.064626659,0.2378340176,0.308712286,0.0,-1.104742357,0.0,1.195461872,0.6274319065999999,0.0,0.0,0.0,1.2927360107,-0.071828266,0.7276985615,-0.288248175,0.5058667064,0.0404401588,0.3198883028,0.0262306815,0.3107518072,0.3450939058,1336.2377304,0.2298027537,0.0087215847,-0.477466259,-0.054172377,0.8516568762000001,0.0404322841,-0.054172377,,-0.083914628,0.2721750212,,-0.094723315,2.0,1.195461872,0.0,0.1125031636999999,0.3455413697,0.1935327828,0.0635583169,2.1858255793,,4.3750374024,0.0152741714,1.0,0.3324524142,0.0,0.3255852224,0.3345009385,0.0537803546,0.5146549616,0.2066729813,-0.034216819,-0.073280774,0.0414868575,0.0,-0.115013178,0.0380973808,-0.22517884,0.01842851,0.3827331261,0.3803266957,5.0,0.0306933999,2.999061e-10,0.0394588523,0.0194129917,0.308858399,4.7042006855,6.2890007e-09,73.0,30.645
2003-06-30,4539505.2078,1.0749296681,1.1554737913,0.1790669614999999,16.304089495,0.0618709744,-0.080744215,0.2608516812,-0.051845217,-0.036280697,0.0661030125,0.1022489162,4.0899359164,0.0121919629,-0.012191963,11.0,-0.752769714,0.314279911,-1.519875761,-0.111228226,1.9582591692,-0.065024455,-0.010039467,-0.064626659,0.2378340176,0.308712286,0.0,-1.104742357,0.0,1.195461872,0.6274319065999999,0.0,0.0,0.0,1.2927360107,-0.071828266,0.7276985615,-0.288248175,0.5058667064,0.0404401588,0.3198883028,0.0262306815,0.3107518072,0.3450939058,1336.2377304,0.2298027537,0.0087215847,-0.477466259,-0.054172377,0.8516568762000001,0.0404322841,-0.054172377,,-0.083914628,0.2721750212,,-0.094723315,2.0,1.195461872,0.0,0.1125031636999999,0.3455413697,0.1935327828,0.0635583169,2.1858255793,,4.3750374024,0.0152741714,1.0,0.3324524142,0.0,0.3255852224,0.3345009385,0.0537803546,0.8893435520999999,0.2095972435,-0.035898279,0.005056138,-0.141282064,1.0,-0.045315319,0.040907272,-0.074782785,0.0451434904,0.3825847594,0.3991336524,5.0,0.0282237706,1.718587e-10,0.1575637758,0.0358997506,0.7718620798,43.079712567,3.187986e-09,73.0,30.925
2003-07-31,4809421.8937,0.9970940229,0.9941964905,0.4999288253,17.205359786,0.0603172783,0.2730585521,0.0104421498,0.3280606524,0.1182265851,0.5858228499,0.2517282195,4.4748746436,0.0121919629,-0.012191963,11.0,-0.752769714,0.3279877041,-2.099381907,-0.111228226,1.9582591692,-0.065024455,-0.010039467,-0.064626659,0.2378340176,0.308712286,0.0,-1.104742357,0.0,1.195461872,0.6274319065999999,0.0,0.0,0.0,1.2927360107,-0.071828266,0.7276985615,-0.288248175,0.5058667064,0.0404401588,0.3198883028,0.0262306815,0.3107518072,0.3450939058,1336.2377304,0.2298027537,0.0087215847,-0.477466259,-0.054172377,0.8516568762000001,0.0404322841,-0.054172377,,-0.083914628,0.2721750212,,-0.094723315,2.0,1.195461872,0.0,0.1125031636999999,0.3455413697,0.1935327828,0.0635583169,2.1858255793,,4.3750374024,0.0152741714,1.0,0.3324524142,0.0,0.3255852224,0.3345009385,0.0537803546,0.8893435520999999,0.2095972435,-0.037134831,0.005056138,-0.141282064,1.0,-0.045315319,0.040907272,-0.074782785,0.0451434904,0.3825847594,0.3991336524,5.0,0.0266171035,1.347022e-10,0.0359120555,0.0165918709,0.3834323965999999,7.8063453535,5.2929679e-09,73.0,31.255
2003-08-29,4822371.7418,1.0342189012,1.0696087355,0.7144291019,16.746181714000002,0.059872402,0.6264413456,0.0106571912999999,0.6014999645,0.4479775419,0.3134741232999999,0.1445465075,4.3751995535,0.0121919629,-0.012191963,11.0,-0.752769714,0.3279877041,-2.090938179,-0.111228226,1.9582591692,-0.065024455,-0.010039467,-0.064626659,0.2378340176,0.308712286,0.0,-1.104742357,0.0,1.195461872,0.6274319065999999,0.0,0.0,0.0,1.2927360107,-0.071828266,0.7276985615,-0.288248175,0.5058667064,0.0404401588,0.3198883028,0.0262306815,0.3107518072,0.3450939058,1336.2377304,0.2298027537,0.0087215847,-0.477466259,-0.054172377,0.8516568762000001,0.0404322841,-0.054172377,,-0.083914628,0.2721750212,,-0.094723315,2.0,1.195461872,0.0,0.1125031636999999,0.3455413697,0.1935327828,0.0635583169,2.1858255793,,4.3750374024,0.0152741714,1.0,0.3324524142,0.0,0.3255852224,0.3345009385,0.0537803546,0.2317977033,0.2330309735,0.0075653672,0.0099875175,0.0539470119,2.0,0.0173774482,0.0400659475,0.0308806347,0.0322129479,0.3826889599,0.4012150129,5.0,0.0278379196,2.287923e-10,0.0431666708999999,0.0197019932,0.3662170022,3.9330035529,6.8388288e-09,73.0,34.105
2003-09-30,5255375.7995,1.0243354093,1.0492630308,0.7275584418000001,16.459269384000002,0.0595590886,0.8716465354,0.089790687,0.5348210525,0.4505213857,0.1642496321,0.1008392051,1.8338119152,0.0121919629,-0.012191963,11.0,-0.752769714,0.3279877041,-2.094160934,-0.111228226,1.9582591692,-0.065024455,-0.010039467,-0.064626659,0.2378340176,0.308712286,0.0,-1.104742357,0.0,1.195461872,0.6274319065999999,0.0,0.0,0.0,1.2927360107,-0.071828266,0.7276985615,-0.288248175,0.5058667064,0.0404401588,0.3198883028,0.0262306815,0.3107518072,0.3450939058,1336.2377304,0.2298027537,0.0087215847,-0.477466259,-0.054172377,0.8516568762000001,0.0404322841,-0.054172377,,-0.083914628,0.2721750212,,-0.094723315,2.0,1.195461872,0.0,0.1125031636999999,0.3455413697,0.1935327828,0.0635583169,2.1858255793,,4.3750374024,0.0152741714,1.0,0.3324524142,0.0,0.3255852224,0.3345009385,0.0537803546,0.2317977033,0.2330309735,0.0075653672,0.0099875175,0.0539470119,2.0,0.0173774482,0.0400659475,0.0308806347,0.0322129479,0.3826889599,0.4012150129,5.0,0.0311265911,1.545124e-10,0.0648577437,0.0207914845,0.5451464903000001,11.799047887,4.906482e-09,73.0,30.77
2003-10-31,4800941.1763,1.0183365231,1.0370092742,0.3362777244,16.920759115,0.0587293224,1.264949561,-0.093681268,0.6022644789,0.7879422343000001,0.0072607793999999,0.1682601137,1.7134185078,0.0121919629,-0.012191963,11.0,-0.752769714,0.3279877041,-11.71397229,-0.111228226,1.9582591692,-0.065024455,-0.010039467,-0.064626659,0.2378340176,0.308712286,0.0,-1.104742357,0.0,1.195461872,0.6274319065999999,0.0,0.0,0.0,1.2927360107,-0.071828266,0.7276985615,-0.288248175,0.5058667064,0.0404401588,0.3198883028,0.0262306815,0.3107518072,0.3450939058,1336.2377304,0.2298027537,0.0087215847,-0.477466259,-0.054172377,0.8516568762000001,0.0404322841,-0.054172377,,-0.083914628,0.2721750212,,-0.094723315,2.0,1.195461872,0.0,0.1125031636999999,0.3455413697,0.1935327828,0.0635583169,2.1858255793,,4.3750374024,0.0152741714,1.0,0.3324524142,0.0,0.3255852224,0.3345009385,0.0537803546,0.2317977033,0.2330309735,0.0075653672,0.0099875175,0.0539470119,2.0,0.0173774482,0.0400659475,0.0308806347,0.0322129479,0.3826889599,0.4012150129,5.0,0.0256836921,2.235227e-10,0.0396270864,0.0177190716,0.2526226839,3.1716351429,7.6353656e-09,73.0,31.72
2003-11-28,4943149.533,1.0466782961,1.0955354556,0.0208011089,15.856938318,0.0590121504,1.0923338229,0.0262050945,0.2717547688,0.6332893594,0.0853046281,0.1484059885,2.6786856352,0.0121919629,-0.012191963,11.0,-0.752769714,0.3279877041,-11.96613149,-0.111228226,1.9582591692,-0.065024455,-0.010039467,-0.064626659,0.2378340176,0.308712286,0.0,-1.104742357,0.0,1.195461872,0.6274319065999999,0.0,0.0,0.0,1.2927360107,-0.071828266,0.7276985615,-0.288248175,0.5058667064,0.0404401588,0.3198883028,0.0262306815,0.3107518072,0.3450939058,1336.2377304,0.2298027537,0.0087215847,-0.477466259,-0.054172377,0.8516568762000001,0.0404322841,-0.054172377,,-0.083914628,0.2721750212,,-0.094723315,2.0,1.195461872,0.0,0.1125031636999999,0.3455413697,0.1935327828,0.0635583169,2.1858255793,,4.3750374024,0.0152741714,1.0,0.3324524142,0.0,0.3255852224,0.3345009385,0.0537803546,4.7381679867,0.1899380532,0.0061030403,0.0079193021,0.1754837185,0.0,0.0110450121,0.0398114884,0.0187477868,0.0295894698,0.3827512944,0.400402781,5.0,0.0392273103,2.44009e-10,0.0574439354,0.0273373062,0.4618686138,11.582738537,4.401983000000001e-09,73.0,29.96
2003-12-31,4668876.3773,1.0137106911,1.0276093653,-0.21783534,16.880903127,0.0520847491,0.9177458697,-0.055485506,0.0350790995,0.2374190033,0.3145641443,0.3685101911,2.623315815,0.0121919629,-0.012191963,11.0,-0.752769714,0.3279877041,-12.06943492,-0.111228226,1.9582591692,-0.065024455,-0.010039467,-0.064626659,0.2378340176,0.308712286,0.0,-1.104742357,0.0,1.195461872,0.6274319065999999,0.0,0.0,0.0,1.2927360107,-0.071828266,0.7276985615,-0.288248175,0.5058667064,0.0404401588,0.3198883028,0.0262306815,0.3107518072,0.3450939058,1336.2377304,0.2298027537,0.0087215847,-0.477466259,-0.054172377,0.8516568762000001,0.0404322841,-0.054172377,,-0.083914628,0.2721750212,,-0.094723315,2.0,1.195461872,0.0,0.1125031636999999,0.3455413697,0.1935327828,0.0635583169,2.1858255793,,4.3750374024,0.0152741714,1.0,0.3324524142,0.0,0.3255852224,0.3345009385,0.0537803546,4.7381679867,0.1899380532,0.0061030403,0.0079193021,0.1754837185,0.0,0.0110450121,0.0398114884,0.0187477868,0.0295894698,0.3827512944,0.400402781,5.0,0.0332049836,3.069986e-10,0.0269461535,0.0159327592,0.4201040925,3.2821354384,1.1911065e-08,73.0,33.76
2004-01-30,5276640.9151,1.1596318479,1.3447460228,-0.248435783,16.015598725,0.0518747211,1.2333439109,0.1301736235999999,-0.032456027,0.2983747945,-0.0271409429999999,0.0516426343,3.0911782842,0.0121919629,-0.012191963,11.0,-0.752769714,0.3279877041,-12.12934892,-0.111228226,1.9582591692,-0.065024455,-0.010039467,-0.064626659,0.2378340176,0.308712286,0.0,-1.104742357,0.0,1.195461872,0.6274319065999999,0.0,0.0,0.0,1.2927360107,-0.071828266,0.7276985615,-0.288248175,0.5058667064,0.0404401588,0.3198883028,0.0262306815,0.3107518072,0.3450939058,1336.2377304,0.2298027537,0.0087215847,-0.477466259,-0.054172377,0.8516568762000001,0.0404322841,-0.054172377,,-0.083914628,0.2721750212,,-0.094723315,2.0,1.195461872,0.0,0.1125031636999999,0.3455413697,0.1935327828,0.0635583169,2.1858255793,,4.3750374024,0.0152741714,1.0,0.3324524142,0.0,0.3255852224,0.3345009385,0.0537803546,4.7381679867,0.1899380532,0.0061030403,0.0079193021,0.1754837185,0.0,0.0110450121,0.0398114884,0.0187477868,0.0295894698,0.3827512944,0.400402781,5.0,0.0330283271,3.274613e-10,0.0405892543,0.0185019867,0.5801528452,7.015896887799999,6.6435305e-09,73.0,35.29
2004-02-27,5494088.5025,1.2114621773999998,1.4676406071,-0.490911245,16.575191957999998,0.0520700366,1.159529814,0.0422327295,0.0819620021,0.7512284851000001,-0.256346189,0.0647493564,2.465080976,0.0121919629,-0.012191963,11.0,-0.752769714,0.3279877041,-12.31211047,-0.111228226,1.9582591692,-0.065024455,-0.010039467,-0.064626659,0.2378340176,0.308712286,0.0,-1.104742357,0.0,1.195461872,0.6274319065999999,0.0,0.0,0.0,1.2927360107,-0.071828266,0.7276985615,-0.288248175,0.5058667064,0.0404401588,0.3198883028,0.0262306815,0.3107518072,0.3450939058,1336.2377304,0.2298027537,0.0087215847,-0.477466259,-0.054172377,0.8516568762000001,0.0404322841,-0.054172377,,-0.083914628,0.2721750212,,-0.094723315,2.0,1.195461872,0.0,0.1125031636999999,0.3455413697,0.1935327828,0.0635583169,2.1858255793,,4.3750374024,0.0152741714,1.0,0.3324524142,0.0,0.3255852224,0.3345009385,0.0537803546,2.0351697638,0.2618845223,0.0200749882,0.0088475439,0.0172848981,1.0,0.0234819449,0.0392656515,0.0404349204,0.0133276743,0.3776892443,0.4039592261,5.0,0.0307474558999999,2.264336e-10,0.0302940458,0.0207874548,0.4145080542,4.9810917087,8.9260266e-09,73.0,29.48
2004-03-31,4611360.2107,1.2374991585,1.5314041672,-0.8041392959999999,16.420916182,0.0508820982,1.5045828208,-0.160668746,0.0347456848,0.7307504920000001,-0.249159976,-0.002196802,2.8540210581,0.0121919629,-0.012191963,11.0,-0.752769714,0.3279877041,-12.1752591,-0.111228226,1.9582591692,-0.065024455,-0.010039467,-0.064626659,0.2378340176,0.308712286,0.0,-1.104742357,0.0,1.195461872,0.6274319065999999,0.0,0.0,0.0,1.2927360107,-0.071828266,0.7276985615,-0.288248175,0.5058667064,0.0404401588,0.3198883028,0.0262306815,0.3107518072,0.3450939058,1336.2377304,0.2298027537,0.0087215847,-0.477466259,-0.054172377,0.8516568762000001,0.0404322841,-0.054172377,,-0.083914628,0.2721750212,,-0.094723315,2.0,1.195461872,0.0,0.1125031636999999,0.3455413697,0.1935327828,0.0635583169,2.1858255793,,4.3750374024,0.0152741714,1.0,0.3324524142,0.0,0.3255852224,0.3345009385,0.0537803546,2.0351697638,0.2618845223,0.0200749882,0.0088475439,0.0172848981,1.0,0.0234819449,0.0392656515,0.0404349204,0.0133276743,0.3776892443,0.4039592261,5.0,0.0293247554,2.57281e-10,0.0255754925,0.0335554869,0.6492038494,18.736088572,7.540117e-09,73.0,28.96
2004-04-30,4447691.2291,1.1829537753,1.3993796344,-0.522689659,16.460433187,0.0524934058,1.4330536915,-0.0300473089999999,-0.041734035,0.3915577168999999,-0.093027981,0.0425845749,2.5760605143,0.0121919629,-0.012191963,11.0,-0.752769714,0.3279877041,-12.22905639,-0.111228226,1.9582591692,-0.065024455,-0.010039467,-0.064626659,0.2378340176,0.308712286,0.0,-1.104742357,0.0,1.195461872,0.6274319065999999,0.0,0.0,0.0,1.2927360107,-0.071828266,0.7276985615,-0.288248175,0.5058667064,0.0404401588,0.3198883028,0.0262306815,0.3107518072,0.3450939058,1336.2377304,0.2298027537,0.0087215847,-0.477466259,-0.054172377,0.8516568762000001,0.0404322841,-0.054172377,,-0.083914628,0.2721750212,,-0.094723315,2.0,1.195461872,0.0,0.1125031636999999,0.3455413697,0.1935327828,0.0635583169,2.1858255793,,4.3750374024,0.0152741714,1.0,0.3324524142,0.0,0.3255852224,0.3345009385,0.0537803546,2.0351697638,0.2618845223,0.0200749882,0.0088475439,0.0172848981,1.0,0.0234819449,0.0392656515,0.0404349204,0.0133276743,0.3776892443,0.4039592261,5.0,0.0281931751,3.504892e-10,0.0330188647,0.017166587,0.3652074635,3.4660287168,8.6527584e-09,73.0,26.73
2004-05-28,4149752.2389,1.2315947040000002,1.516825515,-0.462395215,16.096869684,0.0519165055999999,1.1324961702,-0.069613643,-0.094262291,0.1820612769,-0.153578254,0.0509123442,2.4033658192,0.1128353803,-0.11283538,12.0,-0.166087166,0.4222262032,-12.20439428,0.3838990418,3.7846196716,0.0792073938,0.0616848458,-0.07178707,1.1184443055,-0.027444647,0.0,0.2529508977,0.0,1.5394647429,0.9988986127,0.0,0.0,0.0,0.2873232682,0.0302891902999999,0.5531481558,-0.392071766,0.1181507429,0.0432186832,0.0253878702,0.0220845458,0.1767988153,0.0100666526,2850.5309906,0.293942417,0.0070785792,-0.687819545,0.2877572919,0.5920430602000001,0.0340062302999999,0.2877572919,,-0.01978521,0.1110015003,,-1.615038337,8.0,1.5394647429,0.0,0.0618492301999999,0.2597573627,0.1857825982,0.1324714294,1.6853600666,,4.3093672425,,0.0,0.2983329914,0.0,0.238103858,0.4300367932,-0.155423243,2.0351697638,0.2618845223,0.0200749882,0.0088475439,0.0172848981,1.0,0.0234819449,0.0392656515,0.0404349204,0.0133276743,0.3776892443,0.4039592261,7.0,0.0313411116,3.927739e-10,0.0444292277,0.0184578152,0.4460237442,4.6306992357,1.0657083e-08,73.0,29.6
2004-06-30,4595311.2592,1.2517138852,1.5667876503,0.010336807,15.907782719,0.0515699241,0.615226457,0.1073700264,-0.107810401,-0.127753326,0.0775316542,-0.025772952,2.095870944,0.1128353803,-0.11283538,12.0,-0.166087166,0.4222262032,-12.28274158,0.3838990418,3.7846196716,0.0792073938,0.0616848458,-0.07178707,1.1184443055,-0.027444647,0.0,0.2529508977,0.0,1.5394647429,0.9988986127,0.0,0.0,0.0,0.2873232682,0.0302891902999999,0.5531481558,-0.392071766,0.1181507429,0.0432186832,0.0253878702,0.0220845458,0.1767988153,0.0100666526,2850.5309906,0.293942417,0.0070785792,-0.687819545,0.2877572919,0.5920430602000001,0.0340062302999999,0.2877572919,,-0.01978521,0.1110015003,,-1.615038337,8.0,1.5394647429,0.0,0.0618492301999999,0.2597573627,0.1857825982,0.1324714294,1.6853600666,,4.3093672425,,0.0,0.2983329914,0.0,0.238103858,0.4300367932,-0.155423243,0.956469102,0.3026658686,0.050100722,0.0164602290999999,0.0113267645,0.0,0.0205485766999999,0.0379682108,0.0343481216,0.0014559542999999,0.3774592856,0.3953322157,7.0,0.0274678077,2.487277e-10,0.1165087223,0.0302036973,0.4342307584,5.8415220285,1.008158e-08,73.0,28.43
2004-07-30,4434625.1676,1.2246897141,1.4998648959,-0.253858903,16.115182224,0.0524178493,0.4904662635,-0.039527029,-0.125812177,-0.044082017,0.2798099055999999,-0.009468069,1.973204806,0.1128353803,-0.11283538,12.0,-0.166087166,0.271651989,-1.001021063,0.3838990418,3.7846196716,0.0792073938,0.0616848458,-0.07178707,1.1184443055,-0.027444647,0.0,0.2529508977,0.0,1.5394647429,0.9988986127,0.0,0.0,0.0,0.2873232682,0.0302891902999999,0.5531481558,-0.392071766,0.1181507429,0.0432186832,0.0253878702,0.0220845458,0.1767988153,0.0100666526,2850.5309906,0.293942417,0.0070785792,-0.687819545,0.2877572919,0.5920430602000001,0.0340062302999999,0.2877572919,,-0.01978521,0.1110015003,,-1.615038337,8.0,1.5394647429,0.0,0.0618492301999999,0.2597573627,0.1857825982,0.1324714294,1.6853600666,,4.3093672425,,0.0,0.2983329914,0.0,0.238103858,0.4300367932,-0.155423243,0.956469102,0.3026658686,0.050100722,0.0164602290999999,0.0113267645,0.0,0.0205485766999999,0.0379682108,0.0343481216,0.0014559542999999,0.3774592856,0.3953322157,7.0,0.0217041172,2.855209e-10,0.0245213135999999,0.0144068073999999,0.2718109732,2.4221711254,1.1757806999999998e-08,73.0,25.29
2004-08-31,3908169.75,1.2140427866,1.4738998878,-0.412156087,15.876408726,0.0516278171999999,0.3541552788,-0.111853682,-0.194389361,-0.091548159,0.2094686043,-0.012311539,1.8727777455,0.1128353803,-0.11283538,12.0,-0.166087166,0.271651989,-1.0086021859999998,0.3838990418,3.7846196716,0.0792073938,0.0616848458,-0.07178707,1.1184443055,-0.027444647,0.0,0.2529508977,0.0,1.5394647429,0.9988986127,0.0,0.0,0.0,0.2873232682,0.0302891902999999,0.5531481558,-0.392071766,0.1181507429,0.0432186832,0.0253878702,0.0220845458,0.1767988153,0.0100666526,2850.5309906,0.293942417,0.0070785792,-0.687819545,0.2877572919,0.5920430602000001,0.0340062302999999,0.2877572919,,-0.01978521,0.1110015003,,-1.615038337,8.0,1.5394647429,0.0,0.0618492301999999,0.2597573627,0.1857825982,0.1324714294,1.6853600666,,4.3093672425,,0.0,0.2983329914,0.0,0.238103858,0.4300367932,-0.155423243,2.7409266623,0.2768508356,-0.001538145,0.0059838893999999,-0.156552953,0.0,0.0139345822,0.0370351129,0.0224304281,0.0031175327,0.3864106568,0.4013039921,7.0,0.0331076983,5.842777e-10,0.0349854305,0.0193401201,0.2858131209,2.6133011049,1.2662265e-08,73.0,15.96
2004-09-30,2470272.8459,1.2169741733,1.4810261384,-0.329669283,15.683795866,0.0518688691,0.1401244884,-0.338461488,-0.14753547,-0.259639335,0.4783268332,-0.276542919,3.3191452991,0.1128353803,-0.11283538,12.0,-0.166087166,0.271651989,-1.014681998,0.3838990418,3.7846196716,0.0792073938,0.0616848458,-0.07178707,1.1184443055,-0.027444647,0.0,0.2529508977,0.0,1.5394647429,0.9988986127,0.0,0.0,0.0,0.2873232682,0.0302891902999999,0.5531481558,-0.392071766,0.1181507429,0.0432186832,0.0253878702,0.0220845458,0.1767988153,0.0100666526,2850.5309906,0.293942417,0.0070785792,-0.687819545,0.2877572919,0.5920430602000001,0.0340062302999999,0.2877572919,,-0.01978521,0.1110015003,,-1.615038337,8.0,1.5394647429,0.0,0.0618492301999999,0.2597573627,0.1857825982,0.1324714294,1.6853600666,,4.3093672425,,0.0,0.2983329914,0.0,0.238103858,0.4300367932,-0.155423243,2.7409266623,0.2768508356,-0.001538145,0.0059838893999999,-0.156552953,0.0,0.0139345822,0.0370351129,0.0224304281,0.0031175327,0.3864106568,0.4013039921,7.0,0.0409102359,4.810758e-10,0.0482759364,0.0774211299,0.9085939791,42.878042366,3.1351109e-09,73.0,15.83
2004-10-29,2397096.0348,1.1319046889,1.2812082248,-0.380917111,16.567209143,0.0582378368,0.0507617372,-0.012531316,-0.444483102,-0.483662236,0.5412653223,-0.040155721,3.6500608413,0.1128353803,-0.11283538,12.0,-0.166087166,0.271651989,-1.312090035,0.3838990418,3.7846196716,0.0792073938,0.0616848458,-0.07178707,1.1184443055,-0.027444647,0.0,0.2529508977,0.0,1.5394647429,0.9988986127,0.0,0.0,0.0,0.2873232682,0.0302891902999999,0.5531481558,-0.392071766,0.1181507429,0.0432186832,0.0253878702,0.0220845458,0.1767988153,0.0100666526,2850.5309906,0.293942417,0.0070785792,-0.687819545,0.2877572919,0.5920430602000001,0.0340062302999999,0.2877572919,,-0.01978521,0.1110015003,,-1.615038337,8.0,1.5394647429,0.0,0.0618492301999999,0.2597573627,0.1857825982,0.1324714294,1.6853600666,,4.3093672425,,0.0,0.2983329914,0.0,0.238103858,0.4300367932,-0.155423243,2.7409266623,0.2768508356,-0.001538145,0.0059838893999999,-0.156552953,0.0,0.0139345822,0.0370351129,0.0224304281,0.0031175327,0.3864106568,0.4013039921,7.0,0.0237711445,3.962041e-10,0.0236938838,0.0141466194,0.2509408454,2.9512755888,8.460006e-09,73.0,16.24
2004-11-30,2393418.6863,1.1427158544,1.3057995238,-0.235128948,15.593523469,0.0585876982,-0.002201016,0.0304568242,-0.410400275,-0.503152562,0.3497872085,-0.098967225,3.7978287587,0.1128353803,-0.11283538,12.0,-0.166087166,0.271651989,-1.300443951,0.3838990418,3.7846196716,0.0792073938,0.0616848458,-0.07178707,1.1184443055,-0.027444647,0.0,0.2529508977,0.0,1.5394647429,0.9988986127,0.0,0.0,0.0,0.2873232682,0.0302891902999999,0.5531481558,-0.392071766,0.1181507429,0.0432186832,0.0253878702,0.0220845458,0.1767988153,0.0100666526,2850.5309906,0.293942417,0.0070785792,-0.687819545,0.2877572919,0.5920430602000001,0.0340062302999999,0.2877572919,,-0.01978521,0.1110015003,,-1.615038337,8.0,1.5394647429,0.0,0.0618492301999999,0.2597573627,0.1857825982,0.1324714294,1.6853600666,,4.3093672425,,0.0,0.2983329914,0.0,0.238103858,0.4300367932,-0.155423243,0.7096333133,0.2738536493,-0.003330827,-0.02227769,0.1216660149,0.0,0.0128792948,0.0365480294,0.0203427958,0.0006207599,0.3866925384,0.3999384356,7.0,0.0319489331,7.046226e-10,0.0507613719,0.0221297357,0.3321723097,3.1477202294,1.0159917999999998e-08,73.0,17.63
2004-12-31,2582089.6771,1.139738348,1.2990035019,-0.392375938,15.436298014,0.0583296433,0.0026120296,0.0855911001999999,-0.451351359,-0.457943911,0.0888606172,-0.0560394709999999,2.1708727979,0.1128353803,-0.11283538,12.0,-0.166087166,0.271651989,-1.310330157,0.3838990418,3.7846196716,0.0792073938,0.0616848458,-0.07178707,1.1184443055,-0.027444647,0.0,0.2529508977,0.0,1.5394647429,0.9988986127,0.0,0.0,0.0,0.2873232682,0.0302891902999999,0.5531481558,-0.392071766,0.1181507429,0.0432186832,0.0253878702,0.0220845458,0.1767988153,0.0100666526,2850.5309906,0.293942417,0.0070785792,-0.687819545,0.2877572919,0.5920430602000001,0.0340062302999999,0.2877572919,,-0.01978521,0.1110015003,,-1.615038337,8.0,1.5394647429,0.0,0.0618492301999999,0.2597573627,0.1857825982,0.1324714294,1.6853600666,,4.3093672425,,0.0,0.2983329914,0.0,0.238103858,0.4300367932,-0.155423243,0.7096333133,0.2738536493,-0.003330827,-0.02227769,0.1216660149,0.0,0.0128792948,0.0365480294,0.0203427958,0.0006207599,0.3866925384,0.3999384356,7.0,0.0273670356999999,6.284203e-10,0.0349296257,0.0160733447,0.3708178956,3.145914688,1.1591621e-08,73.0,19.62
2005-01-31,2854632.2386,1.150719171,1.3241546106,-0.151979911,15.353472984,0.0582964587,0.0773385866,0.1089052856,-0.379880434,-0.4793266679999999,0.146436467,-0.024329175,2.311706587,0.1128353803,-0.11283538,12.0,-0.166087166,0.271651989,-1.269898629,0.3838990418,3.7846196716,0.0792073938,0.0616848458,-0.07178707,1.1184443055,-0.027444647,0.0,0.2529508977,0.0,1.5394647429,0.9988986127,0.0,0.0,0.0,0.2873232682,0.0302891902999999,0.5531481558,-0.392071766,0.1181507429,0.0432186832,0.0253878702,0.0220845458,0.1767988153,0.0100666526,2850.5309906,0.293942417,0.0070785792,-0.687819545,0.2877572919,0.5920430602000001,0.0340062302999999,0.2877572919,,-0.01978521,0.1110015003,,-1.615038337,8.0,1.5394647429,0.0,0.0618492301999999,0.2597573627,0.1857825982,0.1324714294,1.6853600666,,4.3093672425,,0.0,0.2983329914,0.0,0.238103858,0.4300367932,-0.155423243,0.7096333133,0.2738536493,-0.003330827,-0.02227769,0.1216660149,0.0,0.0128792948,0.0365480294,0.0203427958,0.0006207599,0.3866925384,0.3999384356,7.0,0.0317836974,4.174092e-10,0.0572887287,0.0193349066999999,0.4673108549,7.4507921276,6.7888128e-09,73.0,17.0
2005-02-28,2468502.0,1.1963511575,1.4312560921000002,-0.04223279,15.948185737,0.0579957434999999,0.0502943182,-0.130434752,-0.225742595,-0.446018731,0.3604472027,-0.070783435,2.2803075171,0.1128353803,-0.11283538,12.0,-0.166087166,0.271651989,-1.27389431,0.3838990418,3.7846196716,0.0792073938,0.0616848458,-0.07178707,1.1184443055,-0.027444647,0.0,0.2529508977,0.0,1.5394647429,0.9988986127,0.0,0.0,0.0,0.2873232682,0.0302891902999999,0.5531481558,-0.392071766,0.1181507429,0.0432186832,0.0253878702,0.0220845458,0.1767988153,0.0100666526,2850.5309906,0.293942417,0.0070785792,-0.687819545,0.2877572919,0.5920430602000001,0.0340062302999999,0.2877572919,,-0.01978521,0.1110015003,,-1.615038337,8.0,1.5394647429,0.0,0.0618492301999999,0.2597573627,0.1857825982,0.1324714294,1.6853600666,,4.3093672425,,0.0,0.2983329914,0.0,0.238103858,0.4300367932,-0.155423243,5.0584299529,0.3147996269,-0.008449464,-0.008227999,-0.269647491,1.0,0.0186859524,0.0357513254,0.0299651977,-0.00478101,0.386939029,0.3991252983,7.0,0.0359564946,4.475181e-10,0.0165386163,0.0142488807,0.4137592136999999,4.106901086000001,1.0724831e-08,73.0,18.1
2005-03-31,2628228.6554,1.215758007,1.4780675316,0.5952601304,15.437115353,0.0579029019,0.0008235931,0.0647059083,0.0651629071,-0.4260634789999999,0.2577495451,-0.108317783,2.3357482932,0.1128353803,-0.11283538,12.0,-0.166087166,0.271651989,-1.274606857,0.3838990418,3.7846196716,0.0792073938,0.0616848458,-0.07178707,1.1184443055,-0.027444647,0.0,0.2529508977,0.0,1.5394647429,0.9988986127,0.0,0.0,0.0,0.2873232682,0.0302891902999999,0.5531481558,-0.392071766,0.1181507429,0.0432186832,0.0253878702,0.0220845458,0.1767988153,0.0100666526,2850.5309906,0.293942417,0.0070785792,-0.687819545,0.2877572919,0.5920430602000001,0.0340062302999999,0.2877572919,,-0.01978521,0.1110015003,,-1.615038337,8.0,1.5394647429,0.0,0.0618492301999999,0.2597573627,0.1857825982,0.1324714294,1.6853600666,,4.3093672425,,0.0,0.2983329914,0.0,0.238103858,0.4300367932,-0.155423243,5.0584299529,0.3147996269,-0.008449464,-0.008227999,-0.269647491,1.0,0.0186859524,0.0357513254,0.0299651977,-0.00478101,0.386939029,0.3991252983,7.0,0.0288111546,7.641412e-10,0.0521436632,0.0200306808,0.5823649989999999,5.8664731235000005,1.160172e-08,73.0,18.1
2005-04-29,2628228.6554,1.185615382,1.4056838339,0.5999216307,15.467304573,0.0574233351,-0.001801554,0.0,0.1484771707,-0.369996485,0.0416968738,-0.103495598,1.8568811339,0.1128353803,-0.11283538,12.0,-0.166087166,0.271651989,-1.267872374,0.3838990418,3.7846196716,0.0792073938,0.0616848458,-0.07178707,1.1184443055,-0.027444647,0.0,0.2529508977,0.0,1.5394647429,0.9988986127,0.0,0.0,0.0,0.2873232682,0.0302891902999999,0.5531481558,-0.392071766,0.1181507429,0.0432186832,0.0253878702,0.0220845458,0.1767988153,0.0100666526,2850.5309906,0.293942417,0.0070785792,-0.687819545,0.2877572919,0.5920430602000001,0.0340062302999999,0.2877572919,,-0.01978521,0.1110015003,,-1.615038337,8.0,1.5394647429,0.0,0.0618492301999999,0.2597573627,0.1857825982,0.1324714294,1.6853600666,,4.3093672425,,0.0,0.2983329914,0.0,0.238103858,0.4300367932,-0.155423243,5.0584299529,0.3147996269,-0.008449464,-0.008227999,-0.258392353,1.0,0.0186859524,0.0357513254,0.0299651977,-0.00478101,0.386939029,0.3991252983,7.0,0.0229849235,4.173689e-10,0.0203160625,0.0108075336,0.2836673695,2.6860265446,1.3443343e-08,73.0,16.44
2005-05-31,2363019.9168,1.1225607346,1.260142603,0.4047582607,15.173323389,0.0542816237,0.0156570334,-0.091712698,0.1145320635,-0.322858176,0.1851030503,0.1902417108,1.6998023688,0.0862362883,-0.086236288,13.0,0.0932523112,0.2397451371999999,-1.319311063,0.3113220358,0.5330902597,0.1103179305,0.0943111978,-0.036153076,-0.054281076,-0.288204819,0.0,-0.348331867,0.0,1.2319056068,1.0690410036,0.0,0.0,0.0,-0.11745488,0.0310589198,0.4291905053,-0.076915188,0.1274910559,0.0425026796,0.0036680422,0.0109164051,0.3455885060999999,-0.053556124,-148.4252945,0.2307570695,0.0075422655,-5.186791419,-0.199783163,0.0702197301,-0.023111218,-0.199783163,,0.2730816443,-0.1120110919999999,,-2.551892059,4.0,1.2319056068,0.0,0.1198783136,0.2627213159,0.1845499387999999,0.0655503259,1.8860955151,,6.1065639311,,0.0,-0.07211574,0.0,0.4562945843,0.3834328575999999,0.5600441575999999,5.0584299529,0.3147996269,-0.008449464,-0.008227999,-0.218984316,1.0,0.0186859524,0.0357513254,0.0299651977,-0.00478101,0.386939029,0.3991252983,7.0,0.0276210116,8.228752e-10,0.0221956111,0.0170659004,0.3837649116,4.1630288036000005,1.3157115e-08,73.0,18.07
2005-06-30,2596695.0961,1.1544270591,1.3327018349,0.4293494067,15.144729933,0.0531953561,-0.0707910529999999,0.0991483629,-0.067498508,-0.444594575,0.1736717357999999,0.1819420273999999,1.4759293538,0.0862362883,-0.086236288,13.0,0.0932523112,0.2397451371999999,-1.3294133259999998,0.3113220358,0.5330902597,0.1103179305,0.0943111978,-0.036153076,-0.054281076,-0.288204819,0.0,-0.348331867,0.0,1.2319056068,1.0690410036,0.0,0.0,0.0,-0.11745488,0.0310589198,0.4291905053,-0.076915188,0.1274910559,0.0425026796,0.0036680422,0.0109164051,0.3455885060999999,-0.053556124,-148.4252945,0.2307570695,0.0075422655,-5.186791419,-0.199783163,0.0702197301,-0.023111218,-0.199783163,,0.2730816443,-0.1120110919999999,,-2.551892059,4.0,1.2319056068,0.0,0.1198783136,0.2627213159,0.1845499387999999,0.0655503259,1.8860955151,,6.1065639311,,0.0,-0.07211574,0.0,0.4562945843,0.3834328575999999,0.5600441575999999,1.8011177294999998,0.2767577659,-0.010271944,-0.003545795,0.0238140125,0.0,-0.01277573,0.0355731858,-0.020078639,-0.035889249,0.4123302397,0.4060320443,7.0,0.0245162208,8.078006e-10,0.0387059562,0.0150466801,0.3804135146,2.4897405568,1.5621316e-08,73.0,16.67
2005-07-29,2395512.351,1.2192173946,1.4864910554,0.1650315893999999,15.057846116,0.0525788277,-0.0259466729999999,-0.077476464,-0.075703307,-0.364403808,0.0374019191,-0.0014145129999999,1.5446210608000002,0.0862362883,-0.086236288,13.0,0.0932523112,0.443156559,-0.947631794,0.3113220358,0.5330902597,0.1103179305,0.0943111978,-0.036153076,-0.054281076,-0.288204819,0.0,-0.348331867,0.0,1.2319056068,1.0690410036,0.0,0.0,0.0,-0.11745488,0.0310589198,0.4291905053,-0.076915188,0.1274910559,0.0425026796,0.0036680422,0.0109164051,0.3455885060999999,-0.053556124,-148.4252945,0.2307570695,0.0075422655,-5.186791419,-0.199783163,0.0702197301,-0.023111218,-0.199783163,,0.2730816443,-0.1120110919999999,,-2.551892059,4.0,1.2319056068,0.0,0.1198783136,0.2627213159,0.1845499387999999,0.0655503259,1.8860955151,,6.1065639311,,0.0,-0.07211574,0.0,0.4562945843,0.3834328575999999,0.5600441575999999,1.8011177294999998,0.2767577659,-0.010271944,-0.003545795,0.0238140125,0.0,-0.01277573,0.0355731858,-0.020078639,-0.035889249,0.4123302397,0.4060320443,7.0,0.0285116119,6.29865e-10,0.0162161756,0.0194411692,0.4440976263,4.8268610725,1.1585000000000001e-08,73.0,18.51
2005-08-31,2668993.953,1.1505182288,1.3236921948,0.4155562031,15.229429553,0.0527097163,0.1088525299,0.1103779301,-0.0194117639999999,-0.339801973,0.1807341536,0.105037914,1.3445655513,0.0862362883,-0.086236288,13.0,0.0932523112,0.443156559,-0.8606999759999999,0.3113220358,0.5330902597,0.1103179305,0.0943111978,-0.036153076,-0.054281076,-0.288204819,0.0,-0.348331867,0.0,1.2319056068,1.0690410036,0.0,0.0,0.0,-0.11745488,0.0310589198,0.4291905053,-0.076915188,0.1274910559,0.0425026796,0.0036680422,0.0109164051,0.3455885060999999,-0.053556124,-148.4252945,0.2307570695,0.0075422655,-5.186791419,-0.199783163,0.0702197301,-0.023111218,-0.199783163,,0.2730816443,-0.1120110919999999,,-2.551892059,4.0,1.2319056068,0.0,0.1198783136,0.2627213159,0.1845499387999999,0.0655503259,1.8860955151,,6.1065639311,,0.0,-0.07211574,0.0,0.4562945843,0.3834328575999999,0.5600441575999999,1.200245109,0.2715477255,-0.007125088,-0.008975278,0.0045597510999999,1.0,-0.0070318759999999,0.0355962284,-0.011629589,-0.017808371,0.4270238415999999,0.4157827493,7.0,0.0257609127,8.074799e-10,0.0385756455,0.0124211963999999,0.3213203629,1.5816791266,2.1869704e-08,73.0,19.0
2005-09-30,2742023.0,1.1257381624,1.2672864104,-0.084361516,14.794322951,0.0524615884999999,0.2257923664,0.0264721643,0.022651915,0.159774443,-0.2602549389999999,0.0863161147,1.6653662886000002,0.0862362883,-0.086236288,13.0,0.0932523112,0.443156559,-0.8716851659999999,0.3113220358,0.5330902597,0.1103179305,0.0943111978,-0.036153076,-0.054281076,-0.288204819,0.0,-0.348331867,0.0,1.2319056068,1.0690410036,0.0,0.0,0.0,-0.11745488,0.0310589198,0.4291905053,-0.076915188,0.1274910559,0.0425026796,0.0036680422,0.0109164051,0.3455885060999999,-0.053556124,-148.4252945,0.2307570695,0.0075422655,-5.186791419,-0.199783163,0.0702197301,-0.023111218,-0.199783163,,0.2730816443,-0.1120110919999999,,-2.551892059,4.0,1.2319056068,0.0,0.1198783136,0.2627213159,0.1845499387999999,0.0655503259,1.8860955151,,6.1065639311,,0.0,-0.07211574,0.0,0.4562945843,0.3834328575999999,0.5600441575999999,1.200245109,0.2715477255,-0.007125088,-0.008975278,0.0045597510999999,1.0,-0.0070318759999999,0.0355962284,-0.011629589,-0.017808371,0.4270238415999999,0.4157827493,7.0,0.0225951759,4.853185e-10,0.0883392245,0.0217544903,0.5448509724,9.5529320044,8.2983083e-09,73.0,18.9
2005-10-31,2727591.2449,1.1016070277,1.2135380434,-0.104278329,15.653021771,0.0510554517,0.1547506755,-0.005263178,0.0497237246,0.2055837332,-0.173787692,0.1850216517,1.6908549639,0.0862362883,-0.086236288,13.0,0.0932523112,0.443156559,-0.543994956,0.3113220358,0.5330902597,0.1103179305,0.0943111978,-0.036153076,-0.054281076,-0.288204819,0.0,-0.348331867,0.0,1.2319056068,1.0690410036,0.0,0.0,0.0,-0.11745488,0.0310589198,0.4291905053,-0.076915188,0.1274910559,0.0425026796,0.0036680422,0.0109164051,0.3455885060999999,-0.053556124,-148.4252945,0.2307570695,0.0075422655,-5.186791419,-0.199783163,0.0702197301,-0.023111218,-0.199783163,,0.2730816443,-0.1120110919999999,,-2.551892059,4.0,1.2319056068,0.0,0.1198783136,0.2627213159,0.1845499387999999,0.0655503259,1.8860955151,,6.1065639311,,0.0,-0.07211574,0.0,0.4562945843,0.3834328575999999,0.5600441575999999,1.200245109,0.2715477255,-0.007125088,-0.008975278,0.0045597510999999,1.0,-0.0070318759999999,0.0355962284,-0.011629589,-0.017808371,0.4270238415999999,0.4157827493,7.0,0.0229877712,3.685163e-10,0.0190630964999999,0.0099457557,0.3105213463,2.8051172183,1.1314802e-08,73.0,18.95
2005-11-30,2764748.2613,1.1969974867,1.4328029831,0.140361078,15.429371594,0.0486149525,0.1505589335,0.0026455633,0.1496349665,0.1637930897,-0.141875792,0.0570325241,1.7455830712,0.0862362883,-0.086236288,13.0,0.0932523112,0.443156559,-0.550566975,0.3113220358,0.5330902597,0.1103179305,0.0943111978,-0.036153076,-0.054281076,-0.288204819,0.0,-0.348331867,0.0,1.2319056068,1.0690410036,0.0,0.0,0.0,-0.11745488,0.0310589198,0.4291905053,-0.076915188,0.1274910559,0.0425026796,0.0036680422,0.0109164051,0.3455885060999999,-0.053556124,-148.4252945,0.2307570695,0.0075422655,-5.186791419,-0.199783163,0.0702197301,-0.023111218,-0.199783163,,0.2730816443,-0.1120110919999999,,-2.551892059,4.0,1.2319056068,0.0,0.1198783136,0.2627213159,0.1845499387999999,0.0655503259,1.8860955151,,6.1065639311,,0.0,-0.07211574,0.0,0.4562945843,0.3834328575999999,0.5600441575999999,0.2454409721,0.2494038663,-0.010457129,0.0200560966999999,0.0478821609,2.0,-0.002498226,0.0354641862,-0.004427714,-0.02127151,0.4254681577,0.4123989436999999,7.0,0.0239248164,7.747587e-10,0.0172786005,0.0130552305,0.2419859864,1.3311328283,1.7935609e-08,73.0,19.52
2005-12-30,2854810.4843,1.1255757589,1.2669207889,0.0579036613999999,14.971914794000002,0.048026831,0.0322799823,0.0325751975,0.0486995546,0.0748724615,-0.312241589,0.1024110883,1.5940606501,0.0862362883,-0.086236288,13.0,0.0932523112,0.443156559,-0.572997023,0.3113220358,0.5330902597,0.1103179305,0.0943111978,-0.036153076,-0.054281076,-0.288204819,0.0,-0.348331867,0.0,1.2319056068,1.0690410036,0.0,0.0,0.0,-0.11745488,0.0310589198,0.4291905053,-0.076915188,0.1274910559,0.0425026796,0.0036680422,0.0109164051,0.3455885060999999,-0.053556124,-148.4252945,0.2307570695,0.0075422655,-5.186791419,-0.199783163,0.0702197301,-0.023111218,-0.199783163,,0.2730816443,-0.1120110919999999,,-2.551892059,4.0,1.2319056068,0.0,0.1198783136,0.2627213159,0.1845499387999999,0.0655503259,1.8860955151,,6.1065639311,,0.0,-0.07211574,0.0,0.4562945843,0.3834328575999999,0.5600441575999999,0.2454409721,0.2494038663,-0.010457129,0.0200560966999999,0.0478821609,2.0,-0.002498226,0.0354641862,-0.004427714,-0.02127151,0.4254681577,0.4123989436999999,7.0,0.0220854916,4.526959e-10,0.0352513418,0.0122523338,0.6014942991,5.2248545329,1.1502308000000002e-08,73.0,20.06
2006-01-31,2926693.7421,1.0878730449,1.1834677618,0.3506738329,15.458522103,0.0471005972,0.0098701285,0.0251796953,0.1738032773999999,0.0008849797,-0.152762771,0.2031568153,1.7702667975,0.0862362883,-0.086236288,13.0,0.0932523112,0.443156559,-0.5786019179999999,0.3113220358,0.5330902597,0.1103179305,0.0943111978,-0.036153076,-0.054281076,-0.288204819,0.0,-0.348331867,0.0,1.2319056068,1.0690410036,0.0,0.0,0.0,-0.11745488,0.0310589198,0.4291905053,-0.076915188,0.1274910559,0.0425026796,0.0036680422,0.0109164051,0.3455885060999999,-0.053556124,-148.4252945,0.2307570695,0.0075422655,-5.186791419,-0.199783163,0.0702197301,-0.023111218,-0.199783163,,0.2730816443,-0.1120110919999999,,-2.551892059,4.0,1.2319056068,0.0,0.1198783136,0.2627213159,0.1845499387999999,0.0655503259,1.8860955151,,6.1065639311,,0.0,-0.07211574,0.0,0.4562945843,0.3834328575999999,0.5600441575999999,0.2454409721,0.2494038663,-0.010457129,0.0200560966999999,0.0478821609,2.0,-0.002498226,0.0354641862,-0.004427714,-0.02127151,0.4254681577,0.4123989436999999,7.0,0.0240876061,3.918185e-10,0.0430666991,0.0147818251,0.6874364406,10.794228559,9.3304991e-09,73.0,22.11
2006-02-28,3154654.8871,1.1276341032,1.2715586707,0.1056659491,15.692650088,0.0468041276999999,0.0680269744,0.1021934822,0.0837384765,0.1799999601,-0.120765388,0.1474686986999999,1.9530043921,0.0862362883,-0.086236288,13.0,0.0932523112,0.443156559,-0.587698304,0.3113220358,0.5330902597,0.1103179305,0.0943111978,-0.036153076,-0.054281076,-0.288204819,0.0,-0.348331867,0.0,1.2319056068,1.0690410036,0.0,0.0,0.0,-0.11745488,0.0310589198,0.4291905053,-0.076915188,0.1274910559,0.0425026796,0.0036680422,0.0109164051,0.3455885060999999,-0.053556124,-148.4252945,0.2307570695,0.0075422655,-5.186791419,-0.199783163,0.0702197301,-0.023111218,-0.199783163,,0.2730816443,-0.1120110919999999,,-2.551892059,4.0,1.2319056068,0.0,0.1198783136,0.2627213159,0.1845499387999999,0.0655503259,1.8860955151,,6.1065639311,,0.0,-0.07211574,0.0,0.4562945843,0.3834328575999999,0.5600441575999999,3.5026412299,0.2352992726,0.0051562959,0.0035037056,0.0761159146,3.0,0.0080421557999999,0.0353222404,0.0144229252,-0.01132674,0.4250596659,0.4126743769,7.0,0.0247363325,5.849897e-10,0.0463991798,0.0170046884,0.3400294968,2.7658438526,1.2962461e-08,73.0,21.87
2006-03-31,3120411.7197,1.1484085038,1.3188420915,0.1013289536,15.508909499,0.0469252962,0.1466483894,-0.010854806,0.1636842447,0.2215469595,-0.112309885,0.1091521249,2.0545023258,0.0862362883,-0.086236288,13.0,0.0932523112,0.443156559,-0.595013476,0.3113220358,0.5330902597,0.1103179305,0.0943111978,-0.036153076,-0.054281076,-0.288204819,0.0,-0.348331867,0.0,1.2319056068,1.0690410036,0.0,0.0,0.0,-0.11745488,0.0310589198,0.4291905053,-0.076915188,0.1274910559,0.0425026796,0.0036680422,0.0109164051,0.3455885060999999,-0.053556124,-148.4252945,0.2307570695,0.0075422655,-5.186791419,-0.199783163,0.0702197301,-0.023111218,-0.199783163,,0.2730816443,-0.1120110919999999,,-2.551892059,4.0,1.2319056068,0.0,0.1198783136,0.2627213159,0.1845499387999999,0.0655503259,1.8860955151,,6.1065639311,,0.0,-0.07211574,0.0,0.4562945843,0.3834328575999999,0.5600441575999999,3.5026412299,0.2352992726,0.0051562959,0.0035037056,0.0761159146,3.0,0.0080421557999999,0.0353222404,0.0144229252,-0.01132674,0.4250596659,0.4126743769,7.0,0.0225782189,2.978606e-10,0.038444072,0.0138615544,0.4677825445,7.6026178413,1.0423427e-08,73.0,22.35
2006-04-28,3216075.6549,1.1400134663,1.2996307033,0.1383408869,15.746056302,0.0471898515,0.1790453087,0.0219478514,0.1571429275,0.2082873045,-0.14965581,0.0544978774,1.9052952614,0.0862362883,-0.086236288,13.0,0.0932523112,0.443156559,-0.5997599889999999,0.3113220358,0.5330902597,0.1103179305,0.0943111978,-0.036153076,-0.054281076,-0.288204819,0.0,-0.348331867,0.0,1.2319056068,1.0690410036,0.0,0.0,0.0,-0.11745488,0.0310589198,0.4291905053,-0.076915188,0.1274910559,0.0425026796,0.0036680422,0.0109164051,0.3455885060999999,-0.053556124,-148.4252945,0.2307570695,0.0075422655,-5.186791419,-0.199783163,0.0702197301,-0.023111218,-0.199783163,,0.2730816443,-0.1120110919999999,,-2.551892059,4.0,1.2319056068,0.0,0.1198783136,0.2627213159,0.1845499387999999,0.0655503259,1.8860955151,,6.1065639311,,0.0,-0.07211574,0.0,0.4562945843,0.3834328575999999,0.5600441575999999,3.5026412299,0.2352992726,0.0051562959,0.0035037056,0.0761159146,3.0,0.0080421557999999,0.0353222404,0.0144229252,-0.01132674,0.4250596659,0.4126743769,7.0,0.0209498031,3.914928e-10,0.0228758063,0.0126913866,0.3800307671,3.2526177712,1.0477208e-08,73.0,21.83
2006-05-31,3139874.379,1.1176313134,1.2490997527,-0.000697555,15.579067541,0.0456409488,0.3432211753,-0.0232662389999999,0.1794194996,0.3594890212,-0.323595941,0.1356597026,1.6605044275999998,0.1344783465,-0.134478347,14.0,-0.023558602,0.4270028144,-0.622196559,0.1753076852,1.0750736565,0.0973651072,0.0696639655,0.0016271732,-0.01004899,-0.0852751259999999,0.0,-0.222954636,0.0,1.160159426,0.9920620465,0.0,0.0,0.0,-0.036451552,-0.00559834,0.4172170078,-0.131311318,0.0795391603,0.0385848355,0.0863407949,0.0076656628,0.3336795795,0.1153398827999999,70.13887760899999,0.0997263187,0.0084794886,-0.524898573,-0.058239999,-0.072007488,-0.026823852,-0.058239999,,0.0776603155,-0.167559397,,-18.39178188,3.0,1.160159426,1.0,0.1167165986,0.3253169827,0.1799640605999999,-0.036348611,1.6912546504,,6.6775116461,,0.0,-0.0917247809999999,0.0,0.3587780681,0.3659962311,-0.241894439,3.5026412299,0.2352992726,0.0051562959,0.0035037056,0.0761159146,3.0,0.0080421557999999,0.0353222404,0.0144229252,-0.01132674,0.4250596659,0.4126743769,5.0,0.0179617589,5.528303e-10,0.0171102043,0.0101923214,0.2880393732,1.5368208483,2.3612114e-08,73.0,20.43
2006-06-30,2938508.2339,1.1084710375,1.228708041,-0.038772308,14.934980228,0.0450448679,0.2982670647,-0.064131908,0.1156367558,0.2080797001,-0.410344273,0.2097339905999999,1.4421488083,0.1344783465,-0.134478347,14.0,-0.023558602,0.4270028144,-0.627839566,0.1753076852,1.0750736565,0.0973651072,0.0696639655,0.0016271732,-0.01004899,-0.0852751259999999,0.0,-0.222954636,0.0,1.160159426,0.9920620465,0.0,0.0,0.0,-0.036451552,-0.00559834,0.4172170078,-0.131311318,0.0795391603,0.0385848355,0.0863407949,0.0076656628,0.3336795795,0.1153398827999999,70.13887760899999,0.0997263187,0.0084794886,-0.524898573,-0.058239999,-0.072007488,-0.026823852,-0.058239999,,0.0776603155,-0.167559397,,-18.39178188,3.0,1.160159426,1.0,0.1167165986,0.3253169827,0.1799640605999999,-0.036348611,1.6912546504,,6.6775116461,,0.0,-0.0917247809999999,0.0,0.3587780681,0.3659962311,-0.241894439,1.3531629165,0.2738793244,0.0095220933999999,-0.014065299,0.0533924829,0.0,-0.006572553,0.0348094799,-0.011603977,0.0087830785,0.3970622464,0.3735877316,5.0,0.0167242246,4.292649e-10,0.0151663142999999,0.0094244044999999,0.3592537468,2.9659407822,1.3026858000000001e-08,73.0,18.77
2006-07-31,2693663.9957,1.0971962188,1.2038395425,-0.267666313,15.316435345,0.0448517523,0.1831747044,-0.081253052,0.0184447142999999,0.2255549045,-0.4616502429999999,0.2115608957999999,1.4059260209,0.1344783465,-0.134478347,14.0,-0.023558602,0.4164890854,-0.980158063,0.1753076852,1.0750736565,0.0973651072,0.0696639655,0.0016271732,-0.01004899,-0.0852751259999999,0.0,-0.222954636,0.0,1.160159426,0.9920620465,0.0,0.0,0.0,-0.036451552,-0.00559834,0.4172170078,-0.131311318,0.0795391603,0.0385848355,0.0863407949,0.0076656628,0.3336795795,0.1153398827999999,70.13887760899999,0.0997263187,0.0084794886,-0.524898573,-0.058239999,-0.072007488,-0.026823852,-0.058239999,,0.0776603155,-0.167559397,,-18.39178188,3.0,1.160159426,1.0,0.1167165986,0.3253169827,0.1799640605999999,-0.036348611,1.6912546504,,6.6775116461,,0.0,-0.0917247809999999,0.0,0.3587780681,0.3659962311,-0.241894439,1.3531629165,0.2738793244,0.0095220933999999,-0.014065299,0.0533924829,0.0,-0.006572553,0.0348094799,-0.011603977,0.0087830785,0.3970622464,0.3735877316,5.0,0.0239212371,5.472297e-10,0.0264578704,0.0136912051,0.2286614222,1.7673664469,1.2286066e-08,73.0,17.9
2006-08-31,2513321.0464,1.0527093008,1.108196872,-0.384901101,15.28813519,0.0439862173,0.0989563091,-0.046350602,-0.151062868,0.0140464771999999,-0.408531702,0.2491298673999999,1.5759317423,0.1344783465,-0.134478347,14.0,-0.023558602,0.4164890854,-0.938846992,0.1753076852,1.0750736565,0.0973651072,0.0696639655,0.0016271732,-0.01004899,-0.0852751259999999,0.0,-0.222954636,0.0,1.160159426,0.9920620465,0.0,0.0,0.0,-0.036451552,-0.00559834,0.4172170078,-0.131311318,0.0795391603,0.0385848355,0.0863407949,0.0076656628,0.3336795795,0.1153398827999999,70.13887760899999,0.0997263187,0.0084794886,-0.524898573,-0.058239999,-0.072007488,-0.026823852,-0.058239999,,0.0776603155,-0.167559397,,-18.39178188,3.0,1.160159426,1.0,0.1167165986,0.3253169827,0.1799640605999999,-0.036348611,1.6912546504,,6.6775116461,,0.0,-0.0917247809999999,0.0,0.3587780681,0.3659962311,-0.241894439,1.1873257299,0.2484431393,0.0026902899,-0.015260736,0.0388060363,1.0,0.0007924441,0.0346089393,0.0013921978,0.0059863919,0.2797810917,0.2681283321,5.0,0.02146176,6.217326e-10,0.0239743665,0.0129238081,0.2754827632,2.1784226888,1.4796666e-08,73.0,18.96
2006-09-29,2662154.5115,1.0292770826,1.0594113128,-0.284111736,15.148826158,0.0435767834999999,0.0554922962,0.0592178479,-0.181527253,-0.057894752,-0.4428969239999999,0.2248518762,1.5336267672,0.1344783465,-0.134478347,14.0,-0.023558602,0.4164890854,-0.951132468,0.1753076852,1.0750736565,0.0973651072,0.0696639655,0.0016271732,-0.01004899,-0.0852751259999999,0.0,-0.222954636,0.0,1.160159426,0.9920620465,0.0,0.0,0.0,-0.036451552,-0.00559834,0.4172170078,-0.131311318,0.0795391603,0.0385848355,0.0863407949,0.0076656628,0.3336795795,0.1153398827999999,70.13887760899999,0.0997263187,0.0084794886,-0.524898573,-0.058239999,-0.072007488,-0.026823852,-0.058239999,,0.0776603155,-0.167559397,,-18.39178188,3.0,1.160159426,1.0,0.1167165986,0.3253169827,0.1799640605999999,-0.036348611,1.6912546504,,6.6775116461,,0.0,-0.0917247809999999,0.0,0.3587780681,0.3659962311,-0.241894439,1.1873257299,0.2484431393,0.0026902899,-0.015260736,0.0388060363,1.0,0.0007924441,0.0346089393,0.0013921978,0.0059863919,0.2797810917,0.2681283321,5.0,0.0223508066,8.242044e-10,0.0266666412,0.0136627136,0.5523837529,4.6701594027,1.3036351e-08,73.0,19.72
2006-10-31,2782255.2631,0.962251353,0.9259276663,-0.300213149,15.172486765,0.0416749822999999,0.065091367,0.040084403,-0.151677906,0.0031745793,-0.388547401,0.4295648915999999,1.2323470798,0.1344783465,-0.134478347,14.0,-0.023558602,0.4164890854,-1.102971927,0.1753076852,1.0750736565,0.0973651072,0.0696639655,0.0016271732,-0.01004899,-0.0852751259999999,0.0,-0.222954636,0.0,1.160159426,0.9920620465,0.0,0.0,0.0,-0.036451552,-0.00559834,0.4172170078,-0.131311318,0.0795391603,0.0385848355,0.0863407949,0.0076656628,0.3336795795,0.1153398827999999,70.13887760899999,0.0997263187,0.0084794886,-0.524898573,-0.058239999,-0.072007488,-0.026823852,-0.058239999,,0.0776603155,-0.167559397,,-18.39178188,3.0,1.160159426,1.0,0.1167165986,0.3253169827,0.1799640605999999,-0.036348611,1.6912546504,,6.6775116461,,0.0,-0.0917247809999999,0.0,0.3587780681,0.3659962311,-0.241894439,1.1873257299,0.2484431393,0.0026902899,-0.015260736,0.0388060363,1.0,0.0007924441,0.0346089393,0.0013921978,0.0059863919,0.2797810917,0.2681283321,5.0,0.0177282016,9.033603e-10,0.0233950131,0.0121252247999999,0.2123249296,0.9562155924,2.6694857000000012e-08,73.0,22.51
2006-11-30,3241732.663,1.0605373726,1.1247395187,-0.1208290259999999,14.63964565,0.0417524754,0.1239762801,0.1414807886,-0.096656003,0.0406331725,-0.402585079,0.2237089188,1.1704707214,0.1344783465,-0.134478347,14.0,-0.023558602,0.4164890854,-1.039200305,0.1753076852,1.0750736565,0.0973651072,0.0696639655,0.0016271732,-0.01004899,-0.0852751259999999,0.0,-0.222954636,0.0,1.160159426,0.9920620465,0.0,0.0,0.0,-0.036451552,-0.00559834,0.4172170078,-0.131311318,0.0795391603,0.0385848355,0.0863407949,0.0076656628,0.3336795795,0.1153398827999999,70.13887760899999,0.0997263187,0.0084794886,-0.524898573,-0.058239999,-0.072007488,-0.026823852,-0.058239999,,0.0776603155,-0.167559397,,-18.39178188,3.0,1.160159426,1.0,0.1167165986,0.3253169827,0.1799640605999999,-0.036348611,1.6912546504,,6.6775116461,,0.0,-0.0917247809999999,0.0,0.3587780681,0.3659962311,-0.241894439,1.3673800654,0.2507505535,0.0082837962,0.0197685781,0.0132182619,2.0,0.0025965795,0.0341553467,0.0045945787,0.0096946553,0.2828436328,0.2658610728,5.0,0.0198732373,5.815167e-10,0.0329776108,0.0120408741,0.5517585666,4.0503345193,1.5165926e-08,73.0,25.55
2006-12-29,3679532.0401,1.101697789,1.2137380182,0.2065229536,15.243151266,0.0413467281,0.1224619542,0.1350510418,0.1018110634999999,0.1503886373,-0.346885799,0.1798394069,1.3501281134,0.1344783465,-0.134478347,14.0,-0.023558602,0.4164890854,-1.046932095,0.1753076852,1.0750736565,0.0973651072,0.0696639655,0.0016271732,-0.01004899,-0.0852751259999999,0.0,-0.222954636,0.0,1.160159426,0.9920620465,0.0,0.0,0.0,-0.036451552,-0.00559834,0.4172170078,-0.131311318,0.0795391603,0.0385848355,0.0863407949,0.0076656628,0.3336795795,0.1153398827999999,70.13887760899999,0.0997263187,0.0084794886,-0.524898573,-0.058239999,-0.072007488,-0.026823852,-0.058239999,,0.0776603155,-0.167559397,,-18.39178188,3.0,1.160159426,1.0,0.1167165986,0.3253169827,0.1799640605999999,-0.036348611,1.6912546504,,6.6775116461,,0.0,-0.0917247809999999,0.0,0.3587780681,0.3659962311,-0.241894439,1.3673800654,0.2507505535,0.0082837962,0.0197685781,0.0132182619,2.0,0.0025965795,0.0341553467,0.0045945787,0.0096946553,0.2828436328,0.2658610728,5.0,0.0182444802,4.804582e-10,0.0993975699,0.0256974754999999,0.7059860223000001,12.947314475,1.0620651000000001e-08,73.0,26.73
2007-01-31,3849467.4241,1.0815052599,1.1696536272,0.4883879565999999,15.792049877,0.0412363678,0.1468367267999999,0.0461839661,0.361214639,0.2736789728,-0.407560569,0.1164592584,1.7235135672,0.1344783465,-0.134478347,14.0,-0.023558602,0.4164890854,-1.0545406940000002,0.1753076852,1.0750736565,0.0973651072,0.0696639655,0.0016271732,-0.01004899,-0.0852751259999999,0.0,-0.222954636,0.0,1.160159426,0.9920620465,0.0,0.0,0.0,-0.036451552,-0.00559834,0.4172170078,-0.131311318,0.0795391603,0.0385848355,0.0863407949,0.0076656628,0.3336795795,0.1153398827999999,70.13887760899999,0.0997263187,0.0084794886,-0.524898573,-0.058239999,-0.072007488,-0.026823852,-0.058239999,,0.0776603155,-0.167559397,,-18.39178188,3.0,1.160159426,1.0,0.1167165986,0.3253169827,0.1799640605999999,-0.036348611,1.6912546504,,6.6775116461,,0.0,-0.0917247809999999,0.0,0.3587780681,0.3659962311,-0.241894439,1.3673800654,0.2507505535,0.0082837962,0.0197685781,0.0132182619,2.0,0.0025965795,0.0341553467,0.0045945787,0.0096946553,0.2828436328,0.2658610728,5.0,0.0194859745,2.329878e-10,0.0204161946,0.0091433541,0.3995052489,4.8035760684,1.1316323e-08,73.0,26.6
2007-02-28,3838220.455,1.0499474309,1.1023896076000002,0.6764451954999999,15.822543248,0.0402351218,0.1052612994,-0.0048634179999999,0.4932961032,0.2089551796,-0.373476902,0.2613706503,1.8010589491,0.1344783465,-0.134478347,14.0,-0.023558602,0.4164890854,-1.009740072,0.1753076852,1.0750736565,0.0973651072,0.0696639655,0.0016271732,-0.01004899,-0.0852751259999999,0.0,-0.222954636,0.0,1.160159426,0.9920620465,0.0,0.0,0.0,-0.036451552,-0.00559834,0.4172170078,-0.131311318,0.0795391603,0.0385848355,0.0863407949,0.0076656628,0.3336795795,0.1153398827999999,70.13887760899999,0.0997263187,0.0084794886,-0.524898573,-0.058239999,-0.072007488,-0.026823852,-0.058239999,,0.0776603155,-0.167559397,,-18.39178188,3.0,1.160159426,1.0,0.1167165986,0.3253169827,0.1799640605999999,-0.036348611,1.6912546504,,6.6775116461,,0.0,-0.0917247809999999,0.0,0.3587780681,0.3659962311,-0.241894439,0.7192482904,0.2475446419,-0.0021922639999999,0.0015197716,0.0123872254,3.0,0.0035416745,0.0169143161,0.0062996725,0.010248591,0.2696140117,0.2773493939,5.0,0.0224040181999999,4.006152e-10,0.0309278145,0.0143963364999999,0.2760284536,2.0262098104,1.44022e-08,73.0,25.58
2007-03-30,3691040.509,1.0704498264,1.1458628309,0.4822152457,15.576678317,0.0399613488,0.1301765302,-0.038345881,0.4029536821,0.2162779864,-0.2616475219999999,0.1366896325,1.6772859325,0.1344783465,-0.134478347,14.0,-0.023558602,0.4164890854,-1.020098702,0.1753076852,1.0750736565,0.0973651072,0.0696639655,0.0016271732,-0.01004899,-0.0852751259999999,0.0,-0.222954636,0.0,1.160159426,0.9920620465,0.0,0.0,0.0,-0.036451552,-0.00559834,0.4172170078,-0.131311318,0.0795391603,0.0385848355,0.0863407949,0.0076656628,0.3336795795,0.1153398827999999,70.13887760899999,0.0997263187,0.0084794886,-0.524898573,-0.058239999,-0.072007488,-0.026823852,-0.058239999,,0.0776603155,-0.167559397,,-18.39178188,3.0,1.160159426,1.0,0.1167165986,0.3253169827,0.1799640605999999,-0.036348611,1.6912546504,,6.6775116461,,0.0,-0.0917247809999999,0.0,0.3587780681,0.3659962311,-0.241894439,0.7192482904,0.2475446419,-0.0021922639999999,0.0015197716,0.0123872254,3.0,0.0035416745,0.0169143161,0.0062996725,0.010248591,0.2696140117,0.2773493939,5.0,0.0224752526,2.953737e-10,0.0191131495,0.0130595122,0.3733827611999999,3.3790078807,1.4247867e-08,73.0,26.23
2007-04-30,3807153.2836,1.0347333477,1.0706731009,0.4477951549,15.601449662,0.0397961023,0.0758699887,0.0254104622,0.2971602915,0.1445190026999999,-0.222067493,0.1294917794,1.6356356702,0.1344783465,-0.134478347,14.0,-0.023558602,0.4164890854,-1.031658095,0.1753076852,1.0750736565,0.0973651072,0.0696639655,0.0016271732,-0.01004899,-0.0852751259999999,0.0,-0.222954636,0.0,1.160159426,0.9920620465,0.0,0.0,0.0,-0.036451552,-0.00559834,0.4172170078,-0.131311318,0.0795391603,0.0385848355,0.0863407949,0.0076656628,0.3336795795,0.1153398827999999,70.13887760899999,0.0997263187,0.0084794886,-0.524898573,-0.058239999,-0.072007488,-0.026823852,-0.058239999,,0.0776603155,-0.167559397,,-18.39178188,3.0,1.160159426,1.0,0.1167165986,0.3253169827,0.1799640605999999,-0.036348611,1.6912546504,,6.6775116461,,0.0,-0.0917247809999999,0.0,0.3587780681,0.3659962311,-0.241894439,0.7192482904,0.2475446419,-0.0021922639999999,0.0015197716,0.0123872254,3.0,0.0035416745,0.0169143161,0.0062996725,0.010248591,0.2696140117,0.2773493939,5.0,0.0196852536,3.5584199999999995e-10,0.0460337362999999,0.0151223802,0.3156576696,2.4835975352,1.1170336e-08,73.0,27.66
2007-05-31,4003425.3979,0.9965620723,0.993135964,0.1976373655999999,15.728571674,0.0379502828,0.0723440849,0.0545177384999999,0.1652598514,0.2015574832,-0.183314612,0.1981644737,1.4967515793,0.0842686411,-0.0842686409999999,15.0,-0.007633053,0.3974337947999999,-1.06065432,,,0.0650688742,0.0520583061,0.0442720044,-0.036525768,-0.041804536,0.0,-0.1532421119999999,0.0,1.026855823,0.8135717333,0.0,0.0,0.0,-0.045752197,0.0078193894,0.4476034287,0.0767914676,0.0753718398,0.0376341387,0.0786375105,0.0027938674,,,201.40636416,0.1243750897,0.0089755211,-0.34587009,-0.114901108,-0.179918498,-0.006366368,-0.114901108,,-0.007101379,0.0212508956,,-7.321477649,6.0,1.026855823,1.0,0.1173853362,0.3390311803999999,0.1874239909,,1.9129001505,,6.6348518065,,0.0,0.1044719844,0.0,0.3462375824,0.3550048753,3.1401653986,4.3552447008,0.2654167026,-0.00414714,-0.0758462209999999,0.1464268303999999,4.0,0.0048998224,0.0107569814999999,0.0087502453,0.0090215944999999,0.2770785268,0.2571092878,6.0,0.0171171201,3.695256e-10,0.0152380811,0.0093378174,0.3155832088,1.6706012627000002,2.0033863000000002e-08,73.0,26.52
2007-06-29,3838425.3063,1.013357577,1.0268935788,-0.212646971,15.293263727,0.0379430258,0.1721739666,-0.041214727,0.0825831949,0.3538913132,-0.309797287,0.2201730073,1.6092777441,0.0842686411,-0.0842686409999999,15.0,-0.007633053,0.3974337947999999,-1.050100843,,,0.0650688742,0.0520583061,0.0442720044,-0.036525768,-0.041804536,0.0,-0.1532421119999999,0.0,1.026855823,0.8135717333,0.0,0.0,0.0,-0.045752197,0.0078193894,0.4476034287,0.0767914676,0.0753718398,0.0376341387,0.0786375105,0.0027938674,,,201.40636416,0.1243750897,0.0089755211,-0.34587009,-0.114901108,-0.179918498,-0.006366368,-0.114901108,,-0.007101379,0.0212508956,,-7.321477649,6.0,1.026855823,1.0,0.1173853362,0.3390311803999999,0.1874239909,,1.9129001505,,6.6348518065,,0.0,0.1044719844,0.0,0.3462375824,0.3550048753,3.1401653986,4.3552447008,0.2654167026,-0.00414714,-0.0758462209999999,0.1464268303999999,4.0,0.0048998224,0.0107569814999999,0.0087502453,0.0090215944999999,0.2770785268,0.2571092878,6.0,0.022658412,3.758838e-10,0.0500197113,0.0265287248,0.6059102852,7.976342129400001,1.0450776e-08,73.0,26.43
2007-07-31,3789031.2738,1.0251633073,1.0509598067,-0.435304245,15.803929882,0.0376324799,0.2328589035,-0.0033936709999999,-0.007856306,0.4128929135,-0.3397819039999999,0.1532135904,1.7097205397,0.0842686411,-0.0842686409999999,15.0,-0.007633053,0.3021630973,-0.407510606,,,0.0650688742,0.0520583061,0.0442720044,-0.036525768,-0.041804536,0.0,-0.1532421119999999,0.0,1.026855823,0.8135717333,0.0,0.0,0.0,-0.045752197,0.0078193894,0.4476034287,0.0767914676,0.0753718398,0.0376341387,0.0786375105,0.0027938674,,,201.40636416,0.1243750897,0.0089755211,-0.34587009,-0.114901108,-0.179918498,-0.006366368,-0.114901108,,-0.007101379,0.0212508956,,-7.321477649,6.0,1.026855823,1.0,0.1173853362,0.3390311803999999,0.1874239909,,1.9129001505,,6.6348518065,,0.0,0.1044719844,0.0,0.3462375824,0.3550048753,3.1401653986,4.3552447008,0.2654167026,-0.00414714,-0.0758462209999999,0.1464268303999999,4.0,0.0048998224,0.0107569814999999,0.0087502453,0.0090215944999999,0.2770785268,0.2571092878,6.0,0.0201225063,2.685962e-10,0.02790346,0.0122176349,0.3563015042,4.2936532652,9.8621043e-09,73.0,24.46
2007-08-31,3513287.5085,0.95962392,0.9208780678,-0.566484752,15.895476143,0.0265221868999999,0.2881323027,-0.074536555,-0.006390979,0.4765363697999999,-0.291089119,0.4994788881,1.8442987036,0.0842686411,-0.0842686409999999,15.0,-0.007633053,0.3021630973,-0.416344774,,,0.0650688742,0.0520583061,0.0442720044,-0.036525768,-0.041804536,0.0,-0.1532421119999999,0.0,1.026855823,0.8135717333,0.0,0.0,0.0,-0.045752197,0.0078193894,0.4476034287,0.0767914676,0.0753718398,0.0376341387,0.0786375105,0.0027938674,,,201.40636416,0.1243750897,0.0089755211,-0.34587009,-0.114901108,-0.179918498,-0.006366368,-0.114901108,,-0.007101379,0.0212508956,,-7.321477649,6.0,1.026855823,1.0,0.1173853362,0.3390311803999999,0.1874239909,,1.9129001505,,6.6348518065,,0.0,0.1044719844,0.0,0.3462375824,0.3550048753,3.1401653986,0.7477726029999999,0.2986711276,0.0014830695999999,0.0251898012,-0.000612445,5.0,0.0108243405,0.0104480914,0.0200805215,0.0104269677,0.2760963533,0.2605734836,6.0,0.021080584,5.183027e-10,0.0260869041,0.0162729299,0.3679262686,2.3003852572,1.3800238999999998e-08,73.0,27.32
2007-09-28,3924080.8362,1.058843949,1.1211505083,-0.281134304,15.482167806,0.0255735802,0.2017202264,0.1169256195,-0.043784237,0.2900844137,0.1879698645,-0.035887074,2.2238698518,0.0842686411,-0.0842686409999999,15.0,-0.007633053,0.3021630973,-0.4231524679999999,,,0.0650688742,0.0520583061,0.0442720044,-0.036525768,-0.041804536,0.0,-0.1532421119999999,0.0,1.026855823,0.8135717333,0.0,0.0,0.0,-0.045752197,0.0078193894,0.4476034287,0.0767914676,0.0753718398,0.0376341387,0.0786375105,0.0027938674,,,201.40636416,0.1243750897,0.0089755211,-0.34587009,-0.114901108,-0.179918498,-0.006366368,-0.114901108,,-0.007101379,0.0212508956,,-7.321477649,6.0,1.026855823,1.0,0.1173853362,0.3390311803999999,0.1874239909,,1.9129001505,,6.6348518065,,0.0,0.1044719844,0.0,0.3462375824,0.3550048753,3.1401653986,0.7477726029999999,0.2986711276,0.0014830695999999,0.0251898012,-0.000612445,5.0,0.0108243405,0.0104480914,0.0200805215,0.0104269677,0.2760963533,0.2605734836,6.0,0.0395034367,4.141746e-10,0.0532544479,0.024677163,0.4690572228,7.1598393227,6.1045194e-09,73.0,27.08
2007-10-31,3924487.7489,1.1300108957,1.2769246243,-0.297716076,16.319196080999998,0.0266036031,0.1622972283,-0.008784764,0.0415554778,0.3853955783,0.2512689741,-0.061520156,1.9178446578,0.0842686411,-0.0842686409999999,15.0,-0.007633053,0.3021630973,-0.32546967,,,0.0650688742,0.0520583061,0.0442720044,-0.036525768,-0.041804536,0.0,-0.1532421119999999,0.0,1.026855823,0.8135717333,0.0,0.0,0.0,-0.045752197,0.0078193894,0.4476034287,0.0767914676,0.0753718398,0.0376341387,0.0786375105,0.0027938674,,,201.40636416,0.1243750897,0.0089755211,-0.34587009,-0.114901108,-0.179918498,-0.006366368,-0.114901108,,-0.007101379,0.0212508956,,-7.321477649,6.0,1.026855823,1.0,0.1173853362,0.3390311803999999,0.1874239909,,1.9129001505,,6.6348518065,,0.0,0.1044719844,0.0,0.3462375824,0.3550048753,3.1401653986,0.7477726029999999,0.2986711276,0.0014830695999999,0.0251898012,-0.000612445,5.0,0.0108243405,0.0104480914,0.0200805215,0.0104269677,0.2760963533,0.2605734836,6.0,0.0191161717999999,3.850887e-10,0.0208017863,0.0111756088999999,0.3196575792,2.1885304585,1.8673881e-08,73.0,28.26
2007-11-30,4136274.9335,1.1001618877,1.2103561791,-0.207095193,15.388884685,0.0267270869,0.1480946455,0.0435746051,-0.020968903,0.203020864,0.3860837850999999,-0.066160083,1.9289834774,0.0842686411,-0.0842686409999999,15.0,-0.007633053,0.3021630973,-0.328114769,,,0.0650688742,0.0520583061,0.0442720044,-0.036525768,-0.041804536,0.0,-0.1532421119999999,0.0,1.026855823,0.8135717333,0.0,0.0,0.0,-0.045752197,0.0078193894,0.4476034287,0.0767914676,0.0753718398,0.0376341387,0.0786375105,0.0027938674,,,201.40636416,0.1243750897,0.0089755211,-0.34587009,-0.114901108,-0.179918498,-0.006366368,-0.114901108,,-0.007101379,0.0212508956,,-7.321477649,6.0,1.026855823,1.0,0.1173853362,0.3390311803999999,0.1874239909,,1.9129001505,,6.6348518065,,0.0,0.1044719844,0.0,0.3462375824,0.3550048753,3.1401653986,2.4876610572,0.3264720094,0.0056211768999999,0.0369939024,-0.1031798469999999,6.0,0.0181323722,0.0108023994999999,0.0325469689,0.0045333678,0.2873627573,0.2710948861,6.0,0.0225799537,4.391109e-10,0.0354081541,0.0155707461,0.3781955832,2.7637071502,1.2458986e-08,73.0,24.61
2007-12-31,3602042.7393,1.066076597,1.1365193106,-0.109985939,15.648920717,0.0270131812,0.1409928821,-0.1291578109999999,0.0656108505999999,0.1060665792,0.4492342873,-0.078170793,1.4627737425,0.0842686411,-0.0842686409999999,15.0,-0.007633053,0.3021630973,-0.331321342,,,0.0650688742,0.0520583061,0.0442720044,-0.036525768,-0.041804536,0.0,-0.1532421119999999,0.0,1.026855823,0.8135717333,0.0,0.0,0.0,-0.045752197,0.0078193894,0.4476034287,0.0767914676,0.0753718398,0.0376341387,0.0786375105,0.0027938674,,,201.40636416,0.1243750897,0.0089755211,-0.34587009,-0.114901108,-0.179918498,-0.006366368,-0.114901108,,-0.007101379,0.0212508956,,-7.321477649,6.0,1.026855823,1.0,0.1173853362,0.3390311803999999,0.1874239909,,1.9129001505,,6.6348518065,,0.0,0.1044719844,0.0,0.3462375824,0.3550048753,3.1401653986,2.4876610572,0.3264720094,0.0056211768999999,0.0369939024,-0.1031798469999999,6.0,0.0181323722,0.0108023994999999,0.0325469689,0.0045333678,0.2873627573,0.2710948861,6.0,0.0295177681,4.966413e-10,0.0207986683,0.0170617089999999,0.477303596,3.1697410902,1.2435952e-08,73.0,25.93
2008-01-31,3809091.1148,1.1370757491,1.2929412591,-0.0076945869999999,15.612974216,0.027681236,0.0199000589,0.0536367185,-0.0688611359999999,-0.079311601,0.3672634572,-0.130971579,1.7599312279,0.0842686411,-0.0842686409999999,15.0,-0.007633053,0.3021630973,-0.333002996,,,0.0650688742,0.0520583061,0.0442720044,-0.036525768,-0.041804536,0.0,-0.1532421119999999,0.0,1.026855823,0.8135717333,0.0,0.0,0.0,-0.045752197,0.0078193894,0.4476034287,0.0767914676,0.0753718398,0.0376341387,0.0786375105,0.0027938674,,,201.40636416,0.1243750897,0.0089755211,-0.34587009,-0.114901108,-0.179918498,-0.006366368,-0.114901108,,-0.007101379,0.0212508956,,-7.321477649,6.0,1.026855823,1.0,0.1173853362,0.3390311803999999,0.1874239909,,1.9129001505,,6.6348518065,,0.0,0.1044719844,0.0,0.3462375824,0.3550048753,3.1401653986,2.4876610572,0.3264720094,0.0056211768999999,0.0369939024,-0.1031798469999999,6.0,0.0181323722,0.0108023994999999,0.0325469689,0.0045333678,0.2873627573,0.2710948861,6.0,0.0244841622,4.2080900000000006e-10,0.0925778001999999,0.0277830829,0.5769988263,5.6539134959,1.0975309e-08,73.0,22.02
2008-02-29,3163459.3258,1.1223912408,1.2597620973,-0.01930349,15.839803523,0.0284918108999999,-0.0065803719999999,-0.150790587,0.0600981617,-0.025187978,0.5647059098,0.0070233232999999,1.9485840904,0.0842686411,-0.0842686409999999,15.0,-0.007633053,0.3021630973,-0.338529884,,,0.0650688742,0.0520583061,0.0442720044,-0.036525768,-0.041804536,0.0,-0.1532421119999999,0.0,1.026855823,0.8135717333,0.0,0.0,0.0,-0.045752197,0.0078193894,0.4476034287,0.0767914676,0.0753718398,0.0376341387,0.0786375105,0.0027938674,,,201.40636416,0.1243750897,0.0089755211,-0.34587009,-0.114901108,-0.179918498,-0.006366368,-0.114901108,,-0.007101379,0.0212508956,,-7.321477649,6.0,1.026855823,1.0,0.1173853362,0.3390311803999999,0.1874239909,,1.9129001505,,6.6348518065,,0.0,0.1044719844,0.0,0.3462375824,0.3550048753,3.1401653986,0.3893473497,0.3235059547,0.0004589952,-0.013149655,0.1061426811,0.0,0.010572079,0.0099230433,0.0189209393,0.0076537997,0.2991170647,0.2760880966,6.0,0.0331317284,5.719477e-10,0.0281210002,0.0250044915,0.4150111673,5.539245566799999,1.0504971e-08,73.0,23.21
2008-03-31,3285561.0504,1.0698890142,1.1446625027,-0.218461157,15.670779746,0.0295255999,-0.114476125,0.0540417172,-0.193997056,-0.1391712169999999,0.4132596352,0.0143368345,2.1077664383,0.0842686411,-0.0842686409999999,15.0,-0.007633053,0.3021630973,-0.3393613889999999,,,0.0650688742,0.0520583061,0.0442720044,-0.036525768,-0.041804536,0.0,-0.1532421119999999,0.0,1.026855823,0.8135717333,0.0,0.0,0.0,-0.045752197,0.0078193894,0.4476034287,0.0767914676,0.0753718398,0.0376341387,0.0786375105,0.0027938674,,,201.40636416,0.1243750897,0.0089755211,-0.34587009,-0.114901108,-0.179918498,-0.006366368,-0.114901108,,-0.007101379,0.0212508956,,-7.321477649,6.0,1.026855823,1.0,0.1173853362,0.3390311803999999,0.1874239909,,1.9129001505,,6.6348518065,,0.0,0.1044719844,0.0,0.3462375824,0.3550048753,3.1401653986,0.3893473497,0.3235059547,0.0004589952,-0.013149655,0.1061426811,0.0,0.010572079,0.0099230433,0.0189209393,0.0076537997,0.2991170647,0.2760880966,6.0,0.0307334019,4.722395e-10,0.0345140882,0.0187778731,0.3268216382,4.6817761193,9.9570773e-09,73.0,22.71
2008-04-30,3222185.5101,1.0050370965,1.0100995654,-0.193779407,15.804466555,0.02974387,-0.147004429,-0.021542439,-0.142909939,-0.115135371,0.4491712157,0.0184166539999999,2.0768997432,0.0842686411,-0.0842686409999999,15.0,-0.007633053,0.3021630973,-0.345888991,,,0.0650688742,0.0520583061,0.0442720044,-0.036525768,-0.041804536,0.0,-0.1532421119999999,0.0,1.026855823,0.8135717333,0.0,0.0,0.0,-0.045752197,0.0078193894,0.4476034287,0.0767914676,0.0753718398,0.0376341387,0.0786375105,0.0027938674,,,201.40636416,0.1243750897,0.0089755211,-0.34587009,-0.114901108,-0.179918498,-0.006366368,-0.114901108,,-0.007101379,0.0212508956,,-7.321477649,6.0,1.026855823,1.0,0.1173853362,0.3390311803999999,0.1874239909,,1.9129001505,,6.6348518065,,0.0,0.1044719844,0.0,0.3462375824,0.3550048753,3.1401653986,0.3893473497,0.3235059547,0.0004589952,-0.013149655,0.1061426811,0.0,0.010572079,0.0099230433,0.0189209393,0.0076537997,0.2991170647,0.2760880966,6.0,0.0295266007,5.170838e-10,0.0358126162999999,0.0191539012999999,0.2325719805999999,2.1764577835,1.1157685e-08,73.0,23.11
2008-05-30,3275981.2465,1.0226015446,1.045713919,-0.203928362,15.658300406,0.0297934243,-0.186923027,0.0176134537999999,-0.196390707,-0.178958822,0.6824816886,-0.023965099,1.8646477045,0.1269013241,-0.126901324,16.0,-0.2129531539999999,0.373140708,-0.280463703,,,0.1047991274,0.0659456928,0.012695043,0.041239827,-0.171625525,0.0,-0.02251074,0.0,1.2875277865,0.7883229945999999,0.0,0.0,0.0,0.2348983422,0.0315479515,0.4891728789,0.0258705781999999,0.0399613919,0.0387557636,0.0128654971,-0.037223182,,,826.5693721,0.1537970458,0.008554894,1753.7114435,0.2538544922,-0.031034435,-0.005498531,0.2538544922,,0.0988205009999999,0.0811889129,,-2.321899595,5.0,1.2875277865,0.0,0.0924554119999999,0.3154068269,0.2519005158,,1.2316169487000002,,7.2853777978,,0.0,0.1067116360999999,0.0,0.2931306621,0.4485456726,0.0288435475,0.3893473497,0.3235059547,0.0004589952,-0.013149655,0.1061426811,0.0,0.010572079,0.0099230433,0.0189209393,0.0076537997,0.2991170647,0.2760880966,6.0,0.0274356247,8.654832e-10,0.0442114547,0.0220192079,0.2834116424,1.7883783148,1.4101364e-08,73.0,26.35
2008-06-30,3735270.6541,1.0368829504,1.0751262528,0.1427240646,15.346748012,0.0292769957,-0.190770558,0.1401990353999999,-0.060950837,-0.128582204,0.4676259547,0.0507370012,1.742233133,0.1269013241,-0.126901324,16.0,-0.2129531539999999,0.373140708,-0.285526855,,,0.1047991274,0.0659456928,0.012695043,0.041239827,-0.171625525,0.0,-0.02251074,0.0,1.2875277865,0.7883229945999999,0.0,0.0,0.0,0.2348983422,0.0315479515,0.4891728789,0.0258705781999999,0.0399613919,0.0387557636,0.0128654971,-0.037223182,,,826.5693721,0.1537970458,0.008554894,1753.7650130999998,0.2538544922,-0.031034435,-0.005498531,0.2538544922,,0.0988205009999999,0.0811889129,,-2.321899595,5.0,1.2875277865,0.0,0.0924554119999999,0.3154068269,0.2519005158,,1.2316169487000002,,7.2853777978,,0.0,0.1067116360999999,0.0,0.2931306621,0.4485456726,0.0288435475,1.404478119,0.3761277207,0.000152932,0.0229409834,0.1367755597,1.0,0.0167060006,0.0095892677,0.0311194237,0.0076999233999999,0.3105837056,0.2894640351,6.0,0.0262728004,4.477743e-10,0.0473876074,0.0152768167999999,0.5615352446,5.7746249349,1.1237581000000002e-08,73.0,23.91
2008-07-31,3387968.3459,1.078084646,1.162266504,-0.059369825,15.75062066,0.0292805729999999,-0.170487093,-0.092979155,0.0161974531,-0.0030268709999999,0.5854829266,-0.022169042,1.8633824312,0.1269013241,-0.126901324,16.0,-0.2129531539999999,0.377095994,-0.347074167,,,0.1047991274,0.0659456928,0.012695043,0.041239827,-0.171625525,0.0,-0.02251074,0.0,1.2875277865,0.7883229945999999,0.0,0.0,0.0,0.2348983422,0.0315479515,0.4891728789,0.0258705781999999,0.0399613919,0.0387557636,0.0128654971,-0.037223182,,,826.5693721,0.1537970458,0.008554894,1753.8263305,0.2538544922,-0.031034435,-0.005498531,0.2538544922,,0.0988205009999999,0.0811889129,,-2.321899595,5.0,1.2875277865,0.0,0.0924554119999999,0.3154068269,0.2519005158,,1.2316169487000002,,7.2853777978,,0.0,0.1067116360999999,0.0,0.2931306621,0.4485456726,0.0288435475,1.404478119,0.3761277207,0.000152932,0.0229409834,0.1367755597,1.0,0.0167060006,0.0095892677,0.0311194237,0.0076999233999999,0.3105837056,0.2894640351,6.0,0.0204621587,3.188014e-10,0.0298384279,0.0129538396999999,0.361776857,4.6058262762,8.8091485e-09,73.0,24.02
2008-08-29,3431112.9454,1.0732469643,1.1518590464,0.1905811823,15.897660961,0.0284177210999999,-0.203611783,0.0050209556,0.0853768907,-0.022894515,0.3214478172,0.0357651086,2.1828684906,0.1269013241,-0.126901324,16.0,-0.2129531539999999,0.377095994,-0.353526268,,,0.1047991274,0.0659456928,0.012695043,0.041239827,-0.171625525,0.0,-0.02251074,0.0,1.2875277865,0.7883229945999999,0.0,0.0,0.0,0.2348983422,0.0315479515,0.4891728789,0.0258705781999999,0.0399613919,0.0387557636,0.0128654971,-0.037223182,,,826.5693721,0.1537970458,0.008554894,1753.8263305,0.2538544922,-0.031034435,-0.005498531,0.2538544922,,0.0988205009999999,0.0811889129,,-2.321899595,5.0,1.2875277865,0.0,0.0924554119999999,0.3154068269,0.2519005158,,1.2316169487000002,,7.2853777978,,0.0,0.1067116360999999,0.0,0.2931306621,0.4485456726,0.0288435475,0.9158051901,0.3490304361,0.0040975251,-0.00190153,0.0216347612,2.0,0.0177451356,0.0098486954,0.0323344656,0.0048222527,0.2962906227,0.285820635,6.0,0.0228660049,3.710167e-10,0.0194256362,0.0116723831,0.5655555542,7.0818381045,8.3669036e-09,73.0,21.53
2008-09-30,3075431.4181,1.0410750899,1.0838373427,0.0780567465,15.906701306,0.028842765,-0.203614204,-0.103663601,0.034898811,-0.120790614,0.4378947361999999,-0.034057367,2.3999934661,0.1269013241,-0.126901324,16.0,-0.2129531539999999,0.377095994,-0.3557298229999999,,,0.1047991274,0.0659456928,0.012695043,0.041239827,-0.171625525,0.0,-0.02251074,0.0,1.2875277865,0.7883229945999999,0.0,0.0,0.0,0.2348983422,0.0315479515,0.4891728789,0.0258705781999999,0.0399613919,0.0387557636,0.0128654971,-0.037223182,,,826.5693721,0.1537970458,0.008554894,1753.8263305,0.2538544922,-0.031034435,-0.005498531,0.2538544922,,0.0988205009999999,0.0811889129,,-2.321899595,5.0,1.2875277865,0.0,0.0924554119999999,0.3154068269,0.2519005158,,1.2316169487000002,,7.2853777978,,0.0,0.1067116360999999,0.0,0.2931306621,0.4485456726,0.0288435475,0.9158051901,0.3490304361,0.0040975251,-0.00190153,0.0216347612,2.0,0.0177451356,0.0098486954,0.0323344656,0.0048222527,0.2962906227,0.285820635,6.0,0.0298812008,4.856743e-10,0.0360515079999999,0.0310130398,0.4646084713,9.479212919,8.3629428e-09,73.0,19.95
2008-10-31,2849737.909,1.0603501257,1.1243423891,0.0398414529,15.851700675,0.029547931,-0.207158031,-0.073385969,-0.05195942,-0.204948283,0.4328042738,-0.019101349,2.4747436277,0.1269013241,-0.126901324,16.0,-0.2129531539999999,0.377095994,-0.382315329,,,0.1047991274,0.0659456928,0.012695043,0.041239827,-0.171625525,0.0,-0.02251074,0.0,1.2875277865,0.7883229945999999,0.0,0.0,0.0,0.2348983422,0.0315479515,0.4891728789,0.0258705781999999,0.0399613919,0.0387557636,0.0128654971,-0.037223182,,,826.5693721,0.1537970458,0.008554894,1753.8263305,0.2538544922,-0.031034435,-0.005498531,0.2538544922,,0.0988205009999999,0.0811889129,,-2.321899595,5.0,1.2875277865,0.0,0.0924554119999999,0.3154068269,0.2519005158,,1.2316169487000002,,7.2853777978,,0.0,0.1067116360999999,0.0,0.2931306621,0.4485456726,0.0288435475,0.9158051901,0.3490304361,0.0040975251,-0.00190153,0.0216347612,2.0,0.0177451356,0.0098486954,0.0323344656,0.0048222527,0.2962906227,0.285820635,6.0,0.0349718421,5.926928e-10,0.0547263846,0.0268459399,0.1960128829,2.3203688576,8.2924426e-09,73.0,18.28
2008-11-28,2591848.1774,1.0442697206,1.0904992494,-0.026764056,15.786571692,0.0294626185,-0.330494571,-0.083709277,-0.136737333,-0.29405519,0.4912928446,-0.0026858409999999,2.4963701165,0.1269013241,-0.126901324,16.0,-0.2129531539999999,0.377095994,-0.354737753,,,0.1047991274,0.0659456928,0.012695043,0.041239827,-0.171625525,0.0,-0.02251074,0.0,1.2875277865,0.7883229945999999,0.0,0.0,0.0,0.2348983422,0.0315479515,0.4891728789,0.0258705781999999,0.0399613919,0.0387557636,0.0128654971,-0.037223182,,,826.5693721,0.1537970458,0.008554894,1753.8263305,0.2538544922,-0.031034435,-0.005498531,0.2538544922,,0.0988205009999999,0.0811889129,,-2.321899595,5.0,1.2875277865,0.0,0.0924554119999999,0.3154068269,0.2519005158,,1.2316169487000002,,7.2853777978,,0.0,0.1067116360999999,0.0,0.2931306621,0.4485456726,0.0288435475,0.9270188925,0.3363969189,-0.002148018,0.009480691,0.0318254523,0.0,0.0159793352,0.0100213265,0.0273534889999999,0.0096535964,0.3142590266,0.3015997921,6.0,0.0664918404,1.1846437e-09,0.1144578084,0.0390920096,0.2717625682,3.2347719841000004,7.8465799e-09,73.0,16.03
2008-12-31,2272829.6774,0.964140435,0.9295667785,-0.46235379,15.660553528,0.0298444984,-0.4267394679999999,-0.123085335,-0.306261847,-0.257212513,0.2577105549,0.0282208135,2.3072185909000003,0.1269013241,-0.126901324,16.0,-0.2129531539999999,0.377095994,-0.355383377,,,0.1047991274,0.0659456928,0.012695043,0.041239827,-0.171625525,0.0,-0.02251074,0.0,1.2875277865,0.7883229945999999,0.0,0.0,0.0,0.2348983422,0.0315479515,0.4891728789,0.0258705781999999,0.0399613919,0.0387557636,0.0128654971,-0.037223182,,,826.5693721,0.1537970458,0.008554894,1753.8263305,0.2538544922,-0.031034435,-0.005498531,0.2538544922,,0.0988205009999999,0.0811889129,,-2.321899595,5.0,1.2875277865,0.0,0.0924554119999999,0.3154068269,0.2519005158,,1.2316169487000002,,7.2853777978,,0.0,0.1067116360999999,0.0,0.2931306621,0.4485456726,0.0288435475,0.9270188925,0.3363969189,-0.002148018,0.009480691,0.0318254523,0.0,0.0159793352,0.0100213265,0.0273534889999999,0.0096535964,0.3142590266,0.3015997921,6.0,0.0594402475999999,1.1925861e-09,0.0566535294,0.034821519,0.3943472474,3.9487765446,1.1798932e-08,73.0,18.52
2009-01-30,2629395.585,0.8226796838,0.6768018620999999,-0.146816847,15.305165631,0.0303800392,-0.485338269,0.1553337276,-0.329288667,-0.3817971329999999,0.292622189,0.0226625385,2.3921977326,0.1269013241,-0.126901324,16.0,-0.2129531539999999,0.377095994,-0.35335326,,,0.1047991274,0.0659456928,0.012695043,0.041239827,-0.171625525,0.0,-0.02251074,0.0,1.2875277865,0.7883229945999999,0.0,0.0,0.0,0.2348983422,0.0315479515,0.4891728789,0.0258705781999999,0.0399613919,0.0387557636,0.0128654971,-0.037223182,,,826.5693721,0.1537970458,0.008554894,1753.8263305,0.2538544922,-0.031034435,-0.005498531,0.2538544922,,0.0988205009999999,0.0811889129,,-2.321899595,5.0,1.2875277865,0.0,0.0924554119999999,0.3154068269,0.2519005158,,1.2316169487000002,,7.2853777978,,0.0,0.1067116360999999,0.0,0.2931306621,0.4485456726,0.0288435475,0.9270188925,0.3363969189,-0.002148018,0.009480691,0.0318254523,0.0,0.0159793352,0.0100213265,0.0273534889999999,0.0096535964,0.3142590266,0.3015997921,6.0,0.046619225,9.718057e-10,0.1153081357,0.0366964019,0.6330479599000001,7.895202295900001,7.121257e-09,73.0,18.5
2009-02-27,2627185.0,0.8045999624,0.6473810995,-0.320635031,15.808659429,0.0313766102,-0.413474894,-0.001079938,-0.228975853,-0.158946413,-0.004070567,0.0156384255,2.281261883,0.1269013241,-0.126901324,16.0,-0.2129531539999999,0.377095994,-0.3539593789999999,,,0.1047991274,0.0659456928,0.012695043,0.041239827,-0.171625525,0.0,-0.02251074,0.0,1.2875277865,0.7883229945999999,0.0,0.0,0.0,0.2348983422,0.0315479515,0.4891728789,0.0258705781999999,0.0399613919,0.0387557636,0.0128654971,-0.037223182,,,826.5693721,0.1537970458,0.008554894,1753.8263305,0.2538544922,-0.031034435,-0.005498531,0.2538544922,,0.0988205009999999,0.0811889129,,-2.321899595,5.0,1.2875277865,0.0,0.0924554119999999,0.3154068269,0.2519005158,,1.2316169487000002,,7.2853777978,,0.0,0.1067116360999999,0.0,0.2931306621,0.4485456726,0.0288435475,1.477709902,0.3298737014,-0.005597451,0.0111139295,-0.105055144,1.0,0.0237634657,0.0105106004,0.0402480858,0.0116667686,0.3358053306,0.314898099,6.0,0.0295455058999999,5.881764e-10,0.0248414016999999,0.0177067406,0.3098626895,3.0761174619,1.0389583e-08,73.0,18.63
2009-03-31,2645646.1808,0.7921830668000001,0.6275540113,-0.062313319,15.525732098,0.0312304151,-0.4220958379999999,0.0070269816,-0.140733893,-0.202929744,0.0612710615,0.015873979,2.3341629716,0.1269013241,-0.126901324,16.0,-0.2129531539999999,0.377095994,-0.35539166,,,0.1047991274,0.0659456928,0.012695043,0.041239827,-0.171625525,0.0,-0.02251074,0.0,1.2875277865,0.7883229945999999,0.0,0.0,0.0,0.2348983422,0.0315479515,0.4891728789,0.0258705781999999,0.0399613919,0.0387557636,0.0128654971,-0.037223182,,,826.5693721,0.1537970458,0.008554894,1753.8263305,0.2538544922,-0.031034435,-0.005498531,0.2538544922,,0.0988205009999999,0.0811889129,,-2.321899595,5.0,1.2875277865,0.0,0.0924554119999999,0.3154068269,0.2519005158,,1.2316169487000002,,7.2853777978,,0.0,0.1067116360999999,0.0,0.2931306621,0.4485456726,0.0288435475,1.477709902,0.3298737014,-0.005597451,0.0111139295,-0.105055144,1.0,0.0237634657,0.0105106004,0.0402480858,0.0116667686,0.3358053306,0.314898099,6.0,0.0339624154,6.507833e-10,0.0744565725,0.0275138335,0.3451770911999999,4.5640791293000005,1.0574642e-08,73.0,20.73
2009-04-30,2973428.2143,0.7828879592,0.6129135567,0.1606299735,15.566604054,0.0317525785,-0.4371483439999999,0.1127214432,-0.0661654959999999,-0.179656547,0.0161073216,0.0082497136,2.1267467840000003,0.1269013241,-0.126901324,16.0,-0.2129531539999999,0.377095994,-0.353978331,,,0.1047991274,0.0659456928,0.012695043,0.041239827,-0.171625525,0.0,-0.02251074,0.0,1.2875277865,0.7883229945999999,0.0,0.0,0.0,0.2348983422,0.0315479515,0.4891728789,0.0258705781999999,0.0399613919,0.0387557636,0.0128654971,-0.037223182,,,826.5693721,0.1537970458,0.008554894,1753.8263305,0.2538544922,-0.031034435,-0.005498531,0.2538544922,,0.0988205009999999,0.0811889129,,-2.321899595,5.0,1.2875277865,0.0,0.0924554119999999,0.3154068269,0.2519005158,,1.2316169487000002,,7.2853777978,,0.0,0.1067116360999999,0.0,0.2931306621,0.4485456726,0.0288435475,1.477709902,0.3298737014,-0.005597451,0.0111139295,-0.105055144,1.0,0.0237634657,0.0105106004,0.0402480858,0.0116667686,0.3358053306,0.314898099,6.0,0.0304789977999999,7.569192e-10,0.0550411344,0.0249435523,0.2689382996,2.7338047903,9.1391917e-09,73.0,21.78
2009-05-29,3138977.259,0.7679340292,0.5897226731,0.4004665018,15.68034158,0.031869889,-0.403115135,0.0506512858,0.1340261899,-0.102985768,0.0586349345,-0.001815532,1.9745007702,0.0526548025,-0.052654802,17.0,-0.0478123379999999,0.403411983,-0.330148391,,,0.127742055,0.11505469,-0.040477641,-0.031284802,-0.1060151719999999,0.0,-0.288871472,0.0,1.4546916719,0.6678062128,0.0,0.0,0.0,0.0640340074,0.0732982776,0.4409749299,-0.197932358,0.0296786363,0.0400977124,0.0952655889,0.0130453205,,,287.60182727,0.2087694329,0.0079228062,-0.499887396,0.1298332255,-0.152877415,-0.009226681,0.1298332255,,-0.082394148,0.1041742394999999,,-0.742770215,6.0,1.4546916719,0.0,0.1541552543,0.2988493969,0.2620016905,,1.4053921945,,6.7788453738,,0.0,0.1026681919,0.0,0.5158292302,0.4265987567,-1.142058896,1.477709902,0.3298737014,-0.005597451,0.0111139295,-0.105055144,1.0,0.0237634657,0.0105106004,0.0402480858,0.0116667686,0.3358053306,0.314898099,6.0,0.0257129506999999,6.413882e-10,0.0318225585,0.0175477715,0.2914250667,2.2885520681,1.2823994e-08,73.0,19.48
2009-06-30,2807496.494,0.7492669609999999,0.5614009789,0.606872217,15.440227844,0.0319894461,-0.348179534,-0.105601519,0.3587024165,-0.173434526,0.2897699383,0.0148032449,1.9909108145,0.0526548025,-0.052654802,17.0,-0.0478123379999999,0.403411983,-0.331613912,,,0.127742055,0.11505469,-0.040477641,-0.031284802,-0.1060151719999999,0.0,-0.288871472,0.0,1.4546916719,0.6678062128,0.0,0.0,0.0,0.0640340074,0.0732982776,0.4409749299,-0.197932358,0.0296786363,0.0400977124,0.0952655889,0.0130453205,,,287.60182727,0.2087694329,0.0079228062,-0.499887396,0.1298332255,-0.152877415,-0.009226681,0.1298332255,,-0.082394148,0.1041742394999999,,-0.742770215,6.0,1.4546916719,0.0,0.1541552543,0.2988493969,0.2620016905,,1.4053921945,,6.7788453738,,0.0,0.1026681919,0.0,0.5158292302,0.4265987567,-1.142058896,1.3037630969,0.3468764379999999,0.0011985465,0.0429956399,0.1306127068,0.0,0.0174499794,0.0094714675,0.0303168314,0.01449622,0.2906491817,0.2940725242,6.0,0.0309529165,4.658460000000001e-10,0.0305381045,0.0275421000999999,0.4227435043999999,8.5308338308,9.9587364e-09,73.0,19.51
2009-07-31,2812639.673,0.696617928,0.4852765376,0.2785602837,15.634697416,0.0335358965,-0.226970087,0.0015400763,0.0518358012,-0.18493725,0.2733084131,0.0176791675,1.9999514883,0.0526548025,-0.052654802,17.0,-0.0478123379999999,0.5844054081000001,-1.099978453,,,0.127742055,0.11505469,-0.040477641,-0.031284802,-0.1060151719999999,0.0,-0.288871472,0.0,1.4546916719,0.6678062128,0.0,0.0,0.0,0.0640340074,0.0732982776,0.4409749299,-0.197932358,0.0296786363,0.0400977124,0.0952655889,0.0130453205,,,287.60182727,0.2087694329,0.0079228062,-0.499887396,0.1298332255,-0.152877415,-0.009226681,0.1298332255,,-0.082394148,0.1041742394999999,,-0.742770215,6.0,1.4546916719,0.0,0.1541552543,0.2988493969,0.2620016905,,1.4053921945,,6.7788453738,,0.0,0.1026681919,0.0,0.5158292302,0.4265987567,-1.142058896,1.3037630969,0.3468764379999999,0.0011985465,0.0429956399,0.1306127068,0.0,0.0174499794,0.0094714675,0.0303168314,0.01449622,0.2906491817,0.2940725242,6.0,0.0242037661,4.258108e-10,0.0330137871,0.0151173145,0.3672827829,4.9215085565,9.0699469e-09,73.0,19.98
2009-08-31,2883014.0339,0.6873997733,0.4725184484,0.3098084854,15.634655645,0.0336034096,-0.178399022,0.0240901746,0.0545946057,-0.187760211,0.3418994871999999,0.0329493402,2.1748339628,0.0526548025,-0.052654802,17.0,-0.0478123379999999,0.5844054081000001,-1.130922012,,,0.127742055,0.11505469,-0.040477641,-0.031284802,-0.1060151719999999,0.0,-0.288871472,0.0,1.4546916719,0.6678062128,0.0,0.0,0.0,0.0640340074,0.0732982776,0.4409749299,-0.197932358,0.0296786363,0.0400977124,0.0952655889,0.0130453205,,,287.60182727,0.2087694329,0.0079228062,-0.499887396,0.1298332255,-0.152877415,-0.009226681,0.1298332255,,-0.082394148,0.1041742394999999,,-0.742770215,6.0,1.4546916719,0.0,0.1541552543,0.2988493969,0.2620016905,,1.4053921945,,6.7788453738,,0.0,0.1026681919,0.0,0.5158292302,0.4265987567,-1.142058896,0.616441369,0.3194502282999999,0.0014272552,-0.027146615,0.0181623758,1.0,0.0191173822,0.0088612995,0.0343038438,0.0092456374,0.223560857,0.2537727569,6.0,0.0222059914999999,3.479811e-10,0.0378666185,0.0144225817,0.3033131155,3.4272713994,9.2841103e-09,73.0,21.23
2009-09-30,3063382.7839,0.6844639418,0.4684908877,0.2742557191,15.635203516,0.0335406689,-0.13837226,0.0625625625,0.0724637906,-0.071992627,0.1355486094,0.0332900966,2.0219497468000003,0.0526548025,-0.052654802,17.0,-0.0478123379999999,0.5844054081000001,-1.131405976,,,0.127742055,0.11505469,-0.040477641,-0.031284802,-0.1060151719999999,0.0,-0.288871472,0.0,1.4546916719,0.6678062128,0.0,0.0,0.0,0.0640340074,0.0732982776,0.4409749299,-0.197932358,0.0296786363,0.0400977124,0.0952655889,0.0130453205,,,287.60182727,0.2087694329,0.0079228062,-0.499887396,0.1298332255,-0.152877415,-0.009226681,0.1298332255,,-0.082394148,0.1041742394999999,,-0.742770215,6.0,1.4546916719,0.0,0.1541552543,0.2988493969,0.2620016905,,1.4053921945,,6.7788453738,,0.0,0.1026681919,0.0,0.5158292302,0.4265987567,-1.142058896,0.616441369,0.3194502282999999,0.0014272552,-0.027146615,0.0181623758,1.0,0.0191173822,0.0088612995,0.0343038438,0.0092456374,0.223560857,0.2537727569,6.0,0.0223308335,5.021075e-10,0.0275413711,0.0145265053,0.3701944274,3.5769745044,1.1599157e-08,73.0,22.42
2009-10-30,3267535.6511,0.6851098742,0.4693755397,0.0424267075999999,15.520650892,0.0335261981,0.0421556009999999,0.0560527816,0.0241196308,0.0641603295,0.011663353,0.0276865568,2.0635861490000003,0.0526548025,-0.052654802,17.0,-0.0478123379999999,0.5844054081000001,-0.961875511,,,0.127742055,0.11505469,-0.040477641,-0.031284802,-0.1060151719999999,0.0,-0.288871472,0.0,1.4546916719,0.6678062128,0.0,0.0,0.0,0.0640340074,0.0732982776,0.4409749299,-0.197932358,0.0296786363,0.0400977124,0.0952655889,0.0130453205,,,287.60182727,0.2087694329,0.0079228062,-0.499887396,0.1298332255,-0.152877415,-0.009226681,0.1298332255,,-0.082394148,0.1041742394999999,,-0.742770215,6.0,1.4546916719,0.0,0.1541552543,0.2988493969,0.2620016905,,1.4053921945,,6.7788453738,,0.0,0.1026681919,0.0,0.5158292302,0.4265987567,-1.142058896,0.616441369,0.3194502282999999,0.0014272552,-0.027146615,0.0181623758,1.0,0.0191173822,0.0088612995,0.0343038438,0.0092456374,0.223560857,0.2537727569,6.0,0.0184483597,2.576684e-10,0.0257879179,0.011550902,0.2159589304,2.4256987301,8.8725581e-09,73.0,22.0
2009-11-30,3235728.9673,0.6776339123999999,0.4591877192,-0.180446804,15.85171502,0.0335699455,0.4840835159,-0.017841196,0.0293847249,0.2264769773999999,-0.187916473,0.0251117524,2.0275658693,0.0526548025,-0.052654802,17.0,-0.0478123379999999,0.5844054081000001,-0.963782574,,,0.127742055,0.11505469,-0.040477641,-0.031284802,-0.1060151719999999,0.0,-0.288871472,0.0,1.4546916719,0.6678062128,0.0,0.0,0.0,0.0640340074,0.0732982776,0.4409749299,-0.197932358,0.0296786363,0.0400977124,0.0952655889,0.0130453205,,,287.60182727,0.2087694329,0.0079228062,-0.499887396,0.1298332255,-0.152877415,-0.009226681,0.1298332255,,-0.082394148,0.1041742394999999,,-0.742770215,6.0,1.4546916719,0.0,0.1541552543,0.2988493969,0.2620016905,,1.4053921945,,6.7788453738,,0.0,0.1026681919,0.0,0.5158292302,0.4265987567,-1.142058896,1.7770012877,0.3252338327,0.0025199997,-0.0260190129999999,-0.0853475,0.0,0.0183140931,0.0084096969,0.0301025799,0.0039127395,0.2400788355999999,0.2705172845,6.0,0.0174069611,3.271497e-10,0.016350016,0.0123177204,0.2390556901,2.3177944971,9.8994205e-09,73.0,22.47
2009-12-31,3301854.0491,0.6860705754,0.4706928344,-0.061730627,15.679633276,0.0317548033999999,0.6809422286,0.0204359143999999,0.1303901924,0.3736743261,-0.372602704,0.0843269398,2.0089997792,0.0526548025,-0.052654802,17.0,-0.0478123379999999,0.5844054081000001,-0.957368204,,,0.127742055,0.11505469,-0.040477641,-0.031284802,-0.1060151719999999,0.0,-0.288871472,0.0,1.4546916719,0.6678062128,0.0,0.0,0.0,0.0640340074,0.0732982776,0.4409749299,-0.197932358,0.0296786363,0.0400977124,0.0952655889,0.0130453205,,,287.60182727,0.2087694329,0.0079228062,-0.499887396,0.1298332255,-0.152877415,-0.009226681,0.1298332255,,-0.082394148,0.1041742394999999,,-0.742770215,6.0,1.4546916719,0.0,0.1541552543,0.2988493969,0.2620016905,,1.4053921945,,6.7788453738,,0.0,0.1026681919,0.0,0.5158292302,0.4265987567,-1.142058896,1.7770012877,0.3252338327,0.0025199997,-0.0260190129999999,-0.0853475,0.0,0.0183140931,0.0084096969,0.0301025799,0.0039127395,0.2400788355999999,0.2705172845,6.0,0.0174088195,3.619993e-10,0.0261640883999999,0.0119611392,0.3760737253,3.9473940023,1.2973638e-08,73.0,22.28
2010-01-29,3262037.1805,0.689298909,0.475132986,0.0885227832,15.532421087,0.0321441299,0.6815031665000001,-0.008455658,0.1517170174,0.2132828667,-0.307145512,0.0204909372,2.1895448921000003,0.0526548025,-0.052654802,17.0,-0.0478123379999999,0.5844054081000001,-0.954090678,,,0.127742055,0.11505469,-0.040477641,-0.031284802,-0.1060151719999999,0.0,-0.288871472,0.0,1.4546916719,0.6678062128,0.0,0.0,0.0,0.0640340074,0.0732982776,0.4409749299,-0.197932358,0.0296786363,0.0400977124,0.0952655889,0.0130453205,,,287.60182727,0.2087694329,0.0079228062,-0.499887396,0.1298332255,-0.152877415,-0.009226681,0.1298332255,,-0.082394148,0.1041742394999999,,-0.742770215,6.0,1.4546916719,0.0,0.1541552543,0.2988493969,0.2620016905,,1.4053921945,,6.7788453738,,0.0,0.1026681919,0.0,0.5158292302,0.4265987567,-1.142058896,1.7770012877,0.3252338327,0.0025199997,-0.0260190129999999,-0.0853475,0.0,0.0183140931,0.0084096969,0.0301025799,0.0039127395,0.2400788355999999,0.2705172845,6.0,0.016257846,2.055462e-10,0.0248327850999999,0.0167061588,0.4652884229999999,7.8004363465,6.9398344e-09,73.0,21.27
2010-02-26,3116990.9471,0.6838290285999999,0.4676221404,-0.0154353639999999,16.056213044,0.0330062454999999,0.8379691773000001,-0.045332145,0.1151151726,0.2043243573,-0.3045112989999999,0.0246673153,2.1661844452000003,0.0526548025,-0.052654802,17.0,-0.0478123379999999,0.5844054081000001,-0.944522678,,,0.127742055,0.11505469,-0.040477641,-0.031284802,-0.1060151719999999,0.0,-0.288871472,0.0,1.4546916719,0.6678062128,0.0,0.0,0.0,0.0640340074,0.0732982776,0.4409749299,-0.197932358,0.0296786363,0.0400977124,0.0952655889,0.0130453205,,,287.60182727,0.2087694329,0.0079228062,-0.499887396,0.1298332255,-0.152877415,-0.009226681,0.1298332255,,-0.082394148,0.1041742394999999,,-0.742770215,6.0,1.4546916719,0.0,0.1541552543,0.2988493969,0.2620016905,,1.4053921945,,6.7788453738,,0.0,0.1026681919,0.0,0.5158292302,0.4265987567,-1.142058896,0.6249966543,0.3761762686,0.0089538475,0.017947073,0.0553793861,0.0,0.0175946227,0.0084963994,0.0280032539,0.0003638553,0.2729698631,0.3010665376999999,6.0,0.0152999725,2.634724e-10,0.0109190075,0.009267415,0.3093306795,3.0706328314,1.1927918e-08,73.0,21.9
2010-03-31,3209313.5441,0.6806644270000001,0.4633040622,-0.108000755,15.609290616,0.032566521,0.933465451,0.0296191424,0.001884169,0.141706997,-0.271696681,0.0247027661,2.2080838323,0.0526548025,-0.052654802,17.0,-0.0478123379999999,0.5844054081000001,-0.956556462,,,0.127742055,0.11505469,-0.040477641,-0.031284802,-0.1060151719999999,0.0,-0.288871472,0.0,1.4546916719,0.6678062128,0.0,0.0,0.0,0.0640340074,0.0732982776,0.4409749299,-0.197932358,0.0296786363,0.0400977124,0.0952655889,0.0130453205,,,287.60182727,0.2087694329,0.0079228062,-0.499887396,0.1298332255,-0.152877415,-0.009226681,0.1298332255,,-0.082394148,0.1041742394999999,,-0.742770215,6.0,1.4546916719,0.0,0.1541552543,0.2988493969,0.2620016905,,1.4053921945,,6.7788453738,,0.0,0.1026681919,0.0,0.5158292302,0.4265987567,-1.142058896,0.6249966543,0.3761762686,0.0089538475,0.017947073,0.0553793861,0.0,0.0175946227,0.0084963994,0.0280032539,0.0003638553,0.2729698631,0.3010665376999999,6.0,0.0192958227,3.258522e-10,0.0419614017,0.0159645245,0.3859811939999999,3.8824065998,1.177208e-08,73.0,22.37
2010-04-30,3347267.9656,0.673326317,0.4533683290999999,-0.083754502,15.652475949,0.0326331223,0.8204442475,0.0214612428,-0.023193597,0.056439944,-0.209683585,0.0262078886,1.7835987949,0.0526548025,-0.052654802,17.0,-0.0478123379999999,0.5844054081000001,-0.946333468,,,0.127742055,0.11505469,-0.040477641,-0.031284802,-0.1060151719999999,0.0,-0.288871472,0.0,1.4546916719,0.6678062128,0.0,0.0,0.0,0.0640340074,0.0732982776,0.4409749299,-0.197932358,0.0296786363,0.0400977124,0.0952655889,0.0130453205,,,287.60182727,0.2087694329,0.0079228062,-0.499887396,0.1298332255,-0.152877415,-0.009226681,0.1298332255,,-0.082394148,0.1041742394999999,,-0.742770215,6.0,1.4546916719,0.0,0.1541552543,0.2988493969,0.2620016905,,1.4053921945,,6.7788453738,,0.0,0.1026681919,0.0,0.5158292302,0.4265987567,-1.142058896,0.6249966543,0.3761762686,0.0089538475,0.017947073,0.0553793861,0.0,0.0175946227,0.0084963994,0.0280032539,0.0003638553,0.2729698631,0.3010665376999999,6.0,0.0122660375,2.23213e-10,0.011534974,0.0058094428,0.3794684949,3.0159665569,1.2193461000000002e-08,73.0,22.71
2010-05-28,3394513.2971,0.6711993605,0.4505085815,0.0180451872,15.463333526,0.0324075158999999,0.6212618216,0.0129637457,0.0158946577,0.0270890758,-0.212581328,0.033635648,1.6633867817,0.0251624091,-0.025162409,18.0,-0.071605315,0.7031905015000001,-0.8274752590000001,,,0.0739119399,-4.139425168,0.0264061191,0.0363858209,0.0552130993,0.0,0.9038580951,0.0,1.7969710027,0.6583758764000001,0.0,0.0,0.0,0.2066219523999999,0.0518217084999999,0.4267326848,-0.122868651,0.0625497683,0.0400721386,0.0416447022,-0.025632658,,,8.058584695599999,0.1685866587,0.0077621264,0.3032015268,0.2352933871999999,-0.014121367,-0.003302675,0.2352933871999999,,0.1137274108,-0.012983946,,-0.426273698,4.0,1.7969710027,0.0,0.1304522143,0.31036326,0.3268346085,,1.1640971784,,7.632083995,,0.0,0.0172736323,0.0,0.4203210597,0.4676437022999999,4.2241388187,0.6249966543,0.3761762686,0.0089538475,0.017947073,0.0553793861,0.0,0.0175946227,0.0084963994,0.0280032539,0.0003638553,0.2729698631,0.3010665376999999,5.0,0.0143709987,2.8980599999999997e-10,0.020399157,0.0096669961,0.2922333874,2.2536323838,1.3635178999999997e-08,73.0,21.42
2010-06-30,3208758.8514,0.6702016228000001,0.4491702152,-0.200219688,15.460479,0.032208361,0.5716974654,-0.054721966,0.0084557425,0.1632443703,-0.265460073,0.0310536322999999,1.8282733208,0.0251624091,-0.025162409,18.0,-0.071605315,0.7031905015000001,-0.83025513,,,0.0739119399,-4.139425168,0.0264061191,0.0363858209,0.0552130993,0.0,0.9038580951,0.0,1.7969710027,0.6583758764000001,0.0,0.0,0.0,0.2066219523999999,0.0518217084999999,0.4267326848,-0.122868651,0.0625497683,0.0400721386,0.0416447022,-0.025632658,,,8.058584695599999,0.1685866587,0.0077621264,0.3032015268,0.2352933871999999,-0.014121367,-0.003302675,0.2352933871999999,,0.1137274108,-0.012983946,,-0.426273698,4.0,1.7969710027,0.0,0.1304522143,0.31036326,0.3268346085,,1.1640971784,,7.632083995,,0.0,0.0172736323,0.0,0.4203210597,0.4676437022999999,4.2241388187,1.5076097127,0.3975447572,0.0010800451,0.0061773795999999,-0.059936968,0.0,0.0067858712,0.007093817,0.0110770892,-0.00448956,0.2656657107999999,0.2734495195,5.0,0.0271357982,4.124196e-10,0.0309423283,0.0169831604,0.3235029296,3.8747959737,9.0837981e-09,73.0,20.87
2010-07-30,3126367.8657,0.6716337803,0.4510919348,-0.20526394,15.860246141,0.03230192,0.3735313296999999,-0.025676902,-0.038599666,0.0978985035,-0.2618236989999999,0.0126918833,2.0753867391,0.0251624091,-0.025162409,18.0,-0.071605315,0.5668132819,-0.465951447,,,0.0739119399,-4.139425168,0.0264061191,0.0363858209,0.0552130993,0.0,0.9038580951,0.0,1.7969710027,0.6583758764000001,0.0,0.0,0.0,0.2066219523999999,0.0518217084999999,0.4267326848,-0.122868651,0.0625497683,0.0400721386,0.0416447022,-0.025632658,,,8.058584695599999,0.1685866587,0.0077621264,0.3032015268,0.2352933871999999,-0.014121367,-0.003302675,0.2352933871999999,,0.1137274108,-0.012983946,,-0.426273698,4.0,1.7969710027,0.0,0.1304522143,0.31036326,0.3268346085,,1.1640971784,,7.632083995,,0.0,0.0172736323,0.0,0.4203210597,0.4676437022999999,4.2241388187,1.5076097127,0.3975447572,0.0010800451,0.0061773795999999,-0.059936968,0.0,0.0067858712,0.007093817,0.0110770892,-0.00448956,0.2656657107999999,0.2734495195,5.0,0.0220831435,3.954323e-10,0.0230479668999999,0.0160811004,0.3067722686,3.7811223328,9.0232577e-09,73.0,21.84
2010-08-31,3222208.1025,0.6672050854,0.4451626259,-0.037766317,15.74276996,0.030950659,0.1846921403999999,0.0464781634999999,-0.018805811,0.0445446087999999,-0.1831561789999999,0.0392895411,2.1455070028,0.0251624091,-0.025162409,18.0,-0.071605315,0.5668132819,-0.479307225,,,0.0739119399,-4.139425168,0.0264061191,0.0363858209,0.0552130993,0.0,0.9038580951,0.0,1.7969710027,0.6583758764000001,0.0,0.0,0.0,0.2066219523999999,0.0518217084999999,0.4267326848,-0.122868651,0.0625497683,0.0400721386,0.0416447022,-0.025632658,,,8.058584695599999,0.1685866587,0.0077621264,0.3032015268,0.2352933871999999,-0.014121367,-0.003302675,0.2352933871999999,,0.1137274108,-0.012983946,,-0.426273698,4.0,1.7969710027,0.0,0.1304522143,0.31036326,0.3268346085,,1.1640971784,,7.632083995,,0.0,0.0172736323,0.0,0.4203210597,0.4676437022999999,4.2241388187,0.4605935218999999,0.3754059177,-0.035152834,-0.016214179,0.0139872218,1.0,0.0451829182,0.0101194997,0.0720032795,-0.003076044,0.3383510203,0.3437778467,5.0,0.0206233691999999,4.605347e-10,0.0498533957,0.017078053,0.3063356908,3.0220171017000004,1.200857e-08,73.0,22.89
2010-09-30,3372695.91,0.660109071,0.4357439856,0.0122765419,15.550910031,0.0308325429,0.1776036298,0.0467033163,-0.002739702,0.0287329541,-0.22291364,0.0201016418,1.9677239132,0.0251624091,-0.025162409,18.0,-0.071605315,0.5668132819,-0.484244743,,,0.0739119399,-4.139425168,0.0264061191,0.0363858209,0.0552130993,0.0,0.9038580951,0.0,1.7969710027,0.6583758764000001,0.0,0.0,0.0,0.2066219523999999,0.0518217084999999,0.4267326848,-0.122868651,0.0625497683,0.0400721386,0.0416447022,-0.025632658,,,8.058584695599999,0.1685866587,0.0077621264,0.3032015268,0.2352933871999999,-0.014121367,-0.003302675,0.2352933871999999,,0.1137274108,-0.012983946,,-0.426273698,4.0,1.7969710027,0.0,0.1304522143,0.31036326,0.3268346085,,1.1640971784,,7.632083995,,0.0,0.0172736323,0.0,0.4203210597,0.4676437022999999,4.2241388187,0.4605935218999999,0.3754059177,-0.035152834,-0.016214179,0.0139872218,1.0,0.0451829182,0.0101194997,0.0720032795,-0.003076044,0.3383510203,0.3437778467,5.0,0.0182956375,3.549761e-10,0.0350089222,0.0143060758,0.3064578089999999,2.6926722165,1.0183705e-08,73.0,24.77
2010-10-29,3679880.808,0.6639695373,0.4408555465,0.1095166405,15.700468961,0.03117105,0.0432387151,0.0835520476,0.021904324,0.0196253571,-0.17208273,0.0272165274,1.7119098773,0.0251624091,-0.025162409,18.0,-0.071605315,0.5668132819,-0.515542474,,,0.0739119399,-4.139425168,0.0264061191,0.0363858209,0.0552130993,0.0,0.9038580951,0.0,1.7969710027,0.6583758764000001,0.0,0.0,0.0,0.2066219523999999,0.0518217084999999,0.4267326848,-0.122868651,0.0625497683,0.0400721386,0.0416447022,-0.025632658,,,8.058584695599999,0.1685866587,0.0077621264,0.3032015268,0.2352933871999999,-0.014121367,-0.003302675,0.2352933871999999,,0.1137274108,-0.012983946,,-0.426273698,4.0,1.7969710027,0.0,0.1304522143,0.31036326,0.3268346085,,1.1640971784,,7.632083995,,0.0,0.0172736323,0.0,0.4203210597,0.4676437022999999,4.2241388187,0.4605935218999999,0.3754059177,-0.035152834,-0.016214179,0.0139872218,1.0,0.0451829182,0.0101194997,0.0720032795,-0.003076044,0.3383510203,0.3437778467,5.0,0.0139374138999999,3.523444e-10,0.0250212103,0.0100983705,0.3101975633,2.223101711,1.4396627e-08,73.0,25.58
2010-11-30,3798092.8087,0.6669667373,0.4448446286999999,0.0997969758,15.486970197,0.0297173477,0.2093964968,0.0327008254999999,0.0931156494,0.124886463,-0.2208067999999999,0.0430583213,1.4912501656,0.0251624091,-0.025162409,18.0,-0.071605315,0.5668132819,-0.536718423,,,0.0739119399,-4.139425168,0.0264061191,0.0363858209,0.0552130993,0.0,0.9038580951,0.0,1.7969710027,0.6583758764000001,0.0,0.0,0.0,0.2066219523999999,0.0518217084999999,0.4267326848,-0.122868651,0.0625497683,0.0400721386,0.0416447022,-0.025632658,,,8.058584695599999,0.1685866587,0.0077621264,0.3032015268,0.2352933871999999,-0.014121367,-0.003302675,0.2352933871999999,,0.1137274108,-0.012983946,,-0.426273698,4.0,1.7969710027,0.0,0.1304522143,0.31036326,0.3268346085,,1.1640971784,,7.632083995,,0.0,0.0172736323,0.0,0.4203210597,0.4676437022999999,4.2241388187,0.7648421294,0.3588463985,-0.000927653,-0.014337093,-0.055609772,0.0,0.0135918192999999,0.009535876,0.0200680657,0.0003744278,,,5.0,0.0144853375,3.806274e-10,0.0191368572,0.009756246,0.2532033389,1.2623229346,1.9178101000000004e-08,73.0,25.69
2010-12-31,3814425.5893,0.6515017143,0.4244544837,0.246075363,15.233327905,0.0282528168999999,0.2703368821999999,0.0043002586,0.1942110081,0.1384067951,-0.086956585,0.0496550567,1.2163522857,0.0251624091,-0.025162409,18.0,-0.071605315,0.5668132819,-0.540023212,,,0.0739119399,-4.139425168,0.0264061191,0.0363858209,0.0552130993,0.0,0.9038580951,0.0,1.7969710027,0.6583758764000001,0.0,0.0,0.0,0.2066219523999999,0.0518217084999999,0.4267326848,-0.122868651,0.0625497683,0.0400721386,0.0416447022,-0.025632658,,,8.058584695599999,0.1685866587,0.0077621264,0.3032015268,0.2352933871999999,-0.014121367,-0.003302675,0.2352933871999999,,0.1137274108,-0.012983946,,-0.426273698,4.0,1.7969710027,0.0,0.1304522143,0.31036326,0.3268346085,,1.1640971784,,7.632083995,,0.0,0.0172736323,0.0,0.4203210597,0.4676437022999999,4.2241388187,0.7648421294,0.3588463985,-0.000927653,-0.014337093,-0.055609772,0.0,0.0135918192999999,0.009535876,0.0200680657,0.0003744278,,,5.0,0.0150536105,3.682977e-10,0.0251195841,0.0098946272,0.3588932728,1.8996344467,1.8473367e-08,73.0,26.91
2011-01-31,4008782.6773,0.6404713425999999,0.4102035406,0.3526960247,15.274523994,0.0273500768,0.2287135943,0.0474892668,0.2309534971,0.1530520528999999,-0.14076359,0.0617714651999999,1.2412638641,0.0251624091,-0.025162409,18.0,-0.071605315,0.5668132819,-0.54348298,,,0.0739119399,-4.139425168,0.0264061191,0.0363858209,0.0552130993,0.0,0.9038580951,0.0,1.7969710027,0.6583758764000001,0.0,0.0,0.0,0.2066219523999999,0.0518217084999999,0.4267326848,-0.122868651,0.0625497683,0.0400721386,0.0416447022,-0.025632658,,,8.058584695599999,0.1685866587,0.0077621264,0.3032015268,0.2352933871999999,-0.014121367,-0.003302675,0.2352933871999999,,0.1137274108,-0.012983946,,-0.426273698,4.0,1.7969710027,0.0,0.1304522143,0.31036326,0.3268346085,,1.1640971784,,7.632083995,,0.0,0.0172736323,0.0,0.4203210597,0.4676437022999999,4.2241388187,0.7648421294,0.3588463985,-0.000927653,-0.014337093,-0.055609772,0.0,0.0135918192999999,0.009535876,0.0200680657,0.0003744278,,,5.0,0.0148079385,1.979608e-10,0.0319190212,0.0099562931999999,0.545554,4.8767311515,1.3064459e-08,73.0,27.13
2011-02-28,4049043.8547,0.6448033499,0.41577136,0.2154177759,15.624912464,0.0268169835,0.3350531897,0.008175374,0.2321428398999999,0.2651621641,-0.034059952,0.0559019083,1.3586963805,0.0251624091,-0.025162409,18.0,-0.071605315,0.5668132819,-0.549137483,,,0.0739119399,-4.139425168,0.0264061191,0.0363858209,0.0552130993,0.0,0.9038580951,0.0,1.7969710027,0.6583758764000001,0.0,0.0,0.0,0.2066219523999999,0.0518217084999999,0.4267326848,-0.122868651,0.0625497683,0.0400721386,0.0416447022,-0.025632658,,,8.058584695599999,0.1685866587,0.0077621264,0.3032015268,0.2352933871999999,-0.014121367,-0.003302675,0.2352933871999999,,0.1137274108,-0.012983946,,-0.426273698,4.0,1.7969710027,0.0,0.1304522143,0.31036326,0.3268346085,,1.1640971784,,7.632083995,,0.0,0.0172736323,0.0,0.4203210597,0.4676437022999999,4.2241388187,0.0568003476999999,0.3884306065,-0.003689348,-0.0002128609999999,0.0583092355999999,0.0,0.0130857249,0.0089687321,0.0191078345999999,-0.002559735,,,5.0,0.0176682791,3.162084e-10,0.022321444,0.0112764615,0.3309448628,2.2478521548,1.5232508999999997e-08,73.0,27.72
2011-03-31,4137099.0175,0.6524575206000001,0.4257008163,0.1687627012999999,15.574179783,0.0267961584,0.319925221,0.0217471495,0.1867890825,0.2388127662999999,-0.0564411759999999,0.0345439682,1.4887590511000002,0.0251624091,-0.025162409,18.0,-0.071605315,0.5668132819,-0.561370109,,,0.0739119399,-4.139425168,0.0264061191,0.0363858209,0.0552130993,0.0,0.9038580951,0.0,1.7969710027,0.6583758764000001,0.0,0.0,0.0,0.2066219523999999,0.0518217084999999,0.4267326848,-0.122868651,0.0625497683,0.0400721386,0.0416447022,-0.025632658,,,8.058584695599999,0.1685866587,0.0077621264,0.3032015268,0.2352933871999999,-0.014121367,-0.003302675,0.2352933871999999,,0.1137274108,-0.012983946,,-0.426273698,4.0,1.7969710027,0.0,0.1304522143,0.31036326,0.3268346085,,1.1640971784,,7.632083995,,0.0,0.0172736323,0.0,0.4203210597,0.4676437022999999,4.2241388187,0.0568003476999999,0.3884306065,-0.003689348,-0.0002128609999999,0.0583092355999999,0.0,0.0130857249,0.0089687321,0.0191078345999999,-0.002559735,,,5.0,0.016895443,2.55693e-10,0.0239587743,0.0119264840999999,0.2777562351,2.0564141909,1.5227639e-08,73.0,27.65
2011-04-29,4126651.8431,0.6534093053,0.4269437202,0.0089831212,15.649031926,0.0268307733,0.2812367314,-0.002525242,0.1190956307,0.2391595096,-0.01497131,0.0272832029,1.51955631,0.0251624091,-0.025162409,18.0,-0.071605315,0.5668132819,-0.57333218,,,0.0739119399,-4.139425168,0.0264061191,0.0363858209,0.0552130993,0.0,0.9038580951,0.0,1.7969710027,0.6583758764000001,0.0,0.0,0.0,0.2066219523999999,0.0518217084999999,0.4267326848,-0.122868651,0.0625497683,0.0400721386,0.0416447022,-0.025632658,,,8.058584695599999,0.1685866587,0.0077621264,0.3032015268,0.2352933871999999,-0.014121367,-0.003302675,0.2352933871999999,,0.1137274108,-0.012983946,,-0.426273698,4.0,1.7969710027,0.0,0.1304522143,0.31036326,0.3268346085,,1.1640971784,,7.632083995,,0.0,0.0172736323,0.0,0.4203210597,0.4676437022999999,4.2241388187,0.0568003476999999,0.3884306065,-0.003689348,-0.0002128609999999,0.0583092355999999,0.0,0.0130857249,0.0089687321,0.0191078345999999,-0.002559735,,,5.0,0.0178633715,3.109718e-10,0.0214044917,0.0110582963999999,0.3182236028,2.3349733121000003,1.245692e-08,73.0,27.39
2011-05-31,4017537.7205,0.6491968463000001,0.4214565452,-0.05810305,15.661194696,0.0264924344,0.2634350834,-0.009403263,0.0809225832,0.2202118167,-0.019472131,0.0436340813,1.2966909601,0.0334028604,-0.03340286,19.0,-0.118307,0.6438252797,-0.50680707,,,0.0897913811,0.0308112964,-0.05676988,0.01043928,0.0143260931,0.0,-2.615004078,0.0,1.3536540648,0.6794252255,0.0,0.0,0.0,0.138824813,0.0624163261,0.4045570143999999,0.009107515,0.2176154284,0.0403110848,0.1314102564,0.0134300649,,,14.03661721,0.1461525715,0.0073206407999999,-0.989899215,-0.246702333,0.0319716287,0.0007597507,-0.246702333,,-0.104515529,-0.012087384,,-0.438588055,5.0,1.3536540648,0.0,0.1182775200999999,0.3253724121999999,0.3203254111,,1.4710402414,,6.919670019600001,,0.0,0.015158322,0.0,0.3635142861,0.3531716492,-0.842901663,0.0568003476999999,0.3884306065,-0.003689348,-0.0002128609999999,0.0583092355999999,0.0,0.0130857249,0.0089687321,0.0191078345999999,-0.002559735,,,6.0,0.0124329053,4.051432e-10,0.0148007357,0.0079750866,0.3337774092,1.3742963754,2.8149436000000013e-08,73.0,27.34
2011-06-30,4010203.8824,0.6458424891,0.4171125207,-0.1351191159999999,14.970574705,0.0263915227,0.3982708033,-0.001825456,0.0661735616,0.2787114488,-0.18709679,0.0293401379,1.1753670714,0.0334028604,-0.03340286,19.0,-0.118307,0.6438252797,-0.508501739,,,0.0897913811,0.0308112964,-0.05676988,0.01043928,0.0143260931,0.0,-2.615004078,0.0,1.3536540648,0.6794252255,0.0,0.0,0.0,0.138824813,0.0624163261,0.4045570143999999,0.009107515,0.2176154284,0.0403110848,0.1314102564,0.0134300649,,,14.03661721,0.1461525715,0.0073206407999999,-0.989899215,-0.246702333,0.0319716287,0.0007597507,-0.246702333,,-0.104515529,-0.012087384,,-0.438588055,5.0,1.3536540648,0.0,0.1182775200999999,0.3253724121999999,0.3203254111,,1.4710402414,,6.919670019600001,,0.0,0.015158322,0.0,0.3635142861,0.3531716492,-0.842901663,2.0538669344,0.2855771463,0.0006839401,0.0330307094,0.0027592452,0.0,0.0081553331,0.0087126017,0.0123918802,0.0097893868999999,,,6.0,0.0178834957,4.82001e-10,0.0204917751,0.0131384629,0.4542489615,3.2491384236000003,1.7736061e-08,73.0,25.71
2011-07-29,3771116.9557,0.6432998682,0.4138347203999999,-0.334003692,15.365308436,0.0262129693,0.4323867144,-0.059619643,0.0159792013,0.3100143273999999,-0.126778201,0.050810598,1.1855043411,0.0334028604,-0.03340286,19.0,-0.118307,0.5238951994,-0.66990388,,,0.0897913811,0.0308112964,-0.05676988,0.01043928,0.0143260931,0.0,-2.615004078,0.0,1.3536540648,0.6794252255,0.0,0.0,0.0,0.138824813,0.0624163261,0.4045570143999999,0.009107515,0.2176154284,0.0403110848,0.1314102564,0.0134300649,,,14.03661721,0.1461525715,0.0073206407999999,-0.989899215,-0.246702333,0.0319716287,0.0007597507,-0.246702333,,-0.104515529,-0.012087384,,-0.438588055,5.0,1.3536540648,0.0,0.1182775200999999,0.3253724121999999,0.3203254111,,1.4710402414,,6.919670019600001,,0.0,0.015158322,0.0,0.3635142861,0.3531716492,-0.842901663,2.0538669344,0.2855771463,0.0006839401,0.0330307094,0.0027592452,0.0,0.0081553331,0.0087126017,0.0123918802,0.0097893868999999,,,6.0,0.0148185136,2.874195e-10,0.0159425922,0.0096682569,0.3264705907999999,2.3274492159,1.3094089e-08,73.0,23.97
2011-08-31,3443673.9214,0.6522627140999999,0.4254466482,-0.358692289,15.560757158,0.0251856381,0.3074775564999999,-0.067677937,-0.0523405859999999,0.1771977516,-0.09075772,0.0671182222,1.2247791338,0.0334028604,-0.03340286,19.0,-0.118307,0.5238951994,-0.670204361,,,0.0897913811,0.0308112964,-0.05676988,0.01043928,0.0143260931,0.0,-2.615004078,0.0,1.3536540648,0.6794252255,0.0,0.0,0.0,0.138824813,0.0624163261,0.4045570143999999,0.009107515,0.2176154284,0.0403110848,0.1314102564,0.0134300649,,,14.03661721,0.1461525715,0.0073206407999999,-0.989899215,-0.246702333,0.0319716287,0.0007597507,-0.246702333,,-0.104515529,-0.012087384,,-0.438588055,5.0,1.3536540648,0.0,0.1182775200999999,0.3253724121999999,0.3203254111,,1.4710402414,,6.919670019600001,,0.0,0.015158322,0.0,0.3635142861,0.3531716492,-0.842901663,0.270617822,0.2698569191,0.0273389775,-0.001529489,-0.01686328,1.0,0.0146737862,0.0085810115,0.0229627718,0.0085148495,,,6.0,0.0178548155,6.399264e-10,0.0223602875999999,0.0127840357,0.1915653355,0.8081346107999999,2.3875461e-08,73.0,25.88
2011-09-30,3728117.3991,0.6525621357,0.4258373409,-0.278976434,14.984209889,0.0252825199,0.339125926,0.0796829313,-0.135281385,0.0485563758,0.0617742518,0.0323183534,1.6615088786,0.0334028604,-0.03340286,19.0,-0.118307,0.5238951994,-0.674165971,,,0.0897913811,0.0308112964,-0.05676988,0.01043928,0.0143260931,0.0,-2.615004078,0.0,1.3536540648,0.6794252255,0.0,0.0,0.0,0.138824813,0.0624163261,0.4045570143999999,0.009107515,0.2176154284,0.0403110848,0.1314102564,0.0134300649,,,14.03661721,0.1461525715,0.0073206407999999,-0.989899215,-0.246702333,0.0319716287,0.0007597507,-0.246702333,,-0.104515529,-0.012087384,,-0.438588055,5.0,1.3536540648,0.0,0.1182775200999999,0.3253724121999999,0.3203254111,,1.4710402414,,6.919670019600001,,0.0,0.015158322,0.0,0.3635142861,0.3531716492,-0.842901663,0.270617822,0.2698569191,0.0273389775,-0.001529489,-0.01686328,1.0,0.0146737862,0.0085810115,0.0229627718,0.0085148495,,,6.0,0.0349827475,6.674572e-10,0.0776699111,0.0296124946,0.491433851,6.819092051699999,7.570779000000001e-09,73.0,24.36
2011-10-31,3509155.5279,0.6484362928,0.4204696259,-0.23525695,16.050192313,0.0240301343,0.0691729087,-0.058732558,-0.064014482,0.044812221,0.2416039752,-0.0296850429999999,1.7911375034,0.0334028604,-0.03340286,19.0,-0.118307,0.5238951994,-0.783554573,,,0.0897913811,0.0308112964,-0.05676988,0.01043928,0.0143260931,0.0,-2.615004078,0.0,1.3536540648,0.6794252255,0.0,0.0,0.0,0.138824813,0.0624163261,0.4045570143999999,0.009107515,0.2176154284,0.0403110848,0.1314102564,0.0134300649,,,14.03661721,0.1461525715,0.0073206407999999,-0.989899215,-0.246702333,0.0319716287,0.0007597507,-0.246702333,,-0.104515529,-0.012087384,,-0.438588055,5.0,1.3536540648,0.0,0.1182775200999999,0.3253724121999999,0.3203254111,,1.4710402414,,6.919670019600001,,0.0,0.015158322,0.0,0.3635142861,0.3531716492,-0.842901663,0.270617822,0.2698569191,0.0273389775,-0.001529489,-0.01686328,1.0,0.0146737862,0.0085810115,0.0229627718,0.0085148495,,,6.0,0.0260722721,4.705331e-10,0.0407166146,0.0178724038,0.2716137891,2.3432008744,1.0922018e-08,73.0,26.81
2011-11-30,3842087.4035,0.6137693772,0.3767128484,-0.091933989,15.716661246,0.023938531,-0.107137608,0.1005746648,-0.110624272,-0.0476934829999999,0.3993434815999999,-0.0752929079999999,2.06761195,0.0334028604,-0.03340286,19.0,-0.118307,0.5238951994,-0.774876225,,,0.0897913811,0.0308112964,-0.05676988,0.01043928,0.0143260931,0.0,-2.615004078,0.0,1.3536540648,0.6794252255,0.0,0.0,0.0,0.138824813,0.0624163261,0.4045570143999999,0.009107515,0.2176154284,0.0403110848,0.1314102564,0.0134300649,,,14.03661721,0.1461525715,0.0073206407999999,-0.989899215,-0.246702333,0.0319716287,0.0007597507,-0.246702333,,-0.104515529,-0.012087384,,-0.438588055,5.0,1.3536540648,0.0,0.1182775200999999,0.3253724121999999,0.3203254111,,1.4710402414,,6.919670019600001,,0.0,0.015158322,0.0,0.3635142861,0.3531716492,-0.842901663,0.9364098942,0.2618697984,-0.012703738,-0.00572046,-0.013337533,2.0,0.0252433022,0.0088079693999999,0.0375897933,0.0138486779,,,6.0,0.0238312024,4.667617e-10,0.0413294099,0.0177580772,0.2322639554,2.0977650825,1.1855124e-08,73.0,27.97
2011-12-30,4008324.6616,0.6022759021,0.3627362622,-0.041184176,15.730338585,0.022958678,-0.014332544,0.0432674325999999,-0.0193855369999999,0.0435966905,0.6026200454,0.138947755,1.7103120666,0.0334028604,-0.03340286,19.0,-0.118307,0.5238951994,-0.787132061,,,0.0897913811,0.0308112964,-0.05676988,0.01043928,0.0143260931,0.0,-2.615004078,0.0,1.3536540648,0.6794252255,0.0,0.0,0.0,0.138824813,0.0624163261,0.4045570143999999,0.009107515,0.2176154284,0.0403110848,0.1314102564,0.0134300649,,,14.03661721,0.1461525715,0.0073206407999999,-0.989899215,-0.246702333,0.0319716287,0.0007597507,-0.246702333,,-0.104515529,-0.012087384,,-0.438588055,5.0,1.3536540648,0.0,0.1182775200999999,0.3253724121999999,0.3203254111,,1.4710402414,,6.919670019600001,,0.0,0.015158322,0.0,0.3635142861,0.3531716492,-0.842901663,0.9364098942,0.2618697984,-0.012703738,-0.00572046,-0.013337533,2.0,0.0252433022,0.0088079693999999,0.0375897933,0.0138486779,,,6.0,0.0189704707,4.564305e-10,0.0343934298,0.0158668783,0.317070444,2.4061054769,1.4083114e-08,73.0,27.2
2012-01-31,3922240.11,0.6051035859,0.3661503497,0.1025472892,15.595459885,0.0229625635,-0.097114261,-0.027529445,0.0879035541,0.039390545,0.4530237076,0.0540367081,1.5433609137,0.0334028604,-0.03340286,19.0,-0.118307,0.5238951994,-0.789050758,,,0.0897913811,0.0308112964,-0.05676988,0.01043928,0.0143260931,0.0,-2.615004078,0.0,1.3536540648,0.6794252255,0.0,0.0,0.0,0.138824813,0.0624163261,0.4045570143999999,0.009107515,0.2176154284,0.0403110848,0.1314102564,0.0134300649,,,14.03661721,0.1461525715,0.0073206407999999,-0.989899215,-0.246702333,0.0319716287,0.0007597507,-0.246702333,,-0.104515529,-0.012087384,,-0.438588055,5.0,1.3536540648,0.0,0.1182775200999999,0.3253724121999999,0.3203254111,,1.4710402414,,6.919670019600001,,0.0,0.015158322,0.0,0.3635142861,0.3531716492,-0.842901663,0.9364098942,0.2618697984,-0.012703738,-0.00572046,-0.013337533,2.0,0.0252433022,0.0088079693999999,0.0375897933,0.0138486779,,,6.0,0.0200712441,4.874112e-10,0.0339750722,0.0140886656,0.4444008163,2.7905772691000004,1.4911650000000002e-08,73.0,29.18
2012-02-29,4198817.321,0.6084111673,0.3701641485,0.3334141002,15.516091462,0.0221329871,-0.116437666,0.0724264458,0.1347518374,0.0025802322,0.4664864346,0.0915696564,1.3118444036,0.0334028604,-0.03340286,19.0,-0.118307,0.5238951994,-0.791993332,,,0.0897913811,0.0308112964,-0.05676988,0.01043928,0.0143260931,0.0,-2.615004078,0.0,1.3536540648,0.6794252255,0.0,0.0,0.0,0.138824813,0.0624163261,0.4045570143999999,0.009107515,0.2176154284,0.0403110848,0.1314102564,0.0134300649,,,14.03661721,0.1461525715,0.0073206407999999,-0.989899215,-0.246702333,0.0319716287,0.0007597507,-0.246702333,,-0.104515529,-0.012087384,,-0.438588055,5.0,1.3536540648,0.0,0.1182775200999999,0.3253724121999999,0.3203254111,,1.4710402414,,6.919670019600001,,0.0,0.015158322,0.0,0.3635142861,0.3531716492,-0.842901663,3.0875966808,0.3082198205999999,-0.0014560229999999,0.0124682064,0.0447457875,0.0,0.0162276065,0.0086121179,0.0242535385,0.0144804646999999,,,6.0,0.015933129,3.200303e-10,0.0167737082,0.0086206533,0.2461206298,1.3277820616,1.9601298e-08,73.0,30.47
2012-03-30,4442404.0199,0.6210939012,0.3857576340999999,0.243735118,15.358710142,0.0222961016,-0.088736299,0.0445663071999999,0.127125237,0.0523088374,0.4879227288,-0.073221521,1.3092883207,0.0334028604,-0.03340286,19.0,-0.118307,0.5238951994,-0.796059278,,,0.0897913811,0.0308112964,-0.05676988,0.01043928,0.0143260931,0.0,-2.615004078,0.0,1.3536540648,0.6794252255,0.0,0.0,0.0,0.138824813,0.0624163261,0.4045570143999999,0.009107515,0.2176154284,0.0403110848,0.1314102564,0.0134300649,,,14.03661721,0.1461525715,0.0073206407999999,-0.989899215,-0.246702333,0.0319716287,0.0007597507,-0.246702333,,-0.104515529,-0.012087384,,-0.438588055,5.0,1.3536540648,0.0,0.1182775200999999,0.3253724121999999,0.3203254111,,1.4710402414,,6.919670019600001,,0.0,0.015158322,0.0,0.3635142861,0.3531716492,-0.842901663,3.0875966808,0.3082198205999999,-0.0014560229999999,0.0124682064,0.0447457875,0.0,0.0162276065,0.0086121179,0.0242535385,0.0144804646999999,,,6.0,0.0144784079,1.861414e-10,0.0109701640999999,0.005981791,0.3690543663,2.5960813892,1.4955786e-08,73.0,30.66
2012-04-30,4470105.3378,0.59551451,0.3546375317,0.3776079601,15.675782359,0.0219132454,-0.064288857,0.0062356591,0.2508209613,0.1019891451999999,0.3338157304,0.1313397531,1.2316615629,0.0334028604,-0.03340286,19.0,-0.118307,0.5238951994,-0.813392758,,,0.0897913811,0.0308112964,-0.05676988,0.01043928,0.0143260931,0.0,-2.615004078,0.0,1.3536540648,0.6794252255,0.0,0.0,0.0,0.138824813,0.0624163261,0.4045570143999999,0.009107515,0.2176154284,0.0403110848,0.1314102564,0.0134300649,,,14.03661721,0.1461525715,0.0073206407999999,-0.989899215,-0.246702333,0.0319716287,0.0007597507,-0.246702333,,-0.104515529,-0.012087384,,-0.438588055,5.0,1.3536540648,0.0,0.1182775200999999,0.3253724121999999,0.3203254111,,1.4710402414,,6.919670019600001,,0.0,0.015158322,0.0,0.3635142861,0.3531716492,-0.842901663,3.0875966808,0.3082198205999999,-0.0014560229999999,0.0124682064,0.0447457875,0.0,0.0162276065,0.0086121179,0.0242535385,0.0144804646999999,,,6.0,0.0136945705,3.739378e-10,0.0185553171,0.0097373113,0.378025114,2.1291174692,1.6888528e-08,73.0,30.01
2012-05-31,4409969.5336,0.6153874247,0.3787016824,0.1405340852,15.476323127,0.019289674,-0.055064586,-0.0212002489999999,0.1436031509,0.1193866613,0.2575756846,0.2828951037,1.1547148005,0.0658118765,-0.065811877,20.0,-0.024582989,0.524174087,-0.8211983359999999,,,0.114603325,0.0347842132,-0.001767782,-0.0348264739999999,-0.110832001,0.0,3.1402321568,0.0,1.3263696831,0.7734849576999999,0.0,0.0,0.0,0.0005323348,0.0576155542999999,0.396762432,0.4629199724,0.0375666811,0.0398713088,0.0143134038999999,0.0082204968999999,,,48.148362677,0.1605948698,0.0071133585999999,-0.138301338,-0.020156096,0.1384401531,-0.015491402,-0.020156096,,-0.033803391,0.0164104812999999,,-0.989103919,4.0,1.3263696831,0.0,0.1280218117,0.320302961,0.2958078211,,1.5294121747999998,,6.7155714155,,0.0,0.11225203,0.0,0.3996897540999999,0.3720788998,-1.256567237,3.0875966808,0.3082198205999999,-0.0014560229999999,0.0124682064,0.0447457875,0.0,0.0162276065,0.0086121179,0.0242535385,0.0144804646999999,,,6.0,0.0152147884,4.804249e-10,0.0264676175999999,0.0112782289,0.2445820030999999,1.0774010116,2.5123969e-08,73.0,29.55
2012-06-29,4346509.3878,0.7173432611,0.5145813542000001,0.0334459621,15.15336279,0.0189586157,-0.04083225,-0.015328256,0.0729353225999999,0.0976591137,0.4034907961,0.0822620808999999,1.0833503297,0.0658118765,-0.065811877,20.0,-0.024582989,0.524174087,-0.821363521,,,0.114603325,0.0347842132,-0.001767782,-0.0348264739999999,-0.110832001,0.0,3.1402321568,0.0,1.3263696831,0.7734849576999999,0.0,0.0,0.0,0.0005323348,0.0576155542999999,0.396762432,0.4629199724,0.0375666811,0.0398713088,0.0143134038999999,0.0082204968999999,,,48.148362677,0.1605948698,0.0071133585999999,-0.138301338,-0.020156096,0.1384401531,-0.015491402,-0.020156096,,-0.033803391,0.0164104812999999,,-0.989103919,4.0,1.3263696831,0.0,0.1280218117,0.320302961,0.2958078211,,1.5294121747999998,,6.7155714155,,0.0,0.11225203,0.0,0.3996897540999999,0.3720788998,-1.256567237,0.3683937961,0.2981806973,-0.000207513,-0.007896579,0.0113420988999999,0.0,0.0118570176,0.0087487165,0.0188271828,0.0039236483,,,6.0,0.0202059925,5.280592e-10,0.0585106238999999,0.0172779659,0.387607037,2.7565469287,1.6292647e-08,73.0,29.43
2012-07-31,4328858.7449,0.7507765229000001,0.5636653872999999,0.0240311022,15.483390055,0.0195346056,-0.0908776459999999,-0.004060877,0.0863970008,0.1493582410999999,0.3177856856,0.0717273230999999,0.9970709477,0.0658118765,-0.065811877,20.0,-0.024582989,0.5357397663,-0.8838091140000001,,,0.114603325,0.0347842132,-0.001767782,-0.0348264739999999,-0.110832001,0.0,3.1402321568,0.0,1.3263696831,0.7734849576999999,0.0,0.0,0.0,0.0005323348,0.0576155542999999,0.396762432,0.4629199724,0.0375666811,0.0398713088,0.0143134038999999,0.0082204968999999,,,48.148362677,0.1605948698,0.0071133585999999,-0.138301338,-0.020156096,0.1384401531,-0.015491402,-0.020156096,,-0.033803391,0.0164104812999999,,-0.989103919,4.0,1.3263696831,0.0,0.1280218117,0.320302961,0.2958078211,,1.5294121747999998,,6.7155714155,,0.0,0.11225203,0.0,0.3996897540999999,0.3720788998,-1.256567237,0.3683937961,0.2981806973,-0.000207513,-0.007896579,0.0113420988999999,0.0,0.0118570176,0.0087487165,0.0188271828,0.0039236483,,,6.0,0.0179225746,6.612118e-10,0.0388281122,0.0162865608,0.2557001531,1.1416233992,2.2173833e-08,73.0,30.29
2012-08-31,4501881.6761,0.7746380567,0.600064119,-0.17854224,15.218457290999998,0.0193931618,-0.034962502,0.0292219035,0.0089132732,0.2277847796,0.1996996932999999,0.0810824085,1.0660001162,0.0658118765,-0.065811877,20.0,-0.024582989,0.5357397663,-0.882351853,,,0.114603325,0.0347842132,-0.001767782,-0.0348264739999999,-0.110832001,0.0,3.1402321568,0.0,1.3263696831,0.7734849576999999,0.0,0.0,0.0,0.0005323348,0.0576155542999999,0.396762432,0.4629199724,0.0375666811,0.0398713088,0.0143134038999999,0.0082204968999999,,,48.148362677,0.1605948698,0.0071133585999999,-0.138301338,-0.020156096,0.1384401531,-0.015491402,-0.020156096,,-0.033803391,0.0164104812999999,,-0.989103919,4.0,1.3263696831,0.0,0.1280218117,0.320302961,0.2958078211,,1.5294121747999998,,6.7155714155,,0.0,0.11225203,0.0,0.3996897540999999,0.3720788998,-1.256567237,0.4124533622,0.2859924219,0.0040547253,-0.01397064,0.005297559,1.0,0.0168364647,0.008752031,0.0269804406999999,0.0144926525,,,6.0,0.0164970055,4.879167e-10,0.0304755475,0.0130369702,0.3062859058,1.5598090568,1.9241723e-08,73.0,33.03
2012-09-28,4925631.598,0.772799233,0.5972186545,-0.093339994,15.389481416,0.0194202799,0.0368236098,0.0904588252,-0.0059073969999999,0.1704019312999999,0.2190296621,0.0786902165,1.028836912,0.0658118765,-0.065811877,20.0,-0.024582989,0.5357397663,-0.890279532,,,0.114603325,0.0347842132,-0.001767782,-0.0348264739999999,-0.110832001,0.0,3.1402321568,0.0,1.3263696831,0.7734849576999999,0.0,0.0,0.0,0.0005323348,0.0576155542999999,0.396762432,0.4629199724,0.0375666811,0.0398713088,0.0143134038999999,0.0082204968999999,,,48.148362677,0.1605948698,0.0071133585999999,-0.138301338,-0.020156096,0.1384401531,-0.015491402,-0.020156096,,-0.033803391,0.0164104812999999,,-0.989103919,4.0,1.3263696831,0.0,0.1280218117,0.320302961,0.2958078211,,1.5294121747999998,,6.7155714155,,0.0,0.11225203,0.0,0.3996897540999999,0.3720788998,-1.256567237,0.4124533622,0.2859924219,0.0040547253,-0.01397064,0.005297559,1.0,0.0168364647,0.008752031,0.0269804406999999,0.0144926525,,,6.0,0.0143475182,3.766198e-10,0.0507109463,0.01262795,0.6192055747,3.751259616,1.7384075e-08,73.0,33.02
2012-10-31,4920412.2107,0.7768034798000001,0.6034236462,-0.182462821,15.497460493,0.0201734492,0.225756438,-0.001059638,0.0772993806,0.3559112514,0.0865299081,0.0480927741,1.0537423486,0.0658118765,-0.065811877,20.0,-0.024582989,0.5357397663,-0.90847734,,,0.114603325,0.0347842132,-0.001767782,-0.0348264739999999,-0.110832001,0.0,3.1402321568,0.0,1.3263696831,0.7734849576999999,0.0,0.0,0.0,0.0005323348,0.0576155542999999,0.396762432,0.4629199724,0.0375666811,0.0398713088,0.0143134038999999,0.0082204968999999,,,48.148362677,0.1605948698,0.0071133585999999,-0.138301338,-0.020156096,0.1384401531,-0.015491402,-0.020156096,,-0.033803391,0.0164104812999999,,-0.989103919,4.0,1.3263696831,0.0,0.1280218117,0.320302961,0.2958078211,,1.5294121747999998,,6.7155714155,,0.0,0.11225203,0.0,0.3996897540999999,0.3720788998,-1.256567237,0.4124533622,0.2859924219,0.0040547253,-0.01397064,0.005297559,1.0,0.0168364647,0.008752031,0.0269804406999999,0.0144926525,,,6.0,0.0137451794,2.5474299999999996e-10,0.0199818313,0.0092796035,0.3770901475,2.0397414831,2.2161624e-08,73.0,32.2
2012-11-30,4858947.9151,0.7580639962000001,0.5746610224,-0.046382785,15.447181497,0.0201194134,0.1299885642,-0.024094505,0.0994668028999999,0.2306974886,0.2175294709,0.060602565,0.9513051776,0.0658118765,-0.065811877,20.0,-0.024582989,0.5357397663,-0.916626598,,,0.114603325,0.0347842132,-0.001767782,-0.0348264739999999,-0.110832001,0.0,3.1402321568,0.0,1.3263696831,0.7734849576999999,0.0,0.0,0.0,0.0005323348,0.0576155542999999,0.396762432,0.4629199724,0.0375666811,0.0398713088,0.0143134038999999,0.0082204968999999,,,48.148362677,0.1605948698,0.0071133585999999,-0.138301338,-0.020156096,0.1384401531,-0.015491402,-0.020156096,,-0.033803391,0.0164104812999999,,-0.989103919,4.0,1.3263696831,0.0,0.1280218117,0.320302961,0.2958078211,,1.5294121747999998,,6.7155714155,,0.0,0.11225203,0.0,0.3996897540999999,0.3720788998,-1.256567237,1.8142882757,0.2127381037,0.0082172472,-0.004754029,0.0642167525,0.0,0.0063567748,0.0092003043,0.0096560234,0.0088188818999999,,,6.0,0.0150837116999999,3.829869e-10,0.0192665923,0.0089854656999999,0.3058027283,1.1390466101,2.752217e-08,73.0,32.8
2012-12-31,4958541.2321,0.7472853403,0.5584353798,0.0555244936,15.106631584,0.0184348405,0.1102125921,0.0204968899,0.0896785668,0.1512335226999999,0.2447708153999999,0.164171788,0.8845634921,0.0658118765,-0.065811877,20.0,-0.024582989,0.5357397663,-0.918131253,,,0.114603325,0.0347842132,-0.001767782,-0.0348264739999999,-0.110832001,0.0,3.1402321568,0.0,1.3263696831,0.7734849576999999,0.0,0.0,0.0,0.0005323348,0.0576155542999999,0.396762432,0.4629199724,0.0375666811,0.0398713088,0.0143134038999999,0.0082204968999999,,,48.148362677,0.1605948698,0.0071133585999999,-0.138301338,-0.020156096,0.1384401531,-0.015491402,-0.020156096,,-0.033803391,0.0164104812999999,,-0.989103919,4.0,1.3263696831,0.0,0.1280218117,0.320302961,0.2958078211,,1.5294121747999998,,6.7155714155,,0.0,0.11225203,0.0,0.3996897540999999,0.3720788998,-1.256567237,1.8142882757,0.2127381037,0.0082172472,-0.004754029,0.0642167525,0.0,0.0063567748,0.0092003043,0.0096560234,0.0088188818999999,,,6.0,0.017963693,6.319874e-10,0.0347825736,0.0147802815999999,0.4305313418,1.5770359671,2.357557e-08,73.0,31.84
2013-01-31,4813512.4237,0.7710332766,0.5944923137,-0.000252373,15.292966163,0.0182216075,0.1295510048,-0.031180797,0.1165477521,0.2080882274,0.2208258525,0.0921824377999999,0.8600381654000001,0.0658118765,-0.065811877,20.0,-0.024582989,0.5357397663,-0.930125065,,,0.114603325,0.0347842132,-0.001767782,-0.0348264739999999,-0.110832001,0.0,3.1402321568,0.0,1.3263696831,0.7734849576999999,0.0,0.0,0.0,0.0005323348,0.0576155542999999,0.396762432,0.4629199724,0.0375666811,0.0398713088,0.0143134038999999,0.0082204968999999,,,48.148362677,0.1605948698,0.0071133585999999,-0.138301338,-0.020156096,0.1384401531,-0.015491402,-0.020156096,,-0.033803391,0.0164104812999999,,-0.989103919,4.0,1.3263696831,0.0,0.1280218117,0.320302961,0.2958078211,,1.5294121747999998,,6.7155714155,,0.0,0.11225203,0.0,0.3996897540999999,0.3720788998,-1.256567237,1.8142882757,0.2127381037,0.0082172472,-0.004754029,0.0642167525,0.0,0.0063567748,0.0092003043,0.0096560234,0.0088188818999999,,,6.0,0.0155271989999999,2.748527e-10,0.0112994537,0.0081624057,0.5102439923,1.9020080904,2.2673450000000002e-08,73.0,33.44
2013-02-28,5081876.5913,0.7799169537,0.6082704547,0.0655990008,15.350617975,0.018131263,0.0604968605999999,0.0504029803,0.0510200953,0.091374684,0.3714151189,0.1045742386,1.131467507,0.0658118765,-0.065811877,20.0,-0.024582989,0.5357397663,-0.932622716,,,0.114603325,0.0347842132,-0.001767782,-0.0348264739999999,-0.110832001,0.0,3.1402321568,0.0,1.3263696831,0.7734849576999999,0.0,0.0,0.0,0.0005323348,0.0576155542999999,0.396762432,0.4629199724,0.0375666811,0.0398713088,0.0143134038999999,0.0082204968999999,,,48.148362677,0.1605948698,0.0071133585999999,-0.138301338,-0.020156096,0.1384401531,-0.015491402,-0.020156096,,-0.033803391,0.0164104812999999,,-0.989103919,4.0,1.3263696831,0.0,0.1280218117,0.320302961,0.2958078211,,1.5294121747999998,,6.7155714155,,0.0,0.11225203,0.0,0.3996897540999999,0.3720788998,-1.256567237,1.1555260342,0.2490823207,-0.005478772,0.0192597326,0.0606205604,1.0,0.0202046637999999,0.0090716134999999,0.0330379008,0.0126507105,,,6.0,0.0143621716,2.41263e-10,0.0228241012,0.0106164811,0.3704198439,2.9671625828,1.3337656999999998e-08,73.0,35.03
2013-03-28,5324454.7245,0.7734101757999999,0.5981633001,-0.023466035,15.884660583,0.0187049468,0.0761040333999999,0.0475478545,0.0124129539999999,0.097472906,0.3913241969,0.0722768531,1.2514765134,0.0658118765,-0.065811877,20.0,-0.024582989,0.5357397663,-0.94242005,,,0.114603325,0.0347842132,-0.001767782,-0.0348264739999999,-0.110832001,0.0,3.1402321568,0.0,1.3263696831,0.7734849576999999,0.0,0.0,0.0,0.0005323348,0.0576155542999999,0.396762432,0.4629199724,0.0375666811,0.0398713088,0.0143134038999999,0.0082204968999999,,,48.148362677,0.1605948698,0.0071133585999999,-0.138301338,-0.020156096,0.1384401531,-0.015491402,-0.020156096,,-0.033803391,0.0164104812999999,,-0.989103919,4.0,1.3263696831,0.0,0.1280218117,0.320302961,0.2958078211,,1.5294121747999998,,6.7155714155,,0.0,0.11225203,0.0,0.3996897540999999,0.3720788998,-1.256567237,1.1555260342,0.2490823207,-0.005478772,0.0192597326,0.0606205604,1.0,0.0202046637999999,0.0090716134999999,0.0330379008,0.0126507105,,,6.0,0.0135658756,2.202968e-10,0.0278814994,0.0099526653,0.4674991550999999,3.6391431472,1.7964095000000002e-08,73.0,35.88
2013-04-30,5518236.5243,0.7760320321999999,0.602225715,0.0112797264999999,15.736077199,0.0187563918,0.0547351838,0.024264982,0.0616760101999999,0.1425309545,0.370585551,0.0771710368,1.2692490479,0.0658118765,-0.065811877,20.0,-0.024582989,0.5357397663,-0.940054945,,,0.114603325,0.0347842132,-0.001767782,-0.0348264739999999,-0.110832001,0.0,3.1402321568,0.0,1.3263696831,0.7734849576999999,0.0,0.0,0.0,0.0005323348,0.0576155542999999,0.396762432,0.4629199724,0.0375666811,0.0398713088,0.0143134038999999,0.0082204968999999,,,48.148362677,0.1605948698,0.0071133585999999,-0.138301338,-0.020156096,0.1384401531,-0.015491402,-0.020156096,,-0.033803391,0.0164104812999999,,-0.989103919,4.0,1.3263696831,0.0,0.1280218117,0.320302961,0.2958078211,,1.5294121747999998,,6.7155714155,,0.0,0.11225203,0.0,0.3996897540999999,0.3720788998,-1.256567237,1.1555260342,0.2490823207,-0.005478772,0.0192597326,0.0606205604,1.0,0.0202046637999999,0.0090716134999999,0.0330379008,0.0126507105,,,6.0,0.0130776586,2.527722e-10,0.0121297687,0.0075548295,0.4056052907,2.4525611,2.1949417e-08,73.0,35.57
2013-05-31,5463729.8031,0.787192315,0.6196717408,0.0316826572,15.520175564,0.0187587435,0.1148540671,-0.008639948,0.1142857227,0.1956014969,0.3243601281,0.0233381914999999,1.0786530007,0.0808160756,-0.080816076,21.0,-0.231732878,0.6378207172,-0.8409424959999999,,1.1654951155,0.1000356497,0.0304705145,0.0291161717,0.0529698272,0.0663271131,0.0,-1.698992024,0.0,0.9106023363,0.8139016853000001,0.0,0.0,0.0,0.1905420454,0.0375394031,0.4463747879,0.3816128292,0.3025638091,0.037639177,0.1962369543,0.0203050841,0.3300477935,,296.65896986,0.1549698883,0.0066441456999999,-0.5679328920000001,-0.313462643,0.0522527648,0.0091938861,-0.313462643,,-0.136370143,-0.008480813,,-1.6648172719999998,4.0,0.9106023363,0.0,0.119702459,0.3312200281,0.2998947077,0.0648818542,2.5072274844,,6.0000307516,,0.0,0.1435060102,0.0,0.3613986139,0.2439822939,-1.307551374,1.1555260342,0.2490823207,-0.005478772,0.0192597326,0.0606205604,1.0,0.0202046637999999,0.0090716134999999,0.0330379008,0.0126507105,,,6.0,0.0151104948,3.35888e-10,0.0181504209,0.0097359286,0.2769627781,1.2957641063,2.046008e-08,73.0,36.45
2013-06-28,5603159.9488,0.8100554661,0.6561898582,-0.003066601,15.48635356,0.018743256,0.1935318018,0.0244587846,0.0824710613,0.2037225292,0.3795517828,0.0896195244,0.9214727331,0.0808160756,-0.080816076,21.0,-0.231732878,0.6378207172,-0.848117648,,1.1654951155,0.1000356497,0.0304705145,0.0291161717,0.0529698272,0.0663271131,0.0,-1.698992024,0.0,0.9106023363,0.8139016853000001,0.0,0.0,0.0,0.1905420454,0.0375394031,0.4463747879,0.3816128292,0.3025638091,0.037639177,0.1962369543,0.0203050841,0.3300477935,,296.65896986,0.1549698883,0.0066441456999999,-0.5679328920000001,-0.313462643,0.0522527648,0.0091938861,-0.313462643,,-0.136370143,-0.008480813,,-1.6648172719999998,4.0,0.9106023363,0.0,0.119702459,0.3312200281,0.2998947077,0.0648818542,2.5072274844,,6.0000307516,,0.0,0.1435060102,0.0,0.3613986139,0.2439822939,-1.307551374,0.4167179771,0.1688621236,1.12849e-05,0.0510369718,-0.0065761859999999,0.0,0.0075158861,0.0093678465,0.0121621848,0.0131055123,0.3314765737,0.4067611856,6.0,0.0134396327,3.815201e-10,0.0180656351,0.0093422325,0.3529532049,1.4368104718,2.4978267000000013e-08,73.0,35.75
2013-07-31,5497063.0,0.8123362122,0.6598901215999999,0.0412308571,15.310079226,0.0187018168,0.2034988121,-0.0189352,0.1446377038,0.2381922664,0.4101580834,0.0250578908999999,0.8897297017,0.0808160756,-0.080816076,21.0,-0.231732878,0.5197215214,-1.090081339,,1.1654951155,0.1000356497,0.0304705145,0.0291161717,0.0529698272,0.0663271131,0.0,-1.698992024,0.0,0.9106023363,0.8139016853000001,0.0,0.0,0.0,0.1905420454,0.0375394031,0.4463747879,0.3816128292,0.3025638091,0.037639177,0.1962369543,0.0203050841,0.3300477935,,296.65896986,0.1549698883,0.0066441456999999,-0.5679328920000001,-0.313462643,0.0522527648,0.0091938861,-0.313462643,,-0.136370143,-0.008480813,,-1.6648172719999998,4.0,0.9106023363,0.0,0.119702459,0.3312200281,0.2998947077,0.0648818542,2.5072274844,,6.0000307516,,0.0,0.1435060102,0.0,0.3613986139,0.2439822939,-1.307551374,0.4167179771,0.1688621236,1.12849e-05,0.0510369718,-0.0065761859999999,0.0,0.0075158861,0.0093678465,0.0121621848,0.0131055123,0.3314765737,0.4067611856,6.0,0.0162614788999999,3.525378e-10,0.0118784616,0.0095145811,0.370489946,2.2640720088,2.3992717e-08,73.0,37.04
2013-08-30,5717050.0613,0.7953129245999999,0.6325226481,0.003660935,15.42731846,0.0179111887,0.2658084591,0.0360839404,0.0690789928,0.1802574782,0.3869047989999999,0.1024264001999999,0.7842728356,0.0808160756,-0.080816076,21.0,-0.231732878,0.5197215214,-1.079732403,,1.1654951155,0.1000356497,0.0304705145,0.0291161717,0.0529698272,0.0663271131,0.0,-1.698992024,0.0,0.9106023363,0.8139016853000001,0.0,0.0,0.0,0.1905420454,0.0375394031,0.4463747879,0.3816128292,0.3025638091,0.037639177,0.1962369543,0.0203050841,0.3300477935,,296.65896986,0.1549698883,0.0066441456999999,-0.5679328920000001,-0.313462643,0.0522527648,0.0091938861,-0.313462643,,-0.136370143,-0.008480813,,-1.6648172719999998,4.0,0.9106023363,0.0,0.119702459,0.3312200281,0.2998947077,0.0648818542,2.5072274844,,6.0000307516,,0.0,0.1435060102,0.0,0.3613986139,0.2439822939,-1.307551374,0.5174060683,0.1368881242,-0.0046459529999999,-0.021325521,0.0351081108999999,1.0,0.0168581965,0.0093394759,0.0279499506,0.0097682415,0.4913734088,0.5046019785,6.0,0.0138431271,4.275574e-10,0.0165562481,0.0089596118,0.3663145304,1.0953632555,3.0350156e-08,73.0,36.26
2013-09-30,5598833.8208,0.7850105131999999,0.6162415059,-0.025438269,15.132693637,0.0180493302,0.327885776,-0.021058384,0.0573794512,0.1214048531,0.4448818058,0.0748436695,0.7525819042,0.0808160756,-0.080816076,21.0,-0.231732878,0.5197215214,-1.104214482,,1.1654951155,0.1000356497,0.0304705145,0.0291161717,0.0529698272,0.0663271131,0.0,-1.698992024,0.0,0.9106023363,0.8139016853000001,0.0,0.0,0.0,0.1905420454,0.0375394031,0.4463747879,0.3816128292,0.3025638091,0.037639177,0.1962369543,0.0203050841,0.3300477935,,296.65896986,0.1549698883,0.0066441456999999,-0.5679328920000001,-0.313462643,0.0522527648,0.0091938861,-0.313462643,,-0.136370143,-0.008480813,,-1.6648172719999998,4.0,0.9106023363,0.0,0.119702459,0.3312200281,0.2998947077,0.0648818542,2.5072274844,,6.0000307516,,0.0,0.1435060102,0.0,0.3613986139,0.2439822939,-1.307551374,0.5174060683,0.1368881242,-0.0046459529999999,-0.021325521,0.0351081108999999,1.0,0.0168581965,0.0093394759,0.0279499506,0.0097682415,0.4913734088,0.5046019785,6.0,0.0145412342,4.006842e-10,0.0267278031,0.0107616855,0.3059839409,1.0944772637,2.8516968e-08,73.0,37.7
2013-10-31,5821181.7178,0.7847564809,0.6158427343,-0.036712932,15.177281344,0.0182157178,0.2735628442,0.0397132523,0.0105907812,0.0989543728,0.3320548441,0.0813333555999999,0.7608144309,0.0808160756,-0.080816076,21.0,-0.231732878,0.5197215214,-1.047989322,,1.1654951155,0.1000356497,0.0304705145,0.0291161717,0.0529698272,0.0663271131,0.0,-1.698992024,0.0,0.9106023363,0.8139016853000001,0.0,0.0,0.0,0.1905420454,0.0375394031,0.4463747879,0.3816128292,0.3025638091,0.037639177,0.1962369543,0.0203050841,0.3300477935,,296.65896986,0.1549698883,0.0066441456999999,-0.5679328920000001,-0.313462643,0.0522527648,0.0091938861,-0.313462643,,-0.136370143,-0.008480813,,-1.6648172719999998,4.0,0.9106023363,0.0,0.119702459,0.3312200281,0.2998947077,0.0648818542,2.5072274844,,6.0000307516,,0.0,0.1435060102,0.0,0.3613986139,0.2439822939,-1.307551374,0.5174060683,0.1368881242,-0.0046459529999999,-0.021325521,0.0351081108999999,1.0,0.0168581965,0.0093394759,0.0279499506,0.0097682415,0.4913734088,0.5046019785,6.0,0.0146000827,3.267702e-10,0.0150619326,0.0089740755,0.5131163031,2.6129494699,2.3544379e-08,73.0,36.45
2013-11-29,5614834.6977,0.7888176645999999,0.622233308,-0.080761851,15.503471644,0.0181925746,0.4202855393,-0.033952322,0.0598819534,0.1708074514,0.2587959742,0.0781479065,0.8052591635999999,0.0808160756,-0.080816076,21.0,-0.231732878,0.5197215214,-1.052762976,,1.1654951155,0.1000356497,0.0304705145,0.0291161717,0.0529698272,0.0663271131,0.0,-1.698992024,0.0,0.9106023363,0.8139016853000001,0.0,0.0,0.0,0.1905420454,0.0375394031,0.4463747879,0.3816128292,0.3025638091,0.037639177,0.1962369543,0.0203050841,0.3300477935,,296.65896986,0.1549698883,0.0066441456999999,-0.5679328920000001,-0.313462643,0.0522527648,0.0091938861,-0.313462643,,-0.136370143,-0.008480813,,-1.6648172719999998,4.0,0.9106023363,0.0,0.119702459,0.3312200281,0.2998947077,0.0648818542,2.5072274844,,6.0000307516,,0.0,0.1435060102,0.0,0.3613986139,0.2439822939,-1.307551374,0.08032743,0.1661470135,0.0041388902,-0.02142285,0.0046408206,0.0,0.0170849929,0.0093255797,0.0263976950999999,0.0122070457,0.4016072239,0.4126559996,6.0,0.0191972102,5.791289e-10,0.0225522462,0.015411856,0.4349058093,2.0626168828,2.4203723e-08,73.0,36.63
2013-12-31,5647210.6347,0.7890866628000001,0.6226577614,-0.10373287,15.30143686,0.0185867754,0.4314670215999999,0.0057661426,-0.00054886,0.1083383310999999,0.2790969292,0.0826065815,0.7590626073000001,0.0808160756,-0.080816076,21.0,-0.231732878,0.5197215214,-1.054849833,,1.1654951155,0.1000356497,0.0304705145,0.0291161717,0.0529698272,0.0663271131,0.0,-1.698992024,0.0,0.9106023363,0.8139016853000001,0.0,0.0,0.0,0.1905420454,0.0375394031,0.4463747879,0.3816128292,0.3025638091,0.037639177,0.1962369543,0.0203050841,0.3300477935,,296.65896986,0.1549698883,0.0066441456999999,-0.5679328920000001,-0.313462643,0.0522527648,0.0091938861,-0.313462643,,-0.136370143,-0.008480813,,-1.6648172719999998,4.0,0.9106023363,0.0,0.119702459,0.3312200281,0.2998947077,0.0648818542,2.5072274844,,6.0000307516,,0.0,0.1435060102,0.0,0.3613986139,0.2439822939,-1.307551374,0.08032743,0.1661470135,0.0041388902,-0.02142285,0.0046408206,0.0,0.0170849929,0.0093255797,0.0263976950999999,0.0122070457,0.4016072239,0.4126559996,6.0,0.0157399797,4.466243e-10,0.0156162176,0.0079415797,0.3545534404,1.0161568713,3.891058e-08,73.0,40.57
2014-01-31,6261695.4629,0.7827913311,0.6127622681,0.0118614053,14.970753764,0.0184715417,0.4732605064,0.1075620650999999,0.0246154154,0.1506059797,0.1830323294,0.0881872369999999,0.8845348113,0.0808160756,-0.080816076,21.0,-0.231732878,0.5197215214,-1.052959417,,1.1654951155,0.1000356497,0.0304705145,0.0291161717,0.0529698272,0.0663271131,0.0,-1.698992024,0.0,0.9106023363,0.8139016853000001,0.0,0.0,0.0,0.1905420454,0.0375394031,0.4463747879,0.3816128292,0.3025638091,0.037639177,0.1962369543,0.0203050841,0.3300477935,,296.65896986,0.1549698883,0.0066441456999999,-0.5679328920000001,-0.313462643,0.0522527648,0.0091938861,-0.313462643,,-0.136370143,-0.008480813,,-1.6648172719999998,4.0,0.9106023363,0.0,0.119702459,0.3312200281,0.2998947077,0.0648818542,2.5072274844,,6.0000307516,,0.0,0.1435060102,0.0,0.3613986139,0.2439822939,-1.307551374,0.08032743,0.1661470135,0.0041388902,-0.02142285,0.0046408206,0.0,0.0170849929,0.0093255797,0.0263976950999999,0.0122070457,0.4016072239,0.4126559996,6.0,0.0149261445,2.20558e-10,0.0249315035,0.0083253328,0.4622393286,2.8195585261,1.6714463e-08,73.0,39.86
2014-02-28,6012562.2121,0.7871041146,0.6195328873,-0.031521676,15.86966918,0.0185894606,0.4568115936999999,-0.0175005939999999,0.0953023411,0.2132177448999999,0.2325838505999999,0.0587507439,0.9225552296,0.0808160756,-0.080816076,21.0,-0.231732878,0.5197215214,-1.058688996,,1.1654951155,0.1000356497,0.0304705145,0.0291161717,0.0529698272,0.0663271131,0.0,-1.698992024,0.0,0.9106023363,0.8139016853000001,0.0,0.0,0.0,0.1905420454,0.0375394031,0.4463747879,0.3816128292,0.3025638091,0.037639177,0.1962369543,0.0203050841,0.3300477935,,296.65896986,0.1549698883,0.0066441456999999,-0.5679328920000001,-0.313462643,0.0522527648,0.0091938861,-0.313462643,,-0.136370143,-0.008480813,,-1.6648172719999998,4.0,0.9106023363,0.0,0.119702459,0.3312200281,0.2998947077,0.0648818542,2.5072274844,,6.0000307516,,0.0,0.1435060102,0.0,0.3613986139,0.2439822939,-1.307551374,-0.016615044,0.2080857703999999,0.0052841995,-0.0236847429999999,0.0028502810999999,0.0,0.0127588263,0.0093514918,0.0193769239,0.0068563333,0.3727981647,0.3784630417,6.0,0.0133998137,3.200111e-10,0.0132532817999999,0.0100206651,0.2519057221,1.1962581946,2.1734211e-08,73.0,40.4
2014-03-31,6224993.8351,0.7761059288,0.6023404125999999,0.0790627451,15.587051696,0.0185224111,0.4296835789,0.0135474391,0.0992830235999999,0.1378818718,0.2637085101999999,0.0420078787,1.0900850618,0.0808160756,-0.080816076,21.0,-0.231732878,0.5197215214,-1.063948432,,1.1654951155,0.1000356497,0.0304705145,0.0291161717,0.0529698272,0.0663271131,0.0,-1.698992024,0.0,0.9106023363,0.8139016853000001,0.0,0.0,0.0,0.1905420454,0.0375394031,0.4463747879,0.3816128292,0.3025638091,0.037639177,0.1962369543,0.0203050841,0.3300477935,,296.65896986,0.1549698883,0.0066441456999999,-0.5679328920000001,-0.313462643,0.0522527648,0.0091938861,-0.313462643,,-0.136370143,-0.008480813,,-1.6648172719999998,4.0,0.9106023363,0.0,0.119702459,0.3312200281,0.2998947077,0.0648818542,2.5072274844,,6.0000307516,,0.0,0.1435060102,0.0,0.3613986139,0.2439822939,-1.307551374,-0.016615044,0.2080857703999999,0.0052841995,-0.0236847429999999,0.0028502810999999,0.0,0.0127588263,0.0093514918,0.0193769239,0.0068563333,0.3727981647,0.3784630417,6.0,0.0176113114,3.031942e-10,0.0184895582,0.0135178859,0.4385741779,2.2779095916,2.1311274e-08,73.0,38.41
2014-04-30,5918366.4165,0.765678671,0.5862638272,-0.031891761,15.707140317,0.0185086389,0.4305375986999999,-0.049257465,0.0716180551999999,0.1259754824,0.2976492523,0.0704240139,1.0434520308,0.0808160756,-0.080816076,21.0,-0.231732878,0.5197215214,-1.029442109,,1.1654951155,0.1000356497,0.0304705145,0.0291161717,0.0529698272,0.0663271131,0.0,-1.698992024,0.0,0.9106023363,0.8139016853000001,0.0,0.0,0.0,0.1905420454,0.0375394031,0.4463747879,0.3816128292,0.3025638091,0.037639177,0.1962369543,0.0203050841,0.3300477935,,296.65896986,0.1549698883,0.0066441456999999,-0.5679328920000001,-0.313462643,0.0522527648,0.0091938861,-0.313462643,,-0.136370143,-0.008480813,,-1.6648172719999998,4.0,0.9106023363,0.0,0.119702459,0.3312200281,0.2998947077,0.0648818542,2.5072274844,,6.0000307516,,0.0,0.1435060102,0.0,0.3613986139,0.2439822939,-1.307551374,-0.016615044,0.2080857703999999,0.0052841995,-0.0236847429999999,0.0028502810999999,0.0,0.0127588263,0.0093514918,0.0193769239,0.0068563333,0.3727981647,0.3784630417,6.0,0.01457897,2.562874e-10,0.0185743384,0.0109034346999999,0.28237066,1.5726924835,1.8591855e-08,73.0,37.62
2014-05-30,5820077.1748,0.7761290242000001,0.6023762622,0.0090524504,15.707403252,0.0185974981,0.3888223590999999,-0.020567585,0.0546403555,0.0798425689,0.2986491696,0.0704203757,1.0164604,0.0585205049,-0.058520505,22.0,-0.050939374,0.5792603726,-0.971476759,0.2742135932,1.301688782,0.0884629738,0.0402769439,0.0191690926,0.0216701237,-0.04236309,0.0,-0.23520523,0.0,1.1840334478,0.9485020243,0.0,0.0,0.0,0.1145591413,0.0441330869,0.4048838669,0.1414944633,0.0152580511,0.0353751108,0.0534529367999999,0.0116600798,0.2797335996,-0.020594443,-394.0127764,0.1592126607,0.0062548807999999,0.1969392113,0.3002749945,0.1653766559999999,-0.0001808759999999,0.3002749945,,0.2426230080999999,0.0093970123,,-1.004459241,7.0,1.1840334478,0.0,0.1191837342,0.3410418028,0.2809608758,0.0681349944,1.9191464349,,7.664120050299999,0.0,0.0,0.1174231229,0.0,0.349469576,0.3008109986,-0.777526369,-0.016615044,0.2080857703999999,0.0052841995,-0.0236847429999999,0.0028502810999999,0.0,0.0127588263,0.0093514918,0.0193769239,0.0068563333,0.3727981647,0.3784630417,6.0,0.0177309813,4.265205e-10,0.017031556,0.01164012,0.3603951647,1.7568416039,2.3770362e-08,73.0,38.49
2014-06-30,5955750.4097,0.7868911978,0.6191977572,0.0455639476999999,15.441099044,0.0185951698,0.224660705,0.0231260713,0.0270269666,0.0323820062,0.3328456008,0.0529613106,0.9293997264,0.0585205049,-0.058520505,22.0,-0.050939374,0.5792603726,-0.971650723,0.2742135932,1.301688782,0.0884629738,0.0402769439,0.0191690926,0.0216701237,-0.04236309,0.0,-0.23520523,0.0,1.1840334478,0.9485020243,0.0,0.0,0.0,0.1145591413,0.0441330869,0.4048838669,0.1414944633,0.0152580511,0.0353751108,0.0534529367999999,0.0116600798,0.2797335996,-0.020594443,-394.0127764,0.1592126607,0.0062548807999999,0.1969392113,0.3002749945,0.1653766559999999,-0.0001808759999999,0.3002749945,,0.2426230080999999,0.0093970123,,-1.004459241,7.0,1.1840334478,0.0,0.1191837342,0.3410418028,0.2809608758,0.0681349944,1.9191464349,,7.664120050299999,0.0,0.0,0.1174231229,0.0,0.349469576,0.3008109986,-0.777526369,1.2424921986,0.2345621121,-0.002768793,0.0047292802,0.0266073439,1.0,0.0132657972,0.0090723306999999,0.0207921407,0.0090228832,0.3344172823999999,0.3391157409,6.0,0.0175819289,3.083556e-10,0.0180851147,0.0081198273,0.3685429308,1.5996553811,2.605657e-08,73.0,38.82
2014-07-31,6006812.6528,0.7710187912,0.5944699764,-0.177960486,15.376004985,0.0184598927,0.2236713967,0.0085736038,-0.051269361,0.0766434041,0.3905095879999999,0.0648481382,0.8115156109999999,0.0585205049,-0.058520505,22.0,-0.050939374,0.4452910584,-0.77579642,0.2742135932,1.301688782,0.0884629738,0.0402769439,0.0191690926,0.0216701237,-0.04236309,0.0,-0.23520523,0.0,1.1840334478,0.9485020243,0.0,0.0,0.0,0.1145591413,0.0441330869,0.4048838669,0.1414944633,0.0152580511,0.0353751108,0.0534529367999999,0.0116600798,0.2797335996,-0.020594443,-394.0127764,0.1592126607,0.0062548807999999,0.1969392113,0.3002749945,0.1653766559999999,-0.0001808759999999,0.3002749945,,0.2426230080999999,0.0093970123,,-1.004459241,7.0,1.1840334478,0.0,0.1191837342,0.3410418028,0.2809608758,0.0681349944,1.9191464349,,7.664120050299999,0.0,0.0,0.1174231229,0.0,0.349469576,0.3008109986,-0.777526369,1.2424921986,0.2345621121,-0.002768793,0.0047292802,0.0266073439,1.0,0.0132657972,0.0090723306999999,0.0207921407,0.0090228832,0.3344172823999999,0.3391157409,6.0,0.0125866187,2.759557e-10,0.0283986814,0.0080113635,0.294503739,1.1742818053,2.6833161e-08,73.0,37.77
2014-08-29,5878447.3312,0.7523907469,0.5660918361,-0.128567419,15.355323607,0.0175595037,0.1669904076,-0.027047895,-0.02609134,0.0480561234,0.5452650012,0.060790784,0.824220605,0.0585205049,-0.058520505,22.0,-0.050939374,0.4452910584,-0.7771767759999999,0.2742135932,1.301688782,0.0884629738,0.0402769439,0.0191690926,0.0216701237,-0.04236309,0.0,-0.23520523,0.0,1.1840334478,0.9485020243,0.0,0.0,0.0,0.1145591413,0.0441330869,0.4048838669,0.1414944633,0.0152580511,0.0353751108,0.0534529367999999,0.0116600798,0.2797335996,-0.020594443,-394.0127764,0.1592126607,0.0062548807999999,0.1969392113,0.3002749945,0.1653766559999999,-0.0001808759999999,0.3002749945,,0.2426230080999999,0.0093970123,,-1.004459241,7.0,1.1840334478,0.0,0.1191837342,0.3410418028,0.2809608758,0.0681349944,1.9191464349,,7.664120050299999,0.0,0.0,0.1174231229,0.0,0.349469576,0.3008109986,-0.777526369,0.521726675,0.2130295247,0.0004178537,-0.003540008,-0.027701001,2.0,0.0155303991,0.0047537832,0.0242787929999999,0.0006211167,0.3526404839,0.3530449979999999,6.0,0.0126540441999999,2.302734e-10,0.0129332645,0.0077235359,0.2946356526,1.2606970359,2.1757437000000005e-08,73.0,40.9
2014-09-30,6373283.6378,0.7858377832,0.6175410215,-0.1017992569999999,15.49135104,0.0173394556,0.1258116099,0.0828700289,-0.065099033,0.0416437458,0.4010819038,-0.1114554169999999,0.8051287975,0.0585205049,-0.058520505,22.0,-0.050939374,0.4452910584,-0.759961676,0.2742135932,1.301688782,0.0884629738,0.0402769439,0.0191690926,0.0216701237,-0.04236309,0.0,-0.23520523,0.0,1.1840334478,0.9485020243,0.0,0.0,0.0,0.1145591413,0.0441330869,0.4048838669,0.1414944633,0.0152580511,0.0353751108,0.0534529367999999,0.0116600798,0.2797335996,-0.020594443,-394.0127764,0.1592126607,0.0062548807999999,0.1969392113,0.3002749945,0.1653766559999999,-0.0001808759999999,0.3002749945,,0.2426230080999999,0.0093970123,,-1.004459241,7.0,1.1840334478,0.0,0.1191837342,0.3410418028,0.2809608758,0.0681349944,1.9191464349,,7.664120050299999,0.0,0.0,0.1174231229,0.0,0.349469576,0.3008109986,-0.777526369,0.521726675,0.2130295247,0.0004178537,-0.003540008,-0.027701001,2.0,0.0155303991,0.0047537832,0.0242787929999999,0.0006211167,0.3526404839,0.3530449979999999,6.0,0.0154258939999999,2.723306e-10,0.0623409859999999,0.0150856023,0.4774028522999999,2.23414617,2.8261809e-08,73.0,39.695
2014-10-31,6185513.0224,0.7725247208,0.5967944443,0.0146219585,15.361850357,0.0174147808,0.0894725238,-0.029462146,0.0648269108,0.084880654,0.5476190486,-0.03046786,0.7758236356,0.0585205049,-0.058520505,22.0,-0.050939374,0.4452910584,-0.8208709559999999,0.2742135932,1.301688782,0.0884629738,0.0402769439,0.0191690926,0.0216701237,-0.04236309,0.0,-0.23520523,0.0,1.1840334478,0.9485020243,0.0,0.0,0.0,0.1145591413,0.0441330869,0.4048838669,0.1414944633,0.0152580511,0.0353751108,0.0534529367999999,0.0116600798,0.2797335996,-0.020594443,-394.0127764,0.1592126607,0.0062548807999999,0.1969392113,0.3002749945,0.1653766559999999,-0.0001808759999999,0.3002749945,,0.2426230080999999,0.0093970123,,-1.004459241,7.0,1.1840334478,0.0,0.1191837342,0.3410418028,0.2809608758,0.0681349944,1.9191464349,,7.664120050299999,0.0,0.0,0.1174231229,0.0,0.349469576,0.3008109986,-0.777526369,0.521726675,0.2130295247,0.0004178537,-0.003540008,-0.027701001,2.0,0.0155303991,0.0047537832,0.0242787929999999,0.0006211167,0.3526404839,0.3530449979999999,6.0,0.0117239566,3.701626e-10,0.0139740054,0.0080616318,0.4214134993,1.5800877793,3.0407765e-08,73.0,40.98
2014-11-28,6391445.6286,0.8153324840999999,0.6647670596,0.0563652612,15.259573198,0.0172814338,0.0128643106,0.0323718302,0.0551568533,0.0899231643,0.3584483056,-0.000579653,0.7697731329,0.0585205049,-0.058520505,22.0,-0.050939374,0.4452910584,-0.253518266,0.2742135932,1.301688782,0.0884629738,0.0402769439,0.0191690926,0.0216701237,-0.04236309,0.0,-0.23520523,0.0,1.1840334478,0.9485020243,0.0,0.0,0.0,0.1145591413,0.0441330869,0.4048838669,0.1414944633,0.0152580511,0.0353751108,0.0534529367999999,0.0116600798,0.2797335996,-0.020594443,-394.0127764,0.1592126607,0.0062548807999999,0.1969392113,0.3002749945,0.1653766559999999,-0.0001808759999999,0.3002749945,,0.2426230080999999,0.0093970123,,-1.004459241,7.0,1.1840334478,0.0,0.1191837342,0.3410418028,0.2809608758,0.0681349944,1.9191464349,,7.664120050299999,0.0,0.0,0.1174231229,0.0,0.349469576,0.3008109986,-0.777526369,0.2403800787,0.1801614986,-0.003238439,0.0093815604,0.0206022079,0.0,0.0151036840999999,0.0047532021,0.0224272682,0.0031683428,0.3266276049,0.327042835,6.0,0.0184290331,5.009109e-10,0.0222958345,0.015316947,0.4515423567,1.9901333243,2.1381013e-08,73.0,43.39
2014-12-31,6767321.2548,0.9189613404,0.8444899451000001,0.0765276609,15.55270563,0.0171356504,0.0028944463,0.0588091724,0.0646920671,0.1187550706,0.3096175243,-0.006290761,0.7032999570999999,0.0585205049,-0.058520505,22.0,-0.050939374,0.4452910584,-0.254567048,0.2742135932,1.301688782,0.0884629738,0.0402769439,0.0191690926,0.0216701237,-0.04236309,0.0,-0.23520523,0.0,1.1840334478,0.9485020243,0.0,0.0,0.0,0.1145591413,0.0441330869,0.4048838669,0.1414944633,0.0152580511,0.0353751108,0.0534529367999999,0.0116600798,0.2797335996,-0.020594443,-394.0127764,0.1592126607,0.0062548807999999,0.1969392113,0.3002749945,0.1653766559999999,-0.0001808759999999,0.3002749945,,0.2426230080999999,0.0093970123,,-1.004459241,7.0,1.1840334478,0.0,0.1191837342,0.3410418028,0.2809608758,0.0681349944,1.9191464349,,7.664120050299999,0.0,0.0,0.1174231229,0.0,0.349469576,0.3008109986,-0.777526369,0.2403800787,0.1801614986,-0.003238439,0.0093815604,0.0206022079,0.0,0.0151036840999999,0.0047532021,0.0224272682,0.0031683428,0.3266276049,0.327042835,6.0,0.0109947187,2.708251e-10,0.0086647281,0.0044003569,0.2708759641,0.7442972420999999,4.6259910999999993e-08,73.0,43.47
2015-01-30,6655387.5969,0.9581859938,0.9181203987,0.162918975,15.029976859,0.0170315173,-0.036502236,0.0018437851,0.1177228138,0.0695094818,0.4915440695,0.0012090112,0.7980454894,0.0585205049,-0.058520505,22.0,-0.050939374,0.4452910584,-0.259748852,0.2742135932,1.301688782,0.0884629738,0.0402769439,0.0191690926,0.0216701237,-0.04236309,0.0,-0.23520523,0.0,1.1840334478,0.9485020243,0.0,0.0,0.0,0.1145591413,0.0441330869,0.4048838669,0.1414944633,0.0152580511,0.0353751108,0.0534529367999999,0.0116600798,0.2797335996,-0.020594443,-394.0127764,0.1592126607,0.0062548807999999,0.1969392113,0.3002749945,0.1653766559999999,-0.0001808759999999,0.3002749945,,0.2426230080999999,0.0093970123,,-1.004459241,7.0,1.1840334478,0.0,0.1191837342,0.3410418028,0.2809608758,0.0681349944,1.9191464349,,7.664120050299999,0.0,0.0,0.1174231229,0.0,0.349469576,0.3008109986,-0.777526369,0.2403800787,0.1801614986,-0.003238439,0.0093815604,0.0206022079,0.0,0.0151036840999999,0.0047532021,0.0224272682,0.0031683428,0.3266276049,0.327042835,6.0,0.0187495727,3.044308e-10,0.0383721292,0.014115757,0.4084338588,1.769255589,2.0291650000000005e-08,73.0,42.99
2015-02-27,6597116.6876,0.9739723125,0.9486220656,0.1906384729,15.697940278,0.0170920499,-0.028749627,-0.0110420869999999,0.1509134402,0.0905669978999999,0.3664724211999999,0.0305912056,0.7605392779000001,0.0585205049,-0.058520505,22.0,-0.050939374,0.4452910584,-0.260057747,0.2742135932,1.301688782,0.0884629738,0.0402769439,0.0191690926,0.0216701237,-0.04236309,0.0,-0.23520523,0.0,1.1840334478,0.9485020243,0.0,0.0,0.0,0.1145591413,0.0441330869,0.4048838669,0.1414944633,0.0152580511,0.0353751108,0.0534529367999999,0.0116600798,0.2797335996,-0.020594443,-394.0127764,0.1592126607,0.0062548807999999,0.1969392113,0.3002749945,0.1653766559999999,-0.0001808759999999,0.3002749945,,0.2426230080999999,0.0093970123,,-1.004459241,7.0,1.1840334478,0.0,0.1191837342,0.3410418028,0.2809608758,0.0681349944,1.9191464349,,7.664120050299999,0.0,0.0,0.1174231229,0.0,0.349469576,0.3008109986,-0.777526369,0.7194851592,0.1986930928999999,-0.000177219,0.0195815554,0.0695062748,1.0,0.0143965534,0.0047399052,0.0224917175,0.00661178,0.3351723298,0.3355726795,6.0,0.0205358141,3.654406e-10,0.0174404401,0.0106150362,0.1967086796,0.7716779145999999,2.7479313e-08,73.0,46.41
2015-03-31,7132613.6465,1.0001367291,1.000273477,0.1223425398,15.471891070999998,0.0171255733,-0.112649624,0.0795533359,0.0511002457,0.0641089112,0.3258944057,0.0078036164,0.8858198807,0.0585205049,-0.058520505,22.0,-0.050939374,0.4452910584,-0.264125901,0.2742135932,1.301688782,0.0884629738,0.0402769439,0.0191690926,0.0216701237,-0.04236309,0.0,-0.23520523,0.0,1.1840334478,0.9485020243,0.0,0.0,0.0,0.1145591413,0.0441330869,0.4048838669,0.1414944633,0.0152580511,0.0353751108,0.0534529367999999,0.0116600798,0.2797335996,-0.020594443,-394.0127764,0.1592126607,0.0062548807999999,0.1969392113,0.3002749945,0.1653766559999999,-0.0001808759999999,0.3002749945,,0.2426230080999999,0.0093970123,,-1.004459241,7.0,1.1840334478,0.0,0.1191837342,0.3410418028,0.2809608758,0.0681349944,1.9191464349,,7.664120050299999,0.0,0.0,0.1174231229,0.0,0.349469576,0.3008109986,-0.777526369,0.7194851592,0.1986930928999999,-0.000177219,0.0195815554,0.0695062748,1.0,0.0143965534,0.0047399052,0.0224917175,0.00661178,0.3351723298,0.3355726795,6.0,0.0144791612,2.321806e-10,0.030336557,0.0101543864,0.3758700586,1.9376564256,2.6111065e-08,73.0,46.32
2015-04-30,7118781.7931,0.9961865746,0.9923876915,0.1334427655,15.653466661,0.0175105365,-0.012553255,-0.00193924,0.1691648826,0.2082790895,0.2527723475,-0.003798236,0.8447594601,0.0585205049,-0.058520505,22.0,-0.050939374,0.4452910584,-0.265273732,0.2742135932,1.301688782,0.0884629738,0.0402769439,0.0191690926,0.0216701237,-0.04236309,0.0,-0.23520523,0.0,1.1840334478,0.9485020243,0.0,0.0,0.0,0.1145591413,0.0441330869,0.4048838669,0.1414944633,0.0152580511,0.0353751108,0.0534529367999999,0.0116600798,0.2797335996,-0.020594443,-394.0127764,0.1592126607,0.0062548807999999,0.1969392113,0.3002749945,0.1653766559999999,-0.0001808759999999,0.3002749945,,0.2426230080999999,0.0093970123,,-1.004459241,7.0,1.1840334478,0.0,0.1191837342,0.3410418028,0.2809608758,0.0681349944,1.9191464349,,7.664120050299999,0.0,0.0,0.1174231229,0.0,0.349469576,0.3008109986,-0.777526369,0.7194851592,0.1986930928999999,-0.000177219,0.0195815554,0.0695062748,1.0,0.0143965534,0.0047399052,0.0224917175,0.00661178,0.3351723298,0.3355726795,6.0,0.0121148249,2.753522e-10,0.0144388508,0.0091446939,0.3048674786,1.3219732707,2.2529105e-08,73.0,46.88
2015-05-29,7268931.6856,1.007263896,1.0145805561,0.0546584942,15.65347349,0.0167702663,0.0590606026999999,0.0120898401,0.1303074693,0.2312599899,0.2535820985999999,-0.080033809,0.8477693166,0.0638964604,-0.06389646,23.0,-0.095565545,0.48807388,-0.223806515,0.2747427269,1.6849368306,0.0862016241,0.0454928925,-0.000833796,0.0116495534,-0.084558595,0.0,-0.159149192,0.0,1.0850731814,0.7740969418000001,0.0,0.0,0.0,0.0960783308,0.0405423142,0.4057424577,0.9057592589,0.1202782789,0.0315616028,0.1006648781,0.0222820483,0.2690047105,0.0946552337,55.560292442,0.1457746133,0.0062094412,0.1075876569999999,-0.083578945,-0.183874233,0.0046217976,-0.083578945,,-0.2276015519999999,-0.022382264,,-1.126213705,5.0,1.0850731814,0.0,0.1124578122,0.3493452159,0.2990283007,0.0621839985,2.0871894027,,6.2972206154,0.0,0.0,0.048546183,0.0,0.3219102682999999,0.2832456326,-0.915154158,0.7194851592,0.1986930928999999,-0.000177219,0.0195815554,0.0695062748,1.0,0.0143965534,0.0047399052,0.0224917175,0.00661178,0.3351723298,0.3355726795,7.0,0.0119522662999999,2.300676e-10,0.012125155,0.007808438,0.2568745766,1.0473825443,2.5962073e-08,73.0,49.89
2015-06-30,7737290.3353,0.9793530525,0.9591324014,0.0224983713,15.570615470999998,0.0167784056,0.0699266121,0.0642064437,0.0804333168,0.2179786648999999,0.3025381667,-0.055426575,0.8754677482,0.0638964604,-0.06389646,23.0,-0.095565545,0.48807388,-0.223922412,0.2747427269,1.6849368306,0.0862016241,0.0454928925,-0.000833796,0.0116495534,-0.084558595,0.0,-0.159149192,0.0,1.0850731814,0.7740969418000001,0.0,0.0,0.0,0.0960783308,0.0405423142,0.4057424577,0.9057592589,0.1202782789,0.0315616028,0.1006648781,0.0222820483,0.2690047105,0.0946552337,55.560292442,0.1457746133,0.0062094412,0.1075876569999999,-0.083578945,-0.183874233,0.0046217976,-0.083578945,,-0.2276015519999999,-0.022382264,,-1.126213705,5.0,1.0850731814,0.0,0.1124578122,0.3493452159,0.2990283007,0.0621839985,2.0871894027,,6.2972206154,0.0,0.0,0.048546183,0.0,0.3219102682999999,0.2832456326,-0.915154158,1.0890079195,0.2064207321999999,-0.000572158,0.0496131817,0.0389647698,0.0,0.0137416887999999,0.0044371306,0.0208457594,0.0053410451,0.316362904,0.3166093159,7.0,0.0140676187,2.315644e-10,0.0237510204,0.0091974209,0.4057192042999999,1.8995140452,2.2876522e-08,73.0,50.65
2015-07-31,7855156.7866,0.9447255516,0.8925063679,0.0453877237,15.816691715,0.016715617,0.0305005895,0.0152335567,0.1476880076999999,0.2851622714,0.3190621627,0.0117374443,0.9436602556,0.0638964604,-0.06389646,23.0,-0.095565545,0.4592024064,-0.341702212,0.2747427269,1.6849368306,0.0862016241,0.0454928925,-0.000833796,0.0116495534,-0.084558595,0.0,-0.159149192,0.0,1.0850731814,0.7740969418000001,0.0,0.0,0.0,0.0960783308,0.0405423142,0.4057424577,0.9057592589,0.1202782789,0.0315616028,0.1006648781,0.0222820483,0.2690047105,0.0946552337,55.560292442,0.1457746133,0.0062094412,0.1075876569999999,-0.083578945,-0.183874233,0.0046217976,-0.083578945,,-0.2276015519999999,-0.022382264,,-1.126213705,5.0,1.0850731814,0.0,0.1124578122,0.3493452159,0.2990283007,0.0621839985,2.0871894027,,6.2972206154,0.0,0.0,0.048546183,0.0,0.3219102682999999,0.2832456326,-0.915154158,1.0890079195,0.2064207321999999,-0.000572158,0.0496131817,0.0389647698,0.0,0.0137416887999999,0.0044371306,0.0208457594,0.0053410451,0.316362904,0.3166093159,7.0,0.0132508592,2.33449e-10,0.01503006,0.0085189016,0.4266032305,2.4862588181,1.8166389e-08,73.0,50.84
2015-08-31,7927430.3838,0.9566339456,0.9151485058,0.0443956019,15.96713912,0.0156785045,0.0836374287,0.0037512067,0.1781809551,0.3410113990999999,0.2469461673,0.0894022403999999,0.9797196056,0.0638964604,-0.06389646,23.0,-0.095565545,0.4592024064,-0.3452609579999999,0.2747427269,1.6849368306,0.0862016241,0.0454928925,-0.000833796,0.0116495534,-0.084558595,0.0,-0.159149192,0.0,1.0850731814,0.7740969418000001,0.0,0.0,0.0,0.0960783308,0.0405423142,0.4057424577,0.9057592589,0.1202782789,0.0315616028,0.1006648781,0.0222820483,0.2690047105,0.0946552337,55.560292442,0.1457746133,0.0062094412,0.1075876569999999,-0.083578945,-0.183874233,0.0046217976,-0.083578945,,-0.2276015519999999,-0.022382264,,-1.126213705,5.0,1.0850731814,0.0,0.1124578122,0.3493452159,0.2990283007,0.0621839985,2.0871894027,,6.2972206154,0.0,0.0,0.048546183,0.0,0.3219102682999999,0.2832456326,-0.915154158,0.8220363908,0.196695271,0.0018935364,-0.019516732,0.0361606174,1.0,0.0136507201,0.0044472526,0.0213302925,0.0095635723,0.3402514995,0.3410689382,7.0,0.0137248386,2.328206e-10,0.0205159894999999,0.0084152836,0.3916497849,1.5671795877,2.1986071e-08,73.0,46.93
2015-09-30,7318592.7576,0.9433251382,0.8898623162999999,-0.123514285,15.780228843,0.0155578477,0.0278574499,-0.07690794,0.0954535696,0.2430317343,0.2382683335,0.030198095,1.0558159717,0.0638964604,-0.06389646,23.0,-0.095565545,0.4592024064,-0.346062369,0.2747427269,1.6849368306,0.0862016241,0.0454928925,-0.000833796,0.0116495534,-0.084558595,0.0,-0.159149192,0.0,1.0850731814,0.7740969418000001,0.0,0.0,0.0,0.0960783308,0.0405423142,0.4057424577,0.9057592589,0.1202782789,0.0315616028,0.1006648781,0.0222820483,0.2690047105,0.0946552337,55.560292442,0.1457746133,0.0062094412,0.1075876569999999,-0.083578945,-0.183874233,0.0046217976,-0.083578945,,-0.2276015519999999,-0.022382264,,-1.126213705,5.0,1.0850731814,0.0,0.1124578122,0.3493452159,0.2990283007,0.0621839985,2.0871894027,,6.2972206154,0.0,0.0,0.048546183,0.0,0.3219102682999999,0.2832456326,-0.915154158,0.8220363908,0.196695271,0.0018935364,-0.019516732,0.0361606174,1.0,0.0136507201,0.0044472526,0.0213302925,0.0095635723,0.3402514995,0.3410689382,7.0,0.0245357752,2.904576e-10,0.0384615287,0.0215139556999999,0.4275148862,2.4296278838,1.766731e-08,73.0,46.18
2015-10-30,7201632.5076,0.9985582579,0.9971185944,-0.1699200289999999,15.970712100999998,0.0160989645999999,-0.001167236,-0.015981248,0.0131692708,0.1822647812,0.2030611011,-0.010632659,1.1167032962,0.0638964604,-0.06389646,23.0,-0.095565545,0.4592024064,-0.354686541,0.2747427269,1.6849368306,0.0862016241,0.0454928925,-0.000833796,0.0116495534,-0.084558595,0.0,-0.159149192,0.0,1.0850731814,0.7740969418000001,0.0,0.0,0.0,0.0960783308,0.0405423142,0.4057424577,0.9057592589,0.1202782789,0.0315616028,0.1006648781,0.0222820483,0.2690047105,0.0946552337,55.560292442,0.1457746133,0.0062094412,0.1075876569999999,-0.083578945,-0.183874233,0.0046217976,-0.083578945,,-0.2276015519999999,-0.022382264,,-1.126213705,5.0,1.0850731814,0.0,0.1124578122,0.3493452159,0.2990283007,0.0621839985,2.0871894027,,6.2972206154,0.0,0.0,0.048546183,0.0,0.3219102682999999,0.2832456326,-0.915154158,0.8220363908,0.196695271,0.0018935364,-0.019516732,0.0361606174,1.0,0.0136507201,0.0044472526,0.0213302925,0.0095635723,0.3402514995,0.3410689382,7.0,0.0194138812,2.307989e-10,0.031115897,0.0131598776,0.2664081861,1.6536497568,1.66091e-08,73.0,49.98
2015-11-30,7754746.789,0.9742081078,0.9490814372,-0.0778464609999999,16.016419858,0.0163196842999999,-0.0707088759999999,0.0822866857,-0.014931756,0.1268911848,0.2726707631,-0.073782602,1.1664099375,0.0638964604,-0.06389646,23.0,-0.095565545,0.4592024064,-0.353091649,0.2747427269,1.6849368306,0.0862016241,0.0454928925,-0.000833796,0.0116495534,-0.084558595,0.0,-0.159149192,0.0,1.0850731814,0.7740969418000001,0.0,0.0,0.0,0.0960783308,0.0405423142,0.4057424577,0.9057592589,0.1202782789,0.0315616028,0.1006648781,0.0222820483,0.2690047105,0.0946552337,55.560292442,0.1457746133,0.0062094412,0.1075876569999999,-0.083578945,-0.183874233,0.0046217976,-0.083578945,,-0.2276015519999999,-0.022382264,,-1.126213705,5.0,1.0850731814,0.0,0.1124578122,0.3493452159,0.2990283007,0.0621839985,2.0871894027,,6.2972206154,0.0,0.0,0.048546183,0.0,0.3219102682999999,0.2832456326,-0.915154158,0.6578385292,0.2113937547,0.0051629896,-0.029381977,0.0170878234,0.0,0.0119244613,0.0035072428999999,0.0189293845999999,0.0054350491,0.3244916694,0.3251964837,7.0,0.0181629338,2.041616e-10,0.0380782261,0.0115609439999999,0.3408790148,1.7716427877,1.8969262e-08,73.0,50.08
2015-12-31,7770262.8441,0.9157888185,0.83866916,-0.145995667,15.915811909,0.0161302598,-0.0111503689999999,0.0020008461999999,0.0018039747,0.1518783152,0.3204503518,0.0327262695,1.1243576115,0.0638964604,-0.06389646,23.0,-0.095565545,0.4592024064,-0.3508089679999999,0.2747427269,1.6849368306,0.0862016241,0.0454928925,-0.000833796,0.0116495534,-0.084558595,0.0,-0.159149192,0.0,1.0850731814,0.7740969418000001,0.0,0.0,0.0,0.0960783308,0.0405423142,0.4057424577,0.9057592589,0.1202782789,0.0315616028,0.1006648781,0.0222820483,0.2690047105,0.0946552337,55.560292442,0.1457746133,0.0062094412,0.1075876569999999,-0.083578945,-0.183874233,0.0046217976,-0.083578945,,-0.2276015519999999,-0.022382264,,-1.126213705,5.0,1.0850731814,0.0,0.1124578122,0.3493452159,0.2990283007,0.0621839985,2.0871894027,,6.2972206154,0.0,0.0,0.048546183,0.0,0.3219102682999999,0.2832456326,-0.915154158,0.6578385292,0.2113937547,0.0051629896,-0.029381977,0.0170878234,0.0,0.0119244613,0.0035072428999999,0.0189293845999999,0.0054350491,0.3244916694,0.3251964837,7.0,0.0198135775,3.090337e-10,0.0263321679,0.0213145225999999,0.5340644241,3.8844242406,2.2356557e-08,73.0,45.61
2016-01-29,6907771.4224,0.9147363436,0.8367425783,-0.264677808,15.844039717,0.0167206899,0.0078073689,-0.08925721,-0.011253693,0.1520588976,0.3654611453999999,0.036556606,1.2033476559,0.0638964604,-0.06389646,23.0,-0.095565545,0.4592024064,-0.345831736,0.2747427269,1.6849368306,0.0862016241,0.0454928925,-0.000833796,0.0116495534,-0.084558595,0.0,-0.159149192,0.0,1.0850731814,0.7740969418000001,0.0,0.0,0.0,0.0960783308,0.0405423142,0.4057424577,0.9057592589,0.1202782789,0.0315616028,0.1006648781,0.0222820483,0.2690047105,0.0946552337,55.560292442,0.1457746133,0.0062094412,0.1075876569999999,-0.083578945,-0.183874233,0.0046217976,-0.083578945,,-0.2276015519999999,-0.022382264,,-1.126213705,5.0,1.0850731814,0.0,0.1124578122,0.3493452159,0.2990283007,0.0621839985,2.0871894027,,6.2972206154,0.0,0.0,0.048546183,0.0,0.3219102682999999,0.2832456326,-0.915154158,0.6578385292,0.2113937547,0.0051629896,-0.029381977,0.0170878234,0.0,0.0119244613,0.0035072428999999,0.0189293845999999,0.0054350491,0.3244916694,0.3251964837,7.0,0.0199507634,2.601848e-10,0.0171784256,0.0181144951,0.5674461982,4.3633858531,1.3150143e-08,73.0,42.9
2016-02-29,6499736.3312,0.995894715,0.9918062834,-0.338776766,16.17333003,0.0171320851,0.0231659489,-0.059416775,-0.102871743,0.0609443745,0.2855862269,-0.015838336,1.2954327473,0.0638964604,-0.06389646,23.0,-0.095565545,0.4592024064,-0.364869652,0.2747427269,1.6849368306,0.0862016241,0.0454928925,-0.000833796,0.0116495534,-0.084558595,0.0,-0.159149192,0.0,1.0850731814,0.7740969418000001,0.0,0.0,0.0,0.0960783308,0.0405423142,0.4057424577,0.9057592589,0.1202782789,0.0315616028,0.1006648781,0.0222820483,0.2690047105,0.0946552337,55.560292442,0.1457746133,0.0062094412,0.1075876569999999,-0.083578945,-0.183874233,0.0046217976,-0.083578945,,-0.2276015519999999,-0.022382264,,-1.126213705,5.0,1.0850731814,0.0,0.1124578122,0.3493452159,0.2990283007,0.0621839985,2.0871894027,,6.2972206154,0.0,0.0,0.048546183,0.0,0.3219102682999999,0.2832456326,-0.915154158,0.7006203492,0.2266704373999999,0.0010321393,-0.021583195,-0.067466957,0.0,0.0116453017999999,0.0034965529,0.0180708111,0.0042880225,0.3213978822,0.3205130484,7.0,0.0277988754999999,2.938983e-10,0.0310021844,0.0168722525,0.2199520357,1.6652373744,1.6986218999999998e-08,73.0,44.75
2016-03-31,6780878.0,1.0074204598,1.0148959829000002,-0.057656663,15.991425763,0.0171239683,-0.138056863,0.043123506,-0.0858725519999999,-0.075630218,0.3248644384,-0.025631365,1.5387541137,0.0638964604,-0.06389646,23.0,-0.095565545,0.4592024064,-0.371290898,0.2747427269,1.6849368306,0.0862016241,0.0454928925,-0.000833796,0.0116495534,-0.084558595,0.0,-0.159149192,0.0,1.0850731814,0.7740969418000001,0.0,0.0,0.0,0.0960783308,0.0405423142,0.4057424577,0.9057592589,0.1202782789,0.0315616028,0.1006648781,0.0222820483,0.2690047105,0.0946552337,55.560292442,0.1457746133,0.0062094412,0.1075876569999999,-0.083578945,-0.183874233,0.0046217976,-0.083578945,,-0.2276015519999999,-0.022382264,,-1.126213705,5.0,1.0850731814,0.0,0.1124578122,0.3493452159,0.2990283007,0.0621839985,2.0871894027,,6.2972206154,0.0,0.0,0.048546183,0.0,0.3219102682999999,0.2832456326,-0.915154158,0.7006203492,0.2266704373999999,0.0010321393,-0.021583195,-0.067466957,0.0,0.0116453017999999,0.0034965529,0.0180708111,0.0042880225,0.3213978822,0.3205130484,7.0,0.0268241506,1.860249e-10,0.0248091836,0.0125402024,0.2974862064,2.5674678664,1.2629858e-08,73.0,48.44
2016-04-29,7340016.1119,1.0079574585,1.0159782382,0.0519613342,16.278812051,0.017154555,-0.142685443,0.0824580714,-0.030965796,-0.033894642,0.2909698475,-0.040963949,1.4397907019999998,0.0638964604,-0.06389646,23.0,-0.095565545,0.4592024064,-0.3684133979999999,0.2747427269,1.6849368306,0.0862016241,0.0454928925,-0.000833796,0.0116495534,-0.084558595,0.0,-0.159149192,0.0,1.0850731814,0.7740969418000001,0.0,0.0,0.0,0.0960783308,0.0405423142,0.4057424577,0.9057592589,0.1202782789,0.0315616028,0.1006648781,0.0222820483,0.2690047105,0.0946552337,55.560292442,0.1457746133,0.0062094412,0.1075876569999999,-0.083578945,-0.183874233,0.0046217976,-0.083578945,,-0.2276015519999999,-0.022382264,,-1.126213705,5.0,1.0850731814,0.0,0.1124578122,0.3493452159,0.2990283007,0.0621839985,2.0871894027,,6.2972206154,0.0,0.0,0.048546183,0.0,0.3219102682999999,0.2832456326,-0.915154158,0.7006203492,0.2266704373999999,0.0010321393,-0.021583195,-0.067466957,0.0,0.0116453017999999,0.0034965529,0.0180708111,0.0042880225,0.3213978822,0.3205130484,7.0,0.019066973,1.7316599999999995e-10,0.0252514202,0.0084477709,0.3378836799,2.1689290711,1.5871865e-08,73.0,47.52
2016-05-31,7235157.6697,0.9569202875,0.9156964366,-0.115345915,16.034336525,0.0174185493,-0.113188535,-0.01899253,-0.030812344,0.0332763966,0.3179646129,-0.010488819,1.3372500977,0.0548252674,-0.054825267,24.0,-0.0565888509999999,0.4708950387,-0.336574976,0.2411156574,2.807451134,0.0638525034,0.0084398106,0.0118169454,-0.00518065,-0.249374602,0.0,0.1019405177,0.0,0.9907802627,0.8051673084000001,0.0,0.0,0.0,0.025462916,0.0291349291,0.3997714166,0.3285415298,0.0745932437,0.0304867404,0.0898685884,0.0063436303,0.2465264223999999,0.1119163348,804.68534465,0.161951749,0.0061131734,-0.448287677,-0.086900055,0.0401375654,-0.010346477,-0.086900055,,-0.0906885769999999,0.0310993979999999,,-1.19161348,5.0,0.9907802627,0.0,0.1000972713,0.3461890964,0.2931371073,0.0687585094,2.3236912331,,5.8134453738,,0.0,0.0897893142999999,0.0,0.2891404503999999,0.273785942,-1.345476642,0.7006203492,0.2266704373999999,0.0010321393,-0.021583195,-0.067466957,0.0,0.0116453017999999,0.0034965529,0.0180708111,0.0042880225,0.3213978822,0.3205130484,6.0,0.015751883,2.138082e-10,0.0173410437999999,0.0087811455,0.4135398858,2.2317632503,2.0142592000000003e-08,73.0,51.67
2016-06-30,7844849.142000001,0.9576383891,0.9170712844,0.0279406964,15.823934468,0.0174785577,-0.111279128,0.0873316005,-0.051118236,-0.047504486,0.3690999136999999,-0.00818312,1.1161153777,0.0548252674,-0.054825267,24.0,-0.0565888509999999,0.4708950387,-0.338304141,0.2411156574,2.807451134,0.0638525034,0.0084398106,0.0118169454,-0.00518065,-0.249374602,0.0,0.1019405177,0.0,0.9907802627,0.8051673084000001,0.0,0.0,0.0,0.025462916,0.0291349291,0.3997714166,0.3285415298,0.0745932437,0.0304867404,0.0898685884,0.0063436303,0.2465264223999999,0.1119163348,804.68534465,0.161951749,0.0061131734,-0.448287677,-0.086900055,0.0401375654,-0.010346477,-0.086900055,,-0.0906885769999999,0.0310993979999999,,-1.19161348,5.0,0.9907802627,0.0,0.1000972713,0.3461890964,0.2931371073,0.0687585094,2.3236912331,,5.8134453738,,0.0,0.0897893142999999,0.0,0.2891404503999999,0.273785942,-1.345476642,1.5908389666999998,0.1912375967,0.0013575545,-0.002937097,-0.070082362,0.0,0.010044869,0.0035873876,0.0158566181,0.0062087133,0.308811422,0.3082235772,6.0,0.0179463615,3.084759e-10,0.0277108643,0.0125611404,0.452476473,2.2275752634,1.9596747e-08,73.0,54.08
2016-07-29,8210750.357999999,0.9465585436,0.8959730764,0.285211345,15.938393905,0.0175887091,-0.088434246,0.0466422252,0.1328655452,0.0201381393,0.4167832489,0.0042183681,1.1662363447,0.0548252674,-0.054825267,24.0,-0.0565888509999999,0.4536903161,-0.453440601,0.2411156574,2.807451134,0.0638525034,0.0084398106,0.0118169454,-0.00518065,-0.249374602,0.0,0.1019405177,0.0,0.9907802627,0.8051673084000001,0.0,0.0,0.0,0.025462916,0.0291349291,0.3997714166,0.3285415298,0.0745932437,0.0304867404,0.0898685884,0.0063436303,0.2465264223999999,0.1119163348,804.68534465,0.161951749,0.0061131734,-0.448287677,-0.086900055,0.0401375654,-0.010346477,-0.086900055,,-0.0906885769999999,0.0310993979999999,,-1.19161348,5.0,0.9907802627,0.0,0.1000972713,0.3461890964,0.2931371073,0.0687585094,2.3236912331,,5.8134453738,,0.0,0.0897893142999999,0.0,0.2891404503999999,0.273785942,-1.345476642,1.5908389666999998,0.1912375967,0.0013575545,-0.002937097,-0.070082362,0.0,0.010044869,0.0035873876,0.0158566181,0.0062087133,0.308811422,0.3082235772,6.0,0.0143493603,1.926618e-10,0.0203773937999999,0.0125000071,0.3304291098,2.3608928014,1.42875e-08,73.0,54.16
2016-08-31,8201827.8969,0.9418690374,0.8871172836,0.4186470278,16.251602781,0.017424425,-0.0478722279999999,0.0014792532,0.2606060614,0.0637293833999999,0.372570156,-0.001291061,1.212628602,0.0548252674,-0.054825267,24.0,-0.0565888509999999,0.4536903161,-0.45432264,0.2411156574,2.807451134,0.0638525034,0.0084398106,0.0118169454,-0.00518065,-0.249374602,0.0,0.1019405177,0.0,0.9907802627,0.8051673084000001,0.0,0.0,0.0,0.025462916,0.0291349291,0.3997714166,0.3285415298,0.0745932437,0.0304867404,0.0898685884,0.0063436303,0.2465264223999999,0.1119163348,804.68534465,0.161951749,0.0061131734,-0.448287677,-0.086900055,0.0401375654,-0.010346477,-0.086900055,,-0.0906885769999999,0.0310993979999999,,-1.19161348,5.0,0.9907802627,0.0,0.1000972713,0.3461890964,0.2931371073,0.0687585094,2.3236912331,,5.8134453738,,0.0,0.0897893142999999,0.0,0.2891404503999999,0.273785942,-1.345476642,0.7719361031,0.1486952249,-0.001526913,-0.007348278,0.0488824621,1.0,0.011898158,0.0034977844,0.0191560979,0.0040864735999999,0.2997921535,0.2996316111,6.0,0.0109363969,1.053546e-10,0.0079896003,0.0053210074,0.272388053,1.4673505941999998,1.8704759e-08,73.0,59.29
2016-09-30,8972889.4486,0.9320811337,0.8687752398,0.3713683990999999,16.078831881,0.0174295328,0.0892870174,0.0947193727,0.210279329,0.1540592264,0.2942637152,-0.00147483,1.2603514846,0.0548252674,-0.054825267,24.0,-0.0565888509999999,0.4536903161,-0.463262127,0.2411156574,2.807451134,0.0638525034,0.0084398106,0.0118169454,-0.00518065,-0.249374602,0.0,0.1019405177,0.0,0.9907802627,0.8051673084000001,0.0,0.0,0.0,0.025462916,0.0291349291,0.3997714166,0.3285415298,0.0745932437,0.0304867404,0.0898685884,0.0063436303,0.2465264223999999,0.1119163348,804.68534465,0.161951749,0.0061131734,-0.448287677,-0.086900055,0.0401375654,-0.010346477,-0.086900055,,-0.0906885769999999,0.0310993979999999,,-1.19161348,5.0,0.9907802627,0.0,0.1000972713,0.3461890964,0.2931371073,0.0687585094,2.3236912331,,5.8134453738,,0.0,0.0897893142999999,0.0,0.2891404503999999,0.273785942,-1.345476642,0.7719361031,0.1486952249,-0.001526913,-0.007348278,0.0488824621,1.0,0.011898158,0.0034977844,0.0191560979,0.0040864735999999,0.2997921535,0.2996316111,6.0,0.0114367305,1.267655e-10,0.0466988832,0.0103198363,0.3243426861,1.7268484065,1.570501e-08,73.0,59.35
2016-10-31,8981969.4191,0.9390091124,0.8817381132,0.1762881964,16.201701922,0.0172354223,0.164438459,0.0010119338999999,0.2239884969999999,0.2838891427,0.2249336665,0.0379283089,1.1536198009999998,0.0548252674,-0.054825267,24.0,-0.0565888509999999,0.4536903161,-0.469195826,0.2411156574,2.807451134,0.0638525034,0.0084398106,0.0118169454,-0.00518065,-0.249374602,0.0,0.1019405177,0.0,0.9907802627,0.8051673084000001,0.0,0.0,0.0,0.025462916,0.0291349291,0.3997714166,0.3285415298,0.0745932437,0.0304867404,0.0898685884,0.0063436303,0.2465264223999999,0.1119163348,804.68534465,0.161951749,0.0061131734,-0.448287677,-0.086900055,0.0401375654,-0.010346477,-0.086900055,,-0.0906885769999999,0.0310993979999999,,-1.19161348,5.0,0.9907802627,0.0,0.1000972713,0.3461890964,0.2931371073,0.0687585094,2.3236912331,,5.8134453738,,0.0,0.0897893142999999,0.0,0.2891404503999999,0.273785942,-1.345476642,0.7719361031,0.1486952249,-0.001526913,-0.007348278,0.0488824621,1.0,0.011898158,0.0034977844,0.0191560979,0.0040864735999999,0.2997921535,0.2996316111,6.0,0.0125749408,1.773514e-10,0.0132030258,0.0102038356,0.1721135432999999,0.9243084796,1.9311878e-08,73.0,59.31
2016-11-30,8982736.947999999,0.9528004353,0.9078286694,0.2973257506,16.086563647000002,0.0171762913999999,0.0779308646,-0.0006739189999999,0.2489477705999999,0.1874749737,0.3723229485,0.0001806086999999,1.0746673356999998,0.0548252674,-0.054825267,24.0,-0.0565888509999999,0.4536903161,-0.4706040079999999,0.2411156574,2.807451134,0.0638525034,0.0084398106,0.0118169454,-0.00518065,-0.249374602,0.0,0.1019405177,0.0,0.9907802627,0.8051673084000001,0.0,0.0,0.0,0.025462916,0.0291349291,0.3997714166,0.3285415298,0.0745932437,0.0304867404,0.0898685884,0.0063436303,0.2465264223999999,0.1119163348,804.68534465,0.161951749,0.0061131734,-0.448287677,-0.086900055,0.0401375654,-0.010346477,-0.086900055,,-0.0906885769999999,0.0310993979999999,,-1.19161348,5.0,0.9907802627,0.0,0.1000972713,0.3461890964,0.2931371073,0.0687585094,2.3236912331,,5.8134453738,,0.0,0.0897893142999999,0.0,0.2891404503999999,0.273785942,-1.345476642,0.495020951,0.1933275236,-9.2722e-05,-0.0057006669999999,0.0029220516,2.0,0.0146130939999999,0.0029846062,0.0231997039,0.0066067668999999,0.2910092723,0.2907977897,6.0,0.015074468,1.598023e-10,0.0219372772,0.0094375179,0.2411912291,1.0968641569,2.2258344e-08,73.0,60.48
2016-12-30,9159937.8507,0.9491838238,0.9009499314,0.1387560382,15.943934810999998,0.0169875026,0.0161298658,0.0197268277,0.147861499,0.1843050992,0.3671853698,0.0113942970999999,1.0538814976000002,0.0548252674,-0.054825267,24.0,-0.0565888509999999,0.4536903161,-0.473720318,0.2411156574,2.807451134,0.0638525034,0.0084398106,0.0118169454,-0.00518065,-0.249374602,0.0,0.1019405177,0.0,0.9907802627,0.8051673084000001,0.0,0.0,0.0,0.025462916,0.0291349291,0.3997714166,0.3285415298,0.0745932437,0.0304867404,0.0898685884,0.0063436303,0.2465264223999999,0.1119163348,804.68534465,0.161951749,0.0061131734,-0.448287677,-0.086900055,0.0401375654,-0.010346477,-0.086900055,,-0.0906885769999999,0.0310993979999999,,-1.19161348,5.0,0.9907802627,0.0,0.1000972713,0.3461890964,0.2931371073,0.0687585094,2.3236912331,,5.8134453738,,0.0,0.0897893142999999,0.0,0.2891404503999999,0.273785942,-1.345476642,0.495020951,0.1933275236,-9.2722e-05,-0.0057006669999999,0.0029220516,2.0,0.0146130939999999,0.0029846062,0.0231997039,0.0066067668999999,0.2910092723,0.2907977897,6.0,0.0159710863,1.643306e-10,0.0239375066,0.0095658739,0.356120902,2.012873642,1.8599023e-08,73.0,58.86
2017-01-31,8834944.9516,0.9312229999,0.8671762755,-0.097317363,16.143793705,0.0170372713,0.0856051368,-0.026785696,0.1183431517999999,0.3260249719999999,0.1242297444999999,-0.0126318189999999,1.1077503302,0.0548252674,-0.054825267,24.0,-0.0565888509999999,0.4536903161,-0.477426994,0.2411156574,2.807451134,0.0638525034,0.0084398106,0.0118169454,-0.00518065,-0.249374602,0.0,0.1019405177,0.0,0.9907802627,0.8051673084000001,0.0,0.0,0.0,0.025462916,0.0291349291,0.3997714166,0.3285415298,0.0745932437,0.0304867404,0.0898685884,0.0063436303,0.2465264223999999,0.1119163348,804.68534465,0.161951749,0.0061131734,-0.448287677,-0.086900055,0.0401375654,-0.010346477,-0.086900055,,-0.0906885769999999,0.0310993979999999,,-1.19161348,5.0,0.9907802627,0.0,0.1000972713,0.3461890964,0.2931371073,0.0687585094,2.3236912331,,5.8134453738,,0.0,0.0897893142999999,0.0,0.2891404503999999,0.273785942,-1.345476642,0.495020951,0.1933275236,-9.2722e-05,-0.0057006669999999,0.0029220516,2.0,0.0146130939999999,0.0029846062,0.0231997039,0.0066067668999999,0.2910092723,0.2907977897,6.0,0.01597709,1.733552e-10,0.0173174291999999,0.015728096,0.4710317106,2.843727787,1.6624815e-08,73.0,62.89
2017-02-28,9460416.8282,0.9361483245,0.8763736854999999,-0.101281753,16.222577215,0.0178587315,0.1895052947,0.0684675276,0.0867799296,0.3720279454999999,0.0762669503,-0.0127735,1.0585434136,0.0548252674,-0.054825267,24.0,-0.0565888509999999,0.4536903161,-0.482544841,0.2411156574,2.807451134,0.0638525034,0.0084398106,0.0118169454,-0.00518065,-0.249374602,0.0,0.1019405177,0.0,0.9907802627,0.8051673084000001,0.0,0.0,0.0,0.025462916,0.0291349291,0.3997714166,0.3285415298,0.0745932437,0.0304867404,0.0898685884,0.0063436303,0.2465264223999999,0.1119163348,804.68534465,0.161951749,0.0061131734,-0.448287677,-0.086900055,0.0401375654,-0.010346477,-0.086900055,,-0.0906885769999999,0.0310993979999999,,-1.19161348,5.0,0.9907802627,0.0,0.1000972713,0.3461890964,0.2931371073,0.0687585094,2.3236912331,,5.8134453738,,0.0,0.0897893142999999,0.0,0.2891404503999999,0.273785942,-1.345476642,0.2814398059,0.2133302041,0.002161296,0.000921621,0.0436682984999999,0.0,0.0130341535,0.0024422263,0.0205453642,0.0072421661,0.2705615017,0.2631063625,6.0,0.0127065961,1.471941e-10,0.0259739924,0.0071458655,0.3495383338,1.3314572661,2.7456593999999995e-08,73.0,71.44
2017-03-31,10751577.487,0.942691426,0.8886671247,-0.119991259,15.833897105,0.0178502337,0.2435590732,0.1359517127,0.0607184758,0.4053631218,0.1076732191,-0.010980883,1.1008341196,0.0548252674,-0.054825267,24.0,-0.0565888509999999,0.4536903161,-0.490400056,0.2411156574,2.807451134,0.0638525034,0.0084398106,0.0118169454,-0.00518065,-0.249374602,0.0,0.1019405177,0.0,0.9907802627,0.8051673084000001,0.0,0.0,0.0,0.025462916,0.0291349291,0.3997714166,0.3285415298,0.0745932437,0.0304867404,0.0898685884,0.0063436303,0.2465264223999999,0.1119163348,804.68534465,0.161951749,0.0061131734,-0.448287677,-0.086900055,0.0401375654,-0.010346477,-0.086900055,,-0.0906885769999999,0.0310993979999999,,-1.19161348,5.0,0.9907802627,0.0,0.1000972713,0.3461890964,0.2931371073,0.0687585094,2.3236912331,,5.8134453738,,0.0,0.0897893142999999,0.0,0.2891404503999999,0.273785942,-1.345476642,0.2814398059,0.2133302041,0.002161296,0.000921621,0.0436682984999999,0.0,0.0130341535,0.0024422263,0.0205453642,0.0072421661,0.2705615017,0.2631063625,6.0,0.0161134331,1.303968e-10,0.0664050952,0.0165686471,0.3479239992,2.7217890284,1.8356859e-08,73.0,72.13
2017-04-28,10855420.327,0.9415154476,0.886451338,-0.009894335,16.416994253,0.0186142665,0.1893907530999999,0.0096583813,0.2037068975,0.4748143021,0.2611298769,-0.024068882,1.8452397558,0.0548252674,-0.054825267,24.0,-0.0565888509999999,0.4536903161,-0.4939679,0.2411156574,2.807451134,0.0638525034,0.0084398106,0.0118169454,-0.00518065,-0.249374602,0.0,0.1019405177,0.0,0.9907802627,0.8051673084000001,0.0,0.0,0.0,0.025462916,0.0291349291,0.3997714166,0.3285415298,0.0745932437,0.0304867404,0.0898685884,0.0063436303,0.2465264223999999,0.1119163348,804.68534465,0.161951749,0.0061131734,-0.448287677,-0.086900055,0.0401375654,-0.010346477,-0.086900055,,-0.0906885769999999,0.0310993979999999,,-1.19161348,5.0,0.9907802627,0.0,0.1000972713,0.3461890964,0.2931371073,0.0687585094,2.3236912331,,5.8134453738,,0.0,0.0897893142999999,0.0,0.2891404503999999,0.273785942,-1.345476642,0.2814398059,0.2133302041,0.002161296,0.000921621,0.0436682984999999,0.0,0.0130341535,0.0024422263,0.0205453642,0.0072421661,0.2705615017,0.2631063625,6.0,0.0120257515,7.740385999999999e-11,0.0111981435,0.0077554667,0.8835593734,40.756760942,5.4530074e-09,73.0,73.7
2017-05-31,11095460.840999998,0.9059055977,0.8206649519,-0.005482655,17.449591169,0.0187432294,0.1843418163,0.0217662527999999,0.2161523461,0.5178871384,0.2631579376,-0.007017795,2.0008981379,0.0621827273,-0.062182727,25.0,-0.038572348,0.462673966,-0.487710011,0.2395055407,3.3494330068,0.0653069345,0.0275593046,-0.001175586,-0.0238661479999999,-0.037511776,0.0,-0.017603062,0.0,1.0011615526,0.8054622911,0.0,0.0,0.0,0.0195141081,0.0297043104,0.4080859117,-0.352127814,0.0493205201999999,0.0291131475,0.037436795,0.0091060992,0.2276832839999999,0.0698150909,1172.0024169,0.1659203278,0.0061855022,0.2391198715,0.0104778932999999,0.0003663619999999,-0.001857151,0.0104778932999999,,-0.057457666,-0.00987169,,-1.198567606,6.0,1.0011615526,0.0,0.0953723819999999,0.3536403234,0.2686052164999999,0.0754548211,2.1681728071,,5.5198929987,,0.0,0.0804210665,0.0,0.2696875206,0.2993346685,-0.505539039,0.2814398059,0.2133302041,0.002161296,0.000921621,0.0436682984999999,0.0,0.0130341535,0.0024422263,0.0205453642,0.0072421661,0.2705615017,0.2631063625,6.0,0.009781284,5.987421e-11,0.0172176305,0.0058719389,0.226331769,1.4141422730000002,1.8380132e-08,73.0,74.87
2017-06-30,11253784.983,0.9123589537,0.8323988605,0.067424785,16.447100046,0.0185710877,0.1856185253,0.0158752482,0.2185846167,0.4263595879,0.3424264911999999,0.0102881829,2.2268363593,0.0621827273,-0.062182727,25.0,-0.038572348,0.462673966,-0.486504726,0.2395055407,3.3494330068,0.0653069345,0.0275593046,-0.001175586,-0.0238661479999999,-0.037511776,0.0,-0.017603062,0.0,1.0011615526,0.8054622911,0.0,0.0,0.0,0.0195141081,0.0297043104,0.4080859117,-0.352127814,0.0493205201999999,0.0291131475,0.037436795,0.0091060992,0.2276832839999999,0.0698150909,1172.0024169,0.1659203278,0.0061855022,0.2391198715,0.0104778932999999,0.0003663619999999,-0.001857151,0.0104778932999999,,-0.057457666,-0.00987169,,-1.198567606,6.0,1.0011615526,0.0,0.0953723819999999,0.3536403234,0.2686052164999999,0.0754548211,2.1681728071,,5.5198929987,,0.0,0.0804210665,0.0,0.2696875206,0.2993346685,-0.505539039,0.9305647891,0.2132132018,0.0007727312,-0.000351514,-0.073585927,1.0,0.0142297911,0.0018944551,0.0232947507,0.0051832755999999,0.2706818378,0.2628955978,6.0,0.0121468715,6.9013e-11,0.0177490097,0.010708944,0.4891883542,5.4217275586,1.029077e-08,73.0,72.93
2017-07-31,10962181.276,0.9296534172,0.8642554761,0.1506542332,16.895542368,0.0191174823,0.2137690265,-0.025911612,0.2720013925,0.3844304821,0.3930963934,0.0014537878,1.589568995,0.0621827273,-0.062182727,25.0,-0.038572348,0.3617505279,-0.459125485,0.2395055407,3.3494330068,0.0653069345,0.0275593046,-0.001175586,-0.0238661479999999,-0.037511776,0.0,-0.017603062,0.0,1.0011615526,0.8054622911,0.0,0.0,0.0,0.0195141081,0.0297043104,0.4080859117,-0.352127814,0.0493205201999999,0.0291131475,0.037436795,0.0091060992,0.2276832839999999,0.0698150909,1172.0024169,0.1659203278,0.0061855022,0.2391198715,0.0104778932999999,0.0003663619999999,-0.001857151,0.0104778932999999,,-0.057457666,-0.00987169,,-1.198567606,6.0,1.0011615526,0.0,0.0953723819999999,0.3536403234,0.2686052164999999,0.0754548211,2.1681728071,,5.5198929987,,0.0,0.0804210665,0.0,0.2696875206,0.2993346685,-0.505539039,0.9305647891,0.2132132018,0.0007727312,-0.000351514,-0.073585927,1.0,0.0142297911,0.0018944551,0.0232947507,0.0051832755999999,0.2706818378,0.2628955978,6.0,0.0135625284,7.31511e-11,0.0126050459,0.0081681881999999,0.2539803494,2.0056020594,1.2598026e-08,73.0,76.57
2017-08-31,11503723.614,0.9406600696,0.8848413666,0.0563336023,16.666454093,0.0190087704,0.1552358557,0.0499108657,0.1596438388,0.3465657443,0.4339422550999999,-0.019985385,1.4629013365,0.0621827273,-0.062182727,25.0,-0.038572348,0.3617505279,-0.47209625,0.2395055407,3.3494330068,0.0653069345,0.0275593046,-0.001175586,-0.0238661479999999,-0.037511776,0.0,-0.017603062,0.0,1.0011615526,0.8054622911,0.0,0.0,0.0,0.0195141081,0.0297043104,0.4080859117,-0.352127814,0.0493205201999999,0.0291131475,0.037436795,0.0091060992,0.2276832839999999,0.0698150909,1172.0024169,0.1659203278,0.0061855022,0.2391198715,0.0104778932999999,0.0003663619999999,-0.001857151,0.0104778932999999,,-0.057457666,-0.00987169,,-1.198567606,6.0,1.0011615526,0.0,0.0953723819999999,0.3536403234,0.2686052164999999,0.0754548211,2.1681728071,,5.5198929987,,0.0,0.0804210665,0.0,0.2696875206,0.2993346685,-0.505539039,1.2648943929,0.1835695998,0.0036789710999999,0.0019264076,0.0706623232,2.0,0.0165232765,0.0018591824,0.0270998571,0.0088983393,0.2430920423,0.2377716176,6.0,0.0122293186,1.0933499999999999e-10,0.0220288653,0.0071003905,0.3131906394,1.4101333484,2.5003773e-08,73.0,80.42
2017-09-29,12082943.885,0.9303857562,0.8656176553,-0.079225146,16.124959877000002,0.0190779756,0.1501967253999999,0.0502807684,0.0718084696,0.2914487873999999,0.4496332192,-0.017868003,1.2428096658,0.0621827273,-0.062182727,25.0,-0.038572348,0.3617505279,-0.476565786,0.2395055407,3.3494330068,0.0653069345,0.0275593046,-0.001175586,-0.0238661479999999,-0.037511776,0.0,-0.017603062,0.0,1.0011615526,0.8054622911,0.0,0.0,0.0,0.0195141081,0.0297043104,0.4080859117,-0.352127814,0.0493205201999999,0.0291131475,0.037436795,0.0091060992,0.2276832839999999,0.0698150909,1172.0024169,0.1659203278,0.0061855022,0.2391198715,0.0104778932999999,0.0003663619999999,-0.001857151,0.0104778932999999,,-0.057457666,-0.00987169,,-1.198567606,6.0,1.0011615526,0.0,0.0953723819999999,0.3536403234,0.2686052164999999,0.0754548211,2.1681728071,,5.5198929987,,0.0,0.0804210665,0.0,0.2696875206,0.2993346685,-0.505539039,1.2648943929,0.1835695998,0.0036789710999999,0.0019264076,0.0706623232,2.0,0.0165232765,0.0018591824,0.0270998571,0.0088983393,0.2430920423,0.2377716176,6.0,0.013393881,1.156705e-10,0.0132424571,0.0100521066,0.2878482527,1.8671216706,1.4930034e-08,73.0,80.53
2017-10-31,12099471.257,0.9185143414,0.8436685953,-0.098876334,16.549488124,0.0188247871,0.1335593528999999,0.0013678266,0.1149313905,0.3550126415,0.4951504938,-0.074865694,1.0932611032,0.0621827273,-0.062182727,25.0,-0.038572348,0.3617505279,-0.5052984070000001,0.2395055407,3.3494330068,0.0653069345,0.0275593046,-0.001175586,-0.0238661479999999,-0.037511776,0.0,-0.017603062,0.0,1.0011615526,0.8054622911,0.0,0.0,0.0,0.0195141081,0.0297043104,0.4080859117,-0.352127814,0.0493205201999999,0.0291131475,0.037436795,0.0091060992,0.2276832839999999,0.0698150909,1172.0024169,0.1659203278,0.0061855022,0.2391198715,0.0104778932999999,0.0003663619999999,-0.001857151,0.0104778932999999,,-0.057457666,-0.00987169,,-1.198567606,6.0,1.0011615526,0.0,0.0953723819999999,0.3536403234,0.2686052164999999,0.0754548211,2.1681728071,,5.5198929987,,0.0,0.0804210665,0.0,0.2696875206,0.2993346685,-0.505539039,1.2648943929,0.1835695998,0.0036789710999999,0.0019264076,0.0706623232,2.0,0.0165232765,0.0018591824,0.0270998571,0.0088983393,0.2430920423,0.2377716176,6.0,0.0117431091,8.648633e-11,0.014032878,0.0066448572,0.3905186183,2.4230535509,1.9275756e-08,73.0,86.52
2017-11-30,13016500.895,0.8715040587999999,0.7595193245,-0.068674983,16.435167266,0.0187309833,0.239419099,0.0743821934,0.0926730259999999,0.3577810986,0.4472914114,0.0040014816,1.1742519415,0.0621827273,-0.062182727,25.0,-0.038572348,0.3617505279,-0.5171972579999999,0.2395055407,3.3494330068,0.0653069345,0.0275593046,-0.001175586,-0.0238661479999999,-0.037511776,0.0,-0.017603062,0.0,1.0011615526,0.8054622911,0.0,0.0,0.0,0.0195141081,0.0297043104,0.4080859117,-0.352127814,0.0493205201999999,0.0291131475,0.037436795,0.0091060992,0.2276832839999999,0.0698150909,1172.0024169,0.1659203278,0.0061855022,0.2391198715,0.0104778932999999,0.0003663619999999,-0.001857151,0.0104778932999999,,-0.057457666,-0.00987169,,-1.198567606,6.0,1.0011615526,0.0,0.0953723819999999,0.3536403234,0.2686052164999999,0.0754548211,2.1681728071,,5.5198929987,,0.0,0.0804210665,0.0,0.2696875206,0.2993346685,-0.505539039,1.1110173922,0.2069982611,-0.003853371,0.0049919208,-0.0544141659999999,0.0,0.0101260312,0.0018321307999999,0.0160333987,0.0067652888,0.2431488637,0.2380888518,6.0,0.0110538293,9.281424e-11,0.0226888396,0.0073772385,0.3643603956,1.8629687187,1.7780678000000002e-08,73.0,90.38
2017-12-29,13597218.687,0.8695289987,0.7560806795999999,-0.0307709529999999,16.492410247000002,0.0187060971,0.2449363905,0.0446139723,0.1556029585,0.4305555125999999,0.3938695643,-0.015035646,1.2562009405,0.0621827273,-0.062182727,25.0,-0.038572348,0.3617505279,-0.521570325,0.2395055407,3.3494330068,0.0653069345,0.0275593046,-0.001175586,-0.0238661479999999,-0.037511776,0.0,-0.017603062,0.0,1.0011615526,0.8054622911,0.0,0.0,0.0,0.0195141081,0.0297043104,0.4080859117,-0.352127814,0.0493205201999999,0.0291131475,0.037436795,0.0091060992,0.2276832839999999,0.0698150909,1172.0024169,0.1659203278,0.0061855022,0.2391198715,0.0104778932999999,0.0003663619999999,-0.001857151,0.0104778932999999,,-0.057457666,-0.00987169,,-1.198567606,6.0,1.0011615526,0.0,0.0953723819999999,0.3536403234,0.2686052164999999,0.0754548211,2.1681728071,,5.5198929987,,0.0,0.0804210665,0.0,0.2696875206,0.2993346685,-0.505539039,1.1110173922,0.2069982611,-0.003853371,0.0049919208,-0.0544141659999999,0.0,0.0101260312,0.0018321307999999,0.0160333987,0.0067652888,0.2431488637,0.2380888518,6.0,0.0142470617999999,8.223014e-11,0.0416042507,0.0133943859,0.4048342167,3.4947758018,1.4125784e-08,73.0,85.24
2018-01-31,12676381.042,0.8539186955,0.7291771385,-0.070249826,16.813928468,0.0186113893,0.2964226808,-0.056870986,0.2392704936,0.535507925,0.3540372443999999,0.0090879101,1.506146234,0.0621827273,-0.062182727,25.0,-0.038572348,0.3617505279,-0.525054291,0.2395055407,3.3494330068,0.0653069345,0.0275593046,-0.001175586,-0.0238661479999999,-0.037511776,0.0,-0.017603062,0.0,1.0011615526,0.8054622911,0.0,0.0,0.0,0.0195141081,0.0297043104,0.4080859117,-0.352127814,0.0493205201999999,0.0291131475,0.037436795,0.0091060992,0.2276832839999999,0.0698150909,1172.0024169,0.1659203278,0.0061855022,0.2391198715,0.0104778932999999,0.0003663619999999,-0.001857151,0.0104778932999999,,-0.057457666,-0.00987169,,-1.198567606,6.0,1.0011615526,0.0,0.0953723819999999,0.3536403234,0.2686052164999999,0.0754548211,2.1681728071,,5.5198929987,,0.0,0.0804210665,0.0,0.2696875206,0.2993346685,-0.505539039,1.1110173922,0.2069982611,-0.003853371,0.0049919208,-0.0544141659999999,0.0,0.0101260312,0.0018321307999999,0.0160333987,0.0067652888,0.2431488637,0.2380888518,6.0,0.0180803562,8.389548e-11,0.0189509336,0.0111304774,0.523921663,8.5145613303,1.1530218e-08,73.0,92.61
2018-02-28,13794537.420999998,0.8319230137000001,0.6920959007999999,-0.008041133,16.999022721,0.0188373527,0.2586383504,0.0864617899,0.1132297009,0.3553823942,0.4628982774,0.0136389268999999,1.5207284137,0.0621827273,-0.062182727,25.0,-0.038572348,0.3617505279,-0.522751532,0.2395055407,3.3494330068,0.0653069345,0.0275593046,-0.001175586,-0.0238661479999999,-0.037511776,0.0,-0.017603062,0.0,1.0011615526,0.8054622911,0.0,0.0,0.0,0.0195141081,0.0297043104,0.4080859117,-0.352127814,0.0493205201999999,0.0291131475,0.037436795,0.0091060992,0.2276832839999999,0.0698150909,1172.0024169,0.1659203278,0.0061855022,0.2391198715,0.0104778932999999,0.0003663619999999,-0.001857151,0.0104778932999999,,-0.057457666,-0.00987169,,-1.198567606,6.0,1.0011615526,0.0,0.0953723819999999,0.3536403234,0.2686052164999999,0.0754548211,2.1681728071,,5.5198929987,,0.0,0.0804210665,0.0,0.2696875206,0.2993346685,-0.505539039,0.8615243991,0.2293551664999999,-0.004790372,0.003398984,-0.0061738819999999,1.0,0.0213573148,0.0027165389,0.0345673347,0.0069696563,0.2345914679,0.232340768,6.0,0.0151224624,1.190748e-10,0.0191554463999999,0.0095475731,0.1853443139,1.0584477319,1.7855942e-08,73.0,84.67
2018-03-29,12592545.478,0.8384787094,0.7030465461,-0.072852273,16.592497145,0.0188864087,0.297904866,-0.08573591,0.1515792441,0.2963325512999999,0.5393234854,-0.016043485,1.6255886143,0.0621827273,-0.062182727,25.0,-0.038572348,0.3617505279,-0.5244887739999999,0.2395055407,3.3494330068,0.0653069345,0.0275593046,-0.001175586,-0.0238661479999999,-0.037511776,0.0,-0.017603062,0.0,1.0011615526,0.8054622911,0.0,0.0,0.0,0.0195141081,0.0297043104,0.4080859117,-0.352127814,0.0493205201999999,0.0291131475,0.037436795,0.0091060992,0.2276832839999999,0.0698150909,1172.0024169,0.1659203278,0.0061855022,0.2391198715,0.0104778932999999,0.0003663619999999,-0.001857151,0.0104778932999999,,-0.057457666,-0.00987169,,-1.198567606,6.0,1.0011615526,0.0,0.0953723819999999,0.3536403234,0.2686052164999999,0.0754548211,2.1681728071,,5.5198929987,,0.0,0.0804210665,0.0,0.2696875206,0.2993346685,-0.505539039,0.8615243991,0.2293551664999999,-0.004790372,0.003398984,-0.0061738819999999,1.0,0.0213573148,0.0027165389,0.0345673347,0.0069696563,0.2345914679,0.232340768,6.0,0.0278185561,1.118553e-10,0.0266681761,0.019045546,0.3222193473999999,3.7928584648,1.2759095e-08,73.0,83.24
2018-04-30,12379868.682,0.8744804864,0.7647161211,-0.08280438,16.939996744000002,0.0193549826,0.2705923079,-0.016889103,0.0514094042999999,0.173852783,0.5572106646,-0.000306633,1.4393163311,0.0621827273,-0.062182727,25.0,-0.038572348,0.3617505279,-0.520580076,0.2395055407,3.3494330068,0.0653069345,0.0275593046,-0.001175586,-0.0238661479999999,-0.037511776,0.0,-0.017603062,0.0,1.0011615526,0.8054622911,0.0,0.0,0.0,0.0195141081,0.0297043104,0.4080859117,-0.352127814,0.0493205201999999,0.0291131475,0.037436795,0.0091060992,0.2276832839999999,0.0698150909,1172.0024169,0.1659203278,0.0061855022,0.2391198715,0.0104778932999999,0.0003663619999999,-0.001857151,0.0104778932999999,,-0.057457666,-0.00987169,,-1.198567606,6.0,1.0011615526,0.0,0.0953723819999999,0.3536403234,0.2686052164999999,0.0754548211,2.1681728071,,5.5198929987,,0.0,0.0804210665,0.0,0.2696875206,0.2993346685,-0.505539039,0.8615243991,0.2293551664999999,-0.004790372,0.003398984,-0.0061738819999999,1.0,0.0213573148,0.0027165389,0.0345673347,0.0069696563,0.2345914679,0.232340768,6.0,0.0201638642,1.273425e-10,0.0225837864,0.0133177472,0.2968295664,2.1076945573,1.5414471e-08,73.0,85.51
2018-05-31,12737655.428,0.9038781794,0.8169957631999999,-0.185621983,16.632827963,0.0196486372,0.2304402623999999,0.0272705946,-0.037910299,0.1294437055,0.5720988815,-0.002925483,1.5352065731,0.093637745,-0.093637745,26.0,-0.029778269,0.3716261978,-0.517066966,0.1590957419,7.3964859265,0.048750811,0.0120539925,0.0354115195,-0.006662089,0.0093353523,0.0116358533,-1.212887274,0.0,1.0424283614,0.7311945987999999,0.0,0.0,0.0,0.0251863295,0.0104915289,0.4262279439999999,-0.191306848,0.0668179719,0.0295524153,0.0953228981,0.0261153565,0.1626158931,0.0349454019,2508.0688743,0.1763331188,0.0063424864,-0.362971765,0.0412189308,-0.092205052,-0.040063067,0.0029239941999999,,0.0968463546,0.044613038,,-3.646683216,5.0,1.0040889432,0.0,0.0698222181,0.3335343208,0.2654928292,0.0803210623,2.5991934038,44.032059983,6.039934034400001,0.0,0.0,0.1248066073,0.0,0.20934043,0.2866889008,1.0075538698,1.0871774131999998,0.194269009,0.0400645757,0.003312293,0.0142505132,0.0,-0.021145147,0.0091607559999999,-0.035079201,0.0048342483,0.2349785254,0.2339332952,6.0,0.0206634437,1.331108e-10,0.0203597713,0.0137330236,0.2314798544,1.7429693118,1.4305346e-08,73.0,88.07
2018-06-29,13123398.725,0.9095370189,0.8272575887000001,-0.232717726,16.73449175,0.0199319094,0.2235207337,0.02993799,-0.053883554,0.1421129799,0.5007016269,-0.011106115,1.4515774003,0.093637745,-0.093637745,26.0,-0.029778269,0.3716261978,-0.521088323,0.1590957419,7.3964859265,0.048750811,0.0120539925,0.0354115195,-0.006662089,0.0093353523,0.0116358533,-1.212887274,0.0,1.0424283614,0.7311945987999999,0.0,0.0,0.0,0.0251863295,0.0104915289,0.4262279439999999,-0.191306848,0.0668179719,0.0295524153,0.0953228981,0.0261153565,0.1626158931,0.0349454019,2508.0688743,0.1763331188,0.0063424864,-0.362971765,0.0412189308,-0.092205052,-0.040063067,0.0029239941999999,,0.0968463546,0.044613038,,-3.646683216,5.0,1.0040889432,0.0,0.0698222181,0.3335343208,0.2654928292,0.0803210623,2.5991934038,44.032059983,6.039934034400001,0.0,0.0,0.1248066073,0.0,0.20934043,0.2866889008,1.0075538698,1.0871774131999998,0.194269009,0.0400645757,0.003312293,0.0142505132,0.0,-0.021145147,0.0091607559999999,-0.035079201,0.0048342483,0.2349785254,0.2339332952,6.0,0.0153265027,8.588847e-11,0.0199887565999999,0.0094214234,0.3811643636999999,3.2532741077,1.2809386e-08,73.0,85.57
2018-07-31,12750871.225,0.9143804577,0.8360916212999999,-0.164920518,16.829533621,0.0201463617,0.2744506435,-0.028386511,0.0332003956999999,0.2075963146,0.4398815113,-0.004678807,1.4126396471,0.093637745,-0.093637745,26.0,-0.029778269,0.2590090176,-0.573650668,0.1590957419,7.3964859265,0.048750811,0.0120539925,0.0354115195,-0.006662089,0.0093353523,0.0116358533,-1.212887274,0.0,1.0424283614,0.7311945987999999,0.0,0.0,0.0,0.0251863295,0.0104915289,0.4262279439999999,-0.191306848,0.0668179719,0.0295524153,0.0953228981,0.0261153565,0.1626158931,0.0349454019,2508.0688743,0.1763331188,0.0063424864,-0.362971765,0.0412189308,-0.092205052,-0.040063067,0.0029239941999999,,0.0968463546,0.044613038,,-3.646683216,5.0,1.0040889432,0.0,0.0698222181,0.3335343208,0.2654928292,0.0803210623,2.5991934038,44.032059983,6.039934034400001,0.0,0.0,0.1248066073,0.0,0.20934043,0.2866889008,1.0075538698,1.0871774131999998,0.194269009,0.0400645757,0.003312293,0.0142505132,0.0,-0.021145147,0.0091607559999999,-0.035079201,0.0048342483,0.2349785254,0.2339332952,6.0,0.0147762366,1.05753e-10,0.0157828927,0.0105007513,0.2989801285,1.6954757773,1.7086562e-08,73.0,89.43
2018-08-31,13285631.415,0.9376440917,0.8791764427,-0.243819082,16.559369952,0.0198685542,0.2738322662,0.0451092757,-0.07601772,0.1175395044,0.5060975608,-0.061186273,1.3960503763999998,0.093637745,-0.093637745,26.0,-0.029778269,0.2590090176,-0.5673848020000001,0.1590957419,7.3964859265,0.048750811,0.0120539925,0.0354115195,-0.006662089,0.0093353523,0.0116358533,-1.212887274,0.0,1.0424283614,0.7311945987999999,0.0,0.0,0.0,0.0251863295,0.0104915289,0.4262279439999999,-0.191306848,0.0668179719,0.0295524153,0.0953228981,0.0261153565,0.1626158931,0.0349454019,2508.0688743,0.1763331188,0.0063424864,-0.362971765,0.0412189308,-0.092205052,-0.040063067,0.0029239941999999,,0.0968463546,0.044613038,,-3.646683216,5.0,1.0040889432,0.0,0.0698222181,0.3335343208,0.2654928292,0.0803210623,2.5991934038,44.032059983,6.039934034400001,0.0,0.0,0.1248066073,0.0,0.20934043,0.2866889008,1.0075538698,1.1660842788,0.1059705827999999,0.0193799539,0.0195122351,-0.052858918,1.0,-0.000683973,0.009591613,-0.00112681,0.008455521,0.2200035494,0.2334625076,6.0,0.0139994097,7.111687e-11,0.0256755333,0.0110631276,0.3371535381,2.4903456809,1.4826952e-08,73.0,102.14
2018-09-28,15176778.229,0.9084754883,0.8253277129000001,0.1534829228999999,16.745166425999997,0.0198333778,0.2570636077,0.1421223134,0.0562182867,0.1120368355,0.7136159787,0.0171464308,1.4367692321,0.093637745,-0.093637745,26.0,-0.029778269,0.2590090176,-0.568458303,0.1590957419,7.3964859265,0.048750811,0.0120539925,0.0354115195,-0.006662089,0.0093353523,0.0116358533,-1.212887274,0.0,1.0424283614,0.7311945987999999,0.0,0.0,0.0,0.0251863295,0.0104915289,0.4262279439999999,-0.191306848,0.0668179719,0.0295524153,0.0953228981,0.0261153565,0.1626158931,0.0349454019,2508.0688743,0.1763331188,0.0063424864,-0.362971765,0.0412189308,-0.092205052,-0.040063067,0.0029239941999999,,0.0968463546,0.044613038,,-3.646683216,5.0,1.0040889432,0.0,0.0698222181,0.3335343208,0.2654928292,0.0803210623,2.5991934038,44.032059983,6.039934034400001,0.0,0.0,0.1248066073,0.0,0.20934043,0.2866889008,1.0075538698,1.1660842788,0.1059705827999999,0.0193799539,0.0195122351,-0.052858918,1.0,-0.000683973,0.009591613,-0.00112681,0.008455521,0.2200035494,0.2334625076,6.0,0.0133512190999999,5.904611e-11,0.0635893568,0.0136418727,0.4304854174,4.9889473782,1.1330059e-08,73.0,98.61
2018-10-31,14652262.771,0.9450167662,0.8930566884000001,0.1509947919,17.053298054000003,0.0205020024,0.2754386613,-0.034560397,0.2270543195,0.2683472041,0.7438284628,0.0546502272,1.5362788775999998,0.093637745,-0.093637745,26.0,-0.029778269,0.2590090176,-0.54367218,0.1590957419,7.3964859265,0.048750811,0.0120539925,0.0354115195,-0.006662089,0.0093353523,0.0116358533,-1.212887274,0.0,1.0424283614,0.7311945987999999,0.0,0.0,0.0,0.0251863295,0.0104915289,0.4262279439999999,-0.191306848,0.0668179719,0.0295524153,0.0953228981,0.0261153565,0.1626158931,0.0349454019,2508.0688743,0.1763331188,0.0063424864,-0.362971765,0.0412189308,-0.092205052,-0.040063067,0.0029239941999999,,0.0968463546,0.044613038,,-3.646683216,5.0,1.0040889432,0.0,0.0698222181,0.3335343208,0.2654928292,0.0803210623,2.5991934038,44.032059983,6.039934034400001,0.0,0.0,0.1248066073,0.0,0.20934043,0.2866889008,1.0075538698,1.1660842788,0.1059705827999999,0.0193799539,0.0195122351,-0.052858918,1.0,-0.000683973,0.009591613,-0.00112681,0.008455521,0.2200035494,0.2334625076,6.0,0.0128195147,5.33383e-11,0.011026131,0.0084500902,0.244259752,2.2077725421000003,1.4930083000000002e-08,73.0,89.53
2018-11-30,13363695.268,0.9681469562,0.9373085288,0.0586855384999999,16.933365866,0.0201894194,0.2136534913,-0.09207993,0.1531984279,0.1397365186999999,0.7310923931000001,0.0594629547,1.7792784645,0.093637745,-0.093637745,26.0,-0.029778269,0.2590090176,-0.549081233,0.1590957419,7.3964859265,0.048750811,0.0120539925,0.0354115195,-0.006662089,0.0093353523,0.0116358533,-1.212887274,0.0,1.0424283614,0.7311945987999999,0.0,0.0,0.0,0.0251863295,0.0104915289,0.4262279439999999,-0.191306848,0.0668179719,0.0295524153,0.0953228981,0.0261153565,0.1626158931,0.0349454019,2508.0688743,0.1763331188,0.0063424864,-0.362971765,0.0412189308,-0.092205052,-0.040063067,0.0029239941999999,,0.0968463546,0.044613038,,-3.646683216,5.0,1.0040889432,0.0,0.0698222181,0.3335343208,0.2654928292,0.0803210623,2.5991934038,44.032059983,6.039934034400001,0.0,0.0,0.1248066073,0.0,0.20934043,0.2866889008,1.0075538698,0.3753547106,0.1001568501,0.0014841149,-0.011961867,-0.009509868,2.0,0.017922365,0.0097040194,0.0326705093,0.0075969242,0.2230064444,0.2349970596,6.0,0.0279028900999999,1.404528e-10,0.040076524,0.0223415258,0.263823355,2.5638434338,8.8849871e-09,73.0,91.94
2018-12-31,13723424.464000002,1.0038745064,1.0077640246,0.0695010713,17.164861429000002,0.0201892098,0.0831378079,0.0269183925999999,0.0165777041999999,-0.00940473,0.8047123493,-0.039966162,1.7858899330000002,0.093637745,-0.093637745,26.0,-0.029778269,0.2590090176,-0.547779305,0.1590957419,7.3964859265,0.048750811,0.0120539925,0.0354115195,-0.006662089,0.0093353523,0.0116358533,-1.212887274,0.0,1.0424283614,0.7311945987999999,0.0,0.0,0.0,0.0251863295,0.0104915289,0.4262279439999999,-0.191306848,0.0668179719,0.0295524153,0.0953228981,0.0261153565,0.1626158931,0.0349454019,2508.0688743,0.1763331188,0.0063424864,-0.362971765,0.0412189308,-0.092205052,-0.040063067,0.0029239941999999,,0.0968463546,0.044613038,,-3.646683216,5.0,1.0040889432,0.0,0.0698222181,0.3335343208,0.2654928292,0.0803210623,2.5991934038,44.032059983,6.039934034400001,0.0,0.0,0.1248066073,0.0,0.20934043,0.2866889008,1.0075538698,0.3753547106,0.1001568501,0.0014841149,-0.011961867,-0.009509868,2.0,0.017922365,0.0097040194,0.0326705093,0.0075969242,0.2230064444,0.2349970596,6.0,0.0272143404,1.7127700000000003e-10,0.0401333719,0.0226157768,0.4375009527,4.2944982687,1.225567e-08,73.0,84.24
2019-01-31,12595143.281,1.0203008082,1.0410137392,-0.019414304,16.965181911,0.0209784750999999,0.0709966719,-0.083750322,0.0744420016,0.0786016408999999,0.8688883387999999,-0.102818169,1.9110506712,0.093637745,-0.093637745,26.0,-0.029778269,0.2590090176,-0.553629726,0.1590957419,7.3964859265,0.048750811,0.0120539925,0.0354115195,-0.006662089,0.0093353523,0.0116358533,-1.212887274,0.0,1.0424283614,0.7311945987999999,0.0,0.0,0.0,0.0251863295,0.0104915289,0.4262279439999999,-0.191306848,0.0668179719,0.0295524153,0.0953228981,0.0261153565,0.1626158931,0.0349454019,2508.0688743,0.1763331188,0.0063424864,-0.362971765,0.0412189308,-0.092205052,-0.040063067,0.0029239941999999,,0.0968463546,0.044613038,,-3.646683216,5.0,1.0040889432,0.0,0.0698222181,0.3335343208,0.2654928292,0.0803210623,2.5991934038,44.032059983,6.039934034400001,0.0,0.0,0.1248066073,0.0,0.20934043,0.2866889008,1.0075538698,0.3753547106,0.1001568501,0.0014841149,-0.011961867,-0.009509868,2.0,0.017922365,0.0097040194,0.0326705093,0.0075969242,0.2230064444,0.2349970596,6.0,0.0320793535,1.381449e-10,0.0448006466,0.0212987393,0.4330717449,4.2299423157,1.2118391000000002e-08,73.0,93.35
2019-02-28,13934914.372,1.0301015532,1.0611092098,0.0781706832,16.990166937999998,0.0210216618,-0.077372714,0.1081434116,-0.058034255,-0.09037905,1.1587412097,-0.036379585,1.6998650418,0.093637745,-0.093637745,26.0,-0.029778269,0.2590090176,-0.564261757,0.1590957419,7.3964859265,0.048750811,0.0120539925,0.0354115195,-0.006662089,0.0093353523,0.0116358533,-1.212887274,0.0,1.0424283614,0.7311945987999999,0.0,0.0,0.0,0.0251863295,0.0104915289,0.4262279439999999,-0.191306848,0.0668179719,0.0295524153,0.0953228981,0.0261153565,0.1626158931,0.0349454019,2508.0688743,0.1763331188,0.0063424864,-0.362971765,0.0412189308,-0.092205052,-0.040063067,0.0029239941999999,,0.0968463546,0.044613038,,-3.646683216,5.0,1.0040889432,0.0,0.0698222181,0.3335343208,0.2654928292,0.0803210623,2.5991934038,44.032059983,6.039934034400001,0.0,0.0,0.1248066073,0.0,0.20934043,0.2866889008,1.0075538698,0.9694284323,0.1279048318,-0.000626173,-0.001062187,0.0755299287999999,0.0,0.0139336745,0.0096933617,0.024386319,0.0063476847999999,0.2046195173999999,0.2136216098999999,6.0,0.0204256936,1.586131e-10,0.0343977435999999,0.0171346708,0.2863437462,2.1206700933,1.3805273999999998e-08,73.0,101.68
2019-03-29,15219055.726,0.9973199847,0.9946471518,-0.2108340939999999,16.862954436,0.0213173844,0.0428633659999999,0.0892340839,-0.086058365,0.1025156446,0.8920670055,-0.005986501,1.6170996018,0.093637745,-0.093637745,26.0,-0.029778269,0.2590090176,-0.573154664,0.1590957419,7.3964859265,0.048750811,0.0120539925,0.0354115195,-0.006662089,0.0093353523,0.0116358533,-1.212887274,0.0,1.0424283614,0.7311945987999999,0.0,0.0,0.0,0.0251863295,0.0104915289,0.4262279439999999,-0.191306848,0.0668179719,0.0295524153,0.0953228981,0.0261153565,0.1626158931,0.0349454019,2508.0688743,0.1763331188,0.0063424864,-0.362971765,0.0412189308,-0.092205052,-0.040063067,0.0029239941999999,,0.0968463546,0.044613038,,-3.646683216,5.0,1.0040889432,0.0,0.0698222181,0.3335343208,0.2654928292,0.0803210623,2.5991934038,44.032059983,6.039934034400001,0.0,0.0,0.1248066073,0.0,0.20934043,0.2866889008,1.0075538698,0.9694284323,0.1279048318,-0.000626173,-0.001062187,0.0755299287999999,0.0,0.0139336745,0.0096933617,0.024386319,0.0063476847999999,0.2046195173999999,0.2136216098999999,6.0,0.0173210964,9.691164e-11,0.0292224567,0.0122926204,0.4201749225,3.8609120145,1.588265e-08,73.0,115.15
2019-04-30,17235191.628,1.0270074322,1.0547442658,-0.016915369,16.907504347,0.021516571,0.1144132756,0.1324744374,0.0311327362999999,0.2215281323,0.7184145423999999,-0.025633761,1.552953021,0.093637745,-0.093637745,26.0,-0.029778269,0.2590090176,-0.573690555,0.1590957419,7.3964859265,0.048750811,0.0120539925,0.0354115195,-0.006662089,0.0093353523,0.0116358533,-1.212887274,0.0,1.0424283614,0.7311945987999999,0.0,0.0,0.0,0.0251863295,0.0104915289,0.4262279439999999,-0.191306848,0.0668179719,0.0295524153,0.0953228981,0.0261153565,0.1626158931,0.0349454019,2508.0688743,0.1763331188,0.0063424864,-0.362971765,0.0412189308,-0.092205052,-0.040063067,0.0029239941999999,,0.0968463546,0.044613038,,-3.646683216,5.0,1.0040889432,0.0,0.0698222181,0.3335343208,0.2654928292,0.0803210623,2.5991934038,44.032059983,6.039934034400001,0.0,0.0,0.1248066073,0.0,0.20934043,0.2866889008,1.0075538698,0.9694284323,0.1279048318,-0.000626173,-0.001062187,0.0755299287999999,0.0,0.0139336745,0.0096933617,0.024386319,0.0063476847999999,0.2046195173999999,0.2136216098999999,6.0,0.0162689473,6.752136e-11,0.033312045,0.0110485148,0.2718547492,2.3466310224,1.2154266000000005e-08,73.0,121.08
2019-05-31,18159820.835,1.0355828362,1.0724318107,0.3053838765,17.201337883,0.0215145284,0.1053305298,0.051498048,0.2861610884,0.3466260901,0.7994528920999999,-0.024505153,1.535780759,0.0014357514,0.0014357514,27.0,-0.138899647,0.2749904715,-0.4595251529999999,0.2656457182,10.155032671,0.0317451113,-0.021582595,0.0477775638,-0.007843398,0.0388458992,0.0104870846,0.9145572949,0.0,0.734296987,0.653270182,0.0,0.0,0.0,0.0621354125,0.0323651494,0.4717193677,0.4792628793999999,0.1770720236,0.0314957499,0.1334074961,0.0293643149,0.1991185006,0.2571321260999999,2843.3765319000004,0.1679992794,0.0063098573,-2.860576603,-0.295589976,-0.106571379,-0.005706042,-0.3266782789999999,-0.832614415,-0.083077464,-0.034914982,-0.4209359789999999,0.0191575841999999,5.0,0.6760748948,0.0,0.0811767975,0.3475814932,0.2691829382,0.0701948091,4.316129523,25.497381686,5.631472870700001,0.0,0.0,0.1453928246,0.0,0.2335475252,0.2199517332999999,-2.257409491,0.9694284323,0.1279048318,-0.000626173,-0.001062187,0.0755299287999999,0.0,0.0139336745,0.0096933617,0.024386319,0.0063476847999999,0.2046195173999999,0.2136216098999999,4.0,0.0162946186,5.558596e-11,0.024788456,0.0094304296,0.357273975,2.7461341762,1.4337284e-08,73.0,116.44
2019-06-28,17454239.926,1.0448915093,1.0917982662,0.2225357819,17.086447007,0.0216539992,0.071745869,-0.0383217629999999,0.3169458095,0.3748154927,0.7044707373000001,-0.034257823,1.6571068963999998,0.0014357514,0.0014357514,27.0,-0.138899647,0.2749904715,-0.469384281,0.2656457182,10.155032671,0.0317451113,-0.021582595,0.0477775638,-0.007843398,0.0388458992,0.0104870846,0.9145572949,0.0,0.734296987,0.653270182,0.0,0.0,0.0,0.0621354125,0.0323651494,0.4717193677,0.4792628793999999,0.1770720236,0.0314957499,0.1334074961,0.0293643149,0.1991185006,0.2571321260999999,2843.3765319000004,0.1679992794,0.0063098573,-2.860576603,-0.295589976,-0.106571379,-0.005706042,-0.3266782789999999,-0.832614415,-0.083077464,-0.034914982,-0.4209359789999999,0.0191575841999999,5.0,0.6760748948,0.0,0.0811767975,0.3475814932,0.2691829382,0.0701948091,4.316129523,25.497381686,5.631472870700001,0.0,0.0,0.1453928246,0.0,0.2335475252,0.2199517332999999,-2.257409491,0.6888475914,0.1176566969,-0.036133836,0.0131767106,-0.017684486,1.0,0.043885861,0.0127503938999999,0.0805309709,0.0073660763,0.2046069493,0.2268005958999999,4.0,0.0220549523,9.746116e-11,0.0244530868,0.0176125912999999,0.4789352371,4.2377425861,1.0997935e-08,73.0,128.69
2019-07-31,19290502.676,1.0390246996,1.0795723263,0.5432019976,17.267733518,0.021802462,-0.003820006,0.1052043959,0.3822412765999999,0.3607572905,0.582285446,-0.03812357,1.6897780852000002,0.0014357514,0.0014357514,27.0,-0.138899647,0.2767641401,-0.328047687,0.2656457182,10.155032671,0.0317451113,-0.021582595,0.0477775638,-0.007843398,0.0388458992,0.0104870846,0.9145572949,0.0,0.734296987,0.653270182,0.0,0.0,0.0,0.0621354125,0.0323651494,0.4717193677,0.4792628793999999,0.1770720236,0.0314957499,0.1334074961,0.0293643149,0.1991185006,0.2571321260999999,2843.3765319000004,0.1679992794,0.0063098573,-2.860576603,-0.295589976,-0.106571379,-0.005706042,-0.3266782789999999,-0.832614415,-0.083077464,-0.034914982,-0.4209359789999999,0.0191575841999999,5.0,0.6760748948,0.0,0.0811767975,0.3475814932,0.2691829382,0.0701948091,4.316129523,25.497381686,5.631472870700001,0.0,0.0,0.1453928246,0.0,0.2335475252,0.2199517332999999,-2.257409491,0.6888475914,0.1176566969,-0.060350995,0.0131767106,-0.017684486,1.0,0.043885861,0.0127503938999999,0.0805309709,0.0073660763,0.2046069493,0.2268005958999999,4.0,0.0198459387999999,8.831371e-11,0.0409134924,0.0170860282,0.411708489,5.943228519600001,1.1982567e-08,73.0,132.76
2019-08-30,19963518.654,1.0668654536,1.1382018961,0.3783414355,17.377015281,0.0218205737,0.0325963993,0.0316263251,0.3785752992,0.4390025753,0.6512186261,-0.026839345,1.6387245736000002,0.0014357514,0.0014357514,27.0,-0.138899647,0.2767641401,-0.607637774,0.2656457182,10.155032671,0.0317451113,-0.021582595,0.0477775638,-0.007843398,0.0388458992,0.0104870846,0.9145572949,0.0,0.734296987,0.653270182,0.0,0.0,0.0,0.0621354125,0.0323651494,0.4717193677,0.4792628793999999,0.1770720236,0.0314957499,0.1334074961,0.0293643149,0.1991185006,0.2571321260999999,2843.3765319000004,0.1679992794,0.0063098573,-2.860576603,-0.295589976,-0.106571379,-0.005706042,-0.3266782789999999,-0.832614415,-0.083077464,-0.034914982,-0.4209359789999999,0.0191575841999999,5.0,0.6760748948,0.0,0.0811767975,0.3475814932,0.2691829382,0.0701948091,4.316129523,25.497381686,5.631472870700001,0.0,0.0,0.1453928246,0.0,0.2335475252,0.2199517332999999,-2.257409491,0.5895613944,0.093541699,-0.022781265,-9.141344e-06,-0.0016016479999999,0.0,0.0249779775,0.0131167927,0.0441239704,0.0036580777,0.2337666696,0.2418301839999999,4.0,0.0152666678,6.112632e-11,0.0212913994,0.0094235932,0.2867183631,1.8075191599,1.5363456e-08,73.0,141.81
2019-09-30,21312199.103,1.0717398369,1.1486262779,0.3991731406,17.064439848,0.0220514170999999,-0.018180626,0.0681681484,0.3056647701,0.2997845513,0.7227187937,-0.047297657,1.5730701924,0.0014357514,0.0014357514,27.0,-0.138899647,0.2767641401,-0.61094404,0.2656457182,10.155032671,0.0317451113,-0.021582595,0.0477775638,-0.007843398,0.0388458992,0.0104870846,0.9145572949,0.0,0.734296987,0.653270182,0.0,0.0,0.0,0.0621354125,0.0323651494,0.4717193677,0.4792628793999999,0.1770720236,0.0314957499,0.1334074961,0.0293643149,0.1991185006,0.2571321260999999,2843.3765319000004,0.1679992794,0.0063098573,-2.860576603,-0.295589976,-0.106571379,-0.005706042,-0.3266782789999999,-0.832614415,-0.083077464,-0.034914982,-0.4209359789999999,0.0191575841999999,5.0,0.6760748948,0.0,0.0811767975,0.3475814932,0.2691829382,0.0701948091,4.316129523,25.497381686,5.631472870700001,0.0,0.0,0.1453928246,0.0,0.2335475252,0.2199517332999999,-2.257409491,0.5895613944,0.093541699,-0.022781265,-9.141344e-06,-0.0016016479999999,0.0,0.0249779775,0.0131167927,0.0441239704,0.0036580777,0.2337666696,0.2418301839999999,4.0,0.0252408368,1.151362e-10,0.0543082803,0.0238168635999999,0.358866197,3.1732500475,1.2377629e-08,73.0,137.25
2019-10-31,20626890.75,1.0801196567,1.1666584728,0.0241920973,17.349237084000002,0.0225855308,-0.02553127,-0.032155685,0.2315240627,0.4380893984,0.66149962,-0.016918296,1.4637921209,0.0014357514,0.0014357514,27.0,-0.138899647,0.2767641401,-0.618989005,0.2656457182,10.155032671,0.0317451113,-0.021582595,0.0477775638,-0.007843398,0.0388458992,0.0104870846,0.9145572949,0.0,0.734296987,0.653270182,0.0,0.0,0.0,0.0621354125,0.0323651494,0.4717193677,0.4792628793999999,0.1770720236,0.0314957499,0.1334074961,0.0293643149,0.1991185006,0.2571321260999999,2843.3765319000004,0.1679992794,0.0063098573,-2.860576603,-0.295589976,-0.106571379,-0.005706042,-0.3266782789999999,-0.832614415,-0.083077464,-0.034914982,-0.4209359789999999,0.0191575841999999,5.0,0.6760748948,0.0,0.0811767975,0.3475814932,0.2691829382,0.0701948091,4.316129523,25.497381686,5.631472870700001,0.0,0.0,0.1453928246,0.0,0.2335475252,0.2199517332999999,-2.257409491,0.5895613944,0.093541699,-0.022781265,-9.141344e-06,-0.0016016479999999,0.0,0.0249779775,0.0131167927,0.0441239704,0.0036580777,0.2337666696,0.2418301839999999,4.0,0.025790904,1.02812e-10,0.0313029438,0.020145646,0.2268290178,1.8119029631,1.4638885e-08,73.0,135.75
2019-11-29,20407433.25,1.0042985689,1.0086156154,-0.231236326,17.243769086,0.0244286397,0.0501671658,-0.010928961,0.1335480507,0.5330057067,0.5095261499,-0.042829661,1.4528096888,0.0014357514,0.0014357514,27.0,-0.138899647,0.2767641401,-0.4702856479999999,0.2656457182,10.155032671,0.0317451113,-0.021582595,0.0477775638,-0.007843398,0.0388458992,0.0104870846,0.9145572949,0.0,0.734296987,0.653270182,0.0,0.0,0.0,0.0621354125,0.0323651494,0.4717193677,0.4792628793999999,0.1770720236,0.0314957499,0.1334074961,0.0293643149,0.1991185006,0.2571321260999999,2843.3765319000004,0.1679992794,0.0063098573,-2.860576603,-0.295589976,-0.106571379,-0.005706042,-0.3266782789999999,-0.832614415,-0.083077464,-0.034914982,-0.4209359789999999,0.0191575841999999,5.0,0.6760748948,0.0,0.0811767975,0.3475814932,0.2691829382,0.0701948091,4.316129523,25.497381686,5.631472870700001,0.0,0.0,0.1453928246,0.0,0.2335475252,0.2199517332999999,-2.257409491,1.6781161048,0.1020833444,-0.000196523,0.0171802456,0.0174180879,0.0,0.018631927,0.0131737929,0.0312824010999999,0.0032712878,0.2380758187,0.2479258116,4.0,0.0221671345,1.151725e-10,0.0280680377,0.0164316181,0.2587788738,1.4150649456,1.5117615e-08,73.0,141.04
2019-12-31,21202683.231,1.0224681138,1.0454410437,-0.055210605,17.06085679,0.0239318494,0.0600923036,0.0389686413,0.1658364565,0.4765063683,0.5201719963,-0.007875411,1.3033757376,0.0014357514,0.0014357514,27.0,-0.138899647,0.2767641401,-0.470644567,0.2656457182,10.155032671,0.0317451113,-0.021582595,0.0477775638,-0.007843398,0.0388458992,0.0104870846,0.9145572949,0.0,0.734296987,0.653270182,0.0,0.0,0.0,0.0621354125,0.0323651494,0.4717193677,0.4792628793999999,0.1770720236,0.0314957499,0.1334074961,0.0293643149,0.1991185006,0.2571321260999999,2843.3765319000004,0.1679992794,0.0063098573,-2.860576603,-0.295589976,-0.106571379,-0.005706042,-0.3266782789999999,-0.832614415,-0.083077464,-0.034914982,-0.4209359789999999,0.0191575841999999,5.0,0.6760748948,0.0,0.0811767975,0.3475814932,0.2691829382,0.0701948091,4.316129523,25.497381686,5.631472870700001,0.0,0.0,0.1453928246,0.0,0.2335475252,0.2199517332999999,-2.257409491,1.6781161048,0.1020833444,-0.000196523,0.0171802456,0.0174180879,0.0,0.018631927,0.0131737929,0.0312824010999999,0.0032712878,0.2380758187,0.2479258116,4.0,0.0180368552,7.944006e-11,0.0207563713,0.0114931297,0.3211247707999999,2.5212677575,1.8798465e-08,73.0,139.2
2020-01-31,20954471.541,1.0186652246,1.0376788398,-0.445990056,17.021207529,0.0242292493,0.2196985461,-0.013045919,0.0959669756,0.674263962,0.431192591,-0.026690236,1.3440899589,0.0014357514,0.0014357514,27.0,-0.138899647,0.2767641401,-0.469889365,0.2656457182,10.155032671,0.0317451113,-0.021582595,0.0477775638,-0.007843398,0.0388458992,0.0104870846,0.9145572949,0.0,0.734296987,0.653270182,0.0,0.0,0.0,0.0621354125,0.0323651494,0.4717193677,0.4792628793999999,0.1770720236,0.0314957499,0.1334074961,0.0293643149,0.1991185006,0.2571321260999999,2843.3765319000004,0.1679992794,0.0063098573,-2.860576603,-0.295589976,-0.106571379,-0.005706042,-0.3266782789999999,-0.832614415,-0.083077464,-0.034914982,-0.4209359789999999,0.0191575841999999,5.0,0.6760748948,0.0,0.0811767975,0.3475814932,0.2691829382,0.0701948091,4.316129523,25.497381686,5.631472870700001,0.0,0.0,0.1453928246,0.0,0.2335475252,0.2199517332999999,-2.257409491,1.6781161048,0.1020833444,-0.000196523,0.0171802456,0.0174180879,0.0,0.018631927,0.0131737929,0.0312824010999999,0.0032712878,0.2380758187,0.2479258116,4.0,0.0199442170999999,7.23791e-11,0.0287704654,0.015135508,0.4610039177,3.6786497773,1.2970369e-08,73.0,147.51
2020-02-28,22156296.195,1.0124546925,1.0250645044,-0.311071824,17.33102911,0.023757489,0.0814089362,0.0596982613,0.048508605,0.4911622742,0.4843377074,0.0330379142,1.35582818,0.0014357514,0.0014357514,27.0,-0.138899647,0.2767641401,-0.469739296,0.2656457182,10.155032671,0.0317451113,-0.021582595,0.0477775638,-0.007843398,0.0388458992,0.0104870846,0.9145572949,0.0,0.734296987,0.653270182,0.0,0.0,0.0,0.0621354125,0.0323651494,0.4717193677,0.4792628793999999,0.1770720236,0.0314957499,0.1334074961,0.0293643149,0.1991185006,0.2571321260999999,2843.3765319000004,0.1679992794,0.0063098573,-2.860576603,-0.295589976,-0.106571379,-0.005706042,-0.3266782789999999,-0.832614415,-0.083077464,-0.034914982,-0.4209359789999999,0.0191575841999999,5.0,0.6760748948,0.0,0.0811767975,0.3475814932,0.2691829382,0.0701948091,4.316129523,25.497381686,5.631472870700001,0.0,0.0,0.1453928246,0.0,0.2335475252,0.2199517332999999,-2.257409491,1.001743012,0.1117999977,0.006988179,0.0114111101,0.0689281388999999,0.0,0.0161326126,0.0131723522,0.0255600869,0.0036694933,0.2281000009,0.2394282023,4.0,0.0182717524,7.857378e-11,0.02636493,0.0133566177,0.2196293432999999,1.4394306838,1.6122888000000002e-08,73.0,137.93
2020-03-31,20720809.01,1.0099345135,1.0199677217,-0.42203011,17.172047385,0.0237377821,0.0348059082,-0.064944766,0.0401946055,0.4507277111,0.4232922093999999,0.0364112042,1.6260126342,0.0014357514,0.0014357514,27.0,-0.138899647,0.2767641401,-0.468759759,0.2656457182,10.155032671,0.0317451113,-0.021582595,0.0477775638,-0.007843398,0.0388458992,0.0104870846,0.9145572949,0.0,0.734296987,0.653270182,0.0,0.0,0.0,0.0621354125,0.0323651494,0.4717193677,0.4792628793999999,0.1770720236,0.0314957499,0.1334074961,0.0293643149,0.1991185006,0.2571321260999999,2843.3765319000004,0.1679992794,0.0063098573,-2.860576603,-0.295589976,-0.106571379,-0.005706042,-0.3266782789999999,-0.832614415,-0.083077464,-0.034914982,-0.4209359789999999,0.0191575841999999,5.0,0.6760748948,0.0,0.0811767975,0.3475814932,0.2691829382,0.0701948091,4.316129523,25.497381686,5.631472870700001,0.0,0.0,0.1453928246,0.0,0.2335475252,0.2199517332999999,-2.257409491,1.001743012,0.1117999977,0.006988179,0.0114111101,0.0689281388999999,0.0,0.0161326126,0.0131723522,0.0255600869,0.0036694933,0.2281000009,0.2394282023,4.0,0.0274043922,7.995212e-11,0.036936,0.0236884987,0.6125025803,7.2933651435,1.1658308e-08,73.0,128.79
2020-04-30,19347734.321,1.0212230958,1.0428966114,-0.253562955,17.527226434,0.0250987094,-0.036490262,-0.066265494,0.0049544072,0.1978288373999999,0.5964231801,0.0098763407,1.9344545463,0.0014357514,0.0014357514,27.0,-0.138899647,0.2767641401,-0.470002937,0.2656457182,10.155032671,0.0317451113,-0.021582595,0.0477775638,-0.007843398,0.0388458992,0.0104870846,0.9145572949,0.0,0.734296987,0.653270182,0.0,0.0,0.0,0.0621354125,0.0323651494,0.4717193677,0.4792628793999999,0.1770720236,0.0314957499,0.1334074961,0.0293643149,0.1991185006,0.2571321260999999,2843.3765319000004,0.1679992794,0.0063098573,-2.860576603,-0.295589976,-0.106571379,-0.005706042,-0.3266782789999999,-0.832614415,-0.083077464,-0.034914982,-0.4209359789999999,0.0191575841999999,5.0,0.6760748948,0.0,0.0811767975,0.3475814932,0.2691829382,0.0701948091,4.316129523,25.497381686,5.631472870700001,0.0,0.0,0.1453928246,0.0,0.2335475252,0.2199517332999999,-2.257409491,1.001743012,0.1117999977,0.006988179,0.0114111101,0.0689281388999999,0.0,0.0161326126,0.0131723522,0.0255600869,0.0036694933,0.2281000009,0.2394282023,4.0,0.0632626021,2.141722e-10,0.1120021492,0.0597186474,0.1903117592,2.1385241745,7.7681304e-09,73.0,157.12
2020-05-29,23710664.223,0.9106573789,0.8292968618000001,0.0362621515,17.718090227,0.0256636999,-0.249148602,0.2199705243,-0.051270767,0.0636768374,0.6428765905,0.0419126613,2.0206911645,0.0427285694,-0.042728569,28.0,-0.042171672,0.3242917456,-0.4158966329999999,0.2959666627,19.351777818,0.0392265402,0.0099282157,0.0440115386,0.0071416608,-0.497571947,0.0030453025,-0.444505177,0.0,0.9922759697,0.4753592282,0.0,0.0,0.0,0.17356557,0.0260869161,0.4508055192,1.8172136276,0.0401901533,0.0344019045,0.0491506229,0.0318912836,0.1135019761,-0.129530369,7202.6459865,0.1815741996,0.0061894931,0.7386518398999999,0.3513278513,-0.2723390089999999,0.0116257461,0.3482555593999999,-0.079346318,-0.302556601,0.0392461723,-0.068631162,-0.503686367,8.0,0.9115217355,0.0,0.0557116608,0.3383027434,0.3079334699,0.0903396509999999,4.6051350355,23.747466753,4.3962132351,0.0,0.0,0.0767803738,0.0,0.1646798967,0.2472325666,-0.335767227,1.001743012,0.1117999977,0.006988179,0.0114111101,0.0689281388999999,0.0,0.0161326126,0.0131723522,0.0255600869,0.0036694933,0.2281000009,0.2394282023,7.0,0.0328706377,1.712484e-10,0.0912083536,0.0320235484,0.2988552633,2.1212039578,1.3447225e-08,73.0,180.91
2020-06-30,27279238.542,0.8481287885,0.7193224418,0.0714183394,17.415000649,0.0268139087999999,-0.072772284,0.1514129937,0.1140102341,0.3493644125999999,0.555229016,0.1093025581,1.8165626582,0.0427285694,-0.042728569,28.0,-0.042171672,0.3242917456,-0.4135783779999999,0.2959666627,19.351777818,0.0392265402,0.0099282157,0.0440115386,0.0071416608,-0.497571947,0.0030453025,-0.444505177,0.0,0.9922759697,0.4753592282,0.0,0.0,0.0,0.17356557,0.0260869161,0.4508055192,1.8172136276,0.0401901533,0.0344019045,0.0491506229,0.0318912836,0.1135019761,-0.129530369,7202.6459865,0.1815741996,0.0061894931,0.7386518398999999,0.3513278513,-0.2723390089999999,0.0116257461,0.3482555593999999,-0.079346318,-0.302556601,0.0392461723,-0.068631162,-0.503686367,8.0,0.9115217355,0.0,0.0557116608,0.3383027434,0.3079334699,0.0903396509999999,4.6051350355,23.747466753,4.3962132351,0.0,0.0,0.0767803738,0.0,0.1646798967,0.2472325666,-0.335767227,0.7757961256,0.1139348588,0.0279249345,0.0418751575,-0.026515271,1.0,0.0261178846,0.0134529777,0.0408545821,0.0027440491999999,0.2284353106,0.2417430898999999,7.0,0.0306772558,1.052646e-10,0.0394139625,0.01875149,0.3143096951,1.9893325681,1.6147924e-08,73.0,195.0
2020-07-31,29403855.0,0.8553375164,0.7316022669,0.3191930329,17.425638114,0.0275389737,-0.021632456,0.077884011,0.2996408682,0.405781341,0.7645687672,0.0806115574,1.4566283161000002,0.0427285694,-0.042728569,28.0,-0.042171672,0.1949226442,-0.639713077,0.2959666627,19.351777818,0.0392265402,0.0099282157,0.0440115386,0.0071416608,-0.497571947,0.0030453025,-0.444505177,0.0,0.9922759697,0.4753592282,0.0,0.0,0.0,0.17356557,0.0260869161,0.4508055192,1.8172136276,0.0401901533,0.0344019045,0.0491506229,0.0318912836,0.1135019761,-0.129530369,7202.6459865,0.1815741996,0.0061894931,0.7386518398999999,0.3513278513,-0.2723390089999999,0.0116257461,0.3482555593999999,-0.079346318,-0.302556601,0.0392461723,-0.068631162,-0.503686367,8.0,0.9115217355,0.0,0.0557116608,0.3383027434,0.3079334699,0.0903396509999999,4.6051350355,23.747466753,4.3962132351,0.0,0.0,0.0767803738,0.0,0.1646798967,0.2472325666,-0.335767227,0.7757961256,0.1139348588,0.0281467185,0.0418751575,-0.026515271,1.0,0.0261178846,0.0134529777,0.0408545821,0.0027440491999999,0.2284353106,0.2417430898999999,7.0,0.0321084956,7.518458e-11,0.0478178784,0.0202655996,0.2612926837,1.8749378397,1.3268833999999998e-08,73.0,199.22
2020-08-31,30233228.945,0.8006567479000001,0.6410512279,0.2394498285,17.601254437999998,0.0281232587,0.0535489617,0.0216410327999999,0.3219443336,0.4688159786999999,0.7338382258,0.1067431751,1.2949947945,0.0427285694,-0.042728569,28.0,-0.042171672,0.1949226442,-0.642378966,0.2959666627,19.351777818,0.0392265402,0.0099282157,0.0440115386,0.0071416608,-0.497571947,0.0030453025,-0.444505177,0.0,0.9922759697,0.4753592282,0.0,0.0,0.0,0.17356557,0.0260869161,0.4508055192,1.8172136276,0.0401901533,0.0344019045,0.0491506229,0.0318912836,0.1135019761,-0.129530369,7202.6459865,0.1815741996,0.0061894931,0.7386518398999999,0.3513278513,-0.2723390089999999,0.0116257461,0.3482555593999999,-0.079346318,-0.302556601,0.0392461723,-0.068631162,-0.503686367,8.0,0.9115217355,0.0,0.0557116608,0.3383027434,0.3079334699,0.0903396509999999,4.6051350355,23.747466753,4.3962132351,0.0,0.0,0.0767803738,0.0,0.1646798967,0.2472325666,-0.335767227,1.5627772059,0.0973948976,0.0003106635,0.5411416718,-0.049991032,0.0,0.0162464326,0.013427942,0.0254863259,0.0006309719,0.234449366,0.2465623791,7.0,0.0254790557,9.444043e-11,0.0286325403,0.0155949562999999,0.3037766617,1.4538496075999998,1.8838291e-08,73.0,221.3
2020-09-30,33584931.063,0.7984334228,0.6374959307,0.6317977434000001,17.272583805,0.0283204631,0.1762385413,0.1108322516,0.444355933,0.4048375021,0.7633673042,0.102822248,1.229629288,0.0427285694,-0.042728569,28.0,-0.042171672,0.1949226442,-0.647803307,0.2959666627,19.351777818,0.0392265402,0.0099282157,0.0440115386,0.0071416608,-0.497571947,0.0030453025,-0.444505177,0.0,0.9922759697,0.4753592282,0.0,0.0,0.0,0.17356557,0.0260869161,0.4508055192,1.8172136276,0.0401901533,0.0344019045,0.0491506229,0.0318912836,0.1135019761,-0.129530369,7202.6459865,0.1815741996,0.0061894931,0.7386518398999999,0.3513278513,-0.2723390089999999,0.0116257461,0.3482555593999999,-0.079346318,-0.302556601,0.0392461723,-0.068631162,-0.503686367,8.0,0.9115217355,0.0,0.0557116608,0.3383027434,0.3079334699,0.0903396509999999,4.6051350355,23.747466753,4.3962132351,0.0,0.0,0.0767803738,0.0,0.1646798967,0.2472325666,-0.335767227,1.5627772059,0.0973948976,0.0003106635,0.5411416718,-0.049991032,0.0,0.0162464326,0.013427942,0.0254863259,0.0006309719,0.234449366,0.2465623791,7.0,0.023001148,7.971506e-11,0.0854606107,0.0222824314999999,0.4618985222,3.3784066158,1.810813e-08,73.0,213.98
2020-10-30,32474032.112,0.7809826651,0.6099339231,0.7231038541,17.469772183,0.0297586679,0.2406797858,-0.0330773029999999,0.7183012326,0.6123861882,0.7043337873000001,0.085747219,1.1033888532,0.0427285694,-0.042728569,28.0,-0.042171672,0.1949226442,-0.643195107,0.2959666627,19.351777818,0.0392265402,0.0099282157,0.0440115386,0.0071416608,-0.497571947,0.0030453025,-0.444505177,0.0,0.9922759697,0.4753592282,0.0,0.0,0.0,0.17356557,0.0260869161,0.4508055192,1.8172136276,0.0401901533,0.0344019045,0.0491506229,0.0318912836,0.1135019761,-0.129530369,7202.6459865,0.1815741996,0.0061894931,0.7386518398999999,0.3513278513,-0.2723390089999999,0.0116257461,0.3482555593999999,-0.079346318,-0.302556601,0.0392461723,-0.068631162,-0.503686367,8.0,0.9115217355,0.0,0.0557116608,0.3383027434,0.3079334699,0.0903396509999999,4.6051350355,23.747466753,4.3962132351,0.0,0.0,0.0767803738,0.0,0.1646798967,0.2472325666,-0.335767227,1.5627772059,0.0973948976,0.0003106635,0.5411416718,-0.049991032,0.0,0.0162464326,0.013427942,0.0254863259,0.0006309719,0.234449366,0.2465623791,7.0,0.0350380847,1.411569e-10,0.0346881337,0.0278444923,0.2578967974,1.6169355653,1.845173e-08,73.0,213.86
2020-11-30,32638885.573000003,0.7681650756999999,0.5900775836,0.2037036041,17.41734606,0.0308575717,0.1870777146999999,-0.0005607769999999,0.3618890198,0.5762799035,0.5690014219,0.0725319336,1.044190943,0.0427285694,-0.042728569,28.0,-0.042171672,0.1949226442,-0.64065837,0.2959666627,19.351777818,0.0392265402,0.0099282157,0.0440115386,0.0071416608,-0.497571947,0.0030453025,-0.444505177,0.0,0.9922759697,0.4753592282,0.0,0.0,0.0,0.17356557,0.0260869161,0.4508055192,1.8172136276,0.0401901533,0.0344019045,0.0491506229,0.0318912836,0.1135019761,-0.129530369,7202.6459865,0.1815741996,0.0061894931,0.7386518398999999,0.3513278513,-0.2723390089999999,0.0116257461,0.3482555593999999,-0.079346318,-0.302556601,0.0392461723,-0.068631162,-0.503686367,8.0,0.9115217355,0.0,0.0557116608,0.3383027434,0.3079334699,0.0903396509999999,4.6051350355,23.747466753,4.3962132351,0.0,0.0,0.0767803738,0.0,0.1646798967,0.2472325666,-0.335767227,0.2802555678,0.1171317149,-0.002496035,-0.210387763,0.0529932007,1.0,0.0152605137,0.0134264878,0.0264942356,0.0010579627,0.2419882412,0.2546327692,7.0,0.0242040229999999,9.944587e-11,0.0274211708,0.0161797173,0.1890599565,0.7341939444,2.2847386000000003e-08,73.0,227.5
2020-12-31,34720595.0,0.775615968,0.6015801299,-0.025154515,17.15691614,0.030481739,0.1340009155,0.0637800395,0.182134743,0.5163075178000001,0.5605221821,0.0891938948,0.9992550578,0.0427285694,-0.042728569,28.0,-0.042171672,0.1949226442,-0.638929073,0.2959666627,19.351777818,0.0392265402,0.0099282157,0.0440115386,0.0071416608,-0.497571947,0.0030453025,-0.444505177,0.0,0.9922759697,0.4753592282,0.0,0.0,0.0,0.17356557,0.0260869161,0.4508055192,1.8172136276,0.0401901533,0.0344019045,0.0491506229,0.0318912836,0.1135019761,-0.129530369,7202.6459865,0.1815741996,0.0061894931,0.7386518398999999,0.3513278513,-0.2723390089999999,0.0116257461,0.3482555593999999,-0.079346318,-0.302556601,0.0392461723,-0.068631162,-0.503686367,8.0,0.9115217355,0.0,0.0557116608,0.3383027434,0.3079334699,0.0903396509999999,4.6051350355,23.747466753,4.3962132351,0.0,0.0,0.0767803738,0.0,0.1646798967,0.2472325666,-0.335767227,0.2802555678,0.1171317149,-0.002496035,-0.210387763,0.0529932007,1.0,0.0152605137,0.0134264878,0.0264942356,0.0010579627,0.2419882412,0.2546327692,7.0,0.0280657637999999,1.204442e-10,0.0521781892,0.0258231587,0.3326300483,1.6281868035,2.1501742000000003e-08,73.0,259.24
2021-01-29,39672014.186,0.7657038906,0.5863024481,-0.071426264,17.380051733,0.0331196879,0.3784667324,0.139516443,0.1666666644,0.6343391273,0.6330361093,0.0374282558,1.0038307387,0.0427285694,-0.042728569,28.0,-0.042171672,0.1949226442,-0.64122715,0.2959666627,19.351777818,0.0392265402,0.0099282157,0.0440115386,0.0071416608,-0.497571947,0.0030453025,-0.444505177,0.0,0.9922759697,0.4753592282,0.0,0.0,0.0,0.17356557,0.0260869161,0.4508055192,1.8172136276,0.0401901533,0.0344019045,0.0491506229,0.0318912836,0.1135019761,-0.129530369,7202.6459865,0.1815741996,0.0061894931,0.7386518398999999,0.3513278513,-0.2723390089999999,0.0116257461,0.3482555593999999,-0.079346318,-0.302556601,0.0392461723,-0.068631162,-0.503686367,8.0,0.9115217355,0.0,0.0557116608,0.3383027434,0.3079334699,0.0903396509999999,4.6051350355,23.747466753,4.3962132351,0.0,0.0,0.0767803738,0.0,0.1646798967,0.2472325666,-0.335767227,0.2802555678,0.1171317149,-0.002496035,-0.210387763,0.0529932007,1.0,0.0152605137,0.0134264878,0.0264942356,0.0010579627,0.2419882412,0.2546327692,7.0,0.0244984069,7.200182e-11,0.0433873273,0.0150120116,0.4735898715,2.5949547379,1.7732145000000003e-08,73.0,255.45
2021-02-26,38921383.335,0.7726481103,0.5969851024,-0.06830182,17.609737033,0.0330566968,0.4825434613,-0.0146196319999999,0.3012749145,0.7574401856,0.5928084556000001,0.0161889956,1.0067466021,0.0427285694,-0.042728569,28.0,-0.042171672,0.1949226442,-0.644261639,0.2959666627,19.351777818,0.0392265402,0.0099282157,0.0440115386,0.0071416608,-0.497571947,0.0030453025,-0.444505177,0.0,0.9922759697,0.4753592282,0.0,0.0,0.0,0.17356557,0.0260869161,0.4508055192,1.8172136276,0.0401901533,0.0344019045,0.0491506229,0.0318912836,0.1135019761,-0.129530369,7202.6459865,0.1815741996,0.0061894931,0.7386518398999999,0.3513278513,-0.2723390089999999,0.0116257461,0.3482555593999999,-0.079346318,-0.302556601,0.0392461723,-0.068631162,-0.503686367,8.0,0.9115217355,0.0,0.0557116608,0.3383027434,0.3079334699,0.0903396509999999,4.6051350355,23.747466753,4.3962132351,0.0,0.0,0.0767803738,0.0,0.1646798967,0.2472325666,-0.335767227,1.0020089535,0.1371753499,-0.007969405,-0.198867135,0.0755154183,2.0,0.03460337,0.0142308293999999,0.0592694509999999,0.0036768815,0.2360283998,0.255390097,7.0,0.0274470068,8.316555999999999e-11,0.0366039239,0.0210299273,0.2091664123999999,0.9912989449,2.638897e-08,73.0,245.21
2021-03-31,37363384.353,0.7537307845000001,0.5681100955,-0.4963937539999999,17.344860968,0.0331715664,0.7800862563,-0.040086083,0.1543153817,0.8520264849,0.6290302749000001,0.0140928377,1.065656864,0.0427285694,-0.042728569,28.0,-0.042171672,0.1949226442,-0.649595396,0.2959666627,19.351777818,0.0392265402,0.0099282157,0.0440115386,0.0071416608,-0.497571947,0.0030453025,-0.444505177,0.0,0.9922759697,0.4753592282,0.0,0.0,0.0,0.17356557,0.0260869161,0.4508055192,1.8172136276,0.0401901533,0.0344019045,0.0491506229,0.0318912836,0.1135019761,-0.129530369,7202.6459865,0.1815741996,0.0061894931,0.7386518398999999,0.3513278513,-0.2723390089999999,0.0116257461,0.3482555593999999,-0.079346318,-0.302556601,0.0392461723,-0.068631162,-0.503686367,8.0,0.9115217355,0.0,0.0557116608,0.3383027434,0.3079334699,0.0903396509999999,4.6051350355,23.747466753,4.3962132351,0.0,0.0,0.0767803738,0.0,0.1646798967,0.2472325666,-0.335767227,1.0020089535,0.1371753499,-0.007969405,-0.198867135,0.0755154183,2.0,0.03460337,0.0142308293999999,0.0592694509999999,0.0036768815,0.2360283998,0.255390097,7.0,0.0313062181,9.306964e-11,0.0355040878,0.02817036,0.4264342386999999,2.9813195877,1.9256885e-08,73.0,247.78
2021-04-30,37754981.754,0.769195436,0.5916616187,-0.5035057510000001,17.614953322999998,0.0339655573,1.6620682527,0.0104807802,0.1459482782,0.9039523389,0.5472128158,0.07468193,1.2671513038,0.0427285694,-0.042728569,28.0,-0.042171672,0.1949226442,-0.678341777,0.2959666627,19.351777818,0.0392265402,0.0099282157,0.0440115386,0.0071416608,-0.497571947,0.0030453025,-0.444505177,0.0,0.9922759697,0.4753592282,0.0,0.0,0.0,0.17356557,0.0260869161,0.4508055192,1.8172136276,0.0401901533,0.0344019045,0.0491506229,0.0318912836,0.1135019761,-0.129530369,7202.6459865,0.1815741996,0.0061894931,0.7386518398999999,0.3513278513,-0.2723390089999999,0.0116257461,0.3482555593999999,-0.079346318,-0.302556601,0.0392461723,-0.068631162,-0.503686367,8.0,0.9115217355,0.0,0.0557116608,0.3383027434,0.3079334699,0.0903396509999999,4.6051350355,23.747466753,4.3962132351,0.0,0.0,0.0767803738,0.0,0.1646798967,0.2472325666,-0.335767227,1.0020089535,0.1371753499,-0.007969405,-0.198867135,0.0755154183,2.0,0.03460337,0.0142308293999999,0.0592694509999999,0.0036768815,0.2360283998,0.255390097,7.0,0.0332478301,7.577125e-11,0.0478266589,0.0269025107,0.219277897,1.6300935991,1.096905e-08,73.0,247.06
2021-05-28,37689990.868,0.7473141243000001,0.5584784004,-0.205883566,17.997131604,0.0355264029,1.3932585609,-0.0029058079999999,0.1586084314,0.5770112527000001,0.8374457909,0.025647799,1.33359113,0.0453011391,-0.045301139,29.0,-0.253686403,0.2343080326,-0.638542594,0.3233177751,20.346383603,0.0303721462,0.0055957197,0.0717420434999999,0.0152130963999999,-0.131466114,0.0070404182,-5.545207083999999,0.0,1.1912663172,0.225459018,0.0,0.0,0.0,0.2019075129,0.0203544634,0.4786556464,0.5631769318,0.1463870802,0.0375061151,0.0820379965,0.1025893185999999,0.0955208781,0.3459899563,13917.110343,0.1762116224,0.0057497995,-34.60495398,0.2005393192,-0.525708128,0.0099722388,0.2082957155,-0.262487606,-0.205384621,0.0082382763,-0.193137533,-0.492161476,5.0,1.1013878076,0.0,0.0391870611,0.3470622728999999,0.4876748377,0.0932600443,2.9787847485000003,19.16093962,3.7027133746,0.0,0.0,0.0965833248,0.0,0.1129107488,0.3190599513,-2.108661283,1.0020089535,0.1371753499,-0.007969405,-0.198867135,0.0755154183,2.0,0.03460337,0.0142308293999999,0.0592694509999999,0.0036768815,0.2360283998,0.255390097,7.0,0.0209345375,6.534514e-11,0.026031144,0.0170670393,0.2302944042,1.2055237945,1.9358731000000002e-08,73.0,254.34
2021-06-30,38805924.941,0.7468224645999999,0.5577437936,-0.139553333,17.517179746,0.0356923612999999,1.0979827534,0.029466521,0.0859780165,0.3656513942,1.0541614925,0.0264289825999999,1.3864744115,0.0453011391,-0.045301139,29.0,-0.253686403,0.2343080326,-0.638605564,0.3233177751,20.346383603,0.0303721462,0.0055957197,0.0717420434999999,0.0152130963999999,-0.131466114,0.0070404182,-5.545207083999999,0.0,1.1912663172,0.225459018,0.0,0.0,0.0,0.2019075129,0.0203544634,0.4786556464,0.5631769318,0.1463870802,0.0375061151,0.0820379965,0.1025893185999999,0.0955208781,0.3459899563,13917.110343,0.1762116224,0.0057497995,-34.60495398,0.2005393192,-0.525708128,0.0099722388,0.2082957155,-0.262487606,-0.205384621,0.0082382763,-0.193137533,-0.492161476,5.0,1.1013878076,0.0,0.0391870611,0.3470622728999999,0.4876748377,0.0932600443,2.9787847485000003,19.16093962,3.7027133746,0.0,0.0,0.0965833248,0.0,0.1129107488,0.3190599513,-2.108661283,0.6427286422,0.1540680508,0.0037629037,-0.216129571,0.0314227827,0.0,0.0257050206999999,0.0143832923,0.0428605776,0.0053420329,0.2369792882,0.2553708779,7.0,0.0277766498,6.599246e-11,0.0382915884,0.0209706262,0.2943934857,1.8651556276,1.6168988000000004e-08,73.0,275.79
2021-07-30,42078660.554,0.7462241537000001,0.5568504876,-0.265595318,17.776252943,0.0358088919,0.7789107893,0.0843359752999999,-0.018901379,0.3043076764,1.2788360326,0.0293593967,1.1945538466,0.0453011391,-0.045301139,29.0,-0.253686403,0.1237598116,-0.738704061,0.3233177751,20.346383603,0.0303721462,0.0055957197,0.0717420434999999,0.0152130963999999,-0.131466114,0.0070404182,-5.545207083999999,0.0,1.1912663172,0.225459018,0.0,0.0,0.0,0.2019075129,0.0203544634,0.4786556464,0.5631769318,0.1463870802,0.0375061151,0.0820379965,0.1025893185999999,0.0955208781,0.3459899563,13917.110343,0.1762116224,0.0057497995,-34.60495398,0.2005393192,-0.525708128,0.0099722388,0.2082957155,-0.262487606,-0.205384621,0.0082382763,-0.193137533,-0.492161476,5.0,1.1013878076,0.0,0.0391870611,0.3470622728999999,0.4876748377,0.0932600443,2.9787847485000003,19.16093962,3.7027133746,0.0,0.0,0.0965833248,0.0,0.1129107488,0.3190599513,-2.108661283,0.6427286422,0.1540680508,0.0037629037,-0.216129571,0.0314227827,0.0,0.0257050206999999,0.0143832923,0.0428605776,0.0053420329,0.2369792882,0.2553708779,7.0,0.0184195953,5.700163000000001e-11,0.0234711003,0.0117953744999999,0.4427744797,3.4687918841000003,1.7193986e-08,73.0,287.99
2021-08-31,43946408.54,0.7402307692,0.5479415917,-0.154867731,17.70052324,0.0352554989,0.8323797161,0.0442364886,0.0796242385,0.3843489944,1.2276640845,0.0403566152999999,1.1212675598,0.0453011391,-0.045301139,29.0,-0.253686403,0.1237598116,-0.768703635,0.3233177751,20.346383603,0.0303721462,0.0055957197,0.0717420434999999,0.0152130963999999,-0.131466114,0.0070404182,-5.545207083999999,0.0,1.1912663172,0.225459018,0.0,0.0,0.0,0.2019075129,0.0203544634,0.4786556464,0.5631769318,0.1463870802,0.0375061151,0.0820379965,0.1025893185999999,0.0955208781,0.3459899563,13917.110343,0.1762116224,0.0057497995,-34.60495398,0.2005393192,-0.525708128,0.0099722388,0.2082957155,-0.262487606,-0.205384621,0.0082382763,-0.193137533,-0.492161476,5.0,1.1013878076,0.0,0.0391870611,0.3470622728999999,0.4876748377,0.0932600443,2.9787847485000003,19.16093962,3.7027133746,0.0,0.0,0.0965833248,0.0,0.1129107488,0.3190599513,-2.108661283,0.5528571419,0.1278694265,0.0027161271,-0.012765413,-0.073777904,0.0,0.0202171539999999,0.0143966420999999,0.0330816456,0.0034926816,0.2315089349,0.2496381629,7.0,0.0148681019,4.028029e-11,0.0124235041,0.0070203354,0.279118233,1.1917184428,2.4428274e-08,73.0,332.24
2021-09-30,50667595.231000006,0.7319400033,0.5357361684,0.2468767976999999,17.439153474,0.0350009244,0.5887041214000001,0.1536511779,0.1744626305,0.3013555655,1.1666340652,0.0479435192,1.000679768,0.0453011391,-0.045301139,29.0,-0.253686403,0.1237598116,-0.7744626490000001,0.3233177751,20.346383603,0.0303721462,0.0055957197,0.0717420434999999,0.0152130963999999,-0.131466114,0.0070404182,-5.545207083999999,0.0,1.1912663172,0.225459018,0.0,0.0,0.0,0.2019075129,0.0203544634,0.4786556464,0.5631769318,0.1463870802,0.0375061151,0.0820379965,0.1025893185999999,0.0955208781,0.3459899563,13917.110343,0.1762116224,0.0057497995,-34.60495398,0.2005393192,-0.525708128,0.0099722388,0.2082957155,-0.262487606,-0.205384621,0.0082382763,-0.193137533,-0.492161476,5.0,1.1013878076,0.0,0.0391870611,0.3470622728999999,0.4876748377,0.0932600443,2.9787847485000003,19.16093962,3.7027133746,0.0,0.0,0.0965833248,0.0,0.1129107488,0.3190599513,-2.108661283,0.5528571419,0.1278694265,0.0027161271,-0.012765413,-0.073777904,0.0,0.0202171539999999,0.0143966420999999,0.0330816456,0.0034926816,0.2315089349,0.2496381629,7.0,0.0168424742,4.235508e-11,0.0872586593,0.0193520363,0.4947540018,3.0287426657,2.005835e-08,73.0,299.41
2021-10-29,45660923.788,0.7210961709999999,0.5199796878,0.0504116434,17.73242793,0.0357011056,0.7485631744,-0.09881407,0.3408668661999999,0.5526684668999999,1.1699624162,0.0031585656,0.9444843702,0.0453011391,-0.045301139,29.0,-0.253686403,0.1237598116,-0.7708653790000001,0.3233177751,20.346383603,0.0303721462,0.0055957197,0.0717420434999999,0.0152130963999999,-0.131466114,0.0070404182,-5.545207083999999,0.0,1.1912663172,0.225459018,0.0,0.0,0.0,0.2019075129,0.0203544634,0.4786556464,0.5631769318,0.1463870802,0.0375061151,0.0820379965,0.1025893185999999,0.0955208781,0.3459899563,13917.110343,0.1762116224,0.0057497995,-34.60495398,0.2005393192,-0.525708128,0.0099722388,0.2082957155,-0.262487606,-0.205384621,0.0082382763,-0.193137533,-0.492161476,5.0,1.1013878076,0.0,0.0391870611,0.3470622728999999,0.4876748377,0.0932600443,2.9787847485000003,19.16093962,3.7027133746,0.0,0.0,0.0965833248,0.0,0.1129107488,0.3190599513,-2.108661283,0.5528571419,0.1278694265,0.0027161271,-0.012765413,-0.073777904,0.0,0.0202171539999999,0.0143966420999999,0.0330816456,0.0034926816,0.2315089349,0.2496381629,7.0,0.0180285719,3.838605e-11,0.0123189921,0.0129273231,0.3575204963,2.2596207349,2.0855689e-08,73.0,333.18
2021-11-30,50997196.039,0.7112724376,0.5059084804999999,0.1933375439,17.635684028,0.0355069418,0.6849164126999999,0.1127884461999999,0.2118918791,0.4000280798,1.3886965629,0.0108733882,0.9331164278,0.0453011391,-0.045301139,29.0,-0.253686403,0.1237598116,-0.77827806,0.3233177751,20.346383603,0.0303721462,0.0055957197,0.0717420434999999,0.0152130963999999,-0.131466114,0.0070404182,-5.545207083999999,0.0,1.1912663172,0.225459018,0.0,0.0,0.0,0.2019075129,0.0203544634,0.4786556464,0.5631769318,0.1463870802,0.0375061151,0.0820379965,0.1025893185999999,0.0955208781,0.3459899563,13917.110343,0.1762116224,0.0057497995,-34.60495398,0.2005393192,-0.525708128,0.0099722388,0.2082957155,-0.262487606,-0.205384621,0.0082382763,-0.193137533,-0.492161476,5.0,1.1013878076,0.0,0.0391870611,0.3470622728999999,0.4876748377,0.0932600443,2.9787847485000003,19.16093962,3.7027133746,0.0,0.0,0.0965833248,0.0,0.1129107488,0.3190599513,-2.108661283,0.5467386837,0.1750018136,0.0028606483,0.0290923397,0.0367691074,1.0,0.0243456812999999,0.0143363268,0.039956561,0.0043246495,0.2386590874,0.2594082542,7.0,0.020240335,7.970168000000001e-11,0.0287883878,0.0176526806,0.2290246916,0.8754675795,2.5441393e-08,73.0,341.0
2021-12-31,52194142.0,0.7119636831999999,0.5068922861999999,0.2227470284,17.543967571,0.0356889734,0.4062904453,0.023470819,0.3099787644,0.4645274528,1.4744397826,-0.044830858,0.8674458716,0.0453011391,-0.045301139,29.0,-0.253686403,0.1237598116,-0.783203773,0.3233177751,20.346383603,0.0303721462,0.0055957197,0.0717420434999999,0.0152130963999999,-0.131466114,0.0070404182,-5.545207083999999,0.0,1.1912663172,0.225459018,0.0,0.0,0.0,0.2019075129,0.0203544634,0.4786556464,0.5631769318,0.1463870802,0.0375061151,0.0820379965,0.1025893185999999,0.0955208781,0.3459899563,13917.110343,0.1762116224,0.0057497995,-34.60495398,0.2005393192,-0.525708128,0.0099722388,0.2082957155,-0.262487606,-0.205384621,0.0082382763,-0.193137533,-0.492161476,5.0,1.1013878076,0.0,0.0391870611,0.3470622728999999,0.4876748377,0.0932600443,2.9787847485000003,19.16093962,3.7027133746,0.0,0.0,0.0965833248,0.0,0.1129107488,0.3190599513,-2.108661283,0.5467386837,0.1750018136,0.0028606483,0.0290923397,0.0367691074,1.0,0.0243456812999999,0.0143363268,0.039956561,0.0043246495,0.2386590874,0.2594082542,7.0,0.0245167424,7.490118e-11,0.0400689468,0.0200882077,0.3170931292,1.3945803917,2.6336927000000013e-08,73.0,368.5
