tradeDate,mvel1,beta,betasq,chmom,dolvol,idiovol,indmom,mom1m,mom6m,mom12m,mom36m,pricedelay,turn,absacc,acc,age,agr,bm,bm_ia,cashdebt,cashpr,cfp,cfp_ia,chatoia,chcsho,chempia,chinv,chpmia,convind,currat,depr,divi,divo,dy,egr,ep,gma,grcapx,grltnoa,herf,hire,invest,lev,lgr,mve_ia,operprof,orgcap,pchcapx_ia,pchcurrat,pchdepr,pchgm_pchsale,pchquick,pchsale_pchinvt,pchsale_pchrect,pchsale_pchxsga,pchsaleinv,pctacc,ps,quick,rd,rd_mve,rd_sale,realestate,roic,salecash,saleinv,salerec,secured,securedind,sgr,sin,sp,tang,tb,aeavol,cash,chtx,cinvest,ear,nincr,roaq,roavol,roeq,rsup,stdacc,stdcf,ms,baspread,ill,maxret,retvol,std_dolvol,std_turn,zerotrade,sic2,close
1990-01-31,,,,,,,,,,,,,,,,,,,,,,,,,,,,,,,,,,,,,,,,,,,,,,,,,,,,,,,,,,,,,,,,,,,,,,,,,,,,,,,,,,,,,,,,,,,,,,,,
1990-02-28,,,,,,,,,,,,,,,,,,,,,,,,,,,,,,,,,,,,,,,,,,,,,,,,,,,,,,,,,,,,,,,,,,,,,,,,,,,,,,,,,,,,,,,,,,,,,,,,
1990-03-30,,,,,,,,,,,,,,,,,,,,,,,,,,,,,,,,,,,,,,,,,,,,,,,,,,,,,,,,,,,,,,,,,,,,,,,,,,,,,,,,,,,,,,,,,,,,,,,,
1990-04-30,,,,,,,,,,,,,,,,,,,,,,,,,,,,,,,,,,,,,,,,,,,,,,,,,,,,,,,,,,,,,,,,,,,,,,,,,,,,,,,,,,,,,,,,,,,,,,,,
1990-05-31,,,,,,,,,,,,,,,,,,,,,,,,,,,,,,,,,,,,,,,,,,,,,,,,,,,,,,,,,,,,,,,,,,,,,,,,,,,,,,,,,,,,,,,,,,,,,,,,
1990-06-29,,,,,,,,,,,,,,,,,,,,,,,,,,,,,,,,,,,,,,,,,,,,,,,,,,,,,,,,,,,,,,,,,,,,,,,,,,,,,,,,,,,,,,,,,,,,,,,,
1990-07-31,,,,,,,,,,,,,,,,,,,,,,,,,,,,,,,,,,,,,,,,,,,,,,,,,,,,,,,,,,,,,,,,,,,,,,,,,,,,,,,,,,,,,,,,,,,,,,,,
1990-08-31,,,,,,,,,,,,,,,,,,,,,,,,,,,,,,,,,,,,,,,,,,,,,,,,,,,,,,,,,,,,,,,,,,,,,,,,,,,,,,,,,,,,,,,,,,,,,,,,
1990-09-28,,,,,,,,,,,,,,,,,,,,,,,,,,,,,,,,,,,,,,,,,,,,,,,,,,,,,,,,,,,,,,,,,,,,,,,,,,,,,,,,,,,,,,,,,,,,,,,,
1990-10-31,,,,,,,,,,,,,,,,,,,,,,,,,,,,,,,,,,,,,,,,,,,,,,,,,,,,,,,,,,,,,,,,,,,,,,,,,,,,,,,,,,,,,,,,,,,,,,,,
1990-11-30,,,,,,,,,,,,,,,,,,,,,,,,,,,,,,,,,,,,,,,,,,,,,,,,,,,,,,,,,,,,,,,,,,,,,,,,,,,,,,,,,,,,,,,,,,,,,,,,
1990-12-31,,,,,,,,,,,,,,,,,,,,,,,,,,,,,,,,,,,,,,,,,,,,,,,,,,,,,,,,,,,,,,,,,,,,,,,,,,,,,,,,,,,,,,,,,,,,,,,,
1991-01-31,,,,,,,,,,,,,,,,,,,,,,,,,,,,,,,,,,,,,,,,,,,,,,,,,,,,,,,,,,,,,,,,,,,,,,,,,,,,,,,,,,,,,,,,,,,,,,,,
1991-02-28,,,,,,,,,,,,,,,,,,,,,,,,,,,,,,,,,,,,,,,,,,,,,,,,,,,,,,,,,,,,,,,,,,,,,,,,,,,,,,,,,,,,,,,,,,,,,,,,
1991-03-28,,,,,,,,,,,,,,,,,,,,,,,,,,,,,,,,,,,,,,,,,,,,,,,,,,,,,,,,,,,,,,,,,,,,,,,,,,,,,,,,,,,,,,,,,,,,,,,,
1991-04-30,,,,,,,,,,,,,,,,,,,,,,,,,,,,,,,,,,,,,,,,,,,,,,,,,,,,,,,,,,,,,,,,,,,,,,,,,,,,,,,,,,,,,,,,,,,,,,,,
1991-05-31,,,,,,,,,,,,,,,,,,,,,,,,,,,,,,,,,,,,,,,,,,,,,,,,,,,,,,,,,,,,,,,,,,,,,,,,,,,,,,,,,,,,,,,,,,,,,,,,
1991-06-28,,,,,,,,,,,,,,,,,,,,,,,,,,,,,,,,,,,,,,,,,,,,,,,,,,,,,,,,,,,,,,,,,,,,,,,,,,,,,,,,,,,,,,,,,,,,,,,,
1991-07-31,,,,,,,,,,,,,,,,,,,,,,,,,,,,,,,,,,,,,,,,,,,,,,,,,,,,,,,,,,,,,,,,,,,,,,,,,,,,,,,,,,,,,,,,,,,,,,,,
1991-08-30,,,,,,,,,,,,,,,,,,,,,,,,,,,,,,,,,,,,,,,,,,,,,,,,,,,,,,,,,,,,,,,,,,,,,,,,,,,,,,,,,,,,,,,,,,,,,,,,
1991-09-30,,,,,,,,,,,,,,,,,,,,,,,,,,,,,,,,,,,,,,,,,,,,,,,,,,,,,,,,,,,,,,,,,,,,,,,,,,,,,,,,,,,,,,,,,,,,,,,,
1991-10-31,,,,,,,,,,,,,,,,,,,,,,,,,,,,,,,,,,,,,,,,,,,,,,,,,,,,,,,,,,,,,,,,,,,,,,,,,,,,,,,,,,,,,,,,,,,,,,,,
1991-11-29,,,,,,,,,,,,,,,,,,,,,,,,,,,,,,,,,,,,,,,,,,,,,,,,,,,,,,,,,,,,,,,,,,,,,,,,,,,,,,,,,,,,,,,,,,,,,,,,
1991-12-31,,,,,,,,,,,,,,,,,,,,,,,,,,,,,,,,,,,,,,,,,,,,,,,,,,,,,,,,,,,,,,,,,,,,,,,,,,,,,,,,,,,,,,,,,,,,,,,,
1992-01-31,,,,,,,,,,,,,,,,,,,,,,,,,,,,,,,,,,,,,,,,,,,,,,,,,,,,,,,,,,,,,,,,,,,,,,,,,,,,,,,,,,,,,,,,,,,,,,,,
1992-02-28,,,,,,,,,,,,,,,,,,,,,,,,,,,,,,,,,,,,,,,,,,,,,,,,,,,,,,,,,,,,,,,,,,,,,,,,,,,,,,,,,,,,,,,,,,,,,,,,
1992-03-31,,,,,,,,,,,,,,,,,,,,,,,,,,,,,,,,,,,,,,,,,,,,,,,,,,,,,,,,,,,,,,,,,,,,,,,,,,,,,,,,,,,,,,,,,,,,,,,,
1992-04-30,,,,,,,,,,,,,,,,,,,,,,,,,,,,,,,,,,,,,,,,,,,,,,,,,,,,,,,,,,,,,,,,,,,,,,,,,,,,,,,,,,,,,,,,,,,,,,,,
1992-05-29,,,,,,,,,,,,,,,,,,,,,,,,,,,,,,,,,,,,,,,,,,,,,,,,,,,,,,,,,,,,,,,,,,,,,,,,,,,,,,,,,,,,,,,,,,,,,,,,
1992-06-30,,,,,,,,,,,,,,,,,,,,,,,,,,,,,,,,,,,,,,,,,,,,,,,,,,,,,,,,,,,,,,,,,,,,,,,,,,,,,,,,,,,,,,,,,,,,,,,,
1992-07-31,,,,,,,,,,,,,,,,,,,,,,,,,,,,,,,,,,,,,,,,,,,,,,,,,,,,,,,,,,,,,,,,,,,,,,,,,,,,,,,,,,,,,,,,,,,,,,,,
1992-08-31,,,,,,,,,,,,,,,,,,,,,,,,,,,,,,,,,,,,,,,,,,,,,,,,,,,,,,,,,,,,,,,,,,,,,,,,,,,,,,,,,,,,,,,,,,,,,,,,
1992-09-30,,,,,,,,,,,,,,,,,,,,,,,,,,,,,,,,,,,,,,,,,,,,,,,,,,,,,,,,,,,,,,,,,,,,,,,,,,,,,,,,,,,,,,,,,,,,,,,,
1992-10-30,,,,,,,,,,,,,,,,,,,,,,,,,,,,,,,,,,,,,,,,,,,,,,,,,,,,,,,,,,,,,,,,,,,,,,,,,,,,,,,,,,,,,,,,,,,,,,,,
1992-11-30,,,,,,,,,,,,,,,,,,,,,,,,,,,,,,,,,,,,,,,,,,,,,,,,,,,,,,,,,,,,,,,,,,,,,,,,,,,,,,,,,,,,,,,,,,,,,,,,
1992-12-31,,,,,,,,,,,,,,,,,,,,,,,,,,,,,,,,,,,,,,,,,,,,,,,,,,,,,,,,,,,,,,,,,,,,,,,,,,,,,,,,,,,,,,,,,,,,,,,,
1993-01-29,,,,,,,,,,,,,,,,,,,,,,,,,,,,,,,,,,,,,,,,,,,,,,,,,,,,,,,,,,,,,,,,,,,,,,,,,,,,,,,,,,,,,,,,,,,,,,,,
1993-02-26,,,,,,,,,,,,,,,,,,,,,,,,,,,,,,,,,,,,,,,,,,,,,,,,,,,,,,,,,,,,,,,,,,,,,,,,,,,,,,,,,,,,,,,,,,,,,,,,
1993-03-31,,,,,,,,,,,,,,,,,,,,,,,,,,,,,,,,,,,,,,,,,,,,,,,,,,,,,,,,,,,,,,,,,,,,,,,,,,,,,,,,,,,,,,,,,,,,,,,,
1993-04-30,,,,,,,,,,,,,,,,,,,,,,,,,,,,,,,,,,,,,,,,,,,,,,,,,,,,,,,,,,,,,,,,,,,,,,,,,,,,,,,,,,,,,,,,,,,,,,,,
1993-05-28,,,,,,,,,,,,,,,,,,,,,,,,,,,,,,,,,,,,,,,,,,,,,,,,,,,,,,,,,,,,,,,,,,,,,,,,,,,,,,,,,,,,,,,,,,,,,,,,
1993-06-30,,,,,,,,,,,,,,,,,,,,,,,,,,,,,,,,,,,,,,,,,,,,,,,,,,,,,,,,,,,,,,,,,,,,,,,,,,,,,,,,,,,,,,,,,,,,,,,,
1993-07-30,,,,,,,,,,,,,,,,,,,,,,,,,,,,,,,,,,,,,,,,,,,,,,,,,,,,,,,,,,,,,,,,,,,,,,,,,,,,,,,,,,,,,,,,,,,,,,,,
1993-08-31,,,,,,,,,,,,,,,,,,,,,,,,,,,,,,,,,,,,,,,,,,,,,,,,,,,,,,,,,,,,,,,,,,,,,,,,,,,,,,,,,,,,,,,,,,,,,,,,
1993-09-30,,,,,,,,,,,,,,,,,,,,,,,,,,,,,,,,,,,,,,,,,,,,,,,,,,,,,,,,,,,,,,,,,,,,,,,,,,,,,,,,,,,,,,,,,,,,,,,,
1993-10-29,,,,,,,,,,,,,,,,,,,,,,,,,,,,,,,,,,,,,,,,,,,,,,,,,,,,,,,,,,,,,,,,,,,,,,,,,,,,,,,,,,,,,,,,,,,,,,,,
1993-11-30,,,,,,,,,,,,,,,,,,,,,,,,,,,,,,,,,,,,,,,,,,,,,,,,,,,,,,,,,,,,,,,,,,,,,,,,,,,,,,,,,,,,,,,,,,,,,,,,
1993-12-31,,,,,,,,,,,,,,,,,,,,,,,,,,,,,,,,,,,,,,,,,,,,,,,,,,,,,,,,,,,,,,,,,,,,,,,,,,,,,,,,,,,,,,,,,,,,,,,,
1994-01-31,,,,,,,,,,,,,,,,,,,,,,,,,,,,,,,,,,,,,,,,,,,,,,,,,,,,,,,,,,,,,,,,,,,,,,,,,,,,,,,,,,,,,,,,,,,,,,,,
1994-02-28,,,,,,,,,,,,,,,,,,,,,,,,,,,,,,,,,,,,,,,,,,,,,,,,,,,,,,,,,,,,,,,,,,,,,,,,,,,,,,,,,,,,,,,,,,,,,,,,
1994-03-31,,,,,,,,,,,,,,,,,,,,,,,,,,,,,,,,,,,,,,,,,,,,,,,,,,,,,,,,,,,,,,,,,,,,,,,,,,,,,,,,,,,,,,,,,,,,,,,,
1994-04-29,,,,,,,,,,,,,,,,,,,,,,,,,,,,,,,,,,,,,,,,,,,,,,,,,,,,,,,,,,,,,,,,,,,,,,,,,,,,,,,,,,,,,,,,,,,,,,,,
1994-05-31,,,,,,,,,,,,,,,,,,,,,,,,,,,,,,,,,,,,,,,,,,,,,,,,,,,,,,,,,,,,,,,,,,,,,,,,,,,,,,,,,,,,,,,,,,,,,,,,
1994-06-30,,,,,,,,,,,,,,,,,,,,,,,,,,,,,,,,,,,,,,,,,,,,,,,,,,,,,,,,,,,,,,,,,,,,,,,,,,,,,,,,,,,,,,,,,,,,,,,,
1994-07-29,,,,,,,,,,,,,,,,,,,,,,,,,,,,,,,,,,,,,,,,,,,,,,,,,,,,,,,,,,,,,,,,,,,,,,,,,,,,,,,,,,,,,,,,,,,,,,,,
1994-08-31,,,,,,,,,,,,,,,,,,,,,,,,,,,,,,,,,,,,,,,,,,,,,,,,,,,,,,,,,,,,,,,,,,,,,,,,,,,,,,,,,,,,,,,,,,,,,,,,
1994-09-30,,,,,,,,,,,,,,,,,,,,,,,,,,,,,,,,,,,,,,,,,,,,,,,,,,,,,,,,,,,,,,,,,,,,,,,,,,,,,,,,,,,,,,,,,,,,,,,,
1994-10-31,,,,,,,,,,,,,,,,,,,,,,,,,,,,,,,,,,,,,,,,,,,,,,,,,,,,,,,,,,,,,,,,,,,,,,,,,,,,,,,,,,,,,,,,,,,,,,,,
1994-11-30,,,,,,,,,,,,,,,,,,,,,,,,,,,,,,,,,,,,,,,,,,,,,,,,,,,,,,,,,,,,,,,,,,,,,,,,,,,,,,,,,,,,,,,,,,,,,,,,
1994-12-30,,,,,,,,,,,,,,,,,,,,,,,,,,,,,,,,,,,,,,,,,,,,,,,,,,,,,,,,,,,,,,,,,,,,,,,,,,,,,,,,,,,,,,,,,,,,,,,,
1995-01-31,,,,,,,,,,,,,,,,,,,,,,,,,,,,,,,,,,,,,,,,,,,,,,,,,,,,,,,,,,,,,,,,,,,,,,,,,,,,,,,,,,,,,,,,,,,,,,,,
1995-02-28,,,,,,,,,,,,,,,,,,,,,,,,,,,,,,,,,,,,,,,,,,,,,,,,,,,,,,,,,,,,,,,,,,,,,,,,,,,,,,,,,,,,,,,,,,,,,,,,
1995-03-31,,,,,,,,,,,,,,,,,,,,,,,,,,,,,,,,,,,,,,,,,,,,,,,,,,,,,,,,,,,,,,,,,,,,,,,,,,,,,,,,,,,,,,,,,,,,,,,,
1995-04-28,,,,,,,,,,,,,,,,,,,,,,,,,,,,,,,,,,,,,,,,,,,,,,,,,,,,,,,,,,,,,,,,,,,,,,,,,,,,,,,,,,,,,,,,,,,,,,,,
1995-05-31,,,,,,,,,,,,,,,,,,,,,,,,,,,,,,,,,,,,,,,,,,,,,,,,,,,,,,,,,,,,,,,,,,,,,,,,,,,,,,,,,,,,,,,,,,,,,,,,
1995-06-30,,,,,,,,,,,,,,,,,,,,,,,,,,,,,,,,,,,,,,,,,,,,,,,,,,,,,,,,,,,,,,,,,,,,,,,,,,,,,,,,,,,,,,,,,,,,,,,,
1995-07-31,,,,,,,,,,,,,,,,,,,,,,,,,,,,,,,,,,,,,,,,,,,,,,,,,,,,,,,,,,,,,,,,,,,,,,,,,,,,,,,,,,,,,,,,,,,,,,,,
1995-08-31,,,,,,,,,,,,,,,,,,,,,,,,,,,,,,,,,,,,,,,,,,,,,,,,,,,,,,,,,,,,,,,,,,,,,,,,,,,,,,,,,,,,,,,,,,,,,,,,
1995-09-29,,,,,,,,,,,,,,,,,,,,,,,,,,,,,,,,,,,,,,,,,,,,,,,,,,,,,,,,,,,,,,,,,,,,,,,,,,,,,,,,,,,,,,,,,,,,,,,,
1995-10-31,,,,,,,,,,,,,,,,,,,,,,,,,,,,,,,,,,,,,,,,,,,,,,,,,,,,,,,,,,,,,,,,,,,,,,,,,,,,,,,,,,,,,,,,,,,,,,,,
1995-11-30,,,,,,,,,,,,,,,,,,,,,,,,,,,,,,,,,,,,,,,,,,,,,,,,,,,,,,,,,,,,,,,,,,,,,,,,,,,,,,,,,,,,,,,,,,,,,,,,
1995-12-29,,,,,,,,,,,,,,,,,,,,,,,,,,,,,,,,,,,,,,,,,,,,,,,,,,,,,,,,,,,,,,,,,,,,,,,,,,,,,,,,,,,,,,,,,,,,,,,,
1996-01-31,,,,,,,,,,,,,,,,,,,,,,,,,,,,,,,,,,,,,,,,,,,,,,,,,,,,,,,,,,,,,,,,,,,,,,,,,,,,,,,,,,,,,,,,,,,,,,,,
1996-02-29,,,,,,,,,,,,,,,,,,,,,,,,,,,,,,,,,,,,,,,,,,,,,,,,,,,,,,,,,,,,,,,,,,,,,,,,,,,,,,,,,,,,,,,,,,,,,,,,
1996-03-29,,,,,,,,,,,,,,,,,,,,,,,,,,,,,,,,,,,,,,,,,,,,,,,,,,,,,,,,,,,,,,,,,,,,,,,,,,,,,,,,,,,,,,,,,,,,,,,,
1996-04-30,,,,,,,,,,,,,,,,,,,,,,,,,,,,,,,,,,,,,,,,,,,,,,,,,,,,,,,,,,,,,,,,,,,,,,,,,,,,,,,,,,,,,,,,,,,,,,,,
1996-05-31,,,,,,,,,,,,,,,,,,,,,,,,,,,,,,,,,,,,,,,,,,,,,,,,,,,,,,,,,,,,,,,,,,,,,,,,,,,,,,,,,,,,,,,,,,,,,,,,
1996-06-28,,,,,,,,,,,,,,,,,,,,,,,,,,,,,,,,,,,,,,,,,,,,,,,,,,,,,,,,,,,,,,,,,,,,,,,,,,,,,,,,,,,,,,,,,,,,,,,,
1996-07-31,,,,,,,,,,,,,,,,,,,,,,,,,,,,,,,,,,,,,,,,,,,,,,,,,,,,,,,,,,,,,,,,,,,,,,,,,,,,,,,,,,,,,,,,,,,,,,,,
1996-08-30,,,,,,,,,,,,,,,,,,,,,,,,,,,,,,,,,,,,,,,,,,,,,,,,,,,,,,,,,,,,,,,,,,,,,,,,,,,,,,,,,,,,,,,,,,,,,,,,
1996-09-30,,,,,,,,,,,,,,,,,,,,,,,,,,,,,,,,,,,,,,,,,,,,,,,,,,,,,,,,,,,,,,,,,,,,,,,,,,,,,,,,,,,,,,,,,,,,,,,,
1996-10-31,,,,,,,,,,,,,,,,,,,,,,,,,,,,,,,,,,,,,,,,,,,,,,,,,,,,,,,,,,,,,,,,,,,,,,,,,,,,,,,,,,,,,,,,,,,,,,,,
1996-11-29,,,,,,,,,,,,,,,,,,,,,,,,,,,,,,,,,,,,,,,,,,,,,,,,,,,,,,,,,,,,,,,,,,,,,,,,,,,,,,,,,,,,,,,,,,,,,,,,
1996-12-31,,,,,,,,,,,,,,,,,,,,,,,,,,,,,,,,,,,,,,,,,,,,,,,,,,,,,,,,,,,,,,,,,,,,,,,,,,,,,,,,,,,,,,,,,,,,,,,,
1997-01-31,,,,,,,,,,,,,,,,,,,,,,,,,,,,,,,,,,,,,,,,,,,,,,,,,,,,,,,,,,,,,,,,,,,,,,,,,,,,,,,,,,,,,,,,,,,,,,,,
1997-02-28,,,,,,,,,,,,,,,,,,,,,,,,,,,,,,,,,,,,,,,,,,,,,,,,,,,,,,,,,,,,,,,,,,,,,,,,,,,,,,,,,,,,,,,,,,,,,,,,
1997-03-31,,,,,,,,,,,,,,,,,,,,,,,,,,,,,,,,,,,,,,,,,,,,,,,,,,,,,,,,,,,,,,,,,,,,,,,,,,,,,,,,,,,,,,,,,,,,,,,,
1997-04-30,,,,,,,,,,,,,,,,,,,,,,,,,,,,,,,,,,,,,,,,,,,,,,,,,,,,,,,,,,,,,,,,,,,,,,,,,,,,,,,,,,,,,,,,,,,,,,,,
1997-05-30,,,,,,,,,,,,,,,,,,,,,,,,,,,,,,,,,,,,,,,,,,,,,,,,,,,,,,,,,,,,,,,,,,,,,,,,,,,,,,,,,,,,,,,,,,,,,,,,
1997-06-30,,,,,,,,,,,,,,,,,,,,,,,,,,,,,,,,,,,,,,,,,,,,,,,,,,,,,,,,,,,,,,,,,,,,,,,,,,,,,,,,,,,,,,,,,,,,,,,,
1997-07-31,,,,,,,,,,,,,,,,,,,,,,,,,,,,,,,,,,,,,,,,,,,,,,,,,,,,,,,,,,,,,,,,,,,,,,,,,,,,,,,,,,,,,,,,,,,,,,,,
1997-08-29,,,,,,,,,,,,,,,,,,,,,,,,,,,,,,,,,,,,,,,,,,,,,,,,,,,,,,,,,,,,,,,,,,,,,,,,,,,,,,,,,,,,,,,,,,,,,,,,
1997-09-30,,,,,,,,,,,,,,,,,,,,,,,,,,,,,,,,,,,,,,,,,,,,,,,,,,,,,,,,,,,,,,,,,,,,,,,,,,,,,,,,,,,,,,,,,,,,,,,,
1997-10-31,,,,,,,,,,,,,,,,,,,,,,,,,,,,,,,,,,,,,,,,,,,,,,,,,,,,,,,,,,,,,,,,,,,,,,,,,,,,,,,,,,,,,,,,,,,,,,,,
1997-11-28,,,,,,,,,,,,,,,,,,,,,,,,,,,,,,,,,,,,,,,,,,,,,,,,,,,,,,,,,,,,,,,,,,,,,,,,,,,,,,,,,,,,,,,,,,,,,,,,
1997-12-31,,,,,,,,,,,,,,,,,,,,,,,,,,,,,,,,,,,,,,,,,,,,,,,,,,,,,,,,,,,,,,,,,,,,,,,,,,,,,,,,,,,,,,,,,,,,,,,,
1998-01-30,,,,,,,,,,,,,,,,,,,,,,,,,,,,,,,,,,,,,,,,,,,,,,,,,,,,,,,,,,,,,,,,,,,,,,,,,,,,,,,,,,,,,,,,,,,,,,,,
1998-02-27,,,,,,,,,,,,,,,,,,,,,,,,,,,,,,,,,,,,,,,,,,,,,,,,,,,,,,,,,,,,,,,,,,,,,,,,,,,,,,,,,,,,,,,,,,,,,,,,
1998-03-31,,,,,,,,,,,,,,,,,,,,,,,,,,,,,,,,,,,,,,,,,,,,,,,,,,,,,,,,,,,,,,,,,,,,,,,,,,,,,,,,,,,,,,,,,,,,,,,,
1998-04-30,,,,,,,,,,,,,,,,,,,,,,,,,,,,,,,,,,,,,,,,,,,,,,,,,,,,,,,,,,,,,,,,,,,,,,,,,,,,,,,,,,,,,,,,,,,,,,,,
1998-05-29,,,,,,,,,,,,,,,,,,,,,,,,,,,,,,,,,,,,,,,,,,,,,,,,,,,,,,,,,,,,,,,,,,,,,,,,,,,,,,,,,,,,,,,,,,,,,,,,
1998-06-30,,,,,,,,,,,,,,,,,,,,,,,,,,,,,,,,,,,,,,,,,,,,,,,,,,,,,,,,,,,,,,,,,,,,,,,,,,,,,,,,,,,,,,,,,,,,,,,,
1998-07-31,,,,,,,,,,,,,,,,,,,,,,,,,,,,,,,,,,,,,,,,,,,,,,,,,,,,,,,,,,,,,,,,,,,,,,,,,,,,,,,,,,,,,,,,,,,,,,,,
1998-08-31,,,,,,,,,,,,,,,,,,,,,,,,,,,,,,,,,,,,,,,,,,,,,,,,,,,,,,,,,,,,,,,,,,,,,,,,,,,,,,,,,,,,,,,,,,,,,,,,
1998-09-30,,,,,,,,,,,,,,,,,,,,,,,,,,,,,,,,,,,,,,,,,,,,,,,,,,,,,,,,,,,,,,,,,,,,,,,,,,,,,,,,,,,,,,,,,,,,,,,,
1998-10-30,,,,,,,,,,,,,,,,,,,,,,,,,,,,,,,,,,,,,,,,,,,,,,,,,,,,,,,,,,,,,,,,,,,,,,,,,,,,,,,,,,,,,,,,,,,,,,,,
1998-11-30,,,,,,,,,,,,,,,,,,,,,,,,,,,,,,,,,,,,,,,,,,,,,,,,,,,,,,,,,,,,,,,,,,,,,,,,,,,,,,,,,,,,,,,,,,,,,,,,
1998-12-31,,,,,,,,,,,,,,,,,,,,,,,,,,,,,,,,,,,,,,,,,,,,,,,,,,,,,,,,,,,,,,,,,,,,,,,,,,,,,,,,,,,,,,,,,,,,,,,,
1999-01-29,,,,,,,,,,,,,,,,,,,,,,,,,,,,,,,,,,,,,,,,,,,,,,,,,,,,,,,,,,,,,,,,,,,,,,,,,,,,,,,,,,,,,,,,,,,,,,,,
1999-02-26,,,,,,,,,,,,,,,,,,,,,,,,,,,,,,,,,,,,,,,,,,,,,,,,,,,,,,,,,,,,,,,,,,,,,,,,,,,,,,,,,,,,,,,,,,,,,,,,
1999-03-31,,,,,,,,,,,,,,,,,,,,,,,,,,,,,,,,,,,,,,,,,,,,,,,,,,,,,,,,,,,,,,,,,,,,,,,,,,,,,,,,,,,,,,,,,,,,,,,,
1999-04-30,,,,,,,,,,,,,,,,,,,,,,,,,,,,,,,,,,,,,,,,,,,,,,,,,,,,,,,,,,,,,,,,,,,,,,,,,,,,,,,,,,,,,,,,,,,,,,,,
1999-05-28,,,,,,,,,,,,,,,,,,,,,,,,,,,,,,,,,,,,,,,,,,,,,,,,,,,,,,,,,,,,,,,,,,,,,,,,,,,,,,,,,,,,,,,,,,,,,,,,
1999-06-30,,,,,,,,,,,,,,,,,,,,,,,,,,,,,,,,,,,,,,,,,,,,,,,,,,,,,,,,,,,,,,,,,,,,,,,,,,,,,,,,,,,,,,,,,,,,,,,,
1999-07-30,,,,,,,,,,,,,,,,,,,,,,,,,,,,,,,,,,,,,,,,,,,,,,,,,,,,,,,,,,,,,,,,,,,,,,,,,,,,,,,,,,,,,,,,,,,,,,,,
1999-08-31,,,,,,,,,,,,,,,,,,,,,,,,,,,,,,,,,,,,,,,,,,,,,,,,,,,,,,,,,,,,,,,,,,,,,,,,,,,,,,,,,,,,,,,,,,,,,,,,
1999-09-30,,,,,,,,,,,,,,,,,,,,,,,,,,,,,,,,,,,,,,,,,,,,,,,,,,,,,,,,,,,,,,,,,,,,,,,,,,,,,,,,,,,,,,,,,,,,,,,,
1999-10-29,,,,,,,,,,,,,,,,,,,,,,,,,,,,,,,,,,,,,,,,,,,,,,,,,,,,,,,,,,,,,,,,,,,,,,,,,,,,,,,,,,,,,,,,,,,,,,,,
1999-11-30,,,,,,,,,,,,,,,,,,,,,,,,,,,,,,,,,,,,,,,,,,,,,,,,,,,,,,,,,,,,,,,,,,,,,,,,,,,,,,,,,,,,,,,,,,,,,,,,
1999-12-31,,,,,,,,,,,,,,,,,,,,,,,,,,,,,,,,,,,,,,,,,,,,,,,,,,,,,,,,,,,,,,,,,,,,,,,,,,,,,,,,,,,,,,,,,,,,,,,,
2000-01-31,,,,,,,,,,,,,,,,,,,,,,,,,,,,,,,,,,,,,,,,,,,,,,,,,,,,,,,,,,,,,,,,,,,,,,,,,,,,,,,,,,,,,,,,,,,,,,,,
2000-02-29,,,,,,,,,,,,,,,,,,,,,,,,,,,,,,,,,,,,,,,,,,,,,,,,,,,,,,,,,,,,,,,,,,,,,,,,,,,,,,,,,,,,,,,,,,,,,,,,
2000-03-31,,,,,,,,,,,,,,,,,,,,,,,,,,,,,,,,,,,,,,,,,,,,,,,,,,,,,,,,,,,,,,,,,,,,,,,,,,,,,,,,,,,,,,,,,,,,,,,,
2000-04-28,,,,,,,,,,,,,,,,,,,,,,,,,,,,,,,,,,,,,,,,,,,,,,,,,,,,,,,,,,,,,,,,,,,,,,,,,,,,,,,,,,,,,,,,,,,,,,,,
2000-05-31,,,,,,,,,,,,,,,,,,,,,,,,,,,,,,,,,,,,,,,,,,,,,,,,,,,,,,,,,,,,,,,,,,,,,,,,,,,,,,,,,,,,,,,,,,,,,,,,
2000-06-30,,,,,,,,,,,,,,,,,,,,,,,,,,,,,,,,,,,,,,,,,,,,,,,,,,,,,,,,,,,,,,,,,,,,,,,,,,,,,,,,,,,,,,,,,,,,,,,,
2000-07-31,,,,,,,,,,,,,,,,,,,,,,,,,,,,,,,,,,,,,,,,,,,,,,,,,,,,,,,,,,,,,,,,,,,,,,,,,,,,,,,,,,,,,,,,,,,,,,,,
2000-08-31,,,,,,,,,,,,,,,,,,,,,,,,,,,,,,,,,,,,,,,,,,,,,,,,,,,,,,,,,,,,,,,,,,,,,,,,,,,,,,,,,,,,,,,,,,,,,,,,
2000-09-29,,,,,,,,,,,,,,,,,,,,,,,,,,,,,,,,,,,,,,,,,,,,,,,,,,,,,,,,,,,,,,,,,,,,,,,,,,,,,,,,,,,,,,,,,,,,,,,,
2000-10-31,,,,,,,,,,,,,,,,,,,,,,,,,,,,,,,,,,,,,,,,,,,,,,,,,,,,,,,,,,,,,,,,,,,,,,,,,,,,,,,,,,,,,,,,,,,,,,,,
2000-11-30,,,,,,,,,,,,,,,,,,,,,,,,,,,,,,,,,,,,,,,,,,,,,,,,,,,,,,,,,,,,,,,,,,,,,,,,,,,,,,,,,,,,,,,,,,,,,,,,
2000-12-29,,,,,,,,,,,,,,,,,,,,,,,,,,,,,,,,,,,,,,,,,,,,,,,,,,,,,,,,,,,,,,,,,,,,,,,,,,,,,,,,,,,,,,,,,,,,,,,,
2001-01-31,,,,,,,,,,,,,,,,,,,,,,,,,,,,,,,,,,,,,,,,,,,,,,,,,,,,,,,,,,,,,,,,,,,,,,,,,,,,,,,,,,,,,,,,,,,,,,,,
2001-02-28,,,,,,,,,,,,,,,,,,,,,,,,,,,,,,,,,,,,,,,,,,,,,,,,,,,,,,,,,,,,,,,,,,,,,,,,,,,,,,,,,,,,,,,,,,,,,,,,
2001-03-30,,,,,,,,,,,,,,,,,,,,,,,,,,,,,,,,,,,,,,,,,,,,,,,,,,,,,,,,,,,,,,,,,,,,,,,,,,,,,,,,,,,,,,,,,,,,,,,,
2001-04-30,,,,,,,,,,,,,,,,,,,,,,,,,,,,,,,,,,,,,,,,,,,,,,,,,,,,,,,,,,,,,,,,,,,,,,,,,,,,,,,,,,,,,,,,,,,,,,,,
2001-05-31,,,,,,,,,,,,,,,,,,,,,,,,,,,,,,,,,,,,,,,,,,,,,,,,,,,,,,,,,,,,,,,,,,,,,,,,,,,,,,,,,,,,,,,,,,,,,,,,
2001-06-29,,,,,,,,,,,,,,,,,,,,,,,,,,,,,,,,,,,,,,,,,,,,,,,,,,,,,,,,,,,,,,,,,,,,,,,,,,,,,,,,,,,,,,,,,,,,,,,,
2001-07-31,,,,,,,,,,,,,,,,,,,,,,,,,,,,,,,,,,,,,,,,,,,,,,,,,,,,,,,,,,,,,,,,,,,,,,,,,,,,,,,,,,,,,,,,,,,,,,,,
2001-08-31,,,,,,,,,,,,,,,,,,,,,,,,,,,,,,,,,,,,,,,,,,,,,,,,,,,,,,,,,,,,,,,,,,,,,,,,,,,,,,,,,,,,,,,,,,,,,,,,
2001-09-28,,,,,,,,,,,,,,,,,,,,,,,,,,,,,,,,,,,,,,,,,,,,,,,,,,,,,,,,,,,,,,,,,,,,,,,,,,,,,,,,,,,,,,,,,,,,,,,,
2001-10-31,,,,,,,,,,,,,,,,,,,,,,,,,,,,,,,,,,,,,,,,,,,,,,,,,,,,,,,,,,,,,,,,,,,,,,,,,,,,,,,,,,,,,,,,,,,,,,,,
2001-11-30,,,,,,,,,,,,,,,,,,,,,,,,,,,,,,,,,,,,,,,,,,,,,,,,,,,,,,,,,,,,,,,,,,,,,,,,,,,,,,,,,,,,,,,,,,,,,,,,
2001-12-31,,,,,,,,,,,,,,,,,,,,,,,,,,,,,,,,,,,,,,,,,,,,,,,,,,,,,,,,,,,,,,,,,,,,,,,,,,,,,,,,,,,,,,,,,,,,,,,,
2002-01-31,,,,,,,,,,,,,,,,,,,,,,,,,,,,,,,,,,,,,,,,,,,,,,,,,,,,,,,,,,,,,,,,,,,,,,,,,,,,,,,,,,,,,,,,,,,,,,,,
2002-02-28,,,,,,,,,,,,,,,,,,,,,,,,,,,,,,,,,,,,,,,,,,,,,,,,,,,,,,,,,,,,,,,,,,,,,,,,,,,,,,,,,,,,,,,,,,,,,,,,
2002-03-28,,,,,,,,,,,,,,,,,,,,,,,,,,,,,,,,,,,,,,,,,,,,,,,,,,,,,,,,,,,,,,,,,,,,,,,,,,,,,,,,,,,,,,,,,,,,,,,,
2002-04-30,,,,,,,,,,,,,,,,,,,,,,,,,,,,,,,,,,,,,,,,,,,,,,,,,,,,,,,,,,,,,,,,,,,,,,,,,,,,,,,,,,,,,,,,,,,,,,,,
2002-05-31,,,,,,,,,,,,,,,,,,,,,,,,,,,,,,,,,,,,,,,,,,,,,,,,,,,,,,,,,,,,,,,,,,,,,,,,,,,,,,,,,,,,,,,,,,,,,,,,
2002-06-28,,,,,,,,,,,,,,,,,,,,,,,,,,,,,,,,,,,,,,,,,,,,,,,,,,,,,,,,,,,,,,,,,,,,,,,,,,,,,,,,,,,,,,,,,,,,,,,,
2002-07-31,,,,,,,,,,,,,,,,,,,,,,,,,,,,,,,,,,,,,,,,,,,,,,,,,,,,,,,,,,,,,,,,,,,,,,,,,,,,,,,,,,,,,,,,,,,,,,,,
2002-08-30,,,,,,,,,,,,,,,,,,,,,,,,,,,,,,,,,,,,,,,,,,,,,,,,,,,,,,,,,,,,,,,,,,,,,,,,,,,,,,,,,,,,,,,,,,,,,,,,
2002-09-30,,,,,,,,,,,,,,,,,,,,,,,,,,,,,,,,,,,,,,,,,,,,,,,,,,,,,,,,,,,,,,,,,,,,,,,,,,,,,,,,,,,,,,,,,,,,,,,,
2002-10-31,,,,,,,,,,,,,,,,,,,,,,,,,,,,,,,,,,,,,,,,,,,,,,,,,,,,,,,,,,,,,,,,,,,,,,,,,,,,,,,,,,,,,,,,,,,,,,,,
2002-11-29,,,,,,,,,,,,,,,,,,,,,,,,,,,,,,,,,,,,,,,,,,,,,,,,,,,,,,,,,,,,,,,,,,,,,,,,,,,,,,,,,,,,,,,,,,,,,,,,
2002-12-31,,,,,,,,,,,,,,,,,,,,,,,,,,,,,,,,,,,,,,,,,,,,,,,,,,,,,,,,,,,,,,,,,,,,,,,,,,,,,,,,,,,,,,,,,,,,,,,,
2003-01-31,,,,,,,,,,,,,,,,,,,,,,,,,,,,,,,,,,,,,,,,,,,,,,,,,,,,,,,,,,,,,,,,,,,,,,,,,,,,,,,,,,,,,,,,,,,,,,,,
2003-02-28,,,,,,,,,,,,,,,,,,,,,,,,,,,,,,,,,,,,,,,,,,,,,,,,,,,,,,,,,,,,,,,,,,,,,,,,,,,,,,,,,,,,,,,,,,,,,,,,
2003-03-31,,,,,,,,,,,,,,,,,,,,,,,,,,,,,,,,,,,,,,,,,,,,,,,,,,,,,,,,,,,,,,,,,,,,,,,,,,,,,,,,,,,,,,,,,,,,,,,,
2003-04-30,,,,,,,,,,,,,,,,,,,,,,,,,,,,,,,,,,,,,,,,,,,,,,,,,,,,,,,,,,,,,,,,,,,,,,,,,,,,,,,,,,,,,,,,,,,,,,,,
2003-05-30,,,,,,,,,,,,,,,,,,,,,,,,,,,,,,,,,,,,,,,,,,,,,,,,,,,,,,,,,,,,,,,,,,,,,,,,,,,,,,,,,,,,,,,,,,,,,,,,
2003-06-30,,,,,,,,,,,,,,,,,,,,,,,,,,,,,,,,,,,,,,,,,,,,,,,,,,,,,,,,,,,,,,,,,,,,,,,,,,,,,,,,,,,,,,,,,,,,,,,,
2003-07-31,,,,,,,,,,,,,,,,,,,,,,,,,,,,,,,,,,,,,,,,,,,,,,,,,,,,,,,,,,,,,,,,,,,,,,,,,,,,,,,,,,,,,,,,,,,,,,,,
2003-08-29,,,,,,,,,,,,,,,,,,,,,,,,,,,,,,,,,,,,,,,,,,,,,,,,,,,,,,,,,,,,,,,,,,,,,,,,,,,,,,,,,,,,,,,,,,,,,,,,
2003-09-30,,,,,,,,,,,,,,,,,,,,,,,,,,,,,,,,,,,,,,,,,,,,,,,,,,,,,,,,,,,,,,,,,,,,,,,,,,,,,,,,,,,,,,,,,,,,,,,,
2003-10-31,,,,,,,,,,,,,,,,,,,,,,,,,,,,,,,,,,,,,,,,,,,,,,,,,,,,,,,,,,,,,,,,,,,,,,,,,,,,,,,,,,,,,,,,,,,,,,,,
2003-11-28,,,,,,,,,,,,,,,,,,,,,,,,,,,,,,,,,,,,,,,,,,,,,,,,,,,,,,,,,,,,,,,,,,,,,,,,,,,,,,,,,,,,,,,,,,,,,,,,
2003-12-31,,,,,,,,,,,,,,,,,,,,,,,,,,,,,,,,,,,,,,,,,,,,,,,,,,,,,,,,,,,,,,,,,,,,,,,,,,,,,,,,,,,,,,,,,,,,,,,,
2004-01-30,,,,,,,,,,,,,,,,,,,,,,,,,,,,,,,,,,,,,,,,,,,,,,,,,,,,,,,,,,,,,,,,,,,,,,,,,,,,,,,,,,,,,,,,,,,,,,,,
2004-02-27,,,,,,,,,,,,,,,,,,,,,,,,,,,,,,,,,,,,,,,,,,,,,,,,,,,,,,,,,,,,,,,,,,,,,,,,,,,,,,,,,,,,,,,,,,,,,,,,
2004-03-31,,,,,,,,,,,,,,,,,,,,,,,,,,,,,,,,,,,,,,,,,,,,,,,,,,,,,,,,,,,,,,,,,,,,,,,,,,,,,,,,,,,,,,,,,,,,,,,,
2004-04-30,,,,,,,,,,,,,,,,,,,,,,,,,,,,,,,,,,,,,,,,,,,,,,,,,,,,,,,,,,,,,,,,,,,,,,,,,,,,,,,,,,,,,,,,,,,,,,,,
2004-05-28,,,,,,,,,,,,,,,,,,,,,,,,,,,,,,,,,,,,,,,,,,,,,,,,,,,,,,,,,,,,,,,,,,,,,,,,,,,,,,,,,,,,,,,,,,,,,,,,
2004-06-30,,,,,,,,,,,,,,,,,,,,,,,,,,,,,,,,,,,,,,,,,,,,,,,,,,,,,,,,,,,,,,,,,,,,,,,,,,,,,,,,,,,,,,,,,,,,,,,,
2004-07-30,,,,,,,,,,,,,,,,,,,,,,,,,,,,,,,,,,,,,,,,,,,,,,,,,,,,,,,,,,,,,,,,,,,,,,,,,,,,,,,,,,,,,,,,,,,,,,,,
2004-08-31,,,,,,,,,,,,,,,,,,,,,,,,,,,,,,,,,,,,,,,,,,,,,,,,,,,,,,,,,,,,,,,,,,,,,,,,,,,,,,,,,,,,,,,,,,,,,,,,
2004-09-30,,,,,,,,,,,,,,,,,,,,,,,,,,,,,,,,,,,,,,,,,,,,,,,,,,,,,,,,,,,,,,,,,,,,,,,,,,,,,,,,,,,,,,,,,,,,,,,,
2004-10-29,,,,,,,,,,,,,,,,,,,,,,,,,,,,,,,,,,,,,,,,,,,,,,,,,,,,,,,,,,,,,,,,,,,,,,,,,,,,,,,,,,,,,,,,,,,,,,,,
2004-11-30,,,,,,,,,,,,,,,,,,,,,,,,,,,,,,,,,,,,,,,,,,,,,,,,,,,,,,,,,,,,,,,,,,,,,,,,,,,,,,,,,,,,,,,,,,,,,,,,
2004-12-31,,,,,,,,,,,,,,,,,,,,,,,,,,,,,,,,,,,,,,,,,,,,,,,,,,,,,,,,,,,,,,,,,,,,,,,,,,,,,,,,,,,,,,,,,,,,,,,,
2005-01-31,,,,,,,,,,,,,,,,,,,,,,,,,,,,,,,,,,,,,,,,,,,,,,,,,,,,,,,,,,,,,,,,,,,,,,,,,,,,,,,,,,,,,,,,,,,,,,,,
2005-02-28,,,,,,,,,,,,,,,,,,,,,,,,,,,,,,,,,,,,,,,,,,,,,,,,,,,,,,,,,,,,,,,,,,,,,,,,,,,,,,,,,,,,,,,,,,,,,,,,
2005-03-31,,,,,,,,,,,,,,,,,,,,,,,,,,,,,,,,,,,,,,,,,,,,,,,,,,,,,,,,,,,,,,,,,,,,,,,,,,,,,,,,,,,,,,,,,,,,,,,,
2005-04-29,,,,,,,,,,,,,,,,,,,,,,,,,,,,,,,,,,,,,,,,,,,,,,,,,,,,,,,,,,,,,,,,,,,,,,,,,,,,,,,,,,,,,,,,,,,,,,,,
2005-05-31,,,,,,,,,,,,,,,,,,,,,,,,,,,,,,,,,,,,,,,,,,,,,,,,,,,,,,,,,,,,,,,,,,,,,,,,,,,,,,,,,,,,,,,,,,,,,,,,
2005-06-30,,,,,,,,,,,,,,,,,,,,,,,,,,,,,,,,,,,,,,,,,,,,,,,,,,,,,,,,,,,,,,,,,,,,,,,,,,,,,,,,,,,,,,,,,,,,,,,,
2005-07-29,,,,,,,,,,,,,,,,,,,,,,,,,,,,,,,,,,,,,,,,,,,,,,,,,,,,,,,,,,,,,,,,,,,,,,,,,,,,,,,,,,,,,,,,,,,,,,,,
2005-08-31,,,,,,,,,,,,,,,,,,,,,,,,,,,,,,,,,,,,,,,,,,,,,,,,,,,,,,,,,,,,,,,,,,,,,,,,,,,,,,,,,,,,,,,,,,,,,,,,
2005-09-30,,,,,,,,,,,,,,,,,,,,,,,,,,,,,,,,,,,,,,,,,,,,,,,,,,,,,,,,,,,,,,,,,,,,,,,,,,,,,,,,,,,,,,,,,,,,,,,,
2005-10-31,,,,,,,,,,,,,,,,,,,,,,,,,,,,,,,,,,,,,,,,,,,,,,,,,,,,,,,,,,,,,,,,,,,,,,,,,,,,,,,,,,,,,,,,,,,,,,,,
2005-11-30,,,,,,,,,,,,,,,,,,,,,,,,,,,,,,,,,,,,,,,,,,,,,,,,,,,,,,,,,,,,,,,,,,,,,,,,,,,,,,,,,,,,,,,,,,,,,,,,
2005-12-30,,,,,,,,,,,,,,,,,,,,,,,,,,,,,,,,,,,,,,,,,,,,,,,,,,,,,,,,,,,,,,,,,,,,,,,,,,,,,,,,,,,,,,,,,,,,,,,,
2006-01-31,,,,,,,,,,,,,,,,,,,,,,,,,,,,,,,,,,,,,,,,,,,,,,,,,,,,,,,,,,,,,,,,,,,,,,,,,,,,,,,,,,,,,,,,,,,,,,,,
2006-02-28,,,,,,,,,,,,,,,,,,,,,,,,,,,,,,,,,,,,,,,,,,,,,,,,,,,,,,,,,,,,,,,,,,,,,,,,,,,,,,,,,,,,,,,,,,,,,,,,
2006-03-31,,,,,,,,,,,,,,,,,,,,,,,,,,,,,,,,,,,,,,,,,,,,,,,,,,,,,,,,,,,,,,,,,,,,,,,,,,,,,,,,,,,,,,,,,,,,,,,,
2006-04-28,,,,,,,,,,,,,,,,,,,,,,,,,,,,,,,,,,,,,,,,,,,,,,,,,,,,,,,,,,,,,,,,,,,,,,,,,,,,,,,,,,,,,,,,,,,,,,,,
2006-05-31,,,,,,,,,,,,,,,,,,,,,,,,,,,,,,,,,,,,,,,,,,,,,,,,,,,,,,,,,,,,,,,,,,,,,,,,,,,,,,,,,,,,,,,,,,,,,,,,
2006-06-30,,,,,,,,,,,,,,,,,,,,,,,,,,,,,,,,,,,,,,,,,,,,,,,,,,,,,,,,,,,,,,,,,,,,,,,,,,,,,,,,,,,,,,,,,,,,,,,,
2006-07-31,,,,,,,,,,,,,,,,,,,,,,,,,,,,,,,,,,,,,,,,,,,,,,,,,,,,,,,,,,,,,,,,,,,,,,,,,,,,,,,,,,,,,,,,,,,,,,,,
2006-08-31,,,,,,,,,,,,,,,,,,,,,,,,,,,,,,,,,,,,,,,,,,,,,,,,,,,,,,,,,,,,,,,,,,,,,,,,,,,,,,,,,,,,,,,,,,,,,,,,
2006-09-29,,,,,,,,,,,,,,,,,,,,,,,,,,,,,,,,,,,,,,,,,,,,,,,,,,,,,,,,,,,,,,,,,,,,,,,,,,,,,,,,,,,,,,,,,,,,,,,,
2006-10-31,,,,,,,,,,,,,,,,,,,,,,,,,,,,,,,,,,,,,,,,,,,,,,,,,,,,,,,,,,,,,,,,,,,,,,,,,,,,,,,,,,,,,,,,,,,,,,,,
2006-11-30,,,,,,,,,,,,,,,,,,,,,,,,,,,,,,,,,,,,,,,,,,,,,,,,,,,,,,,,,,,,,,,,,,,,,,,,,,,,,,,,,,,,,,,,,,,,,,,,
2006-12-29,,,,,,,,,,,,,,,,,,,,,,,,,,,,,,,,,,,,,,,,,,,,,,,,,,,,,,,,,,,,,,,,,,,,,,,,,,,,,,,,,,,,,,,,,,,,,,,,
2007-01-31,,,,,,,,,,,,,,,,,,,,,,,,,,,,,,,,,,,,,,,,,,,,,,,,,,,,,,,,,,,,,,,,,,,,,,,,,,,,,,,,,,,,,,,,,,,,,,,,
2007-02-28,,,,,,,,,,,,,,,,,,,,,,,,,,,,,,,,,,,,,,,,,,,,,,,,,,,,,,,,,,,,,,,,,,,,,,,,,,,,,,,,,,,,,,,,,,,,,,,,
2007-03-30,,,,,,,,,,,,,,,,,,,,,,,,,,,,,,,,,,,,,,,,,,,,,,,,,,,,,,,,,,,,,,,,,,,,,,,,,,,,,,,,,,,,,,,,,,,,,,,,
2007-04-30,,,,,,,,,,,,,,,,,,,,,,,,,,,,,,,,,,,,,,,,,,,,,,,,,,,,,,,,,,,,,,,,,,,,,,,,,,,,,,,,,,,,,,,,,,,,,,,,
2007-05-31,,,,,,,,,,,,,,,,,,,,,,,,,,,,,,,,,,,,,,,,,,,,,,,,,,,,,,,,,,,,,,,,,,,,,,,,,,,,,,,,,,,,,,,,,,,,,,,,
2007-06-29,,,,,,,,,,,,,,,,,,,,,,,,,,,,,,,,,,,,,,,,,,,,,,,,,,,,,,,,,,,,,,,,,,,,,,,,,,,,,,,,,,,,,,,,,,,,,,,,
2007-07-31,,,,,,,,,,,,,,,,,,,,,,,,,,,,,,,,,,,,,,,,,,,,,,,,,,,,,,,,,,,,,,,,,,,,,,,,,,,,,,,,,,,,,,,,,,,,,,,,
2007-08-31,,,,,,,,,,,,,,,,,,,,,,,,,,,,,,,,,,,,,,,,,,,,,,,,,,,,,,,,,,,,,,,,,,,,,,,,,,,,,,,,,,,,,,,,,,,,,,,,
2007-09-28,,,,,,,,,,,,,,,,,,,,,,,,,,,,,,,,,,,,,,,,,,,,,,,,,,,,,,,,,,,,,,,,,,,,,,,,,,,,,,,,,,,,,,,,,,,,,,,,
2007-10-31,,,,,,,,,,,,,,,,,,,,,,,,,,,,,,,,,,,,,,,,,,,,,,,,,,,,,,,,,,,,,,,,,,,,,,,,,,,,,,,,,,,,,,,,,,,,,,,,
2007-11-30,,,,,,,,,,,,,,,,,,,,,,,,,,,,,,,,,,,,,,,,,,,,,,,,,,,,,,,,,,,,,,,,,,,,,,,,,,,,,,,,,,,,,,,,,,,,,,,,
2007-12-31,,,,,,,,,,,,,,,,,,,,,,,,,,,,,,,,,,,,,,,,,,,,,,,,,,,,,,,,,,,,,,,,,,,,,,,,,,,,,,,,,,,,,,,,,,,,,,,,
2008-01-31,,,,,,,,,,,,,,,,,,,,,,,,,,,,,,,,,,,,,,,,,,,,,,,,,,,,,,,,,,,,,,,,,,,,,,,,,,,,,,,,,,,,,,,,,,,,,,,,
2008-02-29,,,,,,,,,,,,,,,,,,,,,,,,,,,,,,,,,,,,,,,,,,,,,,,,,,,,,,,,,,,,,,,,,,,,,,,,,,,,,,,,,,,,,,,,,,,,,,,,
2008-03-31,,,,,,,,,,,,,,,,,,,,,,,,,,,,,,,,,,,,,,,,,,,,,,,,,,,,,,,,,,,,,,,,,,,,,,,,,,,,,,,,,,,,,,,,,,,,,,,,
2008-04-30,,,,,,,,,,,,,,,,,,,,,,,,,,,,,,,,,,,,,,,,,,,,,,,,,,,,,,,,,,,,,,,,,,,,,,,,,,,,,,,,,,,,,,,,,,,,,,,,
2008-05-30,,,,,,,,,,,,,,,,,,,,,,,,,,,,,,,,,,,,,,,,,,,,,,,,,,,,,,,,,,,,,,,,,,,,,,,,,,,,,,,,,,,,,,,,,,,,,,,,
2008-06-30,,,,,,,,,,,,,,,,,,,,,,,,,,,,,,,,,,,,,,,,,,,,,,,,,,,,,,,,,,,,,,,,,,,,,,,,,,,,,,,,,,,,,,,,,,,,,,,,
2008-07-31,,,,,,,,,,,,,,,,,,,,,,,,,,,,,,,,,,,,,,,,,,,,,,,,,,,,,,,,,,,,,,,,,,,,,,,,,,,,,,,,,,,,,,,,,,,,,,,,
2008-08-29,,,,,,,,,,,,,,,,,,,,,,,,,,,,,,,,,,,,,,,,,,,,,,,,,,,,,,,,,,,,,,,,,,,,,,,,,,,,,,,,,,,,,,,,,,,,,,,,
2008-09-30,,,,,,,,,,,,,,,,,,,,,,,,,,,,,,,,,,,,,,,,,,,,,,,,,,,,,,,,,,,,,,,,,,,,,,,,,,,,,,,,,,,,,,,,,,,,,,,,
2008-10-31,,,,,,,,,,,,,,,,,,,,,,,,,,,,,,,,,,,,,,,,,,,,,,,,,,,,,,,,,,,,,,,,,,,,,,,,,,,,,,,,,,,,,,,,,,,,,,,,
2008-11-28,,,,,,,,,,,,,,,,,,,,,,,,,,,,,,,,,,,,,,,,,,,,,,,,,,,,,,,,,,,,,,,,,,,,,,,,,,,,,,,,,,,,,,,,,,,,,,,,
2008-12-31,,,,,,,,,,,,,,,,,,,,,,,,,,,,,,,,,,,,,,,,,,,,,,,,,,,,,,,,,,,,,,,,,,,,,,,,,,,,,,,,,,,,,,,,,,,,,,,,
2009-01-30,,,,,,,,,,,,,,,,,,,,,,,,,,,,,,,,,,,,,,,,,,,,,,,,,,,,,,,,,,,,,,,,,,,,,,,,,,,,,,,,,,,,,,,,,,,,,,,,
2009-02-27,,,,,,,,,,,,,,,,,,,,,,,,,,,,,,,,,,,,,,,,,,,,,,,,,,,,,,,,,,,,,,,,,,,,,,,,,,,,,,,,,,,,,,,,,,,,,,,,
2009-03-31,,,,,,,,,,,,,,,,,,,,,,,,,,,,,,,,,,,,,,,,,,,,,,,,,,,,,,,,,,,,,,,,,,,,,,,,,,,,,,,,,,,,,,,,,,,,,,,,
2009-04-30,,,,,,,,,,,,,,,,,,,,,,,,,,,,,,,,,,,,,,,,,,,,,,,,,,,,,,,,,,,,,,,,,,,,,,,,,,,,,,,,,,,,,,,,,,,,,,,,
2009-05-29,,,,,,,,,,,,,,,,,,,,,,,,,,,,,,,,,,,,,,,,,,,,,,,,,,,,,,,,,,,,,,,,,,,,,,,,,,,,,,,,,,,,,,,,,,,,,,,,
2009-06-30,,,,,,,,,,,,,,,,,,,,,,,,,,,,,,,,,,,,,,,,,,,,,,,,,,,,,,,,,,,,,,,,,,,,,,,,,,,,,,,,,,,,,,,,,,,,,,,,
2009-07-31,,,,,,,,,,,,,,,,,,,,,,,,,,,,,,,,,,,,,,,,,,,,,,,,,,,,,,,,,,,,,,,,,,,,,,,,,,,,,,,,,,,,,,,,,,,,,,,,
2009-08-31,,,,,,,,,,,,,,,,,,,,,,,,,,,,,,,,,,,,,,,,,,,,,,,,,,,,,,,,,,,,,,,,,,,,,,,,,,,,,,,,,,,,,,,,,,,,,,,,
2009-09-30,,,,,,,,,,,,,,,,,,,,,,,,,,,,,,,,,,,,,,,,,,,,,,,,,,,,,,,,,,,,,,,,,,,,,,,,,,,,,,,,,,,,,,,,,,,,,,,,
2009-10-30,,,,,,,,,,,,,,,,,,,,,,,,,,,,,,,,,,,,,,,,,,,,,,,,,,,,,,,,,,,,,,,,,,,,,,,,,,,,,,,,,,,,,,,,,,,,,,,,
2009-11-30,,,,,,,,,,,,,,,,,,,,,,,,,,,,,,,,,,,,,,,,,,,,,,,,,,,,,,,,,,,,,,,,,,,,,,,,,,,,,,,,,,,,,,,,,,,,,,,,
2009-12-31,,,,,,,,,,,,,,,,,,,,,,,,,,,,,,,,,,,,,,,,,,,,,,,,,,,,,,,,,,,,,,,,,,,,,,,,,,,,,,,,,,,,,,,,,,,,,,,,
2010-01-29,,,,,,,,,,,,,,,,,,,,,,,,,,,,,,,,,,,,,,,,,,,,,,,,,,,,,,,,,,,,,,,,,,,,,,,,,,,,,,,,,,,,,,,,,,,,,,,,
2010-02-26,,,,,,,,,,,,,,,,,,,,,,,,,,,,,,,,,,,,,,,,,,,,,,,,,,,,,,,,,,,,,,,,,,,,,,,,,,,,,,,,,,,,,,,,,,,,,,,,
2010-03-31,,,,,,,,,,,,,,,,,,,,,,,,,,,,,,,,,,,,,,,,,,,,,,,,,,,,,,,,,,,,,,,,,,,,,,,,,,,,,,,,,,,,,,,,,,,,,,,,
2010-04-30,,,,,,,,,,,,,,,,,,,,,,,,,,,,,,,,,,,,,,,,,,,,,,,,,,,,,,,,,,,,,,,,,,,,,,,,,,,,,,,,,,,,,,,,,,,,,,,,
2010-05-28,,,,,,,,,,,,,,,,,,,,,,,,,,,,,,,,,,,,,,,,,,,,,,,,,,,,,,,,,,,,,,,,,,,,,,,,,,,,,,,,,,,,,,,,,,,,,,,,
2010-06-30,,,,,,,,,,,,,,,,,,,,,,,,,,,,,,,,,,,,,,,,,,,,,,,,,,,,,,,,,,,,,,,,,,,,,,,,,,,,,,,,,,,,,,,,,,,,,,,,
2010-07-30,,,,,,,,,,,,,,,,,,,,,,,,,,,,,,,,,,,,,,,,,,,,,,,,,,,,,,,,,,,,,,,,,,,,,,,,,,,,,,,,,,,,,,,,,,,,,,,,
2010-08-31,,,,,,,,,,,,,,,,,,,,,,,,,,,,,,,,,,,,,,,,,,,,,,,,,,,,,,,,,,,,,,,,,,,,,,,,,,,,,,,,,,,,,,,,,,,,,,,,
2010-09-30,,,,,,,,,,,,,,,,,,,,,,,,,,,,,,,,,,,,,,,,,,,,,,,,,,,,,,,,,,,,,,,,,,,,,,,,,,,,,,,,,,,,,,,,,,,,,,,,35.94337536
2010-10-29,3654820.0,,,,,,0.1102841764,,,,,,,,,,,,,,,,,,,,,,,,,,,,,,,,,,,,,,,,,,,,,,,,,,,,,,,,,,,,,,,,,,,,,,,,,,,,,,,,,0.0271563958,9.3798759e-08,0.0150150154,0.0145882155,1.6143677196,0.4726185385,6.0399478e-07,48.0,35.84383986
2010-11-30,3652570.8285,,,,15.916596162,,0.1924931076,-0.000615399,,,,,,,,,,,,,,,,,,,,,,,,,,,,,,,,,,,,,,,,,,,,,,,,,,,,,,,,,,,,,,,,,,,,,,,,,,,,,,,,0.0229815881,7.0681707e-09,0.0265624523,0.0110889424,1.4369208433,2.426009347,7.4116254e-08,48.0,37.07144437
2010-12-31,3769525.1715,,,,13.841853306,,0.1685664874,0.0320197344,,,,,4.6391198799,,,,,,,,,,,,,,,,,,,,,,,,,,,,,,,,,,,,,,,,,,,,,,,,,,,,,,,,,,,,,,,,,,,,,,,,,,,0.0283615333,2.6829937e-09,0.0719640702,0.0185072403,0.9467448138,0.9706132049,1.1449797000000001e-07,48.0,43.06569343
2011-01-31,4373662.7658,,,,13.438467075999998,,0.1088373443,0.1616944522,,,,,0.2981312245,,,,,,,,,,,,,,,,,,,,,,,,,,,,,,,,,,,,,,,,,,,,,,,,,,,,,,,,,,,,,,,,,,,,,,,,,,,0.0236779760999999,7.311313000000001e-09,0.026888229,0.0114452602,1.685622491,2.5382504740000003,4.4375268e-08,48.0,46.44990046
2011-02-28,4811814.0,,,,14.489689051,,0.1189065134,0.0785824731,,,,,0.32670257,,,,,,,,,,,,,,,,,,,,,,,,,,,,,,,,,,,,,,,,,,,,,,,,,,,,,,,,,,,,,,,,,,,,,,,,,,,0.0232329019,1.4592721e-09,0.0296411701,0.0111794186,0.9848258672,2.0793749364,5.9327679e-08,48.0,50.61933201
2011-03-31,5243731.6424,,,,14.369430153,,0.0922264824,0.0897619128,0.0191522225,,,,0.4532678996,,,,,,,,,,,,,,,,,,,,,,,,,,,,,,,,,,,,,,,,,,,,,,,,,,,,,,,,,,,,,,,,,,,,,,,,,,,0.020303182,1.2462580000000002e-09,0.0450107008,0.0159540724,1.0989346064,2.4964848749,4.5640830000000004e-08,48.0,55.99424906
2011-04-29,5571072.1675,,,,14.788372919,,0.0686220986,0.1061831042,0.4083077031,,,,0.4499477439,,,,,,,,,,,,,,,,,,,,,,,,,,,,,,,,,,,,,,,,,,,,,,,,,,,,,,,,,,,,,,,,,,,,,,,,,,,0.0262449310999999,1.7943785e-09,0.0402727351,0.0169272127,0.6880674678,1.1966537779000002,4.4075173e-08,48.0,65.18469365
2011-05-31,6485462.7489,,,,14.730223667,,0.0653089395,0.1641318798,0.5588054736,,,,0.4884960846,,,,,,,,,,,,,,,,,,,,,,,,,,,,,,,,,,,,,,,,,,,,,,,,,,,,,,,,,,,,,,0.8279228953,0.0412458422,0.0419951486,-0.424881539,0.0965733727,0.0,-0.005934903,0.2993821992,-0.057785888,0.0203990155,0.1189427758,1.8502258776,,0.0223350156,7.328984e-10,0.0493570454,0.0158796679,0.5985813124,1.8275497069,4.4447080000000007e-08,48.0,62.47511612
2011-06-30,6215877.3347,,,,14.976125538,,0.1480014125,-0.041567646,0.7583531456,,,,0.4417864144,,,,,,,,,,,,,,,,,,,,,,,,,,,,,,,,,,,,,,,,,,,,,,,,,,,,,,,,,,,,,,0.8279228953,0.0412458422,0.042911198,-0.424881539,0.0965733727,0.0,-0.005934903,0.2993821992,-0.057785888,0.0203990155,0.1189427758,1.8502258776,,0.0216256894,9.423662e-10,0.0210039206,0.011817368,0.4515082871999999,0.7440756601,5.4110466e-08,48.0,60.0088476
2011-07-29,5969847.7953,,,,14.68814149,,0.3945394759,-0.039476071,0.4506934602,,,,0.7917011292,0.1414414118,-0.141441412,10.0,-0.070980499,0.3379318615,-5.13519759,0.07036055,33.122733125,0.4283862531,-0.401336659,0.0551691466,-0.7123627840000001,-0.1893846689999999,0.0,0.2083370484,0.0,0.3323956775,0.2234931807999999,0.0,0.0,0.0,-1.187278256,-0.053127965,0.2723987454,0.0961015413,0.1816745135,0.0411811664,0.0060606061,-0.242465567,3.1896954451,-0.363469625,-8650.931365,1.1474966170999998,,-0.783430693,0.23198965,-0.141200526,0.005145732,0.23198965,,0.0783301862,0.0729272037,,-9.063291139,7.0,0.3107721639999999,0.0,,,,0.0673684211,220.59375,,28.578947368,0.4576629286999999,1.0,0.1761079639999999,0.0,1.5824063635,0.2455446616,0.2294096548999999,0.8279228953,0.0412458422,0.0448175513999999,-0.424881539,0.0965733727,0.0,-0.005934903,0.2993821992,-0.057785888,0.0203990155,0.1189427758,1.8502258776,4.0,0.0254739674,3.481176e-10,0.0167259537,0.0132790946999999,0.7326492384000001,11.748528940999998,1.327815e-08,48.0,59.7213006
2011-08-31,5941242.0,,,,16.006250900999998,,0.2911099423,-0.0047917129999999,0.2919047153,,,,0.8790283244,0.1414414118,-0.141441412,10.0,-0.070980499,0.3379318615,-5.135028524,0.07036055,33.122733125,0.4283862531,-0.401336659,0.0551691466,-0.7123627840000001,-0.1893846689999999,0.0,0.2083370484,0.0,0.3323956775,0.2234931807999999,0.0,0.0,0.0,-1.187278256,-0.053127965,0.2723987454,0.0961015413,0.1816745135,0.0411811664,0.0060606061,-0.242465567,3.1896954451,-0.363469625,-8650.931365,1.1474966170999998,,-0.783430693,0.23198965,-0.141200526,0.005145732,0.23198965,,0.0783301862,0.0729272037,,-9.063291139,7.0,0.3107721639999999,0.0,,,,0.0673684211,220.59375,,28.578947368,0.4576629286999999,1.0,0.1761079639999999,0.0,1.5824063635,0.2455446616,0.2294096548999999,,,,,,,,,,,,,,0.0230783124,6.499692e-10,0.0511332676,0.0212962807,0.5019196485,1.8734177815,2.9004312000000003e-08,48.0,55.16478655
2011-09-30,5487947.3575,,,-0.020836457,15.315326889,,0.2938179155,-0.076296277,0.1798120889999999,0.3103385648,,,1.2930393742,0.1414414118,-0.141441412,10.0,-0.070980499,0.3379318615,-5.131914751,0.07036055,33.122733125,0.4283862531,-0.401336659,0.0551691466,-0.7123627840000001,-0.1893846689999999,0.0,0.2083370484,0.0,0.3335289271,0.2234931807999999,0.0,0.0,0.0,-1.187278256,-0.053127965,0.2723987454,0.0961015413,0.1816745135,0.0411811664,0.0060606061,-0.242465567,3.1896954451,-0.363469625,-8650.931365,1.1474966170999998,,-0.783430693,0.23198965,-0.141200526,0.005145732,0.23198965,,0.0783301862,0.0729272037,,-9.063291139,7.0,0.3107721639999999,0.0,,,,0.0673684211,220.59375,,28.578947368,0.4576629286999999,1.0,0.1761079639999999,0.0,1.5824063635,0.2455446616,0.2294096548999999,-0.171141926,0.0020373082,-0.001020531,-0.033399319,0.0715509201,1.0,-0.005140611,0.2991038792,-0.0558109,0.0165884787,0.1194589693,1.8459237319,4.0,0.0571610304,8.857683e-10,0.0744174346,0.0411225409,0.4579796421,3.5586484296,1.2328853000000002e-08,48.0,51.80269852
2011-10-31,5041576.5764,,,-0.632703014,15.951702188,,0.0552163448,-0.060946289,-0.014813357,0.5347692545,,,0.9674204557,0.1414414118,-0.141441412,10.0,-0.070980499,0.3379318615,-5.570284122,0.07036055,33.122733125,0.4283862531,-0.401336659,0.0551691466,-0.7123627840000001,-0.1893846689999999,0.0,0.2083370484,0.0,0.3495186975,0.2234931807999999,0.0,0.0,0.0,-1.187278256,-0.053127965,0.2723987454,0.0961015413,0.1816745135,0.0411811664,0.0060606061,-0.242465567,3.1896954451,-0.363469625,-8650.931365,1.1474966170999998,,-0.783430693,0.23198965,-0.141200526,0.005145732,0.23198965,,0.0783301862,0.0729272037,,-9.063291139,7.0,0.3107721639999999,0.0,,,,0.0673684211,220.59375,,28.578947368,0.4576629286999999,1.0,0.1761079639999999,0.0,1.5824063635,0.2455446616,0.2294096548999999,-0.171141926,0.0020373082,-0.001020531,-0.033399319,0.0715509201,1.0,-0.005140611,0.2991038792,-0.0558109,0.0165884787,0.1194589693,1.8459237319,4.0,0.0347193822,1.5945412e-09,0.035691902,0.0239025454,0.2610125807,0.6895401281,3.8388784e-08,48.0,50.80734351
2011-11-30,4944705.8122,1.0208846866,1.0422055434,-1.035218437,14.843037262,0.0333016166,-0.115891496,-0.019214379,-0.205293499,0.442118241,,0.1557780302999999,0.9301707639,0.1414414118,-0.141441412,10.0,-0.070980499,0.3379318615,-5.614410406,0.07036055,33.122733125,0.4283862531,-0.401336659,0.0551691466,-0.7123627840000001,-0.1893846689999999,0.0,0.2083370484,0.0,0.34996457,0.2234931807999999,0.0,0.0,0.0,-1.187278256,-0.053127965,0.2723987454,0.0961015413,0.1816745135,0.0411811664,0.0060606061,-0.242465567,3.1896954451,-0.363469625,-8650.931365,1.1474966170999998,,-0.783430693,0.23198965,-0.141200526,0.005145732,0.23198965,,0.0783301862,0.0729272037,,-9.063291139,7.0,0.3107721639999999,0.0,,,,0.0673684211,220.59375,,28.578947368,0.4576629286999999,1.0,0.1761079639999999,0.0,1.5824063635,0.2455446616,0.2294096548999999,-0.073058834,0.0034383953999999,0.0037039322999999,0.0362838764,-0.011506301,0.0,-0.007003247,0.2988371798999999,-0.074424899,0.0062824533,0.1126270252999999,1.8451895611,4.0,0.0361789733,1.5941048e-09,0.0433197617999999,0.0303162037,0.6848662146,2.6418377555,3.1604527e-08,48.0,58.47157708
2011-12-30,5690609.465,0.7792656915,0.6072550179,-0.749344734,14.997080944,0.0373056624,-0.013120165,0.15084894,-0.186758767,0.3705249889,,0.1291673616,0.7842497762999999,0.1414414118,-0.141441412,10.0,-0.070980499,0.3379318615,-5.651766774,0.07036055,33.122733125,0.4283862531,-0.401336659,0.0551691466,-0.7123627840000001,-0.1893846689999999,0.0,0.2083370484,0.0,0.3628447275999999,0.2234931807999999,0.0,0.0,0.0,-1.187278256,-0.053127965,0.2723987454,0.0961015413,0.1816745135,0.0411811664,0.0060606061,-0.242465567,3.1896954451,-0.363469625,-8650.931365,1.1474966170999998,,-0.783430693,0.23198965,-0.141200526,0.005145732,0.23198965,,0.0783301862,0.0729272037,,-9.063291139,7.0,0.3107721639999999,0.0,,,,0.0673684211,220.59375,,28.578947368,0.4576629286999999,1.0,0.1761079639999999,0.0,1.5824063635,0.2455446616,0.2294096548999999,-0.073058834,0.0034383953999999,0.0037039322999999,0.0362838764,-0.011506301,0.0,-0.007003247,0.2988371798999999,-0.074424899,0.0062824533,0.1126270252999999,1.8451895611,4.0,0.0304168848,1.0094145e-09,0.0512554757,0.0236431566,0.5036556126,3.1105201621,2.1152017000000005e-08,48.0,62.97279363
2012-01-31,5726455.6619,0.6830608512999999,0.4665721265999999,-0.344033966,15.539143624,0.0401431311,-0.0966020869999999,0.0769812688,-0.025617393,0.3577298469,,0.3831689322,0.9534975494,0.1414414118,-0.141441412,10.0,-0.070980499,0.3379318615,-5.657340333,0.07036055,33.122733125,0.4283862531,-0.401336659,0.0551691466,-0.7123627840000001,-0.1893846689999999,0.0,0.2083370484,0.0,0.3628447275999999,0.2234931807999999,0.0,0.0,0.0,-1.187278256,-0.053127965,0.2723987454,0.0961015413,0.1816745135,0.0411811664,0.0060606061,-0.242465567,3.1896954451,-0.363469625,-8650.931365,1.1474966170999998,,-0.783430693,0.23198965,-0.141200526,0.005145732,0.23198965,,0.0783301862,0.0729272037,,-9.063291139,7.0,0.3107721639999999,0.0,,,,0.0673684211,220.59375,,28.578947368,0.4576629286999999,1.0,0.1761079639999999,0.0,1.5824063635,0.2455446616,0.2294096548999999,-0.073058834,0.0034383953999999,0.0037039322999999,0.0362838764,-0.011506301,0.0,-0.007003247,0.2988371798999999,-0.074424899,0.0062824533,0.1126270252999999,1.8451895611,4.0,0.0231190077999999,6.219008e-10,0.0508152507,0.0195684652,0.6568506436,4.5878822311,2.0250908e-08,48.0,63.74695864
2012-02-29,5793857.4586,0.6185934691,0.38265788,-0.21830689,15.655384053,0.0397563752,-0.0992482369999999,0.0122936563999999,0.0544444113,0.3557142358,,0.3041364277,1.045688949,0.1414414118,-0.141441412,10.0,-0.070980499,0.3379318615,-5.783886695,0.07036055,33.122733125,0.4283862531,-0.401336659,0.0551691466,-0.7123627840000001,-0.1893846689999999,0.0,0.2083370484,0.0,0.3628447275999999,0.2234931807999999,0.0,0.0,0.0,-1.187278256,-0.053127965,0.2723987454,0.0961015413,0.1816745135,0.0411811664,0.0060606061,-0.242465567,3.1896954451,-0.363469625,-8650.931365,1.1474966170999998,,-0.783430693,0.23198965,-0.141200526,0.005145732,0.23198965,,0.0783301862,0.0729272037,,-9.063291139,7.0,0.3107721639999999,0.0,,,,0.0673684211,220.59375,,28.578947368,0.4576629286999999,1.0,0.1761079639999999,0.0,1.5824063635,0.2455446616,0.2294096548999999,-0.109931383,0.0122714909,-0.000124945,0.0109842787999999,-0.0490574809999999,1.0,-0.006813117,0.2985886705,-0.090524535,0.0033501690999999,0.1061031673,1.8389338734,4.0,0.0167694446,3.49227e-10,0.0233303214999999,0.010711107,0.4662663067,2.500965761,2.2281092e-08,48.0,70.1282902
2012-03-30,6373529.3147,0.5904896929,0.3486780774,0.1814541428,15.554421661,0.0390613925999999,-0.109289193,0.100104101,0.1555733319,0.2593401408,,0.2804427343,0.9423456213,0.1414414118,-0.141441412,10.0,-0.070980499,0.3379318615,-5.783963946,0.07036055,33.122733125,0.4283862531,-0.401336659,0.0551691466,-0.7123627840000001,-0.1893846689999999,0.0,0.2083370484,0.0,0.3718188564999999,0.2234931807999999,0.0,0.0,0.0,-1.187278256,-0.053127965,0.2723987454,0.0961015413,0.1816745135,0.0411811664,0.0060606061,-0.242465567,3.1896954451,-0.363469625,-8650.931365,1.1474966170999998,,-0.783430693,0.23198965,-0.141200526,0.005145732,0.23198965,,0.0783301862,0.0729272037,,-9.063291139,7.0,0.3107721639999999,0.0,,,,0.0673684211,220.59375,,28.578947368,0.4576629286999999,1.0,0.1761079639999999,0.0,1.5824063635,0.2455446616,0.2294096548999999,-0.109931383,0.0122714909,-0.000124945,0.0109842787999999,-0.0490574809999999,1.0,-0.006813117,0.2985886705,-0.090524535,0.0033501690999999,0.1061031673,1.8389338734,4.0,0.0165887399,3.252848e-10,0.0366544612,0.0105777047,0.533974016,2.0034051871000003,2.9325384e-08,48.0,70.1725282
2012-04-30,6380468.6267,0.5974462790999999,0.3569420564,0.4294682733,15.374598266,0.0386663826,-0.090809846,0.0006308298,0.3537574552,0.2524194667,,0.2507984879,0.8053845668999999,0.1414414118,-0.141441412,10.0,-0.070980499,0.3379318615,-5.783688034,0.07036055,33.122733125,0.4283862531,-0.401336659,0.0551691466,-0.701772225,-0.1893846689999999,0.0,0.2083370484,0.0,0.3742532096,0.2234931807999999,0.0,0.0,0.0,-1.187278256,-0.053127965,0.2723987454,0.0961015413,0.1816745135,0.0411811664,0.0060606061,-0.242465567,3.1896954451,-0.363469625,-8650.931365,1.1474966170999998,,-0.783430693,0.23198965,-0.141200526,0.005145732,0.23198965,,0.0783301862,0.0729272037,,-9.063291139,7.0,0.3107721639999999,0.0,,,,0.0673684211,220.59375,,28.578947368,0.4576629286999999,1.0,0.1761079639999999,0.0,1.5824063635,0.2455446616,0.2294096548999999,-0.109931383,0.0122714909,-0.000124945,0.0109842787999999,-0.0490574809999999,1.0,-0.006813117,0.2985886705,-0.090524535,0.0033501690999999,0.1061031673,1.8389338734,4.0,0.0154727885,4.453789e-10,0.0225896388,0.010031646,0.3261831072,1.0182841263,2.8864966e-08,48.0,66.87679717
2012-05-31,6080802.8528,0.6045208281000001,0.3654454316,0.5368454564,15.29573063,0.037938116,-0.101904749,-0.0469661059999999,0.3811493727,0.0765185216,,0.2666598401,0.6922005987000001,0.1414414118,-0.141441412,10.0,-0.070980499,0.3379318615,-5.783688034,0.07036055,33.122733125,0.4283862531,-0.401336659,0.0551691466,-0.69409024,-0.1893846689999999,0.0,0.2083370484,0.0,0.3742532096,0.2234931807999999,0.0,0.0,0.0,-1.187278256,-0.053127965,0.2723987454,0.0961015413,0.1816745135,0.0411811664,0.0060606061,-0.242465567,3.1896954451,-0.363469625,-8650.931365,1.1474966170999998,,-0.783430693,0.23198965,-0.141200526,0.005145732,0.23198965,,0.0783301862,0.0729272037,,-9.063291139,7.0,0.3107721639999999,0.0,,,,0.0673684211,220.59375,,28.578947368,0.4576629286999999,1.0,0.1761079639999999,0.0,1.5824063635,0.2455446616,0.2294096548999999,2.2414855046,0.0020462975,-0.002237678,0.0109560466,0.0563084995,2.0,-0.005376684,0.2982595261,-0.079887218,0.0079340261,0.1024203491,1.8373548731,4.0,0.0178482294,5.944687e-10,0.0193570367999999,0.0157445408,0.2844887294,0.947147077,3.4056206e-08,48.0,69.34306569
2012-06-29,6305049.3767,0.6052883844,0.3663740283,0.2500099716,15.177977756,0.0374080945,-0.115696076,0.0368777812,0.1437488618,0.0704549305,,0.2726170383,0.9583730222,0.1414414118,-0.141441412,10.0,-0.070980499,0.3379318615,-5.783688034,0.07036055,33.122733125,0.4283862531,-0.401336659,0.0551691466,-0.683842746,-0.1893846689999999,0.0,0.2083370484,0.0,0.3742532096,0.2234931807999999,0.0,0.0,0.0,-1.187278256,-0.053127965,0.2723987454,0.0961015413,0.1816745135,0.0411811664,0.0060606061,-0.242465567,3.1896954451,-0.363469625,-8650.931365,1.1474966170999998,,-0.783430693,0.23198965,-0.141200526,0.005145732,0.23198965,,0.0783301862,0.0729272037,,-9.063291139,7.0,0.3107721639999999,0.0,,,,0.0673684211,220.59375,,28.578947368,0.4576629286999999,1.0,0.1761079639999999,0.0,1.5824063635,0.2455446616,0.2294096548999999,2.2414855046,0.0020462975,-0.002237678,0.0109560466,0.0563084995,2.0,-0.005376684,0.2982595261,-0.079887218,0.0079340261,0.1024203491,1.8373548731,4.0,0.0303147387999999,3.830248e-10,0.0509544089,0.0199154809,0.5612218140999999,4.8980936719,1.2825055e-08,48.0,78.37867728
2012-07-31,7142562.3568,0.6382066458,0.4073077227,0.1952517386,16.095491861,0.0391395822,-0.18557167,0.130303055,0.1011591533,0.155547404,,0.1307797491,1.0947967931,0.134517118,-0.134517118,11.0,0.0064939199,0.2193328778,-6.440489342999999,0.083126593,102.67088966,0.3033289805999999,0.0571926508,0.0157735884,-0.12211175,-0.079612241,0.0,-0.032332092,0.0,0.3836423365999999,0.2308249964,0.0,0.0,0.0,-0.7232746959999999,-0.064437763,0.258865474,0.0538585209,0.1264690853,0.0394176325999999,0.0120481928,0.0797096836,2.6536483526,0.0679598004,-6652.222417,1.3351910828,,-0.279703021,0.0325956825999999,0.0328055448,-0.002768938,0.0325956825999999,,-0.080673422,0.0177282136,,-5.707317073,4.0,0.3209019948,0.0,,,,0.0671545968,248.4137931,,26.485294118,0.3181393902,1.0,0.0205411531,0.0,1.2580207115000002,0.2507769946,0.1353469066,2.2414855046,0.0020462975,-0.002237678,0.0109560466,0.0563084995,2.0,-0.005376684,0.2982595261,-0.079887218,0.0079340261,0.1024203491,1.8373548731,3.0,0.0232423889,4.610713e-10,0.0363903344,0.0161061669,0.473919644,2.4210808325,1.8962221e-08,48.0,85.06967485
2012-08-31,7752305.0955,0.6756893323000001,0.4565560738,0.2670825251,15.873599952,0.0385032411,-0.088554858,0.0853675082,0.2295281584,0.3124074406,,0.1247639203999999,1.1715053977,0.134517118,-0.134517118,11.0,0.0064939199,0.2193328778,-6.51993209,0.083126593,102.67088966,0.3033289805999999,0.0571926508,0.0157735884,-0.12211175,-0.079612241,0.0,-0.032332092,0.0,0.3865302786,0.2308249964,0.0,0.0,0.0,-0.7232746959999999,-0.064437763,0.258865474,0.0538585209,0.1264690853,0.0394176325999999,0.0120481928,0.0797096836,2.6536483526,0.0679598004,-6652.222417,1.3351910828,,-0.279703021,0.0325956825999999,0.0328055448,-0.002768938,0.0325956825999999,,-0.080673422,0.0177282136,,-5.707317073,4.0,0.3209019948,0.0,,,,0.0671545968,248.4137931,,26.485294118,0.3181393902,1.0,0.0205411531,0.0,1.2580207115000002,0.2507769946,0.1353469066,-0.0145151669999999,0.0018583787,-0.00108232,-0.018973432,0.00094751,3.0,-0.004284435,0.2123206858,-0.077546296,0.0087314042,0.1025294928999999,1.8320666319,3.0,0.0173079295,2.56986e-10,0.0254969243,0.01080427,0.5134639639,1.866983064,2.3918549e-08,48.0,86.04291086
2012-09-28,7840995.5076,0.6737245881999999,0.4539048208,-0.044315099,15.725400428,0.0377290318,0.0322714908,0.0114405211,0.2130578482,0.5421009558,,0.1365372233,1.1599655626,0.134517118,-0.134517118,11.0,0.0064939199,0.2193328778,-6.567120997000001,0.083126593,102.67088966,0.3033289805999999,0.0571926508,0.0157735884,-0.12211175,-0.079612241,0.0,-0.032332092,0.0,0.3882350486,0.2308249964,0.0,0.0,0.0,-0.7232746959999999,-0.064437763,0.258865474,0.0538585209,0.1264690853,0.0394176325999999,0.0120481928,0.0797096836,2.6536483526,0.0679598004,-6652.222417,1.3351910828,,-0.279703021,0.0325956825999999,0.0328055448,-0.002768938,0.0325956825999999,,-0.080673422,0.0177282136,,-5.707317073,4.0,0.3209019948,0.0,,,,0.0671545968,248.4137931,,26.485294118,0.3181393902,1.0,0.0205411531,0.0,1.2580207115000002,0.2507769946,0.1353469066,-0.0145151669999999,0.0018583787,-0.00108232,-0.018973432,0.00094751,3.0,-0.004284435,0.2978284777,-0.077546296,0.0087314042,0.1025294928999999,1.8320666319,3.0,0.0225725929,2.914103e-10,0.0320487097,0.0141915061,0.6882041053,5.5063312707000005,1.2499598e-08,48.0,83.02366733
2012-10-31,7585037.9333,0.6575560031000001,0.4323798972,-0.171632778,16.294763092,0.0373299198,0.2102909898,-0.035218578,0.2261623623999999,0.6609735703,,0.13775146,1.1885050419,0.134517118,-0.134517118,11.0,0.0064939199,0.2193328778,-6.340050025,0.083126593,102.67088966,0.3033289805999999,0.0571926508,0.0157735884,-0.12211175,-0.079612241,0.0,-0.032332092,0.0,0.3865302786,0.2308249964,0.0,0.0,0.0,-0.7232746959999999,-0.064437763,0.258865474,0.0538585209,0.1264690853,0.0394176325999999,0.0120481928,0.0797096836,2.6536483526,0.0679598004,-6652.222417,1.3351910828,,-0.279703021,0.0325956825999999,0.0328055448,-0.002768938,0.0325956825999999,,-0.080673422,0.0177282136,,-5.707317073,4.0,0.3209019948,0.0,,,,0.0671545968,248.4137931,,26.485294118,0.3181393902,1.0,0.0205411531,0.0,1.2580207115000002,0.2507769946,0.1353469066,-0.0145151669999999,0.0018583787,-0.00108232,-0.018973432,0.00094751,3.0,-0.004284435,0.2978284777,-0.077546296,0.0087314042,0.1025294928999999,1.8320666319,3.0,0.0247624964,2.749336e-10,0.0178304277,0.0149247309,0.484197522,3.1274564387,1.9479853e-08,48.0,85.61159036
2012-11-30,7822513.1001,0.6814234015,0.4643378521,-0.036143225,16.006426244,0.0375113747,0.144980632,0.0313083678,0.2412765955999999,0.6338702449,,0.1010365536999999,1.2777948205,0.134517118,-0.134517118,11.0,0.0064939199,0.2193328778,-6.337612318,0.083126593,102.67088966,0.3033289805999999,0.0571926508,0.0157735884,-0.12211175,-0.079612241,0.0,-0.032332092,0.0,0.3780270126,0.2308249964,0.0,0.0,0.0,-0.7232746959999999,-0.064437763,0.258865474,0.0538585209,0.1264690853,0.0394176325999999,0.0120481928,0.0797096836,2.6536483526,0.0679598004,-6652.222417,1.3351910828,,-0.279703021,0.0325956825999999,0.0328055448,-0.002768938,0.0325956825999999,,-0.080673422,0.0177282136,,-5.707317073,4.0,0.3209019948,0.0,,,,0.0671545968,248.4137931,,26.485294118,0.3181393902,1.0,0.0205411531,0.0,1.2580207115000002,0.2507769946,0.1353469066,2.6238506644,0.0019975514,-0.000509392,-8.075399999999999e-05,0.0884148311,0.0,-0.00602371,0.297540405,-0.229828851,0.0089335132,0.1010966147,1.8301743424,3.0,0.0205971612,1.667427e-10,0.0166887696999999,0.0091631052,0.3965296788,2.3625939758000003,1.8330126e-08,48.0,78.35655828
2012-12-31,7159604.8958,0.6859241598,0.4704919531,-0.0559437709999999,16.000524347,0.0370142,0.1492972042999999,-0.084743634,0.2346092887,0.4641574554,,0.0944727231,1.4012216336,0.134517118,-0.134517118,11.0,0.0064939199,0.2193328778,-6.393830424,0.083126593,102.67088966,0.3033289805999999,0.0571926508,0.0157735884,-0.12211175,-0.079612241,0.0,-0.032332092,0.0,0.3770003497999999,0.2308249964,0.0,0.0,0.0,-0.7232746959999999,-0.064437763,0.258865474,0.0538585209,0.1264690853,0.0394176325999999,0.0120481928,0.0797096836,2.6536483526,0.0679598004,-6652.222417,1.3351910828,,-0.279703021,0.0325956825999999,0.0328055448,-0.002768938,0.0325956825999999,,-0.080673422,0.0177282136,,-5.707317073,4.0,0.3209019948,0.0,,,,0.0671545968,248.4137931,,26.485294118,0.3181393902,1.0,0.0205411531,0.0,1.2580207115000002,0.2507769946,0.1353469066,2.6238506644,0.0019975514,-0.000509392,-8.075399999999999e-05,0.0884148311,0.0,-0.00602371,0.297540405,-0.229828851,0.0089335132,0.1010966147,1.8301743424,3.0,0.0234037137,2.226945e-10,0.0243298095,0.015852456,0.6689591928,6.156231400499999,1.1004668e-08,48.0,84.31762884
2013-01-31,7713658.0239,0.6941094616,0.4817879446,-0.168871083,16.422199691,0.037114217,0.1383318295,0.0760762095,-0.000282264,0.2442922369,,0.0907983131,1.5206482241,0.134517118,-0.134517118,11.0,0.0064939199,0.2193328778,-6.5203338010000005,0.083126593,102.67088966,0.3033289805999999,0.0571926508,0.0157735884,-0.12211175,-0.079612241,0.0,-0.032332092,0.0,0.3634116193,0.2308249964,0.0,0.0,0.0,-0.7232746959999999,-0.064437763,0.258865474,0.0538585209,0.1264690853,0.0394176325999999,0.0120481928,0.0797096836,2.6536483526,0.0679598004,-6652.222417,1.3351910828,,-0.279703021,0.0325956825999999,0.0328055448,-0.002768938,0.0325956825999999,,-0.080673422,0.0177282136,,-5.707317073,4.0,0.3209019948,0.0,,,,0.0671545968,248.4137931,,26.485294118,0.3181393902,1.0,0.0205411531,0.0,1.2580207115000002,0.2507769946,0.1353469066,2.6238506644,0.0019975514,-0.000509392,-8.075399999999999e-05,0.0884148311,0.0,-0.00602371,0.297540405,-0.229828851,0.0089335132,0.1010966147,1.8301743424,3.0,0.0225783973,1.600289e-10,0.0474710463999999,0.0159890099,0.5198321763,3.6872279415,1.4224475e-08,48.0,86.23092236
2013-02-28,7888926.7535,0.7029737206000001,0.4941720518,-0.320839326,16.287727599999997,0.0369133147,0.1295527148,0.022691546,-0.008840357,0.3226925462,,0.0995021144,1.6552281929,0.134517118,-0.134517118,11.0,0.0064939199,0.2193328778,-6.5391070870000005,0.083126593,102.67088966,0.3033289805999999,0.0571926508,0.0157735884,-0.12211175,-0.079612241,0.0,-0.032332092,0.0,0.3634116193,0.2308249964,0.0,0.0,0.0,-0.7232746959999999,-0.064437763,0.258865474,0.0538585209,0.1264690853,0.0394176325999999,0.0120481928,0.0797096836,2.6536483526,0.0679598004,-6652.222417,1.3351910828,,-0.279703021,0.0325956825999999,0.0328055448,-0.002768938,0.0325956825999999,,-0.080673422,0.0177282136,,-5.707317073,4.0,0.3209019948,0.0,,,,0.0671545968,248.4137931,,26.485294118,0.3181393902,1.0,0.0205411531,0.0,1.2580207115000002,0.2507769946,0.1353469066,1.9527770306,0.0020574809,-0.000822316,0.05765884,-0.049741518,1.0,-0.005348283,0.297345834,-0.254601227,0.0130205379,0.0987845056,1.8262810225,3.0,0.0155676167,1.152246e-10,0.0243966505,0.0139924008,0.5137134576,4.9843826132,1.3537559e-08,48.0,95.54302146
2013-03-28,8740853.7482,0.7145850702,0.5106318226,-0.1165246,16.312029778,0.0363472871,0.1827483442,0.1079902276,0.0021850682,0.2296168005999999,,0.0932254342,1.7889798619,0.134517118,-0.134517118,11.0,0.0064939199,0.2193328778,-6.577033407999999,0.083126593,102.67088966,0.3033289805999999,0.0571926508,0.0157735884,-0.12211175,-0.079612241,0.0,-0.032332092,0.0,0.3634116193,0.2308249964,0.0,0.0,0.0,-0.7232746959999999,-0.064437763,0.258865474,0.0538585209,0.1264690853,0.0394176325999999,0.0120481928,0.0797096836,2.6536483526,0.0679598004,-6652.222417,1.3351910828,,-0.279703021,0.0325956825999999,0.0328055448,-0.002768938,0.0325956825999999,,-0.080673422,0.0177282136,,-5.707317073,4.0,0.3209019948,0.0,,,,0.0671545968,248.4137931,,26.485294118,0.3181393902,1.0,0.0205411531,0.0,1.2580207115000002,0.2507769946,0.1353469066,1.9527770306,0.0020574809,-0.000822316,0.05765884,-0.049741518,1.0,-0.005348283,0.297345834,-0.254601227,0.0130205379,0.0987845056,1.8262810225,3.0,0.0334837525,1.777976e-10,0.1037257984,0.0313444712999999,0.7150209742,9.2734759434,1.0029541e-08,48.0,115.2178722
2013-04-30,10548329.211,0.6979306029000001,0.4871071264,0.2049776885999999,16.814622400999998,0.0366909818,0.151438882,0.2059266269,0.150945941,0.361544496,,0.0871248469,2.4263829563,0.134517118,-0.134517118,11.0,0.0064939199,0.2193328778,-6.576501389,0.083126593,102.67088966,0.3033289805999999,0.0571926508,0.0157735884,-0.12211175,-0.079612241,0.0,-0.032332092,0.0,0.3602276532,0.2308249964,0.0,0.0,0.0,-0.7232746959999999,-0.064437763,0.258865474,0.0538585209,0.1264690853,0.0394176325999999,0.0120481928,0.0797096836,2.6536483526,0.0679598004,-6652.222417,1.3351910828,,-0.279703021,0.0325956825999999,0.0328055448,-0.002768938,0.0325956825999999,,-0.080673422,0.0177282136,,-5.707317073,4.0,0.3209019948,0.0,,,,0.0671545968,248.4137931,,26.485294118,0.3181393902,1.0,0.0205411531,0.0,1.2580207115000002,0.2507769946,0.1353469066,1.9527770306,0.0020574809,-0.000822316,0.05765884,-0.049741518,1.0,-0.005348283,0.297345834,-0.254601227,0.0130205379,0.0987845056,1.8262810225,3.0,0.0257389078,7.35803e-11,0.0882209018,0.0248021906999999,0.7097264167,12.983510980999998,6.3566562e-09,48.0,111.4134041
2013-05-31,10188440.424,0.6907859075,0.47718517,0.0212432291999999,17.40662089,0.0380512485,0.254053879,-0.033019796,0.3458209006,0.7228377409000001,,0.0732298985,2.4026821969,0.134517118,-0.134517118,11.0,0.0064939199,0.2193328778,-6.403364397000001,0.083126593,102.67088966,0.3033289805999999,0.0571926508,0.0157735884,-0.12211175,-0.079612241,0.0,-0.032332092,0.0,0.3672554648,0.2308249964,0.0,0.0,0.0,-0.7232746959999999,-0.064437763,0.258865474,0.0538585209,0.1264690853,0.0394176325999999,0.0120481928,0.0797096836,2.6536483526,0.0679598004,-6652.222417,1.3351910828,,-0.279703021,0.0325956825999999,0.0328055448,-0.002768938,0.0325956825999999,,-0.080673422,0.0177282136,,-5.707317073,4.0,0.3209019948,0.0,,,,0.0671545968,248.4137931,,26.485294118,0.3181393902,1.0,0.0205411531,0.0,1.2580207115000002,0.2507769946,0.1353469066,2.3078526628,0.0542522883,-0.00019184,0.0503794216,-0.076877611,0.0,-0.005593776,0.2970886036,-0.356557377,0.009360533,0.0951141193999999,1.8252305109,3.0,0.0221564224,1.346859e-10,0.0221940185999999,0.011308246,0.3387111779999999,2.2174604059,1.3557098e-08,48.0,123.7779252
2013-06-28,11327232.0,0.6742095806,0.4545585586,0.4508205422,16.520963961,0.0376346914,0.4707042479,0.1117729023,0.4218772107999999,0.606698514,,0.09690976,2.2845116517,0.134517118,-0.134517118,11.0,0.0064939199,0.2193328778,-6.458451127000001,0.083126593,102.67088966,0.3033289805999999,0.0571926508,0.0157735884,-0.12211175,-0.079612241,0.0,-0.032332092,0.0,0.3672554648,0.2308249964,0.0,0.0,0.0,-0.7232746959999999,-0.064437763,0.258865474,0.0538585209,0.1264690853,0.0394176325999999,0.0120481928,0.0797096836,2.6536483526,0.0679598004,-6652.222417,1.3351910828,,-0.279703021,0.0325956825999999,0.0328055448,-0.002768938,0.0325956825999999,,-0.080673422,0.0177282136,,-5.707317073,4.0,0.3209019948,0.0,,,,0.0671545968,248.4137931,,26.485294118,0.3181393902,1.0,0.0205411531,0.0,1.2580207115000002,0.2507769946,0.1353469066,2.3078526628,0.0542522883,-0.00019184,0.0503794216,-0.076877611,0.0,-0.005593776,0.2970886036,-0.356557377,0.009360533,0.0951141193999999,1.8252305109,3.0,0.0208216135,1.117489e-10,0.0443683118,0.0137816903,0.3345278194,3.1841918996,1.0129624e-08,48.0,136.9719089
2013-07-31,12563839.245,0.6848437868,0.4690110124,0.5487028971,16.917290071,0.0370653366,0.4257383389,0.1058035567,0.4690451654999999,0.5803583491,,0.1027416897,1.9174749944,0.1397256761999999,-0.139725676,12.0,0.0003844921,0.1647726664,-6.686748819,0.0906480453999999,144.78406588,0.2432049673,-0.180626865,0.0197215183,0.0060256538,0.0560723157,0.0,0.0314413381,0.0,0.3370705259,0.234943103,0.0,0.0,0.0,-0.635696822,-0.039410613,0.1681512336,0.4433416046,0.1133188052999999,0.0384576104999999,0.0595238095,0.0966356937,2.0029406955,0.016714925,-6648.922875,1.3509047994,,0.154645215,-0.152205882,0.0178408173,-0.396291834,-0.152205882,,0.1813494137,,,-7.171052632,5.0,0.2720588235,0.0,,,,0.0595566976999999,220.70588235,,32.068376068,0.2796689569,1.0,0.0416435314,0.0,0.9728198692,0.2600500032,-0.242375287,2.3078526628,0.0542522883,-0.00019184,0.0503794216,-0.076877611,0.0,-0.005593776,0.2970886036,-0.356557377,0.009360533,0.0951141193999999,1.8252305109,4.0,0.0300386621,1.085454e-10,0.0515826604999999,0.0218003204999999,0.4088976236,5.0939465378,9.3578936e-09,48.0,139.0621544
2013-08-30,12755568.343,0.67359079,0.4537245524,0.5990209013000001,17.192723889,0.0367552441,0.4361039828,0.0152603909,0.5884314047,0.6101144267,,0.0934194408,2.3107330153,0.1397256761999999,-0.139725676,12.0,0.0003844921,0.1647726664,-6.910203857999999,0.0906480453999999,144.78406588,0.2432049673,-0.180626865,0.0197215183,0.0060256538,0.0560723157,0.0,0.0314413381,0.0,0.3373205742,0.234943103,0.0,0.0,0.0,-0.635696822,-0.039410613,0.1681512336,0.4433416046,0.1133188052999999,0.0384576104999999,0.0595238095,0.0966356937,2.0029406955,0.016714925,-6648.922875,1.3509047994,,0.154645215,-0.152205882,0.0178408173,-0.396291834,-0.152205882,,0.1813494137,,,-7.171052632,5.0,0.2720588235,0.0,,,,0.0595566976999999,220.70588235,,32.068376068,0.2796689569,1.0,0.0416435314,0.0,0.9728198692,0.2600500032,-0.242375287,1.5898707674,0.0021796269,-0.001153476,-0.021887032,0.0711860805999999,1.0,-0.002424683,0.2213103856,-0.231213873,0.0102415738,0.0936563493999999,1.7953415655,4.0,0.0210599592,6.672382e-11,0.0300232637999999,0.0120926027,0.4903737551,8.8184550805,7.5220245e-09,48.0,134.2844503
2013-09-30,12317330.294000002,0.6606295252000001,0.4364313696,0.2950754765,17.333678415999998,0.0365546119,0.4651259472,-0.034356605,0.4554925203,0.6161952861,0.8878582056000001,0.0906486951,2.2528721283,0.1397256761999999,-0.139725676,12.0,0.0003844921,0.1647726664,-7.174352463,0.0906480453999999,144.78406588,0.2432049673,-0.180626865,0.0197215183,0.0060256538,0.0560723157,0.0,0.0314413381,0.0,0.3408136362,0.234943103,0.0,0.0,0.0,-0.635696822,-0.039410613,0.1681512336,0.4433416046,0.1133188052999999,0.0384576104999999,0.0595238095,0.0966356937,2.0029406955,0.016714925,-6648.922875,1.3509047994,,0.154645215,-0.152205882,0.0178408173,-0.396291834,-0.152205882,,0.1813494137,,,-7.171052632,5.0,0.2720588235,0.0,,,,0.0595566976999999,220.70588235,,32.068376068,0.2796689569,1.0,0.0416435314,0.0,0.9728198692,0.2600500032,-0.242375287,1.5898707674,0.0021796269,-0.001153476,-0.021887032,0.0711860805999999,1.0,-0.002424683,0.2946894819,-0.231213873,0.0102415738,0.0936563493999999,1.7953415655,4.0,0.0280073752,1.100365e-10,0.0472022593,0.0164927419,0.5363444211,5.4210638431,1.0131656e-08,48.0,149.0378235
2013-10-31,14032962.508,0.7025071854,0.4935163456,-0.094425983,17.000888399,0.0366952457,0.3412131679999999,0.1098665521,0.1654827972,0.6176392566,1.3095383476,0.0162691731,1.8570994145,0.1397256761999999,-0.139725676,12.0,0.0003844921,0.1647726664,-6.9791991,0.0906480453999999,144.78406588,0.2432049673,-0.180626865,0.0197215183,0.0060256538,0.0560723157,0.0,0.0314413381,0.0,0.3373205742,0.234943103,0.0,0.0,0.0,-0.635696822,-0.039410613,0.1681512336,0.4433416046,0.1133188052999999,0.0384576104999999,0.0595238095,0.0966356937,2.0029406955,0.016714925,-6648.922875,1.3509047994,,0.154645215,-0.152205882,0.0178408173,-0.396291834,-0.152205882,,0.1813494137,,,-7.171052632,5.0,0.2720588235,0.0,,,,0.0595566976999999,220.70588235,,32.068376068,0.2796689569,1.0,0.0416435314,0.0,0.9728198692,0.2600500032,-0.242375287,1.5898707674,0.0021796269,-0.001153476,-0.021887032,0.0711860805999999,1.0,-0.002424683,0.2946894819,-0.231213873,0.0102415738,0.0936563493999999,1.7953415655,4.0,0.0183783457,1.318283e-10,0.0218070969,0.0103292235,0.3785670187,1.7726296871,1.9695571e-08,48.0,148.4627295
2013-11-29,13957986.621,0.7245819698999999,0.5250190311,0.0291716944,16.537301299,0.0362749675,0.4794857211,-0.005342841,0.3377009873,0.7408602123,1.3833129113999998,-0.1098678019999999,1.3792841846,0.1397256761999999,-0.139725676,12.0,0.0003844921,0.1647726664,-6.9791991,0.0906480453999999,144.78406588,0.2432049673,-0.180626865,0.0197215183,0.0060256538,0.0560723157,0.0,0.0314413381,0.0,0.3373205742,0.234943103,0.0,0.0,0.0,-0.635696822,-0.039410613,0.1681512336,0.4433416046,0.1133188052999999,0.0384576104999999,0.0595238095,0.0966356937,2.0029406955,0.016714925,-6648.922875,1.3509047994,,0.154645215,-0.152205882,0.0178408173,-0.396291834,-0.152205882,,0.1813494137,,,-7.171052632,5.0,0.2720588235,0.0,,,,0.0595566976999999,220.70588235,,32.068376068,0.2796689569,1.0,0.0416435314,0.0,0.9728198692,0.2600500032,-0.242375287,0.9932737319,0.0058827291,-0.003995103,-0.02535595,0.0515740032,0.0,-0.00269248,0.2944920253,-0.281879195,0.0085321568999999,0.0943369501,1.7926364634,4.0,0.0216299285999999,1.349183e-10,0.0349049158,0.0120469886,0.4013796759,2.1088536186,1.6655897e-08,48.0,149.4138465
2013-12-31,14068368.936,0.6902852988,0.4764937938,-0.374554496,16.584378125,0.035873663,0.5891081047,0.0079081831,0.1967856571,0.8918842161,1.1136633748,-0.00999692,1.4128416741999998,0.1397256761999999,-0.139725676,12.0,0.0003844921,0.1647726664,-6.9791991,0.0906480453999999,144.78406588,0.2432049673,-0.180626865,0.0197215183,0.0060256538,0.0560723157,0.0,0.0314413381,0.0,0.3373205742,0.234943103,0.0,0.0,0.0,-0.635696822,-0.039410613,0.1681512336,0.4433416046,0.1133188052999999,0.0384576104999999,0.0595238095,0.0966356937,2.0029406955,0.016714925,-6648.922875,1.3509047994,,0.154645215,-0.152205882,0.0178408173,-0.396291834,-0.152205882,,0.1813494137,,,-7.171052632,5.0,0.2720588235,0.0,,,,0.0595566976999999,220.70588235,,32.068376068,0.2796689569,1.0,0.0416435314,0.0,0.9728198692,0.2600500032,-0.242375287,0.9932737319,0.0058827291,-0.003995103,-0.02535595,0.0515740032,0.0,-0.00269248,0.2944920253,-0.281879195,0.0085321568999999,0.0943369501,1.7926364634,4.0,0.0237762279999999,8.251383000000001e-11,0.0606490597,0.0196085273,0.4976607697999999,6.8650754926,1.0443312e-08,48.0,151.2497235
2014-01-31,14516252.857,0.6967261028,0.4854272624,-0.520236397,17.198820524000002,0.0364410266,0.6226378271999999,0.0122871082,0.0908357546,0.772035815,0.9578839069,-0.072168371,1.6296791780000002,0.1397256761999999,-0.139725676,12.0,0.0003844921,0.1647726664,-7.103310935,0.0906480453999999,144.78406588,0.2432049673,-0.180626865,0.0197215183,0.0060256538,0.0560723157,0.0,0.0314413381,0.0,0.3421954272999999,0.234943103,0.0,0.0,0.0,-0.635696822,-0.039410613,0.1681512336,0.4433416046,0.1133188052999999,0.0384576104999999,0.0595238095,0.0966356937,2.0029406955,0.016714925,-6648.922875,1.3509047994,,0.154645215,-0.152205882,0.0178408173,-0.396291834,-0.152205882,,0.1813494137,,,-7.171052632,5.0,0.2720588235,0.0,,,,0.0595566976999999,220.70588235,,32.068376068,0.2796689569,1.0,0.0416435314,0.0,0.9728198692,0.2600500032,-0.242375287,0.9932737319,0.0058827291,-0.003995103,-0.02535595,0.0515740032,0.0,-0.00269248,0.2944920253,-0.281879195,0.0085321568999999,0.0943369501,1.7926364634,4.0,0.0209052376,1.002983e-10,0.0280118304999999,0.0124073714999999,0.5710875002,4.4914423855,1.1932323999999998e-08,48.0,151.5151515
2014-02-28,14541728.0,0.6867866394,0.471675888,-0.523121602,17.029423396,0.0359056683,0.5313926025,0.0017549393,0.0876411425,0.7540078607999999,0.8564285714000001,-0.037544913,2.0769828783,0.1397256761999999,-0.139725676,12.0,0.0003844921,0.1647726664,-7.102820515,0.0906480453999999,144.78406588,0.2432049673,-0.180626865,0.0197215183,0.0060256538,0.0560723157,0.0,0.0314413381,0.0,0.3421954272999999,0.234943103,0.0,0.0,0.0,-0.635696822,-0.039410613,0.1681512336,0.4433416046,0.1133188052999999,0.0384576104999999,0.0595238095,0.0966356937,2.0029406955,0.016714925,-6648.922875,1.3509047994,,0.154645215,-0.152205882,0.0178408173,-0.396291834,-0.152205882,,0.1813494137,,,-7.171052632,5.0,0.2720588235,0.0,,,,0.0595566976999999,220.70588235,,32.068376068,0.2796689569,1.0,0.0416435314,0.0,0.9728198692,0.2600500032,-0.242375287,0.2019918202,0.002822503,-0.000642963,-0.013958172,-0.03224301,0.0,-0.0061385,0.2944587393,-0.744186047,0.0070042282999999,0.0935917035,1.7931805575,5.0,0.0223687833,7.745691e-11,0.0418505557,0.0154551527,0.4815224424,8.0562769806,8.0931261e-09,48.0,140.2012829
2014-03-31,13697498.137,0.6732424196,0.4532553556,-0.361424817,17.438072095,0.0358275174,0.4450119421,-0.074671559,0.1283149584,0.5858317107,0.8874808259999999,-0.054516389,2.9320501685000004,0.1397256761999999,-0.139725676,12.0,0.0003844921,0.1647726664,-7.17907182,0.0906480453999999,144.78406588,0.2432049673,-0.180626865,0.0197215183,0.0060256538,0.0560723157,0.0,0.0314413381,0.0,0.3427105785,0.234943103,0.0,0.0,0.0,-0.635696822,-0.039410613,0.1681512336,0.4433416046,0.1133188052999999,0.0384576104999999,0.0595238095,0.0966356937,2.0029406955,0.016714925,-6648.922875,1.3509047994,,0.154645215,-0.152205882,0.0178408173,-0.396291834,-0.152205882,,0.1813494137,,,-7.171052632,5.0,0.2720588235,0.0,,,,0.0595566976999999,220.70588235,,32.068376068,0.2796689569,1.0,0.0416435314,0.0,0.9728198692,0.2600500032,-0.242375287,0.2019918202,0.002822503,-0.000642963,-0.013958172,-0.03224301,0.0,-0.0061385,0.2944587393,-0.744186047,0.0070042282999999,0.0935917035,1.7931805575,5.0,0.0247882112999999,4.53816e-11,0.0238350462,0.0222828754,0.5331486122,19.170946958,4.9240887e-09,48.0,136.2530414
2014-04-30,13332950.07,0.6399735085,0.4095660915999999,-0.379312492,17.958325256,0.0362551198,0.4030785753,-0.028161235,-0.059290579,0.2168362085,1.0576732525,-0.036999653,3.1521532898,0.1397256761999999,-0.139725676,12.0,0.0003844921,0.1647726664,-7.1787897560000005,0.0906480453999999,144.78406588,0.2432049673,-0.180626865,0.0197215183,0.0060256538,0.0560723157,0.0,0.0314413381,0.0,0.3421954272999999,0.234943103,0.0,0.0,0.0,-0.635696822,-0.039410613,0.1681512336,0.4433416046,0.1133188052999999,0.0384576104999999,0.0595238095,0.0966356937,2.0029406955,0.016714925,-6648.922875,1.3509047994,,0.154645215,-0.152205882,0.0178408173,-0.396291834,-0.152205882,,0.1813494137,,,-7.171052632,5.0,0.2720588235,0.0,,,,0.0595566976999999,220.70588235,,32.068376068,0.2796689569,1.0,0.0416435314,0.0,0.9728198692,0.2600500032,-0.242375287,0.2019918202,0.002822503,-0.000642963,-0.013958172,-0.03224301,0.0,-0.0061385,0.2944587393,-0.744186047,0.0070042282999999,0.0935917035,1.7931805575,5.0,0.0206282759,5.790136e-11,0.0201288778,0.0094237452,0.3430373040999999,3.7468511424,8.8853314e-09,48.0,149.889405
2014-05-30,14667327.528,0.6352395649,0.4035293048,-0.3194377419999999,17.256363867,0.0361331965,0.3506847102,0.100081183,-0.08087136,0.2229501628,0.7091957844,-0.0997075019999999,3.3677071205,0.1397256761999999,-0.139725676,12.0,0.0003844921,0.1647726664,-7.154504749,0.0906480453999999,144.78406588,0.2432049673,-0.180626865,0.0197215183,0.0060256538,0.0560723157,0.0,0.0314413381,0.0,0.3421954272999999,0.234943103,0.0,0.0,0.0,-0.635696822,-0.039410613,0.1681512336,0.4433416046,0.1133188052999999,0.0384576104999999,0.0595238095,0.0966356937,2.0029406955,0.016714925,-6648.922875,1.3509047994,,0.154645215,-0.152205882,0.0178408173,-0.396291834,-0.152205882,,0.1813494137,,,-7.171052632,5.0,0.2720588235,0.0,,,,0.0595566976999999,220.70588235,,32.068376068,0.2796689569,1.0,0.0416435314,0.0,0.9728198692,0.2600500032,-0.242375287,1.1749479345,0.0023768116,-0.000727405,0.2213421964,-0.0676777009999999,1.0,-0.004490346,0.292751219,-0.8192259679999999,0.0169600674,0.0931779059999999,1.7787215159,5.0,0.0284872831999999,1.092162e-10,0.0772248954,0.0261627881,0.5657645375,12.269618261,6.5690601e-09,48.0,158.3056846
2014-06-30,15490897.014,0.6270076402,0.3931385809,-0.146738643,17.655317015,0.0367649676,0.2670332710999999,0.0561499335,0.0031827684999999,0.2100892719,0.9826517227,-0.013604621,2.47663798,0.1397256761999999,-0.139725676,12.0,0.0003844921,0.1647726664,-7.154504749,0.0906480453999999,144.78406588,0.2432049673,-0.180626865,0.0197215183,0.0060256538,0.0560723157,0.0,0.0314413381,0.0,0.3374417422999999,0.234943103,0.0,0.0,0.0,-0.635696822,-0.039410613,0.1681512336,0.4433416046,0.1133188052999999,0.0384576104999999,0.0595238095,0.0966356937,2.0029406955,0.016714925,-6648.922875,1.3509047994,,0.154645215,-0.152205882,0.0178408173,-0.396291834,-0.152205882,,0.1813494137,,,-7.171052632,5.0,0.2720588235,0.0,,,,0.0595566976999999,220.70588235,,32.068376068,0.2796689569,1.0,0.0416435314,0.0,0.9728198692,0.2600500032,-0.242375287,1.1749479345,0.0023768116,-0.000727405,0.2213421964,-0.0676777009999999,1.0,-0.004490346,0.292751219,-0.822061281,0.0169600674,0.0931779059999999,1.7787215159,5.0,0.0181099672,5.094787e-11,0.0175146423,0.0076917843,0.3464447989,3.2541590666,1.0703334999999998e-08,48.0,175.1603628
2014-07-31,17207195.63,0.6490675147,0.4212886387,0.0538482626999999,17.221762194,0.0367505016,0.2449390830999999,0.1064692289,0.0466510989,0.155752933,1.2825285863,-0.146421726,2.3015202418,0.1414847693,-0.141484769,13.0,-0.108724918,0.1089812926,-8.052860047000001,0.106154507,327.56807836,0.1486609482,-0.03071542,0.0396732738,0.049102554,-1.691594146,0.0,0.2530982835,0.0,0.3369773540999999,0.2379401078,0.0,0.0,0.0,0.0134228187999999,-0.011642122,0.1830245529,0.3920671243,0.2332948258,0.0378512996,0.2134831461,0.1281492403,1.1810209894,0.1096440128999999,-1882.130904,1.2699115044,,-0.511386071,-0.193205475,0.0127563003,0.0012798052,-0.193205475,,0.0867537313,,,-13.76923077,5.0,0.2281929426,0.0,,,,0.0560958666,388.33333333,,34.85042735,0.2716310556,1.0,0.0867537313,0.0,0.5617840742,0.257770743,-0.278683126,1.1749479345,0.0023768116,-0.000727405,0.2213421964,-0.0676777009999999,1.0,-0.004490346,0.292751219,-0.824170408,0.0169600674,0.0931779059999999,1.7787215159,5.0,0.015719099,4.150284e-11,0.0280144922,0.0092751923,0.380291566,3.1360916223000004,1.1489684000000001e-08,48.0,170.8913957
2014-08-29,16787825.864,0.6036669049,0.3644137321,0.0383333481,17.25229473,0.0352151798,0.2024120376,-0.024371767,0.1560584219,0.2595833227,1.3285184566,-1.923163805,1.9789866078,0.1414847693,-0.141484769,13.0,-0.108724918,0.1089812926,-8.184965337000001,0.106154507,327.56807836,0.1486609482,-0.03071542,0.0396732738,0.049102554,-1.691594146,0.0,0.2530982835,0.0,0.3385933646,0.2379401078,0.0,0.0,0.0,0.0134228187999999,-0.011642122,0.1830245529,0.3920671243,0.2332948258,0.0378512996,0.2134831461,0.1281492403,1.1810209894,0.1096440128999999,-1882.130904,1.2699115044,,-0.511386071,-0.193205475,0.0127563003,0.0012798052,-0.193205475,,0.0867537313,,,-13.76923077,5.0,0.2325892857,0.0,,,,0.0560958666,388.33333333,,34.85042735,0.2716310556,1.0,0.0867537313,0.0,0.5617840742,0.257770743,-0.278683126,1.2580735433,0.0012142238,-0.003397654,-0.034395139,-0.0525337009999999,2.0,0.0022608695999999,0.0027069251,0.5977764959,0.0161887501,0.0211400696,0.0403337961,6.0,0.0184675134,4.815315e-11,0.0222544372,0.0128606009,0.3870223895,4.5148423009,9.0743598e-09,48.0,173.4903782
2014-09-30,17043140.62,0.4653056393,0.216509338,0.1933759456,17.420744398,0.0350435402,0.1902752348999999,0.0152083272,0.2189004303999999,0.2726075253,1.4342420756999998,-2.265998031,1.8265274371,0.1414847693,-0.141484769,13.0,-0.108724918,0.1089812926,-8.186217487999999,0.106154507,327.56807836,0.1486609482,-0.03071542,0.0396732738,0.049102554,-1.691594146,0.0,0.2530982835,0.0,0.3385933646,0.2379401078,0.0,0.0,0.0,0.0134228187999999,-0.011642122,0.1830245529,0.3920671243,0.2332948258,0.0378512996,0.2134831461,0.1281492403,1.1810209894,0.1096440128999999,-1882.130904,1.2699115044,,-0.511386071,-0.193205475,0.0127563003,0.0012798052,-0.193205475,,0.0867537313,,,-13.76923077,5.0,0.2351863164,0.0,,,,0.0560958666,388.33333333,,34.85042735,0.2716310556,1.0,0.0867537313,0.0,0.5617840742,0.257770743,-0.278683126,1.2580735433,0.0012142238,-0.003397654,-0.034395139,-0.0525337009999999,2.0,0.0022608695999999,0.0027069251,0.6393442623,0.0161887501,0.0211400696,0.0403337961,6.0,0.0201341831,7.514368e-11,0.031787809,0.0112702932,0.5116179682,3.7169849694,1.3770479e-08,48.0,167.4076532
2014-10-31,16539896.625999998,0.4415161317,0.1949364945,0.3144347005,17.065286585,0.0351985908,0.1054407109,-0.0350608789999999,0.2732954392,0.1640694591,1.8770280433,-1.671136364,1.8325432271,0.1414847693,-0.141484769,13.0,-0.108724918,0.1089812926,-8.152727192999999,0.106154507,347.8294462,0.1486609482,-0.03071542,0.0396732738,0.049102554,-1.691594146,0.0,0.2530982835,0.0,0.3411708665,0.2379401078,0.0,0.0,0.0,0.0134228187999999,-0.011642122,0.1830245529,0.3920671243,0.2332948258,0.0378512996,0.2134831461,0.1281492403,1.1810209894,0.1096440128999999,-1882.130904,1.2699115044,,-0.511386071,-0.193205475,0.0127563003,0.0012798052,-0.193205475,,0.0867537313,,,-13.76923077,5.0,0.2389263436,0.0,,,,0.0560958666,388.33333333,,34.85042735,0.2716310556,1.0,0.0867537313,0.0,0.5617840742,0.257770743,-0.278683126,2.5460788398,0.000231254,0.0035168489,-0.069439097,0.0528394133,0.0,-0.002139347,0.0023227664,-0.245033113,0.0213756139,0.0197103631,0.0350990195,6.0,0.0158369348,6.037583e-11,0.0149485376,0.0112778983,0.4527528642,4.1442693119,1.1423651000000002e-08,48.0,175.1714223
2014-11-28,17306958.452999998,0.568630381,0.3233405102,0.157555026,17.217021365999997,0.0313911023,0.0095712429,0.0463764593,0.1168744643999999,0.1292897767,1.9177186913,0.200710899,1.8754530146,0.1414847693,-0.141484769,13.0,-0.108724918,0.1089812926,-8.266961639,0.106154507,347.8294462,0.1486609482,-0.03071542,0.0396732738,0.049102554,-1.691594146,0.0,0.2530982835,0.0,0.3411708665,0.2379401078,0.0,0.0,0.0,0.0134228187999999,-0.011642122,0.1830245529,0.3920671243,0.2332948258,0.0378512996,0.2134831461,0.1281492403,1.1810209894,0.1096440128999999,-1882.130904,1.2699115044,,-0.511386071,-0.193205475,0.0127563003,0.0012798052,-0.193205475,,0.0867537313,,,-13.76923077,5.0,0.2354459586,0.0,,,,0.0560958666,388.33333333,,34.85042735,0.2716310556,1.0,0.0867537313,0.0,0.5617840742,0.257770743,-0.278683126,2.5460788398,0.000231254,0.0035168489,-0.069439097,0.0528394133,0.0,-0.002139347,0.0023227664,-0.245033113,0.0213756139,0.0197103631,0.0350990195,6.0,0.02541403,1.127866e-10,0.0324202329,0.0194093288999999,0.3251651446,3.3646003759,8.2426642e-09,48.0,187.6797169
2014-12-31,18542779.267,0.7012682459999999,0.4917771528,0.1260411743,17.502879428,0.0320682497,0.005938539,0.0714060067999999,0.1065390533,0.1723907573,1.5553245459,-0.122718496,2.0036785714,0.1414847693,-0.141484769,13.0,-0.108724918,0.1089812926,-8.097263035,0.106154507,347.8294462,0.1486609482,-0.03071542,0.0396732738,0.049102554,-1.691594146,0.0,0.2530982835,0.0,0.3411103964,0.2379401078,0.0,0.0,0.0,0.0134228187999999,-0.011642122,0.1830245529,0.3920671243,0.2332948258,0.0378512996,0.2134831461,0.1281492403,1.1810209894,0.1096440128999999,-1882.130904,1.2699115044,,-0.511386071,-0.193205475,0.0127563003,0.0012798052,-0.193205475,,0.0867537313,,,-13.76923077,5.0,0.2354459586,0.0,,,,0.0560958666,388.33333333,,34.85042735,0.2716310556,1.0,0.0867537313,0.0,0.5617840742,0.257770743,-0.278683126,2.5460788398,0.000231254,0.0035168489,-0.069439097,0.0528394133,0.0,-0.002139347,0.0023227664,-0.245033113,0.0213756139,0.0197103631,0.0350990195,6.0,0.0280926537,9.162776e-11,0.0249647759,0.0209194207,0.5485709816,7.8321508024,1.1291577e-08,48.0,184.2733908
2015-01-30,18661439.453,0.7852829161,0.6166692583,-0.106060526,17.448169655,0.0326967706,-0.006285881,-0.018149687,0.0714736186,0.2408599195,1.4018264477000002,-0.155311872,1.8864255952,0.1414847693,-0.141484769,13.0,-0.108724918,0.1089812926,-8.155744087,0.106154507,327.56807836,0.1486609482,-0.03071542,0.0396732738,0.049102554,-1.691594146,0.0,0.2530982835,0.0,0.3369773540999999,0.2379401078,0.0,0.0,0.0,0.0134228187999999,-0.011642122,0.1830245529,0.3920671243,0.2332948258,0.0378512996,0.2134831461,0.1281492403,1.1810209894,0.1096440128999999,-1882.130904,1.2699115044,,-0.511386071,-0.193205475,0.0127563003,0.0012798052,-0.193205475,,0.0867537313,,,-13.76923077,5.0,0.2325892857,0.0,,,,0.0560958666,388.33333333,,34.85042735,0.2716310556,1.0,0.0867537313,0.0,0.5617840742,0.257770743,-0.278683126,2.5460788398,0.000231254,0.0035168489,-0.069439097,0.0528394133,0.0,-0.002139347,0.0023227664,-0.245033113,0.0213756139,0.0197103631,0.0350990195,6.0,0.0176411002,6.404086999999999e-11,0.0168494973,0.0081719972,0.5723160606000001,3.050327907,1.3686359e-08,48.0,167.1256359
2015-02-27,16924880.615,0.8287971433,0.6869047048,-0.149919206,17.091462857,0.0323860307,0.0322334568,-0.093055993,0.0783069541,0.2162043356,1.3768216785,-0.2356842,1.7015535714,0.1414847693,-0.141484769,13.0,-0.108724918,0.1089812926,-8.097448847999999,0.106154507,327.56807836,0.1486609482,-0.03071542,0.0396732738,0.049102554,-1.691594146,0.0,0.2530982835,0.0,0.3369773540999999,0.2379401078,0.0,0.0,0.0,0.0134228187999999,-0.011642122,0.1830245529,0.3920671243,0.2332948258,0.0378512996,0.2134831461,0.1281492403,1.1810209894,0.1096440128999999,-1882.130904,1.2699115044,,-0.511386071,-0.193205475,0.0127563003,0.0012798052,-0.193205475,,0.0867537313,,,-13.76923077,5.0,0.2325892857,0.0,,,,0.0560958666,388.33333333,,34.85042735,0.2716310556,1.0,0.0867537313,0.0,0.5617840742,0.257770743,-0.278683126,0.7376152073000001,0.0005181645,0.0004490346,-0.0674158,-0.061232134,0.0,-0.002601607,0.0023659484,-0.3543307089999999,0.0166790693,0.0197237169999999,0.0356576857,6.0,0.0276544737,9.820149e-11,0.0392245017,0.0205192795,0.4375886052,3.6609520258,1.2891848999999995e-08,48.0,199.734572
2015-03-31,20227200.684,0.8492673215000001,0.7212549834,-0.0861660369999999,17.173046814,0.0324110706999999,-0.054117995,0.1951162964,-0.03668636,0.1920407763,0.9992114348,-0.232935012,1.6121297602000002,0.1414847693,-0.141484769,13.0,-0.108724918,0.1089812926,-8.097781488999999,0.106154507,327.56807836,0.1486609482,-0.03071542,0.0396732738,0.049102554,-1.691594146,0.0,0.2530982835,0.0,0.3206359392,0.2379401078,0.0,0.0,0.0,0.0134228187999999,-0.011642122,0.1830245529,0.3920671243,0.2332948258,0.0378512996,0.2134831461,0.1281492403,1.1810209894,0.1096440128999999,-1882.130904,1.2699115044,,-0.511386071,-0.193205475,0.0127563003,0.0012798052,-0.193205475,,0.0867537313,,,-13.76923077,5.0,0.2325892857,0.0,,,,0.0560958666,388.33333333,,34.85042735,0.2716310556,1.0,0.0867537313,0.0,0.5617840742,0.257770743,-0.278683126,0.7376152073000001,0.0005181645,0.0004490346,-0.0674158,-0.061232134,0.0,-0.002601607,0.0023659484,-0.3543307089999999,0.0166790693,0.0197237169999999,0.0356576857,6.0,0.0245616516,7.185459e-11,0.068049483,0.0194098861,0.3841292815,4.3814301142000005,1.337047e-08,48.0,213.5700066
2015-04-30,21632568.488,0.9350396405,0.8742991293000001,0.0470956288,17.366128926,0.0336943169,0.0136221951,0.0692690685,0.1931030724,0.4659091706,0.9416862979,-0.184393788,1.7870507579,0.1414847693,-0.141484769,13.0,-0.108724918,0.1089812926,-8.108339588,0.106154507,323.96929907,0.1486609482,-0.03071542,0.0396732738,0.049102554,-1.691594146,0.0,0.2530982835,0.0,0.3191874909,0.2379401078,0.0,0.0,0.0,0.0134228187999999,-0.011642122,0.1830245529,0.3920671243,0.2332948258,0.0378512996,0.2134831461,0.1281492403,1.1810209894,0.1096440128999999,-1882.130904,1.2699115044,,-0.511386071,-0.193205475,0.0127563003,0.0012798052,-0.193205475,,0.0867537313,,,-13.76923077,5.0,0.2269257117999999,0.0,,,,0.0560958666,388.33333333,,34.85042735,0.2716310556,1.0,0.0867537313,0.0,0.5617840742,0.257770743,-0.278683126,-0.105798492,0.000477327,0.000115942,-0.0072145809999999,-0.012303211,0.0,-0.0030514129999999,0.0023476604,-0.445378151,0.0102176242,0.0204423807,0.0337619501,6.0,0.0209176945,6.916809e-11,0.0594162755,0.0206799306,0.5721366013,7.8884093039,1.0234074e-08,48.0,206.8790091
2015-05-29,20954835.047,0.9214280672,0.8490296829999999,0.0123377397,17.553857578,0.0327919519,0.039426899,-0.031329311,0.2192057644,0.4248505997,1.2412765931,-0.284497341,2.014994614,0.1414847693,-0.141484769,13.0,-0.108724918,0.1089812926,-8.108339588,0.106154507,323.96929907,0.1486609482,-0.03071542,0.0396732738,0.049102554,-1.691594146,0.0,0.2530982835,0.0,0.3191874909,0.2379401078,0.0,0.0,0.0,0.0134228187999999,-0.011642122,0.1830245529,0.3920671243,0.2332948258,0.0378512996,0.2134831461,0.1281492403,1.1810209894,0.1096440128999999,-1882.130904,1.2699115044,,-0.511386071,-0.193205475,0.0127563003,0.0012798052,-0.193205475,,0.0867537313,,,-13.76923077,5.0,0.2281929426,0.0,,,,0.0560958666,388.33333333,,34.85042735,0.2716310556,1.0,0.0867537313,0.0,0.5617840742,0.257770743,-0.278683126,-0.105798492,0.000477327,0.000115942,-0.0072145809999999,-0.012303211,0.0,-0.0030514129999999,0.0023476604,-0.445378151,0.0102176242,0.0204423807,0.0337619501,6.0,0.0233219688,7.774968e-11,0.0329127796,0.0136694883,0.8036130271999999,10.396938419,8.7531373e-09,48.0,197.987171
2015-06-30,20053462.839,0.9078590093,0.8242079808,-0.1306321,17.725020363,0.0328842956,0.0214390837,-0.042980827,0.1022981762,0.3068324561,1.2829345635,-0.401787798,2.9426695113,0.1414847693,-0.141484769,13.0,-0.108724918,0.1089812926,-8.108339588,0.106154507,323.96929907,0.1486609482,-0.03071542,0.0396732738,0.049102554,-1.691594146,0.0,0.2530982835,0.0,0.3369773540999999,0.2379401078,0.0,0.0,0.0,0.0134228187999999,-0.011642122,0.1830245529,0.3920671243,0.2332948258,0.0378512996,0.2134831461,0.1281492403,1.1810209894,0.1096440128999999,-1882.130904,1.2699115044,,-0.511386071,-0.193205475,0.0127563003,0.0012798052,-0.193205475,,0.0867537313,,,-13.76923077,5.0,0.2220602527,0.0,,,,0.0560958666,388.33333333,,34.85042735,0.2716310556,1.0,0.0867537313,0.0,0.5617840742,0.257770743,-0.278683126,-0.105798492,0.000477327,0.000115942,-0.0072145809999999,-0.012303211,0.0,-0.0030514129999999,0.0023476604,-0.445378151,0.0102176242,0.0204423807,0.0337619501,6.0,0.0252883804,3.37272e-11,0.0253806933999999,0.0131054991999999,0.7829887998,30.458099025,4.8554274e-09,48.0,189.3939394
2015-07-31,19183938.75,0.840762613,0.7068817714,-0.024238902,18.319171455,0.0331223498,0.0060168674,-0.043402996,0.0744208914,0.1303194732,1.2347960883,-0.2302521289999999,3.3701842397000004,0.1214959971,-0.121495997,14.0,-0.4194854,0.0975273105,-6.020998565,0.092230673,269.93072289,0.1264103949,-0.084547025,-0.048369913,0.0551703346,0.0070757816,0.0,-0.339263846,0.0,0.3113682093,0.2506867312,0.0,0.0,0.0,-0.033112583,-0.009806317,0.1810928014,0.2727793696,0.4444019596,0.0387732983,0.0740740741,0.0629661752,1.3077233054,0.4234717685,646.08321457,1.2203296703,,0.0318023133,0.0337854009,0.0535707222,-0.019838055,0.0337854009,,-0.101087896,,,-13.89071038,4.0,0.226911315,0.0,,,,0.0427750845,929.04923372,,31.957894737,0.3421015079,1.0,0.1168608216,0.0,0.4880652297,0.1908892057,-3.079065175,-0.105798492,0.000477327,0.000115942,-0.0072145809999999,-0.012303211,0.0,-0.0030514129999999,0.0023476604,-0.445378151,0.0102176242,0.0204423807,0.0337619501,6.0,0.0197407481,3.195923e-11,0.0218065046,0.0121149274,0.2904824785,4.2215261959,6.1644971e-09,48.0,205.5518691
2015-08-31,20821524.148,0.8420927331999999,0.7091201712999999,0.2519601494,17.940768284,0.0329227106999999,0.0216055964,0.0853138715,0.1332428444,0.1082707384,1.0088404538,-0.130202164,3.6012871782,0.1214959971,-0.121495997,14.0,-0.4194854,0.0975273105,-6.089269462000001,0.092230673,285.97138554,0.1264103949,-0.084547025,-0.048369913,0.0551703346,0.0070757816,0.0,-0.339263846,0.0,0.3112597547,0.2506867312,0.0,0.0,0.0,-0.033112583,-0.009806317,0.1810928014,0.2727793696,0.4444019596,0.0387732983,0.0740740741,0.0629661752,1.3077233054,0.4234717685,646.08321457,1.2203296703,,0.0318023133,0.0337854009,0.0535707222,-0.019838055,0.0337854009,,-0.101087896,,,-13.89071038,4.0,0.226911315,0.0,,,,0.0427750845,956.22716628,,31.957894737,0.3421015079,1.0,0.1168608216,0.0,0.4880652297,0.1908892057,-3.079065175,1.204065052,0.0001221996,0.0030066493,-0.0191744189999999,0.0961308572,1.0,-0.002291169,0.0023777224,-0.494845361,0.0113603237,0.0192614661,0.0338034773,6.0,0.0229752592,4.320518e-11,0.0274544209,0.0127904253,0.3528442606,4.9939654694,6.4704569e-09,48.0,200.8515815
2015-09-30,20345405.148,0.8394700756999999,0.7047100079999999,-0.145679397,17.974242023,0.0328478831,-0.002850122,-0.022866674,0.0291251006,0.184802738,1.0163237622,-0.349990585,3.1315105675,0.1214959971,-0.121495997,14.0,-0.4194854,0.0975273105,-6.083201032000001,0.092230673,285.97138554,0.1264103949,-0.084547025,-0.048369913,0.0551703346,0.0070757816,0.0,-0.339263846,0.0,0.3095794517,0.2506867312,0.0,0.0,0.0,-0.033112583,-0.009806317,0.1810928014,0.2727793696,0.4444019596,0.0387732983,0.0740740741,0.0629661752,1.3077233054,0.4234717685,646.08321457,1.2203296703,,0.0318023133,0.0337854009,0.0535707222,-0.019838055,0.0337854009,,-0.101087896,,,-13.89071038,4.0,0.226911315,0.0,,,,0.0427750845,983.30452342,,31.957894737,0.3421015079,1.0,0.1168608216,0.0,0.4880652297,0.1908892057,-3.079065175,1.204065052,0.0001221996,0.0030066493,-0.0191744189999999,0.0961308572,1.0,-0.002291169,0.0023777224,-0.494845361,0.0113603237,0.0192614661,0.0338034773,6.0,0.0353551366,5.121168e-11,0.0398175307,0.0199367804,0.4099704268999999,7.219507942999999,6.6903093e-09,48.0,194.4813094
2015-10-30,19738635.635,0.7736125513,0.5984763795,-0.365127295,17.964258843,0.032652133,-0.021676859,-0.031716283,-0.059551555,0.199775421,1.0166533417,-0.292073999,3.0552353292000003,0.1214959971,-0.121495997,14.0,-0.4194854,0.0975273105,-5.7129119610000005,0.092230673,269.93072289,0.1264103949,-0.084547025,-0.048369913,0.0551703346,0.0070757816,0.0,-0.339263846,0.0,0.3051420189,0.2506867312,0.0,0.0,0.0,-0.033112583,-0.009806317,0.1810928014,0.2727793696,0.4444019596,0.0387732983,0.0740740741,0.0629661752,1.3077233054,0.4234717685,646.08321457,1.2203296703,,0.0318023133,0.0337854009,0.0535707222,-0.019838055,0.0337854009,,-0.101087896,,,-13.89071038,4.0,0.226911315,0.0,,,,0.0427750845,956.22716628,,31.957894737,0.3421015079,1.0,0.1168608216,0.0,0.4880652297,0.1908892057,-3.079065175,1.204065052,0.0001221996,0.0030066493,-0.0191744189999999,0.0961308572,1.0,-0.002291169,0.0023777224,-0.494845361,0.0113603237,0.0192614661,0.0338034773,6.0,0.0283287095,5.229629e-11,0.0507289991,0.023528496,0.3750025889,5.4584593564,6.9536906e-09,48.0,211.1700951
2015-11-30,21432442.454,0.786230567,0.6181585045,-0.160266853,17.893544998,0.0319039114,-0.077466769,0.0858117491,-0.059927253,0.1102342692999999,1.0461179693,-0.203890998,3.0357693301,0.1214959971,-0.121495997,14.0,-0.4194854,0.0975273105,-5.7129119610000005,0.092230673,267.32286869,0.1264103949,-0.084547025,-0.048369913,0.0551703346,0.0070757816,0.0,-0.339263846,0.0,0.3112597547,0.2506867312,0.0,0.0,0.0,-0.033112583,-0.009806317,0.1810928014,0.2727793696,0.4444019596,0.0387732983,0.0740740741,0.0629661752,1.3077233054,0.4234717685,646.08321457,1.2203296703,,0.0318023133,0.0337854009,0.0535707222,-0.019838055,0.0337854009,,-0.101087896,,,-13.89071038,4.0,0.226911315,0.0,,,,0.0427750845,864.71856582,,31.957894737,0.3421015079,1.0,0.1168608216,0.0,0.4880652297,0.1908892057,-3.079065175,1.1183177721,0.292175338,-0.001676591,-0.0842477619999999,-0.004287084,0.0,-0.003299389,0.0022423638,-0.554794521,0.0073962554,0.0209366952,0.0329655558,6.0,0.0279394185999999,5.5208309999999996e-11,0.0501357727,0.0217621234,0.4498421492,6.5045525614,6.6092241e-09,48.0,207.2107941
2015-12-31,21030597.989,0.7303032983,0.5333429075,-0.008333535,17.981984981,0.0315685688,-0.020811367,-0.018749354,0.0665847282,0.1251620825,1.3952011306,-0.094282865,2.6950672513,0.1214959971,-0.121495997,14.0,-0.4194854,0.0975273105,-5.7129119610000005,0.092230673,269.93072289,0.1264103949,-0.084547025,-0.048369913,0.0551703346,0.0070757816,0.0,-0.339263846,0.0,0.3116022993,0.2506867312,0.0,0.0,0.0,-0.033112583,-0.009806317,0.1810928014,0.2727793696,0.4444019596,0.0387732983,0.0740740741,0.0629661752,1.3077233054,0.4234717685,646.08321457,1.2203296703,,0.0318023133,0.0337854009,0.0535707222,-0.019838055,0.0337854009,,-0.101087896,,,-13.89071038,4.0,0.226911315,0.0,,,,0.0427750845,811.43360136,,31.957894737,0.3421015079,1.0,0.1168608216,0.0,0.4880652297,0.1908892057,-3.079065175,1.1183177721,0.292175338,-0.001676591,-0.0842477619999999,-0.004287084,0.0,-0.003299389,0.0022423638,-0.554794521,0.0073962554,0.0209366952,0.0329655558,6.0,0.0202479057,3.230908e-11,0.0171685349,0.0099371894999999,0.5043326929999999,5.1388618174000005,1.0418621e-08,48.0,202.499447
2016-01-29,20587581.586,0.6956449634999999,0.4839219152,0.0414093123,17.603236675999998,0.0316981097,-0.0287505989999999,-0.0227369479999999,0.094072999,0.1244748871,1.185466939,-0.2186856589999999,2.4695523795,0.1214959971,-0.121495997,14.0,-0.4194854,0.0975273105,-5.8110068770000005,0.092230673,269.93072289,0.1264103949,-0.084547025,-0.048369913,0.0551703346,0.0070757816,0.0,-0.339263846,0.0,0.3184165232,0.2506867312,0.0,0.0,0.0,-0.033112583,-0.009806317,0.1810928014,0.2727793696,0.4444019596,0.0387732983,0.0740740741,0.0629661752,1.3077233054,0.4234717685,646.08321457,1.2203296703,,0.0318023133,0.0337854009,0.0535707222,-0.019838055,0.0337854009,,-0.101087896,,,-13.89071038,4.0,0.226911315,0.0,,,,0.0427750845,913.83929636,,31.957894737,0.3421015079,1.0,0.1168608216,0.0,0.4880652297,0.1908892057,-3.079065175,1.1183177721,0.292175338,-0.001676591,-0.0842477619999999,-0.004287084,0.0,-0.003299389,0.0022423638,-0.554794521,0.0073962554,0.0209366952,0.0329655558,6.0,0.0256659386,5.6497380000000005e-11,0.0283870827,0.0165347923,0.4247469038,4.4680089837,8.5985967e-09,48.0,189.5155939
2016-02-29,19267547.109,0.686168841,0.4708276784,-0.307939888,17.676968269,0.0309108004,-0.009673341,-0.064117998,-0.014849855,0.2116599834,0.9381172651,0.0466583653,2.4655887009,0.1214959971,-0.121495997,14.0,-0.4194854,0.0975273105,-5.819505068,0.092230673,267.32286869,0.1264103949,-0.084547025,-0.048369913,0.0551703346,0.0070757816,0.0,-0.339263846,0.0,0.3184165232,0.2506867312,0.0,0.0,0.0,-0.033112583,-0.009806317,0.1810928014,0.2727793696,0.4444019596,0.0387732983,0.0740740741,0.0629661752,1.3077233054,0.4234717685,646.08321457,1.2203296703,,0.0318023133,0.0337854009,0.0535707222,-0.019838055,0.0337854009,,-0.101087896,,,-13.89071038,4.0,0.226911315,0.0,,,,0.0427750845,864.71856582,,31.957894737,0.3421015079,1.0,0.1168608216,0.0,0.4880652297,0.1908892057,-3.079065175,0.2922300675,0.0017322016,-0.001727215,-0.02427278,0.0147662186,0.0,-0.004997952,0.0021207169,-1.149735015,0.0089137065,0.0212143927,0.033849429,6.0,0.0335352189,5.589178000000001e-11,0.0311006457,0.0226764364,0.2929323094,4.962602428299999,7.6971923e-09,48.0,198.584384
2016-03-31,20188648.766,0.75458345,0.569396183,-0.016880373,17.869715795999998,0.0288616601,-0.125093863,0.0478524566,-0.056439622,-0.051162824,1.0905198169,0.1041309543999999,3.3446195066000004,0.1214959971,-0.121495997,14.0,-0.4194854,0.0975273105,-5.812044316000001,0.092230673,269.93072289,0.1264103949,-0.084547025,-0.048369913,0.0551703346,0.0070757816,0.0,-0.339263846,0.0,0.3141684091,0.2506867312,0.0,0.0,0.0,-0.033112583,-0.009806317,0.1810928014,0.2727793696,0.4444019596,0.0387732983,0.0740740741,0.0629661752,1.3077233054,0.4234717685,646.08321457,1.2203296703,,0.0318023133,0.0337854009,0.0535707222,-0.019838055,0.0337854009,,-0.101087896,,,-13.89071038,4.0,0.226911315,0.0,,,,0.0427750845,864.71856582,,31.957894737,0.3421015079,1.0,0.1168608216,0.0,0.4880652297,0.1908892057,-3.079065175,0.2922300675,0.0017322016,-0.001727215,-0.02427278,0.0147662186,0.0,-0.004997952,0.0021207169,-1.11259129,0.0089137065,0.0212143927,0.033849429,6.0,0.0424538455,4.31587e-11,0.0515263677,0.0237724462,0.3097915705,7.566381240599999,4.6188436e-09,48.0,223.8774607
2016-04-29,22766896.416,0.7663363228,0.5872713596,0.2405305512999999,18.375873868,0.0288354596,-0.113568443,0.1273668706,0.0210974766,-0.070167281,0.8536187256000001,0.0180386702,3.9871104077,0.1214959971,-0.121495997,14.0,-0.4194854,0.0975273105,-5.811918486000001,0.092230673,267.32286869,0.1264103949,-0.084547025,-0.048369913,0.0551703346,0.0070757816,0.0,-0.339263846,0.0,0.3199505231,0.2506867312,0.0,0.0,0.0,-0.033112583,-0.009806317,0.1810928014,0.2727793696,0.4444019596,0.0387732983,0.0740740741,0.0629661752,1.3077233054,0.4234717685,646.08321457,1.2203296703,,0.0318023133,0.0337854009,0.0535707222,-0.019838055,0.0337854009,,-0.101087896,,,-13.89071038,4.0,0.226911315,0.0,,,,0.0427750845,864.71856582,,31.957894737,0.3421015079,1.0,0.1168608216,0.0,0.4880652297,0.1908892057,-3.079065175,0.3672860054999999,0.0,-0.009594272,0.0235800091,0.0543951169,1.0,0.0031179628999999,0.0026567423,-0.996662959,0.0082579165,0.0273785156,0.0449629925999999,6.0,0.0215885597,2.886532e-11,0.0600760244,0.0173274279,0.4121323534,9.8996431834,4.6934876e-09,48.0,234.7268303
2016-05-31,23870208.938,0.7845294741,0.6154864958,0.090811346,18.384384138,0.029165792,-0.0896727559999999,0.0484612621,0.060175917,0.082166122,0.8568592407,-0.090840294,4.8278792529,0.1214959971,-0.121495997,14.0,-0.4194854,0.0975273105,-5.929683072,0.092230673,267.32286869,0.1264103949,-0.084547025,-0.048369913,0.0551703346,0.0070757816,0.0,-0.339263846,0.0,0.3308364002,0.2506867312,0.0,0.0,0.0,-0.033112583,-0.009806317,0.1810928014,0.2727793696,0.4444019596,0.0387732983,0.0740740741,0.0629661752,1.3077233054,0.4234717685,646.08321457,1.2203296703,,0.0318023133,0.0337854009,0.0535707222,-0.019838055,0.0337854009,,-0.101087896,,,-13.89071038,4.0,0.226911315,0.0,,,,0.0427750845,864.71856582,,31.957894737,0.3421015079,1.0,0.1168608216,0.0,0.4880652297,0.1908892057,-3.079065175,0.3672860054999999,0.0,-0.009594272,0.0235800091,0.0543951169,1.0,0.0031179628999999,0.0026567423,-0.872544833,0.0082579165,0.0273785156,0.0449629925999999,6.0,0.0250061593,3.171494e-11,0.0459804498,0.0160269684,0.6026607525,14.610430088,5.0540472e-09,48.0,218.94
2016-06-30,22258973.228,0.7380211676999999,0.5446752439,0.0100182470999999,18.373516756,0.029745066,-0.076200114,-0.06725619,0.1327925083,0.1855658596999999,0.5983928826,-0.038855399,2.535490364,0.1214959971,-0.121495997,14.0,-0.4194854,0.0975273105,-5.97045413,0.092230673,269.93072289,0.1264103949,-0.084547025,-0.048369913,0.0551703346,0.0070757816,0.0,-0.339263846,0.0,0.3343948665,0.2506867312,0.0,0.0,0.0,-0.033112583,-0.009806317,0.1810928014,0.2727793696,0.4444019596,0.0387732983,0.0740740741,0.0629661752,1.3077233054,0.4234717685,646.08321457,1.2203296703,,0.0318023133,0.0337854009,0.0535707222,-0.019838055,0.0337854009,,-0.101087896,,,-13.89071038,4.0,0.2370115481,0.0,,,,0.0427750845,769.74300232,,31.957894737,0.3421015079,1.0,0.1168608216,0.0,0.4880652297,0.1908892057,-3.079065175,0.3672860054999999,0.0,-0.009594272,0.0235800091,0.0543951169,1.0,0.0031179628999999,0.0026567423,-0.887301221,0.0082579165,0.0273785156,0.0449629925999999,6.0,0.0255905037999999,1.415075e-11,0.0243441275999999,0.0184374806,0.7052490075,45.38161866,2.0181356e-09,48.0,228.64
2016-07-29,61944977.755,0.7016833309999999,0.492359497,0.0598923474,18.379203127,0.0302434472,-0.0724542659999999,0.0443043597,0.0811881182,0.1560032202,0.382721039,-0.0601512259999999,2.6612827024000003,0.0823599411,-0.0823599409999999,15.0,-0.601466395,0.074996667,-7.359405789,0.0595928865,239.50553774,0.114583642,-0.091155977,-0.106882222,0.0039196429,-0.009856251,0.0,-0.094105285,0.0,0.2819136385,0.2601557819,0.0,0.0,0.0,-1.315068493,-0.013163276,0.1403665988,0.0082191781,0.5310493846000001,0.0441380783,0.0258620689999999,0.0409775967,1.9119293418,0.6129323061999999,3324.7362014,1.3860103627,,-0.493451637,-0.2289970639999999,0.0377724449,0.02932877,-0.2289970639999999,,0.0919792894999999,,,-9.704797048,4.0,0.2126869280999999,0.0,,,,0.0328152425999999,815.56378001,,34.960573477,0.1539904263,1.0,0.0709266579,0.0,0.4737807732999999,0.118757249,-0.304199028,0.3672860054999999,0.0,-0.009594272,0.0235800091,0.0543951169,1.0,0.0031179628999999,0.0026567423,-0.869643935,0.0082579165,0.0273785156,0.0449629925999999,5.0,0.0206108728,1.741528e-11,0.0411667265,0.0158629663999999,0.4228787053,8.5609097622,6.8760232e-09,48.0,234.87
2016-08-31,63632858.037,0.7253516048,0.5261349506,0.3173332268,18.487748621,0.0296742237,-0.075452338,0.0272480566,0.2064442557999999,0.112322651,0.4781294901,-0.146178371,2.4357726038,0.0823599411,-0.0823599409999999,15.0,-0.601466395,0.074996667,-7.358166872999999,0.0595928865,225.79213496,0.114583642,-0.091155977,-0.106882222,0.0039196429,-0.009856251,0.0,-0.094105285,0.0,0.2910644715,0.2601557819,0.0,0.0,0.0,-1.315068493,-0.013163276,0.1403665988,0.0082191781,0.5310493846000001,0.0441380783,0.0258620689999999,0.0409775967,1.9119293418,0.6129323061999999,3324.7362014,1.3860103627,,-0.493451637,-0.2289970639999999,0.0377724449,0.02932877,-0.2289970639999999,,0.0919792894999999,,,-9.704797048,4.0,0.2128148563,0.0,,,,0.0328152425999999,774.43839542,,34.960573477,0.1539904263,1.0,0.0709266579,0.0,0.4737807732999999,0.118757249,-0.304199028,1.2981891041,0.0001271747,-0.001466395,0.0385261814,-0.019344147,0.0,-0.003308654,0.0026394938,-0.7578273520000001,0.0073830918,0.0317388632,0.0460758026999999,5.0,0.0188747253,2.772292e-11,0.0181633140999999,0.0109377213,0.3158789905999999,1.6572518076,2.1142578e-08,48.0,257.21
2016-09-30,69685388.565,0.7216994429000001,0.5208500859,0.3065055777,18.002697831,0.0301478692,0.0260174458,0.0951164365,0.182721393,0.1693709045,0.4957173561,-0.153064925,1.4630804377000002,0.0823599411,-0.0823599409999999,15.0,-0.601466395,0.074996667,-7.413751012,0.0595928865,228.99493026,0.114583642,-0.091155977,-0.106882222,0.0039196429,-0.009856251,0.0,-0.094105285,0.0,0.3051940122,0.2601557819,0.0,0.0,0.0,-1.315068493,-0.013163276,0.1403665988,0.0082191781,0.5310493846000001,0.0441380783,0.0258620689999999,0.0409775967,1.9119293418,0.6129323061999999,3324.7362014,1.3860103627,,-0.493451637,-0.2289970639999999,0.0377724449,0.02932877,-0.2289970639999999,,0.0919792894999999,,,-9.704797048,4.0,0.2128148563,0.0,,,,0.0328152425999999,795.00108771,,34.960573477,0.1539904263,1.0,0.0709266579,0.0,0.4737807732999999,0.118757249,-0.304199028,1.2981891041,0.0001271747,-0.001466395,0.0385261814,-0.019344147,0.0,-0.003308654,0.0026394938,-1.25922901,0.0073830918,0.0317388632,0.0460758026999999,5.0,0.0198023848,2.034026e-11,0.0799762979,0.0181102216999999,0.4865097472999999,3.7448991152,1.5660916e-08,48.0,269.97
2016-10-31,73071430.38,0.7068911909000001,0.4996951557999999,0.0547314825,18.253915573,0.0311685867,0.0566913088,0.0496093071999999,0.1488874394,0.3225434611,0.3049125211,-0.089690912,1.8135000831,0.0823599411,-0.0823599409999999,15.0,-0.601466395,0.074996667,-7.544439885,0.0595928865,217.33337557,0.114583642,-0.091155977,-0.106882222,0.0039196429,-0.009856251,0.0,-0.094105285,0.0,0.2895065323999999,0.2601557819,0.0,0.0,0.0,-1.315068493,-0.013163276,0.1403665988,0.0082191781,0.5310493846000001,0.0441380783,0.0258620689999999,0.0409775967,1.9119293418,0.6129323061999999,3324.7362014,1.3860103627,,-0.493451637,-0.2289970639999999,0.0377724449,0.02932877,-0.2289970639999999,,0.0919792894999999,,,-9.704797048,4.0,0.2096126830999999,0.0,,,,0.0328152425999999,815.56378001,,34.960573477,0.1539904263,1.0,0.0709266579,0.0,0.4737807732999999,0.118757249,-0.304199028,0.8927374007,0.031536867,-0.000286768,-0.029432285,0.0106266448,0.0,-0.004781768,0.0025638268,1.1046272494,0.0073791345999999,0.0331326819,0.0502187945,5.0,0.019863249,1.865058e-11,0.0451382771,0.0177762307,0.8160864606999999,27.217706856,6.5389339e-09,48.0,249.89
2016-11-30,67636476.685,0.7404984705,0.5483379848,-0.046954185,18.43161116,0.0308798758,-0.007036143,-0.074378639,0.1501454492,0.2784480617,0.4245002254,0.0037945249,1.9146694253,0.0823599411,-0.0823599409999999,15.0,-0.601466395,0.074996667,-7.589759056,0.0595928865,214.71470726,0.114583642,-0.091155977,-0.106882222,0.0039196429,-0.009856251,0.0,-0.094105285,0.0,0.3051940122,0.2601557819,0.0,0.0,0.0,-1.315068493,-0.013163276,0.1403665988,0.0082191781,0.5310493846000001,0.0441380783,0.0258620689999999,0.0409775967,1.9119293418,0.6129323061999999,3324.7362014,1.3860103627,,-0.493451637,-0.2289970639999999,0.0377724449,0.02932877,-0.2289970639999999,,0.0919792894999999,,,-9.704797048,4.0,0.2096126830999999,0.0,,,,0.0328152425999999,841.39036545,,34.960573477,0.1539904263,1.0,0.0709266579,0.0,0.4737807732999999,0.118757249,-0.304199028,0.8927374007,0.031536867,-0.000286768,-0.029432285,0.0106266448,0.0,-0.004781768,0.0025638268,1.1566463855,0.0073791345999999,0.0331326819,0.0502187945,5.0,0.0169121569,1.8900829999999998e-11,0.0210978854,0.0138345771,0.3575165505,2.5318303529,1.5557053000000002e-08,48.0,275.31
2016-12-30,74516780.489,0.7575146595000001,0.5738284593,0.2008625752,18.321698498,0.0304686845,-0.010043042,0.1017247513,0.1413629166,0.205969993,0.3868245036,0.0394497512,2.1612742874,0.0823599411,-0.0823599409999999,15.0,-0.601466395,0.074996667,-7.60003088,0.0595928865,217.33337557,0.114583642,-0.091155977,-0.106882222,0.0039196429,-0.009856251,0.0,-0.094105285,0.0,0.3051940122,0.2601557819,0.0,0.0,0.0,-1.315068493,-0.013163276,0.1403665988,0.0082191781,0.5310493846000001,0.0441380783,0.0258620689999999,0.0409775967,1.9119293418,0.6129323061999999,3324.7362014,1.3860103627,,-0.493451637,-0.2289970639999999,0.0377724449,0.02932877,-0.2289970639999999,,0.0919792894999999,,,-9.704797048,4.0,0.2049358767,0.0,,,,0.0328152425999999,841.39036545,,34.960573477,0.1539904263,1.0,0.0709266579,0.0,0.4737807732999999,0.118757249,-0.304199028,0.8927374007,0.031536867,-0.000286768,-0.029432285,0.0106266448,0.0,-0.004781768,0.0025638268,1.085632007,0.0073791345999999,0.0331326819,0.0502187945,5.0,0.0337764595,2.692496e-11,0.0357063077,0.0189503973,0.4692025897,4.1929266766,1.0888895e-08,48.0,287.92
2017-01-31,77421115.771,0.7982620133,0.6372222419,0.1301828159,18.566254568,0.0310454112,0.0759780764,0.0458029695,0.2041200094,0.3595592178,0.3388418522999999,-0.008780229,1.4513161124,0.0823599411,-0.0823599409999999,15.0,-0.601466395,0.074996667,-7.694891817,0.0595928865,217.33337557,0.114583642,-0.091155977,-0.106882222,0.0039196429,-0.009856251,0.0,-0.094105285,0.0,0.3051940122,0.2601557819,0.0,0.0,0.0,-1.315068493,-0.013163276,0.1403665988,0.0082191781,0.5310493846000001,0.0441380783,0.0258620689999999,0.0409775967,1.9119293418,0.6129323061999999,3324.7362014,1.3860103627,,-0.493451637,-0.2289970639999999,0.0377724449,0.02932877,-0.2289970639999999,,0.0919792894999999,,,-9.704797048,4.0,0.1946398632,0.0,,,,0.0328152425999999,857.48148148,,34.960573477,0.1539904263,1.0,0.0709266579,0.0,0.4737807732999999,0.118757249,-0.304199028,0.8927374007,0.031536867,-0.000286768,-0.029432285,0.0106266448,0.0,-0.004781768,0.0025638268,1.0084785681,0.0073791345999999,0.0331326819,0.0502187945,5.0,0.0219998408999999,2.372009e-11,0.0286985822,0.0131745416999999,0.3829432746,1.9789701099,1.9408277e-08,48.0,323.95
2017-02-28,87109510.38200001,0.8028284086,0.6445334536,0.1399562133,18.241872877,0.0301605411,0.164180626,0.1251389235,0.2258697141,0.5192418104,0.25080291,0.1167440827,1.3410026139,0.0823599411,-0.0823599409999999,15.0,-0.601466395,0.074996667,-7.806191431,0.0595928865,217.33337557,0.114583642,-0.091155977,-0.106882222,0.0039196429,-0.009856251,0.0,-0.094105285,0.0,0.3051940122,0.2601557819,0.0,0.0,0.0,-1.315068493,-0.013163276,0.1403665988,0.0082191781,0.5310493846000001,0.0441380783,0.0258620689999999,0.0409775967,1.9119293418,0.6129323061999999,3324.7362014,1.3860103627,,-0.493451637,-0.2289970639999999,0.0377724449,0.02932877,-0.2289970639999999,,0.0919792894999999,,,-9.704797048,4.0,0.2017070808,0.0,,,,0.0328152425999999,881.25450902,,34.960573477,0.1539904263,1.0,0.0709266579,0.0,0.4737807732999999,0.118757249,-0.304199028,1.0768925751,0.0037199638,-0.030634091,4.0613635365,0.0820146748,1.0,0.0756835456,0.0197848027,-1.22681824,0.0602308714,0.1356055786999999,0.2676183527,4.0,0.0219136331,1.764876e-11,0.0736038014,0.0196905416,0.6046795293,9.3064436554,1.3740575000000002e-08,48.0,323.06
2017-03-31,99286029.05,0.8662335248999999,0.7503605197,-0.039201115,18.446042341,0.0303583622,0.2277633409,-0.002747383,0.2594767867,0.6312965479,0.4164234492,-0.023467897,1.2173722362,0.0823599411,-0.0823599409999999,15.0,-0.601466395,0.074996667,-7.865433478,0.0595928865,217.33337557,0.114583642,-0.091155977,-0.106882222,0.0039196429,-0.009856251,0.0,-0.094105285,0.0,0.3051940122,0.2601557819,0.0,0.0,0.0,-1.315068493,-0.013163276,0.1403665988,0.0082191781,0.5310493846000001,0.0441380783,0.0258620689999999,0.0409775967,1.9119293418,0.6129323061999999,3324.7362014,1.3860103627,,-0.493451637,-0.2289970639999999,0.0377724449,0.02932877,-0.2289970639999999,,0.0919792894999999,,,-9.704797048,4.0,0.2049358767,0.0,,,,0.0328152425999999,881.25450902,,34.960573477,0.1539904263,1.0,0.0709266579,0.0,0.4737807732999999,0.118757249,-0.304199028,1.0768925751,0.0037199638,-0.033743906,4.0613635365,0.0820146748,1.0,0.0756835456,0.0197848027,-1.270994832,0.0602308714,0.1356055786999999,0.2676183527,4.0,0.0165441955,1.4197029999999998e-11,0.0132547942999999,0.0078145395,0.2845155219,1.5849671149000002,2.4207538e-08,48.0,327.32
2017-04-28,87570540.12,0.8609583688,0.7412493129000001,0.0065480892,18.24065536,0.0291215798,0.1669393438,0.0131864352,0.1966514714999999,0.4430216057,0.6431006142,0.0536417862,1.1360479633,0.0823599411,-0.0823599409999999,15.0,-0.601466395,0.074996667,-7.688180037,0.0595928865,221.56219081,0.114583642,-0.091155977,-0.106882222,0.0039196429,-0.009856251,0.0,-0.094105285,0.0,0.3051940122,0.2601557819,0.0,0.0,0.0,-1.315068493,-0.013163276,0.1403665988,0.0082191781,0.5310493846000001,0.0441380783,0.0258620689999999,0.0409775967,1.9119293418,0.6129323061999999,3324.7362014,1.3860103627,,-0.493451637,-0.2289970639999999,0.0377724449,0.02932877,-0.2289970639999999,,0.0919792894999999,,,-9.704797048,4.0,0.2126869280999999,0.0,,,,0.0328152425999999,881.25450902,,34.960573477,0.1539904263,1.0,0.0709266579,0.0,0.4737807732999999,0.118757249,-0.304199028,1.0768925751,0.0037199638,-0.031959701,4.0613635365,0.0820146748,1.0,0.0756835456,0.0197848027,-1.263111264,0.0602308714,0.1356055786999999,0.2676183527,4.0,0.0133516029,1.385139e-11,0.0075341929,0.0052051742,0.2581531975,0.8432749447,2.5782528000000002e-08,48.0,345.16
2017-05-31,92343417.06,0.8554891823,0.7318617409999999,0.3166485743,18.115589228,0.0287472908,0.1682790417,0.0545032248,0.3098563735,0.3944720415,0.5660001919,0.0129273957,0.8803609206999999,0.0823599411,-0.0823599409999999,15.0,-0.601466395,0.074996667,-7.688180037,0.0595928865,221.56219081,0.114583642,-0.091155977,-0.106882222,0.0039196429,-0.009856251,0.0,-0.094105285,0.0,0.3051940122,0.2601557819,0.0,0.0,0.0,-1.315068493,-0.013163276,0.1403665988,0.0082191781,0.5310493846000001,0.0441380783,0.0258620689999999,0.0409775967,1.9119293418,0.6129323061999999,3324.7362014,1.3860103627,,-0.493451637,-0.2289970639999999,0.0377724449,0.02932877,-0.2289970639999999,,0.0919792894999999,,,-9.704797048,4.0,0.2096126830999999,0.0,,,,0.0328152425999999,881.25450902,,34.960573477,0.1539904263,1.0,0.0709266579,0.0,0.4737807732999999,0.118757249,-0.304199028,1.3125829669,0.0078242006,0.0042849782,-1.405354279,0.003032852,0.0,0.0012667985,0.0196815203,0.0046968191,0.1038299099,0.1361159411999999,0.2670466164,4.0,0.0164383154,2.101302e-11,0.0165457763,0.0093211502,0.2683741225,1.1255879208,2.76416e-08,48.0,345.55
2017-06-30,92447752.634,0.8575410294,0.7353766170999999,-0.002337225,18.158343035,0.0287257385,0.2243622598999999,0.0011298648,0.2537140227,0.5765049832,0.3830204778,-0.004977452,1.1094471416,0.0823599411,-0.0823599409999999,15.0,-0.601466395,0.074996667,-7.688180037,0.0595928865,217.33337557,0.114583642,-0.091155977,-0.106882222,0.0039196429,-0.009856251,0.0,-0.094105285,0.0,0.2895065323999999,0.2601557819,0.0,0.0,0.0,-1.315068493,-0.013163276,0.1403665988,0.0082191781,0.5310493846000001,0.0441380783,0.0258620689999999,0.0409775967,1.9119293418,0.6129323061999999,3324.7362014,1.3860103627,,-0.493451637,-0.2289970639999999,0.0377724449,0.02932877,-0.2289970639999999,,0.0919792894999999,,,-9.704797048,4.0,0.1946398632,0.0,,,,0.0328152425999999,906.5,,34.960573477,0.1539904263,1.0,0.0709266579,0.0,0.4737807732999999,0.118757249,-0.304199028,1.3125829669,0.0078242006,0.0042849782,-1.405354279,0.003032852,0.0,0.0012667985,0.0196815203,0.0046968191,0.1038299099,0.1361159411999999,0.2670466164,4.0,0.0205871754,1.886223e-11,0.0377557129,0.0181362494,0.3657600978999999,2.7666038021,1.2967649e-08,48.0,336.85
2017-07-31,86868226.97399999,0.8655869118999999,0.7492407020999999,-0.08932927,18.489696532,0.0293165529,0.1749424368,-0.025177201,0.2001596732,0.5113278097999999,0.3053181027,-0.007196455,1.2711852357,0.0479767283,-0.0479767279999999,16.0,-1.800641091,0.8628653738,-6.707456945,0.1510759581,-7.769959505,0.1038605592,-0.119298806,0.0090657227,1.0830394357,1.1413108807,0.0,1.8526201176,0.0,0.344755537,0.2095379668,0.0,0.0,0.0,-3.344576117,0.0454914674,0.2671685828,1.3975686628,0.8194100248,0.0438732657,1.3414634146,0.5314801655,1.274858979,1.5075199431,58079.635736,0.1197832465,,1.8694747331,0.9706026636,-0.1945673269999999,0.0747250023,0.9706026636,,-2.159169696,,,-1.283077797,7.0,0.344755537,0.0,,,,0.0256145078,18.894462541,,20.25349162,0.7779768583,1.0,1.9734467911,0.0,0.3746135800999999,0.1354698558,-0.905441764,1.3125829669,0.0078242006,0.0042849782,-1.405354279,0.003032852,0.0,0.0012667985,0.0196815203,0.0046968191,0.1038299099,0.1361159411999999,0.2670466164,4.0,0.0235591762999999,2.028185e-11,0.0316184945,0.0140125915,0.3255837377,2.0802190940000003,1.5165067e-08,48.0,391.91
2017-08-31,101067319.38,0.8616294977,0.7424053912999999,-0.169488308,18.522371765,0.0298154411,0.1558774410999999,0.163455531,0.0398209387,0.4341977051,0.3743815928,-0.0674852059999999,1.3846639057,0.0479767283,-0.0479767279999999,16.0,-1.758840837,0.8628653738,-6.7654931110000005,0.1510759581,-7.769959505,0.1038605592,-0.119298806,0.0090657227,1.0805543755,1.1823579558,0.0,1.8526201176,0.0,0.344755537,0.2095379668,0.0,0.0,0.0,-3.344576117,0.0454914674,0.2671685828,1.3975686628,0.8194100248,0.0438732657,1.4117647059,0.5262166936,1.274858979,1.5075199431,58079.635736,0.1197832465,,1.8694747331,0.9706026636,-0.1945673269999999,0.0747250023,0.9706026636,,-2.159169696,,,-1.283077797,7.0,0.344755537,0.0,,,,0.0256145078,18.894462541,,20.25349162,0.7779768583,1.0,1.9734467911,0.0,0.3746135800999999,0.1354698558,-0.905441764,-0.198152527,0.0102973831,0.0050361176,-1.325515627,0.0141030527,1.0,0.0030490876,0.0196376058,0.0112719418,0.1002698073,0.1356656391,0.2666257187999999,4.0,0.020376252,2.4092e-11,0.0584724061,0.0191654219999999,0.5477010931,4.9456939413,1.8158726000000003e-08,48.0,398.54
2017-09-29,102777091.56,0.8429766271,0.7106095939,-0.02237568,18.40338339,0.0302289475,0.181622268,0.0169171615999999,0.2131183227,0.5236966563000001,0.4825606054999999,-0.0486370209999999,1.3789616937,0.0479767283,-0.0479767279999999,16.0,-1.752009811,0.8628653738,-6.83199704,0.1510759581,-7.769959505,0.1038605592,-0.119298806,0.0090657227,1.0805543755,1.1696741129,0.0,1.8526201176,0.0,0.344755537,0.2095379668,0.0,0.0,0.0,-3.344576117,0.0454914674,0.2671685828,1.3975686628,0.8194100248,0.0438732657,1.3647540984,0.5262166936,1.274858979,1.5075199431,58079.635736,0.1197832465,,1.8694747331,0.9706026636,-0.1945673269999999,0.0747250023,0.9706026636,,-2.159169696,,,-1.283077797,7.0,0.344755537,0.0,,,,0.0256145078,18.894462541,,20.25349162,0.7779768583,1.0,1.9734467911,0.0,0.3746135800999999,0.1354698558,-0.905441764,-0.198152527,0.0102973831,0.0050361176,-1.325515627,0.0141030527,1.0,0.0030490876,0.0196376058,0.0112719418,0.1002698073,0.1356656391,0.2666257187999999,4.0,0.0191068349,1.35215e-11,0.028608067,0.0119917773,0.4393513845,2.9061017558999995,1.3347954e-08,48.0,363.42
2017-10-31,90349849.538,0.8047874979,0.6476829168,-0.1021414019999999,18.433117429,0.0296889525,0.1839319321,-0.08812163,0.2175852326,0.4762381281,0.6126503485,-0.080495702,1.4927342692,0.0479767283,-0.0479767279999999,16.0,-1.826802444,0.8628653738,-6.816410172,0.1510759581,-7.769959505,0.1038605592,-0.119298806,0.0090657227,1.0830394357,1.1407106983,0.0,1.8526201176,0.0,0.344755537,0.2095379668,0.0,0.0,0.0,-3.402432969,0.0454914674,0.2671685828,1.3975686628,0.818958819,0.0438732657,1.3414634146,0.5262166936,1.274858979,1.5075199431,58079.635736,0.1197832465,,1.8694747331,0.9706026636,-0.1945673269999999,0.0747250023,0.9706026636,,-2.159169696,,,-1.283077797,7.0,0.344755537,0.0,,,,0.0256145078,18.894462541,,20.25349162,0.7779768583,1.0,1.9734467911,0.0,0.3746135800999999,0.1354698558,-0.905441764,-0.198152527,0.0102973831,0.0050361176,-1.325515627,0.0141030527,1.0,0.0030490876,0.0196376058,0.0112719418,0.1002698073,0.1356656391,0.2666257187999999,4.0,0.0228347325,1.4384120000000002e-11,0.0233397558,0.0132036198,0.3594509568,3.549420694,1.2948819999999998e-08,48.0,334.17
2017-11-30,83078007.038,0.7303802723,0.5334553422,-0.4130880529999999,18.458297615,0.0301441162,0.2190711548999999,-0.080485389,0.0529030266,0.4543199574,0.4265454811999999,-0.03814628,1.7426370621,0.0479767283,-0.0479767279999999,16.0,-1.826802444,0.8628653738,-6.987594898999999,0.1510759581,-7.769959505,0.1038605592,-0.119298806,0.0090657227,1.0830394357,1.1170553198,0.0,1.8526201176,0.0,0.344755537,0.2095379668,0.0,0.0,0.0,-3.402432969,0.0454914674,0.2671685828,1.3975686628,0.818958819,0.0438732657,1.3125,0.5262166936,1.274858979,1.5075199431,58079.635736,0.1197832465,,1.8694747331,0.9706026636,-0.1945673269999999,0.0747250023,0.9706026636,,-2.159169696,,,-1.283077797,7.0,0.344755537,0.0,,,,0.0256145078,18.894462541,,20.25349162,0.7779768583,1.0,1.9734467911,0.0,0.3746135800999999,0.1354698558,-0.905441764,1.4389160338,0.0195390916,-7.403e-05,-1.368849735,-0.0607866659999999,0.0,0.0010398008999999,0.0195894993,0.0038615809999999,0.0871754377999999,0.136427347,0.2667218604,3.0,0.022779817,1.623245e-11,0.0314525664,0.0220285829999999,0.5168548638,7.0149622613,9.9466718e-09,48.0,326.21
2017-12-29,81099065.97600001,0.7620044641,0.5806508033,-0.3110992919999999,18.612569895,0.0308399508,0.1672247775,-0.023820275,-0.0329329379999999,0.2137954139,0.4669139947999999,-0.13145852,1.8642493969,0.0479767283,-0.0479767279999999,16.0,-1.833743053,0.8628653738,-7.135990865,0.1510759581,-7.769959505,0.1038605592,-0.119298806,0.0090657227,1.0805543755,1.1407106983,0.0,1.8526201176,0.0,0.344755537,0.2095379668,0.0,0.0,0.0,-3.402432969,0.0454914674,0.2671685828,1.3975686628,0.8194100248,0.0438732657,1.3414634146,0.5262166936,1.274858979,1.5075199431,58079.635736,0.1197832465,,1.8694747331,0.9706026636,-0.1945673269999999,0.0747250023,0.9706026636,,-2.159169696,,,-1.283077797,7.0,0.344755537,0.0,,,,0.0256145078,18.894462541,,20.25349162,0.7779768583,1.0,1.9734467911,0.0,0.3746135800999999,0.1354698558,-0.905441764,1.4389160338,0.0195390916,-7.403e-05,-1.368849735,-0.0607866659999999,0.0,0.0010398008999999,0.0195894993,0.0038615809999999,0.0871754377999999,0.136427347,0.2667218604,3.0,0.0284989245,2.392817e-11,0.0386667922,0.0159246698,0.4551454549,3.5851093557,1.2893787e-08,48.0,335.96
2018-01-31,80128473.722,0.7446064269,0.554438731,-0.172585186,18.574968293,0.0311824775999999,0.1571137236,0.029888723,-0.031586808,0.1329882467,0.5624611933,-0.091556754,1.7720127236,0.0479767283,-0.0479767279999999,16.0,-1.854661984,0.8628653738,-7.264331632,0.1510759581,-7.769959505,0.1038605592,-0.119298806,0.0090657227,1.0870994248,1.1407106983,0.0,1.8526201176,0.0,0.344755537,0.2095379668,0.0,0.0,0.0,-3.402432969,0.0454914674,0.2671685828,1.3975686628,0.818958819,0.0438732657,1.3125,0.5194826728999999,1.274858979,1.5075199431,58079.635736,0.1197832465,,1.8694747331,0.9706026636,-0.1945673269999999,0.0747250023,0.9706026636,,-2.159169696,,,-1.283077797,7.0,0.344755537,0.0,,,,0.0256145078,18.894462541,,20.25349162,0.7779768583,1.0,1.9734467911,0.0,0.3746135800999999,0.1354698558,-0.905441764,0.7301724898999999,0.0047223734,0.0216294112,0.045880928,0.0633531616,0.0,0.0009301142999999,0.0194468715,0.0034994965,0.0483030473,0.135413859,0.264590107,3.0,0.0299405068,2.40089e-11,0.0523421131,0.0187762235,0.3430659204,2.4169708139,1.4717112e-08,48.0,377.25
2018-02-28,89976388.5,0.7418578508,0.5503530707000001,-0.24719198,18.550768745,0.0294994493,0.115281098,0.1229015663,-0.1427624009999999,0.0370735508,0.9383621173,-0.236699907,1.5032865271,0.0479767283,-0.0479767279999999,16.0,-1.889044944,0.8628653738,-7.264778432999999,0.1510759581,-7.769959505,0.1038605592,-0.119298806,0.0090657227,1.0930241005,1.1151404905,0.0,1.8526201176,0.0,0.344755537,0.2095379668,0.0,0.0,0.0,-3.13699255,0.0454914674,0.2671685828,1.3975686628,0.8194100248,0.0438732657,1.2993567162000002,0.5194826728999999,1.274858979,1.5075199431,58079.635736,0.1197832465,,1.8694747331,0.9706026636,-0.1945673269999999,0.0747250023,0.9706026636,,-2.159169696,,,-1.283077797,7.0,0.344755537,0.0,,,,0.0256145078,18.894462541,,20.25349162,0.7779768583,1.0,1.9734467911,0.0,0.3746135800999999,0.1354698558,-0.905441764,0.7301724898999999,0.0047223734,0.0216294112,0.045880928,0.0633531616,0.0,0.0009301142999999,0.0194468715,0.0034994965,0.0483030473,0.135413859,0.264590107,3.0,0.0215016488,1.843424e-11,0.0387248768999999,0.0120189611,0.3612849507,2.3050522331,1.6478654e-08,48.0,341.93
2018-03-29,81307191.028,0.6783992143,0.4602254939,-0.375684336,18.549546156,0.0292110769,0.0964030525,-0.093624935,-0.053420004,0.1677397426,0.61744652,-0.059698228,1.3481033536000002,0.0479767283,-0.0479767279999999,16.0,-1.889044944,0.8628653738,-7.33160512,0.1510759581,-7.769959505,0.1038605592,-0.119298806,0.0090657227,1.0930241005,1.1151404905,0.0,1.8526201176,0.0,0.344755537,0.2095379668,0.0,0.0,0.0,-3.11441264,0.0454914674,0.2671685828,1.3975686628,0.8194100248,0.0438732657,1.2993567162000002,0.5194826728999999,1.274858979,1.5075199431,58079.635736,0.1197832465,,1.8694747331,0.9706026636,-0.1945673269999999,0.0747250023,0.9706026636,,-2.159169696,,,-1.283077797,7.0,0.344755537,0.0,,,,0.0256145078,18.894462541,,20.25349162,0.7779768583,1.0,1.9734467911,0.0,0.3746135800999999,0.1354698558,-0.905441764,0.7301724898999999,0.0047223734,0.0216294112,0.045880928,0.0633531616,0.0,0.0009301142999999,0.0194468715,0.0034994965,0.0483030473,0.135413859,0.264590107,3.0,0.0311462721,4.283124e-11,0.0439679064,0.0219238943,0.6332950444,4.9420903887,1.8952288e-08,48.0,311.22
2018-04-30,73903235.15,0.7263025691,0.5275154218,-0.253925125,18.411117448,0.029775494,0.0068371273,-0.089813679,-0.059132737,0.0446351716,0.5326122507,-0.078019807,1.2731260589,0.0479767283,-0.0479767279999999,16.0,-1.930624276,0.8628653738,-7.600726622000001,0.1510759581,-7.769959505,0.1038605592,-0.119298806,0.0090657227,1.0833333333,1.1151404905,0.0,1.8526201176,0.0,0.344755537,0.2095379668,0.0,0.0,0.0,-2.862587225,0.0454914674,0.2671685828,1.3975686628,0.8354440445,0.0438732657,1.2993567162000002,0.5101709091,1.274858979,1.5075199431,58079.635736,0.1197832465,,1.8694747331,0.9706026636,-0.1945673269999999,0.0747250023,0.9706026636,,-2.159169696,,,-1.283077797,7.0,0.344755537,0.0,,,,0.0256145078,18.894462541,,20.25349162,0.7779768583,1.0,1.9734467911,0.0,0.3746135800999999,0.1354698558,-0.905441764,1.7326953134999998,0.0145991311,6.71605e-05,0.0316423699,-0.0583412009999999,0.0,0.0003266195,0.0193515787,0.0013104729,0.0046596647999999,0.1357917607,0.2643381871,3.0,0.0290252556,3.5960290000000004e-11,0.0416228585,0.0199530631,0.3837414374,2.6663339906,1.5688246e-08,48.0,271.29
2018-05-31,64421339.299,0.8020318187000001,0.6432550381000001,-0.15632742,18.403215603,0.0303875185,-0.02294833,-0.1283015009999999,-0.068677646,-0.098331213,0.6684148492,0.0365805229,1.5174364006,0.0479767283,-0.0479767279999999,16.0,-1.889044944,0.8628653738,-6.471205969,0.1510759581,-7.769959505,0.1038605592,-0.119298806,0.0090657227,1.0870994248,1.166531489,0.0,1.8526201176,0.0,0.344755537,0.2095379668,0.0,0.0,0.0,-2.862587225,0.0454914674,0.2671685828,1.3975686628,0.8354440445,0.0438732657,1.3414634146,0.4926713822,1.274858979,1.5075199431,58079.635736,0.1197832465,,1.8694747331,0.9706026636,-0.1945673269999999,0.0747250023,0.9706026636,,-2.159169696,,,-1.283077797,7.0,0.344755537,0.0,,,,0.0256145078,18.894462541,,20.25349162,0.7779768583,1.0,1.9734467911,0.0,0.3746135800999999,0.1354698558,-0.905441764,1.7326953134999998,0.0145991311,6.71605e-05,0.0316423699,-0.0583412009999999,0.0,0.0003266195,0.0193515787,0.0013104729,0.0046596647999999,0.1357917607,0.2643381871,3.0,0.0320509691,3.539249e-11,0.0302477777,0.0308112088,0.6402734728,13.692522143,1.0402396e-08,48.0,261.04
2018-06-29,61987343.549,0.8158164477,0.6655564763,-0.1438104909999999,18.675474576,0.0326500379,0.029409206,-0.037782446,-0.168357755,-0.214903725,0.7453150159,0.0678240619,1.6874173366,0.0479767283,-0.0479767279999999,16.0,-1.889044944,0.8628653738,-6.471205969,0.1510759581,-7.769959505,0.1038605592,-0.119298806,0.0090657227,1.0833333333,1.1696741129,0.0,1.8526201176,0.0,0.344755537,0.2095379668,0.0,0.0,0.0,-2.643243243,0.0454914674,0.2671685828,1.3975686628,0.8354440445,0.0438732657,1.4117647059,0.5110162068999999,1.274858979,1.5075199431,58079.635736,0.1197832465,,1.8694747331,0.9706026636,-0.1945673269999999,0.0747250023,0.9706026636,,-2.159169696,,,-1.283077797,7.0,0.344755537,0.0,,,,0.0256145078,18.894462541,,20.25349162,0.7779768583,1.0,1.9734467911,0.0,0.3746135800999999,0.1354698558,-0.905441764,1.7326953134999998,0.0145991311,6.71605e-05,0.0316423699,-0.0583412009999999,0.0,0.0003266195,0.0193515787,0.0013104729,0.0046596647999999,0.1357917607,0.2643381871,3.0,0.02499522,2.72102e-11,0.0298941545,0.0150371039,0.3412974815999999,2.7066647101,1.2348318999999998e-08,48.0,293.21
2018-07-31,67984841.45899999,0.8131231154999999,0.661169201,-0.124605115,18.41895629,0.032567255,-0.002195312,0.1232377514,-0.22300269,-0.225055652,0.7785680503,0.0869122827999999,1.7711833949,0.0139267476,-0.013926748,17.0,0.0163953122,0.7038446807,-5.565201048,0.2071155198,2.7237934944,0.1491854161,-0.124693106,-0.0441894409999999,-0.113024269,-0.023870184,0.0,-1.636411113,0.0,0.2500719423999999,0.3124409821,0.0,0.0,0.0,-0.0262836639999999,0.1234891829,0.1017260694999999,3.722826087,0.0619905983,0.0446619375,0.0360655738,0.0529895953,1.2366639832,0.0039614594,59197.292955,0.2140856059,,0.1383123693,-0.331735935,0.4910948446,0.0099612433,-0.331735935,,0.291919498,,,-0.208084891,6.0,0.2303877367,0.0,,,,0.0330049798,66.958132045,,25.431804281,0.7256328279,1.0,0.4336792746,0.0,0.5189291273,0.1358593468,-0.975982202,1.7326953134999998,0.0145991311,6.71605e-05,0.0316423699,-0.0583412009999999,0.0,0.0003266195,0.0193515787,0.0013104729,0.0046596647999999,0.1357917607,0.2643381871,3.0,0.0295204817,2.876815e-11,0.0371552743,0.0168126134,0.3893537613,3.0049459283,1.3215083e-08,48.0,304.58
2018-08-31,70621134.007,0.8427515506000001,0.7102301759999999,-0.155224355,18.512953598,0.033269172,0.0316031953,0.0387776531,-0.222770065,-0.2518435619999999,0.9066234107,0.0418975895,1.4431189548,0.0139267476,-0.013926748,17.0,0.0163953122,0.7038446807,-5.619453442,0.2071155198,2.7237934944,0.1491854161,-0.124693106,-0.0441894409999999,-0.113024269,-0.023870184,0.0,-1.636411113,0.0,0.2769806264,0.3124409821,0.0,0.0,0.0,-0.0262836639999999,0.1234891829,0.1017260694999999,3.722826087,0.0619905983,0.0446619375,0.0360655738,0.0529895953,1.2366639832,0.0039614594,59197.292955,0.2140856059,,0.1383123693,-0.331735935,0.4910948446,0.0099612433,-0.331735935,,0.291919498,,,-0.208084891,6.0,0.2303877367,0.0,,,,0.0330049798,66.958132045,,25.431804281,0.7256328279,1.0,0.4336792746,0.0,0.5189291273,0.1358593468,-0.975982202,1.1808765944,0.0042353519,-0.063032059,0.0448858575999999,-0.010651251,1.0,0.0644480125,0.0245604387999999,0.2874898432,0.0040809462,0.1357946671,0.3455763752,3.0,0.0249735267,4.269454e-11,0.0446386673,0.0198415511,0.379014509,2.1833284945,1.95267e-08,48.0,310.4
2018-09-28,71970584.185,0.8760598942,0.7674809382,0.0498316421,18.137610587,0.0334521964999999,0.0407264919,0.0191083048,-0.109232901,-0.235760573,0.9842512941,0.0259921856,1.3988633484,0.0139267476,-0.013926748,17.0,0.0163953122,0.7038446807,-5.634700507000001,0.2071155198,2.7237934944,0.1491854161,-0.124693106,-0.0441894409999999,-0.113024269,-0.023870184,0.0,-1.636411113,0.0,0.2769806264,0.3124409821,0.0,0.0,0.0,-0.0262836639999999,0.1234891829,0.1017260694999999,3.722826087,0.0619905983,0.0446619375,0.0360655738,0.0529895953,1.2366639832,0.0039614594,59197.292955,0.2140856059,,0.1383123693,-0.331735935,0.4910948446,0.0099612433,-0.331735935,,0.291919498,,,-0.208084891,6.0,0.2303877367,0.0,,,,0.0330049798,66.958132045,,25.431804281,0.7256328279,1.0,0.4336792746,0.0,0.5189291273,0.1358593468,-0.975982202,1.1808765944,0.0042353519,-0.063032059,0.0448858575999999,-0.010651251,1.0,0.0644480125,0.0245604387999999,0.2874898432,0.0040809462,0.1357946671,0.3455763752,3.0,0.0219307418,3.5491359999999995e-11,0.0341694467,0.0192538235,0.2870670745,1.9676200689,1.2999597e-08,48.0,325.88
2018-10-31,74599798.958,0.8683855373999999,0.7540934415,0.1907404405,18.472430983,0.0336147725999999,0.1041393865,0.049871169,-0.002634815,-0.14589185,0.8686628767,0.0824272665,1.2845473051,0.0139267476,-0.013926748,17.0,0.0163953122,0.7038446807,-5.7195951670000005,0.2071155198,2.7237934944,0.1491854161,-0.124693106,-0.0441894409999999,-0.113024269,-0.023870184,0.0,-1.636411113,0.0,0.2766388381,0.3124409821,0.0,0.0,0.0,-0.0262836639999999,0.1234891829,0.1017260694999999,3.722826087,0.0619905983,0.0446619375,0.0360655738,0.0529895953,1.2366639832,0.0039614594,59197.292955,0.2140856059,,0.1383123693,-0.331735935,0.4910948446,0.0099612433,-0.331735935,,0.291919498,,,-0.208084891,6.0,0.2303877367,0.0,,,,0.0330049798,66.958132045,,25.431804281,0.7256328279,1.0,0.4336792746,0.0,0.5189291273,0.1358593468,-0.975982202,4.0915356043,0.0039411294,2.00744e-05,-0.027023268,-0.093880615,0.0,0.0011457957,0.024486213,0.0042984341,0.0066708853,0.1389763271,0.3472247609,3.0,0.0203796561,2.016935e-11,0.0291733406,0.0121685464999999,0.4139896322999999,3.1023086974000003,1.8058641e-08,48.0,320.37
2018-11-30,73338458.542,0.9174675634,0.8417467298000001,0.3690810628,18.382997339,0.0337066811,0.1713694505999999,-0.016908094,0.201223765,-0.024807751,0.5824684345000001,0.0755526191,1.4501888595,0.0139267476,-0.013926748,17.0,0.0163953122,0.7038446807,-5.7195951670000005,0.2071155198,2.7237934944,0.1491854161,-0.124693106,-0.0441894409999999,-0.113024269,-0.023870184,0.0,-1.636411113,0.0,0.2892155444,0.3124409821,0.0,0.0,0.0,-0.0262836639999999,0.1234891829,0.1017260694999999,3.722826087,0.0619905983,0.0446619375,0.0360655738,0.0529895953,1.2366639832,0.0039614594,59197.292955,0.2140856059,,0.1383123693,-0.331735935,0.4910948446,0.0099612433,-0.331735935,,0.291919498,,,-0.208084891,6.0,0.2303877367,0.0,,,,0.0330049798,66.958132045,,25.431804281,0.7256328279,1.0,0.4336792746,0.0,0.5189291273,0.1358593468,-0.975982202,4.0915356043,0.0039411294,2.00744e-05,-0.027023268,-0.093880615,0.0,0.0011457957,0.024486213,0.0042984341,0.0066708853,0.1389763271,0.3472247609,3.0,0.0318007794,3.984173e-11,0.0510885641,0.0256394119,0.3486184274,3.2462727866,1.2057627e-08,48.0,329.2
2018-12-31,75359808.394,0.9807348258,0.9618407985,0.4608886479999999,18.566480922,0.0340300435,0.222710888,0.0275619347,0.2272831179,-0.017902562,0.5742905317,0.0423885455999999,1.3313054128,0.0139267476,-0.013926748,17.0,0.0163953122,0.7038446807,-5.773127206,0.2071155198,2.7237934944,0.1491854161,-0.124693106,-0.0441894409999999,-0.113024269,-0.023870184,0.0,-1.636411113,0.0,0.2900615951,0.3124409821,0.0,0.0,0.0,-0.0262836639999999,0.1234891829,0.1017260694999999,3.722826087,0.0619905983,0.0446619375,0.0360655738,0.0529895953,1.2366639832,0.0039614594,59197.292955,0.2140856059,,0.1383123693,-0.331735935,0.4910948446,0.0099612433,-0.331735935,,0.291919498,,,-0.208084891,6.0,0.2303877367,0.0,,,,0.0330049798,66.958132045,,25.431804281,0.7256328279,1.0,0.4336792746,0.0,0.5189291273,0.1358593468,-0.975982202,4.0915356043,0.0039411294,2.00744e-05,-0.027023268,-0.093880615,0.0,0.0011457957,0.024486213,0.0042984341,0.0066708853,0.1389763271,0.3472247609,3.0,0.0315208393,4.158762e-11,0.0347562581,0.0203383639,0.3425606242,2.1042703873,1.9593938000000003e-08,48.0,284.97
2019-01-31,64219129.655,1.0425153289,1.086838211,0.0991446017,18.199118748,0.0345107594,0.0984235786999999,-0.1343560369999999,0.1227448627,-0.020121377,0.6590661664999999,-0.07333197,1.2997698436,0.0139267476,-0.013926748,17.0,0.0163953122,0.7038446807,-5.772420394,0.2071155198,2.7237934944,0.1491854161,-0.124693106,-0.0441894409999999,-0.113024269,-0.023870184,0.0,-1.636411113,0.0,0.2769806264,0.3124409821,0.0,0.0,0.0,-0.0262836639999999,0.1234891829,0.1017260694999999,3.722826087,0.0619905983,0.0446619375,0.0360655738,0.0529895953,1.2366639832,0.0039614594,59197.292955,0.2140856059,,0.1383123693,-0.331735935,0.4910948446,0.0099612433,-0.331735935,,0.291919498,,,-0.208084891,6.0,0.2303877367,0.0,,,,0.0330049798,66.958132045,,25.431804281,0.7256328279,1.0,0.4336792746,0.0,0.5189291273,0.1358593468,-0.975982202,4.0915356043,0.0039411294,2.00744e-05,-0.027023268,-0.093880615,0.0,0.0011457957,0.024486213,0.0042984341,0.0066708853,0.1389763271,0.3472247609,3.0,0.0362491207,3.77583e-11,0.0445306525,0.0190176806,0.3583916135,2.9270877599,1.9212259e-08,48.0,331.05
2019-02-28,74603438.949,1.0674233386,1.1393925838,0.2795374887,18.173971433,0.0343252915,-0.077075864,0.1617011875,-0.064383692,-0.244612315,0.9906013715,0.0366752873,1.2470351866,0.0139267476,-0.013926748,17.0,0.0163953122,0.7038446807,-5.768363272999999,0.2071155198,2.7237934944,0.1491854161,-0.124693106,-0.0441894409999999,-0.113024269,-0.023870184,0.0,-1.636411113,0.0,0.2766388381,0.3124409821,0.0,0.0,0.0,-0.0262836639999999,0.1234891829,0.1017260694999999,3.722826087,0.0619905983,0.0446619375,0.0360655738,0.0529895953,1.2366639832,0.0039614594,59197.292955,0.2140856059,,0.1383123693,-0.331735935,0.4910948446,0.0099612433,-0.331735935,,0.291919498,,,-0.208084891,6.0,0.2303877367,0.0,,,,0.0330049798,66.958132045,,25.431804281,0.7256328279,1.0,0.4336792746,0.0,0.5189291273,0.1358593468,-0.975982202,0.5059237061999999,0.0052854339,-4.7632e-05,0.0044096701,0.0525781605,1.0,0.0018679310999999,0.0243834901,0.0070418902,0.007310453,0.13903509,0.3463758625,3.0,0.0253620031999999,2.379172e-11,0.1419060528,0.0341704079,0.4384829782,4.1442583,1.4487964e-08,48.0,344.91
2019-03-29,77595093.344,1.0178896643000002,1.0360993686,0.2033910166,18.490931746,0.0342437847,0.0062253401,0.0418668352,0.0665270521,-0.031819383,0.7218373036,0.1236312434,1.2421115925,0.0139267476,-0.013926748,17.0,0.0163953122,0.7038446807,-5.768234566,0.2071155198,2.7237934944,0.1491854161,-0.124693106,-0.0441894409999999,-0.113024269,-0.023870184,0.0,-1.636411113,0.0,0.2678591901,0.3124409821,0.0,0.0,0.0,-0.0262836639999999,0.1234891829,0.1017260694999999,3.722826087,0.0619905983,0.0446619375,0.0360655738,0.0529895953,1.2366639832,0.0039614594,59197.292955,0.2140856059,,0.1383123693,-0.331735935,0.4910948446,0.0099612433,-0.331735935,,0.291919498,,,-0.208084891,6.0,0.2303877367,0.0,,,,0.0330049798,66.958132045,,25.431804281,0.7256328279,1.0,0.4336792746,0.0,0.5189291273,0.1358593468,-0.975982202,0.5059237061999999,0.0052854339,-4.7632e-05,0.0044096701,0.0525781605,1.0,0.0018679310999999,0.0243834901,0.0070418902,0.007310453,0.13903509,0.3463758625,3.0,0.0175088298,1.807011e-11,0.0299049225,0.0111160176,0.2434184832,1.4827507037999998,2.2142748e-08,48.0,346.91
2019-04-30,77502470.098,1.080403229,1.1672711373,0.0174280078,18.207414917,0.0355145065,0.0475486696,0.0057986141,0.0583957319,0.1082514127,0.3901355457,0.2389280759,1.2892883573,0.0139267476,-0.013926748,17.0,0.0163953122,0.7038446807,-5.972167701,0.2071155198,2.7237934944,0.1491854161,-0.124693106,-0.0441894409999999,-0.113024269,-0.023870184,0.0,-1.636411113,0.0,0.2678591901,0.3124409821,0.0,0.0,0.0,-0.0262836639999999,0.1234891829,0.1017260694999999,3.722826087,0.0619905983,0.0446619375,0.0360655738,0.0529895953,1.2366639832,0.0039614594,59197.292955,0.2140856059,,0.1383123693,-0.331735935,0.4910948446,0.0099612433,-0.331735935,,0.291919498,,,-0.208084891,6.0,0.2303877367,0.0,,,,0.0330049798,66.958132045,,25.431804281,0.7256328279,1.0,0.4336792746,0.0,0.5189291273,0.1358593468,-0.975982202,0.8568169186,0.0041893418,0.0005599482,-0.004407807,-0.01447631,2.0,0.0033709171,0.0242384139,0.01316668,0.0058177101,0.1390962585,0.3444620569,3.0,0.0169763406,1.7325629999999998e-11,0.0164082646,0.0094588374,0.432603606,4.2222918387,1.5321183e-08,48.0,371.19
2019-05-31,82926816.065,1.1136174213,1.2401437611,-0.02228424,18.479791204,0.0343842589,-0.009116202,0.0699893311,0.0828417508,0.2787422906,0.1557690417,0.2926139922,1.0859160519,0.0139267476,-0.013926748,17.0,0.0163953122,0.7038446807,-5.972167701,0.2071155198,2.7237934944,0.1491854161,-0.124693106,-0.0441894409999999,-0.113024269,-0.023870184,0.0,-1.636411113,0.0,0.2678591901,0.3124409821,0.0,0.0,0.0,-0.0262836639999999,0.1234891829,0.1017260694999999,3.722826087,0.0619905983,0.0446619375,0.0360655738,0.0529895953,1.2366639832,0.0039614594,59197.292955,0.2140856059,,0.1383123693,-0.331735935,0.4910948446,0.0099612433,-0.331735935,,0.291919498,,,-0.208084891,6.0,0.2303877367,0.0,,,,0.0330049798,66.958132045,,25.431804281,0.7256328279,1.0,0.4336792746,0.0,0.5189291273,0.1358593468,-0.975982202,0.8568169186,0.0041893418,0.0005599482,-0.004407807,-0.01447631,2.0,0.0033709171,0.0242384139,0.01316668,0.0058177101,0.1390962585,0.3444620569,3.0,0.0142962958,1.502561e-11,0.0173647981,0.0060899182999999,0.2910926067,1.1568064044,2.479029e-08,48.0,376.8
2019-06-28,84180131.67300001,1.1709069072,1.3710229852000002,-0.1165165309999999,18.059569985,0.034390357,0.0426370867,0.0151135138999999,0.1275516166,0.4219659596,0.1922901538,0.2143767868,1.0626984772,0.0139267476,-0.013926748,17.0,0.0163953122,0.7038446807,-5.972167701,0.2071155198,2.7237934944,0.1491854161,-0.124693106,-0.0441894409999999,-0.113024269,-0.023870184,0.0,-1.636411113,0.0,0.2611748638,0.3124409821,0.0,0.0,0.0,-0.0262836639999999,0.1234891829,0.1017260694999999,3.722826087,0.0619905983,0.0446619375,0.0360655738,0.0529895953,1.2366639832,0.0039614594,59197.292955,0.2140856059,,0.1383123693,-0.331735935,0.4910948446,0.0099612433,-0.331735935,,0.291919498,,,-0.208084891,6.0,0.2303877367,0.0,,,,0.0330049798,66.958132045,,25.431804281,0.7256328279,1.0,0.4336792746,0.0,0.5189291273,0.1358593468,-0.975982202,0.8568169186,0.0041893418,0.0005599482,-0.004407807,-0.01447631,2.0,0.0033709171,0.0242384139,0.01316668,0.0058177101,0.1390962585,0.3444620569,3.0,0.0163430385,2.398761e-11,0.0196268708,0.0109465956,0.2778780372,1.2847414484,2.0903921000000004e-08,48.0,395.18
2019-07-31,87523674.418,1.1308708247,1.2788688221,0.4148451234,18.19856706,0.0344794637,-0.064219715,0.0487792082,0.322244401,0.28508578,0.2824090017,0.1893204918,0.9045759248,0.0719855988,-0.071985599,18.0,0.0033623647,0.8357945722,-9.058364357,0.1149340632,-22.45711546,0.1832320076,-0.411717383,0.035511082,-0.055143267,-0.070069315,0.0,1.7933476249,0.0,0.2276603085,0.2937425269,0.0,0.0,0.0,-0.071614983,0.0191531715,0.1075820301,0.7136150235,0.0637807298,0.0480401245,0.0337552743,0.0425308444,1.5861006056,0.0279134542,44419.49583,0.227931587,,-0.489247104,-0.020290282,-0.059846359,-0.009146659,-0.020290282,,-0.010565326,,,-8.566666667,4.0,0.2257131046,0.0,,,,0.0402348974,79.190562613,,25.17830352,0.7176611012999999,1.0,0.0493735119,0.0,0.6794548668000001,0.1408506467,-0.70171975,0.8568169186,0.0041893418,0.0005599482,-0.004407807,-0.01447631,2.0,0.0033709171,0.0242384139,0.01316668,0.0058177101,0.1390962585,0.3444620569,2.0,0.0165038136,1.897272e-11,0.026532555,0.0091043402,0.3754225145,1.6572631026,2.4328651000000004e-08,48.0,385.38
2019-08-30,85353192.721,1.1197762582,1.2538988685,0.077207663,18.189156971,0.0335103848,-0.030495962,-0.024798796,0.1937169824,0.2974588381,0.2968024662,0.239998457,0.9178669364,0.0719855988,-0.071985599,18.0,0.0033623647,0.8357945722,-7.405304511000001,0.1149340632,-22.45711546,0.1832320076,-0.411717383,0.035511082,-0.055143267,-0.070069315,0.0,1.7933476249,0.0,0.2421411407,0.2937425269,0.0,0.0,0.0,-0.071614983,0.0191531715,0.1075820301,0.7136150235,0.0637807298,0.0480401245,0.0337552743,0.0425308444,1.5861006056,0.0279134542,44419.49583,0.227931587,,-0.489247104,-0.020290282,-0.059846359,-0.009146659,-0.020290282,,-0.010565326,,,-8.566666667,4.0,0.2257131046,0.0,,,,0.0402348974,79.190562613,,25.17830352,0.7176611012999999,1.0,0.0493735119,0.0,0.6794548668000001,0.1408506467,-0.70171975,1.0841358568,0.0037706152,0.0626641114,0.00817422,0.1722596082999999,0.0,0.0020262176,0.0241329099,0.0079773615,0.0097945893,0.1390439762,0.3433222871999999,2.0,0.0168050714,1.846439e-11,0.0149294408,0.0093211927,0.4336330685,1.9585658577,2.2405223e-08,48.0,409.59
2019-09-30,90715173.209,1.1130509589,1.238882437,0.0763479963,18.143049538,0.0332675377,-0.062699528,0.0628210902,0.1173349603,0.2415593276,0.2067960254,0.1923486889,1.0735745104,0.0719855988,-0.071985599,18.0,0.0033623647,0.8357945722,-7.405304511000001,0.1149340632,-22.45711546,0.1832320076,-0.411717383,0.035511082,-0.055143267,-0.070069315,0.0,1.7933476249,0.0,0.2417427206,0.2937425269,0.0,0.0,0.0,-0.071614983,0.0191531715,0.1075820301,0.7136150235,0.0637807298,0.0480401245,0.0337552743,0.0425308444,1.5861006056,0.0279134542,44419.49583,0.227931587,,-0.489247104,-0.020290282,-0.059846359,-0.009146659,-0.020290282,,-0.010565326,,,-8.566666667,4.0,0.2257131046,0.0,,,,0.0402348974,79.190562613,,25.17830352,0.7176611012999999,1.0,0.0493735119,0.0,0.6794548668000001,0.1408506467,-0.70171975,1.0841358568,0.0037706152,0.0626641114,0.00817422,0.1722596082999999,0.0,0.0020262176,0.0241329099,0.0079773615,0.0097945893,0.1390439762,0.3433222871999999,2.0,0.0183759945,1.779062e-11,0.0292339716,0.0114108595,0.265984839,1.85624837,1.4959673e-08,48.0,412.12
2019-10-31,88515132.551,1.0976396554,1.204812813,0.1234408419,18.607912456,0.0332675537,-0.1401483909999999,0.0061769057,0.180680848,0.2568736783999999,0.207097103,0.1990568067999999,1.14910451,0.0719855988,-0.071985599,18.0,0.0033623647,0.8357945722,-7.201934883,0.1149340632,-22.45711546,0.1832320076,-0.411717383,0.035511082,-0.055143267,-0.070069315,0.0,1.7933476249,0.0,0.2421411407,0.2937425269,0.0,0.0,0.0,-0.071614983,0.0191531715,0.1075820301,0.7136150235,0.0637807298,0.0480401245,0.0337552743,0.0425308444,1.5861006056,0.0279134542,44419.49583,0.227931587,,-0.489247104,-0.020290282,-0.059846359,-0.009146659,-0.020290282,,-0.010565326,,,-8.566666667,4.0,0.2257131046,0.0,,,,0.0402348974,79.190562613,,25.17830352,0.7176611012999999,1.0,0.0493735119,0.0,0.6794548668000001,0.1408506467,-0.70171975,1.0841358568,0.0037706152,0.0626641114,0.00817422,0.1722596082999999,0.0,0.0020262176,0.0241329099,0.0079773615,0.0097945893,0.1390439762,0.3433222871999999,2.0,0.016698948,1.500321e-11,0.0186008196,0.009596209,0.3522256603,2.4627686013,1.9402119e-08,48.0,467.86
2019-11-29,100486967.65,1.077439068,1.1608749453,0.1018035001,18.448196031,0.0325488479,-0.1036556159999999,0.1352518499,0.1102669603999999,0.286387632,0.2820440862,0.2397672186,1.226531024,0.0719855988,-0.071985599,18.0,0.0033623647,0.8357945722,-7.264980434,0.1149340632,-22.45711546,0.1832320076,-0.411717383,0.035511082,-0.055143267,-0.070069315,0.0,1.7933476249,0.0,0.242161629,0.2937425269,0.0,0.0,0.0,-0.071614983,0.0191531715,0.1075820301,0.7136150235,0.0637807298,0.0480401245,0.0337552743,0.0425308444,1.5861006056,0.0279134542,44419.49583,0.227931587,,-0.489247104,-0.020290282,-0.059846359,-0.009146659,-0.020290282,,-0.010565326,,,-8.566666667,4.0,0.2257131046,0.0,,,,0.0402348974,79.190562613,,25.17830352,0.7176611012999999,1.0,0.0493735119,0.0,0.6794548668000001,0.1408506467,-0.70171975,-0.097792677,0.0098535214,0.0006226437,0.0403388245,0.0024042918,0.0,0.0017313351,0.0239962037,0.0069725781999999,0.0070836453,0.1409469767999999,0.3427931685,2.0,0.0182425763,2.089582e-11,0.0623347833999999,0.0161414706,0.3191747992,1.6663018856999998,1.6576172999999998e-08,48.0,470.01
2019-12-31,100948749.9,1.065998212,1.1363521881,0.1027798002,18.563156521,0.0330537621,-0.1020220019999999,0.0045954440999999,0.2416666741,0.4212028390999999,0.1957430382999999,0.2579656144,1.0936535604000002,0.0719855988,-0.071985599,18.0,0.0033623647,0.8357945722,-7.351586472,0.1149340632,-22.45711546,0.1832320076,-0.411717383,0.035511082,-0.055143267,-0.070069315,0.0,1.7933476249,0.0,0.242161629,0.2937425269,0.0,0.0,0.0,-0.071614983,0.0191531715,0.1075820301,0.7136150235,0.0637807298,0.0480401245,0.0337552743,0.0425308444,1.5861006056,0.0279134542,44419.49583,0.227931587,,-0.489247104,-0.020290282,-0.059846359,-0.009146659,-0.020290282,,-0.010565326,,,-8.566666667,4.0,0.2257131046,0.0,,,,0.0402348974,79.190562613,,25.17830352,0.7176611012999999,1.0,0.0493735119,0.0,0.6794548668000001,0.1408506467,-0.70171975,-0.097792677,0.0098535214,0.0006226437,0.0403388245,0.0024042918,0.0,0.0017313351,0.0239962037,0.0069725781999999,0.0070836453,0.1409469767999999,0.3427931685,2.0,0.0163311649,1.60404e-11,0.0184243713,0.0087043939,0.2600904019,1.1583288545,2.4338746e-08,48.0,485.08
2020-01-31,101855155.26,1.0652522191,1.1347622902,-0.159251173,18.323396332,0.0329107388,0.0406901596,0.0320630968,0.1893568009,0.6493315473,-0.010245933,0.2692436487,1.0442431516,0.0719855988,-0.071985599,18.0,0.0033623647,0.8357945722,-7.587033862999999,0.1149340632,-22.45711546,0.1832320076,-0.411717383,0.035511082,-0.055143267,-0.070069315,0.0,1.7933476249,0.0,0.2500366816,0.2937425269,0.0,0.0,0.0,-0.071614983,0.0191531715,0.1075820301,0.7136150235,0.0637807298,0.0480401245,0.0337552743,0.0425308444,1.5861006056,0.0279134542,44419.49583,0.227931587,,-0.489247104,-0.020290282,-0.059846359,-0.009146659,-0.020290282,,-0.010565326,,,-8.566666667,4.0,0.2257131046,0.0,,,,0.0402348974,79.190562613,,25.17830352,0.7176611012999999,1.0,0.0493735119,0.0,0.6794548668000001,0.1408506467,-0.70171975,0.3885274489,0.0047643495,0.0002940151,-0.074446234,-0.039615434,1.0,0.0021323265,0.0237805422,0.0087871494999999,0.0056327616,0.1420311676,0.3412984028,2.0,0.0155233793999999,1.5088479999999998e-11,0.0196133590999999,0.0092114627,0.3752178318,2.2407166839,2.0481973e-08,48.0,517.46
2020-02-28,108654185.57,1.0538141527,1.1105242684,0.1786124639,18.477902693,0.0329457714,-0.034416998,0.0667519495,0.2587056471,0.4652771665,0.0219168952,0.2718860476,1.0720368042,0.0719855988,-0.071985599,18.0,0.0033623647,0.8357945722,-7.670107285,0.1149340632,-22.45711546,0.1832320076,-0.411717383,0.035511082,-0.055143267,-0.070069315,0.0,1.7933476249,0.0,0.2500366816,0.2937425269,0.0,0.0,0.0,-0.071614983,0.0191531715,0.1075820301,0.7136150235,0.0637807298,0.0480401245,0.0337552743,0.0425308444,1.5861006056,0.0279134542,44419.49583,0.227931587,,-0.489247104,-0.020290282,-0.059846359,-0.009146659,-0.020290282,,-0.010565326,,,-8.566666667,4.0,0.2257131046,0.0,,,,0.0402348974,79.190562613,,25.17830352,0.7176611012999999,1.0,0.0493735119,0.0,0.6794548668000001,0.1408506467,-0.70171975,0.3885274489,0.0047643495,0.0002940151,-0.074446234,-0.039615434,1.0,0.0021323265,0.0237805422,0.0087871494999999,0.0056327616,0.1420311676,0.3412984028,2.0,0.0193688042,1.64407e-11,0.049657207,0.0143810347,0.3302016101,2.0847739731,1.6571563999999998e-08,48.0,493.17
2020-03-31,103553866.74,1.0061418856,1.012321494,0.0165306006,18.732545739000003,0.033256995,-0.067451457,-0.046940841,0.2633609883,0.5002754872999999,0.0676345221,0.2734580319,1.2009900319,0.0719855988,-0.071985599,18.0,0.0033623647,0.8357945722,-7.670456706,0.1149340632,-22.45711546,0.1832320076,-0.411717383,0.035511082,-0.055143267,-0.070069315,0.0,1.7933476249,0.0,0.2528521537,0.2937425269,0.0,0.0,0.0,-0.071614983,0.0191531715,0.1075820301,0.7136150235,0.0637807298,0.0480401245,0.0337552743,0.0425308444,1.5861006056,0.0279134542,44419.49583,0.227931587,,-0.489247104,-0.020290282,-0.059846359,-0.009146659,-0.020290282,,-0.010565326,,,-8.566666667,4.0,0.2257131046,0.0,,,,0.0402348974,79.190562613,,25.17830352,0.7176611012999999,1.0,0.0493735119,0.0,0.6794548668000001,0.1408506467,-0.70171975,0.3885274489,0.0047643495,0.0002940151,-0.074446234,-0.039615434,1.0,0.0021323265,0.0237805422,0.0087871494999999,0.0056327616,0.1420311676,0.3412984028,2.0,0.0190304847,1.222407e-11,0.0281953495,0.0133904096,0.4389260440999999,3.4522850845,1.8482714e-08,48.0,436.31
2020-04-30,90079689.476,0.9953684663,0.9907583836,-0.1292772959999999,18.675402932,0.0334018633,-0.105110935,-0.1152949559999999,0.1966660678,0.4216079386,0.0598496834999999,0.2140278134,1.8583537572,0.0719855988,-0.071985599,18.0,0.0033623647,0.8357945722,-7.673207195,0.1149340632,-22.45711546,0.1832320076,-0.411717383,0.035511082,-0.055143267,-0.070069315,0.0,1.7933476249,0.0,0.2780185759,0.2937425269,0.0,0.0,0.0,-0.071614983,0.0191531715,0.1075820301,0.7136150235,0.0637807298,0.0480401245,0.0337552743,0.0425308444,1.5861006056,0.0279134542,44419.49583,0.227931587,,-0.489247104,-0.020290282,-0.059846359,-0.009146659,-0.020290282,,-0.010565326,,,-8.566666667,4.0,0.2257131046,0.0,,,,0.0402348974,79.190562613,,25.17830352,0.7176611012999999,1.0,0.0493735119,0.0,0.6794548668000001,0.1408506467,-0.70171975,0.2273731416,0.003497009,0.0001163706,-0.05484107,0.0718115045,2.0,0.0026491426,0.0237893852999999,0.0109675225,0.0063040068,0.1423157679,0.3425664324,2.0,0.0615516536,3.639127e-11,0.0985384136,0.0552110212999999,0.2519598086,3.7901043488,6.6725352e-09,48.0,495.23
2020-05-29,102244197.61,1.0318140301,1.0646401926,-0.201932163,19.373147253,0.0331378567,-0.29566651,0.1350416243,-0.067434678,0.1754357523,0.0754143062,0.1821421032999999,1.8436792633,0.0719855988,-0.071985599,18.0,0.0033623647,0.8357945722,-7.650214492000001,0.1149340632,-22.45711546,0.1832320076,-0.411717383,0.035511082,-0.055143267,-0.070069315,0.0,1.7933476249,0.0,0.280730072,0.2937425269,0.0,0.0,0.0,-0.071614983,0.0191531715,0.1075820301,0.7136150235,0.0637807298,0.0480401245,0.0337552743,0.0425308444,1.5861006056,0.0279134542,44419.49583,0.227931587,,-0.489247104,-0.020290282,-0.059846359,-0.009146659,-0.020290282,,-0.010565326,,,-8.566666667,4.0,0.2257131046,0.0,,,,0.0402348974,79.190562613,,25.17830352,0.7176611012999999,1.0,0.0493735119,0.0,0.6794548668000001,0.1408506467,-0.70171975,0.2273731416,0.003497009,0.0001163706,-0.05484107,0.0718115045,2.0,0.0026491426,0.0237893852999999,0.0109675225,0.0063040068,0.1423157679,0.3425664324,2.0,0.0361432841,2.671808e-11,0.0593591519,0.0208055907,0.2724083959,1.823295084,1.6874973000000002e-08,48.0,544.0
2020-06-30,112313152.0,0.9236929427,0.8532086524,-0.089950529,18.653597912,0.0333918903,-0.172883265,0.0984794721,0.0536584291,0.3143047426,0.0904355505,0.1916511182999999,1.7719868488,0.0719855988,-0.071985599,18.0,0.0033623647,0.8357945722,-7.750682307000001,0.1149340632,-22.45711546,0.1832320076,-0.411717383,0.035511082,-0.055143267,-0.070069315,0.0,1.7933476249,0.0,0.279327353,0.2937425269,0.0,0.0,0.0,-0.071614983,0.0191531715,0.1075820301,0.7136150235,0.0637807298,0.0480401245,0.0337552743,0.0425308444,1.5861006056,0.0279134542,44419.49583,0.227931587,,-0.489247104,-0.020290282,-0.059846359,-0.009146659,-0.020290282,,-0.010565326,,,-8.566666667,4.0,0.2257131046,0.0,,,,0.0402348974,79.190562613,,25.17830352,0.7176611012999999,1.0,0.0493735119,0.0,0.6794548668000001,0.1408506467,-0.70171975,0.2273731416,0.003497009,0.0001163706,-0.05484107,0.0718115045,2.0,0.0026491426,0.0237893852999999,0.0109675225,0.0063040068,0.1423157679,0.3425664324,2.0,0.0265214022,2.436076e-11,0.0299303308,0.0156171811,0.2987105889999999,1.5143883622999998,2.1619035e-08,48.0,510.04
2020-07-31,104506687.71,0.8971526844,0.8048829392,-0.176035789,18.548569768,0.0340828906,-0.169654746,-0.062426455,0.1214645292,0.3765879115,0.1731630967,0.1372326554,1.1604693044,0.0684973396,-0.06849734,19.0,-0.01408335,0.4826068928,-6.229570193,0.109773475,8.694274499,0.1153402559,-1.511040462,0.023053458,-0.068239303,-0.0541196059999999,0.0,0.1314524568,0.0,0.5224868793,0.2781716784,0.0,0.0,0.0,-0.133388453,0.0163761957,0.1131868884,-0.1720368239999999,0.0581683757,0.0528613000999999,-0.029591837,0.0351604736,1.0738484144,0.0738184531,79850.898499,0.259235902,,-0.459701755,1.3148274011,-0.053008492,-0.000254221,1.3148274011,,-0.2362396739999999,,,-6.043165468,6.0,0.5224868793,0.0,,,,0.0503425829999999,13.139247775,,20.549618321,0.7007113490000001,1.0,0.0488151442,0.0,0.4493046878,0.1630746753999999,-0.516213106,0.2273731416,0.003497009,0.0001163706,-0.05484107,0.0718115045,2.0,0.0026491426,0.0237893852999999,0.0109675225,0.0063040068,0.1423157679,0.3425664324,1.0,0.0238335371,1.871666e-11,0.0181640331,0.0134585553,0.288627111,1.9914587965,1.6446308e-08,48.0,580.0
2020-08-31,118841420.0,0.8363083218999999,0.6994116093000001,-0.221867167,18.661895731,0.034760409,-0.048934653,0.1371656953999999,-0.014339299,0.3234729427,-0.016661974,0.1640138403,1.0432912476,0.0684973396,-0.06849734,19.0,-0.01408335,0.4826068928,-6.229405535,0.109773475,8.694274499,0.1153402559,-1.511040462,0.023053458,-0.068239303,-0.0541196059999999,0.0,0.1314524568,0.0,0.5224868793,0.2781716784,0.0,0.0,0.0,-0.133388453,0.0163761957,0.1131868884,-0.1720368239999999,0.0581683757,0.0528613000999999,-0.029591837,0.0351604736,1.0738484144,0.0738184531,79850.898499,0.259235902,,-0.459701755,1.3148274011,-0.053008492,-0.000254221,1.3148274011,,-0.2362396739999999,,,-6.043165468,6.0,0.5224868793,0.0,,,,0.0503425829999999,13.139247775,,20.549618321,0.7007113490000001,1.0,0.0488151442,0.0,0.4493046878,0.1630746753999999,-0.516213106,0.4512688406,0.0235039274,0.000739068,0.0246584756999999,0.0824171342,3.0,0.0049150873999999,0.0235798423,0.0216534239,0.0052034675,0.1419167349,0.3417524823,1.0,0.0217672195,1.852863e-11,0.0293908808,0.010491657,0.2909619162,1.3309233923,2.2283366e-08,48.0,615.61
2020-09-30,126137870.39,0.8544902147,0.730153527,0.0442135642999999,18.479493278,0.0342066548,-0.001856547,0.061396528,0.1760650168,0.4160502111999999,0.0277261825999999,0.1653453486,1.0097844486,0.0684973396,-0.06849734,19.0,-0.01408335,0.4826068928,-6.380561712,0.109773475,8.694274499,0.1153402559,-1.511040462,0.023053458,-0.068239303,-0.0541196059999999,0.0,0.1314524568,0.0,0.5224868793,0.2781716784,0.0,0.0,0.0,-0.133388453,0.0163761957,0.1131868884,-0.1720368239999999,0.0581683757,0.0528613000999999,-0.029591837,0.0351604736,1.0738484144,0.0738184531,79850.898499,0.259235902,,-0.459701755,1.3148274011,-0.053008492,-0.000254221,1.3148274011,,-0.2362396739999999,,,-6.043165468,6.0,0.5224868793,0.0,,,,0.0503425829999999,13.139247775,,20.549618321,0.7007113490000001,1.0,0.0488151442,0.0,0.4493046878,0.1630746753999999,-0.516213106,0.4512688406,0.0235039274,0.000739068,0.0246584756999999,0.0824171342,3.0,0.0049150873999999,0.0235798423,0.0216534239,0.0052034675,0.1419167349,0.3417524823,1.0,0.0175374444,1.104998e-11,0.0174834616,0.0081388831999999,0.1838501373999999,0.7522289056999999,2.4662425e-08,48.0,624.34
2020-10-30,124789962.87,0.8625986040000001,0.7440763516,0.372258617,18.484157482,0.0336007316,-0.0467450129999999,0.014181124,0.4109463188,0.4937639386999999,0.1340046925,0.1464485475,0.9644611215,0.0684973396,-0.06849734,19.0,-0.01408335,0.4826068928,-6.449486984,0.109773475,8.694274499,0.1153402559,-1.511040462,0.023053458,-0.068239303,-0.0541196059999999,0.0,0.1314524568,0.0,0.5224868793,0.2781716784,0.0,0.0,0.0,-0.133388453,0.0163761957,0.1131868884,-0.1720368239999999,0.0581683757,0.0528613000999999,-0.029591837,0.0351604736,1.0738484144,0.0738184531,79850.898499,0.259235902,,-0.459701755,1.3148274011,-0.053008492,-0.000254221,1.3148274011,,-0.2362396739999999,,,-6.043165468,6.0,0.5224868793,0.0,,,,0.0503425829999999,13.139247775,,20.549618321,0.7007113490000001,1.0,0.0488151442,0.0,0.4493046878,0.1630746753999999,-0.516213106,0.4512688406,0.0235039274,0.000739068,0.0246584756999999,0.0824171342,3.0,0.0049150873999999,0.0235798423,0.0216534239,0.0052034675,0.1419167349,0.3417524823,1.0,0.0244351022,2.163862e-11,0.0304553825,0.0165235149,0.2311568551,1.3222878151000002,1.9171742e-08,48.0,603.82
2020-11-30,120688523.96,0.8570518973000001,0.7345379546999999,0.1607713875,18.748797572,0.0331363655,-0.090796774,-0.032866739,0.2607071784,0.3344591251,0.4000657619,0.1470116963,1.0353537628,0.0684973396,-0.06849734,19.0,-0.01408335,0.4826068928,-6.592225052000001,0.109773475,8.694274499,0.1153402559,-1.511040462,0.023053458,-0.068239303,-0.0541196059999999,0.0,0.1314524568,0.0,0.5224868793,0.2781716784,0.0,0.0,0.0,-0.133388453,0.0163761957,0.1131868884,-0.1720368239999999,0.0581683757,0.0528613000999999,-0.029591837,0.0351604736,1.0738484144,0.0738184531,79850.898499,0.259235902,,-0.459701755,1.3148274011,-0.053008492,-0.000254221,1.3148274011,,-0.2362396739999999,,,-6.043165468,6.0,0.5224868793,0.0,,,,0.0503425829999999,13.139247775,,20.549618321,0.7007113490000001,1.0,0.0488151442,0.0,0.4493046878,0.1630746753999999,-0.516213106,-0.00850965,0.0198427862,-0.000611176,-0.033402934,0.0421792048,0.0,0.0026722812,0.0233383497,0.0125934171,0.0059058818,0.1425497399,0.3384717798,1.0,0.0231942491,2.222893e-11,0.0482986234,0.01840094,0.3024421531,1.9299739858,1.7636985e-08,48.0,651.99
2020-12-31,130316499.3,0.8315087915,0.6914068704,0.0410888579,18.728761616,0.0335517533,-0.14607704,0.0797754005,0.1099632500999999,0.2846960568,0.4408204252,0.1428733922,1.142296965,0.0684973396,-0.06849734,19.0,-0.01408335,0.4826068928,-6.592225052000001,0.109773475,8.694274499,0.1153402559,-1.511040462,0.023053458,-0.068239303,-0.0541196059999999,0.0,0.1314524568,0.0,0.5224868793,0.2781716784,0.0,0.0,0.0,-0.133388453,0.0163761957,0.1131868884,-0.1720368239999999,0.0581683757,0.0528613000999999,-0.029591837,0.0351604736,1.0738484144,0.0738184531,79850.898499,0.259235902,,-0.459701755,1.3148274011,-0.053008492,-0.000254221,1.3148274011,,-0.2362396739999999,,,-6.043165468,6.0,0.5224868793,0.0,,,,0.0503425829999999,13.139247775,,20.549618321,0.7007113490000001,1.0,0.0488151442,0.0,0.4493046878,0.1630746753999999,-0.516213106,-0.00850965,0.0198427862,-0.000611176,-0.033402934,0.0421792048,0.0,0.0026722812,0.0233383497,0.0125934171,0.0059058818,0.1425497399,0.3384717798,1.0,0.0272969199,2.103944e-11,0.071757935,0.023230415,0.3567910761,1.9406146489,2.0227227e-08,48.0,661.55
2021-01-29,128162740.69,0.8080978231999999,0.6530220918999999,0.245599616,18.763789484,0.0340494993,-0.0001161139999999,0.0146627985,0.2783114665,0.3440875888,0.4438623868999999,0.1357956532,1.3110601814,0.0684973396,-0.06849734,19.0,-0.01408335,0.4826068928,-6.590939031,0.109773475,8.694274499,0.1153402559,-1.511040462,0.023053458,-0.068239303,-0.0541196059999999,0.0,0.1314524568,0.0,0.5224868793,0.2781716784,0.0,0.0,0.0,-0.133388453,0.0163761957,0.1131868884,-0.1720368239999999,0.0581683757,0.0528613000999999,-0.029591837,0.0351604736,1.0738484144,0.0738184531,79850.898499,0.259235902,,-0.459701755,1.3148274011,-0.053008492,-0.000254221,1.3148274011,,-0.2362396739999999,,,-6.043165468,6.0,0.5224868793,0.0,,,,0.0503425829999999,13.139247775,,20.549618321,0.7007113490000001,1.0,0.0488151442,0.0,0.4493046878,0.1630746753999999,-0.516213106,-0.00850965,0.0198427862,-0.000611176,-0.033402934,0.0421792048,0.0,0.0026722812,0.0233383497,0.0125934171,0.0059058818,0.1425497399,0.3384717798,1.0,0.0207236417999999,1.654819e-11,0.0216742641999999,0.0148720262,0.5355460361,8.2589657229,1.2395014e-08,48.0,607.56
2021-02-26,117703205.89,0.8048312195999999,0.6477532921,-0.073342303,19.141402657,0.0334979404,0.0680464269,-0.081611358,0.1406034276,0.2784562287,0.3716634318,0.1379035036999999,1.3280132417,0.0684973396,-0.06849734,19.0,-0.01408335,0.4826068928,-2.29606378,0.109773475,8.694274499,0.1153402559,-1.511040462,0.023053458,-0.068239303,-0.0541196059999999,0.0,0.1314524568,0.0,0.5224868793,0.2781716784,0.0,0.0,0.0,-0.133388453,0.0163761957,0.1131868884,-0.1720368239999999,0.0581683757,0.0528613000999999,-0.029591837,0.0351604736,1.0738484144,0.0738184531,79850.898499,0.259235902,,-0.459701755,1.3148274011,-0.053008492,-0.000254221,1.3148274011,,-0.2362396739999999,,,-6.043165468,6.0,0.5224868793,0.0,,,,0.0503425829999999,13.139247775,,20.549618321,0.7007113490000001,1.0,0.0488151442,0.0,0.4493046878,0.1630746753999999,-0.516213106,0.0469895338,0.0144485173,0.000561317,0.0141876396999999,0.0408539595,1.0,0.0052268137,0.0155988973,0.025853922,0.0041528443,0.0420498401999999,0.2393612396,2.0,0.0284693042,2.203193e-11,0.0631231815,0.0284258349,0.3174815285,2.2819235234,1.8964884e-08,48.0,613.42
2021-03-31,118838466.71,0.7805005026,0.6091810345,-0.251828782,18.777727457,0.0337064324,0.27516437,0.0096451137,-0.013076446,0.2319483726,0.4423128425,0.0953833915,1.3585277686,0.0684973396,-0.06849734,19.0,-0.01408335,0.4826068928,-2.310048533,0.109773475,8.694274499,0.1153402559,-1.511040462,0.023053458,-0.068239303,-0.0541196059999999,0.0,0.1314524568,0.0,0.5224868793,0.2781716784,0.0,0.0,0.0,-0.133388453,0.0163761957,0.1131868884,-0.1720368239999999,0.0581683757,0.0528613000999999,-0.029591837,0.0351604736,1.0738484144,0.0738184531,79850.898499,0.259235902,,-0.459701755,1.3148274011,-0.053008492,-0.000254221,1.3148274011,,-0.2362396739999999,,,-6.043165468,6.0,0.5224868793,0.0,,,,0.0503425829999999,13.139247775,,20.549618321,0.7007113490000001,1.0,0.0488151442,0.0,0.4493046878,0.1630746753999999,-0.516213106,0.0469895338,0.0144485173,0.000561317,0.0141876396999999,0.0408539595,1.0,0.0052268137,0.0155988973,0.025853922,0.0041528443,0.0420498401999999,0.2393612396,2.0,0.0270372675,1.807998e-11,0.0295148604,0.0139380767,0.3051480483,1.8716639885,2.091876e-08,48.0,617.02
2021-04-30,116410699.0,0.7240233604,0.5242098264,-0.442679521,18.689265604000003,0.0320433317,0.8737748171999999,0.0058687958,-0.017490545,0.4059269388,0.4019343276,0.1593970381,1.3146760236,0.0684973396,-0.06849734,19.0,-0.01408335,0.4826068928,-2.328127488,0.109773475,8.694274499,0.1153402559,-1.511040462,0.023053458,-0.068239303,-0.0541196059999999,0.0,0.1314524568,0.0,0.5224868793,0.2781716784,0.0,0.0,0.0,-0.133388453,0.0163761957,0.1131868884,-0.1720368239999999,0.0581683757,0.0528613000999999,-0.029591837,0.0351604736,1.0738484144,0.0738184531,79850.898499,0.259235902,,-0.459701755,1.3148274011,-0.053008492,-0.000254221,1.3148274011,,-0.2362396739999999,,,-6.043165468,6.0,0.5224868793,0.0,,,,0.0503425829999999,13.139247775,,20.549618321,0.7007113490000001,1.0,0.0488151442,0.0,0.4493046878,0.1630746753999999,-0.516213106,0.0469895338,0.0144485173,0.000561317,0.0141876396999999,0.0408539595,1.0,0.0052268137,0.0155988973,0.025853922,0.0041528443,0.0420498401999999,0.2393612396,2.0,0.0259142319,1.596725e-11,0.0269732308,0.0152741161,0.2823422482,2.1359061642,1.2450073999999998e-08,48.0,673.45
2021-05-28,127057120.0,0.7013665865,0.4919150886999999,-0.103956021,19.021782334,0.0322689461,0.7013446423999999,0.0914556906,0.0218608356,0.2459261464,0.8254635275,0.0749373654999999,1.2384955424,0.0684973396,-0.06849734,19.0,-0.01408335,0.4826068928,-2.356129057,0.109773475,8.694274499,0.1153402559,-1.511040462,0.023053458,-0.068239303,-0.0541196059999999,0.0,0.1314524568,0.0,0.5224868793,0.2781716784,0.0,0.0,0.0,-0.133388453,0.0163761957,0.1131868884,-0.1720368239999999,0.0581683757,0.0528613000999999,-0.029591837,0.0351604736,1.0738484144,0.0738184531,79850.898499,0.259235902,,-0.459701755,1.3148274011,-0.053008492,-0.000254221,1.3148274011,,-0.2362396739999999,,,-6.043165468,6.0,0.5224868793,0.0,,,,0.0503425829999999,13.139247775,,20.549618321,0.7007113490000001,1.0,0.0488151442,0.0,0.4493046878,0.1630746753999999,-0.516213106,0.6687843345000001,0.0088977967,0.0003510776999999,0.0152804482,0.0287838052,2.0,0.0056085327,0.015545497,0.0277285733999999,0.0064668665,0.0420651979,0.2387705846,2.0,0.0213359827999999,1.297177e-11,0.0306271669,0.0106803739,0.3156324657,1.5988486237,2.0460742e-08,48.0,694.53
2021-06-30,131034202.51,0.6976889515000001,0.4867698729999999,-0.133264558,18.678195532,0.031999251,0.6244236951,0.0313015319,0.0329146446,0.2379595769,1.0839717616,0.079832891,1.2057896588,0.0684973396,-0.06849734,19.0,-0.01408335,0.4826068928,-2.356129057,0.109773475,8.694274499,0.1153402559,-1.511040462,0.023053458,-0.068239303,-0.0541196059999999,0.0,0.1314524568,0.0,0.5224868793,0.2781716784,0.0,0.0,0.0,-0.133388453,0.0163761957,0.1131868884,-0.1720368239999999,0.0581683757,0.0528613000999999,-0.029591837,0.0351604736,1.0738484144,0.0738184531,79850.898499,0.259235902,,-0.459701755,1.3148274011,-0.053008492,-0.000254221,1.3148274011,,-0.2362396739999999,,,-6.043165468,6.0,0.5224868793,0.0,,,,0.0503425829999999,13.139247775,,20.549618321,0.7007113490000001,1.0,0.0488151442,0.0,0.4493046878,0.1630746753999999,-0.516213106,0.6687843345000001,0.0088977967,0.0003510776999999,0.0152804482,0.0287838052,2.0,0.0056085327,0.015545497,0.0277285733999999,0.0064668665,0.0420651979,0.2387705846,2.0,0.0208126493,1.739049e-11,0.0366263500999999,0.0151439566999999,0.2606919535999999,1.2767217661,2.3288526e-08,48.0,721.45
2021-07-30,132618384.14,0.6882500368000001,0.4736881131,-0.206510124,18.628354364,0.0321360412,0.6192754032,0.0387599989999999,0.0498526771,0.3617167585,0.7395042048,0.0474927024,1.0068018699,0.0775665711,-0.077566571,20.0,0.0268712716,0.3270295234,-3.076320222,0.1157714664,66.944632315,0.1136211635999999,-2.480198905,0.0551592978,-0.077365985,-0.3309646619999999,0.0,0.4997742087,0.0,0.3955443038,0.2728064997,0.0,0.0,0.0,-0.242963905,0.0251399114,0.1236537371,-0.18739726,0.053913555,0.0589871383,0.0105152471,0.0261222231,0.888908877,0.0415809539,106791.82127,0.345382101,,0.1039753993,-0.242958399,-0.019287293,0.0498884028,-0.242958399,,0.0696462301,,,-3.519553073,6.0,0.3955443038,0.0,,,,0.0636281192,48.514028056,,21.997728305,0.6947642842,1.0,0.0579713312,0.0,0.3777774947999999,0.1498009792,-0.7487712240000001,0.6687843345000001,0.0088977967,0.0003510776999999,0.0152804482,0.0287838052,2.0,0.0056085327,0.015545497,0.0277285733999999,0.0064668665,0.0420651979,0.2387705846,5.0,0.0160434393,1.551159e-11,0.0175299626,0.0096540951,0.3336087644,1.7061521838999998,2.0156727e-08,48.0,744.05
2021-08-31,136772756.86,0.6836121000000001,0.4673255032,0.1771354607,18.714227266,0.0319798788,0.6531366659000001,0.0313257687,0.1874547609,0.2438793259,0.9042617087,0.0570794032,0.9363877374,0.0775665711,-0.077566571,20.0,0.0268712716,0.3270295234,-3.20997467,0.1157714664,66.944632315,0.1136211635999999,-2.480198905,0.0551592978,-0.077365985,-0.3309646619999999,0.0,0.4997742087,0.0,0.3955443038,0.2728064997,0.0,0.0,0.0,-0.242963905,0.0251399114,0.1236537371,-0.18739726,0.053913555,0.0589871383,0.0105152471,0.0261222231,0.888908877,0.0415809539,106791.82127,0.345382101,,0.1039753993,-0.242958399,-0.019287293,0.0498884028,-0.242958399,,0.0696462301,,,-3.519553073,6.0,0.3955443038,0.0,,,,0.0636281192,48.514028056,,21.997728305,0.6947642842,1.0,0.0579713312,0.0,0.3777774947999999,0.1498009792,-0.7487712240000001,0.5405799020000001,0.0069206552,0.0009717386,0.0267949555,-0.022864616,3.0,0.0086411962,0.0155268793,0.0463093734,0.00686627,0.0373902927999999,0.2387106953,5.0,0.0181773695,1.699019e-11,0.0423788167999999,0.0135673812999999,0.3030284722,1.3055156712,2.4985976000000002e-08,48.0,816.66
2021-09-30,150120069.58,0.6872332347,0.4722895189,0.3348801994,18.552071096,0.0316745132,0.5615624544,0.0975875109,0.2129536185,0.2086385889,0.9832796541,0.0463960521999999,0.9549577688,0.0775665711,-0.077566571,20.0,0.0268712716,0.3270295234,-3.248947831,0.1157714664,66.944632315,0.1136211635999999,-2.480198905,0.0551592978,-0.077365985,-0.3309646619999999,0.0,0.4997742087,0.0,0.3955443038,0.2728064997,0.0,0.0,0.0,-0.242963905,0.0251399114,0.1236537371,-0.18739726,0.053913555,0.0589871383,0.0105152471,0.0261222231,0.888908877,0.0415809539,106791.82127,0.345382101,,0.1039753993,-0.242958399,-0.019287293,0.0498884028,-0.242958399,,0.0696462301,,,-3.519553073,6.0,0.3955443038,0.0,,,,0.0636281192,48.514028056,,21.997728305,0.6947642842,1.0,0.0579713312,0.0,0.3777774947999999,0.1498009792,-0.7487712240000001,0.5405799020000001,0.0069206552,0.0009717386,0.0267949555,-0.022864616,3.0,0.0086411962,0.0155268793,0.0463093734,0.00686627,0.0373902927999999,0.2387106953,5.0,0.0143534733,1.009185e-11,0.0268713571,0.0079229805,0.2480266951,1.0098382639,2.0951768e-08,48.0,727.56
2021-10-29,130444959.52,0.6737098212,0.4538849232,0.1908757634,18.774759563,0.0314228806,0.7456888426,-0.109102905,0.3235550686,0.3080371829,0.9158586769,0.019436668,1.0011991678,0.0775665711,-0.077566571,20.0,0.0268712716,0.3270295234,-3.281313389,0.1157714664,66.944632315,0.1136211635999999,-2.494682717,0.0551592978,-0.077365985,-0.3309646619999999,0.0,0.4997742087,0.0,0.3955443038,0.2728064997,0.0,0.0,0.0,-0.242963905,0.0251399114,0.1236537371,-0.18739726,0.053913555,0.0589871383,0.0105152471,0.0261222231,0.888908877,0.0415809539,106791.82127,0.345382101,,0.1039753993,-0.242958399,-0.019287293,0.0498884028,-0.242958399,,0.0696462301,,,-3.519553073,6.0,0.3955443038,0.0,,,,0.0636281192,48.514028056,,21.997728305,0.6947642842,1.0,0.0579713312,0.0,0.3777774947999999,0.1498009792,-0.7487712240000001,0.5405799020000001,0.0069206552,0.0009717386,0.0267949555,-0.022864616,3.0,0.0086411962,0.0155268793,0.0463093734,0.00686627,0.0373902927999999,0.2387106953,5.0,0.0185211962,1.165129e-11,0.0078214165,0.010805526,0.3781540066,3.2144526382,1.8150817e-08,48.0,674.89
2021-11-30,121001705.62,0.6620064165,0.4382524954,-0.113177578,18.848228726,0.0310131698,0.7688521322,-0.072392635,0.0803474444,0.2049286001,0.8847583218,0.0477619529999999,1.0501029053,0.0775665711,-0.077566571,20.0,0.0268712716,0.3270295234,-3.3163728910000003,0.1157714664,66.944632315,0.1136211635999999,-2.494682717,0.0551592978,-0.077365985,-0.3309646619999999,0.0,0.4997742087,0.0,0.3955443038,0.2728064997,0.0,0.0,0.0,-0.242963905,0.0251399114,0.1236537371,-0.18739726,0.053913555,0.0589871383,0.0105152471,0.0261222231,0.888908877,0.0415809539,106791.82127,0.345382101,,0.1039753993,-0.242958399,-0.019287293,0.0498884028,-0.242958399,,0.0696462301,,,-3.519553073,6.0,0.3955443038,0.0,,,,0.0636281192,48.514028056,,21.997728305,0.6947642842,1.0,0.0579713312,0.0,0.3777774947999999,0.1498009792,-0.7487712240000001,0.0392877137,0.0053820788,0.0012759975999999,-0.021721944,0.0373538551,0.0,0.005596161,0.0154558947,0.0339004411,0.0067347764,0.0374035297,0.2379303055,5.0,0.020636596,1.878302e-11,0.0224262606,0.0177921547,0.3354910125,2.2985665313,2.0800416e-08,48.0,646.28
2021-12-31,115872192.73,0.6529067567,0.4262872329,-0.134717895,18.612897963,0.0314992199,0.4035898441,-0.0423920709999999,-0.028278137,0.0351232702999999,0.9805284752,-0.0130940089999999,1.0851632263,0.0775665711,-0.077566571,20.0,0.0268712716,0.3270295234,-3.359312317,0.1157714664,66.944632315,0.1136211635999999,-2.494488077,0.0551592978,-0.077365985,-0.3309646619999999,0.0,0.4997742087,0.0,0.3955443038,0.2728064997,0.0,0.0,0.0,-0.242963905,0.0251399114,0.1236537371,-0.18739726,0.053913555,0.0589871383,0.0105152471,0.0261222231,0.888908877,0.0415809539,106791.82127,0.345382101,,0.1039753993,-0.242958399,-0.019287293,0.0498884028,-0.242958399,,0.0696462301,,,-3.519553073,6.0,0.3955443038,0.0,,,,0.0636281192,48.514028056,,21.997728305,0.6947642842,1.0,0.0579713312,0.0,0.3777774947999999,0.1498009792,-0.7487712240000001,0.0392877137,0.0053820788,0.0012759975999999,-0.021721944,0.0373538551,0.0,0.005596161,0.0154558947,0.0339004411,0.0067347764,0.0374035297,0.2379303055,5.0,0.0194199173,1.329589e-11,0.0161995273,0.0114255684,0.2984588494,1.9462745501,1.9320209e-08,48.0,651.97
