tradeDate,mvel1,beta,betasq,chmom,dolvol,idiovol,indmom,mom1m,mom6m,mom12m,mom36m,pricedelay,turn,absacc,acc,age,agr,bm,bm_ia,cashdebt,cashpr,cfp,cfp_ia,chatoia,chcsho,chempia,chinv,chpmia,convind,currat,depr,divi,divo,dy,egr,ep,gma,grcapx,grltnoa,herf,hire,invest,lev,lgr,mve_ia,operprof,orgcap,pchcapx_ia,pchcurrat,pchdepr,pchgm_pchsale,pchquick,pchsale_pchinvt,pchsale_pchrect,pchsale_pchxsga,pchsaleinv,pctacc,ps,quick,rd,rd_mve,rd_sale,realestate,roic,salecash,saleinv,salerec,secured,securedind,sgr,sin,sp,tang,tb,aeavol,cash,chtx,cinvest,ear,nincr,roaq,roavol,roeq,rsup,stdacc,stdcf,ms,baspread,ill,maxret,retvol,std_dolvol,std_turn,zerotrade,sic2,close
1990-01-31,,,,,,,,,,,,,,,,,,,,,,,,,,,,,,,,,,,,,,,,,,,,,,,,,,,,,,,,,,,,,,,,,,,,,,,,,,,,,,,,,,,,,,,,,,,,,,,,
1990-02-28,,,,,,,,,,,,,,,,,,,,,,,,,,,,,,,,,,,,,,,,,,,,,,,,,,,,,,,,,,,,,,,,,,,,,,,,,,,,,,,,,,,,,,,,,,,,,,,,
1990-03-30,,,,,,,,,,,,,,,,,,,,,,,,,,,,,,,,,,,,,,,,,,,,,,,,,,,,,,,,,,,,,,,,,,,,,,,,,,,,,,,,,,,,,,,,,,,,,,,,
1990-04-30,,,,,,,,,,,,,,,,,,,,,,,,,,,,,,,,,,,,,,,,,,,,,,,,,,,,,,,,,,,,,,,,,,,,,,,,,,,,,,,,,,,,,,,,,,,,,,,,
1990-05-31,,,,,,,,,,,,,,,,,,,,,,,,,,,,,,,,,,,,,,,,,,,,,,,,,,,,,,,,,,,,,,,,,,,,,,,,,,,,,,,,,,,,,,,,,,,,,,,,
1990-06-29,,,,,,,,,,,,,,,,,,,,,,,,,,,,,,,,,,,,,,,,,,,,,,,,,,,,,,,,,,,,,,,,,,,,,,,,,,,,,,,,,,,,,,,,,,,,,,,,
1990-07-31,,,,,,,,,,,,,,,,,,,,,,,,,,,,,,,,,,,,,,,,,,,,,,,,,,,,,,,,,,,,,,,,,,,,,,,,,,,,,,,,,,,,,,,,,,,,,,,,
1990-08-31,,,,,,,,,,,,,,,,,,,,,,,,,,,,,,,,,,,,,,,,,,,,,,,,,,,,,,,,,,,,,,,,,,,,,,,,,,,,,,,,,,,,,,,,,,,,,,,,
1990-09-28,,,,,,,,,,,,,,,,,,,,,,,,,,,,,,,,,,,,,,,,,,,,,,,,,,,,,,,,,,,,,,,,,,,,,,,,,,,,,,,,,,,,,,,,,,,,,,,,
1990-10-31,,,,,,,,,,,,,,,,,,,,,,,,,,,,,,,,,,,,,,,,,,,,,,,,,,,,,,,,,,,,,,,,,,,,,,,,,,,,,,,,,,,,,,,,,,,,,,,,
1990-11-30,,,,,,,,,,,,,,,,,,,,,,,,,,,,,,,,,,,,,,,,,,,,,,,,,,,,,,,,,,,,,,,,,,,,,,,,,,,,,,,,,,,,,,,,,,,,,,,,
1990-12-31,,,,,,,,,,,,,,,,,,,,,,,,,,,,,,,,,,,,,,,,,,,,,,,,,,,,,,,,,,,,,,,,,,,,,,,,,,,,,,,,,,,,,,,,,,,,,,,,
1991-01-31,,,,,,,,,,,,,,,,,,,,,,,,,,,,,,,,,,,,,,,,,,,,,,,,,,,,,,,,,,,,,,,,,,,,,,,,,,,,,,,,,,,,,,,,,,,,,,,,
1991-02-28,,,,,,,,,,,,,,,,,,,,,,,,,,,,,,,,,,,,,,,,,,,,,,,,,,,,,,,,,,,,,,,,,,,,,,,,,,,,,,,,,,,,,,,,,,,,,,,,
1991-03-28,,,,,,,,,,,,,,,,,,,,,,,,,,,,,,,,,,,,,,,,,,,,,,,,,,,,,,,,,,,,,,,,,,,,,,,,,,,,,,,,,,,,,,,,,,,,,,,,
1991-04-30,,,,,,,,,,,,,,,,,,,,,,,,,,,,,,,,,,,,,,,,,,,,,,,,,,,,,,,,,,,,,,,,,,,,,,,,,,,,,,,,,,,,,,,,,,,,,,,,
1991-05-31,,,,,,,,,,,,,,,,,,,,,,,,,,,,,,,,,,,,,,,,,,,,,,,,,,,,,,,,,,,,,,,,,,,,,,,,,,,,,,,,,,,,,,,,,,,,,,,,
1991-06-28,,,,,,,,,,,,,,,,,,,,,,,,,,,,,,,,,,,,,,,,,,,,,,,,,,,,,,,,,,,,,,,,,,,,,,,,,,,,,,,,,,,,,,,,,,,,,,,,
1991-07-31,,,,,,,,,,,,,,,,,,,,,,,,,,,,,,,,,,,,,,,,,,,,,,,,,,,,,,,,,,,,,,,,,,,,,,,,,,,,,,,,,,,,,,,,,,,,,,,,
1991-08-30,,,,,,,,,,,,,,,,,,,,,,,,,,,,,,,,,,,,,,,,,,,,,,,,,,,,,,,,,,,,,,,,,,,,,,,,,,,,,,,,,,,,,,,,,,,,,,,,
1991-09-30,,,,,,,,,,,,,,,,,,,,,,,,,,,,,,,,,,,,,,,,,,,,,,,,,,,,,,,,,,,,,,,,,,,,,,,,,,,,,,,,,,,,,,,,,,,,,,,,
1991-10-31,,,,,,,,,,,,,,,,,,,,,,,,,,,,,,,,,,,,,,,,,,,,,,,,,,,,,,,,,,,,,,,,,,,,,,,,,,,,,,,,,,,,,,,,,,,,,,,,
1991-11-29,,,,,,,,,,,,,,,,,,,,,,,,,,,,,,,,,,,,,,,,,,,,,,,,,,,,,,,,,,,,,,,,,,,,,,,,,,,,,,,,,,,,,,,,,,,,,,,,
1991-12-31,,,,,,,,,,,,,,,,,,,,,,,,,,,,,,,,,,,,,,,,,,,,,,,,,,,,,,,,,,,,,,,,,,,,,,,,,,,,,,,,,,,,,,,,,,,,,,,,
1992-01-31,,,,,,,,,,,,,,,,,,,,,,,,,,,,,,,,,,,,,,,,,,,,,,,,,,,,,,,,,,,,,,,,,,,,,,,,,,,,,,,,,,,,,,,,,,,,,,,,
1992-02-28,,,,,,,,,,,,,,,,,,,,,,,,,,,,,,,,,,,,,,,,,,,,,,,,,,,,,,,,,,,,,,,,,,,,,,,,,,,,,,,,,,,,,,,,,,,,,,,,
1992-03-31,,,,,,,,,,,,,,,,,,,,,,,,,,,,,,,,,,,,,,,,,,,,,,,,,,,,,,,,,,,,,,,,,,,,,,,,,,,,,,,,,,,,,,,,,,,,,,,,
1992-04-30,,,,,,,,,,,,,,,,,,,,,,,,,,,,,,,,,,,,,,,,,,,,,,,,,,,,,,,,,,,,,,,,,,,,,,,,,,,,,,,,,,,,,,,,,,,,,,,,
1992-05-29,,,,,,,,,,,,,,,,,,,,,,,,,,,,,,,,,,,,,,,,,,,,,,,,,,,,,,,,,,,,,,,,,,,,,,,,,,,,,,,,,,,,,,,,,,,,,,,,
1992-06-30,,,,,,,,,,,,,,,,,,,,,,,,,,,,,,,,,,,,,,,,,,,,,,,,,,,,,,,,,,,,,,,,,,,,,,,,,,,,,,,,,,,,,,,,,,,,,,,,
1992-07-31,,,,,,,,,,,,,,,,,,,,,,,,,,,,,,,,,,,,,,,,,,,,,,,,,,,,,,,,,,,,,,,,,,,,,,,,,,,,,,,,,,,,,,,,,,,,,,,,
1992-08-31,,,,,,,,,,,,,,,,,,,,,,,,,,,,,,,,,,,,,,,,,,,,,,,,,,,,,,,,,,,,,,,,,,,,,,,,,,,,,,,,,,,,,,,,,,,,,,,,
1992-09-30,,,,,,,,,,,,,,,,,,,,,,,,,,,,,,,,,,,,,,,,,,,,,,,,,,,,,,,,,,,,,,,,,,,,,,,,,,,,,,,,,,,,,,,,,,,,,,,,
1992-10-30,,,,,,,,,,,,,,,,,,,,,,,,,,,,,,,,,,,,,,,,,,,,,,,,,,,,,,,,,,,,,,,,,,,,,,,,,,,,,,,,,,,,,,,,,,,,,,,,
1992-11-30,,,,,,,,,,,,,,,,,,,,,,,,,,,,,,,,,,,,,,,,,,,,,,,,,,,,,,,,,,,,,,,,,,,,,,,,,,,,,,,,,,,,,,,,,,,,,,,,
1992-12-31,,,,,,,,,,,,,,,,,,,,,,,,,,,,,,,,,,,,,,,,,,,,,,,,,,,,,,,,,,,,,,,,,,,,,,,,,,,,,,,,,,,,,,,,,,,,,,,,
1993-01-29,,,,,,,,,,,,,,,,,,,,,,,,,,,,,,,,,,,,,,,,,,,,,,,,,,,,,,,,,,,,,,,,,,,,,,,,,,,,,,,,,,,,,,,,,,,,,,,,
1993-02-26,,,,,,,,,,,,,,,,,,,,,,,,,,,,,,,,,,,,,,,,,,,,,,,,,,,,,,,,,,,,,,,,,,,,,,,,,,,,,,,,,,,,,,,,,,,,,,,,
1993-03-31,,,,,,,,,,,,,,,,,,,,,,,,,,,,,,,,,,,,,,,,,,,,,,,,,,,,,,,,,,,,,,,,,,,,,,,,,,,,,,,,,,,,,,,,,,,,,,,,
1993-04-30,,,,,,,,,,,,,,,,,,,,,,,,,,,,,,,,,,,,,,,,,,,,,,,,,,,,,,,,,,,,,,,,,,,,,,,,,,,,,,,,,,,,,,,,,,,,,,,,
1993-05-28,,,,,,,,,,,,,,,,,,,,,,,,,,,,,,,,,,,,,,,,,,,,,,,,,,,,,,,,,,,,,,,,,,,,,,,,,,,,,,,,,,,,,,,,,,,,,,,,
1993-06-30,,,,,,,,,,,,,,,,,,,,,,,,,,,,,,,,,,,,,,,,,,,,,,,,,,,,,,,,,,,,,,,,,,,,,,,,,,,,,,,,,,,,,,,,,,,,,,,,
1993-07-30,,,,,,,,,,,,,,,,,,,,,,,,,,,,,,,,,,,,,,,,,,,,,,,,,,,,,,,,,,,,,,,,,,,,,,,,,,,,,,,,,,,,,,,,,,,,,,,,
1993-08-31,,,,,,,,,,,,,,,,,,,,,,,,,,,,,,,,,,,,,,,,,,,,,,,,,,,,,,,,,,,,,,,,,,,,,,,,,,,,,,,,,,,,,,,,,,,,,,,,
1993-09-30,,,,,,,,,,,,,,,,,,,,,,,,,,,,,,,,,,,,,,,,,,,,,,,,,,,,,,,,,,,,,,,,,,,,,,,,,,,,,,,,,,,,,,,,,,,,,,,,
1993-10-29,,,,,,,,,,,,,,,,,,,,,,,,,,,,,,,,,,,,,,,,,,,,,,,,,,,,,,,,,,,,,,,,,,,,,,,,,,,,,,,,,,,,,,,,,,,,,,,,
1993-11-30,,,,,,,,,,,,,,,,,,,,,,,,,,,,,,,,,,,,,,,,,,,,,,,,,,,,,,,,,,,,,,,,,,,,,,,,,,,,,,,,,,,,,,,,,,,,,,,,
1993-12-31,,,,,,,,,,,,,,,,,,,,,,,,,,,,,,,,,,,,,,,,,,,,,,,,,,,,,,,,,,,,,,,,,,,,,,,,,,,,,,,,,,,,,,,,,,,,,,,,
1994-01-31,,,,,,,,,,,,,,,,,,,,,,,,,,,,,,,,,,,,,,,,,,,,,,,,,,,,,,,,,,,,,,,,,,,,,,,,,,,,,,,,,,,,,,,,,,,,,,,,
1994-02-28,,,,,,,,,,,,,,,,,,,,,,,,,,,,,,,,,,,,,,,,,,,,,,,,,,,,,,,,,,,,,,,,,,,,,,,,,,,,,,,,,,,,,,,,,,,,,,,,
1994-03-31,,,,,,,,,,,,,,,,,,,,,,,,,,,,,,,,,,,,,,,,,,,,,,,,,,,,,,,,,,,,,,,,,,,,,,,,,,,,,,,,,,,,,,,,,,,,,,,,
1994-04-29,,,,,,,,,,,,,,,,,,,,,,,,,,,,,,,,,,,,,,,,,,,,,,,,,,,,,,,,,,,,,,,,,,,,,,,,,,,,,,,,,,,,,,,,,,,,,,,,
1994-05-31,,,,,,,,,,,,,,,,,,,,,,,,,,,,,,,,,,,,,,,,,,,,,,,,,,,,,,,,,,,,,,,,,,,,,,,,,,,,,,,,,,,,,,,,,,,,,,,,
1994-06-30,,,,,,,,,,,,,,,,,,,,,,,,,,,,,,,,,,,,,,,,,,,,,,,,,,,,,,,,,,,,,,,,,,,,,,,,,,,,,,,,,,,,,,,,,,,,,,,,
1994-07-29,,,,,,,,,,,,,,,,,,,,,,,,,,,,,,,,,,,,,,,,,,,,,,,,,,,,,,,,,,,,,,,,,,,,,,,,,,,,,,,,,,,,,,,,,,,,,,,,
1994-08-31,,,,,,,,,,,,,,,,,,,,,,,,,,,,,,,,,,,,,,,,,,,,,,,,,,,,,,,,,,,,,,,,,,,,,,,,,,,,,,,,,,,,,,,,,,,,,,,,
1994-09-30,,,,,,,,,,,,,,,,,,,,,,,,,,,,,,,,,,,,,,,,,,,,,,,,,,,,,,,,,,,,,,,,,,,,,,,,,,,,,,,,,,,,,,,,,,,,,,,,
1994-10-31,,,,,,,,,,,,,,,,,,,,,,,,,,,,,,,,,,,,,,,,,,,,,,,,,,,,,,,,,,,,,,,,,,,,,,,,,,,,,,,,,,,,,,,,,,,,,,,,
1994-11-30,,,,,,,,,,,,,,,,,,,,,,,,,,,,,,,,,,,,,,,,,,,,,,,,,,,,,,,,,,,,,,,,,,,,,,,,,,,,,,,,,,,,,,,,,,,,,,,,
1994-12-30,,,,,,,,,,,,,,,,,,,,,,,,,,,,,,,,,,,,,,,,,,,,,,,,,,,,,,,,,,,,,,,,,,,,,,,,,,,,,,,,,,,,,,,,,,,,,,,,
1995-01-31,,,,,,,,,,,,,,,,,,,,,,,,,,,,,,,,,,,,,,,,,,,,,,,,,,,,,,,,,,,,,,,,,,,,,,,,,,,,,,,,,,,,,,,,,,,,,,,,
1995-02-28,,,,,,,,,,,,,,,,,,,,,,,,,,,,,,,,,,,,,,,,,,,,,,,,,,,,,,,,,,,,,,,,,,,,,,,,,,,,,,,,,,,,,,,,,,,,,,,,
1995-03-31,,,,,,,,,,,,,,,,,,,,,,,,,,,,,,,,,,,,,,,,,,,,,,,,,,,,,,,,,,,,,,,,,,,,,,,,,,,,,,,,,,,,,,,,,,,,,,,,
1995-04-28,,,,,,,,,,,,,,,,,,,,,,,,,,,,,,,,,,,,,,,,,,,,,,,,,,,,,,,,,,,,,,,,,,,,,,,,,,,,,,,,,,,,,,,,,,,,,,,,
1995-05-31,,,,,,,,,,,,,,,,,,,,,,,,,,,,,,,,,,,,,,,,,,,,,,,,,,,,,,,,,,,,,,,,,,,,,,,,,,,,,,,,,,,,,,,,,,,,,,,,
1995-06-30,,,,,,,,,,,,,,,,,,,,,,,,,,,,,,,,,,,,,,,,,,,,,,,,,,,,,,,,,,,,,,,,,,,,,,,,,,,,,,,,,,,,,,,,,,,,,,,,
1995-07-31,,,,,,,,,,,,,,,,,,,,,,,,,,,,,,,,,,,,,,,,,,,,,,,,,,,,,,,,,,,,,,,,,,,,,,,,,,,,,,,,,,,,,,,,,,,,,,,,
1995-08-31,,,,,,,,,,,,,,,,,,,,,,,,,,,,,,,,,,,,,,,,,,,,,,,,,,,,,,,,,,,,,,,,,,,,,,,,,,,,,,,,,,,,,,,,,,,,,,,,
1995-09-29,,,,,,,,,,,,,,,,,,,,,,,,,,,,,,,,,,,,,,,,,,,,,,,,,,,,,,,,,,,,,,,,,,,,,,,,,,,,,,,,,,,,,,,,,,,,,,,,
1995-10-31,,,,,,,,,,,,,,,,,,,,,,,,,,,,,,,,,,,,,,,,,,,,,,,,,,,,,,,,,,,,,,,,,,,,,,,,,,,,,,,,,,,,,,,,,,,,,,,,
1995-11-30,,,,,,,,,,,,,,,,,,,,,,,,,,,,,,,,,,,,,,,,,,,,,,,,,,,,,,,,,,,,,,,,,,,,,,,,,,,,,,,,,,,,,,,,,,,,,,,,
1995-12-29,,,,,,,,,,,,,,,,,,,,,,,,,,,,,,,,,,,,,,,,,,,,,,,,,,,,,,,,,,,,,,,,,,,,,,,,,,,,,,,,,,,,,,,,,,,,,,,,
1996-01-31,,,,,,,,,,,,,,,,,,,,,,,,,,,,,,,,,,,,,,,,,,,,,,,,,,,,,,,,,,,,,,,,,,,,,,,,,,,,,,,,,,,,,,,,,,,,,,,,
1996-02-29,,,,,,,,,,,,,,,,,,,,,,,,,,,,,,,,,,,,,,,,,,,,,,,,,,,,,,,,,,,,,,,,,,,,,,,,,,,,,,,,,,,,,,,,,,,,,,,,
1996-03-29,,,,,,,,,,,,,,,,,,,,,,,,,,,,,,,,,,,,,,,,,,,,,,,,,,,,,,,,,,,,,,,,,,,,,,,,,,,,,,,,,,,,,,,,,,,,,,,,
1996-04-30,,,,,,,,,,,,,,,,,,,,,,,,,,,,,,,,,,,,,,,,,,,,,,,,,,,,,,,,,,,,,,,,,,,,,,,,,,,,,,,,,,,,,,,,,,,,,,,,
1996-05-31,,,,,,,,,,,,,,,,,,,,,,,,,,,,,,,,,,,,,,,,,,,,,,,,,,,,,,,,,,,,,,,,,,,,,,,,,,,,,,,,,,,,,,,,,,,,,,,,
1996-06-28,,,,,,,,,,,,,,,,,,,,,,,,,,,,,,,,,,,,,,,,,,,,,,,,,,,,,,,,,,,,,,,,,,,,,,,,,,,,,,,,,,,,,,,,,,,,,,,,
1996-07-31,,,,,,,,,,,,,,,,,,,,,,,,,,,,,,,,,,,,,,,,,,,,,,,,,,,,,,,,,,,,,,,,,,,,,,,,,,,,,,,,,,,,,,,,,,,,,,,,
1996-08-30,,,,,,,,,,,,,,,,,,,,,,,,,,,,,,,,,,,,,,,,,,,,,,,,,,,,,,,,,,,,,,,,,,,,,,,,,,,,,,,,,,,,,,,,,,,,,,,,
1996-09-30,,,,,,,,,,,,,,,,,,,,,,,,,,,,,,,,,,,,,,,,,,,,,,,,,,,,,,,,,,,,,,,,,,,,,,,,,,,,,,,,,,,,,,,,,,,,,,,,
1996-10-31,,,,,,,,,,,,,,,,,,,,,,,,,,,,,,,,,,,,,,,,,,,,,,,,,,,,,,,,,,,,,,,,,,,,,,,,,,,,,,,,,,,,,,,,,,,,,,,,
1996-11-29,,,,,,,,,,,,,,,,,,,,,,,,,,,,,,,,,,,,,,,,,,,,,,,,,,,,,,,,,,,,,,,,,,,,,,,,,,,,,,,,,,,,,,,,,,,,,,,,
1996-12-31,,,,,,,,,,,,,,,,,,,,,,,,,,,,,,,,,,,,,,,,,,,,,,,,,,,,,,,,,,,,,,,,,,,,,,,,,,,,,,,,,,,,,,,,,,,,,,,,
1997-01-31,,,,,,,,,,,,,,,,,,,,,,,,,,,,,,,,,,,,,,,,,,,,,,,,,,,,,,,,,,,,,,,,,,,,,,,,,,,,,,,,,,,,,,,,,,,,,,,,
1997-02-28,,,,,,,,,,,,,,,,,,,,,,,,,,,,,,,,,,,,,,,,,,,,,,,,,,,,,,,,,,,,,,,,,,,,,,,,,,,,,,,,,,,,,,,,,,,,,,,,
1997-03-31,,,,,,,,,,,,,,,,,,,,,,,,,,,,,,,,,,,,,,,,,,,,,,,,,,,,,,,,,,,,,,,,,,,,,,,,,,,,,,,,,,,,,,,,,,,,,,,,
1997-04-30,,,,,,,,,,,,,,,,,,,,,,,,,,,,,,,,,,,,,,,,,,,,,,,,,,,,,,,,,,,,,,,,,,,,,,,,,,,,,,,,,,,,,,,,,,,,,,,,
1997-05-30,,,,,,,,,,,,,,,,,,,,,,,,,,,,,,,,,,,,,,,,,,,,,,,,,,,,,,,,,,,,,,,,,,,,,,,,,,,,,,,,,,,,,,,,,,,,,,,,
1997-06-30,,,,,,,,,,,,,,,,,,,,,,,,,,,,,,,,,,,,,,,,,,,,,,,,,,,,,,,,,,,,,,,,,,,,,,,,,,,,,,,,,,,,,,,,,,,,,,,,
1997-07-31,,,,,,,,,,,,,,,,,,,,,,,,,,,,,,,,,,,,,,,,,,,,,,,,,,,,,,,,,,,,,,,,,,,,,,,,,,,,,,,,,,,,,,,,,,,,,,,,
1997-08-29,,,,,,,,,,,,,,,,,,,,,,,,,,,,,,,,,,,,,,,,,,,,,,,,,,,,,,,,,,,,,,,,,,,,,,,,,,,,,,,,,,,,,,,,,,,,,,,,
1997-09-30,,,,,,,,,,,,,,,,,,,,,,,,,,,,,,,,,,,,,,,,,,,,,,,,,,,,,,,,,,,,,,,,,,,,,,,,,,,,,,,,,,,,,,,,,,,,,,,,
1997-10-31,,,,,,,,,,,,,,,,,,,,,,,,,,,,,,,,,,,,,,,,,,,,,,,,,,,,,,,,,,,,,,,,,,,,,,,,,,,,,,,,,,,,,,,,,,,,,,,,
1997-11-28,,,,,,,,,,,,,,,,,,,,,,,,,,,,,,,,,,,,,,,,,,,,,,,,,,,,,,,,,,,,,,,,,,,,,,,,,,,,,,,,,,,,,,,,,,,,,,,,
1997-12-31,,,,,,,,,,,,,,,,,,,,,,,,,,,,,,,,,,,,,,,,,,,,,,,,,,,,,,,,,,,,,,,,,,,,,,,,,,,,,,,,,,,,,,,,,,,,,,,,
1998-01-30,,,,,,,,,,,,,,,,,,,,,,,,,,,,,,,,,,,,,,,,,,,,,,,,,,,,,,,,,,,,,,,,,,,,,,,,,,,,,,,,,,,,,,,,,,,,,,,,
1998-02-27,,,,,,,,,,,,,,,,,,,,,,,,,,,,,,,,,,,,,,,,,,,,,,,,,,,,,,,,,,,,,,,,,,,,,,,,,,,,,,,,,,,,,,,,,,,,,,,,
1998-03-31,,,,,,,,,,,,,,,,,,,,,,,,,,,,,,,,,,,,,,,,,,,,,,,,,,,,,,,,,,,,,,,,,,,,,,,,,,,,,,,,,,,,,,,,,,,,,,,,
1998-04-30,,,,,,,,,,,,,,,,,,,,,,,,,,,,,,,,,,,,,,,,,,,,,,,,,,,,,,,,,,,,,,,,,,,,,,,,,,,,,,,,,,,,,,,,,,,,,,,,
1998-05-29,,,,,,,,,,,,,,,,,,,,,,,,,,,,,,,,,,,,,,,,,,,,,,,,,,,,,,,,,,,,,,,,,,,,,,,,,,,,,,,,,,,,,,,,,,,,,,,,
1998-06-30,,,,,,,,,,,,,,,,,,,,,,,,,,,,,,,,,,,,,,,,,,,,,,,,,,,,,,,,,,,,,,,,,,,,,,,,,,,,,,,,,,,,,,,,,,,,,,,,
1998-07-31,,,,,,,,,,,,,,,,,,,,,,,,,,,,,,,,,,,,,,,,,,,,,,,,,,,,,,,,,,,,,,,,,,,,,,,,,,,,,,,,,,,,,,,,,,,,,,,,
1998-08-31,,,,,,,,,,,,,,,,,,,,,,,,,,,,,,,,,,,,,,,,,,,,,,,,,,,,,,,,,,,,,,,,,,,,,,,,,,,,,,,,,,,,,,,,,,,,,,,,
1998-09-30,,,,,,,,,,,,,,,,,,,,,,,,,,,,,,,,,,,,,,,,,,,,,,,,,,,,,,,,,,,,,,,,,,,,,,,,,,,,,,,,,,,,,,,,,,,,,,,,
1998-10-30,,,,,,,,,,,,,,,,,,,,,,,,,,,,,,,,,,,,,,,,,,,,,,,,,,,,,,,,,,,,,,,,,,,,,,,,,,,,,,,,,,,,,,,,,,,,,,,,
1998-11-30,,,,,,,,,,,,,,,,,,,,,,,,,,,,,,,,,,,,,,,,,,,,,,,,,,,,,,,,,,,,,,,,,,,,,,,,,,,,,,,,,,,,,,,,,,,,,,,,
1998-12-31,,,,,,,,,,,,,,,,,,,,,,,,,,,,,,,,,,,,,,,,,,,,,,,,,,,,,,,,,,,,,,,,,,,,,,,,,,,,,,,,,,,,,,,,,,,,,,,,
1999-01-29,,,,,,,,,,,,,,,,,,,,,,,,,,,,,,,,,,,,,,,,,,,,,,,,,,,,,,,,,,,,,,,,,,,,,,,,,,,,,,,,,,,,,,,,,,,,,,,,
1999-02-26,,,,,,,,,,,,,,,,,,,,,,,,,,,,,,,,,,,,,,,,,,,,,,,,,,,,,,,,,,,,,,,,,,,,,,,,,,,,,,,,,,,,,,,,,,,,,,,,
1999-03-31,,,,,,,,,,,,,,,,,,,,,,,,,,,,,,,,,,,,,,,,,,,,,,,,,,,,,,,,,,,,,,,,,,,,,,,,,,,,,,,,,,,,,,,,,,,,,,,,
1999-04-30,,,,,,,,,,,,,,,,,,,,,,,,,,,,,,,,,,,,,,,,,,,,,,,,,,,,,,,,,,,,,,,,,,,,,,,,,,,,,,,,,,,,,,,,,,,,,,,,
1999-05-28,,,,,,,,,,,,,,,,,,,,,,,,,,,,,,,,,,,,,,,,,,,,,,,,,,,,,,,,,,,,,,,,,,,,,,,,,,,,,,,,,,,,,,,,,,,,,,,,
1999-06-30,,,,,,,,,,,,,,,,,,,,,,,,,,,,,,,,,,,,,,,,,,,,,,,,,,,,,,,,,,,,,,,,,,,,,,,,,,,,,,,,,,,,,,,,,,,,,,,,
1999-07-30,,,,,,,,,,,,,,,,,,,,,,,,,,,,,,,,,,,,,,,,,,,,,,,,,,,,,,,,,,,,,,,,,,,,,,,,,,,,,,,,,,,,,,,,,,,,,,,,
1999-08-31,,,,,,,,,,,,,,,,,,,,,,,,,,,,,,,,,,,,,,,,,,,,,,,,,,,,,,,,,,,,,,,,,,,,,,,,,,,,,,,,,,,,,,,,,,,,,,,,
1999-09-30,,,,,,,,,,,,,,,,,,,,,,,,,,,,,,,,,,,,,,,,,,,,,,,,,,,,,,,,,,,,,,,,,,,,,,,,,,,,,,,,,,,,,,,,,,,,,,,,
1999-10-29,,,,,,,,,,,,,,,,,,,,,,,,,,,,,,,,,,,,,,,,,,,,,,,,,,,,,,,,,,,,,,,,,,,,,,,,,,,,,,,,,,,,,,,,,,,,,,,,
1999-11-30,,,,,,,,,,,,,,,,,,,,,,,,,,,,,,,,,,,,,,,,,,,,,,,,,,,,,,,,,,,,,,,,,,,,,,,,,,,,,,,,,,,,,,,,,,,,,,,,
1999-12-31,,,,,,,,,,,,,,,,,,,,,,,,,,,,,,,,,,,,,,,,,,,,,,,,,,,,,,,,,,,,,,,,,,,,,,,,,,,,,,,,,,,,,,,,,,,,,,,,
2000-01-31,,,,,,,,,,,,,,,,,,,,,,,,,,,,,,,,,,,,,,,,,,,,,,,,,,,,,,,,,,,,,,,,,,,,,,,,,,,,,,,,,,,,,,,,,,,,,,,,
2000-02-29,,,,,,,,,,,,,,,,,,,,,,,,,,,,,,,,,,,,,,,,,,,,,,,,,,,,,,,,,,,,,,,,,,,,,,,,,,,,,,,,,,,,,,,,,,,,,,,,
2000-03-31,,,,,,,,,,,,,,,,,,,,,,,,,,,,,,,,,,,,,,,,,,,,,,,,,,,,,,,,,,,,,,,,,,,,,,,,,,,,,,,,,,,,,,,,,,,,,,,,
2000-04-28,,,,,,,,,,,,,,,,,,,,,,,,,,,,,,,,,,,,,,,,,,,,,,,,,,,,,,,,,,,,,,,,,,,,,,,,,,,,,,,,,,,,,,,,,,,,,,,,
2000-05-31,,,,,,,,,,,,,,,,,,,,,,,,,,,,,,,,,,,,,,,,,,,,,,,,,,,,,,,,,,,,,,,,,,,,,,,,,,,,,,,,,,,,,,,,,,,,,,,,
2000-06-30,,,,,,,,,,,,,,,,,,,,,,,,,,,,,,,,,,,,,,,,,,,,,,,,,,,,,,,,,,,,,,,,,,,,,,,,,,,,,,,,,,,,,,,,,,,,,,,,
2000-07-31,,,,,,,,,,,,,,,,,,,,,,,,,,,,,,,,,,,,,,,,,,,,,,,,,,,,,,,,,,,,,,,,,,,,,,,,,,,,,,,,,,,,,,,,,,,,,,,,
2000-08-31,,,,,,,,,,,,,,,,,,,,,,,,,,,,,,,,,,,,,,,,,,,,,,,,,,,,,,,,,,,,,,,,,,,,,,,,,,,,,,,,,,,,,,,,,,,,,,,,
2000-09-29,,,,,,,,,,,,,,,,,,,,,,,,,,,,,,,,,,,,,,,,,,,,,,,,,,,,,,,,,,,,,,,,,,,,,,,,,,,,,,,,,,,,,,,,,,,,,,,,
2000-10-31,,,,,,,,,,,,,,,,,,,,,,,,,,,,,,,,,,,,,,,,,,,,,,,,,,,,,,,,,,,,,,,,,,,,,,,,,,,,,,,,,,,,,,,,,,,,,,,,
2000-11-30,,,,,,,,,,,,,,,,,,,,,,,,,,,,,,,,,,,,,,,,,,,,,,,,,,,,,,,,,,,,,,,,,,,,,,,,,,,,,,,,,,,,,,,,,,,,,,,,
2000-12-29,,,,,,,,,,,,,,,,,,,,,,,,,,,,,,,,,,,,,,,,,,,,,,,,,,,,,,,,,,,,,,,,,,,,,,,,,,,,,,,,,,,,,,,,,,,,,,,,
2001-01-31,,,,,,,,,,,,,,,,,,,,,,,,,,,,,,,,,,,,,,,,,,,,,,,,,,,,,,,,,,,,,,,,,,,,,,,,,,,,,,,,,,,,,,,,,,,,,,,,
2001-02-28,,,,,,,,,,,,,,,,,,,,,,,,,,,,,,,,,,,,,,,,,,,,,,,,,,,,,,,,,,,,,,,,,,,,,,,,,,,,,,,,,,,,,,,,,,,,,,,,
2001-03-30,,,,,,,,,,,,,,,,,,,,,,,,,,,,,,,,,,,,,,,,,,,,,,,,,,,,,,,,,,,,,,,,,,,,,,,,,,,,,,,,,,,,,,,,,,,,,,,,
2001-04-30,,,,,,,,,,,,,,,,,,,,,,,,,,,,,,,,,,,,,,,,,,,,,,,,,,,,,,,,,,,,,,,,,,,,,,,,,,,,,,,,,,,,,,,,,,,,,,,,
2001-05-31,,,,,,,,,,,,,,,,,,,,,,,,,,,,,,,,,,,,,,,,,,,,,,,,,,,,,,,,,,,,,,,,,,,,,,,,,,,,,,,,,,,,,,,,,,,,,,,,
2001-06-29,,,,,,,,,,,,,,,,,,,,,,,,,,,,,,,,,,,,,,,,,,,,,,,,,,,,,,,,,,,,,,,,,,,,,,,,,,,,,,,,,,,,,,,,,,,,,,,,
2001-07-31,,,,,,,,,,,,,,,,,,,,,,,,,,,,,,,,,,,,,,,,,,,,,,,,,,,,,,,,,,,,,,,,,,,,,,,,,,,,,,,,,,,,,,,,,,,,,,,,
2001-08-31,,,,,,,,,,,,,,,,,,,,,,,,,,,,,,,,,,,,,,,,,,,,,,,,,,,,,,,,,,,,,,,,,,,,,,,,,,,,,,,,,,,,,,,,,,,,,,,,
2001-09-28,,,,,,,,,,,,,,,,,,,,,,,,,,,,,,,,,,,,,,,,,,,,,,,,,,,,,,,,,,,,,,,,,,,,,,,,,,,,,,,,,,,,,,,,,,,,,,,,
2001-10-31,,,,,,,,,,,,,,,,,,,,,,,,,,,,,,,,,,,,,,,,,,,,,,,,,,,,,,,,,,,,,,,,,,,,,,,,,,,,,,,,,,,,,,,,,,,,,,,,
2001-11-30,,,,,,,,,,,,,,,,,,,,,,,,,,,,,,,,,,,,,,,,,,,,,,,,,,,,,,,,,,,,,,,,,,,,,,,,,,,,,,,,,,,,,,,,,,,,,,,,
2001-12-31,,,,,,,,,,,,,,,,,,,,,,,,,,,,,,,,,,,,,,,,,,,,,,,,,,,,,,,,,,,,,,,,,,,,,,,,,,,,,,,,,,,,,,,,,,,,,,,,
2002-01-31,,,,,,,,,,,,,,,,,,,,,,,,,,,,,,,,,,,,,,,,,,,,,,,,,,,,,,,,,,,,,,,,,,,,,,,,,,,,,,,,,,,,,,,,,,,,,,,,
2002-02-28,,,,,,,,,,,,,,,,,,,,,,,,,,,,,,,,,,,,,,,,,,,,,,,,,,,,,,,,,,,,,,,,,,,,,,,,,,,,,,,,,,,,,,,,,,,,,,,,
2002-03-28,,,,,,,,,,,,,,,,,,,,,,,,,,,,,,,,,,,,,,,,,,,,,,,,,,,,,,,,,,,,,,,,,,,,,,,,,,,,,,,,,,,,,,,,,,,,,,,,
2002-04-30,,,,,,,,,,,,,,,,,,,,,,,,,,,,,,,,,,,,,,,,,,,,,,,,,,,,,,,,,,,,,,,,,,,,,,,,,,,,,,,,,,,,,,,,,,,,,,,,
2002-05-31,,,,,,,,,,,,,,,,,,,,,,,,,,,,,,,,,,,,,,,,,,,,,,,,,,,,,,,,,,,,,,,,,,,,,,,,,,,,,,,,,,,,,,,,,,,,,,,,
2002-06-28,,,,,,,,,,,,,,,,,,,,,,,,,,,,,,,,,,,,,,,,,,,,,,,,,,,,,,,,,,,,,,,,,,,,,,,,,,,,,,,,,,,,,,,,,,,,,,,,
2002-07-31,,,,,,,,,,,,,,,,,,,,,,,,,,,,,,,,,,,,,,,,,,,,,,,,,,,,,,,,,,,,,,,,,,,,,,,,,,,,,,,,,,,,,,,,,,,,,,,,
2002-08-30,,,,,,,,,,,,,,,,,,,,,,,,,,,,,,,,,,,,,,,,,,,,,,,,,,,,,,,,,,,,,,,,,,,,,,,,,,,,,,,,,,,,,,,,,,,,,,,,
2002-09-30,,,,,,,,,,,,,,,,,,,,,,,,,,,,,,,,,,,,,,,,,,,,,,,,,,,,,,,,,,,,,,,,,,,,,,,,,,,,,,,,,,,,,,,,,,,,,,,,
2002-10-31,,,,,,,,,,,,,,,,,,,,,,,,,,,,,,,,,,,,,,,,,,,,,,,,,,,,,,,,,,,,,,,,,,,,,,,,,,,,,,,,,,,,,,,,,,,,,,,,
2002-11-29,,,,,,,,,,,,,,,,,,,,,,,,,,,,,,,,,,,,,,,,,,,,,,,,,,,,,,,,,,,,,,,,,,,,,,,,,,,,,,,,,,,,,,,,,,,,,,,,
2002-12-31,,,,,,,,,,,,,,,,,,,,,,,,,,,,,,,,,,,,,,,,,,,,,,,,,,,,,,,,,,,,,,,,,,,,,,,,,,,,,,,,,,,,,,,,,,,,,,,,
2003-01-31,,,,,,,,,,,,,,,,,,,,,,,,,,,,,,,,,,,,,,,,,,,,,,,,,,,,,,,,,,,,,,,,,,,,,,,,,,,,,,,,,,,,,,,,,,,,,,,,
2003-02-28,,,,,,,,,,,,,,,,,,,,,,,,,,,,,,,,,,,,,,,,,,,,,,,,,,,,,,,,,,,,,,,,,,,,,,,,,,,,,,,,,,,,,,,,,,,,,,,,
2003-03-31,,,,,,,,,,,,,,,,,,,,,,,,,,,,,,,,,,,,,,,,,,,,,,,,,,,,,,,,,,,,,,,,,,,,,,,,,,,,,,,,,,,,,,,,,,,,,,,,
2003-04-30,,,,,,,,,,,,,,,,,,,,,,,,,,,,,,,,,,,,,,,,,,,,,,,,,,,,,,,,,,,,,,,,,,,,,,,,,,,,,,,,,,,,,,,,,,,,,,,,
2003-05-30,,,,,,,,,,,,,,,,,,,,,,,,,,,,,,,,,,,,,,,,,,,,,,,,,,,,,,,,,,,,,,,,,,,,,,,,,,,,,,,,,,,,,,,,,,,,,,,,
2003-06-30,,,,,,,,,,,,,,,,,,,,,,,,,,,,,,,,,,,,,,,,,,,,,,,,,,,,,,,,,,,,,,,,,,,,,,,,,,,,,,,,,,,,,,,,,,,,,,,,
2003-07-31,,,,,,,,,,,,,,,,,,,,,,,,,,,,,,,,,,,,,,,,,,,,,,,,,,,,,,,,,,,,,,,,,,,,,,,,,,,,,,,,,,,,,,,,,,,,,,,,
2003-08-29,,,,,,,,,,,,,,,,,,,,,,,,,,,,,,,,,,,,,,,,,,,,,,,,,,,,,,,,,,,,,,,,,,,,,,,,,,,,,,,,,,,,,,,,,,,,,,,,
2003-09-30,,,,,,,,,,,,,,,,,,,,,,,,,,,,,,,,,,,,,,,,,,,,,,,,,,,,,,,,,,,,,,,,,,,,,,,,,,,,,,,,,,,,,,,,,,,,,,,,
2003-10-31,,,,,,,,,,,,,,,,,,,,,,,,,,,,,,,,,,,,,,,,,,,,,,,,,,,,,,,,,,,,,,,,,,,,,,,,,,,,,,,,,,,,,,,,,,,,,,,,
2003-11-28,,,,,,,,,,,,,,,,,,,,,,,,,,,,,,,,,,,,,,,,,,,,,,,,,,,,,,,,,,,,,,,,,,,,,,,,,,,,,,,,,,,,,,,,,,,,,,,,
2003-12-31,,,,,,,,,,,,,,,,,,,,,,,,,,,,,,,,,,,,,,,,,,,,,,,,,,,,,,,,,,,,,,,,,,,,,,,,,,,,,,,,,,,,,,,,,,,,,,,,
2004-01-30,,,,,,,,,,,,,,,,,,,,,,,,,,,,,,,,,,,,,,,,,,,,,,,,,,,,,,,,,,,,,,,,,,,,,,,,,,,,,,,,,,,,,,,,,,,,,,,,
2004-02-27,,,,,,,,,,,,,,,,,,,,,,,,,,,,,,,,,,,,,,,,,,,,,,,,,,,,,,,,,,,,,,,,,,,,,,,,,,,,,,,,,,,,,,,,,,,,,,,,
2004-03-31,,,,,,,,,,,,,,,,,,,,,,,,,,,,,,,,,,,,,,,,,,,,,,,,,,,,,,,,,,,,,,,,,,,,,,,,,,,,,,,,,,,,,,,,,,,,,,,,
2004-04-30,,,,,,,,,,,,,,,,,,,,,,,,,,,,,,,,,,,,,,,,,,,,,,,,,,,,,,,,,,,,,,,,,,,,,,,,,,,,,,,,,,,,,,,,,,,,,,,,
2004-05-28,,,,,,,,,,,,,,,,,,,,,,,,,,,,,,,,,,,,,,,,,,,,,,,,,,,,,,,,,,,,,,,,,,,,,,,,,,,,,,,,,,,,,,,,,,,,,,,,
2004-06-30,,,,,,,,,,,,,,,,,,,,,,,,,,,,,,,,,,,,,,,,,,,,,,,,,,,,,,,,,,,,,,,,,,,,,,,,,,,,,,,,,,,,,,,,,,,,,,,,
2004-07-30,,,,,,,,,,,,,,,,,,,,,,,,,,,,,,,,,,,,,,,,,,,,,,,,,,,,,,,,,,,,,,,,,,,,,,,,,,,,,,,,,,,,,,,,,,,,,,,,
2004-08-31,,,,,,,,,,,,,,,,,,,,,,,,,,,,,,,,,,,,,,,,,,,,,,,,,,,,,,,,,,,,,,,,,,,,,,,,,,,,,,,,,,,,,,,,,,,,,,,,
2004-09-30,,,,,,,,,,,,,,,,,,,,,,,,,,,,,,,,,,,,,,,,,,,,,,,,,,,,,,,,,,,,,,,,,,,,,,,,,,,,,,,,,,,,,,,,,,,,,,,,
2004-10-29,,,,,,,,,,,,,,,,,,,,,,,,,,,,,,,,,,,,,,,,,,,,,,,,,,,,,,,,,,,,,,,,,,,,,,,,,,,,,,,,,,,,,,,,,,,,,,,,
2004-11-30,,,,,,,,,,,,,,,,,,,,,,,,,,,,,,,,,,,,,,,,,,,,,,,,,,,,,,,,,,,,,,,,,,,,,,,,,,,,,,,,,,,,,,,,,,,,,,,,
2004-12-31,,,,,,,,,,,,,,,,,,,,,,,,,,,,,,,,,,,,,,,,,,,,,,,,,,,,,,,,,,,,,,,,,,,,,,,,,,,,,,,,,,,,,,,,,,,,,,,,
2005-01-31,,,,,,,,,,,,,,,,,,,,,,,,,,,,,,,,,,,,,,,,,,,,,,,,,,,,,,,,,,,,,,,,,,,,,,,,,,,,,,,,,,,,,,,,,,,,,,,,
2005-02-28,,,,,,,,,,,,,,,,,,,,,,,,,,,,,,,,,,,,,,,,,,,,,,,,,,,,,,,,,,,,,,,,,,,,,,,,,,,,,,,,,,,,,,,,,,,,,,,,
2005-03-31,,,,,,,,,,,,,,,,,,,,,,,,,,,,,,,,,,,,,,,,,,,,,,,,,,,,,,,,,,,,,,,,,,,,,,,,,,,,,,,,,,,,,,,,,,,,,,,,
2005-04-29,,,,,,,,,,,,,,,,,,,,,,,,,,,,,,,,,,,,,,,,,,,,,,,,,,,,,,,,,,,,,,,,,,,,,,,,,,,,,,,,,,,,,,,,,,,,,,,,
2005-05-31,,,,,,,,,,,,,,,,,,,,,,,,,,,,,,,,,,,,,,,,,,,,,,,,,,,,,,,,,,,,,,,,,,,,,,,,,,,,,,,,,,,,,,,,,,,,,,,,
2005-06-30,,,,,,,,,,,,,,,,,,,,,,,,,,,,,,,,,,,,,,,,,,,,,,,,,,,,,,,,,,,,,,,,,,,,,,,,,,,,,,,,,,,,,,,,,,,,,,,,
2005-07-29,,,,,,,,,,,,,,,,,,,,,,,,,,,,,,,,,,,,,,,,,,,,,,,,,,,,,,,,,,,,,,,,,,,,,,,,,,,,,,,,,,,,,,,,,,,,,,,,
2005-08-31,,,,,,,,,,,,,,,,,,,,,,,,,,,,,,,,,,,,,,,,,,,,,,,,,,,,,,,,,,,,,,,,,,,,,,,,,,,,,,,,,,,,,,,,,,,,,,,,
2005-09-30,,,,,,,,,,,,,,,,,,,,,,,,,,,,,,,,,,,,,,,,,,,,,,,,,,,,,,,,,,,,,,,,,,,,,,,,,,,,,,,,,,,,,,,,,,,,,,,,
2005-10-31,,,,,,,,,,,,,,,,,,,,,,,,,,,,,,,,,,,,,,,,,,,,,,,,,,,,,,,,,,,,,,,,,,,,,,,,,,,,,,,,,,,,,,,,,,,,,,,,
2005-11-30,,,,,,,,,,,,,,,,,,,,,,,,,,,,,,,,,,,,,,,,,,,,,,,,,,,,,,,,,,,,,,,,,,,,,,,,,,,,,,,,,,,,,,,,,,,,,,,,
2005-12-30,,,,,,,,,,,,,,,,,,,,,,,,,,,,,,,,,,,,,,,,,,,,,,,,,,,,,,,,,,,,,,,,,,,,,,,,,,,,,,,,,,,,,,,,,,,,,,,,
2006-01-31,,,,,,,,,,,,,,,,,,,,,,,,,,,,,,,,,,,,,,,,,,,,,,,,,,,,,,,,,,,,,,,,,,,,,,,,,,,,,,,,,,,,,,,,,,,,,,,,
2006-02-28,,,,,,,,,,,,,,,,,,,,,,,,,,,,,,,,,,,,,,,,,,,,,,,,,,,,,,,,,,,,,,,,,,,,,,,,,,,,,,,,,,,,,,,,,,,,,,,,
2006-03-31,,,,,,,,,,,,,,,,,,,,,,,,,,,,,,,,,,,,,,,,,,,,,,,,,,,,,,,,,,,,,,,,,,,,,,,,,,,,,,,,,,,,,,,,,,,,,,,,
2006-04-28,,,,,,,,,,,,,,,,,,,,,,,,,,,,,,,,,,,,,,,,,,,,,,,,,,,,,,,,,,,,,,,,,,,,,,,,,,,,,,,,,,,,,,,,,,,,,,,,
2006-05-31,,,,,,,,,,,,,,,,,,,,,,,,,,,,,,,,,,,,,,,,,,,,,,,,,,,,,,,,,,,,,,,,,,,,,,,,,,,,,,,,,,,,,,,,,,,,,,,,
2006-06-30,,,,,,,,,,,,,,,,,,,,,,,,,,,,,,,,,,,,,,,,,,,,,,,,,,,,,,,,,,,,,,,,,,,,,,,,,,,,,,,,,,,,,,,,,,,,,,,,
2006-07-31,,,,,,,,,,,,,,,,,,,,,,,,,,,,,,,,,,,,,,,,,,,,,,,,,,,,,,,,,,,,,,,,,,,,,,,,,,,,,,,,,,,,,,,,,,,,,,,,
2006-08-31,,,,,,,,,,,,,,,,,,,,,,,,,,,,,,,,,,,,,,,,,,,,,,,,,,,,,,,,,,,,,,,,,,,,,,,,,,,,,,,,,,,,,,,,,,,,,,,,
2006-09-29,,,,,,,,,,,,,,,,,,,,,,,,,,,,,,,,,,,,,,,,,,,,,,,,,,,,,,,,,,,,,,,,,,,,,,,,,,,,,,,,,,,,,,,,,,,,,,,,
2006-10-31,,,,,,,,,,,,,,,,,,,,,,,,,,,,,,,,,,,,,,,,,,,,,,,,,,,,,,,,,,,,,,,,,,,,,,,,,,,,,,,,,,,,,,,,,,,,,,,,
2006-11-30,,,,,,,,,,,,,,,,,,,,,,,,,,,,,,,,,,,,,,,,,,,,,,,,,,,,,,,,,,,,,,,,,,,,,,,,,,,,,,,,,,,,,,,,,,,,,,,,
2006-12-29,,,,,,,,,,,,,,,,,,,,,,,,,,,,,,,,,,,,,,,,,,,,,,,,,,,,,,,,,,,,,,,,,,,,,,,,,,,,,,,,,,,,,,,,,,,,,,,,
2007-01-31,,,,,,,,,,,,,,,,,,,,,,,,,,,,,,,,,,,,,,,,,,,,,,,,,,,,,,,,,,,,,,,,,,,,,,,,,,,,,,,,,,,,,,,,,,,,,,,,
2007-02-28,,,,,,,,,,,,,,,,,,,,,,,,,,,,,,,,,,,,,,,,,,,,,,,,,,,,,,,,,,,,,,,,,,,,,,,,,,,,,,,,,,,,,,,,,,,,,,,,
2007-03-30,,,,,,,,,,,,,,,,,,,,,,,,,,,,,,,,,,,,,,,,,,,,,,,,,,,,,,,,,,,,,,,,,,,,,,,,,,,,,,,,,,,,,,,,,,,,,,,,
2007-04-30,,,,,,,,,,,,,,,,,,,,,,,,,,,,,,,,,,,,,,,,,,,,,,,,,,,,,,,,,,,,,,,,,,,,,,,,,,,,,,,,,,,,,,,,,,,,,,,,
2007-05-31,,,,,,,,,,,,,,,,,,,,,,,,,,,,,,,,,,,,,,,,,,,,,,,,,,,,,,,,,,,,,,,,,,,,,,,,,,,,,,,,,,,,,,,,,,,,,,,,
2007-06-29,,,,,,,,,,,,,,,,,,,,,,,,,,,,,,,,,,,,,,,,,,,,,,,,,,,,,,,,,,,,,,,,,,,,,,,,,,,,,,,,,,,,,,,,,,,,,,,,
2007-07-31,,,,,,,,,,,,,,,,,,,,,,,,,,,,,,,,,,,,,,,,,,,,,,,,,,,,,,,,,,,,,,,,,,,,,,,,,,,,,,,,,,,,,,,,,,,,,,,,
2007-08-31,,,,,,,,,,,,,,,,,,,,,,,,,,,,,,,,,,,,,,,,,,,,,,,,,,,,,,,,,,,,,,,,,,,,,,,,,,,,,,,,,,,,,,,,,,,,,,,,
2007-09-28,,,,,,,,,,,,,,,,,,,,,,,,,,,,,,,,,,,,,,,,,,,,,,,,,,,,,,,,,,,,,,,,,,,,,,,,,,,,,,,,,,,,,,,,,,,,,,,,
2007-10-31,,,,,,,,,,,,,,,,,,,,,,,,,,,,,,,,,,,,,,,,,,,,,,,,,,,,,,,,,,,,,,,,,,,,,,,,,,,,,,,,,,,,,,,,,,,,,,,,
2007-11-30,,,,,,,,,,,,,,,,,,,,,,,,,,,,,,,,,,,,,,,,,,,,,,,,,,,,,,,,,,,,,,,,,,,,,,,,,,,,,,,,,,,,,,,,,,,,,,,,
2007-12-31,,,,,,,,,,,,,,,,,,,,,,,,,,,,,,,,,,,,,,,,,,,,,,,,,,,,,,,,,,,,,,,,,,,,,,,,,,,,,,,,,,,,,,,,,,,,,,,,
2008-01-31,,,,,,,,,,,,,,,,,,,,,,,,,,,,,,,,,,,,,,,,,,,,,,,,,,,,,,,,,,,,,,,,,,,,,,,,,,,,,,,,,,,,,,,,,,,,,,,,
2008-02-29,,,,,,,,,,,,,,,,,,,,,,,,,,,,,,,,,,,,,,,,,,,,,,,,,,,,,,,,,,,,,,,,,,,,,,,,,,,,,,,,,,,,,,,,,,,,,,,,
2008-03-31,,,,,,,,,,,,,,,,,,,,,,,,,,,,,,,,,,,,,,,,,,,,,,,,,,,,,,,,,,,,,,,,,,,,,,,,,,,,,,,,,,,,,,,,,,,,,,,,
2008-04-30,,,,,,,,,,,,,,,,,,,,,,,,,,,,,,,,,,,,,,,,,,,,,,,,,,,,,,,,,,,,,,,,,,,,,,,,,,,,,,,,,,,,,,,,,,,,,,,,
2008-05-30,,,,,,,,,,,,,,,,,,,,,,,,,,,,,,,,,,,,,,,,,,,,,,,,,,,,,,,,,,,,,,,,,,,,,,,,,,,,,,,,,,,,,,,,,,,,,,,,
2008-06-30,,,,,,,,,,,,,,,,,,,,,,,,,,,,,,,,,,,,,,,,,,,,,,,,,,,,,,,,,,,,,,,,,,,,,,,,,,,,,,,,,,,,,,,,,,,,,,,,
2008-07-31,,,,,,,,,,,,,,,,,,,,,,,,,,,,,,,,,,,,,,,,,,,,,,,,,,,,,,,,,,,,,,,,,,,,,,,,,,,,,,,,,,,,,,,,,,,,,,,,
2008-08-29,,,,,,,,,,,,,,,,,,,,,,,,,,,,,,,,,,,,,,,,,,,,,,,,,,,,,,,,,,,,,,,,,,,,,,,,,,,,,,,,,,,,,,,,,,,,,,,,
2008-09-30,,,,,,,,,,,,,,,,,,,,,,,,,,,,,,,,,,,,,,,,,,,,,,,,,,,,,,,,,,,,,,,,,,,,,,,,,,,,,,,,,,,,,,,,,,,,,,,,
2008-10-31,,,,,,,,,,,,,,,,,,,,,,,,,,,,,,,,,,,,,,,,,,,,,,,,,,,,,,,,,,,,,,,,,,,,,,,,,,,,,,,,,,,,,,,,,,,,,,,,
2008-11-28,,,,,,,,,,,,,,,,,,,,,,,,,,,,,,,,,,,,,,,,,,,,,,,,,,,,,,,,,,,,,,,,,,,,,,,,,,,,,,,,,,,,,,,,,,,,,,,,
2008-12-31,,,,,,,,,,,,,,,,,,,,,,,,,,,,,,,,,,,,,,,,,,,,,,,,,,,,,,,,,,,,,,,,,,,,,,,,,,,,,,,,,,,,,,,,,,,,,,,,
2009-01-30,,,,,,,,,,,,,,,,,,,,,,,,,,,,,,,,,,,,,,,,,,,,,,,,,,,,,,,,,,,,,,,,,,,,,,,,,,,,,,,,,,,,,,,,,,,,,,,,
2009-02-27,,,,,,,,,,,,,,,,,,,,,,,,,,,,,,,,,,,,,,,,,,,,,,,,,,,,,,,,,,,,,,,,,,,,,,,,,,,,,,,,,,,,,,,,,,,,,,,,
2009-03-31,,,,,,,,,,,,,,,,,,,,,,,,,,,,,,,,,,,,,,,,,,,,,,,,,,,,,,,,,,,,,,,,,,,,,,,,,,,,,,,,,,,,,,,,,,,,,,,,
2009-04-30,,,,,,,,,,,,,,,,,,,,,,,,,,,,,,,,,,,,,,,,,,,,,,,,,,,,,,,,,,,,,,,,,,,,,,,,,,,,,,,,,,,,,,,,,,,,,,,,
2009-05-29,,,,,,,,,,,,,,,,,,,,,,,,,,,,,,,,,,,,,,,,,,,,,,,,,,,,,,,,,,,,,,,,,,,,,,,,,,,,,,,,,,,,,,,,,,,,,,,,
2009-06-30,,,,,,,,,,,,,,,,,,,,,,,,,,,,,,,,,,,,,,,,,,,,,,,,,,,,,,,,,,,,,,,,,,,,,,,,,,,,,,,,,,,,,,,,,,,,,,,,
2009-07-31,,,,,,,,,,,,,,,,,,,,,,,,,,,,,,,,,,,,,,,,,,,,,,,,,,,,,,,,,,,,,,,,,,,,,,,,,,,,,,,,,,,,,,,,,,,,,,,,
2009-08-31,,,,,,,,,,,,,,,,,,,,,,,,,,,,,,,,,,,,,,,,,,,,,,,,,,,,,,,,,,,,,,,,,,,,,,,,,,,,,,,,,,,,,,,,,,,,,,,,
2009-09-30,,,,,,,,,,,,,,,,,,,,,,,,,,,,,,,,,,,,,,,,,,,,,,,,,,,,,,,,,,,,,,,,,,,,,,,,,,,,,,,,,,,,,,,,,,,,,,,,
2009-10-30,,,,,,,,,,,,,,,,,,,,,,,,,,,,,,,,,,,,,,,,,,,,,,,,,,,,,,,,,,,,,,,,,,,,,,,,,,,,,,,,,,,,,,,,,,,,,,,,
2009-11-30,,,,,,,,,,,,,,,,,,,,,,,,,,,,,,,,,,,,,,,,,,,,,,,,,,,,,,,,,,,,,,,,,,,,,,,,,,,,,,,,,,,,,,,,,,,,,,,,
2009-12-31,,,,,,,,,,,,,,,,,,,,,,,,,,,,,,,,,,,,,,,,,,,,,,,,,,,,,,,,,,,,,,,,,,,,,,,,,,,,,,,,,,,,,,,,,,,,,,,,
2010-01-29,,,,,,,,,,,,,,,,,,,,,,,,,,,,,,,,,,,,,,,,,,,,,,,,,,,,,,,,,,,,,,,,,,,,,,,,,,,,,,,,,,,,,,,,,,,,,,,,
2010-02-26,,,,,,,,,,,,,,,,,,,,,,,,,,,,,,,,,,,,,,,,,,,,,,,,,,,,,,,,,,,,,,,,,,,,,,,,,,,,,,,,,,,,,,,,,,,,,,,,
2010-03-31,,,,,,,,,,,,,,,,,,,,,,,,,,,,,,,,,,,,,,,,,,,,,,,,,,,,,,,,,,,,,,,,,,,,,,,,,,,,,,,,,,,,,,,,,,,,,,,,
2010-04-30,,,,,,,,,,,,,,,,,,,,,,,,,,,,,,,,,,,,,,,,,,,,,,,,,,,,,,,,,,,,,,,,,,,,,,,,,,,,,,,,,,,,,,,,,,,,,,,,
2010-05-28,,,,,,,,,,,,,,,,,,,,,,,,,,,,,,,,,,,,,,,,,,,,,,,,,,,,,,,,,,,,,,,,,,,,,,,,,,,,,,,,,,,,,,,,,,,,,,,,
2010-06-30,,,,,,,,,,,,,,,,,,,,,,,,,,,,,,,,,,,,,,,,,,,,,,,,,,,,,,,,,,,,,,,,,,,,,,,,,,,,,,,,,,,,,,,,,,,,,,,,
2010-07-30,,,,,,,,,,,,,,,,,,,,,,,,,,,,,,,,,,,,,,,,,,,,,,,,,,,,,,,,,,,,,,,,,,,,,,,,,,,,,,,,,,,,,,,,,,,,,,,,
2010-08-31,,,,,,,,,,,,,,,,,,,,,,,,,,,,,,,,,,,,,,,,,,,,,,,,,,,,,,,,,,,,,,,,,,,,,,,,,,,,,,,,,,,,,,,,,,,,,,,,
2010-09-30,,,,,,,,,,,,,,,,,,,,,,,,,,,,,,,,,,,,,,,,,,,,,,,,,,,,,,,,,,,,,,,,,,,,,,,,,,,,,,,,,,,,,,,,,,,,,,,,
2010-10-29,,,,,,,,,,,,,,,,,,,,,,,,,,,,,,,,,,,,,,,,,,,,,,,,,,,,,,,,,,,,,,,,,,,,,,,,,,,,,,,,,,,,,,,,,,,,,,,,
2010-11-30,,,,,,,,,,,,,,,,,,,,,,,,,,,,,,,,,,,,,,,,,,,,,,,,,,,,,,,,,,,,,,,,,,,,,,,,,,,,,,,,,,,,,,,,,,,,,,,,
2010-12-31,,,,,,,,,,,,,,,,,,,,,,,,,,,,,,,,,,,,,,,,,,,,,,,,,,,,,,,,,,,,,,,,,,,,,,,,,,,,,,,,,,,,,,,,,,,,,,,,
2011-01-31,,,,,,,,,,,,,,,,,,,,,,,,,,,,,,,,,,,,,,,,,,,,,,,,,,,,,,,,,,,,,,,,,,,,,,,,,,,,,,,,,,,,,,,,,,,,,,,,
2011-02-28,,,,,,,,,,,,,,,,,,,,,,,,,,,,,,,,,,,,,,,,,,,,,,,,,,,,,,,,,,,,,,,,,,,,,,,,,,,,,,,,,,,,,,,,,,,,,,,,
2011-03-31,,,,,,,,,,,,,,,,,,,,,,,,,,,,,,,,,,,,,,,,,,,,,,,,,,,,,,,,,,,,,,,,,,,,,,,,,,,,,,,,,,,,,,,,,,,,,,,,
2011-04-29,,,,,,,,,,,,,,,,,,,,,,,,,,,,,,,,,,,,,,,,,,,,,,,,,,,,,,,,,,,,,,,,,,,,,,,,,,,,,,,,,,,,,,,,,,,,,,,,
2011-05-31,,,,,,,,,,,,,,,,,,,,,,,,,,,,,,,,,,,,,,,,,,,,,,,,,,,,,,,,,,,,,,,,,,,,,,,,,,,,,,,,,,,,,,,,,,,,,,,,
2011-06-30,,,,,,,,,,,,,,,,,,,,,,,,,,,,,,,,,,,,,,,,,,,,,,,,,,,,,,,,,,,,,,,,,,,,,,,,,,,,,,,,,,,,,,,,,,,,,,,,
2011-07-29,,,,,,,,,,,,,,,,,,,,,,,,,,,,,,,,,,,,,,,,,,,,,,,,,,,,,,,,,,,,,,,,,,,,,,,,,,,,,,,,,,,,,,,,,,,,,,,,
2011-08-31,,,,,,,,,,,,,,,,,,,,,,,,,,,,,,,,,,,,,,,,,,,,,,,,,,,,,,,,,,,,,,,,,,,,,,,,,,,,,,,,,,,,,,,,,,,,,,,,
2011-09-30,,,,,,,,,,,,,,,,,,,,,,,,,,,,,,,,,,,,,,,,,,,,,,,,,,,,,,,,,,,,,,,,,,,,,,,,,,,,,,,,,,,,,,,,,,,,,,,,
2011-10-31,,,,,,,,,,,,,,,,,,,,,,,,,,,,,,,,,,,,,,,,,,,,,,,,,,,,,,,,,,,,,,,,,,,,,,,,,,,,,,,,,,,,,,,,,,,,,,,,
2011-11-30,,,,,,,,,,,,,,,,,,,,,,,,,,,,,,,,,,,,,,,,,,,,,,,,,,,,,,,,,,,,,,,,,,,,,,,,,,,,,,,,,,,,,,,,,,,,,,,,
2011-12-30,,,,,,,,,,,,,,,,,,,,,,,,,,,,,,,,,,,,,,,,,,,,,,,,,,,,,,,,,,,,,,,,,,,,,,,,,,,,,,,,,,,,,,,,,,,,,,,,
2012-01-31,,,,,,,,,,,,,,,,,,,,,,,,,,,,,,,,,,,,,,,,,,,,,,,,,,,,,,,,,,,,,,,,,,,,,,,,,,,,,,,,,,,,,,,,,,,,,,,,
2012-02-29,,,,,,,,,,,,,,,,,,,,,,,,,,,,,,,,,,,,,,,,,,,,,,,,,,,,,,,,,,,,,,,,,,,,,,,,,,,,,,,,,,,,,,,,,,,,,,,,
2012-03-30,,,,,,,,,,,,,,,,,,,,,,,,,,,,,,,,,,,,,,,,,,,,,,,,,,,,,,,,,,,,,,,,,,,,,,,,,,,,,,,,,,,,,,,,,,,,,,,,
2012-04-30,,,,,,,,,,,,,,,,,,,,,,,,,,,,,,,,,,,,,,,,,,,,,,,,,,,,,,,,,,,,,,,,,,,,,,,,,,,,,,,,,,,,,,,,,,,,,,,,
2012-05-31,,,,,,,,,,,,,,,,,,,,,,,,,,,,,,,,,,,,,,,,,,,,,,,,,,,,,,,,,,,,,,,,,,,,,,,,,,,,,,,,,,,,,,,,,,,,,,,,
2012-06-29,,,,,,,,,,,,,,,,,,,,,,,,,,,,,,,,,,,,,,,,,,,,,,,,,,,,,,,,,,,,,,,,,,,,,,,,,,,,,,,,,,,,,,,,,,,,,,,,
2012-07-31,,,,,,,,,,,,,,,,,,,,,,,,,,,,,,,,,,,,,,,,,,,,,,,,,,,,,,,,,,,,,,,,,,,,,,,,,,,,,,,,,,,,,,,,,,,,,,,,
2012-08-31,,,,,,,,,,,,,,,,,,,,,,,,,,,,,,,,,,,,,,,,,,,,,,,,,,,,,,,,,,,,,,,,,,,,,,,,,,,,,,,,,,,,,,,,,,,,,,,,
2012-09-28,,,,,,,,,,,,,,,,,,,,,,,,,,,,,,,,,,,,,,,,,,,,,,,,,,,,,,,,,,,,,,,,,,,,,,,,,,,,,,,,,,,,,,,,,,,,,,,,
2012-10-31,,,,,,,,,,,,,,,,,,,,,,,,,,,,,,,,,,,,,,,,,,,,,,,,,,,,,,,,,,,,,,,,,,,,,,,,,,,,,,,,,,,,,,,,,,,,,,,,
2012-11-30,,,,,,,,,,,,,,,,,,,,,,,,,,,,,,,,,,,,,,,,,,,,,,,,,,,,,,,,,,,,,,,,,,,,,,,,,,,,,,,,,,,,,,,,,,,,,,,,
2012-12-31,,,,,,,,,,,,,,,,,,,,,,,,,,,,,,,,,,,,,,,,,,,,,,,,,,,,,,,,,,,,,,,,,,,,,,,,,,,,,,,,,,,,,,,,,,,,,,,,
2013-01-31,,,,,,,,,,,,,,,,,,,,,,,,,,,,,,,,,,,,,,,,,,,,,,,,,,,,,,,,,,,,,,,,,,,,,,,,,,,,,,,,,,,,,,,,,,,,,,,,
2013-02-28,,,,,,,,,,,,,,,,,,,,,,,,,,,,,,,,,,,,,,,,,,,,,,,,,,,,,,,,,,,,,,,,,,,,,,,,,,,,,,,,,,,,,,,,,,,,,,,,
2013-03-28,,,,,,,,,,,,,,,,,,,,,,,,,,,,,,,,,,,,,,,,,,,,,,,,,,,,,,,,,,,,,,,,,,,,,,,,,,,,,,,,,,,,,,,,,,,,,,,,
2013-04-30,,,,,,,,,,,,,,,,,,,,,,,,,,,,,,,,,,,,,,,,,,,,,,,,,,,,,,,,,,,,,,,,,,,,,,,,,,,,,,,,,,,,,,,,,,,,,,,,
2013-05-31,,,,,,,,,,,,,,,,,,,,,,,,,,,,,,,,,,,,,,,,,,,,,,,,,,,,,,,,,,,,,,,,,,,,,,,,,,,,,,,,,,,,,,,,,,,,,,,,
2013-06-28,,,,,,,,,,,,,,,,,,,,,,,,,,,,,,,,,,,,,,,,,,,,,,,,,,,,,,,,,,,,,,,,,,,,,,,,,,,,,,,,,,,,,,,,,,,,,,,,
2013-07-31,,,,,,,,,,,,,,,,,,,,,,,,,,,,,,,,,,,,,,,,,,,,,,,,,,,,,,,,,,,,,,,,,,,,,,,,,,,,,,,,,,,,,,,,,,,,,,,,
2013-08-30,,,,,,,,,,,,,,,,,,,,,,,,,,,,,,,,,,,,,,,,,,,,,,,,,,,,,,,,,,,,,,,,,,,,,,,,,,,,,,,,,,,,,,,,,,,,,,,,
2013-09-30,,,,,,,,,,,,,,,,,,,,,,,,,,,,,,,,,,,,,,,,,,,,,,,,,,,,,,,,,,,,,,,,,,,,,,,,,,,,,,,,,,,,,,,,,,,,,,,,
2013-10-31,,,,,,,,,,,,,,,,,,,,,,,,,,,,,,,,,,,,,,,,,,,,,,,,,,,,,,,,,,,,,,,,,,,,,,,,,,,,,,,,,,,,,,,,,,,,,,,,
2013-11-29,,,,,,,,,,,,,,,,,,,,,,,,,,,,,,,,,,,,,,,,,,,,,,,,,,,,,,,,,,,,,,,,,,,,,,,,,,,,,,,,,,,,,,,,,,,,,,,,
2013-12-31,,,,,,,,,,,,,,,,,,,,,,,,,,,,,,,,,,,,,,,,,,,,,,,,,,,,,,,,,,,,,,,,,,,,,,,,,,,,,,,,,,,,,,,,,,,,,,,,
2014-01-31,,,,,,,,,,,,,,,,,,,,,,,,,,,,,,,,,,,,,,,,,,,,,,,,,,,,,,,,,,,,,,,,,,,,,,,,,,,,,,,,,,,,,,,,,,,,,,,,
2014-02-28,,,,,,,,,,,,,,,,,,,,,,,,,,,,,,,,,,,,,,,,,,,,,,,,,,,,,,,,,,,,,,,,,,,,,,,,,,,,,,,,,,,,,,,,,,,,,,,,
2014-03-31,,,,,,,,,,,,,,,,,,,,,,,,,,,,,,,,,,,,,,,,,,,,,,,,,,,,,,,,,,,,,,,,,,,,,,,,,,,,,,,,,,,,,,,,,,,,,,,,
2014-04-30,,,,,,,,,,,,,,,,,,,,,,,,,,,,,,,,,,,,,,,,,,,,,,,,,,,,,,,,,,,,,,,,,,,,,,,,,,,,,,,,,,,,,,,,,,,,,,,,
2014-05-30,,,,,,,,,,,,,,,,,,,,,,,,,,,,,,,,,,,,,,,,,,,,,,,,,,,,,,,,,,,,,,,,,,,,,,,,,,,,,,,,,,,,,,,,,,,,,,,,
2014-06-30,,,,,,,,,,,,,,,,,,,,,,,,,,,,,,,,,,,,,,,,,,,,,,,,,,,,,,,,,,,,,,,,,,,,,,,,,,,,,,,,,,,,,,,,,,,,,,,,
2014-07-31,,,,,,,,,,,,,,,,,,,,,,,,,,,,,,,,,,,,,,,,,,,,,,,,,,,,,,,,,,,,,,,,,,,,,,,,,,,,,,,,,,,,,,,,,,,,,,,,
2014-08-29,,,,,,,,,,,,,,,,,,,,,,,,,,,,,,,,,,,,,,,,,,,,,,,,,,,,,,,,,,,,,,,,,,,,,,,,,,,,,,,,,,,,,,,,,,,,,,,,
2014-09-30,,,,,,,,,,,,,,,,,,,,,,,,,,,,,,,,,,,,,,,,,,,,,,,,,,,,,,,,,,,,,,,,,,,,,,,,,,,,,,,,,,,,,,,,,,,,,,,,
2014-10-31,,,,,,,,,,,,,,,,,,,,,,,,,,,,,,,,,,,,,,,,,,,,,,,,,,,,,,,,,,,,,,,,,,,,,,,,,,,,,,,,,,,,,,,,,,,,,,,,
2014-11-28,,,,,,,,,,,,,,,,,,,,,,,,,,,,,,,,,,,,,,,,,,,,,,,,,,,,,,,,,,,,,,,,,,,,,,,,,,,,,,,,,,,,,,,,,,,,,,,,
2014-12-31,,,,,,,,,,,,,,,,,,,,,,,,,,,,,,,,,,,,,,,,,,,,,,,,,,,,,,,,,,,,,,,,,,,,,,,,,,,,,,,,,,,,,,,,,,,,,,,,
2015-01-30,,,,,,,,,,,,,,,,,,,,,,,,,,,,,,,,,,,,,,,,,,,,,,,,,,,,,,,,,,,,,,,,,,,,,,,,,,,,,,,,,,,,,,,,,,,,,,,,
2015-02-27,,,,,,,,,,,,,,,,,,,,,,,,,,,,,,,,,,,,,,,,,,,,,,,,,,,,,,,,,,,,,,,,,,,,,,,,,,,,,,,,,,,,,,,,,,,,,,,,
2015-03-31,,,,,,,,,,,,,,,,,,,,,,,,,,,,,,,,,,,,,,,,,,,,,,,,,,,,,,,,,,,,,,,,,,,,,,,,,,,,,,,,,,,,,,,,,,,,,,,,
2015-04-30,,,,,,,,,,,,,,,,,,,,,,,,,,,,,,,,,,,,,,,,,,,,,,,,,,,,,,,,,,,,,,,,,,,,,,,,,,,,,,,,,,,,,,,,,,,,,,,,
2015-05-29,,,,,,,,,,,,,,,,,,,,,,,,,,,,,,,,,,,,,,,,,,,,,,,,,,,,,,,,,,,,,,,,,,,,,,,,,,,,,,,,,,,,,,,,,,,,,,,,
2015-06-30,,,,,,,,,,,,,,,,,,,,,,,,,,,,,,,,,,,,,,,,,,,,,,,,,,,,,,,,,,,,,,,,,,,,,,,,,,,,,,,,,,,,,,,,,,,,,,,,
2015-07-31,,,,,,,,,,,,,,,,,,,,,,,,,,,,,,,,,,,,,,,,,,,,,,,,,,,,,,,,,,,,,,,,,,,,,,,,,,,,,,,,,,,,,,,,,,,,,,,,38.49419192
2015-08-31,47165084.13,,,,,,-0.0093345659999999,,,,,,,,,,,,,,,,,,,,,,,,,,,,,,,,,,,,,,,,,,,,,,,,,,,,,,,,,,,,,,,,,,,,,,,,,,,,,,,,,0.0369731306999999,2.565515e-11,0.0332508683,0.0227272346,0.4949104539,10.310592193,2.4512342e-08,73.0,34.81386866
2015-09-30,42655760.0,,,,,,-0.034934906,-0.0956072509999999,,,,,,,,,,,,,,,,,,,,,,,,,,,,,,,,,,,,,,,,,,,,,,,,,,,,,,,,,,,,,,,,,,,,,,,,,,,,,,,,0.0397810429,4.473165e-11,0.0437142253,0.0210207716,0.4487433061,4.8016552357,1.0284021e-08,73.0,30.87492809
2015-10-30,37899841.118,,,,18.274635782,,-0.047407198,-0.113142833,,,,,1.2631611402,,,,,,,,,,,,,,,,,,,,,,,,,,,,,,,,,,,,,,,,,,,,,,,,,,,,,,,,,,,,,,,,,,,,,,,,,,,0.0322364362,6.366911e-11,0.0404010302999999,0.0244972039999999,0.2922220899,2.4746798954,1.2745638000000001e-08,73.0,35.81849744
2015-11-30,43993054.849,,,,17.940094099,,-0.0785859709999999,0.1601158976999999,,,,,1.7556726065,,,,,,,,,,,,,,,,,,,,,,,,,,,,,,,,,,,,,,,,,,,,,,,,,,,,,,,,,,,,,,,,,,,,,,,,,,,0.0324990824,6.594375e-11,0.042884443,0.0202203772999999,0.4013652395,3.4736984483999995,1.2306948999999998e-08,73.0,35.07248597
2015-12-31,43076787.349,,,,18.079074254,,-0.038639962,-0.020827549,,,,,1.6188997821000002,,,,,,,,,,,,,,,,,,,,,,,,,,,,,,,,,,,,,,,,,,,,,,,,,,,,,,,,,,,,,,,,,,,,,,,,,,,0.0280369138,4.746796e-11,0.0312772058,0.0177035353,0.5619451447,5.6583690922,1.3505063e-08,73.0,36.00748702
2016-01-29,44308800.93399999,,,,18.060774545,,-0.038844578,0.0266591739,-0.092451513,,,,1.5041010349,,,,,,,,,,,,,,,,,,,,,,,,,,,,,,,,,,,,,,,,,,,,,,,,,,,,,,,,,,,,,,,,,,,,,,,,,,,0.027945596,6.308933e-11,0.0406076387,0.0189849882,0.4346767364,2.5925230874,1.5467525e-08,73.0,35.9478061
2016-02-29,44235359.253,,,,17.856150285,,-0.0562149859999999,-0.001657496,-0.064599477,,,,1.5277328854,,,,,,,,,,,,,,,,,,,,,,,,,,,,,,,,,,,,,,,,,,,,,,,,,,,,,,,,,,,,,,,,,,,,,,,,,,,0.0331103165,5.373981999999999e-11,0.0838873535,0.0300296091999999,0.3410464526,3.2871644032,1.3720783e-08,73.0,37.93717002
2016-03-31,46632861.894,,,,18.12276128,,-0.112529595,0.0553403421999999,0.0325714144,,,,1.6863184327,,,,,,,,,,,,,,,,,,,,,,,,,,,,,,,,,,,,,,,,,,,,,,,,,,,,,,,,,,,,,,,,,,,,,,,,,,,0.0367379425,4.544083e-11,0.0338192396,0.0240649406,0.3809050335,3.965925341,1.076015e-08,73.0,38.39472373
2016-04-29,46628798.157,,,,18.367569402,,-0.108073109,0.0120608043,0.2287370621999999,,,,1.7696649222,,,,,,,,,,,,,,,,,,,,,,,,,,,,,,,,,,,,,,,,,,,,,,,,,,,,,,,,,,,,,,0.7769126198,0.1541081159,,-0.078314012,-0.014286318,0.0,0.0111850172999999,,0.0236263736,0.00746705,,,,0.0281724433999999,3.802363e-11,0.043897476,0.0183783249,0.389344181,2.8296024288,1.2829545e-08,73.0,38.97163926
2016-05-31,47487218.23,,,,18.107569939,,-0.07896619,0.0150259547,0.0719244706,,,,1.6287365435,,,,,,,,,,,,,,,,,,,,,,,,,,,,,,,,,,,,,,,,,,,,,,,,,,,,,,,,,,,,,,0.7769126198,0.1541081159,,-0.078314012,-0.014286318,0.0,0.0111850172999999,,0.0236263736,0.00746705,,,,0.0246703799,4.292761e-11,0.0274753105,0.0147212698,0.3312688578,2.505140778,1.6375195e-08,73.0,37.58903134
2016-06-30,45802501.44,,,,17.916562032999998,,-0.061722152,-0.035477269,0.1111741936999999,,,,1.4365407346,,,,,,,,,,,,,,,,,,,,,,,,,,,,,,,,,,,,,,,,,,,,,,,,,,,,,,,,,,,,,,0.7769126198,0.1541081159,,-0.078314012,-0.014286318,0.0,0.0111850172999999,,0.0236263736,0.00746705,,,,0.0192431988999999,3.005401e-11,0.0223272517,0.0129238247999999,0.2961711866,2.4121310627000003,1.4299826e-08,73.0,36.31583843
2016-07-29,44067567.974,,,0.0768204873,18.016156113,,-0.088434246,-0.033871461,0.0439226519,-0.0273323979999999,,,1.4313651245,,,1.0,,0.3370436501,-0.570087266,0.2406119564,4.5229551451,0.057460369,0.0020476762,,,,,,0.0,1.5163398693,0.4523809524,,,0.0,,0.0277145849,,,,0.0304867404,,,0.3412866067,,37358.738485,,,,,,,,,,,,,,1.5163398693,,0.0213727296,0.102400519,,0.0581861013,2.7112283788,,2.1402453136,,0.0,,0.0,0.2087170043,0.2499759357,-1.244537212,0.8667415113,0.1181053288,-0.0004562669999999,-0.03731256,0.0878893835,1.0,0.013156008,,0.0277735735,0.0081925035,,,3.0,0.0196144468,4.004332e-11,0.0304093827,0.0167273545,0.3313796699,2.6044203673,1.2851347e-08,73.0,37.04195626
2016-08-31,44945628.346,,,0.0965871507,18.041773098,,-0.0478722279999999,0.0199946146,0.0102379326,-0.0565892059999999,,,1.585365921,,,1.0,,0.3370436501,-0.5709693060000001,0.2406119564,4.5229551451,0.057460369,0.0020476762,,,,,,0.0,1.5163398693,0.4523809524,,,0.0,,0.0277145849,,,,0.0304867404,,,0.3412866067,,37358.738485,,,,,,,,,,,,,,1.5163398693,,0.0213727296,0.102400519,,0.0581861013,2.7112283788,,2.1402453136,,0.0,,0.0,0.2087170043,0.2499759357,-1.244537212,0.8667415113,0.1181053288,-0.0004562669999999,-0.03731256,0.0878893835,1.0,0.013156008,,0.0277735735,0.0081925035,,,3.0,0.019139928,3.307753e-11,0.0286343861,0.0204261442,0.4453461853,5.5627517676,1.257668e-08,73.0,36.95243488
2016-09-30,44837005.542,0.977527735,0.9555604726,-0.115671215,18.174497059,0.0340852937,0.0892870174,-0.00241676,-0.023597214,0.0640000495,,-0.07881005,1.483604754,,,1.0,,0.3370436501,-0.579908793,0.2406119564,4.5229551451,0.057460369,0.0020476762,,,,,,0.0,1.5163398693,0.4523809524,,,0.0,,0.0277145849,,,,0.0304867404,,,0.3412866067,,37358.738485,,,,,,,,,,,,,,1.5163398693,,0.0213727296,0.102400519,,0.0581861013,2.7112283788,,2.1402453136,,0.0,,0.0,0.2087170043,0.2499759357,-1.244537212,0.8667415113,0.1181053288,-0.0004562669999999,-0.03731256,0.0878893835,1.0,0.013156008,,0.0277735735,0.0081925035,,,3.0,0.0126431238999999,2.653015e-11,0.0214477014,0.008510345,0.223061244,1.2139009066,1.6477708999999997e-08,73.0,40.75211998
2016-10-31,49409821.472,0.9806878813,0.9617487205,-0.1821575839999999,17.762118542,0.0330083965,0.164438459,0.1028263643,-0.037564689,0.1968428019,,-0.068677389,1.4978919528,,,1.0,,0.3370436501,-0.585842492,0.2406119564,4.5229551451,0.057460369,0.0020476762,,,,,,0.0,1.5163398693,0.4523809524,,,0.0,,0.0277145849,,,,0.0304867404,,,0.3412866067,,37358.738485,,,,,,,,,,,,,,1.5163398693,,0.0213727296,0.102400519,,0.0581861013,2.7112283788,,2.1402453136,,0.0,,0.0,0.2087170043,0.2499759357,-1.244537212,0.4706654195,0.1617577197,-0.0003986,-0.050464517,0.0062870254,0.0,0.0126380665,,0.0265280907,0.0087285111,,,3.0,0.0245036812,3.837028e-11,0.0371167585,0.0166662723,0.3286486533,2.6147039096,1.3029479e-08,73.0,41.43845053
2016-11-30,50268872.17600001,0.927377358,0.8600287642000001,-0.024733573,18.185726112,0.0335827242,0.0779308646,0.0168415569,0.0456865956,0.1377395988,,-0.042508059,1.4844939333000002,,,1.0,,0.3370436501,-0.587250674,0.2406119564,4.5229551451,0.057460369,0.0020476762,,,,,,0.0,1.5163398693,0.4523809524,,,0.0,,0.0277145849,,,,0.0304867404,,,0.3412866067,,37358.738485,,,,,,,,,,,,,,1.5163398693,,0.0213727296,0.102400519,,0.0581861013,2.7112283788,,2.1402453136,,0.0,,0.0,0.2087170043,0.2499759357,-1.244537212,0.4706654195,0.1617577197,-0.0003986,-0.050464517,0.0062870254,0.0,0.0126380665,,0.0265280907,0.0087285111,,,3.0,0.0202244419,2.69854e-11,0.1012721732,0.0246206521,0.5066438503,5.967834890700001,1.2255351e-08,73.0,39.07110746
2016-12-30,47397053.407,0.9813325153,0.9630135055,-0.032324407,18.263280976,0.0361959957,0.0161298658,-0.057129167,0.1024080119999999,0.1815088376,,-0.0841872759999999,1.6066674952000002,,,1.0,,0.3370436501,-0.590366984,0.2406119564,4.5229551451,0.057460369,0.0020476762,,,,,,0.0,1.5163398693,0.4523809524,,,0.0,,0.0277145849,,,,0.0304867404,,,0.3412866067,,37358.738485,,,,,,,,,,,,,,1.5163398693,,0.0213727296,0.102400519,,0.0581861013,2.7112283788,,2.1402453136,,0.0,,0.0,0.2087170043,0.2499759357,-1.244537212,0.4706654195,0.1617577197,-0.0003986,-0.050464517,0.0062870254,0.0,0.0126380665,,0.0265280907,0.0087285111,,,3.0,0.0223581175,2.765673e-11,0.0207320545,0.0116118611,0.4496141056,3.0810968211,1.3682846e-08,73.0,39.26009703
2017-01-31,47640291.473000005,0.8612963856,0.7418314638,0.0725102908,18.094481747,0.0358157262999999,0.0856051368,0.0048371297,0.0758696366999999,0.0850828106,,-0.028392575,1.3917843137,,,1.0,,0.3370436501,-0.59407366,0.2406119564,4.5229551451,0.057460369,0.0020476762,,,,,,0.0,1.5163398693,0.4523809524,,,0.0,,0.0277145849,,,,0.0304867404,,,0.3412866067,,37358.738485,,,,,,,,,,,,,,1.5163398693,,0.0213727296,0.102400519,,0.0581861013,2.7112283788,,2.1402453136,,0.0,,0.0,0.2087170043,0.2499759357,-1.244537212,1.2563845921,0.1618295191,-0.001374902,0.0181196721,-0.048261004,0.0,0.0109602986,,0.0237534932,0.0080104258,,,3.0,0.0164652743,2.9960220000000003e-11,0.0120574972,0.0086031105,0.3526209388,1.7473184627,2.1828887000000003e-08,73.0,39.56844844
2017-02-28,48014458.527,0.8670783254000001,0.7518248223,0.0377688947,17.63222894,0.034617369,0.1895052947,0.0078540044,0.0598818288999999,0.0921417178999999,,0.0159814393,1.2353243352,,,1.0,,0.3370436501,-0.599191507,0.2406119564,4.5229551451,0.057460369,0.0020476762,,,,,,0.0,1.5163398693,0.4523809524,,,0.0,,0.0277145849,,,,0.0304867404,,,0.3412866067,,37358.738485,,,,,,,,,,,,,,1.5163398693,,0.0213727296,0.102400519,,0.0581861013,2.7112283788,,2.1402453136,,0.0,,0.0,0.2087170043,0.2499759357,-1.244537212,1.2563845921,0.1618295191,-0.001374902,0.0181196721,-0.048261004,0.0,0.0109602986,,0.0237534932,0.0080104258,,,3.0,0.0169440033,2.553187e-11,0.0197618138,0.0108784004,0.4504731464,3.6042726698,1.7762928e-08,73.0,41.7766424
2017-03-31,50718486.0,0.8706724495999999,0.7580705145000001,0.1565087135,17.895243327,0.0339665597,0.2435590732,0.0558069721,0.0707939978,0.0429994569,,0.0819865255,1.0868851728,,,1.0,,0.3370436501,-0.607046722,0.2406119564,4.5229551451,0.057460369,0.0020476762,,,,,,0.0,1.5163398693,0.4523809524,,,0.0,,0.0277145849,,,,0.0304867404,,,0.3412866067,,37358.738485,,,,,,,,,,,,,,1.5163398693,,0.0213727296,0.102400519,,0.0581861013,2.7112283788,,2.1402453136,,0.0,,0.0,0.2087170043,0.2499759357,-1.244537212,1.2563845921,0.1618295191,-0.001374902,0.0181196721,-0.048261004,0.0,0.0109602986,,0.0237534932,0.0080104258,,,3.0,0.0155708755,2.9085429999999998e-11,0.02148927,0.0095499168,0.171603096,1.0353697755,2.2037963e-08,73.0,42.791218
2017-04-28,51451920.547,0.8726010743000001,0.761432635,-0.011362443,17.785638609,0.0335965356,0.1893907530999999,0.0242857244,0.0251403168,0.088082943,,0.073576214,1.1148754056,,,1.0,,0.3370436501,-0.610614566,0.2406119564,4.5229551451,0.057460369,0.0020476762,,,,,,0.0,1.5163398693,0.4523809524,,,0.0,,0.0277145849,,,,0.0304867404,,,0.3412866067,,37358.738485,,,,,,,,,,,,,,1.5163398693,,0.0213727296,0.102400519,,0.0581861013,2.7112283788,,2.1402453136,,0.0,,0.0,0.2087170043,0.2499759357,-1.244537212,1.2034923398,0.1622655951,-0.000430169,6.55152e-05,0.1078382458,0.0,0.0105448728,,0.0233769993,0.0082777067,,,3.0,0.0137913893,2.303206e-11,0.0160377417,0.007538121,0.2851358223,1.5527349733000002,1.8084803e-08,73.0,47.46622322
2017-05-31,57324033.226,0.8487214352,0.7203280745999999,0.0821657237999999,17.815912239,0.0327078753,0.1843418163,0.109251529,0.0326452385,0.0980091892,,0.0873791717,1.0905542356,,,1.0,,0.3370436501,-0.613340326,0.2406119564,4.5229551451,0.057460369,0.0020476762,,,,,,0.0,1.5163398693,0.4523809524,,,0.0,,0.0277145849,,,,0.0304867404,,,0.3412866067,,37358.738485,,,,,,,,,,,,,,1.5163398693,,0.0213727296,0.102400519,,0.0581861013,2.7112283788,,2.1402453136,,0.0,,0.0,0.2087170043,0.2499759357,-1.244537212,1.2034923398,0.1622655951,-0.000430169,6.55152e-05,0.1078382458,0.0,0.0105448728,,0.0233769993,0.0082777067,,,3.0,0.0135878754,2.4549520000000003e-11,0.0616978556,0.0150971116,0.5663276878,5.7544542206,1.9766414e-08,73.0,51.93234523
2017-06-30,62717679.08,0.8731826972,0.7624480226000001,0.2897468172,18.016453745,0.0331017329,0.1856185253,0.0940904841,0.2148676887999999,0.26276793,,0.08048589,1.2145784803,,,1.0,,0.3370436501,-0.612135042,0.2406119564,4.5229551451,0.057460369,0.0020476762,,,,,,0.0,1.5163398693,0.4523809524,,,0.0,,0.0277145849,,,,0.0304867404,,,0.3412866067,,37358.738485,,,,,,,,,,,,,,1.5163398693,,0.0213727296,0.102400519,,0.0581861013,2.7112283788,,2.1402453136,,0.0,,0.0,0.2087170043,0.2499759357,-1.244537212,1.2034923398,0.1622655951,-0.000430169,6.55152e-05,0.1078382458,0.0,0.0105448728,,0.0233769993,0.0082777067,,,3.0,0.0145962382,2.299813e-11,0.0317626894,0.0115101538999999,0.3933722057,2.9535910757,1.3958894e-08,73.0,53.38458089
2017-07-31,64511337.799,0.8708363004,0.7583558620999999,0.2786930735,18.308071211,0.0326714028,0.2137690265,0.0279639754,0.322776735,0.4300192155,,0.0932329157,1.4006178215,0.0566920496,-0.05669205,2.0,-0.146186074,0.3343178538,-0.486558159,0.1268164593,2.9220683417,0.0662884294,0.0285407995,,-0.013888889,0.0024323811,0.0,-0.030548331,0.0,1.5246474701,0.4885290148,0.0,0.0,0.0,0.0692637546,0.0294078814,0.2156781275,,0.0226510067,0.0291131475,0.0773809524,0.0225407706999999,0.386038792,0.2161751091,39829.555677,0.1450367301,0.00205308,0.3963341836,0.0054787195,0.0799062433,-0.022675361,0.0054787195,,-0.114840445,-0.014854403,,-1.254104211,5.0,1.5246474701,0.0,0.0175061907,0.0769230769,,0.0547852673,2.1792964824000003,,1.9492988134,,0.0,0.1723615917,0.0,0.2275804786,0.2943751322,-0.974617552,1.8496129509,0.1502884935,0.0009694955,-0.003033896,-0.040631341,1.0,0.0124378109,,0.0274802706,0.0089210204,,,7.0,0.020024571,2.754388e-11,0.0314811282,0.0144705948,0.3287750232,2.4580377911,1.2300305e-08,73.0,58.23862886
2017-08-31,70400343.433,0.8876941011,0.7880008170999999,0.4036390356,18.462170615,0.0324951582,0.1552358557,0.0909260510999999,0.3491704406,0.4411921559,,0.0789713526,1.5691470177000002,0.0566920496,-0.05669205,2.0,-0.146186074,0.3343178538,-0.499528924,0.1268164593,2.9220683417,0.0662884294,0.0285407995,,-0.013888889,0.0024323811,0.0,-0.030548331,0.0,1.5246474701,0.4885290148,0.0,0.0,0.0,0.0692637546,0.0294078814,0.2156781275,,0.0226510067,0.0291131475,0.0773809524,0.0225407706999999,0.386038792,0.2161751091,39829.555677,0.1450367301,0.00205308,0.3963341836,0.0054787195,0.0799062433,-0.022675361,0.0054787195,,-0.114840445,-0.014854403,,-1.254104211,5.0,1.5246474701,0.0,0.0175061907,0.0769230769,,0.0547852673,2.1792964824000003,,1.9492988134,,0.0,0.1723615917,0.0,0.2275804786,0.2943751322,-0.974617552,1.8496129509,0.1502884935,0.0009694955,-0.003033896,-0.040631341,1.0,0.0124378109,,0.0274802706,0.0089210204,,,7.0,0.0223767519,2.7213e-11,0.0329109468,0.0170545582,0.4166933827,3.6550151018,1.3104733e-08,73.0,61.3519834
2017-09-29,74163847.32699999,0.9009263436,0.8116682766,0.3380196718,18.40338339,0.0323149587,0.1501967253999999,0.0534586012,0.3940476053,0.5760429855,,0.0598673807,1.4759938991,0.0566920496,-0.05669205,2.0,-0.146186074,0.3343178538,-0.50399846,0.1268164593,2.9220683417,0.0662884294,0.0285407995,,-0.013888889,0.0024323811,0.0,-0.030548331,0.0,1.5246474701,0.4885290148,0.0,0.0,0.0,0.0692637546,0.0294078814,0.2156781275,,0.0226510067,0.0291131475,0.0773809524,0.0225407706999999,0.386038792,0.2161751091,39829.555677,0.1450367301,0.00205308,0.3963341836,0.0054787195,0.0799062433,-0.022675361,0.0054787195,,-0.114840445,-0.014854403,,-1.254104211,5.0,1.5246474701,0.0,0.0175061907,0.0769230769,,0.0547852673,2.1792964824000003,,1.9492988134,,0.0,0.1723615917,0.0,0.2275804786,0.2943751322,-0.974617552,1.8496129509,0.1502884935,0.0009694955,-0.003033896,-0.040631341,1.0,0.0124378109,,0.0274802706,0.0089210204,,,7.0,0.0163636098,2.447851e-11,0.0242424010999999,0.0118415247,0.2275094338,1.2040988529,1.6651172e-08,73.0,63.68948601
2017-10-31,76964058.533,0.894911675,0.800866906,0.4383408664,18.254889306,0.0317762937,0.1335593528999999,0.038099844,0.4337517407,0.5054917916,,0.0658450353,1.3312982392,0.0566920496,-0.05669205,2.0,-0.146186074,0.3343178538,-0.532731081,0.1268164593,2.9220683417,0.0662884294,0.0285407995,,-0.013888889,0.0024323811,0.0,-0.030548331,0.0,1.5246474701,0.4885290148,0.0,0.0,0.0,0.0692637546,0.0294078814,0.2156781275,,0.0226510067,0.0291131475,0.0773809524,0.0225407706999999,0.386038792,0.2161751091,39829.555677,0.1450367301,0.00205308,0.3963341836,0.0054787195,0.0799062433,-0.022675361,0.0054787195,,-0.114840445,-0.014854403,,-1.254104211,5.0,1.5246474701,0.0,0.0175061907,0.0769230769,,0.0547852673,2.1792964824000003,,1.9492988134,,0.0,0.1723615917,0.0,0.2275804786,0.2943751322,-0.974617552,2.0172039448,0.1210700743,-0.0001017979999999,-0.028197033,0.0649269437,0.0,0.0116001571,,0.0261011419,0.0083767525,,,7.0,0.0167667145,1.902651e-11,0.0247014277,0.0110369206,0.3383066183,2.0164375229,1.8522046000000003e-08,73.0,72.17412315
2017-11-30,87210586.66600001,0.8951102623,0.8012223815999999,0.3750730553999999,18.325545894,0.0314019925,0.239419099,0.1332187802,0.3417853566,0.5369658954,,0.0517884973,1.3749360046,0.0566920496,-0.05669205,2.0,-0.146186074,0.3343178538,-0.544629932,0.1268164593,2.9220683417,0.0662884294,0.0285407995,,-0.013888889,0.0024323811,0.0,-0.030548331,0.0,1.5246474701,0.4885290148,0.0,0.0,0.0,0.0692637546,0.0294078814,0.2156781275,,0.0226510067,0.0291131475,0.0773809524,0.0225407706999999,0.386038792,0.2161751091,39829.555677,0.1450367301,0.00205308,0.3963341836,0.0054787195,0.0799062433,-0.022675361,0.0054787195,,-0.114840445,-0.014854403,,-1.254104211,5.0,1.5246474701,0.0,0.0175061907,0.0769230769,,0.0547852673,2.1792964824000003,,1.9492988134,,0.0,0.1723615917,0.0,0.2275804786,0.2943751322,-0.974617552,2.0172039448,0.1210700743,-0.0001017979999999,-0.028197033,0.0649269437,0.0,0.0116001571,,0.0261011419,0.0083767525,,,7.0,0.017756326,1.540682e-11,0.0553160049,0.0162405133,0.4690438184,5.105648735,1.1045292e-08,73.0,75.32726497
2017-12-29,91020648.335,0.8940337998000001,0.7992964351,0.1213133110999999,18.612569895,0.0312255071,0.2449363905,0.0436880626,0.3897720409,0.8472504995,,0.0468780133,1.5157108333000002,0.0566920496,-0.05669205,2.0,-0.146186074,0.3343178538,-0.5490029989999999,0.1268164593,2.9220683417,0.0662884294,0.0285407995,,-0.013888889,0.0024323811,0.0,-0.030548331,0.0,1.5246474701,0.4885290148,0.0,0.0,0.0,0.0692637546,0.0294078814,0.2156781275,,0.0226510067,0.0291131475,0.0773809524,0.0225407706999999,0.386038792,0.2161751091,39829.555677,0.1450367301,0.00205308,0.3963341836,0.0054787195,0.0799062433,-0.022675361,0.0054787195,,-0.114840445,-0.014854403,,-1.254104211,5.0,1.5246474701,0.0,0.0175061907,0.0769230769,,0.0547852673,2.1792964824000003,,1.9492988134,,0.0,0.1723615917,0.0,0.2275804786,0.2943751322,-0.974617552,2.0172039448,0.1210700743,-0.0001017979999999,-0.028197033,0.0649269437,0.0,0.0116001571,,0.0261011419,0.0083767525,,,7.0,0.0223547424,1.81493e-11,0.0581505746,0.0222447794,0.4201451149,3.9055876185,1.3372467e-08,73.0,73.22848603
2018-01-31,88344003.296,0.898042033,0.806479493,0.0119492961,18.574968293,0.0308712625999999,0.2964226808,-0.027862148,0.4110304675,0.9186724275,,0.0530345434999999,1.5956475,0.0566920496,-0.05669205,2.0,-0.146186074,0.3343178538,-0.552486965,0.1268164593,2.9220683417,0.0662884294,0.0285407995,,-0.013888889,0.0024323811,0.0,-0.030548331,0.0,1.5246474701,0.4885290148,0.0,0.0,0.0,0.0692637546,0.0294078814,0.2156781275,,0.0226510067,0.0291131475,0.0773809524,0.0225407706999999,0.386038792,0.2161751091,39829.555677,0.1450367301,0.00205308,0.3963341836,0.0054787195,0.0799062433,-0.022675361,0.0054787195,,-0.114840445,-0.014854403,,-1.254104211,5.0,1.5246474701,0.0,0.0175061907,0.0769230769,,0.0547852673,2.1792964824000003,,1.9492988134,,0.0,0.1723615917,0.0,0.2275804786,0.2943751322,-0.974617552,0.7687705855,0.1159251913,-0.00068558,0.0053539389,0.0267677162999999,1.0,0.0122712209,,0.0281006427,0.0075335592,,,7.0,0.0243970939999999,1.411617e-11,0.0272472258999999,0.0162037394,0.4943524103,4.4472344103,1.5394384e-08,73.0,84.86626498
2018-02-28,102383999.63,0.8926202338,0.7967708819,-0.014629119,18.550768745,0.0310832498,0.2586383504,0.1589241624,0.2573869016,0.8506788518,,0.0340706879999999,1.4946268275,0.0566920496,-0.05669205,2.0,-0.146186074,0.3343178538,-0.5501842060000001,0.1268164593,2.9220683417,0.0662884294,0.0285407995,,-0.013888889,0.0024323811,0.0,-0.030548331,0.0,1.5246474701,0.4885290148,0.0,0.0,0.0,0.0692637546,0.0294078814,0.2156781275,,0.0226510067,0.0291131475,0.0773809524,0.0225407706999999,0.386038792,0.2161751091,39829.555677,0.1450367301,0.00205308,0.3963341836,0.0054787195,0.0799062433,-0.022675361,0.0054787195,,-0.114840445,-0.014854403,,-1.254104211,5.0,1.5246474701,0.0,0.0175061907,0.0769230769,,0.0547852673,2.1792964824000003,,1.9492988134,,0.0,0.1723615917,0.0,0.2275804786,0.2943751322,-0.974617552,0.7687705855,0.1159251913,-0.00068558,0.0053539389,0.0267677162999999,1.0,0.0122712209,,0.0281006427,0.0075335592,,,7.0,0.0210266793999999,1.3558420000000002e-11,0.0394095853,0.0121237643,0.2184979232,1.7061032013,1.3880598999999998e-08,73.0,78.98769459
2018-03-29,95304709.995,0.9184804235,0.8436062884000001,-0.1811200339999999,18.759963011,0.0310714168,0.297904866,-0.069268592,0.3832684643999999,1.0314285612,,0.0123756493999999,1.6848475627,0.0566920496,-0.05669205,2.0,-0.146186074,0.3343178538,-0.551921448,0.1268164593,2.9220683417,0.0662884294,0.0285407995,,-0.013888889,0.0024323811,0.0,-0.030548331,0.0,1.5246474701,0.4885290148,0.0,0.0,0.0,0.0692637546,0.0294078814,0.2156781275,,0.0226510067,0.0291131475,0.0773809524,0.0225407706999999,0.386038792,0.2161751091,39829.555677,0.1450367301,0.00205308,0.3963341836,0.0054787195,0.0799062433,-0.022675361,0.0054787195,,-0.114840445,-0.014854403,,-1.254104211,5.0,1.5246474701,0.0,0.0175061907,0.0769230769,,0.0547852673,2.1792964824000003,,1.9492988134,,0.0,0.1723615917,0.0,0.2275804786,0.2943751322,-0.974617552,0.7687705855,0.1159251913,-0.00068558,0.0053539389,0.0267677162999999,1.0,0.0122712209,,0.0281006427,0.0075335592,,,7.0,0.0327211087999999,1.819235e-11,0.0336006694,0.0269780507,0.4830221963,7.3564869374,1.1185206e-08,73.0,75.46652044
2018-04-30,89754213.249,0.9817518671,0.9638367286,-0.30346408,18.7793208,0.0314386948,0.2705923079,-0.044578779,0.2401999802,0.8458856943999999,,-0.017025524,1.7102334791,0.0566920496,-0.05669205,2.0,-0.146186074,0.3343178538,-0.54801275,0.1268164593,2.9220683417,0.0662884294,0.0285407995,,-0.013888889,0.0024323811,0.0,-0.030548331,0.0,1.5246474701,0.4885290148,0.0,0.0,0.0,0.0692637546,0.0294078814,0.2156781275,,0.0226510067,0.0291131475,0.0773809524,0.0225407706999999,0.386038792,0.2161751091,39829.555677,0.1450367301,0.00205308,0.3963341836,0.0054787195,0.0799062433,-0.022675361,0.0054787195,,-0.114840445,-0.014854403,,-1.254104211,5.0,1.5246474701,0.0,0.0175061907,0.0769230769,,0.0547852673,2.1792964824000003,,1.9492988134,,0.0,0.1723615917,0.0,0.2275804786,0.2943751322,-0.974617552,1.6540994169,0.1303196419999999,0.001084322,-0.001099519,0.0640169135,0.0,0.0107679229,,0.0253367116,0.0074320404,,,7.0,0.0252038383,1.801537e-11,0.0387780629,0.0181896104,0.2413434076,1.9454251103,1.3722885e-08,73.0,74.21322117
2018-05-31,88590944.795,1.0047721161,1.0095670053,-0.492283842,18.743595342,0.0311465327999999,0.2304402623999999,-0.016607381,0.045617492,0.5898994204,,-0.012994321,1.6686104306,0.0566920496,-0.05669205,2.0,-0.146186074,0.3343178538,-0.55437531,0.1268164593,2.9220683417,0.0662884294,0.0285407995,,-0.013888889,0.0024323811,0.0,-0.030548331,0.0,1.5246474701,0.4885290148,0.0,0.0,0.0,0.0692637546,0.0294078814,0.2156781275,,0.0226510067,0.0291131475,0.0773809524,0.0225407706999999,0.386038792,0.2161751091,39829.555677,0.1450367301,0.00205308,0.3963341836,0.0054787195,0.0799062433,-0.022675361,0.0054787195,,-0.114840445,-0.014854403,,-1.254104211,5.0,1.5246474701,0.0,0.0175061907,0.0769230769,,0.0547852673,2.1792964824000003,,1.9492988134,,0.0,0.1723615917,0.0,0.2275804786,0.2943751322,-0.974617552,1.6540994169,0.1303196419999999,0.001084322,-0.001099519,0.0640169135,0.0,0.0107679229,,0.0253367116,0.0074320404,,,7.0,0.0259407579,2.531387e-11,0.02901843,0.0197796096,0.3096778776,2.0973902662,1.4961539e-08,73.0,81.63354861
2018-06-29,97448850.728,1.0238846914,1.0483398613,-0.366770067,18.630260167,0.0313171363,0.2235207337,0.099986583,-0.014789418,0.4290366081,,-0.028183829,1.5128341779,0.0566920496,-0.05669205,2.0,-0.146186074,0.3343178538,-0.558396667,0.1268164593,2.9220683417,0.0662884294,0.0285407995,,-0.013888889,0.0024323811,0.0,-0.030548331,0.0,1.5246474701,0.4885290148,0.0,0.0,0.0,0.0692637546,0.0294078814,0.2156781275,,0.0226510067,0.0291131475,0.0773809524,0.0225407706999999,0.386038792,0.2161751091,39829.555677,0.1450367301,0.00205308,0.3963341836,0.0054787195,0.0799062433,-0.022675361,0.0054787195,,-0.114840445,-0.014854403,,-1.254104211,5.0,1.5246474701,0.0,0.0175061907,0.0769230769,,0.0547852673,2.1792964824000003,,1.9492988134,,0.0,0.1723615917,0.0,0.2275804786,0.2943751322,-0.974617552,1.6540994169,0.1303196419999999,0.001084322,-0.001099519,0.0640169135,0.0,0.0107679229,,0.0253367116,0.0074320404,,,7.0,0.0249969825,1.637076e-11,0.0283080153,0.0147176934,0.3742123133,3.1718041901,1.2425395e-08,73.0,82.82716696
2018-07-31,98591676.025,1.0395240983,1.080610351,-0.2406377039999999,18.648682089,0.0311561756,0.2744506435,0.0146216275,0.1147785467999999,0.529159711,0.3813989775999999,-0.021793944,1.453247082,0.0199250105,-0.01992501,3.0,-0.231731263,0.181144157,-0.651515529,0.119061407,8.3529411765,0.0286493706,-0.008047448,-0.002315956,-0.005799503,-0.052838375,0.1155317986,-1.144585395,0.0,1.4278528627,0.5071989528999999,0.0,0.0,0.0,0.0871397499,0.0203183012,0.2196779748,-0.076177285,-0.0134818689999999,0.0295524153,0.0331491713,0.2131528864,0.2804944309,0.3473981839,77835.567474,0.1713428732,0.001962319,-0.417060555,-0.06348655,0.0382166411,-0.036671025,-0.2470311369999999,,0.9169866994,0.048206513,,-0.410027855,4.0,1.1480120719,0.0,0.0107873765999999,0.0729988509999999,,0.0566150688,2.2923617208,2.0404814004,8.1747025673,,0.0,0.2041136321999999,0.0,0.1477746083,0.2735576838,1.1954918796,1.6540994169,0.1303196419999999,0.001084322,-0.001099519,0.0640169135,0.0,0.0107679229,,0.0253367116,0.0074320404,,,6.0,0.0214321469,1.739456e-11,0.0224371534,0.0145933115,0.1805144671,1.1384485619,1.5388353000000002e-08,73.0,81.70317634
2018-08-31,97226899.498,1.006461924,1.0129656044,-0.494487517,18.706464008,0.0303714411,0.2738322662,-0.013570281,-0.024027231,0.4222031943,0.5129198547,-0.078228015,1.4551178127000002,0.0199250105,-0.01992501,3.0,-0.231731263,0.181144157,-0.645249662,0.119061407,8.3529411765,0.0286493706,-0.008047448,-0.002315956,-0.005799503,-0.052838375,0.11429319,-1.144585395,0.0,1.4278528627,0.5071989528999999,0.0,0.0,0.0,0.0871397499,0.0203183012,0.2196779748,-0.076177285,-0.0134818689999999,0.0295524153,0.0331491713,0.2131528864,0.2804944309,0.3473981839,77835.567474,0.1713428732,0.001962319,-0.417060555,-0.06348655,0.0382166411,-0.036671025,-0.2470311369999999,,0.9169866994,0.048206513,,-0.410027855,4.0,1.1480120719,0.0,0.0107873765999999,0.0729988509999999,,0.0566150688,2.2923617208,2.0404814004,8.1747025673,,0.0,0.2041136321999999,0.0,0.1477746083,0.2735576838,1.1954918796,2.2641183991,0.1396723402,0.0049844425,0.0115029192,-0.069011226,1.0,0.0164190567,0.0090628154,0.0401762571,0.0081952368,0.2041696907,0.1984000944999999,6.0,0.0242800025,1.854429e-11,0.0333912708,0.0183065632,0.5023433143,3.4475906919,1.4861871e-08,73.0,91.83898553
2018-09-28,109288530.26,0.9616917117,0.9248509483,-0.124751528,18.641366278,0.0299560227,0.2570636077,0.1240565181,0.0343784852,0.331712035,0.7622857276999999,0.0882893218,1.3208237125,0.0199250105,-0.01992501,3.0,-0.231731263,0.181144157,-0.6463231629999999,0.119061407,8.3529411765,0.0286493706,-0.008047448,-0.002315956,-0.005799503,-0.052838375,0.11429319,-1.144585395,0.0,1.4278528627,0.5071989528999999,0.0,0.0,0.0,0.0871397499,0.0203183012,0.2196779748,-0.076177285,-0.0134818689999999,0.0295524153,0.0331491713,0.2131528864,0.2804944309,0.3473981839,77835.567474,0.1713428732,0.001962319,-0.417060555,-0.06348655,0.0382166411,-0.036671025,-0.2470311369999999,,0.9169866994,0.048206513,,-0.410027855,4.0,1.1480120719,0.0,0.0107873765999999,0.0729988509999999,,0.0566150688,2.2923617208,2.0404814004,8.1747025673,,0.0,0.2041136321999999,0.0,0.1477746083,0.2735576838,1.1954918796,2.2641183991,0.1396723402,0.0049844425,0.0115029192,-0.069011226,1.0,0.0164190567,0.0090628154,0.0401762571,0.0081952368,0.2041696907,0.1984000944999999,6.0,0.0184543520999999,1.505834e-11,0.0311284196,0.0117120041999999,0.2607347445,1.459285376,1.6070957e-08,73.0,87.37286353
2018-10-31,103475515.69,1.0275238096,1.0558051794,-0.0271435999999999,18.608019476,0.028812805,0.2754386613,-0.048629973,0.2169500252,0.4419803662,1.0628220725,0.1377623064,1.3024587583,0.0199250105,-0.01992501,3.0,-0.231731263,0.181144157,-0.62153704,0.119061407,8.3529411765,0.0286493706,-0.008047448,-0.002315956,-0.005799503,-0.052838375,0.11429319,-1.144585395,0.0,1.4278528627,0.5071989528999999,0.0,0.0,0.0,0.0871397499,0.0203183012,0.2196779748,-0.076177285,-0.0134818689999999,0.0295524153,0.0331491713,0.2131528864,0.2804944309,0.3473981839,77835.567474,0.1713428732,0.001962319,-0.417060555,-0.06348655,0.0382166411,-0.036671025,-0.2470311369999999,,0.9169866994,0.048206513,,-0.410027855,4.0,1.1480120719,0.0,0.0107873765999999,0.0729988509999999,,0.0566150688,2.2923617208,2.0404814004,8.1747025673,,0.0,0.2041136321999999,0.0,0.1477746083,0.2735576838,1.1954918796,0.2372846799,0.1490005198,-0.000507569,-0.009138041,-0.027034001,0.0,0.0125324962,0.0015475925,0.0319494810999999,0.0079104924,0.1981537539,0.1924297114,6.0,0.0217937312,1.57004e-11,0.0181514174,0.0147684656,0.3508193427,3.7156917588,1.7650131999999998e-08,73.0,83.74227437
2018-11-30,99206047.087,1.1373061907,1.2934653714,0.1001485162,18.598541707,0.0283887554,0.2136534913,-0.041552756,0.1773220139999999,0.2105843318,1.0149958443,0.0110438871,1.6808643772,0.0199250105,-0.01992501,3.0,-0.231731263,0.181144157,-0.6269460929999999,0.119061407,8.3529411765,0.0286493706,-0.008047448,-0.002315956,-0.005799503,-0.052838375,0.1098270344,-1.144585395,0.0,1.4278528627,0.5071989528999999,0.0,0.0,0.0,0.0871397499,0.0203183012,0.2196779748,-0.076177285,-0.0134818689999999,0.0295524153,0.0331491713,0.2131528864,0.2804944309,0.3473981839,77835.567474,0.1713428732,0.001962319,-0.417060555,-0.06348655,0.0382166411,-0.036671025,-0.2470311369999999,,0.9169866994,0.048206513,,-0.410027855,4.0,1.1480120719,0.0,0.0107873765999999,0.0729988509999999,,0.0566150688,2.2923617208,2.0404814004,8.1747025673,,0.0,0.2041136321999999,0.0,0.1477746083,0.2735576838,1.1954918796,0.2372846799,0.1490005198,-0.000507569,-0.009138041,-0.027034001,0.0,0.0125324962,0.0015475925,0.0319494810999999,0.0079104924,0.1981537539,0.1924297114,6.0,0.0365574991,2.497487e-11,0.0942177996,0.0354041607,0.3634731874,5.0240851968,7.4775791e-09,73.0,85.35365914
2018-12-31,101114982.91,1.146427287,1.3142955244,-0.038147594,18.839129139,0.0288813669,0.0831378079,0.0192421321,0.0258316393,0.1117126449,1.1477596779,0.0101800969999999,1.7487243044,0.0199250105,-0.01992501,3.0,-0.231731263,0.181144157,-0.625644165,0.119061407,8.3529411765,0.0286493706,-0.008047448,-0.002315956,-0.005799503,-0.052838375,0.11429319,-1.144585395,0.0,1.4278528627,0.5071989528999999,0.0,0.0,0.0,0.0871397499,0.0203183012,0.2196779748,-0.076177285,-0.0134818689999999,0.0295524153,0.0331491713,0.2131528864,0.2804944309,0.3473981839,77835.567474,0.1713428732,0.001962319,-0.417060555,-0.06348655,0.0382166411,-0.036671025,-0.2470311369999999,,0.9169866994,0.048206513,,-0.410027855,4.0,1.1480120719,0.0,0.0107873765999999,0.0729988509999999,,0.0566150688,2.2923617208,2.0404814004,8.1747025673,,0.0,0.2041136321999999,0.0,0.1477746083,0.2735576838,1.1954918796,0.2372846799,0.1490005198,-0.000507569,-0.009138041,-0.027034001,0.0,0.0125324962,0.0015475925,0.0319494810999999,0.0079104924,0.1981537539,0.1924297114,6.0,0.0305793975,3.336121e-11,0.0489203632,0.0274234854999999,0.3712698772,2.2912017672,1.5172257e-08,73.0,83.64280617
2019-01-31,98721655.701,1.1922886662,1.4215522635,-0.121230944,18.732202725,0.0291648781999999,0.0709966719,-0.0200442989999999,0.0305031933,0.1655799273,1.0337016726,0.0466291687,1.8238392875,0.0199250105,-0.01992501,3.0,-0.231731263,0.181144157,-0.631494586,0.119061407,8.3529411765,0.0286493706,-0.008047448,-0.002315956,-0.005799503,-0.052838375,0.1155317986,-1.144585395,0.0,1.4278528627,0.5071989528999999,0.0,0.0,0.0,0.0871397499,0.0203183012,0.2196779748,-0.076177285,-0.0134818689999999,0.0295524153,0.0331491713,0.2131528864,0.2804944309,0.3473981839,77835.567474,0.1713428732,0.001962319,-0.417060555,-0.06348655,0.0382166411,-0.036671025,-0.2470311369999999,,0.9169866994,0.048206513,,-0.410027855,4.0,1.1480120719,0.0,0.0107873765999999,0.0729988509999999,,0.0566150688,2.2923617208,2.0404814004,8.1747025673,,0.0,0.2041136321999999,0.0,0.1477746083,0.2735576838,1.1954918796,1.0058664915,0.1191304556,0.001331822,0.0073739934999999,-0.00052738,1.0,0.0124285241999999,0.0014873998999999,0.0359265078,0.0073129903,0.1928058435,0.1872353788,6.0,0.0396016002,2.967154e-11,0.074487485,0.0297417083999999,0.2370983427,2.1894325185,1.5037853e-08,73.0,88.28797093
2019-02-28,104134033.35,1.1583230644,1.3417123216,0.1178655969999999,18.717803603,0.028767532,-0.077372714,0.0555358082,0.0237399175,-0.01441636,1.3608190566,-0.0111626319999999,1.5518351803,0.0199250105,-0.01992501,3.0,-0.231731263,0.181144157,-0.6421266170000001,0.119061407,8.3529411765,0.0286493706,-0.008047448,-0.002315956,-0.005799503,-0.052838375,0.1155317986,-1.144585395,0.0,1.4278528627,0.5071989528999999,0.0,0.0,0.0,0.0871397499,0.0203183012,0.2196779748,-0.076177285,-0.0134818689999999,0.0295524153,0.0331491713,0.2131528864,0.2804944309,0.3473981839,77835.567474,0.1713428732,0.001962319,-0.417060555,-0.06348655,0.0382166411,-0.036671025,-0.2470311369999999,,0.9169866994,0.048206513,,-0.410027855,4.0,1.1480120719,0.0,0.0107873765999999,0.0729988509999999,,0.0566150688,2.2923617208,2.0404814004,8.1747025673,,0.0,0.2041136321999999,0.0,0.1477746083,0.2735576838,1.1954918796,1.0058664915,0.1191304556,0.001331822,0.0073739934999999,-0.00052738,1.0,0.0124285241999999,0.0014873998999999,0.0359265078,0.0073129903,0.1928058435,0.1872353788,6.0,0.0242819194,1.933408e-11,0.0509197265,0.0214309612,0.3051751285,3.1653247819,1.1989671999999998e-08,73.0,97.54846
2019-03-29,115056606.27,1.1243464579,1.2641549575,-0.100531596,18.795005562,0.0289566354999999,0.0428633659999999,0.1048895567999999,-0.038665651,0.1177433308,1.0820661898,0.0218425166999999,1.4681185891,0.0199250105,-0.01992501,3.0,-0.231731263,0.181144157,-0.651019525,0.119061407,8.3529411765,0.0286493706,-0.008047448,-0.002315956,-0.005799503,-0.052838375,0.117962645,-1.144585395,0.0,1.4278528627,0.5071989528999999,0.0,0.0,0.0,0.0871397499,0.0203183012,0.2196779748,-0.076177285,-0.0134818689999999,0.0295524153,0.0331491713,0.2131528864,0.2804944309,0.3473981839,77835.567474,0.1713428732,0.001962319,-0.417060555,-0.06348655,0.0382166411,-0.036671025,-0.2470311369999999,,0.9169866994,0.048206513,,-0.410027855,4.0,1.1480120719,0.0,0.0107873765999999,0.0729988509999999,,0.0566150688,2.2923617208,2.0404814004,8.1747025673,,0.0,0.2041136321999999,0.0,0.1477746083,0.2735576838,1.1954918796,1.0058664915,0.1191304556,0.001331822,0.0073739934999999,-0.00052738,1.0,0.0124285241999999,0.0014873998999999,0.0359265078,0.0073129903,0.1928058435,0.1872353788,6.0,0.0172077918999999,1.206341e-11,0.0183313135,0.008308414,0.1729049848,1.1273673574,2.0482694e-08,73.0,103.2877749
2019-04-30,121720516.83,1.1304030329,1.2778110168,0.0243795896,18.677403902,0.0291529944,0.1144132756,0.0588354915,0.1164617897,0.2926057187,0.9655441766,0.0511607688,1.3206648095,0.0199250105,-0.01992501,3.0,-0.231731263,0.181144157,-0.651555416,0.119061407,8.3529411765,0.0286493706,-0.008047448,-0.002315956,-0.005799503,-0.052838375,0.1171518525,-1.144585395,0.0,1.4278528627,0.5071989528999999,0.0,0.0,0.0,0.0871397499,0.0203183012,0.2196779748,-0.076177285,-0.0134818689999999,0.0295524153,0.0331491713,0.2131528864,0.2804944309,0.3473981839,77835.567474,0.1713428732,0.001962319,-0.417060555,-0.06348655,0.0382166411,-0.036671025,-0.2470311369999999,,0.9169866994,0.048206513,,-0.410027855,4.0,1.1480120719,0.0,0.0107873765999999,0.0729988509999999,,0.0566150688,2.2923617208,2.0404814004,8.1747025673,,0.0,0.2041136321999999,0.0,0.1477746083,0.2735576838,1.1954918796,1.6433980186,0.2192617327,0.0006885411,0.0142309331,0.0551786833,0.0,0.0104614056,0.0015091968,0.0290298955,0.00429087,0.5190863111999999,0.5135822892,6.0,0.0173476583,1.4099979999999998e-11,0.0185640771,0.0123792233,0.2726690147,1.465142959,1.885315e-08,73.0,112.1702848
2019-05-31,132497190.47,1.1503511306999998,1.3233077239,0.2110691237999999,18.717941397,0.0284065853,0.1053305298,0.0859976932,0.2334005603999999,0.3917704746,0.9042878912,0.1185501513,1.1688930348,0.0199250105,-0.01992501,3.0,-0.231731263,0.181144157,-0.5533714679999999,0.119061407,8.3529411765,0.0286493706,-0.008047448,-0.002315956,-0.005799503,-0.052838375,0.1171518525,-1.144585395,0.0,1.4278528627,0.5071989528999999,0.0,0.0,0.0,0.0871397499,0.0203183012,0.2196779748,-0.076177285,-0.0134818689999999,0.0295524153,0.0331491713,0.2131528864,0.2804944309,0.3473981839,77835.567474,0.1713428732,0.001962319,-0.417060555,-0.06348655,0.0382166411,-0.036671025,-0.2470311369999999,,0.9169866994,0.048206513,,-0.410027855,4.0,1.1480120719,0.0,0.0107873765999999,0.0729988509999999,,0.0566150688,2.2923617208,2.0404814004,8.1747025673,,0.0,0.2041136321999999,0.0,0.1477746083,0.2735576838,1.1954918796,1.6433980186,0.2192617327,0.0006885411,0.0142309331,0.0551786833,0.0,0.0104614056,0.0015091968,0.0290298955,0.00429087,0.5190863111999999,0.5135822892,6.0,0.0173297054,9.896558e-12,0.0279798545,0.0100769907,0.2895047597,1.6506808497,1.6245082e-08,73.0,109.1663453
2019-06-28,128948896.75,1.1748495152,1.3802713833000002,0.2334176676,18.614412631,0.0279174645,0.071745869,-0.026780143,0.3141824903,0.3740708735,1.1717384818,0.101125971,1.1078065704,0.0199250105,-0.01992501,3.0,-0.231731263,0.181144157,-0.563230596,0.119061407,8.3529411765,0.0286493706,-0.008047448,-0.002315956,-0.005799503,-0.052838375,0.1205322083,-1.144585395,0.0,1.4278528627,0.5071989528999999,0.0,0.0,0.0,0.0871397499,0.0203183012,0.2196779748,-0.076177285,-0.0134818689999999,0.0295524153,0.0331491713,0.2131528864,0.2804944309,0.3473981839,77835.567474,0.1713428732,0.001962319,-0.417060555,-0.06348655,0.0382166411,-0.036671025,-0.2470311369999999,,0.9169866994,0.048206513,,-0.410027855,4.0,1.1480120719,0.0,0.0107873765999999,0.0729988509999999,,0.0566150688,2.2923617208,2.0404814004,8.1747025673,,0.0,0.2041136321999999,0.0,0.1477746083,0.2735576838,1.1954918796,1.6433980186,0.2192617327,0.0006885411,0.0142309331,0.0551786833,0.0,0.0104614056,0.0015091968,0.0290298955,0.00429087,0.5190863111999999,0.5135822892,6.0,0.0212341995,2.221489e-11,0.0220918842,0.0157772763,0.2306316386,1.0379333725,2.1041051e-08,73.0,113.8512973
2019-07-31,134719418.92,1.1472398715,1.3161593229000002,0.3513132259,18.618485451,0.0277251027,-0.003820006,0.0429157093,0.3051492973999999,0.3180017281,1.2807449975,0.0800361946,1.0720790929,0.0814686229,-0.081468623,4.0,-0.062736057,0.1569564438,-0.447855383,0.1074612146,6.0807618839,0.0555399899,0.0022122836,0.0333208167,-0.021666667,0.0712138041,-0.096303322,0.8217291224,0.0,1.2725061767,0.4501160093,0.0,0.0,0.0,-0.038014255,0.0208363595,0.2057193309,0.2301943198999999,0.0946662544999999,0.0314957499,0.1657754011,-0.13854417,0.2830787084,0.1277643261,88201.341082,0.2131655373,0.0019466684,-3.034041969,-0.108797405,-0.112545468,-0.030065868,0.1084432018,1.1835312141,-0.5979340329999999,0.0610146578,,-1.665532329,5.0,1.2725061767,0.0,0.0108486831,0.0693159019,,0.0756508781,1.6962344934,,5.4309314587,,0.0,0.1835312141,0.0,0.1565107394,0.2784435289999999,-2.541513178,0.4768823084,0.2102141604,-0.0034826109999999,0.0079568756,-0.038119328,1.0,0.0133565089999999,0.0014879042999999,0.0386371154,0.0052774639,0.5020647108,0.4966841971,7.0,0.0205189553,1.761372e-11,0.0304208379,0.0160397837,0.2924749082,1.7282991299,2.1984723e-08,73.0,109.8128886
2019-08-30,129904921.8,1.1372029722,1.2932305999,0.1632093576,18.568161729,0.0277954891,0.0325963993,-0.035470884,0.2895447929,0.393474548,1.2056926726,0.0932008622,1.0505817947,0.0814686229,-0.081468623,4.0,-0.062736057,0.1569564438,-0.72744547,0.1074612146,6.0807618839,0.0555399899,0.0022122836,0.0333208167,-0.021666667,0.0712138041,-0.096303322,0.8217291224,0.0,1.2725061767,0.4501160093,0.0,0.0,0.0,-0.038014255,0.0208363595,0.2057193309,0.2301943198999999,0.0946662544999999,0.0314957499,0.1657754011,-0.13854417,0.2830787084,0.1277643261,88201.341082,0.2131655373,0.0019466684,-3.034041969,-0.108797405,-0.112545468,-0.030065868,0.1084432018,1.1835312141,-0.5979340329999999,0.0610146578,,-1.665532329,5.0,1.2725061767,0.0,0.0108486831,0.0693159019,,0.0756508781,1.6962344934,,5.4309314587,,0.0,0.1835312141,0.0,0.1565107394,0.2784435289999999,-2.541513178,0.4768823084,0.2102141604,-0.0034826109999999,0.0079568756,-0.038119328,1.0,0.0133565089999999,0.0014879042999999,0.0386371154,0.0052774639,0.5020647108,0.4966841971,7.0,0.0185764343,1.434835e-11,0.0129982112,0.015914235,0.4327144042,3.2504469407,1.6377494e-08,73.0,108.4700679
2019-09-30,128316412.34,1.1337654146,1.2854240154,0.0497925959999999,18.634643355,0.0270895244,-0.018180626,-0.012228247,0.1257265409,0.1957110269,1.4853296713,0.1555859992,1.1615633163,0.0814686229,-0.081468623,4.0,-0.062736057,0.1569564438,-0.730751736,0.1074612146,6.0807618839,0.0555399899,0.0022122836,0.0333208167,-0.021666667,0.0712138041,-0.087199954,0.8217291224,0.0,1.2725061767,0.4501160093,0.0,0.0,0.0,-0.038014255,0.0208363595,0.2057193309,0.2301943198999999,0.0946662544999999,0.0314957499,0.1657754011,-0.13854417,0.2830787084,0.1277643261,88201.341082,0.2131655373,0.0019466684,-3.034041969,-0.108797405,-0.112545468,-0.030065868,0.1084432018,1.1835312141,-0.5979340329999999,0.0610146578,,-1.665532329,5.0,1.2725061767,0.0,0.0108486831,0.0693159019,,0.0756508781,1.6962344934,,5.4309314587,,0.0,0.1835312141,0.0,0.1565107394,0.2784435289999999,-2.541513178,0.4768823084,0.2102141604,-0.0034826109999999,0.0079568756,-0.038119328,1.0,0.0133565089999999,0.0014879042999999,0.0386371154,0.0052774639,0.5020647108,0.4966841971,7.0,0.0224885274,2.041807e-11,0.0323208682,0.0188196593,0.3734023346,2.0947557408,1.5674038e-08,73.0,103.0391044
2019-10-31,121614655.7,1.199316806,1.4383608013,-0.1845569189999999,18.736044143,0.0260575424,-0.02553127,-0.050068837,0.0501734100999999,0.2414618328999999,1.144007645,0.0842170916,1.2148688914,0.0814686229,-0.081468623,4.0,-0.062736057,0.1569564438,-0.738796701,0.1074612146,6.0807618839,0.0555399899,0.0022122836,0.0333208167,-0.021666667,0.0712138041,-0.0909160419999999,0.8217291224,0.0,1.2725061767,0.4501160093,0.0,0.0,0.0,-0.038014255,0.0208363595,0.2057193309,0.2301943198999999,0.0946662544999999,0.0314957499,0.1657754011,-0.13854417,0.2830787084,0.1277643261,88201.341082,0.2131655373,0.0019466684,-3.034041969,-0.108797405,-0.112545468,-0.030065868,0.1084432018,1.1835312141,-0.5979340329999999,0.0610146578,,-1.665532329,5.0,1.2725061767,0.0,0.0108486831,0.0693159019,,0.0756508781,1.6962344934,,5.4309314587,,0.0,0.1835312141,0.0,0.1565107394,0.2784435289999999,-2.541513178,0.4488570998,0.1695980985,0.0003071688,-0.015409232,0.0318159583,2.0,0.0153927812999999,0.0016707232,0.0433510983999999,0.0036400841999999,0.4986909122999999,0.4933010929,7.0,0.0240856847,2.123194e-11,0.0296097081,0.0181582556,0.3897789509,2.4347978084,1.8956979e-08,73.0,103.5463922
2019-11-29,122233385.41,1.1164322682,1.2464210094,-0.4163522979999999,18.597487034,0.0253718262,0.0501671658,0.0049232760999999,-0.081404633,0.2304310859,1.0208833959,0.1738338739,1.2918389837,0.0814686229,-0.081468623,4.0,-0.062736057,0.1569564438,-0.590093345,0.1074612146,6.0807618839,0.0555399899,0.0022122836,0.0333208167,-0.021666667,0.0712138041,-0.0909160419999999,0.8217291224,0.0,1.2725061767,0.4501160093,0.0,0.0,0.0,-0.038014255,0.0208363595,0.2057193309,0.2301943198999999,0.0946662544999999,0.0314957499,0.1657754011,-0.13854417,0.2830787084,0.1277643261,88201.341082,0.2131655373,0.0019466684,-3.034041969,-0.108797405,-0.112545468,-0.030065868,0.1084432018,1.1835312141,-0.5979340329999999,0.0610146578,,-1.665532329,5.0,1.2725061767,0.0,0.0108486831,0.0693159019,,0.0756508781,1.6962344934,,5.4309314587,,0.0,0.1835312141,0.0,0.1565107394,0.2784435289999999,-2.541513178,0.4488570998,0.1695980985,0.0003071688,-0.015409232,0.0318159583,2.0,0.0153927812999999,0.0016707232,0.0433510983999999,0.0036400841999999,0.4986909122999999,0.4933010929,7.0,0.0230324064999999,2.170257e-11,0.0855753794,0.0247699541,0.4776276502,4.0815219863,1.3136937e-08,73.0,107.4355987
2019-12-31,126824480.43,1.2336172162,1.521811436,-0.294842687,18.653510156,0.0257271912,0.0600923036,0.0375600755,-0.0514806509999999,0.2131453351,1.1845722967,0.0350250707,1.2566047172,0.0814686229,-0.081468623,4.0,-0.062736057,0.1569564438,-0.590452263,0.1074612146,6.0807618839,0.0555399899,0.0022122836,0.0333208167,-0.021666667,0.0712138041,-0.0909160419999999,0.8217291224,0.0,1.2725061767,0.4501160093,0.0,0.0,0.0,-0.038014255,0.0208363595,0.2057193309,0.2301943198999999,0.0946662544999999,0.0314957499,0.1657754011,-0.13854417,0.2830787084,0.1277643261,88201.341082,0.2131655373,0.0019466684,-3.034041969,-0.108797405,-0.112545468,-0.030065868,0.1084432018,1.1835312141,-0.5979340329999999,0.0610146578,,-1.665532329,5.0,1.2725061767,0.0,0.0108486831,0.0693159019,,0.0756508781,1.6962344934,,5.4309314587,,0.0,0.1835312141,0.0,0.1565107394,0.2784435289999999,-2.541513178,0.4488570998,0.1695980985,0.0003071688,-0.015409232,0.0318159583,2.0,0.0153927812999999,0.0016707232,0.0433510983999999,0.0036400841999999,0.4986909122999999,0.4933010929,7.0,0.0197358882,1.491041e-11,0.0263338946,0.0126121044999999,0.2680821225,1.7482629007,1.8826942e-08,73.0,107.5947478
2020-01-31,126883407.85,1.2446767664,1.5492202527,-0.416114407,18.61005998,0.0260713402,0.2196985461,0.0014813076,-0.056351535,0.2844572097,1.130478675,0.0586058932,1.2341104305,0.0814686229,-0.081468623,4.0,-0.062736057,0.1569564438,-0.589697061,0.1074612146,6.0807618839,0.0555399899,0.0022122836,0.0333208167,-0.021666667,0.0712138041,-0.087199954,0.8217291224,0.0,1.2725061767,0.4501160093,0.0,0.0,0.0,-0.038014255,0.0208363595,0.2057193309,0.2301943198999999,0.0946662544999999,0.0314957499,0.1657754011,-0.13854417,0.2830787084,0.1277643261,88201.341082,0.2131655373,0.0019466684,-3.034041969,-0.108797405,-0.112545468,-0.030065868,0.1084432018,1.1835312141,-0.5979340329999999,0.0610146578,,-1.665532329,5.0,1.2725061767,0.0,0.0108486831,0.0693159019,,0.0756508781,1.6962344934,,5.4309314587,,0.0,0.1835312141,0.0,0.1565107394,0.2784435289999999,-2.541513178,1.1673046904,0.1738959724,0.0008877798,-0.016422772,-0.029073806,3.0,0.0177830595999999,0.0021260839,0.054298344,0.00332543,0.4960793138,0.490093336,7.0,0.0153266685,1.148197e-11,0.0187376104,0.0097812589,0.4018533305,1.7308221205,1.9135938e-08,73.0,113.2843286
2020-02-28,133587844.23,1.2440107411,1.5475627238999998,-0.212191198,18.572650439,0.0260782854,0.0814089362,0.0528797396,-0.020199305,0.218679533,1.2312721091,0.0584125618,1.2108452583,0.0814686229,-0.081468623,4.0,-0.062736057,0.1569564438,-0.589546992,0.1074612146,6.0807618839,0.0555399899,0.0022122836,0.0333208167,-0.021666667,0.0712138041,-0.096303322,0.8217291224,0.0,1.2725061767,0.4501160093,0.0,0.0,0.0,-0.038014255,0.0208363595,0.2057193309,0.2301943198999999,0.0946662544999999,0.0314957499,0.1657754011,-0.13854417,0.2830787084,0.1277643261,88201.341082,0.2131655373,0.0019466684,-3.034041969,-0.108797405,-0.112545468,-0.030065868,0.1084432018,1.1835312141,-0.5979340329999999,0.0610146578,,-1.665532329,5.0,1.2725061767,0.0,0.0108486831,0.0693159019,,0.0756508781,1.6962344934,,5.4309314587,,0.0,0.1835312141,0.0,0.1565107394,0.2784435289999999,-2.541513178,1.1673046904,0.1738959724,0.0008877798,-0.016422772,-0.029073806,3.0,0.0177830595999999,0.0021260839,0.054298344,0.00332543,0.4960793138,0.490093336,7.0,0.0199604526,1.2169989999999999e-11,0.0238513629999999,0.013318053,0.24421203,1.6619230074,1.5101579e-08,73.0,107.4157051
2020-03-31,126667407.94,1.2340154841,1.5227942151,-0.121681236,18.78733029,0.0260368938,0.0348059082,-0.0518043859999999,0.0443832774,0.1613133471,1.3349999734,0.0627174950999999,1.2458834896,0.0814686229,-0.081468623,4.0,-0.062736057,0.1569564438,-0.588567455,0.1074612146,6.0807618839,0.0555399899,0.0022122836,0.0333208167,-0.021666667,0.0712138041,-0.106059531,0.8217291224,0.0,1.2725061767,0.4501160093,0.0,0.0,0.0,-0.038014255,0.0208363595,0.2057193309,0.2301943198999999,0.0946662544999999,0.0314957499,0.1657754011,-0.13854417,0.2830787084,0.1277643261,88201.341082,0.2131655373,0.0019466684,-3.034041969,-0.108797405,-0.112545468,-0.030065868,0.1084432018,1.1835312141,-0.5979340329999999,0.0610146578,,-1.665532329,5.0,1.2725061767,0.0,0.0108486831,0.0693159019,,0.0756508781,1.6962344934,,5.4309314587,,0.0,0.1835312141,0.0,0.1565107394,0.2784435289999999,-2.541513178,1.1673046904,0.1738959724,0.0008877798,-0.016422772,-0.029073806,3.0,0.0177830595999999,0.0021260839,0.054298344,0.00332543,0.4960793138,0.490093336,7.0,0.0270559262,1.706268e-11,0.0306411441,0.0203597429,0.397287031,3.2833823628,1.815409e-08,73.0,95.23085102
2020-04-30,112303017.49,1.2344410563,1.5238447214,-0.073371949,18.733250958,0.0260330355,-0.036490262,-0.1134364309999999,0.0424751615,0.0399653496,1.4137609123,0.0604048865,1.6757892103999998,0.0814686229,-0.081468623,4.0,-0.062736057,0.1569564438,-0.5898106329999999,0.1074612146,6.0807618839,0.0555399899,0.0022122836,0.0333208167,-0.021666667,0.0712138041,-0.115732724,0.8217291224,0.0,1.2725061767,0.4501160093,0.0,0.0,0.0,-0.038014255,0.0208363595,0.2057193309,0.2301943198999999,0.0946662544999999,0.0314957499,0.1657754011,-0.13854417,0.2830787084,0.1277643261,88201.341082,0.2131655373,0.0019466684,-3.034041969,-0.108797405,-0.112545468,-0.030065868,0.1084432018,1.1835312141,-0.5979340329999999,0.0610146578,,-1.665532329,5.0,1.2725061767,0.0,0.0108486831,0.0693159019,,0.0756508781,1.6962344934,,5.4309314587,,0.0,0.1835312141,0.0,0.1565107394,0.2784435289999999,-2.541513178,1.7351988272,0.2083109332,-0.001715305,-0.010205794,0.0379592949,0.0,0.0095472299,0.0022424859,0.0286263089,0.0057147716,0.509427644,0.5029790491,7.0,0.0718339817,4.530277e-11,0.1410977989,0.0735223673,0.25294343,2.9898453011000004,8.3577406e-09,73.0,122.3458813
2020-05-29,144273465.0,0.9539847405,0.910086885,0.2584383578,19.373147253,0.0288746871,-0.249148602,0.2847295105,-0.080307401,-0.151015331,1.3631599455,0.0780434048,1.7773965126,0.0814686229,-0.081468623,4.0,-0.062736057,0.1569564438,-0.583231935,0.1074612146,6.0807618839,0.0555399899,0.0022122836,0.0333208167,-0.021666667,0.0712138041,-0.115732724,0.8217291224,0.0,1.2725061767,0.4501160093,0.0,0.0,0.0,-0.038014255,0.0208363595,0.2057193309,0.2301943198999999,0.0946662544999999,0.0314957499,0.1657754011,-0.13854417,0.2830787084,0.1277643261,88201.341082,0.2131655373,0.0019466684,-3.034041969,-0.108797405,-0.112545468,-0.030065868,0.1084432018,1.1835312141,-0.5979340329999999,0.0610146578,,-1.665532329,5.0,1.2725061767,0.0,0.0108486831,0.0693159019,,0.0756508781,1.6962344934,,5.4309314587,,0.0,0.1835312141,0.0,0.1565107394,0.2784435289999999,-2.541513178,1.7351988272,0.2083109332,-0.001715305,-0.010205794,0.0379592949,0.0,0.0095472299,0.0022424859,0.0286263089,0.0057147716,0.509427644,0.5029790491,7.0,0.0388309599,2.654126e-11,0.1004437581,0.0378951443,0.2128887353,1.5042012028999998,1.2328353e-08,73.0,154.1856509
2020-06-30,182006690.16,0.943677616,0.890527443,0.4509990227,19.05841057,0.02982723,-0.072772284,0.2602438629,0.1387834314,0.1207289401,1.1020877311,0.0279988407,1.9508800796,0.0814686229,-0.081468623,4.0,-0.062736057,0.1569564438,-0.58091368,0.1074612146,6.0807618839,0.0555399899,0.0022122836,0.0333208167,-0.021666667,0.0712138041,-0.115732724,0.8217291224,0.0,1.2725061767,0.4501160093,0.0,0.0,0.0,-0.038014255,0.0208363595,0.2057193309,0.2301943198999999,0.0946662544999999,0.0314957499,0.1657754011,-0.13854417,0.2830787084,0.1277643261,88201.341082,0.2131655373,0.0019466684,-3.034041969,-0.108797405,-0.112545468,-0.030065868,0.1084432018,1.1835312141,-0.5979340329999999,0.0610146578,,-1.665532329,5.0,1.2725061767,0.0,0.0108486831,0.0693159019,,0.0756508781,1.6962344934,,5.4309314587,,0.0,0.1835312141,0.0,0.1565107394,0.2784435289999999,-2.541513178,1.7351988272,0.2083109332,-0.001715305,-0.010205794,0.0379592949,0.0,0.0095472299,0.0022424859,0.0286263089,0.0057147716,0.509427644,0.5029790491,7.0,0.0324244764,1.4964920000000002e-11,0.1401293427,0.035823845,0.4122092164,5.3456621684,1.2275964e-08,73.0,173.3034382
2020-07-31,204371784.99,0.9539936618,0.9101039067,0.6656590757999999,19.04951364,0.0310332527999999,-0.021632456,0.123992011,0.4330220842,0.354272216,1.1326625928,0.1176828117,1.6059799994,0.0444092326,-0.044409233,5.0,-0.184644143,0.1337763565,-0.700859365,0.1081315156,7.5195994796,0.0359463857,0.0066480612,0.0573446112,-0.0008517889999999,-0.482502386,0.0,-0.45910127,0.0,1.4300308332,0.4198895028,0.0,0.0,0.0,0.0974262316,0.0193799962,0.2372149912,0.0554722639,0.0294512227,0.0344019045,0.0642201835,0.0228007016,0.2711465589,0.2310885278999999,113678.62274,0.2114999411,0.00201328,-0.407729425,0.1237908777999999,-0.067152703,0.0752242919,0.1237908777999999,,-0.398816577,-0.142605211,,-0.854819032,6.0,1.4300308332,0.0,0.0086693760999999,0.0618951159,,0.0591936438999999,1.6515193755000002,,4.0326752893,0.0,0.0,0.1502168143999999,0.0,0.1400655925,0.2936517445,0.0980982853999999,0.589958738,0.2096312314,0.0056540201,0.0966736406,0.0162518888,1.0,0.0100949764,0.002324914,0.0307589638,0.0057927195,0.5250255848,0.5184307442,5.0,0.0301505908,1.529579e-11,0.0358967744,0.020870162,0.2137145163,1.2801254603,1.4790284e-08,73.0,195.0272923
2020-08-31,230048939.59,0.8858020398,0.7846452536,0.6899612448000001,19.152717615,0.0325333602,0.0535489617,0.1253516227,0.5298094489,0.5781702456000001,0.8855679195999999,0.1055931185,1.5389016733,0.0444092326,-0.044409233,5.0,-0.184644143,0.1337763565,-0.7035252540000001,0.1081315156,7.5195994796,0.0359463857,0.0066480612,0.0573446112,-0.0008517889999999,-0.482502386,0.0,-0.45910127,0.0,1.4300308332,0.4198895028,0.0,0.0,0.0,0.0974262316,0.0193799962,0.2372149912,0.0554722639,0.0294512227,0.0344019045,0.0642201835,0.0228007016,0.2711465589,0.2310885278999999,113678.62274,0.2114999411,0.00201328,-0.407729425,0.1237908777999999,-0.067152703,0.0752242919,0.1237908777999999,,-0.398816577,-0.142605211,,-0.854819032,6.0,1.4300308332,0.0,0.0086693760999999,0.0618951159,,0.0591936438999999,1.6515193755000002,,4.0326752893,0.0,0.0,0.1502168143999999,0.0,0.1400655925,0.2936517445,0.0980982853999999,0.589958738,0.2096312314,0.0056540201,0.0966736406,0.0162518888,1.0,0.0100949764,0.002324914,0.0307589638,0.0057927195,0.5250255848,0.5184307442,5.0,0.0322673969,1.336729e-11,0.0472570583,0.0228169733,0.3413442482,2.6257012281,1.336077e-08,73.0,203.0543757
2020-09-30,239517461.28,0.8813129766,0.7767125627,0.9000806343000001,18.934181307,0.0342415011,0.1762385413,0.0411587283,0.8156312056999999,0.797982622,0.7679961297,0.1031429231,1.3388782708,0.0444092326,-0.044409233,5.0,-0.184644143,0.1337763565,-0.708949595,0.1081315156,7.5195994796,0.0359463857,0.0066480612,0.0573446112,-0.0008517889999999,-0.482502386,0.0,-0.45910127,0.0,1.4300308332,0.4198895028,0.0,0.0,0.0,0.0974262316,0.0193799962,0.2372149912,0.0554722639,0.0294512227,0.0344019045,0.0642201835,0.0228007016,0.2711465589,0.2310885278999999,113678.62274,0.2114999411,0.00201328,-0.407729425,0.1237908777999999,-0.067152703,0.0752242919,0.1237908777999999,,-0.398816577,-0.142605211,,-0.854819032,6.0,1.4300308332,0.0,0.0086693760999999,0.0618951159,,0.0591936438999999,1.6515193755000002,,4.0326752893,0.0,0.0,0.1502168143999999,0.0,0.1400655925,0.2936517445,0.0980982853999999,0.589958738,0.2096312314,0.0056540201,0.0966736406,0.0162518888,1.0,0.0100949764,0.002324914,0.0307589638,0.0057927195,0.5250255848,0.5184307442,5.0,0.0248944081,9.560659e-12,0.0298274270999999,0.0160922872,0.201360743,1.2529371784,1.7677392e-08,73.0,195.9821869
2020-10-30,230919158.57,0.8713704729,0.759286501,1.1337490593,18.857977214,0.0347152204,0.2406797858,-0.034829043,1.1322332009,0.9706536352,0.617835346,0.0949149215,1.4396249185,0.0444092326,-0.044409233,5.0,-0.184644143,0.1337763565,-0.7043413940000001,0.1081315156,7.5195994796,0.0359463857,0.0066480612,0.0573446112,-0.0008517889999999,-0.482502386,0.0,-0.45910127,0.0,1.4300308332,0.4198895028,0.0,0.0,0.0,0.0974262316,0.0193799962,0.2372149912,0.0554722639,0.0294512227,0.0344019045,0.0642201835,0.0228007016,0.2711465589,0.2310885278999999,113678.62274,0.2114999411,0.00201328,-0.407729425,0.1237908777999999,-0.067152703,0.0752242919,0.1237908777999999,,-0.398816577,-0.142605211,,-0.854819032,6.0,1.4300308332,0.0,0.0086693760999999,0.0618951159,,0.0591936438999999,1.6515193755000002,,4.0326752893,0.0,0.0,0.1502168143999999,0.0,0.1400655925,0.2936517445,0.0980982853999999,0.589958738,0.2096312314,0.0056540201,0.0966736406,0.0162518888,1.0,0.0100949764,0.002324914,0.0307589638,0.0057927195,0.5250255848,0.5184307442,5.0,0.0405474478,1.440945e-11,0.0465179309,0.0292430577,0.2933354499,2.6829984306,1.2654397e-08,73.0,185.1401536
2020-11-30,218087037.68,0.8512138576,0.7245650312999999,0.3316958633,19.040431578,0.0361525096,0.1870777146999999,-0.055321492,0.6018699208,0.8926993736,0.4346747729,0.0896313094,1.4370685015,0.0444092326,-0.044409233,5.0,-0.184644143,0.1337763565,-0.701804658,0.1081315156,7.5195994796,0.0359463857,0.0066480612,0.0573446112,-0.0008517889999999,-0.482502386,0.0,-0.45910127,0.0,1.4300308332,0.4198895028,0.0,0.0,0.0,0.0974262316,0.0193799962,0.2372149912,0.0554722639,0.0294512227,0.0344019045,0.0642201835,0.0228007016,0.2711465589,0.2310885278999999,113678.62274,0.2114999411,0.00201328,-0.407729425,0.1237908777999999,-0.067152703,0.0752242919,0.1237908777999999,,-0.398816577,-0.142605211,,-0.854819032,6.0,1.4300308332,0.0,0.0086693760999999,0.0618951159,,0.0591936438999999,1.6515193755000002,,4.0326752893,0.0,0.0,0.1502168143999999,0.0,0.1400655925,0.2936517445,0.0980982853999999,0.9750462535,0.1881288468,0.0027873812,0.0055150818,0.177403748,0.0,0.0016363743,0.0035633571999999,0.0049748297,0.0043631952,0.5202089428,0.5140854118,5.0,0.0330944079,1.410407e-11,0.0550108962,0.0267173182,0.3557529485,2.5729699581,1.3416653e-08,73.0,212.9813017
2020-12-31,250882685.32,0.8581420795,0.7364078287000001,-0.053814577,18.882614703,0.0357598404,0.1340009155,0.1503787041,0.2007613217,0.7232664035999999,0.4262511177,0.1063819921,1.7365719568,0.0444092326,-0.044409233,5.0,-0.184644143,0.1337763565,-0.7000753609999999,0.1081315156,7.5195994796,0.0359463857,0.0066480612,0.0573446112,-0.0008517889999999,-0.482502386,0.0,-0.45910127,0.0,1.4300308332,0.4198895028,0.0,0.0,0.0,0.0974262316,0.0193799962,0.2372149912,0.0554722639,0.0294512227,0.0344019045,0.0642201835,0.0228007016,0.2711465589,0.2310885278999999,113678.62274,0.2114999411,0.00201328,-0.407729425,0.1237908777999999,-0.067152703,0.0752242919,0.1237908777999999,,-0.398816577,-0.142605211,,-0.854819032,6.0,1.4300308332,0.0,0.0086693760999999,0.0618951159,,0.0591936438999999,1.6515193755000002,,4.0326752893,0.0,0.0,0.1502168143999999,0.0,0.1400655925,0.2936517445,0.0980982853999999,0.9750462535,0.1881288468,0.0027873812,0.0055150818,0.177403748,0.0,0.0016363743,0.0035633571999999,0.0049748297,0.0043631952,0.5202089428,0.5140854118,5.0,0.0375315697,1.060169e-11,0.0805294216,0.0368086452,0.4260734846,5.0371174478,1.0516688e-08,73.0,232.9545155
2021-01-29,274482396.42,0.850733539,0.7237475543999999,-0.2665051639999999,19.152782909000003,0.0377204141999999,0.3784667324,0.0937791988,0.2289502414,0.9794767583,0.4693017372,0.0440442857,1.6366407212,0.0444092326,-0.044409233,5.0,-0.184644143,0.1337763565,-0.702373437,0.1081315156,7.5195994796,0.0359463857,0.0066480612,0.0573446112,-0.0008517889999999,-0.482502386,0.0,-0.45910127,0.0,1.4300308332,0.4198895028,0.0,0.0,0.0,0.0974262316,0.0193799962,0.2372149912,0.0554722639,0.0294512227,0.0344019045,0.0642201835,0.0228007016,0.2711465589,0.2310885278999999,113678.62274,0.2114999411,0.00201328,-0.407729425,0.1237908777999999,-0.067152703,0.0752242919,0.1237908777999999,,-0.398816577,-0.142605211,,-0.854819032,6.0,1.4300308332,0.0,0.0086693760999999,0.0618951159,,0.0591936438999999,1.6515193755000002,,4.0326752893,0.0,0.0,0.1502168143999999,0.0,0.1400655925,0.2936517445,0.0980982853999999,0.6744142462999999,0.2065984864999999,0.003079085,-0.0313671239999999,0.0804986246,1.0,0.0281944496,0.0054233441,0.0958226341999999,0.0046777493,0.5173747185,0.514806827,5.0,0.0258628229999999,8.49007e-12,0.0388086215,0.0173956698,0.3110077721,1.7527177933000002,1.4783433e-08,73.0,233.0639305
2021-02-26,274418245.7,0.8529503829,0.7275243556000001,-0.526541223,19.141402657,0.0377887361,0.4825434613,0.0004696866,0.1944712953,1.0563701831,0.3348569998,0.0217258602999999,1.5559457616,0.0444092326,-0.044409233,5.0,-0.184644143,0.1337763565,-0.7054079259999999,0.1081315156,7.5195994796,0.0359463857,0.0066480612,0.0573446112,-0.0008517889999999,-0.482502386,0.0,-0.45910127,0.0,1.4300308332,0.4198895028,0.0,0.0,0.0,0.0974262316,0.0193799962,0.2372149912,0.0554722639,0.0294512227,0.0344019045,0.0642201835,0.0228007016,0.2711465589,0.2310885278999999,113678.62274,0.2114999411,0.00201328,-0.407729425,0.1237908777999999,-0.067152703,0.0752242919,0.1237908777999999,,-0.398816577,-0.142605211,,-0.854819032,6.0,1.4300308332,0.0,0.0086693760999999,0.0618951159,,0.0591936438999999,1.6515193755000002,,4.0326752893,0.0,0.0,0.1502168143999999,0.0,0.1400655925,0.2936517445,0.0980982853999999,0.6744142462999999,0.2065984864999999,0.003079085,-0.0313671239999999,0.0804986246,1.0,0.0281944496,0.0054233441,0.0958226341999999,0.0046777493,0.5173747185,0.514806827,5.0,0.0337855225,1.171102e-11,0.0361944698,0.0252257135,0.2583363366,1.6017123336,1.8565169e-08,73.0,258.4681078
2021-03-31,304330090.75,0.838863198,0.703691465,-0.617459298,19.214711874,0.0380633339,0.7800862563,0.1090009362,0.1477907162,1.1697379765,0.3599042013,0.0235756715,1.5223140261,0.0444092326,-0.044409233,5.0,-0.184644143,0.1337763565,-0.710741684,0.1081315156,7.5195994796,0.0359463857,0.0066480612,0.0573446112,-0.0008517889999999,-0.482502386,0.0,-0.45910127,0.0,1.4300308332,0.4198895028,0.0,0.0,0.0,0.0974262316,0.0193799962,0.2372149912,0.0554722639,0.0294512227,0.0344019045,0.0642201835,0.0228007016,0.2711465589,0.2310885278999999,113678.62274,0.2114999411,0.00201328,-0.407729425,0.1237908777999999,-0.067152703,0.0752242919,0.1237908777999999,,-0.398816577,-0.142605211,,-0.854819032,6.0,1.4300308332,0.0,0.0086693760999999,0.0618951159,,0.0591936438999999,1.6515193755000002,,4.0326752893,0.0,0.0,0.1502168143999999,0.0,0.1400655925,0.2936517445,0.0980982853999999,0.6744142462999999,0.2065984864999999,0.003079085,-0.0313671239999999,0.0804986246,1.0,0.0281944496,0.0054233441,0.0958226341999999,0.0046777493,0.5173747185,0.514806827,5.0,0.0383140836,8.059475999999999e-12,0.0735609308,0.0323370002999999,0.3525350719,4.0192443761000005,1.1564853e-08,73.0,241.5485676
2021-04-30,285094155.7,0.8949752584999999,0.8009807134,-0.825466905,19.146159048,0.0388504743,1.6620682527,-0.065460876,0.3188347301,1.7141217285,0.2618952738,0.0721626758,1.6778857177000002,0.0444092326,-0.044409233,5.0,-0.184644143,0.1337763565,-0.739488065,0.1081315156,7.5195994796,0.0359463857,0.0066480612,0.0573446112,-0.0008517889999999,-0.482502386,0.0,-0.45910127,0.0,1.4300308332,0.4198895028,0.0,0.0,0.0,0.0974262316,0.0193799962,0.2372149912,0.0554722639,0.0294512227,0.0344019045,0.0642201835,0.0228007016,0.2711465589,0.2310885278999999,113678.62274,0.2114999411,0.00201328,-0.407729425,0.1237908777999999,-0.067152703,0.0752242919,0.1237908777999999,,-0.398816577,-0.142605211,,-0.854819032,6.0,1.4300308332,0.0,0.0086693760999999,0.0618951159,,0.0591936438999999,1.6515193755000002,,4.0326752893,0.0,0.0,0.1502168143999999,0.0,0.1400655925,0.2936517445,0.0980982853999999,0.6744142462999999,0.2065984864999999,0.003079085,-0.0313671239999999,0.0804986246,1.0,0.0281944496,0.0054233441,0.0958226341999999,0.0046777493,0.5173747185,0.514806827,5.0,0.0400392605,1.076982e-11,0.0693086758,0.0347723756,0.3275166268,2.9006599176,1.0471891e-08,73.0,260.8951318
2021-05-28,308119417.16,0.8907123186,0.7933684345,-0.104075695,19.459949862,0.0397130446,1.3932585609,0.0800939426,0.304679469,0.9743089286,0.6485725709000001,0.0341710572,1.6423867199000002,0.0444092326,-0.044409233,5.0,-0.184644143,0.1337763565,-0.73907427,0.1081315156,7.5195994796,0.0359463857,0.0066480612,0.0573446112,-0.0008517889999999,-0.482502386,0.0,-0.45910127,0.0,1.4300308332,0.4198895028,0.0,0.0,0.0,0.0974262316,0.0193799962,0.2372149912,0.0554722639,0.0294512227,0.0344019045,0.0642201835,0.0228007016,0.2711465589,0.2310885278999999,113678.62274,0.2114999411,0.00201328,-0.407729425,0.1237908777999999,-0.067152703,0.0752242919,0.1237908777999999,,-0.398816577,-0.142605211,,-0.854819032,6.0,1.4300308332,0.0,0.0086693760999999,0.0618951159,,0.0591936438999999,1.6515193755000002,,4.0326752893,0.0,0.0,0.1502168143999999,0.0,0.1400655925,0.2936517445,0.0980982853999999,1.5463537876,0.2175749443,0.0020110308,-0.04235639,-0.079266886,0.0,0.016163759,0.0054465658,0.0578798186,0.0046812919,0.5160038134,0.5132049782,5.0,0.0265035247,8.670533999999999e-12,0.0348200053,0.0171224393999999,0.184591411,0.9985700372,1.8411686e-08,73.0,258.6372037
2021-06-30,305452761.65,0.8847126597,0.7827164902,-0.166964493,19.084001787,0.0399320726,1.0979827534,-0.008654617,0.2249673837999999,0.6920845064,0.8887534603,0.0476129008,1.4229526241,0.0444092326,-0.044409233,5.0,-0.184644143,0.1337763565,-0.73913724,0.1081315156,7.5195994796,0.0359463857,0.0066480612,0.0573446112,-0.0008517889999999,-0.482502386,0.0,-0.45910127,0.0,1.4300308332,0.4198895028,0.0,0.0,0.0,0.0974262316,0.0193799962,0.2372149912,0.0554722639,0.0294512227,0.0344019045,0.0642201835,0.0228007016,0.2711465589,0.2310885278999999,113678.62274,0.2114999411,0.00201328,-0.407729425,0.1237908777999999,-0.067152703,0.0752242919,0.1237908777999999,,-0.398816577,-0.142605211,,-0.854819032,6.0,1.4300308332,0.0,0.0086693760999999,0.0618951159,,0.0591936438999999,1.6515193755000002,,4.0326752893,0.0,0.0,0.1502168143999999,0.0,0.1400655925,0.2936517445,0.0980982853999999,1.5463537876,0.2175749443,0.0020110308,-0.04235639,-0.079266886,0.0,0.016163759,0.0054465658,0.0578798186,0.0046812919,0.5160038134,0.5132049782,5.0,0.0291263181999999,7.698354e-12,0.0282466915,0.0195702112,0.3142823066,2.4665029243000003,1.6475541e-08,73.0,289.9298982
2021-07-30,342489012.91,0.8866942083,0.7862266190999999,-0.099622853,19.135683394,0.0401684852,0.7789107893,0.120990783,0.1102476275,0.4923950945,1.0923502343,0.0445660412,1.1901256023,0.0271460497,-0.02714605,6.0,-0.3710283829999999,0.0732068805,-0.789256992,0.127266289,15.91927289,0.0213274148,-0.003449012,0.0737324768,-0.000852515,-0.071262731,0.0,-5.509570428,0.0,1.3263713684,0.4729514718,0.0,0.0,0.0,0.1856085283,0.0153088139999999,0.2519042331,0.0522478736,0.0711680032,0.0375061151,0.1422413793,0.0159936103,0.1833122998,0.46250436,155359.10572999998,0.2372847616,0.0018360342,-34.15573057,-0.072487573,0.1263712683,0.0508219177,-0.072487573,,0.4384028877,-0.002738025,,-0.393146121,5.0,1.3263713684,0.0,0.0051005092,0.0652558963,,0.0316804892,1.5983014229,,6.3323494687,0.0,0.0,0.2071798333999999,0.0,0.0781616599,0.2442548203,-2.094159711,1.5463537876,0.2175749443,0.0020110308,-0.04235639,-0.079266886,0.0,0.016163759,0.0054465658,0.0578798186,0.0046812919,0.5160038134,0.5132049782,6.0,0.0209361164,7.41834e-12,0.0345583595,0.0134362085,0.3105643121999999,1.926486941,1.7872087999999998e-08,73.0,274.0647209
2021-08-31,323756565.53,0.8721452278,0.7606372984,-0.019111516,19.2236059,0.0403259402999999,0.8323797161,-0.054720774,0.2439930703999999,0.4866119279999999,1.3870222941,0.0498787246,1.1922197296,0.0271460497,-0.02714605,6.0,-0.3710283829999999,0.0732068805,-0.819256566,0.127266289,15.91927289,0.0213274148,-0.003449012,0.0737324768,-0.000852515,-0.071262731,0.0,-5.509570428,0.0,1.3263713684,0.4729514718,0.0,0.0,0.0,0.1856085283,0.0153088139999999,0.2519042331,0.0522478736,0.0711680032,0.0375061151,0.1422413793,0.0159936103,0.1833122998,0.46250436,182128.61287,0.2372847616,0.0018360342,-34.15573057,-0.072487573,0.1263712683,0.0508219177,-0.072487573,,0.4384028877,-0.002738025,,-0.393146121,5.0,1.3263713684,0.0,0.0051005092,0.0652558963,,0.0316804892,1.5983014229,,6.3323494687,0.0,0.0,0.2071798333999999,0.0,0.0781616599,0.2442548203,-2.094159711,1.2769906564,0.1907245059,-0.001071436,0.0001061426,0.1147786052999999,1.0,0.0238937513,0.0060592074,0.0847806092,0.0042079201,0.5126587420000001,0.5087865303,6.0,0.0207690219,6.220762e-12,0.0174885746,0.0182122847,0.3664846954999999,2.7943852330000003,1.8325178e-08,73.0,287.1248951
2021-09-30,339184741.42,0.8686558209,0.7545629351,-0.162029327,18.968599939,0.0413014155,0.5887041214000001,0.0476536304,0.0603424829999999,0.3497109845,1.2109823271,0.04789266,1.1309456734,0.0271460497,-0.02714605,6.0,-0.3710283829999999,0.0732068805,-0.82501558,0.127266289,15.91927289,0.0213274148,-0.003449012,0.0737324768,-0.000852515,-0.071262731,0.0,-5.509570428,0.0,1.3263713684,0.4729514718,0.0,0.0,0.0,0.1856085283,0.0153088139999999,0.2519042331,0.0522478736,0.0711680032,0.0375061151,0.1422413793,0.0159936103,0.1833122998,0.46250436,182964.98168,0.2372847616,0.0018360342,-34.15573057,-0.072487573,0.1263712683,0.0508219177,-0.072487573,,0.4384028877,-0.002738025,,-0.393146121,5.0,1.3263713684,0.0,0.0051005092,0.0652558963,,0.0316804892,1.5983014229,,6.3323494687,0.0,0.0,0.2071798333999999,0.0,0.0781616599,0.2442548203,-2.094159711,1.2769906564,0.1907245059,-0.001071436,0.0001061426,0.1147786052999999,1.0,0.0238937513,0.0060592074,0.0847806092,0.0042079201,0.5126587420000001,0.5087865303,6.0,0.0193368457,6.929086999999999e-12,0.0364316291999999,0.0140866833,0.3763412406,2.2383069993,1.7394351000000003e-08,73.0,258.8261933
2021-10-29,305728525.26,0.8589604034,0.7378129747,-0.160974095,19.031238475,0.0408426928,0.7485631744,-0.098558903,0.1886839436,0.4650561151,1.2430556655,0.0456560412,1.0945888975,0.0271460497,-0.02714605,6.0,-0.3710283829999999,0.0732068805,-0.82141831,0.127266289,15.91927289,0.0213274148,-0.003449012,0.0737324768,-0.000852515,-0.071262731,0.0,-5.509570428,0.0,1.3263713684,0.4729514718,0.0,0.0,0.0,0.1856085283,0.0153088139999999,0.2519042331,0.0522478736,0.0711680032,0.0375061151,0.1422413793,0.0159936103,0.1833122998,0.46250436,183570.59494,0.2372847616,0.0018360342,-34.15573057,-0.072487573,0.1263712683,0.0508219177,-0.072487573,,0.4384028877,-0.002738025,,-0.393146121,5.0,1.3263713684,0.0,0.0051005092,0.0652558963,,0.0316804892,1.5983014229,,6.3323494687,0.0,0.0,0.2071798333999999,0.0,0.0781616599,0.2442548203,-2.094159711,1.2769906564,0.1907245059,-0.001071436,0.0001061426,0.1147786052999999,1.0,0.0238937513,0.0060592074,0.0847806092,0.0042079201,0.5126587420000001,0.5087865303,6.0,0.0216813444,7.363349e-12,0.0248219500999999,0.0158053745,0.2937450328,1.6032331869,2.0763380000000004e-08,73.0,231.3530775
2021-11-30,273276964.4,0.8548130923,0.7307054228000001,-0.522409884,19.042739339,0.0404240545,0.6849164126999999,-0.106145024,-0.007930221,0.3980013106,1.2108326693,0.0517140755,1.4227224884,0.0271460497,-0.02714605,6.0,-0.3710283829999999,0.0732068805,-0.8288309909999999,0.127266289,15.91927289,0.0213274148,-0.003449012,0.0737324768,-0.000852515,-0.071262731,0.0,-5.509570428,0.0,1.3263713684,0.4729514718,0.0,0.0,0.0,0.1856085283,0.0153088139999999,0.2519042331,0.0522478736,0.0711680032,0.0375061151,0.1422413793,0.0159936103,0.1833122998,0.46250436,183570.59494,0.2372847616,0.0018360342,-34.15573057,-0.072487573,0.1263712683,0.0508219177,-0.072487573,,0.4384028877,-0.002738025,,-0.393146121,5.0,1.3263713684,0.0,0.0051005092,0.0652558963,,0.0316804892,1.5983014229,,6.3323494687,0.0,0.0,0.2071798333999999,0.0,0.0781616599,0.2442548203,-2.094159711,0.7697163220000001,0.1827019871,-0.007444809,-0.017968397,-0.026825482,0.0,0.0155870359,0.0060398768,0.054797942,0.0049632725,0.5108812479,0.5061199159,6.0,0.031468749,7.891464999999999e-12,0.0393588208,0.0249035667,0.7250152945999999,8.950863612300001,9.8207895e-09,73.0,183.9067479
2021-12-31,217232806.98,0.8532204238,0.7279850915,-0.503305051,18.992409759,0.0408607622,0.4062904453,-0.205081895,-0.1054918669999999,0.0862600491,1.4952803078,0.0193867632,2.2710811141,0.0271460497,-0.02714605,6.0,-0.3710283829999999,0.0732068805,-0.833756704,0.127266289,15.91927289,0.0213274148,-0.003449012,0.0737324768,-0.000852515,-0.071262731,0.0,-5.509570428,0.0,1.3263713684,0.4729514718,0.0,0.0,0.0,0.1856085283,0.0153088139999999,0.2519042331,0.0522478736,0.0711680032,0.0375061151,0.1422413793,0.0159936103,0.1833122998,0.46250436,187263.28346,0.2372847616,0.0018360342,-34.15573057,-0.072487573,0.1263712683,0.0508219177,-0.072487573,,0.4384028877,-0.002738025,,-0.393146121,5.0,1.3263713684,0.0,0.0051005092,0.0652558963,,0.0316804892,1.5983014229,,6.3323494687,0.0,0.0,0.2071798333999999,0.0,0.0781616599,0.2442548203,-2.094159711,0.7697163220000001,0.1827019871,-0.007444809,-0.017968397,-0.026825482,0.0,0.0155870359,0.0060398768,0.054797942,0.0049632725,0.5108812479,0.5061199159,6.0,0.0330767616,3.843329e-12,0.0310350154,0.0278896579999999,0.3670821093,9.2894400753,5.6482761e-09,73.0,187.5771244
