tradeDate,mvel1,beta,betasq,chmom,dolvol,idiovol,indmom,mom1m,mom6m,mom12m,mom36m,pricedelay,turn,absacc,acc,age,agr,bm,bm_ia,cashdebt,cashpr,cfp,cfp_ia,chatoia,chcsho,chempia,chinv,chpmia,convind,currat,depr,divi,divo,dy,egr,ep,gma,grcapx,grltnoa,herf,hire,invest,lev,lgr,mve_ia,operprof,orgcap,pchcapx_ia,pchcurrat,pchdepr,pchgm_pchsale,pchquick,pchsale_pchinvt,pchsale_pchrect,pchsale_pchxsga,pchsaleinv,pctacc,ps,quick,rd,rd_mve,rd_sale,realestate,roic,salecash,saleinv,salerec,secured,securedind,sgr,sin,sp,tang,tb,aeavol,cash,chtx,cinvest,ear,nincr,roaq,roavol,roeq,rsup,stdacc,stdcf,ms,baspread,ill,maxret,retvol,std_dolvol,std_turn,zerotrade,sic2,close
1990-01-31,,,,,,,,,,,,,,,,,,,,,,,,,,,,,,,,,,,,,,,,,,,,,,,,,,,,,,,,,,,,,,,,,,,,,,,,,,,,,,,,,,,,,,,,,,,,,,,,
1990-02-28,,,,,,,,,,,,,,,,,,,,,,,,,,,,,,,,,,,,,,,,,,,,,,,,,,,,,,,,,,,,,,,,,,,,,,,,,,,,,,,,,,,,,,,,,,,,,,,,
1990-03-30,,,,,,,,,,,,,,,,,,,,,,,,,,,,,,,,,,,,,,,,,,,,,,,,,,,,,,,,,,,,,,,,,,,,,,,,,,,,,,,,,,,,,,,,,,,,,,,,
1990-04-30,,,,,,,,,,,,,,,,,,,,,,,,,,,,,,,,,,,,,,,,,,,,,,,,,,,,,,,,,,,,,,,,,,,,,,,,,,,,,,,,,,,,,,,,,,,,,,,,
1990-05-31,,,,,,,,,,,,,,,,,,,,,,,,,,,,,,,,,,,,,,,,,,,,,,,,,,,,,,,,,,,,,,,,,,,,,,,,,,,,,,,,,,,,,,,,,,,,,,,,
1990-06-29,,,,,,,,,,,,,,,,,,,,,,,,,,,,,,,,,,,,,,,,,,,,,,,,,,,,,,,,,,,,,,,,,,,,,,,,,,,,,,,,,,,,,,,,,,,,,,,,
1990-07-31,,,,,,,,,,,,,,,,,,,,,,,,,,,,,,,,,,,,,,,,,,,,,,,,,,,,,,,,,,,,,,,,,,,,,,,,,,,,,,,,,,,,,,,,,,,,,,,,
1990-08-31,,,,,,,,,,,,,,,,,,,,,,,,,,,,,,,,,,,,,,,,,,,,,,,,,,,,,,,,,,,,,,,,,,,,,,,,,,,,,,,,,,,,,,,,,,,,,,,,
1990-09-28,,,,,,,,,,,,,,,,,,,,,,,,,,,,,,,,,,,,,,,,,,,,,,,,,,,,,,,,,,,,,,,,,,,,,,,,,,,,,,,,,,,,,,,,,,,,,,,,
1990-10-31,,,,,,,,,,,,,,,,,,,,,,,,,,,,,,,,,,,,,,,,,,,,,,,,,,,,,,,,,,,,,,,,,,,,,,,,,,,,,,,,,,,,,,,,,,,,,,,,
1990-11-30,,,,,,,,,,,,,,,,,,,,,,,,,,,,,,,,,,,,,,,,,,,,,,,,,,,,,,,,,,,,,,,,,,,,,,,,,,,,,,,,,,,,,,,,,,,,,,,,
1990-12-31,,,,,,,,,,,,,,,,,,,,,,,,,,,,,,,,,,,,,,,,,,,,,,,,,,,,,,,,,,,,,,,,,,,,,,,,,,,,,,,,,,,,,,,,,,,,,,,,
1991-01-31,,,,,,,,,,,,,,,,,,,,,,,,,,,,,,,,,,,,,,,,,,,,,,,,,,,,,,,,,,,,,,,,,,,,,,,,,,,,,,,,,,,,,,,,,,,,,,,,
1991-02-28,,,,,,,,,,,,,,,,,,,,,,,,,,,,,,,,,,,,,,,,,,,,,,,,,,,,,,,,,,,,,,,,,,,,,,,,,,,,,,,,,,,,,,,,,,,,,,,,
1991-03-28,,,,,,,,,,,,,,,,,,,,,,,,,,,,,,,,,,,,,,,,,,,,,,,,,,,,,,,,,,,,,,,,,,,,,,,,,,,,,,,,,,,,,,,,,,,,,,,,
1991-04-30,,,,,,,,,,,,,,,,,,,,,,,,,,,,,,,,,,,,,,,,,,,,,,,,,,,,,,,,,,,,,,,,,,,,,,,,,,,,,,,,,,,,,,,,,,,,,,,,
1991-05-31,,,,,,,,,,,,,,,,,,,,,,,,,,,,,,,,,,,,,,,,,,,,,,,,,,,,,,,,,,,,,,,,,,,,,,,,,,,,,,,,,,,,,,,,,,,,,,,,
1991-06-28,,,,,,,,,,,,,,,,,,,,,,,,,,,,,,,,,,,,,,,,,,,,,,,,,,,,,,,,,,,,,,,,,,,,,,,,,,,,,,,,,,,,,,,,,,,,,,,,
1991-07-31,,,,,,,,,,,,,,,,,,,,,,,,,,,,,,,,,,,,,,,,,,,,,,,,,,,,,,,,,,,,,,,,,,,,,,,,,,,,,,,,,,,,,,,,,,,,,,,,
1991-08-30,,,,,,,,,,,,,,,,,,,,,,,,,,,,,,,,,,,,,,,,,,,,,,,,,,,,,,,,,,,,,,,,,,,,,,,,,,,,,,,,,,,,,,,,,,,,,,,,
1991-09-30,,,,,,,,,,,,,,,,,,,,,,,,,,,,,,,,,,,,,,,,,,,,,,,,,,,,,,,,,,,,,,,,,,,,,,,,,,,,,,,,,,,,,,,,,,,,,,,,
1991-10-31,,,,,,,,,,,,,,,,,,,,,,,,,,,,,,,,,,,,,,,,,,,,,,,,,,,,,,,,,,,,,,,,,,,,,,,,,,,,,,,,,,,,,,,,,,,,,,,,
1991-11-29,,,,,,,,,,,,,,,,,,,,,,,,,,,,,,,,,,,,,,,,,,,,,,,,,,,,,,,,,,,,,,,,,,,,,,,,,,,,,,,,,,,,,,,,,,,,,,,,
1991-12-31,,,,,,,,,,,,,,,,,,,,,,,,,,,,,,,,,,,,,,,,,,,,,,,,,,,,,,,,,,,,,,,,,,,,,,,,,,,,,,,,,,,,,,,,,,,,,,,,
1992-01-31,,,,,,,,,,,,,,,,,,,,,,,,,,,,,,,,,,,,,,,,,,,,,,,,,,,,,,,,,,,,,,,,,,,,,,,,,,,,,,,,,,,,,,,,,,,,,,,,
1992-02-28,,,,,,,,,,,,,,,,,,,,,,,,,,,,,,,,,,,,,,,,,,,,,,,,,,,,,,,,,,,,,,,,,,,,,,,,,,,,,,,,,,,,,,,,,,,,,,,,
1992-03-31,,,,,,,,,,,,,,,,,,,,,,,,,,,,,,,,,,,,,,,,,,,,,,,,,,,,,,,,,,,,,,,,,,,,,,,,,,,,,,,,,,,,,,,,,,,,,,,,
1992-04-30,,,,,,,,,,,,,,,,,,,,,,,,,,,,,,,,,,,,,,,,,,,,,,,,,,,,,,,,,,,,,,,,,,,,,,,,,,,,,,,,,,,,,,,,,,,,,,,,
1992-05-29,,,,,,,,,,,,,,,,,,,,,,,,,,,,,,,,,,,,,,,,,,,,,,,,,,,,,,,,,,,,,,,,,,,,,,,,,,,,,,,,,,,,,,,,,,,,,,,,
1992-06-30,,,,,,,,,,,,,,,,,,,,,,,,,,,,,,,,,,,,,,,,,,,,,,,,,,,,,,,,,,,,,,,,,,,,,,,,,,,,,,,,,,,,,,,,,,,,,,,,
1992-07-31,,,,,,,,,,,,,,,,,,,,,,,,,,,,,,,,,,,,,,,,,,,,,,,,,,,,,,,,,,,,,,,,,,,,,,,,,,,,,,,,,,,,,,,,,,,,,,,,
1992-08-31,,,,,,,,,,,,,,,,,,,,,,,,,,,,,,,,,,,,,,,,,,,,,,,,,,,,,,,,,,,,,,,,,,,,,,,,,,,,,,,,,,,,,,,,,,,,,,,,
1992-09-30,,,,,,,,,,,,,,,,,,,,,,,,,,,,,,,,,,,,,,,,,,,,,,,,,,,,,,,,,,,,,,,,,,,,,,,,,,,,,,,,,,,,,,,,,,,,,,,,
1992-10-30,,,,,,,,,,,,,,,,,,,,,,,,,,,,,,,,,,,,,,,,,,,,,,,,,,,,,,,,,,,,,,,,,,,,,,,,,,,,,,,,,,,,,,,,,,,,,,,,
1992-11-30,,,,,,,,,,,,,,,,,,,,,,,,,,,,,,,,,,,,,,,,,,,,,,,,,,,,,,,,,,,,,,,,,,,,,,,,,,,,,,,,,,,,,,,,,,,,,,,,
1992-12-31,,,,,,,,,,,,,,,,,,,,,,,,,,,,,,,,,,,,,,,,,,,,,,,,,,,,,,,,,,,,,,,,,,,,,,,,,,,,,,,,,,,,,,,,,,,,,,,,
1993-01-29,,,,,,,,,,,,,,,,,,,,,,,,,,,,,,,,,,,,,,,,,,,,,,,,,,,,,,,,,,,,,,,,,,,,,,,,,,,,,,,,,,,,,,,,,,,,,,,,
1993-02-26,,,,,,,,,,,,,,,,,,,,,,,,,,,,,,,,,,,,,,,,,,,,,,,,,,,,,,,,,,,,,,,,,,,,,,,,,,,,,,,,,,,,,,,,,,,,,,,,
1993-03-31,,,,,,,,,,,,,,,,,,,,,,,,,,,,,,,,,,,,,,,,,,,,,,,,,,,,,,,,,,,,,,,,,,,,,,,,,,,,,,,,,,,,,,,,,,,,,,,,
1993-04-30,,,,,,,,,,,,,,,,,,,,,,,,,,,,,,,,,,,,,,,,,,,,,,,,,,,,,,,,,,,,,,,,,,,,,,,,,,,,,,,,,,,,,,,,,,,,,,,,
1993-05-28,,,,,,,,,,,,,,,,,,,,,,,,,,,,,,,,,,,,,,,,,,,,,,,,,,,,,,,,,,,,,,,,,,,,,,,,,,,,,,,,,,,,,,,,,,,,,,,,
1993-06-30,,,,,,,,,,,,,,,,,,,,,,,,,,,,,,,,,,,,,,,,,,,,,,,,,,,,,,,,,,,,,,,,,,,,,,,,,,,,,,,,,,,,,,,,,,,,,,,,
1993-07-30,,,,,,,,,,,,,,,,,,,,,,,,,,,,,,,,,,,,,,,,,,,,,,,,,,,,,,,,,,,,,,,,,,,,,,,,,,,,,,,,,,,,,,,,,,,,,,,,
1993-08-31,,,,,,,,,,,,,,,,,,,,,,,,,,,,,,,,,,,,,,,,,,,,,,,,,,,,,,,,,,,,,,,,,,,,,,,,,,,,,,,,,,,,,,,,,,,,,,,,
1993-09-30,,,,,,,,,,,,,,,,,,,,,,,,,,,,,,,,,,,,,,,,,,,,,,,,,,,,,,,,,,,,,,,,,,,,,,,,,,,,,,,,,,,,,,,,,,,,,,,,
1993-10-29,,,,,,,,,,,,,,,,,,,,,,,,,,,,,,,,,,,,,,,,,,,,,,,,,,,,,,,,,,,,,,,,,,,,,,,,,,,,,,,,,,,,,,,,,,,,,,,,
1993-11-30,,,,,,,,,,,,,,,,,,,,,,,,,,,,,,,,,,,,,,,,,,,,,,,,,,,,,,,,,,,,,,,,,,,,,,,,,,,,,,,,,,,,,,,,,,,,,,,,
1993-12-31,,,,,,,,,,,,,,,,,,,,,,,,,,,,,,,,,,,,,,,,,,,,,,,,,,,,,,,,,,,,,,,,,,,,,,,,,,,,,,,,,,,,,,,,,,,,,,,,
1994-01-31,,,,,,,,,,,,,,,,,,,,,,,,,,,,,,,,,,,,,,,,,,,,,,,,,,,,,,,,,,,,,,,,,,,,,,,,,,,,,,,,,,,,,,,,,,,,,,,,
1994-02-28,,,,,,,,,,,,,,,,,,,,,,,,,,,,,,,,,,,,,,,,,,,,,,,,,,,,,,,,,,,,,,,,,,,,,,,,,,,,,,,,,,,,,,,,,,,,,,,,
1994-03-31,,,,,,,,,,,,,,,,,,,,,,,,,,,,,,,,,,,,,,,,,,,,,,,,,,,,,,,,,,,,,,,,,,,,,,,,,,,,,,,,,,,,,,,,,,,,,,,,
1994-04-29,,,,,,,,,,,,,,,,,,,,,,,,,,,,,,,,,,,,,,,,,,,,,,,,,,,,,,,,,,,,,,,,,,,,,,,,,,,,,,,,,,,,,,,,,,,,,,,,
1994-05-31,,,,,,,,,,,,,,,,,,,,,,,,,,,,,,,,,,,,,,,,,,,,,,,,,,,,,,,,,,,,,,,,,,,,,,,,,,,,,,,,,,,,,,,,,,,,,,,,
1994-06-30,,,,,,,,,,,,,,,,,,,,,,,,,,,,,,,,,,,,,,,,,,,,,,,,,,,,,,,,,,,,,,,,,,,,,,,,,,,,,,,,,,,,,,,,,,,,,,,,
1994-07-29,,,,,,,,,,,,,,,,,,,,,,,,,,,,,,,,,,,,,,,,,,,,,,,,,,,,,,,,,,,,,,,,,,,,,,,,,,,,,,,,,,,,,,,,,,,,,,,,
1994-08-31,,,,,,,,,,,,,,,,,,,,,,,,,,,,,,,,,,,,,,,,,,,,,,,,,,,,,,,,,,,,,,,,,,,,,,,,,,,,,,,,,,,,,,,,,,,,,,,,
1994-09-30,,,,,,,,,,,,,,,,,,,,,,,,,,,,,,,,,,,,,,,,,,,,,,,,,,,,,,,,,,,,,,,,,,,,,,,,,,,,,,,,,,,,,,,,,,,,,,,,
1994-10-31,,,,,,,,,,,,,,,,,,,,,,,,,,,,,,,,,,,,,,,,,,,,,,,,,,,,,,,,,,,,,,,,,,,,,,,,,,,,,,,,,,,,,,,,,,,,,,,,
1994-11-30,,,,,,,,,,,,,,,,,,,,,,,,,,,,,,,,,,,,,,,,,,,,,,,,,,,,,,,,,,,,,,,,,,,,,,,,,,,,,,,,,,,,,,,,,,,,,,,,
1994-12-30,,,,,,,,,,,,,,,,,,,,,,,,,,,,,,,,,,,,,,,,,,,,,,,,,,,,,,,,,,,,,,,,,,,,,,,,,,,,,,,,,,,,,,,,,,,,,,,,
1995-01-31,,,,,,,,,,,,,,,,,,,,,,,,,,,,,,,,,,,,,,,,,,,,,,,,,,,,,,,,,,,,,,,,,,,,,,,,,,,,,,,,,,,,,,,,,,,,,,,,
1995-02-28,,,,,,,,,,,,,,,,,,,,,,,,,,,,,,,,,,,,,,,,,,,,,,,,,,,,,,,,,,,,,,,,,,,,,,,,,,,,,,,,,,,,,,,,,,,,,,,,
1995-03-31,,,,,,,,,,,,,,,,,,,,,,,,,,,,,,,,,,,,,,,,,,,,,,,,,,,,,,,,,,,,,,,,,,,,,,,,,,,,,,,,,,,,,,,,,,,,,,,,
1995-04-28,,,,,,,,,,,,,,,,,,,,,,,,,,,,,,,,,,,,,,,,,,,,,,,,,,,,,,,,,,,,,,,,,,,,,,,,,,,,,,,,,,,,,,,,,,,,,,,,
1995-05-31,,,,,,,,,,,,,,,,,,,,,,,,,,,,,,,,,,,,,,,,,,,,,,,,,,,,,,,,,,,,,,,,,,,,,,,,,,,,,,,,,,,,,,,,,,,,,,,,
1995-06-30,,,,,,,,,,,,,,,,,,,,,,,,,,,,,,,,,,,,,,,,,,,,,,,,,,,,,,,,,,,,,,,,,,,,,,,,,,,,,,,,,,,,,,,,,,,,,,,,
1995-07-31,,,,,,,,,,,,,,,,,,,,,,,,,,,,,,,,,,,,,,,,,,,,,,,,,,,,,,,,,,,,,,,,,,,,,,,,,,,,,,,,,,,,,,,,,,,,,,,,
1995-08-31,,,,,,,,,,,,,,,,,,,,,,,,,,,,,,,,,,,,,,,,,,,,,,,,,,,,,,,,,,,,,,,,,,,,,,,,,,,,,,,,,,,,,,,,,,,,,,,,
1995-09-29,,,,,,,,,,,,,,,,,,,,,,,,,,,,,,,,,,,,,,,,,,,,,,,,,,,,,,,,,,,,,,,,,,,,,,,,,,,,,,,,,,,,,,,,,,,,,,,,
1995-10-31,,,,,,,,,,,,,,,,,,,,,,,,,,,,,,,,,,,,,,,,,,,,,,,,,,,,,,,,,,,,,,,,,,,,,,,,,,,,,,,,,,,,,,,,,,,,,,,,
1995-11-30,,,,,,,,,,,,,,,,,,,,,,,,,,,,,,,,,,,,,,,,,,,,,,,,,,,,,,,,,,,,,,,,,,,,,,,,,,,,,,,,,,,,,,,,,,,,,,,,
1995-12-29,,,,,,,,,,,,,,,,,,,,,,,,,,,,,,,,,,,,,,,,,,,,,,,,,,,,,,,,,,,,,,,,,,,,,,,,,,,,,,,,,,,,,,,,,,,,,,,,
1996-01-31,,,,,,,,,,,,,,,,,,,,,,,,,,,,,,,,,,,,,,,,,,,,,,,,,,,,,,,,,,,,,,,,,,,,,,,,,,,,,,,,,,,,,,,,,,,,,,,,
1996-02-29,,,,,,,,,,,,,,,,,,,,,,,,,,,,,,,,,,,,,,,,,,,,,,,,,,,,,,,,,,,,,,,,,,,,,,,,,,,,,,,,,,,,,,,,,,,,,,,,
1996-03-29,,,,,,,,,,,,,,,,,,,,,,,,,,,,,,,,,,,,,,,,,,,,,,,,,,,,,,,,,,,,,,,,,,,,,,,,,,,,,,,,,,,,,,,,,,,,,,,,
1996-04-30,,,,,,,,,,,,,,,,,,,,,,,,,,,,,,,,,,,,,,,,,,,,,,,,,,,,,,,,,,,,,,,,,,,,,,,,,,,,,,,,,,,,,,,,,,,,,,,,
1996-05-31,,,,,,,,,,,,,,,,,,,,,,,,,,,,,,,,,,,,,,,,,,,,,,,,,,,,,,,,,,,,,,,,,,,,,,,,,,,,,,,,,,,,,,,,,,,,,,,,
1996-06-28,,,,,,,,,,,,,,,,,,,,,,,,,,,,,,,,,,,,,,,,,,,,,,,,,,,,,,,,,,,,,,,,,,,,,,,,,,,,,,,,,,,,,,,,,,,,,,,,
1996-07-31,,,,,,,,,,,,,,,,,,,,,,,,,,,,,,,,,,,,,,,,,,,,,,,,,,,,,,,,,,,,,,,,,,,,,,,,,,,,,,,,,,,,,,,,,,,,,,,,
1996-08-30,,,,,,,,,,,,,,,,,,,,,,,,,,,,,,,,,,,,,,,,,,,,,,,,,,,,,,,,,,,,,,,,,,,,,,,,,,,,,,,,,,,,,,,,,,,,,,,,
1996-09-30,,,,,,,,,,,,,,,,,,,,,,,,,,,,,,,,,,,,,,,,,,,,,,,,,,,,,,,,,,,,,,,,,,,,,,,,,,,,,,,,,,,,,,,,,,,,,,,,
1996-10-31,,,,,,,,,,,,,,,,,,,,,,,,,,,,,,,,,,,,,,,,,,,,,,,,,,,,,,,,,,,,,,,,,,,,,,,,,,,,,,,,,,,,,,,,,,,,,,,,
1996-11-29,,,,,,,,,,,,,,,,,,,,,,,,,,,,,,,,,,,,,,,,,,,,,,,,,,,,,,,,,,,,,,,,,,,,,,,,,,,,,,,,,,,,,,,,,,,,,,,,
1996-12-31,,,,,,,,,,,,,,,,,,,,,,,,,,,,,,,,,,,,,,,,,,,,,,,,,,,,,,,,,,,,,,,,,,,,,,,,,,,,,,,,,,,,,,,,,,,,,,,,
1997-01-31,,,,,,,,,,,,,,,,,,,,,,,,,,,,,,,,,,,,,,,,,,,,,,,,,,,,,,,,,,,,,,,,,,,,,,,,,,,,,,,,,,,,,,,,,,,,,,,,
1997-02-28,,,,,,,,,,,,,,,,,,,,,,,,,,,,,,,,,,,,,,,,,,,,,,,,,,,,,,,,,,,,,,,,,,,,,,,,,,,,,,,,,,,,,,,,,,,,,,,,
1997-03-31,,,,,,,,,,,,,,,,,,,,,,,,,,,,,,,,,,,,,,,,,,,,,,,,,,,,,,,,,,,,,,,,,,,,,,,,,,,,,,,,,,,,,,,,,,,,,,,,
1997-04-30,,,,,,,,,,,,,,,,,,,,,,,,,,,,,,,,,,,,,,,,,,,,,,,,,,,,,,,,,,,,,,,,,,,,,,,,,,,,,,,,,,,,,,,,,,,,,,,,
1997-05-30,,,,,,,,,,,,,,,,,,,,,,,,,,,,,,,,,,,,,,,,,,,,,,,,,,,,,,,,,,,,,,,,,,,,,,,,,,,,,,,,,,,,,,,,,,,,,,,,
1997-06-30,,,,,,,,,,,,,,,,,,,,,,,,,,,,,,,,,,,,,,,,,,,,,,,,,,,,,,,,,,,,,,,,,,,,,,,,,,,,,,,,,,,,,,,,,,,,,,,,
1997-07-31,,,,,,,,,,,,,,,,,,,,,,,,,,,,,,,,,,,,,,,,,,,,,,,,,,,,,,,,,,,,,,,,,,,,,,,,,,,,,,,,,,,,,,,,,,,,,,,,
1997-08-29,,,,,,,,,,,,,,,,,,,,,,,,,,,,,,,,,,,,,,,,,,,,,,,,,,,,,,,,,,,,,,,,,,,,,,,,,,,,,,,,,,,,,,,,,,,,,,,,
1997-09-30,,,,,,,,,,,,,,,,,,,,,,,,,,,,,,,,,,,,,,,,,,,,,,,,,,,,,,,,,,,,,,,,,,,,,,,,,,,,,,,,,,,,,,,,,,,,,,,,
1997-10-31,,,,,,,,,,,,,,,,,,,,,,,,,,,,,,,,,,,,,,,,,,,,,,,,,,,,,,,,,,,,,,,,,,,,,,,,,,,,,,,,,,,,,,,,,,,,,,,,
1997-11-28,,,,,,,,,,,,,,,,,,,,,,,,,,,,,,,,,,,,,,,,,,,,,,,,,,,,,,,,,,,,,,,,,,,,,,,,,,,,,,,,,,,,,,,,,,,,,,,,
1997-12-31,,,,,,,,,,,,,,,,,,,,,,,,,,,,,,,,,,,,,,,,,,,,,,,,,,,,,,,,,,,,,,,,,,,,,,,,,,,,,,,,,,,,,,,,,,,,,,,,
1998-01-30,,,,,,,,,,,,,,,,,,,,,,,,,,,,,,,,,,,,,,,,,,,,,,,,,,,,,,,,,,,,,,,,,,,,,,,,,,,,,,,,,,,,,,,,,,,,,,,,
1998-02-27,,,,,,,,,,,,,,,,,,,,,,,,,,,,,,,,,,,,,,,,,,,,,,,,,,,,,,,,,,,,,,,,,,,,,,,,,,,,,,,,,,,,,,,,,,,,,,,,
1998-03-31,,,,,,,,,,,,,,,,,,,,,,,,,,,,,,,,,,,,,,,,,,,,,,,,,,,,,,,,,,,,,,,,,,,,,,,,,,,,,,,,,,,,,,,,,,,,,,,,
1998-04-30,,,,,,,,,,,,,,,,,,,,,,,,,,,,,,,,,,,,,,,,,,,,,,,,,,,,,,,,,,,,,,,,,,,,,,,,,,,,,,,,,,,,,,,,,,,,,,,,
1998-05-29,,,,,,,,,,,,,,,,,,,,,,,,,,,,,,,,,,,,,,,,,,,,,,,,,,,,,,,,,,,,,,,,,,,,,,,,,,,,,,,,,,,,,,,,,,,,,,,,
1998-06-30,,,,,,,,,,,,,,,,,,,,,,,,,,,,,,,,,,,,,,,,,,,,,,,,,,,,,,,,,,,,,,,,,,,,,,,,,,,,,,,,,,,,,,,,,,,,,,,,
1998-07-31,,,,,,,,,,,,,,,,,,,,,,,,,,,,,,,,,,,,,,,,,,,,,,,,,,,,,,,,,,,,,,,,,,,,,,,,,,,,,,,,,,,,,,,,,,,,,,,,
1998-08-31,,,,,,,,,,,,,,,,,,,,,,,,,,,,,,,,,,,,,,,,,,,,,,,,,,,,,,,,,,,,,,,,,,,,,,,,,,,,,,,,,,,,,,,,,,,,,,,,
1998-09-30,,,,,,,,,,,,,,,,,,,,,,,,,,,,,,,,,,,,,,,,,,,,,,,,,,,,,,,,,,,,,,,,,,,,,,,,,,,,,,,,,,,,,,,,,,,,,,,,
1998-10-30,,,,,,,,,,,,,,,,,,,,,,,,,,,,,,,,,,,,,,,,,,,,,,,,,,,,,,,,,,,,,,,,,,,,,,,,,,,,,,,,,,,,,,,,,,,,,,,,
1998-11-30,,,,,,,,,,,,,,,,,,,,,,,,,,,,,,,,,,,,,,,,,,,,,,,,,,,,,,,,,,,,,,,,,,,,,,,,,,,,,,,,,,,,,,,,,,,,,,,,
1998-12-31,,,,,,,,,,,,,,,,,,,,,,,,,,,,,,,,,,,,,,,,,,,,,,,,,,,,,,,,,,,,,,,,,,,,,,,,,,,,,,,,,,,,,,,,,,,,,,,,
1999-01-29,,,,,,,,,,,,,,,,,,,,,,,,,,,,,,,,,,,,,,,,,,,,,,,,,,,,,,,,,,,,,,,,,,,,,,,,,,,,,,,,,,,,,,,,,,,,,,,,
1999-02-26,,,,,,,,,,,,,,,,,,,,,,,,,,,,,,,,,,,,,,,,,,,,,,,,,,,,,,,,,,,,,,,,,,,,,,,,,,,,,,,,,,,,,,,,,,,,,,,,
1999-03-31,,,,,,,,,,,,,,,,,,,,,,,,,,,,,,,,,,,,,,,,,,,,,,,,,,,,,,,,,,,,,,,,,,,,,,,,,,,,,,,,,,,,,,,,,,,,,,,,
1999-04-30,,,,,,,,,,,,,,,,,,,,,,,,,,,,,,,,,,,,,,,,,,,,,,,,,,,,,,,,,,,,,,,,,,,,,,,,,,,,,,,,,,,,,,,,,,,,,,,,
1999-05-28,,,,,,,,,,,,,,,,,,,,,,,,,,,,,,,,,,,,,,,,,,,,,,,,,,,,,,,,,,,,,,,,,,,,,,,,,,,,,,,,,,,,,,,,,,,,,,,,
1999-06-30,,,,,,,,,,,,,,,,,,,,,,,,,,,,,,,,,,,,,,,,,,,,,,,,,,,,,,,,,,,,,,,,,,,,,,,,,,,,,,,,,,,,,,,,,,,,,,,,
1999-07-30,,,,,,,,,,,,,,,,,,,,,,,,,,,,,,,,,,,,,,,,,,,,,,,,,,,,,,,,,,,,,,,,,,,,,,,,,,,,,,,,,,,,,,,,,,,,,,,,
1999-08-31,,,,,,,,,,,,,,,,,,,,,,,,,,,,,,,,,,,,,,,,,,,,,,,,,,,,,,,,,,,,,,,,,,,,,,,,,,,,,,,,,,,,,,,,,,,,,,,,
1999-09-30,,,,,,,,,,,,,,,,,,,,,,,,,,,,,,,,,,,,,,,,,,,,,,,,,,,,,,,,,,,,,,,,,,,,,,,,,,,,,,,,,,,,,,,,,,,,,,,,
1999-10-29,,,,,,,,,,,,,,,,,,,,,,,,,,,,,,,,,,,,,,,,,,,,,,,,,,,,,,,,,,,,,,,,,,,,,,,,,,,,,,,,,,,,,,,,,,,,,,,,
1999-11-30,,,,,,,,,,,,,,,,,,,,,,,,,,,,,,,,,,,,,,,,,,,,,,,,,,,,,,,,,,,,,,,,,,,,,,,,,,,,,,,,,,,,,,,,,,,,,,,,
1999-12-31,,,,,,,,,,,,,,,,,,,,,,,,,,,,,,,,,,,,,,,,,,,,,,,,,,,,,,,,,,,,,,,,,,,,,,,,,,,,,,,,,,,,,,,,,,,,,,,,
2000-01-31,,,,,,,,,,,,,,,,,,,,,,,,,,,,,,,,,,,,,,,,,,,,,,,,,,,,,,,,,,,,,,,,,,,,,,,,,,,,,,,,,,,,,,,,,,,,,,,,
2000-02-29,,,,,,,,,,,,,,,,,,,,,,,,,,,,,,,,,,,,,,,,,,,,,,,,,,,,,,,,,,,,,,,,,,,,,,,,,,,,,,,,,,,,,,,,,,,,,,,,
2000-03-31,,,,,,,,,,,,,,,,,,,,,,,,,,,,,,,,,,,,,,,,,,,,,,,,,,,,,,,,,,,,,,,,,,,,,,,,,,,,,,,,,,,,,,,,,,,,,,,,
2000-04-28,,,,,,,,,,,,,,,,,,,,,,,,,,,,,,,,,,,,,,,,,,,,,,,,,,,,,,,,,,,,,,,,,,,,,,,,,,,,,,,,,,,,,,,,,,,,,,,,
2000-05-31,,,,,,,,,,,,,,,,,,,,,,,,,,,,,,,,,,,,,,,,,,,,,,,,,,,,,,,,,,,,,,,,,,,,,,,,,,,,,,,,,,,,,,,,,,,,,,,,
2000-06-30,,,,,,,,,,,,,,,,,,,,,,,,,,,,,,,,,,,,,,,,,,,,,,,,,,,,,,,,,,,,,,,,,,,,,,,,,,,,,,,,,,,,,,,,,,,,,,,,
2000-07-31,,,,,,,,,,,,,,,,,,,,,,,,,,,,,,,,,,,,,,,,,,,,,,,,,,,,,,,,,,,,,,,,,,,,,,,,,,,,,,,,,,,,,,,,,,,,,,,,
2000-08-31,,,,,,,,,,,,,,,,,,,,,,,,,,,,,,,,,,,,,,,,,,,,,,,,,,,,,,,,,,,,,,,,,,,,,,,,,,,,,,,,,,,,,,,,,,,,,,,,
2000-09-29,,,,,,,,,,,,,,,,,,,,,,,,,,,,,,,,,,,,,,,,,,,,,,,,,,,,,,,,,,,,,,,,,,,,,,,,,,,,,,,,,,,,,,,,,,,,,,,,
2000-10-31,,,,,,,,,,,,,,,,,,,,,,,,,,,,,,,,,,,,,,,,,,,,,,,,,,,,,,,,,,,,,,,,,,,,,,,,,,,,,,,,,,,,,,,,,,,,,,,,
2000-11-30,,,,,,,,,,,,,,,,,,,,,,,,,,,,,,,,,,,,,,,,,,,,,,,,,,,,,,,,,,,,,,,,,,,,,,,,,,,,,,,,,,,,,,,,,,,,,,,,
2000-12-29,,,,,,,,,,,,,,,,,,,,,,,,,,,,,,,,,,,,,,,,,,,,,,,,,,,,,,,,,,,,,,,,,,,,,,,,,,,,,,,,,,,,,,,,,,,,,,,,
2001-01-31,,,,,,,,,,,,,,,,,,,,,,,,,,,,,,,,,,,,,,,,,,,,,,,,,,,,,,,,,,,,,,,,,,,,,,,,,,,,,,,,,,,,,,,,,,,,,,,,
2001-02-28,,,,,,,,,,,,,,,,,,,,,,,,,,,,,,,,,,,,,,,,,,,,,,,,,,,,,,,,,,,,,,,,,,,,,,,,,,,,,,,,,,,,,,,,,,,,,,,,
2001-03-30,,,,,,,,,,,,,,,,,,,,,,,,,,,,,,,,,,,,,,,,,,,,,,,,,,,,,,,,,,,,,,,,,,,,,,,,,,,,,,,,,,,,,,,,,,,,,,,,
2001-04-30,,,,,,,,,,,,,,,,,,,,,,,,,,,,,,,,,,,,,,,,,,,,,,,,,,,,,,,,,,,,,,,,,,,,,,,,,,,,,,,,,,,,,,,,,,,,,,,,
2001-05-31,,,,,,,,,,,,,,,,,,,,,,,,,,,,,,,,,,,,,,,,,,,,,,,,,,,,,,,,,,,,,,,,,,,,,,,,,,,,,,,,,,,,,,,,,,,,,,,,
2001-06-29,,,,,,,,,,,,,,,,,,,,,,,,,,,,,,,,,,,,,,,,,,,,,,,,,,,,,,,,,,,,,,,,,,,,,,,,,,,,,,,,,,,,,,,,,,,,,,,,
2001-07-31,,,,,,,,,,,,,,,,,,,,,,,,,,,,,,,,,,,,,,,,,,,,,,,,,,,,,,,,,,,,,,,,,,,,,,,,,,,,,,,,,,,,,,,,,,,,,,,,
2001-08-31,,,,,,,,,,,,,,,,,,,,,,,,,,,,,,,,,,,,,,,,,,,,,,,,,,,,,,,,,,,,,,,,,,,,,,,,,,,,,,,,,,,,,,,,,,,,,,,,
2001-09-28,,,,,,,,,,,,,,,,,,,,,,,,,,,,,,,,,,,,,,,,,,,,,,,,,,,,,,,,,,,,,,,,,,,,,,,,,,,,,,,,,,,,,,,,,,,,,,,,
2001-10-31,,,,,,,,,,,,,,,,,,,,,,,,,,,,,,,,,,,,,,,,,,,,,,,,,,,,,,,,,,,,,,,,,,,,,,,,,,,,,,,,,,,,,,,,,,,,,,,,
2001-11-30,,,,,,,,,,,,,,,,,,,,,,,,,,,,,,,,,,,,,,,,,,,,,,,,,,,,,,,,,,,,,,,,,,,,,,,,,,,,,,,,,,,,,,,,,,,,,,,,
2001-12-31,,,,,,,,,,,,,,,,,,,,,,,,,,,,,,,,,,,,,,,,,,,,,,,,,,,,,,,,,,,,,,,,,,,,,,,,,,,,,,,,,,,,,,,,,,,,,,,,
2002-01-31,,,,,,,,,,,,,,,,,,,,,,,,,,,,,,,,,,,,,,,,,,,,,,,,,,,,,,,,,,,,,,,,,,,,,,,,,,,,,,,,,,,,,,,,,,,,,,,,
2002-02-28,,,,,,,,,,,,,,,,,,,,,,,,,,,,,,,,,,,,,,,,,,,,,,,,,,,,,,,,,,,,,,,,,,,,,,,,,,,,,,,,,,,,,,,,,,,,,,,,
2002-03-28,,,,,,,,,,,,,,,,,,,,,,,,,,,,,,,,,,,,,,,,,,,,,,,,,,,,,,,,,,,,,,,,,,,,,,,,,,,,,,,,,,,,,,,,,,,,,,,,
2002-04-30,,,,,,,,,,,,,,,,,,,,,,,,,,,,,,,,,,,,,,,,,,,,,,,,,,,,,,,,,,,,,,,,,,,,,,,,,,,,,,,,,,,,,,,,,,,,,,,,
2002-05-31,,,,,,,,,,,,,,,,,,,,,,,,,,,,,,,,,,,,,,,,,,,,,,,,,,,,,,,,,,,,,,,,,,,,,,,,,,,,,,,,,,,,,,,,,,,,,,,,0.107642857
2002-06-28,310396.78371,,,,,,0.0352538796,,,,,,,,,,,,,,,,,,,,,,,,,,,,,,,,,,,,,,,,,,,,,,,,,,,,,,,,,,,,,,,,,,,,,,,,,,,,,,,,,0.0461732234,3.1776036e-09,0.0113433152,0.0270399106,1.0774798951,52.653495348,1.4172208999999998e-08,78.0,0.099928571
2002-07-31,302016.11506,,,,,,0.045015514,-0.071665555,,,,,,,,,,,,,,,,,,,,,,,,,,,,,,,,,,,,,,,,,,,,,,,,,,,,,,,,,,,,,,,,,,,,,,,,,,,,,,,,0.0702047447,1.2653237e-08,0.0590461567,0.0411000666,0.6808718667,9.2563318028,8.3571755e-09,78.0,0.095357143
2002-08-30,288199.80824,,,,13.539590439,,0.0252388999,-0.045746919,,,,,1.9394764303,,,,,,,,,,,,,,,,,,,,,,,,,,,,,,,,,,,,,,,,,,,,,,,,,,,,,,,,,,,,,,,,,,,,,,,,,,,0.0800943531,1.2661293e-08,0.1410701722,0.0633057138999999,0.4742806571,6.270431375399999,8.1136126e-09,78.0,0.093642857
2002-09-30,288957.50243,,,,13.467901849,,-0.028952956,-0.017977582,,,,,2.3221411633,,,,,,,,,,,,,,,,,,,,,,,,,,,,,,,,,,,,,,,,,,,,,,,,,,,,,,,,,,,,,,,,,,,,,,,,,,,0.0804840632,1.5045071e-08,0.0785582662,0.0521814415,0.3673902989,4.0718647072000005,9.3386804e-09,78.0,0.069285714
2002-10-31,214069.29579,,,,13.322430617,,0.052477944,-0.260106772,,,,,2.1065144169,,,,,,,,,,,,,,,,,,,,,,,,,,,,,,,,,,,,,,,,,,,,,,,,,,,,,,,,,,,,,,,,,,,,,,,,,,,0.0559610180999999,1.5708927e-08,0.070048824,0.038085184,0.7751610384000001,5.3302131961,1.2064588e-08,78.0,0.064078571
2002-11-29,197980.99277,,,,12.867960279000002,,-0.027044035,-0.075154647,-0.2776545039999999,,,,3.1329296034,,,,,,,,,,,,,,,,,,,,,,,,,,,,,,,,,,,,,,,,,,,,,,,,,,,,,,,,,,,,,,,,,,,,,,,,,,,0.1378176599,2.3829223e-08,0.3582376242,0.1292143149,0.6890811452,17.698416929,3.457544e-09,78.0,0.0775
2002-12-31,240077.95844,,,,13.900950357,,-0.060499464,0.2094527632,-0.404711341,,,,3.4852386468,,,,,,,,,,,,,,,,,,,,,,,,,,,,,,,,,,,,,,,,,,,,,,,,,,,,,,,,,,,,,,,,,,,,,,,,,,,0.0829591475,2.6080842e-08,0.1978021115,0.07395905,1.0781461575,20.415152128,6.6015453e-09,78.0,0.078642857
2003-01-31,247130.46514,,,,13.586590138,,-0.025295296,0.0147465291,-0.224445977,,,,3.9077935193,,,,,,,,,,,,,,,,,,,,,,,,,,,,,,,,,,,,,,,,,,,,,,,,,,,,,,,,,,,,,,-0.27856169,0.7786306808,,-0.110356594,-0.118653486,0.0,-0.253375056,,-0.7007309340000001,0.0596027788,,,,0.0704933771,1.1091233999999998e-08,0.1056387201,0.0550994542,0.654519729,11.422668410999998,6.7487279e-09,78.0,0.094285714
2003-02-28,296287.19572,,,,13.532253661,,-0.063248135,0.1989100426,-0.175280889,,,,3.3834387716000003,,,,,,,,,,,,,,,,,,,,,,,,,,,,,,,,,,,,,,,,,,,,,,,,,,,,,,,,,,,,,,-0.27856169,0.7786306808,,-0.110356594,-0.118653486,0.0,-0.253375056,,-0.7451762359999999,0.0596027788,,,,0.0654000698,6.7745856e-09,0.0574957579,0.0307927118,0.5382302636999999,12.295334037,5.4309254e-09,78.0,0.122214286
2003-03-31,384051.0737,,,,13.943527962,,-0.06203647,0.2962121964,0.0068650234,,,,3.5903439672000004,,,,,,,,,,,,,,,,,,,,,,,,,,,,,,,,,,,,,,,,,,,,,,,,,,,,,,,,,,,,,,-0.27856169,0.7786306808,,-0.110356594,-0.118653486,0.0,-0.253375056,,-0.7287968440000001,0.0596027788,,,,0.0559545694,6.7162275e-09,0.1340205967,0.0461579958,0.6325775748,15.285074081,5.5599268e-09,78.0,0.145357143
2003-04-30,467581.95877,,,,14.279587695999998,,-0.0551607209999999,0.1893629282999999,0.7639176496,,,,5.1296513905,,,,,,,,,,,,,,,,,,,,,,,,,,,,,,,,,,,,,,,,,,,,,,,,,,,,,,,,,,,,,,2.4814999987,0.7935919028,,-0.017455784,0.2741351277,1.0,-0.024173438,,-0.032872731,0.1020837645,,,,0.0609765803,2.981716e-09,0.0876133442,0.0437805396,0.785927292,24.588208972,2.7236232e-09,78.0,0.163571429
2003-05-30,523875.58247,,,1.8734648359,15.082921397,,-0.058375304,0.1203930601,1.2684206118,0.5154362537,,,7.1650793651,,,,,,,,,,,,,,,,,,,,,,,,,,,,,,,,,,,,,,,,,,,,,,,,,,,,,,,,,,,,,,2.4814999987,0.7935919028,,-0.017455784,0.2741351277,1.0,-0.024173438,,-0.032872731,0.1020837645,,,,0.0636535047,1.7420765e-09,0.121584706,0.0507371091,0.8005982381,39.608999932,1.9732065e-09,78.0,0.160714286
2003-06-30,533925.0,,,1.3537591566,15.525905045999998,,-0.0248463989999999,-0.013157861,1.1013823676,0.5129396458,,,8.6522670674,,,,,,,,,,,,,,,,,,,,,,,,,,,,,,,,,,,,,,,,,,,,,,,,,,,,,,,,,,,,,,2.4814999987,0.7935919028,,-0.017455784,0.2741351277,1.0,-0.024173438,,-0.032872731,0.1020837645,,,,0.0545503155999999,1.225256e-09,0.0688482299,0.0418497256,0.3740622339,16.464633112999998,2.4100679999999995e-09,78.0,0.1825
2003-07-31,612152.43172,2.2449299698,5.0397105694,1.5336267749,15.34319217,0.1123011429,0.0281764818999999,0.1355555207,1.0435967115,0.6082917145000001,,-0.034315185,10.423434343,,,1.0,,0.3615741990999999,-1.229900494,0.0063493354,1.1298181643,0.1623191249,0.0488872287,,,,,,0.0,2.6486666996,1.6981144177,,,0.0,,-0.088807345,,,,0.1242072791999999,,,0.1666083574,,-376.3934533,,,,,,,,,,,,,,2.6486666996,,0.0744788805,0.1204533853,0.0203687795,-0.449182764,1.4748190329,,,1.0,1.0,,0.0,0.6183211895,0.8576704206,-0.879457246,1.3651911845,0.7937638856999999,0.0,0.0446694792,-0.011341666,2.0,-0.018339069,,-0.025815762,0.0953747264,,,3.0,0.0715057172,1.0223477e-09,0.1328124553,0.052254765,0.5491786825,47.469051795,1.4340776e-09,78.0,0.187142857
2003-08-29,628904.81831,2.1506279161,4.6252004335,0.9960845645,15.99174566,0.1149862489,0.2899758515,0.0254403744,0.9356060465,0.9138576245,,-0.097919933,10.646183969,,,1.0,,0.3615741990999999,-0.676044128,0.0063493354,1.1298181643,0.1623191249,0.0488872287,,,,,,0.0,2.6486666996,1.6981144177,,,0.0,,-0.088807345,,,,0.1242072791999999,,,0.1666083574,,-376.3934533,,,,,,,,,,,,,,2.6486666996,,0.0744788805,0.1204533853,0.0203687795,-0.449182764,1.4748190329,,,1.0,1.0,,0.0,0.6183211895,0.8576704206,-0.879457246,1.3651911845,0.7937638856999999,0.0,0.0446694792,-0.011341666,2.0,-0.018339069,,-0.025815762,0.0953747264,,,3.0,0.0561937613999999,1.2895261e-09,0.0973737314,0.0411928472,0.5346221086999999,26.9248147,2.1971294e-09,78.0,0.237071429
2003-09-30,800053.36395,2.0979267476,4.4012966384,0.6428729452,15.553144755999998,0.1130137418999999,0.3951112326,0.2721374333,0.5312682558,0.998474621,,-0.00492213,9.8542182599,,,1.0,,0.3615741990999999,-0.676044128,0.0063493354,1.1298181643,0.1623191249,0.0488872287,,,,,,0.0,2.6486666996,1.6981144177,,,0.0,,-0.088807345,,,,0.1242072791999999,,,0.1666083574,,-376.3934533,,,,,,,,,,,,,,2.6486666996,,0.0744788805,0.1204533853,0.0203687795,-0.449182764,1.4748190329,,,1.0,1.0,,0.0,0.6183211895,0.8576704206,-0.879457246,1.3651911845,0.7937638856999999,0.0,0.0446694792,-0.011341666,2.0,-0.018339069,,-0.025815762,0.0953747264,,,3.0,0.0551148667,1.8558479e-09,0.0866061747,0.0389279159,0.7596460097,24.550101971,3.2395583e-09,78.0,0.240071429
2003-10-31,813091.71327,2.2343520481,4.992329074700001,-0.4487981829999999,15.453552588,0.1105264284,0.6968405898000001,0.0069006761,0.6378378897,2.4360827742,,-0.000886416,8.4885936932,,,1.0,,0.3615741990999999,-0.670224344,0.0063493354,1.1298181643,0.1623191249,0.0488872287,,,,,,0.0,2.6486666996,1.6981144177,,,0.0,,-0.088807345,,,,0.1242072791999999,,,0.1666083574,,-376.3934533,,,,,,,,,,,,,,2.6486666996,,0.0744788805,0.1204533853,0.0203687795,-0.449182764,1.4748190329,,,1.0,1.0,,0.0,0.6183211895,0.8576704206,-0.879457246,-0.278475323,0.813483842,0.0,-0.026611369,0.0884155203,0.0,-0.018195051,,-0.026579077,0.0537702535,,,3.0,0.063149339,6.387446e-10,0.0517189167,0.0321514139,0.4152174178,23.255886938000003,1.928869e-09,78.0,0.409285714
2003-11-28,1419149.0811,2.2440479896000003,5.0357513795,-0.028364779,15.979465328,0.1073643401999999,0.4970670946,0.6396396756,0.4719299299,2.7409433458,,0.0170398661,10.721291531,,,1.0,,0.3615741990999999,-0.593505811,0.0063493354,1.1298181643,0.1623191249,0.0488872287,,,,,,0.0,2.6486666996,1.6981144177,,,0.0,,-0.088807345,,,,0.1242072791999999,,,0.1666083574,,-376.3934533,,,,,,,,,,,,,,2.6486666996,,0.0744788805,0.1204533853,0.0203687795,-0.449182764,1.4748190329,,,1.0,1.0,,0.0,0.6183211895,0.8576704206,-0.879457246,-0.278475323,0.813483842,0.0,-0.026611369,0.0884155203,0.0,-0.018195051,,-0.026579077,0.0537702535,,,3.0,0.0667914741,4.023977e-10,0.1871922164999999,0.0564708967999999,0.5956253426,62.579213414,8.863937e-10,78.0,0.35
2003-12-31,1213583.0,2.3798372675,5.6636254198,0.1040451124,17.215031051,0.1059551856,0.637866697,-0.14485164,1.5466666180000002,4.2811057648,,-0.002405459,10.696911756,,,1.0,,0.3615741990999999,-0.597071491,0.0063493354,1.1298181643,0.1623191249,0.0488872287,,,,,,0.0,2.6486666996,1.6981144177,,,0.0,,-0.088807345,,,,0.1242072791999999,,,0.1666083574,,-376.3934533,,,,,,,,,,,,,,2.6486666996,,0.0744788805,0.1204533853,0.0203687795,-0.449182764,1.4748190329,,,1.0,1.0,,0.0,0.6183211895,0.8576704206,-0.879457246,-0.278475323,0.813483842,0.0,-0.026611369,0.0884155203,0.0,-0.018195051,,-0.026579077,0.0537702535,,,3.0,0.0549785218,3.128512e-10,0.0682330355,0.0454299491,0.6917572098999999,67.897333098,1.2980431e-09,78.0,0.390642857
2004-01-30,1354507.196,2.2603836819,5.1093343896,-0.180108698,16.884867387,0.1057052906,0.7471017767,0.1161224246,0.917808282,3.4504995141,,0.1005126647,11.089425287,,,1.0,,0.3615741990999999,-0.597071491,0.0063493354,1.1298181643,0.1623191249,0.0488872287,,,,,,0.0,2.6486666996,1.6981144177,,,0.0,,-0.088807345,,,,0.1242072791999999,,,0.1666083574,,-376.3934533,,,,,,,,,,,,,,2.6486666996,,0.0744788805,0.1204533853,0.0203687795,-0.449182764,1.4748190329,,,1.0,1.0,,0.0,0.6183211895,0.8576704206,-0.879457246,-0.062732615,0.7751640956,0.0,0.1260796365,-0.086665398,1.0,0.0244269293,,0.0363810068,0.0438240507,,,3.0,0.05419273,3.53397e-10,0.1270089895,0.0388645269,0.4281571285,34.950015563,1.4301715e-09,78.0,0.5245
2004-02-27,1818145.5607,2.2804233005000003,5.2003304296,0.8170598805,16.751187638,0.1044008125,0.706742358,0.3422930240999999,1.0874044782,3.1431818333,,0.0828296983,9.9383453789,,,1.0,,0.3615741990999999,-0.602998661,0.0063493354,1.1298181643,0.1623191249,0.0488872287,,,,,,0.0,2.6486666996,1.6981144177,,,0.0,,-0.088807345,,,,0.1242072791999999,,,0.1666083574,,-376.3934533,,,,,,,,,,,,,,2.6486666996,,0.0744788805,0.1204533853,0.0203687795,-0.449182764,1.4748190329,,,1.0,1.0,,0.0,0.6183211895,0.8576704206,-0.879457246,-0.062732615,0.7751640956,0.0,0.1260796365,-0.086665398,1.0,0.0244269293,,0.0363810068,0.0438240507,,,3.0,0.0532918074,1.147936e-10,0.1802431643,0.0469494275,0.5714928335,72.980175535,7.816424e-10,78.0,0.491428571
2004-03-31,1703969.6756,2.3115359257,5.3431983358,0.1162227543999999,17.745030181,0.1032579375,0.7308516316,-0.062797986,1.2025202593000002,3.2904734949,,0.0832030945,11.940107085,,,1.0,,0.3615741990999999,-0.602998661,0.0063493354,1.1298181643,0.1623191249,0.0488872287,,,,,,0.0,2.6486666996,1.6981144177,,,0.0,,-0.088807345,,,,0.1242072791999999,,,0.1666083574,,-376.3934533,,,,,,,,,,,,,,2.6486666996,,0.0744788805,0.1204533853,0.0203687795,-0.449182764,1.4748190329,,,1.0,1.0,,0.0,0.6183211895,0.8576704206,-0.879457246,-0.062732615,0.7751640956,0.0,0.1260796365,-0.086665398,1.0,0.0244269293,,0.0363810068,0.0438240507,,,3.0,0.058478065,1.570634e-10,0.0800385028,0.0429952058,0.4346441241,55.582410487,1.0932296e-09,78.0,0.487428571
2004-04-30,1758749.4649,2.2966306206,5.2745122073,0.3842328607,17.15672469,0.1016497189,0.8044674162000001,-0.00813961,1.0500596256,2.3808354918,,0.0971969115,13.671062143,,,1.0,,0.3615741990999999,-0.602998661,0.0063493354,1.1298181643,0.1623191249,0.0488872287,,,,,,0.0,2.6486666996,1.6981144177,,,0.0,,-0.088807345,,,,0.1242072791999999,,,0.1666083574,,-376.3934533,,,,,,,,,,,,,,2.6486666996,,0.0744788805,0.1204533853,0.0203687795,-0.449182764,1.4748190329,,,1.0,1.0,,0.0,0.6183211895,0.8576704206,-0.879457246,2.5780818694,0.7831037868999999,0.0,-0.038669993,0.1149159577,0.0,0.0220104621,,0.0337020181999999,0.0387053524,,,3.0,0.047320607,3.707636e-10,0.1525716335,0.0426887663999999,0.4355748971,23.335172509,1.6126097e-09,78.0,0.361285714
2004-05-28,1309691.8715,2.2804496336,5.2004505313,-1.627992086,16.840611994,0.1000392463,0.6953718936,-0.256740868,0.1909249514,1.9929824878,,0.113110879,13.694498231,,,1.0,,0.3615741990999999,-0.602998661,0.0063493354,1.1298181643,0.1623191249,0.0488872287,,,,,,0.0,2.6486666996,1.6981144177,,,0.0,,-0.088807345,,,,0.1242072791999999,,,0.1666083574,,-376.3934533,,,,,,,,,,,,,,2.6486666996,,0.0744788805,0.1204533853,0.0203687795,-0.449182764,1.4748190329,,,1.0,1.0,,0.0,0.6183211895,0.8576704206,-0.879457246,2.5780818694,0.7831037868999999,0.0,-0.038669993,0.1149159577,0.0,0.0220104621,,0.0337020181999999,0.0387053524,,,3.0,0.0562954119,2.690777e-10,0.0566938071999999,0.0448350145,0.646240722,61.892519465,1.5424586e-09,78.0,0.471714286
2004-06-30,1700120.3854,2.4719251489,6.110413941900001,-0.834104375,16.687368016,0.1004593714,0.513802403,0.2981071472,0.0351020791,1.2542223102,,0.0558509269,10.963111478,,,1.0,,0.3615741990999999,-0.602998661,0.0063493354,1.1298181643,0.1623191249,0.0488872287,,,,,,0.0,2.6486666996,1.6981144177,,,0.0,,-0.088807345,,,,0.1242072791999999,,,0.1666083574,,-376.3934533,,,,,,,,,,,,,,2.6486666996,,0.0744788805,0.1204533853,0.0203687795,-0.449182764,1.4748190329,,,1.0,1.0,,0.0,0.6183211895,0.8576704206,-0.879457246,2.5780818694,0.7831037868999999,0.0,-0.038669993,0.1149159577,0.0,0.0220104621,,0.0337020181999999,0.0387053524,,,3.0,0.0432810162999999,3.530346e-10,0.0892923251,0.0304327352,0.3454174392,15.414764392,2.7298996e-09,78.0,0.513571429
2004-07-30,1876356.0,2.3386674509,5.4693654458,-0.823997547,16.427288444000002,0.1002433773,0.4638854233,0.0935602039,0.2038763646,1.5769079883,,0.0611408937,9.5164838677,0.5433513189,-0.543351319,2.0,-0.348440971,0.0832095985,-0.536456935,1.1007676257,8.983772958300001,0.0645756461,0.0102120507,,0.1327185245,-0.135740074,0.0,-0.153769629,0.0,2.2048271156,1.5929709466,0.0,0.0,0.0,0.2613366758,0.0046832302,1.3397226691,,0.421795382,0.1395446698,0.597979798,0.4841185934,0.0455262908,0.5374751056,467.26592737,0.4920946161999999,0.0148828309,12.280788915,-0.167570946,-0.061917778,-0.052715658,-0.167570946,,,0.3986249049,,-12.78869779,6.0,2.2048271156,1.0,0.0157231975,0.0803069317,0.0142567468999999,0.0595771784,2.0137657093,,,1.0,1.0,0.7816250670999999,0.0,0.1957887964999999,0.8653748040000001,-0.598122247,1.8798875509,0.7680783128,0.0,0.0379872821,0.1848654766,0.0,0.0142952462,,0.0216572415,0.0258879358,,,7.0,0.0379977422,3.703613e-10,0.0628321394,0.0295516051,0.6145770119,20.599068568,2.8468159e-09,78.0,0.292857143
2004-08-31,1069116.0,2.3594742099,5.567118547200001,-2.243401477,16.427022546,0.0987308302999999,0.492044538,-0.407035202,-0.019207238,1.7480915472999998,,0.0640368581,9.7281132959,0.5433513189,-0.543351319,2.0,-0.348440971,0.0832095985,-0.540733089,1.1007676257,8.983772958300001,0.0645756461,0.0102120507,,0.1327185245,-0.135740074,0.0,-0.153769629,0.0,2.2048271156,1.5929709466,0.0,0.0,0.0,0.2613366758,0.0046832302,1.3397226691,,0.421795382,0.1395446698,0.597979798,0.4841185934,0.0455262908,0.5374751056,467.26592737,0.4920946161999999,0.0148828309,11.605770203,-0.167570946,-0.061917778,-0.052715658,-0.167570946,,,0.3986249049,,-12.78869779,6.0,2.2048271156,1.0,0.0157231975,0.0803069317,0.0142567468999999,0.0595771784,2.0137657093,,,1.0,1.0,0.7816250670999999,0.0,0.1957887964999999,0.8653748040000001,-0.598122247,1.8798875509,0.7680783128,0.0,0.0379872821,0.1848654766,0.0,0.0142952462,,0.0216572415,0.0258879358,,,7.0,0.0647394184999999,5.584537e-10,0.0689141974,0.0768991347,0.8502115565999999,65.054688097,1.3042166e-09,78.0,0.199285714
2004-09-30,727520.39005,2.4547846272,6.0259675661,-1.658683196,16.652934056,0.1009814162,0.2749562668,-0.319512218,-0.40406979,0.2301229667,,0.0364218849,9.3944055944,0.5433513189,-0.543351319,2.0,-0.348440971,0.0832095985,-0.540733089,1.1007676257,8.983772958300001,0.0645756461,0.0102120507,,0.1327185245,-0.135740074,0.0,-0.153769629,0.0,2.2048271156,1.5929709466,0.0,0.0,0.0,0.2613366758,0.0046832302,1.3397226691,,0.421795382,0.1395446698,0.597979798,0.4841185934,0.0455262908,0.5374751056,467.26592737,0.4920946161999999,0.0148828309,12.280788915,-0.167570946,-0.061917778,-0.052715658,-0.167570946,,,0.3986249049,,-12.78869779,6.0,2.2048271156,1.0,0.0157231975,0.0803069317,0.0142567468999999,0.0595771784,2.0137657093,,,1.0,1.0,0.7816250670999999,0.0,0.1957887964999999,0.8653748040000001,-0.598122247,1.8798875509,0.7680783128,0.0,0.0379872821,0.1848654766,0.0,0.0142952462,,0.0216572415,0.0258879358,,,7.0,0.059250737,1.0376378e-09,0.0438489242999999,0.0308715998,0.6656074192,25.319889218,2.4832307e-09,78.0,0.220285714
2004-10-29,806512.26399,2.5085030184,6.2925873931,-1.58143858,15.577871352,0.1005060083,0.1577875777,0.1053763628,-0.591148885,-0.168653206,,0.0160352693,9.2485040479,0.5433513189,-0.543351319,2.0,-0.348440971,0.0832095985,-0.529546657,1.1007676257,8.983772958300001,0.0645756461,0.0102120507,,0.1327185245,-0.135740074,0.0,-0.153769629,0.0,2.2048271156,1.5929709466,0.0,0.0,0.0,0.2613366758,0.0046832302,1.3397226691,,0.421795382,0.1395446698,0.597979798,0.4841185934,0.0455262908,0.5374751056,467.26592737,0.4920946161999999,0.0148828309,12.961315953,-0.167570946,-0.061917778,-0.052715658,-0.167570946,,,0.3986249049,,-12.78869779,6.0,2.2048271156,1.0,0.0157231975,0.0803069317,0.0142567468999999,0.0595771784,2.0137657093,,,1.0,1.0,0.7816250670999999,0.0,0.1957887964999999,0.8653748040000001,-0.598122247,1.5991592072,0.7645228595,0.0,-0.024763409,-0.157581029,0.0,-0.0328954839999999,0.1380886457,-0.051371686,0.0254163538,0.0365920528,0.1247585642,6.0,0.057529127,7.933142e-10,0.0748428032,0.0366679272,0.5726173057,49.640798813,2.1955295e-09,78.0,0.135285714
2004-11-30,495858.68398,2.5122128602,6.3112134549,-0.5117431379999999,15.847885481,0.1000448593,0.0737645258,-0.294041455,-0.391955861,-0.461780096,,-0.015321902,9.2691533355,0.5433513189,-0.543351319,2.0,-0.348440971,0.0832095985,-0.535153425,1.1007676257,8.983772958300001,0.0645756461,0.0102120507,,0.1327185245,-0.135740074,0.0,-0.153769629,0.0,2.2048271156,1.5929709466,0.0,0.0,0.0,0.2613366758,0.0046832302,1.3397226691,,0.421795382,0.1395446698,0.597979798,0.4841185934,0.0455262908,0.5374751056,467.26592737,0.4920946161999999,0.0148828309,12.280788915,-0.167570946,-0.061917778,-0.052715658,-0.167570946,,,0.3986249049,,-12.78869779,6.0,2.2048271156,1.0,0.0157231975,0.0803069317,0.0142567468999999,0.0595771784,2.0137657093,,,1.0,1.0,0.7816250670999999,0.0,0.1957887964999999,0.8653748040000001,-0.598122247,1.5991592072,0.7645228595,0.0,-0.024763409,-0.157581029,0.0,-0.0328954839999999,0.1380886457,-0.051371686,0.0254163538,0.0365920528,0.1247585642,6.0,0.0551343535,5.39612e-10,0.059014257,0.0946235196,0.8960285706000001,72.177914525,7.702218e-10,78.0,0.162571429
2004-12-31,595868.1859899999,2.5436744042,6.470279474600001,-0.997986876,16.410742169000002,0.1043020711999999,0.0787993463,0.2016895264,-0.584146363,-0.613469379,,-0.047939095,11.468270427,0.5433513189,-0.543351319,2.0,-0.348440971,0.0832095985,-0.539197734,1.1007676257,8.983772958300001,0.0645756461,0.0102120507,,0.1327185245,-0.135740074,0.0,-0.153769629,0.0,2.2048271156,1.5929709466,0.0,0.0,0.0,0.2613366758,0.0046832302,1.3397226691,,0.421795382,0.1395446698,0.597979798,0.4841185934,0.0455262908,0.5374751056,467.26592737,0.4920946161999999,0.0148828309,12.961315953,-0.167570946,-0.061917778,-0.052715658,-0.167570946,,,0.3986249049,,-12.78869779,6.0,2.2048271156,1.0,0.0157231975,0.0803069317,0.0142567468999999,0.0595771784,2.0137657093,,,1.0,1.0,0.7816250670999999,0.0,0.1957887964999999,0.8653748040000001,-0.598122247,1.5991592072,0.7645228595,0.0,-0.024763409,-0.157581029,0.0,-0.0328954839999999,0.1380886457,-0.051371686,0.0254163538,0.0365920528,0.1247585642,6.0,0.0485553300999999,9.934716e-10,0.1395793557,0.0420529612,0.6169899809,45.09053233,1.8662215e-09,78.0,0.176142857
2005-01-31,650185.5559800001,2.5364831254,6.433746645499999,-0.974011289,15.71041398,0.103293924,0.1367591544999999,0.0834797695,-0.5227272820000001,-0.583836156,,-0.047811478,13.658647864,0.5433513189,-0.543351319,2.0,-0.348440971,0.0832095985,-0.539197734,1.1007676257,8.983772958300001,0.0645756461,0.0102120507,,0.1327185245,-0.135740074,0.0,-0.153769629,0.0,2.2048271156,1.5929709466,0.0,0.0,0.0,0.2613366758,0.0046832302,1.3397226691,,0.421795382,0.1395446698,0.597979798,0.4841185934,0.0455262908,0.5374751056,467.26592737,0.4920946161999999,0.0148828309,12.589678058,-0.167570946,-0.061917778,-0.052715658,-0.167570946,,,0.3986249049,,-12.78869779,6.0,2.2048271156,1.0,0.0157231975,0.0803069317,0.0142567468999999,0.0595771784,2.0137657093,,,1.0,1.0,0.7816250670999999,0.0,0.1957887964999999,0.8653748040000001,-0.598122247,4.687212324,0.7514655253,0.0,-0.026268494,-0.272551082,1.0,0.0151176837,0.1340213688,0.0254657564,0.0304494456,0.0434751807,0.1176249846,6.0,0.0515949987,8.367134e-10,0.0885860324,0.0347737445999999,0.4947324505,23.556171896,1.947961e-09,78.0,0.164285714
2005-02-28,606418.0,2.5237415269,6.369271294400001,0.0024686089,15.701387954,0.1021786983,0.1495094075,-0.067315482,-0.381666668,-0.664078485,,-0.029143542,9.5916774128,0.5433513189,-0.543351319,2.0,-0.348440971,0.0832095985,-0.539197734,1.1007676257,8.983772958300001,0.0645756461,0.0102120507,,0.1327185245,-0.135740074,0.0,-0.153769629,0.0,2.2048271156,1.5929709466,0.0,0.0,0.0,0.2613366758,0.0046832302,1.3397226691,,0.421795382,0.1395446698,0.597979798,0.4841185934,0.0455262908,0.5374751056,467.26592737,0.4920946161999999,0.0148828309,12.589678058,-0.167570946,-0.061917778,-0.052715658,-0.167570946,,,0.3986249049,,-12.78869779,6.0,2.2048271156,1.0,0.0157231975,0.0803069317,0.0142567468999999,0.0595771784,2.0137657093,,,1.0,1.0,0.7816250670999999,0.0,0.1957887964999999,0.8653748040000001,-0.598122247,4.687212324,0.7514655253,0.0,-0.026268494,-0.275586933,1.0,0.0151176837,0.1340213688,0.0254657564,0.0304494456,0.0434751807,0.1176249846,6.0,0.0531518516,9.510977e-10,0.0432781093,0.0213094863,0.5782127358,36.035417774,2.8968412e-09,78.0,0.152857143
2005-03-31,564232.3899399999,2.5259256069,6.3803001715,0.3615018623,15.337049172,0.1006982769999999,0.121007038,-0.069565237,-0.175627224,-0.6656976920000001,,-0.021298072,7.3050127443,0.5433513189,-0.543351319,2.0,-0.348440971,0.0832095985,-0.518007958,1.1007676257,8.983772958300001,0.0645756461,0.0102120507,,0.1327185245,-0.135740074,0.0,-0.153769629,0.0,2.2048271156,1.5929709466,0.0,0.0,0.0,0.2613366758,0.0046832302,1.3397226691,,0.421795382,0.1395446698,0.597979798,0.4841185934,0.0455262908,0.5374751056,467.26592737,0.4920946161999999,0.0148828309,11.371178527,-0.167570946,-0.061917778,-0.052715658,-0.167570946,,,0.3986249049,,-12.78869779,6.0,2.2048271156,1.0,0.0157231975,0.0803069317,0.0142567468999999,0.0595771784,2.0137657093,,,1.0,1.0,0.7816250670999999,0.0,0.1957887964999999,0.8653748040000001,-0.598122247,4.687212324,0.7514655253,0.0,-0.026268494,-0.271119947,1.0,0.0151176837,0.1340213688,0.0254657564,0.0304494456,0.0434751807,0.1176249846,6.0,0.0385690058,1.6346472e-09,0.0606060028,0.0289428315,0.4853565256,16.298065166,5.3280794e-09,78.0,0.155
2005-04-29,574670.2702,2.5255730359,6.378519159600001,0.251697313,14.706866447,0.0995302239,0.0633006467,0.0140187452,-0.306095992,-0.686400937,,-0.02056779,5.4640108248,0.5433513189,-0.543351319,2.0,-0.348440971,0.0832095985,-0.518007958,1.1007676257,8.983772958300001,0.0645756461,0.0102120507,,0.1327185245,-0.135740074,0.0,-0.153769629,0.0,2.2048271156,1.5929709466,0.0,0.0,0.0,0.2613366758,0.0046832302,1.3397226691,,0.421795382,0.1395446698,0.597979798,0.4841185934,0.0455262908,0.5374751056,467.26592737,0.4920946161999999,0.0148828309,12.961315953,-0.167570946,-0.061917778,-0.052715658,-0.167570946,,,0.3986249049,,-12.78869779,6.0,2.2048271156,1.0,0.0157231975,0.0803069317,0.0142567468999999,0.0595771784,2.0137657093,,,1.0,1.0,0.7816250670999999,0.0,0.1957887964999999,0.8653748040000001,-0.598122247,6.560285293400001,0.7121716878000001,0.0,0.0400954002,-0.258392353,2.0,0.0926819235,0.1361574463,0.1552425639,0.086101605,0.044604637,0.1182950456,6.0,0.0372743108,1.7477023e-09,0.0830564796999999,0.0296034158,0.3892661857,8.2299515833,4.3415023e-09,78.0,0.165142857
2005-05-31,611745.7601,2.5403485903,6.4533709603,0.8462182539,14.781337344,0.0983821581,0.1198852199,0.0645161122,0.1457233456,-0.572160886,2.7770480718,-0.013036201,4.5588708718,0.5433513189,-0.5320512820000001,2.0,-0.348440971,0.0832095985,-0.533630214,1.1007676257,8.983772958300001,0.0645756461,0.0102120507,,0.1327185245,-0.135740074,0.0,-0.153769629,0.0,2.2048271156,1.5929709466,0.0,0.0,0.0,0.2613366758,0.0046832302,1.3397226691,,0.421795382,0.1395446698,0.597979798,0.4841185934,0.0455262908,0.5374751056,467.26592737,0.4920946161999999,0.0148828309,12.961315953,-0.167570946,-0.061917778,-0.052715658,-0.167570946,,,0.3986249049,,-12.78869779,6.0,2.2048271156,1.0,0.0157231975,0.0803069317,0.0142567468999999,0.0595771784,2.0137657093,,,1.0,1.0,0.7816250670999999,0.0,0.1957887964999999,0.8653748040000001,-0.598122247,6.560285293400001,0.7121716878000001,0.0,0.0400954002,-0.218984316,2.0,0.0926819235,0.1361574463,0.1552425639,0.086101605,0.044604637,0.1182950456,6.0,0.0452348386,1.695944999999999e-09,0.0685053766,0.0325244797,0.5601491384,14.839487793,4.2789504e-09,78.0,0.204142857
2005-06-30,760528.08797,2.4589009636,6.0461939489,0.9100252233,14.906919582,0.0994067292,0.0524705291,0.2372294068,0.0149384968,-0.6491494320000001,3.3689449664,-0.0257638579999999,6.7855351327,0.5433513189,-0.512693251,2.0,-0.348440971,0.0832095985,-0.567336056,1.1007676257,8.983772958300001,0.0645756461,0.0102120507,,0.1327185245,-0.135740074,0.0,-0.153769629,0.0,2.2048271156,1.5929709466,0.0,0.0,0.0,0.2613366758,0.0046832302,1.3397226691,,0.421795382,0.1395446698,0.597979798,0.4841185934,0.0455262908,0.5374751056,467.26592737,0.4920946161999999,0.0148828309,12.961315953,-0.167570946,-0.061917778,-0.052715658,-0.167570946,,,0.3986249049,,-12.78869779,6.0,2.2048271156,1.0,0.0157231975,0.0803069317,0.0142567468999999,0.0595771784,2.0137657093,,,1.0,1.0,0.7816250670999999,0.0,0.1957887964999999,0.8653748040000001,-0.598122247,6.560285293400001,0.7121716878000001,0.0,0.0400954002,-0.218796046,2.0,0.0926819235,0.1361574463,0.1552425639,0.086101605,0.044604637,0.1182950456,6.0,0.0601761349,9.288426e-10,0.1183074191,0.0403928187,1.1401179217,62.220822107,1.8868731e-09,78.0,0.234428571
2005-07-29,876720.65185,2.42283129,5.8701114598,0.8500626558,15.943327675,0.0977590345,0.0358355624,0.148355484,0.1589618834,-0.603055562,4.1465335314,0.0479848476,6.930901308999999,0.5427469475,-0.509199289,3.0,-0.430544508,0.2403667669,-0.278764568,1.3827370383000002,2.2835622861,0.2269675137,0.2159121536,0.4673212742,1.0740216323,1.4773906085,0.0,-0.112375829,0.0,1.9739331999,1.4486745722,0.0,0.0,0.0,0.3866185186,0.0332135952,1.5254006137,27.647612156,0.5386846811,0.1364939149,1.7724399494,0.5505874599,0.146896526,0.5087514217,-381.1352395,0.6882258467,0.0142721191,-0.828261714,-0.104722005,-0.09058318,-0.04116767,-0.104722005,,,0.0973554163,,-5.833572586,6.0,1.9739331999,0.0,0.0453209080999999,0.0582089493,0.0103235574,0.2189520509,2.9016685678,,,,0.0,0.8594711342,0.0,0.7785900382,0.8222429137999999,-0.753070238,0.9291029055,0.6928747026000001,0.0010283389999999,-0.021692311,0.0216050395,0.0,0.0236338096,0.1322463621,0.0384546333,0.096446313,0.048806722,0.1128151068,7.0,0.04713893,1.2796707e-09,0.0805111974,0.0274447644,0.5618176517,15.19990936,3.9879959999999994e-09,78.0,0.265142857
2005-08-31,991586.53147,2.582787355,6.6707905212,1.048304223,15.286940814,0.097178349,0.1968990853,0.1310176551,0.4269564985,-0.19951222,2.0711611021,-0.027115794,7.282900626699999,0.5428110715,-0.524567239,3.0,-0.430544508,0.2403667669,-0.30121575,1.3827370383000002,2.2835622861,0.2269675137,0.2159121536,0.4673212742,1.0740216323,1.4773906085,0.0,-0.112375829,0.0,1.9739331999,1.4486745722,0.0,0.0,0.0,0.3866185186,0.0332135952,1.5064545749,27.06932409,0.5386846811,0.1364939149,1.7724399494,0.5505874599,0.146896526,0.5087514217,-381.1352395,0.6882258467,0.0142721191,-0.828261714,-0.104722005,-0.09058318,-0.04116767,-0.104722005,,,0.0973554163,,-5.833572586,6.0,1.9739331999,0.0,0.0453209080999999,0.0582089493,0.0103235574,0.2189520509,2.9016685678,,,,0.0,0.8594711342,0.0,0.7785900382,0.8222429137999999,-0.753070238,0.9291029055,0.6928747026000001,0.0010283389999999,-0.021692311,0.0216050395,0.0,0.0236338096,0.1322463621,0.0384546333,0.096446313,0.048806722,0.1128151068,7.0,0.0397926,1.1633479e-09,0.1208727136,0.0331309531,0.8876961045999999,49.752858337,3.6699965e-09,78.0,0.308
2005-09-30,1155960.9314,2.5394041958,6.4485736696,1.0293922183,15.592213753,0.097479734,0.2788404522,0.1616379321,0.7345794206999999,0.3304659342,1.1281465353,-0.124678014,5.699955524299999,0.5389191496,-0.5040380329999999,3.0,-0.430544508,0.2403667669,-0.255088446,1.3827370383000002,2.2835622861,0.2269675137,0.2159121536,0.4673212742,1.0740216323,1.4773906085,0.0,-0.112375829,0.0,1.9739331999,1.4486745722,0.0,0.0,0.0,0.3866185186,0.0332135952,1.5149524874,26.698032961,0.5386846811,0.1364939149,1.7724399494,0.5505874599,0.146896526,0.5087514217,-381.1352395,0.6882258467,0.0142721191,-0.828261714,-0.104722005,-0.09058318,-0.04116767,-0.104722005,,,0.0973554163,,-5.833572586,6.0,1.9739331999,0.0,0.0453209080999999,0.0582089493,0.0103235574,0.2189520509,2.9016685678,,,,0.0,0.8594711342,0.0,0.7785900382,0.8222429137999999,-0.753070238,0.9291029055,0.6928747026000001,0.0010283389999999,-0.021692311,0.0216050395,0.0,0.0236338096,0.1322463621,0.0384546333,0.096446313,0.048806722,0.1128151068,7.0,0.0406957655,6.720528e-10,0.0674501657,0.025222466,0.6928876113,20.676523912,3.0084871e-09,78.0,0.371285714
2005-10-31,1402472.3676,2.4619421333,6.0611590675,1.2202077701,15.804249915,0.0912620789,0.1353996041,0.205473125,0.9870966497,0.3981841376,2.1793815489,-0.454983574,5.7437641303,0.5320512821,-0.50209035,3.0,-0.430544508,0.2403667669,-0.2686835589999999,1.3827370383000002,2.2835622861,0.2269675137,0.2159121536,0.4673212742,1.0740216323,1.4773906085,0.0,-0.112375829,0.0,1.9739331999,1.4486745722,0.0,0.0,0.0,0.3866185186,0.0332135952,1.4957403651,27.647612156,0.5386846811,0.1364939149,1.7724399494,0.5505874599,0.146896526,0.5087514217,-381.1352395,0.6882258467,0.0142721191,-0.828261714,-0.104722005,-0.09058318,-0.04116767,-0.104722005,,,0.0973554163,,-5.833572586,6.0,1.9739331999,0.0,0.0453209080999999,0.0582089493,0.0103235574,0.2189520509,2.9016685678,,,,0.0,0.8594711342,0.0,0.7785900382,0.8222429137999999,-0.753070238,0.7493556201,0.6539186535,0.0002300858,0.0453527609,-0.031683884,0.0,-0.035004945,0.0833221275,-0.056397689,0.0906189244999999,0.0468155505,0.1085338863,7.0,0.0421420822,8.193276e-10,0.0664010644,0.0310451298,0.4981174936999999,14.110922973,4.1024217e-09,78.0,0.377285714
2005-11-30,1425136.4118,2.0658858761000003,4.2678844531,1.0669390769,15.773131421,0.0904224110999999,0.1038277044,0.0161600653,1.2502163945,1.7444560871,1.1112474986,-0.14787425,6.038051274500001,0.5290828674,-0.4900268239999999,3.0,-0.430544508,0.2403667669,-0.2742257489999999,1.3827370383000002,2.2835622861,0.2269675137,0.2159121536,0.4673212742,1.0740216323,1.4773906085,0.0,-0.112375829,0.0,1.9739331999,1.4486745722,0.0,0.0,0.0,0.3866185186,0.0332135952,1.4957403651,28.0125,0.5386846811,0.1364939149,1.7724399494,0.5505874599,0.146896526,0.5087514217,-381.1352395,0.6882258467,0.0142721191,-0.828261714,-0.104722005,-0.09058318,-0.04116767,-0.104722005,,,0.0973554163,,-5.833572586,6.0,1.9739331999,0.0,0.0453209080999999,0.0582089493,0.0103235574,0.2189520509,2.9016685678,,,,0.0,0.8594711342,0.0,0.7785900382,0.8222429137999999,-0.753070238,0.7493556201,0.6539186535,0.0002300858,0.0453527609,-0.031683884,0.0,-0.035004945,0.0833221275,-0.056397689,0.0906189244999999,0.0468155505,0.1085338863,7.0,0.0523344471999999,6.693823e-10,0.0611370578,0.0421815429,0.4043162393,14.211259563,3.0095370000000006e-09,78.0,0.393428571
2005-12-30,1497460.0098,2.0024005193,4.0096078396,0.6715101589,16.104547187,0.0890434689,-0.0240235,0.0427868627,0.8481455628,1.3207381069,1.0976958208,-0.021245198,5.6712810773,0.5173015411,-0.486287487,3.0,-0.430544508,0.2403667669,-0.284526154,1.3827370383000002,2.2835622861,0.2269675137,0.2159121536,0.4673212742,1.0740216323,1.4773906085,0.0,-0.112375829,0.0,1.9739331999,1.4486745722,0.0,0.0,0.0,0.3866185186,0.0332135952,1.5018577129,28.0125,0.5386846811,0.1364939149,1.7724399494,0.5505874599,0.146896526,0.5087514217,-381.1352395,0.6882258467,0.0142721191,-0.828261714,-0.104722005,-0.09058318,-0.04116767,-0.104722005,,,0.0973554163,,-5.833572586,6.0,1.9739331999,0.0,0.0453209080999999,0.0582089493,0.0103235574,0.2189520509,2.9016685678,,,,0.0,0.8594711342,0.0,0.7785900382,0.8222429137999999,-0.753070238,0.7493556201,0.6539186535,0.0002300858,0.0453527609,-0.031683884,0.0,-0.035004945,0.0833221275,-0.056397689,0.0906189244999999,0.0468155505,0.1085338863,7.0,0.0387545063,7.191556e-10,0.0560747869,0.0288235677999999,0.6047602138,17.406896975,3.9669937e-09,78.0,0.386571429
2006-01-31,1481697.3308,2.0439279382,4.1776414166,0.3180942758,15.877825959,0.0882446948,-0.038714116,-0.017429246,0.6782450556999999,1.2335767383,1.2397819745,-0.105355244,5.8339847079,0.5040380333,-0.4597747479999999,3.0,-0.430544508,0.2403667669,-0.284526154,1.3827370383000002,2.2835622861,0.2269675137,0.2159121536,0.4673212742,1.0740216323,1.4773906085,0.0,-0.112375829,0.0,1.9739331999,1.4486745722,0.0,0.0,0.0,0.3866185186,0.0332135952,1.464853584,27.647612156,0.5386846811,0.1364939149,1.7724399494,0.5505874599,0.146896526,0.5087514217,-381.1352395,0.6882258467,0.0142721191,-0.828261714,-0.104722005,-0.09058318,-0.04116767,-0.104722005,,,0.0973554163,,-5.833572586,6.0,1.9739331999,0.0,0.0453209080999999,0.0582089493,0.0103235574,0.2189520509,2.9016685678,,,,0.0,0.8594711342,0.0,0.7785900382,0.8222429137999999,-0.753070238,4.5742022351,0.6362269656,6.36653e-05,-0.0357134589999999,0.1400040071,1.0,0.0224148402,0.0809654732,0.0373669575,0.0498516825,0.0501053662999999,0.1043640125,7.0,0.0362363387,5.919934e-10,0.0908004269,0.0330658083,0.7255731143999999,20.891318278,3.7860747e-09,78.0,0.393571429
2006-02-28,1508527.7582,2.0285454144,4.1149964981,-0.129537987,15.907037758,0.087067619,0.0100434091,0.0181079004,0.4579741553,1.3530434325999998,0.7424242836,-0.046624168,6.2820451944,0.5020510497999999,-0.456249209,3.0,-0.430544508,0.2403667669,-0.284526154,1.3827370383000002,2.2835622861,0.2269675137,0.2159121536,0.4673212742,1.0740216323,1.4773906085,0.0,-0.112375829,0.0,1.9739331999,1.4486745722,0.0,0.0,0.0,0.3866185186,0.0332135952,1.4598378056,28.0125,0.5386846811,0.1364939149,1.7724399494,0.5505874599,0.146896526,0.5087514217,-381.1352395,0.6882258467,0.0142721191,-0.828261714,-0.104722005,-0.09058318,-0.04116767,-0.104722005,,,0.0973554163,,-5.833572586,6.0,1.9739331999,0.0,0.0453209080999999,0.0582089493,0.0103235574,0.2189520509,2.9016685678,,,,0.0,0.8594711342,0.0,0.7785900382,0.8222429137999999,-0.753070238,4.5742022351,0.6362269656,6.36653e-05,-0.0357134589999999,0.1400040071,1.0,0.0224148402,0.0809654732,0.0373669575,0.0498516825,0.0501053662999999,0.1043640125,7.0,0.0400623681,5.30155e-10,0.1556184441,0.0475241973,0.655913519,39.795764333,2.6787074e-09,78.0,0.383
2006-03-31,1468008.3308,2.0788864372,4.3217688189,-0.771446744,16.326654132,0.0878242249,0.0270870602999999,-0.026860246,0.2778293177,1.5747663381,0.2507304982,-0.163778961,5.9296823395,0.4998998582,-0.456249209,3.0,-0.430544508,0.2403667669,-0.284526154,1.3827370383000002,2.2835622861,0.2269675137,0.2159121536,0.4673212742,1.0740216323,1.4773906085,0.0,-0.112375829,0.0,1.9739331999,1.4486745722,0.0,0.0,0.0,0.3866185186,0.0332135952,1.4598378056,27.647612156,0.5386846811,0.1364939149,1.7724399494,0.5505874599,0.146896526,0.5087514217,-381.1352395,0.6882258467,0.0142721191,-0.828261714,-0.104722005,-0.09058318,-0.04116767,-0.104722005,,,0.0973554163,,-5.833572586,6.0,1.9739331999,0.0,0.0453209080999999,0.0582089493,0.0103235574,0.2189520509,2.9016685678,,,,0.0,0.8594711342,0.0,0.7785900382,0.8222429137999999,-0.753070238,4.5742022351,0.6362269656,6.36653e-05,-0.0357134589999999,0.1400040071,1.0,0.0224148402,0.0809654732,0.0373669575,0.0498516825,0.0501053662999999,0.1043640125,7.0,0.0334117062999999,5.623636e-10,0.0345809758,0.0214705906999999,0.3700111657,8.6033563846,5.2298002e-09,78.0,0.414142857
2006-04-28,1609234.8873,2.1412261886,4.5848495908,-1.186546473,15.68167978,0.0864811969,-0.023005417,0.0813129544,0.031550585,1.4709676145,0.0663390797,-0.05559139,4.9729570643,0.4998998582,-0.456249209,3.0,-0.430544508,0.2403667669,-0.284526154,1.3827370383000002,2.2835622861,0.2269675137,0.2159121536,0.4673212742,1.0740216323,1.4773906085,0.0,-0.112375829,0.0,1.9739331999,1.4486745722,0.0,0.0,0.0,0.3866185186,0.0332135952,1.464853584,28.0125,0.5386846811,0.1364939149,1.7724399494,0.5505874599,0.146896526,0.5087514217,-381.1352395,0.6882258467,0.0142721191,-0.828261714,-0.104722005,-0.09058318,-0.04116767,-0.104722005,,,0.0973554163,,-5.833572586,6.0,1.9739331999,0.0,0.0453209080999999,0.0582089493,0.0103235574,0.2189520509,2.9016685678,,,,0.0,0.8594711342,0.0,0.7785900382,0.8222429137999999,-0.753070238,0.5570287861,0.6535562087,0.0002206784,-0.063177341,-0.119857751,2.0,0.0258476973,0.0789013476,0.0422164550999999,0.0221722727,0.0538073887,0.1007681082,7.0,0.0343492794,6.621518e-10,0.0420976951999999,0.0205019393,0.3466395634,5.1764496505,5.2956219e-09,78.0,0.423428571
2006-05-31,1762424.0037,2.1992628019,4.8367568719,-1.151317096,15.56728213,0.0862329475,0.149218914,0.0224215108999999,0.0976902643999999,1.5099566468,0.0131579459,-0.124830848,4.2191714026,0.5020903497,-0.457355364,3.0,-0.430544508,0.2403667669,-0.284526154,1.3827370383000002,2.2835622861,0.2269675137,0.2159121536,0.4673212742,1.0740216323,1.4773906085,0.0,-0.112375829,0.0,1.9739331999,1.4486745722,0.0,0.0,0.0,0.3866185186,0.0332135952,1.4545078709,28.0,0.5386846811,0.1364939149,1.7724399494,0.5505874599,0.146896526,0.5087514217,-381.1352395,0.6882258467,0.0142721191,-0.828261714,-0.104722005,-0.09058318,-0.04116767,-0.104722005,,,0.0973554163,,-5.833572586,6.0,1.9739331999,0.0,0.0453209080999999,0.0582089493,0.0103235574,0.2189520509,2.9016685678,,,,0.0,0.8594711342,0.0,0.7785900382,0.8222429137999999,-0.753070238,0.5570287861,0.6535562087,0.0002206784,-0.063177341,-0.119857751,2.0,0.0258476973,0.0789013476,0.0422164550999999,0.0221722727,0.0538073887,0.1007681082,7.0,0.0393762803,4.084871e-10,0.0456037931,0.0236400586,0.5862659382,19.311949647,4.104742e-09,78.0,0.395571429
2006-06-30,1646835.0918,2.3381000554,5.466711869199999,-0.921775308,16.04261349,0.0832913763,0.0770908001,-0.065789439,0.0762526636,1.0741777175,0.2702222121,-0.022348665,3.584875203,0.5020903497,-0.457355364,3.0,-0.430544508,0.2403667669,-0.303257099,1.3827370383000002,2.2835622861,0.2269675137,0.2159121536,0.4673212742,1.0740216323,1.4773906085,0.0,-0.112375829,0.0,1.9739331999,1.4486745722,0.0,0.0,0.0,0.3866185186,0.0332135952,1.4250069567,28.0,0.5386846811,0.1364939149,1.7724399494,0.5505874599,0.146896526,0.5087514217,-381.1352395,0.6882258467,0.0142721191,-0.828261714,-0.104722005,-0.09058318,-0.04116767,-0.104722005,,,0.0973554163,,-5.833572586,6.0,1.9739331999,0.0,0.0453209080999999,0.0582089493,0.0103235574,0.2189520509,2.9016685678,,,,0.0,0.8594711342,0.0,0.7785900382,0.8222429137999999,-0.753070238,0.5570287861,0.6535562087,0.0002206784,-0.063177341,-0.119857751,2.0,0.0258476973,0.0789013476,0.0422164550999999,0.0221722727,0.0538073887,0.1007681082,7.0,0.0325553282,5.346033e-10,0.0289906748,0.0195401173,0.3659260443,6.6050572789,5.4020844e-09,78.0,0.388714286
2006-07-31,1848565.7078,2.3583159596,5.561654165399999,-0.6434512920000001,15.617574112,0.0820024152,0.0062291493999999,-0.01733483,0.0232816318,0.6873857935,0.2845401362,-0.08366538,3.8493604369,0.3923928665,-0.392392867,4.0,-0.44833653,0.1526978522,-0.3585880939999999,1.2740842698,5.262590268399999,0.109993447,-0.016073852,-0.243943593,0.0383827657,-0.826268096,0.0,0.1086714436,0.0,1.7711775095,1.1003342074,0.0,0.0,0.0,0.4477070443,0.0283640918,1.2845472273,1.24165788,0.5297968771,0.1558479021,-0.4375,0.5428745040999999,0.0934259611999999,0.4493665585,643.87158867,0.5219091986,0.0118298932,-1.48704872,-0.102716592,-0.240454531,-0.330449714,-0.102716592,,,0.3716826471,,-2.877911819,4.0,1.7711775095,0.0,0.0238834198,0.0518723624,0.0075998441,0.0376250615,3.2141046661000003,,,,0.0,0.3476397986999999,0.0,0.4604266825,0.724693842,-2.703357132,2.5581243533,0.5834030289,-0.036364817,0.0253829158999999,0.2102377946,3.0,0.1243155718999999,0.0853920909999999,0.2138611534,0.0331423956,0.0523841746999999,0.1152227821,7.0,0.0351922194,6.933436e-10,0.0522727667999999,0.022796953,0.4185808456,8.5675605497,4.7028867e-09,78.0,0.295571429
2006-08-31,1405616.5663,2.2839142338,5.2162642275,-0.733376777,15.74378022,0.0816322702,-0.0373701529999999,-0.239617735,-0.012341208,0.4660560249,0.4167938079,-0.2200432169999999,4.601672837,0.3923928665,-0.392392867,4.0,-0.44833653,0.1526978522,-0.3953682189999999,1.2740842698,5.262590268399999,0.109993447,-0.016073852,-0.243943593,0.0383827657,-0.826268096,0.0,0.1086714436,0.0,1.7711775095,1.1003342074,0.0,0.0,0.0,0.4477070443,0.0283640918,1.2845472273,1.24165788,0.5297968771,0.1558479021,-0.4375,0.5428745040999999,0.0934259611999999,0.4493665585,643.87158867,0.5219091986,0.0118298932,-1.48704872,-0.102716592,-0.240454531,-0.330449714,-0.102716592,,,0.3716826471,,-2.877911819,4.0,1.7711775095,0.0,0.0238834198,0.0518723624,0.0075998441,0.0376250615,3.2141046661000003,,,,0.0,0.3476397986999999,0.0,0.4604266825,0.724693842,-2.703357132,2.5581243533,0.5834030289,-0.046571554,0.0253829158999999,0.2102377946,3.0,0.1106279224,0.0853920909999999,0.2138611534,0.0331423956,0.0523841746999999,0.1152227821,7.0,0.0387010804,5.392841e-10,0.0625327676999999,0.0524564042999999,0.8218314901,48.744802146000005,3.1755375e-09,78.0,0.285857143
2006-09-29,1362721.3912,2.1084051343,4.4453722106,-0.49677018,16.085854862,0.0824417817,-0.090137883,-0.032382797,-0.2282729939999999,-0.040352446,0.2937292671,-0.264954761,4.9867750487,0.3923928665,-0.392392867,4.0,-0.44833653,0.1526978522,-0.3953682189999999,1.2740842698,5.262590268399999,0.109993447,-0.016073852,-0.243943593,0.0383827657,-0.826268096,0.0,0.1086714436,0.0,1.7711775095,1.1003342074,0.0,0.0,0.0,0.4477070443,0.0283640918,1.2845472273,1.24165788,0.5297968771,0.1558479021,-0.439631957,0.5428745040999999,0.0934259611999999,0.4493665585,643.87158867,0.5219091986,0.0118298932,-1.48704872,-0.102716592,-0.240454531,-0.330449714,-0.102716592,,,0.3716826471,,-2.877911819,4.0,1.7711775095,0.0,0.0238834198,0.0518723624,0.0075998441,0.0376250615,3.2141046661000003,,,,0.0,0.3476397986999999,0.0,0.4604266825,0.724693842,-2.703357132,2.5581243533,0.5834030289,-0.056367583,0.0253829158999999,0.2102377946,3.0,0.1350324752999999,0.0853920909999999,0.2138611534,0.0331423956,0.0523841746999999,0.1152227821,7.0,0.0305064429999999,5.226022e-10,0.0377065875,0.0177171727,0.3270926775,6.6051324489,4.3314436e-09,78.0,0.325428571
2006-10-31,1552548.1668,2.0654748704,4.266186440199999,-0.3296407739999999,15.604445582,0.0806801166,-0.093755672,0.1378621459,-0.309417016,-0.229703705,0.5488676286999999,-0.357626745,4.860971720899999,0.3923928665,-0.392392867,4.0,-0.44833653,0.1526978522,-0.433725033,1.2740842698,5.262590268399999,0.109993447,-0.016073852,-0.243943593,0.0383827657,-0.826268096,0.0,0.1086714436,0.0,1.7711775095,1.1003342074,0.0,0.0,0.0,0.4477070443,0.0283640918,1.2845472273,1.24165788,0.5297968771,0.1558479021,-0.4431818179999999,0.5428745040999999,0.0934259611999999,0.4493665585,643.87158867,0.5219091986,0.0118298932,-1.48704872,-0.102716592,-0.240454531,-0.330449714,-0.102716592,,,0.3716826471,,-2.877911819,4.0,1.7711775095,0.0,0.0238834198,0.0518723624,0.0075998441,0.0376250615,3.2141046661000003,,,,0.0,0.3476397986999999,0.0,0.4604266825,0.724693842,-2.776665454,2.3127452158,0.5796358268999999,0.0109865842,0.0367561637,0.0184055706,0.0,0.0120763078,0.0810697679,0.0194650213,0.0445429067,0.0521339934,0.1119044935999999,7.0,0.0304187349,6.230657e-10,0.0548011214,0.0203962679,0.4716727192,9.1527595839,6.5588165e-09,78.0,0.395142857
2006-11-30,1885139.6296,1.9342693705,3.7413979975,-0.189103744,15.458755671,0.0787391587,-0.040643215,0.2142229527,-0.231443951,-0.137447903,-0.078184978,-0.067722524,4.4374248334,0.3923928665,-0.392392867,4.0,-0.44833653,0.1526978522,-0.437840025,1.2740842698,5.262590268399999,0.109993447,-0.016073852,-0.243943593,0.0383827657,-0.826268096,0.0,0.1086714436,0.0,1.7711775095,1.1003342074,0.0,0.0,0.0,0.4477070443,0.0283640918,1.2845472273,1.24165788,0.5297968771,0.1558479021,-0.44,0.5428745040999999,0.0934259611999999,0.4493665585,643.87158867,0.5219091986,0.0118298932,-1.48704872,-0.102716592,-0.240454531,-0.330449714,-0.102716592,,,0.3716826471,,-2.877911819,4.0,1.7711775095,0.0,0.0238834198,0.0518723624,0.0075998441,0.0376250615,3.2141046661000003,,,,0.0,0.3476397986999999,0.0,0.4604266825,0.724693842,-2.844531397,2.3127452158,0.5796358268999999,0.0109865842,0.0367561637,0.0184055706,0.0,0.0120763078,0.0810697679,0.0194650213,0.0445429067,0.0521339934,0.1119044935999999,7.0,0.0303237641,4.600288e-10,0.1858752519,0.0418042987,0.7956294288,35.972146688,3.5162234e-09,78.0,0.419714286
2006-12-29,2004479.567,1.9970782585,3.9883215707,0.0519748559,16.182159271,0.0807599604999999,-0.0004711999999999,0.0585683621,-0.001083446,0.0043572581,0.124081668,-0.215971059,3.9819176432,0.3923928665,-0.392392867,4.0,-0.44833653,0.1526978522,-0.4139826689999999,1.2740842698,5.262590268399999,0.109993447,-0.016073852,-0.243943593,0.0383827657,-0.826268096,0.0,0.1086714436,0.0,1.7711775095,1.1003342074,0.0,0.0,0.0,0.4477070443,0.0283640918,1.2845472273,1.24165788,0.5297968771,0.1558479021,-0.4431818179999999,0.5428745040999999,0.0934259611999999,0.4493665585,643.87158867,0.5219091986,0.0118298932,-1.48704872,-0.102716592,-0.240454531,-0.330449714,-0.102716592,,,0.3716826471,,-2.877911819,4.0,1.7711775095,0.0,0.0238834198,0.0518723624,0.0075998441,0.0376250615,3.2141046661000003,,,,0.0,0.3476397986999999,0.0,0.4604266825,0.724693842,-2.8511144510000004,2.3127452158,0.5796358268999999,0.0109865842,0.0367561637,0.0184055706,0.0,0.0120763078,0.0810697679,0.0194650213,0.0445429067,0.0521339934,0.1119044935999999,7.0,0.0245161928,4.993448e-10,0.0448625125,0.0164659014999999,0.5337847437,7.6723397725,6.8778339e-09,78.0,0.369428571
2007-01-31,1774306.3619,1.977293834,3.9096909061,-0.055157275,15.618016263,0.0794425862,0.0222360731999999,-0.116803281,0.0760750387,0.082039958,-0.01042238,-0.294095708,3.6654521075,0.3923928665,-0.392392867,4.0,-0.44833653,0.1526978522,-0.4139826689999999,1.2740842698,5.262590268399999,0.109993447,-0.016073852,-0.243943593,0.0383827657,-0.826268096,0.0,0.1086714436,0.0,1.7711775095,1.1003342074,0.0,0.0,0.0,0.4477070443,0.0283640918,1.2845472273,1.24165788,0.5297968771,0.1558479021,-0.449604743,0.5428745040999999,0.0934259611999999,0.4493665585,643.87158867,0.5219091986,0.0118298932,-1.48704872,-0.102716592,-0.240454531,-0.330449714,-0.102716592,,,0.3716826471,,-2.877911819,4.0,1.7711775095,0.0,0.0238834198,0.0518723624,0.0075998441,0.0376250615,3.2141046661000003,,,,0.0,0.3476397986999999,0.0,0.4604266825,0.724693842,-2.899400799,5.7781549047,0.6664599229,0.036626662,-0.02144224,-0.1916413019999999,1.0,0.0433572128,0.0450719926999999,0.0716442388999999,0.0407472654,0.0588299379,0.0743387336,8.0,0.0282644856999999,6.948171e-10,0.0296564083999999,0.0172405226,0.2714213178,2.9665220233,9.2511466e-09,78.0,0.325714286
2007-02-28,1565039.6834,1.8828634764,3.5451748708,0.3514666674,15.247419183,0.0792734475999999,0.0109750028,-0.11794281,0.2498791562,-0.061342967,-0.249421121,-0.167094298,4.5106612136,0.3923928665,-0.392392867,4.0,-0.44833653,0.1526978522,-0.4139826689999999,1.2740842698,5.262590268399999,0.109993447,-0.016073852,-0.243943593,0.0383827657,-0.826268096,0.0,0.1086714436,0.0,1.7711775095,1.1003342074,0.0,0.0,0.0,0.4477070443,0.0283640918,1.2845472273,1.24165788,0.5297968771,0.1558479021,-0.449604743,0.5428745040999999,0.0934259611999999,0.4493665585,643.87158867,0.5219091986,0.0118298932,-1.48704872,-0.102716592,-0.240454531,-0.330449714,-0.102716592,,,0.3716826471,,-2.877911819,4.0,1.7711775095,0.0,0.0238834198,0.0518723624,0.0075998441,0.0376250615,3.2141046661000003,,,,0.0,0.3476397986999999,0.0,0.4604266825,0.724693842,-2.9069259310000004,5.7781549047,0.6664599229,0.0392218154,-0.02144224,-0.1916413019999999,1.0,0.0433572128,0.0450719926999999,0.0716442388999999,0.0407472654,0.0588299379,0.0743387336,8.0,0.0396866038,3.508015e-10,0.045496311,0.0269481658,0.5048093771,28.143584784,2.6767515e-09,78.0,0.321857143
2007-03-30,1547968.7572,1.8680436303,3.4895870046,0.3786382994,16.364161697,0.0794396171,0.066536349,-0.012275265,0.1393605791,-0.149198066,-0.220639591,-0.203166016,5.3495632278,0.3923928665,-0.392392867,4.0,-0.44833653,0.1526978522,-0.4139826689999999,1.2740842698,5.262590268399999,0.109993447,-0.016073852,-0.243943593,0.0383827657,-0.826268096,0.0,0.1086714436,0.0,1.7711775095,1.1003342074,0.0,0.0,0.0,0.4477070443,0.0283640918,1.2845472273,1.24165788,0.5297968771,0.1558479021,-0.444135631,0.5428745040999999,0.0934259611999999,0.4493665585,643.87158867,0.5219091986,0.0118298932,-1.48704872,-0.102716592,-0.240454531,-0.330449714,-0.102716592,,,0.3716826471,,-2.877911819,4.0,1.7711775095,0.0,0.0238834198,0.0518723624,0.0075998441,0.0376250615,3.2141046661000003,,,,0.0,0.3476397986999999,0.0,0.4604266825,0.724693842,-2.943729588,5.7781549047,0.6664599229,0.0392218154,-0.02144224,-0.1916413019999999,1.0,0.0433572128,0.0450719926999999,0.0716442388999999,0.0407472654,0.0588299379,0.0743387336,8.0,0.0286832250999999,4.748141e-10,0.0371179208,0.0203012583,0.6343585413,29.426682331,4.1502872e-09,78.0,0.331285714
2007-04-30,1594590.8167,1.8636015279,3.4730106547000004,0.2322099945,15.965218695,0.0773542459,-0.008461843,0.0292942673,-0.010974545,-0.222835432,-0.1503516869999999,-0.597221705,5.9836507471,0.3923928665,-0.392392867,4.0,-0.44833653,0.1526978522,-0.4139826689999999,1.2740842698,5.262590268399999,0.109993447,-0.016073852,-0.243943593,0.0383827657,-0.826268096,0.0,0.1086714436,0.0,1.7711775095,1.1003342074,0.0,0.0,0.0,0.4477070443,0.0283640918,1.2845472273,1.24165788,0.5297968771,0.1558479021,-0.4431818179999999,0.5428745040999999,0.0934259611999999,0.4493665585,643.87158867,0.5219091986,0.0118298932,-1.48704872,-0.102716592,-0.240454531,-0.330449714,-0.102716592,,,0.3716826471,,-2.877911819,4.0,1.7711775095,0.0,0.0238834198,0.0518723624,0.0075998441,0.0376250615,3.2141046661000003,,,,0.0,0.3476397986999999,0.0,0.4604266825,0.724693842,-3.0797898010000004,5.1259021731,0.6697148897,0.032011987,-0.001705647,0.2273852442999999,0.0,0.0249282248,0.0435808644,0.0348870218,0.0535957623,0.0572566776,0.073990211,8.0,0.0327246084,5.492612e-10,0.0524344072,0.0227758045,0.3731186218,7.7191462495,4.8173307e-09,78.0,0.316714286
2007-05-31,1513324.2052,1.6720177167,2.7956432449,-0.13167995,15.699358546,0.0758261307,0.0232395471,-0.043984495,-0.1616051819999999,-0.2176113019999999,0.1687696448,-0.207750259,4.8716573884,0.3923928665,-0.392392867,4.0,-0.44833653,0.1526978522,-0.4139826689999999,1.2740842698,5.262590268399999,0.109993447,-0.016073852,-0.243943593,0.0383827657,-0.826268096,0.0,0.1086714436,0.0,1.7711775095,1.1003342074,0.0,0.0,0.0,0.4477070443,0.0283640918,1.2845472273,1.24165788,0.5297968771,0.1558479021,-0.444135631,0.5428745040999999,0.0934259611999999,0.4493665585,643.87158867,0.5219091986,0.0118298932,-1.48704872,-0.102716592,-0.240454531,-0.330449714,-0.102716592,,,0.3716826471,,-2.877911819,4.0,1.7711775095,0.0,0.0238834198,0.0518723624,0.0075998441,0.0376250615,3.2141046661000003,,,,0.0,0.3476397986999999,0.0,0.4604266825,0.724693842,-3.0797898010000004,5.1259021731,0.6697148897,0.032011987,-0.001705647,0.2281617718,0.0,0.0249282248,0.0435808644,0.0348870218,0.0535957623,0.0572566776,0.073990211,8.0,0.02520757,3.854757e-10,0.0315391086,0.0264668951,0.6155812118,23.988588378000003,4.5157279e-09,78.0,0.313142857
2007-06-29,1494887.2038,1.708088518,2.9175663852,-0.309474061,15.81463179,0.0762660908,0.0768245838,-0.0121831139999999,-0.242827886,-0.199349957,-0.158869938,-0.268797518,4.184013917200001,0.3923928665,-0.392392867,4.0,-0.44833653,0.1526978522,-0.4139826689999999,1.2740842698,5.262590268399999,0.109993447,-0.016073852,-0.243943593,0.0383827657,-0.826268096,0.0,0.1086714436,0.0,1.7711775095,1.1003342074,0.0,0.0,0.0,0.4477070443,0.0283640918,1.2845472273,1.24165788,0.5297968771,0.1558479021,-0.444135631,0.5428745040999999,0.0934259611999999,0.4493665585,643.87158867,0.5219091986,0.0118298932,-1.48704872,-0.102716592,-0.240454531,-0.330449714,-0.102716592,,,0.3716826471,,-2.877911819,4.0,1.7711775095,0.0,0.0238834198,0.0518723624,0.0075998441,0.0376250615,3.2141046661000003,,,,0.0,0.3476397986999999,0.0,0.4604266825,0.724693842,-3.0797898010000004,5.1259021731,0.6697148897,0.032011987,-0.001705647,0.2281617718,0.0,0.0249282248,0.0435808644,0.0348870218,0.0535957623,0.0572566776,0.073990211,8.0,0.0252439115,4.073569e-10,0.025524132,0.0128093367,0.4204981507,7.7050732067,5.8433257e-09,78.0,0.277
2007-07-31,1311500.7787,1.6754931761,2.8072773832,-0.200579336,15.442297142,0.072152024,0.0881716266,-0.114607878,-0.15313612,-0.195152472,-0.2441667019999999,-0.4807985489999999,5.2774259722000005,0.408398907,-0.408398907,5.0,-0.6693466339999999,0.2334495377,-0.172210293,1.2385577047,2.910689309,0.139695157,0.1123055038,-0.069626305,0.2530498941,0.1727242439999999,0.0,-0.094900863,0.0,2.2146531091,0.9795836944,0.0,0.0,0.0,0.8307506673999999,0.0276626417,1.3304812518,0.6692613603,0.4442462967,0.1662299698,0.3197969543,0.5697225795,0.1096586299,0.4055436361,884.56745214,0.5312509808,0.0094941366,-0.763483822,0.2503846155,-0.109739852,0.1678530144999999,0.2503846155,,,-0.032871706,,-4.049957214,5.0,2.2146531091,0.0,0.0272664304999999,0.0485411274,0.0246016277,0.2256310325,2.4889743526,,,,0.0,0.4609220288,0.0,0.5617181142000001,0.7987297279000001,-4.88554697,4.0348487128,0.660272447,0.0571954063999999,0.0379149989,0.0610816674,1.0,0.0269890337,0.0422289212,0.0383976352,0.0474737643,0.0555823212,0.0761229396,8.0,0.0426811361,5.711746e-10,0.0645491928,0.0375139416,0.7156075020999999,28.556062416,2.8446059e-09,78.0,0.246142857
2007-08-31,1159096.5292,1.3809446218,1.9070080485,-0.34709445,16.086648704,0.0730084962,0.1457519751,-0.111397624,-0.149934249,-0.06283235,0.0092683096,-1.5986154890000002,5.8355531772,0.408398907,-0.408398907,5.0,-0.6693466339999999,0.2334495377,-0.1733652239999999,1.2385577047,2.910689309,0.139695157,0.1123055038,-0.069626305,0.2530498941,0.1727242439999999,0.0,-0.094900863,0.0,2.2146531091,0.9795836944,0.0,0.0,0.0,0.8307506673999999,0.0276626417,1.3187300078,0.6692613603,0.4442462967,0.1662299698,0.3197969543,0.5697225795,0.1096586299,0.4055436361,884.56745214,0.5312509808,0.0094941366,-0.763483822,0.2503846155,-0.109739852,0.1678530144999999,0.2503846155,,,-0.032871706,,-4.049957214,5.0,2.2146531091,0.0,0.0272664304999999,0.0485411274,0.0246016277,0.2256310325,2.4889743526,,,,0.0,0.4609220288,0.0,0.5617181142000001,0.7987297279000001,-4.88554697,4.0348487128,0.660272447,0.0617288242,0.0379149989,0.0610816674,1.0,0.0269890337,0.0422289212,0.0383976352,0.0474737643,0.0555823212,0.0761229396,8.0,0.0341508215,5.434556e-10,0.0682634339,0.0379791651,0.7750363709999999,33.483711499,3.1615157e-09,78.0,0.250285714
2007-09-28,1178605.4708,1.3032739026,1.6985228651,-0.347744807,15.853912022,0.0720013791999999,0.0212970627,0.0168311615,-0.235241946,-0.139360691,0.4351255150999999,-0.247731811,6.0956594129,0.408398907,-0.408398907,5.0,-0.6693466339999999,0.2334495377,-0.118494469,1.2385577047,2.910689309,0.139695157,0.1123055038,-0.069626305,0.2530498941,0.1727242439999999,0.0,-0.094900863,0.0,2.2146531091,0.9795836944,0.0,0.0,0.0,0.8307506673999999,0.0276626417,1.3255095273,0.6692613603,0.4442462967,0.1662299698,0.3197969543,0.5697225795,0.1096586299,0.4055436361,884.56745214,0.5312509808,0.0094941366,-0.763483822,0.2503846155,-0.109739852,0.1678530144999999,0.2503846155,,,-0.032871706,,-4.049957214,5.0,2.2146531091,0.0,0.0272664304999999,0.0485411274,0.0246016277,0.2256310325,2.4889743526,,,,0.0,0.4609220288,0.0,0.5617181142000001,0.7987297279000001,-4.88554697,4.0348487128,0.660272447,0.0755145756,0.0379149989,0.0610816674,1.0,0.0269890337,0.0422289212,0.0383976352,0.0474737643,0.0555823212,0.0761229396,8.0,0.0413495325999999,1.1298612e-09,0.0357348062,0.0214249877,0.5173863675,8.818482701,5.0093166e-09,78.0,0.296
2007-10-31,1362583.737,1.2920960144,1.6695121106,-0.1232203019999999,15.314125086,0.0650938658,-0.0572639109999999,0.1843550353999999,-0.244501942,-0.2309043139999999,0.4773022594,-0.265419325,4.7264038595,0.408398907,-0.408398907,5.0,-0.6693466339999999,0.2334495377,-0.110811351,1.2385577047,2.910689309,0.139695157,0.1123055038,-0.069626305,0.2530498941,0.1727242439999999,0.0,-0.094900863,0.0,2.2146531091,0.9795836944,0.0,0.0,0.0,0.8307506673999999,0.0276626417,1.3304812518,0.6692613603,0.4442462967,0.1662299698,0.3197969543,0.5697225795,0.1096586299,0.4055436361,884.56745214,0.5312509808,0.0094941366,-0.763483822,0.2503846155,-0.109739852,0.1678530144999999,0.2503846155,,,-0.032871706,,-4.049957214,5.0,2.2146531091,0.0,0.0272664304999999,0.0485411274,0.0246016277,0.2256310325,2.4889743526,,,,0.0,0.4609220288,0.0,0.5617181142000001,0.7987297279000001,-4.88554697,2.7633598277,0.6206635632,0.0097036481,-0.372693679,-0.125918146,0.0,0.0160583726,0.0407385031,0.0236014978,0.050918393,0.0607761604,0.0796001095,8.0,0.0378948988,1.0932253e-09,0.0891653299,0.0313815097,0.5493771509,8.965483429099999,6.6802587e-09,78.0,0.378142857
2007-11-30,1741117.1448,1.2456297137,1.5515933836000002,0.3924373027,15.385217814,0.0648749312,-0.060045142,0.2756687105,-0.064055003,-0.249822821,1.9208024423,-0.526434981,4.1405455808,0.408398907,-0.408398907,5.0,-0.6693466339999999,0.2334495377,-0.2860831669999999,1.2385577047,2.910689309,0.139695157,0.1123055038,-0.069626305,0.2530498941,0.1727242439999999,0.0,-0.094900863,0.0,2.2146531091,0.9795836944,0.0,0.0,0.0,0.8307506673999999,0.0276626417,1.3304812518,0.6692613603,0.4442462967,0.1662299698,0.3197969543,0.5697225795,0.1096586299,0.4055436361,884.56745214,0.5312509808,0.0094941366,-0.763483822,0.2503846155,-0.109739852,0.1678530144999999,0.2503846155,,,-0.032871706,,-4.049957214,5.0,2.2146531091,0.0,0.0272664304999999,0.0485411274,0.0246016277,0.2256310325,2.4889743526,,,,0.0,0.4609220288,0.0,0.5617181142000001,0.7987297279000001,-4.88554697,2.7633598277,0.6206635632,0.0097036481,-0.372693679,-0.125918146,0.0,0.0160583726,0.0407385031,0.0236014978,0.050918393,0.0607761604,0.0796001095,8.0,0.0384587292,6.094830000000001e-10,0.1295088828,0.0331645988,0.6204310113,16.099396403,3.7851186e-09,78.0,0.33
2007-12-31,1519448.7251,1.1996172332,1.4390815063,0.3068519288,15.982947799000002,0.0640500835,-0.075916139,-0.1273138969999999,0.2086812489999999,-0.095970002,1.5729350132,-0.364695719,4.2104201008,0.408398907,-0.408398907,5.0,-0.6693466339999999,0.2334495377,-0.24841557,1.2385577047,2.910689309,0.139695157,0.1123055038,-0.069626305,0.2530498941,0.1727242439999999,0.0,-0.094900863,0.0,2.2146531091,0.9795836944,0.0,0.0,0.0,0.8307506673999999,0.0276626417,1.3304812518,0.6692613603,0.4442462967,0.1662299698,0.3197969543,0.5697225795,0.1096586299,0.4055436361,884.56745214,0.5312509808,0.0094941366,-0.763483822,0.2503846155,-0.109739852,0.1678530144999999,0.2503846155,,,-0.032871706,,-4.049957214,5.0,2.2146531091,0.0,0.0272664304999999,0.0485411274,0.0246016277,0.2256310325,2.4889743526,,,,0.0,0.4609220288,0.0,0.5617181142000001,0.7987297279000001,-4.88554697,2.7633598277,0.6206635632,0.0097036481,-0.372693679,-0.125918146,0.0,0.0160583726,0.0407385031,0.0236014978,0.050918393,0.0607761604,0.0796001095,8.0,0.0427130399,7.640282e-10,0.0405216999,0.0279584685,0.2610195468,4.5996320331,5.3047593e-09,78.0,0.380285714
2008-01-31,1727984.1145,1.2517127107,1.5667847102,0.6230660968999999,15.601806395,0.064104014,-0.154212615,0.1523809731,0.1913357966,-0.106728548,1.0973236656,-0.7314784209999999,4.2828760546,0.408398907,-0.408398907,5.0,-0.6693466339999999,0.2334495377,-0.24841557,1.2385577047,2.910689309,0.139695157,0.1123055038,-0.069626305,0.2530498941,0.1727242439999999,0.0,-0.094900863,0.0,2.2146531091,0.9795836944,0.0,0.0,0.0,0.8307506673999999,0.0276626417,1.3635310584,0.6692613603,0.4442462967,0.1662299698,0.3197969543,0.5697225795,0.1096586299,0.4055436361,884.56745214,0.5312509808,0.0094941366,-0.763483822,0.2503846155,-0.109739852,0.1678530144999999,0.2503846155,,,-0.032871706,,-4.049957214,5.0,2.2146531091,0.0,0.0272664304999999,0.0485411274,0.0246016277,0.2256310325,2.4889743526,,,,0.0,0.4609220288,0.0,0.5617181142000001,0.7987297279000001,-4.88554697,2.041047885,0.6172660461,0.0137562608,0.0650460104,-0.2052496439999999,1.0,0.0407832222,0.0408725579,0.0589860344,0.0490598245,0.0641764057,0.0789538928,8.0,0.0426899308,7.077397e-10,0.0952954888,0.0300776466,0.5604105934,12.539566404,5.8517464e-09,78.0,0.359285714
2008-02-29,1632561.9252,1.1869077258,1.4087499496,0.7042929553,15.693484632,0.0654997228,-0.1880328919999999,-0.0552216809999999,0.5449797814,0.1670320667,0.9834782098,-0.441164112,5.6058342866,0.408398907,-0.408398907,5.0,-0.6693466339999999,0.2334495377,-0.24841557,1.2385577047,2.910689309,0.139695157,0.1123055038,-0.069626305,0.2530498941,0.1727242439999999,0.0,-0.094900863,0.0,2.2146531091,0.9795836944,0.0,0.0,0.0,0.8307506673999999,0.0276626417,1.3340960409,0.6692613603,0.4442462967,0.1662299698,0.3197969543,0.5697225795,0.1096586299,0.4055436361,884.56745214,0.5312509808,0.0094941366,-0.763483822,0.2503846155,-0.109739852,0.1678530144999999,0.2503846155,,,-0.032871706,,-4.049957214,5.0,2.2146531091,0.0,0.0272664304999999,0.0485411274,0.0246016277,0.2256310325,2.4889743526,,,,0.0,0.4609220288,0.0,0.5617181142000001,0.7987297279000001,-4.88554697,2.041047885,0.6172660461,0.0137562608,0.0650460104,-0.2052496439999999,1.0,0.0407832222,0.0408725579,0.0589860344,0.0490598245,0.0641764057,0.0789538928,8.0,0.079194044,6.070755e-10,0.0963382348,0.0452250995,0.4395125962,18.984362959,2.5756707e-09,78.0,0.451142857
2008-03-31,1932380.1953,1.2432767747,1.5457371384,0.8730671137,16.396104752,0.0650722884,-0.249114969,0.2556660175,0.4355022315999999,0.1162893416999999,1.1056075793,-0.394640669,6.2277118874,0.408398907,-0.408398907,5.0,-0.6693466339999999,0.2334495377,-0.24841557,1.2385577047,2.910689309,0.139695157,0.1123055038,-0.069626305,0.2530498941,0.1727242439999999,0.0,-0.094900863,0.0,2.2146531091,0.9795836944,0.0,0.0,0.0,0.8307506673999999,0.0276626417,1.3255095273,0.6692613603,0.4442462967,0.1662299698,0.3197969543,0.5697225795,0.1096586299,0.4055436361,884.56745214,0.5312509808,0.0094941366,-0.763483822,0.2503846155,-0.109739852,0.1678530144999999,0.2503846155,,,-0.032871706,,-4.049957214,5.0,2.2146531091,0.0,0.0272664304999999,0.0485411274,0.0246016277,0.2256310325,2.4889743526,,,,0.0,0.4609220288,0.0,0.5617181142000001,0.7987297279000001,-4.88554697,2.041047885,0.6172660461,0.0137562608,0.0650460104,-0.2052496439999999,1.0,0.0407832222,0.0408725579,0.0589860344,0.0490598245,0.0641764057,0.0789538928,8.0,0.0426652971,3.513994e-10,0.1182758734,0.0306464937,0.5890385348,21.94183368,3.6129932e-09,78.0,0.495
2008-04-30,2132707.5939,1.2171821604000002,1.4815324115,0.7643666771,16.29836679,0.0640404084999999,-0.24545173,0.0972134769,0.5219349911,0.3617938394,1.1373271657,-0.075333348,6.8513271085000005,0.408398907,-0.408398907,5.0,-0.6693466339999999,0.2334495377,-0.24841557,1.2385577047,2.910689309,0.139695157,0.1123055038,-0.069626305,0.2530498941,0.1727242439999999,0.0,-0.094900863,0.0,2.2146531091,0.9795836944,0.0,0.0,0.0,0.8307506673999999,0.0276626417,1.3255095273,0.6692613603,0.4442462967,0.1662299698,0.3197969543,0.5697225795,0.1096586299,0.4055436361,884.56745214,0.5312509808,0.0094941366,-0.763483822,0.2503846155,-0.109739852,0.1678530144999999,0.2503846155,,,-0.032871706,,-4.049957214,5.0,2.2146531091,0.0,0.0272664304999999,0.0485411274,0.0246016277,0.2256310325,2.4889743526,,,,0.0,0.4609220288,0.0,0.5617181142000001,0.7987297279000001,-4.88554697,2.0153286097,0.6186844858,0.0034326564,0.0857312509,0.0867365636,0.0,0.0255544668,0.0408469539,0.0352345631,0.0279043412,0.0647038236,0.0795869392,8.0,0.0506189675,4.6212000000000005e-10,0.0623800008999999,0.0330205705,0.3029726983,8.760088893899999,3.6845571e-09,78.0,0.456857143
2008-05-30,1972782.2118,1.2184932436,1.4847257846000002,0.0142044559,16.34931641,0.0609387094,-0.201978272,-0.077056333,0.3090291935,0.5629229293,0.9194804907,-0.009723365,6.4053138374000005,0.408398907,-0.408398907,5.0,-0.6693466339999999,0.2334495377,-0.24841557,1.2385577047,2.910689309,0.139695157,0.1123055038,-0.069626305,0.2530498941,0.1727242439999999,0.0,-0.094900863,0.0,2.2146531091,0.9795836944,0.0,0.0,0.0,0.8307506673999999,0.0276626417,1.3304812518,0.6692613603,0.4442462967,0.1662299698,0.3197969543,0.5697225795,0.1096586299,0.4055436361,884.56745214,0.5312509808,0.0094941366,-0.763483822,0.2503846155,-0.109739852,0.1678530144999999,0.2503846155,,,-0.032871706,,-4.049957214,5.0,2.2146531091,0.0,0.0272664304999999,0.0485411274,0.0246016277,0.2256310325,2.4889743526,,,,0.0,0.4609220288,0.0,0.5617181142000001,0.7987297279000001,-4.88554697,2.0153286097,0.6186844858,0.0034326564,0.0857312509,0.0867365636,0.0,0.0255544668,0.0408469539,0.0352345631,0.0279043412,0.0647038236,0.0795869392,8.0,0.0497381352,5.162586e-10,0.068256624,0.061701215,0.6081583299000001,33.237537269,2.7662838e-09,78.0,0.433714286
2008-06-30,1872847.7177,1.2949002709,1.6767667115,0.2594863893,16.465324515,0.0605835651999999,-0.265426137,-0.0506566279999999,0.3844155411,0.4602805836999999,0.5325332802,-0.258585361,6.113393958,0.408398907,-0.408398907,5.0,-0.6693466339999999,0.2334495377,-0.24841557,1.2385577047,2.910689309,0.139695157,0.1123055038,-0.069626305,0.2530498941,0.1727242439999999,0.0,-0.094900863,0.0,2.2146531091,0.9795836944,0.0,0.0,0.0,0.8307506673999999,0.0276626417,1.3753821876,0.6692613603,0.4442462967,0.1662299698,0.3197969543,0.5697225795,0.1096586299,0.4055436361,884.56745214,0.5312509808,0.0094941366,-0.763483822,0.2503846155,-0.109739852,0.1678530144999999,0.2503846155,,,-0.032871706,,-4.049957214,5.0,2.2146531091,0.0,0.0272664304999999,0.0485411274,0.0246016277,0.2256310325,2.4889743526,,,,0.0,0.4609220288,0.0,0.5617181142000001,0.7987297279000001,-4.88554697,2.0153286097,0.6186844858,0.0034326564,0.0857312509,0.0867365636,0.0,0.0255544668,0.0408469539,0.0352345631,0.0279043412,0.0647038236,0.0795869392,8.0,0.0389603971,3.254429e-10,0.0578015223,0.0209373632,0.4605115522,13.760365791,3.9030236e-09,78.0,0.372428571
2008-07-31,1614019.7511,1.2199951426,1.488388148,-0.393533906,16.117774519,0.0610192235,-0.227130158,-0.141304374,0.1404958507,0.5657556231,0.1815965628999999,-0.259813775,5.4369783794,0.3581321533,-0.3581321529999999,6.0,-0.062815899,0.2492783333,-0.491554406,0.4308208325,2.7900022713,0.1688806088,0.0826380266,-0.165308153,-0.053911852,0.974568934,0.0,0.0691987869,0.0,1.9594497968,0.2786514237999999,0.0,0.0,0.0,0.0399265108999999,0.0387457278,0.7239392292,-0.693876281,0.1100494586,0.1573112012,1.0538461538,-0.285077222,0.1251579832,0.11154455,719.01340077,0.2286993121,0.0088841702,-0.794213095,-0.115233989,-0.715540974,-0.372800364,-0.115233989,,,0.0938300883,,-3.3586898080000003,5.0,1.9594497968,0.0,0.0413169321,0.0592322498,0.1284507199,0.1904206057999999,3.1110204882,,,,0.0,0.209379327,0.0,0.6975411567,0.6627483076,0.3536391045,1.3923368699,0.5988099286,0.0005338555,0.1156305361,0.0094465893,1.0,0.0251378972,0.0406883804,0.0361179271,0.0145383286,0.0636349636,0.0798812473,8.0,0.04152707,9.437597e-10,0.0636182278,0.0337360743999999,0.3712909182,6.4494171325,5.8155144e-09,78.0,0.441285714
2008-08-29,1880212.4828,1.2713453399,1.6163189733,-0.231432801,15.566843458,0.0600906634999999,-0.27224842,0.1848868280999999,0.0365805169,0.5130586432,-0.071659484,-0.130529007,5.2187356246,0.3581321533,-0.3581321529999999,6.0,-0.062815899,0.2492783333,-0.491554406,0.4308208325,2.7900022713,0.1688806088,0.0826380266,-0.165308153,-0.053911852,0.974568934,0.0,0.0691987869,0.0,1.9594497968,0.2786514237999999,0.0,0.0,0.0,0.0399265108999999,0.0387457278,0.7239392292,-0.693876281,0.1100494586,0.1573112012,1.0538461538,-0.288382559,0.1251579832,0.11154455,719.01340077,0.2286993121,0.0088841702,-0.794213095,-0.115233989,-0.715540974,-0.372800364,-0.115233989,,,0.0938300883,,-3.3586898080000003,5.0,1.9594497968,0.0,0.0413169321,0.0592322498,0.1284507199,0.1904206057999999,3.1110204882,,,,0.0,0.209379327,0.0,0.6975411567,0.6627483076,0.3536391045,1.3923368699,0.5988099286,0.0005338555,0.1156305361,0.0094465893,1.0,0.0251378972,0.0406883804,0.0361179271,0.0145383286,0.0636349636,0.0798812473,8.0,0.0403772356,4.273827e-10,0.0841775015,0.0285412150999999,0.3165176741,10.547931552,3.0550004e-09,78.0,0.440571429
2008-09-30,1877169.1293,1.2311714542,1.5157831496,-0.8259439209999999,16.336270366,0.0592755491,-0.2109296,-0.001618622,-0.021849295,0.7631277682,-0.187384004,-0.29295977,5.0121053225,0.3581321533,-0.3581321529999999,6.0,-0.062815899,0.2492783333,-0.320755233,0.4308208325,2.7900022713,0.1688806088,0.0826380266,-0.165308153,-0.053911852,0.974568934,0.0,0.0691987869,0.0,1.9594497968,0.2786514237999999,0.0,0.0,0.0,0.0399265108999999,0.0387457278,0.7239392292,-0.693876281,0.1100494586,0.1573112012,1.0538461538,-0.285357548,0.1251579832,0.11154455,719.01340077,0.2286993121,0.0088841702,-0.794213095,-0.115233989,-0.715540974,-0.372800364,-0.115233989,,,0.0938300883,,-3.3586898080000003,5.0,1.9594497968,0.0,0.0413169321,0.0592322498,0.1284507199,0.1904206057999999,3.1110204882,,,,0.0,0.209379327,0.0,0.6975411567,0.6627483076,0.3536391045,1.3923368699,0.5988099286,0.0005338555,0.1156305361,0.0094465893,1.0,0.0251378972,0.0406883804,0.0361179271,0.0145383286,0.0636349636,0.0798812473,8.0,0.0341156868,5.214674e-10,0.0370370857,0.0234850827,0.3708906088,7.8796545223,4.7805226e-09,78.0,0.441142857
2008-10-31,1825625.5504,1.2059672468,1.4543570003,-0.778689961,15.91727831,0.0578777717,-0.234612018,0.0012969847,-0.10995675,0.4862721718,-0.201619823,-0.066485975,5.3652752447,0.3581321533,-0.3581321529999999,6.0,-0.062815899,0.2492783333,-0.282722115,0.4308208325,2.7900022713,0.1688806088,0.0826380266,-0.165308153,-0.053911852,0.974568934,0.0,0.0691987869,0.0,1.9594497968,0.2786514237999999,0.0,0.0,0.0,0.0399265108999999,0.0387457278,0.7239392292,-0.693876281,0.1100494586,0.1573112012,1.0538461538,-0.285077222,0.1251579832,0.11154455,719.01340077,0.2286993121,0.0088841702,-0.794213095,-0.115233989,-0.715540974,-0.372800364,-0.115233989,,,0.0938300883,,-3.3586898080000003,5.0,1.9594497968,0.0,0.0413169321,0.0592322498,0.1284507199,0.1904206057999999,3.1110204882,,,,0.0,0.209379327,0.0,0.6975411567,0.6627483076,0.3536391045,1.9686461198,0.5045349150999999,0.0040952791999999,0.0153361145,-0.269899828,0.0,0.0206237829,0.0373214718,0.0309785977,0.009782401,0.0558418001999999,0.0798683393,8.0,0.0543411013999999,5.024760000000001e-10,0.0755370855,0.0288720794,0.3576850338,8.1241869291,4.5801933e-09,78.0,0.353714286
2008-11-28,1452644.4534,1.1799006456,1.3921655334,-0.433926294,15.959749248,0.0582592917,-0.318339542,-0.198186502,-0.034396513,0.1666037051,0.0022718320999999,-0.234914333,5.086479515,0.3581321533,-0.3581321529999999,6.0,-0.062815899,0.2492783333,-0.282722115,0.4308208325,2.7900022713,0.1688806088,0.0826380266,-0.165308153,-0.053911852,0.974568934,0.0,0.0691987869,0.0,1.9594497968,0.2786514237999999,0.0,0.0,0.0,0.0399265108999999,0.0387457278,0.7239392292,-0.693876281,0.1100494586,0.1573112012,1.0538461538,-0.285077222,0.1251579832,0.11154455,719.01340077,0.2286993121,0.0088841702,-0.794213095,-0.115233989,-0.715540974,-0.372800364,-0.115233989,,,0.0938300883,,-3.3586898080000003,5.0,1.9594497968,0.0,0.0413169321,0.0592322498,0.1284507199,0.1904206057999999,3.1110204882,,,,0.0,0.209379327,0.0,0.6975411567,0.6627483076,0.3536391045,1.9686461198,0.5045349150999999,0.0040952791999999,0.0153361145,-0.269899828,0.0,0.0206237829,0.0373214718,0.0309785977,0.009782401,0.0558418001999999,0.0798683393,8.0,0.0910854669999999,1.5636886e-09,0.1465997249,0.0701895232,0.3594771297999999,11.547794065,3.1794057e-09,78.0,0.328285714
2008-12-31,1348213.5931,1.2582981198999998,1.5833141585,-0.5573687589999999,15.985111473,0.0591703153,-0.407811756,-0.071890175,-0.184453242,0.0718614568,-0.161220063,0.081419932,4.7330762348,0.3581321533,-0.3581321529999999,6.0,-0.062815899,0.2492783333,-0.283044229,0.4308208325,2.7900022713,0.1688806088,0.0826380266,-0.165308153,-0.053911852,0.974568934,0.0,0.0691987869,0.0,1.9594497968,0.2786514237999999,0.0,0.0,0.0,0.0399265108999999,0.0387457278,0.7239392292,-0.693876281,0.1100494586,0.1573112012,1.0538461538,-0.285077222,0.1251579832,0.11154455,719.01340077,0.2286993121,0.0088841702,-0.794213095,-0.115233989,-0.715540974,-0.372800364,-0.115233989,,,0.0938300883,,-3.3586898080000003,5.0,1.9594497968,0.0,0.0413169321,0.0592322498,0.1284507199,0.1904206057999999,3.1110204882,,,,0.0,0.209379327,0.0,0.6975411567,0.6627483076,0.3536391045,1.9686461198,0.5045349150999999,0.0040952791999999,0.0153361145,-0.269899828,0.0,0.0206237829,0.0373214718,0.0309785977,0.009782401,0.0558418001999999,0.0798683393,8.0,0.0783671921999999,2.1078302e-09,0.1768115759,0.069592154,0.4543331481,8.0389753022,6.5643275e-09,78.0,0.427
2009-01-30,1759385.1441,1.1050830181,1.2212084769,0.1671897529,15.369279496,0.0574297234,-0.434672025,0.3006962538,-0.118527059,-0.136739349,-0.016260116,0.1612371811,4.5479936122,0.3581321533,-0.3581321529999999,6.0,-0.062815899,0.2492783333,-0.335998521,0.4308208325,2.7900022713,0.1688806088,0.0826380266,-0.165308153,-0.053911852,0.974568934,0.0,0.0691987869,0.0,1.9594497968,0.2786514237999999,0.0,0.0,0.0,0.0399265108999999,0.0387457278,0.7239392292,-0.693876281,0.1100494586,0.1573112012,1.0538461538,-0.280812434,0.1251579832,0.11154455,719.01340077,0.2286993121,0.0088841702,-0.794213095,-0.115233989,-0.715540974,-0.372800364,-0.115233989,,,0.0938300883,,-3.3586898080000003,5.0,1.9594497968,0.0,0.0413169321,0.0592322498,0.1284507199,0.1904206057999999,3.1110204882,,,,0.0,0.209379327,0.0,0.6975411567,0.6627483076,0.3536391045,0.9342846238,0.4852211144,-0.013491752,0.1050397206,0.0252328869,1.0,0.0453815919,0.0371567739,0.074779213,0.0210164712,0.0665067778,0.0846823784,8.0,0.0598921719,1.0841981e-09,0.1011368035999999,0.036172255,0.5103927175999999,9.3336538745,4.7875623e-09,78.0,0.516285714
2009-02-27,2127272.6441,1.0838812413,1.1747985453,-0.058272692,15.801327980999998,0.0584213566999999,-0.298357238,0.2091000378,-0.032372945,0.1884691587,-0.087114328,0.1555544874,4.7176516029,0.3581321533,-0.3581321529999999,6.0,-0.062815899,0.2492783333,-0.335998521,0.4308208325,2.7900022713,0.1688806088,0.0826380266,-0.165308153,-0.053911852,0.974568934,0.0,0.0691987869,0.0,1.9594497968,0.2786514237999999,0.0,0.0,0.0,0.0399265108999999,0.0387457278,0.7239392292,-0.693876281,0.1100494586,0.1573112012,1.0538461538,-0.271991338,0.1251579832,0.11154455,719.01340077,0.2286993121,0.0088841702,-0.794213095,-0.115233989,-0.715540974,-0.372800364,-0.115233989,,,0.0938300883,,-3.3586898080000003,5.0,1.9594497968,0.0,0.0413169321,0.0592322498,0.1284507199,0.1904206057999999,3.1110204882,,,,0.0,0.209379327,0.0,0.6975411567,0.6627483076,0.3536391045,0.9342846238,0.4852211144,-0.013491752,0.1050397206,0.0252328869,1.0,0.0453815919,0.0371567739,0.074779213,0.0210164712,0.0665067778,0.0846823784,8.0,0.0546430209999999,6.628742e-10,0.1548922062,0.0471608124,0.6420251294,30.134178337,3.3793105e-09,78.0,0.516285714
2009-03-31,2126708.2585,1.0780128216,1.1621116436,0.1985298656,16.438023162,0.0603677332,-0.469155715,0.0027670803999999,0.1718546984,0.1443951534,0.1779187028,0.0944614109,5.952252329299999,0.3581321533,-0.3581321529999999,6.0,-0.062815899,0.2492783333,-0.335998521,0.4308208325,2.7900022713,0.1688806088,0.0826380266,-0.165308153,-0.053911852,0.974568934,0.0,0.0691987869,0.0,1.9594497968,0.2786514237999999,0.0,0.0,0.0,0.0399265108999999,0.0387457278,0.7239392292,-0.693876281,0.1100494586,0.1573112012,1.0538461538,-0.277564566,0.1251579832,0.11154455,719.01340077,0.2286993121,0.0088841702,-0.794213095,-0.115233989,-0.715540974,-0.372800364,-0.115233989,,,0.0938300883,,-3.3586898080000003,5.0,1.9594497968,0.0,0.0413169321,0.0592322498,0.1284507199,0.1904206057999999,3.1110204882,,,,0.0,0.209379327,0.0,0.6975411567,0.6627483076,0.3536391045,0.9342846238,0.4852211144,-0.013491752,0.1050397206,0.0252328869,1.0,0.0453815919,0.0371567739,0.074779213,0.0210164712,0.0665067778,0.0846823784,8.0,0.04084426,1.644381e-10,0.0486591719,0.0194694272,0.2281629239,8.035401268200001,3.2246740000000006e-09,78.0,0.613142857
2009-04-30,2510605.2929,1.0325799319,1.0662213159,0.4986987150999999,16.537644807,0.0604288225,-0.470410604,0.1843266039999999,0.1735752055,0.045887433,0.1952397963,0.1059056461,7.4969842975,0.3581321533,-0.3581321529999999,6.0,-0.062815899,0.2492783333,-0.335998521,0.4308208325,2.7900022713,0.1688806088,0.0826380266,-0.165308153,-0.053911852,0.974568934,0.0,0.0691987869,0.0,1.9594497968,0.2786514237999999,0.0,0.0,0.0,0.0399265108999999,0.0387457278,0.7239392292,-0.693876281,0.1100494586,0.1573112012,1.0538461538,-0.279206357,0.1251579832,0.11154455,719.01340077,0.2286993121,0.0088841702,-0.794213095,-0.115233989,-0.715540974,-0.372800364,-0.115233989,,,0.0938300883,,-3.3586898080000003,5.0,1.9594497968,0.0,0.0413169321,0.0592322498,0.1284507199,0.1904206057999999,3.1110204882,,,,0.0,0.209379327,0.0,0.6975411567,0.6627483076,0.3536391045,0.0722040033,0.4302374446999999,0.0059452383999999,-0.0611044309999999,-0.1088869609999999,0.0,0.031532933,0.0337312675,0.0523054881,0.0294677068999999,0.0669025903,0.0817211895,7.0,0.0559193304999999,3.090735e-10,0.0658841655,0.0346663881,0.3403622613,21.236812637,2.3483904e-09,78.0,0.647285714
2009-05-29,2614296.4592,0.8745317051,0.7648057031000001,1.0557338077,16.87543969,0.0634634329,-0.37920886,0.0556850730999999,0.7334409322,0.3420887499,0.0789473698,0.0281084013,8.0769581846,0.3581321533,-0.3581321529999999,6.0,-0.062815899,0.2492783333,-0.335998521,0.4308208325,2.7900022713,0.1688806088,0.0826380266,-0.165308153,-0.053911852,0.974568934,0.0,0.0691987869,0.0,1.9594497968,0.2786514237999999,0.0,0.0,0.0,0.0399265108999999,0.0387457278,0.7239392292,-0.693876281,0.1100494586,0.1573112012,1.0538461538,-0.280812434,0.1251579832,0.11154455,719.01340077,0.2286993121,0.0088841702,-0.794213095,-0.115233989,-0.715540974,-0.372800364,-0.115233989,,,0.0938300883,,-3.3586898080000003,5.0,1.9594497968,0.0,0.0413169321,0.0592322498,0.1284507199,0.1904206057999999,3.1110204882,,,,0.0,0.209379327,0.0,0.6975411567,0.6627483076,0.3536391045,0.0722040033,0.4302374446999999,0.0059452383999999,-0.0611044309999999,-0.1088869609999999,0.0,0.031532933,0.0337312675,0.0523054881,0.0294677068999999,0.0669025903,0.0817211895,7.0,0.0455045158,2.419279e-10,0.0851860419,0.0362422712,0.4606385890999999,18.505733532,2.5300429e-09,78.0,0.563142857
2009-06-30,2274455.0544,0.8763048251000001,0.7679101465000001,0.9584877042,16.898014829,0.0646935595,-0.32602832,-0.129993439,0.9717146276,0.4924242393999999,0.0964247001,0.0329327906,7.986751660399999,0.3581321533,-0.3581321529999999,6.0,-0.062815899,0.2492783333,-0.335998521,0.4308208325,2.7900022713,0.1688806088,0.0826380266,-0.165308153,-0.053911852,0.974568934,0.0,0.0691987869,0.0,1.9594497968,0.2786514237999999,0.0,0.0,0.0,0.0399265108999999,0.0387457278,0.7239392292,-0.693876281,0.1100494586,0.1573112012,1.0538461538,-0.258742355,0.1251579832,0.11154455,719.01340077,0.2286993121,0.0088841702,-0.794213095,-0.115233989,-0.715540974,-0.372800364,-0.115233989,,,0.0938300883,,-3.3586898080000003,5.0,1.9594497968,0.0,0.0413169321,0.0592322498,0.1284507199,0.1904206057999999,3.1110204882,,,,0.0,0.209379327,0.0,0.6975411567,0.6627483076,0.3536391045,0.0722040033,0.4302374446999999,0.0059452383999999,-0.0611044309999999,-0.1088869609999999,0.0,0.031532933,0.0337312675,0.0523054881,0.0294677068999999,0.0669025903,0.0817211895,7.0,0.0504954217,3.049236e-10,0.0382955261,0.0305237037,0.4252220233,14.721918236,3.1759503e-09,78.0,0.590571429
2009-07-31,2373577.4488,0.817071708,0.667606176,0.2365427535,16.566989479,0.0652964469,-0.158371979,0.0487062931,0.3188357066,0.5120827926,-0.041896341,0.0500498899,7.506775115,0.3178124946,-0.317812495,7.0,0.0449352416,0.1973160914999999,-1.03531288,0.4741901442,3.9675150957,0.1614410552,0.7091224458,0.1958622039999999,-0.093217075,0.0942781242,0.0295517824,0.0657325737,0.0,1.673234051,0.2597400519,0.0,0.0,0.0,-0.194066614,0.0471903486,0.7625436617,-0.777558785,0.0627273776999999,0.152057449,0.2247191010999999,0.1528855368,0.1539122888,0.2520911264,1175.8458627,0.4369085854999999,0.0099880758999999,-0.377108001,-0.146069446,-0.067867487,-0.018080867,-0.190227555,,,0.1462187846,,-2.421060872,5.0,1.5867084535,1.0,0.051082049,0.065545184,0.3298016855,0.3208856319,4.612494996100001,73.359424322,,1.0,1.0,0.1375719714,0.0,0.7793409968,0.6057845783,0.3657177872,2.8176115819,0.4810630702,0.0095004791,-0.060921229,0.1323950822,1.0,0.0389914906,0.0337439918,0.0699805746,0.0325340924,0.0674293041,0.0815912872,7.0,0.0374408506,2.575035e-10,0.0679354891,0.0247226670999999,0.4174791988,21.63153892,2.7695696e-09,78.0,0.627714286
2009-08-31,2522858.9612,0.7975715344,0.6361203524,0.0458694251,16.655944443,0.065496483,-0.1673322559999999,0.0628930479,0.1438849242,0.3382972135,0.4929916931,0.0517416542,7.0084122893,0.3178124946,-0.317812495,7.0,0.0449352416,0.1973160914999999,-1.03531288,0.4741901442,3.9675150957,0.1614410552,0.7091224458,0.1958622039999999,-0.093217075,0.0942781242,0.0295517824,0.0657325737,0.0,1.673234051,0.2597400519,0.0,0.0,0.0,-0.194066614,0.0471903486,0.7625436617,-0.777558785,0.0627273776999999,0.152057449,0.2247191010999999,0.1528855368,0.1539122888,0.2520911264,1175.8458627,0.4369085854999999,0.0099880758999999,-0.377108001,-0.146069446,-0.067867487,-0.018080867,-0.190227555,,,0.1462187846,,-2.421060872,5.0,1.5867084535,1.0,0.051082049,0.065545184,0.3298016855,0.3208856319,4.612494996100001,73.359424322,,1.0,1.0,0.1375719714,0.0,0.7793409968,0.6057845783,0.3657177872,2.8176115819,0.4810630702,0.0095004791,-0.060921229,0.1323950822,1.0,0.0389914906,0.0337439918,0.0699805746,0.0325340924,0.0674293041,0.0815912872,7.0,0.0356685485,2.28117e-10,0.0529073849,0.0281622493,0.4677769993,18.953352901,2.8864267e-09,78.0,0.623714286
2009-09-30,2505060.1413,0.7887594565,0.6221414803,0.0288209941,16.670918189,0.0651785687,-0.111725441,-0.00705502,0.2124723251,0.4247729732999999,0.5404594914,0.0445351226,6.3478335133,0.3178124946,-0.317812495,7.0,0.0449352416,0.1973160914999999,-1.03531288,0.4741901442,3.9675150957,0.1614410552,0.7091224458,0.1958622039999999,-0.093217075,0.0942781242,0.0295517824,0.0657325737,0.0,1.673234051,0.2597400519,0.0,0.0,0.0,-0.194066614,0.0471903486,0.7625436617,-0.777558785,0.0627273776999999,0.152057449,0.2247191010999999,0.1528855368,0.1539122888,0.2520911264,1175.8458627,0.4369085854999999,0.0099880758999999,-0.377108001,-0.146069446,-0.067867487,-0.018080867,-0.190227555,,,0.1462187846,,-2.421060872,5.0,1.5867084535,1.0,0.051082049,0.065545184,0.3298016855,0.3208856319,4.612494996100001,73.359424322,,1.0,1.0,0.1375719714,0.0,0.7793409968,0.6057845783,0.3657177872,2.8176115819,0.4810630702,0.0095004791,-0.060921229,0.1323950822,1.0,0.0389914906,0.0337439918,0.0699805746,0.0325340924,0.0674293041,0.0815912872,7.0,0.0265058939,2.85152e-10,0.0344827585,0.0187157812999999,0.2109756245,3.8375347351,5.1823395e-09,78.0,0.659571429
2009-10-30,2522867.2099,0.7770622684999999,0.6038257691,-0.314174049,16.125121147,0.0620912955,0.0088262625,0.0582167543,0.0165424846,0.4128886765,0.3555749696,0.1426426113,5.5533737167,0.3178124946,-0.317812495,7.0,0.0449352416,0.1973160914999999,-0.786767648,0.4741901442,3.9675150957,0.1614410552,0.7091224458,0.1958622039999999,-0.093217075,0.0942781242,0.0295517824,0.0657325737,0.0,1.673234051,0.2597400519,0.0,0.0,0.0,-0.194066614,0.0471903486,0.7625436617,-0.777558785,0.0627273776999999,0.152057449,0.2247191010999999,0.1528855368,0.1539122888,0.2520911264,1175.8458627,0.4369085854999999,0.0099880758999999,-0.377108001,-0.146069446,-0.067867487,-0.018080867,-0.190227555,,,0.1462187846,,-2.421060872,5.0,1.5867084535,1.0,0.051082049,0.065545184,0.3298016855,0.3208856319,4.612494996100001,73.359424322,,1.0,1.0,0.1375719714,0.0,0.7793409968,0.6057845783,0.3657177872,0.7895940472,0.4557006925999999,0.0099798866,-0.040585678,-0.0848055369999999,0.0,0.0361892463,0.0287288356999999,0.0644179113,0.0270512443,0.0665218693,0.0801998871,7.0,0.0334768076,2.675833e-10,0.0421890058,0.0216345708999999,0.3946061418,10.241897848,4.2045989e-09,78.0,0.763571429
2009-11-30,2920668.3917,0.7919804963,0.6272331065,-0.65031644,16.388950553,0.0623683771,0.4175978725,0.1576782018,0.0189802964,0.8647010470000001,-0.104844538,0.0568513621,5.1633268061,0.3178124946,-0.317812495,7.0,0.0449352416,0.1973160914999999,-0.840711199,0.4741901442,3.9675150957,0.1614410552,0.7091224458,0.1958622039999999,-0.093217075,0.0942781242,0.0295517824,0.0657325737,0.0,1.673234051,0.2597400519,0.0,0.0,0.0,-0.194066614,0.0471903486,0.7625436617,-0.777558785,0.0627273776999999,0.152057449,0.2247191010999999,0.1528855368,0.1539122888,0.2520911264,1175.8458627,0.4369085854999999,0.0099880758999999,-0.377108001,-0.146069446,-0.067867487,-0.018080867,-0.190227555,,,0.1462187846,,-2.421060872,5.0,1.5867084535,1.0,0.051082049,0.065545184,0.3298016855,0.3208856319,4.612494996100001,73.359424322,,1.0,1.0,0.1375719714,0.0,0.7793409968,0.6057845783,0.3657177872,0.7895940472,0.4557006925999999,0.0099798866,-0.040585678,-0.0848055369999999,0.0,0.0361892463,0.0287288356999999,0.0644179113,0.0270512443,0.0665218693,0.0801998871,7.0,0.0386653639,3.313038e-10,0.1059842482,0.0322679643,0.5667927923,25.573677027,3.276657e-09,78.0,0.837571429
2009-12-31,3203719.1484,0.7812528009,0.610355939,-0.228088485,16.690533882,0.0625242825,0.5493699295000001,0.0969130099,0.3559107824,1.3259356788,-0.215163981,0.0812225821,5.3968313373,0.3178124946,-0.317812495,7.0,0.0449352416,0.1973160914999999,-0.8425018870000001,0.4741901442,3.9675150957,0.1614410552,0.7091224458,0.1958622039999999,-0.093217075,0.0942781242,0.0295517824,0.0657325737,0.0,1.673234051,0.2597400519,0.0,0.0,0.0,-0.194066614,0.0471903486,0.7625436617,-0.777558785,0.0627273776999999,0.152057449,0.2247191010999999,0.1528855368,0.1539122888,0.2520911264,1175.8458627,0.4369085854999999,0.0099880758999999,-0.377108001,-0.146069446,-0.067867487,-0.018080867,-0.190227555,,,0.1462187846,,-2.421060872,5.0,1.5867084535,1.0,0.051082049,0.065545184,0.3298016855,0.3208856319,4.612494996100001,73.359424322,,1.0,1.0,0.1375719714,0.0,0.7793409968,0.6057845783,0.3657177872,0.7895940472,0.4557006925999999,0.0099798866,-0.040585678,-0.0848055369999999,0.0,0.0361892463,0.0287288356999999,0.0644179113,0.0270512443,0.0665218693,0.0801998871,7.0,0.0319774536,2.059614e-10,0.0411742888,0.0166844234,0.3233192923,7.3355086017,4.7886029e-09,78.0,0.787714286
2010-01-29,2944009.6082,0.7888395278,0.6222678006,-0.050463663,16.498929551,0.0621865683,0.4863083232999999,-0.06037866,0.4182390125,0.9615256819,0.1558390646,0.0915466465,5.257878318,0.3178124946,-0.317812495,7.0,0.0449352416,0.1973160914999999,-0.6729479070000001,0.4741901442,3.9675150957,0.1614410552,0.7091224458,0.1958622039999999,-0.093217075,0.0942781242,0.0295517824,0.0657325737,0.0,1.673234051,0.2597400519,0.0,0.0,0.0,-0.194066614,0.0471903486,0.7625436617,-0.777558785,0.0627273776999999,0.152057449,0.2247191010999999,0.1528855368,0.1539122888,0.2520911264,1175.8458627,0.4369085854999999,0.0099880758999999,-0.377108001,-0.146069446,-0.067867487,-0.018080867,-0.190227555,,,0.1462187846,,-2.421060872,5.0,1.5867084535,1.0,0.051082049,0.065545184,0.3298016855,0.3208856319,4.612494996100001,73.359424322,,1.0,1.0,0.1375719714,0.0,0.7793409968,0.6057845783,0.3657177872,0.7184830895000001,0.4306959711,0.017315173,-0.003239547,-0.054465963,1.0,0.0516051141999999,0.0287474477,0.0936814201999999,0.0298684167,0.0691342366,0.0807377676,7.0,0.0284191706,2.219003e-10,0.0604364462,0.0200337955,0.4218567982,9.3773676173,4.1264979e-09,78.0,0.889285714
2010-02-26,3332429.25,0.7923245475,0.6277781886,0.2008772985,16.489481905,0.062542198,0.4994509201,0.1299691349,0.2537551587,0.5243497916,0.5843927952,0.0661087443,6.1689238414,0.3178124946,-0.317812495,7.0,0.0449352416,0.1973160914999999,-0.6729479070000001,0.4741901442,3.9675150957,0.1614410552,0.7091224458,0.1958622039999999,-0.093217075,0.0942781242,0.0295517824,0.0657325737,0.0,1.673234051,0.2597400519,0.0,0.0,0.0,-0.194066614,0.0471903486,0.7625436617,-0.777558785,0.0627273776999999,0.152057449,0.2247191010999999,0.1528855368,0.1539122888,0.2520911264,1175.8458627,0.4369085854999999,0.0099880758999999,-0.377108001,-0.146069446,-0.067867487,-0.018080867,-0.190227555,,,0.1462187846,,-2.421060872,5.0,1.5867084535,1.0,0.051082049,0.065545184,0.3298016855,0.3208856319,4.612494996100001,73.359424322,,1.0,1.0,0.1375719714,0.0,0.7793409968,0.6057845783,0.3657177872,0.7184830895000001,0.4306959711,0.017315173,-0.003239547,-0.054465963,1.0,0.0516051141999999,0.0287474477,0.0936814201999999,0.0298684167,0.0691342366,0.0807377676,7.0,0.0387579652999999,1.798217e-10,0.2368059455999999,0.0601975113999999,0.6682358111,43.624706987,2.5749497e-09,78.0,0.943571429
2010-03-31,3535854.8134,0.7653522446,0.5857640583,0.3099483224,17.208413662,0.0651325735,0.5821550518999999,0.0610442273,0.4267705267,0.7177151593000001,0.4871670586,-0.0034129679999999,6.7468268851,0.3178124946,-0.317812495,7.0,0.0449352416,0.1973160914999999,-0.6729479070000001,0.4741901442,3.9675150957,0.1614410552,0.7091224458,0.1958622039999999,-0.093217075,0.0942781242,0.0295517824,0.0657325737,0.0,1.673234051,0.2597400519,0.0,0.0,0.0,-0.194066614,0.0471903486,0.7625436617,-0.777558785,0.0627273776999999,0.152057449,0.2247191010999999,0.1528855368,0.1539122888,0.2520911264,1175.8458627,0.4369085854999999,0.0099880758999999,-0.377108001,-0.146069446,-0.067867487,-0.018080867,-0.190227555,,,0.1462187846,,-2.421060872,5.0,1.5867084535,1.0,0.051082049,0.065545184,0.3298016855,0.3208856319,4.612494996100001,73.359424322,,1.0,1.0,0.1375719714,0.0,0.7793409968,0.6057845783,0.3657177872,0.7184830895000001,0.4306959711,0.017315173,-0.003239547,-0.054465963,1.0,0.0516051141999999,0.0287474477,0.0936814201999999,0.0298684167,0.0691342366,0.0807377676,7.0,0.0285217854999999,1.4422799999999999e-10,0.0304114316,0.0164550064999999,0.3843580733,17.319204444,3.8922017e-09,78.0,1.053428571
2010-04-30,3853799.7684,0.7552256695999999,0.570365812,0.5214187190999999,16.856128625,0.0646216551999999,0.4311969276,0.1164268627999999,0.4305827467,0.5389097465,0.6192016731000001,0.0469969182,6.8701669792,0.3178124946,-0.317812495,7.0,0.0449352416,0.1973160914999999,-0.6729479070000001,0.4741901442,3.9675150957,0.1614410552,0.7091224458,0.1958622039999999,-0.093217075,0.0942781242,0.0295517824,0.0657325737,0.0,1.673234051,0.2597400519,0.0,0.0,0.0,-0.194066614,0.0471903486,0.7625436617,-0.777558785,0.0627273776999999,0.152057449,0.2247191010999999,0.1528855368,0.1539122888,0.2520911264,1175.8458627,0.4369085854999999,0.0099880758999999,-0.377108001,-0.146069446,-0.067867487,-0.018080867,-0.190227555,,,0.1462187846,,-2.421060872,5.0,1.5867084535,1.0,0.051082049,0.065545184,0.3298016855,0.3208856319,4.612494996100001,73.359424322,,1.0,1.0,0.1375719714,0.0,0.7793409968,0.6057845783,0.3657177872,1.8669702599,0.3158955644,0.0098936705,0.0113097652,0.1205123048,0.0,0.0509144534,0.0287445656,0.0929213771,0.0298672069,0.0687107983,0.0793894961,7.0,0.0227780889,1.566128e-10,0.0552610718,0.0176354917,0.4173343546,11.039230598,3.584415e-09,78.0,1.411
2010-05-28,5168711.8797,0.7574182812000001,0.5736824527000001,0.6706761265,16.851968574,0.0647517277,0.4741393659,0.3411988615999999,0.3796070491,0.6274552176,0.6403508032,0.0131347739999999,8.344737412799999,0.3178124946,-0.317812495,7.0,0.0449352416,0.1973160914999999,-0.6729479070000001,0.4741901442,3.9675150957,0.1614410552,0.7091224458,0.1958622039999999,-0.093217075,0.0942781242,0.0295517824,0.0657325737,0.0,1.673234051,0.2597400519,0.0,0.0,0.0,-0.194066614,0.0471903486,0.7625436617,-0.777558785,0.0627273776999999,0.152057449,0.2247191010999999,0.1528855368,0.1539122888,0.2520911264,1175.8458627,0.4369085854999999,0.0099880758999999,-0.377108001,-0.146069446,-0.067867487,-0.018080867,-0.190227555,,,0.1462187846,,-2.421060872,5.0,1.5867084535,1.0,0.051082049,0.065545184,0.3298016855,0.3208856319,4.612494996100001,73.359424322,,1.0,1.0,0.1375719714,0.0,0.7793409968,0.6057845783,0.3657177872,1.8669702599,0.3158955644,0.0098936705,0.0113097652,0.1205123048,0.0,0.0509144534,0.0287445656,0.0929213771,0.0298672069,0.0687107983,0.0793894961,7.0,0.0454317387,1.149141e-10,0.1525637656,0.0473019622,0.6117852220000001,50.330645442,1.5353711e-09,78.0,1.587857143
2010-06-30,5808921.3797,0.7798850055,0.6082206218,0.4084709368,18.065916091,0.0633646126999999,0.4622395866,0.1238624826,0.6868497202,1.5088788778,0.7135937736,0.1072406165,11.318213072,0.3178124946,-0.317812495,7.0,0.0449352416,0.1973160914999999,-0.66822822,0.4741901442,3.9675150957,0.1614410552,0.7091224458,0.1958622039999999,-0.093217075,0.0942781242,0.0295517824,0.0657325737,0.0,1.673234051,0.2597400519,0.0,0.0,0.0,-0.194066614,0.0471903486,0.7625436617,-0.777558785,0.0627273776999999,0.152057449,0.2247191010999999,0.1528855368,0.1539122888,0.2520911264,1175.8458627,0.4369085854999999,0.0099880758999999,-0.377108001,-0.146069446,-0.067867487,-0.018080867,-0.190227555,,,0.1462187846,,-2.421060872,5.0,1.5867084535,1.0,0.051082049,0.065545184,0.3298016855,0.3208856319,4.612494996100001,73.359424322,,1.0,1.0,0.1375719714,0.0,0.7793409968,0.6057845783,0.3657177872,1.8669702599,0.3158955644,0.0098936705,0.0113097652,0.1205123048,0.0,0.0509144534,0.0287445656,0.0929213771,0.0298672069,0.0687107983,0.0793894961,7.0,0.0635958621,1.037681e-10,0.0802444591999999,0.0449943206,0.3864219695,34.225733426,1.4541954e-09,78.0,1.552142857
2010-07-30,5688696.7799,0.8166335736,0.6668903935,0.6396196255,18.285797539,0.0633592245,0.2598091378,-0.022492127,1.0176075538,1.6886792448,0.7742267184999999,0.0034670919,14.068868492,0.3224261759,-0.322426176,8.0,-0.099989319,0.0676434613,-0.539606728,0.4096558076,7.80924301,0.1104150610999999,-0.003428415,0.3341575866,-0.092113758,0.2550029416,0.0287251094,-0.022961456,0.0,1.8156770583,0.2889717667,0.0,0.0,0.0,-0.4263571029999999,0.0393544912,1.0179562616,0.0378705712,0.0849238641,0.159566472,0.2477064219999999,0.098388856,0.1632436932,0.7747672559000001,1929.5224323,1.0994511482,0.0111753963,-0.378503849,0.0851303541,0.1125421922,0.0568198025,0.040376216,-0.779022267,,0.0283959994,-0.390064164,-1.805653375,7.0,1.6507737367,1.0,0.0389068025,0.0685769777,0.285158321,0.4898328753,5.2156462925,44.744541777,,0.154591414,1.0,0.2181421438,0.0,0.567344957,0.6047885172999999,0.6235475258,2.5286699928,0.471128412,0.0081867995,0.0238388912999999,0.2739167809,1.0,0.0628145758,0.0141020522,0.1331297749,0.0288541858,0.0655406598,0.0565772409,8.0,0.0432415979,6.03646e-11,0.0507083833,0.028974365,0.3326148423,20.418596519,1.3825934e-09,78.0,1.465
2010-08-31,5369313.0598,0.8050043301,0.6480319715,0.2306849614,18.218324077,0.0634409792999999,0.1065733271,-0.056143567,0.7453815387999999,1.4726901108,0.9211136761,0.0450714887,12.046720286,0.3224261759,-0.322426176,8.0,-0.099989319,0.0676434613,-0.539606728,0.4096558076,7.80924301,0.1104150610999999,-0.003428415,0.3341575866,-0.092113758,0.2550029416,0.0287251094,-0.022961456,0.0,1.8156770583,0.2889717667,0.0,0.0,0.0,-0.4263571029999999,0.0393544912,1.0179562616,0.0378705712,0.0849238641,0.159566472,0.2477064219999999,0.098388856,0.1632436932,0.7747672559000001,1929.5224323,1.0994511482,0.0111753963,-0.378503849,0.0851303541,0.1125421922,0.0568198025,0.040376216,-0.779022267,,0.0283959994,-0.390064164,-1.805653375,7.0,1.6507737367,1.0,0.0389068025,0.0685769777,0.285158321,0.4898328753,5.2156462925,44.744541777,,0.154591414,1.0,0.2181421438,0.0,0.567344957,0.6047885172999999,0.6235475258,2.5286699928,0.471128412,0.0081867995,0.0238388912999999,0.2491811607,1.0,0.0628145758,0.0141020522,0.1331297749,0.0288541858,0.0655406598,0.0565772409,8.0,0.0502496175,6.302755e-11,0.1045958921,0.0443056789,0.4741553243,50.68012525899999,1.3663999e-09,78.0,1.793142857
2010-09-30,6571975.9842,0.7964827289,0.6343847375,0.3865117217,18.220585249000003,0.0648223939,0.1836342043,0.223988235,0.552611617,1.3504469178999998,0.9687501073,0.021297501,10.391670957,0.3224261759,-0.322426176,8.0,-0.099989319,0.0676434613,-0.539606728,0.4096558076,7.80924301,0.1104150610999999,-0.003428415,0.3341575866,-0.092113758,0.2550029416,0.0287251094,-0.022961456,0.0,1.8156770583,0.2889717667,0.0,0.0,0.0,-0.4263571029999999,0.0393544912,1.0179562616,0.0378705712,0.0849238641,0.159566472,0.2477064219999999,0.098388856,0.1632436932,0.7747672559000001,1929.5224323,1.0994511482,0.0111753963,-0.378503849,0.0851303541,0.1125421922,0.0568198025,0.040376216,-0.779022267,,0.0283959994,-0.390064164,-1.805653375,7.0,1.6507737367,1.0,0.0389068025,0.0685769777,0.285158321,0.4898328753,5.2156462925,44.744541777,,0.154591414,1.0,0.2181421438,0.0,0.567344957,0.6047885172999999,0.6235475258,2.5286699928,0.471128412,0.0081867995,0.0238388912999999,0.2435879039,1.0,0.0628145758,0.0141020522,0.1331297749,0.0288541858,0.0655406598,0.0565772409,8.0,0.0487426513,4.211173e-11,0.0704786107,0.0333165143,0.5153445385000001,47.767353683,8.209698e-10,78.0,2.316571429
2010-10-29,8473995.3114,0.7770666162000001,0.603832526,0.6019369314999999,18.199895148,0.0665073979,0.0850861273,0.291905731,0.6688965002,1.3572496455,1.0952380321,0.0154698124,10.402285714,0.3224261759,-0.322426176,8.0,-0.099989319,0.0676434613,-0.487969445,0.4096558076,7.80924301,0.1104150610999999,-0.003428415,0.3341575866,-0.092113758,0.2550029416,0.0287251094,-0.022961456,0.0,1.8156770583,0.2889717667,0.0,0.0,0.0,-0.4263571029999999,0.0393544912,1.0179562616,0.0378705712,0.0849238641,0.159566472,0.2477064219999999,0.098388856,0.1632436932,0.7747672559000001,1929.5224323,1.0994511482,0.0111753963,-0.378503849,0.0851303541,0.1125421922,0.0568198025,0.040376216,-0.779022267,,0.0283959994,-0.390064164,-1.805653375,7.0,1.6507737367,1.0,0.0389068025,0.0685769777,0.285158321,0.4898328753,5.2156462925,44.744541777,,0.154591414,1.0,0.2181421438,0.0,0.567344957,0.6047885172999999,0.6235475258,3.4042771903,0.4108173311,0.0111949201,-0.014804632,0.1782989844,2.0,0.0474773955999999,0.01307958,0.1620544031,0.0258360587,0.0621327008,0.0555905083,8.0,0.0359505289,2.574448e-11,0.0748486072,0.0296855206,0.4684884139,50.984130288,8.678438e-10,78.0,2.478571429
2010-11-30,9070247.8727,0.7867891952,0.6190372377000001,-0.095322304,18.219197309,0.0671491043,0.1557726368,0.0703626275,0.639636002,1.7653847659,0.8588235325,-0.0009426819999999,11.15002247,0.3224261759,-0.322426176,8.0,-0.099989319,0.0676434613,-0.487969445,0.4096558076,7.80924301,0.1104150610999999,-0.003428415,0.3341575866,-0.092113758,0.2550029416,0.0287251094,-0.022961456,0.0,1.8156770583,0.2889717667,0.0,0.0,0.0,-0.4263571029999999,0.0393544912,1.0179562616,0.0378705712,0.0849238641,0.159566472,0.2477064219999999,0.098388856,0.1632436932,0.7747672559000001,1929.5224323,1.0994511482,0.0111753963,-0.378503849,0.0851303541,0.1125421922,0.0568198025,0.040376216,-0.779022267,,0.0283959994,-0.390064164,-1.805653375,7.0,1.6507737367,1.0,0.0389068025,0.0685769777,0.285158321,0.4898328753,5.2156462925,44.744541777,,0.154591414,1.0,0.2181421438,0.0,0.567344957,0.6047885172999999,0.6235475258,3.4042771903,0.4108173311,0.0111949201,-0.014804632,0.1782989844,2.0,0.0474773955999999,0.01307958,0.1620544031,0.0258360587,0.0621327008,0.0555905083,8.0,0.0402476693,2.348439e-11,0.1275873928999999,0.0375044131,0.5147617404,64.591993195,8.447335e-10,78.0,2.941428571
2010-12-31,10759715.981,0.7703348204000001,0.5934157354999999,-0.043335543,18.273640697,0.0660688341,0.1807886812,0.1862648278,0.5615834913000001,1.9494382038,1.2781689522,0.0307280386,12.426080644,0.3224261759,-0.322426176,8.0,-0.099989319,0.0676434613,-0.4920860179999999,0.4096558076,7.80924301,0.1104150610999999,-0.003428415,0.3341575866,-0.092113758,0.2550029416,0.0287251094,-0.022961456,0.0,1.8156770583,0.2889717667,0.0,0.0,0.0,-0.4263571029999999,0.0393544912,1.0179562616,0.0378705712,0.0849238641,0.159566472,0.2477064219999999,0.098388856,0.1632436932,0.7747672559000001,1929.5224323,1.0994511482,0.0111753963,-0.378503849,0.0851303541,0.1125421922,0.0568198025,0.040376216,-0.779022267,,0.0283959994,-0.390064164,-1.805653375,7.0,1.6507737367,1.0,0.0389068025,0.0685769777,0.285158321,0.4898328753,5.2156462925,44.744541777,,0.154591414,1.0,0.2181421438,0.0,0.567344957,0.6047885172999999,0.6235475258,3.4042771903,0.4108173311,0.0111949201,-0.014804632,0.1782989844,2.0,0.0474773955999999,0.01307958,0.1620544031,0.0258360587,0.0621327008,0.0555905083,8.0,0.0345820914,2.085744e-11,0.0883033648,0.0277937106,0.4421270996999999,46.865908031,9.797785e-10,78.0,2.51
2011-01-31,9273797.2389,0.7533397387,0.5675207618,-0.355108112,18.27130598,0.0662132104,0.2061877262,-0.146673128,0.8950758593000001,1.9426227772,1.0694965426,-0.027994176,12.702037514,0.3224261759,-0.322426176,8.0,-0.099989319,0.0676434613,-0.471093473,0.4096558076,7.80924301,0.1104150610999999,-0.003428415,0.3341575866,-0.092113758,0.2550029416,0.0287251094,-0.022961456,0.0,1.8156770583,0.2889717667,0.0,0.0,0.0,-0.4263571029999999,0.0393544912,1.0179562616,0.0378705712,0.0849238641,0.159566472,0.2477064219999999,0.098388856,0.1632436932,0.7747672559000001,1929.5224323,1.0994511482,0.0111753963,-0.378503849,0.0851303541,0.1125421922,0.0568198025,0.040376216,-0.779022267,,0.0283959994,-0.390064164,-1.805653375,7.0,1.6507737367,1.0,0.0389068025,0.0685769777,0.285158321,0.4898328753,5.2156462925,44.744541777,,0.154591414,1.0,0.2181421438,0.0,0.567344957,0.6047885172999999,0.6235475258,1.0940827872,0.4021559947999999,0.0157434293999999,-0.012965973,-0.12809074,3.0,0.0671285977,0.0150753891,0.2965822742,0.019566872,0.0636257401,0.056195456,8.0,0.0325464925,1.926849e-11,0.0459983274,0.0257744494,0.5151922627000001,60.943203447,7.093271e-10,78.0,3.058285714
2011-02-28,11322905.377,0.7272980376,0.5289624354,0.440177439,18.188478889,0.0658415485,0.1544331859,0.2184405625,0.7133105190000001,1.8224899194,1.324210468,0.0108293855,12.987819736,0.3224261759,-0.322426176,8.0,-0.099989319,0.0676434613,-0.471093473,0.4096558076,7.80924301,0.1104150610999999,-0.003428415,0.3341575866,-0.092113758,0.2550029416,0.0287251094,-0.022961456,0.0,1.8156770583,0.2889717667,0.0,0.0,0.0,-0.4263571029999999,0.0393544912,1.0179562616,0.0378705712,0.0849238641,0.159566472,0.2477064219999999,0.098388856,0.1632436932,0.7747672559000001,1929.5224323,1.0994511482,0.0111753963,-0.378503849,0.0851303541,0.1125421922,0.0568198025,0.040376216,-0.779022267,,0.0283959994,-0.390064164,-1.805653375,7.0,1.6507737367,1.0,0.0389068025,0.0685769777,0.285158321,0.4898328753,5.2156462925,44.744541777,,0.154591414,1.0,0.2181421438,0.0,0.567344957,0.6047885172999999,0.6235475258,1.0940827872,0.4021559947999999,0.0157434293999999,-0.012965973,-0.12809074,3.0,0.0671285977,0.0150753891,0.2965822742,0.019566872,0.0636257401,0.056195456,8.0,0.0311684226,1.819943e-11,0.1521061957,0.0384073568,0.5043974893,69.024093058,1.024853e-09,78.0,2.952428571
2011-03-31,10930982.873,0.720059525,0.5184857195,-0.253867784,18.395081149,0.0665245456,0.079869201,-0.034613244,0.7055450149,2.0176469095,1.0915136986,0.0581933184,13.569816643,0.3224261759,-0.322426176,8.0,-0.099989319,0.0676434613,-0.471093473,0.4096558076,7.80924301,0.1104150610999999,-0.003428415,0.3341575866,-0.092113758,0.2550029416,0.0287251094,-0.022961456,0.0,1.8156770583,0.2889717667,0.0,0.0,0.0,-0.4263571029999999,0.0393544912,1.0179562616,0.0378705712,0.0849238641,0.159566472,0.2477064219999999,0.098388856,0.1632436932,0.7747672559000001,1929.5224323,1.0994511482,0.0111753963,-0.378503849,0.0851303541,0.1125421922,0.0568198025,0.040376216,-0.779022267,,0.0283959994,-0.390064164,-1.805653375,7.0,1.6507737367,1.0,0.0389068025,0.0685769777,0.285158321,0.4898328753,5.2156462925,44.744541777,,0.154591414,1.0,0.2181421438,0.0,0.567344957,0.6047885172999999,0.6235475258,1.0940827872,0.4021559947999999,0.0157434293999999,-0.012965973,-0.12809074,3.0,0.0671285977,0.0150753891,0.2965822742,0.019566872,0.0636257401,0.056195456,8.0,0.0323073646,1.412831e-11,0.0713203549,0.0303006866,0.4208348937,45.335990751,1.0994881e-09,78.0,3.390428571
2011-04-29,12487967.756,0.7360870254,0.5418241089,-0.7327484059999999,18.318085491,0.0662718851,-0.056769385,0.1505298316,0.274481976,1.8026851975,1.1281383488,0.0076087333,14.437688946,0.3224261759,-0.322426176,8.0,-0.099989319,0.0676434613,-0.471093473,0.4096558076,7.80924301,0.1104150610999999,-0.003428415,0.3341575866,-0.092113758,0.2550029416,0.0287251094,-0.022961456,0.0,1.8156770583,0.2889717667,0.0,0.0,0.0,-0.4263571029999999,0.0393544912,1.0179562616,0.0378705712,0.0849238641,0.159566472,0.2477064219999999,0.098388856,0.1632436932,0.7747672559000001,1929.5224323,1.0994511482,0.0111753963,-0.378503849,0.0851303541,0.1125421922,0.0568198025,0.040376216,-0.779022267,,0.0283959994,-0.390064164,-1.805653375,7.0,1.6507737367,1.0,0.0389068025,0.0685769777,0.285158321,0.4898328753,5.2156462925,44.744541777,,0.154591414,1.0,0.2181421438,0.0,0.567344957,0.6047885172999999,0.6235475258,0.5879804921,0.333400841,0.0144514366999999,0.0015554393,0.1291813515,0.0,0.0547097000999999,0.0151583154,0.2149399909,0.0153527348,0.0610814842,0.0541739505999999,8.0,0.0374809289999999,1.247718e-11,0.0790755674,0.0280631188,0.3127908202,42.107116502,6.763905e-10,78.0,3.323857143
2011-05-31,12213080.874000002,0.737953566,0.5445754656,-0.4145085189999999,18.433634711,0.0658871021999999,-0.128778011,-0.021490457,0.3699371554999999,1.4042466936000002,2.0332462689,0.0285513975,14.126666667,0.3224261759,-0.322426176,8.0,-0.099989319,0.0676434613,-0.471093473,0.4096558076,7.80924301,0.1104150610999999,-0.003428415,0.3341575866,-0.092113758,0.2550029416,0.0287251094,-0.022961456,0.0,1.8156770583,0.2889717667,0.0,0.0,0.0,-0.4263571029999999,0.0393544912,1.0179562616,0.0378705712,0.0849238641,0.159566472,0.2477064219999999,0.098388856,0.1632436932,0.7747672559000001,1929.5224323,1.0994511482,0.0111753963,-0.378503849,0.0851303541,0.1125421922,0.0568198025,0.040376216,-0.779022267,,0.0283959994,-0.390064164,-1.805653375,7.0,1.6507737367,1.0,0.0389068025,0.0685769777,0.285158321,0.4898328753,5.2156462925,44.744541777,,0.154591414,1.0,0.2181421438,0.0,0.567344957,0.6047885172999999,0.6235475258,0.5879804921,0.333400841,0.0144514366999999,0.0015554393,0.1291813515,0.0,0.0547097000999999,0.0151583154,0.2149399909,0.0153527348,0.0610814842,0.0541739505999999,8.0,0.0313744069,1.324999e-11,0.0352290794,0.0281693063,0.4055974003,58.701581683,9.770902e-10,78.0,3.868571429
2011-06-30,14214562.159000002,0.741748015,0.5501901178,-0.537250032,18.292708339,0.0652808143,-0.015083335,0.1638801247,0.1300146048,1.0932973303,1.6676510163999998,0.0119375671,13.296135748,0.3224261759,-0.322426176,8.0,-0.099989319,0.0676434613,-0.471093473,0.4096558076,7.80924301,0.1104150610999999,-0.003428415,0.3341575866,-0.092113758,0.2550029416,0.0287251094,-0.022961456,0.0,1.8156770583,0.2889717667,0.0,0.0,0.0,-0.4263571029999999,0.0393544912,1.0179562616,0.0378705712,0.0849238641,0.159566472,0.2477064219999999,0.098388856,0.1632436932,0.7747672559000001,1929.5224323,1.0994511482,0.0111753963,-0.378503849,0.0851303541,0.1125421922,0.0568198025,0.040376216,-0.779022267,,0.0283959994,-0.390064164,-1.805653375,7.0,1.6507737367,1.0,0.0389068025,0.0685769777,0.285158321,0.4898328753,5.2156462925,44.744541777,,0.154591414,1.0,0.2181421438,0.0,0.567344957,0.6047885172999999,0.6235475258,0.5879804921,0.333400841,0.0144514366999999,0.0015554393,0.1291813515,0.0,0.0547097000999999,0.0151583154,0.2149399909,0.0153527348,0.0610814842,0.0541739505999999,8.0,0.0276683383,1.15658e-11,0.0479402058,0.0186160785,0.2354077731,21.183967415,1.0666312e-09,78.0,3.752714286
2011-07-29,13800681.968,0.7235754178,0.5235613853,-0.122013824,18.340251783,0.0654553267,0.1008049959,-0.029948249,0.5412634739,1.4924066868,1.7507351756,0.0576175558,12.663248468,0.1390635822,-0.139063582,9.0,-0.444781341,0.0312885856999999,-0.6148322079999999,0.3393654893,24.332676155,0.0298045114,-0.095615503,0.0150010899,-0.012312874,0.0863251058,0.1512357056,0.0488320191,0.0,1.6495152852,0.2963288481,0.0,0.0,0.0,0.4570635172,0.0173448905,1.2407338753,-0.227289335,0.0709194422,0.1587093835,0.0610294117999999,0.2101984011,0.07460838,0.4396919626,7934.5433579,1.0201713514,0.0103303747,-0.398341205,-0.091515048,0.0254595163,0.0459432274,-0.282942253,-3.554161353,,-0.012701622,-0.7329773,-0.718345322,5.0,1.183700097,0.0,0.0176118793,0.0755234958,0.2911985337,0.4238997593999999,6.1721039879,11.94780836,,0.1457481751,1.0,0.2947764701,0.0,0.2331973523999999,0.5276444805,0.7638617152,1.0624676647,0.3567852295,0.0103584638,0.0103455459,0.147350939,1.0,0.0611398668,0.0155847318999999,0.2453184007999999,0.0163234103,0.0539849024,0.0487555609,8.0,0.0321411683999999,1.319084e-11,0.0326506904999999,0.0181202538,0.3066330061,24.489965902,1.1305875e-09,78.0,3.799857143
2011-08-31,13974050.127,0.7358096979000001,0.5414159115999999,-0.8450876509999999,18.334727116,0.0657235055,-0.001456734,0.0125622889,0.2270646405999999,1.5615796905,2.0130361151,0.0380214007,14.560061115,0.1390635822,-0.139063582,9.0,-0.444781341,0.0312885856999999,-0.6148322079999999,0.3393654893,24.332676155,0.0298045114,-0.095615503,0.0150010899,-0.012312874,0.0863251058,0.1512357056,0.0488320191,0.0,1.6495152852,0.2963288481,0.0,0.0,0.0,0.4570635172,0.0173448905,1.2407338753,-0.227289335,0.0709194422,0.1587093835,0.0610294117999999,0.2101984011,0.07460838,0.4396919626,7934.5433579,1.0201713514,0.0103303747,-0.398341205,-0.091515048,0.0254595163,0.0459432274,-0.282942253,-3.554161353,,-0.012701622,-0.7329773,-0.718345322,5.0,1.183700097,0.0,0.0176118793,0.0755234958,0.2911985337,0.4238997593999999,6.1721039879,11.94780836,,0.1457481751,1.0,0.2947764701,0.0,0.2331973523999999,0.5276444805,0.7638617152,1.0624676647,0.3567852295,0.0103584638,0.0103455459,0.147350939,1.0,0.0611398668,0.0155847318999999,0.2453184007999999,0.0163234103,0.0539849024,0.0487555609,8.0,0.0324274164,1.285786e-11,0.0807493404,0.02833531,0.4168629183,52.41175397399999,1.0698497e-09,78.0,3.357285714
2011-09-30,12346485.071,0.739595916,0.547002119,-0.5093837729999999,18.224397082,0.065908331,0.0153764371999999,-0.116470531,0.2870275811,1.1191045146,1.9936101138,0.0443534287,14.901392979,0.1390635822,-0.139063582,9.0,-0.444781341,0.0312885856999999,-0.6148322079999999,0.3393654893,24.332676155,0.0298045114,-0.095615503,0.0150010899,-0.012312874,0.0863251058,0.1517493455,0.0488320191,0.0,1.6495152852,0.2963288481,0.0,0.0,0.0,0.4570635172,0.0173448905,1.2407338753,-0.227289335,0.0709194422,0.1587093835,0.0610294117999999,0.2101984011,0.07460838,0.4396919626,7934.5433579,1.0201713514,0.0103303747,-0.398341205,-0.091515048,0.0254595163,0.0459432274,-0.282942253,-3.554161353,,-0.012701622,-0.7329773,-0.718345322,5.0,1.183700097,0.0,0.0176118793,0.0755234958,0.2911985337,0.4238997593999999,6.1721039879,11.94780836,,0.1457481751,1.0,0.2947764701,0.0,0.2331973523999999,0.5276444805,0.7638617152,1.0624676647,0.3567852295,0.0103584638,0.0103455459,0.147350939,1.0,0.0611398668,0.0155847318999999,0.2453184007999999,0.0163234103,0.0539849024,0.0487555609,8.0,0.0493316734,2.938047e-11,0.0698308349,0.036874288,0.2101835181,17.398538968,1.0403349e-09,78.0,1.616571429
2011-10-31,5947127.9037,0.7876792873999999,0.6204386598,-0.989964838,18.685637698,0.0647180703,-0.111708674,-0.445652187,-0.011649447,0.4492476056,3.1090915489,-0.210628027,13.986899563,0.1390635822,-0.139063582,9.0,-0.444781341,0.0312885856999999,-0.60938936,0.3393654893,24.332676155,0.0298045114,-0.095615503,0.0150010899,-0.012312874,0.0863251058,0.1602751505,0.0488320191,0.0,1.6495152852,0.2963288481,0.0,0.0,0.0,0.4570635172,0.0173448905,1.2407338753,-0.227289335,0.0709194422,0.1587093835,0.0610294117999999,0.2101984011,0.07460838,0.4396919626,7934.5433579,1.0201713514,0.0103303747,-0.398341205,-0.091515048,0.0254595163,0.0459432274,-0.282942253,-3.554161353,,-0.012701622,-0.7329773,-0.718345322,5.0,1.183700097,0.0,0.0176118793,0.0755234958,0.2911985337,0.4238997593999999,6.1721039879,11.94780836,,0.1457481751,1.0,0.2947764701,0.0,0.2331973523999999,0.5276444805,0.7638617152,1.3380471395,0.3143687144,0.0245583401,0.0081252642,-0.092616518,2.0,0.0613328826,0.0145900881,0.2075826085,0.0180083744,0.0535930769,0.046591652,8.0,0.0663364147,2.028816e-11,0.0298083145,0.0546992642999999,0.5841414536999999,51.238646418,4.417605e-10,78.0,1.172571429
2011-11-30,4309528.4161,0.726643368,0.5280105843,-0.987722253,18.340304719,0.068396904,-0.239282642,-0.248148128,-0.513173174,-0.347410305,6.0100971087,-0.879210215,13.857686173,0.1390635822,-0.139063582,9.0,-0.444781341,0.0312885856999999,-0.60938936,0.3393654893,24.332676155,0.0298045114,-0.095615503,0.0150010899,-0.012312874,0.0863251058,0.1602751505,0.0488320191,0.0,1.6495152852,0.2963288481,0.0,0.0,0.0,0.4570635172,0.0173448905,1.2407338753,-0.227289335,0.0709194422,0.1587093835,0.0610294117999999,0.2101984011,0.07460838,0.4396919626,7934.5433579,1.0201713514,0.0103303747,-0.398341205,-0.091515048,0.0254595163,0.0459432274,-0.282942253,-3.554161353,,-0.012701622,-0.7329773,-0.718345322,5.0,1.183700097,0.0,0.0176118793,0.0755234958,0.2911985337,0.4238997593999999,6.1721039879,11.94780836,,0.1457481751,1.0,0.2947764701,0.0,0.2331973523999999,0.5276444805,0.7638617152,1.3380471395,0.3143687144,0.0245583401,0.0081252642,-0.092616518,2.0,0.0613328826,0.0145900881,0.2075826085,0.0180083744,0.0535930769,0.046591652,8.0,0.0639333267,3.504116e-11,0.0498743950999999,0.0835612643,0.5471048724,55.78376281600001,4.375237e-10,78.0,0.921857143
2011-12-30,3574123.0424,0.4508772342,0.2032902803,-1.076907587,18.466804091,0.0719790911,-0.186725152,-0.213815823,-0.670184691,-0.601359858,7.9599651021,-0.106507806,13.156254722,0.1390635822,-0.139063582,9.0,-0.444781341,0.0312885856999999,-0.611625633,0.3393654893,24.332676155,0.0298045114,-0.095615503,0.0150010899,-0.012312874,0.0863251058,0.1602751505,0.0488320191,0.0,1.6495152852,0.2963288481,0.0,0.0,0.0,0.4570635172,0.0173448905,1.2407338753,-0.227289335,0.0709194422,0.1587093835,0.0610294117999999,0.2101984011,0.07460838,0.4396919626,7934.5433579,1.0201713514,0.0103303747,-0.398341205,-0.091515048,0.0254595163,0.0459432274,-0.282942253,-3.554161353,,-0.012701622,-0.7329773,-0.718345322,5.0,1.183700097,0.0,0.0176118793,0.0755234958,0.2911985337,0.4238997593999999,6.1721039879,11.94780836,,0.1457481751,1.0,0.2947764701,0.0,0.2331973523999999,0.5276444805,0.7638617152,1.3380471395,0.3143687144,0.0245583401,0.0081252642,-0.092616518,2.0,0.0613328826,0.0145900881,0.2075826085,0.0180083744,0.0535930769,0.046591652,8.0,0.0581043330999999,7.284172e-11,0.1067274436,0.0476835603,0.4360773099,63.811757701000005,7.133298e-10,78.0,0.989857143
2012-01-31,3838596.7607,0.5389737265,0.2904926778,-1.231334343,18.266095022,0.0739140017,-0.151914298,0.0737641751999999,-0.725516075,-0.632726236,4.8782202005,-0.520541667,11.790362511,0.1390635822,-0.139063582,9.0,-0.444781341,0.0312885856999999,-0.640166583,0.3393654893,24.332676155,0.0298045114,-0.095615503,0.0150010899,-0.012312874,0.0863251058,0.1602751505,0.0488320191,0.0,1.6495152852,0.2963288481,0.0,0.0,0.0,0.4570635172,0.0173448905,1.2407338753,-0.227289335,0.0709194422,0.1587093835,0.0610294117999999,0.2101984011,0.07460838,0.4396919626,7934.5433579,1.0201713514,0.0103303747,-0.398341205,-0.091515048,0.0254595163,0.0459432274,-0.282942253,-3.554161353,,-0.012701622,-0.7329773,-0.718345322,5.0,1.183700097,0.0,0.0176118793,0.0755234958,0.2911985337,0.4238997593999999,6.1721039879,11.94780836,,0.1457481751,1.0,0.2947764701,0.0,0.2331973523999999,0.5276444805,0.7638617152,1.0832042637,0.2396439024,0.018385468,-0.003194783,-0.03124155,3.0,0.0625708593,0.0151674162999999,0.247401368,0.0194766464,0.0519684161,0.0469860227,8.0,0.0488027221999999,7.016775e-11,0.0632911399,0.0353636252,0.4506074899,53.00567118399999,9.244572e-10,78.0,1.717142857
2012-02-29,6661363.6309,0.5304592247,0.2813869891,-0.7905826840000001,18.104630602,0.0727671496,-0.16366168,0.6689655185,-0.7361769359999999,-0.676335948,4.9236305546,-0.5697691999999999,11.659993821,0.1390635822,-0.139063582,9.0,-0.444781341,0.0312885856999999,-0.640166583,0.3393654893,24.332676155,0.0298045114,-0.095615503,0.0150010899,-0.012312874,0.0863251058,0.1602751505,0.0488320191,0.0,1.6495152852,0.2963288481,0.0,0.0,0.0,0.4570635172,0.0173448905,1.2407338753,-0.227289335,0.0709194422,0.1587093835,0.0610294117999999,0.2101984011,0.07460838,0.4396919626,7934.5433579,1.0201713514,0.0103303747,-0.398341205,-0.091515048,0.0254595163,0.0459432274,-0.282942253,-3.554161353,,-0.012701622,-0.7329773,-0.718345322,5.0,1.183700097,0.0,0.0176118793,0.0755234958,0.2911985337,0.4238997593999999,6.1721039879,11.94780836,,0.1457481751,1.0,0.2947764701,0.0,0.2331973523999999,0.5276444805,0.7638617152,1.0832042637,0.2396439024,0.018385468,-0.003194783,-0.03124155,3.0,0.0625708593,0.0151674162999999,0.247401368,0.0194766464,0.0519684161,0.0469860227,8.0,0.0642964686,4.055653e-11,0.2206439525,0.0692937742,0.533345465,68.932373431,4.510135e-10,78.0,1.581857143
2012-03-30,6136546.056,0.5985074146,0.3582111253,-0.665955328,18.223880237,0.0767430006,-0.114964105,-0.078785308,-0.4885324,-0.418396487,4.7028143374,-0.058473694,13.421111110999998,0.1390635822,-0.139063582,9.0,-0.444781341,0.0312885856999999,-0.640166583,0.3393654893,24.332676155,0.0298045114,-0.095615503,0.0150010899,-0.012312874,0.0863251058,0.1604300047,0.0488320191,0.0,1.6495152852,0.2963288481,0.0,0.0,0.0,0.4570635172,0.0173448905,1.2407338753,-0.227289335,0.0709194422,0.1587093835,0.0610294117999999,0.2101984011,0.07460838,0.4396919626,7934.5433579,1.0201713514,0.0103303747,-0.398341205,-0.091515048,0.0254595163,0.0459432274,-0.282942253,-3.554161353,,-0.012701622,-0.7329773,-0.718345322,5.0,1.183700097,0.0,0.0176118793,0.0755234958,0.2911985337,0.4238997593999999,6.1721039879,11.94780836,,0.1457481751,1.0,0.2947764701,0.0,0.2331973523999999,0.5276444805,0.7638617152,1.0832042637,0.2396439024,0.018385468,-0.003194783,-0.03124155,3.0,0.0625708593,0.0151674162999999,0.247401368,0.0194766464,0.0519684161,0.0469860227,8.0,0.0418620398,2.223475e-11,0.0403211862,0.0247139435,0.3671867245,50.47085268,8.231751e-10,78.0,1.643428571
2012-04-30,6386560.6908,0.7801175762,0.6085834327,0.5392617225999999,18.219012428,0.0760997511,-0.0354049,0.0389234833,-0.022424236,-0.534317419,4.5400748386,-0.695079118,13.208870193,0.1390635822,-0.139063582,9.0,-0.444781341,0.0312885856999999,-0.640166583,0.3393654893,24.332676155,0.0298045114,-0.095615503,0.0150010899,-0.012312874,0.0863251058,0.162215387,0.0488320191,0.0,1.6495152852,0.2963288481,0.0,0.0,0.0,0.4570635172,0.0173448905,1.2407338753,-0.227289335,0.0709194422,0.1587093835,0.0610294117999999,0.2101984011,0.07460838,0.4396919626,7934.5433579,1.0201713514,0.0103303747,-0.398341205,-0.091515048,0.0254595163,0.0459432274,-0.282942253,-3.554161353,,-0.012701622,-0.7329773,-0.718345322,5.0,1.183700097,0.0,0.0176118793,0.0755234958,0.2911985337,0.4238997593999999,6.1721039879,11.94780836,,0.1457481751,1.0,0.2947764701,0.0,0.2331973523999999,0.5276444805,0.7638617152,0.7819726661,0.1864701426,0.0048306921,0.0028092221999999,-0.2837028119999999,0.0,0.0397658868,0.0142509837,0.1869869534,0.04516802,0.0484145553,0.0447984295,8.0,0.041644135,3.2893820000000004e-11,0.0467458256,0.0246773214,0.2409486283,29.355185345,9.10012e-10,78.0,1.144857143
2012-05-31,4449052.2061,0.7466567961,0.5574963712,0.6235901769,18.228794761,0.0753610847,0.0139357098,-0.303372741,0.4015594298,-0.505565815,4.135069386700001,-0.182714667,14.02990301,0.1390635822,-0.139063582,9.0,-0.444781341,0.0312885856999999,-0.640166583,0.3393654893,24.332676155,0.0298045114,-0.095615503,0.0150010899,-0.012312874,0.0863251058,0.1626674352,0.0488320191,0.0,1.6495152852,0.2963288481,0.0,0.0,0.0,0.4570635172,0.0173448905,1.2407338753,-0.227289335,0.0709194422,0.1587093835,0.0610294117999999,0.2101984011,0.07460838,0.4396919626,7934.5433579,1.0201713514,0.0103303747,-0.398341205,-0.091515048,0.0254595163,0.0459432274,-0.282942253,-3.554161353,,-0.012701622,-0.7329773,-0.718345322,5.0,1.183700097,0.0,0.0176118793,0.0755234958,0.2911985337,0.4238997593999999,6.1721039879,11.94780836,,0.1457481751,1.0,0.2947764701,0.0,0.2331973523999999,0.5276444805,0.7638617152,0.7819726661,0.1864701426,0.0048306921,0.0028092221999999,-0.270192351,0.0,0.0397658868,0.0142509837,0.1869869534,0.04516802,0.0484145553,0.0447984295,8.0,0.0407269313,4.455779e-11,0.0580325759999999,0.0385498433,0.4617219378,69.06818248399999,9.79353e-10,78.0,0.906285714
2012-06-29,3521934.9638,0.8516094581,0.7252386692,0.7448146943,18.157035775,0.0772329295,0.0286063557,-0.208385333,0.241903021,-0.704062022,5.8696093387,-0.271574269,13.577995979,0.1390635822,-0.139063582,9.0,-0.444781341,0.0312885856999999,-0.640166583,0.3393654893,24.332676155,0.0298045114,-0.095615503,0.0150010899,-0.012312874,0.0863251058,0.1606633139,0.0488320191,0.0,1.6495152852,0.2963288481,0.0,0.0,0.0,0.4570635172,0.0173448905,1.2407338753,-0.227289335,0.0709194422,0.1587093835,0.0610294117999999,0.2101984011,0.07460838,0.4396919626,7934.5433579,1.0201713514,0.0103303747,-0.398341205,-0.091515048,0.0254595163,0.0459432274,-0.282942253,-3.554161353,,-0.012701622,-0.7329773,-0.718345322,5.0,1.183700097,0.0,0.0176118793,0.0755234958,0.2911985337,0.4238997593999999,6.1721039879,11.94780836,,0.1457481751,1.0,0.2947764701,0.0,0.2331973523999999,0.5276444805,0.7638617152,0.7819726661,0.1864701426,0.0048306921,0.0028092221999999,-0.270192351,0.0,0.0397658868,0.0142509837,0.1869869534,0.04516802,0.0484145553,0.0447984295,8.0,0.0541434332,7.486145e-11,0.0684893578,0.0361120826,0.3122058548,31.811212263,9.617897e-10,78.0,0.978142857
2012-07-31,3803246.0239,0.9614925853,0.9244679916,0.7246111895999999,18.103514907,0.0774718063,0.0898693724,0.0795239955,-0.084427783,-0.758498612,5.3543783501,-0.332066987,12.880967719,0.0452135544,-0.045213554,10.0,-1.999626087,0.1674596318,-0.581749073,0.1730904352,1.5056206419999998,0.0827677467,-0.087478826,-0.8676190979999999,0.0495812967,-0.325415737,0.160119766,-0.072540123,1.0,1.4945100424000002,0.3208363586,0.0,0.0,0.0,1.2153333977,0.0589085067,1.2304893658,0.0816424279,0.1188054194,0.1710463673999999,-0.323862324,0.6625998991,0.6321023497,2.5068297146000003,2921.3518371,0.6359421913000001,0.0053128373,0.0144330196,-0.0939701769999999,0.0827037618,-0.048947615,-0.371664415,-3.599297094,,0.004494336,-0.708370115,-0.405021979,4.0,0.7437608924,0.0,0.0674811707,0.0808321972,0.2782464923,0.1679983798,4.0167119782,3.4843379808,,0.0736452061,1.0,0.4817996647999999,0.0,0.8348303409000001,0.4476223343,0.9940068356,0.5874455214000001,0.2599413658,-0.005954787,-0.0153811019999999,0.2324893464999999,0.0,0.0179546055,0.0150855118,0.0906883446,0.0728529255,0.0442557366,0.0406010702,7.0,0.0384404464999999,8.038888e-11,0.0499521382,0.0239333869,0.264060875,16.84366361,1.5837326e-09,78.0,0.812142857
2012-08-31,3157107.8153,1.0177116861,1.035737076,0.0210650381999999,17.72782407,0.0775393906,0.0893068041,-0.169891253,-0.430241234,-0.7425278959999999,4.5060727232,-0.346842846,11.889033937,0.0452135544,-0.045213554,10.0,-1.999626087,0.1674596318,-0.581749073,0.1730904352,1.5056206419999998,0.0827677467,-0.087478826,-0.8691371590000001,0.0495812967,-0.325415737,0.1561617096,-0.072540123,1.0,1.4945100424000002,0.3208363586,0.0,0.0,0.0,1.2153333977,0.0589085067,1.2304893658,0.0816424279,0.1188054194,0.1710463673999999,-0.323862324,0.6764948868,0.6321023497,2.5068297146000003,2921.3518371,0.6359421913000001,0.0053128373,0.0144330196,-0.0939701769999999,0.0827037618,-0.048947615,-0.371664415,-3.599297094,,0.004494336,-0.708370115,-0.405021979,4.0,0.7437608924,0.0,0.0674811707,0.0808321972,0.2782464923,0.1679983798,4.0167119782,3.4843379808,,0.0736452061,1.0,0.4817996647999999,0.0,0.8348303409000001,0.4476223343,0.9940068356,0.5874455214000001,0.2599413658,-0.005954787,-0.0153811019999999,0.2324893464999999,0.0,0.0179546055,0.0150855118,0.0906883446,0.0728529255,0.0442557366,0.0406010702,7.0,0.0516473997,7.223532e-11,0.1343697906,0.0684600529999999,0.6352713663,69.887855715,8.032171e-10,78.0,0.853142857
2012-09-28,3316490.5478,1.0272056033,1.0551513514,0.0681584353,18.177114458,0.0823428684,0.0472601384,0.0504837780999999,-0.4865890229999999,-0.7580953970000001,3.4425425944,-0.5460065129999999,10.691733052,0.0452135544,-0.045213554,10.0,-2.005937786,0.1674596318,-0.581749073,0.1730904352,1.5056206419999998,0.0827677467,-0.087478826,-0.8676190979999999,0.0495812967,-0.325415737,0.1561617096,-0.072540123,1.0,1.4945100424000002,0.3208363586,0.0,0.0,0.0,1.2153333977,0.0589085067,1.2304893658,0.0816424279,0.1188054194,0.1710463673999999,-0.323862324,0.6947997113,0.6321023497,2.5068297146000003,2921.3518371,0.6359421913000001,0.0053128373,0.0144330196,-0.0939701769999999,0.0827037618,-0.048947615,-0.371664415,-3.599297094,,0.004494336,-0.708370115,-0.405021979,4.0,0.7437608924,0.0,0.0674811707,0.0808321972,0.2782464923,0.1679983798,4.0167119782,3.4843379808,,0.0736452061,1.0,0.4817996647999999,0.0,0.8348303409000001,0.4476223343,0.9940068356,0.5874455214000001,0.2599413658,-0.005954787,-0.0153811019999999,0.2324893464999999,0.0,0.0179546055,0.0150855118,0.0906883446,0.0728529255,0.0442557366,0.0406010702,7.0,0.0393591908,7.647735999999999e-11,0.0534223914,0.0231807877999999,0.3054015415,21.995600325,1.2066109e-09,78.0,0.777714286
2012-10-31,3023924.1637,1.0170244791,1.0343387912,-0.542399724,17.772184299,0.0821896134,0.2223870221,-0.088412635,-0.480876204,-0.472764158,1.4533246995,-0.3549476629999999,11.435865244,0.0452135544,-0.045213554,10.0,-2.045429073,0.1674596318,-0.583784283,0.1730904352,1.5056206419999998,0.0827677467,-0.087478826,-0.870916094,0.0495812967,-0.325415737,0.160119766,-0.072540123,1.0,1.4945100424000002,0.3208363586,0.0,0.0,0.0,1.2153333977,0.0589085067,1.2304893658,0.0816424279,0.1188054194,0.1710463673999999,-0.323862324,0.7005015357,0.6321023497,2.5068297146000003,2921.3518371,0.6359421913000001,0.0053128373,0.0144330196,-0.0939701769999999,0.0827037618,-0.048947615,-0.371664415,-3.599297094,,0.004494336,-0.708370115,-0.405021979,4.0,0.7437608924,0.0,0.0674811707,0.0808321972,0.2782464923,0.1679983798,4.0167119782,3.4843379808,,0.0736452061,1.0,0.4817996647999999,0.0,0.8348303409000001,0.4476223343,0.9940068356,1.2250475545,0.2311551436,-0.037101858,-0.01023374,-0.188434042,0.0,-0.001493551,0.0183189782,-0.00713119,0.0236806645,0.0426688900999999,0.0433372875,6.0,0.041448062,8.690313e-11,0.0434482842999999,0.0302695832,0.3507654345,38.270681001,1.3845721e-09,78.0,1.129857143
2012-11-30,4401431.8663,1.061185284,1.126114207,0.0123976991999999,17.73310211,0.0827351248,0.1707261232,0.317073226,-0.320688808,-0.336744665,0.5356408149,-0.4355514129999999,11.963746538,0.0452135544,-0.045213554,10.0,-2.008158647,0.1674596318,-0.583784283,0.1730904352,1.5056206419999998,0.0827677467,-0.087478826,-0.8722206490000001,0.0495812967,-0.325415737,0.160119766,-0.072540123,1.0,1.4945100424000002,0.3208363586,0.0,0.0,0.0,1.2153333977,0.0589085067,1.2304893658,0.0816424279,0.1188054194,0.1710463673999999,-0.323862324,0.7005940940000001,0.6321023497,2.5068297146000003,2921.3518371,0.6359421913000001,0.0053128373,0.0144330196,-0.0939701769999999,0.0827037618,-0.048947615,-0.371664415,-3.599297094,,0.004494336,-0.708370115,-0.405021979,4.0,0.7437608924,0.0,0.0674811707,0.0808321972,0.2782464923,0.1679983798,4.0167119782,3.4843379808,,0.0736452061,1.0,0.4817996647999999,0.0,0.8348303409000001,0.4476223343,0.9940068356,1.2250475545,0.2311551436,-0.029989584,-0.01023374,-0.188434042,0.0,-0.001493551,0.0183189782,-0.00713119,0.0236806645,0.0426688900999999,0.0433372875,6.0,0.0631427465,8.779286e-11,0.1388243884,0.0664815032,0.6512273775,70.259333365,7.185758e-10,78.0,1.167285714
2012-12-31,4538663.6091,1.0594642199,1.1224644331,0.3048800064,18.178981935,0.0845312474,0.2296956413,0.0311788860999999,0.249044826,0.2279467676,0.1006310427999999,-0.418878948,12.031954293,0.0452135544,-0.045213554,10.0,-2.045429073,0.1674596318,-0.585146386,0.1730904352,1.5056206419999998,0.0827677467,-0.087478826,-0.870916094,0.0495812967,-0.325415737,0.160119766,-0.072540123,1.0,1.4945100424000002,0.3208363586,0.0,0.0,0.0,1.2153333977,0.0589085067,1.2304893658,0.0816424279,0.1188054194,0.1710463673999999,-0.323862324,0.7005940940000001,0.6321023497,2.5068297146000003,2921.3518371,0.6359421913000001,0.0053128373,0.0144330196,-0.0939701769999999,0.0827037618,-0.048947615,-0.371664415,-3.599297094,,0.004494336,-0.708370115,-0.405021979,4.0,0.7437608924,0.0,0.0674811707,0.0808321972,0.2782464923,0.1679983798,4.0167119782,3.4843379808,,0.0736452061,1.0,0.4817996647999999,0.0,0.8348303409000001,0.4476223343,0.9940068356,1.2250475545,0.2311551436,-0.029989584,-0.01023374,-0.188434042,0.0,-0.001493551,0.0183189782,-0.00713119,0.0236806645,0.0426688900999999,0.0433372875,6.0,0.0367028363,5.1695929999999996e-11,0.0254047681,0.0147173117,0.4731587682,30.602348921,1.7009415e-09,78.0,1.325428571
2013-01-31,5146800.1264,1.0329851261,1.0670582708,0.3635926338,17.833515515,0.0844574036999999,0.2755280479,0.1331538111,0.1931079417,0.1792466253,0.2577600496,-0.342730904,12.25834573,0.0452135544,-0.045213554,10.0,-1.947987051,0.1674596318,-0.5896706979999999,0.1730904352,1.5056206419999998,0.0827677467,-0.087478826,-0.86757282,0.0495812967,-0.325415737,0.1561617096,-0.072540123,1.0,1.4945100424000002,0.3208363586,0.0,0.0,0.0,1.2153333977,0.0589085067,1.2304893658,0.0816424279,0.1188054194,0.1710463673999999,-0.323862324,0.6586969147999999,0.6321023497,2.5068297146000003,2921.3518371,0.6359421913000001,0.0053128373,0.0144330196,-0.0939701769999999,0.0827037618,-0.048947615,-0.371664415,-3.599297094,,0.004494336,-0.708370115,-0.405021979,4.0,0.7437608924,0.0,0.0674811707,0.0808321972,0.2782464923,0.1679983798,4.0167119782,3.4843379808,,0.0736452061,1.0,0.4817996647999999,0.0,0.8348303409000001,0.4476223343,0.9940068356,1.9056992934,0.2338341541,-0.024268906,-0.000819086,-0.267503558,1.0,0.0017710307999999,0.0213341681,0.0092915005,0.0264387316,0.0329988873,0.040847014,6.0,0.0480101289,6.916853000000001e-11,0.1401197463,0.0415134443,0.6008479154999999,53.490786688,1.4285102e-09,78.0,2.360571429
2013-02-28,9252283.6276,1.1289067322,1.2744304101,1.3764960258,18.097013441,0.082700614,0.1771032123,0.5319149494,0.6286719256000001,-0.2297005,0.9309236649,-0.372549664,12.609101902,0.0452135544,-0.045213554,10.0,-1.947987051,0.1674596318,-0.5896706979999999,0.1730904352,1.5056206419999998,0.0827677467,-0.087478826,-0.864456508,0.0495812967,-0.325415737,0.1561617096,-0.072540123,1.0,1.4945100424000002,0.3208363586,0.0,0.0,0.0,1.2153333977,0.0589085067,1.2304893658,0.0816424279,0.1188054194,0.1710463673999999,-0.323862324,0.6566120565,0.6321023497,2.5068297146000003,2921.3518371,0.6359421913000001,0.0053128373,0.0144330196,-0.0939701769999999,0.0827037618,-0.048947615,-0.371664415,-3.599297094,,0.004494336,-0.708370115,-0.405021979,4.0,0.7437608924,0.0,0.0674811707,0.0808321972,0.2782464923,0.1679983798,4.0167119782,3.4843379808,,0.0736452061,1.0,0.4817996647999999,0.0,0.8348303409000001,0.4476223343,0.9940068356,1.9056992934,0.2338341541,-0.024268906,-0.000819086,-0.249258313,1.0,0.0017710307999999,0.0213341681,0.0092915005,0.0264387316,0.0329988873,0.040847014,6.0,0.0567791998,5.221678e-11,0.2586750388,0.0848497383,0.8824757205,91.727934665,8.013625e-10,78.0,2.686857143
2013-03-28,10531163.543,1.1831048120999998,1.3997369964,1.335263739,18.37998799,0.0999884109,0.2266132114,0.1382231563,0.9701542844,0.4922785412,0.6764572145000001,-0.2392475419999999,12.882466435,0.0452135544,-0.045213554,10.0,-1.871582436,0.1674596318,-0.5896706979999999,0.1730904352,1.5056206419999998,0.0827677467,-0.087478826,-0.864456508,0.0495812967,-0.325415737,0.1548593851,-0.072540123,1.0,1.4945100424000002,0.3208363586,0.0,0.0,0.0,1.2153333977,0.0589085067,1.2304893658,0.0816424279,0.1188054194,0.1710463673999999,-0.323862324,0.6586969147999999,0.6321023497,2.5068297146000003,2921.3518371,0.6359421913000001,0.0053128373,0.0144330196,-0.0939701769999999,0.0827037618,-0.048947615,-0.371664415,-3.599297094,,0.004494336,-0.708370115,-0.405021979,4.0,0.7437608924,0.0,0.0674811707,0.0808321972,0.2782464923,0.1679983798,4.0167119782,3.4843379808,,0.0736452061,1.0,0.4817996647999999,0.0,0.8348303409000001,0.4476223343,0.9940068356,1.9056992934,0.2338341541,-0.024268906,-0.000819086,-0.24190654,1.0,0.0017710307999999,0.0213341681,0.0092915005,0.0264387316,0.0329988873,0.040847014,6.0,0.0443175883,1.9089570000000003e-11,0.0603155494,0.0289175902,0.2815050538,31.685988619,1.1574476e-09,78.0,2.705857143
2013-04-30,10626936.251,1.1988713206,1.4372924433,1.4008074344,18.261748926,0.0998357259,0.1331518153999999,0.0063802474,0.9365079821,0.6349096141,0.5600760131,-0.459297821,13.196114421,0.0452135544,-0.045213554,10.0,-1.871582436,0.1674596318,-0.5896706979999999,0.1730904352,1.5056206419999998,0.0827677467,-0.087478826,-0.862674739,0.0495812967,-0.325415737,0.1513727564,-0.072540123,1.0,1.4945100424000002,0.3208363586,0.0,0.0,0.0,1.2153333977,0.0589085067,1.2304893658,0.0816424279,0.1188054194,0.1710463673999999,-0.323862324,0.6566120565,0.6321023497,2.5068297146000003,2921.3518371,0.6359421913000001,0.0053128373,0.0144330196,-0.0939701769999999,0.0827037618,-0.048947615,-0.371664415,-3.599297094,,0.004494336,-0.708370115,-0.405021979,4.0,0.7437608924,0.0,0.0674811707,0.0808321972,0.2782464923,0.1679983798,4.0167119782,3.4843379808,,0.0736452061,1.0,0.4817996647999999,0.0,0.8348303409000001,0.4476223343,0.9940068356,0.6756372554000001,0.209606197,-0.013709511,0.0172646583,-0.069129345,2.0,0.002206544,0.0235129506999999,0.01115186,0.0275304516,0.0329814249,0.0429600067,6.0,0.0339392554,2.065497e-11,0.0562846623,0.0235321402999999,0.4360402774,31.976725745,1.5869522e-09,78.0,3.086714286
2013-05-31,12131466.631,1.1266324083,1.2693005834,1.5265672243,18.225409347,0.0994925062,0.2769505617,0.1415363997,1.091633469,1.361866723,-0.18968655,-0.498723957,12.904471808,0.0452135544,-0.045213554,10.0,-1.947987051,0.1674596318,-0.5896706979999999,0.1730904352,1.5056206419999998,0.0827677467,-0.087478826,-0.862674739,0.0495812967,-0.325415737,0.1451671768,-0.072540123,1.0,1.4945100424000002,0.3208363586,0.0,0.0,0.0,1.2153333977,0.0589085067,1.2304893658,0.0816424279,0.1188054194,0.1710463673999999,-0.323862324,0.6566120565,0.6321023497,2.5068297146000003,2921.3518371,0.6359421913000001,0.0053128373,0.0144330196,-0.0939701769999999,0.0827037618,-0.048947615,-0.371664415,-3.599297094,,0.004494336,-0.708370115,-0.405021979,4.0,0.7437608924,0.0,0.0674811707,0.0808321972,0.2782464923,0.1679983798,4.0167119782,3.4843379808,,0.0736452061,1.0,0.4817996647999999,0.0,0.8348303409000001,0.4476223343,0.9940068356,0.6756372554000001,0.209606197,-0.013709511,0.0172646583,-0.069129345,2.0,0.002206544,0.0235129506999999,0.01115186,0.0275304516,0.0329814249,0.0429600067,6.0,0.0429982941,2.543258e-11,0.2444228380999999,0.0594266629,0.4789402756,62.627669583,8.818422e-10,78.0,3.232142857
2013-06-28,12703032.5,1.2391913423999998,1.535595183,1.4809503159,18.367952728,0.1023751048,0.4001510917999999,0.0471143237999999,1.2409026057,1.8302540677,-0.4292397679999999,-0.299101483,14.135783989,0.0452135544,-0.045213554,10.0,-1.871582436,0.1674596318,-0.5896706979999999,0.1730904352,1.5056206419999998,0.0827677467,-0.087478826,-0.8611667159999999,0.0495812967,-0.325415737,0.1451671768,-0.072540123,1.0,1.4945100424000002,0.3208363586,0.0,0.0,0.0,1.2153333977,0.0589085067,1.2304893658,0.0816424279,0.1188054194,0.1710463673999999,-0.323862324,0.6299020069,0.6321023497,2.5068297146000003,2921.3518371,0.6359421913000001,0.0053128373,0.0144330196,-0.0939701769999999,0.0827037618,-0.048947615,-0.371664415,-3.599297094,,0.004494336,-0.708370115,-0.405021979,4.0,0.7437608924,0.0,0.0674811707,0.0808321972,0.2782464923,0.1679983798,4.0167119782,3.4843379808,,0.0736452061,1.0,0.4817996647999999,0.0,0.8348303409000001,0.4476223343,0.9940068356,0.6756372554000001,0.209606197,-0.013709511,0.0172646583,-0.069129345,2.0,0.002206544,0.0235129506999999,0.01115186,0.0275304516,0.0329814249,0.0429600067,6.0,0.0375284318,2.39817e-11,0.0536762513,0.0268410327999999,0.3999163147,25.318566211,1.3993640000000003e-09,78.0,3.015571429
2013-07-31,12437844.764,1.22288039,1.4954364482,0.9278610762,18.368543375,0.1014650719,0.3931631588,-0.067005537,1.3427378556,1.9562303668,-0.369673244,-0.203499447,15.160047747,0.0015952626,-0.001595263,11.0,-0.292810886,0.1446865977999999,-0.636450402,0.0221682833,2.1266850917,0.0044231364,-0.167282072,-0.547161562,0.0033935631,-0.292832981,0.1274541763,-0.065536119,1.0,1.3370465044,0.3452965879999999,0.0,0.0,0.0,0.1584651763,0.0033325559,0.3352294868,0.2251972693,0.0478848773,0.1668838083,-0.170140075,0.1558883825,0.6262564687,0.3284024058999999,3997.5190685,0.1013532114,0.0037552802,-0.564588665,-0.105361311,0.0762389572,-0.274861826,-0.299930005,-0.361313465,,-0.071009477,-0.242882967,-0.327250466,4.0,0.5206846842,0.0,0.0639247647,0.0911560803999999,0.2561444127,0.0153791587999999,4.8247402009,2.6380516342,,0.029163916,1.0,0.1262896788,0.0,0.7012671502,0.3948980312,4.7426960477,1.9605924381,0.1885329482,-0.0047598779999999,-0.00087522,0.2196430247,3.0,0.0020733385,0.0254489,0.0110164053,0.0135353998,0.0329145206,0.0439924613999999,4.0,0.0369139359,2.855701e-11,0.0712182373,0.0260409247,0.275417273,15.383279122,1.9990494e-09,78.0,3.488857143
2013-08-30,14405485.867,1.2512056391,1.5655155514,-1.100985914,18.318972191,0.1002766234,0.4836670844,0.1581979096,0.2774751234,1.9999997983,-0.44563629,-0.0069886019999999,12.594169693,0.0015952626,-0.001595263,11.0,-0.292810886,0.1446865977999999,-0.636450402,0.0221682833,2.1266850917,0.0044231364,-0.167282072,-0.547161562,0.0033935631,-0.292832981,0.1274541763,-0.065536119,1.0,1.3370465044,0.3452965879999999,0.0,0.0,0.0,0.1584651763,0.0033325559,0.3352294868,0.2251972693,0.0478848773,0.1668838083,-0.170140075,0.1558883825,0.6262564687,0.3284024058999999,3997.5190685,0.1013532114,0.0037552802,-0.564588665,-0.105361311,0.0762389572,-0.274861826,-0.299930005,-0.361313465,,-0.071009477,-0.242882967,-0.327250466,4.0,0.5206846842,0.0,0.0639247647,0.0911560803999999,0.2561444127,0.0153791587999999,4.8247402009,2.6380516342,,0.029163916,1.0,0.1262896788,0.0,0.7012671502,0.3948980312,4.7426960477,1.9605924381,0.1885329482,-0.0047598779999999,-0.00087522,0.2123712687999999,3.0,0.0020733385,0.0254489,0.0110164053,0.0135353998,0.0329145206,0.0439924613999999,4.0,0.0362275306,2.220203e-11,0.0624852069,0.027925589,0.541884012,37.899743502,1.4420215e-09,78.0,4.055857143
2013-09-30,16728545.236,1.3793752023,1.9026759487,-1.102336107,18.342606575,0.1002168936999999,0.5042523908,0.1612621397,0.2998936187,2.1800000671,-0.5242192139999999,-0.284865867,11.547740389,0.0015952626,-0.001595263,11.0,-0.292810886,0.1446865977999999,-0.636450402,0.0221682833,2.1266850917,0.0044231364,-0.167282072,-0.547161562,0.0033935631,-0.292832981,0.1274541763,-0.065536119,1.0,1.3370465044,0.3452965879999999,0.0,0.0,0.0,0.1584651763,0.0033325559,0.3352294868,0.2251972693,0.0478848773,0.1668838083,-0.170140075,0.1558883825,0.6262564687,0.3284024058999999,3997.5190685,0.1013532114,0.0037552802,-0.564588665,-0.105361311,0.0762389572,-0.274861826,-0.299930005,-0.361313465,,-0.071009477,-0.242882967,-0.327250466,4.0,0.5206846842,0.0,0.0639247647,0.0911560803999999,0.2561444127,0.0153791587999999,4.8247402009,2.6380516342,,0.029163916,1.0,0.1262896788,0.0,0.7012671502,0.3948980312,4.7426960477,1.9605924381,0.1885329482,-0.0047598779999999,-0.00087522,0.215767758,3.0,0.0020733385,0.0254489,0.0110164053,0.0135353998,0.0329145206,0.0439924613999999,4.0,0.0299917325999999,2.327494e-11,0.0520055816,0.020670444,0.297036968,13.224815273,1.8761185e-09,78.0,4.417285714
2013-10-31,18323165.674,1.3204728726,1.7436486073,-1.101052258,18.228928639,0.0996850073,0.51735907,0.0891127065,0.4999472106,2.0556795509,-0.664282198,-0.164651908,11.345179835,0.0015952626,-0.001595263,11.0,-0.292810886,0.1446865977999999,-0.637963094,0.0221682833,2.1266850917,0.0044231364,-0.167282072,-0.547161562,0.0033935631,-0.292832981,0.1274541763,-0.065536119,1.0,1.3370465044,0.3452965879999999,0.0,0.0,0.0,0.1584651763,0.0033325559,0.3352294868,0.2251972693,0.0478848773,0.1668838083,-0.170140075,0.1558883825,0.6262564687,0.3284024058999999,3997.5190685,0.1013532114,0.0037552802,-0.564588665,-0.105361311,0.0762389572,-0.274861826,-0.299930005,-0.361313465,,-0.071009477,-0.242882967,-0.327250466,4.0,0.5206846842,0.0,0.0639247647,0.0911560803999999,0.2561444127,0.0153791587999999,4.8247402009,2.6380516342,,0.029163916,1.0,0.1262896788,0.0,0.7012671502,0.3948980312,4.7426960477,1.5600447738999998,0.2351143828,0.0001959512,-0.0035964729999999,0.2315942086,0.0,0.0006776902,0.0271669638,0.0036109809,0.0145074737999999,0.0339981625,0.0455046225999999,4.0,0.0267428241,1.832649e-11,0.0642869398,0.0219866319,0.3661936746999999,18.877298719,2.2236421e-09,78.0,4.606857143
2013-11-29,19109520.491,1.3476947561,1.8162811555,-1.234320761,18.207790459,0.0994738977999999,0.4752746725,0.0429158807,0.4310639297999999,2.5267857094,-0.5434729429999999,-0.1358376909999999,13.835206498,0.0015952626,-0.001595263,11.0,-0.292810886,0.1446865977999999,-0.637963094,0.0221682833,2.1266850917,0.0044231364,-0.167282072,-0.547161562,0.0033935631,-0.292832981,0.1262661198,-0.065536119,1.0,1.3370465044,0.3452965879999999,0.0,0.0,0.0,0.1584651763,0.0033325559,0.3352294868,0.2251972693,0.0478848773,0.1668838083,-0.170140075,0.1558883825,0.6262564687,0.3284024058999999,3997.5190685,0.1013532114,0.0037552802,-0.564588665,-0.105361311,0.0762389572,-0.274861826,-0.299930005,-0.361313465,,-0.071009477,-0.242882967,-0.327250466,4.0,0.5206846842,0.0,0.0639247647,0.0911560803999999,0.2561444127,0.0153791587999999,4.8247402009,2.6380516342,,0.029163916,1.0,0.1262896788,0.0,0.7012671502,0.3948980312,4.7426960477,1.5600447738999998,0.2351143828,0.0001959512,-0.0035964729999999,0.2618363871999999,0.0,0.0006776902,0.0271669638,0.0036109809,0.0145074737999999,0.0339981625,0.0455046225999999,4.0,0.0475895137,2.0299139999999998e-11,0.0781524032,0.0408312675,0.5528874074,85.13720900199999,8.979929999999995e-10,78.0,5.225714286
2013-12-31,21676575.677,1.4209563883,2.0191170575,-1.152143432,18.337802699,0.0996308728999999,0.5273331963,0.1343338341,0.4253260267,2.5328186262,-0.603156858,-0.196840115,13.136510812,0.0015952626,-0.001595263,11.0,-0.292810886,0.1446865977999999,-0.627795709,0.0221682833,2.1266850917,0.0044231364,-0.167282072,-0.547161562,0.0033935631,-0.292832981,0.1256616706,-0.065536119,1.0,1.3370465044,0.3452965879999999,0.0,0.0,0.0,0.1584651763,0.0033325559,0.3352294868,0.2251972693,0.0478848773,0.1668838083,-0.170140075,0.1558883825,0.6262564687,0.3284024058999999,3997.5190685,0.1013532114,0.0037552802,-0.564588665,-0.105361311,0.0762389572,-0.274861826,-0.299930005,-0.361313465,,-0.071009477,-0.242882967,-0.327250466,4.0,0.5206846842,0.0,0.0639247647,0.0911560803999999,0.2561444127,0.0153791587999999,4.8247402009,2.6380516342,,0.029163916,1.0,0.1262896788,0.0,0.7012671502,0.3948980312,4.7426960477,1.5600447738999998,0.2351143828,0.0001959512,-0.0035964729999999,0.243309963,0.0,0.0006776902,0.0271669638,0.0036109809,0.0145074737999999,0.0339981625,0.0455046225999999,4.0,0.0271183856,1.757966e-11,0.0264491383,0.0167454339,0.2342462523,9.4771533592,2.5214214e-09,78.0,5.259571429
2014-01-31,21945509.99,1.4406923643,2.0755944886,-0.535698217,18.2503459,0.0991382012,0.5655803917,0.0064790206999999,0.7329101098,2.8085104238,-0.4730221979999999,-0.2556099069999999,12.377241237,0.0015952626,-0.001595263,11.0,-0.292810886,0.1446865977999999,-0.6221399679999999,0.0221682833,2.1266850917,0.0044231364,-0.167282072,-0.547161562,0.0033935631,-0.292832981,0.1248710993,-0.065536119,1.0,1.3370465044,0.3452965879999999,0.0,0.0,0.0,0.1584651763,0.0033325559,0.3352294868,0.2251972693,0.0478848773,0.1668838083,-0.170140075,0.1558883825,0.6262564687,0.3284024058999999,3997.5190685,0.1013532114,0.0037552802,-0.564588665,-0.105361311,0.0762389572,-0.274861826,-0.299930005,-0.361313465,,-0.071009477,-0.242882967,-0.327250466,4.0,0.5206846842,0.0,0.0639247647,0.0911560803999999,0.2561444127,0.0153791587999999,4.8247402009,2.6380516342,,0.029163916,1.0,0.1262896788,0.0,0.7012671502,0.3948980312,4.7426960477,1.498893221,0.2410555730999999,0.003647482,-0.003150757,-0.061434989,1.0,0.0067543084999999,0.0278016806,0.0362533044,0.014488764,0.0307702874,0.0461088812,4.0,0.0231364308999999,1.172355e-11,0.0256881565,0.0126975689,0.3011897788,9.4397957461,2.7354397e-09,78.0,5.847571429
2014-02-28,24480798.507,1.4116028238999998,1.9926225325,0.1946918748999999,18.291712127,0.0980181852999999,0.4287373457,0.1117961034,0.5059064222999999,1.2280924857,-0.228138984,-0.2178252939999999,10.159719319,0.0015952626,-0.001595263,11.0,-0.292810886,0.1446865977999999,-0.6221399679999999,0.0221682833,2.1266850917,0.0044231364,-0.167282072,-0.547161562,0.0033935631,-0.292832981,0.1248710993,-0.065536119,1.0,1.3370465044,0.3452965879999999,0.0,0.0,0.0,0.1584651763,0.0033325559,0.3352294868,0.2251972693,0.0478848773,0.1668838083,-0.170140075,0.1558883825,0.6262564687,0.3284024058999999,3997.5190685,0.1013532114,0.0037552802,-0.564588665,-0.105361311,0.0762389572,-0.274861826,-0.299930005,-0.361313465,,-0.071009477,-0.242882967,-0.327250466,4.0,0.5206846842,0.0,0.0639247647,0.0911560803999999,0.2561444127,0.0153791587999999,4.8247402009,2.6380516342,,0.029163916,1.0,0.1262896788,0.0,0.7012671502,0.3948980312,4.7426960477,1.498893221,0.2410555730999999,0.003647482,-0.003150757,-0.061434989,1.0,0.0067543084999999,0.0278016806,0.0362533044,0.014488764,0.0307702874,0.0461088812,4.0,0.0323573771,1.188621e-11,0.1647738814,0.042659982,0.5341445818,42.596854612,1.4487494e-09,78.0,6.366142857
2014-03-31,26651793.702,1.315224014,1.7298142071,0.0600998804,18.406663989,0.0993370081,0.5182487869,0.0886815488,0.4417596468,1.17636105,-0.08995014,-0.3233759969999999,9.8052719386,0.0015952626,-0.001595263,11.0,-0.292810886,0.1446865977999999,-0.6221399679999999,0.0221682833,2.1266850917,0.0044231364,-0.167282072,-0.547161562,0.0033935631,-0.292832981,0.1252339017,-0.065536119,1.0,1.3370465044,0.3452965879999999,0.0,0.0,0.0,0.1584651763,0.0033325559,0.3352294868,0.2251972693,0.0478848773,0.1668838083,-0.170140075,0.1558883825,0.6262564687,0.3284024058999999,3997.5190685,0.1013532114,0.0037552802,-0.564588665,-0.105361311,0.0762389572,-0.274861826,-0.299930005,-0.361313465,,-0.071009477,-0.242882967,-0.327250466,4.0,0.5206846842,0.0,0.0639247647,0.0911560803999999,0.2561444127,0.0153791587999999,4.8247402009,2.6380516342,,0.029163916,1.0,0.1262896788,0.0,0.7012671502,0.3948980312,4.7426960477,1.498893221,0.2410555730999999,0.003647482,-0.003150757,-0.061434989,1.0,0.0067543084999999,0.0278016806,0.0362533044,0.014488764,0.0307702874,0.0461088812,4.0,0.0262386541,1.139695e-11,0.0541050881,0.0177768672,0.2738330582,12.711967903,3.0305425e-09,78.0,5.029
2014-04-30,21100678.127,1.2845642316,1.6501052652,-0.495129614,18.444901264,0.0992576577,0.4364072483,-0.210039735,0.4411888834,1.354342829,-0.203970051,-0.28420898,10.295661796,0.0015952626,-0.001595263,11.0,-0.292810886,0.1446865977999999,-0.6121145379999999,0.0221682833,2.1266850917,0.0044231364,-0.167282072,-0.547161562,0.0033935631,-0.292832981,0.1274541763,-0.065536119,1.0,1.3370465044,0.3452965879999999,0.0,0.0,0.0,0.1584651763,0.0033325559,0.3352294868,0.2251972693,0.0478848773,0.1668838083,-0.170140075,0.1558883825,0.6262564687,0.3284024058999999,3997.5190685,0.1013532114,0.0037552802,-0.564588665,-0.105361311,0.0762389572,-0.274861826,-0.299930005,-0.361313465,,-0.071009477,-0.242882967,-0.327250466,4.0,0.5206846842,0.0,0.0639247647,0.0911560803999999,0.2561444127,0.0153791587999999,4.8247402009,2.6380516342,,0.029163916,1.0,0.1262896788,0.0,0.7012671502,0.3948980312,4.7426960477,3.4442697513,0.2315673823,0.0035176128999999,0.0012753661,-0.016718463,2.0,0.0071019345,0.0281395015,0.0287819887999999,0.010964808,0.032015133,0.0477717642,4.0,0.0325276455,1.204658e-11,0.0210732166,0.0183511893,0.3624517949,21.02996575,2.3083903e-09,78.0,4.600571429
2014-05-30,19305654.432,1.3240778907,1.7531822606,-0.493843744,18.383839378,0.0994243724,0.3927585732999999,-0.085191578,0.0916335378,0.6292404569,-0.0713456309999999,-0.2219426639999999,10.683703654,0.0015952626,-0.001595263,11.0,-0.292810886,0.1446865977999999,-0.6221399679999999,0.0221682833,2.1266850917,0.0044231364,-0.167282072,-0.547161562,0.0033935631,-0.292832981,0.1274541763,-0.065536119,1.0,1.3370465044,0.3452965879999999,0.0,0.0,0.0,0.1584651763,0.0033325559,0.3352294868,0.2251972693,0.0478848773,0.1668838083,-0.170140075,0.1558883825,0.6262564687,0.3284024058999999,3997.5190685,0.1013532114,0.0037552802,-0.564588665,-0.105361311,0.0762389572,-0.274861826,-0.299930005,-0.361313465,,-0.071009477,-0.242882967,-0.327250466,4.0,0.5206846842,0.0,0.0639247647,0.0911560803999999,0.2561444127,0.0153791587999999,4.8247402009,2.6380516342,,0.029163916,1.0,0.1262896788,0.0,0.7012671502,0.3948980312,4.7426960477,3.4442697513,0.2315673823,0.0035176128999999,0.0012753661,-0.016718463,2.0,0.0071019345,0.0281395015,0.0287819887999999,0.010964808,0.032015133,0.0477717642,4.0,0.0450425744,1.923494e-11,0.0700450614,0.0349497112,0.3556205207,27.849055285,1.3469908e-09,78.0,5.969
2014-06-30,25048072.035,1.3448053971,1.8085015561,-0.474559355,18.498913262,0.0995726124,0.22866415,0.281834662,-0.119628169,0.423381247,-0.164512504,-0.257300643,12.304399439,0.0015952626,-0.001595263,11.0,-0.292810886,0.1446865977999999,-0.6221399679999999,0.0221682833,2.1266850917,0.0044231364,-0.167282072,-0.547161562,0.0033935631,-0.292832981,0.1274541763,-0.065536119,1.0,1.3370465044,0.3452965879999999,0.0,0.0,0.0,0.1584651763,0.0033325559,0.3352294868,0.2251972693,0.0478848773,0.1668838083,-0.170140075,0.1558883825,0.6262564687,0.3284024058999999,3997.5190685,0.1013532114,0.0037552802,-0.564588665,-0.105361311,0.0762389572,-0.274861826,-0.299930005,-0.361313465,,-0.071009477,-0.242882967,-0.327250466,4.0,0.5206846842,0.0,0.0639247647,0.0911560803999999,0.2561444127,0.0153791587999999,4.8247402009,2.6380516342,,0.029163916,1.0,0.1262896788,0.0,0.7012671502,0.3948980312,4.7426960477,3.4442697513,0.2315673823,0.0035176128999999,0.0012753661,-0.016718463,2.0,0.0071019345,0.0281395015,0.0287819887999999,0.010964808,0.032015133,0.0477717642,4.0,0.0381004463,1.77568e-11,0.0514382124,0.0253531893,0.2560880219,13.928694513,1.6626279999999999e-09,78.0,6.294285714
2014-07-31,26476094.967,1.3750297362,1.8907067755,-0.54740794,18.286498654000003,0.0998288472,0.2701942396,0.0544958971,0.134883249,0.979392626,-0.196429255,-0.320310689,12.107520261,0.0031068861999999,0.0031068861999999,12.0,-0.36409099,0.0607669176999999,-0.746080353,0.0440351076999999,14.213907964,0.0044579052,-0.085079476,-0.061721447,0.0723190674,-0.200457845,0.0721199712,0.0193812163,0.0,1.4199047165,0.3620672879,0.0,0.0,0.0,0.7908007944,0.0051219134999999,0.3376303275,0.0897910711999999,0.0884927411999999,0.146826976,-0.04199259,0.0905816441,0.1858695537999999,0.26550648,19348.318197,0.1856525498,0.0033835139,0.1076259606,0.0619710771,0.0485689709,0.0900386253,0.2056607053,-0.035204982,,0.0732570719,-0.028226398,0.129640668,6.0,0.6277690635000001,0.0,0.0172595221,0.0865844398,0.2572117269,0.0549241029999999,3.6442384029,2.5635889385,,0.0557129367,1.0,0.2120310909,0.0,0.1993374573,0.4074402389,0.3687318847999999,2.3588738908,0.2217812522,0.0046815814,0.006799279,0.1760158949,3.0,0.0098791653,0.0272310264,0.0402044222,0.010480094,0.032722906,0.048305222,4.0,0.0215539885,9.881975e-12,0.0311206803,0.0127475543,0.2364809705,9.9696741084,2.4765226e-09,78.0,6.038857143
2014-08-29,25401667.593,1.388851826,1.9289093947,-0.641548875,18.364450253,0.0997464923,0.2646968177,-0.040581036,0.0763931679,0.8021629859,-0.080852638,-1.03878418,10.373489097,0.0031068861999999,0.0031068861999999,12.0,-0.36409099,0.0607669176999999,-0.746080353,0.0440351076999999,14.213907964,0.0044579052,-0.085079476,-0.061721447,0.0723190674,-0.200457845,0.0721199712,0.0193812163,0.0,1.4199047165,0.3620672879,0.0,0.0,0.0,0.7908007944,0.0051219134999999,0.3376303275,0.0897910711999999,0.0884927411999999,0.146826976,-0.04199259,0.0905816441,0.1858695537999999,0.26550648,19348.318197,0.1856525498,0.0033835139,0.1076259606,0.0619710771,0.0485689709,0.0900386253,0.2056607053,-0.035204982,,0.0732570719,-0.028226398,0.129640668,6.0,0.6277690635000001,0.0,0.0172595221,0.0865844398,0.2572117269,0.0549241029999999,3.6442384029,2.5635889385,,0.0557129367,1.0,0.2120310909,0.0,0.1993374573,0.4074402389,0.3687318847999999,2.3588738908,0.2217812522,0.0046815814,0.006799279,0.1760158949,3.0,0.0098791653,0.0272310264,0.0402044222,0.010480094,0.032722906,0.048305222,4.0,0.0254379543,1.354975e-11,0.0737630500999999,0.0246541568,0.4553079699,26.549958599,1.9444938e-09,78.0,6.823428571
2014-09-30,28701866.12,1.343438195,1.8048261837,-0.497786227,18.433618434,0.0963884625,0.2063335895,0.1299205422,-0.051410379,0.4889225138,0.2080763226999999,-0.195689095,8.3611304762,0.0031068861999999,0.0031068861999999,12.0,-0.36409099,0.0607669176999999,-0.781471962,0.0440351076999999,14.213907964,0.0044579052,-0.085079476,-0.061721447,0.0723190674,-0.200457845,0.0721199712,0.0193812163,0.0,1.4199047165,0.3620672879,0.0,0.0,0.0,0.7908007944,0.0051219134999999,0.3376303275,0.0897910711999999,0.0884927411999999,0.146826976,-0.04199259,0.0905816441,0.1858695537999999,0.26550648,19348.318197,0.1856525498,0.0033835139,0.1076259606,0.0619710771,0.0485689709,0.0900386253,0.2056607053,-0.035204982,,0.0732570719,-0.028226398,0.129640668,6.0,0.6277690635000001,0.0,0.0172595221,0.0865844398,0.2572117269,0.0549241029999999,3.6442384029,2.5635889385,,0.0557129367,1.0,0.2120310909,0.0,0.1993374573,0.4074402389,0.3687318847999999,2.3588738908,0.2217812522,0.0046815814,0.006799279,0.1760158949,3.0,0.0098791653,0.0272310264,0.0402044222,0.010480094,0.032722906,0.048305222,4.0,0.020554826,1.034337e-11,0.0450151674,0.0126712415999999,0.3253753103,11.527156337,3.191302e-09,78.0,6.445428571
2014-10-31,27181789.839,1.3809017173,1.9068895528,0.1431701555,18.328580366,0.0956313702,0.1881508595,-0.055397414,0.3568162172999999,0.5447107762,1.7298490966,-0.2547091939999999,7.6928537441,0.0031068861999999,0.0031068861999999,12.0,-0.36409099,0.0607669176999999,-0.8678181540000001,0.0440351076999999,14.213907964,0.0044579052,-0.085079476,-0.061721447,0.0723190674,-0.200457845,0.0721199712,0.0193812163,0.0,1.4199047165,0.3620672879,0.0,0.0,0.0,0.7908007944,0.0051219134999999,0.3376303275,0.0897910711999999,0.0884927411999999,0.146826976,-0.04199259,0.0905816441,0.1858695537999999,0.26550648,19348.318197,0.1856525498,0.0033835139,0.1076259606,0.0619710771,0.0485689709,0.0900386253,0.2056607053,-0.035204982,,0.0732570719,-0.028226398,0.129640668,6.0,0.6277690635000001,0.0,0.0172595221,0.0865844398,0.2572117269,0.0549241029999999,3.6442384029,2.5635889385,,0.0557129367,1.0,0.2120310909,0.0,0.1993374573,0.4074402389,0.3687318847999999,1.5860644263,0.2758289951,0.0086146023999999,-0.001268748,0.0779990153,4.0,0.0098132807,0.0270221375,0.0398294491,0.0116644592,0.0340065322,0.0506613701,4.0,0.0201679866999999,1.16755e-11,0.0150033878,0.0135949904,0.3223938293,11.340787455,3.2643109e-09,78.0,5.611
2014-11-28,23662820.758,1.9738964356,3.8962671387,0.220995466,18.382837925,0.0889280949,0.09299789,-0.129460543,0.4010060213,0.3990944249,2.9288500146,-0.214304676,8.906654937,0.0031068861999999,0.0031068861999999,12.0,-0.36409099,0.0607669176999999,-0.8678181540000001,0.0440351076999999,14.213907964,0.0044579052,-0.085079476,-0.061721447,0.0723190674,-0.200457845,0.0721199712,0.0193812163,0.0,1.4199047165,0.3620672879,0.0,0.0,0.0,0.7908007944,0.0051219134999999,0.3376303275,0.0897910711999999,0.0884927411999999,0.146826976,-0.04199259,0.0905816441,0.1858695537999999,0.26550648,19348.318197,0.1856525498,0.0033835139,0.1076259606,0.0619710771,0.0485689709,0.0900386253,0.2056607053,-0.035204982,,0.0732570719,-0.028226398,0.129640668,6.0,0.6277690635000001,0.0,0.0172595221,0.0865844398,0.2572117269,0.0549241029999999,3.6442384029,2.5635889385,,0.0557129367,1.0,0.2120310909,0.0,0.1993374573,0.4074402389,0.3687318847999999,1.5860644263,0.2758289951,0.0086146023999999,-0.001268748,0.0779990153,4.0,0.0098132807,0.0270221375,0.0398294491,0.0116644592,0.0340065322,0.0506613701,4.0,0.0320098542,1.806143e-11,0.036305055,0.0455490641,0.5619411303,51.773327684,1.3741953e-09,78.0,4.951285714
2014-12-31,20880660.919,1.6971792976,2.8804175683999995,-0.312736133,18.770000437,0.0901579168,0.0965631925,-0.117575154,-0.0599765509999999,0.0737287947,4.2751093258,0.1869675904,8.7401405809,0.0031068861999999,0.0031068861999999,12.0,-0.36409099,0.0607669176999999,-0.872534028,0.0440351076999999,14.213907964,0.0044579052,-0.085079476,-0.061721447,0.0723190674,-0.200457845,0.0721199712,0.0193812163,0.0,1.4199047165,0.3620672879,0.0,0.0,0.0,0.7908007944,0.0051219134999999,0.3376303275,0.0897910711999999,0.0884927411999999,0.146826976,-0.04199259,0.0905816441,0.1858695537999999,0.26550648,19348.318197,0.1856525498,0.0033835139,0.1076259606,0.0619710771,0.0485689709,0.0900386253,0.2056607053,-0.035204982,,0.0732570719,-0.028226398,0.129640668,6.0,0.6277690635000001,0.0,0.0172595221,0.0865844398,0.2572117269,0.0549241029999999,3.6442384029,2.5635889385,,0.0557129367,1.0,0.2120310909,0.0,0.1993374573,0.4074402389,0.3687318847999999,1.5860644263,0.2758289951,0.0086146023999999,-0.001268748,0.0779990153,4.0,0.0098132807,0.0270221375,0.0398294491,0.0116644592,0.0340065322,0.0506613701,4.0,0.0260573889,1.725795e-11,0.0174745135,0.0150837466,0.3684018639,13.379344293,3.783602000000001e-09,78.0,4.880142857
2015-01-30,20638708.875,1.8801812237,3.5350814339,-0.4214006829999999,18.308103867,0.0882247011,0.1348971947,-0.0143685939999999,-0.21336816,-0.058614291,4.3134653613,-0.231503733,8.7104697676,0.0031068861999999,0.0031068861999999,12.0,-0.36409099,0.0607669176999999,-0.8244504,0.0440351076999999,14.213907964,0.0044579052,-0.085079476,-0.061721447,0.0723190674,-0.200457845,0.0721199712,0.0193812163,0.0,1.4199047165,0.3620672879,0.0,0.0,0.0,0.7908007944,0.0051219134999999,0.3376303275,0.0897910711999999,0.0884927411999999,0.146826976,-0.04199259,0.0905816441,0.1858695537999999,0.26550648,19348.318197,0.1856525498,0.0033835139,0.1076259606,0.0619710771,0.0485689709,0.0900386253,0.2056607053,-0.035204982,,0.0732570719,-0.028226398,0.129640668,6.0,0.6277690635000001,0.0,0.0172595221,0.0865844398,0.2572117269,0.0549241029999999,3.6442384029,2.5635889385,,0.0557129367,1.0,0.2120310909,0.0,0.1993374573,0.4074402389,0.3687318847999999,0.9826125967,0.2710106291,0.0065114084999999,0.0045860514,-0.017691981,5.0,0.0117421884,0.0247461841,0.0480384317999999,0.0102369705,0.0264156725,0.0520334502,4.0,0.0293974695,2.3560720000000003e-11,0.0543862693,0.0202674608,0.3259202195,8.9552752263,3.1504544e-09,78.0,6.311428571
2015-02-27,26728015.661,1.6131289292,2.6021849423,0.0124242085,18.545934569,0.0876226619999999,0.1140226243,0.2932876945,-0.191876463,-0.165441111,2.4054076815,0.1217906275999999,7.4700045181,0.0031068861999999,0.0031068861999999,12.0,-0.36409099,0.0607669176999999,-0.8244504,0.0440351076999999,14.213907964,0.0044579052,-0.085079476,-0.061721447,0.0723190674,-0.200457845,0.0721199712,0.0193812163,0.0,1.4199047165,0.3620672879,0.0,0.0,0.0,0.7908007944,0.0051219134999999,0.3376303275,0.0897910711999999,0.0884927411999999,0.146826976,-0.04199259,0.0905816441,0.1858695537999999,0.26550648,19348.318197,0.1856525498,0.0033835139,0.1076259606,0.0619710771,0.0485689709,0.0900386253,0.2056607053,-0.035204982,,0.0732570719,-0.028226398,0.129640668,6.0,0.6277690635000001,0.0,0.0172595221,0.0865844398,0.2572117269,0.0549241029999999,3.6442384029,2.5635889385,,0.0557129367,1.0,0.2120310909,0.0,0.1993374573,0.4074402389,0.3687318847999999,0.9826125967,0.2710106291,0.0065114084999999,0.0045860514,-0.017691981,5.0,0.0117421884,0.0247461841,0.0480384317999999,0.0102369705,0.0264156725,0.0520334502,4.0,0.0331608382,2.376562e-11,0.173394531,0.0450473521,0.582433601,31.744055714,2.1712144e-09,78.0,6.784428571
2015-03-31,28731105.402,1.6768138794999998,2.8117047864,-0.07754652,18.52101263,0.0902035339,0.0366215489999999,0.0749434531,-0.075035644,-0.008594623,3.0244739257,0.0360713214999999,7.0862572376,0.0031068861999999,0.0031068861999999,12.0,-0.36409099,0.0607669176999999,-0.8244504,0.0440351076999999,14.213907964,0.0044579052,-0.085079476,-0.061721447,0.0723190674,-0.200457845,0.0721199712,0.0193812163,0.0,1.4199047165,0.3620672879,0.0,0.0,0.0,0.7908007944,0.0051219134999999,0.3376303275,0.0897910711999999,0.0884927411999999,0.146826976,-0.04199259,0.0905816441,0.1858695537999999,0.26550648,19348.318197,0.1856525498,0.0033835139,0.1076259606,0.0619710771,0.0485689709,0.0900386253,0.2056607053,-0.035204982,,0.0732570719,-0.028226398,0.129640668,6.0,0.6277690635000001,0.0,0.0172595221,0.0865844398,0.2572117269,0.0549241029999999,3.6442384029,2.5635889385,,0.0557129367,1.0,0.2120310909,0.0,0.1993374573,0.4074402389,0.3687318847999999,0.9826125967,0.2710106291,0.0065114084999999,0.0045860514,-0.017691981,5.0,0.0117421884,0.0247461841,0.0480384317999999,0.0102369705,0.0264156725,0.0520334502,4.0,0.0205654904,1.406859e-11,0.0359471068,0.0137044562,0.2597749189,6.7274073971,4.6494802e-09,78.0,5.952714286
2015-04-30,25260164.638,1.6866892551,2.8449206433,-0.358096079,18.474081495,0.0884333744,0.1141676477,-0.122591652,0.0525954435,0.3490611690999999,2.0600660592,-0.001280181,7.5703610841,0.0031068861999999,0.0031068861999999,12.0,-0.36409099,0.0607669176999999,-0.8244504,0.0440351076999999,14.213907964,0.0044579052,-0.085079476,-0.061721447,0.0723190674,-0.200457845,0.0721199712,0.0193812163,0.0,1.4199047165,0.3620672879,0.0,0.0,0.0,0.7908007944,0.0051219134999999,0.3376303275,0.0897910711999999,0.0884927411999999,0.146826976,-0.04199259,0.0905816441,0.1858695537999999,0.26550648,19348.318197,0.1856525498,0.0033835139,0.1076259606,0.0619710771,0.0485689709,0.0900386253,0.2056607053,-0.035204982,,0.0732570719,-0.028226398,0.129640668,6.0,0.6277690635000001,0.0,0.0172595221,0.0865844398,0.2572117269,0.0549241029999999,3.6442384029,2.5635889385,,0.0557129367,1.0,0.2120310909,0.0,0.1993374573,0.4074402389,0.3687318847999999,3.3069600189,0.2459041159,0.0041974364,-0.002088262,-0.170843728,0.0,0.0093734854,0.0232722702,0.036835942,0.0111630984,0.0223227962,0.0545731784,4.0,0.0229389831,1.737951e-11,0.0312470552,0.0185024186,0.2972518388,10.651891866,2.5686867e-09,78.0,7.95
2015-05-29,33736699.5,1.7577472127,3.0896752636,0.197228784,18.548760957,0.0882995005,0.1818505639,0.3355252146999999,0.0609008267999999,0.293907558,3.0184677913,-0.497109512,8.2171178156,0.0031068861999999,0.0031068861999999,12.0,-0.36409099,0.0607669176999999,-0.8244504,0.0440351076999999,14.213907964,0.0044579052,-0.085079476,-0.061721447,0.0723190674,-0.200457845,0.0721199712,0.0193812163,0.0,1.4199047165,0.3620672879,0.0,0.0,0.0,0.7908007944,0.0051219134999999,0.3376303275,0.0897910711999999,0.0884927411999999,0.146826976,-0.04199259,0.0905816441,0.1858695537999999,0.26550648,19348.318197,0.1856525498,0.0033835139,0.1076259606,0.0619710771,0.0485689709,0.0900386253,0.2056607053,-0.035204982,,0.0732570719,-0.028226398,0.129640668,6.0,0.6277690635000001,0.0,0.0172595221,0.0865844398,0.2572117269,0.0549241029999999,3.6442384029,2.5635889385,,0.0557129367,1.0,0.2120310909,0.0,0.1993374573,0.4074402389,0.3687318847999999,3.3069600189,0.2459041159,0.0041974364,-0.002088262,-0.170843728,0.0,0.0093734854,0.0232722702,0.036835942,0.0111630984,0.0223227962,0.0545731784,4.0,0.0231753933999999,9.920599e-12,0.1821183710999999,0.0418758584,0.7184074294,53.893617971000005,1.7386278e-09,78.0,8.915142857
2015-06-30,37832389.232,1.6640839238999998,2.7691753057,0.9710712761,18.494550926,0.0909601473,0.1264766906,0.1214016154,0.6056435971999999,0.3318814403,3.7670454181,-0.8129287,8.7694934266,0.0031068861999999,0.0031068861999999,12.0,-0.36409099,0.0607669176999999,-0.8244504,0.0440351076999999,14.213907964,0.0044579052,-0.085079476,-0.061721447,0.0723190674,-0.200457845,0.0721199712,0.0193812163,0.0,1.4199047165,0.3620672879,0.0,0.0,0.0,0.7908007944,0.0051219134999999,0.3376303275,0.0897910711999999,0.0884927411999999,0.146826976,-0.04199259,0.0905816441,0.1858695537999999,0.26550648,19348.318197,0.1856525498,0.0033835139,0.1076259606,0.0619710771,0.0485689709,0.0900386253,0.2056607053,-0.035204982,,0.0732570719,-0.028226398,0.129640668,6.0,0.6277690635000001,0.0,0.0172595221,0.0865844398,0.2572117269,0.0549241029999999,3.6442384029,2.5635889385,,0.0557129367,1.0,0.2120310909,0.0,0.1993374573,0.4074402389,0.3687318847999999,3.3069600189,0.2459041159,0.0041974364,-0.002088262,-0.170843728,0.0,0.0093734854,0.0232722702,0.036835942,0.0111630984,0.0223227962,0.0545731784,4.0,0.0174702929,8.623366e-12,0.0449859834999999,0.0142458806,0.4337145659,17.650944251,3.3147173e-09,78.0,9.384857143
2015-07-31,39825673.768,1.6268182831,2.6465377262,1.1477412445,18.392733491,0.086167066,0.1344240176,0.0526872501,0.8268201603,0.4163867329999999,4.1214287432,-0.2429879589999999,1.406000712,0.0401494433,0.0401494433,13.0,-0.303754063,0.0900108631,-0.5643361339999999,0.0691590649,9.0211345008,0.0007986449,-0.042753194,-0.032496789,0.0135722313999999,0.0203194148,0.0672505901,0.0772960134,0.0,1.4796249109,0.3604870725999999,0.0,0.0,0.0,0.3930431379,0.0129271162,0.3336541302,0.6818872567,0.0969299268,0.1630803424,0.0528577567999999,0.0880869193,0.2519025201,0.2745625033,17655.928664,0.2187948806,0.0031048664,-0.2901631939999999,0.0420592972,-0.004364424,0.0896933315,0.0854871403,0.0126252334,,-0.010999056,0.0101349876,0.9382194086,5.0,0.6814352456,0.0,0.0228852,0.0858039085,,0.0744670443,3.4222379167000003,2.5895708806,,0.0305902627999999,1.0,0.2583330628,0.0,0.2667151224,0.4040780987,-0.101127125,3.2817947004000003,0.227940421,-0.01172051,0.0012677901,0.2073661685,1.0,0.012299639,0.0203893111,0.048334545,0.0149959956,0.0224323612,0.0537373451,4.0,0.0226112329999999,7.407172e-12,0.0370083451,0.0160577722,0.6676242242,40.863056682,1.7982927e-09,78.0,11.431
2015-08-31,48696630.51,1.6191662254,2.6216992656,0.7660226998,18.505908103,0.0857034039,0.1969495322,0.2180259675,0.4869624904,0.5540783657,3.9194845273,-0.602038823,2.9222020086,0.0401494433,0.0401494433,13.0,-0.303754063,0.0900108631,-0.5643361339999999,0.0691590649,9.0211345008,0.0007986449,-0.042753194,-0.032496789,0.0135722313999999,0.0203194148,0.0672505901,0.0772960134,0.0,1.4796249109,0.3604870725999999,0.0,0.0,0.0,0.3930431379,0.0129271162,0.3336541302,0.6818872567,0.0969299268,0.1630803424,0.0528577567999999,0.0880869193,0.2519025201,0.2745625033,17655.928664,0.2187948806,0.0031048664,-0.2901631939999999,0.0420592972,-0.004364424,0.0896933315,0.0854871403,0.0126252334,,-0.010999056,0.0101349876,0.9382194086,5.0,0.6814352456,0.0,0.0228852,0.0858039085,,0.0744670443,3.4222379167000003,2.5895708806,,0.0305902627999999,1.0,0.2583330628,0.0,0.2667151224,0.4040780987,-0.101127125,3.2817947004000003,0.227940421,-0.01172051,0.0012677901,0.2073661685,1.0,0.012299639,0.0203893111,0.048334545,0.0149959956,0.0224323612,0.0537373451,4.0,0.0310265083,9.72094e-12,0.1801691651,0.0428279864,0.5343116410000001,28.941376199,2.0801733e-09,78.0,11.503
2015-09-30,49003354.63,1.5621917072999998,2.4404429303,0.7012158059,18.484443082,0.0856258017,0.1705937739999999,0.0062986724,0.6848876290000001,0.6752574487999999,4.0646902001,-0.29142223,6.2644747474,0.0401494433,0.0401494433,13.0,-0.303754063,0.0900108631,-0.5643361339999999,0.0691590649,9.0211345008,0.0007986449,-0.042753194,-0.032496789,0.0135722313999999,0.0203194148,0.0672505901,0.0772960134,0.0,1.4796249109,0.3604870725999999,0.0,0.0,0.0,0.3930431379,0.0129271162,0.3336541302,0.6818872567,0.0969299268,0.1630803424,0.0528577567999999,0.0880869193,0.2519025201,0.2745625033,17655.928664,0.2187948806,0.0031048664,-0.2901631939999999,0.0420592972,-0.004364424,0.0896933315,0.0854871403,0.0126252334,,-0.010999056,0.0101349876,0.9382194086,5.0,0.6814352456,0.0,0.0228852,0.0858039085,,0.0744670443,3.4222379167000003,2.5895708806,,0.0305902627999999,1.0,0.2583330628,0.0,0.2667151224,0.4040780987,-0.101127125,3.2817947004000003,0.227940421,-0.01172051,0.0012677901,0.2073661685,1.0,0.012299639,0.0203893111,0.048334545,0.0149959956,0.0224323612,0.0537373451,4.0,0.054310553,1.169961e-11,0.0848108827999999,0.0449326879,0.5206462600999999,30.993237846,1.8893093e-09,78.0,10.326
2015-10-30,44132085.793000005,1.7059724364,2.9103419539,0.8111148778,18.610196967,0.0854346298,0.1962324753,-0.102321103,0.6902655417,0.7846757685,3.737837943,-0.386052424,9.6234233686,0.0401494433,0.0401494433,13.0,-0.303754063,0.0900108631,-0.57075393,0.0691590649,9.0211345008,0.0007986449,-0.042753194,-0.032496789,0.0135722313999999,0.0203194148,0.0672505901,0.0772960134,0.0,1.4796249109,0.3604870725999999,0.0,0.0,0.0,0.3930431379,0.0129271162,0.3336541302,0.6818872567,0.0969299268,0.1630803424,0.0528577567999999,0.0880869193,0.2519025201,0.2745625033,17655.928664,0.2187948806,0.0031048664,-0.2901631939999999,0.0420592972,-0.004364424,0.0896933315,0.0854871403,0.0126252334,,-0.010999056,0.0101349876,0.9382194086,5.0,0.6814352456,0.0,0.0228852,0.0858039085,,0.0744670443,3.4222379167000003,2.5895708806,,0.0305902627999999,1.0,0.2583330628,0.0,0.2667151224,0.4040780987,-0.101127125,2.7851822773,0.3200765836,-0.00348853,-0.006490989,0.1838192195,0.0,0.0033579668,0.0165625448,0.012755503,0.0119967548,0.0240982718,0.0535199717,5.0,0.0496599001999999,1.170752e-11,0.0580198057,0.0348641626,0.3682441542,20.625601991,1.7833777e-09,78.0,10.838
2015-11-30,46320310.266,1.7112737108000002,2.9284577132,-0.053589392,18.511278158,0.0857008643999999,0.0722219331,0.0495835282,0.2988679569,0.8403137995000001,3.9567509314,-0.117633279,11.027820154,0.0401494433,0.0401494433,13.0,-0.303754063,0.0900108631,-0.57075393,0.0691590649,9.0211345008,0.0007986449,-0.042753194,-0.032496789,0.0135722313999999,0.0203194148,0.0672505901,0.0772960134,0.0,1.4796249109,0.3604870725999999,0.0,0.0,0.0,0.3930431379,0.0129271162,0.3336541302,0.6818872567,0.0969299268,0.1630803424,0.0528577567999999,0.0880869193,0.2519025201,0.2745625033,17655.928664,0.2187948806,0.0031048664,-0.2901631939999999,0.0420592972,-0.004364424,0.0896933315,0.0854871403,0.0126252334,,-0.010999056,0.0101349876,0.9382194086,5.0,0.6814352456,0.0,0.0228852,0.0858039085,,0.0744670443,3.4222379167000003,2.5895708806,,0.0305902627999999,1.0,0.2583330628,0.0,0.2667151224,0.4040780987,-0.101127125,2.7851822773,0.3200765836,-0.00348853,-0.006490989,0.1838192195,0.0,0.0033579668,0.0165625448,0.012755503,0.0119967548,0.0240982718,0.0535199717,5.0,0.0451869209,1.06049e-11,0.0631822571,0.0317363527,0.4363944929,23.616466001,1.903594e-09,78.0,12.333
2015-12-31,52709762.823,1.7535324356,3.0748760027,-0.417194689,18.590850482,0.0856336031,0.0984484916,0.1379406303,0.2156843669,1.1734972258,3.2417084347000005,-0.0064815409999999,9.8496487046,0.0401494433,0.0401494433,13.0,-0.303754063,0.0900108631,-0.57075393,0.0691590649,9.0211345008,0.0007986449,-0.042753194,-0.032496789,0.0135722313999999,0.0203194148,0.0672505901,0.0772960134,0.0,1.4796249109,0.3604870725999999,0.0,0.0,0.0,0.3930431379,0.0129271162,0.3336541302,0.6818872567,0.0969299268,0.1630803424,0.0528577567999999,0.0880869193,0.2519025201,0.2745625033,17655.928664,0.2187948806,0.0031048664,-0.2901631939999999,0.0420592972,-0.004364424,0.0896933315,0.0854871403,0.0126252334,,-0.010999056,0.0101349876,0.9382194086,5.0,0.6814352456,0.0,0.0228852,0.0858039085,,0.0744670443,3.4222379167000003,2.5895708806,,0.0305902627999999,1.0,0.2583330628,0.0,0.2667151224,0.4040780987,-0.101127125,2.7851822773,0.3200765836,-0.00348853,-0.006490989,0.1838192195,0.0,0.0033579668,0.0165625448,0.012755503,0.0119967548,0.0240982718,0.0535199717,5.0,0.0408595697,1.213236e-11,0.0742884427,0.0302432624,0.3471276924,13.332712965,2.918642e-09,78.0,11.438
2016-01-29,48947776.025,1.8882400406,3.565450451,-0.704298433,18.343609467,0.0658803080999999,0.0749589158999999,-0.072569564,0.3141383014,1.2031064546,2.6894912312,0.3639091435,8.4627449789,0.0401494433,0.0401494433,13.0,-0.303754063,0.0900108631,-0.541696947,0.0691590649,9.0211345008,0.0007986449,-0.042753194,-0.032496789,0.0135722313999999,0.0203194148,0.0672505901,0.0772960134,0.0,1.4796249109,0.3604870725999999,0.0,0.0,0.0,0.3930431379,0.0129271162,0.3336541302,0.6818872567,0.0969299268,0.1630803424,0.0528577567999999,0.0880869193,0.2519025201,0.2745625033,17655.928664,0.2187948806,0.0031048664,-0.2901631939999999,0.0420592972,-0.004364424,0.0896933315,0.0854871403,0.0126252334,,-0.010999056,0.0101349876,0.9382194086,5.0,0.6814352456,0.0,0.0228852,0.0858039085,,0.0744670443,3.4222379167000003,2.5895708806,,0.0305902627999999,1.0,0.2583330628,0.0,0.2667151224,0.4040780987,-0.101127125,8.0229020934,0.2896735644,-0.005090089,0.01455196,0.1507576453,1.0,0.0028499151,0.0098213958,0.0137936344,0.0076109701,0.0252266281999999,0.0475512980999999,5.0,0.0369178419,1.140159e-11,0.034064088,0.022256511,0.4991959182,14.039326607,2.655959e-09,78.0,9.184
2016-02-29,39314957.472,1.7247165977,2.9746473423000004,-1.007729659,18.511046876,0.0655597615,0.0351090363,-0.197062433,0.0006123764,0.812268037,1.6736865656,0.1541392771,8.787339312,0.0401494433,0.0401494433,13.0,-0.303754063,0.0900108631,-0.541696947,0.0691590649,9.0211345008,0.0007986449,-0.042753194,-0.032496789,0.0135722313999999,0.0203194148,0.0672505901,0.0772960134,0.0,1.4796249109,0.3604870725999999,0.0,0.0,0.0,0.3930431379,0.0129271162,0.3336541302,0.6818872567,0.0969299268,0.1630803424,0.0528577567999999,0.0880869193,0.2519025201,0.2745625033,17655.928664,0.2187948806,0.0031048664,-0.2901631939999999,0.0420592972,-0.004364424,0.0896933315,0.0854871403,0.0126252334,,-0.010999056,0.0101349876,0.9382194086,5.0,0.6814352456,0.0,0.0228852,0.0858039085,,0.0744670443,3.4222379167000003,2.5895708806,,0.0305902627999999,1.0,0.2583330628,0.0,0.2667151224,0.4040780987,-0.101127125,7.6467703852,0.2896735644,-0.005090089,0.01455196,0.1507576453,1.0,0.0028499151,0.0098213958,0.0137936344,0.0076109701,0.0252266281999999,0.0475512980999999,5.0,0.061871825,1.293151e-11,0.0930707455,0.0412036779,0.3115504142,20.423998916,2.0186427e-09,78.0,9.341
2016-03-31,39987047.778000005,1.5528937789,2.4114790886,-0.883451103,18.612660837,0.0659477479,-0.147157025,0.0170950275,-0.201599595,0.3536880332,1.525042522,0.2110010447,9.3196649926,0.0401494433,0.0401494433,13.0,-0.303754063,0.0900108631,-0.541696947,0.0691590649,9.0211345008,0.0007986449,-0.042753194,-0.032496789,0.0135722313999999,0.0203194148,0.0672505901,0.0772960134,0.0,1.4796249109,0.3604870725999999,0.0,0.0,0.0,0.3930431379,0.0129271162,0.3336541302,0.6818872567,0.0969299268,0.1630803424,0.0528577567999999,0.0880869193,0.2519025201,0.2745625033,17655.928664,0.2187948806,0.0031048664,-0.2901631939999999,0.0420592972,-0.004364424,0.0896933315,0.0854871403,0.0126252334,,-0.010999056,0.0101349876,0.9382194086,5.0,0.6814352456,0.0,0.0228852,0.0858039085,,0.0744670443,3.4222379167000003,2.5895708806,,0.0305902627999999,1.0,0.2583330628,0.0,0.2667151224,0.4040780987,-0.101127125,8.3171994208,0.2896735644,-0.005090089,0.01455196,0.1507576453,1.0,0.0028499151,0.0098213958,0.0137936344,0.0076109701,0.0252266281999999,0.0475512980999999,5.0,0.0542511759,1.5560339999999998e-11,0.0641212687,0.0329644349,0.2043724452,10.087469238,2.4056029e-09,78.0,10.223
2016-04-29,43783985.908,1.5509229869,2.4053621111,-0.744645707,18.554821586,0.0628351172,-0.149758976,0.0944224298,-0.095390251,0.5692002138000001,1.2014476075,-0.07665989,9.2526482667,0.0401494433,0.0401494433,13.0,-0.303754063,0.0900108631,-0.541696947,0.0691590649,9.0211345008,0.0007986449,-0.042753194,-0.032496789,0.0135722313999999,0.0203194148,0.0672505901,0.0772960134,0.0,1.4796249109,0.3604870725999999,0.0,0.0,0.0,0.3930431379,0.0129271162,0.3336541302,0.6818872567,0.0969299268,0.1630803424,0.0528577567999999,0.0880869193,0.2519025201,0.2745625033,17655.928664,0.2187948806,0.0031048664,-0.2901631939999999,0.0420592972,-0.004364424,0.0896933315,0.0854871403,0.0126252334,,-0.010999056,0.0101349876,0.9382194086,5.0,0.6814352456,0.0,0.0228852,0.0858039085,,0.0744670443,3.4222379167000003,2.5895708806,,0.0305902627999999,1.0,0.2583330628,0.0,0.2667151224,0.4040780987,-0.101127125,0.4328388368999999,0.2631677828,-0.003752547,6.86711e-05,-0.111150681,2.0,0.0030484126,0.0052623531,0.0144837174,0.0074531489,0.0281654181999999,0.0433275983,5.0,0.0321810068,9.941594e-12,0.0523498467999999,0.0224833479,0.2880420346,9.9342163898,2.7335214e-09,78.0,9.003
2016-05-31,38559758.447,1.3257588512,1.7576365316,-0.532582079,18.491889109,0.0624334657,-0.094571374,-0.119338788,-0.056744725,0.2859120082999999,1.5755541298,0.1169502344999999,8.1010003136,0.0401494433,0.0401494433,13.0,-0.303754063,0.0900108631,-0.507969839,0.0691590649,9.0211345008,0.0007986449,-0.042753194,-0.032496789,0.0135722313999999,0.0203194148,0.0672505901,0.0772960134,0.0,1.4796249109,0.3604870725999999,0.0,0.0,0.0,0.3930431379,0.0129271162,0.3336541302,0.6818872567,0.0969299268,0.1630803424,0.0528577567999999,0.0880869193,0.2519025201,0.2745625033,17655.928664,0.2187948806,0.0031048664,-0.2901631939999999,0.0420592972,-0.004364424,0.0896933315,0.0854871403,0.0126252334,,-0.010999056,0.0101349876,0.9382194086,5.0,0.6814352456,0.0,0.0228852,0.0858039085,,0.0744670443,3.4222379167000003,2.5895708806,,0.0305902627999999,1.0,0.2583330628,0.0,0.2667151224,0.4040780987,-0.101127125,0.4328388368999999,0.2631677828,-0.003752547,6.86711e-05,-0.111150681,2.0,0.0030484126,0.0052623531,0.0144837174,0.0074531489,0.0281654181999999,0.0433275983,5.0,0.0305814491,1.108875e-11,0.0418777093,0.0340315627,0.4656507896,25.437325585,2.6228864e-09,78.0,10.257
2016-06-30,43930628.299,1.3001290423,1.6903355266,-0.551705519,18.373516756,0.0634800888,-0.064273863,0.1392869203999999,-0.2700073169999999,0.009854821,1.7582762417,0.2163653187999999,7.1272843898,0.0401494433,0.0401494433,13.0,-0.303754063,0.0900108631,-0.507969839,0.0691590649,9.0211345008,0.0007986449,-0.042753194,-0.032496789,0.0135722313999999,0.0203194148,0.0672505901,0.0772960134,0.0,1.4796249109,0.3604870725999999,0.0,0.0,0.0,0.3930431379,0.0129271162,0.3336541302,0.6818872567,0.0969299268,0.1630803424,0.0528577567999999,0.0880869193,0.2519025201,0.2745625033,17655.928664,0.2187948806,0.0031048664,-0.2901631939999999,0.0420592972,-0.004364424,0.0896933315,0.0854871403,0.0126252334,,-0.010999056,0.0101349876,0.9382194086,5.0,0.6814352456,0.0,0.0228852,0.0858039085,,0.0744670443,3.4222379167000003,2.5895708806,,0.0305902627999999,1.0,0.2583330628,0.0,0.2667151224,0.4040780987,-0.101127125,0.4328388368999999,0.2631677828,-0.003752547,6.86711e-05,-0.111150681,2.0,0.0030484126,0.0052623531,0.0144837174,0.0074531489,0.0281654181999999,0.0433275983,5.0,0.0292496397,1.497225e-11,0.0342108384,0.0203673368999999,0.280453369,8.5031806311,3.3662719e-09,78.0,9.148
2016-07-29,39219764.439,1.3585136647,1.8455593771,-0.418981632,18.379203127,0.0628442538,-0.0498416479999999,-0.1081212459999999,-0.103252294,0.0929308672,2.1121323314,0.1830058439,6.4031947441,0.1010549423,0.1010549423,14.0,-0.445851722,0.045424454,-0.1244959019999999,0.0280647375,17.793742716,-0.015310991,-0.131893065,-0.1373626419999999,1.3359541101,0.3643671938,0.0904191900999999,-0.022630728,0.0,1.5389287924,0.3591619957,0.0,0.0,0.0,0.1968651693,0.0025055479,0.3188931974,0.6853148145,0.1443912526,0.1676617532,0.5102040816,0.1185212361999999,0.1630195579,0.5348206357,44080.690547000006,0.1058695005,0.0028287653999999,-0.11504461,0.0400803481,-0.003675796,0.0144799312999999,0.0501543703,-0.135481091,,-0.1634101969999999,-0.099102761,7.0879094618,3.0,0.7156122012,0.0,0.0132955578,0.0959933541,,0.0427070879,2.9339451209,2.332937256,,0.012229259,1.0,0.2315957618,0.0,0.138504982,0.3913674225999999,0.2631229184,2.3487432542,0.2264769397,0.002183472,-0.01052585,0.0356146658,3.0,0.0043542595,0.0042380636,0.0199223187,0.0069176788,0.0126840628,0.0129294637999999,4.0,0.0254539756,1.6126170000000003e-11,0.0351255685,0.0195702861,0.2018054023,5.533099622999999,3.9017621e-09,78.0,9.125
2016-08-31,39121156.25,1.2943708332,1.6753958538,0.1901465577,18.487748621,0.0632597619,-0.052885389,-0.002514247,-0.003919783,-0.199720001,2.2728931406,0.2364089154,6.247325597200001,0.1010549423,0.1010549423,14.0,-0.445851722,0.045424454,-0.1244959019999999,0.0280647375,17.793742716,-0.015310991,-0.131893065,-0.1373626419999999,1.3359541101,0.3643671938,0.0904191900999999,-0.022630728,0.0,1.5389287924,0.3591619957,0.0,0.0,0.0,0.1968651693,0.0025055479,0.3188931974,0.6853148145,0.1443912526,0.1676617532,0.5102040816,0.1185212361999999,0.1630195579,0.5348206357,44080.690547000006,0.1058695005,0.0028287653999999,-0.11504461,0.0400803481,-0.003675796,0.0144799312999999,0.0501543703,-0.135481091,,-0.1634101969999999,-0.099102761,7.1108356912,3.0,0.7156122012,0.0,0.0132955578,0.0959933541,,0.0427070879,2.9339451209,2.332937256,,0.012229259,1.0,0.2315957618,0.0,0.138504982,0.3913674225999999,0.2631229184,2.3487432542,0.2264769397,0.002183472,-0.01052585,0.0356146658,3.0,0.0043542595,0.0042380636,0.0199223187,0.0069176788,0.0126840628,0.0129294637999999,4.0,0.0261272621,1.3711129999999998e-11,0.0567336529,0.0375030831,0.5328694839,26.314144026,2.9294115e-09,78.0,9.745
2016-09-30,41779249.942,1.3187724954,1.7391608945,0.2312010372,18.387434646,0.0640672006,-0.037454551,0.0679451749,-0.023123899,-0.2067286589999999,1.8361451819,0.2747709188,5.6007464455,0.1010549423,0.1010549423,14.0,-0.445851722,0.045424454,-0.095631807,0.0280647375,17.793742716,-0.015310991,-0.131893065,-0.1373626419999999,1.3359541101,0.3643671938,0.0904191900999999,-0.022630728,0.0,1.5389287924,0.3591619957,0.0,0.0,0.0,0.1968651693,0.0025055479,0.3188931974,0.6853148145,0.1443912526,0.1676617532,0.5102040816,0.1185212361999999,0.1630195579,0.5348206357,44080.690547000006,0.1058695005,0.0028287653999999,-0.11504461,0.0400803481,-0.003675796,0.0144799312999999,0.0501543703,-0.135481091,,-0.1634101969999999,-0.099102761,7.1108356912,3.0,0.7156122012,0.0,0.0132955578,0.0959933541,,0.0427070879,2.9339451209,2.332937256,,0.012229259,1.0,0.2315957618,0.0,0.138504982,0.3913674225999999,0.2631229184,2.3487432542,0.2264769397,0.002183472,-0.01052585,0.0356146658,3.0,0.0043542595,0.0042380636,0.0199223187,0.0069176788,0.0126840628,0.0129294637999999,4.0,0.0202522788,1.165512e-11,0.0384203382,0.0144876118,0.296016793,6.633124071699999,4.4658074e-09,78.0,9.855
2016-10-31,42292241.06,1.3138104845,1.7260979891,-0.026022457,18.335704988,0.0635059586,0.0476794221,0.0112879025,-0.046757367,-0.056265772,1.3376347212000002,0.2685337498,5.2234435137,0.1010549423,0.1010549423,14.0,-0.445851722,0.045424454,0.0842746961999999,0.0280647375,17.793742716,-0.015310991,-0.131893065,-0.1373626419999999,1.3640105702,0.3643671938,0.0904191900999999,-0.022630728,0.0,1.5389287924,0.3591619957,0.0,0.0,0.0,0.1968651693,0.0025055479,0.3188931974,0.6853148145,0.1443912526,0.1676617532,0.5102040816,0.1185212361999999,0.1630195579,0.5348206357,44080.690547000006,0.1058695005,0.0028287653999999,-0.11504461,0.0400803481,-0.003675796,0.0144799312999999,0.0501543703,-0.135481091,,-0.1634101969999999,-0.099102761,7.0879094618,3.0,0.7156122012,0.0,0.0132955578,0.0959933541,,0.0427070879,2.9339451209,2.332937256,,0.012229259,1.0,0.2315957618,0.0,0.138504982,0.3913674225999999,0.2631229184,1.556006359,0.1840188757999999,-0.000271518,-0.009297392,-0.147723291,0.0,0.0027108056,0.003901572,0.0124393615999999,0.0087841937,0.0201284309,0.0230259853,4.0,0.0212203027999999,1.644218e-11,0.0278291143,0.0186075307,0.3729462535,8.1739627578,5.2627099e-09,78.0,12.487
2016-11-30,53587337.329,1.2480573628,1.5576471808,0.55629383,18.43161116,0.0635342298,-0.01994625,0.2432432175,0.0946351786,-0.090699328,1.3525798616999998,0.3021137562,4.8678558529,0.1010549423,0.1010549423,14.0,-0.445851722,0.045424454,0.0842746961999999,0.0280647375,17.793742716,-0.015310991,-0.131893065,-0.1373626419999999,1.3758318739,0.3643671938,0.0904191900999999,-0.022630728,0.0,1.5389287924,0.3591619957,0.0,0.0,0.0,0.1968651693,0.0025055479,0.3188931974,0.6853148145,0.1443912526,0.1676617532,0.5102040816,0.1185212361999999,0.1630195579,0.5348206357,44080.690547000006,0.1058695005,0.0028287653999999,-0.11504461,0.0400803481,-0.003675796,0.0144799312999999,0.0501543703,-0.135481091,,-0.1634101969999999,-0.099102761,7.0879094618,3.0,0.7156122012,0.0,0.0132955578,0.0959933541,,0.0427070879,2.9339451209,2.332937256,,0.012229259,1.0,0.2315957618,0.0,0.138504982,0.3913674225999999,0.2631229184,1.556006359,0.1840188757999999,-0.000271518,-0.009297392,-0.147723291,0.0,0.0027108056,0.003901572,0.0124393615999999,0.0087841937,0.0201284309,0.0230259853,4.0,0.0267914503,1.276652e-11,0.1902805269,0.0447904858999999,0.5384395613,20.22277201,3.2586208e-09,78.0,11.7
2016-12-30,50209965.0,1.2521055905,1.5677684098,0.3090132961,18.342791005,0.0664814242,0.0573128667,-0.063025564,0.2174125225,0.0124868307,1.3600602665,0.345828129,4.5855869263,0.1010549423,0.1010549423,14.0,-0.445851722,0.045424454,0.0842746961999999,0.0280647375,17.793742716,-0.015310991,-0.131893065,-0.1373626419999999,1.3792864975,0.3643671938,0.0904191900999999,-0.022630728,0.0,1.5389287924,0.3591619957,0.0,0.0,0.0,0.1968651693,0.0025055479,0.3188931974,0.6853148145,0.1443912526,0.1676617532,0.5102040816,0.1185212361999999,0.1630195579,0.5348206357,44080.690547000006,0.1058695005,0.0028287653999999,-0.11504461,0.0400803481,-0.003675796,0.0144799312999999,0.0501543703,-0.135481091,,-0.1634101969999999,-0.099102761,6.965646897999999,3.0,0.7156122012,0.0,0.0132955578,0.0959933541,,0.0427070879,2.9339451209,2.332937256,,0.012229259,1.0,0.2315957618,0.0,0.138504982,0.3913674225999999,0.2631229184,1.556006359,0.1840188757999999,-0.000271518,-0.009297392,-0.147723291,0.0,0.0027108056,0.003901572,0.0124393615999999,0.0087841937,0.0201284309,0.0230259853,4.0,0.0263040595,1.017274e-11,0.0238694567,0.0156137495,0.4517327921,8.1907782461,6.0604606e-09,78.0,12.38
2017-01-31,53240686.512,1.14713114,1.3159098524,0.5535110207,18.566254568,0.0651852775,0.1360631692,0.0581196845,0.2789680287,0.022906129,1.1747017841,0.4320322778,4.2696455179,0.1010549423,0.1010549423,14.0,-0.445851722,0.045424454,0.1076869585,0.0280647375,17.793742716,-0.015310991,-0.131893065,-0.1373626419999999,1.4150988141999998,0.3643671938,0.0904191900999999,-0.022630728,0.0,1.5389287924,0.3591619957,0.0,0.0,0.0,0.1968651693,0.0025055479,0.3188931974,0.6853148145,0.1443912526,0.1676617532,0.5102040816,0.1185212361999999,0.1630195579,0.5348206357,44080.690547000006,0.1058695005,0.0028287653999999,-0.11504461,0.0400803481,-0.003675796,0.0144799312999999,0.0501543703,-0.135481091,,-0.1634101969999999,-0.099102761,7.057167511599999,3.0,0.7156122012,0.0,0.0132955578,0.0959933541,,0.0427070879,2.9339451209,2.332937256,,0.012229259,1.0,0.2315957618,0.0,0.138504982,0.3913674225999999,0.2631229184,1.9811540188,0.1582116610999999,-0.000380948,-0.00084832,-0.123218558,1.0,0.0036187185999999,0.003806043,0.0175877867999999,0.0117417844,0.0129790175,0.0169319584,4.0,0.0239378146,1.3696629999999998e-11,0.0454011075,0.015706983,0.4099468933,5.5847786996,6.908399e-09,78.0,14.071
2017-02-28,60563275.41,1.2041267176,1.449921152,0.5484516375,18.386350966,0.0653183056,0.2529400753,0.1365913004,0.3567123574,0.3479965996999999,0.5705665406,0.2418823407999999,3.5565636336,0.1010549423,0.1010549423,14.0,-0.445851722,0.045424454,0.1076869585,0.0280647375,17.793742716,-0.015310991,-0.131893065,-0.1373626419999999,1.4150988141999998,0.3643671938,0.0904191900999999,-0.022630728,0.0,1.5389287924,0.3591619957,0.0,0.0,0.0,0.1968651693,0.0025055479,0.3188931974,0.6853148145,0.1443912526,0.1676617532,0.5102040816,0.1185212361999999,0.1630195579,0.5348206357,44080.690547000006,0.1058695005,0.0028287653999999,-0.11504461,0.0400803481,-0.003675796,0.0144799312999999,0.0501543703,-0.135481091,,-0.1634101969999999,-0.099102761,7.057167511599999,3.0,0.7156122012,0.0,0.0132955578,0.0959933541,,0.0427070879,2.9339451209,2.332937256,,0.012229259,1.0,0.2315957618,0.0,0.138504982,0.3913674225999999,0.2631229184,1.9811540188,0.1582116610999999,-0.000380948,-0.00084832,-0.123218558,1.0,0.0036187185999999,0.003806043,0.0175877867999999,0.0117417844,0.0129790175,0.0169319584,4.0,0.0232244852999999,1.014293e-11,0.0386463254999999,0.0159114477,0.3958974784,10.007182886,5.161342999999999e-09,78.0,14.213
2017-03-31,61174459.662,1.2408253339,1.5396475094,0.4152414992,18.446042341,0.064936725,0.3135094439,0.0100916643,0.4439200614,0.5063697755,0.4672935538,0.2373887689,3.1179980495,0.1010549423,0.1010549423,14.0,-0.445851722,0.045424454,0.1076869585,0.0280647375,17.793742716,-0.015310991,-0.131893065,-0.1373626419999999,1.3792864975,0.3643671938,0.0904191900999999,-0.022630728,0.0,1.5389287924,0.3591619957,0.0,0.0,0.0,0.1968651693,0.0025055479,0.3188931974,0.6853148145,0.1443912526,0.1676617532,0.5102040816,0.1185212361999999,0.1630195579,0.5348206357,44080.690547000006,0.1058695005,0.0028287653999999,-0.11504461,0.0400803481,-0.003675796,0.0144799312999999,0.0501543703,-0.135481091,,-0.1634101969999999,-0.099102761,7.057167511599999,3.0,0.7156122012,0.0,0.0132955578,0.0959933541,,0.0427070879,2.9339451209,2.332937256,,0.012229259,1.0,0.2315957618,0.0,0.138504982,0.3913674225999999,0.2631229184,1.9811540188,0.1582116610999999,-0.000380948,-0.00084832,-0.123218558,1.0,0.0036187185999999,0.003806043,0.0175877867999999,0.0117417844,0.0129790175,0.0169319584,4.0,0.0150007326,1.020005e-11,0.0214939266,0.0090597159999999,0.3236380434,3.9138835643,1.0839017e-08,78.0,14.781
2017-04-28,63705074.278000005,1.1970236923,1.43286572,0.5358449671,18.375192665,0.0641636618,0.1502390817,0.0399633609,0.4422120686999999,0.3902963902,1.0328098099,0.2382703218,2.9732253065,0.1010549423,0.1010549423,14.0,-0.445851722,0.045424454,0.1076869585,0.0280647375,17.793742716,-0.015310991,-0.131893065,-0.1373626419999999,1.3792864975,0.3643671938,0.0904191900999999,-0.022630728,0.0,1.5389287924,0.3591619957,0.0,0.0,0.0,0.1968651693,0.0025055479,0.3188931974,0.6853148145,0.1443912526,0.1676617532,0.5102040816,0.1185212361999999,0.1630195579,0.5348206357,44080.690547000006,0.1058695005,0.0028287653999999,-0.11504461,0.0400803481,-0.003675796,0.0144799312999999,0.0501543703,-0.135481091,,-0.1634101969999999,-0.099102761,6.786589126799999,3.0,0.7156122012,0.0,0.0132955578,0.0959933541,,0.0427070879,2.9339451209,2.332937256,,0.012229259,1.0,0.2315957618,0.0,0.138504982,0.3913674225999999,0.2631229184,1.9594980549,0.1087891171,0.0014929004999999,0.0158596732,0.1861940026,2.0,0.004443608,0.0037073435,0.0213247268,0.0130480912,0.0087379177,0.0136219679,4.0,0.0163070456,1.122192e-11,0.0201236382,0.0108951809,0.2670596786,3.0115671460000004,7.3951346e-09,78.0,15.22
2017-05-31,65598807.485,1.179436508,1.3910704765000002,-0.168114591,18.575650542,0.0629058067999999,0.1737574505999999,0.0297002867,0.1837110159,0.641786066,0.9569307705,0.2421274489,2.7217110127,0.1010549423,0.1010549423,14.0,-0.445851722,0.045424454,0.1076869585,0.0280647375,17.793742716,-0.015310991,-0.131893065,-0.1373626419999999,1.3792864975,0.3643671938,0.0904191900999999,-0.022630728,0.0,1.5389287924,0.3591619957,0.0,0.0,0.0,0.1968651693,0.0025055479,0.3188931974,0.6853148145,0.1443912526,0.1676617532,0.5102040816,0.1185212361999999,0.1630195579,0.5348206357,44080.690547000006,0.1058695005,0.0028287653999999,-0.11504461,0.0400803481,-0.003675796,0.0144799312999999,0.0501543703,-0.135481091,,-0.1634101969999999,-0.099102761,6.6432344839,3.0,0.7156122012,0.0,0.0132955578,0.0959933541,,0.0427070879,2.9339451209,2.332937256,,0.012229259,1.0,0.2315957618,0.0,0.138504982,0.3913674225999999,0.2631229184,1.9594980549,0.1087891171,0.0014929004999999,0.0158596732,0.1861940026,2.0,0.004443608,0.0037073435,0.0213247268,0.0130480912,0.0087379177,0.0136219679,4.0,0.0209391889,1.068883e-11,0.0579156055999999,0.0194709626,0.5913700397,12.625069857,6.6264997e-09,78.0,16.307
2017-06-30,70283825.43699999,1.1458306526,1.3129278845,0.2530763302,18.342347683,0.0631919381,0.2306421681,0.0714192539,0.3008546717,0.483864646,0.7183783767,0.2756870334,2.9130036672000004,0.1010549423,0.1010549423,14.0,-0.445851722,0.045424454,0.1076869585,0.0280647375,17.793742716,-0.015310991,-0.131893065,-0.1373626419999999,1.4150988141999998,0.3643671938,0.0904191900999999,-0.022630728,0.0,1.5389287924,0.3591619957,0.0,0.0,0.0,0.1968651693,0.0025055479,0.3188931974,0.6853148145,0.1443912526,0.1676617532,0.5102040816,0.1185212361999999,0.1630195579,0.5348206357,44080.690547000006,0.1058695005,0.0028287653999999,-0.11504461,0.0400803481,-0.003675796,0.0144799312999999,0.0501543703,-0.135481091,,-0.1634101969999999,-0.099102761,6.6432344839,3.0,0.7156122012,0.0,0.0132955578,0.0959933541,,0.0427070879,2.9339451209,2.332937256,,0.012229259,1.0,0.2315957618,0.0,0.138504982,0.3913674225999999,0.2631229184,1.9594980549,0.1087891171,0.0014929004999999,0.0158596732,0.1861940026,2.0,0.004443608,0.0037073435,0.0213247268,0.0130480912,0.0087379177,0.0136219679,4.0,0.0175390308,1.0483e-11,0.0335974842,0.0141292034,0.3017564657,3.8824960229,7.3368485e-09,78.0,14.941
2017-07-31,64507769.081,1.145457323,1.3120724788,-0.14643534,18.489696532,0.0629976815,0.2253740198999999,-0.083767727,0.3172051918,0.7825754285,0.4533818192,0.2309226891,3.1059640996,0.1396131341,0.1396131341,15.0,-0.331645769,0.0503336859999999,0.327757228,0.0258607119,24.811877272,-0.027685294,-0.192704403,0.0111469657,0.0049399449,0.0970082132,0.0689640098,-0.032380619,0.0,1.2471590965,0.2297489966,0.0,0.0,0.0,0.2052571121999999,0.0035063035,0.2801462451,0.5439434357,0.1912974058,0.2117675071999999,0.2702702703,0.0876375875,0.2048585580999999,0.3668632342,47520.629911,0.1071747892,0.0025847024,0.8518802857,-0.18959272,-0.360319301,-0.03237824,-0.392498061,0.020271163,,0.0163111737,0.0158086704,5.2833047105,2.0,0.4347358,0.0,0.01600464,0.096493029,,0.029441497,5.0932983501,2.3698178921,,0.0086793403,1.0,0.3025524997,0.0,0.1658631734,0.2874913797,0.1092299494,1.9708640551,0.1276096098,0.0045053985,0.0211526587,0.0353722250999999,3.0,0.0054058616,0.0035702304,0.0263933956,0.0122877457,0.0060904086,0.0051655807,3.0,0.0256179962999999,1.096574e-11,0.020207921,0.0186592868,0.3364871318,5.775450102200001,6.3162183e-09,78.0,18.166
2017-08-31,78431706.581,1.1100334137,1.2321741795,-0.251003413,18.522371765,0.0630630029,0.1620482305,0.2158489971999999,0.0618292666,0.6373698895000001,0.5110475327,0.2882694567,3.3805782667,0.1396131341,0.1396131341,15.0,-0.331645769,0.0503336859999999,0.327757228,0.0258607119,24.811877272,-0.027685294,-0.192704403,0.0111469657,0.0049399449,0.0970082132,0.0689640098,-0.032380619,0.0,1.2471590965,0.2297489966,0.0,0.0,0.0,0.2052571121999999,0.0035063035,0.2801462451,0.5439434357,0.1912974058,0.2117675071999999,0.2702702703,0.0876375875,0.2048585580999999,0.3668632342,47520.629911,0.1071747892,0.0025847024,0.8518802857,-0.18959272,-0.360319301,-0.03237824,-0.392498061,0.020271163,,0.0163111737,0.0158086704,5.2833047105,2.0,0.4347358,0.0,0.01600464,0.096493029,,0.029441497,5.0932983501,2.3698178921,,0.0086793403,1.0,0.3025524997,0.0,0.1658631734,0.2874913797,0.1092299494,1.9708640551,0.1276096098,0.0045053985,0.0211526587,0.0353722250999999,3.0,0.0054058616,0.0035702304,0.0263933956,0.0122877457,0.0060904086,0.0051655807,3.0,0.0263812156,1.346651e-11,0.135436058,0.0335778723,0.6291097615,19.777845189,5.0958483e-09,78.0,17.471
2017-09-29,75431045.39899999,1.1407124886,1.3012249817,-0.229264854,18.40338339,0.0647572929,0.1535455087,-0.038258266,0.2781256342,0.8641355240999999,0.4281676111,0.2484824614999999,3.5249543019,0.1396131341,0.1396131341,15.0,-0.331645769,0.0503336859999999,0.327757228,0.0258607119,24.811877272,-0.027685294,-0.192704403,0.0111469657,0.0049399449,0.0970082132,0.0689640098,-0.032380619,0.0,1.2471590965,0.2297489966,0.0,0.0,0.0,0.2052571121999999,0.0035063035,0.2801462451,0.5439434357,0.1912974058,0.2117675071999999,0.2702702703,0.0876375875,0.2048585580999999,0.3668632342,47520.629911,0.1071747892,0.0025847024,0.8518802857,-0.18959272,-0.360319301,-0.03237824,-0.392498061,0.020271163,,0.0163111737,0.0158086704,5.2617204861,2.0,0.4347358,0.0,0.01600464,0.096493029,,0.029441497,5.0932983501,2.3698178921,,0.0086793403,1.0,0.3025524997,0.0,0.1658631734,0.2874913797,0.1092299494,1.9708640551,0.1276096098,0.0045053985,0.0211526587,0.0353722250999999,3.0,0.0054058616,0.0035702304,0.0263933956,0.0122877457,0.0060904086,0.0051655807,3.0,0.0235337254,1.065558e-11,0.0348320901,0.0148510675,0.2653142516,3.8435376211,6.0139219e-09,78.0,18.135
2017-10-31,78475769.491,1.1466443461,1.3147932564,-0.272934726,18.433117429,0.0613813094,0.0626925986,0.0380058326,0.181990453,0.7728056743,0.5289907615999999,0.4191914903,3.3379797919,0.1396131341,0.1396131341,15.0,-0.331645769,0.0503336859999999,0.2269331752,0.0258607119,24.811877272,-0.027685294,-0.192704403,0.0111469657,0.0049399449,0.0970082132,0.0689640098,-0.032380619,0.0,1.2471590965,0.2297489966,0.0,0.0,0.0,0.2052571121999999,0.0035063035,0.2801462451,0.5439434357,0.1912974058,0.2117675071999999,0.2702702703,0.0876375875,0.2048585580999999,0.3668632342,47520.629911,0.1071747892,0.0025847024,0.8518802857,-0.18959272,-0.360319301,-0.03237824,-0.392498061,0.020271163,,0.0163111737,0.0158086704,5.1593949971,2.0,0.4347358,0.0,0.01600464,0.096493029,,0.029441497,5.0932983501,2.3698178921,,0.0086793403,1.0,0.3025524997,0.0,0.1658631734,0.2874913797,0.1092299494,2.7976592410000003,0.0934062284,0.0029611248999999,-0.0021956999999999,0.0038790312,4.0,0.0131174737,0.0036663544,0.0665057094,0.010656906,0.0123570977,0.010757538,3.0,0.0205665641,1.003261e-11,0.0301553532,0.0166721476,0.2464105782,3.4296941899,8.4760291e-09,78.0,19.643
2017-11-30,85001347.161,1.2080849993,1.4594693656,0.0717368676,18.458297615,0.0610780159,0.0996533986,0.083154045,0.1915243689999999,0.4523104151,1.2254501801,0.3227579393,3.5177804841,0.1396131341,0.1396131341,15.0,-0.331645769,0.0503336859999999,0.2269331752,0.0258607119,24.811877272,-0.027685294,-0.192704403,0.0111469657,0.0049399449,0.0970082132,0.0689640098,-0.032380619,0.0,1.2471590965,0.2297489966,0.0,0.0,0.0,0.2052571121999999,0.0035063035,0.2801462451,0.5439434357,0.1912974058,0.2117675071999999,0.2702702703,0.0876375875,0.2048585580999999,0.3668632342,47520.629911,0.1071747892,0.0025847024,0.8518802857,-0.18959272,-0.360319301,-0.03237824,-0.392498061,0.020271163,,0.0163111737,0.0158086704,5.1572928413,2.0,0.4347358,0.0,0.01600464,0.096493029,,0.029441497,5.0932983501,2.3698178921,,0.0086793403,1.0,0.3025524997,0.0,0.1658631734,0.2874913797,0.1092299494,2.7976592410000003,0.0934062284,0.0029611248999999,-0.0021956999999999,0.0038790312,4.0,0.0131174737,0.0036663544,0.0665057094,0.010656906,0.0123570977,0.010757538,3.0,0.0240093789,8.387655e-12,0.0538899563,0.0184557367,0.5079858884,13.094334562,4.1237646e-09,78.0,18.758
2017-12-29,81171681.772,1.2291526107,1.5108161403,-0.243457234,18.612569895,0.0614201374,0.0399298016999999,-0.045054171,0.2045746194,0.6788888152,1.3630226825999998,0.296068486,3.3158103615,0.1396131341,0.1396131341,15.0,-0.331645769,0.0503336859999999,0.2269331752,0.0258607119,24.811877272,-0.027685294,-0.192704403,0.0111469657,0.0049399449,0.0970082132,0.0689640098,-0.032380619,0.0,1.2471590965,0.2297489966,0.0,0.0,0.0,0.2052571121999999,0.0035063035,0.2801462451,0.5439434357,0.1912974058,0.2117675071999999,0.2702702703,0.0876375875,0.2048585580999999,0.3668632342,47520.629911,0.1071747892,0.0025847024,0.8518802857,-0.18959272,-0.360319301,-0.03237824,-0.392498061,0.020271163,,0.0163111737,0.0158086704,5.1593949971,2.0,0.4347358,0.0,0.01600464,0.096493029,,0.029441497,5.0932983501,2.3698178921,,0.0086793403,1.0,0.3025524997,0.0,0.1658631734,0.2874913797,0.1092299494,2.7976592410000003,0.0934062284,0.0029611248999999,-0.0021956999999999,0.0038790312,4.0,0.0131174737,0.0036663544,0.0665057094,0.010656906,0.0123570977,0.010757538,3.0,0.0202063009,9.880766e-12,0.0211740043,0.0165665704,0.3775730949,5.6279822873,8.1218797e-09,78.0,19.196
2018-01-31,83194123.19,1.2384898412,1.5338570867,0.077920935,18.574968293,0.0571209043,0.1288067165,0.0233500637,0.2554715023,0.5151857531,1.536811225,0.3523397995,3.3406007171,0.1396131341,0.1396131341,15.0,-0.331645769,0.0503336859999999,0.2280254689,0.0258607119,24.811877272,-0.027685294,-0.192704403,0.0111469657,0.0049399449,0.0970082132,0.0689640098,-0.032380619,0.0,1.2471590965,0.2297489966,0.0,0.0,0.0,0.2052571121999999,0.0035063035,0.2801462451,0.5439434357,0.1912974058,0.2117675071999999,0.2702702703,0.0876375875,0.2048585580999999,0.3668632342,47520.629911,0.1071747892,0.0025847024,0.8518802857,-0.18959272,-0.360319301,-0.03237824,-0.392498061,0.020271163,,0.0163111737,0.0158086704,5.2617204861,2.0,0.4347358,0.0,0.01600464,0.096493029,,0.029441497,5.0932983501,2.3698178921,,0.0086793403,1.0,0.3025524997,0.0,0.1658631734,0.2874913797,0.1092299494,2.4482208118,0.1310693692,-0.00535774,-0.002742304,0.1574290709,0.0,0.0045685327,0.0037112775,0.022060186,0.0105453967,0.0134484079,0.0141219118999999,3.0,0.0234939047,8.107612e-12,0.0347401276,0.0122109376,0.2990384346999999,4.1338574708,8.2164755e-09,78.0,27.03
2018-02-28,117296139.1,1.20571397,1.4537461775,0.196920358,18.550768745,0.0570112194,0.0684735059999999,0.408105731,0.0566993474,0.36422427,1.2294479267,0.3193631698999999,3.5703164127,0.1396131341,0.1396131341,15.0,-0.331645769,0.0503336859999999,0.2280254689,0.0258607119,24.811877272,-0.027685294,-0.192704403,0.0111469657,0.0049399449,0.0970082132,0.0689640098,-0.032380619,0.0,1.2471590965,0.2297489966,0.0,0.0,0.0,0.2052571121999999,0.0035063035,0.2801462451,0.5439434357,0.1912974058,0.2117675071999999,0.2702702703,0.0876375875,0.2048585580999999,0.3668632342,47520.629911,0.1071747892,0.0025847024,0.8518802857,-0.18959272,-0.360319301,-0.03237824,-0.392498061,0.020271163,,0.0163111737,0.0158086704,5.2617204861,2.0,0.4347358,0.0,0.01600464,0.096493029,,0.029441497,5.0932983501,2.3698178921,,0.0086793403,1.0,0.3025524997,0.0,0.1658631734,0.2874913797,0.1092299494,2.4482208118,0.1310693692,-0.00535774,-0.002742304,0.1574290709,0.0,0.0045685327,0.0037112775,0.022060186,0.0105453967,0.0134484079,0.0141219118999999,3.0,0.0298725468,8.999374e-12,0.0997890458,0.0282602379999999,0.5179323489000001,12.52645717,3.7857883e-09,78.0,29.138
2018-03-29,126443770.36,1.3019986044,1.6952003658,0.438565525,18.759963011,0.0594557976,0.1478352386,0.0779874846,0.5471351132,0.9017798888,1.0949443994,0.3140900927,4.1293824786,0.1396131341,0.1396131341,15.0,-0.331645769,0.0503336859999999,0.2188554378999999,0.0258607119,24.811877272,-0.027685294,-0.192704403,0.0111469657,0.0049399449,0.0970082132,0.0689640098,-0.032380619,0.0,1.2471590965,0.2297489966,0.0,0.0,0.0,0.2052571121999999,0.0035063035,0.2801462451,0.5439434357,0.1912974058,0.2117675071999999,0.2702702703,0.0876375875,0.2048585580999999,0.3668632342,47520.629911,0.1071747892,0.0025847024,0.8518802857,-0.18959272,-0.360319301,-0.03237824,-0.392498061,0.020271163,,0.0163111737,0.0158086704,5.2617204861,2.0,0.4347358,0.0,0.01600464,0.096493029,,0.029441497,5.0932983501,2.3698178921,,0.0086793403,1.0,0.3025524997,0.0,0.1658631734,0.2874913797,0.1092299494,2.4482208118,0.1310693692,-0.00535774,-0.002742304,0.1574290709,0.0,0.0045685327,0.0037112775,0.022060186,0.0105453967,0.0134484079,0.0141219118999999,3.0,0.0397941527,7.885553999999999e-12,0.0536465757,0.0283691537,0.1975527825,5.3056959289,5.4111664e-09,78.0,29.535
2018-04-30,128375947.6,1.3522191874,1.8284967307,0.4017056725999999,18.7793208,0.0558845916,0.0975821991,0.0136248237,0.6067272810000001,0.9713145634,1.4830689419999998,0.3428693141,5.2656894253,0.1396131341,0.1396131341,15.0,-0.331645769,0.0503336859999999,0.20852297,0.0258607119,24.811877272,-0.027685294,-0.192704403,0.0111469657,0.0049399449,0.0970082132,0.0689640098,-0.032380619,0.0,1.2471590965,0.2297489966,0.0,0.0,0.0,0.2052571121999999,0.0035063035,0.2801462451,0.5439434357,0.1912974058,0.2117675071999999,0.2702702703,0.0876375875,0.2048585580999999,0.3668632342,47520.629911,0.1071747892,0.0025847024,0.8518802857,-0.18959272,-0.360319301,-0.03237824,-0.392498061,0.020271163,,0.0163111737,0.0158086704,5.1572928413,2.0,0.4347358,0.0,0.01600464,0.096493029,,0.029441497,5.0932983501,2.3698178921,,0.0086793403,1.0,0.3025524997,0.0,0.1658631734,0.2874913797,0.1092299494,2.3689567581,0.1030271585999999,-0.003317557,-0.010934713,0.018735962,1.0,0.0078457499,0.0037208888,0.0416353414,0.0088520448,0.0134549046,0.0169146414,3.0,0.0392474547,6.598691000000001e-12,0.0644979179,0.0329998646,0.4138569833,11.07587294,3.432105e-09,78.0,31.246
2018-05-31,135824171.07,1.3815882943,1.908786215,0.3000894485,18.786512079,0.0561644039,0.043323209,0.0579312183,0.5035891379999999,0.9405388174,0.9144653904,0.2426133391,5.445534358,0.1396131341,0.1396131341,15.0,-0.331645769,0.0503336859999999,0.20852297,0.0258607119,24.811877272,-0.027685294,-0.192704403,0.0111469657,0.0049399449,0.0970082132,0.0689640098,-0.032380619,0.0,1.2471590965,0.2297489966,0.0,0.0,0.0,0.2052571121999999,0.0035063035,0.2801462451,0.5439434357,0.1912974058,0.2117675071999999,0.2702702703,0.0876375875,0.2048585580999999,0.3668632342,47520.629911,0.1071747892,0.0025847024,0.8518802857,-0.18959272,-0.360319301,-0.03237824,-0.392498061,0.020271163,,0.0163111737,0.0158086704,5.1572928413,2.0,0.4347358,0.0,0.01600464,0.096493029,,0.029441497,5.0932983501,2.3698178921,,0.0086793403,1.0,0.3025524997,0.0,0.1658631734,0.2874913797,0.1092299494,2.3689567581,0.1030271585999999,-0.003317557,-0.010934713,0.018735962,1.0,0.0078457499,0.0037208888,0.0416353414,0.0088520448,0.0134549046,0.0169146414,3.0,0.0386216552999999,5.039532e-12,0.0918838084,0.0290009363,0.369099899,13.367948043,3.4559605e-09,78.0,35.16
2018-06-29,152838061.45,1.4080467075,1.9825955305,0.7240967337,18.675474576,0.0567500211,0.081191372,0.1252640784,0.6657425381000001,0.9161094854,0.8291351215999999,0.2245657201,5.1091157662,0.1396131341,0.1396131341,15.0,-0.331645769,0.0503336859999999,0.20852297,0.0258607119,24.811877272,-0.027685294,-0.192704403,0.0111469657,0.0049399449,0.0970082132,0.0689640098,-0.032380619,0.0,1.2471590965,0.2297489966,0.0,0.0,0.0,0.2052571121999999,0.0035063035,0.2801462451,0.5439434357,0.1912974058,0.2117675071999999,0.2702702703,0.0876375875,0.2048585580999999,0.3668632342,47520.629911,0.1071747892,0.0025847024,0.8518802857,-0.18959272,-0.360319301,-0.03237824,-0.392498061,0.020271163,,0.0163111737,0.0158086704,5.1572928413,2.0,0.4347358,0.0,0.01600464,0.096493029,,0.029441497,5.0932983501,2.3698178921,,0.0086793403,1.0,0.3025524997,0.0,0.1658631734,0.2874913797,0.1092299494,2.3689567581,0.1030271585999999,-0.003317557,-0.010934713,0.018735962,1.0,0.0078457499,0.0037208888,0.0416353414,0.0088520448,0.0134549046,0.0169146414,3.0,0.0210999972,4.383243e-12,0.039503064,0.0127345221999999,0.3607871961,5.8117567011,6.089358e-09,78.0,39.143
2018-07-31,170451321.75,1.3985789428,1.9560230593,0.7543357520999999,18.648682089,0.0552695315,0.1411595597,0.1132820993999999,0.8316315290999999,1.3532560877000002,0.5920327998,0.2616127582,4.9603344831,0.1438603442,0.1438603442,16.0,-0.399373501,0.043055397,-0.669469909,0.0479041443,25.0392998,-0.021467238,-0.074557647,-0.004845556,0.0077641412,0.1589114778,0.0358674000999999,-0.490895852,0.0,1.4031350571,0.2251412005,0.0,0.0,0.0,0.3366504963,0.0067183714,0.3021326144,0.8992416272,0.1863754838,0.2714068306,0.170212766,0.0501406164,0.1854792857,0.4147845245,76043.372561,0.1877147569999999,0.0023993067999999,-0.638856266,0.1250650066,-0.020055783,0.1120529297,0.4134985067,0.1672109412,,0.0046475597,0.1445346416,4.1953038758,4.0,0.614498404,0.0,0.012654476,0.0900371026,,0.0589151404,4.1422466031,2.7123386719,,0.0045388582,1.0,0.3241027379,0.0,0.1405473483,0.2814826519,0.1330830342999999,2.0365472138,0.1484685902,-0.005719455,-0.009603595,0.1326751758,2.0,0.0109439613999999,0.0037889740999999,0.0557549962,0.0097147971,0.0168111069,0.0158296037999999,4.0,0.0300226901,3.7384730000000004e-12,0.0442514531,0.0249085767,0.5294159848,12.134935228,3.7116574e-09,78.0,33.745
2018-08-31,146945307.42,1.4035111000999998,1.9698434082,-0.239516635,18.706464008,0.054197664,0.1722247335,-0.137904555,0.448131734,1.1547395142,0.5891873695000001,0.2214651957,5.2941232756,0.1438603442,0.1438603442,16.0,-0.399373501,0.043055397,-0.669469909,0.0479041443,25.0392998,-0.021467238,-0.074557647,-0.004845556,0.0077641412,0.1589114778,0.0358674000999999,-0.490895852,0.0,1.4031350571,0.2251412005,0.0,0.0,0.0,0.3366504963,0.0067183714,0.3021326144,0.8992416272,0.1863754838,0.2714068306,0.170212766,0.0501406164,0.1854792857,0.4147845245,76043.372561,0.1877147569999999,0.0023993067999999,-0.638856266,0.1250650066,-0.020055783,0.1120529297,0.4134985067,0.1672109412,,0.0046475597,0.1445346416,4.1953038758,4.0,0.614498404,0.0,0.012654476,0.0900371026,,0.0589151404,4.1422466031,2.7123386719,,0.0045388582,1.0,0.3241027379,0.0,0.1405473483,0.2814826519,0.1330830342999999,2.0365472138,0.1484685902,-0.005719455,-0.009603595,0.1326751758,2.0,0.0109439613999999,0.0037889740999999,0.0557549962,0.0097147971,0.0168111069,0.0158296037999999,4.0,0.0345204506,4.047587999999999e-12,0.0262584239,0.0241997112,0.5111919286,25.545258379,2.9681795e-09,78.0,36.768
2018-09-28,160109194.25,1.3388979503,1.7926477213,-0.405934963,18.641366278,0.0535184653,0.2864589941,0.0895835832,0.1581097091,0.9314864427,0.5188212593,0.1857129169,5.833707495900001,0.1438603442,0.1438603442,16.0,-0.399373501,0.043055397,-0.669469909,0.0479041443,25.0392998,-0.021467238,-0.074557647,-0.004845556,0.0077641412,0.1589114778,0.0358674000999999,-0.490895852,0.0,1.4031350571,0.2251412005,0.0,0.0,0.0,0.3366504963,0.0067183714,0.3021326144,0.8992416272,0.1863754838,0.2714068306,0.170212766,0.0501406164,0.1854792857,0.4147845245,76043.372561,0.1877147569999999,0.0023993067999999,-0.638856266,0.1250650066,-0.020055783,0.1120529297,0.4134985067,0.1672109412,,0.0046475597,0.1445346416,4.1953038758,4.0,0.614498404,0.0,0.012654476,0.0900371026,,0.0589151404,4.1422466031,2.7123386719,,0.0045388582,1.0,0.3241027379,0.0,0.1405473483,0.2814826519,0.1330830342999999,2.0365472138,0.1484685902,-0.005719455,-0.009603595,0.1326751758,2.0,0.0109439613999999,0.0037889740999999,0.0557549962,0.0097147971,0.0168111069,0.0158296037999999,4.0,0.0299918933999999,4.847782e-12,0.0579355284999999,0.0205327139,0.3702853206,7.8991418242,3.8788426e-09,78.0,37.413
2018-10-31,163152483.18,1.3521447992,1.828295558,-0.36188428,18.608019476,0.0539634388,0.2372988739,0.0175424609,0.2448958403,1.0274605913,0.7562463944,0.1181612814,5.2749173517,0.1438603442,0.1438603442,16.0,-0.399373501,0.043055397,-0.740949152,0.0479041443,25.0392998,-0.021467238,-0.074557647,-0.004845556,0.0077641412,0.1589114778,0.0358674000999999,-0.490895852,0.0,1.4031350571,0.2251412005,0.0,0.0,0.0,0.3366504963,0.0067183714,0.3021326144,0.8992416272,0.1863754838,0.2714068306,0.170212766,0.0501406164,0.1854792857,0.4147845245,76043.372561,0.1877147569999999,0.0023993067999999,-0.638856266,0.1250650066,-0.020055783,0.1120529297,0.4134985067,0.1672109412,,0.0046475597,0.1445346416,4.1953038758,4.0,0.614498404,0.0,0.012654476,0.0900371026,,0.0589151404,4.1422466031,2.7123386719,,0.0045388582,1.0,0.3241027379,0.0,0.1405473483,0.2814826519,0.1330830342999999,0.7558108988,0.1287000509,-0.0025125539999999,0.0008290702,0.0872267392,3.0,0.0152594507,0.0042856439,0.0809959698,0.0082898786,0.019003594,0.0293896394,4.0,0.0346426966,5.514427e-12,0.049379155,0.0256535993,0.3084815346,6.3114461087,5.8674187e-09,78.0,30.178
2018-11-30,131601730.77,1.3824181726,1.911080004,-0.624874241,18.598541707,0.0525135765,0.2628977971,-0.193381995,0.1973693138,0.9046480498,0.8124192454000001,-0.083756122,5.7184975406,0.1438603442,0.1438603442,16.0,-0.399373501,0.043055397,-0.8177921440000001,0.0479041443,25.0392998,-0.021467238,-0.074557647,-0.004845556,0.0077641412,0.1589114778,0.0358674000999999,-0.490895852,0.0,1.4031350571,0.2251412005,0.0,0.0,0.0,0.3366504963,0.0067183714,0.3021326144,0.8992416272,0.1863754838,0.2714068306,0.170212766,0.0501406164,0.1854792857,0.4147845245,76043.372561,0.1877147569999999,0.0023993067999999,-0.638856266,0.1250650066,-0.020055783,0.1120529297,0.4134985067,0.1672109412,,0.0046475597,0.1445346416,4.1953038758,4.0,0.614498404,0.0,0.012654476,0.0900371026,,0.0589151404,4.1422466031,2.7123386719,,0.0045388582,1.0,0.3241027379,0.0,0.1405473483,0.2814826519,0.1330830342999999,0.7558108988,0.1287000509,-0.0025125539999999,0.0008290702,0.0872267392,3.0,0.0152594507,0.0042856439,0.0809959698,0.0082898786,0.019003594,0.0293896394,4.0,0.0549382454999999,6.446267e-12,0.0574898496,0.0419918237,0.3560191572,13.856432716,2.2809096e-09,78.0,28.613
2018-12-31,124777003.18,1.3480664322,1.8172831056,-1.060606154,18.839129139,0.0522960057,0.0777057499,-0.05185895,-0.1416951219999999,0.6088068704999999,0.5209600152,0.0175386379,6.044423677899999,0.1438603442,0.1438603442,16.0,-0.399373501,0.043055397,-0.8177921440000001,0.0479041443,25.0392998,-0.021467238,-0.074557647,-0.004845556,0.0077641412,0.1589114778,0.0358674000999999,-0.490895852,0.0,1.4031350571,0.2251412005,0.0,0.0,0.0,0.3366504963,0.0067183714,0.3021326144,0.8992416272,0.1863754838,0.2714068306,0.170212766,0.0501406164,0.1854792857,0.4147845245,76043.372561,0.1877147569999999,0.0023993067999999,-0.638856266,0.1250650066,-0.020055783,0.1120529297,0.4134985067,0.1672109412,,0.0046475597,0.1445346416,4.1953038758,4.0,0.614498404,0.0,0.012654476,0.0900371026,,0.0589151404,4.1422466031,2.7123386719,,0.0045388582,1.0,0.3241027379,0.0,0.1405473483,0.2814826519,0.1330830342999999,0.7558108988,0.1287000509,-0.0025125539999999,0.0008290702,0.0872267392,3.0,0.0152594507,0.0042856439,0.0809959698,0.0082898786,0.019003594,0.0293896394,4.0,0.0521755528,7.151252000000001e-12,0.0600832179,0.031575386,0.2807547073,6.302000943,3.5334258e-09,78.0,26.766
2019-01-31,116860089.94,1.429751101,2.0441882109,-1.355322142,18.732202725,0.0525380722,0.033734312,-0.064551078,-0.269013588,0.4905709090999999,0.6782655259,0.0345644805,6.5300164835,0.1438603442,0.1438603442,16.0,-0.399373501,0.043055397,-0.8177921440000001,0.0479041443,25.0392998,-0.021467238,-0.074557647,-0.004845556,0.0077641412,0.1589114778,0.0358674000999999,-0.490895852,0.0,1.4031350571,0.2251412005,0.0,0.0,0.0,0.3366504963,0.0067183714,0.3021326144,0.8992416272,0.1863754838,0.2714068306,0.170212766,0.0501406164,0.1854792857,0.4147845245,76043.372561,0.1877147569999999,0.0023993067999999,-0.638856266,0.1250650066,-0.020055783,0.1120529297,0.4134985067,0.1672109412,,0.0046475597,0.1445346416,4.1953038758,4.0,0.614498404,0.0,0.012654476,0.0900371026,,0.0589151404,4.1422466031,2.7123386719,,0.0045388582,1.0,0.3241027379,0.0,0.1405473483,0.2814826519,0.1330830342999999,1.7742106202,0.1723630782,0.0058075743,-0.001154728,-0.083418213,4.0,0.0190717447,0.0051165648999999,0.0955918452999999,0.0065813862,0.0243093233,0.027803866,4.0,0.0577899808,9.556473e-12,0.0846160129,0.0388451876,0.2277399902,7.0460374555,4.2822439e-09,78.0,33.95
2019-02-28,148225360.5,1.5224603884,2.3178856342,-0.242352831,18.717803603,0.0514349100999999,-0.05724447,0.2684001923,-0.20681584,-0.0097668659999999,1.9431619614,-0.008589364,6.095125427799999,0.1438603442,0.1438603442,16.0,-0.399373501,0.043055397,-0.650490517,0.0479041443,25.0392998,-0.021467238,-0.074557647,-0.004845556,0.0077641412,0.1589114778,0.0358674000999999,-0.490895852,0.0,1.4031350571,0.2251412005,0.0,0.0,0.0,0.3366504963,0.0067183714,0.3021326144,0.8992416272,0.1863754838,0.2714068306,0.170212766,0.0501406164,0.1854792857,0.4147845245,76043.372561,0.1877147569999999,0.0023993067999999,-0.638856266,0.1250650066,-0.020055783,0.1120529297,0.4134985067,0.1672109412,,0.0046475597,0.1445346416,4.1953038758,4.0,0.614498404,0.0,0.012654476,0.0900371026,,0.0589151404,4.1422466031,2.7123386719,,0.0045388582,1.0,0.3241027379,0.0,0.1405473483,0.2814826519,0.1330830342999999,1.7742106202,0.1723630782,0.0058075743,-0.001154728,-0.083418213,4.0,0.0190717447,0.0051165648999999,0.0955918452999999,0.0065813862,0.0243093233,0.027803866,4.0,0.0371340573,5.149337000000001e-12,0.0972344875,0.0341687914,0.3486191815,11.273777894,2.9655781e-09,78.0,35.81
2019-03-29,156346104.56,1.6840413256,2.8359951863,-0.287912554,18.795005562,0.0523140671999999,0.0914361398,0.0547864698,-0.076642714,0.1651451569,2.1193661102,-0.0860616569999999,5.2565684337,0.1438603442,0.1438603442,16.0,-0.399373501,0.043055397,-0.650490517,0.0479041443,25.0392998,-0.021467238,-0.074557647,-0.004845556,0.0077641412,0.1589114778,0.0358674000999999,-0.490895852,0.0,1.4031350571,0.2251412005,0.0,0.0,0.0,0.3366504963,0.0067183714,0.3021326144,0.8992416272,0.1863754838,0.2714068306,0.170212766,0.0501406164,0.1854792857,0.4147845245,76043.372561,0.1877147569999999,0.0023993067999999,-0.638856266,0.1250650066,-0.020055783,0.1120529297,0.4134985067,0.1672109412,,0.0046475597,0.1445346416,4.1953038758,4.0,0.614498404,0.0,0.012654476,0.0900371026,,0.0589151404,4.1422466031,2.7123386719,,0.0045388582,1.0,0.3241027379,0.0,0.1405473483,0.2814826519,0.1330830342999999,1.7742106202,0.1723630782,0.0058075743,-0.001154728,-0.083418213,4.0,0.0190717447,0.0051165648999999,0.0955918452999999,0.0065813862,0.0243093233,0.027803866,4.0,0.0260186494,4.572174e-12,0.0411881804,0.0171289886,0.2200198386,3.8768116061,6.7826622e-09,78.0,35.656
2019-04-30,155885178.45,1.6919844171,2.8628112676,-0.313696679,18.677403902,0.0504192211,0.097354226,-0.004300498,-0.042846063,0.212459796,1.8890735764,-0.011576584,4.5730265465,0.1438603442,0.1438603442,16.0,-0.399373501,0.043055397,-0.64694619,0.0479041443,25.0392998,-0.021467238,-0.074557647,-0.004845556,0.0077641412,0.1589114778,0.0358674000999999,-0.490895852,0.0,1.4031350571,0.2251412005,0.0,0.0,0.0,0.3366504963,0.0067183714,0.3021326144,0.8992416272,0.1863754838,0.2714068306,0.170212766,0.0501406164,0.1854792857,0.4147845245,76043.372561,0.1877147569999999,0.0023993067999999,-0.638856266,0.1250650066,-0.020055783,0.1120529297,0.4134985067,0.1672109412,,0.0046475597,0.1445346416,4.1953038758,4.0,0.614498404,0.0,0.012654476,0.0900371026,,0.0589151404,4.1422466031,2.7123386719,,0.0045388582,1.0,0.3241027379,0.0,0.1405473483,0.2814826519,0.1330830342999999,1.3843065224000002,0.1312806615,-0.000629559,0.0029962406,0.07372717,5.0,0.0177745866,0.0057035146,0.0895865765,0.0062182015,0.0233034638,0.0296007096,4.0,0.0265169333,5.6370660000000004e-12,0.0458219573,0.0191512595999999,0.2456378392,3.7134116695,6.2779049e-09,78.0,37.054
2019-05-31,162007502.54,1.692840518,2.8657090195,0.262028492,18.736985397,0.0498209081,0.1255875394999999,0.0392080173,0.1815229662999999,0.1411380945,2.4706208098,-0.132815988,3.493346599,0.1438603442,0.1438603442,16.0,-0.399373501,0.043055397,-0.64694619,0.0479041443,25.0392998,-0.021467238,-0.074557647,-0.004845556,0.0077641412,0.1589114778,0.0358674000999999,-0.490895852,0.0,1.4031350571,0.2251412005,0.0,0.0,0.0,0.3366504963,0.0067183714,0.3021326144,0.8992416272,0.1863754838,0.2714068306,0.170212766,0.0501406164,0.1854792857,0.4147845245,76043.372561,0.1877147569999999,0.0023993067999999,-0.638856266,0.1250650066,-0.020055783,0.1120529297,0.4134985067,0.1672109412,,0.0046475597,0.1445346416,4.1953038758,4.0,0.614498404,0.0,0.012654476,0.0900371026,,0.0589151404,4.1422466031,2.7123386719,,0.0045388582,1.0,0.3241027379,0.0,0.1405473483,0.2814826519,0.1330830342999999,1.3843065224000002,0.1312806615,-0.000629559,0.0029962406,0.07372717,5.0,0.0177745866,0.0057035146,0.0895865765,0.0062182015,0.0233034638,0.0296007096,4.0,0.0255478977999999,5.079625e-12,0.0471485779,0.0199962701,0.4868688699,10.443659056,5.5171971e-09,78.0,34.328
2019-06-28,150088881.07,1.652515789,2.7308084329000004,0.3859402806,18.614412631,0.0493194965,0.0099107122,-0.073568329,0.2950057796999999,0.053868047,2.4279028899,-0.0777394459999999,3.3139059235,0.1438603442,0.1438603442,16.0,-0.399373501,0.043055397,-0.64694619,0.0479041443,25.0392998,-0.021467238,-0.074557647,-0.004845556,0.0077641412,0.1589114778,0.0358674000999999,-0.490895852,0.0,1.4031350571,0.2251412005,0.0,0.0,0.0,0.3366504963,0.0067183714,0.3021326144,0.8992416272,0.1863754838,0.2714068306,0.170212766,0.0501406164,0.1854792857,0.4147845245,76043.372561,0.1877147569999999,0.0023993067999999,-0.638856266,0.1250650066,-0.020055783,0.1120529297,0.4134985067,0.1672109412,,0.0046475597,0.1445346416,4.1953038758,4.0,0.614498404,0.0,0.012654476,0.0900371026,,0.0589151404,4.1422466031,2.7123386719,,0.0045388582,1.0,0.3241027379,0.0,0.1405473483,0.2814826519,0.1330830342999999,1.3843065224000002,0.1312806615,-0.000629559,0.0029962406,0.07372717,5.0,0.0177745866,0.0057035146,0.0895865765,0.0062182015,0.0233034638,0.0296007096,4.0,0.0251137417,7.1459860000000004e-12,0.027140433,0.0179762612999999,0.2295315317,2.9508147461000003,6.9393938e-09,78.0,36.732
2019-07-31,160825555.41,1.66997812,2.7888269214,0.6885376040000001,18.641843602,0.0475248042,-0.111648884,0.0700303242,0.2825225832,-0.123010479,3.2788584311,-0.032679736,3.0561741295,0.1730148139,0.1730148139,17.0,-0.366157496,0.0448293767999999,-0.588165253,0.0715801544,26.682356026,-0.022937506,-0.040256282,-0.022296875,0.007397443,0.2298540495,0.037355207,0.9283287059,0.0,1.494320459,0.1988065439,0.0,0.0,0.0,0.462543091,0.0103648903,0.3108420657999999,0.6158026251,0.2043891119,0.3137047274,0.2909090909,0.0518512269,0.1774398368,0.3437834599,107263.05282,0.2420207816,0.0022252610999999,0.0916417168999999,0.0649869030999999,-0.116969513,0.0889276879,0.1395982698,0.1558731499,,0.0292161983,0.130447408,3.2130003748,4.0,0.7002813179999999,0.0,0.0104553575,0.0773577068,,0.0704917426,4.162448744700001,3.0661562211,27.727222615,0.0027026876,1.0,0.3507849718,0.0,0.1351559906,0.2788610968,-0.454693575,0.6487968821,0.1460854919,0.0020853908999999,0.0067768412,-0.043935274,0.0,0.0057319476,0.0056220102,0.0267351851,0.0077108105,0.0230127586,0.0303748721,5.0,0.0256583896,7.402348e-12,0.0498172753,0.0192498433,0.2233771832999999,2.9966749021,8.6138331e-09,78.0,32.299
2019-08-30,141416322.37,1.6938574916999998,2.8691532023,-0.054705302,18.568161729,0.0479142876999999,-0.211017349,-0.120685004,0.0819440613999999,0.0885168074,2.6980822584,-0.0765678559999999,3.2966223958,0.1730148139,0.1730148139,17.0,-0.366157496,0.0448293767999999,-0.588165253,0.0715801544,26.682356026,-0.022937506,-0.040256282,-0.022296875,0.007397443,0.2298540495,0.037355207,0.9283287059,0.0,1.494320459,0.1988065439,0.0,0.0,0.0,0.462543091,0.0103648903,0.3108420657999999,0.6158026251,0.2043891119,0.3137047274,0.2909090909,0.0518512269,0.1774398368,0.3437834599,107263.05282,0.2420207816,0.0022252610999999,0.0916417168999999,0.0649869030999999,-0.116969513,0.0889276879,0.1395982698,0.1558731499,,0.0292161983,0.130447408,3.2130003748,4.0,0.7002813179999999,0.0,0.0104553575,0.0773577068,,0.0704917426,4.162448744700001,3.0661562211,27.727222615,0.0027026876,1.0,0.3507849718,0.0,0.1351559906,0.2788610968,-0.454693575,0.6487968821,0.1460854919,0.0020853908999999,0.0067768412,-0.043935274,0.0,0.0057319476,0.0056220102,0.0267351851,0.0077108105,0.0230127586,0.0303748721,5.0,0.022827669,5.699339e-12,0.0346241966,0.0277087527999999,0.5366213508,14.763483091,4.42699e-09,78.0,29.375
2019-09-30,128614031.25,1.7464233830000002,3.0499946328,-0.1536431909999999,18.634643355,0.0490129487,-0.243627552,-0.0905290919999999,-0.0980452769999999,-0.1215459119999999,2.7730117732,-0.030854241,3.3853202845,0.1730148139,0.1730148139,17.0,-0.366157496,0.0448293767999999,-0.588165253,0.0715801544,26.682356026,-0.022937506,-0.040256282,-0.022296875,0.007397443,0.2298540495,0.037355207,0.9283287059,0.0,1.494320459,0.1988065439,0.0,0.0,0.0,0.462543091,0.0103648903,0.3108420657999999,0.6158026251,0.2043891119,0.3137047274,0.2909090909,0.0518512269,0.1774398368,0.3437834599,107263.05282,0.2420207816,0.0022252610999999,0.0916417168999999,0.0649869030999999,-0.116969513,0.0889276879,0.1395982698,0.1558731499,,0.0292161983,0.130447408,3.2130003748,4.0,0.7002813179999999,0.0,0.0104553575,0.0773577068,,0.0704917426,4.162448744700001,3.0661562211,27.727222615,0.0027026876,1.0,0.3507849718,0.0,0.1351559906,0.2788610968,-0.454693575,0.6487968821,0.1460854919,0.0020853908999999,0.0067768412,-0.043935274,0.0,0.0057319476,0.0056220102,0.0267351851,0.0077108105,0.0230127586,0.0303748721,5.0,0.0267957718,8.501397999999999e-12,0.0381543413,0.0202022235,0.2478751669999999,3.5345581727,6.3384106e-09,78.0,26.762
2019-10-31,117284730.48,1.7987197071,3.2353925845,-0.202476785,18.736044143,0.0442589994,-0.314368329,-0.088953204,-0.176155477,-0.214845112,2.7963468913,0.0774590385,3.8808240027,0.1730148139,0.1730148139,17.0,-0.366157496,0.0448293767999999,-0.466540544,0.0715801544,26.682356026,-0.022937506,-0.040256282,-0.022296875,0.007397443,0.2298540495,0.037355207,0.9283287059,0.0,1.494320459,0.1988065439,0.0,0.0,0.0,0.462543091,0.0103648903,0.3108420657999999,0.6158026251,0.2043891119,0.3137047274,0.2909090909,0.0518512269,0.1774398368,0.3437834599,107263.05282,0.2420207816,0.0022252610999999,0.0916417168999999,0.0649869030999999,-0.116969513,0.0889276879,0.1395982698,0.1558731499,,0.0292161983,0.130447408,3.2130003748,4.0,0.7002813179999999,0.0,0.0104553575,0.0773577068,,0.0704917426,4.162448744700001,3.0661562211,27.727222615,0.0027026876,1.0,0.3507849718,0.0,0.1351559906,0.2788610968,-0.454693575,1.2179239488,0.1230244415,0.002288268,0.1769630848999999,0.0107596125,1.0,0.0132458112999999,0.005649667,0.0656742572,0.0052611544,0.3254716769,0.3336173284,5.0,0.0328590152,6.466364e-12,0.0399073176,0.0220419189,0.4406168071,11.071999736,5.4363036e-09,78.0,28.741
2019-11-29,125957721.51,1.7623849888,3.1060008487,-0.452196389,18.597487034,0.0430430495,-0.231636658,0.0739481673,-0.27775681,-0.113195044,1.4167533324,0.1114732728,4.175639835,0.1730148139,0.1730148139,17.0,-0.366157496,0.0448293767999999,-0.466540544,0.0715801544,26.682356026,-0.022937506,-0.040256282,-0.022296875,0.007397443,0.2298540495,0.037355207,0.9283287059,0.0,1.494320459,0.1988065439,0.0,0.0,0.0,0.462543091,0.0103648903,0.3108420657999999,0.6158026251,0.2043891119,0.3137047274,0.2909090909,0.0518512269,0.1774398368,0.3437834599,107263.05282,0.2420207816,0.0022252610999999,0.0916417168999999,0.0649869030999999,-0.116969513,0.0889276879,0.1395982698,0.1558731499,,0.0292161983,0.130447408,3.2130003748,4.0,0.7002813179999999,0.0,0.0104553575,0.0773577068,,0.0704917426,4.162448744700001,3.0661562211,27.727222615,0.0027026876,1.0,0.3507849718,0.0,0.1351559906,0.2788610968,-0.454693575,1.2179239488,0.1230244415,0.002288268,0.1769630848999999,0.0107596125,1.0,0.0132458112999999,0.005649667,0.0656742572,0.0052611544,0.3254716769,0.3336173284,5.0,0.0328995282,6.323752e-12,0.0484058334999999,0.0231225254999999,0.5360688444,17.368862962999998,3.5407354e-09,78.0,31.466
2019-12-31,137900061.26,1.9343436929,3.7416855223,-0.283106521,18.653510156,0.0430108992999999,-0.20506073,0.0948122889,-0.162753418,0.004473499,1.4455555594999998,0.011162832,3.9911981046,0.1730148139,0.1730148139,17.0,-0.366157496,0.0448293767999999,-0.466540544,0.0715801544,26.682356026,-0.022937506,-0.040256282,-0.022296875,0.007397443,0.2298540495,0.037355207,0.9283287059,0.0,1.494320459,0.1988065439,0.0,0.0,0.0,0.462543091,0.0103648903,0.3108420657999999,0.6158026251,0.2043891119,0.3137047274,0.2909090909,0.0518512269,0.1774398368,0.3437834599,107263.05282,0.2420207816,0.0022252610999999,0.0916417168999999,0.0649869030999999,-0.116969513,0.0889276879,0.1395982698,0.1558731499,,0.0292161983,0.130447408,3.2130003748,4.0,0.7002813179999999,0.0,0.0104553575,0.0773577068,,0.0704917426,4.162448744700001,3.0661562211,27.727222615,0.0027026876,1.0,0.3507849718,0.0,0.1351559906,0.2788610968,-0.454693575,1.2179239488,0.1230244415,0.002288268,0.1769630848999999,0.0107596125,1.0,0.0132458112999999,0.005649667,0.0656742572,0.0052611544,0.3254716769,0.3336173284,5.0,0.0247249847,6.804785000000001e-12,0.0255567525,0.0144927893999999,0.3229754112,3.9334819235,8.4253743e-09,78.0,32.357
2020-01-31,141984784.2,2.0013427314,4.0053727286,-0.491444005,18.61005998,0.0430632805999999,-0.1785475,0.0283162892,-0.143362738,0.1755959139,1.1620354918,-0.03138838,3.6014344955,0.1730148139,0.1730148139,17.0,-0.366157496,0.0448293767999999,-0.466540544,0.0715801544,26.682356026,-0.022937506,-0.040256282,-0.022296875,0.007397443,0.2298540495,0.037355207,0.9283287059,0.0,1.494320459,0.1988065439,0.0,0.0,0.0,0.462543091,0.0103648903,0.3108420657999999,0.6158026251,0.2043891119,0.3137047274,0.2909090909,0.0518512269,0.1774398368,0.3437834599,107263.05282,0.2420207816,0.0022252610999999,0.0916417168999999,0.0649869030999999,-0.116969513,0.0889276879,0.1395982698,0.1558731499,,0.0292161983,0.130447408,3.2130003748,4.0,0.7002813179999999,0.0,0.0104553575,0.0773577068,,0.0704917426,4.162448744700001,3.0661562211,27.727222615,0.0027026876,1.0,0.3507849718,0.0,0.1351559906,0.2788610968,-0.454693575,2.301533784,0.1658609517,0.0082060889,-0.023125969,-0.114084144,0.0,0.0099435563,0.0054624658999999,0.0474569959,0.0063164465,0.3137512219,0.3214634215,5.0,0.021317614,6.655304e-12,0.0370468423,0.0176821283,0.4432263797999999,6.175216903200001,7.311681e-09,78.0,34.509
2020-02-28,151427906.02,2.0125988835,4.050554266000001,0.11705356,18.572650439,0.0439066209999999,-0.254177103,0.0665079876999999,0.0017957771,-0.046921914,1.412763702,-0.011065614,3.0994742563,0.1730148139,0.1730148139,17.0,-0.366157496,0.0448293767999999,-0.466540544,0.0715801544,26.682356026,-0.022937506,-0.040256282,-0.022296875,0.007397443,0.2298540495,0.037355207,0.9283287059,0.0,1.494320459,0.1988065439,0.0,0.0,0.0,0.462543091,0.0103648903,0.3108420657999999,0.6158026251,0.2043891119,0.3137047274,0.2909090909,0.0518512269,0.1774398368,0.3437834599,107263.05282,0.2420207816,0.0022252610999999,0.0916417168999999,0.0649869030999999,-0.116969513,0.0889276879,0.1395982698,0.1558731499,,0.0292161983,0.130447408,3.2130003748,4.0,0.7002813179999999,0.0,0.0104553575,0.0773577068,,0.0704917426,4.162448744700001,3.0661562211,27.727222615,0.0027026876,1.0,0.3507849718,0.0,0.1351559906,0.2788610968,-0.454693575,2.301533784,0.1658609517,0.0082060889,-0.023125969,-0.114084144,0.0,0.0099435563,0.0054624658999999,0.0474569959,0.0063164465,0.3137512219,0.3214634215,5.0,0.0291350703,7.170460000000001e-12,0.0723926574,0.0242370754999999,0.5140662275,11.83267106,5.3978394e-09,78.0,36.903
2020-03-31,161932946.67,1.9640361824,3.8574381259,0.4359707609,18.78733029,0.0440738095,-0.347018167,0.0693732128,0.1747744634,-0.03633065,1.5195243141,-0.018958528,3.0925771388,0.1730148139,0.1730148139,17.0,-0.366157496,0.0448293767999999,-0.466540544,0.0715801544,26.682356026,-0.022937506,-0.040256282,-0.022296875,0.007397443,0.2298540495,0.037355207,0.9283287059,0.0,1.494320459,0.1988065439,0.0,0.0,0.0,0.462543091,0.0103648903,0.3108420657999999,0.6158026251,0.2043891119,0.3137047274,0.2909090909,0.0518512269,0.1774398368,0.3437834599,107263.05282,0.2420207816,0.0022252610999999,0.0916417168999999,0.0649869030999999,-0.116969513,0.0889276879,0.1395982698,0.1558731499,,0.0292161983,0.130447408,3.2130003748,4.0,0.7002813179999999,0.0,0.0104553575,0.0773577068,,0.0704917426,4.162448744700001,3.0661562211,27.727222615,0.0027026876,1.0,0.3507849718,0.0,0.1351559906,0.2788610968,-0.454693575,2.301533784,0.1658609517,0.0082060889,-0.023125969,-0.114084144,0.0,0.0099435563,0.0054624658999999,0.0474569959,0.0063164465,0.3137512219,0.3214634215,5.0,0.0318896876,6.510912e-12,0.0531811342,0.0210481187,0.3285014576,5.1197357098000005,8.8803978e-09,78.0,37.55
2020-04-30,165137765.5,1.7108186679,2.9269005144,0.6525479988,18.733250958,0.045239853,-0.436057285,0.0175324529,0.3789328368,0.034973089,1.4122860461000002,-0.0156089089999999,3.6738721491,0.1730148139,0.1730148139,17.0,-0.366157496,0.0448293767999999,-0.466540544,0.0715801544,26.682356026,-0.022937506,-0.040256282,-0.022296875,0.007397443,0.2298540495,0.037355207,0.9283287059,0.0,1.494320459,0.1988065439,0.0,0.0,0.0,0.462543091,0.0103648903,0.3108420657999999,0.6158026251,0.2043891119,0.3137047274,0.2909090909,0.0518512269,0.1774398368,0.3437834599,107263.05282,0.2420207816,0.0022252610999999,0.0916417168999999,0.0649869030999999,-0.116969513,0.0889276879,0.1395982698,0.1558731499,,0.0292161983,0.130447408,3.2130003748,4.0,0.7002813179999999,0.0,0.0104553575,0.0773577068,,0.0704917426,4.162448744700001,3.0661562211,27.727222615,0.0027026876,1.0,0.3507849718,0.0,0.1351559906,0.2788610968,-0.454693575,1.3976553378,0.1433346074,0.0158820664,-0.069271262,0.027354836,1.0,0.0220488723,0.0061470352,0.1089572959,0.0106197198,0.3024908392,0.3099301337,5.0,0.0654201332,1.43444e-11,0.0824445039,0.0539238811,0.2009301837,4.7828677476,4.3290701e-09,78.0,41.985
2020-05-29,184651712.08,1.0347484263,1.0707043057,0.6851533767,19.373147253,0.0485842009999999,-0.6100014029999999,0.1181092039,0.3064959321,0.0133858559,1.4345598729,-0.061709232,4.0927269117,0.1730148139,0.1730148139,17.0,-0.366157496,0.0448293767999999,-0.515449843,0.0715801544,26.682356026,-0.022937506,-0.040256282,-0.022296875,0.007397443,0.2298540495,0.037355207,0.9283287059,0.0,1.494320459,0.1988065439,0.0,0.0,0.0,0.462543091,0.0103648903,0.3108420657999999,0.6158026251,0.2043891119,0.3137047274,0.2909090909,0.0518512269,0.1774398368,0.3437834599,107263.05282,0.2420207816,0.0022252610999999,0.0916417168999999,0.0649869030999999,-0.116969513,0.0889276879,0.1395982698,0.1558731499,,0.0292161983,0.130447408,3.2130003748,4.0,0.7002813179999999,0.0,0.0104553575,0.0773577068,,0.0704917426,4.162448744700001,3.0661562211,27.727222615,0.0027026876,1.0,0.3507849718,0.0,0.1351559906,0.2788610968,-0.454693575,1.3976553378,0.1433346074,0.0158820664,-0.069271262,0.027354836,1.0,0.0220488723,0.0061470352,0.1089572959,0.0106197198,0.3024908392,0.3099301337,5.0,0.0422180008,6.618886e-12,0.0701337904,0.0305938238,0.4884426889,11.174047237,4.0790323e-09,78.0,41.973
2020-06-30,184598937.75,0.8620990373,0.7432147501,0.4172881463,19.05841057,0.0498527914,-0.473959709,-0.000285805,0.3342973415,0.2230540991,1.1051081193,0.0392027456,4.2406441202,0.1730148139,0.1730148139,17.0,-0.366157496,0.0448293767999999,-0.515449843,0.0715801544,26.682356026,-0.022937506,-0.040256282,-0.022296875,0.007397443,0.2298540495,0.037355207,0.9283287059,0.0,1.494320459,0.1988065439,0.0,0.0,0.0,0.462543091,0.0103648903,0.3108420657999999,0.6158026251,0.2043891119,0.3137047274,0.2909090909,0.0518512269,0.1774398368,0.3437834599,107263.05282,0.2420207816,0.0022252610999999,0.0916417168999999,0.0649869030999999,-0.116969513,0.0889276879,0.1395982698,0.1558731499,,0.0292161983,0.130447408,3.2130003748,4.0,0.7002813179999999,0.0,0.0104553575,0.0773577068,,0.0704917426,4.162448744700001,3.0661562211,27.727222615,0.0027026876,1.0,0.3507849718,0.0,0.1351559906,0.2788610968,-0.454693575,1.3976553378,0.1433346074,0.0158820664,-0.069271262,0.027354836,1.0,0.0220488723,0.0061470352,0.1089572959,0.0106197198,0.3024908392,0.3099301337,5.0,0.0311061235,5.104339e-12,0.0310159773,0.0177999084,0.2338663362999999,3.7195069768,7.1350731e-09,78.0,45.504
2020-07-31,200679469.37,0.767464281,0.5890014226,0.5254167935,19.04951364,0.0492378495,-0.199506035,0.0841255039,0.2971845405,0.1426821435,1.4584699641,0.0571750459,3.6007180406,0.158606476,0.158606476,18.0,-0.308046076,0.053401194,-0.674137924,0.0836210001,24.746936345,-0.020335433,-0.104591294,0.0260519483,0.0050572722,-0.0454182459999999,-0.125037213,-0.546403531,0.0,0.9012219912,0.049388691,0.0,0.0,0.0,0.4473176407,0.013148705,0.3010584653,0.4600812454999999,0.4054292676,0.3762093876,0.2112676056,-0.131851361,0.1858900286,0.2728597412,127934.69630999998,0.2745669867,0.0020863367,0.4109658974,-0.396901792,-0.751574118,0.0469767865,0.2869427871,1.2761815767,-0.442588228,0.0652644242,,2.5465730649,3.0,0.9012219912,0.0,0.0108824973,0.0766578058,,0.0870335348,4.0164790352,,20.587382082,0.0,0.0,0.2761815767,0.0,0.1419620248,0.2013345255,-0.328877031,2.0088228871,0.1477066028999999,-0.016289077,0.0279671232,-0.040409478,0.0,0.0189701856,0.0063344229,0.0855453723,0.0090192272,0.2971881448,0.3022450772,5.0,0.0316250425,6.869724e-12,0.0347088091,0.0202218971,0.215542758,2.5120499832,7.4805438e-09,78.0,48.888
2020-08-31,215603415.35,0.7210408572,0.5198999177,0.3482507381,19.152717615,0.0499270345,-0.085619243,0.0743670762,0.3186125747,0.4088362644,0.7779917673000001,-0.0526727259999999,3.6544025335,0.158606476,0.158606476,18.0,-0.308046076,0.053401194,-0.674137924,0.0836210001,24.746936345,-0.020335433,-0.104591294,0.0260519483,0.0050572722,-0.0454182459999999,-0.125037213,-0.546403531,0.0,0.9012219912,0.049388691,0.0,0.0,0.0,0.4473176407,0.013148705,0.3010584653,0.4600812454999999,0.4054292676,0.3762093876,0.2112676056,-0.131851361,0.1858900286,0.2728597412,127934.69630999998,0.2745669867,0.0020863367,0.4109658974,-0.396901792,-0.751574118,0.0469767865,0.2869427871,1.2761815767,-0.442588228,0.0652644242,,2.5465730649,3.0,0.9012219912,0.0,0.0108824973,0.0766578058,,0.0870335348,4.0164790352,,20.587382082,0.0,0.0,0.2761815767,0.0,0.1419620248,0.2013345255,-0.328877031,2.0088228871,0.1477066028999999,-0.016289077,0.0279671232,-0.040409478,0.0,0.0189701856,0.0063344229,0.0855453723,0.0090192272,0.2971881448,0.3022450772,5.0,0.041304641,4.269147e-12,0.0806876644,0.0322610108,0.5180941171,14.11267305,3.7846966e-09,78.0,52.956
2020-09-30,233543902.32,0.7039610831,0.4955612065999999,0.1787329382,18.934181307,0.0520841507,-0.069261428,0.0832105875,0.3247703604,0.6642723636,0.6813576140000001,-0.024184466,3.5097884766000003,0.158606476,0.158606476,18.0,-0.308046076,0.053401194,-0.674137924,0.0836210001,24.746936345,-0.020335433,-0.104591294,0.0260519483,0.0050572722,-0.0454182459999999,-0.118500306,-0.546403531,0.0,0.9012219912,0.049388691,0.0,0.0,0.0,0.4473176407,0.013148705,0.3010584653,0.4600812454999999,0.4054292676,0.3762093876,0.2112676056,-0.131851361,0.1858900286,0.2728597412,127934.69630999998,0.2745669867,0.0020863367,0.4109658974,-0.396901792,-0.751574118,0.0469767865,0.2869427871,1.2761815767,-0.442588228,0.0652644242,,2.5465730649,3.0,0.9012219912,0.0,0.0108824973,0.0766578058,,0.0870335348,4.0164790352,,20.587382082,0.0,0.0,0.2761815767,0.0,0.1419620248,0.2013345255,-0.328877031,2.0088228871,0.1477066028999999,-0.016289077,0.0279671232,-0.040409478,0.0,0.0189701856,0.0063344229,0.0855453723,0.0090192272,0.2971881448,0.3022450772,5.0,0.0299951264,6.817611999999999e-12,0.1160871684999999,0.0320699662,0.4831976421,8.5149349353,7.8848367e-09,78.0,50.003
2020-10-30,220910753.31,0.6964718701,0.4850730659,-0.071471102,18.857977214,0.0520106101999999,-0.03140746,-0.055763274,0.4102796193,0.9787759021,0.4757098836,-0.027498297,3.5198979919,0.158606476,0.158606476,18.0,-0.308046076,0.053401194,-0.700564018,0.0836210001,24.746936345,-0.020335433,-0.104591294,0.0260519483,0.0050572722,-0.0454182459999999,-0.113869464,-0.546403531,0.0,0.9012219912,0.049388691,0.0,0.0,0.0,0.4473176407,0.013148705,0.3010584653,0.4600812454999999,0.4054292676,0.3762093876,0.2112676056,-0.131851361,0.1858900286,0.2728597412,127934.69630999998,0.2745669867,0.0020863367,0.4109658974,-0.396901792,-0.751574118,0.0469767865,0.2869427871,1.2761815767,-0.442588228,0.0652644242,,2.5465730649,3.0,0.9012219912,0.0,0.0108824973,0.0766578058,,0.0870335348,4.0164790352,,20.587382082,0.0,0.0,0.2761815767,0.0,0.1419620248,0.2013345255,-0.328877031,1.118242306,0.1469451576,0.0011461267,-0.043876049,-0.002618399,1.0,0.0208698202,0.0063922652,0.0935178472,0.0075494481999999,0.2969468392,0.30144587,5.0,0.041018461,7.892964999999999e-12,0.0509668216,0.0270610682,0.3333820162,4.0280610005,7.7690846e-09,78.0,47.574
2020-11-30,210179548.99,0.6796135955,0.4618746392,-0.327686199,19.040431578,0.0524134683999999,-0.1213535759999999,-0.048577104,0.1909729437,0.7397793817,0.4631676189,-0.0263750029999999,2.9321623528,0.158606476,0.158606476,18.0,-0.308046076,0.053401194,-0.6273006839999999,0.0836210001,24.746936345,-0.020335433,-0.104591294,0.0260519483,0.0050572722,-0.0454182459999999,-0.113538881,-0.546403531,0.0,0.9012219912,0.049388691,0.0,0.0,0.0,0.4473176407,0.013148705,0.3010584653,0.4600812454999999,0.4054292676,0.3762093876,0.2112676056,-0.131851361,0.1858900286,0.2728597412,127934.69630999998,0.2745669867,0.0020863367,0.4109658974,-0.396901792,-0.751574118,0.0469767865,0.2869427871,1.2761815767,-0.442588228,0.0652644242,,2.5465730649,3.0,0.9012219912,0.0,0.0108824973,0.0766578058,,0.0870335348,4.0164790352,,20.587382082,0.0,0.0,0.2761815767,0.0,0.1419620248,0.2013345255,-0.328877031,1.118242306,0.1469451576,0.0011461267,-0.043876049,-0.002618399,1.0,0.0208698202,0.0063922652,0.0935178472,0.0075494481999999,0.2969468392,0.30144587,5.0,0.0357329629,6.276133e-12,0.0569118112,0.0322389479999999,0.36585689,6.8742484658,5.7113046e-09,78.0,49.07
2020-12-31,216788811.89,0.6882618068,0.4737043146999999,-0.164831111,18.882614703,0.0525248989,-0.063423428,0.0314457937999999,0.1334428708,0.5119175725,0.6774709534000001,0.016799158,2.7368638917,0.158606476,0.158606476,18.0,-0.308046076,0.053401194,-0.6273006839999999,0.0836210001,24.746936345,-0.020335433,-0.104591294,0.0260519483,0.0050572722,-0.0454182459999999,-0.120288014,-0.546403531,0.0,0.9012219912,0.049388691,0.0,0.0,0.0,0.4473176407,0.013148705,0.3010584653,0.4600812454999999,0.4054292676,0.3762093876,0.2112676056,-0.131851361,0.1858900286,0.2728597412,127934.69630999998,0.2745669867,0.0020863367,0.4109658974,-0.396901792,-0.751574118,0.0469767865,0.2869427871,1.2761815767,-0.442588228,0.0652644242,,2.5465730649,3.0,0.9012219912,0.0,0.0108824973,0.0766578058,,0.0870335348,4.0164790352,,20.587382082,0.0,0.0,0.2761815767,0.0,0.1419620248,0.2013345255,-0.328877031,1.118242306,0.1469451576,0.0011461267,-0.043876049,-0.002618399,1.0,0.0208698202,0.0063922652,0.0935178472,0.0075494481999999,0.2969468392,0.30144587,5.0,0.0269553048,5.945395e-12,0.0338263362999999,0.0244424932,0.3477486085,4.2372457398000005,1.0557e-08,78.0,54.073
2021-01-29,239486604.7,0.6656453889,0.4430837838,-0.2179978,19.152782909000003,0.0496761796,0.1888038598,0.1019563228,0.0783667365,0.5165188347999999,0.6856115684999999,0.0393859684,2.4331591009,0.158606476,0.158606476,18.0,-0.308046076,0.053401194,-0.6273006839999999,0.0836210001,24.746936345,-0.020335433,-0.104591294,0.0260519483,0.0050572722,-0.0454182459999999,-0.120288014,-0.546403531,0.0,0.9012219912,0.049388691,0.0,0.0,0.0,0.4473176407,0.013148705,0.3010584653,0.4600812454999999,0.4054292676,0.3762093876,0.2112676056,-0.131851361,0.1858900286,0.2728597412,127934.69630999998,0.2745669867,0.0020863367,0.4109658974,-0.396901792,-0.751574118,0.0469767865,0.2869427871,1.2761815767,-0.442588228,0.0652644242,,2.5465730649,3.0,0.9012219912,0.0,0.0108824973,0.0766578058,,0.0870335348,4.0164790352,,20.587382082,0.0,0.0,0.2761815767,0.0,0.1419620248,0.2013345255,-0.328877031,2.426120356,0.1924194736,0.0028218834,0.0247735937,-0.060420495,2.0,0.0205418668,0.0063029881,0.0856428613,0.0061051089,0.2986312334,0.3010275455,5.0,0.0270512031,7.788378e-12,0.0381542481,0.0190319742,0.3829426311,2.5898643539,1.1277694e-08,78.0,53.239
2021-02-26,235792875.54,0.6420244775,0.4121954297999999,-0.327674575,19.141402657,0.0494378679,0.2948855557,-0.015423532,0.1060586925,0.5669245219,0.2766926248999999,-0.179794335,2.326867542,0.158606476,0.158606476,18.0,-0.308046076,0.053401194,-0.6273006839999999,0.0836210001,24.746936345,-0.020335433,-0.104591294,0.0260519483,0.0050572722,-0.0454182459999999,-0.120288014,-0.546403531,0.0,0.9012219912,0.049388691,0.0,0.0,0.0,0.4473176407,0.013148705,0.3010584653,0.4600812454999999,0.4054292676,0.3762093876,0.2112676056,-0.131851361,0.1858900286,0.2728597412,127934.69630999998,0.2745669867,0.0020863367,0.4109658974,-0.396901792,-0.751574118,0.0469767865,0.2869427871,1.2761815767,-0.442588228,0.0652644242,,2.5465730649,3.0,0.9012219912,0.0,0.0108824973,0.0766578058,,0.0870335348,4.0164790352,,20.587382082,0.0,0.0,0.2761815767,0.0,0.1419620248,0.2013345255,-0.328877031,2.426120356,0.1924194736,0.0028218834,0.0247735937,-0.060420495,2.0,0.0205418668,0.0063029881,0.0856428613,0.0061051089,0.2986312334,0.3010275455,5.0,0.0337187688,6.865797e-12,0.1685434282,0.0469795988,0.6026919128,14.989038913,7.2997292e-09,78.0,53.885
2021-03-31,238653959.94,0.6042796073,0.3651538438,-0.417462459,19.214711874,0.050357807,0.858031251,0.012133888,0.005344089,0.4426740763,0.2664904867,-0.165782239,2.0991961821,0.158606476,0.158606476,18.0,-0.308046076,0.053401194,-0.6273006839999999,0.0836210001,24.746936345,-0.020335433,-0.104591294,0.0260519483,0.0050572722,-0.0454182459999999,-0.118500306,-0.546403531,0.0,0.9012219912,0.049388691,0.0,0.0,0.0,0.4473176407,0.013148705,0.3010584653,0.4600812454999999,0.4054292676,0.3762093876,0.2112676056,-0.131851361,0.1858900286,0.2728597412,127934.69630999998,0.2745669867,0.0020863367,0.4109658974,-0.396901792,-0.751574118,0.0469767865,0.2869427871,1.2761815767,-0.442588228,0.0652644242,,2.5465730649,3.0,0.9012219912,0.0,0.0108824973,0.0766578058,,0.0870335348,4.0164790352,,20.587382082,0.0,0.0,0.2761815767,0.0,0.1419620248,0.2013345255,-0.328877031,2.426120356,0.1924194736,0.0028218834,0.0247735937,-0.060420495,2.0,0.0205418668,0.0063029881,0.0856428613,0.0061051089,0.2986312334,0.3010275455,5.0,0.0271829767,6.3892900000000005e-12,0.0235609617,0.0138226453,0.2445442292,1.8108003177,1.6555238e-08,78.0,52.166
2021-04-30,231295685.53,0.5761726399,0.3319749109,-0.288380458,19.146159048,0.0499809844,1.573735259,-0.031901278,0.0776352942,0.435019903,0.2713729394,-0.138044305,2.1883425838,0.158606476,0.158606476,18.0,-0.308046076,0.053401194,-0.6273006839999999,0.0836210001,24.746936345,-0.020335433,-0.104591294,0.0260519483,0.0050572722,-0.0454182459999999,-0.112697669,-0.546403531,0.0,0.9012219912,0.049388691,0.0,0.0,0.0,0.4473176407,0.013148705,0.3010584653,0.4600812454999999,0.4054292676,0.3762093876,0.2112676056,-0.131851361,0.1858900286,0.2728597412,127934.69630999998,0.2745669867,0.0020863367,0.4109658974,-0.396901792,-0.751574118,0.0469767865,0.2869427871,1.2761815767,-0.442588228,0.0652644242,,2.5465730649,3.0,0.9012219912,0.0,0.0108824973,0.0766578058,,0.0870335348,4.0164790352,,20.587382082,0.0,0.0,0.2761815767,0.0,0.1419620248,0.2013345255,-0.328877031,1.2634240203,0.2172925537,-0.008906909,-0.0295492389999999,-0.079339107,3.0,0.0212500344,0.0061609891,0.0846274133,0.0053901043,0.2984930053,0.2999890961,5.0,0.030338752,8.927516000000001e-12,0.0367066823,0.0239119554,0.2156189613,1.9344124586,9.3833237e-09,78.0,51.347
2021-05-28,227674125.42,0.5594179769,0.3129484729,-0.0538109409999999,19.459949862,0.0497008745,1.3105124113,-0.015699886,0.0965232765,0.2424912789,0.3436920667,-0.1126336419999999,1.9752354705,0.158606476,0.158606476,18.0,-0.308046076,0.053401194,-0.6273006839999999,0.0836210001,24.746936345,-0.020335433,-0.104591294,0.0260519483,0.0050572722,-0.0454182459999999,-0.112697669,-0.546403531,0.0,0.9012219912,0.049388691,0.0,0.0,0.0,0.4473176407,0.013148705,0.3010584653,0.4600812454999999,0.4054292676,0.3762093876,0.2112676056,-0.131851361,0.1858900286,0.2728597412,127934.69630999998,0.2745669867,0.0020863367,0.4109658974,-0.396901792,-0.751574118,0.0469767865,0.2869427871,1.2761815767,-0.442588228,0.0652644242,,2.5465730649,3.0,0.9012219912,0.0,0.0108824973,0.0766578058,,0.0870335348,4.0164790352,,20.587382082,0.0,0.0,0.2761815767,0.0,0.1419620248,0.2013345255,-0.328877031,1.2634240203,0.2172925537,-0.008906909,-0.0295492389999999,-0.079339107,3.0,0.0212500344,0.0061609891,0.0846274133,0.0053901043,0.2984930053,0.2999890961,5.0,0.0201731287,4.388334e-12,0.0340451822,0.0205636371,0.5318683975999999,10.327718217,8.2952252e-09,78.0,50.281
2021-06-30,222947461.35,0.5625282209,0.3164379993,-0.1444058809999999,19.084001787,0.0495208804999999,0.8022686864,-0.020760655,0.0464030129,0.2233339423999999,0.1937713635,-0.084079426,2.0173099923,0.158606476,0.158606476,18.0,-0.308046076,0.053401194,-0.6273006839999999,0.0836210001,24.746936345,-0.020335433,-0.104591294,0.0260519483,0.0050572722,-0.0454182459999999,-0.112697669,-0.546403531,0.0,0.9012219912,0.049388691,0.0,0.0,0.0,0.4473176407,0.013148705,0.3010584653,0.4600812454999999,0.4054292676,0.3762093876,0.2112676056,-0.131851361,0.1858900286,0.2728597412,127934.69630999998,0.2745669867,0.0020863367,0.4109658974,-0.396901792,-0.751574118,0.0469767865,0.2869427871,1.2761815767,-0.442588228,0.0652644242,,2.5465730649,3.0,0.9012219912,0.0,0.0108824973,0.0766578058,,0.0870335348,4.0164790352,,20.587382082,0.0,0.0,0.2761815767,0.0,0.1419620248,0.2013345255,-0.328877031,1.2634240203,0.2172925537,-0.008906909,-0.0295492389999999,-0.079339107,3.0,0.0212500344,0.0061609891,0.0846274133,0.0053901043,0.2984930053,0.2999890961,5.0,0.0202736055,6.039026e-12,0.0286446605,0.0139730927,0.2216831726,1.7155043911,1.4539766999999998e-08,78.0,52.821
2021-07-30,233783642.89,0.5611908392,0.3149351581,-0.211466853,19.135683394,0.048940354,1.421211197,0.0505161472,-0.070127391,0.1049797497,0.1625067732,-0.116840098,1.9299850579,0.00912738,0.00912738,19.0,-0.156130562,0.0462040038,0.2974119752,0.1053717217,26.562628995,0.0101344996999999,0.2196322059,0.2243408236,0.0093161685999999,0.2288027366,0.0,15.224379058,0.0,1.2505571189,0.038596902,0.0,0.0,0.0,0.4593789076,0.0115304775,0.2959009954,1.8625148034,0.0693384716,0.6263410421,0.0930232558,0.0288286231999999,0.1178150152,0.069015485,155359.10572999998,0.3751839093,0.0019929213,1.0508141714,0.3876238386,-0.218507289,0.0455354908999999,0.3876238386,,0.6162242713,0.23570712,,0.1210685178999999,7.0,1.2505571189,0.0,0.0076396754,0.0731955473,,0.1744734778999999,3.0462377293,,40.922197902,0.0,0.0,0.2401022859,0.0,0.1043734998,0.2608470787999999,-0.197347582,5.4098706943,0.2088970214999999,0.0118289795,-0.001290225,0.1761541314999999,0.0,0.0140372942,0.0057041435,0.0524667621,0.0049147131,0.2995679783,0.3000552901,6.0,0.0187977158,5.149359e-12,0.0237827114999999,0.0117950015,0.2864102374,2.3933538201,1.1276216e-08,78.0,51.757
2021-08-31,229074414.96,0.5496000607,0.3020602267,-0.1168361119999999,19.2236059,0.047587856,1.5167378921,-0.020143531,-0.007851374,0.08044922,0.4487479427,-0.100539951,1.6700670589,0.00912738,0.00912738,19.0,-0.156130562,0.0462040038,0.2974119752,0.1053717217,26.562628995,0.0101344996999999,0.2196322059,0.2243408236,0.0093161685999999,0.2288027366,0.0,15.224379058,0.0,1.2505571189,0.038596902,0.0,0.0,0.0,0.4593789076,0.0115304775,0.2959009954,1.8625148034,0.0693384716,0.6263410421,0.0930232558,0.0288286231999999,0.1178150152,0.069015485,182128.61287,0.3751839093,0.0019929213,1.0508141714,0.3876238386,-0.218507289,0.0455354908999999,0.3876238386,,0.6162242713,0.23570712,,0.1210685178999999,7.0,1.2505571189,0.0,0.0076396754,0.0731955473,,0.1744734778999999,3.0462377293,,40.922197902,0.0,0.0,0.2401022859,0.0,0.1043734998,0.2608470787999999,-0.197347582,5.4098706943,0.2088970214999999,0.0118289795,-0.001290225,0.1761541314999999,0.0,0.0140372942,0.0057041435,0.0524667621,0.0049147131,0.2995679783,0.3000552901,6.0,0.0220827438,4.728983999999999e-12,0.0143451709,0.0117592143999999,0.4637032925,5.1420552753,1.1998719e-08,78.0,56.919
2021-09-30,251921218.32,0.5334484629999999,0.2845672627,0.0387623227,18.968599939,0.0472210282,0.9087035153,0.0997352898,-0.039491454,-0.022641424,0.4402741877,-0.12778285,1.5787843077,0.00912738,0.00912738,19.0,-0.156130562,0.0462040038,0.2974119752,0.1053717217,26.562628995,0.0101344996999999,0.2196322059,0.2243408236,0.0093161685999999,0.2288027366,0.0,15.224379058,0.0,1.2505571189,0.038596902,0.0,0.0,0.0,0.4593789076,0.0115304775,0.2959009954,1.8625148034,0.0693384716,0.6263410421,0.0930232558,0.0288286231999999,0.1178150152,0.069015485,182964.98168,0.3751839093,0.0019929213,1.0508141714,0.3876238386,-0.218507289,0.0455354908999999,0.3876238386,,0.6162242713,0.23570712,,0.1210685178999999,7.0,1.2505571189,0.0,0.0076396754,0.0731955473,,0.1744734778999999,3.0462377293,,40.922197902,0.0,0.0,0.2401022859,0.0,0.1043734998,0.2608470787999999,-0.197347582,5.4098706943,0.2088970214999999,0.0118289795,-0.001290225,0.1761541314999999,0.0,0.0140372942,0.0057041435,0.0524667621,0.0049147131,0.2995679783,0.3000552901,6.0,0.018266056,6.357258e-12,0.0418495536,0.0117431795,0.36729181,2.8995222954,1.6073705e-08,78.0,61.034
2021-10-29,270351335.58,0.519010352,0.2693717455,0.1267385425,19.031238475,0.0468618672,1.4812199622,0.0722957626,0.0911130443,0.1383117048,0.3365140376,-0.255837026,1.6063313105,0.00912738,0.00912738,19.0,-0.156130562,0.0462040038,0.5743344757,0.1053717217,26.562628995,0.0101344996999999,0.2196322059,0.2243408236,0.0093161685999999,0.2288027366,0.0,15.224379058,0.0,1.2505571189,0.038596902,0.0,0.0,0.0,0.4593789076,0.0115304775,0.2959009954,1.8625148034,0.0693384716,0.6263410421,0.0930232558,0.0288286231999999,0.1178150152,0.069015485,183570.59494,0.3751839093,0.0019929213,1.0508141714,0.3876238386,-0.218507289,0.0455354908999999,0.3876238386,,0.6162242713,0.23570712,,0.1210685178999999,7.0,1.2505571189,0.0,0.0076396754,0.0731955473,,0.1744734778999999,3.0462377293,,40.922197902,0.0,0.0,0.2401022859,0.0,0.1043734998,0.2608470787999999,-0.197347582,2.4000050381,0.2094484976,0.0068734917,-0.040887282,-0.068332354,1.0,0.0434495774,0.0091451668,0.154241119,0.0060337957999999,0.3000413161,0.2994523426,6.0,0.0250172125,5.251625e-12,0.0305510162999999,0.0156598012999999,0.4010365097999999,3.4103065810000004,1.1265793e-08,78.0,69.031
2021-11-30,305774194.04,0.4888422359,0.2389667316,0.2650938911,19.042739339,0.0462124067,2.2385384787,0.1310252696,0.1886576838,0.2829277310999999,0.5764464078,-0.203582282,1.7656819099,0.00912738,0.00912738,19.0,-0.156130562,0.0462040038,0.5743344757,0.1053717217,26.562628995,0.0101344996999999,0.2196322059,0.2243408236,0.0093161685999999,0.2288027366,0.0,15.224379058,0.0,1.2505571189,0.038596902,0.0,0.0,0.0,0.4593789076,0.0115304775,0.2959009954,1.8625148034,0.0693384716,0.6263410421,0.0930232558,0.0288286231999999,0.1178150152,0.069015485,183570.59494,0.3751839093,0.0019929213,1.0508141714,0.3876238386,-0.218507289,0.0455354908999999,0.3876238386,,0.6162242713,0.23570712,,0.1210685178999999,7.0,1.2505571189,0.0,0.0076396754,0.0731955473,,0.1744734778999999,3.0462377293,,40.922197902,0.0,0.0,0.2401022859,0.0,0.1043734998,0.2608470787999999,-0.197347582,2.4000050381,0.2094484976,0.0068734917,-0.040887282,-0.068332354,1.0,0.0434495774,0.0091451668,0.154241119,0.0060337957999999,0.3000413161,0.2994523426,6.0,0.025733171,4.480195e-12,0.0521422438,0.0183995674,0.44699014,5.4138388292,9.4142694e-09,78.0,64.19
2021-12-31,284330899.61,0.4635387703,0.2148681916,0.2519464107999999,18.992409759,0.0453064193,1.1537199299,-0.070127875,0.3729042697999999,0.406786175,0.7149547709,-0.373561364,1.8358640816,0.00912738,0.00912738,19.0,-0.156130562,0.0462040038,0.5743344757,0.1053717217,26.562628995,0.0101344996999999,0.2196322059,0.2243408236,0.0093161685999999,0.2288027366,0.0,15.224379058,0.0,1.2505571189,0.038596902,0.0,0.0,0.0,0.4593789076,0.0115304775,0.2959009954,1.8625148034,0.0693384716,0.6263410421,0.0930232558,0.0288286231999999,0.1178150152,0.069015485,187263.28346,0.3751839093,0.0019929213,1.0508141714,0.3876238386,-0.218507289,0.0455354908999999,0.3876238386,,0.6162242713,0.23570712,,0.1210685178999999,7.0,1.2505571189,0.0,0.0076396754,0.0731955473,,0.1744734778999999,3.0462377293,,40.922197902,0.0,0.0,0.2401022859,0.0,0.1043734998,0.2608470787999999,-0.197347582,2.4000050381,0.2094484976,0.0068734917,-0.040887282,-0.068332354,1.0,0.0434495774,0.0091451668,0.154241119,0.0060337957999999,0.3000413161,0.2994523426,6.0,0.0251139214,7.029176e-12,0.0380637608,0.0184719192,0.306192656,2.4049763167,1.4400098e-08,78.0,60.244
