tradeDate,mvel1,beta,betasq,chmom,dolvol,idiovol,indmom,mom1m,mom6m,mom12m,mom36m,pricedelay,turn,absacc,acc,age,agr,bm,bm_ia,cashdebt,cashpr,cfp,cfp_ia,chatoia,chcsho,chempia,chinv,chpmia,convind,currat,depr,divi,divo,dy,egr,ep,gma,grcapx,grltnoa,herf,hire,invest,lev,lgr,mve_ia,operprof,orgcap,pchcapx_ia,pchcurrat,pchdepr,pchgm_pchsale,pchquick,pchsale_pchinvt,pchsale_pchrect,pchsale_pchxsga,pchsaleinv,pctacc,ps,quick,rd,rd_mve,rd_sale,realestate,roic,salecash,saleinv,salerec,secured,securedind,sgr,sin,sp,tang,tb,aeavol,cash,chtx,cinvest,ear,nincr,roaq,roavol,roeq,rsup,stdacc,stdcf,ms,baspread,ill,maxret,retvol,std_dolvol,std_turn,zerotrade,sic2,close
1990-01-31,,,,,,,,,,,,,,,,,,,,,,,,,,,,,,,,,,,,,,,,,,,,,,,,,,,,,,,,,,,,,,,,,,,,,,,,,,,,,,,,,,,,,,,,,,,,,,,,
1990-02-28,,,,,,,,,,,,,,,,,,,,,,,,,,,,,,,,,,,,,,,,,,,,,,,,,,,,,,,,,,,,,,,,,,,,,,,,,,,,,,,,,,,,,,,,,,,,,,,,
1990-03-30,,,,,,,,,,,,,,,,,,,,,,,,,,,,,,,,,,,,,,,,,,,,,,,,,,,,,,,,,,,,,,,,,,,,,,,,,,,,,,,,,,,,,,,,,,,,,,,,
1990-04-30,,,,,,,,,,,,,,,,,,,,,,,,,,,,,,,,,,,,,,,,,,,,,,,,,,,,,,,,,,,,,,,,,,,,,,,,,,,,,,,,,,,,,,,,,,,,,,,,
1990-05-31,,,,,,,,,,,,,,,,,,,,,,,,,,,,,,,,,,,,,,,,,,,,,,,,,,,,,,,,,,,,,,,,,,,,,,,,,,,,,,,,,,,,,,,,,,,,,,,,
1990-06-29,,,,,,,,,,,,,,,,,,,,,,,,,,,,,,,,,,,,,,,,,,,,,,,,,,,,,,,,,,,,,,,,,,,,,,,,,,,,,,,,,,,,,,,,,,,,,,,,
1990-07-31,,,,,,,,,,,,,,,,,,,,,,,,,,,,,,,,,,,,,,,,,,,,,,,,,,,,,,,,,,,,,,,,,,,,,,,,,,,,,,,,,,,,,,,,,,,,,,,,
1990-08-31,,,,,,,,,,,,,,,,,,,,,,,,,,,,,,,,,,,,,,,,,,,,,,,,,,,,,,,,,,,,,,,,,,,,,,,,,,,,,,,,,,,,,,,,,,,,,,,,
1990-09-28,,,,,,,,,,,,,,,,,,,,,,,,,,,,,,,,,,,,,,,,,,,,,,,,,,,,,,,,,,,,,,,,,,,,,,,,,,,,,,,,,,,,,,,,,,,,,,,,
1990-10-31,,,,,,,,,,,,,,,,,,,,,,,,,,,,,,,,,,,,,,,,,,,,,,,,,,,,,,,,,,,,,,,,,,,,,,,,,,,,,,,,,,,,,,,,,,,,,,,,
1990-11-30,,,,,,,,,,,,,,,,,,,,,,,,,,,,,,,,,,,,,,,,,,,,,,,,,,,,,,,,,,,,,,,,,,,,,,,,,,,,,,,,,,,,,,,,,,,,,,,,
1990-12-31,,,,,,,,,,,,,,,,,,,,,,,,,,,,,,,,,,,,,,,,,,,,,,,,,,,,,,,,,,,,,,,,,,,,,,,,,,,,,,,,,,,,,,,,,,,,,,,,
1991-01-31,,,,,,,,,,,,,,,,,,,,,,,,,,,,,,,,,,,,,,,,,,,,,,,,,,,,,,,,,,,,,,,,,,,,,,,,,,,,,,,,,,,,,,,,,,,,,,,,
1991-02-28,,,,,,,,,,,,,,,,,,,,,,,,,,,,,,,,,,,,,,,,,,,,,,,,,,,,,,,,,,,,,,,,,,,,,,,,,,,,,,,,,,,,,,,,,,,,,,,,
1991-03-28,,,,,,,,,,,,,,,,,,,,,,,,,,,,,,,,,,,,,,,,,,,,,,,,,,,,,,,,,,,,,,,,,,,,,,,,,,,,,,,,,,,,,,,,,,,,,,,,
1991-04-30,,,,,,,,,,,,,,,,,,,,,,,,,,,,,,,,,,,,,,,,,,,,,,,,,,,,,,,,,,,,,,,,,,,,,,,,,,,,,,,,,,,,,,,,,,,,,,,,
1991-05-31,,,,,,,,,,,,,,,,,,,,,,,,,,,,,,,,,,,,,,,,,,,,,,,,,,,,,,,,,,,,,,,,,,,,,,,,,,,,,,,,,,,,,,,,,,,,,,,,
1991-06-28,,,,,,,,,,,,,,,,,,,,,,,,,,,,,,,,,,,,,,,,,,,,,,,,,,,,,,,,,,,,,,,,,,,,,,,,,,,,,,,,,,,,,,,,,,,,,,,,
1991-07-31,,,,,,,,,,,,,,,,,,,,,,,,,,,,,,,,,,,,,,,,,,,,,,,,,,,,,,,,,,,,,,,,,,,,,,,,,,,,,,,,,,,,,,,,,,,,,,,,
1991-08-30,,,,,,,,,,,,,,,,,,,,,,,,,,,,,,,,,,,,,,,,,,,,,,,,,,,,,,,,,,,,,,,,,,,,,,,,,,,,,,,,,,,,,,,,,,,,,,,,
1991-09-30,,,,,,,,,,,,,,,,,,,,,,,,,,,,,,,,,,,,,,,,,,,,,,,,,,,,,,,,,,,,,,,,,,,,,,,,,,,,,,,,,,,,,,,,,,,,,,,,
1991-10-31,,,,,,,,,,,,,,,,,,,,,,,,,,,,,,,,,,,,,,,,,,,,,,,,,,,,,,,,,,,,,,,,,,,,,,,,,,,,,,,,,,,,,,,,,,,,,,,,
1991-11-29,,,,,,,,,,,,,,,,,,,,,,,,,,,,,,,,,,,,,,,,,,,,,,,,,,,,,,,,,,,,,,,,,,,,,,,,,,,,,,,,,,,,,,,,,,,,,,,,
1991-12-31,,,,,,,,,,,,,,,,,,,,,,,,,,,,,,,,,,,,,,,,,,,,,,,,,,,,,,,,,,,,,,,,,,,,,,,,,,,,,,,,,,,,,,,,,,,,,,,,
1992-01-31,,,,,,,,,,,,,,,,,,,,,,,,,,,,,,,,,,,,,,,,,,,,,,,,,,,,,,,,,,,,,,,,,,,,,,,,,,,,,,,,,,,,,,,,,,,,,,,,
1992-02-28,,,,,,,,,,,,,,,,,,,,,,,,,,,,,,,,,,,,,,,,,,,,,,,,,,,,,,,,,,,,,,,,,,,,,,,,,,,,,,,,,,,,,,,,,,,,,,,,
1992-03-31,,,,,,,,,,,,,,,,,,,,,,,,,,,,,,,,,,,,,,,,,,,,,,,,,,,,,,,,,,,,,,,,,,,,,,,,,,,,,,,,,,,,,,,,,,,,,,,,
1992-04-30,,,,,,,,,,,,,,,,,,,,,,,,,,,,,,,,,,,,,,,,,,,,,,,,,,,,,,,,,,,,,,,,,,,,,,,,,,,,,,,,,,,,,,,,,,,,,,,,
1992-05-29,,,,,,,,,,,,,,,,,,,,,,,,,,,,,,,,,,,,,,,,,,,,,,,,,,,,,,,,,,,,,,,,,,,,,,,,,,,,,,,,,,,,,,,,,,,,,,,,
1992-06-30,,,,,,,,,,,,,,,,,,,,,,,,,,,,,,,,,,,,,,,,,,,,,,,,,,,,,,,,,,,,,,,,,,,,,,,,,,,,,,,,,,,,,,,,,,,,,,,,
1992-07-31,,,,,,,,,,,,,,,,,,,,,,,,,,,,,,,,,,,,,,,,,,,,,,,,,,,,,,,,,,,,,,,,,,,,,,,,,,,,,,,,,,,,,,,,,,,,,,,,
1992-08-31,,,,,,,,,,,,,,,,,,,,,,,,,,,,,,,,,,,,,,,,,,,,,,,,,,,,,,,,,,,,,,,,,,,,,,,,,,,,,,,,,,,,,,,,,,,,,,,,
1992-09-30,,,,,,,,,,,,,,,,,,,,,,,,,,,,,,,,,,,,,,,,,,,,,,,,,,,,,,,,,,,,,,,,,,,,,,,,,,,,,,,,,,,,,,,,,,,,,,,,
1992-10-30,,,,,,,,,,,,,,,,,,,,,,,,,,,,,,,,,,,,,,,,,,,,,,,,,,,,,,,,,,,,,,,,,,,,,,,,,,,,,,,,,,,,,,,,,,,,,,,,
1992-11-30,,,,,,,,,,,,,,,,,,,,,,,,,,,,,,,,,,,,,,,,,,,,,,,,,,,,,,,,,,,,,,,,,,,,,,,,,,,,,,,,,,,,,,,,,,,,,,,,
1992-12-31,,,,,,,,,,,,,,,,,,,,,,,,,,,,,,,,,,,,,,,,,,,,,,,,,,,,,,,,,,,,,,,,,,,,,,,,,,,,,,,,,,,,,,,,,,,,,,,,
1993-01-29,,,,,,,,,,,,,,,,,,,,,,,,,,,,,,,,,,,,,,,,,,,,,,,,,,,,,,,,,,,,,,,,,,,,,,,,,,,,,,,,,,,,,,,,,,,,,,,,
1993-02-26,,,,,,,,,,,,,,,,,,,,,,,,,,,,,,,,,,,,,,,,,,,,,,,,,,,,,,,,,,,,,,,,,,,,,,,,,,,,,,,,,,,,,,,,,,,,,,,,
1993-03-31,,,,,,,,,,,,,,,,,,,,,,,,,,,,,,,,,,,,,,,,,,,,,,,,,,,,,,,,,,,,,,,,,,,,,,,,,,,,,,,,,,,,,,,,,,,,,,,,
1993-04-30,,,,,,,,,,,,,,,,,,,,,,,,,,,,,,,,,,,,,,,,,,,,,,,,,,,,,,,,,,,,,,,,,,,,,,,,,,,,,,,,,,,,,,,,,,,,,,,,0.15625
1993-05-28,161568.75,,,,,,0.2943518035,,,,,,,,,,,,,,,,,,,,,,,,,,,,,,,,,,,,,,,,,,,,,,,,,,,,,,,,,,,,,,,,,,,,,,,,,,,,,,,,,0.0332648475999999,4.9119425e-09,0.01369863,0.0178476118,1.141698029,37.971713175,2.0232793e-08,55.0,0.177083333
1993-06-30,183111.25,,,,,,0.2765569389,0.1333333403,,,,,,,,,,,,,,,,,,,,,,,,,,,,,,,,,,,,,,,,,,,,,,,,,,,,,,,,,,,,,,,,,,,,,,,,,,,,,,,,0.0368362287999999,3.3929264999999994e-08,0.0542168692,0.0196718776,0.9648660009,3.8786390793,1.7731737000000002e-08,55.0,0.2
1993-07-30,206808.0,,,,12.327792367,,0.2998137216,0.1294117719,,,,,0.7752891570999999,,,,,,,,,,,,,,,,,,,,,,,,,,,,,,,,,,,,,,,,,,,,,,,,,,,,,,,,,,,,,,,,,,,,,,,,,,,0.0333017310999999,2.3712557e-08,0.0470588244,0.01777593,0.8147136698999999,4.0705299328,2.047911e-08,55.0,0.197916667
1993-08-31,204653.75,,,,12.210224017,,0.2541464043,-0.010416667,,,,,0.7981509419,,,,,,,,,,,,,,,,,,,,,,,,,,,,,,,,,,,,,,,,,,,,,,,,,,,,,,,,,,,,,,,,,,,,,,,,,,,0.0206503575,2.2286209e-07,0.0322580636,0.0150899592999999,1.1334873414,0.8643539929999999,1.0978189000000001e-07,55.0,0.195833333
1993-09-30,202499.5,,,,10.566980614,,0.3059093424,-0.010526316,,,,,0.5715777262,,,,,,,,,,,,,,,,,,,,,,,,,,,,,,,,,,,,,,,,,,,,,,,,,,,,,,,,,,,,,,,,,,,,,,,,,,,0.0232232112,1.2663547e-07,0.0217391308,0.0158047859,1.4283965405,2.6408914119,3.5862593e-08,55.0,0.19375
1993-10-29,200415.0,,,,11.628777749,,0.3437140833,-0.010638298,-0.456875505,,,,0.4589713843999999,,,,,,,,,,,,,,,,,,,,,,,,,,,,,,,,,,,,,,,,,,,,,,,,,,,,,,,,,,,,,,,,,,,,,,,,,,,0.0278784614,7.9431632e-08,0.0329670347,0.0196936529,1.2087474196,3.6097621447,3.2908578999999995e-08,55.0,0.25625
1993-11-30,265065.0,,,,11.750776332,,0.3619579408,0.3225806355,0.240000015,,,,0.5517014695,,,,,,,,,,,,,,,,,,,,,,,,,,,,,,,,,,,,,,,,,,,,,,,,,,,,,,,,,,,,,,,,,,,,,,,,,,,0.0345377310999999,6.304481900000001e-08,0.0857142881,0.0309025318,0.9400347677,2.2998991498,4.4531786e-08,55.0,0.229166667
1993-12-31,237050.0,,,,11.728155789,,0.3403871081,-0.10569106,0.4470588216,,,,0.4523561019,,,,,,,,,,,,,,,,,,,,,,,,,,,,,,,,,,,,,,,,,,,,,,,,,,,,,,,,,,,,,,,,,,,,,,,,,,,0.0244068404,1.3049521e-07,0.0325203239999999,0.0163410053,1.2772732944,1.3194695463,8.1145236e-08,55.0,0.241666667
1994-01-31,250067.0,,,,11.016290345,,0.2549794805,0.0545454546999999,0.14583332,,,,0.3051142294,,,,,,,,,,,,,,,,,,,,,,,,,,,,,,,,,,,,,,,,,,,,,,,,,,,,,,,,,,,,,,,,,,,,,,,,,,,0.0224372621,4.1883554e-07,0.0727272704,0.0238073963,1.4077659769,2.0227846096,1.0409627000000001e-07,55.0,0.264583333
1994-02-28,273780.25,,,,10.77400656,,0.1822262693,0.0948275849,0.2210526179,,,,0.3131547412,,,,,,,,,,,,,,,,,,,,,,,,,,,,,,,,,,,,,,,,,,,,,,,,,,,,,,,,,,,,,,0.75768581,0.2785188222,,0.0459655081,0.0106382975,2.0,0.038737036,,0.0773573534999999,0.0348439132,,,,0.0219765049,1.049715e-07,0.0403225794,0.0173508605,1.3426012202000002,4.0462447497000005,4.2362107e-08,55.0,0.25
1994-03-31,258690.0,,,,11.810447095,,0.2075376344,-0.05511811,0.3510638136999999,,,,0.4310005784,,,,,,,,,,,,,,,,,,,,,,,,,,,,,,,,,,,,,,,,,,,,,,,,,,,,,,,,,,,,,,0.75768581,0.2785188222,,0.0459655081,0.0106382975,2.0,0.038737036,,0.0773573534999999,0.0348439132,,,,0.0304014588,6.0188294e-08,0.0307692308,0.0235504325999999,1.1982308528,4.4262231651,3.753682600000001e-08,55.0,0.233333333
1994-04-29,242060.0,,,0.6669544817,11.974770907,,0.1337432074,-0.06666667,0.2903225651,-0.30664959,,,0.4984769616,,,,,,,,,,,,,,,,,,,,,,,,,,,,,,,,,,,,,,,,,,,,,,,,,,,,,,,,,,,,,,-0.15709618,0.2563636109,,0.0146549886,0.0256666671,3.0,0.0387718348,,0.0487993661,0.0406755981,,,,0.0222946775999999,8.5599741e-08,0.0263157897,0.0162700405,1.3907451809,3.1935477579,4.829546200000001e-08,55.0,0.208333333
1994-05-31,216125.0,,,-0.826991886,11.462852478,,0.0764222225999999,-0.107142858,-0.0894309019999999,0.4933333278,,,0.5052246,,,,,,,,,,,,,,,,,,,,,,,,,,,,,,,,,,,,,,,,,,,,,,,,,,,,,,,,,,,,,,-0.15709618,0.2563636109,,0.0146549886,0.0256666671,3.0,0.0387718348,,0.0487993661,0.0406755981,,,,0.0337010792,1.6093311e-07,0.0366972461,0.0274300120999999,1.3139501465,4.8398968799,4.5079498e-08,55.0,0.20625
1994-06-30,213963.75,1.2036833603,1.4488536318,-0.394117645,11.611865413,0.0347189546,0.0714141542999999,-0.01,-0.090909096,0.1764705753,,0.4763451157,0.3858088858,,,,,,,,,,,,,,,,,,,,,,,,,,,,,,,,,,,,,,,,,,,,,,,,,,,,,,,,,,,,,,-0.15709618,0.2563636109,,0.0146549886,0.0256666671,3.0,0.0387718348,,0.0487993661,0.0406755981,,,,0.0226484047,4.6429828e-07,0.0520833321,0.0252515675999999,1.4018781183000002,1.4152068066,8.1581848e-08,55.0,0.21875
1994-07-29,227272.5,1.250176865,1.5629421937,-0.303160909,10.908667896,0.03566912,0.2761737119,0.0606060624,-0.146551729,0.0312499823,,0.3685226809,0.3818818819,,,1.0,,0.2317818825,-0.304778981,1.0931114284,14.77278018,-0.007146085,-0.283678513,,,,,,0.0,3.932094811,0.1688334607999999,,,0.0,,0.0329111798,,,,0.1441369481,,,0.0612115953,,-151.7711794,,,,,,,,,,,,,,1.4536265925999998,,0.0,0.0,0.3673440436999999,0.1983661843,11.403724643,3.9392303274,20.896404631,0.0,0.0,,0.0,0.5485089996,0.6136101461,-0.853760917,-0.15709618,0.2563636109,,0.0146549886,0.0256666671,3.0,0.0387718348,,0.0487993661,0.0406755981,,,2.0,0.0227838077,1.6766323999999998e-07,0.04265403,0.0189330835,1.5012455888,2.814877749,5.2190123e-08,55.0,0.225
1994-08-31,233766.0,1.1097595157,1.2315661827,-0.48644839,11.367827436,0.0351849198,0.2142267746999999,0.0285714287,-0.1732283489999999,0.1052631412,,0.4065025303,0.2454762455,,,1.0,,0.2317818825,-0.306580085,1.0931114284,14.77278018,-0.007146085,-0.283678513,,,,,,0.0,3.932094811,0.1688334607999999,,,0.0,,0.0329111798,,,,0.1441369481,,,0.0612115953,,-151.7711794,,,,,,,,,,,,,,1.4536265925999998,,0.0,0.0,0.3673440436999999,0.1983661843,11.403724643,3.9392303274,20.896404631,0.0,0.0,,0.0,0.5485089996,0.6136101461,-0.853760917,4.7379600091,0.1645147171,-0.004841093,0.0243999112,0.008689438,0.0,0.0158268146,,0.0198494182,0.029444109,,,2.0,0.0244153421,6.8423418e-07,0.0285714287,0.0190348997,1.3287979056,0.6047495506,2.1702543e-07,55.0,0.215625
1994-09-30,224025.75,1.1531316875,1.3297126887,-0.4140957329999999,10.067772422,0.0347157696,0.1681835494,-0.041666668,-0.100000003,0.1489361535,,0.410418788,0.2562682664,,,1.0,,0.2317818825,-0.306580085,1.0931114284,14.77278018,-0.007146085,-0.283678513,,,,,,0.0,3.932094811,0.1688334607999999,,,0.0,,0.0329111798,,,,0.1441369481,,,0.0612115953,,-151.7711794,,,,,,,,,,,,,,1.4536265925999998,,0.0,0.0,0.3673440436999999,0.1983661843,11.403724643,3.9392303274,20.896404631,0.0,0.0,,0.0,0.5485089996,0.6136101461,-0.853760917,4.7379600091,0.1645147171,-0.004841093,0.0243999112,0.008689438,0.0,0.0158268146,,0.0198494182,0.029444109,,,2.0,0.0220487532,1.461283e-07,0.0306122452,0.013870087,1.4664170593,1.3307383454,6.59695e-08,55.0,0.208333333
1994-10-31,216700.0,1.1505663911,1.3238030204,-0.311443912,11.075721981,0.0349818509,0.0589857767,-0.033816423,-0.075892858,0.1129032077999999,,0.3962061447,0.1932779572,,,1.0,,0.2317818825,-0.306580085,1.0931114284,14.77278018,-0.007146085,-0.283678513,,,,,,0.0,3.932094811,0.1688334607999999,,,0.0,,0.0329111798,,,,0.1441369481,,,0.0612115953,,-151.7711794,,,,,,,,,,,,,,1.4536265925999998,,0.0,0.0,0.3673440436999999,0.1983661843,11.403724643,3.9392303274,20.896404631,0.0,0.0,,0.0,0.5485089996,0.6136101461,-0.853760917,0.3613613019,0.1351430165,0.0030335276,0.0017229239,-0.033562272,1.0,0.0333597768,,0.0421935819,0.0338097992,,,2.0,0.0238339352999999,2.7679131e-07,0.0329113938,0.019082667,1.2181445476,1.6322195851,1.0886689e-07,55.0,0.2125
1994-11-30,221034.0,1.0135153405,1.0272133455,0.2069918801,10.631639842,0.0356594396,-0.014786812,0.0199999996,2.7067568e-09,-0.186991876,,0.3649405699,0.2155053069,,,1.0,,0.2317818825,-0.351874731,1.0931114284,14.77278018,-0.007146085,-0.283678513,,,,,,0.0,3.932094811,0.1688334607999999,,,0.0,,0.0329111798,,,,0.1441369481,,,0.0612115953,,-151.7711794,,,,,,,,,,,,,,1.4536265925999998,,0.0,0.0,0.3673440436999999,0.1983661843,11.403724643,3.9392303274,20.896404631,0.0,0.0,,0.0,0.5485089996,0.6136101461,-0.853760917,0.3613613019,0.1351430165,0.0030335276,0.0017229239,-0.033562272,1.0,0.0333597768,,0.0421935819,0.0338097992,,,2.0,0.0287610996,2.6709729e-07,0.0612244904,0.0221326405,1.1468963368,0.8217424955,1.2449129e-07,55.0,0.204166667
1994-12-30,212366.0,1.0653760459,1.1350261191,0.0898989955,10.518686705,0.0361675664,-0.01166895,-0.039215688,0.0303030324,-0.072727276,,0.2367589083,0.1976034105,,,1.0,,0.2317818825,-0.354090086,1.0931114284,14.77278018,-0.007146085,-0.283678513,,,,,,0.0,3.932094811,0.1688334607999999,,,0.0,,0.0329111798,,,,0.1441369481,,,0.0612115953,,-151.7711794,,,,,,,,,,,,,,1.4536265925999998,,0.0,0.0,0.3673440436999999,0.1983661843,11.403724643,3.9392303274,20.896404631,0.0,0.0,,0.0,0.5485089996,0.6136101461,-0.853760917,0.3613613019,0.1351430165,0.0030335276,0.0017229239,-0.033562272,1.0,0.0333597768,,0.0421935819,0.0338097992,,,2.0,0.0230329572,4.7979644e-07,0.0299999993,0.0185620502,1.4904017266,2.0047376545,1.0000000886,55.0,0.20625
1995-01-31,214805.25,1.0516675739,1.106004686,0.0376847314,10.817906534,0.0356225278,-0.064964357,0.0102040814,-0.066666668,-0.155172418,,0.1847614734,0.1884241656,,,1.0,,0.2317818825,-0.354090086,1.0931114284,14.77278018,-0.007146085,-0.283678513,,,,,,0.0,3.932094811,0.1688334607999999,,,0.0,,0.0329111798,,,,0.1441369481,,,0.0612115953,,-151.7711794,,,,,,,,,,,,,,1.4536265925999998,,0.0,0.0,0.3673440436999999,0.1983661843,11.403724643,3.9392303274,20.896404631,0.0,0.0,,0.0,0.5485089996,0.6136101461,-0.853760917,-0.2809946,0.0891693760999999,0.0065156595,0.0056084167,0.0233644862,2.0,0.0370727254,,0.0480525883,0.0347512348,,,2.0,0.0195338456,3.7698436e-07,0.030927835,0.0185325931,1.2770131806,1.022424408,1.2734707e-07,55.0,0.208333333
1995-02-28,216975.0,1.0297798347,1.060446508,0.075532226,10.465828196,0.0348875527,-0.107721019,0.0101010101,-0.083333335,-0.220472444,,0.1660721763,0.3457387564,,,1.0,,0.2317818825,-0.354090086,1.0931114284,14.77278018,-0.007146085,-0.283678513,,,,,,0.0,3.932094811,0.1688334607999999,,,0.0,,0.0329111798,,,,0.1441369481,,,0.0612115953,,-151.7711794,,,,,,,,,,,,,,1.4536265925999998,,0.0,0.0,0.3673440436999999,0.1983661843,11.403724643,3.9392303274,20.896404631,0.0,0.0,,0.0,0.5485089996,0.6136101461,-0.853760917,-0.2809946,0.0891693760999999,0.0065156595,0.0056084167,0.0233644862,2.0,0.0370727254,,0.0480525883,0.0347512348,,,2.0,0.0291044821,8.658876699999998e-08,0.03125,0.0210865919,1.23382797,8.6174080301,3.2593746e-08,55.0,0.220833333
1995-03-31,229993.5,1.0108856204,1.0218897375,0.1616545915,11.839888345,0.0347502474,-0.102480619,0.0599999987,-0.033816425,-0.16666667,,0.122210334,0.6500420393,,,1.0,,0.2317818825,-0.35594986,1.0931114284,14.77278018,-0.007146085,-0.283678513,,,,,,0.0,3.932094811,0.1688334607999999,,,0.0,,0.0329111798,,,,0.1441369481,,,0.0612115953,,-151.7711794,,,,,,,,,,,,,,1.4536265925999998,,0.0,0.0,0.3673440436999999,0.1983661843,11.403724643,3.9392303274,20.896404631,0.0,0.0,,0.0,0.5485089996,0.6136101461,-0.853760917,-0.2809946,0.0891693760999999,0.0065156595,0.0056084167,0.0233644862,2.0,0.0370727254,,0.0480525883,0.0347512348,,,2.0,0.0373455442,5.5179239000000014e-08,0.1173469424,0.0355566285,1.1636448999,5.7205417223,1.9897151e-08,55.0,0.215625
1995-04-28,225681.75,1.0291776677,1.0592066717,0.1421428519,12.491875453,0.0381761779,-0.032940471,-0.023584906,0.0599999964,-0.05357143,,0.1096343762,0.6943743790000001,,,1.0,,0.2317818825,-0.364225119,1.0931114284,14.77278018,-0.007146085,-0.283678513,,,,,,0.0,3.932094811,0.1688334607999999,,,0.0,,0.0329111798,,,,0.1441369481,,,0.0612115953,,-151.7711794,,,,,,,,,,,,,,1.4536265925999998,,0.0,0.0,0.3673440436999999,0.1983661843,11.403724643,3.9392303274,20.896404631,0.0,0.0,,0.0,0.5485089996,0.6136101461,-0.853760917,-0.313499991,0.0711514796,0.0040441639,0.0077787302,-0.048648134,3.0,0.0400786243,,0.050614335,0.0317674204,,,2.0,0.0246080837,1.7990154999999997e-07,0.0196078438,0.0156334845,1.2200008159,1.7779602766999998,6.4049985e-08,55.0,0.222916667
1995-05-31,233313.5,1.0180602051,1.0364465813,0.0290196002,11.108046435,0.0374759554,-0.057421585,0.0338164233,0.014705879,0.0349999989,,0.1202061909,0.5471986547,,,1.0,,0.2317818825,-0.36835836,1.0931114284,14.77278018,-0.007146085,-0.283678513,,,,,,0.0,3.932094811,0.1688334607999999,,,0.0,,0.0329111798,,,,0.1441369481,,,0.0612115953,,-151.7711794,,,,,,,,,,,,,,1.4536265925999998,,0.0,0.0,0.3673440436999999,0.1983661843,11.403724643,3.9392303274,20.896404631,0.0,0.0,,0.0,0.5485089996,0.6136101461,-0.853760917,-0.313499991,0.0711514796,0.0040441639,0.0077787302,-0.048648134,3.0,0.0400786243,,0.050614335,0.0317674204,,,2.0,0.0245297677,5.922236800000001e-07,0.0388349518,0.0186012257,1.6399046288,1.4987201941,1.1052632763,55.0,0.216666667
1995-06-30,226772.0,0.9823116059,0.9649360911,0.0713254964,10.72256229,0.0371588075,-0.070719942,-0.028037382,0.0918367307,0.0808080775,,0.1354617002,0.311960919,,,1.0,,0.2317818825,-0.36835836,1.0931114284,14.77278018,-0.007146085,-0.283678513,,,,,,0.0,3.932094811,0.1688334607999999,,,0.0,,0.0329111798,,,,0.1441369481,,,0.0612115953,,-151.7711794,,,,,,,,,,,,,,1.4536265925999998,,0.0,0.0,0.3673440436999999,0.1983661843,11.403724643,3.9392303274,20.896404631,0.0,0.0,,0.0,0.5485089996,0.6136101461,-0.853760917,-0.313499991,0.0711514796,0.0040441639,0.0077787302,-0.048648134,3.0,0.0400786243,,0.050614335,0.0317674204,,,2.0,0.0227085881,6.9487128e-08,0.0291262139,0.0129914887,1.5126691641,3.2991465773,4.4468481e-08,55.0,0.234375
1995-07-31,245643.75,0.9921225572,0.9843071686,0.1935064907,11.52682837,0.0370114135,0.1552584649,0.0817307680999999,0.0505050479,-0.009523813,,0.1109384836,0.3479505381,0.033707515,0.033707515,2.0,-0.194427727,0.3289211972,-0.288900458,0.8835544584999999,23.522568487,0.0389562173,-0.109712117,,0.0064942594999999,-1.60620631,0.0952262231,-0.013175427,0.0,3.6161329038,0.1178563648,0.0,0.0,0.0,0.2148430067,0.051544364,0.9922447751,,0.1751818448,0.1562138556,0.1625698324,0.2786136339,0.079620959,0.1173319396,-201.5021983,0.2875704136,0.0168493586,0.4955273296999999,-0.0803546,-0.301937162,0.034307817,-0.3573888839999999,-0.001449218,0.0537070646,-0.009165379,-0.001188482,0.2442196532,6.0,0.9341166067,0.0,0.0,0.0,0.3865324471999999,0.2038882376,30.714653429,3.9345486234,21.860376865,0.0,0.0,0.2179361932,0.0,0.7777137663,0.5595414133,0.416938616,-0.313499991,0.0711514796,0.0040441639,0.0077787302,-0.048648134,3.0,0.0400786243,,0.050614335,0.0317674204,,,5.0,0.0226171856,1.8542989e-07,0.0384615399,0.0175187788,1.3232970047,2.4748793793,4.9261969000000015e-08,55.0,0.24375
1995-08-31,255469.5,0.9783224787,0.9571148724,0.2440740703,11.50315918,0.0365190757,0.1772376662,0.0399999991,0.124999996,0.0416666614,,0.1400370599,0.3565376689,0.033707515,0.033707515,2.0,-0.194427727,0.3289211972,-0.29638929,0.8835544584999999,23.522568487,0.0389562173,-0.109712117,,0.0064942594999999,-1.5892728390000002,0.0952262231,-0.013175427,0.0,3.6161329038,0.1178563648,0.0,0.0,0.0,0.2148430067,0.051544364,0.9922447751,,0.1751818448,0.1562138556,0.1625698324,0.2786136339,0.079620959,0.1173319396,-201.5021983,0.2875704136,0.0168493586,0.4955273296999999,-0.0803546,-0.301937162,0.034307817,-0.3573888839999999,-0.001449218,0.0537070646,-0.009165379,-0.001188482,0.2442196532,6.0,0.9341166067,0.0,0.0,0.0,0.3865324471999999,0.2038882376,30.714653429,3.9345486234,21.860376865,0.0,0.0,0.2179361932,0.0,0.7777137663,0.5595414133,0.416938616,,,,,,,,,,,,,,0.0210438664999999,1.3593048000000002e-07,0.0263157897,0.0135760151,1.2887684875,2.0430355745,9.9475305e-08,55.0,0.241666667
1995-09-29,253286.0,0.9137256321,0.8348945308,0.0701850308,10.936480735999998,0.036291524,0.4419451167,-0.008547009,0.1037735814,0.1304347774,,0.1130561824,0.3315432663,0.033707515,0.033707515,2.0,-0.194427727,0.3289211972,-0.29638929,0.8835544584999999,23.522568487,0.0389562173,-0.109712117,,0.0064942594999999,-1.4273295190000002,0.0952262231,-0.013175427,0.0,3.6161329038,0.1178563648,0.0,0.0,0.0,0.2148430067,0.051544364,0.9922447751,,0.1751818448,0.1562138556,0.1625698324,0.2786136339,0.079620959,0.1173319396,-201.5021983,0.2875704136,0.0168493586,0.4955273296999999,-0.0803546,-0.301937162,0.034307817,-0.3573888839999999,-0.001449218,0.0537070646,-0.009165379,-0.001188482,0.2442196532,6.0,0.9341166067,0.0,0.0,0.0,0.3865324471999999,0.2038882376,30.714653429,3.9345486234,21.860376865,0.0,0.0,0.2179361932,0.0,0.7777137663,0.5595414133,0.416938616,,,,,,,,,,,,,,0.0183859065999999,5.9199527e-07,0.0263157897,0.0138014627,1.6421901583,3.2068156267,5.0914601e-08,55.0,0.252083333
1995-10-31,264748.0,0.9144994378,0.8363092217,0.1340821266,11.457698127,0.0358554856,0.4325412349,0.043103449,0.1207729432,0.1599999919,,0.0846622710999999,0.297912858,0.033707515,0.033707515,2.0,-0.194427727,0.3289211972,-0.29638929,0.8835544584999999,23.522568487,0.0389562173,-0.109712117,,0.0064942594999999,-0.994701889,0.0952262231,-0.013175427,0.0,3.6161329038,0.1178563648,0.0,0.0,0.0,0.2148430067,0.051544364,0.9922447751,,0.1751818448,0.1562138556,0.1625698324,0.2786136339,0.079620959,0.1173319396,-201.5021983,0.2875704136,0.0168493586,0.4955273296999999,-0.0803546,-0.301937162,0.034307817,-0.3573888839999999,-0.001449218,0.0537070646,-0.009165379,-0.001188482,0.2442196532,6.0,0.9341166067,0.0,0.0,0.0,0.3865324471999999,0.2038882376,30.714653429,3.9345486234,21.860376865,0.0,0.0,0.2179361932,0.0,0.7777137663,0.5595414133,0.416938616,-0.949917091,0.0320997859,0.0036134496,0.0258798075,-0.024699539,1.0,0.0333573809,,0.0414815448,0.0268785579999999,,,5.0,0.0216155924,8.861342900000002e-08,0.0252100844,0.0111512,1.3670128127,2.5150802311,7.2431153e-08,55.0,0.272916667
1995-11-30,286628.0,0.91626973,0.839550218,0.1752794602,11.287272518,0.0353193857,0.4552361971999999,0.0826446265,0.1308411207,0.186274503,,0.11553324,0.3833790372,0.033707515,0.033707515,2.0,-0.194427727,0.3289211972,-0.29085519,0.8835544584999999,23.522568487,0.0389562173,-0.109712117,,0.0064942594999999,-0.960579072,0.0952262231,-0.013175427,0.0,3.6161329038,0.1178563648,0.0,0.0,0.0,0.2148430067,0.051544364,0.9922447751,,0.1751818448,0.1562138556,0.1625698324,0.2786136339,0.079620959,0.1173319396,-201.5021983,0.2875704136,0.0168493586,0.4955273296999999,-0.0803546,-0.301937162,0.034307817,-0.3573888839999999,-0.001449218,0.0537070646,-0.009165379,-0.001188482,0.2442196532,6.0,0.9341166067,0.0,0.0,0.0,0.3865324471999999,0.2038882376,30.714653429,3.9345486234,21.860376865,0.0,0.0,0.2179361932,0.0,0.7777137663,0.5595414133,0.416938616,-0.949917091,0.0320997859,0.0036134496,0.0258798075,-0.024699539,1.0,0.0333573809,,0.0414815448,0.0268785579999999,,,5.0,0.0218247284,1.7686647e-07,0.0645161271,0.018710897,1.4938319448,5.6089541371000005,4.1788828e-08,55.0,0.245833333
1995-12-29,258184.0,0.7867001272,0.6188970900999999,0.0733908897,11.823374517,0.0356988533,0.372026969,-0.099236645,0.2596153807,0.3367346861,,0.0257889289,0.8405391495000001,0.033707515,0.033707515,2.0,-0.194427727,0.3289211972,-0.295757732,0.8835544584999999,23.522568487,0.0389562173,-0.109712117,,0.0064942594999999,-0.947945119,0.0952262231,-0.013175427,0.0,3.6161329038,0.1178563648,0.0,0.0,0.0,0.2148430067,0.051544364,0.9922447751,,0.1751818448,0.1562138556,0.1625698324,0.2786136339,0.079620959,0.1173319396,-201.5021983,0.2875704136,0.0168493586,0.4955273296999999,-0.0803546,-0.301937162,0.034307817,-0.3573888839999999,-0.001449218,0.0537070646,-0.009165379,-0.001188482,0.2442196532,6.0,0.9341166067,0.0,0.0,0.0,0.3865324471999999,0.2038882376,30.714653429,3.9345486234,21.860376865,0.0,0.0,0.2179361932,0.0,0.7777137663,0.5595414133,0.416938616,-0.949917091,0.0320997859,0.0036134496,0.0258798075,-0.024699539,1.0,0.0333573809,,0.0414815448,0.0268785579999999,,,5.0,0.020066062,9.190791300000001e-08,0.0347826071,0.0151975701,2.0420479323,26.759864204,9.4347254e-09,55.0,0.241666667
1996-01-31,300498.0,0.8162916359000001,0.6663320349,-0.105252527,13.253596882,0.0357392092,0.5268190306,-0.016949153,0.0488888825999999,0.1919191805,,0.0178273628,0.9887730811,0.033707515,0.033707515,2.0,-0.194427727,0.3289211972,-0.313234571,0.8835544584999999,23.522568487,0.0389562173,-0.109712117,,0.0064942594999999,-0.947945119,0.0952262231,-0.013175427,0.0,3.6161329038,0.1178563648,0.0,0.0,0.0,0.2148430067,0.051544364,0.9922447751,,0.1751818448,0.1562138556,0.1625698324,0.2786136339,0.079620959,0.1173319396,-201.5021983,0.2875704136,0.0168493586,0.4955273296999999,-0.0803546,-0.301937162,0.034307817,-0.3573888839999999,-0.001449218,0.0537070646,-0.009165379,-0.001188482,0.2442196532,6.0,0.9341166067,0.0,0.0,0.0,0.3865324471999999,0.2038882376,30.714653429,3.9345486234,21.860376865,0.0,0.0,0.2179361932,0.0,0.7777137663,0.5595414133,0.416938616,-0.1953640039999999,0.0155374563999999,0.0043762594,0.0586102062,-0.008469449,2.0,0.0365295352,,0.0465019022,0.0298399613,,,5.0,0.0245967782,2.9470655e-08,0.0363636352,0.0189005813999999,1.0505323645,3.3041653422,2.6663787999999995e-08,55.0,0.252083333
1996-02-29,313450.5,0.8577129015999999,0.7356714215000001,-0.135811965,12.255500701,0.0354069066,0.6003178343,0.043103449,-0.008547014,0.1599999889,,-0.025485042,1.0221964872,0.033707515,0.033707515,2.0,-0.194427727,0.3289211972,-0.313234571,0.8835544584999999,23.522568487,0.0389562173,-0.109712117,,0.0064942594999999,-0.948711402,0.0952262231,-0.013175427,0.0,3.6161329038,0.1178563648,0.0,0.0,0.0,0.2148430067,0.051544364,0.9922447751,,0.1751818448,0.1562138556,0.1625698324,0.2786136339,0.079620959,0.1173319396,-201.5021983,0.2875704136,0.0168493586,0.4955273296999999,-0.0803546,-0.301937162,0.034307817,-0.3573888839999999,-0.001449218,0.0537070646,-0.009165379,-0.001188482,0.2442196532,6.0,0.9341166067,0.0,0.0,0.0,0.3865324471999999,0.2038882376,30.714653429,3.9345486234,21.860376865,0.0,0.0,0.2179361932,0.0,0.7777137663,0.5595414133,0.416938616,-0.1953640039999999,0.0155374563999999,0.0043762594,0.0586102062,-0.008469449,2.0,0.0365295352,,0.0465019022,0.0298399613,,,5.0,0.0218062537,1.0454502000000002e-08,0.025641026,0.0103709981,1.1564874839,2.0978108778,3.959899899999999e-08,55.0,0.2875
1996-03-29,357489.0,0.8350338888,0.6972815954000001,0.0953155476,11.966679024,0.0349950422,0.6062655906000001,0.1404958665,0.0431034441,0.1415094253,,-0.0010362519999999,0.6839278865,0.033707515,0.033707515,2.0,-0.194427727,0.3289211972,-0.315973938,0.8835544584999999,23.522568487,0.0389562173,-0.109712117,,0.0064942594999999,-0.937113725,0.0952262231,-0.013175427,0.0,3.6161329038,0.1178563648,0.0,0.0,0.0,0.2148430067,0.051544364,0.9922447751,,0.1751818448,0.1562138556,0.1625698324,0.2786136339,0.079620959,0.1173319396,-201.5021983,0.2875704136,0.0168493586,0.4955273296999999,-0.0803546,-0.301937162,0.034307817,-0.3573888839999999,-0.001449218,0.0537070646,-0.009165379,-0.001188482,0.2442196532,6.0,0.9341166067,0.0,0.0,0.0,0.3865324471999999,0.2038882376,30.714653429,3.9345486234,21.860376865,0.0,0.0,0.2179361932,0.0,0.7777137663,0.5595414133,0.416938616,-0.1953640039999999,0.0155374563999999,0.0043762594,0.0586102062,-0.008469449,2.0,0.0365295352,,0.0465019022,0.0298399613,,,5.0,0.0241445029,2.3791643e-08,0.0476190485,0.0154041787,1.2705490869,5.0579302856,2.5337385e-08,55.0,0.289583333
1996-04-30,362373.0,0.855731575,0.7322765284999999,-0.0203217989999999,12.639921108,0.0350340258,0.6091494165,0.0072463768999999,0.1404958610999999,0.3333333222,-0.401985274,0.0390753925,0.5983889528,0.033707515,0.033707515,2.0,-0.194427727,0.3289211972,-0.320896785,0.8835544584999999,23.522568487,0.0389562173,-0.109712117,,0.0064942594999999,-0.981558362,0.0952262231,-0.013175427,0.0,3.6161329038,0.1178563648,0.0,0.0,0.0,0.2148430067,0.051544364,0.9922447751,,0.1751818448,0.1562138556,0.1625698324,0.2786136339,0.079620959,0.1173319396,-201.5021983,0.2875704136,0.0168493586,0.4955273296999999,-0.0803546,-0.301937162,0.034307817,-0.3573888839999999,-0.001449218,0.0537070646,-0.009165379,-0.001188482,0.2442196532,6.0,0.9341166067,0.0,0.0,0.0,0.3865324471999999,0.2038882376,30.714653429,3.9345486234,21.860376865,0.0,0.0,0.2179361932,0.0,0.7777137663,0.5595414133,0.416938616,-0.1953640039999999,0.0155374563999999,0.0043762594,0.0586102062,-0.008469449,2.0,0.0365295352,,0.0465019022,0.0298399613,,,5.0,0.0211082808999999,3.146646e-08,0.0289855077999999,0.0125683707,1.2410777821,1.9865676707,4.7242456e-08,55.0,0.327083333
1996-05-31,409299.0,0.8344233732999999,0.6962623659999999,-0.025825793,11.975448056,0.0347856854,0.5964851928,0.1294963956,0.0610686978,0.2990654123,0.4266666557,0.0740110311,0.6316967139999999,0.033707515,0.033707515,2.0,-0.194427727,0.3289211972,-0.328974006,0.8835544584999999,23.522568487,0.0389562173,-0.109712117,,0.0064942594999999,-0.960579072,0.0952262231,-0.013175427,0.0,3.6161329038,0.1178563648,0.0,0.0,0.0,0.2148430067,0.051544364,0.9922447751,,0.1751818448,0.1562138556,0.1625698324,0.2786136339,0.079620959,0.1173319396,-201.5021983,0.2875704136,0.0168493586,0.4955273296999999,-0.0803546,-0.301937162,0.034307817,-0.3573888839999999,-0.001449218,0.0537070646,-0.009165379,-0.001188482,0.2442196532,6.0,0.9341166067,0.0,0.0,0.0,0.3865324471999999,0.2038882376,30.714653429,3.9345486234,21.860376865,0.0,0.0,0.2179361932,0.0,0.7777137663,0.5595414133,0.416938616,,,,,,,,,,,,,,0.0215538398,3.7929438e-07,0.0477815717,0.0162165481,1.8206682047,4.977908734100001,3.4781370000000004e-08,55.0,0.327083333
1996-06-28,409299.0,0.8621977917,0.7433850320000001,0.1958930891,12.409647982,0.0351018379,0.1929308953,0.0,0.3305084657,0.5096153638,0.223529396,-0.011664322,0.4965693314,0.033707515,0.033707515,2.0,-0.194427727,0.3289211972,-0.328974006,0.8835544584999999,23.522568487,0.0389562173,-0.109712117,,0.0064942594999999,-0.960579072,0.0952262231,-0.013175427,0.0,3.6161329038,0.1178563648,0.0,0.0,0.0,0.2148430067,0.051544364,0.9922447751,,0.1751818448,0.1562138556,0.1625698324,0.2786136339,0.079620959,0.1173319396,-201.5021983,0.2875704136,0.0168493586,0.4955273296999999,-0.0803546,-0.301937162,0.034307817,-0.3573888839999999,-0.001449218,0.0537070646,-0.009165379,-0.001188482,0.2442196532,6.0,0.9341166067,0.0,0.0,0.0,0.3865324471999999,0.2038882376,30.714653429,3.9345486234,21.860376865,0.0,0.0,0.2179361932,0.0,0.7777137663,0.5595414133,0.416938616,,,,,,,,,,,,,,0.0230359216,4.212618900000001e-08,0.0263157897,0.0158224668,1.3998312359,2.5908320015,4.3710255e-08,55.0,0.302083333
1996-07-31,378631.25,0.8611543437000001,0.7415868036,0.2188888852,12.134587385,0.0352174845,0.3530410817,-0.076433122,0.3534482668,0.3955555378,0.1718749762,-0.1520951519999999,0.4142971118999999,0.109666253,0.109666253,3.0,-0.758951985,0.4481893389999999,-0.227324996,0.9842821077,5.6110962923,0.0029284721,-0.050090134,-0.337724608,0.1939163498,-0.434004292,0.1371346983,0.0171145371,0.0,5.427565337000001,0.077727089,0.0,0.0,0.0,0.9063283208,0.046892159,1.0164324894,2.3499941335,0.23872395,0.1608933824,0.2604517059,0.5036586623,0.0656709862,0.1538326609,-363.8708584,0.1913869914,0.0129516922,-9.251921178,0.5009308235000001,-0.340493073,0.0174167572,1.3364357546,-0.182953981,-0.128078455,0.0038910488,-0.131708627,0.93754879,5.0,2.1825034388,0.0,0.0,0.0,0.4253044990999999,0.168827192,7.6779331631,3.4163346276,19.761867399,0.0,0.0,0.20612725,0.0,0.6705269253,0.6092838598,0.0895153649,,,,,,,,,,,,,,0.0191223473,2.5740015e-08,0.020833334,0.0159191534,0.8549811293,0.7586754587000001,1.1451151e-07,55.0,0.291666667
1996-08-30,365575.0,0.8493876162,0.7214593226,0.122836754,11.187333819,0.0359499022,0.2423570873,-0.0344827579999999,0.1983470971,0.2393162230999999,0.2315789217,-0.1661701059999999,0.3469283549,0.109666253,0.109666253,3.0,-0.758951985,0.4481893389999999,-0.232121933,0.9842821077,5.6110962923,0.0029284721,-0.050090134,-0.337724608,0.1939163498,-0.434004292,0.1371346983,0.0171145371,0.0,5.427565337000001,0.077727089,0.0,0.0,0.0,0.9063283208,0.046892159,1.0164324894,2.3499941335,0.23872395,0.1608933824,0.2604517059,0.5036586623,0.0656709862,0.1538326609,-363.8708584,0.1913869914,0.0129516922,-9.251921178,0.5009308235000001,-0.340493073,0.0174167572,1.3364357546,-0.182953981,-0.128078455,0.0038910488,-0.131708627,0.93754879,5.0,2.1825034388,0.0,0.0,0.0,0.4253044990999999,0.168827192,7.6779331631,3.4163346276,19.761867399,0.0,0.0,0.20612725,0.0,0.6705269253,0.6092838598,0.0895153649,3.0664411134,0.1708484153999999,0.0058057644999999,0.0374636128,0.084358599,0.0,0.0302229700999999,,0.0436250577,0.0284328015,,,4.0,0.0243337612,6.144945e-08,0.0255474448,0.0162010375,1.4196416188999998,1.6158910694,5.0233878e-08,55.0,0.302083333
1996-09-30,378631.25,0.7269658461,0.5284793415,-0.138930535,11.882590669,0.0366273204,0.1021676443,0.0357142873,0.0144927461,0.2068965366,0.2340425275,-0.108249568,0.2802117212,0.109666253,0.109666253,3.0,-0.758951985,0.4481893389999999,-0.232121933,0.9842821077,5.6110962923,0.0029284721,-0.050090134,-0.337724608,0.1939163498,-0.434004292,0.1371346983,0.0171145371,0.0,5.427565337000001,0.077727089,0.0,0.0,0.0,0.9063283208,0.046892159,1.0164324894,2.3499941335,0.23872395,0.1608933824,0.2604517059,0.5036586623,0.0656709862,0.1538326609,-363.8708584,0.1913869914,0.0129516922,-9.251921178,0.5009308235000001,-0.340493073,0.0174167572,1.3364357546,-0.182953981,-0.128078455,0.0038910488,-0.131708627,0.93754879,5.0,2.1825034388,0.0,0.0,0.0,0.4253044990999999,0.168827192,7.6779331631,3.4163346276,19.761867399,0.0,0.0,0.20612725,0.0,0.6705269253,0.6092838598,0.0895153649,3.0664411134,0.1708484153999999,0.0058057644999999,0.0374636128,0.084358599,0.0,0.0302229700999999,,0.0436250577,0.0284328015,,,4.0,0.0173359267,2.3561885e-07,0.0250000004,0.0115003379,1.7013723534,1.3570067209,7.8054754e-08,55.0,0.2875
1996-10-31,360663.0,0.7080440834999999,0.5013264242000001,-0.155954574,11.476896652,0.0346740958,0.0778317763,-0.048275862,0.0431654613999999,0.1983470934,0.3010752422,-0.31616859,0.4026847778,0.109666253,0.109666253,3.0,-0.758951985,0.4481893389999999,-0.232121933,0.9842821077,5.6110962923,0.0029284721,-0.050090134,-0.337724608,0.1939163498,-0.434004292,0.1371346983,0.0171145371,0.0,5.427565337000001,0.077727089,0.0,0.0,0.0,0.9063283208,0.046892159,1.0164324894,2.3499941335,0.23872395,0.1608933824,0.2604517059,0.5036586623,0.0656709862,0.1538326609,-363.8708584,0.1913869914,0.0129516922,-9.251921178,0.5009308235000001,-0.340493073,0.0174167572,1.3364357546,-0.182953981,-0.128078455,0.0038910488,-0.131708627,0.93754879,5.0,2.1825034388,0.0,0.0,0.0,0.4253044990999999,0.168827192,7.6779331631,3.4163346276,19.761867399,0.0,0.0,0.20612725,0.0,0.6705269253,0.6092838598,0.0895153649,1.3056466471,0.1361831955,0.0067505988,-0.0192043,0.0721369414,1.0,0.0266138902999999,0.0066034870999999,0.0305370882,0.034646621,0.0592585163,0.0642213091999999,4.0,0.0179192386,8.850941000000003e-08,0.021428572,0.0128512009,1.4635390894999998,3.3785051261000003,3.9173038e-08,55.0,0.294791667
1996-11-29,369810.25,0.5818722392,0.3385753027,-0.297199384,12.212246051,0.034643648,0.189812973,0.0253623184,-0.121019108,0.0534351038999999,0.0650406348,-0.100153649,0.4993303998,0.109666253,0.109666253,3.0,-0.758951985,0.4481893389999999,-0.286974205,0.9842821077,5.6110962923,0.0029284721,-0.050090134,-0.337724608,0.1939163498,-0.434004292,0.1371346983,0.0171145371,0.0,5.427565337000001,0.077727089,0.0,0.0,0.0,0.9063283208,0.046892159,1.0164324894,2.3499941335,0.23872395,0.1608933824,0.2604517059,0.5036586623,0.0656709862,0.1538326609,-363.8708584,0.1913869914,0.0129516922,-9.251921178,0.5009308235000001,-0.340493073,0.0174167572,1.3364357546,-0.182953981,-0.128078455,0.0038910488,-0.131708627,0.93754879,5.0,2.1825034388,0.0,0.0,0.0,0.4253044990999999,0.168827192,7.6779331631,3.4163346276,19.761867399,0.0,0.0,0.20612725,0.0,0.6705269253,0.6092838598,0.0895153649,1.3056466471,0.1361831955,0.0067505988,-0.0192043,0.0721369414,1.0,0.0266138902999999,0.0066034870999999,0.0305370882,0.034646621,0.0592585163,0.0642213091999999,4.0,0.0236002905,1.6118566999999998e-08,0.0218181815,0.009053619,1.0854517993,3.4252207778,2.7748231e-08,55.0,0.285416667
1996-12-31,358049.5,0.5174932543,0.2677992683,-0.457897002,12.443108254,0.0345271251,0.0886292033,-0.031802122,-0.098726114,0.1991525346,0.072727257,-0.018773546,0.5393383640999999,0.109666253,0.109666253,3.0,-0.758951985,0.4481893389999999,-0.299948673,0.9842821077,5.6110962923,0.0029284721,-0.050090134,-0.337724608,0.1939163498,-0.434004292,0.1371346983,0.0171145371,0.0,5.427565337000001,0.077727089,0.0,0.0,0.0,0.9063283208,0.046892159,1.0164324894,2.3499941335,0.23872395,0.1608933824,0.2604517059,0.5036586623,0.0656709862,0.1538326609,-363.8708584,0.1913869914,0.0129516922,-9.251921178,0.5009308235000001,-0.340493073,0.0174167572,1.3364357546,-0.182953981,-0.128078455,0.0038910488,-0.131708627,0.93754879,5.0,2.1825034388,0.0,0.0,0.0,0.4253044990999999,0.168827192,7.6779331631,3.4163346276,19.761867399,0.0,0.0,0.20612725,0.0,0.6705269253,0.6092838598,0.0895153649,1.3056466471,0.1361831955,0.0067505988,-0.0192043,0.0721369414,1.0,0.0266138902999999,0.0066034870999999,0.0305370882,0.034646621,0.0592585163,0.0642213091999999,4.0,0.0172515773,1.8941369e-08,0.0217391308,0.0120259117999999,0.8680822706999999,1.602585283,5.804623e-08,55.0,0.266666667
1997-01-31,335008.0,0.5066672007,0.2567116523,-0.367241369,11.812622567,0.0336169272,0.0742500591,-0.065693431,-0.055172414,0.1810344734,-1.486505e-08,-0.012764397,0.4709459675,0.109666253,0.109666253,3.0,-0.758951985,0.4481893389999999,-0.299948673,0.9842821077,5.6110962923,0.0029284721,-0.050090134,-0.337724608,0.1939163498,-0.434004292,0.1371346983,0.0171145371,0.0,5.427565337000001,0.077727089,0.0,0.0,0.0,0.9063283208,0.046892159,1.0164324894,2.3499941335,0.23872395,0.1608933824,0.2604517059,0.5036586623,0.0656709862,0.1538326609,-363.8708584,0.1913869914,0.0129516922,-9.251921178,0.5009308235000001,-0.340493073,0.0174167572,1.3364357546,-0.182953981,-0.128078455,0.0038910488,-0.131708627,0.93754879,5.0,2.1825034388,0.0,0.0,0.0,0.4253044990999999,0.168827192,7.6779331631,3.4163346276,19.761867399,0.0,0.0,0.20612725,0.0,0.6705269253,0.6092838598,0.0895153649,1.7085105761,0.0731048805999999,0.0084131388,-0.022824555,0.0142889088,2.0,0.0285852965,0.0064597037,0.0354045002,0.0479041283999999,0.0600286333,0.0639379734,4.0,0.0227971313,2.985559e-08,0.0322580636,0.0154553918999999,1.0989116843,1.2697850295,5.9107994000000033e-08,55.0,0.275
1997-02-28,345477.0,0.4467742557999999,0.1996072357,-0.214167641,11.677761707,0.0327232216,0.0566368467,0.03125,-0.085714286,0.0578512306,-0.047244107,0.3996480068,0.3766357818,0.109666253,0.109666253,3.0,-0.758951985,0.4481893389999999,-0.299948673,0.9842821077,5.6110962923,0.0029284721,-0.050090134,-0.337724608,0.1939163498,-0.434004292,0.1371346983,0.0171145371,0.0,5.427565337000001,0.077727089,0.0,0.0,0.0,0.9063283208,0.046892159,1.0164324894,2.3499941335,0.23872395,0.1608933824,0.2604517059,0.5036586623,0.0656709862,0.1538326609,-363.8708584,0.1913869914,0.0129516922,-9.251921178,0.5009308235000001,-0.340493073,0.0174167572,1.3364357546,-0.182953981,-0.128078455,0.0038910488,-0.131708627,0.93754879,5.0,2.1825034388,0.0,0.0,0.0,0.4253044990999999,0.168827192,7.6779331631,3.4163346276,19.761867399,0.0,0.0,0.20612725,0.0,0.6705269253,0.6092838598,0.0895153649,1.7085105761,0.0731048805999999,0.0084131388,-0.022824555,0.0142889088,2.0,0.0285852965,0.0064597037,0.0354045002,0.0479041283999999,0.0600286333,0.0639379734,4.0,0.0237423131999999,3.8080241e-08,0.0310077518,0.0164150875,0.8042391248999999,1.8650754075,4.952008e-08,55.0,0.278125
1997-03-31,349402.875,0.465957316,0.2171162203,-0.130034978,11.840299293,0.0330397111,0.0891803255,0.0113636366999999,-0.089655174,-0.043478268,0.1499999836,0.3038315603,1.0710023488,0.109666253,0.109666253,3.0,-0.758951985,0.4481893389999999,-0.3027696119999999,0.9842821077,5.6110962923,0.0029284721,-0.050090134,-0.337724608,0.1939163498,-0.434004292,0.1371346983,0.0171145371,0.0,5.427565337000001,0.077727089,0.0,0.0,0.0,0.9063283208,0.046892159,1.0164324894,2.3499941335,0.23872395,0.1608933824,0.2604517059,0.5036586623,0.0656709862,0.1538326609,-363.8708584,0.1913869914,0.0129516922,-9.251921178,0.5009308235000001,-0.340493073,0.0174167572,1.3364357546,-0.182953981,-0.128078455,0.0038910488,-0.131708627,0.93754879,5.0,2.1825034388,0.0,0.0,0.0,0.4253044990999999,0.168827192,7.6779331631,3.4163346276,19.761867399,0.0,0.0,0.20612725,0.0,0.6705269253,0.6092838598,0.0895153649,1.7085105761,0.0731048805999999,0.0084131388,-0.022824555,0.0142889088,2.0,0.0285852965,0.0064597037,0.0354045002,0.0479041283999999,0.0600286333,0.0639379734,4.0,0.0188377022,2.2045276000000002e-08,0.0229885057,0.0111297734,1.7004720126,28.212672337,9.3238842e-09,55.0,0.30625
1997-04-30,385948.5,0.4192340835,0.1757572168,0.0724116383999999,13.668027724000002,0.0333979392,0.1522938483,0.1011235936999999,-0.032608697,-0.039568352,0.2410714157,-1.601166945,1.2490001904,0.109666253,0.109666253,3.0,-0.758951985,0.4481893389999999,-0.291778789,0.9842821077,5.6110962923,0.0029284721,-0.050090134,-0.337724608,0.1939163498,-0.434004292,0.1371346983,0.0171145371,0.0,5.427565337000001,0.077727089,0.0,0.0,0.0,0.9063283208,0.046892159,1.0164324894,2.3499941335,0.23872395,0.1608933824,0.2604517059,0.5036586623,0.0656709862,0.1538326609,-363.8708584,0.1913869914,0.0129516922,-9.251921178,0.5009308235000001,-0.340493073,0.0174167572,1.3364357546,-0.182953981,-0.128078455,0.0038910488,-0.131708627,0.93754879,5.0,2.1825034388,0.0,0.0,0.0,0.4253044990999999,0.168827192,7.6779331631,3.4163346276,19.761867399,0.0,0.0,0.20612725,0.0,0.6705269253,0.6092838598,0.0895153649,0.7409847366,0.060274003,0.0055195625,-0.023553267,0.0138767915999999,3.0,0.0312795662,0.0062371978,0.0373557477,0.0367406693,0.06058615,0.0651253842,4.0,0.0242065477,1.1852737e-08,0.0387323946,0.0165809974,0.7138160295,3.2557675557,2.4647787999999995e-08,55.0,0.291666667
1997-05-30,367570.0,0.3721112675999999,0.1384667955,0.0881254042,12.741154933,0.0334372957,0.0543597783999999,-0.047619049,0.0388692552,-0.06369427,0.5699999754,-1.923365028,1.3827842316,0.109666253,0.109666253,3.0,-0.758951985,0.4481893389999999,-0.296860817,0.9842821077,5.6110962923,0.0029284721,-0.050090134,-0.337724608,0.1939163498,-0.434004292,0.1371346983,0.0171145371,0.0,5.427565337000001,0.077727089,0.0,0.0,0.0,0.9063283208,0.046892159,1.0164324894,2.3499941335,0.23872395,0.1608933824,0.2604517059,0.5036586623,0.0656709862,0.1538326609,-363.8708584,0.1913869914,0.0129516922,-9.251921178,0.5009308235000001,-0.340493073,0.0174167572,1.3364357546,-0.182953981,-0.128078455,0.0038910488,-0.131708627,0.93754879,5.0,2.1825034388,0.0,0.0,0.0,0.4253044990999999,0.168827192,7.6779331631,3.4163346276,19.761867399,0.0,0.0,0.20612725,0.0,0.6705269253,0.6092838598,0.0895153649,0.7409847366,0.060274003,0.0055195625,-0.023553267,0.0138767915999999,3.0,0.0312795662,0.0062371978,0.0373557477,0.0367406693,0.06058615,0.0651253842,4.0,0.0159047401,1.4833566999999998e-08,0.025641026,0.0124367822,1.1056915859999998,5.739350906,2.4808053e-08,55.0,0.302083333
1997-06-30,380697.5,0.4217886388,0.1779056557999999,0.1857826961,12.593594397,0.0333538133,-0.143768695,0.0357142873,0.0218978079999999,-0.108280258,0.5858585607,-0.338526302,0.8393956706999999,0.109666253,0.109666253,3.0,-0.758951985,0.4481893389999999,-0.296860817,0.9842821077,5.6110962923,0.0029284721,-0.050090134,-0.337724608,0.1939163498,-0.434004292,0.1371346983,0.0171145371,0.0,5.427565337000001,0.077727089,0.0,0.0,0.0,0.9063283208,0.046892159,1.0164324894,2.3499941335,0.23872395,0.1608933824,0.2604517059,0.5036586623,0.0656709862,0.1538326609,-363.8708584,0.1913869914,0.0129516922,-9.251921178,0.5009308235000001,-0.340493073,0.0174167572,1.3364357546,-0.182953981,-0.128078455,0.0038910488,-0.131708627,0.93754879,5.0,2.1825034388,0.0,0.0,0.0,0.4253044990999999,0.168827192,7.6779331631,3.4163346276,19.761867399,0.0,0.0,0.20612725,0.0,0.6705269253,0.6092838598,0.0895153649,0.7409847366,0.060274003,0.0055195625,-0.023553267,0.0138767915999999,3.0,0.0312795662,0.0062371978,0.0373557477,0.0367406693,0.06058615,0.0651253842,4.0,0.0206050726,9.5183273e-09,0.03125,0.0148986181,1.0133500196,5.4025145966,2.5051372000000013e-08,55.0,0.320833333
1997-07-31,404327.0,0.4904670695,0.2405579463,0.3203663782,12.665418115,0.0334083144,-0.064663855,0.0620689653,0.1328124993,-6.321290000000001e-10,0.380952355,-0.187250398,0.8808798323999999,0.0835876131,0.0835876131,4.0,-0.195431109,0.4693440157,-0.200906195,1.0541671045999998,68.700498414,0.0145578612999999,0.0305934202999999,-0.077733862,0.0103261919,-0.3739323439999999,0.1478529299,0.0367830169,0.0,3.8895491087,0.0765181425,0.0,0.0,0.0,0.1636811832,0.0566284984,0.7459180751000001,1.5137875693,0.2054165295,0.1028003827999999,0.2722073961,0.3760253639,0.0831054780999999,0.4108138239,-344.6323376,0.22208301,0.0108748958,-3.729680033,-0.2833712969999999,-0.015553734,0.0042058109,-0.710964664,-0.136075984,0.1618620326,0.0164970368,-0.095646778,0.7429234094,6.0,0.6308206143999999,0.0,0.0,0.0,0.4293716657,0.1523129161999999,117.46397825,3.0895732281,22.605772585,0.0,0.0,0.2866168384,0.0,0.7738412217,0.5390926954,0.2682591576,0.7409847366,0.060274003,0.0055195625,-0.023553267,0.0138767915999999,3.0,0.0312795662,0.0062371978,0.0373557477,0.0367406693,0.06058615,0.0651253842,4.0,0.0211790077999999,9.6152789e-09,0.032894738,0.0146202102,1.0186028158,5.9304696669000005,2.0640003e-08,55.0,0.367708333
1997-08-29,463400.75,0.4971447914999999,0.2471529437,0.3942640596,12.919267520999998,0.0332245365,0.03612157,0.1461038888,0.1666666657,0.0999999989,0.2962962719,0.09250652,0.9709261728,0.0835876131,0.0835876131,4.0,-0.195431109,0.4693440157,-0.204226825,1.0541671045999998,68.700498414,0.0145578612999999,0.0305934202999999,-0.077733862,0.0103261919,-0.3739323439999999,0.1478529299,0.0367830169,0.0,3.8895491087,0.0765181425,0.0,0.0,0.0,0.1636811832,0.0566284984,0.7459180751000001,1.5137875693,0.2054165295,0.1028003827999999,0.2722073961,0.3760253639,0.0831054780999999,0.4108138239,-344.6323376,0.22208301,0.0108748958,-3.729680033,-0.2833712969999999,-0.015553734,0.0042058109,-0.710964664,-0.136075984,0.1618620326,0.0164970368,-0.095646778,0.7429234094,6.0,0.6308206143999999,0.0,0.0,0.0,0.4293716657,0.1523129161999999,117.46397825,3.0895732281,22.605772585,0.0,0.0,0.2866168384,0.0,0.7738412217,0.5390926954,0.2682591576,13.626637555,0.0120191914999999,0.0042121299,0.0250516587,0.0119521915999999,0.0,0.0250070633999999,0.0063255367,0.0299281301,0.0412139412,0.0607685334,0.0647514803,4.0,0.0213707788,1.6468704e-08,0.0348484851,0.0145025147,1.2246815879,5.4419628021,1.8554163e-08,55.0,0.367708333
1997-09-30,463400.75,0.5094881316,0.2595781562,0.4014077142,13.115683114,0.033644117,0.0444656816,0.0,0.3220973682,0.2172413684,0.4009661611999999,0.154766362,0.4391068368,0.0835876131,0.0835876131,4.0,-0.195431109,0.4693440157,-0.186412112,1.0541671045999998,68.700498414,0.0145578612999999,0.0305934202999999,-0.077733862,0.0103261919,-0.3739323439999999,0.1478529299,0.0367830169,0.0,3.8895491087,0.0765181425,0.0,0.0,0.0,0.1636811832,0.0566284984,0.7459180751000001,1.5137875693,0.2054165295,0.1028003827999999,0.2722073961,0.3760253639,0.0831054780999999,0.4108138239,-344.6323376,0.22208301,0.0108748958,-3.729680033,-0.2833712969999999,-0.015553734,0.0042058109,-0.710964664,-0.136075984,0.1618620326,0.0164970368,-0.095646778,0.7429234094,6.0,0.6308206143999999,0.0,0.0,0.0,0.4293716657,0.1523129161999999,117.46397825,3.0895732281,22.605772585,0.0,0.0,0.2866168384,0.0,0.7738412217,0.5390926954,0.2682591576,15.041401274000002,0.0120191914999999,0.0042121299,0.0250516587,0.0119521915999999,0.0,0.0250070633999999,0.0063255367,0.0299281301,0.0412139412,0.0607685334,0.0647514803,4.0,0.0195038236,1.7277723000000002e-08,0.0346820801,0.0149781443999999,1.0835395324,2.6983641191000003,3.7635879e-08,55.0,0.379166667
1997-10-31,477841.0,0.5942833337,0.3531726807,0.1728778416,12.454878583,0.0331341567,-0.043297004,0.0311614722,0.2006802649,0.2789854955999999,0.3799999755,0.0769593399,0.5054592776,0.0835876131,0.0835876131,4.0,-0.195431109,0.4693440157,-0.186412112,1.0541671045999998,68.700498414,0.0145578612999999,0.0305934202999999,-0.077733862,0.0103261919,-0.3739323439999999,0.1478529299,0.0367830169,0.0,3.8895491087,0.0765181425,0.0,0.0,0.0,0.1636811832,0.0566284984,0.7459180751000001,1.5137875693,0.2054165295,0.1028003827999999,0.2722073961,0.3760253639,0.0831054780999999,0.4108138239,-344.6323376,0.22208301,0.0108748958,-3.729680033,-0.2833712969999999,-0.015553734,0.0042058109,-0.710964664,-0.136075984,0.1618620326,0.0164970368,-0.095646778,0.7429234094,6.0,0.6308206143999999,0.0,0.0,0.0,0.4293716657,0.1523129161999999,117.46397825,3.0895732281,22.605772585,0.0,0.0,0.2866168384,0.0,0.7738412217,0.5390926954,0.2682591576,-0.517289015,0.0240036118,0.0033629760999999,-0.002875692,-0.01056338,1.0,0.0272678258999999,0.0064184551,0.0321410689,0.0340744944,0.0639651207,0.0681120451,4.0,0.0361841964,1.6326986e-08,0.0526315792999999,0.025250819,0.6544771435,2.0605137298,2.9604107000000013e-08,55.0,0.40625
1997-11-28,511972.5,0.5879457773,0.345680237,0.403457849,12.725662997,0.0345390763,0.0297499129,0.0714285746,0.2999999923,0.286219069,0.3872548774,0.0157264282,0.552355107,0.0835876131,0.0835876131,4.0,-0.195431109,0.4693440157,-0.1972348089999999,1.0541671045999998,68.700498414,0.0145578612999999,0.0305934202999999,-0.077733862,0.0103261919,-0.3739323439999999,0.1478529299,0.0367830169,0.0,3.8895491087,0.0765181425,0.0,0.0,0.0,0.1636811832,0.0566284984,0.7459180751000001,1.5137875693,0.2054165295,0.1028003827999999,0.2722073961,0.3760253639,0.0831054780999999,0.4108138239,-344.6323376,0.22208301,0.0108748958,-3.729680033,-0.2833712969999999,-0.015553734,0.0042058109,-0.710964664,-0.136075984,0.1618620326,0.0164970368,-0.095646778,0.7429234094,6.0,0.6308206143999999,0.0,0.0,0.0,0.4293716657,0.1523129161999999,117.46397825,3.0895732281,22.605772585,0.0,0.0,0.2866168384,0.0,0.7738412217,0.5390926954,0.2682591576,-0.517289015,0.0240036118,0.0033629760999999,-0.002875692,-0.01056338,1.0,0.0272678258999999,0.0064184551,0.0321410689,0.0340744944,0.0639651207,0.0681120451,4.0,0.0481718722,2.5918439e-08,0.0652173907,0.0330638812,0.6594836018,3.0204697125,2.8114142000000002e-08,55.0,0.39375
1997-12-31,496219.5,0.5626856712,0.3166151646,0.24505411,12.755329608,0.0345736197,0.0023795180999999,-0.030769231,0.3448275801,0.423357657,0.3979591589,0.4576718211,0.5695779093,0.0835876131,0.0835876131,4.0,-0.195431109,0.4693440157,-0.198712919,1.0541671045999998,68.700498414,0.0145578612999999,0.0305934202999999,-0.077733862,0.0103261919,-0.3739323439999999,0.1478529299,0.0367830169,0.0,3.8895491087,0.0765181425,0.0,0.0,0.0,0.1636811832,0.0566284984,0.7459180751000001,1.5137875693,0.2054165295,0.1028003827999999,0.2722073961,0.3760253639,0.0831054780999999,0.4108138239,-344.6323376,0.22208301,0.0108748958,-3.729680033,-0.2833712969999999,-0.015553734,0.0042058109,-0.710964664,-0.136075984,0.1618620326,0.0164970368,-0.095646778,0.7429234094,6.0,0.6308206143999999,0.0,0.0,0.0,0.4293716657,0.1523129161999999,117.46397825,3.0895732281,22.605772585,0.0,0.0,0.2866168384,0.0,0.7738412217,0.5390926954,0.2682591576,-0.517289015,0.0240036118,0.0033629760999999,-0.002875692,-0.01056338,1.0,0.0272678258999999,0.0064184551,0.0321410689,0.0340744944,0.0639651207,0.0681120451,4.0,0.0265707014,2.5840649e-08,0.0213903747,0.0158006581,0.9720491581,1.7808544812,6.8068453e-08,55.0,0.4375
1998-01-30,554531.25,0.5374986397,0.2889047876,0.1605113598,12.030859514,0.0344320299,-0.04296017,0.1111111118999999,0.2272727219999999,0.4765624923,0.2929292703,0.5466002497,0.5675266272,0.0835876131,0.0835876131,4.0,-0.195431109,0.4693440157,-0.198712919,1.0541671045999998,68.700498414,0.0145578612999999,0.0305934202999999,-0.077733862,0.0103261919,-0.3739323439999999,0.1478529299,0.0367830169,0.0,3.8895491087,0.0765181425,0.0,0.0,0.0,0.1636811832,0.0566284984,0.7459180751000001,1.5137875693,0.2054165295,0.1028003827999999,0.2722073961,0.3760253639,0.0831054780999999,0.4108138239,-344.6323376,0.22208301,0.0108748958,-3.729680033,-0.2833712969999999,-0.015553734,0.0042058109,-0.710964664,-0.136075984,0.1618620326,0.0164970368,-0.095646778,0.7429234094,6.0,0.6308206143999999,0.0,0.0,0.0,0.4293716657,0.1523129161999999,117.46397825,3.0895732281,22.605772585,0.0,0.0,0.2866168384,0.0,0.7738412217,0.5390926954,0.2682591576,0.4512078693,0.0139711381,0.0036171686,-0.050171387,0.0537528059999999,2.0,0.03050992,0.0061488439,0.0375599032,0.0337095004,0.0632051109,0.0668324756,4.0,0.0338262987,1.7856602999999998e-08,0.1697127968,0.0410774058,1.0527705672,3.4706761384,2.8511327e-08,55.0,0.422916667
1998-02-27,536046.875,0.5258706381,0.276539928,-0.186979558,12.859929861,0.0317638326,-0.120334922,-0.033333335,0.1898017031,0.5909090838000001,0.3199999769,0.6696578361,0.8141380670999999,0.0835876131,0.0835876131,4.0,-0.195431109,0.4693440157,-0.134671223,1.0541671045999998,68.700498414,0.0145578612999999,0.0305934202999999,-0.077733862,0.0103261919,-0.3739323439999999,0.1478529299,0.0367830169,0.0,3.8895491087,0.0765181425,0.0,0.0,0.0,0.1636811832,0.0566284984,0.7459180751000001,1.5137875693,0.2054165295,0.1028003827999999,0.2722073961,0.3760253639,0.0831054780999999,0.4108138239,-344.6323376,0.22208301,0.0108748958,-3.729680033,-0.2833712969999999,-0.015553734,0.0042058109,-0.710964664,-0.136075984,0.1618620326,0.0164970368,-0.095646778,0.7429234094,6.0,0.6308206143999999,0.0,0.0,0.0,0.4293716657,0.1523129161999999,117.46397825,3.0895732281,22.605772585,0.0,0.0,0.2866168384,0.0,0.7738412217,0.5390926954,0.2682591576,0.4512078693,0.0139711381,0.0036171686,-0.050171387,0.0537528059999999,2.0,0.03050992,0.0061488439,0.0375599032,0.0337095004,0.0632051109,0.0668324756,4.0,0.0402708641,9.4795351e-09,0.0780487805999999,0.0333978902,0.7513557051,5.8363973303,1.5486322e-08,55.0,0.494791667
1998-03-31,627148.4375,0.4484302681,0.2010897053999999,0.0235116979,13.537369492,0.0343826492,-0.113109898,0.1699507385,0.1501416443,0.5205992409,0.2594339423,0.417689815,1.001352265,0.0835876131,0.0835876131,4.0,-0.195431109,0.4693440157,-0.136786725,1.0541671045999998,68.700498414,0.0145578612999999,0.0305934202999999,-0.077733862,0.0103261919,-0.3739323439999999,0.1478529299,0.0367830169,0.0,3.8895491087,0.0765181425,0.0,0.0,0.0,0.1636811832,0.0566284984,0.7459180751000001,1.5137875693,0.2054165295,0.1028003827999999,0.2722073961,0.3760253639,0.0831054780999999,0.4108138239,-344.6323376,0.22208301,0.0108748958,-3.729680033,-0.2833712969999999,-0.015553734,0.0042058109,-0.710964664,-0.136075984,0.1618620326,0.0164970368,-0.095646778,0.7429234094,6.0,0.6308206143999999,0.0,0.0,0.0,0.4293716657,0.1523129161999999,117.46397825,3.0895732281,22.605772585,0.0,0.0,0.2866168384,0.0,0.7738412217,0.5390926954,0.2682591576,0.4512078693,0.0139711381,0.0036171686,-0.050171387,0.0537528059999999,2.0,0.03050992,0.0061488439,0.0375599032,0.0337095004,0.0632051109,0.0668324756,4.0,0.0372098662,1.0209671999999998e-08,0.062937066,0.0278208154,0.6963604622,2.9883569429000003,2.5345346e-08,55.0,0.459375
1998-04-30,584297.4375,0.5564374068,0.3096225877,-0.0265567689999999,13.252974886,0.0362533148,-0.002404301,-0.07157895,0.304945057,0.6156462499,0.4202898308,0.2604783315,0.9790241678,0.0835876131,0.0835876131,4.0,-0.195431109,0.4693440157,-0.175214698,1.0541671045999998,68.700498414,0.0145578612999999,0.0305934202999999,-0.077733862,0.0103261919,-0.3739323439999999,0.1478529299,0.0367830169,0.0,3.8895491087,0.0765181425,0.0,0.0,0.0,0.1636811832,0.0566284984,0.7459180751000001,1.5137875693,0.2054165295,0.1028003827999999,0.2722073961,0.3760253639,0.0831054780999999,0.4108138239,-344.6323376,0.22208301,0.0108748958,-3.729680033,-0.2833712969999999,-0.015553734,0.0042058109,-0.710964664,-0.136075984,0.1618620326,0.0164970368,-0.095646778,0.7429234094,6.0,0.6308206143999999,0.0,0.0,0.0,0.4293716657,0.1523129161999999,117.46397825,3.0895732281,22.605772585,0.0,0.0,0.2866168384,0.0,0.7738412217,0.5390926954,0.2682591576,-0.52841542,0.0114269048,0.0043820529999999,-0.018131334,-0.018936069,3.0,0.0307522956,0.0058150168,0.0392518377999999,0.0355952702,0.0637850066,0.0676683037,4.0,0.0281328981,1.1297625e-08,0.0439814813,0.0206308103,0.5686260168,1.7845401397999998,3.1758386e-08,55.0,0.458333333
1998-05-29,582972.5,0.5458183126,0.2979176303999999,-0.264652015,12.806773993,0.0361164199,0.1224698192999999,-0.002267574,0.1307692264,0.5749999892000001,0.3084111937,0.294307799,0.703413683,0.0835876131,0.0835876131,4.0,-0.195431109,0.4693440157,-0.197097586,1.0541671045999998,68.700498414,0.0145578612999999,0.0305934202999999,-0.077733862,0.0103261919,-0.3739323439999999,0.1478529299,0.0367830169,0.0,3.8895491087,0.0765181425,0.0,0.0,0.0,0.1636811832,0.0566284984,0.7459180751000001,1.5137875693,0.2054165295,0.1028003827999999,0.2722073961,0.3760253639,0.0831054780999999,0.4108138239,-344.6323376,0.22208301,0.0108748958,-3.729680033,-0.2833712969999999,-0.015553734,0.0042058109,-0.710964664,-0.136075984,0.1618620326,0.0164970368,-0.095646778,0.7429234094,6.0,0.6308206143999999,0.0,0.0,0.0,0.4293716657,0.1523129161999999,117.46397825,3.0895732281,22.605772585,0.0,0.0,0.2866168384,0.0,0.7738412217,0.5390926954,0.2682591576,-0.52841542,0.0114269048,0.0043820529999999,-0.018131334,-0.018936069,3.0,0.0307522956,0.0058150168,0.0392518377999999,0.0355952702,0.0637850066,0.0676683037,4.0,0.0317860422,1.2381797e-08,0.0481927693,0.0203611592,0.5071587250999999,1.4796329263,3.587114e-08,55.0,0.541666667
1998-06-30,688967.5,0.5217325377,0.2722048409,0.0722131067,12.73251568,0.0363246727,0.145153783,0.1818181871999999,0.1640211594999999,0.5172413665,0.3942307475,0.2459263327,0.7263686275,0.0835876131,0.0835876131,4.0,-0.195431109,0.4693440157,-0.197097586,1.0541671045999998,68.700498414,0.0145578612999999,0.0305934202999999,-0.077733862,0.0103261919,-0.3739323439999999,0.1478529299,0.0367830169,0.0,3.8895491087,0.0765181425,0.0,0.0,0.0,0.1636811832,0.0566284984,0.7459180751000001,1.5137875693,0.2054165295,0.1028003827999999,0.2722073961,0.3760253639,0.0831054780999999,0.4108138239,-344.6323376,0.22208301,0.0108748958,-3.729680033,-0.2833712969999999,-0.015553734,0.0042058109,-0.710964664,-0.136075984,0.1618620326,0.0164970368,-0.095646778,0.7429234094,6.0,0.6308206143999999,0.0,0.0,0.0,0.4293716657,0.1523129161999999,117.46397825,3.0895732281,22.605772585,0.0,0.0,0.2866168384,0.0,0.7738412217,0.5390926954,0.2682591576,-0.52841542,0.0114269048,0.0043820529999999,-0.018131334,-0.018936069,3.0,0.0307522956,0.0058150168,0.0392518377999999,0.0355952702,0.0637850066,0.0676683037,4.0,0.0325308744,5.5158431e-09,0.0445344113,0.0200464752,0.7288847953,3.3125703516,2.2333985e-08,55.0,0.6
1998-07-31,765000.0,0.467293902,0.2183635909,0.0077922139,13.422167925,0.037295366,0.1152554718999999,0.1076923086999999,0.238095238,0.6883116821999999,0.3688888687,0.1745409561,0.7243294118000001,0.0244411465,0.0244411465,5.0,-0.34850754,0.3321435896999999,-0.45983328,0.672646892,100.32123288,0.0322308256,0.0558371469,-0.005892441,1.01786226,-1.250630432,0.1295751786,0.0139280105,0.0,3.3221883746,0.0763187016,0.0,0.0,0.0,0.1685496399,0.0417343477,0.7781487068999999,0.3021854861,0.1739170763,0.2052630785,0.1821995805,0.3499125925999999,0.118258439,1.3554470025999998,-229.9588906,0.2426595144,0.0100465854,-2.483449797,-0.145867996,-0.002606453,0.0266122204,-0.1247963719999999,-0.112495174,0.1331863219,-0.004420559,-0.084394514,0.2277146437,3.0,0.5520964906,0.0,0.0,0.0,0.4561596126,0.1471194931,96.316286149,2.8288301981,25.374849627,0.0,0.0,0.2204726839,0.0,0.5705701888,0.5306444671,1.0268357631,-0.52841542,0.0114269048,0.0043820529999999,-0.018131334,-0.018936069,3.0,0.0307522956,0.0058150168,0.0392518377999999,0.0355952702,0.0637850066,0.0676683037,5.0,0.0403934351,1.5311416e-08,0.068965517,0.0324471308999999,0.7005311523000001,1.5191368021,3.2183848e-08,55.0,0.589583333
1998-08-31,751718.75,0.5423103937,0.2941005631,0.2439470282,13.063962781,0.0386589663,-0.000551169,-0.0173611119999999,0.4187192156,0.6317280514,0.5085469779,0.0336021507,0.6917803922,0.0244411465,0.0244411465,5.0,-0.34850754,0.3321435896999999,-0.466387759,0.672646892,100.32123288,0.0322308256,0.0558371469,-0.005892441,1.01786226,-1.250630432,0.1295751786,0.0139280105,0.0,3.3221883746,0.0763187016,0.0,0.0,0.0,0.1685496399,0.0417343477,0.7781487068999999,0.3021854861,0.1739170763,0.2052630785,0.1821995805,0.3499125925999999,0.118258439,1.3554470025999998,-229.9588906,0.2426595144,0.0100465854,-2.483449797,-0.145867996,-0.002606453,0.0266122204,-0.1247963719999999,-0.112495174,0.1331863219,-0.004420559,-0.084394514,0.2277146437,3.0,0.5520964906,0.0,0.0,0.0,0.4561596126,0.1471194931,96.316286149,2.8288301981,25.374849627,0.0,0.0,0.2204726839,0.0,0.5705701888,0.5306444671,1.0268357631,-0.352934598,0.0132664559,0.0073574661,0.0458727372,-0.028878296,0.0,0.0236504281,0.0046952541,0.0308930145,0.023901268,0.0610241554,0.0614820488,5.0,0.0327754004,1.6964667000000003e-08,0.0347222239,0.0251245821,0.7044605813,1.252526888,4.1280666e-08,55.0,0.48125
1998-09-30,613593.75,0.5312523458,0.2822290549,-0.372977479,12.799769243,0.0386961127999999,-0.026168224,-0.183745578,0.1915789499,0.603399438,0.5215516938,-0.170911503,0.6680133415,0.0244411465,0.0244411465,5.0,-0.34850754,0.3321435896999999,-0.432351329,0.672646892,100.32123288,0.0322308256,0.0558371469,-0.005892441,1.01786226,-1.250630432,0.1295751786,0.0139280105,0.0,3.3221883746,0.0763187016,0.0,0.0,0.0,0.1685496399,0.0417343477,0.7781487068999999,0.3021854861,0.1739170763,0.2052630785,0.1821995805,0.3499125925999999,0.118258439,1.3554470025999998,-229.9588906,0.2426595144,0.0100465854,-2.483449797,-0.145867996,-0.002606453,0.0266122204,-0.1247963719999999,-0.112495174,0.1331863219,-0.004420559,-0.084394514,0.2277146437,3.0,0.5520964906,0.0,0.0,0.0,0.4561596126,0.1471194931,96.316286149,2.8288301981,25.374849627,0.0,0.0,0.2204726839,0.0,0.5705701888,0.5306444671,1.0268357631,-0.352934598,0.0132664559,0.0073574661,0.0458727372,-0.028878296,0.0,0.0236504281,0.0046952541,0.0308930145,0.023901268,0.0610241554,0.0614820488,5.0,0.0433723115,8.6820992e-09,0.0489510483999999,0.0366733316,0.633424991,2.1948975505,2.291247e-08,55.0,0.604166667
1998-10-30,771653.75,0.6210225885,0.3856690554,0.1036543101,13.231975790999998,0.0387764779999999,-0.278326372,0.2554112673,0.047619059,0.2692307819,0.5041321991,0.1072037688,0.9150498739,0.0244411465,0.0244411465,5.0,-0.34850754,0.3321435896999999,-0.432351329,0.672646892,100.32123288,0.0322308256,0.0558371469,-0.005892441,1.01786226,-1.250630432,0.1295751786,0.0139280105,0.0,3.3221883746,0.0763187016,0.0,0.0,0.0,0.1685496399,0.0417343477,0.7781487068999999,0.3021854861,0.1739170763,0.2052630785,0.1821995805,0.3499125925999999,0.118258439,1.3554470025999998,-229.9588906,0.2426595144,0.0100465854,-2.483449797,-0.145867996,-0.002606453,0.0266122204,-0.1247963719999999,-0.112495174,0.1331863219,-0.004420559,-0.084394514,0.2277146437,3.0,0.5520964906,0.0,0.0,0.0,0.4561596126,0.1471194931,96.316286149,2.8288301981,25.374849627,0.0,0.0,0.2204726839,0.0,0.5705701888,0.5306444671,1.0268357631,-0.352934598,0.0132664559,0.0073574661,0.0458727372,-0.028878296,0.0,0.0236504281,0.0046952541,0.0308930145,0.023901268,0.0610241554,0.0614820488,5.0,0.057021215,1.1994088999999998e-08,0.1053763403999999,0.0513455471,0.8429116973,4.8255670156,1.5330865e-08,55.0,0.652083333
1998-11-30,832853.875,0.7172231921,0.5144091073,0.2945221751,13.861240091,0.0386692508,-0.16834933,0.0793103427,0.3181818451,0.4871795117,0.4885495929,0.1494758055,1.0446751538,0.0244411465,0.0244411465,5.0,-0.34850754,0.3321435896999999,-0.442521095,0.672646892,100.32123288,0.0322308256,0.0558371469,-0.005892441,1.01786226,-1.250630432,0.1295751786,0.0139280105,0.0,3.3221883746,0.0763187016,0.0,0.0,0.0,0.1685496399,0.0417343477,0.7781487068999999,0.3021854861,0.1739170763,0.2052630785,0.1821995805,0.3499125925999999,0.118258439,1.3554470025999998,-229.9588906,0.2426595144,0.0100465854,-2.483449797,-0.145867996,-0.002606453,0.0266122204,-0.1247963719999999,-0.112495174,0.1331863219,-0.004420559,-0.084394514,0.2277146437,3.0,0.5520964906,0.0,0.0,0.0,0.4561596126,0.1471194931,96.316286149,2.8288301981,25.374849627,0.0,0.0,0.2204726839,0.0,0.5705701888,0.5306444671,1.0268357631,0.381693975,0.0071198676,0.0030349394,0.179568766,0.0784899183,1.0,0.023500002,0.0050366551,0.0319656777,0.0852269864,0.1581818739,0.1633653425,5.0,0.0397549789,1.0430259e-08,0.0447761193,0.0254322822,0.6888005287000001,2.548921248,2.2863914e-08,55.0,0.75625
1998-12-31,965897.625,0.7394035773000001,0.5467176502000001,0.0204924921,13.493098142,0.038537415,-0.0569105559999999,0.1597444117,0.2038461705,0.6560846801,0.6016948943,0.2295437518,1.1316117764,0.0244411465,0.0244411465,5.0,-0.34850754,0.3321435896999999,-0.446051299,0.672646892,100.32123288,0.0322308256,0.0558371469,-0.005892441,1.01786226,-1.250630432,0.1295751786,0.0139280105,0.0,3.3221883746,0.0763187016,0.0,0.0,0.0,0.1685496399,0.0417343477,0.7781487068999999,0.3021854861,0.1739170763,0.2052630785,0.1821995805,0.3499125925999999,0.118258439,1.3554470025999998,-229.9588906,0.2426595144,0.0100465854,-2.483449797,-0.145867996,-0.002606453,0.0266122204,-0.1247963719999999,-0.112495174,0.1331863219,-0.004420559,-0.084394514,0.2277146437,3.0,0.5520964906,0.0,0.0,0.0,0.4561596126,0.1471194931,96.316286149,2.8288301981,25.374849627,0.0,0.0,0.2204726839,0.0,0.5705701888,0.5306444671,1.0268357631,0.381693975,0.0071198676,0.0030349394,0.179568766,0.0784899183,1.0,0.023500002,0.0050366551,0.0319656777,0.0852269864,0.1581818739,0.1633653425,5.0,0.04583059,6.723551999999999e-09,0.0712121204,0.0345960607,0.6996389594,4.5193230502,1.8496244e-08,55.0,0.7875
1999-01-29,1010016.0,0.7962534568999999,0.6340195677,-0.058928554,13.948607731,0.0405452749,0.0391446883999999,0.0413223131999999,0.2604166859,0.7285714564,0.8103448053,0.0890363397,0.8843250998000001,0.0244411465,0.0244411465,5.0,-0.34850754,0.3321435896999999,-0.453087511,0.672646892,100.32123288,0.0322308256,0.0558371469,-0.005892441,1.01786226,-1.250630432,0.1295751786,0.0139280105,0.0,3.3221883746,0.0763187016,0.0,0.0,0.0,0.1685496399,0.0417343477,0.7781487068999999,0.3021854861,0.1739170763,0.2052630785,0.1821995805,0.3499125925999999,0.118258439,1.3554470025999998,-229.9588906,0.2426595144,0.0100465854,-2.483449797,-0.145867996,-0.002606453,0.0266122204,-0.1247963719999999,-0.112495174,0.1331863219,-0.004420559,-0.084394514,0.2277146437,3.0,0.5520964906,0.0,0.0,0.0,0.4561596126,0.1471194931,96.316286149,2.8288301981,25.374849627,0.0,0.0,0.2204726839,0.0,0.5705701888,0.5306444671,1.0268357631,0.1592914915,0.005731298,0.005113771,-0.092605295,0.0073632533,2.0,0.0189797165,0.0055073839,0.040471606,0.108227451,0.1582267294,0.16334499,5.0,0.0337127929,9.2610457e-09,0.041420117,0.0212630085,0.5939311297,1.9600023765,3.2519857000000013e-08,55.0,0.829166667
1999-02-26,1063456.0,0.8136829753,0.6620799843,0.0122717722,13.329617762,0.0403313322,0.0667895069,0.0529100521999999,0.3356890664,0.8620689975,0.6776859255,0.0947573623,0.8653474301,0.0244411465,0.0244411465,5.0,-0.34850754,0.3321435896999999,-0.453087511,0.672646892,100.32123288,0.0322308256,0.0558371469,-0.005892441,1.01786226,-1.250630432,0.1295751786,0.0139280105,0.0,3.3221883746,0.0763187016,0.0,0.0,0.0,0.1685496399,0.0417343477,0.7781487068999999,0.3021854861,0.1739170763,0.2052630785,0.1821995805,0.3499125925999999,0.118258439,1.3554470025999998,-229.9588906,0.2426595144,0.0100465854,-2.483449797,-0.145867996,-0.002606453,0.0266122204,-0.1247963719999999,-0.112495174,0.1331863219,-0.004420559,-0.084394514,0.2277146437,3.0,0.5520964906,0.0,0.0,0.0,0.4561596126,0.1471194931,96.316286149,2.8288301981,25.374849627,0.0,0.0,0.2204726839,0.0,0.5705701888,0.5306444671,1.0268357631,0.1592914915,0.005731298,0.005113771,-0.092605295,0.0073632533,2.0,0.0189797165,0.0055073839,0.040471606,0.108227451,0.1582267294,0.16334499,5.0,0.0302324941,3.1450647e-09,0.0293742027,0.0157750766,0.502285714,1.8451798444,2.845516e-08,55.0,0.732291667
1999-03-31,939208.0,0.7649216293000001,0.5851050989,0.5490134469,13.66535663,0.0404194633,0.0540166230999999,-0.116834171,0.7229437375,0.6757895019,0.7210144685,0.0961905585999999,0.6684599551,0.0244411465,0.0244411465,5.0,-0.34850754,0.3321435896999999,-0.455153563,0.672646892,100.32123288,0.0322308256,0.0558371469,-0.005892441,1.01786226,-1.250630432,0.1295751786,0.0139280105,0.0,3.3221883746,0.0763187016,0.0,0.0,0.0,0.1685496399,0.0417343477,0.7781487068999999,0.3021854861,0.1739170763,0.2052630785,0.1821995805,0.3499125925999999,0.118258439,1.3554470025999998,-229.9588906,0.2426595144,0.0100465854,-2.483449797,-0.145867996,-0.002606453,0.0266122204,-0.1247963719999999,-0.112495174,0.1331863219,-0.004420559,-0.084394514,0.2277146437,3.0,0.5520964906,0.0,0.0,0.0,0.4561596126,0.1471194931,96.316286149,2.8288301981,25.374849627,0.0,0.0,0.2204726839,0.0,0.5705701888,0.5306444671,1.0268357631,0.1592914915,0.005731298,0.005113771,-0.092605295,0.0073632533,2.0,0.0189797165,0.0055073839,0.040471606,0.108227451,0.1582267294,0.16334499,5.0,0.0387559669,1.1140991000000002e-08,0.0414364636,0.0275547253,0.6311500112,2.0228753216,3.9221181000000006e-08,55.0,0.745833333
1999-04-30,956576.0,0.7961946945999999,0.6339259916,-0.080710013,13.220244114000002,0.0404080402,-0.087243931,0.0184921771,0.2120689639,0.5941043387,0.5863309086999999,0.0745613608,1.5981162675,0.0244411465,0.0244411465,5.0,-0.34850754,0.3321435896999999,-0.444901493,0.672646892,100.32123288,0.0322308256,0.0558371469,-0.005892441,1.01786226,-1.250630432,0.1295751786,0.0139280105,0.0,3.3221883746,0.0763187016,0.0,0.0,0.0,0.1685496399,0.0417343477,0.7781487068999999,0.3021854861,0.1739170763,0.2052630785,0.1821995805,0.3499125925999999,0.118258439,1.3554470025999998,-229.9588906,0.2426595144,0.0100465854,-2.483449797,-0.145867996,-0.002606453,0.0266122204,-0.1247963719999999,-0.112495174,0.1331863219,-0.004420559,-0.084394514,0.2277146437,3.0,0.5520964906,0.0,0.0,0.0,0.4561596126,0.1471194931,96.316286149,2.8288301981,25.374849627,0.0,0.0,0.2204726839,0.0,0.5705701888,0.5306444671,1.0268357631,-0.540262837,0.0056908027,0.0052106686,-0.080401904,0.0030997843,3.0,0.0198341813999999,0.0052384119,0.0422973409999999,0.1104990418,0.1569958468,0.1619954128,5.0,0.0436194866,4.689335999999999e-09,0.0866873041,0.0340653107,1.0570731086,28.807920856,5.5978849e-09,55.0,0.7625
1999-05-28,977952.0,0.793362169,0.6294235311999999,-0.253398225,14.99430739,0.0414084869,-0.1125431569999999,0.0223463681,0.1437699697,0.6272727595,0.4012738709,0.0621066771,1.7489396208,0.0244411465,0.0244411465,5.0,-0.34850754,0.3321435896999999,-0.466258733,0.672646892,100.32123288,0.0322308256,0.0558371469,-0.005892441,1.01786226,-1.250630432,0.1295751786,0.0139280105,0.0,3.3221883746,0.0763187016,0.0,0.0,0.0,0.1685496399,0.0417343477,0.7781487068999999,0.3021854861,0.1739170763,0.2052630785,0.1821995805,0.3499125925999999,0.118258439,1.3554470025999998,-229.9588906,0.2426595144,0.0100465854,-2.483449797,-0.145867996,-0.002606453,0.0266122204,-0.1247963719999999,-0.112495174,0.1331863219,-0.004420559,-0.084394514,0.2277146437,3.0,0.5520964906,0.0,0.0,0.0,0.4561596126,0.1471194931,96.316286149,2.8288301981,25.374849627,0.0,0.0,0.2204726839,0.0,0.5705701888,0.5306444671,1.0268357631,-0.540262837,0.0056908027,0.0052106686,-0.080401904,0.0030997843,3.0,0.0198341813999999,0.0052384119,0.0422973409999999,0.1104990418,0.1569958468,0.1619954128,5.0,0.0392644725999999,4.105145000000001e-09,0.0456431545,0.0226747452,0.5904928179,3.6557685075,1.6512088e-08,55.0,0.734375
1999-06-30,941880.0,0.7774922201000001,0.6044941524,-0.425079491,14.025672208,0.0442914142,-0.069304643,-0.036885247,0.0082644612,0.4076923282,0.6560509459,0.0282622425,1.8980476547,0.0244411465,0.0244411465,5.0,-0.34850754,0.3321435896999999,-0.440930173,0.672646892,100.32123288,0.0322308256,0.0558371469,-0.005892441,1.01786226,-1.250630432,0.1295751786,0.0139280105,0.0,3.3221883746,0.0763187016,0.0,0.0,0.0,0.1685496399,0.0417343477,0.7781487068999999,0.3021854861,0.1739170763,0.2052630785,0.1821995805,0.3499125925999999,0.118258439,1.3554470025999998,-229.9588906,0.2426595144,0.0100465854,-2.483449797,-0.145867996,-0.002606453,0.0266122204,-0.1247963719999999,-0.112495174,0.1331863219,-0.004420559,-0.084394514,0.2277146437,3.0,0.5520964906,0.0,0.0,0.0,0.4561596126,0.1471194931,96.316286149,2.8288301981,25.374849627,0.0,0.0,0.2204726839,0.0,0.5705701888,0.5306444671,1.0268357631,-0.540262837,0.0056908027,0.0052106686,-0.080401904,0.0030997843,3.0,0.0198341813999999,0.0052384119,0.0422973409999999,0.1104990418,0.1569958468,0.1619954128,5.0,0.0424996101999999,7.0245573e-09,0.0513595155999999,0.0259825567,0.5852547574,3.9247522152,2.114729e-08,55.0,0.839583333
1999-07-30,1076816.0,0.7732366096,0.5978948545,-0.24636245,13.789484807,0.0441900313,-0.079465497,0.1432624160999999,-0.067460319,0.2239583491,0.9862068895,0.0695448999999999,1.1008763723,0.1346596392,0.1346596392,6.0,-0.992141089,0.2162282578,-0.770422013,0.2522145727,307.74932675,-0.018946508,-0.108406476,0.1228888452,0.0106508876,0.6241102527,0.25523211,-0.020100973,0.0,3.0324330124000003,0.0711548923,0.0,0.0,0.0,0.1997099523,0.0305039466,1.0905026715,0.6753823384000001,0.2090470438,0.2216599439,0.9967046895,0.8353142151,0.2724994114,3.1918631248,399.98428009,0.2734782091,0.0082985099,0.2114445407,-0.087218222,-0.067661126,-0.05805604,0.1461053771,-0.2516574789999999,-2.644806522,-0.112735926,-0.114414686,1.6211165995,1.0,0.6327607565,0.0,0.0,0.0,0.4741421550999999,0.1110251293,276.61669659,2.5051704795,10.76209269,0.0087914154,1.0,0.9478632992,0.0,0.6109334225,0.5457269161,0.0375482563,-0.540262837,0.0056908027,0.0052106686,-0.080401904,0.0030997843,3.0,0.0198341813999999,0.0052384119,0.0422973409999999,0.1104990418,0.1569958468,0.1619954128,4.0,0.0276461547,3.737639e-09,0.040650405,0.0163679708,0.7327729545999999,2.8170703628,1.9758023e-08,55.0,0.710416667
1999-08-31,911152.0,0.8184339668,0.669834158,-0.549576528,13.896000666,0.0443415758,-0.01544767,-0.15384616,0.0125628173,0.424028294,1.0214285623,0.0476073491,1.0284587076,0.1346596392,0.1346596392,6.0,-0.992141089,0.2162282578,-0.7435878659999999,0.2522145727,307.74932675,-0.018946508,-0.108406476,0.1228888452,0.0106508876,0.6241102527,0.2546132512,-0.020100973,0.0,3.0324330124000003,0.0711548923,0.0,0.0,0.0,0.1997099523,0.0305039466,1.0905026715,0.6753823384000001,0.2090470438,0.2216599439,0.9967046895,0.8353142151,0.2724994114,3.1918631248,399.98428009,0.2734782091,0.0082985099,0.2114445407,-0.087218222,-0.067661126,-0.05805604,0.1461053771,-0.2516574789999999,-2.644806522,-0.112735926,-0.114414686,1.6211165995,1.0,0.6327607565,0.0,0.0,0.0,0.4741421550999999,0.1110251293,276.61669659,2.5051704795,10.76209269,0.0087914154,1.0,0.9478632992,0.0,0.6109334225,0.5457269161,0.0375482563,,,,,,,,,,,,,,0.0382982241,3.7975895e-09,0.0226130653,0.0219003041,0.7518150633,4.4418464909,1.9947268e-08,55.0,0.6375
1999-09-30,817632.0,0.8652440387,0.7486472465,-0.651090271,13.765948133,0.0458712161,0.2041650301,-0.102639295,-0.02987198,0.4761904834,0.5931034486,0.0875220208,1.3651344319,0.1346596392,0.1346596392,6.0,-0.992141089,0.2162282578,-0.7410926290000001,0.2522145727,307.74932675,-0.018946508,-0.108406476,0.1228888452,0.0106508876,0.6241102527,0.2533686139,-0.020100973,0.0,3.0324330124000003,0.0711548923,0.0,0.0,0.0,0.1997099523,0.0305039466,1.0905026715,0.6753823384000001,0.2090470438,0.2216599439,0.9967046895,0.8353142151,0.2724994114,3.1918631248,399.98428009,0.2734782091,0.0082985099,0.2114445407,-0.087218222,-0.067661126,-0.05805604,0.1461053771,-0.2516574789999999,-2.644806522,-0.112735926,-0.114414686,1.6211165995,1.0,0.6327607565,0.0,0.0,0.0,0.4741421550999999,0.1110251293,276.61669659,2.5051704795,10.76209269,0.0087914154,1.0,0.9478632992,0.0,0.6109334225,0.5457269161,0.0375482563,-0.16394024,0.0045166313,0.0074914081,-0.086556133,0.0215197243,4.0,0.0196447212999999,0.0056563367,0.0431476501,0.0813303099,0.1540693068,0.1597271719,4.0,0.0440689946,2.7092909e-09,0.0417362265,0.0294651781,0.637214075,8.8807959086,7.0798206e-09,55.0,0.794270833
1999-10-29,1208848.4375,0.8499200843000001,0.7223641497,-0.169538633,14.646959811,0.0464360905999999,0.2307958796,0.2459150255,-0.145251399,0.0551724101999999,1.1014492952,0.0462071708,1.5619201556,0.1346596392,0.1346596392,6.0,-0.992141089,0.2162282578,-0.7820657520000001,0.2522145727,307.74932675,-0.018946508,-0.108406476,0.1228888452,0.0106508876,0.6241102527,0.2502293157,-0.020100973,0.0,3.0324330124000003,0.0711548923,0.0,0.0,0.0,0.1997099523,0.0305039466,1.0905026715,0.6753823384000001,0.2090470438,0.2216599439,0.9967046895,0.8353142151,0.2724994114,3.1918631248,399.98428009,0.2734782091,0.0082985099,0.2114445407,-0.087218222,-0.067661126,-0.05805604,0.1461053771,-0.2516574789999999,-2.644806522,-0.112735926,-0.114414686,1.6211165995,1.0,0.6327607565,0.0,0.0,0.0,0.4741421550999999,0.1110251293,276.61669659,2.5051704795,10.76209269,0.0087914154,1.0,0.9478632992,0.0,0.6109334225,0.5457269161,0.0375482563,-0.7966975909999999,0.0072632813,0.0043787928,-0.003157187,-0.033357723,0.0,0.0174401161,0.0059805223999999,0.0393921078,0.0434989671,0.1584188548,0.1630688063,4.0,0.0366756708,3.3266125e-09,0.0605006963,0.0202080786,0.8641777513,6.4544337793,1.2416942e-08,55.0,0.727083333
1999-11-30,1106591.75,0.8374670455,0.7013510523,-0.215777172,14.368807316,0.0467714826,0.1930603404,-0.084590167,0.0416666583,0.2180511094,1.2120141517,0.0346597725,1.7335278194,0.1346596392,0.1346596392,6.0,-0.992141089,0.2162282578,-0.792851702,0.2522145727,307.74932675,-0.018946508,-0.108406476,0.1228888452,0.0106508876,0.6241102527,0.2500296812,-0.020100973,0.0,3.0324330124000003,0.0711548923,0.0,0.0,0.0,0.1997099523,0.0305039466,1.0905026715,0.6753823384000001,0.2090470438,0.2216599439,0.9967046895,0.8353142151,0.2724994114,3.1918631248,399.98428009,0.2734782091,0.0082985099,0.2114445407,-0.087218222,-0.067661126,-0.05805604,0.1461053771,-0.2516574789999999,-2.644806522,-0.112735926,-0.114414686,1.6211165995,1.0,0.6327607565,0.0,0.0,0.0,0.4741421550999999,0.1110251293,276.61669659,2.5051704795,10.76209269,0.0087914154,1.0,0.9478632992,0.0,0.6109334225,0.5457269161,0.0375482563,-0.7966975909999999,0.0072632813,0.0043787928,-0.003157187,-0.033357723,0.0,0.0174401161,0.0059805223999999,0.0393921078,0.0434989671,0.1584188548,0.1630688063,4.0,0.0389891106999999,4.6441915e-09,0.060126584,0.0283697771,0.7191951162000001,5.006704797799999,1.4934661e-08,55.0,0.766666667
1999-12-31,1166836.0,0.8806635647,0.7755683140999999,0.0728972438,14.249673661,0.0474244556,0.0489907719,0.054441262,-0.009929088,-0.038567505,1.6496350676,0.0280682768,0.6220988602,0.1346596392,0.1346596392,6.0,-0.992141089,0.2162282578,-0.795159735,0.2522145727,307.74932675,-0.018946508,-0.108406476,0.1228888452,0.0106508876,0.6241102527,0.2471279667,-0.020100973,0.0,3.0324330124000003,0.0711548923,0.0,0.0,0.0,0.1997099523,0.0305039466,1.0905026715,0.6753823384000001,0.2090470438,0.2216599439,0.9967046895,0.8353142151,0.2724994114,3.1918631248,399.98428009,0.2734782091,0.0082985099,0.2114445407,-0.087218222,-0.067661126,-0.05805604,0.1461053771,-0.2516574789999999,-2.644806522,-0.112735926,-0.114414686,1.6211165995,1.0,0.6327607565,0.0,0.0,0.0,0.4741421550999999,0.1110251293,276.61669659,2.5051704795,10.76209269,0.0087914154,1.0,0.9478632992,0.0,0.6109334225,0.5457269161,0.0375482563,-0.7966975909999999,0.0072632813,0.0043787928,-0.003157187,-0.033357723,0.0,0.0174401161,0.0059805223999999,0.0393921078,0.0434989671,0.1584188548,0.1630688063,4.0,0.0228362932,2.610141e-09,0.0289855077999999,0.0143164398,0.4871657237,2.221424936,2.3045566e-08,55.0,0.716666667
2000-01-31,1092178.5,0.8709266261,0.7585131881,-0.212539565,13.868886382,0.0475944712999999,0.0425165307,-0.065217391,-0.0868486469999999,-0.026455037,1.9531250322,-0.031038085,0.6718176867,0.1346596392,0.1346596392,6.0,-0.992141089,0.2162282578,-0.795159735,0.2522145727,307.74932675,-0.018946508,-0.108406476,0.1228888452,0.0106508876,0.6241102527,0.2532952346,-0.020100973,0.0,3.0324330124000003,0.0711548923,0.0,0.0,0.0,0.1997099523,0.0305039466,1.0905026715,0.6753823384000001,0.2090470438,0.2216599439,0.9967046895,0.8353142151,0.2724994114,3.1918631248,399.98428009,0.2734782091,0.0082985099,0.2114445407,-0.087218222,-0.067661126,-0.05805604,0.1461053771,-0.2516574789999999,-2.644806522,-0.112735926,-0.114414686,1.6211165995,1.0,0.6327607565,0.0,0.0,0.0,0.4741421550999999,0.1110251293,276.61669659,2.5051704795,10.76209269,0.0087914154,1.0,0.9478632992,0.0,0.6109334225,0.5457269161,0.0375482563,1.0783690368,0.0082788913,0.0061701598,-0.002186385,-0.114299813,1.0,0.0229173076,0.0054285243,0.0343692689,0.0241803037,0.1566285582,0.1614107016,4.0,0.0620736750999999,1.1089162e-08,0.1214057505,0.0519383608,0.6321597356,2.4310386203,2.2894646e-08,55.0,0.4375
2000-02-29,666736.875,0.8345257411,0.6964332126,-0.24094815,13.761519417,0.0493958972,0.0209897104,-0.383333325,0.008797648,-0.1356783999999999,2.0151515461,0.0099589292,1.434805985,0.1346596392,0.1346596392,6.0,-0.992141089,0.2162282578,-0.795159735,0.2522145727,307.74932675,-0.018946508,-0.108406476,0.1228888452,0.0106508876,0.6241102527,0.2520870398,-0.020100973,0.0,3.0324330124000003,0.0711548923,0.0,0.0,0.0,0.1997099523,0.0305039466,1.0905026715,0.6753823384000001,0.2090470438,0.2216599439,0.9967046895,0.8353142151,0.2724994114,3.1918631248,399.98428009,0.2734782091,0.0082985099,0.2114445407,-0.087218222,-0.067661126,-0.05805604,0.1461053771,-0.2516574789999999,-2.644806522,-0.112735926,-0.114414686,1.6211165995,1.0,0.6327607565,0.0,0.0,0.0,0.4741421550999999,0.1110251293,276.61669659,2.5051704795,10.76209269,0.0087914154,1.0,0.9478632992,0.0,0.6109334225,0.5457269161,0.0375482563,1.0783690368,0.0082788913,0.0061701598,-0.002186385,-0.114299813,1.0,0.0229173076,0.0054285243,0.0343692689,0.0241803037,0.1566285582,0.1614107016,4.0,0.0732602564,4.0427661e-09,0.0544554442,0.0482114617,0.6116906543999999,9.6515526616,7.3189153e-09,55.0,0.466666667
2000-03-31,711732.0,0.7200652925,0.5184940254,-0.1385286309999999,14.505035561,0.0542588825,-0.067961761,0.0666666700999999,-0.313725503,-0.402560467,1.6329588269,0.1561686619999999,1.9951041912,0.1346596392,0.1346596392,6.0,-0.992141089,0.2162282578,-0.7953285990000001,0.2522145727,307.74932675,-0.018946508,-0.108406476,0.1228888452,0.0106508876,0.6241102527,0.2532952346,-0.020100973,0.0,3.0324330124000003,0.0711548923,0.0,0.0,0.0,0.1997099523,0.0305039466,1.0905026715,0.6753823384000001,0.2090470438,0.2216599439,0.9967046895,0.8353142151,0.2724994114,3.1918631248,399.98428009,0.2734782091,0.0082985099,0.2114445407,-0.087218222,-0.067661126,-0.05805604,0.1461053771,-0.2516574789999999,-2.644806522,-0.112735926,-0.114414686,1.6211165995,1.0,0.6327607565,0.0,0.0,0.0,0.4741421550999999,0.1110251293,276.61669659,2.5051704795,10.76209269,0.0087914154,1.0,0.9478632992,0.0,0.6109334225,0.5457269161,0.0375482563,1.0783690368,0.0082788913,0.0061701598,-0.002186385,-0.114299813,1.0,0.0229173076,0.0054285243,0.0343692689,0.0241803037,0.1566285582,0.1614107016,4.0,0.0763302487,8.2343839e-09,0.1327913254,0.0576631249,0.4437203107999999,5.0665268244,1.0164146e-08,55.0,0.472916667
2000-04-28,723505.75,0.6902634867,0.4764636811,-0.4695342939999999,14.24118344,0.0576397825,-0.105571841,0.0133928573,-0.412459022,-0.374301687,1.4353741787999998,0.2464373055,2.4964768479,0.1346596392,0.1346596392,6.0,-0.992141089,0.2162282578,-0.796436165,0.2522145727,307.74932675,-0.018946508,-0.108406476,0.1228888452,0.0106508876,0.6241102527,0.2554994955,-0.020100973,0.0,3.0324330124000003,0.0711548923,0.0,0.0,0.0,0.1997099523,0.0305039466,1.0905026715,0.6753823384000001,0.2090470438,0.2216599439,0.9967046895,0.8353142151,0.2724994114,3.1918631248,399.98428009,0.2734782091,0.0082985099,0.2114445407,-0.087218222,-0.067661126,-0.05805604,0.1461053771,-0.2516574789999999,-2.644806522,-0.112735926,-0.114414686,1.6211165995,1.0,0.6327607565,0.0,0.0,0.0,0.4741421550999999,0.1110251293,276.61669659,2.5051704795,10.76209269,0.0087914154,1.0,0.9478632992,0.0,0.6109334225,0.5457269161,0.0375482563,-0.226094478,0.0055543515,0.006906485,0.0283101046,0.0084081981,2.0,0.0240669200999999,0.0045372376,0.0357334100999999,0.0294635777999999,0.1587245329,0.1631410624,4.0,0.1031277722,1.3338726000000002e-08,0.2020201981,0.0913965034999999,0.5726186320000001,8.5931390937,8.0075228e-09,55.0,0.45
2000-05-31,688446.0,0.5414199796,0.2931355943,-0.334640732,14.354012765,0.0704466201999999,-0.1604633369999999,-0.048458152,-0.349570205,-0.379781431,1.6142857463,0.5238060565,1.856557377,0.1346596392,0.1346596392,6.0,-0.992141089,0.2162282578,-0.801088721,0.2522145727,307.74932675,-0.018946508,-0.108406476,0.1228888452,0.0106508876,0.6241102527,0.2546132512,-0.020100973,0.0,3.0324330124000003,0.0711548923,0.0,0.0,0.0,0.1997099523,0.0305039466,1.0905026715,0.6753823384000001,0.2090470438,0.2216599439,0.9967046895,0.8353142151,0.2724994114,3.1918631248,399.98428009,0.2734782091,0.0082985099,0.2114445407,-0.087218222,-0.067661126,-0.05805604,0.1461053771,-0.2516574789999999,-2.644806522,-0.112735926,-0.114414686,1.6211165995,1.0,0.6327607565,0.0,0.0,0.0,0.4741421550999999,0.1110251293,276.61669659,2.5051704795,10.76209269,0.0087914154,1.0,0.9478632992,0.0,0.6109334225,0.5457269161,0.0375482563,-0.226094478,0.0055543515,0.006906485,0.0283101046,0.0084081981,2.0,0.0240669200999999,0.0045372376,0.0357334100999999,0.0294635777999999,0.1587245329,0.1631410624,4.0,0.0712434494,1.0333627e-08,0.075117372,0.0404967993,0.6499328571999999,5.7732922833,2.1773712000000004e-08,55.0,0.454166667
2000-06-30,694820.5,0.5325791246,0.283640524,-0.4515803229999999,13.498131874,0.0708898594,-0.23487874,0.0092592593,-0.4130434839999999,-0.387234054,1.4310345069,0.3991056771,1.5091680991999998,0.1346596392,0.1346596392,6.0,-0.992141089,0.2162282578,-0.801088721,0.2522145727,307.74932675,-0.018946508,-0.108406476,0.1228888452,0.0106508876,0.6241102527,0.2532952346,-0.020100973,0.0,3.0324330124000003,0.0711548923,0.0,0.0,0.0,0.1997099523,0.0305039466,1.0905026715,0.6753823384000001,0.2090470438,0.2216599439,0.9967046895,0.8353142151,0.2724994114,3.1918631248,399.98428009,0.2734782091,0.0082985099,0.2114445407,-0.087218222,-0.067661126,-0.05805604,0.1461053771,-0.2516574789999999,-2.644806522,-0.112735926,-0.114414686,1.6211165995,1.0,0.6327607565,0.0,0.0,0.0,0.4741421550999999,0.1110251293,276.61669659,2.5051704795,10.76209269,0.0087914154,1.0,0.9478632992,0.0,0.6109334225,0.5457269161,0.0375482563,-0.226094478,0.0055543515,0.006906485,0.0283101046,0.0084081981,2.0,0.0240669200999999,0.0045372376,0.0357334100999999,0.0294635777999999,0.1587245329,0.1631410624,4.0,0.0523800462,8.8211225e-09,0.1045454517,0.0345514864,0.6173714229999999,3.6866345845,1.7769586e-08,55.0,0.4625
2000-07-31,710289.0,0.5292323560000001,0.2800868867,-0.2082491739999999,13.563957725999998,0.0712961741999999,-0.297727959,0.0183486231,-0.366279076,-0.459057084,1.6168831544,0.1640421504,1.1034666875,0.0288548829999999,0.0288548829999999,7.0,-0.237496148,0.3701400458,-0.807055374,0.2634959733999999,55.62535225,0.0272070910999999,-0.115593414,-0.240680483,1.3793442622999998,-0.005577488,0.0868183342,0.0026980633,0.0,3.1682318568,0.0756901195,0.0,0.0,0.0,0.8454902606999999,0.0417871255,0.6957233908,1.3131253362,0.1521259727999999,0.1980450182,0.2038847277,0.2645736365,0.1898938680999999,-0.245534642,673.97997917,0.2185356417999999,0.0074364011,-1.625035618,0.0447821416,0.0637373909,0.0473302537,-0.032153259,0.0288694049,0.2265403479,-0.012281163,0.0241634574,0.3489121146,6.0,0.6124154363000001,0.0,0.0,0.0,0.4716809082,0.1238671601,73.279759013,2.5657040596000003,13.207271581,0.03706562,1.0,0.2236241323,0.0,0.690475046,0.5544012502000001,0.2650553602,-0.226094478,0.0055543515,0.006906485,0.0283101046,0.0084081981,2.0,0.0240669200999999,0.0045372376,0.0357334100999999,0.0294635777999999,0.1587245329,0.1631410624,5.0,0.056528893,9.0286553e-09,0.1034482791999999,0.0382687315,0.5916435941,3.5262098138,1.7348939e-08,55.0,0.48125
2000-08-31,739084.5,0.4992009609,0.2492015994,0.4841642325,13.606272223,0.0729011468,-0.285522791,0.0405405387,0.0571428581,-0.348973618,0.9320113585,-0.94021825,0.9115747252,0.0288548829999999,0.0288548829999999,7.0,-0.237496148,0.3701400458,-0.801166631,0.2634959733999999,55.62535225,0.0272070910999999,-0.115593414,-0.240680483,1.3793442622999998,-0.005577488,0.0868183342,0.0026980633,0.0,3.1682318568,0.0756901195,0.0,0.0,0.0,0.8454902606999999,0.0417871255,0.6957233908,1.3131253362,0.1521259727999999,0.1980450182,0.2038847277,0.2645736365,0.1898938680999999,-0.245534642,673.97997917,0.2185356417999999,0.0074364011,-1.625035618,0.0447821416,0.0637373909,0.0473302537,-0.032153259,0.0288694049,0.2265403479,-0.012281163,0.0241634574,0.3489121146,6.0,0.6124154363000001,0.0,0.0,0.0,0.4716809082,0.1238671601,73.279759013,2.5657040596000003,13.207271581,0.03706562,1.0,0.2236241323,0.0,0.690475046,0.5544012502000001,0.2650553602,,,,,,,,,,,,,,0.048063558,1.3545955e-08,0.0794392526,0.0314361585,0.4702695357999999,1.1602086931,4.5782675e-08,55.0,0.508333333
2000-09-29,780678.0,0.4806266661,0.2310019921999999,0.357259576,12.774623398,0.0726828272,-0.201568004,0.0562770553,0.0312499956999999,-0.2450980539999999,0.7337110743999999,-1.337076195,0.7405122817,0.0288548829999999,0.0288548829999999,7.0,-0.237496148,0.3701400458,-0.801191138,0.2634959733999999,55.62535225,0.0272070910999999,-0.115593414,-0.240680483,1.3793442622999998,-0.005577488,0.0868183342,0.0026980633,0.0,3.1682318568,0.0756901195,0.0,0.0,0.0,0.8454902606999999,0.0417871255,0.6957233908,1.3131253362,0.1521259727999999,0.1980450182,0.2038847277,0.2645736365,0.1898938680999999,-0.245534642,673.97997917,0.2185356417999999,0.0074364011,-1.625035618,0.0447821416,0.0637373909,0.0473302537,-0.032153259,0.0288694049,0.2265403479,-0.012281163,0.0241634574,0.3489121146,6.0,0.6124154363000001,0.0,0.0,0.0,0.4716809082,0.1238671601,73.279759013,2.5657040596000003,13.207271581,0.03706562,1.0,0.2236241323,0.0,0.690475046,0.5544012502000001,0.2650553602,-0.253636767,0.0168582764999999,0.0014332398,0.0822011232,-0.152081996,0.0,0.0203906108,0.0044501482,0.030417568,0.0212446958,0.1601764195,0.1644924984,5.0,0.0333589245,1.0289781999999998e-08,0.0677966103,0.0254721932,0.6410173412,1.7070510702,3.1167918e-08,55.0,0.4875
2000-10-31,751593.375,0.4780279143,0.2285106869,0.4354271689,13.074098125,0.0736305276999999,-0.193288492,-0.040983606,0.0748898622,-0.360000009,1.0947802412,-1.5168025859999998,0.5673950692,0.0288548829999999,0.0288548829999999,7.0,-0.237496148,0.3701400458,-0.8044164009999999,0.2634959733999999,55.62535225,0.0272070910999999,-0.115593414,-0.240680483,1.3793442622999998,-0.005577488,0.0868183342,0.0026980633,0.0,3.1682318568,0.0756901195,0.0,0.0,0.0,0.8454902606999999,0.0417871255,0.6957233908,1.3131253362,0.1521259727999999,0.1980450182,0.2038847277,0.2645736365,0.1898938680999999,-0.245534642,673.97997917,0.2185356417999999,0.0074364011,-1.625035618,0.0447821416,0.0637373909,0.0473302537,-0.032153259,0.0288694049,0.2265403479,-0.012281163,0.0241634574,0.3489121146,6.0,0.6124154363000001,0.0,0.0,0.0,0.4716809082,0.1238671601,73.279759013,2.5657040596000003,13.207271581,0.03706562,1.0,0.2236241323,0.0,0.690475046,0.5544012502000001,0.2650553602,1.0033093642,0.0156771133,0.0032850283,-0.014245661,0.1209593248,0.0,0.0189387362,0.0046067912,0.0286842131,0.0405718959,0.1600423209,0.1639699721,5.0,0.0469001086,1.2877476e-08,0.0444444455,0.0256423361,0.5907604538,2.4404212769,3.5249386e-08,55.0,0.6
2000-11-30,925038.0,0.4432828549,0.1964996894,0.7144221608,13.049167489,0.0734978713,-0.2284649839999999,0.2307692319,0.0833333302,-0.329512901,0.7897435971,-0.661182905,0.6079404306,0.0288548829999999,0.0288548829999999,7.0,-0.237496148,0.3701400458,-0.808287102,0.2634959733999999,55.62535225,0.0272070910999999,-0.115593414,-0.240680483,1.3793442622999998,-0.005577488,0.0868183342,0.0026980633,0.0,3.1682318568,0.0756901195,0.0,0.0,0.0,0.8454902606999999,0.0417871255,0.6957233908,1.3131253362,0.1521259727999999,0.1980450182,0.2038847277,0.2645736365,0.1898938680999999,-0.245534642,673.97997917,0.2185356417999999,0.0074364011,-1.625035618,0.0447821416,0.0637373909,0.0473302537,-0.032153259,0.0288694049,0.2265403479,-0.012281163,0.0241634574,0.3489121146,6.0,0.6124154363000001,0.0,0.0,0.0,0.4716809082,0.1238671601,73.279759013,2.5657040596000003,13.207271581,0.03706562,1.0,0.2236241323,0.0,0.690475046,0.5544012502000001,0.2650553602,1.0033093642,0.0156771133,0.0032850283,-0.014245661,0.1209593248,0.0,0.0189387362,0.0046067912,0.0286842131,0.0405718959,0.1600423209,0.1639699721,5.0,0.0539867861,1.4120015e-08,0.1102362201,0.0369883937,0.5978463002000001,1.5409284375,3.3277309000000003e-08,55.0,0.554166667
2000-12-29,854375.375,0.4135172822,0.1709965427,0.6277921858,13.222747933,0.0749609149,-0.24347823,-0.076388888,0.3211009146999999,-0.217391313,0.9470899575,-1.1266252209999998,0.6621592783,0.0288548829999999,0.0288548829999999,7.0,-0.237496148,0.3701400458,-0.811953076,0.2634959733999999,55.62535225,0.0272070910999999,-0.115593414,-0.240680483,1.3793442622999998,-0.005577488,0.0868183342,0.0026980633,0.0,3.1682318568,0.0756901195,0.0,0.0,0.0,0.8454902606999999,0.0417871255,0.6957233908,1.3131253362,0.1521259727999999,0.1980450182,0.2038847277,0.2645736365,0.1898938680999999,-0.245534642,673.97997917,0.2185356417999999,0.0074364011,-1.625035618,0.0447821416,0.0637373909,0.0473302537,-0.032153259,0.0288694049,0.2265403479,-0.012281163,0.0241634574,0.3489121146,6.0,0.6124154363000001,0.0,0.0,0.0,0.4716809082,0.1238671601,73.279759013,2.5657040596000003,13.207271581,0.03706562,1.0,0.2236241323,0.0,0.690475046,0.5544012502000001,0.2650553602,1.0033093642,0.0156771133,0.0032850283,-0.014245661,0.1209593248,0.0,0.0189387362,0.0046067912,0.0286842131,0.0405718959,0.1600423209,0.1639699721,5.0,0.0499988899,8.5363123e-09,0.0530035347,0.0367192891,0.4863834953,1.4856289971,2.6828199e-08,55.0,0.891666667
2001-01-31,1378828.75,0.4581938996999999,0.2099416498,1.2825790983,13.405214613,0.0753601818,-0.331151358,0.6090225577,0.1981981977,-0.2267441939999999,0.6380952468,0.0960158758999999,1.4232676949,0.0288548829999999,0.0288548829999999,7.0,-0.237496148,0.3701400458,-0.811953076,0.2634959733999999,55.62535225,0.0272070910999999,-0.115593414,-0.240680483,1.3793442622999998,-0.005577488,0.0868183342,0.0026980633,0.0,3.1682318568,0.0756901195,0.0,0.0,0.0,0.8454902606999999,0.0417871255,0.6957233908,1.3131253362,0.1521259727999999,0.1980450182,0.2038847277,0.2645736365,0.1898938680999999,-0.245534642,673.97997917,0.2185356417999999,0.0074364011,-1.625035618,0.0447821416,0.0637373909,0.0473302537,-0.032153259,0.0288694049,0.2265403479,-0.012281163,0.0241634574,0.3489121146,6.0,0.6124154363000001,0.0,0.0,0.0,0.4716809082,0.1238671601,73.279759013,2.5657040596000003,13.207271581,0.03706562,1.0,0.2236241323,0.0,0.690475046,0.5544012502000001,0.2650553602,-0.684614993,0.0169648502,0.0026842699,-0.036946629,0.0725537837,1.0,0.0226648883,0.0044421509,0.0344114419,0.0425911142999999,0.159959299,0.1640111369,5.0,0.0561888449,4.7730005e-09,0.0986394584,0.0386928321,1.0762763109,11.885680241,7.5228124e-09,55.0,0.75
2001-02-28,1159762.5,0.4563145295,0.2082229498,0.4584415618,15.201378766,0.0770411465,-0.222090359,-0.158878505,0.8528138568000001,1.0380952407,0.0344827542,0.1656477077,1.8362424689,0.0288548829999999,0.0288548829999999,7.0,-0.237496148,0.3701400458,-0.700453106,0.2634959733999999,55.62535225,0.0272070910999999,-0.115593414,-0.240680483,1.3793442622999998,-0.005577488,0.0868183342,0.0026980633,0.0,3.1682318568,0.0756901195,0.0,0.0,0.0,0.8454902606999999,0.0417871255,0.6957233908,1.3131253362,0.1521259727999999,0.1980450182,0.2038847277,0.2645736365,0.1898938680999999,-0.245534642,673.97997917,0.2185356417999999,0.0074364011,-1.625035618,0.0447821416,0.0637373909,0.0473302537,-0.032153259,0.0288694049,0.2265403479,-0.012281163,0.0241634574,0.3489121146,6.0,0.6124154363000001,0.0,0.0,0.0,0.4716809082,0.1238671601,73.279759013,2.5657040596000003,13.207271581,0.03706562,1.0,0.2236241323,0.0,0.690475046,0.5544012502000001,0.2650553602,-0.684614993,0.0169648502,0.0026842699,-0.036946629,0.0725537837,1.0,0.0226648883,0.0044421509,0.0344114419,0.0425911142999999,0.159959299,0.1640111369,5.0,0.0623659689,2.4737513e-09,0.0615384616,0.0386402819,0.6123864882,5.2803033567,1.1306219e-08,55.0,0.63125
2001-03-30,977534.8125,0.3137536103,0.098441328,0.1525175759,14.574926403,0.0776968064,-0.115752344,-0.158333331,0.4754098397,0.6071428529,-0.0568421059999999,0.6767998402,1.893925903,0.0288548829999999,0.0288548829999999,7.0,-0.237496148,0.3701400458,-0.697612018,0.2634959733999999,55.62535225,0.0272070910999999,-0.115593414,-0.240680483,1.3793442622999998,-0.005577488,0.0868183342,0.0026980633,0.0,3.1682318568,0.0756901195,0.0,0.0,0.0,0.8454902606999999,0.0417871255,0.6957233908,1.3131253362,0.1521259727999999,0.1980450182,0.2038847277,0.2645736365,0.1898938680999999,-0.245534642,673.97997917,0.2185356417999999,0.0074364011,-1.625035618,0.0447821416,0.0637373909,0.0473302537,-0.032153259,0.0288694049,0.2265403479,-0.012281163,0.0241634574,0.3489121146,6.0,0.6124154363000001,0.0,0.0,0.0,0.4716809082,0.1238671601,73.279759013,2.5657040596000003,13.207271581,0.03706562,1.0,0.2236241323,0.0,0.690475046,0.5544012502000001,0.2650553602,-0.684614993,0.0169648502,0.0026842699,-0.036946629,0.0725537837,1.0,0.0226648883,0.0044421509,0.0344114419,0.0425911142999999,0.159959299,0.1640111369,5.0,0.0821695329,6.9294501e-09,0.0454545467999999,0.0300099136,0.6768228487000001,4.8187521177,2.4182431000000003e-08,55.0,0.664583333
2001-04-30,1030011.125,0.3316286385999999,0.1099775539,0.3324108718,13.742432478,0.0776500684,-0.13964319,0.0528052822,0.2948718005,0.3348017616,0.02947846,0.6535055157,1.1564980063,0.0288548829999999,0.0288548829999999,7.0,-0.237496148,0.3701400458,-0.729112839,0.2634959733999999,55.62535225,0.0272070910999999,-0.115593414,-0.240680483,1.3793442622999998,-0.005577488,0.0868183342,0.0026980633,0.0,3.1682318568,0.0756901195,0.0,0.0,0.0,0.8454902606999999,0.0417871255,0.6957233908,1.3131253362,0.1521259727999999,0.1980450182,0.2038847277,0.2645736365,0.1898938680999999,-0.245534642,673.97997917,0.2185356417999999,0.0074364011,-1.625035618,0.0447821416,0.0637373909,0.0473302537,-0.032153259,0.0288694049,0.2265403479,-0.012281163,0.0241634574,0.3489121146,6.0,0.6124154363000001,0.0,0.0,0.0,0.4716809082,0.1238671601,73.279759013,2.5657040596000003,13.207271581,0.03706562,1.0,0.2236241323,0.0,0.690475046,0.5544012502000001,0.2650553602,0.2218975359,0.0176854241,0.0032717177,-0.040972425,0.0652936697,2.0,0.0244790158999999,0.003951832,0.0381909316,0.057227753,0.1579843519,0.1614708271,5.0,0.0483555692,7.8444389e-09,0.0887372047,0.0303540352,0.4506917004999999,1.2237897502,2.9182049000000002e-08,55.0,0.788333333
2001-05-31,1221806.2803,0.3286947159,0.1080402162,-0.019444457,13.460778547,0.0772879106,-0.1117954999999999,0.1862068771999999,0.1076388943999999,0.4768518563,-0.018181818,0.614054368,0.7396861652,0.0288548829999999,0.0288548829999999,7.0,-0.237496148,0.3701400458,-0.7279316509999999,0.2634959733999999,55.62535225,0.0272070910999999,-0.115593414,-0.240680483,1.3793442622999998,-0.005577488,0.0868183342,0.0026980633,0.0,3.1682318568,0.0756901195,0.0,0.0,0.0,0.8454902606999999,0.0417871255,0.6957233908,1.3131253362,0.1521259727999999,0.1980450182,0.2038847277,0.2645736365,0.1898938680999999,-0.245534642,673.97997917,0.2185356417999999,0.0074364011,-1.625035618,0.0447821416,0.0637373909,0.0473302537,-0.032153259,0.0288694049,0.2265403479,-0.012281163,0.0241634574,0.3489121146,6.0,0.6124154363000001,0.0,0.0,0.0,0.4716809082,0.1238671601,73.279759013,2.5657040596000003,13.207271581,0.03706562,1.0,0.2236241323,0.0,0.690475046,0.5544012502000001,0.2650553602,0.2218975359,0.0176854241,0.0032717177,-0.040972425,0.0652936697,2.0,0.0244790158999999,0.003951832,0.0381909316,0.057227753,0.1579843519,0.1614708271,5.0,0.0495751925,8.9660499e-09,0.0552058741,0.0268079174,0.5526582495,1.7943129094,3.720076e-08,55.0,0.840333333
2001-06-29,1302398.9727,0.3378297979,0.1141289723,0.2962074488,13.484869958,0.0776659934,0.0406074316,0.0659619271999999,0.4225563736,0.7357797933,-0.161538465,0.4222593718,0.7050582067,0.0288548829999999,0.0288548829999999,7.0,-0.237496148,0.3701400458,-0.7279316509999999,0.2634959733999999,55.62535225,0.0272070910999999,-0.115593414,-0.240680483,1.3793442622999998,-0.005577488,0.0868183342,0.0026980633,0.0,3.1682318568,0.0756901195,0.0,0.0,0.0,0.8454902606999999,0.0417871255,0.6957233908,1.3131253362,0.1521259727999999,0.1980450182,0.2038847277,0.2645736365,0.1898938680999999,-0.245534642,673.97997917,0.2185356417999999,0.0074364011,-1.625035618,0.0447821416,0.0637373909,0.0473302537,-0.032153259,0.0288694049,0.2265403479,-0.012281163,0.0241634574,0.3489121146,6.0,0.6124154363000001,0.0,0.0,0.0,0.4716809082,0.1238671601,73.279759013,2.5657040596000003,13.207271581,0.03706562,1.0,0.2236241323,0.0,0.690475046,0.5544012502000001,0.2650553602,0.2218975359,0.0176854241,0.0032717177,-0.040972425,0.0652936697,2.0,0.0244790158999999,0.003951832,0.0381909316,0.057227753,0.1579843519,0.1614708271,5.0,0.0395329954,6.7815003e-09,0.0845603794,0.0276119773,0.8903888584999999,4.5418890639,2.290512e-08,55.0,0.956666667
2001-07-31,1498111.3398,0.3202875134,0.1025840911999999,-0.8550306999999999,13.93838646,0.0778811197,0.2578639788,0.1384371966,-0.057570122,0.8169368835999999,-0.229166671,0.4851818592,1.0874729401,0.0691717737,0.0691717737,8.0,-0.172912414,0.3392857888,-1.800362231,0.3329402909,77.627447444,0.0042296768,-0.4511605589999999,-0.128686838,0.0146853285,-0.021400325,0.1178269303,0.0016826107,0.0,2.9372793137,0.1005128538,0.0,0.0,0.0,0.1505716497,0.0375013938,0.6675703834000001,0.4201309499,0.0631360555,0.2293745084,0.1397237161,0.1775107217,0.18295528,0.2163280262999999,568.48627668,0.2247139373,0.0078223258,-0.075139123,-0.072896352,0.3279521076,0.0066812096,-0.176417733,-0.0851293869999999,0.0959560897,0.0023676815,-0.0672498109999999,0.8872128104000001,5.0,0.5043744932,0.0,0.0,0.0,0.4476024779,0.1234377898,91.758140973,2.393160946,14.375540846,0.0246730708,1.0,0.1807386603,0.0,0.6457807034,0.544109572,0.4689244721,0.2218975359,0.0176854241,0.0032717177,-0.040972425,0.0652936697,2.0,0.0244790158999999,0.003951832,0.0381909316,0.057227753,0.1579843519,0.1614708271,4.0,0.0373226521,1.7879866e-09,0.0396443009,0.0267718554999999,0.5629151995,4.7101226814,1.1325531e-08,55.0,1.163333333
2001-08-31,1821745.1796,0.3324452667,0.1105198553999999,-0.007330368,14.819192258,0.0782030001,0.383780248,0.2160279006,0.2755555952,0.9878788526,-0.183745589,0.4030793184,1.6504722313,0.0691717737,0.0691717737,8.0,-0.172912414,0.3392857888,-1.7562042830000002,0.3329402909,77.627447444,0.0042296768,-0.4511605589999999,-0.128686838,0.0146853285,-0.021400325,0.1178269303,0.0016826107,0.0,2.9372793137,0.1005128538,0.0,0.0,0.0,0.1505716497,0.0375013938,0.6675703834000001,0.4201309499,0.0631360555,0.2293745084,0.1397237161,0.1775107217,0.18295528,0.2163280262999999,568.48627668,0.2247139373,0.0078223258,-0.075139123,-0.072896352,0.3279521076,0.0066812096,-0.176417733,-0.0851293869999999,0.0959560897,0.0023676815,-0.0672498109999999,0.8872128104000001,5.0,0.5043744932,0.0,0.0,0.0,0.4476024779,0.1234377898,91.758140973,2.393160946,14.375540846,0.0246730708,1.0,0.1807386603,0.0,0.6457807034,0.544109572,0.4689244721,-0.663300015,0.0135531673,-0.001669282,-0.234349748,-0.025891052,0.0,0.0127644192,0.0046815483,0.0203812640999999,0.0244272539,0.1579919576,0.1618577369,4.0,0.0347938253,1.543612e-09,0.1277777850999999,0.0316327121,0.8279564968,10.946593137,9.173685e-09,55.0,1.04
2001-09-28,1628608.8398,0.2945040212,0.0867326185,0.4057215179,15.235517916,0.0783554536,0.4543567984,-0.10601721,0.8429043827,1.2885247158,0.0562770413,0.7248518919,1.7728769052000002,0.0691717737,0.0691717737,8.0,-0.172912414,0.3392857888,-1.756870074,0.3329402909,77.627447444,0.0042296768,-0.4511605589999999,-0.128686838,0.0146853285,-0.021400325,0.1178269303,0.0016826107,0.0,2.9372793137,0.1005128538,0.0,0.0,0.0,0.1505716497,0.0375013938,0.6675703834000001,0.4201309499,0.0631360555,0.2293745084,0.1397237161,0.1775107217,0.18295528,0.2163280262999999,568.48627668,0.2247139373,0.0078223258,-0.075139123,-0.072896352,0.3279521076,0.0066812096,-0.176417733,-0.0851293869999999,0.0959560897,0.0023676815,-0.0672498109999999,0.8872128104000001,5.0,0.5043744932,0.0,0.0,0.0,0.4476024779,0.1234377898,91.758140973,2.393160946,14.375540846,0.0246730708,1.0,0.1807386603,0.0,0.6457807034,0.544109572,0.4689244721,-0.663300015,0.0135531673,-0.001669282,-0.234349748,-0.025891052,0.0,0.0127644192,0.0046815483,0.0203812640999999,0.0244272539,0.1579919576,0.1618577369,4.0,0.0366735247,1.5685589e-09,0.0205042213,0.0154288313999999,0.5512841333,2.9376297253,1.5066072e-08,55.0,0.955
2001-10-31,1505643.43,0.2771427616,0.0768081103,0.0737427092,14.536372535999998,0.0774293919,0.5224467522,-0.081730805,0.5648903272,1.1333334074,-0.193103467,0.8241620104,1.6343437419,0.0691717737,0.0691717737,8.0,-0.172912414,0.3392857888,-1.756870074,0.3329402909,77.627447444,0.0042296768,-0.4511605589999999,-0.128686838,0.0146853285,-0.021400325,0.1178269303,0.0016826107,0.0,2.9372793137,0.1005128538,0.0,0.0,0.0,0.1505716497,0.0375013938,0.6675703834000001,0.4201309499,0.0631360555,0.2293745084,0.1397237161,0.1775107217,0.18295528,0.2163280262999999,568.48627668,0.2247139373,0.0078223258,-0.075139123,-0.072896352,0.3279521076,0.0066812096,-0.176417733,-0.0851293869999999,0.0959560897,0.0023676815,-0.0672498109999999,0.8872128104000001,5.0,0.5043744932,0.0,0.0,0.0,0.4476024779,0.1234377898,91.758140973,2.393160946,14.375540846,0.0246730708,1.0,0.1807386603,0.0,0.6457807034,0.544109572,0.4689244721,-0.440312006,0.016491442,0.0008586739,0.0349619071,0.0697079748,1.0,0.0172026341,0.0046546396,0.0265606569,0.0420407939,0.1548453532,0.1578004813,4.0,0.0781161739,4.5554921e-09,0.1200845763,0.0653308076,0.4602676468,4.824333627,2.0803538e-08,55.0,0.942
2001-11-30,1485147.792,0.2810807092,0.0790063651,-0.1189628369999999,14.556404631,0.0778772975999999,0.4140793346999999,-0.0136125439999999,0.2114164975,0.5916666579,-0.0798722229999999,0.86779129,1.5680614491,0.0691717737,0.0691717737,8.0,-0.172912414,0.3392857888,-1.7569419869999998,0.3329402909,77.627447444,0.0042296768,-0.4511605589999999,-0.128686838,0.0146853285,-0.021400325,0.1178269303,0.0016826107,0.0,2.9372793137,0.1005128538,0.0,0.0,0.0,0.1505716497,0.0375013938,0.6675703834000001,0.4201309499,0.0631360555,0.2293745084,0.1397237161,0.1775107217,0.18295528,0.2163280262999999,568.48627668,0.2247139373,0.0078223258,-0.075139123,-0.072896352,0.3279521076,0.0066812096,-0.176417733,-0.0851293869999999,0.0959560897,0.0023676815,-0.0672498109999999,0.8872128104000001,5.0,0.5043744932,0.0,0.0,0.0,0.4476024779,0.1234377898,91.758140973,2.393160946,14.375540846,0.0246730708,1.0,0.1807386603,0.0,0.6457807034,0.544109572,0.4689244721,-0.440312006,0.016491442,0.0008586739,0.0349619071,0.0697079748,1.0,0.0172026341,0.0046546396,0.0265606569,0.0420407939,0.1548453532,0.1578004813,4.0,0.0516327866,2.1283612e-09,0.0672414079,0.032959415,0.3622558309,2.8058512327,9.248091e-09,55.0,1.114666667
2001-12-31,1757372.2478,0.2268337516,0.0514535509,-0.189933188,14.932194632,0.0778499142,0.5524943519,0.1832978873999999,0.1209837860999999,0.6998496498000001,-0.267217647,0.9900255126,1.9464784646,0.0691717737,0.0691717737,8.0,-0.172912414,0.3392857888,-1.706175841,0.3329402909,77.627447444,0.0042296768,-0.4511605589999999,-0.128686838,0.0146853285,-0.021400325,0.1178269303,0.0016826107,0.0,2.9372793137,0.1005128538,0.0,0.0,0.0,0.1505716497,0.0375013938,0.6675703834000001,0.4201309499,0.0631360555,0.2293745084,0.1397237161,0.1775107217,0.18295528,0.2163280262999999,568.48627668,0.2247139373,0.0078223258,-0.075139123,-0.072896352,0.3279521076,0.0066812096,-0.176417733,-0.0851293869999999,0.0959560897,0.0023676815,-0.0672498109999999,0.8872128104000001,5.0,0.5043744932,0.0,0.0,0.0,0.4476024779,0.1234377898,91.758140973,2.393160946,14.375540846,0.0246730708,1.0,0.1807386603,0.0,0.6457807034,0.544109572,0.4689244721,-0.440312006,0.016491442,0.0008586739,0.0349619071,0.0697079748,1.0,0.0172026341,0.0046546396,0.0265606569,0.0420407939,0.1548453532,0.1578004813,4.0,0.0365815322,1.2463643e-09,0.0602254084999999,0.0213541670999999,0.7944806292000001,9.3644091458,8.6002218e-09,55.0,1.215666667
2002-01-31,1927476.0345,0.2453022463,0.060173192,0.197834491,15.264093808,0.0782375334,0.7334907431000001,0.0906101316,0.1651567165,0.2500934123,0.1322751095,0.9497178414,2.2529438106,0.0691717737,0.0691717737,8.0,-0.172912414,0.3392857888,-1.699175841,0.3329402909,77.627447444,0.0042296768,-0.4511605589999999,-0.128686838,0.0146853285,-0.021400325,0.1178269303,0.0016826107,0.0,2.9372793137,0.1005128538,0.0,0.0,0.0,0.1505716497,0.0375013938,0.6675703834000001,0.4201309499,0.0631360555,0.2293745084,0.1397237161,0.1775107217,0.18295528,0.2163280262999999,568.48627668,0.2247139373,0.0078223258,-0.075139123,-0.072896352,0.3279521076,0.0066812096,-0.176417733,-0.0851293869999999,0.0959560897,0.0023676815,-0.0672498109999999,0.8872128104000001,5.0,0.5043744932,0.0,0.0,0.0,0.4476024779,0.1234377898,91.758140973,2.393160946,14.375540846,0.0246730708,1.0,0.1807386603,0.0,0.6457807034,0.544109572,0.4689244721,0.4994318582,0.0228244479,0.0032718453,0.0733393554,0.0213003419,2.0,0.0246392197,0.0041170262,0.0376230168,0.0362569857,0.1577770582,0.1609908472,4.0,0.0379785402999999,9.199868e-10,0.1086624786,0.0317750054,0.6191225264,10.761873557,9.4384238e-09,55.0,1.103
2002-02-28,1748839.5981,0.2647347119,0.0700844677,-0.6029736960000001,15.306732399,0.0785774167,0.4386536647,-0.0926789419999999,0.0449856613,0.6208889553,-0.095477405,0.9042570826,2.4946175530000003,0.0691717737,0.0691717737,8.0,-0.172912414,0.3392857888,-1.699175841,0.3329402909,77.627447444,0.0042296768,-0.4511605589999999,-0.128686838,0.0146853285,-0.021400325,0.1178269303,0.0016826107,0.0,2.9372793137,0.1005128538,0.0,0.0,0.0,0.1505716497,0.0375013938,0.6675703834000001,0.4201309499,0.0631360555,0.2293745084,0.1397237161,0.1775107217,0.18295528,0.2163280262999999,568.48627668,0.2247139373,0.0078223258,-0.075139123,-0.072896352,0.3279521076,0.0066812096,-0.176417733,-0.0851293869999999,0.0959560897,0.0023676815,-0.0672498109999999,0.8872128104000001,5.0,0.5043744932,0.0,0.0,0.0,0.4476024779,0.1234377898,91.758140973,2.393160946,14.375540846,0.0246730708,1.0,0.1807386603,0.0,0.6457807034,0.544109572,0.4689244721,0.4994318582,0.0228244479,0.0032718453,0.0733393554,0.0213003419,2.0,0.0246392197,0.0041170262,0.0376230168,0.0362569857,0.1577770582,0.1609908472,4.0,0.0468776747,1.3156310000000003e-09,0.0347092114,0.0269228100999999,0.7384961745999999,12.924280862,7.518025e-09,55.0,1.101666667
2002-03-28,1746923.8097,0.2075187487999999,0.0430640311,-0.588229984,15.393711448,0.0788774515,0.4806458336999999,-0.001208852,0.0605768995,0.7473267469,-0.1379801,1.0343067667,2.0627660646,0.0691717737,0.0691717737,8.0,-0.172912414,0.3392857888,-1.697681921,0.3329402909,77.627447444,0.0042296768,-0.4511605589999999,-0.128686838,0.0146853285,-0.021400325,0.1178269303,0.0016826107,0.0,2.9372793137,0.1005128538,0.0,0.0,0.0,0.1505716497,0.0375013938,0.6675703834000001,0.4201309499,0.0631360555,0.2293745084,0.1397237161,0.1775107217,0.18295528,0.2163280262999999,568.48627668,0.2247139373,0.0078223258,-0.075139123,-0.072896352,0.3279521076,0.0066812096,-0.176417733,-0.0851293869999999,0.0959560897,0.0023676815,-0.0672498109999999,0.8872128104000001,5.0,0.5043744932,0.0,0.0,0.0,0.4476024779,0.1234377898,91.758140973,2.393160946,14.375540846,0.0246730708,1.0,0.1807386603,0.0,0.6457807034,0.544109572,0.4689244721,0.4994318582,0.0228244479,0.0032718453,0.0733393554,0.0213003419,2.0,0.0246392197,0.0041170262,0.0376230168,0.0362569857,0.1577770582,0.1609908472,4.0,0.0362134652,1.9472047e-09,0.0381586403,0.0211298195,0.3459128990999999,2.0515000039,2.05256e-08,55.0,1.052333333
2002-04-30,1671063.2238,0.2113745457999999,0.0446791986,-0.335070857,14.48821748,0.0775673412,0.6546993851,-0.044780623,0.1535776492,0.6576802159,-0.1089385619999999,1.025195952,1.7344643441999998,0.0691717737,0.0691717737,8.0,-0.172912414,0.3392857888,-1.657566014,0.3329402909,77.627447444,0.0042296768,-0.4511605589999999,-0.128686838,0.0146853285,-0.021400325,0.1178269303,0.0016826107,0.0,2.9372793137,0.1005128538,0.0,0.0,0.0,0.1505716497,0.0375013938,0.6675703834000001,0.4201309499,0.0631360555,0.2293745084,0.1397237161,0.1775107217,0.18295528,0.2163280262999999,568.48627668,0.2247139373,0.0078223258,-0.075139123,-0.072896352,0.3279521076,0.0066812096,-0.176417733,-0.0851293869999999,0.0959560897,0.0023676815,-0.0672498109999999,0.8872128104000001,5.0,0.5043744932,0.0,0.0,0.0,0.4476024779,0.1234377898,91.758140973,2.393160946,14.375540846,0.0246730708,1.0,0.1807386603,0.0,0.6457807034,0.544109572,0.4689244721,0.4534047192,0.0427587691,0.0028836286,0.0457005371,-0.012460181,3.0,0.0265698157,0.003578987,0.0398204718,0.0282822602999999,0.1586886143999999,0.1617377442,4.0,0.0289262489,1.0691263e-09,0.022676494,0.014301844,0.4360096146,3.3470643739,1.6595488e-08,55.0,1.079666667
2002-05-31,1714467.4477,0.2046782137999999,0.0418931712,-0.048783111,14.603875904,0.0770717496,0.6212771790999999,0.0259740166,0.1171266592,0.3348837316,0.033879748,1.0270978791,1.6723783974000002,0.0691717737,0.0691717737,8.0,-0.172912414,0.3392857888,-1.644973989,0.3329402909,77.627447444,0.0042296768,-0.4511605589999999,-0.128686838,0.0146853285,-0.021400325,0.1178269303,0.0016826107,0.0,2.9372793137,0.1005128538,0.0,0.0,0.0,0.1505716497,0.0375013938,0.6675703834000001,0.4201309499,0.0631360555,0.2293745084,0.1397237161,0.1775107217,0.18295528,0.2163280262999999,568.48627668,0.2247139373,0.0078223258,-0.075139123,-0.072896352,0.3279521076,0.0066812096,-0.176417733,-0.0851293869999999,0.0959560897,0.0023676815,-0.0672498109999999,0.8872128104000001,5.0,0.5043744932,0.0,0.0,0.0,0.4476024779,0.1234377898,91.758140973,2.393160946,14.375540846,0.0246730708,1.0,0.1807386603,0.0,0.6457807034,0.544109572,0.4689244721,0.4534047192,0.0427587691,0.0028836286,0.0457005371,-0.012460181,3.0,0.0265698157,0.003578987,0.0398204718,0.0282822602999999,0.1586886143999999,0.1617377442,4.0,0.0439478158,1.2038339e-09,0.0722891986,0.0289311189999999,0.4804761074,6.066430808,7.7060736e-09,55.0,1.072
2002-06-28,1702293.1119,0.1823558502,0.0332536561,-0.364735223,15.302639978,0.0782481105999999,0.5588716004,-0.007100943,-0.0313995,0.2848076362,0.1442836327,1.0755854562,1.7287491296000002,0.0691717737,0.0691717737,8.0,-0.172912414,0.3392857888,-1.640351884,0.3329402909,77.627447444,0.0042296768,-0.4511605589999999,-0.128686838,0.0146853285,-0.021400325,0.1178269303,0.0016826107,0.0,2.9372793137,0.1005128538,0.0,0.0,0.0,0.1505716497,0.0375013938,0.6675703834000001,0.4201309499,0.0631360555,0.2293745084,0.1397237161,0.1775107217,0.18295528,0.2163280262999999,568.48627668,0.2247139373,0.0078223258,-0.075139123,-0.072896352,0.3279521076,0.0066812096,-0.176417733,-0.0851293869999999,0.0959560897,0.0023676815,-0.0672498109999999,0.8872128104000001,5.0,0.5043744932,0.0,0.0,0.0,0.4476024779,0.1234377898,91.758140973,2.393160946,14.375540846,0.0246730708,1.0,0.1807386603,0.0,0.6457807034,0.544109572,0.4689244721,0.4534047192,0.0427587691,0.0028836286,0.0457005371,-0.012460181,3.0,0.0265698157,0.003578987,0.0398204718,0.0282822602999999,0.1586886143999999,0.1617377442,4.0,0.0340641308,2.0768716e-09,0.0462656841,0.0247866014,0.3238815966,1.9434009195,1.5186196999999998e-08,55.0,0.918666667
2002-07-31,1464510.8116,0.2005729135999999,0.0402294937,-0.51504216,14.617140052,0.0779655515,0.5083355097,-0.143034846,-0.118179361,0.1205574573,0.1394541031,1.0372642863,1.8626432564,0.0207558998,0.0207558998,9.0,-0.196738804,0.2933535825,-8.240549261,0.3448244675,79.546681037,0.0259557062,-0.234210387,0.0583908196,0.0253370841,0.2013583305,0.0962886574,0.0073417649,0.0,4.5458245278,0.100216606,0.0,0.0,0.0,0.1995984741,0.0344242943,0.6938330575,-0.203262715,0.0874296025,0.2050693514,0.1728349371,0.2026103534,0.1559386497,0.1914819396,778.08096731,0.2358868971,0.0081489087,-0.176796134,0.5476310021,-0.002947362,-0.007456365,0.6836910187999999,0.0229905635,-0.066578134,0.0170112153,0.0191027461,0.2460061489999999,5.0,0.8492108044,0.0,0.0,0.0,0.4248747977,0.1325527327,70.272955408,2.4388768918,13.63537843,0.0051926722999999,1.0,0.2265119532999999,0.0,0.5666021351,0.5512787063,0.0678849024,0.4534047192,0.0427587691,0.0028836286,0.0457005371,-0.012460181,3.0,0.0265698157,0.003578987,0.0398204718,0.0282822602999999,0.1586886143999999,0.1617377442,4.0,0.0412595185999999,1.7160712e-09,0.0280846097,0.0198939662,0.5598816121,7.1800327462,1.2730993999999998e-08,55.0,0.939333333
2002-08-30,1497457.0362,0.1854693304,0.0343988725,-0.096520696,14.7352549,0.0774862902,0.2513937105,0.0224964023,-0.167120003,-0.210315245,0.6375367156,1.0651796111,1.644191021,0.0207558998,0.0207558998,9.0,-0.196738804,0.2933535825,-8.234345661,0.3448244675,79.546681037,0.0259557062,-0.234210387,0.0583908196,0.0253370841,0.2013583305,0.0962886574,0.0073417649,0.0,4.5458245278,0.100216606,0.0,0.0,0.0,0.1995984741,0.0344242943,0.6938330575,-0.203262715,0.0874296025,0.2050693514,0.1728349371,0.2026103534,0.1559386497,0.1914819396,778.08096731,0.2358868971,0.0081489087,-0.176796134,0.5476310021,-0.002947362,-0.007456365,0.6836910187999999,0.0229905635,-0.066578134,0.0170112153,0.0191027461,0.2460061489999999,5.0,0.8492108044,0.0,0.0,0.0,0.4248747977,0.1325527327,70.272955408,2.4388768918,13.63537843,0.0051926722999999,1.0,0.2265119532999999,0.0,0.5666021351,0.5512787063,0.0678849024,-0.375091461,0.0181371731,0.0057025538,0.0462019552,0.0046975454,0.0,0.0201369637999999,0.0035197044,0.0298089626,0.0318997492,0.1660837898,0.1687493989,4.0,0.0483859305,2.5606346e-09,0.1113320515,0.0358851703,0.565371458,3.468304388,1.0383439e-08,55.0,0.992666667
2002-09-30,1582479.4565,0.180842923,0.0327041628,-0.158235785,14.869102813,0.0775907942,0.0632237154,0.0567778684,-0.147352475,-0.096794894,0.6313725735,1.0689871566,1.7202979586000002,0.0207558998,0.0207558998,9.0,-0.196738804,0.2933535825,-8.23492154,0.3448244675,79.546681037,0.0259557062,-0.234210387,0.0583908196,0.0253370841,0.2013583305,0.0962886574,0.0073417649,0.0,4.5458245278,0.100216606,0.0,0.0,0.0,0.1995984741,0.0344242943,0.6938330575,-0.203262715,0.0874296025,0.2050693514,0.1728349371,0.2026103534,0.1559386497,0.1914819396,778.08096731,0.2358868971,0.0081489087,-0.176796134,0.5476310021,-0.002947362,-0.007456365,0.6836910187999999,0.0229905635,-0.066578134,0.0170112153,0.0191027461,0.2460061489999999,5.0,0.8492108044,0.0,0.0,0.0,0.4248747977,0.1325527327,70.272955408,2.4388768918,13.63537843,0.0051926722999999,1.0,0.2265119532999999,0.0,0.5666021351,0.5512787063,0.0678849024,-0.375091461,0.0181371731,0.0057025538,0.0462019552,0.0046975454,0.0,0.0201369637999999,0.0035197044,0.0298089626,0.0318997492,0.1660837898,0.1687493989,4.0,0.0405691946,1.9160382e-09,0.0440140850999999,0.0231383702,0.4325770579,3.544872919,1.2846657e-08,55.0,0.954
2002-10-31,1525331.5647,0.1941493818,0.0376939824,-0.1953628369999999,14.711452979,0.0774715653,0.1826202754,-0.03895231,-0.0566993759999999,0.0394415622999999,0.2023606335,1.0583589803,1.5283260783,0.0207558998,0.0207558998,9.0,-0.196738804,0.2933535825,-8.572917001,0.3448244675,79.546681037,0.0259557062,-0.234210387,0.0583908196,0.0253370841,0.2013583305,0.0962886574,0.0073417649,0.0,4.5458245278,0.100216606,0.0,0.0,0.0,0.1995984741,0.0344242943,0.6938330575,-0.203262715,0.0874296025,0.2050693514,0.1728349371,0.2026103534,0.1559386497,0.1914819396,778.08096731,0.2358868971,0.0081489087,-0.176796134,0.5476310021,-0.002947362,-0.007456365,0.6836910187999999,0.0229905635,-0.066578134,0.0170112153,0.0191027461,0.2460061489999999,5.0,0.8492108044,0.0,0.0,0.0,0.4248747977,0.1325527327,70.272955408,2.4388768918,13.63537843,0.0051926722999999,1.0,0.2265119532999999,0.0,0.5666021351,0.5512787063,0.0678849024,1.5164106082,0.0233475602,0.0034958185999999,0.0002688405,0.0855329426,1.0,0.0194220986,0.003464987,0.0299159972,0.0337665258,0.0897706015,0.0913114939,4.0,0.0357440191,2.3397617e-09,0.0550935604,0.0236577875999999,0.3604999042,1.9996172356,1.9272194e-08,55.0,0.909
2002-11-29,1453381.9444,0.1775308432,0.0315172003,-0.304216382,14.36170715,0.0775014091,0.0622271015,-0.047169823,-0.116393913,0.0127388652,0.2955874006,1.0848466684,1.5309278995,0.0207558998,0.0207558998,9.0,-0.196738804,0.2933535825,-8.854704713,0.3448244675,79.546681037,0.0259557062,-0.234210387,0.0583908196,0.0253370841,0.2013583305,0.0962886574,0.0073417649,0.0,4.5458245278,0.100216606,0.0,0.0,0.0,0.1995984741,0.0344242943,0.6938330575,-0.203262715,0.0874296025,0.2050693514,0.1728349371,0.2026103534,0.1559386497,0.1914819396,778.08096731,0.2358868971,0.0081489087,-0.176796134,0.5476310021,-0.002947362,-0.007456365,0.6836910187999999,0.0229905635,-0.066578134,0.0170112153,0.0191027461,0.2460061489999999,5.0,0.8492108044,0.0,0.0,0.0,0.4248747977,0.1325527327,70.272955408,2.4388768918,13.63537843,0.0051926722999999,1.0,0.2265119532999999,0.0,0.5666021351,0.5512787063,0.0678849024,1.5164106082,0.0233475602,0.0034958185999999,0.0002688405,0.0855329426,1.0,0.0194220986,0.003464987,0.0299159972,0.0337665258,0.0897706015,0.0913114939,4.0,0.0524736596,2.7771584e-09,0.0751582086,0.041234053,0.59188043,7.7701372947,9.9207356e-09,55.0,0.925333333
2002-12-31,1479496.9722,0.1866415691,0.0348350753,-0.098538439,14.840356747,0.0772261929,-0.055585935,0.0179684553,-0.1520522269999999,-0.1845095289999999,0.4539129767,1.0616839814,1.6320536121,0.0207558998,0.0207558998,9.0,-0.196738804,0.2933535825,-8.854704713,0.3448244675,79.546681037,0.0259557062,-0.234210387,0.0583908196,0.0253370841,0.2013583305,0.0962886574,0.0073417649,0.0,4.5458245278,0.100216606,0.0,0.0,0.0,0.1995984741,0.0344242943,0.6938330575,-0.203262715,0.0874296025,0.2050693514,0.1728349371,0.2026103534,0.1559386497,0.1914819396,778.08096731,0.2358868971,0.0081489087,-0.176796134,0.5476310021,-0.002947362,-0.007456365,0.6836910187999999,0.0229905635,-0.066578134,0.0170112153,0.0191027461,0.2460061489999999,5.0,0.8492108044,0.0,0.0,0.0,0.4248747977,0.1325527327,70.272955408,2.4388768918,13.63537843,0.0051926722999999,1.0,0.2265119532999999,0.0,0.5666021351,0.5512787063,0.0678849024,1.5164106082,0.0233475602,0.0034958185999999,0.0002688405,0.0855329426,1.0,0.0194220986,0.003464987,0.0299159972,0.0337665258,0.0897706015,0.0913114939,4.0,0.0432932225,1.7417712e-09,0.0660377368,0.0337420292,0.4911348485,3.9005214691,1.1800765e-08,55.0,0.843
2003-01-31,1349752.6389,0.2057383626999999,0.0423282739,0.1619447442,14.824388297,0.0741784633,-0.038380315,-0.08897692,0.0072569226,-0.238826459,0.6962791209999999,1.0093415163,1.7719298246,0.0207558998,0.0207558998,9.0,-0.196738804,0.2933535825,-8.847752917000001,0.3448244675,79.546681037,0.0259557062,-0.234210387,0.0583908196,0.0253370841,0.2013583305,0.0962886574,0.0073417649,0.0,4.5458245278,0.100216606,0.0,0.0,0.0,0.1995984741,0.0344242943,0.6938330575,-0.203262715,0.0874296025,0.2050693514,0.1728349371,0.2026103534,0.1559386497,0.1914819396,778.08096731,0.2358868971,0.0081489087,-0.176796134,0.5476310021,-0.002947362,-0.007456365,0.6836910187999999,0.0229905635,-0.066578134,0.0170112153,0.0191027461,0.2460061489999999,5.0,0.8492108044,0.0,0.0,0.0,0.4248747977,0.1325527327,70.272955408,2.4388768918,13.63537843,0.0051926722999999,1.0,0.2265119532999999,0.0,0.5666021351,0.5512787063,0.0678849024,0.264242035,0.0294903356,0.0035356060999999,-0.000121492,0.0542641878,2.0,0.0251982883,0.0036130513,0.0392105373,0.0426797796999999,0.0911557115,0.0929022966,4.0,0.0366133455,1.510382999999999e-09,0.0356303751,0.0165378878,0.6313349565999999,4.5380395553,1.3423143e-08,55.0,0.814333333
2003-02-28,1303853.5463,0.2775847413,0.0770532886,0.0153100993999999,14.553710406,0.0720068676999999,-0.13989933,-0.03400556,-0.10255498,-0.235720743,1.5211428852000002,0.7794909615000001,1.4484772398,0.0207558998,0.0207558998,9.0,-0.196738804,0.2933535825,-8.847752917000001,0.3448244675,79.546681037,0.0259557062,-0.234210387,0.0583908196,0.0253370841,0.2013583305,0.0962886574,0.0073417649,0.0,4.5458245278,0.100216606,0.0,0.0,0.0,0.1995984741,0.0344242943,0.6938330575,-0.203262715,0.0874296025,0.2050693514,0.1728349371,0.2026103534,0.1559386497,0.1914819396,778.08096731,0.2358868971,0.0081489087,-0.176796134,0.5476310021,-0.002947362,-0.007456365,0.6836910187999999,0.0229905635,-0.066578134,0.0170112153,0.0191027461,0.2460061489999999,5.0,0.8492108044,0.0,0.0,0.0,0.4248747977,0.1325527327,70.272955408,2.4388768918,13.63537843,0.0051926722999999,1.0,0.2265119532999999,0.0,0.5666021351,0.5512787063,0.0678849024,0.264242035,0.0294903356,0.0035356060999999,-0.000121492,0.0542641878,2.0,0.0251982883,0.0036130513,0.0392105373,0.0426797796999999,0.0911557115,0.0929022966,4.0,0.0287719266,2.0432617e-09,0.0253622849,0.0144123176,0.3679900829,1.7249894651,2.206777e-08,55.0,0.851
2003-03-31,1362485.0766,0.3060333818,0.0936564308,-0.04377226,14.023280535,0.0593659973,-0.110050435,0.0450266227,-0.17965078,-0.260816925,1.360714239,0.836023295,1.2337788578,0.0207558998,0.0207558998,9.0,-0.196738804,0.2933535825,-9.210200925,0.3448244675,79.546681037,0.0259557062,-0.234210387,0.0583908196,0.0253370841,0.2013583305,0.0962886574,0.0073417649,0.0,4.5458245278,0.100216606,0.0,0.0,0.0,0.1995984741,0.0344242943,0.6938330575,-0.203262715,0.0874296025,0.2050693514,0.1728349371,0.2026103534,0.1559386497,0.1914819396,778.08096731,0.2358868971,0.0081489087,-0.176796134,0.5476310021,-0.002947362,-0.007456365,0.6836910187999999,0.0229905635,-0.066578134,0.0170112153,0.0191027461,0.2460061489999999,5.0,0.8492108044,0.0,0.0,0.0,0.4248747977,0.1325527327,70.272955408,2.4388768918,13.63537843,0.0051926722999999,1.0,0.2265119532999999,0.0,0.5666021351,0.5512787063,0.0678849024,0.264242035,0.0294903356,0.0035356060999999,-0.000121492,0.0542641878,2.0,0.0251982883,0.0036130513,0.0392105373,0.0426797796999999,0.0911557115,0.0929022966,4.0,0.0285465049,1.9549936e-09,0.0602929182,0.0220135952999999,0.372327096,2.5216067301,1.8938799e-08,55.0,0.903333333
2003-04-30,1448109.6337,0.3882260534,0.1507194685,0.039285143,14.320303066,0.0583648124,-0.18822396,0.0603211485,-0.107966459,-0.191320851,1.2251982221,0.5274038793,1.2315169642,0.0207558998,0.0207558998,9.0,-0.196738804,0.2933535825,-9.091002323,0.3448244675,79.546681037,0.0259557062,-0.234210387,0.0583908196,0.0253370841,0.2013583305,0.0962886574,0.0073417649,0.0,4.5458245278,0.100216606,0.0,0.0,0.0,0.1995984741,0.0344242943,0.6938330575,-0.203262715,0.0874296025,0.2050693514,0.1728349371,0.2026103534,0.1559386497,0.1914819396,778.08096731,0.2358868971,0.0081489087,-0.176796134,0.5476310021,-0.002947362,-0.007456365,0.6836910187999999,0.0229905635,-0.066578134,0.0170112153,0.0191027461,0.2460061489999999,5.0,0.8492108044,0.0,0.0,0.0,0.4248747977,0.1325527327,70.272955408,2.4388768918,13.63537843,0.0051926722999999,1.0,0.2265119532999999,0.0,0.5666021351,0.5512787063,0.0678849024,1.5538501831,0.0332125424,0.0030582666,-0.004789572,-0.069591796,3.0,0.0255133968,0.0037646411,0.0399743856,0.042995899,0.0935445891,0.0954772588,4.0,0.0314619898,1.5726978e-09,0.0376000218,0.0214181202,0.3696344057,2.9233471795,1.3500477e-08,55.0,0.988666667
2003-05-30,1584521.9449,0.3368687335999999,0.1134805436999999,0.2442487548999999,14.61732982,0.0582930416,-0.313196113,0.0942002684,-0.007334096,-0.164248226,1.3992592248,0.7150687890999999,1.320123376,0.0207558998,0.0207558998,9.0,-0.196738804,0.2933535825,-9.091002323,0.3448244675,79.546681037,0.0259557062,-0.234210387,0.0583908196,0.0253370841,0.2013583305,0.0962886574,0.0073417649,0.0,4.5458245278,0.100216606,0.0,0.0,0.0,0.1995984741,0.0344242943,0.6938330575,-0.203262715,0.0874296025,0.2050693514,0.1728349371,0.2026103534,0.1559386497,0.1914819396,778.08096731,0.2358868971,0.0081489087,-0.176796134,0.5476310021,-0.002947362,-0.007456365,0.6836910187999999,0.0229905635,-0.066578134,0.0170112153,0.0191027461,0.2460061489999999,5.0,0.8492108044,0.0,0.0,0.0,0.4248747977,0.1325527327,70.272955408,2.4388768918,13.63537843,0.0051926722999999,1.0,0.2265119532999999,0.0,0.5666021351,0.5512787063,0.0678849024,1.5538501831,0.0332125424,0.0030582666,-0.004789572,-0.069591796,3.0,0.0255133968,0.0037646411,0.0399743856,0.042995899,0.0935445891,0.0954772588,4.0,0.0269181815,1.6241739e-09,0.0395158641,0.0157622643,0.4355621943,2.6273902189,1.7250504e-08,55.0,1.017666667
2003-06-30,1632132.4622,0.3363060743,0.1131017756,0.2358793164,14.464512402,0.0575066421,-0.182666412,0.0300472435,0.0670029046,-0.078980075,1.3603669719,0.7483801865999999,1.2329575654,0.0207558998,0.0207558998,9.0,-0.196738804,0.2933535825,-9.487728471,0.3448244675,79.546681037,0.0259557062,-0.234210387,0.0583908196,0.0253370841,0.2013583305,0.0962886574,0.0073417649,0.0,4.5458245278,0.100216606,0.0,0.0,0.0,0.1995984741,0.0344242943,0.6938330575,-0.203262715,0.0874296025,0.2050693514,0.1728349371,0.2026103534,0.1559386497,0.1914819396,778.08096731,0.2358868971,0.0081489087,-0.176796134,0.5476310021,-0.002947362,-0.007456365,0.6836910187999999,0.0229905635,-0.066578134,0.0170112153,0.0191027461,0.2460061489999999,5.0,0.8492108044,0.0,0.0,0.0,0.4248747977,0.1325527327,70.272955408,2.4388768918,13.63537843,0.0051926722999999,1.0,0.2265119532999999,0.0,0.5666021351,0.5512787063,0.0678849024,1.5538501831,0.0332125424,0.0030582666,-0.004789572,-0.069591796,3.0,0.0255133968,0.0037646411,0.0399743856,0.042995899,0.0935445891,0.0954772588,4.0,0.0253238288,1.6306201e-09,0.0301082991,0.0169511124,0.4213316451,1.9762358224,2.1218002e-08,55.0,1.113
2003-07-31,1805171.0458,0.3630110852,0.131777048,0.4058136961999999,14.287099032,0.0562790829,0.0072753622,0.0970174,0.2064056601,0.1070392186,0.9863062616,0.7178029673999999,1.0879964401,0.0241561010999999,-0.024156101,10.0,-0.1780456289999999,0.4937667693999999,-8.111855907999999,0.3576091456,18.095782566,0.0774460451,-0.139293068,-0.024705927,0.0098389813,0.016517181,0.0603393491999999,0.0030445146999999,0.0,4.2805347913,0.1015919073,0.0,0.0,0.0,0.1693951547,0.0607459475,0.6877712669,0.2472343176,0.1161531133,0.1783546351,0.1259861155,0.1814335848,0.2658968782,0.1940559207999999,-135.41103769999998,0.2469859542,0.0083105384,0.0614516938,-0.058358992,0.0137232872,-0.015507367,0.0140155906,0.0760517572,0.0988491151,0.0291515506,0.0675571903,-0.274917065,6.0,0.8611129953,0.0,0.0,0.0,0.4431145643,0.138766394,44.744485733000005,2.603640562,14.857424241,0.0051504174,1.0,0.2017906588,0.0,0.972393022,0.5522122389,0.3538669225999999,1.5538501831,0.0332125424,0.0030582666,-0.004789572,-0.069591796,3.0,0.0255133968,0.0037646411,0.0399743856,0.042995899,0.0935445891,0.0954772588,6.0,0.0267598435,1.5819370000000003e-09,0.0399880297,0.0172332568,0.4748036136999999,2.8176090536,1.8925065e-08,55.0,1.27
2003-08-29,2058121.4318,0.3723589586,0.138651194,0.6950869894,14.494398711,0.055636791,0.1819662657999999,0.1401254385999999,0.3700368715,0.1877218175,0.95186149,0.6550054269,1.0672674009,0.0241561010999999,-0.024156101,10.0,-0.1780456289999999,0.4937667693999999,-8.127900595,0.3576091456,18.095782566,0.0774460451,-0.139293068,-0.024705927,0.0098389813,0.016517181,0.0603393491999999,0.0030445146999999,0.0,4.2805347913,0.1015919073,0.0,0.0,0.0,0.1693951547,0.0607459475,0.6877712669,0.2472343176,0.1161531133,0.1783546351,0.1259861155,0.1814335848,0.2658968782,0.1940559207999999,-135.41103769999998,0.2469859542,0.0083105384,0.0614516938,-0.058358992,0.0137232872,-0.015507367,0.0140155906,0.0760517572,0.0988491151,0.0291515506,0.0675571903,-0.274917065,6.0,0.8611129953,0.0,0.0,0.0,0.4431145643,0.138766394,44.744485733000005,2.603640562,14.857424241,0.0051504174,1.0,0.2017906588,0.0,0.972393022,0.5522122389,0.3538669225999999,0.4614926985,0.0290592904999999,0.0011285403999999,0.0158514785,-0.020665294,0.0,0.0191873948,0.0037803519,0.0296871008,0.0265707954999999,0.0920186574,0.0937552327,6.0,0.0310412724,1.7725374e-09,0.0622635856,0.0241888735,0.5073033378,2.6416195977,1.7510463999999998e-08,55.0,1.276333333
2003-09-30,2068368.8177,0.3798423653,0.1442802225,0.6448674495000001,14.664539624,0.0554412792,0.3666087797999999,0.0049789995,0.4947120533,0.2813968749,0.9527869269,0.6170262224,1.1155265695,0.0241561010999999,-0.024156101,10.0,-0.1780456289999999,0.4937667693999999,-7.76622573,0.3576091456,18.095782566,0.0774460451,-0.139293068,-0.024705927,0.0098389813,0.016517181,0.0603393491999999,0.0030445146999999,0.0,4.2805347913,0.1015919073,0.0,0.0,0.0,0.1693951547,0.0607459475,0.6877712669,0.2472343176,0.1161531133,0.1783546351,0.1259861155,0.1814335848,0.2658968782,0.1940559207999999,-135.41103769999998,0.2469859542,0.0083105384,0.0614516938,-0.058358992,0.0137232872,-0.015507367,0.0140155906,0.0760517572,0.0988491151,0.0291515506,0.0675571903,-0.274917065,6.0,0.8611129953,0.0,0.0,0.0,0.4431145643,0.138766394,44.744485733000005,2.603640562,14.857424241,0.0051504174,1.0,0.2017906588,0.0,0.972393022,0.5522122389,0.3538669225999999,0.4614926985,0.0290592904999999,0.0011285403999999,0.0158514785,-0.020665294,0.0,0.0191873948,0.0037803519,0.0296871008,0.0265707954999999,0.0920186574,0.0937552327,6.0,0.0212871041,1.2623821e-09,0.0311911777,0.0156544386,0.4628605135999999,2.4181815522,1.8273927e-08,55.0,1.225666667
2003-10-31,1997467.1586,0.4171811111,0.1740400795,0.413596451,14.673351801,0.0541087073,0.5640983975,-0.040417191,0.4166974090999999,0.3399719517,0.9569231328,0.5793910793,1.5155585033,0.0241561010999999,-0.024156101,10.0,-0.1780456289999999,0.4937667693999999,-7.76622573,0.3576091456,18.095782566,0.0774460451,-0.139293068,-0.024705927,0.0098389813,0.016517181,0.0603393491999999,0.0030445146999999,0.0,4.2805347913,0.1015919073,0.0,0.0,0.0,0.1693951547,0.0607459475,0.6877712669,0.2472343176,0.1161531133,0.1783546351,0.1259861155,0.1814335848,0.2658968782,0.1940559207999999,-135.41103769999998,0.2469859542,0.0083105384,0.0614516938,-0.058358992,0.0137232872,-0.015507367,0.0140155906,0.0760517572,0.0988491151,0.0291515506,0.0675571903,-0.274917065,6.0,0.8611129953,0.0,0.0,0.0,0.4431145643,0.138766394,44.744485733000005,2.603640562,14.857424241,0.0051504174,1.0,0.2017906588,0.0,0.972393022,0.5522122389,0.3538669225999999,-0.2097543089999999,0.0191938468,0.0019278417,0.0139133531,0.0468824938999999,1.0,0.0195439159,0.0036704401,0.0303263216,0.0303747717,0.0945407766,0.0965907541,6.0,0.018785904,9.700517e-10,0.0193798449,0.0136993784,0.7712485532,24.774696353000003,9.0591461e-09,55.0,1.443
2003-11-28,2358965.2903,0.4613388954,0.2128335764,0.3810764725,15.333929752,0.052343505,0.7542530143999999,0.1809782535,0.2424037163,0.3494682275,0.5150000229999999,0.2694308046,1.5499732862,0.0241561010999999,-0.024156101,10.0,-0.1780456289999999,0.4937667693999999,-7.773188401,0.3576091456,18.095782566,0.0774460451,-0.139293068,-0.024705927,0.0098389813,0.016517181,0.0603393491999999,0.0030445146999999,0.0,4.2805347913,0.1015919073,0.0,0.0,0.0,0.1693951547,0.0607459475,0.6877712669,0.2472343176,0.1161531133,0.1783546351,0.1259861155,0.1814335848,0.2658968782,0.1940559207999999,-135.41103769999998,0.2469859542,0.0083105384,0.0614516938,-0.058358992,0.0137232872,-0.015507367,0.0140155906,0.0760517572,0.0988491151,0.0291515506,0.0675571903,-0.274917065,6.0,0.8611129953,0.0,0.0,0.0,0.4431145643,0.138766394,44.744485733000005,2.603640562,14.857424241,0.0051504174,1.0,0.2017906588,0.0,0.972393022,0.5522122389,0.3538669225999999,-0.2097543089999999,0.0191938468,0.0019278417,0.0139133531,0.0468824938999999,1.0,0.0195439159,0.0036704401,0.0303263216,0.0303747717,0.0945407766,0.0965907541,6.0,0.0268384549,1.4147461e-09,0.0592405088,0.0208036913999999,0.5964759261,2.879683645,1.5443386000000002e-08,55.0,1.450666667
2003-12-31,2362222.1048,0.439747503,0.1933778664,0.3273541593,14.882137285,0.0495595146999999,0.7327719889000001,0.0013806114,0.4244509466,0.5655619014,0.6697744465,0.5497207484000001,1.4354340071,0.0241561010999999,-0.024156101,10.0,-0.1780456289999999,0.4937667693999999,-7.773188401,0.3576091456,18.095782566,0.0774460451,-0.139293068,-0.024705927,0.0098389813,0.016517181,0.0603393491999999,0.0030445146999999,0.0,4.2805347913,0.1015919073,0.0,0.0,0.0,0.1693951547,0.0607459475,0.6877712669,0.2472343176,0.1161531133,0.1783546351,0.1259861155,0.1814335848,0.2658968782,0.1940559207999999,-135.41103769999998,0.2469859542,0.0083105384,0.0614516938,-0.058358992,0.0137232872,-0.015507367,0.0140155906,0.0760517572,0.0988491151,0.0291515506,0.0675571903,-0.274917065,6.0,0.8611129953,0.0,0.0,0.0,0.4431145643,0.138766394,44.744485733000005,2.603640562,14.857424241,0.0051504174,1.0,0.2017906588,0.0,0.972393022,0.5522122389,0.3538669225999999,-0.2097543089999999,0.0191938468,0.0019278417,0.0139133531,0.0468824938999999,1.0,0.0195439159,0.0036704401,0.0303263216,0.0303747717,0.0945407766,0.0965907541,6.0,0.0188158581,1.2619554e-09,0.0303030312,0.0140979326,0.4627722619,2.6374681892,2.8087152e-08,55.0,1.278666667
2004-01-30,2107882.4751,0.4760764142,0.2266487521,-0.171371518,14.476442609,0.0473770326,0.8312029009999999,-0.113970563,0.3002688562,0.7208382179,-0.0545794079999999,0.4305795959,1.1289307601,0.0241561010999999,-0.024156101,10.0,-0.1780456289999999,0.4937667693999999,-7.77456183,0.3576091456,18.095782566,0.0774460451,-0.139293068,-0.024705927,0.0098389813,0.016517181,0.0603393491999999,0.0030445146999999,0.0,4.2805347913,0.1015919073,0.0,0.0,0.0,0.1693951547,0.0607459475,0.6877712669,0.2472343176,0.1161531133,0.1783546351,0.1259861155,0.1814335848,0.2658968782,0.1940559207999999,-135.41103769999998,0.2469859542,0.0083105384,0.0614516938,-0.058358992,0.0137232872,-0.015507367,0.0140155906,0.0760517572,0.0988491151,0.0291515506,0.0675571903,-0.274917065,6.0,0.8611129953,0.0,0.0,0.0,0.4431145643,0.138766394,44.744485733000005,2.603640562,14.857424241,0.0051504174,1.0,0.2017906588,0.0,0.972393022,0.5522122389,0.3538669225999999,0.2217783002,0.0239805742,0.0025994102,0.0057248119,0.0476133847,2.0,0.0261737809,0.0038419002,0.0399994057,0.0276599838,0.0964699026,0.0989087305,6.0,0.0216556389,7.237659e-10,0.0141992699,0.0155395104,0.3956147593,2.4014395548,1.4632882e-08,55.0,1.282333333
2004-02-27,2102962.6167,0.6174692439,0.3812682671,-0.553890165,14.86111269,0.0477193230999999,0.9030982837,-0.002334029,0.0104822188,0.5783872604,0.0857777877,-0.045514628,1.1251356525,0.0241561010999999,-0.024156101,10.0,-0.1780456289999999,0.4937667693999999,-7.77456183,0.3576091456,18.095782566,0.0774460451,-0.139293068,-0.024705927,0.0098389813,0.016517181,0.0603393491999999,0.0030445146999999,0.0,4.2805347913,0.1015919073,0.0,0.0,0.0,0.1693951547,0.0607459475,0.6877712669,0.2472343176,0.1161531133,0.1783546351,0.1259861155,0.1814335848,0.2658968782,0.1940559207999999,-135.41103769999998,0.2469859542,0.0083105384,0.0614516938,-0.058358992,0.0137232872,-0.015507367,0.0140155906,0.0760517572,0.0988491151,0.0291515506,0.0675571903,-0.274917065,6.0,0.8611129953,0.0,0.0,0.0,0.4431145643,0.138766394,44.744485733000005,2.603640562,14.857424241,0.0051504174,1.0,0.2017906588,0.0,0.972393022,0.5522122389,0.3538669225999999,0.2217783002,0.0239805742,0.0025994102,0.0057248119,0.0476133847,2.0,0.0261737809,0.0038419002,0.0399994057,0.0276599838,0.0964699026,0.0989087305,6.0,0.0223185816,7.968226e-10,0.0445894338,0.0141116424,0.4692583896,3.5081484721,1.8045978e-08,55.0,1.354333333
2004-03-31,2221404.6784,0.599856356,0.3598276479,-0.442701743,14.751280791,0.0474309916,1.050645557,0.0561476424,0.0031291447999999,0.5068546818999999,0.3481188417,0.1005037716,1.2115459502,0.0241561010999999,-0.024156101,10.0,-0.1780456289999999,0.4937667693999999,-7.772600682,0.3576091456,18.095782566,0.0774460451,-0.139293068,-0.024705927,0.0098389813,0.016517181,0.0603393491999999,0.0030445146999999,0.0,4.2805347913,0.1015919073,0.0,0.0,0.0,0.1693951547,0.0607459475,0.6877712669,0.2472343176,0.1161531133,0.1783546351,0.1259861155,0.1814335848,0.2658968782,0.1940559207999999,-135.41103769999998,0.2469859542,0.0083105384,0.0614516938,-0.058358992,0.0137232872,-0.015507367,0.0140155906,0.0760517572,0.0988491151,0.0291515506,0.0675571903,-0.274917065,6.0,0.8611129953,0.0,0.0,0.0,0.4431145643,0.138766394,44.744485733000005,2.603640562,14.857424241,0.0051504174,1.0,0.2017906588,0.0,0.972393022,0.5522122389,0.3538669225999999,0.2217783002,0.0239805742,0.0025994102,0.0057248119,0.0476133847,2.0,0.0261737809,0.0038419002,0.0399994057,0.0276599838,0.0964699026,0.0989087305,6.0,0.0223931191,9.48182999999999e-10,0.0283847582,0.0174295329,0.4857669482,3.220850638,2.1308908e-08,55.0,1.334666667
2004-04-30,2193551.4102,0.623210108,0.3883908388,-0.271394956,14.691019054000002,0.0461126693,1.1658386922,-0.014521293,0.104076137,0.5009235854,0.3577429204999999,0.1584291781,1.2297081873,0.0241561010999999,-0.024156101,10.0,-0.1780456289999999,0.4937667693999999,-7.699276242000001,0.3576091456,18.095782566,0.0774460451,-0.139293068,-0.024705927,0.0098389813,0.016517181,0.0603393491999999,0.0030445146999999,0.0,4.2805347913,0.1015919073,0.0,0.0,0.0,0.1693951547,0.0607459475,0.6877712669,0.2472343176,0.1161531133,0.1783546351,0.1259861155,0.1814335848,0.2658968782,0.1940559207999999,-135.41103769999998,0.2469859542,0.0083105384,0.0614516938,-0.058358992,0.0137232872,-0.015507367,0.0140155906,0.0760517572,0.0988491151,0.0291515506,0.0675571903,-0.274917065,6.0,0.8611129953,0.0,0.0,0.0,0.4431145643,0.138766394,44.744485733000005,2.603640562,14.857424241,0.0051504174,1.0,0.2017906588,0.0,0.972393022,0.5522122389,0.3538669225999999,0.7898557695999999,0.0289711621,0.0030719114,-0.011386286,0.0966855064,3.0,0.0270003163,0.0040288054,0.0415880427999999,0.0263348505,0.0965232476,0.0994138713,6.0,0.0228141724,9.153143e-10,0.0296010692,0.0165329368,0.304223923,1.9186115195,1.3547915000000001e-08,55.0,1.496333333
2004-05-28,2459801.6836,0.6448254547,0.415799867,-0.434117797,14.938435169000002,0.0457769887,0.8869926704000001,0.1213786303999999,-0.078693007,0.3517893172,0.2524313394,0.162174589,1.3014444607,0.0241561010999999,-0.024156101,10.0,-0.1780456289999999,0.4937667693999999,-7.699276242000001,0.3576091456,18.095782566,0.0774460451,-0.139293068,-0.024705927,0.0098389813,0.016517181,0.0603393491999999,0.0030445146999999,0.0,4.2805347913,0.1015919073,0.0,0.0,0.0,0.1693951547,0.0607459475,0.6877712669,0.2472343176,0.1161531133,0.1783546351,0.1259861155,0.1814335848,0.2658968782,0.1940559207999999,-135.41103769999998,0.2469859542,0.0083105384,0.0614516938,-0.058358992,0.0137232872,-0.015507367,0.0140155906,0.0760517572,0.0988491151,0.0291515506,0.0675571903,-0.274917065,6.0,0.8611129953,0.0,0.0,0.0,0.4431145643,0.138766394,44.744485733000005,2.603640562,14.857424241,0.0051504174,1.0,0.2017906588,0.0,0.972393022,0.5522122389,0.3538669225999999,0.7898557695999999,0.0289711621,0.0030719114,-0.011386286,0.0966855064,3.0,0.0270003163,0.0040288054,0.0415880427999999,0.0263348505,0.0965232476,0.0994138713,6.0,0.0247223058,9.773508e-10,0.0733600482,0.0201857893,0.7325916301000001,8.0979219938,1.4622447e-08,55.0,1.497666667
2004-06-30,2460897.1797,0.6008415682,0.36101059,-0.394248494,15.069594003,0.0461711925,0.5321598071,0.0004453595,0.031709584,0.4716486673,0.2102340767,0.1930956176,1.3745493697,0.0241561010999999,-0.024156101,10.0,-0.1780456289999999,0.4937667693999999,-7.699276242000001,0.3576091456,18.095782566,0.0774460451,-0.139293068,-0.024705927,0.0098389813,0.016517181,0.0603393491999999,0.0030445146999999,0.0,4.2805347913,0.1015919073,0.0,0.0,0.0,0.1693951547,0.0607459475,0.6877712669,0.2472343176,0.1161531133,0.1783546351,0.1259861155,0.1814335848,0.2658968782,0.1940559207999999,-135.41103769999998,0.2469859542,0.0083105384,0.0614516938,-0.058358992,0.0137232872,-0.015507367,0.0140155906,0.0760517572,0.0988491151,0.0291515506,0.0675571903,-0.274917065,6.0,0.8611129953,0.0,0.0,0.0,0.4431145643,0.138766394,44.744485733000005,2.603640562,14.857424241,0.0051504174,1.0,0.2017906588,0.0,0.972393022,0.5522122389,0.3538669225999999,0.7898557695999999,0.0289711621,0.0030719114,-0.011386286,0.0966855064,3.0,0.0270003163,0.0040288054,0.0415880427999999,0.0263348505,0.0965232476,0.0994138713,6.0,0.0209586096,6.800331e-10,0.0202703346,0.0128665224,0.3677887939,2.0482597093,1.6547241e-08,55.0,1.506666667
2004-07-30,2490881.642,0.60668646,0.3680684607,0.020122662,14.995162297,0.0445756171,0.3974589797,0.0062333615,0.1649376673,0.3420972905,0.1662020919,0.049330188,1.2910164283,0.0662299825,-0.066229982,11.0,-0.176510448,0.3860428699,-1.183422947,0.3707757261,49.363202806,0.0819974587,-0.330758476,-0.035267908,0.0242453766999999,-0.068542598,0.0457084648,0.0016085591,0.0,2.7961548473000004,0.091783244,0.0,0.0,0.0,0.2056203922,0.0474822504,0.6732100347,0.992046234,0.1261404699,0.2047089633,0.0897498774,0.1831053309,0.1913327802,0.1237464997,-864.1099974,0.2431006239,0.0083415073,-0.026919374,-0.346774414,-0.096549651,0.0012359088,-0.370980926,0.0522629534,-0.013301951,0.0122368352,0.0475288157,-0.72690759,6.0,0.5416564986,0.0,0.0,0.0,0.4678347723,0.1387366288,71.67042761,2.7273885143000003,14.687807248,0.015052448,1.0,0.1518685857,0.0,0.7172202776000001,0.5373411096,0.1097181748,0.7898557695999999,0.0289711621,0.0030719114,-0.011386286,0.0966855064,3.0,0.0270003163,0.0040288054,0.0415880427999999,0.0263348505,0.0965232476,0.0994138713,6.0,0.0199099763999999,8.448269e-10,0.0276983567,0.0139134795999999,0.4146550313,2.8058260428,1.8137874e-08,55.0,1.349666667
2004-08-31,2231323.0125,0.614580072,0.3777086649,0.0443847347,14.861336104,0.0443634601999999,0.2836608659,-0.104203515,0.1749414921,0.1844863928,0.0934096749,-0.003858087,1.3010815127,0.0662299825,-0.066229982,11.0,-0.176510448,0.3860428699,-1.181454971,0.3707757261,49.363202806,0.0819974587,-0.330758476,-0.035267908,0.0242453766999999,-0.068542598,0.0457084648,0.0016085591,0.0,2.7961548473000004,0.091783244,0.0,0.0,0.0,0.2056203922,0.0474822504,0.6732100347,0.992046234,0.1261404699,0.2047089633,0.0897498774,0.1831053309,0.1913327802,0.1237464997,-864.1099974,0.2431006239,0.0083415073,-0.026919374,-0.346774414,-0.096549651,0.0012359088,-0.370980926,0.0522629534,-0.013301951,0.0122368352,0.0475288157,-0.72690759,6.0,0.5416564986,0.0,0.0,0.0,0.4678347723,0.1387366288,71.67042761,2.7273885143000003,14.687807248,0.015052448,1.0,0.1518685857,0.0,0.7172202776000001,0.5373411096,0.1097181748,0.7803952418000001,0.0177619923,0.0037546351,0.0127564214999999,-0.0284132239999999,0.0,0.0209553251,0.004017494,0.0319119677,0.0250516822,0.0896285401,0.0930803975,6.0,0.0214621302999999,8.068352e-10,0.0315078348,0.0169037179,0.4305465965999999,3.2454845643,1.4401803999999998e-08,55.0,1.313666667
2004-09-30,2171806.2716,0.6308361579,0.3979542581,-0.089479584,14.987305758,0.0429360647,0.144678581,-0.026673296,-0.003445715,0.0558019103,0.2291665711,0.1379915876,1.4701069893,0.0662299825,-0.066229982,11.0,-0.176510448,0.3860428699,-1.183042726,0.3707757261,49.363202806,0.0819974587,-0.330758476,-0.035267908,0.0242453766999999,-0.068542598,0.0457084648,0.0016085591,0.0,2.7961548473000004,0.091783244,0.0,0.0,0.0,0.2056203922,0.0474822504,0.6732100347,0.992046234,0.1261404699,0.2047089633,0.0897498774,0.1831053309,0.1913327802,0.1237464997,-864.1099974,0.2431006239,0.0083415073,-0.026919374,-0.346774414,-0.096549651,0.0012359088,-0.370980926,0.0522629534,-0.013301951,0.0122368352,0.0475288157,-0.72690759,6.0,0.5416564986,0.0,0.0,0.0,0.4678347723,0.1387366288,71.67042761,2.7273885143000003,14.687807248,0.015052448,1.0,0.1518685857,0.0,0.7172202776000001,0.5373411096,0.1097181748,0.7803952418000001,0.0177619923,0.0037546351,0.0127564214999999,-0.0284132239999999,0.0,0.0209553251,0.004017494,0.0319119677,0.0250516822,0.0896285401,0.0930803975,6.0,0.0277757088,8.772459e-10,0.0293728653,0.0210846752,0.4026236761999999,3.8209583469,1.0871094e-08,55.0,1.276333333
2004-10-29,2113914.3705,0.6638727967,0.4407270902,-0.131749815,15.194992584,0.0427134,0.0492333951999999,-0.028419156,-0.015734291,0.0709239296,0.2844676903,0.0397123469,1.6073032894,0.0662299825,-0.066229982,11.0,-0.176510448,0.3860428699,-1.183042726,0.3707757261,49.363202806,0.0819974587,-0.330758476,-0.035267908,0.0242453766999999,-0.068542598,0.0457084648,0.0016085591,0.0,2.7961548473000004,0.091783244,0.0,0.0,0.0,0.2056203922,0.0474822504,0.6732100347,0.992046234,0.1261404699,0.2047089633,0.0897498774,0.1831053309,0.1913327802,0.1237464997,-864.1099974,0.2431006239,0.0083415073,-0.026919374,-0.346774414,-0.096549651,0.0012359088,-0.370980926,0.0522629534,-0.013301951,0.0122368352,0.0475288157,-0.72690759,6.0,0.5416564986,0.0,0.0,0.0,0.4678347723,0.1387366288,71.67042761,2.7273885143000003,14.687807248,0.015052448,1.0,0.1518685857,0.0,0.7172202776000001,0.5373411096,0.1097181748,2.3609115506,0.0361834256,0.0043221152,0.0081115178,0.101703696,1.0,0.0229750621,0.0039452693,0.0347896492,0.0290933854,0.0965606713,0.1003131494,6.0,0.0183268175,5.349031e-10,0.0219143312,0.0107452147,0.3556453429999999,2.7629385918,1.3400311000000002e-08,55.0,1.435333333
2004-11-30,2377256.5558,0.6919015211,0.478727715,-0.074113929,15.003586837,0.0418741153,-0.039169506,0.1245756149,-0.147216041,-0.118959919,0.5378626325,-0.0650725259999999,1.7048314254,0.0662299825,-0.066229982,11.0,-0.176510448,0.3860428699,-1.186942752,0.3707757261,49.363202806,0.0819974587,-0.330758476,-0.035267908,0.0242453766999999,-0.068542598,0.0457084648,0.0016085591,0.0,2.7961548473000004,0.091783244,0.0,0.0,0.0,0.2056203922,0.0474822504,0.6732100347,0.992046234,0.1261404699,0.2047089633,0.0897498774,0.1831053309,0.1913327802,0.1237464997,-864.1099974,0.2431006239,0.0083415073,-0.026919374,-0.346774414,-0.096549651,0.0012359088,-0.370980926,0.0522629534,-0.013301951,0.0122368352,0.0475288157,-0.72690759,6.0,0.5416564986,0.0,0.0,0.0,0.4678347723,0.1387366288,71.67042761,2.7273885143000003,14.687807248,0.015052448,1.0,0.1518685857,0.0,0.7172202776000001,0.5373411096,0.1097181748,2.3609115506,0.0361834256,0.0043221152,0.0081115178,0.101703696,1.0,0.0229750621,0.0039452693,0.0347896492,0.0290933854,0.0965606713,0.1003131494,6.0,0.0204437965,4.049811e-10,0.0551906005,0.0159122292,0.5349697533,5.5803078403,1.1996997e-08,55.0,1.451333333
2004-12-31,2403756.3705,0.6588856513,0.4341303015,-0.062890285,15.233353341,0.0420832384999999,0.0297390578,0.0111472253,-0.041406873,-0.010569828,0.3014354539,-0.077741982,1.5161890315,0.0662299825,-0.066229982,11.0,-0.176510448,0.3860428699,-1.205339832,0.3707757261,49.363202806,0.0819974587,-0.330758476,-0.035267908,0.0242453766999999,-0.068542598,0.0457084648,0.0016085591,0.0,2.7961548473000004,0.091783244,0.0,0.0,0.0,0.2056203922,0.0474822504,0.6732100347,0.992046234,0.1261404699,0.2047089633,0.0897498774,0.1831053309,0.1913327802,0.1237464997,-864.1099974,0.2431006239,0.0083415073,-0.026919374,-0.346774414,-0.096549651,0.0012359088,-0.370980926,0.0522629534,-0.013301951,0.0122368352,0.0475288157,-0.72690759,6.0,0.5416564986,0.0,0.0,0.0,0.4678347723,0.1387366288,71.67042761,2.7273885143000003,14.687807248,0.015052448,1.0,0.1518685857,0.0,0.7172202776000001,0.5373411096,0.1097181748,2.3609115506,0.0361834256,0.0043221152,0.0081115178,0.101703696,1.0,0.0229750621,0.0039452693,0.0347896492,0.0290933854,0.0965606713,0.1003131494,6.0,0.0158742076,6.045192e-10,0.01573902,0.0095448173,0.4215180373,2.6648053156,1.6353193000000003e-08,55.0,1.501666667
2005-01-31,2494733.8078,0.6533496915,0.4268658193,-0.175517761,14.934676461,0.0399996721,0.0929230524,0.0346807129999999,-0.036725657,0.1291493611999999,0.0573073634,0.2698051821,1.3505366247,0.0662299825,-0.066229982,11.0,-0.176510448,0.3860428699,-1.204740037,0.3707757261,49.363202806,0.0819974587,-0.330758476,-0.035267908,0.0242453766999999,-0.068542598,0.0457084648,0.0016085591,0.0,2.7961548473000004,0.091783244,0.0,0.0,0.0,0.2056203922,0.0474822504,0.6732100347,0.992046234,0.1261404699,0.2047089633,0.0897498774,0.1831053309,0.1913327802,0.1237464997,-864.1099974,0.2431006239,0.0083415073,-0.026919374,-0.346774414,-0.096549651,0.0012359088,-0.370980926,0.0522629534,-0.013301951,0.0122368352,0.0475288157,-0.72690759,6.0,0.5416564986,0.0,0.0,0.0,0.4678347723,0.1387366288,71.67042761,2.7273885143000003,14.687807248,0.015052448,1.0,0.1518685857,0.0,0.7172202776000001,0.5373411096,0.1097181748,0.8803062232,0.0651408464,0.0036194851,0.0030573437,0.0021953858,2.0,0.0268919541,0.0041196075,0.0413534527,0.0168835805,0.0985893068999999,0.1032268749,6.0,0.0207185251,9.380242e-10,0.0317899361,0.0128995916999999,0.4157262278999999,1.7255733739,1.8878371e-08,55.0,1.524333333
2005-02-28,2532390.1847,0.7412955412000001,0.5495190794,0.0769061509999999,14.778760467,0.0390070415,0.0916562359,0.0150943463999999,0.1126203333,0.1710423123999999,0.1625869014,-0.034288615,1.1135129283,0.0662299825,-0.066229982,11.0,-0.176510448,0.3860428699,-1.204740037,0.3707757261,49.363202806,0.0819974587,-0.330758476,-0.035267908,0.0242453766999999,-0.068542598,0.0457084648,0.0016085591,0.0,2.7961548473000004,0.091783244,0.0,0.0,0.0,0.2056203922,0.0474822504,0.6732100347,0.992046234,0.1261404699,0.2047089633,0.0897498774,0.1831053309,0.1913327802,0.1237464997,-864.1099974,0.2431006239,0.0083415073,-0.026919374,-0.346774414,-0.096549651,0.0012359088,-0.370980926,0.0522629534,-0.013301951,0.0122368352,0.0475288157,-0.72690759,6.0,0.5416564986,0.0,0.0,0.0,0.4678347723,0.1387366288,71.67042761,2.7273885143000003,14.687807248,0.015052448,1.0,0.1518685857,0.0,0.7172202776000001,0.5373411096,0.1097181748,0.8803062232,0.0651408464,0.0036194851,0.0030573437,0.0021953858,2.0,0.0268919541,0.0041196075,0.0413534527,0.0168835805,0.0985893068999999,0.1032268749,6.0,0.0164533795999999,5.526127e-10,0.0189359821,0.0081755088,0.3452922488,1.8044016329,2.1386743e-08,55.0,1.696666667
2005-03-31,2820928.9846,0.7316510712000001,0.53531329,0.3215775105,14.767242911,0.0390322132,0.0342084176,0.1130549311999999,0.1603653798,0.1255229695,0.2293495167,-0.016607844,1.100479361,0.0662299825,-0.066229982,11.0,-0.176510448,0.3860428699,-1.203538003,0.3707757261,49.363202806,0.0819974587,-0.330758476,-0.035267908,0.0242453766999999,-0.068542598,0.0457084648,0.0016085591,0.0,2.7961548473000004,0.091783244,0.0,0.0,0.0,0.2056203922,0.0474822504,0.6732100347,0.992046234,0.1261404699,0.2047089633,0.0897498774,0.1831053309,0.1913327802,0.1237464997,-864.1099974,0.2431006239,0.0083415073,-0.026919374,-0.346774414,-0.096549651,0.0012359088,-0.370980926,0.0522629534,-0.013301951,0.0122368352,0.0475288157,-0.72690759,6.0,0.5416564986,0.0,0.0,0.0,0.4678347723,0.1387366288,71.67042761,2.7273885143000003,14.687807248,0.015052448,1.0,0.1518685857,0.0,0.7172202776000001,0.5373411096,0.1097181748,0.8803062232,0.0651408464,0.0036194851,0.0030573437,0.0021953858,2.0,0.0268919541,0.0041196075,0.0413534527,0.0168835805,0.0985893068999999,0.1032268749,6.0,0.0188363418,6.847062e-10,0.0306915939,0.0131528815,0.564136969,4.7513504483,1.8708791e-08,55.0,1.651
2005-04-29,2745002.0623,0.766044177,0.5868236810999999,0.3372554535,15.059564139,0.036101671,0.1141586168,-0.0269155739999999,0.3293288102,0.2712287773,0.2682927096999999,0.2557278448,1.0878186969,0.0662299825,-0.066229982,11.0,-0.176510448,0.3860428699,-1.21399228,0.3707757261,49.363202806,0.0819974587,-0.330758476,-0.035267908,0.0242453766999999,-0.068542598,0.0457084648,0.0016085591,0.0,2.7961548473000004,0.091783244,0.0,0.0,0.0,0.2056203922,0.0474822504,0.6732100347,0.992046234,0.1261404699,0.2047089633,0.0897498774,0.1831053309,0.1913327802,0.1237464997,-864.1099974,0.2431006239,0.0083415073,-0.026919374,-0.346774414,-0.096549651,0.0012359088,-0.370980926,0.0522629534,-0.013301951,0.0122368352,0.0475288157,-0.72690759,6.0,0.5416564986,0.0,0.0,0.0,0.4678347723,0.1387366288,71.67042761,2.7273885143000003,14.687807248,0.015052448,1.0,0.1518685857,0.0,0.7172202776000001,0.5373411096,0.1097181748,0.5325151837,0.0595014117999999,0.0026319089,-0.00028093,0.0538183469,3.0,0.0256425041,0.0041684332,0.0404209079,0.0203319499,0.0971027901,0.1019442994999999,6.0,0.0138201792999999,5.060085e-10,0.0161553603,0.0088418286,0.3178190766,1.5569243309,1.9660646000000003e-08,55.0,1.710666667
2005-05-31,2844205.7031,0.8370472003,0.7006480155,0.2328052679,14.836702830999998,0.0362388052999999,0.1820831143,0.0361397341,0.1502553892,0.1031179755,0.386230371,-0.063889643,1.1564509241,0.0662299825,-0.066229982,11.0,-0.176510448,0.3860428699,-1.21399228,0.3707757261,49.363202806,0.0819974587,-0.330758476,-0.035267908,0.0242453766999999,-0.068542598,0.0457084648,0.0016085591,0.0,2.7961548473000004,0.091783244,0.0,0.0,0.0,0.2056203922,0.0474822504,0.6732100347,0.992046234,0.1261404699,0.2047089633,0.0897498774,0.1831053309,0.1913327802,0.1237464997,-864.1099974,0.2431006239,0.0083415073,-0.026919374,-0.346774414,-0.096549651,0.0012359088,-0.370980926,0.0522629534,-0.013301951,0.0122368352,0.0475288157,-0.72690759,6.0,0.5416564986,0.0,0.0,0.0,0.4678347723,0.1387366288,71.67042761,2.7273885143000003,14.687807248,0.015052448,1.0,0.1518685857,0.0,0.7172202776000001,0.5373411096,0.1097181748,0.5325151837,0.0595014117999999,0.0026319089,-0.00028093,0.0538183469,3.0,0.0256425041,0.0041684332,0.0404209079,0.0203319499,0.0971027901,0.1019442994999999,6.0,0.0233905967,7.890073e-10,0.0794178769,0.0214364096,0.4486736379,3.4202357566000003,1.6966514e-08,55.0,1.851666667
2005-06-30,3079190.8361,0.798632661,0.6378141272,0.3067892027,15.066107932,0.0362289675,0.1272065848,0.0826188922,0.1786862322,0.1424755534,0.3967660984,0.0636648755999999,0.6005943377,0.0662299825,-0.066229982,11.0,-0.176510448,0.3860428699,-1.21399228,0.3707757261,49.363202806,0.0819974587,-0.330758476,-0.035267908,0.0242453766999999,-0.068542598,0.0457084648,0.0016085591,0.0,2.7961548473000004,0.091783244,0.0,0.0,0.0,0.2056203922,0.0474822504,0.6732100347,0.992046234,0.1261404699,0.2047089633,0.0897498774,0.1831053309,0.1913327802,0.1237464997,-864.1099974,0.2431006239,0.0083415073,-0.026919374,-0.346774414,-0.096549651,0.0012359088,-0.370980926,0.0522629534,-0.013301951,0.0122368352,0.0475288157,-0.72690759,6.0,0.5416564986,0.0,0.0,0.0,0.4678347723,0.1387366288,71.67042761,2.7273885143000003,14.687807248,0.015052448,1.0,0.1518685857,0.0,0.7172202776000001,0.5373411096,0.1097181748,0.5325151837,0.0595014117999999,0.0026319089,-0.00028093,0.0538183469,3.0,0.0256425041,0.0041684332,0.0404209079,0.0203319499,0.0971027901,0.1019442994999999,6.0,0.0161708256,4.003935e-10,0.0202522241,0.0092286618999999,0.3923615511,2.4977981176,1.4958386e-08,55.0,1.987333333
2005-07-29,3332637.4215,0.8071775927,0.6515356661,0.327624957,15.271462826,0.035056446,0.3556980384,0.0737940669,0.233296385,0.2292035478,0.6400581041,0.1738217688,0.6950170514,0.083102381,-0.083102381,12.0,-0.206101927,0.3953355652,-1.652641314,0.3847509762,16.843872775999998,0.0908056785,-0.021805982,-0.024429112,0.0130247873,0.1037076046,0.0542079254,0.0017952139999999,0.0,2.4369096655,0.0936152516,0.0,0.0,0.0,0.2085109367,0.0471689595,0.6705088953,0.6965684501,0.1294475578999999,0.2542030697,0.1193262183,0.199279719,0.1942251275,0.2014172826,-553.73283,0.2395977925,0.0081792712,-0.307984897,-0.128478286,0.0199601531,0.033264447,0.0406161798,0.0104182084,0.0319093086,-0.02984008,0.0092351223,-0.925115149,6.0,0.5636565163,0.0,0.0,0.0,0.4886321442,0.1363574016,24.935403025,2.7525762809,15.111330594000002,0.0032096649,1.0,0.1385254555,0.0,0.6899497515999999,0.5558168494,0.4337744209,0.5325151837,0.0595014117999999,0.0026319089,-0.00028093,0.0538183469,3.0,0.0256425041,0.0041684332,0.0404209079,0.0203319499,0.0971027901,0.1019442994999999,6.0,0.0192710367,5.688597e-10,0.0329553634,0.0118932702,0.3762496718,2.210822247,1.8243197e-08,55.0,2.150666667
2005-08-31,3604119.2725,0.9196827775,0.8458164113,0.2814753348,14.777237383,0.0330982217,0.4281487484,0.0814615637,0.3046140447,0.4734501624,0.4368346745,0.1513060336,0.7868261115,0.083102381,-0.083102381,12.0,-0.206101927,0.3953355652,-1.649015366,0.3847509762,16.843872775999998,0.0908056785,-0.021805982,-0.024429112,0.0130247873,0.1037076046,0.0542079254,0.0017952139999999,0.0,2.4369096655,0.0936152516,0.0,0.0,0.0,0.2085109367,0.0471689595,0.6705088953,0.6965684501,0.1294475578999999,0.2542030697,0.1193262183,0.199279719,0.1942251275,0.2014172826,-553.73283,0.2395977925,0.0081792712,-0.307984897,-0.128478286,0.0199601531,0.033264447,0.0406161798,0.0104182084,0.0319093086,-0.02984008,0.0092351223,-0.925115149,6.0,0.5636565163,0.0,0.0,0.0,0.4886321442,0.1363574016,24.935403025,2.7525762809,15.111330594000002,0.0032096649,1.0,0.1385254555,0.0,0.6899497515999999,0.5558168494,0.4337744209,0.8658470009,0.0481918963,-0.00109381,-0.0049948679999999,0.0342577193,0.0,0.0156596894,0.0037611002,0.0245978964,0.0242795439,0.0949573205,0.0988511560999999,6.0,0.0204610832,6.169553e-10,0.0292338356,0.0113348825,0.3863077182,1.8506260793,2.4729989e-08,55.0,1.838
2005-09-30,3080147.9359,0.9084500875,0.8252815614,-0.2082498639999999,14.974913671,0.0333272938,0.6718058218,-0.145381242,0.2675833917,0.6371478466,0.3233713527,0.0867243809,0.8651700814,0.083102381,-0.083102381,12.0,-0.206101927,0.3953355652,-1.650776975,0.3847509762,16.843872775999998,0.0908056785,-0.021805982,-0.024429112,0.0130247873,0.1037076046,0.0542079254,0.0017952139999999,0.0,2.4369096655,0.0936152516,0.0,0.0,0.0,0.2085109367,0.0471689595,0.6705088953,0.6965684501,0.1294475578999999,0.2542030697,0.1193262183,0.199279719,0.1942251275,0.2014172826,-553.73283,0.2395977925,0.0081792712,-0.307984897,-0.128478286,0.0199601531,0.033264447,0.0406161798,0.0104182084,0.0319093086,-0.02984008,0.0092351223,-0.925115149,6.0,0.5636565163,0.0,0.0,0.0,0.4886321442,0.1363574016,24.935403025,2.7525762809,15.111330594000002,0.0032096649,1.0,0.1385254555,0.0,0.6899497515999999,0.5558168494,0.4337744209,0.8658470009,0.0481918963,-0.00109381,-0.0049948679999999,0.0342577193,0.0,0.0156596894,0.0037611002,0.0245978964,0.0242795439,0.0949573205,0.0988511560999999,6.0,0.0202485776,8.116532e-10,0.0102867205,0.0107888994999999,0.4066782747,2.2132573349,2.054326e-08,55.0,1.878666667
2005-10-31,3148297.8141,0.9491441484,0.9008746144,-0.1556528969999999,14.86353323,0.031877661,0.5102219294,0.0221255216999999,0.1132647027999999,0.440062623,0.3378756009,0.0936120544999999,0.9490665736,0.083102381,-0.083102381,12.0,-0.206101927,0.3953355652,-1.650776975,0.3847509762,16.843872775999998,0.0908056785,-0.021805982,-0.024429112,0.0130247873,0.1037076046,0.0542079254,0.0017952139999999,0.0,2.4369096655,0.0936152516,0.0,0.0,0.0,0.2085109367,0.0471689595,0.6705088953,0.6965684501,0.1294475578999999,0.2542030697,0.1193262183,0.199279719,0.1942251275,0.2014172826,-553.73283,0.2395977925,0.0081792712,-0.307984897,-0.128478286,0.0199601531,0.033264447,0.0406161798,0.0104182084,0.0319093086,-0.02984008,0.0092351223,-0.925115149,6.0,0.5636565163,0.0,0.0,0.0,0.4886321442,0.1363574016,24.935403025,2.7525762809,15.111330594000002,0.0032096649,1.0,0.1385254555,0.0,0.6899497515999999,0.5558168494,0.4337744209,1.339941477,0.0593129741,0.0027167297999999,0.0014613025,0.1029950771,1.0,0.023187655,0.0034672846,0.0350415745,0.0228557083999999,0.0953873105,0.0991272293,6.0,0.0292935338,1.4155279999999995e-09,0.0595577061,0.0233809916,0.4988571555,2.8062018525,2.0095501000000003e-08,55.0,1.88
2005-11-30,3150532.2852,0.9438953606,0.8909384518000001,-0.092838528,14.99843096,0.0318497834,0.3235312476999999,0.0007097395,0.0982073436999999,0.3088713113,0.5790245871999999,-0.004311138,1.0277655947,0.083102381,-0.083102381,12.0,-0.206101927,0.3953355652,-1.653688272,0.3847509762,16.843872775999998,0.0908056785,-0.021805982,-0.024429112,0.0130247873,0.1037076046,0.0542079254,0.0017952139999999,0.0,2.4369096655,0.0936152516,0.0,0.0,0.0,0.2085109367,0.0471689595,0.6705088953,0.6965684501,0.1294475578999999,0.2542030697,0.1193262183,0.199279719,0.1942251275,0.2014172826,-553.73283,0.2395977925,0.0081792712,-0.307984897,-0.128478286,0.0199601531,0.033264447,0.0406161798,0.0104182084,0.0319093086,-0.02984008,0.0092351223,-0.925115149,6.0,0.5636565163,0.0,0.0,0.0,0.4886321442,0.1363574016,24.935403025,2.7525762809,15.111330594000002,0.0032096649,1.0,0.1385254555,0.0,0.6899497515999999,0.5558168494,0.4337744209,1.339941477,0.0593129741,0.0027167297999999,0.0014613025,0.1029950771,1.0,0.023187655,0.0034672846,0.0350415745,0.0228557083999999,0.0953873105,0.0991272293,6.0,0.0289485295999999,9.783721e-10,0.0440577753,0.0202108523,0.3913783088,2.1608779082,1.8590464e-08,55.0,2.029333333
2005-12-30,3401904.5352,0.9619614572,0.9253698451,-0.17995567,15.076989743,0.031704247,0.0459610691999999,0.079787232,0.0151187945999999,0.2953605926,0.5684438172999999,-0.046997248,0.9533851178,0.083102381,-0.083102381,12.0,-0.206101927,0.3953355652,-1.727179318,0.3847509762,16.843872775999998,0.0908056785,-0.021805982,-0.024429112,0.0130247873,0.1037076046,0.0542079254,0.0017952139999999,0.0,2.4369096655,0.0936152516,0.0,0.0,0.0,0.2085109367,0.0471689595,0.6705088953,0.6965684501,0.1294475578999999,0.2542030697,0.1193262183,0.199279719,0.1942251275,0.2014172826,-553.73283,0.2395977925,0.0081792712,-0.307984897,-0.128478286,0.0199601531,0.033264447,0.0406161798,0.0104182084,0.0319093086,-0.02984008,0.0092351223,-0.925115149,6.0,0.5636565163,0.0,0.0,0.0,0.4886321442,0.1363574016,24.935403025,2.7525762809,15.111330594000002,0.0032096649,1.0,0.1385254555,0.0,0.6899497515999999,0.5558168494,0.4337744209,1.339941477,0.0593129741,0.0027167297999999,0.0014613025,0.1029950771,1.0,0.023187655,0.0034672846,0.0350415745,0.0228557083999999,0.0953873105,0.0991272293,6.0,0.0212427460999999,9.486915e-10,0.0361486375,0.0153061912,0.5551598204,1.8313095912,2.8939722000000004e-08,55.0,2.134
2006-01-31,3597571.7014,0.9666462663,0.9344050042,-0.251225603,14.711191239,0.0322940706,0.0886900597,0.0512314439,0.0207844754,0.3518313536,0.7813363922,0.0156188383,0.8284826214,0.083102381,-0.083102381,12.0,-0.206101927,0.3953355652,-1.711346855,0.3847509762,16.843872775999998,0.0908056785,-0.021805982,-0.024429112,0.0130247873,0.1037076046,0.0542079254,0.0017952139999999,0.0,2.4369096655,0.0936152516,0.0,0.0,0.0,0.2085109367,0.0471689595,0.6705088953,0.6965684501,0.1294475578999999,0.2542030697,0.1193262183,0.199279719,0.1942251275,0.2014172826,-553.73283,0.2395977925,0.0081792712,-0.307984897,-0.128478286,0.0199601531,0.033264447,0.0406161798,0.0104182084,0.0319093086,-0.02984008,0.0092351223,-0.925115149,6.0,0.5636565163,0.0,0.0,0.0,0.4886321442,0.1363574016,24.935403025,2.7525762809,15.111330594000002,0.0032096649,1.0,0.1385254555,0.0,0.6899497515999999,0.5558168494,0.4337744209,0.5645057185,0.0226676177,0.0039106538,0.0218278089,0.0401296406,2.0,0.0285189962,0.0037132574,0.0433997023,0.0257958241,0.095241608,0.0989237916,6.0,0.0199710501,1.018415e-09,0.0195249077,0.0110840906,0.3566087232,1.2090273227,3.158476e-08,55.0,2.188
2006-02-28,3688606.9457,0.9742849203,0.9492311059,-0.393530944,14.673942056,0.0321073952,0.1391187019999999,0.025304636,-0.007749536,0.3999562019,0.8718787870999999,-0.00188821,0.6624640015,0.083102381,-0.083102381,12.0,-0.206101927,0.3953355652,-1.711346855,0.3847509762,16.843872775999998,0.0908056785,-0.021805982,-0.024429112,0.0130247873,0.1037076046,0.0542079254,0.0017952139999999,0.0,2.4369096655,0.0936152516,0.0,0.0,0.0,0.2085109367,0.0471689595,0.6705088953,0.6965684501,0.1294475578999999,0.2542030697,0.1193262183,0.199279719,0.1942251275,0.2014172826,-553.73283,0.2395977925,0.0081792712,-0.307984897,-0.128478286,0.0199601531,0.033264447,0.0406161798,0.0104182084,0.0319093086,-0.02984008,0.0092351223,-0.925115149,6.0,0.5636565163,0.0,0.0,0.0,0.4886321442,0.1363574016,24.935403025,2.7525762809,15.111330594000002,0.0032096649,1.0,0.1385254555,0.0,0.6899497515999999,0.5558168494,0.4337744209,0.5645057185,0.0226676177,0.0039106538,0.0218278089,0.0401296406,2.0,0.0285189962,0.0037132574,0.0433997023,0.0257958241,0.095241608,0.0989237916,6.0,0.0188873187,6.343259e-10,0.0130573204,0.0087269138,0.3087197985,1.050321165,3.5515254e-08,55.0,2.181333333
2006-03-31,3677368.2172,0.94896251,0.9005298453,0.1034967552,14.636140979,0.0310104503,0.136995138,-0.0030468759999999,0.1904243746,0.2895873724,0.9937328574,0.1272087466999999,0.5993142864,0.083102381,-0.083102381,12.0,-0.206101927,0.3953355652,-1.712747101,0.3847509762,16.843872775999998,0.0908056785,-0.021805982,-0.024429112,0.0130247873,0.1037076046,0.0542079254,0.0017952139999999,0.0,2.4369096655,0.0936152516,0.0,0.0,0.0,0.2085109367,0.0471689595,0.6705088953,0.6965684501,0.1294475578999999,0.2542030697,0.1193262183,0.199279719,0.1942251275,0.2014172826,-553.73283,0.2395977925,0.0081792712,-0.307984897,-0.128478286,0.0199601531,0.033264447,0.0406161798,0.0104182084,0.0319093086,-0.02984008,0.0092351223,-0.925115149,6.0,0.5636565163,0.0,0.0,0.0,0.4886321442,0.1363574016,24.935403025,2.7525762809,15.111330594000002,0.0032096649,1.0,0.1385254555,0.0,0.6899497515999999,0.5558168494,0.4337744209,0.5645057185,0.0226676177,0.0039106538,0.0218278089,0.0401296406,2.0,0.0285189962,0.0037132574,0.0433997023,0.0257958241,0.095241608,0.0989237916,6.0,0.02242124,9.839273e-10,0.0142945647,0.0120460484,0.3284898436,0.9264984911,4.3762692e-08,55.0,2.437333333
2006-04-28,4108941.9943,0.9870052354,0.9741793348,0.1594777925,14.475564794,0.030823338,0.1409064407,0.1173594147,0.1611071966,0.3212195424,0.8297007420999999,0.0171387626,0.7313408489,0.083102381,-0.083102381,12.0,-0.206101927,0.3953355652,-1.730005835,0.3847509762,16.843872775999998,0.0908056785,-0.021805982,-0.024429112,0.0130247873,0.1037076046,0.0542079254,0.0017952139999999,0.0,2.4369096655,0.0936152516,0.0,0.0,0.0,0.2085109367,0.0471689595,0.6705088953,0.6965684501,0.1294475578999999,0.2542030697,0.1193262183,0.199279719,0.1942251275,0.2014172826,-553.73283,0.2395977925,0.0081792712,-0.307984897,-0.128478286,0.0199601531,0.033264447,0.0406161798,0.0104182084,0.0319093086,-0.02984008,0.0092351223,-0.925115149,6.0,0.5636565163,0.0,0.0,0.0,0.4886321442,0.1363574016,24.935403025,2.7525762809,15.111330594000002,0.0032096649,1.0,0.1385254555,0.0,0.6899497515999999,0.5558168494,0.4337744209,0.5327021582,0.0310413295,-0.001601761,-0.01578331,0.0230082199,3.0,0.0302361345,0.0040290982,0.046592231,0.0277812762,0.09533612,0.0988461943,6.0,0.0231645131999999,5.131061e-10,0.1369192898,0.0301074608999999,0.6147445751,5.256886237,1.8082824e-08,55.0,2.258666667
2006-05-31,3807739.44,0.9642546034,0.9297869402,0.1024316614,15.279299652,0.0313003492,0.2720539737,-0.0733041609999999,0.2964539130999999,0.4247857176,0.7326130281000001,0.010345317,0.7683729428,0.083102381,-0.083102381,12.0,-0.206101927,0.3953355652,-1.730005835,0.3847509762,16.843872775999998,0.0908056785,-0.021805982,-0.024429112,0.0130247873,0.1037076046,0.0542079254,0.0017952139999999,0.0,2.4369096655,0.0936152516,0.0,0.0,0.0,0.2085109367,0.0471689595,0.6705088953,0.6965684501,0.1294475578999999,0.2542030697,0.1193262183,0.199279719,0.1942251275,0.2014172826,-553.73283,0.2395977925,0.0081792712,-0.307984897,-0.128478286,0.0199601531,0.033264447,0.0406161798,0.0104182084,0.0319093086,-0.02984008,0.0092351223,-0.925115149,6.0,0.5636565163,0.0,0.0,0.0,0.4886321442,0.1363574016,24.935403025,2.7525762809,15.111330594000002,0.0032096649,1.0,0.1385254555,0.0,0.6899497515999999,0.5558168494,0.4337744209,0.5327021582,0.0310413295,-0.001601761,-0.01578331,0.0230082199,3.0,0.0302361345,0.0040290982,0.046592231,0.0277812762,0.09533612,0.0988461943,6.0,0.0238096138,7.821419e-10,0.0209589284,0.0125899248,0.50186114,2.8893323943,3.1671943e-08,55.0,2.112666667
2006-06-30,3561607.47,1.0085832952,1.0172402633,-0.055389824,14.833756574,0.0309183310999999,0.2134892737,-0.064639919,0.1126436863,0.2195824448999999,0.8210422959,0.0147431585,0.8570382913,0.083102381,-0.083102381,12.0,-0.206101927,0.3953355652,-1.730005835,0.3847509762,16.843872775999998,0.0908056785,-0.021805982,-0.024429112,0.0130247873,0.1037076046,0.0542079254,0.0017952139999999,0.0,2.4369096655,0.0936152516,0.0,0.0,0.0,0.2085109367,0.0471689595,0.6705088953,0.6965684501,0.1294475578999999,0.2542030697,0.1193262183,0.199279719,0.1942251275,0.2014172826,-553.73283,0.2395977925,0.0081792712,-0.307984897,-0.128478286,0.0199601531,0.033264447,0.0406161798,0.0104182084,0.0319093086,-0.02984008,0.0092351223,-0.925115149,6.0,0.5636565163,0.0,0.0,0.0,0.4886321442,0.1363574016,24.935403025,2.7525762809,15.111330594000002,0.0032096649,1.0,0.1385254555,0.0,0.6899497515999999,0.5558168494,0.4337744209,0.5327021582,0.0310413295,-0.001601761,-0.01578331,0.0230082199,3.0,0.0302361345,0.0040290982,0.046592231,0.0277812762,0.09533612,0.0988461943,6.0,0.0195049466,7.559747e-10,0.0168908052,0.0105804462999999,0.3138832179,1.2771212994,2.4395874000000002e-08,55.0,2.079333333
2006-07-31,3536758.9206,0.9874342291,0.9750263569,-0.0986976609999999,14.881340568,0.0310074072,0.1442406638,-0.015777847,-0.009996804,0.0623533601,0.7824917024,-0.036914946,0.9553680089,0.0311837308,-0.031183731,13.0,-0.19655854,0.3303019644,-1.925455434,0.42082324,60.831439268,0.0592961049,-0.0150147919999999,-0.1037678269999999,1.029524893,-0.060252963,0.0642477917,0.0146649517,0.0,1.8750064343,0.0796641266,0.0,0.0,0.0,0.2088504426,0.0456602411,0.6630546714,0.5030293706,0.150478537,0.3281380441,0.1265939115,0.2109634678999999,0.1579204023,0.1725141371,-195.804132,0.2539836823999999,0.0078724321,-0.0428821,-0.230580246,-0.149026198,0.0044123611,-0.326903697,0.0266517677,0.037548818,0.0303818010999999,0.0229434372,-0.298637576,5.0,0.3793951174,0.0,0.0,0.0,0.5002331556,0.1462287112,65.170723936,2.8157298421,15.604418912,0.0,0.0,0.1882810135,0.0,0.5685273464,0.5290640434,0.1060104489,0.5327021582,0.0310413295,-0.001601761,-0.01578331,0.0230082199,3.0,0.0302361345,0.0040290982,0.046592231,0.0277812762,0.09533612,0.0988461943,6.0,0.0248337267,7.218461e-10,0.0420058928,0.0184379862,0.5061049676,5.5828474767,1.474578e-08,55.0,1.89
2006-08-31,3214719.9433,0.9355079464,0.8751751179,-0.153556416,15.369592901,0.0309366795,0.0064714271,-0.0910548269999999,-0.049664809,-0.03316794,0.6907755924,-0.059329111,1.2723306936,0.0311837308,-0.031183731,13.0,-0.19655854,0.3303019644,-1.91597253,0.42082324,60.831439268,0.0592961049,-0.0150147919999999,-0.1037678269999999,1.029524893,-0.060252963,0.0642477917,0.0146649517,0.0,1.8750064343,0.0796641266,0.0,0.0,0.0,0.2088504426,0.0456602411,0.6630546714,0.5030293706,0.150478537,0.3281380441,0.1265939115,0.2109634678999999,0.1579204023,0.1725141371,-195.804132,0.2539836823999999,0.0078724321,-0.0428821,-0.230580246,-0.149026198,0.0044123611,-0.326903697,0.0266517677,0.037548818,0.0303818010999999,0.0229434372,-0.298637576,5.0,0.3793951174,0.0,0.0,0.0,0.5002331556,0.1462287112,65.170723936,2.8157298421,15.604418912,0.0,0.0,0.1882810135,0.0,0.5685273464,0.5290640434,0.1060104489,,,,,,,,,,,,,,0.0286126351,6.57831e-10,0.0261871516999999,0.0181438592,0.441461524,3.443486365,1.308723e-08,55.0,1.979333333
2006-09-29,3366667.9206,0.8821657929000001,0.7782164862000001,-0.279401222,15.496956027,0.0316294317,0.0148496541,0.0472663194,-0.1335574719999999,0.0282916516,0.4378096831,-0.05737352,1.2959993899,0.0311837308,-0.031183731,13.0,-0.19655854,0.3303019644,-1.918498983,0.42082324,60.831439268,0.0592961049,-0.0150147919999999,-0.1037678269999999,1.029524893,-0.060252963,0.0642477917,0.0146649517,0.0,1.8750064343,0.0796641266,0.0,0.0,0.0,0.2088504426,0.0456602411,0.6630546714,0.5030293706,0.150478537,0.3281380441,0.1265939115,0.2109634678999999,0.1579204023,0.1725141371,-195.804132,0.2539836823999999,0.0078724321,-0.0428821,-0.230580246,-0.149026198,0.0044123611,-0.326903697,0.0266517677,0.037548818,0.0303818010999999,0.0229434372,-0.298637576,5.0,0.3793951174,0.0,0.0,0.0,0.5002331556,0.1462287112,65.170723936,2.8157298421,15.604418912,0.0,0.0,0.1882810135,0.0,0.5685273464,0.5290640434,0.1060104489,3.3897097918,0.0183114641,0.0071888503,0.003425843,0.1212026868,0.0,0.0237706150999999,0.0039271016,0.0359914292,0.0242791535,0.0595704424,0.0610069503,6.0,0.0226420052,9.656211e-10,0.0405308865,0.0150849345,0.3366552434,1.409427161,2.1435419e-08,55.0,2.214
2006-10-31,3774017.506,0.9018571971,0.8133464039,-0.38900431,14.909976259,0.0316058852,0.0356032378,0.1185583844999999,-0.187910295,0.0535841150999999,0.5315217802000001,-0.0498208829999999,1.1659817613,0.0311837308,-0.031183731,13.0,-0.19655854,0.3303019644,-1.918498983,0.42082324,60.831439268,0.0592961049,-0.0150147919999999,-0.1037678269999999,1.029524893,-0.060252963,0.0642477917,0.0146649517,0.0,1.8750064343,0.0796641266,0.0,0.0,0.0,0.2088504426,0.0456602411,0.6630546714,0.5030293706,0.150478537,0.3281380441,0.1265939115,0.2109634678999999,0.1579204023,0.1725141371,-195.804132,0.2539836823999999,0.0078724321,-0.0428821,-0.230580246,-0.149026198,0.0044123611,-0.326903697,0.0266517677,0.037548818,0.0303818010999999,0.0229434372,-0.298637576,5.0,0.3793951174,0.0,0.0,0.0,0.5002331556,0.1462287112,65.170723936,2.8157298421,15.604418912,0.0,0.0,0.1882810135,0.0,0.5685273464,0.5290640434,0.1060104489,1.2166063459,0.0306656595,0.0028237946,-0.015088595,-0.027833825,1.0,0.0236676724,0.0037554104,0.0354032968,0.0169885364999999,0.0592727980999999,0.0609492704,6.0,0.0219191975,6.264722e-10,0.0366942361,0.0130126720999999,0.3245269257,1.3635401423,2.3108676e-08,55.0,2.152666667
2006-11-30,3669467.994,0.9383829439,0.8805625495,-0.248348789,15.086691495999998,0.0314110868,0.1762192827,-0.027702445,-0.019775734,0.1776595142,0.2977451169,-0.15624416,1.0504630078,0.0311837308,-0.031183731,13.0,-0.19655854,0.3303019644,-2.030175312,0.42082324,60.831439268,0.0592961049,-0.0150147919999999,-0.1037678269999999,1.029524893,-0.060252963,0.0642477917,0.0146649517,0.0,1.8750064343,0.0796641266,0.0,0.0,0.0,0.2088504426,0.0456602411,0.6630546714,0.5030293706,0.150478537,0.3281380441,0.1265939115,0.2109634678999999,0.1579204023,0.1725141371,-195.804132,0.2539836823999999,0.0078724321,-0.0428821,-0.230580246,-0.149026198,0.0044123611,-0.326903697,0.0266517677,0.037548818,0.0303818010999999,0.0229434372,-0.298637576,5.0,0.3793951174,0.0,0.0,0.0,0.5002331556,0.1462287112,65.170723936,2.8157298421,15.604418912,0.0,0.0,0.1882810135,0.0,0.5685273464,0.5290640434,0.1060104489,1.2166063459,0.0306656595,0.0028237946,-0.015088595,-0.027833825,1.0,0.0236676724,0.0037554104,0.0354032968,0.0169885364999999,0.0592727980999999,0.0609492704,6.0,0.0211728677,4.023771e-10,0.0330627747,0.0192054014,0.5793152937,5.5361201549,1.5050748e-08,55.0,2.111333333
2006-12-29,3599010.4787,0.8712698769,0.7591111984000001,-0.041353616,15.394161006,0.0312429506,0.2083658089,-0.019201016,0.0189334307,0.0604269362,0.3993566397999999,-0.055628555,0.9851720516,0.0311837308,-0.031183731,13.0,-0.19655854,0.3303019644,-2.030175312,0.42082324,60.831439268,0.0592961049,-0.0150147919999999,-0.1037678269999999,1.029524893,-0.060252963,0.0642477917,0.0146649517,0.0,1.8750064343,0.0796641266,0.0,0.0,0.0,0.2088504426,0.0456602411,0.6630546714,0.5030293706,0.150478537,0.3281380441,0.1265939115,0.2109634678999999,0.1579204023,0.1725141371,-195.804132,0.2539836823999999,0.0078724321,-0.0428821,-0.230580246,-0.149026198,0.0044123611,-0.326903697,0.0266517677,0.037548818,0.0303818010999999,0.0229434372,-0.298637576,5.0,0.3793951174,0.0,0.0,0.0,0.5002331556,0.1462287112,65.170723936,2.8157298421,15.604418912,0.0,0.0,0.1882810135,0.0,0.5685273464,0.5290640434,0.1060104489,1.2166063459,0.0306656595,0.0028237946,-0.015088595,-0.027833825,1.0,0.0236676724,0.0037554104,0.0354032968,0.0169885364999999,0.0592727980999999,0.0609492704,6.0,0.0185366516,9.088063e-10,0.0212168581999999,0.0101422523,0.4821035843,1.3944282699,2.9886155e-08,55.0,2.137333333
2007-01-31,3652563.8965,0.8820449372,0.7780032712,0.0535105057,14.735328688,0.0307537588,0.1443245765,0.0123145338,0.015389534,-0.010621621,0.6602695567,-0.0032818,0.9964071191,0.0311837308,-0.031183731,13.0,-0.19655854,0.3303019644,-2.030175312,0.42082324,60.831439268,0.0592961049,-0.0150147919999999,-0.1037678269999999,1.029524893,-0.060252963,0.0642477917,0.0146649517,0.0,1.8750064343,0.0796641266,0.0,0.0,0.0,0.2088504426,0.0456602411,0.6630546714,0.5030293706,0.150478537,0.3281380441,0.1265939115,0.2109634678999999,0.1579204023,0.1725141371,-195.804132,0.2539836823999999,0.0078724321,-0.0428821,-0.230580246,-0.149026198,0.0044123611,-0.326903697,0.0266517677,0.037548818,0.0303818010999999,0.0229434372,-0.298637576,5.0,0.3793951174,0.0,0.0,0.0,0.5002331556,0.1462287112,65.170723936,2.8157298421,15.604418912,0.0,0.0,0.1882810135,0.0,0.5685273464,0.5290640434,0.1060104489,0.7602949326999999,0.0288296459,0.0022921332,0.0315312635,-0.006669296,2.0,0.0273506179,0.0038385309999999,0.0408737210999999,0.0197893051,0.0592774888,0.0610786554,6.0,0.013475663,3.440246e-10,0.0131291049,0.0060634518,0.4518961155,2.4766474391,2.2359583e-08,55.0,2.327333333
2007-02-28,3977261.3726,0.9200219028,0.8464403016,0.3675906889999999,15.086595925,0.0306874143999999,0.1135446292999999,0.0888957678999999,0.1308642294999999,-0.023156556,0.706264544,-0.066303645,0.9297018318,0.0311837308,-0.031183731,13.0,-0.19655854,0.3303019644,-2.030175312,0.42082324,60.831439268,0.0592961049,-0.0150147919999999,-0.1037678269999999,1.029524893,-0.060252963,0.0642477917,0.0146649517,0.0,1.8750064343,0.0796641266,0.0,0.0,0.0,0.2088504426,0.0456602411,0.6630546714,0.5030293706,0.150478537,0.3281380441,0.1265939115,0.2109634678999999,0.1579204023,0.1725141371,-195.804132,0.2539836823999999,0.0078724321,-0.0428821,-0.230580246,-0.149026198,0.0044123611,-0.326903697,0.0266517677,0.037548818,0.0303818010999999,0.0229434372,-0.298637576,5.0,0.3793951174,0.0,0.0,0.0,0.5002331556,0.1462287112,65.170723936,2.8157298421,15.604418912,0.0,0.0,0.1882810135,0.0,0.5685273464,0.5290640434,0.1060104489,0.7602949326999999,0.0288296459,0.0022921332,0.0315312635,-0.006669296,2.0,0.0273506179,0.0038385309999999,0.0408737210999999,0.0197893051,0.0592774888,0.0610786554,6.0,0.0172774013,5.118754e-10,0.0662797242,0.0182552993,0.4409877729999999,2.3719844329,1.9569249e-08,55.0,2.295333333
2007-03-30,3922575.5048,0.9285887161,0.8622770037,0.2522536227,15.307491354,0.0303003349,0.1056867406,-0.013749629,0.1758167439,0.0669315006,0.610632547,-0.0581942659999999,1.0266722745,0.0311837308,-0.031183731,13.0,-0.19655854,0.3303019644,-2.030733021,0.42082324,60.831439268,0.0592961049,-0.0150147919999999,-0.1037678269999999,1.029524893,-0.060252963,0.0642477917,0.0146649517,0.0,1.8750064343,0.0796641266,0.0,0.0,0.0,0.2088504426,0.0456602411,0.6630546714,0.5030293706,0.150478537,0.3281380441,0.1265939115,0.2109634678999999,0.1579204023,0.1725141371,-195.804132,0.2539836823999999,0.0078724321,-0.0428821,-0.230580246,-0.149026198,0.0044123611,-0.326903697,0.0266517677,0.037548818,0.0303818010999999,0.0229434372,-0.298637576,5.0,0.3793951174,0.0,0.0,0.0,0.5002331556,0.1462287112,65.170723936,2.8157298421,15.604418912,0.0,0.0,0.1882810135,0.0,0.5685273464,0.5290640434,0.1060104489,0.7602949326999999,0.0288296459,0.0022921332,0.0315312635,-0.006669296,2.0,0.0273506179,0.0038385309999999,0.0408737210999999,0.0197893051,0.0592774888,0.0610786554,6.0,0.0185579576,4.124119e-10,0.0379862002999999,0.0148075987999999,0.5308917321,3.6706385698,2.3222259e-08,55.0,2.206666667
2007-04-30,3777570.4259,0.9510178895,0.9044350262,0.0883179765,15.173788158,0.0302509659,0.0462728992999999,-0.038629156,0.0367359591,-0.058260418,0.8261738462,-0.131151056,1.0806155769,0.0311837308,-0.031183731,13.0,-0.19655854,0.3303019644,-2.045138017,0.42082324,60.831439268,0.0592961049,-0.0150147919999999,-0.1037678269999999,1.029524893,-0.060252963,0.0642477917,0.0146649517,0.0,1.8750064343,0.0796641266,0.0,0.0,0.0,0.2088504426,0.0456602411,0.6630546714,0.5030293706,0.150478537,0.3281380441,0.1265939115,0.2109634678999999,0.1579204023,0.1725141371,-195.804132,0.2539836823999999,0.0078724321,-0.0428821,-0.230580246,-0.149026198,0.0044123611,-0.326903697,0.0266517677,0.037548818,0.0303818010999999,0.0229434372,-0.298637576,5.0,0.3793951174,0.0,0.0,0.0,0.5002331556,0.1462287112,65.170723936,2.8157298421,15.604418912,0.0,0.0,0.1882810135,0.0,0.5685273464,0.5290640434,0.1060104489,1.4597428425,0.0209793264,0.0054746963,-0.012768485,-0.061867832,0.0,0.0249727865,0.0038280214,0.0379297172,0.0143714221,0.0603684955,0.06183411,6.0,0.020869442,5.579531e-10,0.0172414146,0.0134587001,0.2841022306,1.3832623471,1.7475404e-08,55.0,2.373333333
2007-05-31,4062885.4259,0.9651517317,0.9315178653,0.1494387789,15.27218873,0.0282932422,0.0495639777,0.0755287036,0.0250850879,-0.023022507,0.5091314012,0.202144286,1.1969606692,0.0311837308,-0.031183731,13.0,-0.19655854,0.3303019644,-2.045138017,0.42082324,60.831439268,0.0592961049,-0.0150147919999999,-0.1037678269999999,1.029524893,-0.060252963,0.0642477917,0.0146649517,0.0,1.8750064343,0.0796641266,0.0,0.0,0.0,0.2088504426,0.0456602411,0.6630546714,0.5030293706,0.150478537,0.3281380441,0.1265939115,0.2109634678999999,0.1579204023,0.1725141371,-195.804132,0.2539836823999999,0.0078724321,-0.0428821,-0.230580246,-0.149026198,0.0044123611,-0.326903697,0.0266517677,0.037548818,0.0303818010999999,0.0229434372,-0.298637576,5.0,0.3793951174,0.0,0.0,0.0,0.5002331556,0.1462287112,65.170723936,2.8157298421,15.604418912,0.0,0.0,0.1882810135,0.0,0.5685273464,0.5290640434,0.1060104489,1.4597428425,0.0209793264,0.0054746963,-0.012768485,-0.061867832,0.0,0.0249727865,0.0038280214,0.0379297172,0.0143714221,0.0603684955,0.06183411,6.0,0.0184585328,3.252924e-10,0.0581828280999999,0.0156781123,0.6983839184999999,8.8603889589,1.4932443000000003e-08,55.0,2.532666667
2007-06-29,4335646.9316,1.0996759012,1.2092870877,0.2001891146,15.59921382,0.0285398545,0.0977227946,0.0671349242,0.1240921469999999,0.1233827027,0.4109528890999999,-0.069078862,1.3351300986,0.0311837308,-0.031183731,13.0,-0.19655854,0.3303019644,-2.045138017,0.42082324,60.831439268,0.0592961049,-0.0150147919999999,-0.1037678269999999,1.029524893,-0.060252963,0.0642477917,0.0146649517,0.0,1.8750064343,0.0796641266,0.0,0.0,0.0,0.2088504426,0.0456602411,0.6630546714,0.5030293706,0.150478537,0.3281380441,0.1265939115,0.2109634678999999,0.1579204023,0.1725141371,-195.804132,0.2539836823999999,0.0078724321,-0.0428821,-0.230580246,-0.149026198,0.0044123611,-0.326903697,0.0266517677,0.037548818,0.0303818010999999,0.0229434372,-0.298637576,5.0,0.3793951174,0.0,0.0,0.0,0.5002331556,0.1462287112,65.170723936,2.8157298421,15.604418912,0.0,0.0,0.1882810135,0.0,0.5685273464,0.5290640434,0.1060104489,1.4597428425,0.0209793264,0.0054746963,-0.012768485,-0.061867832,0.0,0.0249727865,0.0038280214,0.0379297172,0.0143714221,0.0603684955,0.06183411,6.0,0.017279117,3.241464e-10,0.0173961539,0.0089439083,0.3851640608,3.3458326095,1.3913594000000001e-08,55.0,2.436666667
2007-07-31,4197255.7124,1.0839883955,1.1750308416,0.11215625,15.639552156,0.0282772041,0.2179877871,-0.0379047729999999,0.1849656881,0.2180186266,0.3800885,-0.126156748,1.3457133071,0.0042493421,-0.004249342,14.0,-0.153799611,0.3839130648,-1.54104274,0.4113700033,59.700957763000005,0.0509034238,-0.017151452,-0.064150332,0.0137024086,0.0515605836,0.0468917576999999,0.002046769,0.0,2.3068531804,0.0735345574,0.0,0.0,0.0,0.1905506257999999,0.0487561649,0.6252696337,0.3192476626,,0.3808456139,0.1175690833,0.1800006885,0.1679368366,0.079682467,-2085.1101940000003,0.2426727578,0.0076501843,0.0873214908,0.2303174742,-0.076942652,0.0120546991,0.1407406568,-0.002831729,0.1333679536999999,-0.0155895039999999,-0.002530254,-0.044040767,5.0,0.4327914354,0.0,0.0,0.0,0.5224850064,0.141407368,76.354278835,2.8086053303,17.721650445,0.0070708904,1.0,0.116316387,0.0,0.6251012063,0.525490358,0.3075286425,1.4597428425,0.0209793264,0.0054746963,-0.012768485,-0.061867832,0.0,0.0249727865,0.0038280214,0.0379297172,0.0143714221,0.0603684955,0.06183411,6.0,0.0174848235,4.036e-10,0.017543843,0.0103991872,0.3544265186,2.3690743006,1.7840013e-08,55.0,2.220666667
2007-08-31,3825187.3177,1.0686396603,1.1419907236,-0.277225373,15.399068679,0.0279929809,0.2317862527,-0.088645637,0.0469779261,0.2892415758,0.400345727,-0.297268212,1.557072695,0.0042493421,-0.004249342,14.0,-0.153799611,0.3839130648,-1.5402630430000002,0.4113700033,59.700957763000005,0.0509034238,-0.017151452,-0.064150332,0.0137024086,0.0515605836,0.0468917576999999,0.002046769,0.0,2.3068531804,0.0735345574,0.0,0.0,0.0,0.1905506257999999,0.0487561649,0.6252696337,0.3192476626,,0.3808456139,0.1175690833,0.1800006885,0.1679368366,0.079682467,-2085.1101940000003,0.2426727578,0.0076501843,0.0873214908,0.2303174742,-0.076942652,0.0120546991,0.1407406568,-0.002831729,0.1333679536999999,-0.0155895039999999,-0.002530254,-0.044040767,5.0,0.4327914354,0.0,0.0,0.0,0.5224850064,0.141407368,76.354278835,2.8086053303,17.721650445,0.0070708904,1.0,0.116316387,0.0,0.6251012063,0.525490358,0.3075286425,0.6680889707,0.0151216487999999,0.000199545,-0.008723961,-0.005180847,0.0,0.0207372751,0.0037130784999999,0.0306607733999999,0.0118733040999999,0.0559594766,0.0559660251,6.0,0.0205606828,2.90852e-10,0.0095371706,0.0107588984,0.6263295557,8.7908564091,9.9683272e-09,55.0,2.369333333
2007-09-28,4081271.5451,0.9477272482,0.8981869370000001,-0.127410356,15.894260229,0.0277257658999999,0.1529574906,0.0669468492,-0.032529742,0.1219265943,0.5067242171,-0.051739644,1.6901544318,0.0042493421,-0.004249342,14.0,-0.153799611,0.3839130648,-1.542653784,0.4113700033,59.700957763000005,0.0509034238,-0.017151452,-0.064150332,0.0137024086,0.0515605836,0.0468917576999999,0.002046769,0.0,2.3068531804,0.0735345574,0.0,0.0,0.0,0.1905506257999999,0.0487561649,0.6252696337,0.3192476626,,0.3808456139,0.1175690833,0.1800006885,0.1679368366,0.079682467,-2085.1101940000003,0.2426727578,0.0076501843,0.0873214908,0.2303174742,-0.076942652,0.0120546991,0.1407406568,-0.002831729,0.1333679536999999,-0.0155895039999999,-0.002530254,-0.044040767,5.0,0.4327914354,0.0,0.0,0.0,0.5224850064,0.141407368,76.354278835,2.8086053303,17.721650445,0.0070708904,1.0,0.116316387,0.0,0.6251012063,0.525490358,0.3075286425,0.6680889707,0.0151216487999999,0.000199545,-0.008723961,-0.005180847,0.0,0.0207372751,0.0037130784999999,0.0306607733999999,0.0118733040999999,0.0559594766,0.0559660251,6.0,0.0393477759,9.024209999999999e-10,0.0431759432,0.0274276256,0.5218732472,5.2058522276,1.0395045000000001e-08,55.0,2.227333333
2007-10-31,3844388.4524,1.00291273,1.0058339441,0.0126778755,15.826173826,0.0273032297,0.0152230869,-0.0599325,0.0737160896,0.0701596461,0.7346564785999999,0.0165260007,1.5447029412,0.0042493421,-0.004249342,14.0,-0.153799611,0.3839130648,-1.542653784,0.4113700033,59.700957763000005,0.0509034238,-0.017151452,-0.064150332,0.0137024086,0.0515605836,0.0468917576999999,0.002046769,0.0,2.3068531804,0.0735345574,0.0,0.0,0.0,0.1905506257999999,0.0487561649,0.6252696337,0.3192476626,,0.3808456139,0.1175690833,0.1800006885,0.1679368366,0.079682467,-2085.1101940000003,0.2426727578,0.0076501843,0.0873214908,0.2303174742,-0.076942652,0.0120546991,0.1407406568,-0.002831729,0.1333679536999999,-0.0155895039999999,-0.002530254,-0.044040767,5.0,0.4327914354,0.0,0.0,0.0,0.5224850064,0.141407368,76.354278835,2.8086053303,17.721650445,0.0070708904,1.0,0.116316387,0.0,0.6251012063,0.525490358,0.3075286425,2.8587627489,0.0430912273,0.0026761043,0.002608353,0.0604797244,1.0,0.024478937,0.0034988455999999,0.0354865053,0.0202770532,0.0579095615,0.0596690875,6.0,0.0234638133,7.976596e-10,0.0523683056,0.0170234226,0.2830170949,1.0800573476000002,3.1826146e-08,55.0,2.201333333
2007-11-30,3799512.3927,0.9871843012,0.9745328445,-0.1749802939999999,14.836583028,0.0269544688,-0.082179239,-0.0116731339999999,-0.061516818,0.0346856247,0.4997677614999999,-0.056931419,1.3039359677,0.0042493421,-0.004249342,14.0,-0.153799611,0.3839130648,-1.543914917,0.4113700033,59.700957763000005,0.0509034238,-0.017151452,-0.064150332,0.0137024086,0.0515605836,0.0468917576999999,0.002046769,0.0,2.3068531804,0.0735345574,0.0,0.0,0.0,0.1905506257999999,0.0487561649,0.6252696337,0.3192476626,,0.3808456139,0.1175690833,0.1800006885,0.1679368366,0.079682467,-2085.1101940000003,0.2426727578,0.0076501843,0.0873214908,0.2303174742,-0.076942652,0.0120546991,0.1407406568,-0.002831729,0.1333679536999999,-0.0155895039999999,-0.002530254,-0.044040767,5.0,0.4327914354,0.0,0.0,0.0,0.5224850064,0.141407368,76.354278835,2.8086053303,17.721650445,0.0070708904,1.0,0.116316387,0.0,0.6251012063,0.525490358,0.3075286425,2.8587627489,0.0430912273,0.0026761043,0.002608353,0.0604797244,1.0,0.024478937,0.0034988455999999,0.0354865053,0.0202770532,0.0579095615,0.0596690875,6.0,0.0230104976,4.301333e-10,0.0266983545999999,0.0115262087,0.3596772812,2.3389491184,1.395113e-08,55.0,2.190666667
2007-12-31,3781101.6902,0.960098845,0.9217897922,-0.334593546,15.46040728,0.0270208418,-0.04335286,-0.004845543,-0.130823928,0.0426271007,0.4547542236,-0.04712479,1.0357945518,0.0042493421,-0.004249342,14.0,-0.153799611,0.3839130648,-1.543914917,0.4113700033,59.700957763000005,0.0509034238,-0.017151452,-0.064150332,0.0137024086,0.0515605836,0.0468917576999999,0.002046769,0.0,2.3068531804,0.0735345574,0.0,0.0,0.0,0.1905506257999999,0.0487561649,0.6252696337,0.3192476626,,0.3808456139,0.1175690833,0.1800006885,0.1679368366,0.079682467,-2085.1101940000003,0.2426727578,0.0076501843,0.0873214908,0.2303174742,-0.076942652,0.0120546991,0.1407406568,-0.002831729,0.1333679536999999,-0.0155895039999999,-0.002530254,-0.044040767,5.0,0.4327914354,0.0,0.0,0.0,0.5224850064,0.141407368,76.354278835,2.8086053303,17.721650445,0.0070708904,1.0,0.116316387,0.0,0.6251012063,0.525490358,0.3075286425,2.8587627489,0.0430912273,0.0026761043,0.002608353,0.0604797244,1.0,0.024478937,0.0034988455999999,0.0354865053,0.0202770532,0.0579095615,0.0596690875,6.0,0.0272233174,8.163724e-10,0.0422047302,0.0183545138,0.4459930675999999,1.9363223874,2.0216436e-08,55.0,2.162
2008-01-31,3742097.7352,0.9844503363,0.9691424647,-0.252772105,15.175582382,0.0270927050999999,-0.129649967,-0.013085827,-0.100957558,0.0249531852999999,0.4233075239,0.002898059,1.1805557963,0.0042493421,-0.004249342,14.0,-0.153799611,0.3839130648,-1.543914917,0.4113700033,59.700957763000005,0.0509034238,-0.017151452,-0.064150332,0.0137024086,0.0515605836,0.0468917576999999,0.002046769,0.0,2.3068531804,0.0735345574,0.0,0.0,0.0,0.1905506257999999,0.0487561649,0.6252696337,0.3192476626,,0.3808456139,0.1175690833,0.1800006885,0.1679368366,0.079682467,-2085.1101940000003,0.2426727578,0.0076501843,0.0873214908,0.2303174742,-0.076942652,0.0120546991,0.1407406568,-0.002831729,0.1333679536999999,-0.0155895039999999,-0.002530254,-0.044040767,5.0,0.4327914354,0.0,0.0,0.0,0.5224850064,0.141407368,76.354278835,2.8086053303,17.721650445,0.0070708904,1.0,0.116316387,0.0,0.6251012063,0.525490358,0.3075286425,1.941729045,0.0423325082,0.0007070822,0.0188896749,-0.0275209579999999,2.0,0.0247890265,0.0034720687,0.0365361127,0.0123673662999999,0.0574369475,0.0593262929,6.0,0.0227554806,6.662325e-10,0.0265139564999999,0.0198182233,0.3862077434,1.9079374037,1.8898338e-08,55.0,1.962
2008-02-29,3395927.7352,1.0768668362,1.1596421828,-0.070649464,15.278736011,0.0275838309,-0.166018088,-0.092506938,-0.026418522,-0.071039805,0.5267876773,-0.021589879,1.9563364821,0.0042493421,-0.004249342,14.0,-0.153799611,0.3839130648,-1.543914917,0.4113700033,59.700957763000005,0.0509034238,-0.017151452,-0.064150332,0.0137024086,0.0515605836,0.0468917576999999,0.002046769,0.0,2.3068531804,0.0735345574,0.0,0.0,0.0,0.1905506257999999,0.0487561649,0.6252696337,0.3192476626,,0.3808456139,0.1175690833,0.1800006885,0.1679368366,0.079682467,-2085.1101940000003,0.2426727578,0.0076501843,0.0873214908,0.2303174742,-0.076942652,0.0120546991,0.1407406568,-0.002831729,0.1333679536999999,-0.0155895039999999,-0.002530254,-0.044040767,5.0,0.4327914354,0.0,0.0,0.0,0.5224850064,0.141407368,76.354278835,2.8086053303,17.721650445,0.0070708904,1.0,0.116316387,0.0,0.6251012063,0.525490358,0.3075286425,1.941729045,0.0423325082,0.0007070822,0.0188896749,-0.0275209579999999,2.0,0.0247890265,0.0034720687,0.0365361127,0.0123673662999999,0.0574369475,0.0593262929,6.0,0.0519479949,5.148764e-10,0.0619101337999999,0.0339196794,0.4743776627,12.112622889,5.6505032e-09,55.0,1.797333333
2008-03-31,3110914.2944,1.1699992958,1.3688983521,-0.2736575089999999,16.34289613,0.030443396,-0.1833362589999999,-0.083928004,-0.1719189789999999,-0.14522219,0.3528486965,-0.002330607,2.2315627832,0.0042493421,-0.004249342,14.0,-0.153799611,0.3839130648,-1.543528195,0.4113700033,59.700957763000005,0.0509034238,-0.017151452,-0.064150332,0.0137024086,0.0515605836,0.0468917576999999,0.002046769,0.0,2.3068531804,0.0735345574,0.0,0.0,0.0,0.1905506257999999,0.0487561649,0.6252696337,0.3192476626,,0.3808456139,0.1175690833,0.1800006885,0.1679368366,0.079682467,-2085.1101940000003,0.2426727578,0.0076501843,0.0873214908,0.2303174742,-0.076942652,0.0120546991,0.1407406568,-0.002831729,0.1333679536999999,-0.0155895039999999,-0.002530254,-0.044040767,5.0,0.4327914354,0.0,0.0,0.0,0.5224850064,0.141407368,76.354278835,2.8086053303,17.721650445,0.0070708904,1.0,0.116316387,0.0,0.6251012063,0.525490358,0.3075286425,1.941729045,0.0423325082,0.0007070822,0.0188896749,-0.0275209579999999,2.0,0.0247890265,0.0034720687,0.0365361127,0.0123673662999999,0.0574369475,0.0593262929,6.0,0.0368667668,5.882371e-10,0.0404349491,0.020635533,0.362329255,4.3504754473,1.1769351e-08,55.0,1.901333333
2008-04-30,3293546.6929,1.2169792304,1.4810384472,-0.155728944,15.570274737,0.0306096133,-0.239075261,0.0578635558,-0.1930559939999999,-0.185498479,0.3365636727,-0.004617609,2.3550221391,0.0042493421,-0.004249342,14.0,-0.153799611,0.3839130648,-1.536822021,0.4113700033,59.700957763000005,0.0509034238,-0.017151452,-0.064150332,0.0137024086,0.0515605836,0.0468917576999999,0.002046769,0.0,2.3068531804,0.0735345574,0.0,0.0,0.0,0.1905506257999999,0.0487561649,0.6252696337,0.3192476626,,0.3808456139,0.1175690833,0.1800006885,0.1679368366,0.079682467,-2085.1101940000003,0.2426727578,0.0076501843,0.0873214908,0.2303174742,-0.076942652,0.0120546991,0.1407406568,-0.002831729,0.1333679536999999,-0.0155895039999999,-0.002530254,-0.044040767,5.0,0.4327914354,0.0,0.0,0.0,0.5224850064,0.141407368,76.354278835,2.8086053303,17.721650445,0.0070708904,1.0,0.116316387,0.0,0.6251012063,0.525490358,0.3075286425,1.2791111743,0.0485647298,0.0014826288,0.0103367291,-0.0080143,3.0,0.0242994017,0.0034036076,0.0355676779,0.0168125569,0.0567562113,0.0589902298,6.0,0.0390694014999999,8.408736e-10,0.0919230506,0.0305559414,0.240798,1.8945476096,1.4344389e-08,55.0,1.924666667
2008-05-30,3333965.4369,1.189078872,1.4139085637,-0.053209532,15.428719878,0.0311437256,-0.229104533,0.0122721028,-0.136281037,-0.198876355,0.3873732924,-0.008147725,2.5010997385,0.0042493421,-0.004249342,14.0,-0.153799611,0.3839130648,-1.536822021,0.4113700033,59.700957763000005,0.0509034238,-0.017151452,-0.064150332,0.0137024086,0.0515605836,0.0468917576999999,0.002046769,0.0,2.3068531804,0.0735345574,0.0,0.0,0.0,0.1905506257999999,0.0487561649,0.6252696337,0.3192476626,,0.3808456139,0.1175690833,0.1800006885,0.1679368366,0.079682467,-2085.1101940000003,0.2426727578,0.0076501843,0.0873214908,0.2303174742,-0.076942652,0.0120546991,0.1407406568,-0.002831729,0.1333679536999999,-0.0155895039999999,-0.002530254,-0.044040767,5.0,0.4327914354,0.0,0.0,0.0,0.5224850064,0.141407368,76.354278835,2.8086053303,17.721650445,0.0070708904,1.0,0.116316387,0.0,0.6251012063,0.525490358,0.3075286425,1.2791111743,0.0485647298,0.0014826288,0.0103367291,-0.0080143,3.0,0.0242994017,0.0034036076,0.0355676779,0.0168125569,0.0567562113,0.0589902298,6.0,0.0313455505,2.617988e-10,0.0314709804999999,0.0186996536,0.5519202274,13.723580327,4.8241226e-09,55.0,1.743333333
2008-06-30,3019854.2559,1.1684073137,1.3651756507,-0.069164103,16.436079092,0.0311312019,-0.268079235,-0.09421549,-0.121424213,-0.2400631839999999,0.3675306277,-0.016124034,2.6687715782,0.0042493421,-0.004249342,14.0,-0.153799611,0.3839130648,-1.536822021,0.4113700033,59.700957763000005,0.0509034238,-0.017151452,-0.064150332,0.0137024086,0.0515605836,0.0468917576999999,0.002046769,0.0,2.3068531804,0.0735345574,0.0,0.0,0.0,0.1905506257999999,0.0487561649,0.6252696337,0.3192476626,,0.3808456139,0.1175690833,0.1800006885,0.1679368366,0.079682467,-2085.1101940000003,0.2426727578,0.0076501843,0.0873214908,0.2303174742,-0.076942652,0.0120546991,0.1407406568,-0.002831729,0.1333679536999999,-0.0155895039999999,-0.002530254,-0.044040767,5.0,0.4327914354,0.0,0.0,0.0,0.5224850064,0.141407368,76.354278835,2.8086053303,17.721650445,0.0070708904,1.0,0.116316387,0.0,0.6251012063,0.525490358,0.3075286425,1.2791111743,0.0485647298,0.0014826288,0.0103367291,-0.0080143,3.0,0.0242994017,0.0034036076,0.0355676779,0.0168125569,0.0567562113,0.0589902298,6.0,0.027046346,3.454037e-10,0.0408728234,0.0167220781,0.439703329,4.728646663999999,8.7552582e-09,55.0,1.49
2008-07-31,2587258.3942,1.1511355247,1.3251129962,-0.198101028,15.787618903,0.0316685285,-0.288370337,-0.145315453,-0.193647876,-0.28454172,0.2252765501,0.0081832637,3.2676433917,0.0495298237,-0.049529824,15.0,-0.152840259,0.4328369045,-1.428032243,0.4196807775,26.275832919000003,0.0801029616,0.0741956191,0.0835961737,0.0116914920999999,0.0708471431,0.0323322683999999,0.0277432510999999,0.0,2.0838450138,0.072414141,0.0,0.0,0.0,0.1674229673,0.051897392,0.606526132,0.3777362922999999,,0.4064534927,0.0755474453,0.1687730342,0.1838618967,0.1204108249,-3465.7465840000004,0.2332609751,0.007485675,0.1625173657,-0.096672024,-0.015236597,0.0144934201,-0.036662089,0.0200595279,0.0762570209,-0.020782677,0.0184938464,-0.543487226,5.0,0.4169243972999999,0.0,0.0,0.0,0.4667555088,0.1334921234,43.223699769,2.8605472458,19.035651485,0.0062409347,1.0,0.1047191206,0.0,0.674793172,0.5345594435000001,0.4798233765,1.2791111743,0.0485647298,0.0014826288,0.0103367291,-0.0080143,3.0,0.0242994017,0.0034036076,0.0355676779,0.0168125569,0.0567562113,0.0589902298,6.0,0.0336224044,5.152817e-10,0.0256410781,0.0238882752999999,0.3482375549,5.8307241952,6.2665208e-09,55.0,1.702666667
2008-08-29,2956536.046,1.1731781219,1.3763469056,-0.015696457,15.96510958,0.0315041549,-0.392292751,0.1427293271,-0.2405708339999999,-0.329030331,0.0325481434,0.0038029240999999,3.6057480499,0.0495298237,-0.049529824,15.0,-0.152840259,0.4328369045,-1.4064897280000002,0.4196807775,26.275832919000003,0.0801029616,0.0741956191,0.0835961737,0.0116914920999999,0.0708471431,0.0323322683999999,0.0277432510999999,0.0,2.0838450138,0.072414141,0.0,0.0,0.0,0.1674229673,0.051897392,0.606526132,0.3777362922999999,,0.4064534927,0.0755474453,0.1687730342,0.1838618967,0.1204108249,-3465.7465840000004,0.2332609751,0.007485675,0.1625173657,-0.096672024,-0.015236597,0.0144934201,-0.036662089,0.0200595279,0.0762570209,-0.020782677,0.0184938464,-0.543487226,5.0,0.4169243972999999,0.0,0.0,0.0,0.4667555088,0.1334921234,43.223699769,2.8605472458,19.035651485,0.0062409347,1.0,0.1047191206,0.0,0.674793172,0.5345594435000001,0.4798233765,-0.315112929,0.0255972509,0.000128951,-0.011602246,-0.012481984,0.0,0.0179580191,0.0036696131,0.0261368516,0.0122945570999999,0.0597014886,0.0622029526999999,6.0,0.0454459447,3.534924e-10,0.0927620381,0.0301479899,0.3784548014,9.2192557425,3.8790138e-09,55.0,1.941333333
2008-09-30,3370960.4172,1.1617763489,1.3497242848,0.3215369372,16.533982776,0.030701856,-0.353536289,0.1401722728999999,-0.0526705509999999,-0.2813730889999999,0.2890823868,0.081327682,3.3195632235000003,0.0495298237,-0.049529824,15.0,-0.152840259,0.4328369045,-1.408929633,0.4196807775,26.275832919000003,0.0801029616,0.0741956191,0.0835961737,0.0116914920999999,0.0708471431,0.0323322683999999,0.0277432510999999,0.0,2.0838450138,0.072414141,0.0,0.0,0.0,0.1674229673,0.051897392,0.606526132,0.3777362922999999,,0.4064534927,0.0755474453,0.1687730342,0.1838618967,0.1204108249,-3465.7465840000004,0.2332609751,0.007485675,0.1625173657,-0.096672024,-0.015236597,0.0144934201,-0.036662089,0.0200595279,0.0762570209,-0.020782677,0.0184938464,-0.543487226,5.0,0.4169243972999999,0.0,0.0,0.0,0.4667555088,0.1334921234,43.223699769,2.8605472458,19.035651485,0.0062409347,1.0,0.1047191206,0.0,0.674793172,0.5345594435000001,0.4798233765,-0.315112929,0.0255972509,0.000128951,-0.011602246,-0.012481984,0.0,0.0179580191,0.0036696131,0.0261368516,0.0122945570999999,0.0597014886,0.0622029526999999,6.0,0.0338872118,4.537197e-10,0.0472040363,0.0217906967,0.4113642510999999,6.3117963145,6.6672379e-09,55.0,1.784666667
2008-10-31,3599761.9616,1.1897734361,1.4155608292,0.0850029022,16.170056492,0.031833285,-0.256002508,-0.0807005609999999,0.0210378886,-0.128404632,0.1855926017,0.0176941366999999,3.3214045,0.0495298237,-0.049529824,15.0,-0.152840259,0.4328369045,-1.408929633,0.4196807775,26.275832919000003,0.0801029616,0.0741956191,0.0835961737,0.0116914920999999,0.0708471431,0.0323322683999999,0.0277432510999999,0.0,2.0838450138,0.072414141,0.0,0.0,0.0,0.1674229673,0.051897392,0.606526132,0.3777362922999999,,0.4064534927,0.0755474453,0.1687730342,0.1838618967,0.1204108249,-3465.7465840000004,0.2332609751,0.007485675,0.1625173657,-0.096672024,-0.015236597,0.0144934201,-0.036662089,0.0200595279,0.0762570209,-0.020782677,0.0184938464,-0.543487226,5.0,0.4169243972999999,0.0,0.0,0.0,0.4667555088,0.1334921234,43.223699769,2.8605472458,19.035651485,0.0062409347,1.0,0.1047191206,0.0,0.674793172,0.5345594435000001,0.4798233765,0.8382504041,0.0472474867999999,-0.000668696,-0.02766847,-0.035881171,1.0,0.0203229583,0.0037806362,0.0290936698,0.0100423658,0.0568526478,0.0600754814,6.0,0.0446655071999999,3.099505e-10,0.0180310141,0.0195552126,0.314759795,5.0855653922,6.3171024e-09,55.0,1.807333333
2008-11-28,3646837.2821,1.1241191165,1.2636437882,0.0647184516,16.148792045,0.0317569164,-0.3387091989999999,0.0127007896,-0.072739874,-0.189279215,0.170921971,-0.029623104,2.947046288,0.0495298237,-0.049529824,15.0,-0.152840259,0.4328369045,-1.413778281,0.4196807775,26.275832919000003,0.0801029616,0.0741956191,0.0835961737,0.0116914920999999,0.0708471431,0.0323322683999999,0.0277432510999999,0.0,2.0838450138,0.072414141,0.0,0.0,0.0,0.1674229673,0.051897392,0.606526132,0.3777362922999999,,0.4064534927,0.0755474453,0.1687730342,0.1838618967,0.1204108249,-3465.7465840000004,0.2332609751,0.007485675,0.1625173657,-0.096672024,-0.015236597,0.0144934201,-0.036662089,0.0200595279,0.0762570209,-0.020782677,0.0184938464,-0.543487226,5.0,0.4169243972999999,0.0,0.0,0.0,0.4667555088,0.1334921234,43.223699769,2.8605472458,19.035651485,0.0062409347,1.0,0.1047191206,0.0,0.674793172,0.5345594435000001,0.4798233765,0.8382504041,0.0472474867999999,-0.000668696,-0.02766847,-0.035881171,1.0,0.0203229583,0.0037806362,0.0290936698,0.0100423658,0.0568526478,0.0600754814,6.0,0.0757036750999999,9.508863e-10,0.1092476621,0.0485804326999999,0.4155229688,5.9571790592,5.7819909e-09,55.0,1.738
2008-12-31,3506936.3589,1.0242351845,1.0490577131,0.201140398,16.299852071,0.0343111029,-0.42687577,-0.038362261,0.0367113277,-0.1749847739999999,0.0791461349,0.1202862736,2.7467681285000003,0.0495298237,-0.049529824,15.0,-0.152840259,0.4328369045,-1.413778281,0.4196807775,26.275832919000003,0.0801029616,0.0741956191,0.0835961737,0.0116914920999999,0.0708471431,0.0323322683999999,0.0277432510999999,0.0,2.0838450138,0.072414141,0.0,0.0,0.0,0.1674229673,0.051897392,0.606526132,0.3777362922999999,,0.4064534927,0.0755474453,0.1687730342,0.1838618967,0.1204108249,-3465.7465840000004,0.2332609751,0.007485675,0.1625173657,-0.096672024,-0.015236597,0.0144934201,-0.036662089,0.0200595279,0.0762570209,-0.020782677,0.0184938464,-0.543487226,5.0,0.4169243972999999,0.0,0.0,0.0,0.4667555088,0.1334921234,43.223699769,2.8605472458,19.035651485,0.0062409347,1.0,0.1047191206,0.0,0.674793172,0.5345594435000001,0.4798233765,0.8382504041,0.0472474867999999,-0.000668696,-0.02766847,-0.035881171,1.0,0.0203229583,0.0037806362,0.0290936698,0.0100423658,0.0568526478,0.0600754814,6.0,0.0684790845,9.245629e-10,0.0966058001,0.0478409759999999,0.3461188289999999,3.3812753728,1.0928078e-08,55.0,2.049333333
2009-01-30,4144643.4291,0.8462559927,0.7161492051999999,0.6862147581999999,15.815555068,0.0363268845,-0.510505244,0.1791331023,0.1664429188,-0.196114719,0.0131209652,0.1346695246,2.9944102035,0.0495298237,-0.049529824,15.0,-0.152840259,0.4328369045,-1.413778281,0.4196807775,26.275832919000003,0.0801029616,0.0741956191,0.0835961737,0.0116914920999999,0.0708471431,0.0323322683999999,0.0277432510999999,0.0,2.0838450138,0.072414141,0.0,0.0,0.0,0.1674229673,0.051897392,0.606526132,0.3777362922999999,,0.4064534927,0.0755474453,0.1687730342,0.1838618967,0.1204108249,-3465.7465840000004,0.2332609751,0.007485675,0.1625173657,-0.096672024,-0.015236597,0.0144934201,-0.036662089,0.0200595279,0.0762570209,-0.020782677,0.0184938464,-0.543487226,5.0,0.4169243972999999,0.0,0.0,0.0,0.4667555088,0.1334921234,43.223699769,2.8605472458,19.035651485,0.0062409347,1.0,0.1047191206,0.0,0.674793172,0.5345594435000001,0.4798233765,0.7377773307,0.0475944334,0.0012976586,-0.007036854,0.0931569114,2.0,0.0232669485,0.0036974225,0.033790164,0.0237015372,0.0539292742,0.0573009909999999,6.0,0.055562571,4.997945e-10,0.104331471,0.0382785702,0.5879883593999999,11.219670862,5.511944999999999e-09,55.0,1.938
2009-02-27,3919478.9889,0.817860145,0.6688952168,0.2703925283,16.518221195,0.0391524609,-0.4573644839999999,-0.0543266129999999,0.2036021348,0.0445123873,-0.103290656,0.0970646539,2.7671077757,0.0495298237,-0.049529824,15.0,-0.152840259,0.4328369045,-1.413778281,0.4196807775,26.275832919000003,0.0801029616,0.0741956191,0.0835961737,0.0116914920999999,0.0708471431,0.0323322683999999,0.0277432510999999,0.0,2.0838450138,0.072414141,0.0,0.0,0.0,0.1674229673,0.051897392,0.606526132,0.3777362922999999,,0.4064534927,0.0755474453,0.1687730342,0.1838618967,0.1204108249,-3465.7465840000004,0.2332609751,0.007485675,0.1625173657,-0.096672024,-0.015236597,0.0144934201,-0.036662089,0.0200595279,0.0762570209,-0.020782677,0.0184938464,-0.543487226,5.0,0.4169243972999999,0.0,0.0,0.0,0.4667555088,0.1334921234,43.223699769,2.8605472458,19.035651485,0.0062409347,1.0,0.1047191206,0.0,0.674793172,0.5345594435000001,0.4798233765,0.7377773307,0.0475944334,0.0012976586,-0.007036854,0.0931569114,2.0,0.0232669485,0.0036974225,0.033790164,0.0237015372,0.0539292742,0.0573009909999999,6.0,0.0469487833,4.482359e-10,0.0481481217,0.0287653729999999,0.2366196151,3.0285661915,8.3595485e-09,55.0,2.224
2009-03-31,4507403.1225,0.7841510251999999,0.6148928303,0.0654856096,16.143408658,0.0399769939,-0.460989955,0.1475748569,-0.001717078,0.0782641231,-0.176039175,0.1115733850999999,3.8493477785,0.0495298237,-0.049529824,15.0,-0.152840259,0.4328369045,-1.433813996,0.4196807775,26.275832919000003,0.0801029616,0.0741956191,0.0835961737,0.0116914920999999,0.0708471431,0.0323322683999999,0.0277432510999999,0.0,2.0838450138,0.072414141,0.0,0.0,0.0,0.1674229673,0.051897392,0.606526132,0.3777362922999999,,0.4064534927,0.0755474453,0.1687730342,0.1838618967,0.1204108249,-3465.7465840000004,0.2332609751,0.007485675,0.1625173657,-0.096672024,-0.015236597,0.0144934201,-0.036662089,0.0200595279,0.0762570209,-0.020782677,0.0184938464,-0.543487226,5.0,0.4169243972999999,0.0,0.0,0.0,0.4667555088,0.1334921234,43.223699769,2.8605472458,19.035651485,0.0062409347,1.0,0.1047191206,0.0,0.674793172,0.5345594435000001,0.4798233765,0.7377773307,0.0475944334,0.0012976586,-0.007036854,0.0931569114,2.0,0.0232669485,0.0036974225,0.033790164,0.0237015372,0.0539292742,0.0573009909999999,6.0,0.0446784222,2.470018e-10,0.18385005,0.051100658,0.6257577653,17.850568840999998,4.2809823e-09,55.0,2.334
2009-04-30,4740668.8627,0.6973239845,0.4862607394,0.3691676036,17.00201254,0.0434805579999999,-0.443319892,0.0494603625999999,0.2461710875,0.1697054785,-0.219912486,0.1244106863,4.933160523500001,0.0495298237,-0.049529824,15.0,-0.152840259,0.4328369045,-1.4162005619999998,0.4196807775,26.275832919000003,0.0801029616,0.0741956191,0.0835961737,0.0116914920999999,0.0708471431,0.0323322683999999,0.0277432510999999,0.0,2.0838450138,0.072414141,0.0,0.0,0.0,0.1674229673,0.051897392,0.606526132,0.3777362922999999,,0.4064534927,0.0755474453,0.1687730342,0.1838618967,0.1204108249,-3465.7465840000004,0.2332609751,0.007485675,0.1625173657,-0.096672024,-0.015236597,0.0144934201,-0.036662089,0.0200595279,0.0762570209,-0.020782677,0.0184938464,-0.543487226,5.0,0.4169243972999999,0.0,0.0,0.0,0.4667555088,0.1334921234,43.223699769,2.8605472458,19.035651485,0.0062409347,1.0,0.1047191206,0.0,0.674793172,0.5345594435000001,0.4798233765,0.0974265426,0.0065612511,-0.000280905,0.1450960529,0.1910128649,0.0,0.016809954,0.0040291547,0.0241078848,0.1248677031,0.074895417,0.0841898728999999,6.0,0.0396052311,1.8683900000000004e-10,0.061988648,0.0260725011,0.5600722689000001,39.91382814,2.9029543e-09,55.0,2.59
2009-05-29,5260639.4434,0.6588002862,0.4340178171,0.4940133811,17.293873276,0.0440324837,-0.307261097,0.1096829548,0.2914052944999999,0.2126774336,-0.147874852,0.0945761181,5.3690975524,0.0495298237,-0.049529824,15.0,-0.152840259,0.4328369045,-1.4162005619999998,0.4196807775,26.275832919000003,0.0801029616,0.0741956191,0.0835961737,0.0116914920999999,0.0708471431,0.0323322683999999,0.0277432510999999,0.0,2.0838450138,0.072414141,0.0,0.0,0.0,0.1674229673,0.051897392,0.606526132,0.3777362922999999,,0.4064534927,0.0755474453,0.1687730342,0.1838618967,0.1204108249,-3465.7465840000004,0.2332609751,0.007485675,0.1625173657,-0.096672024,-0.015236597,0.0144934201,-0.036662089,0.0200595279,0.0762570209,-0.020782677,0.0184938464,-0.543487226,5.0,0.4169243972999999,0.0,0.0,0.0,0.4667555088,0.1334921234,43.223699769,2.8605472458,19.035651485,0.0062409347,1.0,0.1047191206,0.0,0.674793172,0.5345594435000001,0.4798233765,0.0974265426,0.0065612511,-0.000280905,0.1450960529,0.1910128649,0.0,0.016809954,0.0040291547,0.0241078848,0.1248677031,0.074895417,0.0841898728999999,6.0,0.03765525,2.021581e-10,0.0432329959999999,0.0218060951,0.358565769,7.8076721901,5.2838004e-09,55.0,2.403333333
2009-06-30,4890434.7465,0.6590945346,0.4344056054999999,0.3858747379,16.847671872,0.0442522508,-0.162629369,-0.072072059,0.4902185977,0.4856596274,-0.174818581,0.0625438829,4.6213839712,0.0495298237,-0.049529824,15.0,-0.152840259,0.4328369045,-1.4162005619999998,0.4196807775,26.275832919000003,0.0801029616,0.0741956191,0.0835961737,0.0116914920999999,0.0708471431,0.0323322683999999,0.0277432510999999,0.0,2.0838450138,0.072414141,0.0,0.0,0.0,0.1674229673,0.051897392,0.606526132,0.3777362922999999,,0.4064534927,0.0755474453,0.1687730342,0.1838618967,0.1204108249,-3465.7465840000004,0.2332609751,0.007485675,0.1625173657,-0.096672024,-0.015236597,0.0144934201,-0.036662089,0.0200595279,0.0762570209,-0.020782677,0.0184938464,-0.543487226,5.0,0.4169243972999999,0.0,0.0,0.0,0.4667555088,0.1334921234,43.223699769,2.8605472458,19.035651485,0.0062409347,1.0,0.1047191206,0.0,0.674793172,0.5345594435000001,0.4798233765,0.0974265426,0.0065612511,-0.000280905,0.1450960529,0.1910128649,0.0,0.016809954,0.0040291547,0.0241078848,0.1248677031,0.074895417,0.0841898728999999,6.0,0.0376350874,2.496504e-10,0.04197938,0.022153513,0.259322132,3.5552760463,6.9358931e-09,55.0,2.538666667
2009-07-31,5183830.6493,0.6052677125,0.3663490036999999,-0.13661455,16.551289867,0.0440475367,0.0058190798,0.0563107542999999,0.1727390847,0.6129753190999999,-0.283424169,0.13852903,3.3568647616,0.0347007765,-0.034700776,16.0,-0.839386298,0.5506427848,-4.418000734,0.2330524766,21.593254529,0.0720308038,-0.43878217,0.036419017,0.1697712149,0.6959809745000001,0.1385861939,0.0179206713,1.0,1.7801910012,0.0803817937,0.0,0.0,0.0,0.4331246228,0.0449331774,0.765207127,0.4928890072999999,0.3657454425999999,0.4929715471,0.7278164235,0.5036265148,0.4611009411,1.7807510986,508.82038571,0.1898617923,0.0060255032,-0.103349607,-0.145718137,0.1100289602999999,0.0364872213,-0.304945444,-0.362728939,0.1666056481,-0.155317378,-0.20370121,-0.603064994,4.0,0.2897852019,0.0,0.0,0.0,0.480076637,0.0813401486,114.26321843,2.2778503118,21.570058681,0.0206013547,1.0,0.4179622007,0.0,0.8629338167,0.4255383954999999,0.4058672621999999,0.0974265426,0.0065612511,-0.000280905,0.1450960529,0.1910128649,0.0,0.016809954,0.0040291547,0.0241078848,0.1248677031,0.074895417,0.0841898728999999,7.0,0.0311640991,2.050286e-10,0.0449025743,0.0187243944,0.2732313493,3.973721358,6.5931245e-09,55.0,2.710666667
2009-08-31,5535045.7792,0.6087887338,0.3706237224,0.2604783151,16.561702333,0.0445972204,0.0919296492,0.0677520484,0.3099415967,0.49099453,-0.0991181419999999,0.0807781411,3.2145369714,0.0347007765,-0.034700776,16.0,-0.839386298,0.5506427848,-4.426150308,0.2330524766,21.593254529,0.0720308038,-0.43878217,0.036419017,0.1697712149,0.6959809745000001,0.138713969,0.0179206713,1.0,1.7801910012,0.0803817937,0.0,0.0,0.0,0.4331246228,0.0449331774,0.765207127,0.4928890072999999,0.3657454425999999,0.4929715471,0.7278164235,0.5036265148,0.4611009411,1.7807510986,508.82038571,0.1898617923,0.0060255032,-0.103349607,-0.145718137,0.1100289602999999,0.0364872213,-0.304945444,-0.362728939,0.1666056481,-0.155317378,-0.20370121,-0.603064994,4.0,0.2897852019,0.0,0.0,0.0,0.480076637,0.0813401486,114.26321843,2.2778503118,21.570058681,0.0206013547,1.0,0.4179622007,0.0,0.8629338167,0.4255383954999999,0.4058672621999999,2.5622836211,0.0074644965,0.0008772942,-0.069512724,0.1542719398,1.0,0.0106117863999999,0.0047804128999999,0.0194997199,0.1231331488,0.0727754835,0.0821990944,7.0,0.0281168993,1.466808e-10,0.0507761203,0.0198398583,0.3731070172,7.294650526,5.6203327e-09,55.0,2.552
2009-09-30,5234445.3131,0.5880287003,0.3457777524,0.0018775739,16.790253087,0.044410287,0.1646403324,-0.058534212,0.2188249112999999,0.3962911582,-0.019198367,0.0954741281,3.3046417502,0.0347007765,-0.034700776,16.0,-0.839386298,0.5506427848,-4.428875531,0.2330524766,21.593254529,0.0720308038,-0.43878217,0.036419017,0.1697712149,0.6959809745000001,0.1385861939,0.0179206713,1.0,1.7801910012,0.0803817937,0.0,0.0,0.0,0.4331246228,0.0449331774,0.765207127,0.4928890072999999,0.3657454425999999,0.4929715471,0.7278164235,0.5036265148,0.4611009411,1.7807510986,508.82038571,0.1898617923,0.0060255032,-0.103349607,-0.145718137,0.1100289602999999,0.0364872213,-0.304945444,-0.362728939,0.1666056481,-0.155317378,-0.20370121,-0.603064994,4.0,0.2897852019,0.0,0.0,0.0,0.480076637,0.0813401486,114.26321843,2.2778503118,21.570058681,0.0206013547,1.0,0.4179622007,0.0,0.8629338167,0.4255383954999999,0.4058672621999999,2.5622836211,0.0074644965,0.0008772942,-0.069512724,0.1542719398,1.0,0.0106117863999999,0.0047804128999999,0.0194997199,0.1231331488,0.0727754835,0.0821990944,7.0,0.0289398583999999,1.554649e-10,0.0359345712,0.0167255128,0.2807224532,4.8125811837,6.0798686e-09,55.0,2.409333333
2009-10-30,4955697.4163,0.5749130500999999,0.3305250151,-0.2755306389999999,16.702342707,0.0445542519,0.2473363326,-0.055903852,0.0934019005,0.4299588358,-0.193917454,0.1374055323,3.4233169249,0.0347007765,-0.034700776,16.0,-0.839386298,0.5506427848,-4.428875531,0.2330524766,21.593254529,0.0720308038,-0.43878217,0.036419017,0.1697712149,0.6959809745000001,0.1375434124,0.0179206713,1.0,1.7801910012,0.0803817937,0.0,0.0,0.0,0.4331246228,0.0449331774,0.765207127,0.4928890072999999,0.3657454425999999,0.4929715471,0.7278164235,0.5036265148,0.4611009411,1.7807510986,508.82038571,0.1898617923,0.0060255032,-0.103349607,-0.145718137,0.1100289602999999,0.0364872213,-0.304945444,-0.362728939,0.1666056481,-0.155317378,-0.20370121,-0.603064994,4.0,0.2897852019,0.0,0.0,0.0,0.480076637,0.0813401486,114.26321843,2.2778503118,21.570058681,0.0206013547,1.0,0.4179622007,0.0,0.8629338167,0.4255383954999999,0.4058672621999999,-0.129635817,0.0085440293,0.0049942946,0.0003699144999999,0.0179901319,2.0,0.0149845576,0.0051620005,0.0275324268,0.1091679234,0.0710304083,0.0808296047,7.0,0.0235993024,1.420006e-10,0.0282290652,0.0146600617999999,0.2728167469999999,4.6150317551,6.2206488e-09,55.0,2.485333333
2009-11-30,5112019.8326,0.5720050074,0.3271897285,-0.4734622779999999,16.62211643,0.0446873475999999,0.9125582127,0.0315439775999999,-0.069755449,0.3330873665,-0.160421183,0.1281391087,4.3181233949,0.0347007765,-0.034700776,16.0,-0.839386298,0.5506427848,-4.435768266,0.2330524766,21.593254529,0.0720308038,-0.43878217,0.036419017,0.1697712149,0.6959809745000001,0.1375434124,0.0179206713,1.0,1.7801910012,0.0803817937,0.0,0.0,0.0,0.4331246228,0.0449331774,0.765207127,0.4928890072999999,0.3657454425999999,0.4929715471,0.7278164235,0.5036265148,0.4611009411,1.7807510986,508.82038571,0.1898617923,0.0060255032,-0.103349607,-0.145718137,0.1100289602999999,0.0364872213,-0.304945444,-0.362728939,0.1666056481,-0.155317378,-0.20370121,-0.603064994,4.0,0.2897852019,0.0,0.0,0.0,0.480076637,0.0813401486,114.26321843,2.2778503118,21.570058681,0.0206013547,1.0,0.4179622007,0.0,0.8629338167,0.4255383954999999,0.4058672621999999,-0.129635817,0.0085440293,0.0049942946,0.0003699144999999,0.0179901319,2.0,0.0149845576,0.0051620005,0.0275324268,0.1091679234,0.0710304083,0.0808296047,7.0,0.0295692574,1.348334e-10,0.1190617085,0.0329361393,0.3922461209,12.300763785,3.20579e-09,55.0,2.585333333
2009-12-31,5320266.8125,0.5433790734,0.2952608174,-0.3070873289999999,17.272181258,0.0462554830999999,0.9323836965,0.0402360521,0.0341192695,0.4299961290999999,-0.176823499,0.1202132861999999,4.1078699528,0.0347007765,-0.034700776,16.0,-0.839386298,0.5506427848,-4.435768266,0.2330524766,21.593254529,0.0720308038,-0.43878217,0.036419017,0.1697712149,0.6959809745000001,0.1318879274,0.0179206713,1.0,1.7801910012,0.0803817937,0.0,0.0,0.0,0.4331246228,0.0449331774,0.765207127,0.4928890072999999,0.3657454425999999,0.4929715471,0.7278164235,0.5036265148,0.4611009411,1.7807510986,508.82038571,0.1898617923,0.0060255032,-0.103349607,-0.145718137,0.1100289602999999,0.0364872213,-0.304945444,-0.362728939,0.1666056481,-0.155317378,-0.20370121,-0.603064994,4.0,0.2897852019,0.0,0.0,0.0,0.480076637,0.0813401486,114.26321843,2.2778503118,21.570058681,0.0206013547,1.0,0.4179622007,0.0,0.8629338167,0.4255383954999999,0.4058672621999999,-0.129635817,0.0085440293,0.0049942946,0.0003699144999999,0.0179901319,2.0,0.0149845576,0.0051620005,0.0275324268,0.1091679234,0.0710304083,0.0808296047,7.0,0.0204503723,1.667356e-10,0.0291363895,0.0134503944999999,0.4528853618,6.475492332999999,7.7860988e-09,55.0,2.541333333
2010-01-29,5240280.0132,0.5466913993,0.2988714861,-0.237726562,16.520037653,0.0464518155,0.6367217815,-0.017019078,0.0183822725,0.2615484418,-0.041172848,0.1128453581,3.5966527968,0.0347007765,-0.034700776,16.0,-0.839386298,0.5506427848,-4.435768266,0.2330524766,21.593254529,0.0720308038,-0.43878217,0.036419017,0.1697712149,0.6959809745000001,0.1291694514,0.0179206713,1.0,1.7801910012,0.0803817937,0.0,0.0,0.0,0.4331246228,0.0449331774,0.765207127,0.4928890072999999,0.3657454425999999,0.4929715471,0.7278164235,0.5036265148,0.4611009411,1.7807510986,508.82038571,0.1898617923,0.0060255032,-0.103349607,-0.145718137,0.1100289602999999,0.0364872213,-0.304945444,-0.362728939,0.1666056481,-0.155317378,-0.20370121,-0.603064994,4.0,0.2897852019,0.0,0.0,0.0,0.480076637,0.0813401486,114.26321843,2.2778503118,21.570058681,0.0206013547,1.0,0.4179622007,0.0,0.8629338167,0.4255383954999999,0.4058672621999999,0.6265859113000001,0.0089817541,0.0083950288,-0.077366047,0.0533057554,3.0,0.0195338109,0.0049233895,0.0361512863,0.1055102034,0.0714028946,0.0811849311,7.0,0.0154034617999999,1.606642e-10,0.0165112894,0.0078478623,0.4472775317,3.2826334675,1.103655e-08,55.0,2.52
2010-02-26,5196290.2951,0.5440679634000001,0.2960099488,-0.46903224,16.058748687999998,0.0464832062,1.1930109041,-0.008394536,-0.062469282,0.3113174873,-0.167287313,0.113189576,2.1385640675,0.0347007765,-0.034700776,16.0,-0.839386298,0.5506427848,-4.435768266,0.2330524766,21.593254529,0.0720308038,-0.43878217,0.036419017,0.1697712149,0.6959809745000001,0.1307798813,0.0179206713,1.0,1.7801910012,0.0803817937,0.0,0.0,0.0,0.4331246228,0.0449331774,0.765207127,0.4928890072999999,0.3657454425999999,0.4929715471,0.7278164235,0.5036265148,0.4611009411,1.7807510986,508.82038571,0.1898617923,0.0060255032,-0.103349607,-0.145718137,0.1100289602999999,0.0364872213,-0.304945444,-0.362728939,0.1666056481,-0.155317378,-0.20370121,-0.603064994,4.0,0.2897852019,0.0,0.0,0.0,0.480076637,0.0813401486,114.26321843,2.2778503118,21.570058681,0.0206013547,1.0,0.4179622007,0.0,0.8629338167,0.4255383954999999,0.4058672621999999,0.6265859113000001,0.0089817541,0.0083950288,-0.077366047,0.0533057554,3.0,0.0195338109,0.0049233895,0.0361512863,0.1055102034,0.0714028946,0.0811849311,7.0,0.018761305,1.605603e-10,0.0190174654,0.0101716674,0.2994505986,2.6616105596,1.2654973e-08,55.0,2.62
2010-03-31,5407561.995,0.5367216625,0.288070143,-0.120836175,16.062041146,0.046219287,1.3238024517,0.039682541,-0.012539175,0.1330934781,-0.0310775329999999,0.0941981475,2.2025911045,0.0347007765,-0.034700776,16.0,-0.839386298,0.5506427848,-4.4320094580000005,0.2330524766,21.593254529,0.0720308038,-0.43878217,0.036419017,0.1697712149,0.6959809745000001,0.1307798813,0.0179206713,1.0,1.7801910012,0.0803817937,0.0,0.0,0.0,0.4331246228,0.0449331774,0.765207127,0.4928890072999999,0.3657454425999999,0.4929715471,0.7278164235,0.5036265148,0.4611009411,1.7807510986,508.82038571,0.1898617923,0.0060255032,-0.103349607,-0.145718137,0.1100289602999999,0.0364872213,-0.304945444,-0.362728939,0.1666056481,-0.155317378,-0.20370121,-0.603064994,4.0,0.2897852019,0.0,0.0,0.0,0.480076637,0.0813401486,114.26321843,2.2778503118,21.570058681,0.0206013547,1.0,0.4179622007,0.0,0.8629338167,0.4255383954999999,0.4058672621999999,0.6265859113000001,0.0089817541,0.0083950288,-0.077366047,0.0533057554,3.0,0.0195338109,0.0049233895,0.0361512863,0.1055102034,0.0714028946,0.0811849311,7.0,0.0191246788999999,1.495201e-10,0.0235885195,0.0181526579,0.4815486066,13.415772443,7.6516366e-09,55.0,2.780666667
2010-04-30,5751058.0938,0.5251847718,0.2758190446,0.1218463243,16.604241705,0.0462962564,1.0044942546,0.061323151,0.0874377382,0.1225364467999999,0.0577039333,0.1286587224,2.3968804243,0.0347007765,-0.034700776,16.0,-0.839386298,0.5506427848,-4.402524707,0.2330524766,21.593254529,0.0720308038,-0.43878217,0.036419017,0.1697712149,0.6959809745000001,0.1244497056,0.0179206713,1.0,1.7801910012,0.0803817937,0.0,0.0,0.0,0.4331246228,0.0449331774,0.765207127,0.4928890072999999,0.3657454425999999,0.4929715471,0.7278164235,0.5036265148,0.4611009411,1.7807510986,508.82038571,0.1898617923,0.0060255032,-0.103349607,-0.145718137,0.1100289602999999,0.0364872213,-0.304945444,-0.362728939,0.1666056481,-0.155317378,-0.20370121,-0.603064994,4.0,0.2897852019,0.0,0.0,0.0,0.480076637,0.0813401486,114.26321843,2.2778503118,21.570058681,0.0206013547,1.0,0.4179622007,0.0,0.8629338167,0.4255383954999999,0.4058672621999999,0.7180357685,0.0063093996,0.0055401703,-0.024106032,0.0833602669,4.0,0.0190969554,0.0044013168,0.0352077144,0.0296561685,0.0713922457,0.0811355341,7.0,0.0150113427,1.027433e-10,0.0190343279,0.0088671578,0.2838522767999999,2.8294900832,7.9907276e-09,55.0,3.259333333
2010-05-28,6738293.1927,0.5214712810000001,0.2719322969,0.3513023997999999,16.430231518,0.0463843726999999,0.4216568411999999,0.1716614664,0.1188304831,0.0736164898,0.0912921451,0.1194227086999999,2.6710155106,0.0347007765,-0.034700776,16.0,-0.839386298,0.5506427848,-4.402524707,0.2330524766,21.593254529,0.0720308038,-0.43878217,0.036419017,0.1697712149,0.6959809745000001,0.1244497056,0.0179206713,1.0,1.7801910012,0.0803817937,0.0,0.0,0.0,0.4331246228,0.0449331774,0.765207127,0.4928890072999999,0.3657454425999999,0.4929715471,0.7278164235,0.5036265148,0.4611009411,1.7807510986,508.82038571,0.1898617923,0.0060255032,-0.103349607,-0.145718137,0.1100289602999999,0.0364872213,-0.304945444,-0.362728939,0.1666056481,-0.155317378,-0.20370121,-0.603064994,4.0,0.2897852019,0.0,0.0,0.0,0.480076637,0.0813401486,114.26321843,2.2778503118,21.570058681,0.0206013547,1.0,0.4179622007,0.0,0.8629338167,0.4255383954999999,0.4058672621999999,0.7180357685,0.0063093996,0.0055401703,-0.024106032,0.0833602669,4.0,0.0190969554,0.0044013168,0.0352077144,0.0296561685,0.0713922457,0.0811355341,7.0,0.0166296825,1.422664e-10,0.0703495517,0.0183563181,0.4638210896,5.645486216799999,7.8605273e-09,55.0,3.401333333
2010-06-30,7046933.4832,0.5215815666,0.2720473305999999,0.239898513,16.698018339,0.0467900755,0.5111312962,0.0439943038,0.2601856682,0.3556171929999999,-0.05106613,0.0767256291,2.6624648446,0.0347007765,-0.034700776,16.0,-0.839386298,0.5506427848,-4.402524707,0.2330524766,21.593254529,0.0720308038,-0.43878217,0.036419017,0.1697712149,0.6959809745000001,0.1244497056,0.0179206713,1.0,1.7801910012,0.0803817937,0.0,0.0,0.0,0.4331246228,0.0449331774,0.765207127,0.4928890072999999,0.3657454425999999,0.4929715471,0.7278164235,0.5036265148,0.4611009411,1.7807510986,508.82038571,0.1898617923,0.0060255032,-0.103349607,-0.145718137,0.1100289602999999,0.0364872213,-0.304945444,-0.362728939,0.1666056481,-0.155317378,-0.20370121,-0.603064994,4.0,0.2897852019,0.0,0.0,0.0,0.480076637,0.0813401486,114.26321843,2.2778503118,21.570058681,0.0206013547,1.0,0.4179622007,0.0,0.8629338167,0.4255383954999999,0.4058672621999999,0.7180357685,0.0063093996,0.0055401703,-0.024106032,0.0833602669,4.0,0.0190969554,0.0044013168,0.0352077144,0.0296561685,0.0713922457,0.0811355341,7.0,0.029339305,1.621668e-10,0.0435814558999999,0.0201441905,0.3233467599,4.9491982395,7.2876323e-09,55.0,3.170666667
2010-07-30,6595145.3904,0.5211736763,0.2716220009,0.2465887525,16.867267905,0.0469455307,0.291928724,-0.067816526,0.33840508,0.3398108671,0.041860539,0.092920721,2.6041898031,0.004969031,0.004969031,17.0,-0.140259847,0.5160384547,-2.9941521310000003,0.2318648366,42.429892705,0.0544245711,-0.23227012,0.2192190434,0.0195729405,0.0994990782,0.0764528365,-0.0221468789999999,1.0,1.8083191554,0.0909470053,0.0,0.0,0.0,0.1768661013,0.0586796871,0.5922607329999999,0.4674391042,0.0833686545,0.51179576,0.1003314102999999,0.180473358,0.3999034281,0.0965449723,141.01304476,0.2376822452,0.0055522006999999,0.4583870207,0.0158006383,0.1314378678,0.0684291405,-0.121438042,0.1367343869999999,0.3239562438,-0.039400727,0.1122154806,0.0725142928,7.0,0.2545942544,0.0,0.0,0.0,0.4709727864999999,0.1107256313,179.9540375,2.5334603793,28.345889109,1.0087567978,1.0,0.3552328177,0.0,0.9249623783,0.4432403472,0.7760534546,0.7180357685,0.0063093996,0.0055401703,-0.024106032,0.0833602669,4.0,0.0190969554,0.0044013168,0.0352077144,0.0296561685,0.0713922457,0.0811355341,4.0,0.0221616511,1.895826e-10,0.0187667514999999,0.0142771315,0.2919607487,3.135623172,9.0563421e-09,55.0,3.285333333
2010-08-31,6833657.4307,0.5206197908,0.2710449666,0.3740431076,16.484595075,0.0465053267999999,-0.017392879,0.0361647904,0.2582011114999999,0.1696999794,0.2206544126,0.0717067711,2.4888116978,0.004969031,0.004969031,17.0,-0.140259847,0.5160384547,-3.000564814,0.2318648366,42.429892705,0.0544245711,-0.23227012,0.2192190434,0.0195729405,0.0994990782,0.0764528365,-0.0221468789999999,1.0,1.8083191554,0.0909470053,0.0,0.0,0.0,0.1768661013,0.0586796871,0.5922607329999999,0.4674391042,0.0833686545,0.51179576,0.1003314102999999,0.180473358,0.3999034281,0.0965449723,141.01304476,0.2376822452,0.0055522006999999,0.4583870207,0.0158006383,0.1314378678,0.0684291405,-0.121438042,0.1367343869999999,0.3239562438,-0.039400727,0.1122154806,0.0725142928,7.0,0.2545942544,0.0,0.0,0.0,0.4709727864999999,0.1107256313,179.9540375,2.5334603793,28.345889109,1.0087567978,1.0,0.3552328177,0.0,0.9249623783,0.4432403472,0.7760534546,2.2946616017,0.0056332037,0.0043283157,-0.015486922,-0.034728649,0.0,0.015364515,0.0045528321,0.0276707062,0.0112715348,0.0740573803,0.0842265518,4.0,0.0251609954999999,2.24844e-10,0.0305260848,0.0173905647,0.3327069725,3.6883168322,9.0813548e-09,55.0,3.151333333
2010-09-30,6559232.5335,0.5038833110000001,0.2538983911,0.1761532292,16.567702244,0.0465499655,0.1011943805,-0.040787306,0.2539440065,0.2873563224,0.0770961729,0.0943525727999999,2.2475787157,0.004969031,0.004969031,17.0,-0.140259847,0.5160384547,-3.0034421160000004,0.2318648366,42.429892705,0.0544245711,-0.23227012,0.2192190434,0.0195729405,0.0994990782,0.0764528365,-0.0221468789999999,1.0,1.8083191554,0.0909470053,0.0,0.0,0.0,0.1768661013,0.0586796871,0.5922607329999999,0.4674391042,0.0833686545,0.51179576,0.1003314102999999,0.180473358,0.3999034281,0.0965449723,141.01304476,0.2376822452,0.0055522006999999,0.4583870207,0.0158006383,0.1314378678,0.0684291405,-0.121438042,0.1367343869999999,0.3239562438,-0.039400727,0.1122154806,0.0725142928,7.0,0.2545942544,0.0,0.0,0.0,0.4709727864999999,0.1107256313,179.9540375,2.5334603793,28.345889109,1.0087567978,1.0,0.3552328177,0.0,0.9249623783,0.4432403472,0.7760534546,2.2946616017,0.0056332037,0.0043283157,-0.015486922,-0.034728649,0.0,0.015364515,0.0045528321,0.0276707062,0.0112715348,0.0740573803,0.0842265518,4.0,0.0186632168,1.408753e-10,0.0151286097,0.0100691501,0.3804461402,3.7164703657,8.6791674e-09,55.0,3.546666667
2010-10-29,7411824.1063,0.5009457317,0.2509466261,0.1213507033,16.525493819,0.0468093609,-0.003023252,0.1254495531,0.1333013964,0.3079690338,0.0817120557,0.0875427794999999,2.0715762274,0.004969031,0.004969031,17.0,-0.140259847,0.5160384547,-3.0034421160000004,0.2318648366,42.429892705,0.0544245711,-0.23227012,0.2192190434,0.0195729405,0.0994990782,0.0764528365,-0.0221468789999999,1.0,1.8083191554,0.0909470053,0.0,0.0,0.0,0.1768661013,0.0586796871,0.5922607329999999,0.4674391042,0.0833686545,0.51179576,0.1003314102999999,0.180473358,0.3999034281,0.0965449723,141.01304476,0.2376822452,0.0055522006999999,0.4583870207,0.0158006383,0.1314378678,0.0684291405,-0.121438042,0.1367343869999999,0.3239562438,-0.039400727,0.1122154806,0.0725142928,7.0,0.2545942544,0.0,0.0,0.0,0.4709727864999999,0.1107256313,179.9540375,2.5334603793,28.345889109,1.0087567978,1.0,0.3552328177,0.0,0.9249623783,0.4432403472,0.7760534546,0.8809015297,0.0061746245999999,0.0049454131,0.0033988024,0.0657708691,1.0,0.020386195,0.0044745993,0.0362922187,0.0202254951,0.0749775558999999,0.0852123128999999,4.0,0.0172162901,1.907453e-10,0.0338480733,0.012645634,0.2896659571,2.2754091733,1.2584799e-08,55.0,3.9
2010-11-30,8150220.0,0.5065851415,0.2566285056,-0.113837128,16.318918610999997,0.0466347174,0.2828601306,0.0996240452,0.0886024561999999,0.4270386882,0.1290126726,0.0842732515,1.9106898601,0.004969031,0.004969031,17.0,-0.140259847,0.5160384547,-3.006374629,0.2318648366,42.429892705,0.0544245711,-0.23227012,0.2192190434,0.0195729405,0.0994990782,0.0764528365,-0.0221468789999999,1.0,1.8083191554,0.0909470053,0.0,0.0,0.0,0.1768661013,0.0586796871,0.5922607329999999,0.4674391042,0.0833686545,0.51179576,0.1003314102999999,0.180473358,0.3999034281,0.0965449723,141.01304476,0.2376822452,0.0055522006999999,0.4583870207,0.0158006383,0.1314378678,0.0684291405,-0.121438042,0.1367343869999999,0.3239562438,-0.039400727,0.1122154806,0.0725142928,7.0,0.2545942544,0.0,0.0,0.0,0.4709727864999999,0.1107256313,179.9540375,2.5334603793,28.345889109,1.0087567978,1.0,0.3552328177,0.0,0.9249623783,0.4432403472,0.7760534546,0.8809015297,0.0061746245999999,0.0049454131,0.0033988024,0.0657708691,1.0,0.020386195,0.0044745993,0.0362922187,0.0202254951,0.0749775558999999,0.0852123128999999,4.0,0.018097473,1.390942e-10,0.0499999523,0.0138766413999999,0.3200391194,3.1301144284,1.1486289e-08,55.0,4.012
2010-12-31,8403354.7026,0.5000977049,0.2500977144,-0.136089226,16.508957346,0.0462341636,0.3458720983,0.0287179537,0.1466091646,0.5085095847,0.1801581928999999,0.0600484015,1.6866204341,0.004969031,0.004969031,17.0,-0.140259847,0.5160384547,-3.006374629,0.2318648366,42.429892705,0.0544245711,-0.23227012,0.2192190434,0.0195729405,0.0994990782,0.0764528365,-0.0221468789999999,1.0,1.8083191554,0.0909470053,0.0,0.0,0.0,0.1768661013,0.0586796871,0.5922607329999999,0.4674391042,0.0833686545,0.51179576,0.1003314102999999,0.180473358,0.3999034281,0.0965449723,141.01304476,0.2376822452,0.0055522006999999,0.4583870207,0.0158006383,0.1314378678,0.0684291405,-0.121438042,0.1367343869999999,0.3239562438,-0.039400727,0.1122154806,0.0725142928,7.0,0.2545942544,0.0,0.0,0.0,0.4709727864999999,0.1107256313,179.9540375,2.5334603793,28.345889109,1.0087567978,1.0,0.3552328177,0.0,0.9249623783,0.4432403472,0.7760534546,0.8809015297,0.0061746245999999,0.0049454131,0.0033988024,0.0657708691,1.0,0.020386195,0.0044745993,0.0362922187,0.0202254951,0.0749775558999999,0.0852123128999999,4.0,0.0174273390999999,1.40399e-10,0.0204564501,0.0107213263999999,0.4269352086,3.0046637034,1.2587886000000002e-08,55.0,4.028
2011-01-31,8520790.6618,0.4803259108,0.2307129805999999,0.022756122,16.447958854,0.0437432199,0.3348875112,0.0039880005999999,0.2653490069,0.578698893,0.1754547867,0.1142055285,1.7192668964,0.004969031,0.004969031,17.0,-0.140259847,0.5160384547,-3.006374629,0.2318648366,42.429892705,0.0544245711,-0.23227012,0.2192190434,0.0195729405,0.0994990782,0.0764528365,-0.0221468789999999,1.0,1.8083191554,0.0909470053,0.0,0.0,0.0,0.1768661013,0.0586796871,0.5922607329999999,0.4674391042,0.0833686545,0.51179576,0.1003314102999999,0.180473358,0.3999034281,0.0965449723,141.01304476,0.2376822452,0.0055522006999999,0.4583870207,0.0158006383,0.1314378678,0.0684291405,-0.121438042,0.1367343869999999,0.3239562438,-0.039400727,0.1122154806,0.0725142928,7.0,0.2545942544,0.0,0.0,0.0,0.4709727864999999,0.1107256313,179.9540375,2.5334603793,28.345889109,1.0087567978,1.0,0.3552328177,0.0,0.9249623783,0.4432403472,0.7760534546,0.162946881,0.006429549,0.0039190083,-0.0095888019999999,-0.018951047,2.0,0.0205865604,0.0040659596,0.0355656035999999,0.0196908477,0.0758147645,0.0856468515,4.0,0.0150152262999999,1.197763e-10,0.0171306357,0.0089751547,0.4854098140999999,4.3189979078,1.1401943000000002e-08,55.0,3.788666667
2011-02-28,8014507.8382,0.4522606504999999,0.204539696,-0.150497453,16.504553698,0.0431688421999999,0.4615726569,-0.059417352,0.2260551905,0.5984126772,0.2844036367999999,0.0854810244999999,1.6937121788,0.004969031,0.004969031,17.0,-0.140259847,0.5160384547,-3.006374629,0.2318648366,42.429892705,0.0544245711,-0.23227012,0.2192190434,0.0195729405,0.0994990782,0.0764528365,-0.0221468789999999,1.0,1.8083191554,0.0909470053,0.0,0.0,0.0,0.1768661013,0.0586796871,0.5922607329999999,0.4674391042,0.0833686545,0.51179576,0.1003314102999999,0.180473358,0.3999034281,0.0965449723,141.01304476,0.2376822452,0.0055522006999999,0.4583870207,0.0158006383,0.1314378678,0.0684291405,-0.121438042,0.1367343869999999,0.3239562438,-0.039400727,0.1122154806,0.0725142928,7.0,0.2545942544,0.0,0.0,0.0,0.4709727864999999,0.1107256313,179.9540375,2.5334603793,28.345889109,1.0087567978,1.0,0.3552328177,0.0,0.9249623783,0.4432403472,0.7760534546,0.162946881,0.006429549,0.0039190083,-0.0095888019999999,-0.018951047,2.0,0.0205865604,0.0040659596,0.0355656035999999,0.0196908477,0.0758147645,0.0856468515,4.0,0.0207173577,1.669026e-10,0.0161777753,0.0154471976,0.2112255503,1.8026791723,1.2801543e-08,55.0,3.705333333
2011-03-31,7828387.6779,0.433477687,0.1879029051,-0.027000372,16.432541908,0.0429106736,0.4416277205,-0.0219954229999999,0.2022424686,0.4460560499,0.4577151605,0.1436595365,1.8581876192,0.004969031,0.004969031,17.0,-0.140259847,0.5160384547,-3.00459864,0.2318648366,42.429892705,0.0544245711,-0.23227012,0.2192190434,0.0195729405,0.0994990782,0.0764528365,-0.0221468789999999,1.0,1.8083191554,0.0909470053,0.0,0.0,0.0,0.1768661013,0.0586796871,0.5922607329999999,0.4674391042,0.0833686545,0.51179576,0.1003314102999999,0.180473358,0.3999034281,0.0965449723,141.01304476,0.2376822452,0.0055522006999999,0.4583870207,0.0158006383,0.1314378678,0.0684291405,-0.121438042,0.1367343869999999,0.3239562438,-0.039400727,0.1122154806,0.0725142928,7.0,0.2545942544,0.0,0.0,0.0,0.4709727864999999,0.1107256313,179.9540375,2.5334603793,28.345889109,1.0087567978,1.0,0.3552328177,0.0,0.9249623783,0.4432403472,0.7760534546,0.162946881,0.006429549,0.0039190083,-0.0095888019999999,-0.018951047,2.0,0.0205865604,0.0040659596,0.0355656035999999,0.0196908477,0.0758147645,0.0856468515,4.0,0.0213808661,1.273767e-10,0.0191150772999999,0.0160762224,0.4330166306,6.251669173400001,1.1244149e-08,55.0,3.830666667
2011-04-29,7972115.193,0.433655378,0.1880569868,-0.195398393,16.59150703,0.0427562983,0.4230176277,0.0338250659,0.0447368639,0.3325342366,0.4624824145,0.1356621318,1.8170368982,0.004969031,0.004969031,17.0,-0.140259847,0.5160384547,-2.974268068,0.2318648366,42.429892705,0.0544245711,-0.23227012,0.2192190434,0.0195729405,0.0994990782,0.0764528365,-0.0221468789999999,1.0,1.8083191554,0.0909470053,0.0,0.0,0.0,0.1768661013,0.0586796871,0.5922607329999999,0.4674391042,0.0833686545,0.51179576,0.1003314102999999,0.180473358,0.3999034281,0.0965449723,141.01304476,0.2376822452,0.0055522006999999,0.4583870207,0.0158006383,0.1314378678,0.0684291405,-0.121438042,0.1367343869999999,0.3239562438,-0.039400727,0.1122154806,0.0725142928,7.0,0.2545942544,0.0,0.0,0.0,0.4709727864999999,0.1107256313,179.9540375,2.5334603793,28.345889109,1.0087567978,1.0,0.3552328177,0.0,0.9249623783,0.4432403472,0.7760534546,0.5040137588,0.0085983272,0.0046142892,0.0009825338,0.0463412169,3.0,0.0237041695999999,0.0039714532,0.0397692916,0.0226189937,0.0766153053,0.0872133001,4.0,0.0189144826,1.684298e-10,0.0179482064999999,0.01077813,0.2649976965,2.0795511545,1.1821727e-08,55.0,3.937333333
2011-05-31,8194102.7105,0.434755523,0.1890123648,-0.187480762,16.381412645,0.0422291734999999,0.2973362175,0.0278454982,-0.017777792,0.1757724689,0.6927605588,0.1457675324,1.7980948236,0.004969031,0.004969031,17.0,-0.140259847,0.5160384547,-2.974268068,0.2318648366,42.429892705,0.0544245711,-0.23227012,0.2192190434,0.0195729405,0.0994990782,0.0764528365,-0.0221468789999999,1.0,1.8083191554,0.0909470053,0.0,0.0,0.0,0.1768661013,0.0586796871,0.5922607329999999,0.4674391042,0.0833686545,0.51179576,0.1003314102999999,0.180473358,0.3999034281,0.0965449723,141.01304476,0.2376822452,0.0055522006999999,0.4583870207,0.0158006383,0.1314378678,0.0684291405,-0.121438042,0.1367343869999999,0.3239562438,-0.039400727,0.1122154806,0.0725142928,7.0,0.2545942544,0.0,0.0,0.0,0.4709727864999999,0.1107256313,179.9540375,2.5334603793,28.345889109,1.0087567978,1.0,0.3552328177,0.0,0.9249623783,0.4432403472,0.7760534546,0.5040137588,0.0085983272,0.0046142892,0.0009825338,0.0463412169,3.0,0.0237041695999999,0.0039714532,0.0397692916,0.0226189937,0.0766153053,0.0872133001,4.0,0.0181596438,1.194897e-10,0.0256002955,0.0093373206,0.3739792188,3.1337570315,1.3288331e-08,55.0,4.007333333
2011-06-30,8287365.7841,0.4321181133,0.1867260637999999,-0.180700603,16.417381386,0.0417362864,0.4687745693,0.0177785177,-0.018610815,0.1575852806,0.9510516701,0.1146661899,1.7818739044,0.004969031,0.004969031,17.0,-0.140259847,0.5160384547,-2.974268068,0.2318648366,42.429892705,0.0544245711,-0.23227012,0.2192190434,0.0195729405,0.0994990782,0.0764528365,-0.0221468789999999,1.0,1.8083191554,0.0909470053,0.0,0.0,0.0,0.1768661013,0.0586796871,0.5922607329999999,0.4674391042,0.0833686545,0.51179576,0.1003314102999999,0.180473358,0.3999034281,0.0965449723,141.01304476,0.2376822452,0.0055522006999999,0.4583870207,0.0158006383,0.1314378678,0.0684291405,-0.121438042,0.1367343869999999,0.3239562438,-0.039400727,0.1122154806,0.0725142928,7.0,0.2545942544,0.0,0.0,0.0,0.4709727864999999,0.1107256313,179.9540375,2.5334603793,28.345889109,1.0087567978,1.0,0.3552328177,0.0,0.9249623783,0.4432403472,0.7760534546,0.5040137588,0.0085983272,0.0046142892,0.0009825338,0.0463412169,3.0,0.0237041695999999,0.0039714532,0.0397692916,0.0226189937,0.0766153053,0.0872133001,4.0,0.0161705462,9.304186999999999e-11,0.0195197985,0.0100938255,0.4070981052,4.2342580113,1.056341e-08,55.0,4.367333333
2011-07-29,8906412.3404,0.4180764984,0.1747879585,-0.1861515239999999,16.609402635,0.0418552155,0.5442419021,0.0898353234,-0.005130709,0.263877191,1.1279642081,0.1331164398,1.9135645373,0.0578503165,-0.057850316,18.0,-0.05570587,0.3847554915999999,-3.059313995,0.2987496911,128.87308368,0.0825847045,-0.05829328,-0.219821726,0.0258823872,-0.110124149,0.0224370041,-0.004606748,0.0,1.8725229015,0.0871615128,0.0,0.0,0.0,0.1950284173,0.0492176142,0.5833397296,0.0694804188,0.0677936512,0.5787168826,0.0454241221,0.0967200261,0.2157243403,-0.122858973,2728.2991714,0.2615689077,0.0060701923,-0.707881295,0.0355046541,-0.041623058,0.0095182151,-0.112250741,0.0559304428,0.0395591749,0.0585568154,0.0528825126999999,-0.677950178,8.0,0.2372367957,0.0,0.0,0.0,0.4839323377,0.1443462932,181.60643989,2.6674361301,29.38996036,1.0,1.0,0.1135663211999999,0.0,0.6334535198,0.4557368826,2.4546292845,0.5040137588,0.0085983272,0.0046142892,0.0009825338,0.0463412169,3.0,0.0237041695999999,0.0039714532,0.0397692916,0.0226189937,0.0766153053,0.0872133001,6.0,0.0154118074,1.215612e-10,0.0200099535,0.0100742852,0.2717679195,2.6401240381,9.7797224e-09,55.0,3.966666667
2011-08-31,8089322.5,0.4120833653,0.1698127,-0.106224045,16.725361815,0.0410055881,0.3976160174,-0.091741748,0.1527362296,0.3293426103,0.9295221846,0.1930374766,2.1064188195,0.0578503165,-0.057850316,18.0,-0.05570587,0.3847554915999999,-3.0648404460000003,0.2987496911,128.87308368,0.0825847045,-0.05829328,-0.219821726,0.0258823872,-0.110124149,0.0224370041,-0.004606748,0.0,1.8725229015,0.0871615128,0.0,0.0,0.0,0.1950284173,0.0492176142,0.5833397296,0.0694804188,0.0677936512,0.5787168826,0.0454241221,0.0967200261,0.2157243403,-0.122858973,2728.2991714,0.2615689077,0.0060701923,-0.707881295,0.0355046541,-0.041623058,0.0095182151,-0.112250741,0.0559304428,0.0395591749,0.0585568154,0.0528825126999999,-0.677950178,8.0,0.2312122489,0.0,0.0,0.0,0.4839323377,0.1443462932,181.60643989,2.6674361301,29.38996036,1.0,1.0,0.1135663211999999,0.0,0.6334535198,0.4557368826,2.4546292845,0.9769868529,0.0058878801,0.0040677858,-0.011099602,-0.035484568,0.0,0.0210533900999999,0.0039771655,0.0344016516,0.0160352485,0.0764920487,0.0870692863,6.0,0.0170605921,7.200293000000001e-11,0.0106853441999999,0.0090285724,0.3376395517,5.9884475402,9.6878759e-09,55.0,4.325333333
2011-09-30,8820046.3466,0.4174923018,0.174299822,-0.008472353,16.720523962999998,0.0410085839,0.5164140965,0.0904201194999999,0.0705289298,0.258726456,0.6232829173,0.1855712176,3.1173124483,0.0578503165,-0.057850316,18.0,-0.05570587,0.3847554915999999,-3.06701211,0.2987496911,128.87308368,0.0825847045,-0.05829328,-0.219821726,0.0258823872,-0.110124149,0.0224370041,-0.004606748,0.0,1.8725229015,0.0871615128,0.0,0.0,0.0,0.1950284173,0.0492176142,0.5833397296,0.0694804188,0.0677936512,0.5787168826,0.0454241221,0.0967200261,0.2157243403,-0.122858973,2728.2991714,0.2615689077,0.0060701923,-0.707881295,0.0355046541,-0.041623058,0.0095182151,-0.112250741,0.0559304428,0.0395591749,0.0585568154,0.0528825126999999,-0.677950178,8.0,0.2312122489,0.0,0.0,0.0,0.4839323377,0.1443462932,181.60643989,2.6674361301,29.38996036,1.0,1.0,0.1135663211999999,0.0,0.6334535198,0.4557368826,2.4546292845,0.9769868529,0.0058878801,0.0040677858,-0.011099602,-0.035484568,0.0,0.0210533900999999,0.0039771655,0.0344016516,0.0160352485,0.0764920487,0.0870692863,6.0,0.027811163,1.031108e-10,0.0431229956,0.0201088536,0.3375311647,7.3359946705,4.2109194e-09,55.0,4.442
2011-10-31,8558556.5172,0.412255125,0.1699542881,0.0795140895,17.500439400999998,0.0387539768,0.2418996566,0.026972875,0.129133276,0.2195488005,0.9872991946,0.2742638688,3.2547690294,0.0578503165,-0.057850316,18.0,-0.05570587,0.3847554915999999,-3.06701211,0.2987496911,128.87308368,0.0825847045,-0.05829328,-0.219821726,0.0258823872,-0.110124149,0.0224370041,-0.004606748,0.0,1.8725229015,0.0871615128,0.0,0.0,0.0,0.1950284173,0.0492176142,0.5833397296,0.0694804188,0.0677936512,0.5787168826,0.0454241221,0.0967200261,0.2157243403,-0.122858973,2728.2991714,0.2615689077,0.0060701923,-0.707881295,0.0355046541,-0.041623058,0.0095182151,-0.112250741,0.0559304428,0.0395591749,0.0585568154,0.0528825126999999,-0.677950178,8.0,0.2341842397,0.0,0.0,0.0,0.4839323377,0.1443462932,181.60643989,2.6674361301,29.38996036,1.0,1.0,0.1135663211999999,0.0,0.6334535198,0.4557368826,2.4546292845,0.4314679429999999,0.0438346475,0.0005580973999999,-0.004618475,0.0082689411,0.0,0.0203006165,0.003783898,0.0319264975,0.012878765,0.0766046034,0.0867209227999999,6.0,0.0276090035999999,1.157747e-10,0.0274775047,0.0142824824,0.24639305,2.906020822,8.5081898e-09,55.0,5.07
2011-11-30,9759344.7916,0.3515650475,0.1235979826,0.2781008966,16.911921632000002,0.0343814794,0.0243574479999999,0.1413778514,0.1281746611999999,0.1389743098,1.1578752597,0.0414077100999999,3.1454502005,0.0578503165,-0.057850316,18.0,-0.05570587,0.3847554915999999,-3.069243638,0.2987496911,128.87308368,0.0825847045,-0.05829328,-0.219821726,0.0258823872,-0.110124149,0.0224370041,-0.004606748,0.0,1.8725229015,0.0871615128,0.0,0.0,0.0,0.1950284173,0.0492176142,0.5833397296,0.0694804188,0.0677936512,0.5787168826,0.0454241221,0.0967200261,0.2157243403,-0.122858973,2728.2991714,0.2615689077,0.0060701923,-0.707881295,0.0355046541,-0.041623058,0.0095182151,-0.112250741,0.0559304428,0.0395591749,0.0585568154,0.0528825126999999,-0.677950178,8.0,0.2472018469,0.0,0.0,0.0,0.4839323377,0.1443462932,181.60643989,2.6674361301,29.38996036,1.0,1.0,0.1135663211999999,0.0,0.6334535198,0.4557368826,2.4546292845,0.4314679429999999,0.0438346475,0.0005580973999999,-0.004618475,0.0082689411,0.0,0.0203006165,0.003783898,0.0319264975,0.012878765,0.0766046034,0.0867209227999999,6.0,0.0261009452,1.452025e-10,0.0844729393999999,0.0226391775999999,0.4002305559,4.3391895129,1.010177e-08,55.0,5.149333333
2011-12-30,9912054.4459,0.1843467544,0.0339837259,0.2861406573,16.818487409,0.0328339478,0.1331340404,0.0156475306,0.2651805363,0.2637089163,1.3084004831,0.7267255362999999,2.1594092363,0.0578503165,-0.057850316,18.0,-0.05570587,0.3847554915999999,-3.069243638,0.2987496911,128.87308368,0.0825847045,-0.05829328,-0.219821726,0.0258823872,-0.110124149,0.0224370041,-0.004606748,0.0,1.8725229015,0.0871615128,0.0,0.0,0.0,0.1950284173,0.0492176142,0.5833397296,0.0694804188,0.0677936512,0.5787168826,0.0454241221,0.0967200261,0.2157243403,-0.122858973,2728.2991714,0.2615689077,0.0060701923,-0.707881295,0.0355046541,-0.041623058,0.0095182151,-0.112250741,0.0559304428,0.0395591749,0.0585568154,0.0528825126999999,-0.677950178,8.0,0.2514949727,0.0,0.0,0.0,0.4839323377,0.1443462932,181.60643989,2.6674361301,29.38996036,1.0,1.0,0.1135663211999999,0.0,0.6334535198,0.4557368826,2.4546292845,0.4314679429999999,0.0438346475,0.0005580973999999,-0.004618475,0.0082689411,0.0,0.0203006165,0.003783898,0.0319264975,0.012878765,0.0766046034,0.0867209227999999,6.0,0.0197637975,1.261773e-10,0.0303744413,0.0117344346,0.319627049,3.1362357538,1.177522e-08,55.0,5.33
2012-01-31,10168040.612,0.2193516335,0.0481151391,0.1361805782,16.679820945,0.0319737959,0.0677470264,0.035085436,0.17905656,0.2783846415,0.9655171931,0.3763248365,1.7860329192,0.0578503165,-0.057850316,18.0,-0.05570587,0.3847554915999999,-3.069243638,0.2987496911,128.87308368,0.0825847045,-0.05829328,-0.219821726,0.0258823872,-0.110124149,0.0224370041,-0.004606748,0.0,1.8725229015,0.0871615128,0.0,0.0,0.0,0.1950284173,0.0492176142,0.5833397296,0.0694804188,0.0677936512,0.5787168826,0.0454241221,0.0967200261,0.2157243403,-0.122858973,2728.2991714,0.2615689077,0.0060701923,-0.707881295,0.0355046541,-0.041623058,0.0095182151,-0.112250741,0.0559304428,0.0395591749,0.0585568154,0.0528825126999999,-0.677950178,8.0,0.2472018469,0.0,0.0,0.0,0.4839323377,0.1443462932,181.60643989,2.6674361301,29.38996036,1.0,1.0,0.1135663211999999,0.0,0.6334535198,0.4557368826,2.4546292845,1.0508969393,0.0500926033,0.0023105779,-0.009769782,-0.040902824,1.0,0.0254896737999999,0.0038518078,0.0419630786,0.011011954,0.0797158919,0.0909857357,6.0,0.0178274964,1.556432e-10,0.0324548893,0.0147599365999999,0.3804880881,2.9706765104,1.4103882e-08,55.0,5.434
2012-02-29,10366442.072,0.2251115109,0.0506751924,0.3229338053,16.533550982,0.0289486929999999,0.0884353858,0.0195122603,0.3436974241,0.4068272755,0.9549364405,0.5967777637,1.5775084843,0.0578503165,-0.057850316,18.0,-0.05570587,0.3847554915999999,-3.069243638,0.2987496911,128.87308368,0.0825847045,-0.05829328,-0.219821726,0.0258823872,-0.110124149,0.0224370041,-0.004606748,0.0,1.8725229015,0.0871615128,0.0,0.0,0.0,0.1950284173,0.0492176142,0.5833397296,0.0694804188,0.0677936512,0.5787168826,0.0454241221,0.0967200261,0.2157243403,-0.122858973,2728.2991714,0.2615689077,0.0060701923,-0.707881295,0.0355046541,-0.041623058,0.0095182151,-0.112250741,0.0559304428,0.0395591749,0.0585568154,0.0528825126999999,-0.677950178,8.0,0.2442453103,0.0,0.0,0.0,0.4839323377,0.1443462932,181.60643989,2.6674361301,29.38996036,1.0,1.0,0.1135663211999999,0.0,0.6334535198,0.4557368826,2.4546292845,1.0508969393,0.0500926033,0.0023105779,-0.009769782,-0.040902824,1.0,0.0254896737999999,0.0038518078,0.0419630786,0.011011954,0.0797158919,0.0909857357,6.0,0.0179821835,1.342256e-10,0.0167678874,0.0125506037,0.3713151335,2.8094560463,1.5080553999999998e-08,55.0,5.766666667
2012-03-30,10985413.5,0.3004848765,0.090291161,0.1659043505,16.526022074,0.028602081,0.0906090599,0.0612194538,0.2563194439,0.4665347072999999,0.6660671628,-0.235937113,1.6667830753,0.0578503165,-0.057850316,18.0,-0.05570587,0.3847554915999999,-3.067366189,0.2987496911,128.87308368,0.0825847045,-0.05829328,-0.219821726,0.0258823872,-0.110124149,0.0224370041,-0.004606748,0.0,1.8725229015,0.0871615128,0.0,0.0,0.0,0.1950284173,0.0492176142,0.5833397296,0.0694804188,0.0677936512,0.5787168826,0.0454241221,0.0967200261,0.2157243403,-0.122858973,2728.2991714,0.2615689077,0.0060701923,-0.707881295,0.0355046541,-0.041623058,0.0095182151,-0.112250741,0.0559304428,0.0395591749,0.0585568154,0.0528825126999999,-0.677950178,8.0,0.2501869458,0.0,0.0,0.0,0.4839323377,0.1443462932,181.60643989,2.6674361301,29.38996036,1.0,1.0,0.1135663211999999,0.0,0.6334535198,0.4557368826,2.4546292845,1.0508969393,0.0500926033,0.0023105779,-0.009769782,-0.040902824,1.0,0.0254896737999999,0.0038518078,0.0419630786,0.011011954,0.0797158919,0.0909857357,6.0,0.0159137797,7.934675e-11,0.0192553848,0.010147803,0.2590745575,2.6838717498,1.0867901000000002e-08,55.0,6.09
2012-04-30,11509460.358,0.2710120394999999,0.0734475256,0.2114148378999999,16.913186506,0.0278659012,0.1175592977,0.056069348,0.2982140682,0.5053950735,0.6412454017,0.3528325593999999,1.6742299873,0.0578503165,-0.057850316,18.0,-0.05570587,0.3847554915999999,-3.0695187460000004,0.2987496911,128.87308368,0.0825847045,-0.05829328,-0.219821726,0.0258823872,-0.110124149,0.0224370041,-0.004606748,0.0,1.8725229015,0.0871615128,0.0,0.0,0.0,0.1950284173,0.0492176142,0.5833397296,0.0694804188,0.0677936512,0.5787168826,0.0454241221,0.0967200261,0.2157243403,-0.122858973,2728.2991714,0.2615689077,0.0060701923,-0.707881295,0.0355046541,-0.041623058,0.0095182151,-0.112250741,0.0559304428,0.0395591749,0.0585568154,0.0528825126999999,-0.677950178,8.0,0.2485252692,0.0,0.0,0.0,0.4839323377,0.1443462932,181.60643989,2.6674361301,29.38996036,1.0,1.0,0.1135663211999999,0.0,0.6334535198,0.4557368826,2.4546292845,0.4048694171999999,0.0512744351999999,0.0025759348,0.0039383005,0.0723493472,2.0,0.0276633825999999,0.004200806,0.0470729074,0.0128019246,0.0810616946,0.0934322381,6.0,0.0121389739999999,7.502625e-11,0.0182659179,0.0079058495,0.2002814959,1.330431694,1.3091981e-08,55.0,7.030666667
2012-05-31,13303230.609,0.2462797507,0.0606537156,0.0996373149,16.68414842,0.0275289812,0.1505529108,0.1549534649,0.2011833618,0.5467320687,0.5202060103,0.5324262907,1.7935406439,0.0578503165,-0.057850316,18.0,-0.05570587,0.3847554915999999,-3.0695187460000004,0.2987496911,128.87308368,0.0825847045,-0.05829328,-0.219821726,0.0258823872,-0.110124149,0.0224370041,-0.004606748,0.0,1.8725229015,0.0871615128,0.0,0.0,0.0,0.1950284173,0.0492176142,0.5833397296,0.0694804188,0.0677936512,0.5787168826,0.0454241221,0.0967200261,0.2157243403,-0.122858973,2728.2991714,0.2615689077,0.0060701923,-0.707881295,0.0355046541,-0.041623058,0.0095182151,-0.112250741,0.0559304428,0.0395591749,0.0585568154,0.0528825126999999,-0.677950178,8.0,0.2485252692,0.0,0.0,0.0,0.4839323377,0.1443462932,181.60643989,2.6674361301,29.38996036,1.0,1.0,0.1135663211999999,0.0,0.6334535198,0.4557368826,2.4546292845,0.4048694171999999,0.0512744351999999,0.0025759348,0.0039383005,0.0723493472,2.0,0.0276633825999999,0.004200806,0.0470729074,0.0128019246,0.0810616946,0.0934322381,6.0,0.0205424129,1.087771e-10,0.0623059049,0.0179493214,0.4680808958,5.8468438995000005,1.2003754999999996e-08,55.0,6.386
2012-06-29,12078257.005,0.3189227987999999,0.1017117516,-0.044816906,17.002904526,0.0277692393,0.1396163094999999,-0.092080913,0.3659373393999999,0.7551987303000001,0.6674064345,0.3707874576,2.0299719704,0.0578503165,-0.057850316,18.0,-0.05570587,0.3847554915999999,-3.0695187460000004,0.2987496911,128.87308368,0.0825847045,-0.05829328,-0.219821726,0.0258823872,-0.110124149,0.0224370041,-0.004606748,0.0,1.8725229015,0.0871615128,0.0,0.0,0.0,0.1950284173,0.0492176142,0.5833397296,0.0694804188,0.0677936512,0.5787168826,0.0454241221,0.0967200261,0.2157243403,-0.122858973,2728.2991714,0.2615689077,0.0060701923,-0.707881295,0.0355046541,-0.041623058,0.0095182151,-0.112250741,0.0559304428,0.0395591749,0.0585568154,0.0528825126999999,-0.677950178,8.0,0.2472018469,0.0,0.0,0.0,0.4839323377,0.1443462932,181.60643989,2.6674361301,29.38996036,1.0,1.0,0.1135663211999999,0.0,0.6334535198,0.4557368826,2.4546292845,0.4048694171999999,0.0512744351999999,0.0025759348,0.0039383005,0.0723493472,2.0,0.0276633825999999,0.004200806,0.0470729074,0.0128019246,0.0810616946,0.0934322381,6.0,0.0239882960999999,7.608341e-11,0.0263665485999999,0.0198226274,0.3301713103,4.8348662544,7.8203954e-09,55.0,5.584666667
2012-07-31,10221112.37,0.3796900275,0.144164517,-0.172644417,17.240216988,0.0284888191,0.0794790176,-0.125482872,0.1981238827,0.462219469,0.7203255987999999,0.2547536383,2.6661585283,0.1159080377,-0.115908038,19.0,-0.089677004,0.2885231394999999,-3.57180278,0.3027523303,15.113875736,0.110049812,0.0456605744,-0.182621301,-0.0981804769999999,-0.0242236729999999,-0.007155636,0.0139863537,0.0,1.6503756305,0.0824255994,0.0,0.0,0.0,-0.1136666059999999,0.0499282999,0.5962821229999999,-0.2084483539999999,0.0605527245999999,0.6276589406,0.0526270861,0.0562265704,0.2611761695,0.4447469238,3781.4319318,0.3421201446,0.0064713376,-0.919866723,-0.118635276,-0.054334915,0.0066339939,0.7413868754999999,0.091145486,-0.036957048,0.0268927265,0.0928777453999999,-1.204157007,5.0,0.3935810533,0.0,0.0,0.0,0.4679831093,0.1666163646,16.011019162,2.915181584,28.41094855,0.0015773385,1.0,0.0724945229999999,0.0,0.5693147775,0.4933377698,0.7750670219,0.4048694171999999,0.0512744351999999,0.0025759348,0.0039383005,0.0723493472,2.0,0.0276633825999999,0.004200806,0.0470729074,0.0128019246,0.0810616946,0.0934322381,6.0,0.0279431406999999,1.250359e-10,0.0344610065,0.0370694427,0.5423721764,20.789841719,6.1590145e-09,55.0,5.716
2012-08-31,10461480.099,0.3943874159,0.1555414338,-0.318020583,17.389515728,0.0307249307,0.0464476592,0.0235167872,0.0277265879999999,0.4078990945,0.4633546462,0.1645876424,3.202900745,0.1159080377,-0.115908038,19.0,-0.089677004,0.2885231394999999,-3.587350048,0.3027523303,15.113875736,0.110049812,0.0456605744,-0.182621301,-0.0981804769999999,-0.0242236729999999,-0.007155636,0.0139863537,0.0,1.6503756305,0.0824255994,0.0,0.0,0.0,-0.1136666059999999,0.0499282999,0.5962821229999999,-0.2084483539999999,0.0605527245999999,0.6276589406,0.0526270861,0.0562265704,0.2611761695,0.4447469238,3781.4319318,0.3421201446,0.0064713376,-0.919866723,-0.118635276,-0.054334915,0.0066339939,0.7413868754999999,0.091145486,-0.036957048,0.0268927265,0.0928777453999999,-1.204157007,5.0,0.3935810533,0.0,0.0,0.0,0.4679831093,0.1666163646,16.011019162,2.915181584,28.41094855,0.0015773385,1.0,0.0724945229999999,0.0,0.5693147775,0.4933377698,0.7750670219,0.8257372961,0.0657307398,0.002198966,-0.003255385,0.0239877631,0.0,0.022789132,0.0042314967,0.0434502436,0.0079638743,0.081232545,0.0944808999,6.0,0.0286425394,8.473844e-11,0.0362417920999999,0.0179053422999999,0.3807279134,6.437152854500001,6.4181959e-09,55.0,5.663333333
2012-09-28,10099620.187,0.4063476318999999,0.1651183979,-0.351149747,17.340627806,0.0311753142,0.1291871357,-0.009213913,-0.008786155,0.3215166634,0.6948798023999999,0.0505819755999999,3.149990809,0.1159080377,-0.115908038,19.0,-0.089677004,0.2885231394999999,-3.589753289,0.3027523303,15.113875736,0.110049812,0.0456605744,-0.182621301,-0.0981804769999999,-0.0242236729999999,-0.007155636,0.0139863537,0.0,1.6503756305,0.0824255994,0.0,0.0,0.0,-0.1136666059999999,0.0499282999,0.5962821229999999,-0.2084483539999999,0.0605527245999999,0.6276589406,0.0526270861,0.0562265704,0.2611761695,0.4447469238,3781.4319318,0.3421201446,0.0064713376,-0.919866723,-0.118635276,-0.054334915,0.0066339939,0.7413868754999999,0.091145486,-0.036957048,0.0268927265,0.0928777453999999,-1.204157007,5.0,0.3935810533,0.0,0.0,0.0,0.4679831093,0.1666163646,16.011019162,2.915181584,28.41094855,0.0015773385,1.0,0.0724945229999999,0.0,0.5693147775,0.4933377698,0.7750670219,0.8257372961,0.0657307398,0.002198966,-0.003255385,0.0239877631,0.0,0.022789132,0.0042314967,0.0434502436,0.0079638743,0.081232545,0.0944808999,6.0,0.017596012,8.280821999999999e-11,0.0266039111,0.0106205805,0.2613420389,2.8522035834,8.2513531e-09,55.0,5.574666667
2012-10-31,9704603.0388,0.4172455807,0.1740938746,-0.455623638,16.966560098,0.0299688919,0.324719377,-0.015656201,-0.07006023,0.2749512235,0.8436634734,0.0642992234,2.9725965626,0.1159080377,-0.115908038,19.0,-0.089677004,0.2885231394999999,-3.589753289,0.3027523303,15.113875736,0.110049812,0.0456605744,-0.182621301,-0.0981804769999999,-0.0242236729999999,-0.007155636,0.0139863537,0.0,1.6503756305,0.0824255994,0.0,0.0,0.0,-0.1136666059999999,0.0499282999,0.5962821229999999,-0.2084483539999999,0.0605527245999999,0.6276589406,0.0526270861,0.0562265704,0.2611761695,0.4447469238,3781.4319318,0.3421201446,0.0064713376,-0.919866723,-0.118635276,-0.054334915,0.0066339939,0.7413868754999999,0.091145486,-0.036957048,0.0268927265,0.0928777453999999,-1.204157007,5.0,0.3935810533,0.0,0.0,0.0,0.4679831093,0.1666163646,16.011019162,2.915181584,28.41094855,0.0015773385,1.0,0.0724945229999999,0.0,0.5693147775,0.4933377698,0.7750670219,1.4530234921,0.0999623748,0.0054496058,-0.005981279,0.0756878937,1.0,0.0268142847,0.0045510873,0.051845246,0.0127420394,0.0868609078,0.1019379121,6.0,0.0222164046,5.398255e-11,0.0217417125,0.0153048258,0.4179242635,7.6958514073,7.5143287e-09,55.0,5.712
2012-11-30,9963013.4034,0.4599037887,0.2115114948999999,-0.573637551,17.23096111,0.0295254108,0.1419796121,0.0266276076,-0.2074308839999999,0.0995397616999999,1.0399679507,0.0331439551,3.0313523291,0.1159080377,-0.115908038,19.0,-0.089677004,0.2885231394999999,-3.589843156,0.3027523303,15.113875736,0.110049812,0.0456605744,-0.182621301,-0.0981804769999999,-0.0242236729999999,-0.007155636,0.0139863537,0.0,1.6503756305,0.0824255994,0.0,0.0,0.0,-0.1136666059999999,0.0499282999,0.5962821229999999,-0.2084483539999999,0.0605527245999999,0.6276589406,0.0526270861,0.0562265704,0.2611761695,0.4447469238,3781.4319318,0.3421201446,0.0064713376,-0.919866723,-0.118635276,-0.054334915,0.0066339939,0.7413868754999999,0.091145486,-0.036957048,0.0268927265,0.0928777453999999,-1.204157007,5.0,0.3935810533,0.0,0.0,0.0,0.4679831093,0.1666163646,16.011019162,2.915181584,28.41094855,0.0015773385,1.0,0.0724945229999999,0.0,0.5693147775,0.4933377698,0.7750670219,1.4530234921,0.0999623748,0.0054496058,-0.005981279,0.0756878937,1.0,0.0268142847,0.0045510873,0.051845246,0.0127420394,0.0868609078,0.1019379121,6.0,0.025170165,7.176294e-11,0.033782158,0.0144115675,0.5162493221,10.081829362,5.9925851e-09,55.0,6.272
2012-12-31,10783637.97,0.4561528836999999,0.2080754533,-0.258012124,17.360421915,0.0299901197,0.1591640297,0.0959082617999999,-0.103804131,0.1114267903999999,0.9917483222,0.0370460179,3.0848803,0.1159080377,-0.115908038,19.0,-0.089677004,0.2885231394999999,-3.589843156,0.3027523303,15.113875736,0.110049812,0.0456605744,-0.182621301,-0.0981804769999999,-0.0242236729999999,-0.007155636,0.0139863537,0.0,1.6503756305,0.0824255994,0.0,0.0,0.0,-0.1136666059999999,0.0499282999,0.5962821229999999,-0.2084483539999999,0.0605527245999999,0.6276589406,0.0526270861,0.0562265704,0.2611761695,0.4447469238,3781.4319318,0.3421201446,0.0064713376,-0.919866723,-0.118635276,-0.054334915,0.0066339939,0.7413868754999999,0.091145486,-0.036957048,0.0268927265,0.0928777453999999,-1.204157007,5.0,0.3935810533,0.0,0.0,0.0,0.4679831093,0.1666163646,16.011019162,2.915181584,28.41094855,0.0015773385,1.0,0.0724945229999999,0.0,0.5693147775,0.4933377698,0.7750670219,1.4530234921,0.0999623748,0.0054496058,-0.005981279,0.0756878937,1.0,0.0268142847,0.0045510873,0.051845246,0.0127420394,0.0868609078,0.1019379121,6.0,0.0251805604999999,9.07377e-11,0.0256667081,0.01103433,0.4381674683,6.458999791699999,8.6099634e-09,55.0,5.961333333
2013-01-31,10101151.253,0.4576166713,0.2094130179,0.0196667448,17.079683754,0.0299329342,0.1403373756,-0.04953235,0.1230751533,0.1767355232,1.0973242049,0.0682614299,2.8190587478,0.1159080377,-0.115908038,19.0,-0.089677004,0.2885231394999999,-3.589843156,0.3027523303,15.113875736,0.110049812,0.0456605744,-0.182621301,-0.0981804769999999,-0.0242236729999999,-0.007155636,0.0139863537,0.0,1.6503756305,0.0824255994,0.0,0.0,0.0,-0.1136666059999999,0.0499282999,0.5962821229999999,-0.2084483539999999,0.0605527245999999,0.6276589406,0.0526270861,0.0562265704,0.2611761695,0.4447469238,3781.4319318,0.3421201446,0.0064713376,-0.919866723,-0.118635276,-0.054334915,0.0066339939,0.7413868754999999,0.091145486,-0.036957048,0.0268927265,0.0928777453999999,-1.204157007,5.0,0.3935810533,0.0,0.0,0.0,0.4679831093,0.1666163646,16.011019162,2.915181584,28.41094855,0.0015773385,1.0,0.0724945229999999,0.0,0.5693147775,0.4933377698,0.7750670219,0.1352166602999999,0.0643977365,0.0010697176,-0.009698067,-0.036738185,0.0,0.0253939565,0.0046660245,0.0508801479,0.0081723978,0.0876714822,0.1033293083,6.0,0.018823741,8.404425999999999e-11,0.0182845909,0.0119801146,0.4979214553,5.9219087048,9.1527231e-09,55.0,6.176666667
2013-02-28,10466022.122,0.4723678203,0.2231313576,0.0286971191,17.013614409000002,0.0300507229,0.0649151148,0.0361217111,0.0429204629,0.0970432535999999,1.1563492918,0.0822021917,2.3556200245,0.1159080377,-0.115908038,19.0,-0.089677004,0.2885231394999999,-3.589843156,0.3027523303,15.113875736,0.110049812,0.0456605744,-0.182621301,-0.0981804769999999,-0.0242236729999999,-0.007155636,0.0139863537,0.0,1.6503756305,0.0824255994,0.0,0.0,0.0,-0.1136666059999999,0.0499282999,0.5962821229999999,-0.2084483539999999,0.0605527245999999,0.6276589406,0.0526270861,0.0562265704,0.2611761695,0.4447469238,3781.4319318,0.3421201446,0.0064713376,-0.919866723,-0.118635276,-0.054334915,0.0066339939,0.7413868754999999,0.091145486,-0.036957048,0.0268927265,0.0928777453999999,-1.204157007,5.0,0.3935810533,0.0,0.0,0.0,0.4679831093,0.1666163646,16.011019162,2.915181584,28.41094855,0.0015773385,1.0,0.0724945229999999,0.0,0.5693147775,0.4933377698,0.7750670219,0.1352166602999999,0.0643977365,0.0010697176,-0.009698067,-0.036738185,0.0,0.0253939565,0.0046660245,0.0508801479,0.0081723978,0.0876714822,0.1033293083,6.0,0.0202142982,8.863143000000001e-11,0.0215891656,0.0106390808,0.2278943885,2.1800222744,1.0017618e-08,55.0,6.782666667
2013-03-28,11332993.332,0.4871145382999999,0.2372805735,0.2161534229,16.895854819,0.0302547995,0.1559402772,0.098650828,0.0906416118,0.0710982813999999,1.201017837,0.0568000372,2.3557602829,0.1159080377,-0.115908038,19.0,-0.089677004,0.2885231394999999,-3.588844502,0.3027523303,15.113875736,0.110049812,0.0456605744,-0.182621301,-0.0981804769999999,-0.0242236729999999,-0.007155636,0.0139863537,0.0,1.6503756305,0.0824255994,0.0,0.0,0.0,-0.1136666059999999,0.0499282999,0.5962821229999999,-0.2084483539999999,0.0605527245999999,0.6276589406,0.0526270861,0.0562265704,0.2611761695,0.4447469238,3781.4319318,0.3421201446,0.0064713376,-0.919866723,-0.118635276,-0.054334915,0.0066339939,0.7413868754999999,0.091145486,-0.036957048,0.0268927265,0.0928777453999999,-1.204157007,5.0,0.3935810533,0.0,0.0,0.0,0.4679831093,0.1666163646,16.011019162,2.915181584,28.41094855,0.0015773385,1.0,0.0724945229999999,0.0,0.5693147775,0.4933377698,0.7750670219,0.1352166602999999,0.0643977365,0.0010697176,-0.009698067,-0.036738185,0.0,0.0253939565,0.0046660245,0.0508801479,0.0081723978,0.0876714822,0.1033293083,6.0,0.0176642329,6.397865e-11,0.0804623067,0.019833248,0.3986284914,7.9756502328,9.3958968e-09,55.0,6.836666667
2013-04-30,11375031.77,0.4942860517,0.2443187009,0.3096733652,17.151093383,0.0306585214999999,0.102577385,0.0063758921,0.2172924859,0.1142857389,1.1901222732,-0.001608221,2.1042548465,0.1159080377,-0.115908038,19.0,-0.089677004,0.2885231394999999,-3.591070497,0.3027523303,15.113875736,0.110049812,0.0456605744,-0.182621301,-0.0981804769999999,-0.0242236729999999,-0.007155636,0.0139863537,0.0,1.6503756305,0.0824255994,0.0,0.0,0.0,-0.1136666059999999,0.0499282999,0.5962821229999999,-0.2084483539999999,0.0605527245999999,0.6276589406,0.0526270861,0.0562265704,0.2611761695,0.4447469238,3781.4319318,0.3421201446,0.0064713376,-0.919866723,-0.118635276,-0.054334915,0.0066339939,0.7413868754999999,0.091145486,-0.036957048,0.0268927265,0.0928777453999999,-1.204157007,5.0,0.3935810533,0.0,0.0,0.0,0.4679831093,0.1666163646,16.011019162,2.915181584,28.41094855,0.0015773385,1.0,0.0724945229999999,0.0,0.5693147775,0.4933377698,0.7750670219,0.6921882099,0.0722652203,0.0014934823,-0.0080410669999999,0.0512919509999999,1.0,0.0279035784,0.0048751051,0.0609847772,0.0068117162,0.0666283965,0.0800297993,6.0,0.0137222607,6.419555e-11,0.0096472213,0.0067688799,0.2923200462,2.8017373421,1.2812069e-08,55.0,7.154666667
2013-05-31,11917027.406,0.4847600097,0.234992267,0.4364634840999999,16.784304741,0.0300190831999999,0.1552309989,0.0476478338,0.1932796296,-0.029060184,1.1588909259,0.0181398743,2.0722881024,0.1159080377,-0.115908038,19.0,-0.089677004,0.2885231394999999,-3.591070497,0.3027523303,15.113875736,0.110049812,0.0456605744,-0.182621301,-0.0981804769999999,-0.0242236729999999,-0.007155636,0.0139863537,0.0,1.6503756305,0.0824255994,0.0,0.0,0.0,-0.1136666059999999,0.0499282999,0.5962821229999999,-0.2084483539999999,0.0605527245999999,0.6276589406,0.0526270861,0.0562265704,0.2611761695,0.4447469238,3781.4319318,0.3421201446,0.0064713376,-0.919866723,-0.118635276,-0.054334915,0.0066339939,0.7413868754999999,0.091145486,-0.036957048,0.0268927265,0.0928777453999999,-1.204157007,5.0,0.3935810533,0.0,0.0,0.0,0.4679831093,0.1666163646,16.011019162,2.915181584,28.41094855,0.0015773385,1.0,0.0724945229999999,0.0,0.5693147775,0.4933377698,0.7750670219,0.6921882099,0.0722652203,0.0014934823,-0.0080410669999999,0.0512919509999999,1.0,0.0279035784,0.0048751051,0.0609847772,0.0068117162,0.0666283965,0.0800297993,6.0,0.0187169276,9.333557e-11,0.0495450385,0.0155744684,0.3511690023,3.0029715234,1.0004561e-08,55.0,7.260666667
2013-06-28,12024659.330999998,0.5015519495,0.2515543581,0.1748455502,16.980469762000002,0.0303146398,0.3253637407,0.0142564178,0.1407312661999999,0.1203674534,0.8774990153,-0.001627037,1.6883098993,0.1159080377,-0.115908038,19.0,-0.089677004,0.2885231394999999,-3.591070497,0.3027523303,15.113875736,0.110049812,0.0456605744,-0.182621301,-0.0981804769999999,-0.0242236729999999,-0.007155636,0.0139863537,0.0,1.6503756305,0.0824255994,0.0,0.0,0.0,-0.1136666059999999,0.0499282999,0.5962821229999999,-0.2084483539999999,0.0605527245999999,0.6276589406,0.0526270861,0.0562265704,0.2611761695,0.4447469238,3781.4319318,0.3421201446,0.0064713376,-0.919866723,-0.118635276,-0.054334915,0.0066339939,0.7413868754999999,0.091145486,-0.036957048,0.0268927265,0.0928777453999999,-1.204157007,5.0,0.3935810533,0.0,0.0,0.0,0.4679831093,0.1666163646,16.011019162,2.915181584,28.41094855,0.0015773385,1.0,0.0724945229999999,0.0,0.5693147775,0.4933377698,0.7750670219,0.6921882099,0.0722652203,0.0014934823,-0.0080410669999999,0.0512919509999999,1.0,0.0279035784,0.0048751051,0.0609847772,0.0068117162,0.0666283965,0.0800297993,6.0,0.0152567185,8.551994e-11,0.0204286165999999,0.0087073693,0.2304187659,1.4520401452,1.5621615e-08,55.0,7.508
2013-07-31,12262854.239,0.5008552777,0.2508560092,0.1920032403,16.544604742,0.0298276364,0.4114532435,0.0346348583999999,0.2172892027,0.2993912224,0.761353952,0.0681142829,1.5148701559,0.1183693272,-0.118369327,20.0,-0.045211518,0.2165942223,-4.432729900000001,0.2441192212,21.955194335,0.123902211,0.0196707423,0.0845164722,-0.111786444,0.0043475515,0.0516606326999999,0.0150001863999999,0.0,1.2024242531,0.0826581781,0.0,0.0,0.0,-0.258904245,0.0579880425,0.5963500415999999,-0.1770570219999999,0.0549033892999999,0.6334168027,0.075804882,0.0969288069999999,0.3604420758,0.3709939185999999,3080.5120023000004,0.509129278,0.0067993105,-0.3533535229999999,-0.271423892,0.0028216797,0.0218480202999999,-0.489560527,-0.078381177,0.1787686476,-0.0063579419999999,-0.0683754979999999,-1.136685526,6.0,0.2177332629,0.0,0.0,0.0,0.4690864547999999,0.1757779729,24.91530178,2.7158545923000004,34.122909468,0.0003650520999999,1.0,0.0679531013,0.0,0.612027651,0.4880726818,0.582951945,0.6921882099,0.0722652203,0.0014934823,-0.0080410669999999,0.0512919509999999,1.0,0.0279035784,0.0048751051,0.0609847772,0.0068117162,0.0666283965,0.0800297993,6.0,0.0145407991,1.158069e-10,0.0146265513999999,0.0095390154,0.3501070475,2.1922908726,1.809289800000001e-08,55.0,8.350666667
2013-08-30,13643541.432,0.5191439631,0.2695104544,0.2718089841,16.525074282000002,0.0295953483,0.4352697889,0.1125910133,0.2155423714,0.313506012,0.7398538869,0.0829294531,1.3241981791,0.1183693272,-0.118369327,20.0,-0.045211518,0.2165942223,-4.442105306,0.2441192212,21.955194335,0.123902211,0.0196707423,0.0845164722,-0.111786444,0.0043475515,0.0516606326999999,0.0150001863999999,0.0,1.2024242531,0.0826581781,0.0,0.0,0.0,-0.258904245,0.0579880425,0.5963500415999999,-0.1770570219999999,0.0549033892999999,0.6334168027,0.075804882,0.0969288069999999,0.3604420758,0.3709939185999999,3080.5120023000004,0.509129278,0.0067993105,-0.3533535229999999,-0.271423892,0.0028216797,0.0218480202999999,-0.489560527,-0.078381177,0.1787686476,-0.0063579419999999,-0.0683754979999999,-1.136685526,6.0,0.221605905,0.0,0.0,0.0,0.4690864547999999,0.1757779729,24.91530178,2.7158545923000004,34.122909468,0.0003650520999999,1.0,0.0679531013,0.0,0.612027651,0.4880726818,0.582951945,1.280330606,0.0431587979,0.0009590036,0.0080252662,0.0800560457,0.0,0.0227036958999999,0.0039477326,0.0588003753,0.0096105875,0.0635363635,0.0740790833,6.0,0.0161323249,1.030296e-10,0.0407366157,0.0112563077,0.3671670431,2.8716071491000004,1.3781857e-08,55.0,8.180666667
2013-09-30,13320783.951,0.5306651135,0.2816054627,0.0072868399,16.795456916,0.0296240365,0.4460859275,-0.020670421,0.2309657302,0.4749853721,0.7971228221,-0.070314978,1.2876275925,0.1183693272,-0.118369327,20.0,-0.045211518,0.2165942223,-4.443861511000001,0.2441192212,21.955194335,0.123902211,0.0196707423,0.0845164722,-0.111786444,0.0043475515,0.0516606326999999,0.0150001863999999,0.0,1.2024242531,0.0826581781,0.0,0.0,0.0,-0.258904245,0.0579880425,0.5963500415999999,-0.1770570219999999,0.0549033892999999,0.6334168027,0.075804882,0.0969288069999999,0.3604420758,0.3709939185999999,3080.5120023000004,0.509129278,0.0067993105,-0.3533535229999999,-0.271423892,0.0028216797,0.0218480202999999,-0.489560527,-0.078381177,0.1787686476,-0.0063579419999999,-0.0683754979999999,-1.136685526,6.0,0.231897276,0.0,0.0,0.0,0.4690864547999999,0.1757779729,24.91530178,2.7158545923000004,34.122909468,0.0003650520999999,1.0,0.0679531013,0.0,0.612027651,0.4880726818,0.582951945,1.280330606,0.0431587979,0.0009590036,0.0080252662,0.0800560457,0.0,0.0227036958999999,0.0039477326,0.0588003753,0.0096105875,0.0635363635,0.0740790833,6.0,0.015571433,1.214877e-10,0.0222665053,0.0107807448,0.2731117693,1.4295253183,1.7221753e-08,55.0,8.506
2013-10-31,13737232.136,0.5182748315,0.2686088009,0.020467842,16.549047875,0.0297183187,0.2868172567,0.0397685394,0.1978835733999999,0.4674718371999999,0.5718045298,0.0058878625,1.2703613921,0.1183693272,-0.118369327,20.0,-0.045211518,0.2165942223,-4.443861511000001,0.2441192212,21.955194335,0.123902211,0.0196707423,0.0845164722,-0.111786444,0.0043475515,0.0516606326999999,0.0150001863999999,0.0,1.2024242531,0.0826581781,0.0,0.0,0.0,-0.258904245,0.0579880425,0.5963500415999999,-0.1770570219999999,0.0549033892999999,0.6334168027,0.075804882,0.0969288069999999,0.3604420758,0.3709939185999999,3080.5120023000004,0.509129278,0.0067993105,-0.3533535229999999,-0.271423892,0.0028216797,0.0218480202999999,-0.489560527,-0.078381177,0.1787686476,-0.0063579419999999,-0.0683754979999999,-1.136685526,6.0,0.2246929739,0.0,0.0,0.0,0.4690864547999999,0.1757779729,24.91530178,2.7158545923000004,34.122909468,0.0003650520999999,1.0,0.0679531013,0.0,0.612027651,0.4880726818,0.582951945,0.5104491985,0.0354794966,-0.00104273,0.0020767382,0.0660776126,1.0,0.0268436214999999,0.003620329,0.07320044,0.0048893931,0.0622135703,0.0712795575,6.0,0.0155764391999999,8.55151e-11,0.0127665978,0.00706548,0.3405441777,2.3368270754,1.8564873e-08,55.0,8.254
2013-11-29,13330251.007,0.5196418135,0.2700276143,-0.096484208,16.607168978,0.0290023612,0.3458780577,-0.029626137,0.1888743652,0.4862556172999999,0.4674632945,0.0768523358,1.4465792056,0.1183693272,-0.118369327,20.0,-0.045211518,0.2165942223,-4.446153444,0.2441192212,21.955194335,0.123902211,0.0196707423,0.0845164722,-0.111786444,0.0043475515,0.0516606326999999,0.0150001863999999,0.0,1.2024242531,0.0826581781,0.0,0.0,0.0,-0.258904245,0.0579880425,0.5963500415999999,-0.1770570219999999,0.0549033892999999,0.6334168027,0.075804882,0.0969288069999999,0.3604420758,0.3709939185999999,3080.5120023000004,0.509129278,0.0067993105,-0.3533535229999999,-0.271423892,0.0028216797,0.0218480202999999,-0.489560527,-0.078381177,0.1787686476,-0.0063579419999999,-0.0683754979999999,-1.136685526,6.0,0.221605905,0.0,0.0,0.0,0.4690864547999999,0.1757779729,24.91530178,2.7158545923000004,34.122909468,0.0003650520999999,1.0,0.0679531013,0.0,0.612027651,0.4880726818,0.582951945,0.5104491985,0.0354794966,-0.00104273,0.0020767382,0.0660776126,1.0,0.0268436214999999,0.003620329,0.07320044,0.0048893931,0.0622135703,0.0712795575,6.0,0.0182912772,1.015457e-10,0.0239386149,0.0190862656,0.4722360124,5.5993050548,9.6355907e-09,55.0,8.330666667
2013-12-31,13411206.942,0.5454790748,0.297547421,-0.008992159,17.085666532,0.0292481183,0.3387901569,0.0092884386,0.1374368361,0.3160076035,0.5633100818,0.066085209,1.4499370713,0.1183693272,-0.118369327,20.0,-0.045211518,0.2165942223,-4.446153444,0.2441192212,21.955194335,0.123902211,0.0196707423,0.0845164722,-0.111786444,0.0043475515,0.0516606326999999,0.0150001863999999,0.0,1.2024242531,0.0826581781,0.0,0.0,0.0,-0.258904245,0.0579880425,0.5963500415999999,-0.1770570219999999,0.0549033892999999,0.6334168027,0.075804882,0.0969288069999999,0.3604420758,0.3709939185999999,3080.5120023000004,0.509129278,0.0067993105,-0.3533535229999999,-0.271423892,0.0028216797,0.0218480202999999,-0.489560527,-0.078381177,0.1787686476,-0.0063579419999999,-0.0683754979999999,-1.136685526,6.0,0.231897276,0.0,0.0,0.0,0.4690864547999999,0.1757779729,24.91530178,2.7158545923000004,34.122909468,0.0003650520999999,1.0,0.0679531013,0.0,0.612027651,0.4880726818,0.582951945,0.5104491985,0.0354794966,-0.00104273,0.0020767382,0.0660776126,1.0,0.0268436214999999,0.003620329,0.07320044,0.0048893931,0.0622135703,0.0712795575,6.0,0.0120296945,5.921948e-11,0.00935179,0.00564579,0.306212883,1.5048655369,1.9493265e-08,55.0,8.580666667
2014-01-31,13635538.111,0.5575737078,0.3108884396,-0.116579979,16.527033499,0.0285598777,0.4089234905,0.0300096646,0.10957198,0.3974502546,0.4799735242,0.0844666507,1.5313196149,0.1183693272,-0.118369327,20.0,-0.045211518,0.2165942223,-4.446153444,0.2441192212,21.955194335,0.123902211,0.0196707423,0.0845164722,-0.111786444,0.0043475515,0.0516606326999999,0.0150001863999999,0.0,1.2024242531,0.0826581781,0.0,0.0,0.0,-0.258904245,0.0579880425,0.5963500415999999,-0.1770570219999999,0.0549033892999999,0.6334168027,0.075804882,0.0969288069999999,0.3604420758,0.3709939185999999,3080.5120023000004,0.509129278,0.0067993105,-0.3533535229999999,-0.271423892,0.0028216797,0.0218480202999999,-0.489560527,-0.078381177,0.1787686476,-0.0063579419999999,-0.0683754979999999,-1.136685526,6.0,0.2423500612,0.0,0.0,0.0,0.4690864547999999,0.1757779729,24.91530178,2.7158545923000004,34.122909468,0.0003650520999999,1.0,0.0679531013,0.0,0.612027651,0.4880726818,0.582951945,0.6477413772,0.0597568833999999,0.003511327,0.0142705337999999,0.0258013462,2.0,0.0305943079,0.0039824192,0.085464349,0.0124049427,0.0590307217,0.0664773627,6.0,0.0149919736,9.577064e-11,0.0333994776,0.0116371028,0.6086211288000001,4.338735155299999,1.4544956e-08,55.0,8.732
2014-02-28,13876020.747,0.5641190586,0.3182303123,-0.307070369,16.800196168,0.0282988921,0.2523046864,0.0176364612,0.027214717,0.3892067434,0.6303008606,0.0586321331,1.3103410465,0.1183693272,-0.118369327,20.0,-0.045211518,0.2165942223,-4.446153444,0.2441192212,21.955194335,0.123902211,0.0196707423,0.0845164722,-0.111786444,0.0043475515,0.0516606326999999,0.0150001863999999,0.0,1.2024242531,0.0826581781,0.0,0.0,0.0,-0.258904245,0.0579880425,0.5963500415999999,-0.1770570219999999,0.0549033892999999,0.6334168027,0.075804882,0.0969288069999999,0.3604420758,0.3709939185999999,3080.5120023000004,0.509129278,0.0067993105,-0.3533535229999999,-0.271423892,0.0028216797,0.0218480202999999,-0.489560527,-0.078381177,0.1787686476,-0.0063579419999999,-0.0683754979999999,-1.136685526,6.0,0.2423500612,0.0,0.0,0.0,0.4690864547999999,0.1757779729,24.91530178,2.7158545923000004,34.122909468,0.0003650520999999,1.0,0.0679531013,0.0,0.612027651,0.4880726818,0.582951945,0.6477413772,0.0597568833999999,0.003511327,0.0142705337999999,0.0258013462,2.0,0.0305943079,0.0039824192,0.085464349,0.0124049427,0.0590307217,0.0664773627,6.0,0.0154424686,9.248371999999999e-11,0.0269455685999999,0.0115148874,0.2942624409,1.8607063735,1.5314635e-08,55.0,10.05666667
2014-03-31,16050138.949,0.5857233473,0.3430718396,0.0238000695,16.753418417,0.028230336,0.205803392,0.1517026275,0.0673946467,0.2867668217,0.8314141193000001,-0.0470022359999999,1.5541309201,0.1183693272,-0.118369327,20.0,-0.045211518,0.2165942223,-4.44568312,0.2441192212,21.955194335,0.123902211,0.0196707423,0.0845164722,-0.111786444,0.0043475515,0.0516606326999999,0.0150001863999999,0.0,1.2024242531,0.0826581781,0.0,0.0,0.0,-0.258904245,0.0579880425,0.5963500415999999,-0.1770570219999999,0.0549033892999999,0.6334168027,0.075804882,0.0969288069999999,0.3604420758,0.3709939185999999,3080.5120023000004,0.509129278,0.0067993105,-0.3533535229999999,-0.271423892,0.0028216797,0.0218480202999999,-0.489560527,-0.078381177,0.1787686476,-0.0063579419999999,-0.0683754979999999,-1.136685526,6.0,0.2423500612,0.0,0.0,0.0,0.4690864547999999,0.1757779729,24.91530178,2.7158545923000004,34.122909468,0.0003650520999999,1.0,0.0679531013,0.0,0.612027651,0.4880726818,0.582951945,0.6477413772,0.0597568833999999,0.003511327,0.0142705337999999,0.0258013462,2.0,0.0305943079,0.0039824192,0.085464349,0.0124049427,0.0590307217,0.0664773627,6.0,0.0205953974,6.218543e-11,0.090368636,0.0223597668999999,0.4151236489,5.107966037,1.2340518e-08,55.0,9.892666667
2014-04-30,15774450.495,0.5637354277000001,0.3177976325,-0.082499448,17.21146958,0.0302673854,0.2163998205,-0.016307633,0.1823027652,0.4725836949,0.7827880932,0.0182109013,1.4525731236,0.1183693272,-0.118369327,20.0,-0.045211518,0.2165942223,-4.449281836,0.2441192212,21.955194335,0.123902211,0.0196707423,0.0845164722,-0.111786444,0.0043475515,0.0516606326999999,0.0150001863999999,0.0,1.2024242531,0.0826581781,0.0,0.0,0.0,-0.258904245,0.0579880425,0.5963500415999999,-0.1770570219999999,0.0549033892999999,0.6334168027,0.075804882,0.0969288069999999,0.3604420758,0.3709939185999999,3080.5120023000004,0.509129278,0.0067993105,-0.3533535229999999,-0.271423892,0.0028216797,0.0218480202999999,-0.489560527,-0.078381177,0.1787686476,-0.0063579419999999,-0.0683754979999999,-1.136685526,6.0,0.231897276,0.0,0.0,0.0,0.4690864547999999,0.1757779729,24.91530178,2.7158545923000004,34.122909468,0.0003650520999999,1.0,0.0679531013,0.0,0.612027651,0.4880726818,0.582951945,1.6149942074,0.0588613005,0.0012223568,0.0175115494,-0.071662826,3.0,0.0304539159,0.004145898,0.0929589765,0.0092061483,0.0573442614,0.0638766517,6.0,0.0152679958,7.698651999999999e-11,0.0154448114,0.0081674323,0.3126934604,1.9056523463,1.8274094e-08,55.0,9.919333333
2014-05-30,15816971.446,0.5638523708,0.3179294961,0.048108116,16.705808324,0.0299914996,0.165388654,0.0026955584,0.1985300193,0.3826872859,0.8171350531999999,0.0387157785,1.5028422214,0.1183693272,-0.118369327,20.0,-0.045211518,0.2165942223,-4.449281836,0.2441192212,21.955194335,0.123902211,0.0196707423,0.0845164722,-0.111786444,0.0043475515,0.0516606326999999,0.0150001863999999,0.0,1.2024242531,0.0826581781,0.0,0.0,0.0,-0.258904245,0.0579880425,0.5963500415999999,-0.1770570219999999,0.0549033892999999,0.6334168027,0.075804882,0.0969288069999999,0.3604420758,0.3709939185999999,3080.5120023000004,0.509129278,0.0067993105,-0.3533535229999999,-0.271423892,0.0028216797,0.0218480202999999,-0.489560527,-0.078381177,0.1787686476,-0.0063579419999999,-0.0683754979999999,-1.136685526,6.0,0.231897276,0.0,0.0,0.0,0.4690864547999999,0.1757779729,24.91530178,2.7158545923000004,34.122909468,0.0003650520999999,1.0,0.0679531013,0.0,0.612027651,0.4880726818,0.582951945,1.6149942074,0.0588613005,0.0012223568,0.0175115494,-0.071662826,3.0,0.0304539159,0.004145898,0.0929589765,0.0092061483,0.0573442614,0.0638766517,6.0,0.0186439581,7.162668e-11,0.0131452139,0.009783448,0.3052805602,2.4175493183000003,1.3917092e-08,55.0,9.863333333
2014-06-30,15694387.726,0.5711031711,0.326158832,0.0359770039,16.98003148,0.029950931,0.1421010476999999,-0.005645516,0.190700974,0.3669269189999999,0.8108467193000001,-0.000608408,1.276114673,0.1183693272,-0.118369327,20.0,-0.045211518,0.2165942223,-4.449281836,0.2441192212,21.955194335,0.123902211,0.0196707423,0.0845164722,-0.111786444,0.0043475515,0.0516606326999999,0.0150001863999999,0.0,1.2024242531,0.0826581781,0.0,0.0,0.0,-0.258904245,0.0579880425,0.5963500415999999,-0.1770570219999999,0.0549033892999999,0.6334168027,0.075804882,0.0969288069999999,0.3604420758,0.3709939185999999,3080.5120023000004,0.509129278,0.0067993105,-0.3533535229999999,-0.271423892,0.0028216797,0.0218480202999999,-0.489560527,-0.078381177,0.1787686476,-0.0063579419999999,-0.0683754979999999,-1.136685526,6.0,0.2325892857,0.0,0.0,0.0,0.4690864547999999,0.1757779729,24.91530178,2.7158545923000004,34.122909468,0.0003650520999999,1.0,0.0679531013,0.0,0.612027651,0.4880726818,0.582951945,1.6149942074,0.0588613005,0.0012223568,0.0175115494,-0.071662826,3.0,0.0304539159,0.004145898,0.0929589765,0.0092061483,0.0573442614,0.0638766517,6.0,0.0150502087,8.488480999999998e-11,0.0139874667,0.008259517,0.2372169632,1.3078119319,1.8384145e-08,55.0,10.04
2014-07-31,15761344.839000002,0.5787125918,0.3349082639,0.0272023725,16.694094432,0.0297686037999999,0.2021816582999999,0.017911518,0.1494832455,0.3137097593,0.7191268247,-0.104500206,1.2333336518,0.0402379914,-0.040237991,21.0,-0.0553158209999999,0.150124915,-4.652447194,0.2216475903,38.753881669,0.0665926082,0.0004448398,0.1380408693,-0.062170799,0.0917368269999999,0.0167083108,0.0021669492999999,0.0,1.1701152699,0.0773905273,0.0,0.0,0.0,-0.067345979,0.0491577251999999,0.6186406878,0.2057815721999999,0.0655771917,0.5764478160000001,0.1667074986,0.0758338527,0.300749936,0.1263450045,6534.4926704,0.6015762318,0.0071754618999999,0.1733829641,-0.02686987,-0.063728125,0.0087316945,-0.054700214,0.0321819438,-0.018002731,0.0069211996,0.0308443396,-0.354672292,6.0,0.2281929426,0.0,0.0,0.0,0.4679853844,0.1864856946,28.745004712,2.7996233338,33.561156453,2.22041e-05,1.0,0.0755482205,0.0,0.4876402598,0.4894437043999999,0.0425683266,1.6149942074,0.0588613005,0.0012223568,0.0175115494,-0.071662826,3.0,0.0304539159,0.004145898,0.0929589765,0.0092061483,0.0573442614,0.0638766517,6.0,0.0126935472,8.605735e-11,0.0158933289,0.0078354044999999,0.3269936335,1.9482145061,2.047136e-08,55.0,10.0
2014-08-29,15698550.0,0.5583393192,0.3117427953,0.0998818911,16.603225996,0.0297556036,0.1828702622,-0.003984104,0.1497939392,0.2019154202,1.1058823875,-0.116474801,1.2455533391,0.0402379914,-0.040237991,21.0,-0.0553158209999999,0.150124915,-4.6543830360000005,0.2216475903,38.753881669,0.0665926082,0.0004448398,0.1380408693,-0.062170799,0.0917368269999999,0.0167083108,0.0021669492999999,0.0,1.1701152699,0.0773905273,0.0,0.0,0.0,-0.067345979,0.0491577251999999,0.6186406878,0.2057815721999999,0.0655771917,0.5764478160000001,0.1667074986,0.0758338527,0.300749936,0.1263450045,6534.4926704,0.6015762318,0.0071754618999999,0.1733829641,-0.02686987,-0.063728125,0.0087316945,-0.054700214,0.0321819438,-0.018002731,0.0069211996,0.0308443396,-0.354672292,6.0,0.2325892857,0.0,0.0,0.0,0.4679853844,0.1864856946,28.745004712,2.7996233338,33.561156453,2.22041e-05,1.0,0.0755482205,0.0,0.4876402598,0.4894437043999999,0.0425683266,2.4602084204,0.0381259387,0.0020307219,-0.004019559,0.1175303244,0.0,0.0247028786,0.0034017394,0.074830774,0.0097428503,0.0432822149,0.0450807632,6.0,0.0144729522,9.245105e-11,0.0351954400999999,0.0141495721,0.4668502915999999,3.5975365091,1.3036802000000001e-08,55.0,10.39866667
2014-09-30,16185576.217,0.618859185,0.3829866909,-0.195313998,16.991336909,0.0295127949,0.1666394486,0.0398666374,-0.005634776,0.2223942689,0.8913379112,-0.298615654,1.2513192634,0.0402379914,-0.040237991,21.0,-0.0553158209999999,0.150124915,-4.841125497,0.2216475903,38.753881669,0.0665926082,0.0004448398,0.1380408693,-0.062170799,0.0917368269999999,0.0167083108,0.0021669492999999,0.0,1.1701152699,0.0773905273,0.0,0.0,0.0,-0.067345979,0.0491577251999999,0.6186406878,0.2057815721999999,0.0655771917,0.5764478160000001,0.1667074986,0.0758338527,0.300749936,0.1263450045,6534.4926704,0.6015762318,0.0071754618999999,0.1733829641,-0.02686987,-0.063728125,0.0087316945,-0.054700214,0.0321819438,-0.018002731,0.0069211996,0.0308443396,-0.354672292,6.0,0.2351863164,0.0,0.0,0.0,0.4679853844,0.1864856946,28.745004712,2.7996233338,33.561156453,2.22041e-05,1.0,0.0755482205,0.0,0.4876402598,0.4894437043999999,0.0425683266,2.4602084204,0.0381259387,0.0020307219,-0.004019559,0.1175303244,0.0,0.0247028786,0.0034017394,0.074830774,0.0097428503,0.0432822149,0.0450807632,6.0,0.0136405895,9.289498e-11,0.0255273618,0.0098680496,0.2964844157999999,1.7690512529,1.8505703000000002e-08,55.0,10.024
2014-10-31,15395811.542,0.6312762761999999,0.3985097368999999,-0.14974637,16.718579477000002,0.0292168081,0.1901773907,-0.036030229,0.0511489734,0.222509597,0.9149032124,-0.20015883,1.2901109776000002,0.0402379914,-0.040237991,21.0,-0.0553158209999999,0.150124915,-4.841125497,0.2216475903,38.753881669,0.0665926082,0.0004448398,0.1380408693,-0.062170799,0.0917368269999999,0.0167083108,0.0021669492999999,0.0,1.1701152699,0.0773905273,0.0,0.0,0.0,-0.067345979,0.0491577251999999,0.6186406878,0.2057815721999999,0.0655771917,0.5764478160000001,0.1667074986,0.0758338527,0.300749936,0.1263450045,6534.4926704,0.6015762318,0.0071754618999999,0.1733829641,-0.02686987,-0.063728125,0.0087316945,-0.054700214,0.0321819438,-0.018002731,0.0069211996,0.0308443396,-0.354672292,6.0,0.2389263436,0.0,0.0,0.0,0.4679853844,0.1864856946,28.745004712,2.7996233338,33.561156453,2.22041e-05,1.0,0.0755482205,0.0,0.4876402598,0.4894437043999999,0.0425683266,0.6931250065000001,0.0796032768,0.0025563339,-0.013609971,-0.00182163,1.0,0.0286556848,0.0033074165,0.0884189306,0.009061108,0.0439052487,0.0456379369,6.0,0.0123352499,7.214421999999999e-11,0.0118338503,0.0073141670999999,0.3120241539,2.1638019508,1.8029484e-08,55.0,11.72533333
2014-11-28,18008881.34,0.5937585905,0.3525492636999999,-0.019691958,16.706419382,0.0289298152,0.0698010181,0.1697260141,0.0105518336,0.2144415060999999,0.6280077854999999,-0.155904254,1.4102551465000002,0.0402379914,-0.040237991,21.0,-0.0553158209999999,0.150124915,-4.841980632,0.2216475903,38.753881669,0.0665926082,0.0004448398,0.1380408693,-0.062170799,0.0917368269999999,0.0167083108,0.0021669492999999,0.0,1.1701152699,0.0773905273,0.0,0.0,0.0,-0.067345979,0.0491577251999999,0.6186406878,0.2057815721999999,0.0655771917,0.5764478160000001,0.1667074986,0.0758338527,0.300749936,0.1263450045,6534.4926704,0.6015762318,0.0071754618999999,0.1733829641,-0.02686987,-0.063728125,0.0087316945,-0.054700214,0.0321819438,-0.018002731,0.0069211996,0.0308443396,-0.354672292,6.0,0.2354459586,0.0,0.0,0.0,0.4679853844,0.1864856946,28.745004712,2.7996233338,33.561156453,2.22041e-05,1.0,0.0755482205,0.0,0.4876402598,0.4894437043999999,0.0425683266,0.6931250065000001,0.0796032768,0.0025563339,-0.013609971,-0.00182163,1.0,0.0286556848,0.0033074165,0.0884189306,0.009061108,0.0439052487,0.0456379369,6.0,0.0181770174,9.674288e-11,0.0640569478,0.017142645,0.3925512839,3.225900427,1.0115854e-08,55.0,12.18266667
2014-12-31,18538059.857,0.6648544659000001,0.4420314608,0.0511682129,17.337855982,0.0295629122,0.1081630076,0.0390038677,0.1887800455,0.4074904338,0.6178146319,0.0137098373,1.466072196,0.0402379914,-0.040237991,21.0,-0.0553158209999999,0.150124915,-4.841980632,0.2216475903,38.753881669,0.0665926082,0.0004448398,0.1380408693,-0.062170799,0.0917368269999999,0.0167083108,0.0021669492999999,0.0,1.1701152699,0.0773905273,0.0,0.0,0.0,-0.067345979,0.0491577251999999,0.6186406878,0.2057815721999999,0.0655771917,0.5764478160000001,0.1667074986,0.0758338527,0.300749936,0.1263450045,6534.4926704,0.6015762318,0.0071754618999999,0.1733829641,-0.02686987,-0.063728125,0.0087316945,-0.054700214,0.0321819438,-0.018002731,0.0069211996,0.0308443396,-0.354672292,6.0,0.2354459586,0.0,0.0,0.0,0.4679853844,0.1864856946,28.745004712,2.7996233338,33.561156453,2.22041e-05,1.0,0.0755482205,0.0,0.4876402598,0.4894437043999999,0.0425683266,0.6931250065000001,0.0796032768,0.0025563339,-0.013609971,-0.00182163,1.0,0.0286556848,0.0033074165,0.0884189306,0.009061108,0.0439052487,0.0456379369,6.0,0.0127876389999999,6.352895999999998e-11,0.0134205753,0.0075339724,0.4630141926,5.4279890199,1.7360142e-08,55.0,12.84133333
2015-01-30,19570769.364,0.7019361170999999,0.4927143125,0.1089449384999999,17.017800156,0.0296469273,0.0994405944999999,0.0540658273,0.2134129964,0.4197808571,0.6098813185,0.0149903836,1.5547900489,0.0402379914,-0.040237991,21.0,-0.0553158209999999,0.150124915,-4.841980632,0.2216475903,38.753881669,0.0665926082,0.0004448398,0.1380408693,-0.062170799,0.0917368269999999,0.0167083108,0.0021669492999999,0.0,1.1701152699,0.0773905273,0.0,0.0,0.0,-0.067345979,0.0491577251999999,0.6186406878,0.2057815721999999,0.0655771917,0.5764478160000001,0.1667074986,0.0758338527,0.300749936,0.1263450045,6534.4926704,0.6015762318,0.0071754618999999,0.1733829641,-0.02686987,-0.063728125,0.0087316945,-0.054700214,0.0321819438,-0.018002731,0.0069211996,0.0308443396,-0.354672292,6.0,0.2325892857,0.0,0.0,0.0,0.4679853844,0.1864856946,28.745004712,2.7996233338,33.561156453,2.22041e-05,1.0,0.0755482205,0.0,0.4876402598,0.4894437043999999,0.0425683266,1.8122652444,0.0696741917,0.0016576726,0.0040264081,0.0114379246,2.0,0.0319835553,0.0034371039,0.0950650510999999,0.0083824703,0.0436890042999999,0.0445474904,6.0,0.0159355645,6.783385e-11,0.0319433548,0.0109815766999999,0.4647730696,3.4112853157,1.3741369e-08,55.0,12.49066667
2015-02-27,19036338.142,0.6663730258,0.4440530095,0.1038536244999999,17.157675125,0.0299019081999999,0.2718814904,-0.027307624,0.2841332944,0.4706061946,0.6069193002000001,-0.003289178,1.4782762448,0.0402379914,-0.040237991,21.0,-0.0553158209999999,0.150124915,-4.841980632,0.2216475903,38.753881669,0.0665926082,0.0004448398,0.1380408693,-0.062170799,0.0917368269999999,0.0167083108,0.0021669492999999,0.0,1.1701152699,0.0773905273,0.0,0.0,0.0,-0.067345979,0.0491577251999999,0.6186406878,0.2057815721999999,0.0655771917,0.5764478160000001,0.1667074986,0.0758338527,0.300749936,0.1263450045,6534.4926704,0.6015762318,0.0071754618999999,0.1733829641,-0.02686987,-0.063728125,0.0087316945,-0.054700214,0.0321819438,-0.018002731,0.0069211996,0.0308443396,-0.354672292,6.0,0.2325892857,0.0,0.0,0.0,0.4679853844,0.1864856946,28.745004712,2.7996233338,33.561156453,2.22041e-05,1.0,0.0755482205,0.0,0.4876402598,0.4894437043999999,0.0425683266,1.8122652444,0.0696741917,0.0016576726,0.0040264081,0.0114379246,2.0,0.0319835553,0.0034371039,0.0950650510999999,0.0083824703,0.0436890042999999,0.0445474904,6.0,0.0198108383,7.469279e-11,0.0235173589999999,0.014833605,0.3014203073,2.4842080903,1.306662e-08,55.0,13.87533333
2015-03-31,21187842.627,0.7098563286,0.5038960071999999,0.30033058,17.277144287,0.0297275709,0.1929589134,0.1108561307,0.2011796708,0.2420284537,0.7439306956,0.0715110101,1.5238222099,0.0402379914,-0.040237991,21.0,-0.0553158209999999,0.150124915,-4.842149933,0.2216475903,38.753881669,0.0665926082,0.0004448398,0.1380408693,-0.062170799,0.0917368269999999,0.0167083108,0.0021669492999999,0.0,1.1701152699,0.0773905273,0.0,0.0,0.0,-0.067345979,0.0491577251999999,0.6186406878,0.2057815721999999,0.0655771917,0.5764478160000001,0.1667074986,0.0758338527,0.300749936,0.1263450045,6534.4926704,0.6015762318,0.0071754618999999,0.1733829641,-0.02686987,-0.063728125,0.0087316945,-0.054700214,0.0321819438,-0.018002731,0.0069211996,0.0308443396,-0.354672292,6.0,0.2325892857,0.0,0.0,0.0,0.4679853844,0.1864856946,28.745004712,2.7996233338,33.561156453,2.22041e-05,1.0,0.0755482205,0.0,0.4876402598,0.4894437043999999,0.0425683266,1.8122652444,0.0696741917,0.0016576726,0.0040264081,0.0114379246,2.0,0.0319835553,0.0034371039,0.0950650510999999,0.0083824703,0.0436890042999999,0.0445474904,6.0,0.0167657016,5.119497e-11,0.080587402,0.0195876231,0.5174341842,5.8853043194,1.5983076e-08,55.0,14.416
2015-04-30,21915492.077,0.7850488323,0.6163016692000001,0.424872637,17.232226635,0.0297196515,0.1683032235,0.0389660336,0.3842112499,0.4025878101,0.6244116131,-0.022863696,1.4526877689,0.0402379914,-0.040237991,21.0,-0.0553158209999999,0.150124915,-5.018885515,0.2216475903,38.753881669,0.0665926082,0.0004448398,0.1380408693,-0.062170799,0.0917368269999999,0.0167083108,0.0021669492999999,0.0,1.1701152699,0.0773905273,0.0,0.0,0.0,-0.067345979,0.0491577251999999,0.6186406878,0.2057815721999999,0.0655771917,0.5764478160000001,0.1667074986,0.0758338527,0.300749936,0.1263450045,6534.4926704,0.6015762318,0.0071754618999999,0.1733829641,-0.02686987,-0.063728125,0.0087316945,-0.054700214,0.0321819438,-0.018002731,0.0069211996,0.0308443396,-0.354672292,6.0,0.2269257117999999,0.0,0.0,0.0,0.4679853844,0.1864856946,28.745004712,2.7996233338,33.561156453,2.22041e-05,1.0,0.0755482205,0.0,0.4876402598,0.4894437043999999,0.0425683266,1.2668164208,0.0460656205,0.0021924135,0.0096417638,0.0797911929,3.0,0.0333437515,0.003819184,0.1024740022,0.0096680191,0.0434835558,0.0439404112999999,6.0,0.0178527013,9.440436e-11,0.025823079,0.0144459001,0.2392856271,1.3847378144999998,1.6166881e-08,55.0,14.522
2015-05-29,22076635.026,0.7679333543000001,0.5897216366,0.0564461068,17.113984777,0.0291891341,0.2349490719999999,0.007352924,0.2294746416,0.4533235754,0.4102648799,-0.476915506,1.3129484767,0.0402379914,-0.040237991,21.0,-0.0553158209999999,0.150124915,-4.823223879,0.2216475903,38.753881669,0.0665926082,0.0004448398,0.1380408693,-0.062170799,0.0917368269999999,0.0167083108,0.0021669492999999,0.0,1.1701152699,0.0773905273,0.0,0.0,0.0,-0.067345979,0.0491577251999999,0.6186406878,0.2057815721999999,0.0655771917,0.5764478160000001,0.1667074986,0.0758338527,0.300749936,0.1263450045,6534.4926704,0.6015762318,0.0071754618999999,0.1733829641,-0.02686987,-0.063728125,0.0087316945,-0.054700214,0.0321819438,-0.018002731,0.0069211996,0.0308443396,-0.354672292,6.0,0.2281929426,0.0,0.0,0.0,0.4679853844,0.1864856946,28.745004712,2.7996233338,33.561156453,2.22041e-05,1.0,0.0755482205,0.0,0.4876402598,0.4894437043999999,0.0425683266,1.2668164208,0.0460656205,0.0021924135,0.0096417638,0.0797911929,3.0,0.0333437515,0.003819184,0.1024740022,0.0096680191,0.0434835558,0.0439404112999999,6.0,0.0171857557,6.096355e-11,0.0537222475,0.0150996507,0.3186879629,2.1653433118,1.6730942e-08,55.0,14.63533333
2015-06-30,22170334.577,0.6624379214,0.4388239996999999,-0.033822818,17.129322332,0.029537006,0.1675581701,0.0078042368,0.1920214291,0.4723217697,0.5445244266,-0.204789465,1.1856775645,0.0402379914,-0.040237991,21.0,-0.0553158209999999,0.150124915,-4.823223879,0.2216475903,38.753881669,0.0665926082,0.0004448398,0.1380408693,-0.062170799,0.0917368269999999,0.0167083108,0.0021669492999999,0.0,1.1701152699,0.0773905273,0.0,0.0,0.0,-0.067345979,0.0491577251999999,0.6186406878,0.2057815721999999,0.0655771917,0.5764478160000001,0.1667074986,0.0758338527,0.300749936,0.1263450045,6534.4926704,0.6015762318,0.0071754618999999,0.1733829641,-0.02686987,-0.063728125,0.0087316945,-0.054700214,0.0321819438,-0.018002731,0.0069211996,0.0308443396,-0.354672292,6.0,0.2220602527,0.0,0.0,0.0,0.4679853844,0.1864856946,28.745004712,2.7996233338,33.561156453,2.22041e-05,1.0,0.0755482205,0.0,0.4876402598,0.4894437043999999,0.0425683266,1.2668164208,0.0460656205,0.0021924135,0.0096417638,0.0797911929,3.0,0.0333437515,0.003819184,0.1024740022,0.0096680191,0.0434835558,0.0439404112999999,6.0,0.0138193779,5.762393e-11,0.0193269588,0.0088678557,0.234119936,1.2510215555,2.1481744e-08,55.0,15.06533333
2015-07-31,22505799.734,0.7365342803,0.5424827461,-0.105826425,16.932642177,0.0255565967,0.107807069,0.0293809362,0.1397051451,0.4577024538,0.797779773,0.2238949821,1.1287921386,0.0653972167999999,-0.065397217,22.0,-0.077975405,0.1074859123,-5.149917011,0.2263975496999999,57.579357679,0.0608269378,-0.013958677,0.1073398288,-0.040938267,-0.013541648,0.0285134835,0.0086232197,0.0,1.0835249329,0.0744406747,0.0,0.0,0.0,0.0264946568,0.0397624624,0.6439215534,0.4298630947999999,0.0682788329,0.5693896676,0.0914245101999999,0.0933566148,0.2310528932999999,0.1026597417,10175.104928,0.6671995672,0.0073989843,0.0539147333,-0.074001544,-0.038116457,0.0131920159,-0.0471807979999999,0.0095701361,0.0090947685,0.0088823306,0.0088968298,-0.52975782,7.0,0.2206755464999999,0.0,0.0,0.0,0.4862963875,0.1993398455999999,28.79981242,2.8245311061,33.844787558,0.0,0.0,0.0852494805,0.0,0.3687172785,0.4927609674,0.416583076,1.2668164208,0.0460656205,0.0021924135,0.0096417638,0.0797911929,3.0,0.0333437515,0.003819184,0.1024740022,0.0096680191,0.0434835558,0.0439404112999999,6.0,0.0124525021,6.207341e-11,0.013880291,0.0089581947,0.2860378943,1.5832425528999998,1.8542511e-08,55.0,16.02066667
2015-08-31,23932953.277,0.7463754903,0.5570763726,0.0335443404,17.012136914000003,0.0253268463,0.1641144717,0.0634127036,0.2061272178,0.5065333018,0.7494751956999999,0.1599005989,1.1325043845,0.0653972167999999,-0.065397217,22.0,-0.077975405,0.1074859123,-5.143733187,0.2263975496999999,57.579357679,0.0608269378,-0.013958677,0.1073398288,-0.040938267,-0.013541648,0.0285134835,0.0086232197,0.0,1.0835249329,0.0744406747,0.0,0.0,0.0,0.0264946568,0.0397624624,0.6439215534,0.4298630947999999,0.0682788329,0.5693896676,0.0914245101999999,0.0933566148,0.2310528932999999,0.1026597417,10175.104928,0.6671995672,0.0073989843,0.0539147333,-0.074001544,-0.038116457,0.0131920159,-0.0471807979999999,0.0095701361,0.0090947685,0.0088823306,0.0088968298,-0.52975782,7.0,0.21257259,0.0,0.0,0.0,0.4862963875,0.1993398455999999,28.79981242,2.8245311061,33.844787558,0.0,0.0,0.0852494805,0.0,0.3687172785,0.4927609674,0.416583076,1.1407834555,0.0383101634,0.0027818396999999,0.0005341753,0.0934045925,0.0,0.0280576157,0.0035226148999999,0.0919234206,0.0073039539,0.0423249304,0.0396302428,6.0,0.0152141297,5.643817e-11,0.0221258514,0.0094350607999999,0.2809636055,1.6682859691999998,1.5635923e-08,55.0,16.00466667
2015-09-30,23863678.938,0.695033852,0.4830720554,-0.180876011,17.231230830999998,0.0243451411,0.0878327653999999,-0.000998669,0.1546148687,0.5406462653999999,0.8361389137,0.3543277636,1.2859709194,0.0653972167999999,-0.065397217,22.0,-0.077975405,0.1074859123,-5.34357929,0.2263975496999999,57.579357679,0.0608269378,-0.013958677,0.1073398288,-0.040938267,-0.013541648,0.0285134835,0.0086232197,0.0,1.0835249329,0.0744406747,0.0,0.0,0.0,0.0264946568,0.0397624624,0.6439215534,0.4298630947999999,0.0682788329,0.5693896676,0.0914245101999999,0.0933566148,0.2310528932999999,0.1026597417,10175.104928,0.6671995672,0.0073989843,0.0539147333,-0.074001544,-0.038116457,0.0131920159,-0.0471807979999999,0.0095701361,0.0090947685,0.0088823306,0.0088968298,-0.52975782,7.0,0.2130225898999999,0.0,0.0,0.0,0.4862963875,0.1993398455999999,28.79981242,2.8245311061,33.844787558,0.0,0.0,0.0852494805,0.0,0.3687172785,0.4927609674,0.416583076,1.1407834555,0.0383101634,0.0027818396999999,0.0005341753,0.0934045925,0.0,0.0280576157,0.0035226148999999,0.0919234206,0.0073039539,0.0423249304,0.0396302428,6.0,0.0223814918,6.461013000000001e-11,0.031680245,0.018172307,0.4068876715999999,3.3504686543,1.4187179e-08,55.0,16.66666667
2015-10-30,24678500.0,0.8141113972,0.6627773671,-0.282025672,17.372086978,0.0241895079,0.0833845156,0.041362904,0.1102016359,0.5966347863,0.7981343611,0.1576910127,1.4982339553,0.0653972167999999,-0.065397217,22.0,-0.077975405,0.1074859123,-5.34357929,0.2263975496999999,57.579357679,0.0608269378,-0.013958677,0.1073398288,-0.040938267,-0.013541648,0.0285134835,0.0086232197,0.0,1.0835249329,0.0744406747,0.0,0.0,0.0,0.0264946568,0.0397624624,0.6439215534,0.4298630947999999,0.0682788329,0.5693896676,0.0914245101999999,0.0933566148,0.2310528932999999,0.1026597417,10175.104928,0.6671995672,0.0073989843,0.0539147333,-0.074001544,-0.038116457,0.0131920159,-0.0471807979999999,0.0095701361,0.0090947685,0.0088823306,0.0088968298,-0.52975782,7.0,0.2118644068,0.0,0.0,0.0,0.4862963875,0.1993398455999999,28.79981242,2.8245311061,33.844787558,0.0,0.0,0.0852494805,0.0,0.3687172785,0.4927609674,0.416583076,0.5421974973,0.0698005072,0.0036859777,-0.014371257,0.0515111348,1.0,0.0325465143,0.0032664879999999,0.1054608114,0.007937764,0.0412899404,0.0407758424,6.0,0.0218510281,7.699224e-11,0.0350695811,0.0179709121,0.3556659074,4.3486301708,1.2101494e-08,55.0,18.41733333
2015-11-30,27270730.604,0.7757966762999999,0.6018604828999999,0.0297218568,17.571201339,0.0245287037,-0.0293209639999999,0.1050400361,0.1476839667,0.4214236647,1.0487706773,0.1270411662,1.6034232225,0.0653972167999999,-0.065397217,22.0,-0.077975405,0.1074859123,-5.345654561,0.2263975496999999,57.579357679,0.0608269378,-0.013958677,0.1073398288,-0.040938267,-0.013541648,0.0285134835,0.0086232197,0.0,1.0835249329,0.0744406747,0.0,0.0,0.0,0.0264946568,0.0397624624,0.6439215534,0.4298630947999999,0.0682788329,0.5693896676,0.0914245101999999,0.0933566148,0.2310528932999999,0.1026597417,10175.104928,0.6671995672,0.0073989843,0.0539147333,-0.074001544,-0.038116457,0.0131920159,-0.0471807979999999,0.0095701361,0.0090947685,0.0088823306,0.0088968298,-0.52975782,7.0,0.21257259,0.0,0.0,0.0,0.4862963875,0.1993398455999999,28.79981242,2.8245311061,33.844787558,0.0,0.0,0.0852494805,0.0,0.3687172785,0.4927609674,0.416583076,0.5421974973,0.0698005072,0.0036859777,-0.014371257,0.0515111348,1.0,0.0325465143,0.0032664879999999,0.1054608114,0.007937764,0.0412899404,0.0407758424,6.0,0.0175843946,5.583448e-11,0.0490799992999999,0.0141463015,0.3172867693,2.360436861,1.2467059e-08,55.0,17.59133333
2015-12-31,26028136.318000004,0.7274552526000001,0.5291911445,0.0006526901,17.588269223,0.0251686011,0.0359225601,-0.044849105,0.2584157574,0.5117653617,0.9423894607,0.0253432205,1.5391578079,0.0653972167999999,-0.065397217,22.0,-0.077975405,0.1074859123,-5.345654561,0.2263975496999999,57.579357679,0.0608269378,-0.013958677,0.1073398288,-0.040938267,-0.013541648,0.0285134835,0.0086232197,0.0,1.0835249329,0.0744406747,0.0,0.0,0.0,0.0264946568,0.0397624624,0.6439215534,0.4298630947999999,0.0682788329,0.5693896676,0.0914245101999999,0.0933566148,0.2310528932999999,0.1026597417,10175.104928,0.6671995672,0.0073989843,0.0539147333,-0.074001544,-0.038116457,0.0131920159,-0.0471807979999999,0.0095701361,0.0090947685,0.0088823306,0.0088968298,-0.52975782,7.0,0.21257259,0.0,0.0,0.0,0.4862963875,0.1993398455999999,28.79981242,2.8245311061,33.844787558,0.0,0.0,0.0852494805,0.0,0.3687172785,0.4927609674,0.416583076,0.5421974973,0.0698005072,0.0036859777,-0.014371257,0.0515111348,1.0,0.0325465143,0.0032664879999999,0.1054608114,0.007937764,0.0412899404,0.0407758424,6.0,0.0169300333,4.871154e-11,0.0255552288,0.0113210911,0.3678797338,2.6445416848,1.7573756999999998e-08,55.0,16.89466667
2016-01-29,24768510.361,0.7439498013,0.5534613068,-0.051764059,17.293630388,0.0252150168999999,-0.065613087,-0.039602824,0.1676697076,0.3698992990999999,1.1541041971,-0.034742899,1.6119040554,0.0653972167999999,-0.065397217,22.0,-0.077975405,0.1074859123,-5.345654561,0.2263975496999999,57.579357679,0.0608269378,-0.013958677,0.1073398288,-0.040938267,-0.013541648,0.0285134835,0.0086232197,0.0,1.0835249329,0.0744406747,0.0,0.0,0.0,0.0264946568,0.0397624624,0.6439215534,0.4298630947999999,0.0682788329,0.5693896676,0.0914245101999999,0.0933566148,0.2310528932999999,0.1026597417,10175.104928,0.6671995672,0.0073989843,0.0539147333,-0.074001544,-0.038116457,0.0131920159,-0.0471807979999999,0.0095701361,0.0090947685,0.0088823306,0.0088968298,-0.52975782,7.0,0.2130225898999999,0.0,0.0,0.0,0.4862963875,0.1993398455999999,28.79981242,2.8245311061,33.844787558,0.0,0.0,0.0852494805,0.0,0.3687172785,0.4927609674,0.416583076,0.5551107706,0.0389976406,0.0030038987,-0.008642351,-0.006946137,2.0,0.034411727,0.0035793891999999,0.1089377186999999,0.0083725083999999,0.04196869,0.0410774756,6.0,0.018756405,5.169625e-11,0.0273956619,0.0141007442999999,0.5406269660999999,5.1469740818,1.019414e-08,55.0,17.39333333
2016-02-29,25499582.703,0.7614113126000001,0.579747187,-0.196930025,17.702302036,0.024443624,-0.1049358109999999,0.0295162015,0.0545545359999999,0.3525832538,1.0222341711,0.078959476,1.744515442,0.0653972167999999,-0.065397217,22.0,-0.077975405,0.1074859123,-5.345654561,0.2263975496999999,57.579357679,0.0608269378,-0.013958677,0.1073398288,-0.040938267,-0.013541648,0.0285134835,0.0086232197,0.0,1.0835249329,0.0744406747,0.0,0.0,0.0,0.0264946568,0.0397624624,0.6439215534,0.4298630947999999,0.0682788329,0.5693896676,0.0914245101999999,0.0933566148,0.2310528932999999,0.1026597417,10175.104928,0.6671995672,0.0073989843,0.0539147333,-0.074001544,-0.038116457,0.0131920159,-0.0471807979999999,0.0095701361,0.0090947685,0.0088823306,0.0088968298,-0.52975782,7.0,0.214819883,0.0,0.0,0.0,0.4862963875,0.1993398455999999,28.79981242,2.8245311061,33.844787558,0.0,0.0,0.0852494805,0.0,0.3687172785,0.4927609674,0.416583076,0.5551107706,0.0389976406,0.0030038987,-0.008642351,-0.006946137,2.0,0.034411727,0.0035793891999999,0.1089377186999999,0.0083725083999999,0.04196869,0.0410774756,6.0,0.0293125891,6.980782e-11,0.0402564667,0.0203683712,0.2728668703,2.7897020196,1.168238e-08,55.0,17.35466667
2016-03-31,25258850.311,0.8232845811,0.6777975015000001,-0.0691113959999999,17.732731183,0.0249982725999999,-0.263010698,-0.0022230229999999,0.0867663004,0.2535434024,1.0446998896,0.0626254828,2.1625089168,0.0653972167999999,-0.065397217,22.0,-0.077975405,0.1074859123,-5.345462784,0.2263975496999999,57.579357679,0.0608269378,-0.013958677,0.1073398288,-0.040938267,-0.013541648,0.0285134835,0.0086232197,0.0,1.0835249329,0.0744406747,0.0,0.0,0.0,0.0264946568,0.0397624624,0.6439215534,0.4298630947999999,0.0682788329,0.5693896676,0.0914245101999999,0.0933566148,0.2310528932999999,0.1026597417,10175.104928,0.6671995672,0.0073989843,0.0539147333,-0.074001544,-0.038116457,0.0131920159,-0.0471807979999999,0.0095701361,0.0090947685,0.0088823306,0.0088968298,-0.52975782,7.0,0.2130225898999999,0.0,0.0,0.0,0.4862963875,0.1993398455999999,28.79981242,2.8245311061,33.844787558,0.0,0.0,0.0852494805,0.0,0.3687172785,0.4927609674,0.416583076,0.5551107706,0.0389976406,0.0030038987,-0.008642351,-0.006946137,2.0,0.034411727,0.0035793891999999,0.1089377186999999,0.0083725083999999,0.04196869,0.0410774756,6.0,0.0326799652999999,5.392996e-11,0.0542036407,0.0212248352,0.3608206806,5.2445659793,8.8066509e-09,55.0,18.244
2016-04-29,26470311.174,0.8116629536,0.6587967503000001,-0.061482787,17.960631547000002,0.0255877656999999,-0.234182744,0.0512446053,0.0412800286,0.2038475818,1.1109147694,0.000521406,2.0935174943,0.0653972167999999,-0.065397217,22.0,-0.077975405,0.1074859123,-5.349664799,0.2263975496999999,57.579357679,0.0608269378,-0.013958677,0.1073398288,-0.040938267,-0.013541648,0.0285134835,0.0086232197,0.0,1.0835249329,0.0744406747,0.0,0.0,0.0,0.0264946568,0.0397624624,0.6439215534,0.4298630947999999,0.0682788329,0.5693896676,0.0914245101999999,0.0933566148,0.2310528932999999,0.1026597417,10175.104928,0.6671995672,0.0073989843,0.0539147333,-0.074001544,-0.038116457,0.0131920159,-0.0471807979999999,0.0095701361,0.0090947685,0.0088823306,0.0088968298,-0.52975782,7.0,0.214819883,0.0,0.0,0.0,0.4862963875,0.1993398455999999,28.79981242,2.8245311061,33.844787558,0.0,0.0,0.0852494805,0.0,0.3687172785,0.4927609674,0.416583076,0.3000332467,0.0408716056,0.0029773708,0.0042052256,0.0513506653,3.0,0.0399313331999999,0.0045789021,0.1351624505,0.008239115,0.041910214,0.0413681316,6.0,0.0172854775,4.343999e-11,0.0457129441,0.0129996333,0.3419348036,2.8657525356,1.1193528999999998e-08,55.0,17.512
2016-05-31,25408247.652,0.7302342097,0.5332420011,-0.317393381,17.669256074,0.0259271035,-0.200661747,-0.040122818,-0.009411445,0.2563007918,1.0297242037,0.0488513942,1.9460721296,0.0653972167999999,-0.065397217,22.0,-0.077975405,0.1074859123,-5.349664799,0.2263975496999999,57.579357679,0.0608269378,-0.013958677,0.1073398288,-0.040938267,-0.013541648,0.0285134835,0.0086232197,0.0,1.0835249329,0.0744406747,0.0,0.0,0.0,0.0264946568,0.0397624624,0.6439215534,0.4298630947999999,0.0682788329,0.5693896676,0.0914245101999999,0.0933566148,0.2310528932999999,0.1026597417,10175.104928,0.6671995672,0.0073989843,0.0539147333,-0.074001544,-0.038116457,0.0131920159,-0.0471807979999999,0.0095701361,0.0090947685,0.0088823306,0.0088968298,-0.52975782,7.0,0.226911315,0.0,0.0,0.0,0.4862963875,0.1993398455999999,28.79981242,2.8245311061,33.844787558,0.0,0.0,0.0852494805,0.0,0.3687172785,0.4927609674,0.416583076,0.3000332467,0.0408716056,0.0029773708,0.0042052256,0.0513506653,3.0,0.0399313331999999,0.0045789021,0.1351624505,0.008239115,0.041910214,0.0413681316,6.0,0.0154938648,4.258492e-11,0.0153302141,0.0107778719999999,0.3133980758,3.1327603999,1.3590579e-08,55.0,17.62866667
2016-06-30,25505859.374,0.7120592337,0.5070283523,-0.199854688,17.47776047,0.0260450629,-0.185661851,0.0066620987,-0.004509805,0.1965562551,1.0168121358,0.0811127321,1.6744131307,0.0653972167999999,-0.065397217,22.0,-0.077975405,0.1074859123,-5.349664799,0.2263975496999999,57.579357679,0.0608269378,-0.013958677,0.1073398288,-0.040938267,-0.013541648,0.0285134835,0.0086232197,0.0,1.0835249329,0.0744406747,0.0,0.0,0.0,0.0264946568,0.0397624624,0.6439215534,0.4298630947999999,0.0682788329,0.5693896676,0.0914245101999999,0.0933566148,0.2310528932999999,0.1026597417,10175.104928,0.6671995672,0.0073989843,0.0539147333,-0.074001544,-0.038116457,0.0131920159,-0.0471807979999999,0.0095701361,0.0090947685,0.0088823306,0.0088968298,-0.52975782,7.0,0.2370115481,0.0,0.0,0.0,0.4862963875,0.1993398455999999,28.79981242,2.8245311061,33.844787558,0.0,0.0,0.0852494805,0.0,0.3687172785,0.4927609674,0.416583076,0.3000332467,0.0408716056,0.0029773708,0.0042052256,0.0513506653,3.0,0.0399313331999999,0.0045789021,0.1351624505,0.008239115,0.041910214,0.0413681316,6.0,0.0199809257,6.051939e-11,0.0238058437,0.0145776728,0.3047802557999999,2.4638094262,1.2883494e-08,55.0,18.07333333
2016-07-29,25722510.779,0.7165234557,0.5134058626,-0.051661052,17.535027555,0.0261003535,-0.184264776,0.0252241176,0.0434456426,0.1701477934,1.0065706733,0.0944400936,1.5828818954,0.0530014977,-0.053001498,23.0,-0.02085271,0.0824064899,-8.43161274,0.2477515772,167.51227023,0.0517381131,-0.108812303,0.3749739909,-0.038050058,0.0240194969,0.0115345518999999,0.0162936982,0.0,0.9880606539,0.0744545974,0.0,0.0,0.0,-0.028291464,0.0375967702,0.6690363333,0.0458193245,0.0630835246999999,0.4579704383,0.0599683287,0.0695636179,0.1903776164999999,0.0427890328,16509.346328,0.823838388,0.00768143,-0.114000209,-0.088105291,0.0001870318999999,0.0160028156,-0.312446215,0.0741801945,0.0079803885,0.0256517784,0.0720310393,-0.3761318529999999,7.0,0.2126869280999999,0.0,0.0,0.0,0.4934729257999999,0.2320175514,68.50047721,3.0279850172,34.091216028000005,0.0,0.0,0.1040167093,0.0,0.3216452595,0.4872905278,0.3430280247999999,0.3000332467,0.0408716056,0.0029773708,0.0042052256,0.0513506653,3.0,0.0399313331999999,0.0045789021,0.1351624505,0.008239115,0.041910214,0.0413681316,6.0,0.0148012941999999,3.280372e-11,0.013819824,0.0066564560999999,0.3627684195,2.8557750359,1.309432e-08,55.0,19.37533333
2016-08-31,27575556.123000003,0.7024090661,0.4933784961,0.0282707739,17.495977551,0.0261886372,-0.1734314619999999,0.0720398352,0.0390954864,0.1281262061999999,0.9178770268,0.093342834,1.5686450081,0.0530014977,-0.053001498,23.0,-0.02085271,0.0824064899,-8.418122107,0.2477515772,167.51227023,0.0517381131,-0.108812303,0.3749739909,-0.038050058,0.0240194969,0.0115345518999999,0.0162936982,0.0,0.9880606539,0.0744545974,0.0,0.0,0.0,-0.028291464,0.0375967702,0.6690363333,0.0458193245,0.0630835246999999,0.4579704383,0.0599683287,0.0695636179,0.1903776164999999,0.0427890328,16509.346328,0.823838388,0.00768143,-0.114000209,-0.088105291,0.0001870318999999,0.0160028156,-0.312446215,0.0741801945,0.0079803885,0.0256517784,0.0720310393,-0.3761318529999999,7.0,0.2128148563,0.0,0.0,0.0,0.4934729257999999,0.2320175514,68.50047721,3.0279850172,34.091216028000005,0.0,0.0,0.1040167093,0.0,0.3216452595,0.4872905278,0.3430280247999999,1.2363468776,0.0174189762,0.0034588621999999,0.004687117,0.0677573991,0.0,0.0322608736,0.0042991563,0.1091741314,0.0074640742,0.0450151333,0.044226342,6.0,0.0177899432,5.20706e-11,0.040214777,0.0131651242999999,0.4287980969,4.5831299728,1.4369703e-08,55.0,18.66333333
2016-09-30,26575094.759,0.6822753737,0.4654996856,-0.008943182,17.552663549000002,0.0267355509,-0.029681975,-0.036747728,0.1164336109999999,0.2106052265,0.9564013418,0.1069915585,1.4502399854,0.0530014977,-0.053001498,23.0,-0.02085271,0.0824064899,-8.526322425,0.2477515772,167.51227023,0.0517381131,-0.108812303,0.3749739909,-0.038050058,0.0240194969,0.0115345518999999,0.0162936982,0.0,0.9880606539,0.0744545974,0.0,0.0,0.0,-0.028291464,0.0375967702,0.6690363333,0.0458193245,0.0630835246999999,0.4579704383,0.0599683287,0.0695636179,0.1903776164999999,0.0427890328,16509.346328,0.823838388,0.00768143,-0.114000209,-0.088105291,0.0001870318999999,0.0160028156,-0.312446215,0.0741801945,0.0079803885,0.0256517784,0.0720310393,-0.3761318529999999,7.0,0.2128148563,0.0,0.0,0.0,0.4934729257999999,0.2320175514,68.50047721,3.0279850172,34.091216028000005,0.0,0.0,0.1040167093,0.0,0.3216452595,0.4872905278,0.3430280247999999,1.2363468776,0.0174189762,0.0034588621999999,0.004687117,0.0677573991,0.0,0.0322608736,0.0042991563,0.1091741314,0.0074640742,0.0450151333,0.044226342,6.0,0.0108812453,3.204652e-11,0.0071231104,0.0064519543999999,0.3002742182,1.7456639868,1.4875735e-08,55.0,18.674
2016-10-31,26534258.692,0.6902552604000001,0.4764523243999999,-0.071070681,17.341333651,0.0263071177999999,-0.0064101819999999,0.0005714347,0.0229847625,0.1198000534,0.9594012567,0.0976108882,1.5404417343,0.0530014977,-0.053001498,23.0,-0.02085271,0.0824064899,-8.526322425,0.2477515772,167.51227023,0.0517381131,-0.108812303,0.3749739909,-0.038050058,0.0240194969,0.0115345518999999,0.0162936982,0.0,0.9880606539,0.0744545974,0.0,0.0,0.0,-0.028291464,0.0375967702,0.6690363333,0.0458193245,0.0630835246999999,0.4579704383,0.0599683287,0.0695636179,0.1903776164999999,0.0427890328,16509.346328,0.823838388,0.00768143,-0.114000209,-0.088105291,0.0001870318999999,0.0160028156,-0.312446215,0.0741801945,0.0079803885,0.0256517784,0.0720310393,-0.3761318529999999,7.0,0.2096126830999999,0.0,0.0,0.0,0.4934729257999999,0.2320175514,68.50047721,3.0279850172,34.091216028000005,0.0,0.0,0.1040167093,0.0,0.3216452595,0.4872905278,0.3430280247999999,0.9223155114,0.0964999873,0.0037431603,-0.001854473,-0.0192383239999999,1.0,0.0382486275999999,0.0047033214,0.1302055663,0.0073382968999999,0.0377766035,0.040296542,6.0,0.011913005,2.844886e-11,0.0159912556,0.0083269075,0.2745895242,2.5060173877,1.1584135e-08,55.0,17.62933333
2016-11-30,24979267.071,0.6943578089,0.4821327668,0.0558568605,17.682909677999998,0.0263040355,-0.0682881509999999,-0.055942249,0.0663544783,0.013936065,1.2313222948,0.0709011519,1.7049823031,0.0530014977,-0.053001498,23.0,-0.02085271,0.0824064899,-8.43620994,0.2477515772,167.51227023,0.0517381131,-0.108812303,0.3749739909,-0.038050058,0.0240194969,0.0115345518999999,0.0162936982,0.0,0.9880606539,0.0744545974,0.0,0.0,0.0,-0.028291464,0.0375967702,0.6690363333,0.0458193245,0.0630835246999999,0.4579704383,0.0599683287,0.0695636179,0.1903776164999999,0.0427890328,16509.346328,0.823838388,0.00768143,-0.114000209,-0.088105291,0.0001870318999999,0.0160028156,-0.312446215,0.0741801945,0.0079803885,0.0256517784,0.0720310393,-0.3761318529999999,7.0,0.2096126830999999,0.0,0.0,0.0,0.4934729257999999,0.2320175514,68.50047721,3.0279850172,34.091216028000005,0.0,0.0,0.1040167093,0.0,0.3216452595,0.4872905278,0.3430280247999999,0.9223155114,0.0964999873,0.0037431603,-0.001854473,-0.0192383239999999,1.0,0.0382486275999999,0.0047033214,0.1302055663,0.0073382968999999,0.0377766035,0.040296542,6.0,0.0189312218,4.493496e-11,0.0415019764999999,0.0229652281,0.5272204860999999,7.906835478,1.0326726000000002e-08,55.0,18.3
2016-12-30,25929544.5,0.7040620422,0.4957033593,0.0359596974,17.737993823,0.0265918167,-0.055128814,0.0380426459,3.78601e-05,0.0021601894,1.111635688,0.0870666016,1.9876721377,0.0530014977,-0.053001498,23.0,-0.02085271,0.0824064899,-8.446481764,0.2477515772,167.51227023,0.0517381131,-0.108812303,0.3749739909,-0.038050058,0.0240194969,0.0115345518999999,0.0162936982,0.0,0.9880606539,0.0744545974,0.0,0.0,0.0,-0.028291464,0.0375967702,0.6690363333,0.0458193245,0.0630835246999999,0.4579704383,0.0599683287,0.0695636179,0.1903776164999999,0.0427890328,16509.346328,0.823838388,0.00768143,-0.114000209,-0.088105291,0.0001870318999999,0.0160028156,-0.312446215,0.0741801945,0.0079803885,0.0256517784,0.0720310393,-0.3761318529999999,7.0,0.2049358767,0.0,0.0,0.0,0.4934729257999999,0.2320175514,68.50047721,3.0279850172,34.091216028000005,0.0,0.0,0.1040167093,0.0,0.3216452595,0.4872905278,0.3430280247999999,0.9223155114,0.0964999873,0.0037431603,-0.001854473,-0.0192383239999999,1.0,0.0382486275999999,0.0047033214,0.1302055663,0.0073382968999999,0.0377766035,0.040296542,6.0,0.0183295537,3.095352e-11,0.0225451011,0.0100224427,0.3119871761,2.7728209915,1.0254991e-08,55.0,18.56066667
2017-01-31,25850925.66,0.6830315897,0.4665321525,-0.042801422,17.779680943,0.0269444504,0.0970608687,0.0142440936,0.012541481,0.0831820836,0.968922256,-0.024434413,1.8577341719,0.0530014977,-0.053001498,23.0,-0.02085271,0.0824064899,-8.526066219,0.2477515772,167.51227023,0.0517381131,-0.108812303,0.3749739909,-0.038050058,0.0240194969,0.0115345518999999,0.0162936982,0.0,0.9880606539,0.0744545974,0.0,0.0,0.0,-0.028291464,0.0375967702,0.6690363333,0.0458193245,0.0630835246999999,0.4579704383,0.0599683287,0.0695636179,0.1903776164999999,0.0427890328,16509.346328,0.823838388,0.00768143,-0.114000209,-0.088105291,0.0001870318999999,0.0160028156,-0.312446215,0.0741801945,0.0079803885,0.0256517784,0.0720310393,-0.3761318529999999,7.0,0.1946398632,0.0,0.0,0.0,0.4934729257999999,0.2320175514,68.50047721,3.0279850172,34.091216028000005,0.0,0.0,0.1040167093,0.0,0.3216452595,0.4872905278,0.3430280247999999,1.1908272213,0.0552321292,0.0018445904,0.0022025812,0.0359664774,2.0,0.0347441896,0.0046061851,0.132894397,0.005488228,0.0381191615,0.0404924916,6.0,0.0150395168,4.759485e-11,0.0270816032,0.0124584304,0.3138310135,2.0450707584,1.4618829e-08,55.0,17.48466667
2017-02-28,24352293.02,0.6563571637,0.4308047263,-0.211532921,17.438533291,0.0245840282,0.3284987892,-0.057972107,-0.042046589,0.0671138822,0.9919071685,0.1341703451,1.7514894267,0.0530014977,-0.053001498,23.0,-0.02085271,0.0824064899,-8.481429821,0.2477515772,167.51227023,0.0517381131,-0.108812303,0.3749739909,-0.038050058,0.0240194969,0.0115345518999999,0.0162936982,0.0,0.9880606539,0.0744545974,0.0,0.0,0.0,-0.028291464,0.0375967702,0.6690363333,0.0458193245,0.0630835246999999,0.4579704383,0.0599683287,0.0695636179,0.1903776164999999,0.0427890328,16509.346328,0.823838388,0.00768143,-0.114000209,-0.088105291,0.0001870318999999,0.0160028156,-0.312446215,0.0741801945,0.0079803885,0.0256517784,0.0720310393,-0.3761318529999999,7.0,0.2017070808,0.0,0.0,0.0,0.4934729257999999,0.2320175514,68.50047721,3.0279850172,34.091216028000005,0.0,0.0,0.1040167093,0.0,0.3216452595,0.4872905278,0.3430280247999999,1.1908272213,0.0552321292,0.0018445904,0.0022025812,0.0359664774,2.0,0.0347441896,0.0046061851,0.132894397,0.005488228,0.0381191615,0.0404924916,6.0,0.0145535348,3.572436e-11,0.0093211113,0.0103142898,0.3712382298,3.4542403122000005,1.3092718e-08,55.0,18.114
2017-03-31,24901133.877,0.6472498402,0.4189323556,-0.104841111,17.52142545,0.024840211,0.2728294814,0.0359934531,-0.063154213,0.0074907165,0.7256877482999999,-0.004795789,1.8596489307,0.0530014977,-0.053001498,23.0,-0.02085271,0.0824064899,-8.417161911,0.2477515772,167.51227023,0.0517381131,-0.108812303,0.3749739909,-0.038050058,0.0240194969,0.0115345518999999,0.0162936982,0.0,0.9880606539,0.0744545974,0.0,0.0,0.0,-0.028291464,0.0375967702,0.6690363333,0.0458193245,0.0630835246999999,0.4579704383,0.0599683287,0.0695636179,0.1903776164999999,0.0427890328,16509.346328,0.823838388,0.00768143,-0.114000209,-0.088105291,0.0001870318999999,0.0160028156,-0.312446215,0.0741801945,0.0079803885,0.0256517784,0.0720310393,-0.3761318529999999,7.0,0.2049358767,0.0,0.0,0.0,0.4934729257999999,0.2320175514,68.50047721,3.0279850172,34.091216028000005,0.0,0.0,0.1040167093,0.0,0.3216452595,0.4872905278,0.3430280247999999,1.1908272213,0.0552321292,0.0018445904,0.0022025812,0.0359664774,2.0,0.0347441896,0.0046061851,0.132894397,0.005488228,0.0381191615,0.0404924916,6.0,0.0190514712,3.3770440000000005e-11,0.0360806733,0.0141885797,0.4184935206,6.0271520938,9.6906047e-09,55.0,17.98933333
2017-04-28,24642058.306,0.6566045109,0.4311294837,-0.06023346,17.905317795,0.0250684279999999,0.1831085996999999,-0.00688232,-0.029988197,-0.007125667,0.8441943817,-0.050286317,2.0657278538,0.0530014977,-0.053001498,23.0,-0.02085271,0.0824064899,-8.363418428,0.2477515772,167.51227023,0.0517381131,-0.108812303,0.3749739909,-0.038050058,0.0240194969,0.0115345518999999,0.0162936982,0.0,0.9880606539,0.0744545974,0.0,0.0,0.0,-0.028291464,0.0375967702,0.6690363333,0.0458193245,0.0630835246999999,0.4579704383,0.0599683287,0.0695636179,0.1903776164999999,0.0427890328,16509.346328,0.823838388,0.00768143,-0.114000209,-0.088105291,0.0001870318999999,0.0160028156,-0.312446215,0.0741801945,0.0079803885,0.0256517784,0.0720310393,-0.3761318529999999,7.0,0.2126869280999999,0.0,0.0,0.0,0.4934729257999999,0.2320175514,68.50047721,3.0279850172,34.091216028000005,0.0,0.0,0.1040167093,0.0,0.3216452595,0.4872905278,0.3430280247999999,1.3475441273,0.07448746,0.0027747988,0.0077934432999999,-0.094757442,3.0,0.0386225078,0.0048835169,0.1647877823,0.0053046137,0.0357910077999999,0.0390364096,6.0,0.0135962298,2.765447e-11,0.0187979955,0.0084914616,0.3078107955999999,2.9271194825,9.1269426e-09,55.0,16.54333333
2017-05-31,22661305.593,0.642353761,0.4126183543,-0.068302118,17.757721749,0.025008235,0.1318278654,-0.0803809759999999,0.0204204881,0.0272575207,0.7654412559,-0.033784542,2.3915169496,0.0530014977,-0.053001498,23.0,-0.02085271,0.0824064899,-8.363418428,0.2477515772,167.51227023,0.0517381131,-0.108812303,0.3749739909,-0.038050058,0.0240194969,0.0115345518999999,0.0162936982,0.0,0.9880606539,0.0744545974,0.0,0.0,0.0,-0.028291464,0.0375967702,0.6690363333,0.0458193245,0.0630835246999999,0.4579704383,0.0599683287,0.0695636179,0.1903776164999999,0.0427890328,16509.346328,0.823838388,0.00768143,-0.114000209,-0.088105291,0.0001870318999999,0.0160028156,-0.312446215,0.0741801945,0.0079803885,0.0256517784,0.0720310393,-0.3761318529999999,7.0,0.2096126830999999,0.0,0.0,0.0,0.4934729257999999,0.2320175514,68.50047721,3.0279850172,34.091216028000005,0.0,0.0,0.1040167093,0.0,0.3216452595,0.4872905278,0.3430280247999999,1.3475441273,0.07448746,0.0027747988,0.0077934432999999,-0.094757442,3.0,0.0386225078,0.0048835169,0.1647877823,0.0053046137,0.0357910077999999,0.0390364096,6.0,0.0229160362999999,3.554605e-11,0.0159539729,0.0166410094999999,0.5141718482,9.1873810422,8.6848161e-09,55.0,16.13866667
2017-06-30,22030490.567,0.647787112,0.4196281425,-0.156187586,17.911230388,0.0262999404999999,0.1544810427,-0.024460981,-0.095992735,-0.061566379,0.7872929915000001,-0.034883956,2.962056387,0.0530014977,-0.053001498,23.0,-0.02085271,0.0824064899,-8.110057606,0.2477515772,167.51227023,0.0517381131,-0.108812303,0.3749739909,-0.038050058,0.0240194969,0.0115345518999999,0.0162936982,0.0,0.9880606539,0.0744545974,0.0,0.0,0.0,-0.028291464,0.0375967702,0.6690363333,0.0458193245,0.0630835246999999,0.4579704383,0.0599683287,0.0695636179,0.1903776164999999,0.0427890328,16509.346328,0.823838388,0.00768143,-0.114000209,-0.088105291,0.0001870318999999,0.0160028156,-0.312446215,0.0741801945,0.0079803885,0.0256517784,0.0720310393,-0.3761318529999999,7.0,0.1946398632,0.0,0.0,0.0,0.4934729257999999,0.2320175514,68.50047721,3.0279850172,34.091216028000005,0.0,0.0,0.1040167093,0.0,0.3216452595,0.4872905278,0.3430280247999999,1.3475441273,0.07448746,0.0027747988,0.0077934432999999,-0.094757442,3.0,0.0386225078,0.0048835169,0.1647877823,0.0053046137,0.0357910077999999,0.0390364096,6.0,0.0206723667,3.043604e-11,0.0189870391,0.0149041136,0.3015486841,6.602404785,5.1873740000000005e-09,55.0,14.58266667
2017-07-31,19248901.743,0.6422229889,0.4124503675,-0.2412884069999999,18.251745827,0.0263091718,0.1077562388,-0.096414395,-0.130491007,-0.107045378,0.8001327695999999,-0.008957531,3.3423656794,0.0600071768,-0.060007177,24.0,-0.079007034,0.0664309674,-6.553832199,0.2443850198999999,140.06845469,0.056252029,-0.104625963,0.1406066184,-0.049981072,0.0144613206,0.021318688,-0.013544065,0.0,0.9580450673,0.0704244787,0.0,0.0,0.0,-0.170384752,0.0401413484,0.708282285,0.1078102361,0.0738720108,0.4331572633,0.0413146982,0.0910711066,0.2157390086,0.1827392124,17283.745971,1.0716274715,0.0078882663,0.1195782535,-0.030378283,-0.0541285409999999,0.0021060536,0.1321595269,0.0223930725999999,-0.116896191,0.0101098096,0.0212007983,-0.4013487639999999,5.0,0.1757876504,0.0,0.0,0.0,0.4964739665,0.2383755307,58.616734198,3.0921807169,30.757845078000003,0.0,0.0,0.0786303042,0.0,0.3324096098999999,0.4910322927,0.3768295192,1.3475441273,0.07448746,0.0027747988,0.0077934432999999,-0.094757442,3.0,0.0386225078,0.0048835169,0.1647877823,0.0053046137,0.0357910077999999,0.0390364096,6.0,0.0216868016999999,3.034555e-11,0.0147471577,0.012155233,0.2815526895,4.5377270403,6.1976549999999995e-09,55.0,13.62
2017-08-31,17981873.369000003,0.6358789761,0.4043420722999999,-0.12345055,17.970867781,0.0270312076,0.0523410578,-0.066014454,-0.1659739419999999,-0.247359178,0.9375333718,-0.035761259,4.6436938319,0.0600071768,-0.060007177,24.0,-0.079007034,0.0664309674,-6.551256798,0.2443850198999999,140.06845469,0.056252029,-0.104625963,0.1406066184,-0.049981072,0.0144613206,0.021318688,-0.013544065,0.0,0.9580450673,0.0704244787,0.0,0.0,0.0,-0.170384752,0.0401413484,0.708282285,0.1078102361,0.0738720108,0.4331572633,0.0413146982,0.0910711066,0.2157390086,0.1827392124,17283.745971,1.0716274715,0.0078882663,0.1195782535,-0.030378283,-0.0541285409999999,0.0021060536,0.1321595269,0.0223930725999999,-0.116896191,0.0101098096,0.0212007983,-0.4013487639999999,5.0,0.1790341834,0.0,0.0,0.0,0.4964739665,0.2383755307,58.616734198,3.0921807169,30.757845078000003,0.0,0.0,0.0786303042,0.0,0.3324096098999999,0.4910322927,0.3768295192,2.1637618031,0.0203489941999999,0.002074383,0.0005887432,0.0452060075,0.0,0.032706578,0.0042459852,0.1294374942999999,0.0058121711,0.0378182862,0.0406148853,6.0,0.0325388291,3.691287e-11,0.0740543455,0.0487901162,0.5999952437,29.335895268,3.2864256e-09,55.0,13.07533333
2017-09-29,17262774.64,0.6634489235000001,0.4401644742,-0.248730281,18.40338339,0.0328132525999999,0.0389360261,-0.039990202,-0.248095361,-0.270226846,0.7947815193000001,-0.112317598,4.6947979407,0.0600071768,-0.060007177,24.0,-0.079007034,0.0664309674,-6.810615965,0.2443850198999999,140.06845469,0.056252029,-0.104625963,0.1406066184,-0.049981072,0.0144613206,0.021318688,-0.013544065,0.0,0.9580450673,0.0704244787,0.0,0.0,0.0,-0.170384752,0.0401413484,0.708282285,0.1078102361,0.0738720108,0.4331572633,0.0413146982,0.0910711066,0.2157390086,0.1827392124,17283.745971,1.0716274715,0.0078882663,0.1195782535,-0.030378283,-0.0541285409999999,0.0021060536,0.1321595269,0.0223930725999999,-0.116896191,0.0101098096,0.0212007983,-0.4013487639999999,5.0,0.1765211853,0.0,0.0,0.0,0.4964739665,0.2383755307,58.616734198,3.0921807169,30.757845078000003,0.0,0.0,0.0786303042,0.0,0.3324096098999999,0.4910322927,0.3768295192,2.1637618031,0.0203489941999999,0.002074383,0.0005887432,0.0452060075,0.0,0.032706578,0.0042459852,0.1294374942999999,0.0058121711,0.0378182862,0.0406148853,6.0,0.0239123425,3.870163e-11,0.0297291595,0.0145054696,0.3346443478999999,6.338200695199999,5.1572132e-09,55.0,14.358
2017-10-31,18379244.643,0.6627955163,0.4392978964,-0.165196239,17.969249885,0.0318035463,0.0220371404999999,0.0980981514,-0.273161846,-0.2998107339999999,0.8629288739000001,-0.203648698,4.5166062944,0.0600071768,-0.060007177,24.0,-0.079007034,0.0664309674,-6.810615965,0.2443850198999999,140.06845469,0.056252029,-0.104625963,0.1406066184,-0.049981072,0.0144613206,0.021318688,-0.013544065,0.0,0.9580450673,0.0704244787,0.0,0.0,0.0,-0.170384752,0.0401413484,0.708282285,0.1078102361,0.0738720108,0.4331572633,0.0413146982,0.0910711066,0.2157390086,0.1827392124,17283.745971,1.0716274715,0.0078882663,0.1195782535,-0.030378283,-0.0541285409999999,0.0021060536,0.1321595269,0.0223930725999999,-0.116896191,0.0101098096,0.0212007983,-0.4013487639999999,5.0,0.1790341834,0.0,0.0,0.0,0.4964739665,0.2383755307,58.616734198,3.0921807169,30.757845078000003,0.0,0.0,0.0786303042,0.0,0.3324096098999999,0.4910322927,0.3768295192,1.3210054618,0.0038228838,-0.0040311209999999,-0.008452366,-0.045279185,1.0,0.036774993,0.0041060236,0.1628222841,0.0024392848,0.0378197891,0.0405410017,6.0,0.0263137475999999,5.130235e-11,0.0438600406,0.017707632,0.3828962475,5.7152907678,7.9572244e-09,55.0,14.06333333
2017-11-30,17936656.341,0.6336727273,0.4015411253,-0.088307411,17.76795482,0.0319810477,0.1547813803,-0.0205228119999999,-0.132097518,-0.185561966,0.5035251183,-0.11561951,3.1514951937,0.0600071768,-0.060007177,24.0,-0.079007034,0.0664309674,-6.811281205,0.2443850198999999,140.06845469,0.056252029,-0.104625963,0.1406066184,-0.049981072,0.0144613206,0.021318688,-0.013544065,0.0,0.9580450673,0.0704244787,0.0,0.0,0.0,-0.170384752,0.0401413484,0.708282285,0.1078102361,0.0738720108,0.4331572633,0.0413146982,0.0910711066,0.2157390086,0.1827392124,17283.745971,1.0716274715,0.0078882663,0.1195782535,-0.030378283,-0.0541285409999999,0.0021060536,0.1321595269,0.0223930725999999,-0.116896191,0.0101098096,0.0212007983,-0.4013487639999999,5.0,0.1783973763,0.0,0.0,0.0,0.4964739665,0.2383755307,58.616734198,3.0921807169,30.757845078000003,0.0,0.0,0.0786303042,0.0,0.3324096098999999,0.4910322927,0.3768295192,1.3210054618,0.0038228838,-0.0040311209999999,-0.008452366,-0.045279185,1.0,0.036774993,0.0041060236,0.1628222841,0.0024392848,0.0378197891,0.0405410017,6.0,0.0251601549,5.365627e-11,0.0556432455999999,0.0165751757,0.4824141051,9.2776683874,7.1430468e-09,55.0,15.74733333
2017-12-29,20084464.451,0.6164576017,0.3800199747,0.0938574798,17.729632444,0.0321496685,0.0541408399,0.1197440624,-0.12859387,-0.231511848,0.5021341504,0.0463810449,2.6289016473,0.0600071768,-0.060007177,24.0,-0.079007034,0.0664309674,-6.811281205,0.2443850198999999,140.06845469,0.056252029,-0.104625963,0.1406066184,-0.049981072,0.0144613206,0.021318688,-0.013544065,0.0,0.9580450673,0.0704244787,0.0,0.0,0.0,-0.170384752,0.0401413484,0.708282285,0.1078102361,0.0738720108,0.4331572633,0.0413146982,0.0910711066,0.2157390086,0.1827392124,17283.745971,1.0716274715,0.0078882663,0.1195782535,-0.030378283,-0.0541285409999999,0.0021060536,0.1321595269,0.0223930725999999,-0.116896191,0.0101098096,0.0212007983,-0.4013487639999999,5.0,0.1757876504,0.0,0.0,0.0,0.4964739665,0.2383755307,58.616734198,3.0921807169,30.757845078000003,0.0,0.0,0.0786303042,0.0,0.3324096098999999,0.4910322927,0.3768295192,1.3210054618,0.0038228838,-0.0040311209999999,-0.008452366,-0.045279185,1.0,0.036774993,0.0041060236,0.1628222841,0.0024392848,0.0378197891,0.0405410017,6.0,0.0265077606,6.765989e-11,0.0560691729,0.0186697025,0.3848417126,4.2514485502,9.5438307e-09,55.0,16.036
2018-01-31,20278002.514,0.6519418432999999,0.4250281671,0.3139858353,17.596118858,0.0321349576,0.0713775062,0.0183310881,0.0798665169,-0.151575,0.4453847666,-0.08847762,2.5159940848,0.0600071768,-0.060007177,24.0,-0.079007034,0.0664309674,-6.811281205,0.2443850198999999,140.06845469,0.056252029,-0.104625963,0.1406066184,-0.049981072,0.0144613206,0.021318688,-0.013544065,0.0,0.9580450673,0.0704244787,0.0,0.0,0.0,-0.170384752,0.0401413484,0.708282285,0.1078102361,0.0738720108,0.4331572633,0.0413146982,0.0910711066,0.2157390086,0.1827392124,17283.745971,1.0716274715,0.0078882663,0.1195782535,-0.030378283,-0.0541285409999999,0.0021060536,0.1321595269,0.0223930725999999,-0.116896191,0.0101098096,0.0212007983,-0.4013487639999999,5.0,0.179237985,0.0,0.0,0.0,0.4964739665,0.2383755307,58.616734198,3.0921807169,30.757845078000003,0.0,0.0,0.0786303042,0.0,0.3324096098999999,0.4910322927,0.3768295192,-0.071106934,0.0036113655,0.0003474033,-0.006223226,0.0902799503,2.0,0.0392603881,0.0043325161,0.1988062669,0.0059296891,0.0377123492,0.0394732741,6.0,0.0244633550999999,4.746123e-11,0.0682167485,0.0194933837,0.366187216,5.1702388706,8.7220213e-09,55.0,17.646
2018-02-28,22313896.586,0.6238485656,0.3891870329,0.516626427,17.752778526,0.0329807496,0.0357176659,0.100399144,0.1773861487,-0.082853533,0.3998184829999999,-0.425303081,2.3271708683,0.0600071768,-0.060007177,24.0,-0.079007034,0.0664309674,-6.811281205,0.2443850198999999,140.06845469,0.056252029,-0.104625963,0.1406066184,-0.049981072,0.0144613206,0.021318688,-0.013544065,0.0,0.9580450673,0.0704244787,0.0,0.0,0.0,-0.170384752,0.0401413484,0.708282285,0.1078102361,0.0738720108,0.4331572633,0.0413146982,0.0910711066,0.2157390086,0.1827392124,17283.745971,1.0716274715,0.0078882663,0.1195782535,-0.030378283,-0.0541285409999999,0.0021060536,0.1321595269,0.0223930725999999,-0.116896191,0.0101098096,0.0212007983,-0.4013487639999999,5.0,0.1790341834,0.0,0.0,0.0,0.4964739665,0.2383755307,58.616734198,3.0921807169,30.757845078000003,0.0,0.0,0.0786303042,0.0,0.3324096098999999,0.4910322927,0.3768295192,-0.071106934,0.0036113655,0.0003474033,-0.006223226,0.0902799503,2.0,0.0392603881,0.0043325161,0.1988062669,0.0059296891,0.0377123492,0.0394732741,6.0,0.0220356538,4.971052e-11,0.0362517722,0.0146908149,0.2876980217,3.4025274616,9.60927e-09,55.0,16.27933333
2018-03-29,20341027.203,0.6068027615,0.3682095914,0.5232057193,17.694548621,0.0336125560999999,0.1428276636,-0.077449091,0.3495640485,-0.025836327,0.3054820906,-0.236282343,2.5209518484,0.0600071768,-0.060007177,24.0,-0.079007034,0.0664309674,-6.812220272999999,0.2443850198999999,140.06845469,0.056252029,-0.104625963,0.1406066184,-0.049981072,0.0144613206,0.021318688,-0.013544065,0.0,0.9580450673,0.0704244787,0.0,0.0,0.0,-0.170384752,0.0401413484,0.708282285,0.1078102361,0.0738720108,0.4331572633,0.0413146982,0.0910711066,0.2157390086,0.1827392124,17283.745971,1.0716274715,0.0078882663,0.1195782535,-0.030378283,-0.0541285409999999,0.0021060536,0.1321595269,0.0223930725999999,-0.116896191,0.0101098096,0.0212007983,-0.4013487639999999,5.0,0.179237985,0.0,0.0,0.0,0.4964739665,0.2383755307,58.616734198,3.0921807169,30.757845078000003,0.0,0.0,0.0786303042,0.0,0.3324096098999999,0.4910322927,0.3768295192,-0.071106934,0.0036113655,0.0003474033,-0.006223226,0.0902799503,2.0,0.0392603881,0.0043325161,0.1988062669,0.0059296891,0.0377123492,0.0394732741,6.0,0.0357354564,5.853614000000001e-11,0.0341189839,0.0230861452,0.4182245448,6.385552947100001,8.5568657e-09,55.0,16.492
2018-04-30,20351458.242,0.6345589993,0.4026651236,0.3504883588,17.827254081,0.0335811591,0.0385040505,0.0130636077,0.1338162608,-0.095056306,0.2478726955,-0.270989659,2.2989427678,0.0600071768,-0.060007177,24.0,-0.079007034,0.0664309674,-7.18403498,0.2443850198999999,140.06845469,0.056252029,-0.104625963,0.1406066184,-0.049981072,0.0144613206,0.021318688,-0.013544065,0.0,0.9580450673,0.0704244787,0.0,0.0,0.0,-0.170384752,0.0401413484,0.708282285,0.1078102361,0.0738720108,0.4331572633,0.0413146982,0.0910711066,0.2157390086,0.1827392124,17283.745971,1.0716274715,0.0078882663,0.1195782535,-0.030378283,-0.0541285409999999,0.0021060536,0.1321595269,0.0223930725999999,-0.116896191,0.0101098096,0.0212007983,-0.4013487639999999,5.0,0.1783973763,0.0,0.0,0.0,0.4964739665,0.2383755307,58.616734198,3.0921807169,30.757845078000003,0.0,0.0,0.0786303042,0.0,0.3324096098999999,0.4910322927,0.3768295192,1.281594112,0.0049853409,0.0003185179,0.0008811258999999,0.0413619285,3.0,0.0386258733,0.0044246453,0.3263891445,0.0064678934999999,0.0378754724,0.0395181216,6.0,0.0245905991,7.405764000000001e-11,0.0337129571,0.0178114858,0.2189920152,1.9093539938,1.112295e-08,55.0,17.07133333
2018-05-31,20975206.44,0.6611096181,0.4370659271,0.3637989193,17.468100929000002,0.0337777833,0.0309548937,0.0351281539,0.172694991,-0.003102916,0.1391910846,-0.199322155,2.4852036332,0.0600071768,-0.060007177,24.0,-0.079007034,0.0664309674,-7.18403498,0.2443850198999999,140.06845469,0.056252029,-0.104625963,0.1406066184,-0.049981072,0.0144613206,0.021318688,-0.013544065,0.0,0.9580450673,0.0704244787,0.0,0.0,0.0,-0.170384752,0.0401413484,0.708282285,0.1078102361,0.0738720108,0.4331572633,0.0413146982,0.0910711066,0.2157390086,0.1827392124,17283.745971,1.0716274715,0.0078882663,0.1195782535,-0.030378283,-0.0541285409999999,0.0021060536,0.1321595269,0.0223930725999999,-0.116896191,0.0101098096,0.0212007983,-0.4013487639999999,5.0,0.185852946,0.0,0.0,0.0,0.4964739665,0.2383755307,58.616734198,3.0921807169,30.757845078000003,0.0,0.0,0.0786303042,0.0,0.3324096098999999,0.4910322927,0.3768295192,1.281594112,0.0049853409,0.0003185179,0.0008811258999999,0.0413619285,3.0,0.0386258733,0.0044246453,0.3263891445,0.0064678934999999,0.0378754724,0.0395181216,6.0,0.0287987258,7.809378000000001e-11,0.1305837184,0.0347592737,0.4456471447999999,8.251909124700001,7.4975755e-09,55.0,17.96066667
2018-06-29,22067912.22,0.6147982117,0.3779768411,0.1648010436,17.884926153,0.0377534854999999,0.079542819,0.0520951151999999,0.0840777297,0.0577908399,0.1027194696,-0.26353941,2.2585568232,0.0600071768,-0.060007177,24.0,-0.079007034,0.0664309674,-7.18403498,0.2443850198999999,140.06845469,0.056252029,-0.104625963,0.1406066184,-0.049981072,0.0144613206,0.021318688,-0.013544065,0.0,0.9580450673,0.0704244787,0.0,0.0,0.0,-0.170384752,0.0401413484,0.708282285,0.1078102361,0.0738720108,0.4331572633,0.0413146982,0.0910711066,0.2157390086,0.1827392124,17283.745971,1.0716274715,0.0078882663,0.1195782535,-0.030378283,-0.0541285409999999,0.0021060536,0.1321595269,0.0223930725999999,-0.116896191,0.0101098096,0.0212007983,-0.4013487639999999,5.0,0.1783973763,0.0,0.0,0.0,0.4964739665,0.2383755307,58.616734198,3.0921807169,30.757845078000003,0.0,0.0,0.0786303042,0.0,0.3324096098999999,0.4910322927,0.3768295192,1.281594112,0.0049853409,0.0003185179,0.0008811258999999,0.0413619285,3.0,0.0386258733,0.0044246453,0.3263891445,0.0064678934999999,0.0378754724,0.0395181216,6.0,0.0229102816,4.119765e-11,0.0166666023,0.0115798781,0.2354874588,2.2340176608,9.9159267e-09,55.0,18.238
2018-07-31,22155887.753,0.6243930588000001,0.3898666918999999,0.0376544594,17.605525440999997,0.0377065574,0.1185342817,0.0154411625,0.120021668,0.2316448701,-0.032038185,-0.154443849,2.2021771781,0.0365297304,-0.03652973,25.0,-0.051039194,0.0364164074,-5.679469061,0.2191358568,338.4074411,0.0692221514,-0.03208254,-0.040299121,-0.092082023,-0.002779132,0.0312429404,0.0143203706,0.0,0.9315412821,0.0703823727,0.0,0.0,0.0,-0.598653094,0.0559130007,0.6879369767,0.1254045698,0.0615706175,0.4954135706,0.0130329847,0.0818436329,0.3411992282,0.2405905054,11994.53566,2.0418986034,0.0079505994999999,-0.143726914,-0.027664445,-0.00059789,0.0032523579,-0.245018542,-0.038300459,-0.002157992,-0.0244892939999999,-0.035363166,-0.238033205,5.0,0.1675658179,0.0,0.0,0.0,0.4998508033,0.2264288914,193.70255459,2.9828314174,30.694444539000003,0.0,0.0,0.0447603517999999,0.0,0.4427322535,0.4874312031,0.7860862884,1.281594112,0.0049853409,0.0003185179,0.0008811258999999,0.0413619285,3.0,0.0386258733,0.0044246453,0.3263891445,0.0064678934999999,0.0378754724,0.0395181216,6.0,0.0174734963,4.826838e-11,0.0192307327,0.0116719727,0.239937003,2.3108837704,1.2233514e-08,55.0,20.4
2018-08-31,24652278.0,0.6709495204,0.450173259,-0.139525355,17.456846831,0.037448718,0.1397523298,0.1185436696,0.0335486999,0.3390602283,-0.149848087,-0.3494605999999999,1.843439296,0.0365297304,-0.03652973,25.0,-0.051039194,0.0364164074,-5.678769009,0.2191358568,338.4074411,0.0692221514,-0.03208254,-0.040299121,-0.092082023,-0.002779132,0.0312429404,0.0143203706,0.0,0.9315412821,0.0703823727,0.0,0.0,0.0,-0.598653094,0.0559130007,0.6879369767,0.1254045698,0.0615706175,0.4954135706,0.0130329847,0.0818436329,0.3411992282,0.2405905054,11994.53566,2.1682969108,0.0079505994999999,-0.143726914,-0.027664445,-0.00059789,0.0032523579,-0.245018542,-0.038300459,-0.002157992,-0.0244892939999999,-0.035363166,-0.238033205,5.0,0.1697615444,0.0,0.0,0.0,0.4998508033,0.2264288914,193.70255459,2.9828314174,30.694444539000003,0.0,0.0,0.0447603517999999,0.0,0.4427322535,0.4874312031,0.7860862884,1.2875839324,0.006121065,-0.009784724,-0.001563326,0.0236112292,4.0,0.0404200752,0.0039266663,0.4922262077,0.0045125745,0.0379012446,0.0379717599,6.0,0.0205107342,5.6895e-11,0.030016182,0.0123317557,0.4039074836999999,3.6911016311,1.1890195e-08,55.0,22.36133333
2018-09-28,27022442.542,0.6487970591,0.4209376239,0.1285610258,17.586032992,0.0373767132,0.2145895478,0.0961438343,0.2531225582,0.5601896397,-0.18302995,-0.10492097,1.6615388445,0.0365297304,-0.03652973,25.0,-0.051039194,0.0364164074,-5.679663721,0.2191358568,338.4074411,0.0692221514,-0.03208254,-0.040299121,-0.092082023,-0.002779132,0.0312429404,0.0143203706,0.0,0.9315412821,0.0703823727,0.0,0.0,0.0,-0.598653094,0.0559130007,0.6879369767,0.1254045698,0.0615706175,0.4954135706,0.0130329847,0.0818436329,0.3411992282,0.2405905054,11994.53566,2.1682969108,0.0079505994999999,-0.143726914,-0.027664445,-0.00059789,0.0032523579,-0.245018542,-0.038300459,-0.002157992,-0.0244892939999999,-0.035363166,-0.238033205,5.0,0.1719374773,0.0,0.0,0.0,0.4998508033,0.2264288914,193.70255459,2.9828314174,30.694444539000003,0.0,0.0,0.0447603517999999,0.0,0.4427322535,0.4874312031,0.7860862884,1.2875839324,0.006121065,-0.009784724,-0.001563326,0.0236112292,4.0,0.0404200752,0.0039266663,0.4922262077,0.0045125745,0.0379012446,0.0379717599,6.0,0.0159582719,4.305813e-11,0.0283433143,0.0099895886,0.228617984,1.5923833868,1.2853021999999998e-08,55.0,23.15466667
2018-10-31,27905773.308,0.6617522287,0.4379160122,0.2553658668,17.504184811,0.0374384589,0.1730373077,0.0354778877999999,0.3558897539,0.557412925,-0.138520012,-0.105017291,1.542773561,0.0365297304,-0.03652973,25.0,-0.051039194,0.0364164074,-5.679663721,0.2191358568,338.4074411,0.0692221514,-0.03208254,-0.040299121,-0.092082023,-0.002779132,0.0312429404,0.0143203706,0.0,0.9315412821,0.0703823727,0.0,0.0,0.0,-0.598653094,0.0559130007,0.6879369767,0.1254045698,0.0615706175,0.4954135706,0.0130329847,0.0818436329,0.3411992282,0.2405905054,11994.53566,2.1682969108,0.0079505994999999,-0.143726914,-0.027664445,-0.00059789,0.0032523579,-0.245018542,-0.038300459,-0.002157992,-0.0244892939999999,-0.035363166,-0.238033205,5.0,0.1739684987,0.0,0.0,0.0,0.4998508033,0.2264288914,193.70255459,2.9828314174,30.694444539000003,0.0,0.0,0.0447603517999999,0.0,0.4427322535,0.4874312031,0.7860862884,1.8894292065,0.0050250063,-0.004135361,-0.004627393,0.1533272397,5.0,0.0402681763,0.0037371397,0.4668981971,0.0062119383,0.0344934017,0.0367044428,6.0,0.0162592546,3.439264e-11,0.0249239318,0.0086322404,0.3412388559,2.5722846433,1.6911844e-08,55.0,21.38333333
2018-11-30,25693358.0,0.6936246126000001,0.4811151032,0.0386975404,17.455559763,0.0373334808,0.1333434214,-0.076500081,0.3563478621,0.6464565653000001,-0.236407761,-0.490043887,1.6628882453,0.0365297304,-0.03652973,25.0,-0.051039194,0.0364164074,-5.678280311,0.2191358568,338.4074411,0.0692221514,-0.03208254,-0.040299121,-0.092082023,-0.002779132,0.0312429404,0.0143203706,0.0,0.9315412821,0.0703823727,0.0,0.0,0.0,-0.598653094,0.0559130007,0.6879369767,0.1254045698,0.0615706175,0.4954135706,0.0130329847,0.0818436329,0.3411992282,0.2405905054,11994.53566,2.1682969108,0.0079505994999999,-0.143726914,-0.027664445,-0.00059789,0.0032523579,-0.245018542,-0.038300459,-0.002157992,-0.0244892939999999,-0.035363166,-0.238033205,5.0,0.1754646839999999,0.0,0.0,0.0,0.4998508033,0.2264288914,193.70255459,2.9828314174,30.694444539000003,0.0,0.0,0.0447603517999999,0.0,0.4427322535,0.4874312031,0.7860862884,1.8894292065,0.0050250063,-0.004135361,-0.004627393,0.1533272397,5.0,0.0402681763,0.0037371397,0.4668981971,0.0062119383,0.0344934017,0.0367044428,6.0,0.0289798427,5.740241e-11,0.0278189871,0.0187213688,0.3464948325999999,4.1515723865,8.9494127e-09,55.0,23.11866667
2018-12-31,27778465.022,0.6748984175,0.4554878739999999,0.14663019,17.818348345,0.0373059443,-0.021329009,0.0811535417999999,0.1905645444,0.3579018246,-0.104824295,-0.517808267,1.8128552874,0.0365297304,-0.03652973,25.0,-0.051039194,0.0364164074,-5.678280311,0.2191358568,338.4074411,0.0692221514,-0.03208254,-0.040299121,-0.092082023,-0.002779132,0.0312429404,0.0143203706,0.0,0.9315412821,0.0703823727,0.0,0.0,0.0,-0.598653094,0.0559130007,0.6879369767,0.1254045698,0.0615706175,0.4954135706,0.0130329847,0.0818436329,0.3411992282,0.2405905054,11994.53566,2.1682969108,0.0079505994999999,-0.143726914,-0.027664445,-0.00059789,0.0032523579,-0.245018542,-0.038300459,-0.002157992,-0.0244892939999999,-0.035363166,-0.238033205,5.0,0.1805929919,0.0,0.0,0.0,0.4998508033,0.2264288914,193.70255459,2.9828314174,30.694444539000003,0.0,0.0,0.0447603517999999,0.0,0.4427322535,0.4874312031,0.7860862884,1.8894292065,0.0050250063,-0.004135361,-0.004627393,0.1533272397,5.0,0.0402681763,0.0037371397,0.4668981971,0.0062119383,0.0344934017,0.0367044428,6.0,0.0248020614,7.032627e-11,0.0330576003,0.0205847737999999,0.2997912764,2.3316089835,1.1162559e-08,55.0,22.95533333
2019-01-31,27217219.459000003,0.6317160944,0.399065224,0.1213378973,17.763762308,0.037766026,0.0322583407,-0.007065033,0.2676097064,0.4416729335,-0.050824729,-1.296956896,1.9199264545,0.0365297304,-0.03652973,25.0,-0.051039194,0.0364164074,-5.678280311,0.2191358568,338.4074411,0.0692221514,-0.03208254,-0.040299121,-0.092082023,-0.002779132,0.0312429404,0.0143203706,0.0,0.9315412821,0.0703823727,0.0,0.0,0.0,-0.598653094,0.0559130007,0.6879369767,0.1254045698,0.0615706175,0.4954135706,0.0130329847,0.0818436329,0.3411992282,0.2405905054,11994.53566,2.1682969108,0.0079505994999999,-0.143726914,-0.027664445,-0.00059789,0.0032523579,-0.245018542,-0.038300459,-0.002157992,-0.0244892939999999,-0.035363166,-0.238033205,5.0,0.1739684987,0.0,0.0,0.0,0.4998508033,0.2264288914,193.70255459,2.9828314174,30.694444539000003,0.0,0.0,0.0447603517999999,0.0,0.4427322535,0.4874312031,0.7860862884,0.8889658438,0.004746908,-0.007719484,-0.005133812,0.0144801019,6.0,0.0460530580999999,0.0043872884999999,0.833057278,0.0074582434,0.0340726133,0.0368609273,6.0,0.0287334497,6.930791e-11,0.052044861,0.0197167147,0.3212910147,3.0879339418,1.3647973e-08,55.0,22.97733333
2019-02-28,27243305.329,0.5712244665999999,0.3262973912,-0.02972948,17.655141499000003,0.0370841727,-0.139818909,0.0009584325999999,0.1252613877999999,0.3008802073,0.0145266814,-0.441158704,1.8305289433,0.0365297304,-0.03652973,25.0,-0.051039194,0.0364164074,-5.678280311,0.2191358568,338.4074411,0.0692221514,-0.03208254,-0.040299121,-0.092082023,-0.002779132,0.0312429404,0.0143203706,0.0,0.9315412821,0.0703823727,0.0,0.0,0.0,-0.598653094,0.0559130007,0.6879369767,0.1254045698,0.0615706175,0.4954135706,0.0130329847,0.0818436329,0.3411992282,0.2405905054,11994.53566,2.1682969108,0.0079505994999999,-0.143726914,-0.027664445,-0.00059789,0.0032523579,-0.245018542,-0.038300459,-0.002157992,-0.0244892939999999,-0.035363166,-0.238033205,5.0,0.1739684987,0.0,0.0,0.0,0.4998508033,0.2264288914,193.70255459,2.9828314174,30.694444539000003,0.0,0.0,0.0447603517999999,0.0,0.4427322535,0.4874312031,0.7860862884,0.8889658438,0.004746908,-0.007719484,-0.005133812,0.0144801019,6.0,0.0460530580999999,0.0043872884999999,0.833057278,0.0074582434,0.0340726133,0.0368609273,6.0,0.0258877460999999,4.660172e-11,0.0222275145,0.0124285489999999,0.3027721236,2.9929269312,1.1286215e-08,55.0,24.79733333
2019-03-29,29157571.77,0.5252750005,0.2759138262,-0.264664597,17.73329,0.0372106566,0.0393085584,0.079208456,0.0275475168,0.4114419056,-0.061962209,-0.189844314,1.8628367961,0.0365297304,-0.03652973,25.0,-0.051039194,0.0364164074,-5.677823214,0.2191358568,338.4074411,0.0692221514,-0.03208254,-0.040299121,-0.092082023,-0.002779132,0.0312429404,0.0143203706,0.0,0.9315412821,0.0703823727,0.0,0.0,0.0,-0.598653094,0.0559130007,0.6879369767,0.1254045698,0.0615706175,0.4954135706,0.0130329847,0.0818436329,0.3411992282,0.2405905054,11994.53566,2.1682969108,0.0079505994999999,-0.143726914,-0.027664445,-0.00059789,0.0032523579,-0.245018542,-0.038300459,-0.002157992,-0.0244892939999999,-0.035363166,-0.238033205,5.0,0.1739684987,0.0,0.0,0.0,0.4998508033,0.2264288914,193.70255459,2.9828314174,30.694444539000003,0.0,0.0,0.0447603517999999,0.0,0.4427322535,0.4874312031,0.7860862884,0.8889658438,0.004746908,-0.007719484,-0.005133812,0.0144801019,6.0,0.0460530580999999,0.0043872884999999,0.833057278,0.0074582434,0.0340726133,0.0368609273,6.0,0.0228521303,4.828921e-11,0.033482261,0.0172809261,0.3169065689,3.9495465251,1.1601231e-08,55.0,25.88666667
2019-04-30,30389133.645,0.5947278604,0.3537012278999999,-0.28600475,17.878900859,0.0375943358,0.0749759493,0.0439294465,0.0709431675,0.50359763,-0.0960315569999999,-0.202791172,1.7908793984,0.0365297304,-0.03652973,25.0,-0.051039194,0.0364164074,-5.6828959370000005,0.2191358568,333.34774529,0.0692221514,-0.03208254,-0.040299121,-0.092082023,-0.002779132,0.0312429404,0.0143203706,0.0,0.9315412821,0.0703823727,0.0,0.0,0.0,-0.598653094,0.0559130007,0.6879369767,0.1254045698,0.0615706175,0.4954135706,0.0130329847,0.0818436329,0.3411992282,0.2405905054,11994.53566,2.3663336588,0.0079505994999999,-0.143726914,-0.027664445,-0.00059789,0.0032523579,-0.245018542,-0.038300459,-0.002157992,-0.0244892939999999,-0.035363166,-0.238033205,5.0,0.1697615444,0.0,0.0,0.0,0.4998508033,0.2264288914,193.70255459,2.9828314174,30.694444539000003,0.0,0.0,0.0447603517999999,0.0,0.4427322535,0.4874312031,0.7860862884,1.4105833977000002,0.005069088,-0.008863898,0.0063928864,-0.059114142,7.0,0.0471434604,0.0050081091,0.9510662615,0.0051203384,0.0334634598,0.0372369287,6.0,0.0186217792,4.271701e-11,0.0254850574,0.0111839888,0.2504244757,2.2001037131,1.3808504e-08,55.0,25.238
2019-05-31,29633324.463000003,0.6034293875,0.3641270257,-0.072322118,17.642376794,0.0376830025,0.1331343079,-0.025057895,0.2106001143,0.5163821366,-0.025163632,-0.37041186,1.7947885926,0.0365297304,-0.03652973,25.0,-0.051039194,0.0364164074,-5.6828959370000005,0.2191358568,335.6659305,0.0692221514,-0.03208254,-0.040299121,-0.092082023,-0.002779132,0.0312429404,0.0143203706,0.0,0.9315412821,0.0703823727,0.0,0.0,0.0,-0.598653094,0.0559130007,0.6879369767,0.1254045698,0.0615706175,0.4954135706,0.0130329847,0.0818436329,0.3411992282,0.2405905054,11994.53566,2.3663336588,0.0079505994999999,-0.143726914,-0.027664445,-0.00059789,0.0032523579,-0.245018542,-0.038300459,-0.002157992,-0.0244892939999999,-0.035363166,-0.238033205,5.0,0.1697615444,0.0,0.0,0.0,0.4998508033,0.2264288914,193.70255459,2.9828314174,30.694444539000003,0.0,0.0,0.0447603517999999,0.0,0.4427322535,0.4874312031,0.7860862884,1.4105833977000002,0.005069088,-0.008863898,0.0063928864,-0.059114142,7.0,0.0471434604,0.0050081091,0.8507718696,0.0051203384,0.0334634598,0.0372369287,6.0,0.0165314476,3.08027e-11,0.012752885,0.0123528076,0.3938441579999999,5.0644950457,1.1104918e-08,55.0,24.758
2019-06-28,29069729.108000003,0.6033525215,0.3640342653,-0.216273577,17.833404507,0.0378665565,0.1063750475,-0.019018972,0.0916719763,0.4051816901,0.0188330149,-0.286824037,1.8092232799,0.0365297304,-0.03652973,25.0,-0.051039194,0.0364164074,-5.6828959370000005,0.2191358568,337.89200965,0.0692221514,-0.03208254,-0.040299121,-0.092082023,-0.002779132,0.0312429404,0.0143203706,0.0,0.9315412821,0.0703823727,0.0,0.0,0.0,-0.598653094,0.0559130007,0.6879369767,0.1254045698,0.0615706175,0.4954135706,0.0130329847,0.0818436329,0.3411992282,0.2405905054,11994.53566,2.3663336588,0.0079505994999999,-0.143726914,-0.027664445,-0.00059789,0.0032523579,-0.245018542,-0.038300459,-0.002157992,-0.0244892939999999,-0.035363166,-0.238033205,5.0,0.1739684987,0.0,0.0,0.0,0.4998508033,0.2264288914,193.70255459,2.9828314174,30.694444539000003,0.0,0.0,0.0447603517999999,0.0,0.4427322535,0.4874312031,0.7860862884,1.4105833977000002,0.005069088,-0.008863898,0.0063928864,-0.059114142,7.0,0.0471434604,0.0050081091,0.8507718696,0.0051203384,0.0334634598,0.0372369287,6.0,0.0198645326,3.4673990000000004e-11,0.0244357884,0.0121846959,0.1654220647,1.4420924907,1.0297518000000001e-08,55.0,24.62133333
2019-07-31,28323151.362,0.6093265884000001,0.3712788914,-0.186078215,17.843339322000002,0.0379338375,0.0088762807999999,-0.005520069,0.0785293426999999,0.3574952734,0.0091110454,-0.35398934,1.7664187784999998,0.0518326301999999,-0.05183263,26.0,-0.0540029329999999,0.0168728845,-5.671363101,0.2178369651999999,315.9451861,0.0634728663,-0.096313373,-0.164443944,-0.062371,-10.91576739,0.0236028866,0.0003139195,0.0,0.909882846,0.0724384876,0.0,0.0,0.0,-0.458434781,0.0486635657,0.6999317870999999,0.0586215004,0.0669433436,0.5190031343,0.0440756036,0.0842539209,0.2802314804,0.1023702098,18629.673098,2.1732026144,0.0080720582999999,-0.059222301,-0.0232501089999999,0.0292134932,0.0071330064,-0.155381879,0.0012498923,0.1384952358999999,-0.011127138,0.0011780521,-0.304320088,6.0,0.1637833609,0.0,0.0,0.0,0.5019928964,0.2270665959,304.53226888,2.9863453483,35.296442015,0.0,0.0,0.0622320173,0.0,0.3503821411,0.4874580261,-0.311551869,1.4105833977000002,0.005069088,-0.008863898,0.0063928864,-0.059114142,7.0,0.0471434604,0.0050081091,0.84056806,0.0051203384,0.0334634598,0.0372369287,6.0,0.0172198152,3.5735329999999997e-11,0.0133102712999999,0.0084453458,0.2970408234,2.0122000872,1.5914142e-08,55.0,25.384
2019-08-30,29133090.627,0.5994182565,0.3593022463,-0.021598957,17.49662121,0.0379946237,0.0546134691,0.030975854,0.0715487794,0.2069281183,0.0528851025,-0.4879368529999999,1.6929236425999998,0.0518326301999999,-0.05183263,26.0,-0.0540029329999999,0.0168728845,-5.674124537999999,0.2178369651999999,315.9451861,0.0634728663,-0.096313373,-0.164443944,-0.062371,-10.91576739,0.0236028866,0.0003139195,0.0,0.909882846,0.0724384876,0.0,0.0,0.0,-0.458434781,0.0486635657,0.6999317870999999,0.0586215004,0.0669433436,0.5190031343,0.0440756036,0.0842539209,0.2802314804,0.1023702098,18629.673098,2.0807151395,0.0080720582999999,-0.059222301,-0.0232501089999999,0.0292134932,0.0071330064,-0.155381879,0.0012498923,0.1384952358999999,-0.011127138,0.0011780521,-0.304320088,6.0,0.1721757507999999,0.0,0.0,0.0,0.5019928964,0.2270665959,304.53226888,2.9863453483,35.296442015,0.0,0.0,0.0622320173,0.0,0.3503821411,0.4874580261,-0.311551869,0.7103426352,0.0039237975,0.0024288535999999,0.0149107503,0.0263960981,0.0,0.0380453301,0.0043284069,0.6026678492,0.0045614136,0.0316486604999999,0.033233418,6.0,0.0219762557,5.101793e-11,0.0233744718,0.0167094443,0.3213233245,3.2705406757,1.1731733999999998e-08,55.0,25.584
2019-09-30,29362629.627,0.599343771,0.3592129559,-0.077214077,17.717120492,0.0383012834,0.0308586081,0.0078789787,0.0236585081,0.135173787,0.1981425285,-0.613489845,1.6163198113,0.0518326301999999,-0.05183263,26.0,-0.0540029329999999,0.0168728845,-5.674310965,0.2178369651999999,287.62842402,0.0634728663,-0.096313373,-0.164443944,-0.062371,-10.91576739,0.0236028866,0.0003139195,0.0,0.909882846,0.0724384876,0.0,0.0,0.0,-0.458434781,0.0486635657,0.6999317870999999,0.0586215004,0.0669433436,0.5190031343,0.0440756036,0.0842539209,0.2802314804,0.1023702098,18629.673098,2.0807151395,0.0080720582999999,-0.059222301,-0.0232501089999999,0.0292134932,0.0071330064,-0.155381879,0.0012498923,0.1384952358999999,-0.011127138,0.0011780521,-0.304320088,6.0,0.1769674501,0.0,0.0,0.0,0.5019928964,0.2270665959,304.53226888,2.9863453483,35.296442015,0.0,0.0,0.0622320173,0.0,0.3503821411,0.4874580261,-0.311551869,0.7103426352,0.0039237975,0.0024288535999999,0.0149107503,0.0263960981,0.0,0.0380453301,0.0043284069,0.6026678492,0.0045614136,0.0316486604999999,0.033233418,6.0,0.0211103842,5.017065e-11,0.027336238,0.0131633743999999,0.2472830102,2.0408552334,1.1724451999999998e-08,55.0,26.56733333
2019-10-31,30178366.02,0.586478796,0.3439573782,-0.09169495,17.723590255,0.0382201287,-0.000274843,0.0384354778,-0.011691935,0.1049176526,0.2399415491,-0.422343945,1.6131017680000002,0.0518326301999999,-0.05183263,26.0,-0.0540029329999999,0.0168728845,-5.674310965,0.2178369651999999,293.29316606,0.0634728663,-0.096313373,-0.164443944,-0.062371,-10.91576739,0.0236028866,0.0003139195,0.0,0.909882846,0.0724384876,0.0,0.0,0.0,-0.458434781,0.0486635657,0.6999317870999999,0.0586215004,0.0669433436,0.5190031343,0.0440756036,0.0842539209,0.2802314804,0.1023702098,18629.673098,2.1732026144,0.0080720582999999,-0.059222301,-0.0232501089999999,0.0292134932,0.0071330064,-0.155381879,0.0012498923,0.1384952358999999,-0.011127138,0.0011780521,-0.304320088,6.0,0.1803518512,0.0,0.0,0.0,0.5019928964,0.2270665959,304.53226888,2.9863453483,35.296442015,0.0,0.0,0.0622320173,0.0,0.3503821411,0.4874580261,-0.311551869,1.3733353315,0.0056369975,0.0003260874,0.7923650664,-0.03349272,1.0,0.0402406327999999,0.0040875564,0.9080632346,0.0042096296,0.0273538469,0.031201065,6.0,0.0207608497999999,4.880302e-11,0.0292556118,0.0143372373,0.3528267394,2.8332501863,1.5723621e-08,55.0,29.034
2019-11-29,32950251.829,0.5526220668999999,0.3053911488,-0.029856906,17.562731065999998,0.0384614677999999,0.1436868197,0.0928458497,0.0526719001999999,0.2424318251,0.2129405421,-0.727147025,1.5374465253999998,0.0518326301999999,-0.05183263,26.0,-0.0540029329999999,0.0168728845,-5.677537145,0.2178369651999999,287.62842402,0.0634728663,-0.096313373,-0.164443944,-0.062371,-10.91576739,0.0236028866,0.0003139195,0.0,0.909882846,0.0724384876,0.0,0.0,0.0,-0.458434781,0.0486635657,0.6999317870999999,0.0586215004,0.0669433436,0.5190031343,0.0440756036,0.0842539209,0.2802314804,0.1023702098,18629.673098,2.0441953593,0.0080720582999999,-0.059222301,-0.0232501089999999,0.0292134932,0.0071330064,-0.155381879,0.0012498923,0.1384952358999999,-0.011127138,0.0011780521,-0.304320088,6.0,0.1803518512,0.0,0.0,0.0,0.5019928964,0.2270665959,304.53226888,2.9863453483,35.296442015,0.0,0.0,0.0622320173,0.0,0.3503821411,0.4874580261,-0.311551869,1.3733353315,0.0056369975,0.0003260874,0.7923650664,-0.03349272,1.0,0.0402406327999999,0.0040875564,0.891279611,0.0042096296,0.0273538469,0.031201065,6.0,0.0172539824,4.836785e-11,0.0918033347,0.021416404,0.4388527954,3.752364651,1.2770072000000001e-08,55.0,29.48533333
2019-12-31,33462462.428000003,0.5938401959,0.3526461783,0.1200321635,17.709747545,0.0389849086,0.2084210312,0.0155449677,0.1727118922,0.2558683028,0.2633151135,-0.576758121,1.3170940284,0.0518326301999999,-0.05183263,26.0,-0.0540029329999999,0.0168728845,-5.677537145,0.2178369651999999,293.29316606,0.0634728663,-0.096313373,-0.164443944,-0.062371,-10.91576739,0.0236028866,0.0003139195,0.0,0.909882846,0.0724384876,0.0,0.0,0.0,-0.458434781,0.0486635657,0.6999317870999999,0.0586215004,0.0669433436,0.5190031343,0.0440756036,0.0842539209,0.2802314804,0.1023702098,18629.673098,2.1732026144,0.0080720582999999,-0.059222301,-0.0232501089999999,0.0292134932,0.0071330064,-0.155381879,0.0012498923,0.1384952358999999,-0.011127138,0.0011780521,-0.304320088,6.0,0.1803518512,0.0,0.0,0.0,0.5019928964,0.2270665959,304.53226888,2.9863453483,35.296442015,0.0,0.0,0.0622320173,0.0,0.3503821411,0.4874580261,-0.311551869,1.3733353315,0.0056369975,0.0003260874,0.7923650664,-0.03349272,1.0,0.0402406327999999,0.0040875564,0.9080632346,0.0042096296,0.0273538469,0.031201065,6.0,0.0145198683,3.407541e-11,0.0163930301,0.0077306782,0.3037274957,1.5321269603,2.0790907e-08,55.0,29.21733333
2020-01-31,33140783.678000003,0.6053882435,0.3664949253,0.1140916049,17.376762785,0.0387272068,0.3697263435,-0.00908924,0.1975522312,0.2844655265,0.2367730396,-0.448709205,1.2323886854,0.0518326301999999,-0.05183263,26.0,-0.0540029329999999,0.0168728845,-5.677537145,0.2178369651999999,310.86377856,0.0634728663,-0.096313373,-0.164443944,-0.062371,-10.91576739,0.0236028866,0.0003139195,0.0,0.909882846,0.0724384876,0.0,0.0,0.0,-0.458434781,0.0486635657,0.6999317870999999,0.0586215004,0.0669433436,0.5190031343,0.0440756036,0.0842539209,0.2802314804,0.1023702098,18629.673098,2.220700807,0.0080720582999999,-0.059222301,-0.0232501089999999,0.0292134932,0.0071330064,-0.155381879,0.0012498923,0.1384952358999999,-0.011127138,0.0011780521,-0.304320088,6.0,0.1839285714,0.0,0.0,0.0,0.5019928964,0.2270665959,304.53226888,2.9863453483,35.296442015,0.0,0.0,0.0622320173,0.0,0.3503821411,0.4874580261,-0.311551869,0.7749215917,0.0054704285,0.0018656476,-0.261146548,-0.047282124,2.0,0.0351516991,0.0040408091999999,0.891279611,0.004724086,0.0276862607,0.0309487136,6.0,0.0138959965999999,3.674166e-11,0.0102711739,0.0074732581,0.3919612003,2.0373247928,1.8078142e-08,55.0,27.07333333
2020-02-28,30708876.362,0.6045666271,0.3655008065,-0.03818982,17.45863435,0.0386027818,0.2807573568,-0.073381104,0.1510137575,0.2715719951,0.314141983,-0.537663726,1.3100257687,0.0518326301999999,-0.05183263,26.0,-0.0540029329999999,0.0168728845,-5.677537145,0.2178369651999999,310.86377856,0.0634728663,-0.096313373,-0.164443944,-0.062371,-10.91576739,0.0236028866,0.0003139195,0.0,0.909882846,0.0724384876,0.0,0.0,0.0,-0.458434781,0.0486635657,0.6999317870999999,0.0586215004,0.0669433436,0.5190031343,0.0440756036,0.0842539209,0.2802314804,0.1023702098,18629.673098,2.220700807,0.0080720582999999,-0.059222301,-0.0232501089999999,0.0292134932,0.0071330064,-0.155381879,0.0012498923,0.1384952358999999,-0.011127138,0.0011780521,-0.304320088,6.0,0.1843711844,0.0,0.0,0.0,0.5019928964,0.2270665959,304.53226888,2.9863453483,35.296442015,0.0,0.0,0.0622320173,0.0,0.3503821411,0.4874580261,-0.311551869,0.7749215917,0.0054704285,0.0018656476,-0.261146548,-0.047282124,2.0,0.0351516991,0.0040408091999999,0.9498234259,0.004724086,0.0276862607,0.0309487136,6.0,0.0149033191,2.841052e-11,0.0126649718999999,0.0098904126,0.3190015132,2.831299455,1.2350306999999998e-08,55.0,24.58133333
2020-03-31,27616021.931,0.6353571889,0.4036787575,-0.070915074,17.762933731,0.0386878285,0.1818441515,-0.092046306,0.0582134565,0.0917841056,0.3689595586999999,-0.5093337179999999,1.8238116417,0.0518326301999999,-0.05183263,26.0,-0.0540029329999999,0.0168728845,-5.6771426410000005,0.2178369651999999,310.86377856,0.0634728663,-0.096313373,-0.164443944,-0.062371,-10.91576739,0.0236028866,0.0003139195,0.0,0.909882846,0.0724384876,0.0,0.0,0.0,-0.458434781,0.0486635657,0.6999317870999999,0.0586215004,0.0669433436,0.5190031343,0.0440756036,0.0842539209,0.2802314804,0.1023702098,18629.673098,2.2306338028,0.0080720582999999,-0.059222301,-0.0232501089999999,0.0292134932,0.0071330064,-0.155381879,0.0012498923,0.1384952358999999,-0.011127138,0.0011780521,-0.304320088,6.0,0.1876799862,0.0,0.0,0.0,0.5019928964,0.2270665959,304.53226888,2.9863453483,35.296442015,0.0,0.0,0.0622320173,0.0,0.3503821411,0.4874580261,-0.311551869,0.7749215917,0.0054704285,0.0018656476,-0.261146548,-0.047282124,2.0,0.0351516991,0.0040408091999999,0.9498234259,0.004724086,0.0276862607,0.0309487136,6.0,0.0226792797,2.91504e-11,0.0285090301,0.017258776,0.3060487356,4.9897040798,9.0811828e-09,55.0,20.07
2020-04-30,22337608.044,0.6202083264,0.3846583681,-0.2708551939999999,18.071259264,0.0385065121,0.0477624084,-0.1835268289999999,-0.074753475,-0.050424896,0.4390008589999999,-0.488892189,2.6905127486,0.0518326301999999,-0.05183263,26.0,-0.0540029329999999,0.0168728845,-5.678828952999999,0.2178369651999999,293.29316606,0.0634728663,-0.096313373,-0.164443944,-0.062371,-10.91576739,0.0236028866,0.0003139195,0.0,0.909882846,0.0724384876,0.0,0.0,0.0,-0.458434781,0.0486635657,0.6999317870999999,0.0586215004,0.0669433436,0.5190031343,0.0440756036,0.0842539209,0.2802314804,0.1023702098,18629.673098,2.0441953593,0.0080720582999999,-0.059222301,-0.0232501089999999,0.0292134932,0.0071330064,-0.155381879,0.0012498923,0.1384952358999999,-0.011127138,0.0011780521,-0.304320088,6.0,0.1913665403999999,0.0,0.0,0.0,0.5019928964,0.2270665959,304.53226888,2.9863453483,35.296442015,0.0,0.0,0.0622320173,0.0,0.3503821411,0.4874580261,-0.311551869,0.8315990075,0.004126592,0.0026726744,-0.247789982,0.0869847634,3.0,0.0383547526,0.004026838,0.987593962,0.0060908203,0.0310134443,0.0362947197,6.0,0.0730466588,1.484399e-10,0.0930753052,0.0705096002,0.3227739282,6.830354795800001,5.1858576e-09,55.0,25.756
2020-05-29,28935706.706,0.8876124718,0.7878559002,-0.263310267,18.270138406,0.0402858502999999,-0.3426595129999999,0.2833084464,-0.3087415169999999,-0.20477063,0.5255692739,0.095138595,2.9528287482,0.0518326301999999,-0.05183263,26.0,-0.0540029329999999,0.0168728845,-5.678828952999999,0.2178369651999999,281.6497542,0.0634728663,-0.096313373,-0.164443944,-0.062371,-10.91576739,0.0236028866,0.0003139195,0.0,0.909882846,0.0724384876,0.0,0.0,0.0,-0.458434781,0.0486635657,0.6999317870999999,0.0586215004,0.0669433436,0.5190031343,0.0440756036,0.0842539209,0.2802314804,0.1023702098,18629.673098,2.0441953593,0.0080720582999999,-0.059222301,-0.0232501089999999,0.0292134932,0.0071330064,-0.155381879,0.0012498923,0.1384952358999999,-0.011127138,0.0011780521,-0.304320088,6.0,0.1928509344,0.0,0.0,0.0,0.5019928964,0.2270665959,304.53226888,2.9863453483,35.296442015,0.0,0.0,0.0622320173,0.0,0.3503821411,0.4874580261,-0.311551869,0.8315990075,0.004126592,0.0026726744,-0.247789982,0.0869847634,3.0,0.0383547526,0.004026838,0.907234315,0.0060908203,0.0310134443,0.0362947197,6.0,0.0432599794,8.504016999999998e-11,0.1288170666,0.0363697318,0.298224015,3.7238472818,8.6025529e-09,55.0,27.816
2020-06-30,30970055.515,0.9286775653,0.8624420203000001,-0.247557405,18.060508521,0.0405520361,-0.087716804,0.0799813494,-0.126480975,0.0403101984,0.5340796057,0.0648532907,2.6845618865,0.0518326301999999,-0.05183263,26.0,-0.0540029329999999,0.0168728845,-5.678828952999999,0.2178369651999999,281.6497542,0.0634728663,-0.096313373,-0.164443944,-0.062371,-10.91576739,0.0236028866,0.0003139195,0.0,0.909882846,0.0724384876,0.0,0.0,0.0,-0.458434781,0.0486635657,0.6999317870999999,0.0586215004,0.0669433436,0.5190031343,0.0440756036,0.0842539209,0.2802314804,0.1023702098,18629.673098,2.0441953593,0.0080720582999999,-0.059222301,-0.0232501089999999,0.0292134932,0.0071330064,-0.155381879,0.0012498923,0.1384952358999999,-0.011127138,0.0011780521,-0.304320088,6.0,0.1895527639,0.0,0.0,0.0,0.5019928964,0.2270665959,304.53226888,2.9863453483,35.296442015,0.0,0.0,0.0622320173,0.0,0.3503821411,0.4874580261,-0.311551869,0.8315990075,0.004126592,0.0026726744,-0.247789982,0.0869847634,3.0,0.0383547526,0.004026838,0.9132346394,0.0060908203,0.0310134443,0.0362947197,6.0,0.030956172,6.160015e-11,0.0415577627999999,0.0200820648,0.2587465587999999,2.3832892415,1.2450673000000002e-08,55.0,28.11133333
2020-07-31,31244904.655,0.8889304198000001,0.7901972912999999,-0.224521631,17.812483518,0.037527063,-0.010196471,0.0106174462,-0.047962447,0.1297519199,0.6883971724,0.1193378893,1.9850783197,0.0339542054,-0.033954205,27.0,-0.342869734,0.0160110879,-6.529382209,0.1852033622,270.19253731,0.0515521617,-0.129912471,0.093129489,-0.043330297,0.0077412829,0.0278905456,-0.005800121,0.0,0.8577524591,0.0460940494,0.0,0.0,0.0,0.1234862173,0.0419737217,0.7099004873,0.3479353564999999,0.2947714747,0.5100388572,0.0296772394,0.3426969439,0.3113933675,0.3530424713,24554.683721,2.1938551573,0.0071603025,0.0259373465,-0.057293515,-0.363680125,0.0046762114,-0.054480364,-0.017315349,-0.025327576,-0.0129330289999999,-0.01600822,-0.228200874,4.0,0.1788101238,0.0,0.0,0.0,0.6228725451,0.1777834348999999,251.19994555,2.9385392746,34.47603148,0.0,0.0,0.0643382407,0.0,0.3062687148,0.4930654529,-0.366032598,0.8315990075,0.004126592,0.0026726744,-0.247789982,0.0869847634,3.0,0.0383547526,0.004026838,0.9886076332,0.0060908203,0.0310134443,0.0362947197,6.0,0.0236686831,4.862961e-11,0.0253542345,0.0142439595,0.2839660017,2.6746265899,1.1331296999999998e-08,55.0,31.82533333
2020-08-31,35372903.602,0.8381152216,0.7024371248000001,0.1089721586,17.821480073,0.0375974177,0.0420732986,0.1321175098,0.038340319,0.1074430071,0.863729823,0.0055856119,1.7661288508,0.0339542054,-0.033954205,27.0,-0.342869734,0.0160110879,-6.530425644,0.1852033622,263.87820334,0.0515521617,-0.129912471,0.093129489,-0.043330297,0.0077412829,0.0278905456,-0.005800121,0.0,0.8577524591,0.0460940494,0.0,0.0,0.0,0.1234862173,0.0419737217,0.7099004873,0.3479353564999999,0.2947714747,0.5100388572,0.0296772394,0.3426969439,0.3113933675,0.3530424713,24554.683721,2.1950464396,0.0071603025,0.0259373465,-0.057293515,-0.363680125,0.0046762114,-0.054480364,-0.017315349,-0.025327576,-0.0129330289999999,-0.01600822,-0.228200874,4.0,0.1772911234,0.0,0.0,0.0,0.6228725451,0.1777834348999999,251.19994555,2.9385392746,34.47603148,0.0,0.0,0.0643382407,0.0,0.3062687148,0.4930654529,-0.366032598,1.3205610682,0.0037702152,-0.001052903,-0.261598725,-0.018428179,0.0,0.0313240765,0.0041299844,0.6277328995,0.0050698259,0.0387892839,0.0415169602,6.0,0.022110117,3.709134e-11,0.0543037057,0.0144901649,0.3744563947,3.433263728,1.1187877e-08,55.0,31.042
2020-09-30,34486886.312,0.8384994943,0.7030814019,0.3020193473999999,17.956663052,0.0377811481,0.3980287186,-0.024613515,0.2946951629,0.2439545282999999,0.9566613943,0.0075857465,1.6259644430000002,0.0339542054,-0.033954205,27.0,-0.342869734,0.0160110879,-6.531859661,0.1852033622,266.1658063,0.0515521617,-0.129912471,0.093129489,-0.043330297,0.0077412829,0.0278905456,-0.005800121,0.0,0.8577524591,0.0460940494,0.0,0.0,0.0,0.1234862173,0.0419737217,0.7099004873,0.3479353564999999,0.2947714747,0.5100388572,0.0296772394,0.3426969439,0.3113933675,0.3530424713,24554.683721,2.1950464396,0.0071603025,0.0259373465,-0.057293515,-0.363680125,0.0046762114,-0.054480364,-0.017315349,-0.025327576,-0.0129330289999999,-0.01600822,-0.228200874,4.0,0.1772911234,0.0,0.0,0.0,0.6228725451,0.1777834348999999,251.19994555,2.9385392746,34.47603148,0.0,0.0,0.0643382407,0.0,0.3062687148,0.4930654529,-0.366032598,1.3205610682,0.0037702152,-0.001052903,-0.261598725,-0.018428179,0.0,0.0313240765,0.0041299844,1.0164195111,0.0050698259,0.0387892839,0.0415169602,6.0,0.0164380285,3.205713e-11,0.0209022089999999,0.0084667616,0.2059276679,1.2851808853,1.6166026000000002e-08,55.0,30.73866667
2020-10-30,33784252.776,0.8224945264,0.6764972459999999,0.7761338687999999,17.609728213,0.03788777,0.3453500747,-0.0097717469999999,0.5466866632999999,0.1684273712,0.8503506332999999,0.0142979194999999,1.4949275758000002,0.0339542054,-0.033954205,27.0,-0.342869734,0.0160110879,-6.531859661,0.1852033622,259.29491254,0.0515521617,-0.129912471,0.093129489,-0.043330297,0.0077412829,0.0278905456,-0.005800121,0.0,0.8577524591,0.0460940494,0.0,0.0,0.0,0.1234862173,0.0419737217,0.7099004873,0.3479353564999999,0.2947714747,0.5100388572,0.0296772394,0.3426969439,0.3113933675,0.3530424713,24554.683721,2.1950464396,0.0071603025,0.0259373465,-0.057293515,-0.363680125,0.0046762114,-0.054480364,-0.017315349,-0.025327576,-0.0129330289999999,-0.01600822,-0.228200874,4.0,0.1773771679,0.0,0.0,0.0,0.6228725451,0.1777834348999999,251.19994555,2.9385392746,34.47603148,0.0,0.0,0.0643382407,0.0,0.3062687148,0.4930654529,-0.366032598,-0.0670545509999999,0.0258412608,-0.00136937,-0.013201996,0.00371705,0.0,0.0280333596,0.0048907877,0.7561232193999999,0.0029492414,0.0327347936,0.0370709801,6.0,0.0233681312999999,5.25443e-11,0.0284699202,0.0141845496,0.2608883246,1.8248028632,1.5201091e-08,55.0,29.10666667
2020-11-30,31990555.647,0.8176100820000001,0.6684862463,0.242994842,17.660912594000003,0.0380558802,0.2119450537999999,-0.053092699,0.1934565205,0.0587127135,1.0645177199,-0.001935817,1.3741166078,0.0339542054,-0.033954205,27.0,-0.342869734,0.0160110879,-6.534687823,0.1852033622,248.77764671,0.0515521617,-0.129912471,0.093129489,-0.043330297,0.0077412829,0.0278905456,-0.005800121,0.0,0.8577524591,0.0460940494,0.0,0.0,0.0,0.1234862173,0.0419737217,0.7099004873,0.3479353564999999,0.2947714747,0.5100388572,0.0296772394,0.3426969439,0.3113933675,0.3530424713,24554.683721,2.220447351,0.0071603025,0.0259373465,-0.057293515,-0.363680125,0.0046762114,-0.054480364,-0.017315349,-0.025327576,-0.0129330289999999,-0.01600822,-0.228200874,4.0,0.1787541378,0.0,0.0,0.0,0.6228725451,0.1777834348999999,251.19994555,2.9385392746,34.47603148,0.0,0.0,0.0643382407,0.0,0.3062687148,0.4930654529,-0.366032598,-0.0670545509999999,0.0258412608,-0.00136937,-0.013201996,0.00371705,0.0,0.0280333596,0.0048907877,0.7561232193999999,0.0029492414,0.0327347936,0.0370709801,6.0,0.0220275065,6.365016e-11,0.0239492469,0.0153364905,0.2084445506,1.6005347165,1.4319752e-08,55.0,29.496
2020-12-31,32053893.297,0.8101868292000001,0.6564026982,0.1170126693999999,17.609350528,0.0373420853,0.205069063,0.0133760794999999,0.0464001926999999,-0.012842533,0.8724016063,0.0263279802,1.4175583145,0.0339542054,-0.033954205,27.0,-0.342869734,0.0160110879,-6.534687823,0.1852033622,248.77764671,0.0515521617,-0.129912471,0.093129489,-0.043330297,0.0077412829,0.0278905456,-0.005800121,0.0,0.8577524591,0.0460940494,0.0,0.0,0.0,0.1234862173,0.0419737217,0.7099004873,0.3479353564999999,0.2947714747,0.5100388572,0.0296772394,0.3426969439,0.3113933675,0.3530424713,24554.683721,2.2056672179,0.0071603025,0.0259373465,-0.057293515,-0.363680125,0.0046762114,-0.054480364,-0.017315349,-0.025327576,-0.0129330289999999,-0.01600822,-0.228200874,4.0,0.1787541378,0.0,0.0,0.0,0.6228725451,0.1777834348999999,251.19994555,2.9385392746,34.47603148,0.0,0.0,0.0643382407,0.0,0.3062687148,0.4930654529,-0.366032598,-0.0670545509999999,0.0258412608,-0.00136937,-0.013201996,0.00371705,0.0,0.0280333596,0.0048907877,0.7561232193999999,0.0029492414,0.0327347936,0.0370709801,6.0,0.0239443108,4.178771e-11,0.017192943,0.0114033788999999,0.2207601612999999,1.4587879996000002,1.5966996e-08,55.0,30.17133333
2021-01-29,32188136.631,0.7855446201999999,0.6170803504,0.1111342755,17.597752443,0.0373463075999999,0.3150233737,0.0228957700999999,0.0492565004,0.0095376936,0.8219839506000001,-0.014963598,1.5183602117,0.0339542054,-0.033954205,27.0,-0.342869734,0.0160110879,-6.534687823,0.1852033622,248.77764671,0.0515521617,-0.129912471,0.093129489,-0.043330297,0.0077412829,0.0278905456,-0.005800121,0.0,0.8577524591,0.0460940494,0.0,0.0,0.0,0.1234862173,0.0419737217,0.7099004873,0.3479353564999999,0.2947714747,0.5100388572,0.0296772394,0.3426969439,0.3113933675,0.3530424713,24554.683721,2.220447351,0.0071603025,0.0259373465,-0.057293515,-0.363680125,0.0046762114,-0.054480364,-0.017315349,-0.025327576,-0.0129330289999999,-0.01600822,-0.228200874,4.0,0.1787541378,0.0,0.0,0.0,0.6228725451,0.1777834348999999,251.19994555,2.9385392746,34.47603148,0.0,0.0,0.0643382407,0.0,0.3062687148,0.4930654529,-0.366032598,0.7132407262999999,0.0743846525,0.0056315743,-0.031622601,0.066125353,1.0,0.0478597178,0.005405658,0.9191805809,0.0160576907,0.0456556271,0.055854416,6.0,0.0186529133,3.701751e-11,0.0251333397,0.0108719872,0.4011116999,3.7509656269,1.1710592e-08,55.0,28.36466667
2021-02-26,30260702.897,0.7779114065,0.6051461563,-0.2842626339999999,17.834556842,0.0369758929999999,0.5034996328,-0.059880253,-0.051971172,0.1144299350999999,0.5342476107999999,-0.032509243,1.6658262946,0.0339542054,-0.033954205,27.0,-0.342869734,0.0160110879,-6.534687823,0.1852033622,248.77764671,0.0515521617,-0.129912471,0.093129489,-0.043330297,0.0077412829,0.0278905456,-0.005800121,0.0,0.8577524591,0.0460940494,0.0,0.0,0.0,0.1234862173,0.0419737217,0.7099004873,0.3479353564999999,0.2947714747,0.5100388572,0.0296772394,0.3426969439,0.3113933675,0.3530424713,24554.683721,2.2405594406,0.0071603025,0.0259373465,-0.057293515,-0.363680125,0.0046762114,-0.054480364,-0.017315349,-0.025327576,-0.0129330289999999,-0.01600822,-0.228200874,4.0,0.1773771679,0.0,0.0,0.0,0.6228725451,0.1777834348999999,251.19994555,2.9385392746,34.47603148,0.0,0.0,0.0643382407,0.0,0.3062687148,0.4930654529,-0.366032598,0.7132407262999999,0.0743846525,0.0056315743,-0.031622601,0.066125353,1.0,0.0478597178,0.005405658,1.1496825853,0.0160576907,0.0456556271,0.055854416,6.0,0.0272243414,5.566251999999999e-11,0.0308012627,0.0214116717,0.352465792,4.1397965758,1.2730627000000002e-08,55.0,29.822
2021-03-31,31405696.367,0.7784711001000001,0.6060172536999999,-0.302129799,17.817990848,0.0372473613,0.7767003898999999,0.0513784401,-0.086248748,0.1539108163,0.5099717236,-0.044803195,1.8310365431,0.0339542054,-0.033954205,27.0,-0.342869734,0.0160110879,-6.536249877,0.1852033622,248.77764671,0.0515521617,-0.129912471,0.093129489,-0.043330297,0.0077412829,0.0278905456,-0.005800121,0.0,0.8577524591,0.0460940494,0.0,0.0,0.0,0.1234862173,0.0419737217,0.7099004873,0.3479353564999999,0.2947714747,0.5100388572,0.0296772394,0.3426969439,0.3113933675,0.3530424713,24554.683721,2.2405594406,0.0071603025,0.0259373465,-0.057293515,-0.363680125,0.0046762114,-0.054480364,-0.017315349,-0.025327576,-0.0129330289999999,-0.01600822,-0.228200874,4.0,0.1787541378,0.0,0.0,0.0,0.6228725451,0.1777834348999999,251.19994555,2.9385392746,34.47603148,0.0,0.0,0.0643382407,0.0,0.3062687148,0.4930654529,-0.366032598,0.7132407262999999,0.0743846525,0.0056315743,-0.031622601,0.066125353,1.0,0.0478597178,0.005405658,1.2760702525,0.0160576907,0.0456556271,0.055854416,6.0,0.0256967707,3.999709e-11,0.0260183029,0.0183221391,0.2322548717,2.5741024567,1.2415397e-08,55.0,33.81666667
2021-04-30,35373078.75,0.7520608156,0.5655954704,-0.4314383329999999,17.889746842,0.0340932904,1.9129153201,0.1339503676,-0.0298212939999999,0.4858993497,0.216953597,0.1370721962,1.879763868,0.0339542054,-0.033954205,27.0,-0.342869734,0.0160110879,-6.548782796,0.1852033622,248.77764671,0.0515521617,-0.129912471,0.093129489,-0.043330297,0.0077412829,0.0278905456,-0.005800121,0.0,0.8577524591,0.0460940494,0.0,0.0,0.0,0.1234862173,0.0419737217,0.7099004873,0.3479353564999999,0.2947714747,0.5100388572,0.0296772394,0.3426969439,0.3113933675,0.3530424713,24554.683721,2.220447351,0.0071603025,0.0259373465,-0.057293515,-0.363680125,0.0046762114,-0.054480364,-0.017315349,-0.025327576,-0.0129330289999999,-0.01600822,-0.228200874,4.0,0.1788101238,0.0,0.0,0.0,0.6228725451,0.1777834348999999,251.19994555,2.9385392746,34.47603148,0.0,0.0,0.0643382407,0.0,0.3062687148,0.4930654529,-0.366032598,0.3447848764,0.1301267095,0.0046809304999999,-0.0174534389999999,-0.043678653,0.0,0.0449546341,0.0056283515,0.8950127312999999,0.0160166332,0.0466539066,0.0584021716,6.0,0.0204459033,3.484817e-11,0.0346244313,0.0116115933,0.3020466883,2.897181771,9.9919777e-09,55.0,36.85866667
2021-05-28,38555087.141,0.7475871426999999,0.5588865359,0.1362380398,18.028265611,0.0345706157,1.5243493036000002,0.0899556503,0.1618185855,0.312962693,0.5087280006,-0.030524142,1.7344829563,0.0339542054,-0.033954205,27.0,-0.342869734,0.0160110879,-6.548782796,0.1852033622,242.88516199,0.0515521617,-0.129912471,0.093129489,-0.043330297,0.0077412829,0.0278905456,-0.005800121,0.0,0.8577524591,0.0460940494,0.0,0.0,0.0,0.1234862173,0.0419737217,0.7099004873,0.3479353564999999,0.2947714747,0.5100388572,0.0296772394,0.3426969439,0.3113933675,0.3530424713,24554.683721,2.220447351,0.0071603025,0.0259373465,-0.057293515,-0.363680125,0.0046762114,-0.054480364,-0.017315349,-0.025327576,-0.0129330289999999,-0.01600822,-0.228200874,4.0,0.1788101238,0.0,0.0,0.0,0.6228725451,0.1777834348999999,251.19994555,2.9385392746,34.47603148,0.0,0.0,0.0643382407,0.0,0.3062687148,0.4930654529,-0.366032598,0.3447848764,0.1301267095,0.0046809304999999,-0.0174534389999999,-0.043678653,0.0,0.0449546341,0.0056283515,0.8950127312999999,0.0160166332,0.0466539066,0.0584021716,6.0,0.0166864438,3.683923e-11,0.0344455428,0.0108885148,0.3381081422999999,2.4932629729,1.4765903e-08,55.0,35.67466667
2021-06-30,37331041.099,0.7426399840000001,0.5515141459,0.1490777896,17.81183544,0.0345807677999999,1.194085026,-0.03212272,0.2496157719999999,0.3250887218,0.5487174861999999,-0.029677665,1.5989228491999998,0.0339542054,-0.033954205,27.0,-0.342869734,0.0160110879,-6.548782796,0.1852033622,242.88516199,0.0515521617,-0.129912471,0.093129489,-0.043330297,0.0077412829,0.0278905456,-0.005800121,0.0,0.8577524591,0.0460940494,0.0,0.0,0.0,0.1234862173,0.0419737217,0.7099004873,0.3479353564999999,0.2947714747,0.5100388572,0.0296772394,0.3426969439,0.3113933675,0.3530424713,24554.683721,2.220447351,0.0071603025,0.0259373465,-0.057293515,-0.363680125,0.0046762114,-0.054480364,-0.017315349,-0.025327576,-0.0129330289999999,-0.01600822,-0.228200874,4.0,0.1820755316,0.0,0.0,0.0,0.6228725451,0.1777834348999999,251.19994555,2.9385392746,34.47603148,0.0,0.0,0.0643382407,0.0,0.3062687148,0.4930654529,-0.366032598,0.3447848764,0.1301267095,0.0046809304999999,-0.0174534389999999,-0.043678653,0.0,0.0449546341,0.0056283515,0.8435580485999999,0.0160166332,0.0466539066,0.0584021716,6.0,0.0162658088,2.48155e-11,0.0113778487,0.0081941449,0.1854011569999999,1.2213762416,1.5249647e-08,55.0,37.74733333
2021-07-30,39143797.449,0.7341352875,0.5389546204,0.1778192723,17.796126225,0.0345816844,0.9618385046,0.0580991692999999,0.1824026941,0.2690492062,0.5413605125,-0.02476792,1.4626203597999998,0.0971865753999999,-0.097186575,28.0,-0.082062972,0.0092008122,-8.851048977,0.1898344632999999,56.767893888,0.0881257302,-0.18343216,0.1856677689,-0.059455957,-0.060484282,0.0178457262,0.0003654674,0.0,0.8550798996,0.0516638219,0.0,0.0,0.0,-0.647007601,0.0544393746,0.5972036435,-0.076723092,0.0433472521,0.4330138528,-0.061140317,0.0591896547,0.3559194593,0.1101340915,24240.309635,2.9659121172000003,0.0063697811,-1.2864235000000002,-0.00311577,0.1208349569,-0.0136125969999999,0.8943004809,0.0856588473,0.0214056137,0.0879206813,0.0809903493,-0.618786602,6.0,0.2020225387,0.0,0.0,0.0,0.6275961603,0.2157003476,24.92159823,3.1765325968,35.133829255,0.0,0.0,0.1433014926,0.0,0.360520813,0.5137928678,-0.152249975,0.3447848764,0.1301267095,0.0046809304999999,-0.0174534389999999,-0.043678653,0.0,0.0449546341,0.0056283515,0.8950127312999999,0.0160166332,0.0466539066,0.0584021716,6.0,0.0139688027,2.459066e-11,0.0184512325,0.0071322758,0.3798924181,4.089809881,1.3223525e-08,55.0,40.256
2021-08-31,41745272.577,0.7311536343,0.5345856370000001,0.5279699397,17.899584864,0.0344448224,0.6859480202,0.0664594471,0.3307871814,0.1860782111,0.5600653534000001,-0.016119408,1.361642882,0.0971865753999999,-0.097186575,28.0,-0.082062972,0.0092008122,-9.275943041,0.1898344632999999,56.767893888,0.0881257302,-0.18343216,0.1856677689,-0.059455957,-0.060484282,0.0178457262,0.0003654674,0.0,0.8550798996,0.0516638219,0.0,0.0,0.0,-0.647007601,0.0544393746,0.5972036435,-0.076723092,0.0433472521,0.4330138528,-0.061140317,0.0591896547,0.3559194593,0.1101340915,24240.309635,2.9701306783,0.0063697811,-1.2864235000000002,-0.00311577,0.1208349569,-0.0136125969999999,0.8943004809,0.0856588473,0.0214056137,0.0879206813,0.0809903493,-0.618786602,6.0,0.263910422,0.0,0.0,0.0,0.6275961603,0.2157003476,24.92159823,3.1765325968,35.133829255,0.0,0.0,0.1433014926,0.0,0.360520813,0.5137928678,-0.152249975,0.3376100206,0.0401530029,0.0021075546,0.0228981093999999,-0.04230431,0.0,0.031425667,0.0057331245,0.5540484331000001,0.0107430264999999,0.0457502052,0.0563771609999999,6.0,0.0155296794999999,4.583104e-11,0.0217511858999999,0.0114373923,0.2703191513,1.5287413576,1.8776087e-08,55.0,39.60533333
2021-09-30,40963005.338,0.7238233911,0.5239203015,0.3673593040999999,17.651070591,0.0346416605,0.6250888265,-0.016163237,0.3498760365999999,0.2968237023,0.3881998097,-0.020357114,1.2939745389,0.0971865753999999,-0.097186575,28.0,-0.082062972,0.0092008122,-9.778188305,0.1898344632999999,56.767893888,0.0881257302,-0.18343216,0.1856677689,-0.059455957,-0.060484282,0.0178457262,0.0003654674,0.0,0.8550798996,0.0516638219,0.0,0.0,0.0,-0.647007601,0.0544393746,0.5972036435,-0.076723092,0.0433472521,0.4330138528,-0.061140317,0.0591896547,0.3559194593,0.1101340915,24240.309635,2.9701306783,0.0063697811,-1.2864235000000002,-0.00311577,0.1208349569,-0.0136125969999999,0.8943004809,0.0856588473,0.0214056137,0.0879206813,0.0809903493,-0.618786602,6.0,0.263910422,0.0,0.0,0.0,0.6275961603,0.2157003476,24.92159823,3.1765325968,35.133829255,0.0,0.0,0.1433014926,0.0,0.360520813,0.5137928678,-0.152249975,0.3376100206,0.0401530029,0.0021075546,0.0228981093999999,-0.04230431,0.0,0.031425667,0.0057331245,0.5540484331000001,0.0107430264999999,0.0457502052,0.0563771609999999,6.0,0.0139946037,3.481956e-11,0.0189143699,0.0089576708,0.2243906346999999,1.2545471364,1.6896217e-08,55.0,40.73733333
2021-10-29,41359595.935,0.7107926769,0.5052262296,0.104518031,17.691130205,0.0351377219,0.6718850626,0.028581975,0.1711779526,0.2884532718,0.3275364825,-0.0525159959999999,1.2366452439,0.0971865753999999,-0.097186575,28.0,-0.082062972,0.0092008122,-9.778188305,0.1898344632999999,56.767893888,0.0881257302,-0.18343216,0.1856677689,-0.059455957,-0.060484282,0.0178457262,0.0003654674,0.0,0.8550798996,0.0516638219,0.0,0.0,0.0,-0.647007601,0.0544393746,0.5972036435,-0.076723092,0.0433472521,0.4330138528,-0.061140317,0.0591896547,0.3559194593,0.1101340915,24240.309635,2.9701306783,0.0063697811,-1.2864235000000002,-0.00311577,0.1208349569,-0.0136125969999999,0.8943004809,0.0856588473,0.0214056137,0.0879206813,0.0809903493,-0.618786602,6.0,0.2753933205,0.0,0.0,0.0,0.6275961603,0.2157003476,24.92159823,3.1765325968,35.133829255,0.0,0.0,0.1433014926,0.0,0.360520813,0.5137928678,-0.152249975,0.0492652633,0.0515471963999999,0.0067510065,0.0039877477,0.0397760957,1.0,0.0432546767,0.0057943084,1.1794071763,0.0173694805,0.0501124913999999,0.0621894602,6.0,0.0178854652,4.183895e-11,0.0214749835,0.0136196873,0.2996342367,2.4329631855,1.5391723999999998e-08,55.0,41.488
2021-11-30,42121729.696,0.7051338362,0.4972137269,-0.140733852,17.858170142,0.0346913565,0.6839454959000001,0.0184270125,0.1052307782,0.3995877003,0.3611847283,-0.010213205,1.2959126124,0.0971865753999999,-0.097186575,28.0,-0.082062972,0.0092008122,-10.32840217,0.1898344632999999,56.767893888,0.0881257302,-0.18343216,0.1856677689,-0.059455957,-0.060484282,0.0178457262,0.0003654674,0.0,0.8550798996,0.0516638219,0.0,0.0,0.0,-0.647007601,0.0544393746,0.5972036435,-0.076723092,0.0433472521,0.4330138528,-0.061140317,0.0591896547,0.3559194593,0.1101340915,24240.309635,2.8352517986000003,0.0063697811,-1.2864235000000002,-0.00311577,0.1208349569,-0.0136125969999999,0.8943004809,0.0856588473,0.0214056137,0.0879206813,0.0809903493,-0.618786602,6.0,0.2825541069,0.0,0.0,0.0,0.6275961603,0.2157003476,24.92159823,3.1765325968,35.133829255,0.0,0.0,0.1433014926,0.0,0.360520813,0.5137928678,-0.152249975,0.0492652633,0.0515471963999999,0.0067510065,0.0039877477,0.0397760957,1.0,0.0432546767,0.0057943084,1.1360808709,0.0173694805,0.0501124913999999,0.0621894602,6.0,0.0189648395,3.967424e-11,0.0292360876,0.0143166684,0.3587597578,2.4806787874,1.6106495e-08,55.0,42.544
2021-12-31,42997942.671,0.7168993932,0.51394474,-0.016919812,17.813408357,0.0347832662,0.5073854829,0.0254530868999999,0.1629541295,0.4065636136,0.2758521247,-0.046499432,1.2726161853,0.0971865753999999,-0.097186575,28.0,-0.082062972,0.0092008122,-10.32840217,0.1898344632999999,56.767893888,0.0881257302,-0.18343216,0.1856677689,-0.059455957,-0.060484282,0.0178457262,0.0003654674,0.0,0.8550798996,0.0516638219,0.0,0.0,0.0,-0.647007601,0.0544393746,0.5972036435,-0.076723092,0.0433472521,0.4330138528,-0.061140317,0.0591896547,0.3559194593,0.1101340915,24240.309635,2.8352517986000003,0.0063697811,-1.2864235000000002,-0.00311577,0.1208349569,-0.0136125969999999,0.8943004809,0.0856588473,0.0214056137,0.0879206813,0.0809903493,-0.618786602,6.0,0.2825541069,0.0,0.0,0.0,0.6275961603,0.2157003476,24.92159823,3.1765325968,35.133829255,0.0,0.0,0.1433014926,0.0,0.360520813,0.5137928678,-0.152249975,0.0492652633,0.0515471963999999,0.0067510065,0.0039877477,0.0397760957,1.0,0.0432546767,0.0057943084,1.0967741935,0.0173694805,0.0501124913999999,0.0621894602,6.0,0.0180084749,4.1052529999999997e-11,0.01978858,0.0106020712999999,0.3142431844,1.9068202595,1.8362068e-08,55.0,47.082
